DateTime,DOY,ASY_D,ASY_H,SYM_D,SYM_H,Location
08/21/2017 00:00:00,233,38,12,1,-23,1
08/21/2017 00:01:00,233,37,12,1,-23,1
08/21/2017 00:02:00,233,36,13,1,-23,1
08/21/2017 00:03:00,233,37,13,1,-23,1
08/21/2017 00:04:00,233,39,13,1,-23,1
08/21/2017 00:05:00,233,39,13,1,-23,1
08/21/2017 00:06:00,233,40,12,1,-23,1
08/21/2017 00:07:00,233,41,12,1,-23,1
08/21/2017 00:08:00,233,40,12,1,-23,1
08/21/2017 00:09:00,233,41,12,1,-23,1
08/21/2017 00:10:00,233,41,12,1,-23,1
08/21/2017 00:11:00,233,41,12,1,-23,1
08/21/2017 00:12:00,233,40,12,1,-24,1
08/21/2017 00:13:00,233,41,11,1,-24,1
08/21/2017 00:14:00,233,40,12,1,-24,1
08/21/2017 00:15:00,233,39,12,1,-24,1
08/21/2017 00:16:00,233,41,11,1,-24,1
08/21/2017 00:17:00,233,41,11,1,-24,1
08/21/2017 00:18:00,233,41,10,1,-24,1
08/21/2017 00:19:00,233,41,11,1,-24,1
08/21/2017 00:20:00,233,41,9,1,-24,1
08/21/2017 00:21:00,233,41,9,1,-23,1
08/21/2017 00:22:00,233,41,9,1,-23,1
08/21/2017 00:23:00,233,40,9,1,-22,1
08/21/2017 00:24:00,233,39,10,2,-22,1
08/21/2017 00:25:00,233,35,10,2,-22,1
08/21/2017 00:26:00,233,32,11,2,-21,1
08/21/2017 00:27:00,233,30,12,3,-21,1
08/21/2017 00:28:00,233,28,12,3,-21,1
08/21/2017 00:29:00,233,28,15,3,-21,1
08/21/2017 00:30:00,233,32,12,3,-22,1
08/21/2017 00:31:00,233,37,10,2,-22,1
08/21/2017 00:32:00,233,40,9,2,-22,1
08/21/2017 00:33:00,233,39,8,2,-22,1
08/21/2017 00:34:00,233,36,9,2,-21,1
08/21/2017 00:35:00,233,37,9,3,-21,1
08/21/2017 00:36:00,233,38,8,3,-21,1
08/21/2017 00:37:00,233,37,9,3,-21,1
08/21/2017 00:38:00,233,35,9,3,-21,1
08/21/2017 00:39:00,233,35,8,3,-21,1
08/21/2017 00:40:00,233,36,9,4,-21,1
08/21/2017 00:41:00,233,37,9,3,-21,1
08/21/2017 00:42:00,233,37,8,3,-21,1
08/21/2017 00:43:00,233,38,8,4,-20,1
08/21/2017 00:44:00,233,38,8,4,-20,1
08/21/2017 00:45:00,233,36,10,4,-19,1
08/21/2017 00:46:00,233,36,12,4,-18,1
08/21/2017 00:47:00,233,34,14,5,-18,1
08/21/2017 00:48:00,233,31,15,5,-17,1
08/21/2017 00:49:00,233,30,15,5,-17,1
08/21/2017 00:50:00,233,28,16,5,-17,1
08/21/2017 00:51:00,233,28,15,5,-17,1
08/21/2017 00:52:00,233,29,15,5,-17,1
08/21/2017 00:53:00,233,30,14,5,-18,1
08/21/2017 00:54:00,233,31,12,4,-18,1
08/21/2017 00:55:00,233,31,12,4,-18,1
08/21/2017 00:56:00,233,29,11,4,-18,1
08/21/2017 00:57:00,233,30,11,4,-18,1
08/21/2017 00:58:00,233,30,10,4,-18,1
08/21/2017 00:59:00,233,30,10,4,-18,1
08/21/2017 01:00:00,233,32,10,4,-19,1
08/21/2017 01:01:00,233,32,9,4,-19,1
08/21/2017 01:02:00,233,33,10,3,-19,1
08/21/2017 01:03:00,233,33,10,3,-19,1
08/21/2017 01:04:00,233,33,9,3,-19,1
08/21/2017 01:05:00,233,34,9,3,-19,1
08/21/2017 01:06:00,233,33,10,3,-19,1
08/21/2017 01:07:00,233,33,10,3,-19,1
08/21/2017 01:08:00,233,33,10,3,-19,1
08/21/2017 01:09:00,233,34,9,3,-20,1
08/21/2017 01:10:00,233,34,9,3,-20,1
08/21/2017 01:11:00,233,34,9,3,-20,1
08/21/2017 01:12:00,233,35,10,3,-20,1
08/21/2017 01:13:00,233,35,10,3,-20,1
08/21/2017 01:14:00,233,36,9,2,-21,1
08/21/2017 01:15:00,233,36,10,3,-21,1
08/21/2017 01:16:00,233,36,10,3,-20,1
08/21/2017 01:17:00,233,36,12,3,-20,1
08/21/2017 01:18:00,233,37,11,3,-20,1
08/21/2017 01:19:00,233,36,12,3,-21,1
08/21/2017 01:20:00,233,37,12,3,-21,1
08/21/2017 01:21:00,233,37,11,3,-21,1
08/21/2017 01:22:00,233,37,12,4,-21,1
08/21/2017 01:23:00,233,37,12,4,-21,1
08/21/2017 01:24:00,233,38,13,4,-21,1
08/21/2017 01:25:00,233,37,13,5,-20,1
08/21/2017 01:26:00,233,37,14,5,-20,1
08/21/2017 01:27:00,233,37,15,5,-20,1
08/21/2017 01:28:00,233,36,15,5,-19,1
08/21/2017 01:29:00,233,36,15,5,-18,1
08/21/2017 01:30:00,233,35,15,6,-18,1
08/21/2017 01:31:00,233,34,15,6,-17,1
08/21/2017 01:32:00,233,33,17,6,-17,1
08/21/2017 01:33:00,233,33,15,6,-17,1
08/21/2017 01:34:00,233,34,14,6,-18,1
08/21/2017 01:35:00,233,34,14,6,-18,1
08/21/2017 01:36:00,233,34,15,6,-18,1
08/21/2017 01:37:00,233,36,16,6,-17,1
08/21/2017 01:38:00,233,35,15,5,-17,1
08/21/2017 01:39:00,233,34,15,5,-17,1
08/21/2017 01:40:00,233,35,16,5,-17,1
08/21/2017 01:41:00,233,35,16,5,-17,1
08/21/2017 01:42:00,233,35,17,5,-17,1
08/21/2017 01:43:00,233,35,18,5,-17,1
08/21/2017 01:44:00,233,36,17,5,-17,1
08/21/2017 01:45:00,233,36,17,4,-17,1
08/21/2017 01:46:00,233,37,18,4,-16,1
08/21/2017 01:47:00,233,36,18,4,-16,1
08/21/2017 01:48:00,233,35,19,4,-16,1
08/21/2017 01:49:00,233,35,19,4,-16,1
08/21/2017 01:50:00,233,35,18,4,-15,1
08/21/2017 01:51:00,233,35,19,4,-15,1
08/21/2017 01:52:00,233,34,18,4,-15,1
08/21/2017 01:53:00,233,34,21,4,-15,1
08/21/2017 01:54:00,233,34,22,4,-15,1
08/21/2017 01:55:00,233,34,20,4,-15,1
08/21/2017 01:56:00,233,34,20,3,-15,1
08/21/2017 01:57:00,233,34,21,3,-15,1
08/21/2017 01:58:00,233,34,21,3,-15,1
08/21/2017 01:59:00,233,34,20,3,-15,1
08/21/2017 02:00:00,233,34,20,3,-15,1
08/21/2017 02:01:00,233,34,20,2,-15,1
08/21/2017 02:02:00,233,35,21,2,-15,1
08/21/2017 02:03:00,233,34,21,2,-16,1
08/21/2017 02:04:00,233,35,19,2,-16,1
08/21/2017 02:05:00,233,35,19,2,-16,1
08/21/2017 02:06:00,233,34,20,3,-17,1
08/21/2017 02:07:00,233,35,22,2,-17,1
08/21/2017 02:08:00,233,34,21,3,-17,1
08/21/2017 02:09:00,233,34,20,3,-17,1
08/21/2017 02:10:00,233,34,19,3,-17,1
08/21/2017 02:11:00,233,34,21,3,-16,1
08/21/2017 02:12:00,233,34,22,3,-16,1
08/21/2017 02:13:00,233,35,23,3,-16,1
08/21/2017 02:14:00,233,33,23,3,-16,1
08/21/2017 02:15:00,233,33,23,3,-15,1
08/21/2017 02:16:00,233,35,24,3,-15,1
08/21/2017 02:17:00,233,34,23,3,-14,1
08/21/2017 02:18:00,233,33,24,3,-14,1
08/21/2017 02:19:00,233,32,26,3,-14,1
08/21/2017 02:20:00,233,33,28,3,-13,1
08/21/2017 02:21:00,233,31,27,3,-13,1
08/21/2017 02:22:00,233,31,27,3,-13,1
08/21/2017 02:23:00,233,30,26,3,-14,1
08/21/2017 02:24:00,233,30,26,3,-14,1
08/21/2017 02:25:00,233,30,27,3,-14,1
08/21/2017 02:26:00,233,30,28,3,-13,1
08/21/2017 02:27:00,233,30,27,3,-14,1
08/21/2017 02:28:00,233,29,27,4,-13,1
08/21/2017 02:29:00,233,29,24,4,-13,1
08/21/2017 02:30:00,233,29,22,4,-12,1
08/21/2017 02:31:00,233,28,20,4,-12,1
08/21/2017 02:32:00,233,28,23,5,-12,1
08/21/2017 02:33:00,233,28,25,5,-12,1
08/21/2017 02:34:00,233,28,25,5,-12,1
08/21/2017 02:35:00,233,27,24,4,-12,1
08/21/2017 02:36:00,233,27,23,4,-13,1
08/21/2017 02:37:00,233,28,24,4,-13,1
08/21/2017 02:38:00,233,27,24,4,-12,1
08/21/2017 02:39:00,233,26,25,4,-12,1
08/21/2017 02:40:00,233,26,26,4,-11,1
08/21/2017 02:41:00,233,26,25,4,-12,1
08/21/2017 02:42:00,233,26,25,4,-12,1
08/21/2017 02:43:00,233,26,25,4,-11,1
08/21/2017 02:44:00,233,27,25,4,-12,1
08/21/2017 02:45:00,233,26,26,4,-12,1
08/21/2017 02:46:00,233,26,28,4,-12,1
08/21/2017 02:47:00,233,26,27,4,-12,1
08/21/2017 02:48:00,233,25,26,4,-13,1
08/21/2017 02:49:00,233,25,26,4,-12,1
08/21/2017 02:50:00,233,26,26,4,-12,1
08/21/2017 02:51:00,233,26,25,4,-12,1
08/21/2017 02:52:00,233,26,23,4,-12,1
08/21/2017 02:53:00,233,27,23,4,-12,1
08/21/2017 02:54:00,233,28,22,3,-12,1
08/21/2017 02:55:00,233,28,22,3,-13,1
08/21/2017 02:56:00,233,27,22,3,-13,1
08/21/2017 02:57:00,233,27,22,3,-13,1
08/21/2017 02:58:00,233,27,23,3,-13,1
08/21/2017 02:59:00,233,28,23,3,-13,1
08/21/2017 03:00:00,233,27,22,4,-12,1
08/21/2017 03:01:00,233,27,23,4,-12,1
08/21/2017 03:02:00,233,26,24,4,-12,1
08/21/2017 03:03:00,233,26,25,4,-12,1
08/21/2017 03:04:00,233,27,24,4,-12,1
08/21/2017 03:05:00,233,26,24,4,-12,1
08/21/2017 03:06:00,233,27,23,4,-12,1
08/21/2017 03:07:00,233,27,24,5,-11,1
08/21/2017 03:08:00,233,27,23,4,-12,1
08/21/2017 03:09:00,233,26,24,5,-12,1
08/21/2017 03:10:00,233,27,23,4,-12,1
08/21/2017 03:11:00,233,27,24,5,-11,1
08/21/2017 03:12:00,233,27,23,5,-11,1
08/21/2017 03:13:00,233,28,24,5,-12,1
08/21/2017 03:14:00,233,28,24,4,-12,1
08/21/2017 03:15:00,233,28,24,4,-12,1
08/21/2017 03:16:00,233,28,25,4,-12,1
08/21/2017 03:17:00,233,28,25,4,-12,1
08/21/2017 03:18:00,233,28,25,4,-12,1
08/21/2017 03:19:00,233,27,26,4,-12,1
08/21/2017 03:20:00,233,27,27,4,-12,1
08/21/2017 03:21:00,233,27,27,4,-12,1
08/21/2017 03:22:00,233,27,27,4,-12,1
08/21/2017 03:23:00,233,26,28,5,-12,1
08/21/2017 03:24:00,233,26,29,5,-13,1
08/21/2017 03:25:00,233,26,29,5,-13,1
08/21/2017 03:26:00,233,27,28,4,-13,1
08/21/2017 03:27:00,233,26,28,4,-13,1
08/21/2017 03:28:00,233,26,28,4,-13,1
08/21/2017 03:29:00,233,26,28,4,-13,1
08/21/2017 03:30:00,233,24,28,4,-13,1
08/21/2017 03:31:00,233,25,28,4,-13,1
08/21/2017 03:32:00,233,26,27,4,-13,1
08/21/2017 03:33:00,233,26,27,4,-13,1
08/21/2017 03:34:00,233,26,27,4,-13,1
08/21/2017 03:35:00,233,26,26,4,-13,1
08/21/2017 03:36:00,233,26,28,4,-13,1
08/21/2017 03:37:00,233,26,28,4,-13,1
08/21/2017 03:38:00,233,26,27,4,-13,1
08/21/2017 03:39:00,233,25,27,4,-13,1
08/21/2017 03:40:00,233,25,27,3,-14,1
08/21/2017 03:41:00,233,26,26,3,-13,1
08/21/2017 03:42:00,233,26,26,3,-14,1
08/21/2017 03:43:00,233,26,27,3,-14,1
08/21/2017 03:44:00,233,26,27,3,-14,1
08/21/2017 03:45:00,233,26,27,3,-14,1
08/21/2017 03:46:00,233,26,26,3,-14,1
08/21/2017 03:47:00,233,26,25,3,-14,1
08/21/2017 03:48:00,233,25,26,2,-14,1
08/21/2017 03:49:00,233,25,28,2,-14,1
08/21/2017 03:50:00,233,24,28,2,-14,1
08/21/2017 03:51:00,233,25,27,2,-14,1
08/21/2017 03:52:00,233,25,25,2,-13,1
08/21/2017 03:53:00,233,25,26,2,-14,1
08/21/2017 03:54:00,233,27,26,2,-14,1
08/21/2017 03:55:00,233,27,25,2,-13,1
08/21/2017 03:56:00,233,26,25,1,-13,1
08/21/2017 03:57:00,233,26,25,1,-13,1
08/21/2017 03:58:00,233,27,25,1,-13,1
08/21/2017 03:59:00,233,27,26,1,-14,1
08/21/2017 04:00:00,233,27,25,1,-14,1
08/21/2017 04:01:00,233,27,25,1,-15,1
08/21/2017 04:02:00,233,27,24,0,-15,1
08/21/2017 04:03:00,233,27,24,0,-15,1
08/21/2017 04:04:00,233,28,24,0,-15,1
08/21/2017 04:05:00,233,27,23,0,-15,1
08/21/2017 04:06:00,233,27,23,0,-15,1
08/21/2017 04:07:00,233,27,24,0,-16,1
08/21/2017 04:08:00,233,27,23,0,-15,1
08/21/2017 04:09:00,233,26,23,0,-16,1
08/21/2017 04:10:00,233,26,23,0,-15,1
08/21/2017 04:11:00,233,26,22,0,-15,1
08/21/2017 04:12:00,233,25,23,0,-16,1
08/21/2017 04:13:00,233,24,24,0,-16,1
08/21/2017 04:14:00,233,23,25,0,-15,1
08/21/2017 04:15:00,233,21,25,0,-15,1
08/21/2017 04:16:00,233,20,24,0,-15,1
08/21/2017 04:17:00,233,21,23,0,-15,1
08/21/2017 04:18:00,233,22,22,0,-15,1
08/21/2017 04:19:00,233,22,23,0,-15,1
08/21/2017 04:20:00,233,22,23,0,-15,1
08/21/2017 04:21:00,233,22,22,0,-15,1
08/21/2017 04:22:00,233,22,22,0,-15,1
08/21/2017 04:23:00,233,22,22,-1,-15,1
08/21/2017 04:24:00,233,22,23,-1,-15,1
08/21/2017 04:25:00,233,23,23,-1,-16,1
08/21/2017 04:26:00,233,23,22,-2,-16,1
08/21/2017 04:27:00,233,23,22,-2,-15,1
08/21/2017 04:28:00,233,24,24,-2,-15,1
08/21/2017 04:29:00,233,25,25,-2,-15,1
08/21/2017 04:30:00,233,25,26,-1,-14,1
08/21/2017 04:31:00,233,24,25,-1,-14,1
08/21/2017 04:32:00,233,23,27,-1,-14,1
08/21/2017 04:33:00,233,23,27,-1,-13,1
08/21/2017 04:34:00,233,23,27,-1,-13,1
08/21/2017 04:35:00,233,23,28,-1,-12,1
08/21/2017 04:36:00,233,22,28,-1,-12,1
08/21/2017 04:37:00,233,22,27,-1,-12,1
08/21/2017 04:38:00,233,23,25,-1,-11,1
08/21/2017 04:39:00,233,23,24,-1,-11,1
08/21/2017 04:40:00,233,23,24,-1,-11,1
08/21/2017 04:41:00,233,23,25,0,-11,1
08/21/2017 04:42:00,233,22,24,0,-10,1
08/21/2017 04:43:00,233,22,24,-1,-11,1
08/21/2017 04:44:00,233,22,24,-1,-11,1
08/21/2017 04:45:00,233,22,22,-1,-11,1
08/21/2017 04:46:00,233,21,22,-1,-11,1
08/21/2017 04:47:00,233,22,22,-1,-11,1
08/21/2017 04:48:00,233,22,22,0,-11,1
08/21/2017 04:49:00,233,21,23,0,-11,1
08/21/2017 04:50:00,233,21,23,0,-11,1
08/21/2017 04:51:00,233,21,22,0,-10,1
08/21/2017 04:52:00,233,20,22,0,-10,1
08/21/2017 04:53:00,233,21,22,0,-10,1
08/21/2017 04:54:00,233,21,22,0,-10,1
08/21/2017 04:55:00,233,21,22,0,-11,1
08/21/2017 04:56:00,233,21,23,0,-10,1
08/21/2017 04:57:00,233,22,21,0,-10,1
08/21/2017 04:58:00,233,21,21,0,-10,1
08/21/2017 04:59:00,233,22,21,0,-10,1
08/21/2017 05:00:00,233,22,20,0,-11,1
08/21/2017 05:01:00,233,23,20,0,-11,1
08/21/2017 05:02:00,233,23,20,0,-11,1
08/21/2017 05:03:00,233,23,20,0,-11,1
08/21/2017 05:04:00,233,23,19,0,-11,1
08/21/2017 05:05:00,233,23,19,0,-11,1
08/21/2017 05:06:00,233,23,19,-1,-11,1
08/21/2017 05:07:00,233,23,19,0,-10,1
08/21/2017 05:08:00,233,22,20,-1,-10,1
08/21/2017 05:09:00,233,20,21,-1,-10,1
08/21/2017 05:10:00,233,20,20,-1,-10,1
08/21/2017 05:11:00,233,22,19,-1,-10,1
08/21/2017 05:12:00,233,23,19,-1,-10,1
08/21/2017 05:13:00,233,23,19,-1,-11,1
08/21/2017 05:14:00,233,23,19,-1,-11,1
08/21/2017 05:15:00,233,24,18,-1,-11,1
08/21/2017 05:16:00,233,26,17,-1,-12,1
08/21/2017 05:17:00,233,27,17,-1,-12,1
08/21/2017 05:18:00,233,26,18,0,-12,1
08/21/2017 05:19:00,233,26,19,0,-11,1
08/21/2017 05:20:00,233,24,19,0,-10,1
08/21/2017 05:21:00,233,24,19,-1,-10,1
08/21/2017 05:22:00,233,24,21,-1,-9,1
08/21/2017 05:23:00,233,25,20,-1,-10,1
08/21/2017 05:24:00,233,25,20,-1,-10,1
08/21/2017 05:25:00,233,25,20,-1,-10,1
08/21/2017 05:26:00,233,27,19,-1,-10,1
08/21/2017 05:27:00,233,27,20,-1,-10,1
08/21/2017 05:28:00,233,27,20,-1,-10,1
08/21/2017 05:29:00,233,27,20,-2,-10,1
08/21/2017 05:30:00,233,28,19,-1,-10,1
08/21/2017 05:31:00,233,28,19,-2,-10,1
08/21/2017 05:32:00,233,29,18,-2,-10,1
08/21/2017 05:33:00,233,29,17,-2,-10,1
08/21/2017 05:34:00,233,29,17,-1,-10,1
08/21/2017 05:35:00,233,27,17,-1,-10,1
08/21/2017 05:36:00,233,27,18,-1,-10,1
08/21/2017 05:37:00,233,27,18,-1,-10,1
08/21/2017 05:38:00,233,27,17,-1,-9,1
08/21/2017 05:39:00,233,27,16,-1,-10,1
08/21/2017 05:40:00,233,28,16,-1,-10,1
08/21/2017 05:41:00,233,27,17,-1,-9,1
08/21/2017 05:42:00,233,26,17,-1,-10,1
08/21/2017 05:43:00,233,26,17,0,-9,1
08/21/2017 05:44:00,233,26,17,-1,-9,1
08/21/2017 05:45:00,233,27,17,-1,-9,1
08/21/2017 05:46:00,233,26,17,0,-9,1
08/21/2017 05:47:00,233,26,18,0,-9,1
08/21/2017 05:48:00,233,26,18,0,-9,1
08/21/2017 05:49:00,233,25,17,0,-10,1
08/21/2017 05:50:00,233,25,16,0,-10,1
08/21/2017 05:51:00,233,24,17,0,-9,1
08/21/2017 05:52:00,233,23,17,0,-9,1
08/21/2017 05:53:00,233,23,17,0,-9,1
08/21/2017 05:54:00,233,24,18,0,-9,1
08/21/2017 05:55:00,233,24,18,0,-9,1
08/21/2017 05:56:00,233,24,18,0,-9,1
08/21/2017 05:57:00,233,24,18,0,-10,1
08/21/2017 05:58:00,233,23,17,0,-9,1
08/21/2017 05:59:00,233,22,17,0,-9,1
08/21/2017 06:00:00,233,22,17,0,-9,1
08/21/2017 06:01:00,233,22,17,0,-9,1
08/21/2017 06:02:00,233,22,17,0,-9,1
08/21/2017 06:03:00,233,22,17,0,-9,1
08/21/2017 06:04:00,233,22,17,1,-9,1
08/21/2017 06:05:00,233,22,16,1,-9,1
08/21/2017 06:06:00,233,22,16,1,-9,1
08/21/2017 06:07:00,233,21,16,1,-9,1
08/21/2017 06:08:00,233,21,16,1,-9,1
08/21/2017 06:09:00,233,21,16,1,-9,1
08/21/2017 06:10:00,233,23,16,1,-9,1
08/21/2017 06:11:00,233,25,15,1,-10,1
08/21/2017 06:12:00,233,26,16,1,-10,1
08/21/2017 06:13:00,233,26,16,1,-10,1
08/21/2017 06:14:00,233,25,17,1,-10,1
08/21/2017 06:15:00,233,25,16,1,-10,1
08/21/2017 06:16:00,233,25,15,1,-10,1
08/21/2017 06:17:00,233,25,15,1,-10,1
08/21/2017 06:18:00,233,25,15,0,-10,1
08/21/2017 06:19:00,233,25,16,1,-10,1
08/21/2017 06:20:00,233,25,15,1,-9,1
08/21/2017 06:21:00,233,24,15,0,-10,1
08/21/2017 06:22:00,233,24,16,0,-9,1
08/21/2017 06:23:00,233,23,15,0,-9,1
08/21/2017 06:24:00,233,23,14,0,-10,1
08/21/2017 06:25:00,233,23,14,0,-10,1
08/21/2017 06:26:00,233,24,15,0,-9,1
08/21/2017 06:27:00,233,23,15,0,-10,1
08/21/2017 06:28:00,233,23,14,0,-9,1
08/21/2017 06:29:00,233,23,14,0,-9,1
08/21/2017 06:30:00,233,22,14,1,-9,1
08/21/2017 06:31:00,233,22,14,0,-9,1
08/21/2017 06:32:00,233,22,14,0,-9,1
08/21/2017 06:33:00,233,20,15,0,-9,1
08/21/2017 06:34:00,233,21,14,1,-9,1
08/21/2017 06:35:00,233,20,14,1,-9,1
08/21/2017 06:36:00,233,21,13,1,-9,1
08/21/2017 06:37:00,233,21,12,1,-10,1
08/21/2017 06:38:00,233,23,12,1,-10,1
08/21/2017 06:39:00,233,24,12,1,-11,1
08/21/2017 06:40:00,233,23,12,1,-11,1
08/21/2017 06:41:00,233,22,12,1,-11,1
08/21/2017 06:42:00,233,22,13,1,-11,1
08/21/2017 06:43:00,233,22,12,1,-11,1
08/21/2017 06:44:00,233,21,11,1,-11,1
08/21/2017 06:45:00,233,21,12,1,-11,1
08/21/2017 06:46:00,233,21,12,1,-11,1
08/21/2017 06:47:00,233,21,12,1,-11,1
08/21/2017 06:48:00,233,21,13,1,-10,1
08/21/2017 06:49:00,233,21,12,1,-11,1
08/21/2017 06:50:00,233,22,12,1,-12,1
08/21/2017 06:51:00,233,20,12,1,-11,1
08/21/2017 06:52:00,233,19,13,1,-10,1
08/21/2017 06:53:00,233,19,13,1,-10,1
08/21/2017 06:54:00,233,20,13,1,-10,1
08/21/2017 06:55:00,233,20,13,1,-10,1
08/21/2017 06:56:00,233,20,11,1,-10,1
08/21/2017 06:57:00,233,20,11,1,-10,1
08/21/2017 06:58:00,233,21,12,1,-10,1
08/21/2017 06:59:00,233,21,12,1,-10,1
08/21/2017 07:00:00,233,20,12,1,-10,1
08/21/2017 07:01:00,233,20,13,1,-10,1
08/21/2017 07:02:00,233,20,13,1,-10,1
08/21/2017 07:03:00,233,20,12,1,-11,1
08/21/2017 07:04:00,233,20,12,1,-11,1
08/21/2017 07:05:00,233,20,12,1,-10,1
08/21/2017 07:06:00,233,19,11,1,-10,1
08/21/2017 07:07:00,233,20,11,1,-10,1
08/21/2017 07:08:00,233,19,11,1,-11,1
08/21/2017 07:09:00,233,19,11,1,-10,1
08/21/2017 07:10:00,233,18,12,1,-10,1
08/21/2017 07:11:00,233,18,11,1,-10,1
08/21/2017 07:12:00,233,18,11,1,-10,1
08/21/2017 07:13:00,233,17,12,1,-10,1
08/21/2017 07:14:00,233,17,12,1,-10,1
08/21/2017 07:15:00,233,16,12,1,-10,1
08/21/2017 07:16:00,233,15,12,1,-10,1
08/21/2017 07:17:00,233,15,11,0,-10,1
08/21/2017 07:18:00,233,14,12,0,-10,1
08/21/2017 07:19:00,233,14,12,0,-10,1
08/21/2017 07:20:00,233,14,12,1,-10,1
08/21/2017 07:21:00,233,13,11,1,-10,1
08/21/2017 07:22:00,233,14,11,1,-10,1
08/21/2017 07:23:00,233,13,10,1,-10,1
08/21/2017 07:24:00,233,13,10,1,-10,1
08/21/2017 07:25:00,233,12,10,1,-10,1
08/21/2017 07:26:00,233,12,10,1,-10,1
08/21/2017 07:27:00,233,12,10,1,-10,1
08/21/2017 07:28:00,233,12,10,1,-11,1
08/21/2017 07:29:00,233,12,10,1,-11,1
08/21/2017 07:30:00,233,11,10,1,-11,1
08/21/2017 07:31:00,233,10,10,1,-11,1
08/21/2017 07:32:00,233,10,8,1,-11,1
08/21/2017 07:33:00,233,11,9,1,-11,1
08/21/2017 07:34:00,233,11,10,1,-11,1
08/21/2017 07:35:00,233,11,10,1,-11,1
08/21/2017 07:36:00,233,10,10,1,-11,1
08/21/2017 07:37:00,233,10,9,1,-11,1
08/21/2017 07:38:00,233,9,9,1,-11,1
08/21/2017 07:39:00,233,9,9,1,-11,1
08/21/2017 07:40:00,233,9,9,1,-11,1
08/21/2017 07:41:00,233,9,8,1,-11,1
08/21/2017 07:42:00,233,10,8,1,-12,1
08/21/2017 07:43:00,233,10,8,1,-12,1
08/21/2017 07:44:00,233,10,8,1,-12,1
08/21/2017 07:45:00,233,10,8,1,-12,1
08/21/2017 07:46:00,233,10,9,1,-12,1
08/21/2017 07:47:00,233,9,9,1,-12,1
08/21/2017 07:48:00,233,9,9,1,-11,1
08/21/2017 07:49:00,233,9,9,0,-11,1
08/21/2017 07:50:00,233,11,8,0,-12,1
08/21/2017 07:51:00,233,11,8,0,-12,1
08/21/2017 07:52:00,233,10,8,1,-12,1
08/21/2017 07:53:00,233,11,8,1,-13,1
08/21/2017 07:54:00,233,11,7,1,-13,1
08/21/2017 07:55:00,233,11,7,1,-13,1
08/21/2017 07:56:00,233,12,7,0,-13,1
08/21/2017 07:57:00,233,11,8,0,-13,1
08/21/2017 07:58:00,233,11,8,0,-12,1
08/21/2017 07:59:00,233,12,7,0,-13,1
08/21/2017 08:00:00,233,12,7,0,-13,1
08/21/2017 08:01:00,233,12,8,1,-13,1
08/21/2017 08:02:00,233,13,8,1,-13,1
08/21/2017 08:03:00,233,13,8,0,-13,1
08/21/2017 08:04:00,233,13,8,0,-13,1
08/21/2017 08:05:00,233,14,9,0,-14,1
08/21/2017 08:06:00,233,14,9,0,-14,1
08/21/2017 08:07:00,233,14,9,0,-14,1
08/21/2017 08:08:00,233,14,9,0,-14,1
08/21/2017 08:09:00,233,14,9,0,-14,1
08/21/2017 08:10:00,233,14,9,0,-14,1
08/21/2017 08:11:00,233,14,8,0,-14,1
08/21/2017 08:12:00,233,14,8,0,-14,1
08/21/2017 08:13:00,233,13,8,0,-14,1
08/21/2017 08:14:00,233,13,8,0,-14,1
08/21/2017 08:15:00,233,13,8,0,-15,1
08/21/2017 08:16:00,233,15,8,1,-15,1
08/21/2017 08:17:00,233,17,8,1,-16,1
08/21/2017 08:18:00,233,17,9,0,-15,1
08/21/2017 08:19:00,233,17,10,0,-15,1
08/21/2017 08:20:00,233,18,10,0,-15,1
08/21/2017 08:21:00,233,19,9,0,-15,1
08/21/2017 08:22:00,233,22,10,0,-15,1
08/21/2017 08:23:00,233,25,11,0,-16,1
08/21/2017 08:24:00,233,26,11,0,-15,1
08/21/2017 08:25:00,233,28,12,0,-15,1
08/21/2017 08:26:00,233,30,13,1,-16,1
08/21/2017 08:27:00,233,33,15,1,-16,1
08/21/2017 08:28:00,233,34,16,1,-16,1
08/21/2017 08:29:00,233,35,16,0,-15,1
08/21/2017 08:30:00,233,36,17,0,-15,1
08/21/2017 08:31:00,233,36,17,0,-15,1
08/21/2017 08:32:00,233,39,18,0,-16,1
08/21/2017 08:33:00,233,40,19,0,-15,1
08/21/2017 08:34:00,233,42,20,0,-15,1
08/21/2017 08:35:00,233,44,20,0,-15,1
08/21/2017 08:36:00,233,45,22,0,-15,1
08/21/2017 08:37:00,233,47,22,0,-15,1
08/21/2017 08:38:00,233,47,23,0,-15,1
08/21/2017 08:39:00,233,49,23,0,-15,1
08/21/2017 08:40:00,233,49,23,0,-15,1
08/21/2017 08:41:00,233,51,23,0,-15,1
08/21/2017 08:42:00,233,52,25,0,-15,1
08/21/2017 08:43:00,233,53,25,0,-15,1
08/21/2017 08:44:00,233,54,26,0,-16,1
08/21/2017 08:45:00,233,54,25,0,-15,1
08/21/2017 08:46:00,233,54,26,0,-15,1
08/21/2017 08:47:00,233,55,26,0,-15,1
08/21/2017 08:48:00,233,55,26,0,-15,1
08/21/2017 08:49:00,233,55,27,1,-15,1
08/21/2017 08:50:00,233,55,28,1,-15,1
08/21/2017 08:51:00,233,54,29,1,-15,1
08/21/2017 08:52:00,233,55,30,1,-16,1
08/21/2017 08:53:00,233,53,31,2,-15,1
08/21/2017 08:54:00,233,53,31,2,-15,1
08/21/2017 08:55:00,233,52,31,2,-15,1
08/21/2017 08:56:00,233,51,31,2,-15,1
08/21/2017 08:57:00,233,50,32,2,-16,1
08/21/2017 08:58:00,233,49,33,3,-16,1
08/21/2017 08:59:00,233,48,33,3,-16,1
08/21/2017 09:00:00,233,47,34,3,-16,1
08/21/2017 09:01:00,233,47,34,4,-16,1
08/21/2017 09:02:00,233,47,33,4,-16,1
08/21/2017 09:03:00,233,47,34,4,-16,1
08/21/2017 09:04:00,233,46,34,4,-17,1
08/21/2017 09:05:00,233,47,37,4,-17,1
08/21/2017 09:06:00,233,46,35,4,-16,1
08/21/2017 09:07:00,233,45,34,5,-16,1
08/21/2017 09:08:00,233,44,34,5,-16,1
08/21/2017 09:09:00,233,43,33,5,-16,1
08/21/2017 09:10:00,233,41,33,5,-16,1
08/21/2017 09:11:00,233,40,35,5,-17,1
08/21/2017 09:12:00,233,39,32,5,-17,1
08/21/2017 09:13:00,233,37,32,5,-18,1
08/21/2017 09:14:00,233,37,31,5,-17,1
08/21/2017 09:15:00,233,36,31,5,-17,1
08/21/2017 09:16:00,233,37,30,6,-17,1
08/21/2017 09:17:00,233,37,30,6,-17,1
08/21/2017 09:18:00,233,36,28,5,-16,1
08/21/2017 09:19:00,233,36,27,5,-16,1
08/21/2017 09:20:00,233,36,27,5,-16,1
08/21/2017 09:21:00,233,35,26,6,-16,1
08/21/2017 09:22:00,233,34,26,6,-16,1
08/21/2017 09:23:00,233,33,26,6,-17,1
08/21/2017 09:24:00,233,32,26,6,-16,1
08/21/2017 09:25:00,233,32,26,6,-16,1
08/21/2017 09:26:00,233,31,26,6,-16,1
08/21/2017 09:27:00,233,30,26,6,-16,1
08/21/2017 09:28:00,233,28,25,6,-16,1
08/21/2017 09:29:00,233,27,24,5,-16,1
08/21/2017 09:30:00,233,27,22,5,-16,1
08/21/2017 09:31:00,233,28,21,5,-16,1
08/21/2017 09:32:00,233,27,19,5,-19,1
08/21/2017 09:33:00,233,24,21,5,-20,1
08/21/2017 09:34:00,233,23,19,5,-20,1
08/21/2017 09:35:00,233,23,21,5,-20,1
08/21/2017 09:36:00,233,23,20,5,-19,1
08/21/2017 09:37:00,233,22,23,5,-18,1
08/21/2017 09:38:00,233,22,24,5,-17,1
08/21/2017 09:39:00,233,22,23,5,-17,1
08/21/2017 09:40:00,233,22,24,5,-17,1
08/21/2017 09:41:00,233,22,24,5,-17,1
08/21/2017 09:42:00,233,22,23,5,-17,1
08/21/2017 09:43:00,233,21,23,5,-17,1
08/21/2017 09:44:00,233,21,23,5,-17,1
08/21/2017 09:45:00,233,22,23,5,-17,1
08/21/2017 09:46:00,233,21,22,5,-17,1
08/21/2017 09:47:00,233,19,21,5,-17,1
08/21/2017 09:48:00,233,19,20,5,-17,1
08/21/2017 09:49:00,233,18,20,5,-18,1
08/21/2017 09:50:00,233,18,20,5,-18,1
08/21/2017 09:51:00,233,18,20,5,-18,1
08/21/2017 09:52:00,233,19,20,5,-18,1
08/21/2017 09:53:00,233,19,20,5,-18,1
08/21/2017 09:54:00,233,19,19,5,-18,1
08/21/2017 09:55:00,233,18,19,5,-18,1
08/21/2017 09:56:00,233,18,18,5,-18,1
08/21/2017 09:57:00,233,18,18,5,-18,1
08/21/2017 09:58:00,233,19,18,5,-18,1
08/21/2017 09:59:00,233,19,18,5,-18,1
08/21/2017 10:00:00,233,19,17,5,-18,1
08/21/2017 10:01:00,233,19,17,5,-17,1
08/21/2017 10:02:00,233,18,17,5,-16,1
08/21/2017 10:03:00,233,18,16,4,-16,1
08/21/2017 10:04:00,233,18,16,4,-16,1
08/21/2017 10:05:00,233,18,15,4,-16,1
08/21/2017 10:06:00,233,17,14,4,-16,1
08/21/2017 10:07:00,233,16,14,4,-16,1
08/21/2017 10:08:00,233,16,12,4,-16,1
08/21/2017 10:09:00,233,16,13,4,-17,1
08/21/2017 10:10:00,233,16,12,4,-17,1
08/21/2017 10:11:00,233,16,12,4,-17,1
08/21/2017 10:12:00,233,16,12,4,-18,1
08/21/2017 10:13:00,233,14,11,4,-18,1
08/21/2017 10:14:00,233,14,11,4,-18,1
08/21/2017 10:15:00,233,14,12,4,-18,1
08/21/2017 10:16:00,233,14,12,4,-18,1
08/21/2017 10:17:00,233,14,14,4,-18,1
08/21/2017 10:18:00,233,14,14,4,-18,1
08/21/2017 10:19:00,233,14,13,4,-17,1
08/21/2017 10:20:00,233,14,13,4,-17,1
08/21/2017 10:21:00,233,13,13,4,-18,1
08/21/2017 10:22:00,233,13,12,4,-17,1
08/21/2017 10:23:00,233,12,12,4,-17,1
08/21/2017 10:24:00,233,13,11,4,-18,1
08/21/2017 10:25:00,233,14,11,4,-17,1
08/21/2017 10:26:00,233,14,11,4,-18,1
08/21/2017 10:27:00,233,14,11,4,-17,1
08/21/2017 10:28:00,233,14,11,4,-17,1
08/21/2017 10:29:00,233,14,11,4,-17,1
08/21/2017 10:30:00,233,14,12,4,-16,1
08/21/2017 10:31:00,233,15,13,4,-16,1
08/21/2017 10:32:00,233,12,14,3,-16,1
08/21/2017 10:33:00,233,10,14,3,-16,1
08/21/2017 10:34:00,233,11,14,3,-16,1
08/21/2017 10:35:00,233,11,14,3,-16,1
08/21/2017 10:36:00,233,11,15,3,-16,1
08/21/2017 10:37:00,233,11,14,3,-16,1
08/21/2017 10:38:00,233,11,14,3,-17,1
08/21/2017 10:39:00,233,11,14,3,-16,1
08/21/2017 10:40:00,233,11,14,3,-16,1
08/21/2017 10:41:00,233,11,14,3,-16,1
08/21/2017 10:42:00,233,11,13,3,-16,1
08/21/2017 10:43:00,233,11,14,3,-16,1
08/21/2017 10:44:00,233,12,15,3,-16,1
08/21/2017 10:45:00,233,11,15,3,-16,1
08/21/2017 10:46:00,233,11,14,3,-16,1
08/21/2017 10:47:00,233,11,14,3,-16,1
08/21/2017 10:48:00,233,11,15,3,-15,1
08/21/2017 10:49:00,233,11,14,3,-16,1
08/21/2017 10:50:00,233,11,15,3,-15,1
08/21/2017 10:51:00,233,12,14,3,-15,1
08/21/2017 10:52:00,233,13,13,3,-15,1
08/21/2017 10:53:00,233,13,14,3,-14,1
08/21/2017 10:54:00,233,12,14,3,-14,1
08/21/2017 10:55:00,233,13,14,3,-13,1
08/21/2017 10:56:00,233,12,14,3,-13,1
08/21/2017 10:57:00,233,11,15,3,-12,1
08/21/2017 10:58:00,233,12,14,2,-11,1
08/21/2017 10:59:00,233,12,15,2,-10,1
08/21/2017 11:00:00,233,13,16,2,-10,1
08/21/2017 11:01:00,233,13,17,3,-10,1
08/21/2017 11:02:00,233,14,18,3,-10,1
08/21/2017 11:03:00,233,15,19,3,-9,1
08/21/2017 11:04:00,233,15,17,3,-10,1
08/21/2017 11:05:00,233,16,17,3,-10,1
08/21/2017 11:06:00,233,16,16,3,-11,1
08/21/2017 11:07:00,233,15,15,3,-12,1
08/21/2017 11:08:00,233,15,15,3,-12,1
08/21/2017 11:09:00,233,17,15,3,-12,1
08/21/2017 11:10:00,233,17,15,3,-12,1
08/21/2017 11:11:00,233,17,14,3,-11,1
08/21/2017 11:12:00,233,16,16,3,-11,1
08/21/2017 11:13:00,233,16,16,3,-11,1
08/21/2017 11:14:00,233,15,17,3,-11,1
08/21/2017 11:15:00,233,14,16,3,-11,1
08/21/2017 11:16:00,233,14,15,3,-12,1
08/21/2017 11:17:00,233,14,15,3,-13,1
08/21/2017 11:18:00,233,16,14,3,-13,1
08/21/2017 11:19:00,233,16,13,3,-14,1
08/21/2017 11:20:00,233,16,13,3,-14,1
08/21/2017 11:21:00,233,16,14,3,-13,1
08/21/2017 11:22:00,233,16,14,3,-13,1
08/21/2017 11:23:00,233,16,13,3,-14,1
08/21/2017 11:24:00,233,16,11,3,-14,1
08/21/2017 11:25:00,233,17,13,3,-14,1
08/21/2017 11:26:00,233,17,12,3,-13,1
08/21/2017 11:27:00,233,17,13,3,-14,1
08/21/2017 11:28:00,233,16,13,3,-14,1
08/21/2017 11:29:00,233,16,13,3,-14,1
08/21/2017 11:30:00,233,17,16,4,-13,1
08/21/2017 11:31:00,233,19,16,3,-13,1
08/21/2017 11:32:00,233,19,18,3,-13,1
08/21/2017 11:33:00,233,18,17,3,-13,1
08/21/2017 11:34:00,233,17,16,4,-13,1
08/21/2017 11:35:00,233,17,16,3,-13,1
08/21/2017 11:36:00,233,18,17,3,-12,1
08/21/2017 11:37:00,233,18,18,4,-13,1
08/21/2017 11:38:00,233,19,19,3,-12,1
08/21/2017 11:39:00,233,18,18,3,-12,1
08/21/2017 11:40:00,233,18,18,3,-11,1
08/21/2017 11:41:00,233,18,19,3,-11,1
08/21/2017 11:42:00,233,19,21,4,-10,1
08/21/2017 11:43:00,233,19,21,4,-10,1
08/21/2017 11:44:00,233,19,21,4,-10,1
08/21/2017 11:45:00,233,19,21,4,-10,1
08/21/2017 11:46:00,233,19,21,4,-10,1
08/21/2017 11:47:00,233,19,20,4,-10,1
08/21/2017 11:48:00,233,19,21,4,-10,1
08/21/2017 11:49:00,233,19,21,4,-10,1
08/21/2017 11:50:00,233,20,22,4,-9,1
08/21/2017 11:51:00,233,19,22,4,-9,1
08/21/2017 11:52:00,233,18,21,4,-9,1
08/21/2017 11:53:00,233,17,20,4,-9,1
08/21/2017 11:54:00,233,16,20,3,-10,1
08/21/2017 11:55:00,233,16,19,3,-9,1
08/21/2017 11:56:00,233,15,19,4,-9,1
08/21/2017 11:57:00,233,16,20,4,-9,1
08/21/2017 11:58:00,233,18,21,4,-9,1
08/21/2017 11:59:00,233,18,22,4,-9,1
08/21/2017 12:00:00,233,18,21,4,-9,1
08/21/2017 12:01:00,233,18,21,4,-9,1
08/21/2017 12:02:00,233,18,21,4,-9,1
08/21/2017 12:03:00,233,17,20,4,-10,1
08/21/2017 12:04:00,233,17,21,4,-10,1
08/21/2017 12:05:00,233,19,21,4,-9,1
08/21/2017 12:06:00,233,19,22,4,-10,1
08/21/2017 12:07:00,233,18,20,4,-10,1
08/21/2017 12:08:00,233,17,20,4,-9,1
08/21/2017 12:09:00,233,17,20,4,-9,1
08/21/2017 12:10:00,233,17,21,4,-10,1
08/21/2017 12:11:00,233,16,20,4,-9,1
08/21/2017 12:12:00,233,17,21,4,-10,1
08/21/2017 12:13:00,233,18,21,4,-10,1
08/21/2017 12:14:00,233,18,21,4,-10,1
08/21/2017 12:15:00,233,17,22,4,-10,1
08/21/2017 12:16:00,233,16,22,4,-10,1
08/21/2017 12:17:00,233,15,20,4,-11,1
08/21/2017 12:18:00,233,16,22,4,-10,1
08/21/2017 12:19:00,233,18,22,4,-10,1
08/21/2017 12:20:00,233,17,23,4,-9,1
08/21/2017 12:21:00,233,16,23,3,-10,1
08/21/2017 12:22:00,233,13,23,3,-10,1
08/21/2017 12:23:00,233,11,22,3,-9,1
08/21/2017 12:24:00,233,12,22,3,-9,1
08/21/2017 12:25:00,233,10,21,3,-9,1
08/21/2017 12:26:00,233,9,19,2,-8,1
08/21/2017 12:27:00,233,7,19,2,-8,1
08/21/2017 12:28:00,233,7,20,2,-7,1
08/21/2017 12:29:00,233,7,21,2,-7,1
08/21/2017 12:30:00,233,8,24,2,-7,1
08/21/2017 12:31:00,233,8,27,2,-7,1
08/21/2017 12:32:00,233,10,28,2,-7,1
08/21/2017 12:33:00,233,11,29,3,-8,1
08/21/2017 12:34:00,233,14,28,3,-9,1
08/21/2017 12:35:00,233,14,27,3,-9,1
08/21/2017 12:36:00,233,12,28,3,-8,1
08/21/2017 12:37:00,233,12,28,3,-8,1
08/21/2017 12:38:00,233,12,29,3,-8,1
08/21/2017 12:39:00,233,12,28,3,-8,1
08/21/2017 12:40:00,233,11,27,3,-8,1
08/21/2017 12:41:00,233,12,27,3,-8,1
08/21/2017 12:42:00,233,12,26,3,-9,1
08/21/2017 12:43:00,233,12,25,2,-9,1
08/21/2017 12:44:00,233,11,26,2,-9,1
08/21/2017 12:45:00,233,10,27,2,-9,1
08/21/2017 12:46:00,233,11,28,2,-9,1
08/21/2017 12:47:00,233,11,29,2,-9,1
08/21/2017 12:48:00,233,12,29,2,-9,1
08/21/2017 12:49:00,233,13,30,2,-10,1
08/21/2017 12:50:00,233,13,29,2,-10,1
08/21/2017 12:51:00,233,13,27,2,-10,1
08/21/2017 12:52:00,233,13,27,2,-10,1
08/21/2017 12:53:00,233,13,26,2,-10,1
08/21/2017 12:54:00,233,13,26,2,-10,1
08/21/2017 12:55:00,233,13,24,2,-10,1
08/21/2017 12:56:00,233,13,23,2,-10,1
08/21/2017 12:57:00,233,11,23,1,-10,1
08/21/2017 12:58:00,233,12,24,1,-9,1
08/21/2017 12:59:00,233,12,23,1,-9,1
08/21/2017 13:00:00,233,12,24,1,-9,1
08/21/2017 13:01:00,233,11,24,1,-9,1
08/21/2017 13:02:00,233,11,24,1,-9,1
08/21/2017 13:03:00,233,11,26,1,-9,1
08/21/2017 13:04:00,233,11,26,1,-9,1
08/21/2017 13:05:00,233,14,26,2,-10,1
08/21/2017 13:06:00,233,14,26,2,-9,1
08/21/2017 13:07:00,233,14,25,2,-9,1
08/21/2017 13:08:00,233,14,26,2,-9,1
08/21/2017 13:09:00,233,14,25,2,-8,1
08/21/2017 13:10:00,233,14,22,2,-8,1
08/21/2017 13:11:00,233,13,22,2,-8,1
08/21/2017 13:12:00,233,13,23,2,-7,1
08/21/2017 13:13:00,233,14,24,2,-7,1
08/21/2017 13:14:00,233,13,25,2,-7,1
08/21/2017 13:15:00,233,14,25,2,-7,1
08/21/2017 13:16:00,233,15,25,2,-8,1
08/21/2017 13:17:00,233,16,24,2,-8,1
08/21/2017 13:18:00,233,16,24,2,-8,1
08/21/2017 13:19:00,233,16,25,2,-8,1
08/21/2017 13:20:00,233,16,24,2,-8,1
08/21/2017 13:21:00,233,16,23,2,-9,1
08/21/2017 13:22:00,233,15,22,2,-9,1
08/21/2017 13:23:00,233,16,20,2,-9,1
08/21/2017 13:24:00,233,16,19,2,-10,1
08/21/2017 13:25:00,233,16,17,2,-10,1
08/21/2017 13:26:00,233,14,16,2,-10,1
08/21/2017 13:27:00,233,14,16,1,-9,1
08/21/2017 13:28:00,233,15,15,1,-10,1
08/21/2017 13:29:00,233,15,15,1,-10,1
08/21/2017 13:30:00,233,15,16,1,-9,1
08/21/2017 13:31:00,233,15,15,1,-9,1
08/21/2017 13:32:00,233,16,15,1,-9,1
08/21/2017 13:33:00,233,17,15,1,-9,1
08/21/2017 13:34:00,233,17,14,1,-10,1
08/21/2017 13:35:00,233,17,13,1,-9,1
08/21/2017 13:36:00,233,18,13,1,-9,1
08/21/2017 13:37:00,233,18,15,1,-9,1
08/21/2017 13:38:00,233,18,15,1,-9,1
08/21/2017 13:39:00,233,18,16,1,-8,1
08/21/2017 13:40:00,233,19,16,1,-9,1
08/21/2017 13:41:00,233,18,17,1,-9,1
08/21/2017 13:42:00,233,19,16,1,-9,1
08/21/2017 13:43:00,233,20,15,1,-9,1
08/21/2017 13:44:00,233,20,15,1,-9,1
08/21/2017 13:45:00,233,20,15,1,-9,1
08/21/2017 13:46:00,233,21,15,1,-9,1
08/21/2017 13:47:00,233,21,14,1,-9,1
08/21/2017 13:48:00,233,21,13,1,-9,1
08/21/2017 13:49:00,233,22,13,1,-9,1
08/21/2017 13:50:00,233,22,13,0,-9,1
08/21/2017 13:51:00,233,23,13,1,-9,1
08/21/2017 13:52:00,233,22,13,1,-9,1
08/21/2017 13:53:00,233,22,14,1,-10,1
08/21/2017 13:54:00,233,23,13,1,-10,1
08/21/2017 13:55:00,233,23,13,1,-10,1
08/21/2017 13:56:00,233,23,13,1,-10,1
08/21/2017 13:57:00,233,23,14,1,-10,1
08/21/2017 13:58:00,233,23,13,1,-10,1
08/21/2017 13:59:00,233,23,13,1,-9,1
08/21/2017 14:00:00,233,23,12,0,-9,1
08/21/2017 14:01:00,233,22,12,0,-9,1
08/21/2017 14:02:00,233,22,12,0,-9,1
08/21/2017 14:03:00,233,22,13,0,-9,1
08/21/2017 14:04:00,233,22,14,0,-9,1
08/21/2017 14:05:00,233,23,15,1,-9,1
08/21/2017 14:06:00,233,24,15,1,-9,1
08/21/2017 14:07:00,233,25,15,1,-8,1
08/21/2017 14:08:00,233,27,14,1,-9,1
08/21/2017 14:09:00,233,26,14,1,-9,1
08/21/2017 14:10:00,233,26,15,1,-9,1
08/21/2017 14:11:00,233,27,15,1,-9,1
08/21/2017 14:12:00,233,26,15,1,-9,1
08/21/2017 14:13:00,233,26,14,1,-9,1
08/21/2017 14:14:00,233,26,14,1,-9,1
08/21/2017 14:15:00,233,26,14,1,-9,1
08/21/2017 14:16:00,233,26,14,1,-9,1
08/21/2017 14:17:00,233,27,15,1,-9,1
08/21/2017 14:18:00,233,27,15,0,-9,1
08/21/2017 14:19:00,233,27,14,0,-9,1
08/21/2017 14:20:00,233,28,14,1,-9,1
08/21/2017 14:21:00,233,28,14,0,-9,1
08/21/2017 14:22:00,233,27,14,0,-9,1
08/21/2017 14:23:00,233,27,14,0,-9,1
08/21/2017 14:24:00,233,28,13,0,-9,1
08/21/2017 14:25:00,233,28,13,0,-10,1
08/21/2017 14:26:00,233,28,13,0,-9,1
08/21/2017 14:27:00,233,28,12,0,-10,1
08/21/2017 14:28:00,233,28,12,0,-10,1
08/21/2017 14:29:00,233,28,13,0,-10,1
08/21/2017 14:30:00,233,29,12,0,-10,1
08/21/2017 14:31:00,233,30,13,0,-10,1
08/21/2017 14:32:00,233,29,14,0,-10,1
08/21/2017 14:33:00,233,30,14,0,-10,1
08/21/2017 14:34:00,233,30,14,0,-10,1
08/21/2017 14:35:00,233,31,14,0,-10,1
08/21/2017 14:36:00,233,30,14,0,-10,1
08/21/2017 14:37:00,233,30,14,0,-10,1
08/21/2017 14:38:00,233,31,13,0,-10,1
08/21/2017 14:39:00,233,30,14,0,-10,1
08/21/2017 14:40:00,233,31,15,0,-10,1
08/21/2017 14:41:00,233,31,16,0,-10,1
08/21/2017 14:42:00,233,31,16,0,-9,1
08/21/2017 14:43:00,233,31,15,0,-9,1
08/21/2017 14:44:00,233,31,15,0,-9,1
08/21/2017 14:45:00,233,31,16,0,-9,1
08/21/2017 14:46:00,233,32,16,0,-9,1
08/21/2017 14:47:00,233,31,15,0,-9,1
08/21/2017 14:48:00,233,31,16,0,-9,1
08/21/2017 14:49:00,233,32,16,1,-9,1
08/21/2017 14:50:00,233,33,17,1,-9,1
08/21/2017 14:51:00,233,34,18,1,-9,1
08/21/2017 14:52:00,233,34,18,0,-9,1
08/21/2017 14:53:00,233,34,18,0,-10,1
08/21/2017 14:54:00,233,34,19,0,-9,1
08/21/2017 14:55:00,233,33,19,0,-9,1
08/21/2017 14:56:00,233,33,19,0,-9,1
08/21/2017 14:57:00,233,33,19,0,-9,1
08/21/2017 14:58:00,233,33,20,0,-9,1
08/21/2017 14:59:00,233,33,19,0,-10,1
08/21/2017 15:00:00,233,34,21,0,-9,1
08/21/2017 15:01:00,233,33,21,0,-9,1
08/21/2017 15:02:00,233,33,20,0,-9,1
08/21/2017 15:03:00,233,32,20,0,-9,1
08/21/2017 15:04:00,233,33,20,0,-9,1
08/21/2017 15:05:00,233,32,21,0,-9,1
08/21/2017 15:06:00,233,33,21,0,-9,1
08/21/2017 15:07:00,233,34,22,0,-9,1
08/21/2017 15:08:00,233,34,23,0,-9,1
08/21/2017 15:09:00,233,34,23,0,-9,1
08/21/2017 15:10:00,233,34,23,0,-9,1
08/21/2017 15:11:00,233,34,23,0,-9,1
08/21/2017 15:12:00,233,34,23,0,-9,1
08/21/2017 15:13:00,233,33,24,0,-9,1
08/21/2017 15:14:00,233,33,24,0,-9,1
08/21/2017 15:15:00,233,33,24,0,-9,1
08/21/2017 15:16:00,233,33,24,-1,-9,1
08/21/2017 15:17:00,233,32,25,-1,-10,1
08/21/2017 15:18:00,233,33,25,-1,-10,1
08/21/2017 15:19:00,233,32,25,-1,-10,1
08/21/2017 15:20:00,233,33,25,-1,-10,1
08/21/2017 15:21:00,233,32,25,-1,-9,1
08/21/2017 15:22:00,233,32,25,-1,-9,1
08/21/2017 15:23:00,233,32,26,-1,-9,1
08/21/2017 15:24:00,233,32,27,-1,-9,1
08/21/2017 15:25:00,233,32,26,-1,-9,1
08/21/2017 15:26:00,233,32,27,-1,-10,1
08/21/2017 15:27:00,233,33,26,-1,-9,1
08/21/2017 15:28:00,233,33,25,-1,-10,1
08/21/2017 15:29:00,233,32,26,-1,-10,1
08/21/2017 15:30:00,233,32,26,-2,-10,1
08/21/2017 15:31:00,233,32,28,-1,-9,1
08/21/2017 15:32:00,233,32,28,-1,-10,1
08/21/2017 15:33:00,233,33,27,-1,-10,1
08/21/2017 15:34:00,233,33,28,-1,-9,1
08/21/2017 15:35:00,233,33,28,-1,-10,1
08/21/2017 15:36:00,233,33,28,-2,-10,1
08/21/2017 15:37:00,233,34,28,-2,-10,1
08/21/2017 15:38:00,233,33,28,-2,-10,1
08/21/2017 15:39:00,233,32,29,-2,-9,1
08/21/2017 15:40:00,233,32,29,-2,-9,1
08/21/2017 15:41:00,233,32,29,-2,-9,1
08/21/2017 15:42:00,233,32,29,-2,-9,1
08/21/2017 15:43:00,233,33,30,-2,-9,1
08/21/2017 15:44:00,233,33,31,-2,-10,1
08/21/2017 15:45:00,233,33,30,-2,-10,1
08/21/2017 15:46:00,233,32,30,-2,-10,1
08/21/2017 15:47:00,233,31,30,-2,-10,1
08/21/2017 15:48:00,233,32,30,-2,-10,1
08/21/2017 15:49:00,233,32,30,-2,-9,1
08/21/2017 15:50:00,233,33,31,-2,-9,1
08/21/2017 15:51:00,233,33,32,-2,-9,1
08/21/2017 15:52:00,233,32,32,-2,-10,1
08/21/2017 15:53:00,233,33,31,-3,-9,1
08/21/2017 15:54:00,233,32,32,-2,-9,1
08/21/2017 15:55:00,233,33,32,-2,-9,1
08/21/2017 15:56:00,233,32,32,-3,-9,1
08/21/2017 15:57:00,233,32,32,-3,-9,1
08/21/2017 15:58:00,233,32,32,-3,-8,1
08/21/2017 15:59:00,233,32,32,-3,-8,1
08/21/2017 16:00:00,233,32,32,-3,-8,1
08/21/2017 16:01:00,233,32,31,-3,-8,1
08/21/2017 16:02:00,233,32,32,-2,-9,1
08/21/2017 16:03:00,233,32,32,-3,-8,1
08/21/2017 16:04:00,233,32,32,-3,-8,1
08/21/2017 16:05:00,233,32,33,-3,-8,1
08/21/2017 16:06:00,233,32,33,-3,-8,1
08/21/2017 16:07:00,233,33,34,-3,-8,1
08/21/2017 16:08:00,233,33,33,-3,-8,1
08/21/2017 16:09:00,233,33,32,-3,-9,1
08/21/2017 16:10:00,233,33,32,-3,-9,1
08/21/2017 16:11:00,233,32,33,-3,-9,1
08/21/2017 16:12:00,233,33,34,-3,-9,1
08/21/2017 16:13:00,233,32,34,-3,-9,1
08/21/2017 16:14:00,233,32,34,-3,-10,1
08/21/2017 16:15:00,233,32,35,-3,-9,1
08/21/2017 16:16:00,233,32,35,-3,-9,1
08/21/2017 16:17:00,233,32,35,-3,-9,1
08/21/2017 16:18:00,233,32,35,-3,-9,1
08/21/2017 16:19:00,233,32,35,-3,-10,1
08/21/2017 16:20:00,233,32,35,-3,-10,1
08/21/2017 16:21:00,233,32,36,-3,-9,1
08/21/2017 16:22:00,233,32,36,-3,-8,1
08/21/2017 16:23:00,233,31,36,-3,-8,1
08/21/2017 16:24:00,233,31,35,-3,-9,1
08/21/2017 16:25:00,233,31,36,-3,-8,1
08/21/2017 16:26:00,233,31,36,-3,-8,1
08/21/2017 16:27:00,233,31,37,-3,-8,1
08/21/2017 16:28:00,233,32,36,-3,-8,1
08/21/2017 16:29:00,233,32,37,-2,-8,1
08/21/2017 16:30:00,233,31,35,-3,-8,1
08/21/2017 16:31:00,233,31,36,-3,-8,1
08/21/2017 16:32:00,233,31,35,-3,-8,1
08/21/2017 16:33:00,233,31,36,-3,-8,1
08/21/2017 16:34:00,233,31,36,-3,-8,1
08/21/2017 16:35:00,233,30,36,-3,-8,1
08/21/2017 16:36:00,233,30,37,-3,-8,1
08/21/2017 16:37:00,233,30,36,-3,-8,1
08/21/2017 16:38:00,233,28,36,-3,-8,1
08/21/2017 16:39:00,233,28,36,-3,-7,1
08/21/2017 16:40:00,233,28,36,-2,-7,1
08/21/2017 16:41:00,233,28,36,-2,-7,1
08/21/2017 16:42:00,233,28,37,-2,-7,1
08/21/2017 16:43:00,233,28,36,-2,-7,1
08/21/2017 16:44:00,233,28,37,-2,-7,1
08/21/2017 16:45:00,233,27,35,-2,-6,1
08/21/2017 16:46:00,233,26,35,-2,-7,1
08/21/2017 16:47:00,233,26,36,-2,-6,1
08/21/2017 16:48:00,233,26,36,-2,-6,1
08/21/2017 16:49:00,233,26,36,-2,-6,1
08/21/2017 16:50:00,233,25,35,-2,-6,1
08/21/2017 16:51:00,233,26,36,-2,-6,1
08/21/2017 16:52:00,233,24,36,-3,-6,1
08/21/2017 16:53:00,233,24,35,-3,-6,1
08/21/2017 16:54:00,233,23,35,-3,-7,1
08/21/2017 16:55:00,233,23,35,-3,-6,1
08/21/2017 16:56:00,233,23,35,-3,-6,1
08/21/2017 16:57:00,233,23,35,-3,-6,1
08/21/2017 16:58:00,233,22,34,-3,-6,1
08/21/2017 16:59:00,233,22,33,-3,-7,1
08/21/2017 17:00:00,233,21,33,-3,-7,1
08/21/2017 17:01:00,233,21,33,-3,-6,1
08/21/2017 17:02:00,233,21,33,-3,-6,1
08/21/2017 17:03:00,233,20,34,-3,-6,1
08/21/2017 17:04:00,233,20,33,-3,-6,1
08/21/2017 17:05:00,233,20,32,-3,-6,1
08/21/2017 17:06:00,233,19,33,-3,-6,1
08/21/2017 17:07:00,233,19,33,-3,-6,1
08/21/2017 17:08:00,233,19,34,-3,-6,1
08/21/2017 17:09:00,233,19,33,-3,-6,1
08/21/2017 17:10:00,233,19,32,-3,-6,1
08/21/2017 17:11:00,233,18,33,-3,-6,1
08/21/2017 17:12:00,233,18,33,-4,-6,1
08/21/2017 17:13:00,233,18,32,-4,-6,1
08/21/2017 17:14:00,233,17,32,-4,-6,1
08/21/2017 17:15:00,233,16,33,-4,-6,1
08/21/2017 17:16:00,233,16,33,-4,-5,1
08/21/2017 17:17:00,233,16,32,-4,-5,1
08/21/2017 17:18:00,233,15,32,-4,-5,1
08/21/2017 17:19:00,233,15,32,-4,-5,1
08/21/2017 17:20:00,233,15,33,-4,-5,1
08/21/2017 17:21:00,233,15,33,-4,-5,1
08/21/2017 17:22:00,233,15,34,-3,-4,1
08/21/2017 17:23:00,233,16,34,-3,-5,1
08/21/2017 17:24:00,233,16,34,-3,-4,1
08/21/2017 17:25:00,233,16,34,-4,-4,1
08/21/2017 17:26:00,233,15,34,-4,-5,1
08/21/2017 17:27:00,233,15,34,-4,-4,1
08/21/2017 17:28:00,233,16,35,-4,-4,1
08/21/2017 17:29:00,233,16,35,-4,-4,1
08/21/2017 17:30:00,233,15,35,-4,-4,1
08/21/2017 17:31:00,233,15,35,-4,-4,1
08/21/2017 17:32:00,233,15,35,-4,-4,1
08/21/2017 17:33:00,233,14,35,-4,-4,1
08/21/2017 17:34:00,233,15,35,-4,-4,1
08/21/2017 17:35:00,233,16,36,-4,-4,1
08/21/2017 17:36:00,233,16,35,-4,-4,1
08/21/2017 17:37:00,233,16,35,-4,-4,1
08/21/2017 17:38:00,233,15,36,-4,-4,1
08/21/2017 17:39:00,233,16,36,-4,-4,1
08/21/2017 17:40:00,233,17,35,-4,-4,1
08/21/2017 17:41:00,233,17,36,-4,-4,1
08/21/2017 17:42:00,233,17,36,-4,-4,1
08/21/2017 17:43:00,233,17,36,-4,-4,1
08/21/2017 17:44:00,233,18,36,-4,-4,1
08/21/2017 17:45:00,233,17,36,-4,-4,1
08/21/2017 17:46:00,233,17,35,-4,-4,1
08/21/2017 17:47:00,233,16,36,-4,-4,1
08/21/2017 17:48:00,233,16,35,-4,-3,1
08/21/2017 17:49:00,233,18,36,-4,-3,1
08/21/2017 17:50:00,233,18,36,-5,-3,1
08/21/2017 17:51:00,233,20,35,-5,-3,1
08/21/2017 17:52:00,233,19,34,-5,-3,1
08/21/2017 17:53:00,233,19,35,-5,-3,1
08/21/2017 17:54:00,233,18,35,-5,-3,1
08/21/2017 17:55:00,233,18,35,-6,-3,1
08/21/2017 17:56:00,233,17,36,-6,-3,1
08/21/2017 17:57:00,233,16,36,-6,-3,1
08/21/2017 17:58:00,233,16,37,-6,-2,1
08/21/2017 17:59:00,233,16,37,-6,-3,1
08/21/2017 18:00:00,233,14,36,-6,-2,1
08/21/2017 18:01:00,233,14,36,-6,-2,1
08/21/2017 18:02:00,233,12,36,-6,-2,1
08/21/2017 18:03:00,233,12,36,-6,-2,1
08/21/2017 18:04:00,233,11,37,-6,-2,1
08/21/2017 18:05:00,233,11,37,-6,-1,1
08/21/2017 18:06:00,233,10,37,-5,-2,1
08/21/2017 18:07:00,233,11,37,-5,-2,1
08/21/2017 18:08:00,233,10,36,-5,-2,1
08/21/2017 18:09:00,233,12,36,-5,-3,1
08/21/2017 18:10:00,233,12,36,-5,-3,1
08/21/2017 18:11:00,233,12,36,-5,-3,1
08/21/2017 18:12:00,233,12,36,-5,-3,1
08/21/2017 18:13:00,233,12,36,-5,-3,1
08/21/2017 18:14:00,233,13,36,-5,-3,1
08/21/2017 18:15:00,233,13,36,-5,-3,1
08/21/2017 18:16:00,233,13,36,-5,-3,1
08/21/2017 18:17:00,233,14,35,-5,-3,1
08/21/2017 18:18:00,233,13,36,-5,-3,1
08/21/2017 18:19:00,233,13,36,-5,-3,1
08/21/2017 18:20:00,233,13,37,-5,-3,1
08/21/2017 18:21:00,233,12,36,-4,-3,1
08/21/2017 18:22:00,233,13,36,-4,-3,1
08/21/2017 18:23:00,233,13,35,-4,-4,1
08/21/2017 18:24:00,233,12,35,-4,-3,1
08/21/2017 18:25:00,233,11,35,-4,-3,1
08/21/2017 18:26:00,233,12,34,-4,-4,1
08/21/2017 18:27:00,233,11,35,-4,-3,1
08/21/2017 18:28:00,233,10,35,-4,-3,1
08/21/2017 18:29:00,233,11,35,-4,-3,1
08/21/2017 18:30:00,233,11,35,-4,-3,1
08/21/2017 18:31:00,233,11,34,-4,-3,1
08/21/2017 18:32:00,233,12,34,-4,-4,1
08/21/2017 18:33:00,233,11,33,-4,-3,1
08/21/2017 18:34:00,233,12,33,-4,-3,1
08/21/2017 18:35:00,233,13,32,-4,-3,1
08/21/2017 18:36:00,233,13,33,-4,-3,1
08/21/2017 18:37:00,233,13,33,-4,-3,1
08/21/2017 18:38:00,233,14,32,-4,-3,1
08/21/2017 18:39:00,233,14,31,-4,-3,1
08/21/2017 18:40:00,233,14,31,-4,-3,1
08/21/2017 18:41:00,233,14,31,-3,-3,1
08/21/2017 18:42:00,233,15,31,-3,-3,1
08/21/2017 18:43:00,233,15,30,-3,-3,1
08/21/2017 18:44:00,233,16,30,-3,-3,1
08/21/2017 18:45:00,233,17,29,-3,-3,1
08/21/2017 18:46:00,233,18,29,-3,-4,1
08/21/2017 18:47:00,233,18,28,-3,-4,1
08/21/2017 18:48:00,233,18,27,-3,-5,1
08/21/2017 18:49:00,233,20,27,-3,-5,1
08/21/2017 18:50:00,233,19,27,-3,-6,1
08/21/2017 18:51:00,233,19,27,-3,-6,1
08/21/2017 18:52:00,233,20,26,-3,-6,1
08/21/2017 18:53:00,233,19,26,-3,-6,1
08/21/2017 18:54:00,233,19,26,-3,-5,1
08/21/2017 18:55:00,233,19,26,-3,-5,1
08/21/2017 18:56:00,233,19,26,-3,-5,1
08/21/2017 18:57:00,233,20,26,-3,-5,1
08/21/2017 18:58:00,233,20,26,-3,-5,1
08/21/2017 18:59:00,233,21,26,-3,-5,1
08/21/2017 19:00:00,233,21,25,-3,-4,1
08/21/2017 19:01:00,233,21,24,-3,-4,1
08/21/2017 19:02:00,233,21,24,-3,-4,1
08/21/2017 19:03:00,233,21,24,-3,-4,1
08/21/2017 19:04:00,233,22,24,-3,-4,1
08/21/2017 19:05:00,233,22,24,-3,-5,1
08/21/2017 19:06:00,233,22,23,-3,-4,1
08/21/2017 19:07:00,233,22,23,-3,-4,1
08/21/2017 19:08:00,233,22,24,-3,-4,1
08/21/2017 19:09:00,233,22,24,-3,-4,1
08/21/2017 19:10:00,233,22,23,-3,-4,1
08/21/2017 19:11:00,233,22,22,-3,-4,1
08/21/2017 19:12:00,233,22,21,-3,-5,1
08/21/2017 19:13:00,233,22,22,-3,-4,1
08/21/2017 19:14:00,233,23,22,-3,-4,1
08/21/2017 19:15:00,233,23,22,-3,-4,1
08/21/2017 19:16:00,233,23,21,-3,-4,1
08/21/2017 19:17:00,233,23,21,-3,-4,1
08/21/2017 19:18:00,233,24,22,-3,-4,1
08/21/2017 19:19:00,233,24,22,-3,-4,1
08/21/2017 19:20:00,233,24,23,-3,-5,1
08/21/2017 19:21:00,233,23,21,-2,-5,1
08/21/2017 19:22:00,233,24,21,-2,-5,1
08/21/2017 19:23:00,233,23,20,-2,-6,1
08/21/2017 19:24:00,233,24,21,-2,-6,1
08/21/2017 19:25:00,233,24,21,-2,-7,1
08/21/2017 19:26:00,233,24,20,-2,-7,1
08/21/2017 19:27:00,233,24,21,-2,-6,1
08/21/2017 19:28:00,233,24,22,-2,-6,1
08/21/2017 19:29:00,233,24,21,-2,-6,1
08/21/2017 19:30:00,233,25,21,-2,-6,1
08/21/2017 19:31:00,233,26,20,-2,-7,1
08/21/2017 19:32:00,233,25,18,-2,-8,1
08/21/2017 19:33:00,233,25,19,-2,-8,1
08/21/2017 19:34:00,233,24,19,-2,-7,1
08/21/2017 19:35:00,233,23,18,-2,-8,1
08/21/2017 19:36:00,233,24,18,-2,-8,1
08/21/2017 19:37:00,233,25,17,-2,-8,1
08/21/2017 19:38:00,233,24,18,-2,-8,1
08/21/2017 19:39:00,233,24,20,-2,-7,1
08/21/2017 19:40:00,233,25,19,-2,-7,1
08/21/2017 19:41:00,233,25,19,-2,-7,1
08/21/2017 19:42:00,233,24,18,-2,-6,1
08/21/2017 19:43:00,233,24,19,-2,-7,1
08/21/2017 19:44:00,233,25,18,-2,-6,1
08/21/2017 19:45:00,233,25,18,-2,-7,1
08/21/2017 19:46:00,233,25,18,-2,-7,1
08/21/2017 19:47:00,233,25,16,-2,-8,1
08/21/2017 19:48:00,233,26,18,-3,-8,1
08/21/2017 19:49:00,233,26,18,-2,-8,1
08/21/2017 19:50:00,233,25,18,-2,-8,1
08/21/2017 19:51:00,233,25,18,-2,-8,1
08/21/2017 19:52:00,233,26,19,-2,-8,1
08/21/2017 19:53:00,233,27,18,-2,-8,1
08/21/2017 19:54:00,233,27,19,-2,-8,1
08/21/2017 19:55:00,233,27,19,-2,-8,1
08/21/2017 19:56:00,233,28,18,-2,-8,1
08/21/2017 19:57:00,233,28,19,-2,-8,1
08/21/2017 19:58:00,233,30,20,-2,-7,1
08/21/2017 19:59:00,233,29,19,-2,-7,1
08/21/2017 20:00:00,233,29,18,-2,-7,1
08/21/2017 20:01:00,233,30,19,-2,-7,1
08/21/2017 20:02:00,233,30,18,-2,-8,1
08/21/2017 20:03:00,233,30,18,-2,-8,1
08/21/2017 20:04:00,233,30,18,-2,-8,1
08/21/2017 20:05:00,233,30,19,-2,-8,1
08/21/2017 20:06:00,233,30,19,-2,-8,1
08/21/2017 20:07:00,233,30,18,-2,-8,1
08/21/2017 20:08:00,233,29,18,-2,-8,1
08/21/2017 20:09:00,233,29,18,-2,-8,1
08/21/2017 20:10:00,233,29,17,-2,-8,1
08/21/2017 20:11:00,233,29,18,-2,-7,1
08/21/2017 20:12:00,233,30,18,-2,-7,1
08/21/2017 20:13:00,233,31,17,-2,-7,1
08/21/2017 20:14:00,233,32,17,-2,-7,1
08/21/2017 20:15:00,233,33,18,-2,-7,1
08/21/2017 20:16:00,233,32,16,-2,-7,1
08/21/2017 20:17:00,233,33,16,-2,-7,1
08/21/2017 20:18:00,233,34,17,-1,-6,1
08/21/2017 20:19:00,233,34,17,-2,-6,1
08/21/2017 20:20:00,233,35,17,-1,-6,1
08/21/2017 20:21:00,233,36,17,-2,-5,1
08/21/2017 20:22:00,233,37,18,-1,-5,1
08/21/2017 20:23:00,233,37,19,-1,-5,1
08/21/2017 20:24:00,233,38,18,-1,-5,1
08/21/2017 20:25:00,233,37,17,-1,-6,1
08/21/2017 20:26:00,233,38,17,-1,-6,1
08/21/2017 20:27:00,233,38,17,-1,-6,1
08/21/2017 20:28:00,233,37,17,-1,-7,1
08/21/2017 20:29:00,233,35,15,-1,-7,1
08/21/2017 20:30:00,233,34,12,-1,-8,1
08/21/2017 20:31:00,233,34,11,-1,-8,1
08/21/2017 20:32:00,233,33,12,-1,-8,1
08/21/2017 20:33:00,233,33,11,-1,-7,1
08/21/2017 20:34:00,233,33,10,-1,-6,1
08/21/2017 20:35:00,233,33,10,-1,-6,1
08/21/2017 20:36:00,233,33,10,-1,-5,1
08/21/2017 20:37:00,233,34,13,-1,-4,1
08/21/2017 20:38:00,233,36,15,-1,-3,1
08/21/2017 20:39:00,233,39,18,-1,-2,1
08/21/2017 20:40:00,233,40,19,0,-1,1
08/21/2017 20:41:00,233,40,21,0,0,1
08/21/2017 20:42:00,233,38,18,-1,-1,1
08/21/2017 20:43:00,233,36,14,-1,-2,1
08/21/2017 20:44:00,233,37,13,-1,-2,1
08/21/2017 20:45:00,233,36,13,-1,-3,1
08/21/2017 20:46:00,233,39,17,-1,-2,1
08/21/2017 20:47:00,233,42,22,0,0,1
08/21/2017 20:48:00,233,41,24,0,0,1
08/21/2017 20:49:00,233,38,21,0,-1,1
08/21/2017 20:50:00,233,34,14,-1,-3,1
08/21/2017 20:51:00,233,31,9,-2,-5,1
08/21/2017 20:52:00,233,32,10,-2,-6,1
08/21/2017 20:53:00,233,34,10,-2,-5,1
08/21/2017 20:54:00,233,34,10,-2,-4,1
08/21/2017 20:55:00,233,35,10,-2,-4,1
08/21/2017 20:56:00,233,36,10,-2,-4,1
08/21/2017 20:57:00,233,37,11,-2,-4,1
08/21/2017 20:58:00,233,36,11,-2,-4,1
08/21/2017 20:59:00,233,36,11,-2,-4,1
08/21/2017 21:00:00,233,36,11,-2,-4,1
08/21/2017 21:01:00,233,37,11,-2,-4,1
08/21/2017 21:02:00,233,36,11,-2,-5,1
08/21/2017 21:03:00,233,35,11,-2,-5,1
08/21/2017 21:04:00,233,34,11,-2,-4,1
08/21/2017 21:05:00,233,35,12,-1,-4,1
08/21/2017 21:06:00,233,35,12,-2,-4,1
08/21/2017 21:07:00,233,35,12,-2,-5,1
08/21/2017 21:08:00,233,34,12,-2,-4,1
08/21/2017 21:09:00,233,34,12,-1,-4,1
08/21/2017 21:10:00,233,34,12,-1,-5,1
08/21/2017 21:11:00,233,35,12,-1,-5,1
08/21/2017 21:12:00,233,35,12,-1,-5,1
08/21/2017 21:13:00,233,34,12,-1,-4,1
08/21/2017 21:14:00,233,36,13,-1,-5,1
08/21/2017 21:15:00,233,38,14,-1,-5,1
08/21/2017 21:16:00,233,36,14,-1,-6,1
08/21/2017 21:17:00,233,34,13,-1,-6,1
08/21/2017 21:18:00,233,32,12,-1,-5,1
08/21/2017 21:19:00,233,32,13,-1,-5,1
08/21/2017 21:20:00,233,34,13,-1,-6,1
08/21/2017 21:21:00,233,36,13,0,-6,1
08/21/2017 21:22:00,233,36,14,0,-7,1
08/21/2017 21:23:00,233,36,13,1,-7,1
08/21/2017 21:24:00,233,37,13,1,-8,1
08/21/2017 21:25:00,233,34,12,1,-9,1
08/21/2017 21:26:00,233,34,13,1,-10,1
08/21/2017 21:27:00,233,33,14,1,-10,1
08/21/2017 21:28:00,233,32,14,1,-10,1
08/21/2017 21:29:00,233,31,16,1,-10,1
08/21/2017 21:30:00,233,31,16,1,-10,1
08/21/2017 21:31:00,233,31,16,1,-9,1
08/21/2017 21:32:00,233,33,17,1,-9,1
08/21/2017 21:33:00,233,33,18,1,-9,1
08/21/2017 21:34:00,233,33,18,1,-8,1
08/21/2017 21:35:00,233,34,18,1,-8,1
08/21/2017 21:36:00,233,34,20,1,-8,1
08/21/2017 21:37:00,233,36,19,1,-7,1
08/21/2017 21:38:00,233,35,20,1,-7,1
08/21/2017 21:39:00,233,34,19,0,-7,1
08/21/2017 21:40:00,233,34,19,0,-7,1
08/21/2017 21:41:00,233,35,19,0,-7,1
08/21/2017 21:42:00,233,34,19,0,-8,1
08/21/2017 21:43:00,233,33,19,0,-8,1
08/21/2017 21:44:00,233,33,19,0,-7,1
08/21/2017 21:45:00,233,33,19,0,-7,1
08/21/2017 21:46:00,233,33,18,0,-7,1
08/21/2017 21:47:00,233,35,19,0,-7,1
08/21/2017 21:48:00,233,36,18,0,-7,1
08/21/2017 21:49:00,233,35,19,-1,-8,1
08/21/2017 21:50:00,233,36,18,-1,-8,1
08/21/2017 21:51:00,233,35,18,-1,-9,1
08/21/2017 21:52:00,233,33,18,-1,-9,1
08/21/2017 21:53:00,233,32,18,-1,-9,1
08/21/2017 21:54:00,233,31,18,-2,-9,1
08/21/2017 21:55:00,233,31,18,-2,-8,1
08/21/2017 21:56:00,233,30,19,-2,-8,1
08/21/2017 21:57:00,233,30,20,-2,-8,1
08/21/2017 21:58:00,233,33,20,-2,-8,1
08/21/2017 21:59:00,233,35,20,-2,-8,1
08/21/2017 22:00:00,233,35,21,-2,-8,1
08/21/2017 22:01:00,233,34,21,-2,-7,1
08/21/2017 22:02:00,233,33,21,-3,-6,1
08/21/2017 22:03:00,233,31,21,-3,-6,1
08/21/2017 22:04:00,233,34,21,-3,-6,1
08/21/2017 22:05:00,233,36,21,-3,-5,1
08/21/2017 22:06:00,233,35,21,-3,-6,1
08/21/2017 22:07:00,233,32,22,-3,-6,1
08/21/2017 22:08:00,233,32,22,-4,-6,1
08/21/2017 22:09:00,233,32,22,-4,-5,1
08/21/2017 22:10:00,233,32,24,-4,-5,1
08/21/2017 22:11:00,233,30,25,-4,-6,1
08/21/2017 22:12:00,233,30,24,-4,-7,1
08/21/2017 22:13:00,233,30,23,-4,-7,1
08/21/2017 22:14:00,233,30,23,-4,-8,1
08/21/2017 22:15:00,233,29,24,-4,-8,1
08/21/2017 22:16:00,233,29,24,-4,-8,1
08/21/2017 22:17:00,233,29,23,-4,-7,1
08/21/2017 22:18:00,233,29,23,-4,-7,1
08/21/2017 22:19:00,233,30,23,-4,-7,1
08/21/2017 22:20:00,233,30,23,-4,-7,1
08/21/2017 22:21:00,233,30,23,-3,-7,1
08/21/2017 22:22:00,233,30,24,-4,-7,1
08/21/2017 22:23:00,233,31,24,-3,-7,1
08/21/2017 22:24:00,233,32,23,-3,-8,1
08/21/2017 22:25:00,233,33,21,-3,-7,1
08/21/2017 22:26:00,233,33,22,-3,-7,1
08/21/2017 22:27:00,233,33,23,-3,-6,1
08/21/2017 22:28:00,233,33,21,-3,-6,1
08/21/2017 22:29:00,233,33,20,-3,-6,1
08/21/2017 22:30:00,233,33,19,-3,-6,1
08/21/2017 22:31:00,233,33,18,-2,-6,1
08/21/2017 22:32:00,233,34,18,-2,-6,1
08/21/2017 22:33:00,233,34,18,-2,-6,1
08/21/2017 22:34:00,233,34,18,-2,-6,1
08/21/2017 22:35:00,233,33,17,-2,-6,1
08/21/2017 22:36:00,233,33,16,-2,-5,1
08/21/2017 22:37:00,233,32,17,-2,-6,1
08/21/2017 22:38:00,233,32,17,-2,-6,1
08/21/2017 22:39:00,233,31,16,-2,-6,1
08/21/2017 22:40:00,233,32,16,-2,-6,1
08/21/2017 22:41:00,233,31,16,-2,-5,1
08/21/2017 22:42:00,233,31,15,-1,-5,1
08/21/2017 22:43:00,233,31,15,-1,-4,1
08/21/2017 22:44:00,233,32,15,-2,-5,1
08/21/2017 22:45:00,233,30,16,-1,-5,1
08/21/2017 22:46:00,233,30,16,-1,-5,1
08/21/2017 22:47:00,233,29,17,-1,-5,1
08/21/2017 22:48:00,233,29,16,-1,-6,1
08/21/2017 22:49:00,233,29,15,-1,-6,1
08/21/2017 22:50:00,233,30,16,-1,-7,1
08/21/2017 22:51:00,233,29,16,-1,-7,1
08/21/2017 22:52:00,233,28,17,-1,-6,1
08/21/2017 22:53:00,233,28,16,-1,-4,1
08/21/2017 22:54:00,233,27,15,-1,-4,1
08/21/2017 22:55:00,233,27,17,-1,-4,1
08/21/2017 22:56:00,233,27,16,-1,-5,1
08/21/2017 22:57:00,233,28,16,-1,-5,1
08/21/2017 22:58:00,233,27,15,-1,-5,1
08/21/2017 22:59:00,233,27,15,-1,-5,1
08/21/2017 23:00:00,233,28,15,-1,-4,1
08/21/2017 23:01:00,233,26,16,-1,-4,1
08/21/2017 23:02:00,233,26,16,-1,-5,1
08/21/2017 23:03:00,233,25,15,-1,-6,1
08/21/2017 23:04:00,233,25,15,-1,-6,1
08/21/2017 23:05:00,233,26,16,-1,-6,1
08/21/2017 23:06:00,233,26,15,-1,-5,1
08/21/2017 23:07:00,233,25,14,-1,-6,1
08/21/2017 23:08:00,233,25,14,-1,-5,1
08/21/2017 23:09:00,233,25,14,-1,-5,1
08/21/2017 23:10:00,233,24,15,-1,-5,1
08/21/2017 23:11:00,233,24,15,-1,-6,1
08/21/2017 23:12:00,233,24,13,-1,-7,1
08/21/2017 23:13:00,233,25,13,-1,-7,1
08/21/2017 23:14:00,233,25,13,-1,-7,1
08/21/2017 23:15:00,233,25,14,-1,-6,1
08/21/2017 23:16:00,233,24,14,0,-6,1
08/21/2017 23:17:00,233,23,14,-1,-5,1
08/21/2017 23:18:00,233,22,16,-1,-4,1
08/21/2017 23:19:00,233,21,15,-1,-4,1
08/21/2017 23:20:00,233,21,13,-1,-4,1
08/21/2017 23:21:00,233,21,14,-1,-4,1
08/21/2017 23:22:00,233,20,15,-1,-3,1
08/21/2017 23:23:00,233,19,15,-1,-3,1
08/21/2017 23:24:00,233,20,13,-1,-3,1
08/21/2017 23:25:00,233,20,12,-1,-4,1
08/21/2017 23:26:00,233,20,12,-2,-4,1
08/21/2017 23:27:00,233,19,13,-1,-2,1
08/21/2017 23:28:00,233,18,15,-1,0,1
08/21/2017 23:29:00,233,19,15,-1,0,1
08/21/2017 23:30:00,233,19,13,-1,-1,1
08/21/2017 23:31:00,233,18,13,-1,-1,1
08/21/2017 23:32:00,233,20,15,-1,0,1
08/21/2017 23:33:00,233,21,15,-1,1,1
08/21/2017 23:34:00,233,21,16,-1,1,1
08/21/2017 23:35:00,233,22,16,-1,1,1
08/21/2017 23:36:00,233,22,16,-1,-1,1
08/21/2017 23:37:00,233,21,16,-1,-1,1
08/21/2017 23:38:00,233,21,15,-1,-2,1
08/21/2017 23:39:00,233,19,13,-1,-3,1
08/21/2017 23:40:00,233,18,13,-2,-4,1
08/21/2017 23:41:00,233,17,12,-2,-4,1
08/21/2017 23:42:00,233,17,12,-2,-4,1
08/21/2017 23:43:00,233,18,10,-2,-5,1
08/21/2017 23:44:00,233,18,9,-2,-6,1
08/21/2017 23:45:00,233,19,8,-3,-6,1
08/21/2017 23:46:00,233,20,8,-2,-7,1
08/21/2017 23:47:00,233,22,9,-3,-7,1
08/21/2017 23:48:00,233,22,9,-3,-6,1
08/21/2017 23:49:00,233,22,9,-3,-7,1
08/21/2017 23:50:00,233,22,8,-3,-6,1
08/21/2017 23:51:00,233,23,9,-3,-6,1
08/21/2017 23:52:00,233,23,9,-3,-6,1
08/21/2017 23:53:00,233,24,8,-3,-6,1
08/21/2017 23:54:00,233,25,9,-3,-7,1
08/21/2017 23:55:00,233,26,10,-3,-6,1
08/21/2017 23:56:00,233,27,10,-3,-7,1
08/21/2017 23:57:00,233,26,11,-3,-8,1
08/21/2017 23:58:00,233,26,11,-3,-7,1
08/21/2017 23:59:00,233,27,10,-3,-7,1
08/22/2017 00:00:00,234,25,11,-3,-6,1
08/22/2017 00:01:00,234,23,11,-3,-5,1
08/22/2017 00:02:00,234,22,9,-3,-4,1
08/22/2017 00:03:00,234,20,7,-2,-3,1
08/22/2017 00:04:00,234,20,8,-2,-2,1
08/22/2017 00:05:00,234,20,7,-2,-1,1
08/22/2017 00:06:00,234,21,8,-2,0,1
08/22/2017 00:07:00,234,22,8,-2,1,1
08/22/2017 00:08:00,234,22,8,-2,0,1
08/22/2017 00:09:00,234,23,8,-2,1,1
08/22/2017 00:10:00,234,25,7,-1,1,1
08/22/2017 00:11:00,234,25,7,-2,1,1
08/22/2017 00:12:00,234,26,7,-1,1,1
08/22/2017 00:13:00,234,25,6,-2,0,1
08/22/2017 00:14:00,234,24,7,-2,-2,1
08/22/2017 00:15:00,234,27,9,-2,-3,1
08/22/2017 00:16:00,234,30,10,-2,-4,1
08/22/2017 00:17:00,234,31,8,-2,-5,1
08/22/2017 00:18:00,234,30,9,-2,-4,1
08/22/2017 00:19:00,234,27,7,-2,-3,1
08/22/2017 00:20:00,234,27,6,-2,-2,1
08/22/2017 00:21:00,234,26,6,-2,-2,1
08/22/2017 00:22:00,234,26,6,-2,-2,1
08/22/2017 00:23:00,234,25,6,-2,-4,1
08/22/2017 00:24:00,234,25,5,-3,-4,1
08/22/2017 00:25:00,234,25,5,-2,-5,1
08/22/2017 00:26:00,234,24,6,-2,-5,1
08/22/2017 00:27:00,234,23,6,-2,-4,1
08/22/2017 00:28:00,234,23,7,-2,-3,1
08/22/2017 00:29:00,234,22,9,-2,-4,1
08/22/2017 00:30:00,234,21,11,-2,-5,1
08/22/2017 00:31:00,234,21,10,-2,-5,1
08/22/2017 00:32:00,234,23,11,-2,-5,1
08/22/2017 00:33:00,234,24,11,-2,-5,1
08/22/2017 00:34:00,234,25,12,-1,-5,1
08/22/2017 00:35:00,234,24,13,-1,-6,1
08/22/2017 00:36:00,234,26,16,-1,-7,1
08/22/2017 00:37:00,234,28,18,-1,-8,1
08/22/2017 00:38:00,234,29,19,-1,-9,1
08/22/2017 00:39:00,234,30,20,0,-9,1
08/22/2017 00:40:00,234,33,21,0,-9,1
08/22/2017 00:41:00,234,35,22,1,-10,1
08/22/2017 00:42:00,234,39,24,2,-11,1
08/22/2017 00:43:00,234,44,25,3,-11,1
08/22/2017 00:44:00,234,49,26,4,-12,1
08/22/2017 00:45:00,234,52,27,5,-13,1
08/22/2017 00:46:00,234,57,28,6,-13,1
08/22/2017 00:47:00,234,61,31,7,-14,1
08/22/2017 00:48:00,234,66,32,8,-14,1
08/22/2017 00:49:00,234,71,32,9,-13,1
08/22/2017 00:50:00,234,75,32,9,-12,1
08/22/2017 00:51:00,234,77,33,10,-12,1
08/22/2017 00:52:00,234,81,35,11,-13,1
08/22/2017 00:53:00,234,82,34,11,-13,1
08/22/2017 00:54:00,234,83,33,12,-13,1
08/22/2017 00:55:00,234,84,33,12,-13,1
08/22/2017 00:56:00,234,86,33,13,-13,1
08/22/2017 00:57:00,234,87,33,13,-13,1
08/22/2017 00:58:00,234,87,35,14,-12,1
08/22/2017 00:59:00,234,86,36,14,-12,1
08/22/2017 01:00:00,234,86,36,15,-11,1
08/22/2017 01:01:00,234,85,37,15,-10,1
08/22/2017 01:02:00,234,85,38,15,-11,1
08/22/2017 01:03:00,234,82,41,15,-10,1
08/22/2017 01:04:00,234,80,42,15,-10,1
08/22/2017 01:05:00,234,79,42,15,-9,1
08/22/2017 01:06:00,234,77,43,15,-8,1
08/22/2017 01:07:00,234,76,44,15,-8,1
08/22/2017 01:08:00,234,75,42,15,-8,1
08/22/2017 01:09:00,234,73,41,14,-8,1
08/22/2017 01:10:00,234,71,38,14,-10,1
08/22/2017 01:11:00,234,67,37,13,-10,1
08/22/2017 01:12:00,234,65,35,12,-11,1
08/22/2017 01:13:00,234,64,34,12,-12,1
08/22/2017 01:14:00,234,63,34,11,-12,1
08/22/2017 01:15:00,234,64,32,10,-13,1
08/22/2017 01:16:00,234,65,32,10,-13,1
08/22/2017 01:17:00,234,64,32,10,-13,1
08/22/2017 01:18:00,234,63,30,9,-12,1
08/22/2017 01:19:00,234,65,30,9,-12,1
08/22/2017 01:20:00,234,67,31,9,-12,1
08/22/2017 01:21:00,234,66,31,9,-11,1
08/22/2017 01:22:00,234,66,30,9,-11,1
08/22/2017 01:23:00,234,63,31,8,-13,1
08/22/2017 01:24:00,234,62,34,8,-15,1
08/22/2017 01:25:00,234,60,35,7,-17,1
08/22/2017 01:26:00,234,59,33,6,-17,1
08/22/2017 01:27:00,234,57,30,6,-17,1
08/22/2017 01:28:00,234,53,29,5,-17,1
08/22/2017 01:29:00,234,51,29,5,-17,1
08/22/2017 01:30:00,234,50,30,5,-17,1
08/22/2017 01:31:00,234,48,30,5,-17,1
08/22/2017 01:32:00,234,47,30,5,-17,1
08/22/2017 01:33:00,234,46,30,5,-17,1
08/22/2017 01:34:00,234,46,30,4,-16,1
08/22/2017 01:35:00,234,45,30,4,-16,1
08/22/2017 01:36:00,234,45,30,4,-16,1
08/22/2017 01:37:00,234,44,30,4,-16,1
08/22/2017 01:38:00,234,44,30,4,-16,1
08/22/2017 01:39:00,234,44,31,3,-16,1
08/22/2017 01:40:00,234,44,29,3,-15,1
08/22/2017 01:41:00,234,43,30,3,-15,1
08/22/2017 01:42:00,234,42,29,2,-14,1
08/22/2017 01:43:00,234,42,31,2,-14,1
08/22/2017 01:44:00,234,41,31,2,-15,1
08/22/2017 01:45:00,234,40,31,1,-15,1
08/22/2017 01:46:00,234,39,32,1,-15,1
08/22/2017 01:47:00,234,38,32,1,-15,1
08/22/2017 01:48:00,234,39,31,0,-15,1
08/22/2017 01:49:00,234,36,32,0,-15,1
08/22/2017 01:50:00,234,36,32,-1,-15,1
08/22/2017 01:51:00,234,36,33,-1,-15,1
08/22/2017 01:52:00,234,36,33,-1,-16,1
08/22/2017 01:53:00,234,34,33,-1,-16,1
08/22/2017 01:54:00,234,34,31,-2,-16,1
08/22/2017 01:55:00,234,34,30,-2,-17,1
08/22/2017 01:56:00,234,34,31,-2,-16,1
08/22/2017 01:57:00,234,33,31,-2,-16,1
08/22/2017 01:58:00,234,33,31,-2,-16,1
08/22/2017 01:59:00,234,32,32,-2,-17,1
08/22/2017 02:00:00,234,33,32,-2,-16,1
08/22/2017 02:01:00,234,30,32,-2,-17,1
08/22/2017 02:02:00,234,31,33,-3,-17,1
08/22/2017 02:03:00,234,30,33,-3,-17,1
08/22/2017 02:04:00,234,29,33,-3,-18,1
08/22/2017 02:05:00,234,29,34,-3,-20,1
08/22/2017 02:06:00,234,30,35,-4,-21,1
08/22/2017 02:07:00,234,29,35,-4,-22,1
08/22/2017 02:08:00,234,30,36,-4,-22,1
08/22/2017 02:09:00,234,29,36,-4,-23,1
08/22/2017 02:10:00,234,28,36,-4,-24,1
08/22/2017 02:11:00,234,30,36,-3,-23,1
08/22/2017 02:12:00,234,30,36,-3,-22,1
08/22/2017 02:13:00,234,29,38,-2,-20,1
08/22/2017 02:14:00,234,28,39,-1,-20,1
08/22/2017 02:15:00,234,28,40,-1,-20,1
08/22/2017 02:16:00,234,28,40,-1,-20,1
08/22/2017 02:17:00,234,27,39,-1,-21,1
08/22/2017 02:18:00,234,27,39,-1,-22,1
08/22/2017 02:19:00,234,28,39,-1,-22,1
08/22/2017 02:20:00,234,28,40,-2,-23,1
08/22/2017 02:21:00,234,26,42,-2,-24,1
08/22/2017 02:22:00,234,26,43,-2,-27,1
08/22/2017 02:23:00,234,25,46,-2,-29,1
08/22/2017 02:24:00,234,26,49,-3,-30,1
08/22/2017 02:25:00,234,27,50,-3,-32,1
08/22/2017 02:26:00,234,28,50,-3,-32,1
08/22/2017 02:27:00,234,29,50,-3,-33,1
08/22/2017 02:28:00,234,29,50,-2,-33,1
08/22/2017 02:29:00,234,31,52,-2,-34,1
08/22/2017 02:30:00,234,34,53,0,-34,1
08/22/2017 02:31:00,234,40,56,1,-35,1
08/22/2017 02:32:00,234,44,57,2,-35,1
08/22/2017 02:33:00,234,49,58,3,-36,1
08/22/2017 02:34:00,234,51,59,4,-36,1
08/22/2017 02:35:00,234,56,60,5,-36,1
08/22/2017 02:36:00,234,59,62,6,-37,1
08/22/2017 02:37:00,234,66,62,8,-37,1
08/22/2017 02:38:00,234,72,62,10,-36,1
08/22/2017 02:39:00,234,81,63,13,-36,1
08/22/2017 02:40:00,234,87,66,15,-35,1
08/22/2017 02:41:00,234,90,68,16,-34,1
08/22/2017 02:42:00,234,90,69,17,-33,1
08/22/2017 02:43:00,234,88,71,17,-33,1
08/22/2017 02:44:00,234,86,72,18,-33,1
08/22/2017 02:45:00,234,82,74,19,-34,1
08/22/2017 02:46:00,234,81,74,19,-33,1
08/22/2017 02:47:00,234,81,73,19,-33,1
08/22/2017 02:48:00,234,83,74,20,-32,1
08/22/2017 02:49:00,234,88,75,20,-30,1
08/22/2017 02:50:00,234,93,74,20,-30,1
08/22/2017 02:51:00,234,95,74,20,-29,1
08/22/2017 02:52:00,234,96,76,20,-29,1
08/22/2017 02:53:00,234,96,77,20,-28,1
08/22/2017 02:54:00,234,98,80,19,-26,1
08/22/2017 02:55:00,234,98,82,19,-25,1
08/22/2017 02:56:00,234,96,84,19,-23,1
08/22/2017 02:57:00,234,95,87,18,-22,1
08/22/2017 02:58:00,234,94,89,18,-22,1
08/22/2017 02:59:00,234,92,89,17,-21,1
08/22/2017 03:00:00,234,90,91,16,-21,1
08/22/2017 03:01:00,234,88,91,16,-20,1
08/22/2017 03:02:00,234,86,93,15,-20,1
08/22/2017 03:03:00,234,84,93,15,-20,1
08/22/2017 03:04:00,234,85,92,14,-19,1
08/22/2017 03:05:00,234,85,93,14,-19,1
08/22/2017 03:06:00,234,82,93,13,-20,1
08/22/2017 03:07:00,234,80,92,11,-21,1
08/22/2017 03:08:00,234,79,89,10,-21,1
08/22/2017 03:09:00,234,77,88,9,-21,1
08/22/2017 03:10:00,234,79,86,8,-21,1
08/22/2017 03:11:00,234,79,86,8,-21,1
08/22/2017 03:12:00,234,79,85,7,-21,1
08/22/2017 03:13:00,234,79,84,7,-20,1
08/22/2017 03:14:00,234,79,82,6,-20,1
08/22/2017 03:15:00,234,79,81,6,-20,1
08/22/2017 03:16:00,234,79,81,6,-20,1
08/22/2017 03:17:00,234,79,80,6,-20,1
08/22/2017 03:18:00,234,77,79,5,-20,1
08/22/2017 03:19:00,234,77,78,5,-21,1
08/22/2017 03:20:00,234,76,78,5,-21,1
08/22/2017 03:21:00,234,74,77,4,-22,1
08/22/2017 03:22:00,234,74,75,4,-22,1
08/22/2017 03:23:00,234,72,74,4,-23,1
08/22/2017 03:24:00,234,71,72,3,-22,1
08/22/2017 03:25:00,234,72,73,3,-21,1
08/22/2017 03:26:00,234,70,73,3,-20,1
08/22/2017 03:27:00,234,70,73,3,-20,1
08/22/2017 03:28:00,234,69,72,2,-19,1
08/22/2017 03:29:00,234,69,72,1,-20,1
08/22/2017 03:30:00,234,67,72,1,-21,1
08/22/2017 03:31:00,234,66,71,0,-21,1
08/22/2017 03:32:00,234,65,70,-1,-22,1
08/22/2017 03:33:00,234,63,70,-1,-22,1
08/22/2017 03:34:00,234,60,70,-2,-23,1
08/22/2017 03:35:00,234,56,68,-2,-23,1
08/22/2017 03:36:00,234,54,67,-2,-24,1
08/22/2017 03:37:00,234,51,67,-3,-25,1
08/22/2017 03:38:00,234,50,66,-3,-26,1
08/22/2017 03:39:00,234,47,65,-2,-27,1
08/22/2017 03:40:00,234,45,66,-2,-27,1
08/22/2017 03:41:00,234,44,65,-2,-27,1
08/22/2017 03:42:00,234,42,65,-1,-27,1
08/22/2017 03:43:00,234,42,64,-1,-27,1
08/22/2017 03:44:00,234,43,63,0,-27,1
08/22/2017 03:45:00,234,47,64,1,-28,1
08/22/2017 03:46:00,234,48,63,1,-29,1
08/22/2017 03:47:00,234,48,64,1,-29,1
08/22/2017 03:48:00,234,47,65,1,-29,1
08/22/2017 03:49:00,234,46,65,1,-29,1
08/22/2017 03:50:00,234,45,66,1,-29,1
08/22/2017 03:51:00,234,44,65,1,-29,1
08/22/2017 03:52:00,234,43,64,1,-29,1
08/22/2017 03:53:00,234,42,62,1,-28,1
08/22/2017 03:54:00,234,42,60,2,-27,1
08/22/2017 03:55:00,234,41,59,2,-27,1
08/22/2017 03:56:00,234,41,59,2,-27,1
08/22/2017 03:57:00,234,41,59,2,-28,1
08/22/2017 03:58:00,234,41,58,2,-28,1
08/22/2017 03:59:00,234,41,56,1,-27,1
08/22/2017 04:00:00,234,41,55,1,-27,1
08/22/2017 04:01:00,234,40,55,1,-27,1
08/22/2017 04:02:00,234,40,55,1,-27,1
08/22/2017 04:03:00,234,40,54,1,-28,1
08/22/2017 04:04:00,234,39,54,1,-28,1
08/22/2017 04:05:00,234,38,53,1,-28,1
08/22/2017 04:06:00,234,38,52,1,-28,1
08/22/2017 04:07:00,234,37,51,0,-28,1
08/22/2017 04:08:00,234,36,51,0,-28,1
08/22/2017 04:09:00,234,35,51,0,-27,1
08/22/2017 04:10:00,234,33,49,0,-28,1
08/22/2017 04:11:00,234,32,49,-1,-28,1
08/22/2017 04:12:00,234,32,47,-1,-28,1
08/22/2017 04:13:00,234,31,47,-2,-28,1
08/22/2017 04:14:00,234,31,46,-2,-29,1
08/22/2017 04:15:00,234,31,47,-2,-29,1
08/22/2017 04:16:00,234,30,45,-2,-29,1
08/22/2017 04:17:00,234,29,45,-3,-28,1
08/22/2017 04:18:00,234,28,43,-3,-27,1
08/22/2017 04:19:00,234,27,43,-3,-27,1
08/22/2017 04:20:00,234,26,42,-3,-26,1
08/22/2017 04:21:00,234,26,42,-2,-26,1
08/22/2017 04:22:00,234,27,41,-2,-26,1
08/22/2017 04:23:00,234,26,41,-2,-26,1
08/22/2017 04:24:00,234,27,41,-2,-26,1
08/22/2017 04:25:00,234,26,41,-2,-25,1
08/22/2017 04:26:00,234,27,41,-2,-25,1
08/22/2017 04:27:00,234,27,41,-1,-25,1
08/22/2017 04:28:00,234,29,40,-1,-26,1
08/22/2017 04:29:00,234,30,40,-1,-26,1
08/22/2017 04:30:00,234,31,41,-1,-26,1
08/22/2017 04:31:00,234,32,42,-1,-27,1
08/22/2017 04:32:00,234,33,42,-1,-27,1
08/22/2017 04:33:00,234,33,44,-1,-27,1
08/22/2017 04:34:00,234,35,44,-1,-27,1
08/22/2017 04:35:00,234,35,44,-1,-27,1
08/22/2017 04:36:00,234,35,44,0,-27,1
08/22/2017 04:37:00,234,34,44,0,-27,1
08/22/2017 04:38:00,234,35,45,0,-29,1
08/22/2017 04:39:00,234,34,44,0,-29,1
08/22/2017 04:40:00,234,34,45,0,-29,1
08/22/2017 04:41:00,234,33,44,0,-30,1
08/22/2017 04:42:00,234,34,44,0,-30,1
08/22/2017 04:43:00,234,34,44,0,-30,1
08/22/2017 04:44:00,234,35,44,0,-30,1
08/22/2017 04:45:00,234,34,43,0,-29,1
08/22/2017 04:46:00,234,34,42,0,-29,1
08/22/2017 04:47:00,234,33,42,0,-28,1
08/22/2017 04:48:00,234,34,42,0,-29,1
08/22/2017 04:49:00,234,33,42,0,-29,1
08/22/2017 04:50:00,234,33,42,0,-28,1
08/22/2017 04:51:00,234,33,42,0,-28,1
08/22/2017 04:52:00,234,34,42,0,-28,1
08/22/2017 04:53:00,234,34,42,0,-27,1
08/22/2017 04:54:00,234,33,43,1,-25,1
08/22/2017 04:55:00,234,31,42,1,-23,1
08/22/2017 04:56:00,234,32,42,1,-22,1
08/22/2017 04:57:00,234,31,41,1,-22,1
08/22/2017 04:58:00,234,30,40,1,-22,1
08/22/2017 04:59:00,234,30,40,1,-23,1
08/22/2017 05:00:00,234,31,41,1,-23,1
08/22/2017 05:01:00,234,31,42,1,-21,1
08/22/2017 05:02:00,234,30,41,1,-20,1
08/22/2017 05:03:00,234,29,41,1,-19,1
08/22/2017 05:04:00,234,29,41,1,-20,1
08/22/2017 05:05:00,234,30,40,1,-19,1
08/22/2017 05:06:00,234,31,41,1,-19,1
08/22/2017 05:07:00,234,32,42,1,-18,1
08/22/2017 05:08:00,234,31,42,1,-16,1
08/22/2017 05:09:00,234,31,43,1,-16,1
08/22/2017 05:10:00,234,32,42,1,-14,1
08/22/2017 05:11:00,234,33,43,1,-14,1
08/22/2017 05:12:00,234,33,44,1,-14,1
08/22/2017 05:13:00,234,33,43,1,-15,1
08/22/2017 05:14:00,234,33,44,1,-15,1
08/22/2017 05:15:00,234,33,44,1,-16,1
08/22/2017 05:16:00,234,33,43,0,-16,1
08/22/2017 05:17:00,234,34,44,0,-17,1
08/22/2017 05:18:00,234,34,45,0,-18,1
08/22/2017 05:19:00,234,33,46,0,-19,1
08/22/2017 05:20:00,234,34,45,0,-18,1
08/22/2017 05:21:00,234,34,46,1,-15,1
08/22/2017 05:22:00,234,33,45,1,-14,1
08/22/2017 05:23:00,234,32,45,1,-15,1
08/22/2017 05:24:00,234,32,45,1,-17,1
08/22/2017 05:25:00,234,30,45,0,-17,1
08/22/2017 05:26:00,234,30,45,0,-17,1
08/22/2017 05:27:00,234,31,45,-1,-17,1
08/22/2017 05:28:00,234,30,45,0,-16,1
08/22/2017 05:29:00,234,30,44,-1,-17,1
08/22/2017 05:30:00,234,29,44,-1,-16,1
08/22/2017 05:31:00,234,30,44,-1,-16,1
08/22/2017 05:32:00,234,29,45,-1,-16,1
08/22/2017 05:33:00,234,28,45,-1,-16,1
08/22/2017 05:34:00,234,28,45,-1,-18,1
08/22/2017 05:35:00,234,28,45,-1,-18,1
08/22/2017 05:36:00,234,28,45,-1,-18,1
08/22/2017 05:37:00,234,29,45,-1,-18,1
08/22/2017 05:38:00,234,28,46,-1,-18,1
08/22/2017 05:39:00,234,29,46,-1,-18,1
08/22/2017 05:40:00,234,28,46,-2,-18,1
08/22/2017 05:41:00,234,28,46,-2,-19,1
08/22/2017 05:42:00,234,28,46,-2,-19,1
08/22/2017 05:43:00,234,28,45,-2,-18,1
08/22/2017 05:44:00,234,28,45,-2,-18,1
08/22/2017 05:45:00,234,30,45,-2,-19,1
08/22/2017 05:46:00,234,31,45,-1,-18,1
08/22/2017 05:47:00,234,30,45,-1,-17,1
08/22/2017 05:48:00,234,31,44,-1,-18,1
08/22/2017 05:49:00,234,31,45,-2,-19,1
08/22/2017 05:50:00,234,32,45,-1,-20,1
08/22/2017 05:51:00,234,32,45,-1,-19,1
08/22/2017 05:52:00,234,31,45,-1,-17,1
08/22/2017 05:53:00,234,31,45,-1,-17,1
08/22/2017 05:54:00,234,30,44,-1,-18,1
08/22/2017 05:55:00,234,29,45,-2,-19,1
08/22/2017 05:56:00,234,30,44,-2,-20,1
08/22/2017 05:57:00,234,30,44,-2,-21,1
08/22/2017 05:58:00,234,29,44,-2,-22,1
08/22/2017 05:59:00,234,29,44,-2,-22,1
08/22/2017 06:00:00,234,29,44,-2,-22,1
08/22/2017 06:01:00,234,28,45,-2,-21,1
08/22/2017 06:02:00,234,27,44,-2,-19,1
08/22/2017 06:03:00,234,26,43,-2,-19,1
08/22/2017 06:04:00,234,25,43,-2,-20,1
08/22/2017 06:05:00,234,24,43,-2,-21,1
08/22/2017 06:06:00,234,22,43,-2,-23,1
08/22/2017 06:07:00,234,22,42,-2,-24,1
08/22/2017 06:08:00,234,22,41,-2,-25,1
08/22/2017 06:09:00,234,22,41,-2,-25,1
08/22/2017 06:10:00,234,21,40,-2,-24,1
08/22/2017 06:11:00,234,21,40,-2,-24,1
08/22/2017 06:12:00,234,21,40,-2,-23,1
08/22/2017 06:13:00,234,21,40,-2,-23,1
08/22/2017 06:14:00,234,22,39,-2,-22,1
08/22/2017 06:15:00,234,20,39,-2,-23,1
08/22/2017 06:16:00,234,19,38,-2,-23,1
08/22/2017 06:17:00,234,18,38,-2,-23,1
08/22/2017 06:18:00,234,17,38,-2,-23,1
08/22/2017 06:19:00,234,15,36,-2,-23,1
08/22/2017 06:20:00,234,15,36,-2,-23,1
08/22/2017 06:21:00,234,14,37,-2,-28,1
08/22/2017 06:22:00,234,17,36,-2,-33,1
08/22/2017 06:23:00,234,20,37,-2,-36,1
08/22/2017 06:24:00,234,21,37,-1,-37,1
08/22/2017 06:25:00,234,20,38,-1,-37,1
08/22/2017 06:26:00,234,20,37,-1,-37,1
08/22/2017 06:27:00,234,19,36,-1,-36,1
08/22/2017 06:28:00,234,18,35,-1,-35,1
08/22/2017 06:29:00,234,18,34,-1,-34,1
08/22/2017 06:30:00,234,15,33,-1,-33,1
08/22/2017 06:31:00,234,15,32,-1,-33,1
08/22/2017 06:32:00,234,15,32,0,-32,1
08/22/2017 06:33:00,234,13,32,0,-31,1
08/22/2017 06:34:00,234,14,30,-1,-29,1
08/22/2017 06:35:00,234,14,30,-1,-28,1
08/22/2017 06:36:00,234,14,29,-1,-30,1
08/22/2017 06:37:00,234,15,27,-1,-32,1
08/22/2017 06:38:00,234,16,29,0,-34,1
08/22/2017 06:39:00,234,18,30,0,-36,1
08/22/2017 06:40:00,234,19,29,0,-37,1
08/22/2017 06:41:00,234,20,30,0,-38,1
08/22/2017 06:42:00,234,20,31,0,-39,1
08/22/2017 06:43:00,234,20,32,0,-39,1
08/22/2017 06:44:00,234,21,32,0,-38,1
08/22/2017 06:45:00,234,19,32,0,-38,1
08/22/2017 06:46:00,234,19,31,0,-37,1
08/22/2017 06:47:00,234,19,30,0,-37,1
08/22/2017 06:48:00,234,18,29,0,-36,1
08/22/2017 06:49:00,234,18,27,0,-36,1
08/22/2017 06:50:00,234,16,25,0,-36,1
08/22/2017 06:51:00,234,16,25,0,-35,1
08/22/2017 06:52:00,234,14,24,-1,-34,1
08/22/2017 06:53:00,234,15,23,-1,-34,1
08/22/2017 06:54:00,234,15,23,-1,-33,1
08/22/2017 06:55:00,234,13,22,-2,-33,1
08/22/2017 06:56:00,234,12,22,-2,-31,1
08/22/2017 06:57:00,234,11,22,-3,-30,1
08/22/2017 06:58:00,234,11,21,-3,-28,1
08/22/2017 06:59:00,234,11,20,-4,-27,1
08/22/2017 07:00:00,234,10,20,-4,-26,1
08/22/2017 07:01:00,234,9,17,-4,-26,1
08/22/2017 07:02:00,234,10,17,-5,-26,1
08/22/2017 07:03:00,234,9,16,-5,-26,1
08/22/2017 07:04:00,234,10,15,-5,-26,1
08/22/2017 07:05:00,234,11,14,-5,-26,1
08/22/2017 07:06:00,234,11,14,-5,-26,1
08/22/2017 07:07:00,234,12,14,-5,-26,1
08/22/2017 07:08:00,234,13,14,-5,-25,1
08/22/2017 07:09:00,234,13,13,-5,-25,1
08/22/2017 07:10:00,234,13,12,-5,-24,1
08/22/2017 07:11:00,234,13,12,-5,-24,1
08/22/2017 07:12:00,234,14,10,-4,-25,1
08/22/2017 07:13:00,234,13,11,-4,-24,1
08/22/2017 07:14:00,234,13,12,-4,-24,1
08/22/2017 07:15:00,234,13,12,-4,-23,1
08/22/2017 07:16:00,234,13,10,-4,-22,1
08/22/2017 07:17:00,234,13,10,-5,-22,1
08/22/2017 07:18:00,234,13,14,-4,-23,1
08/22/2017 07:19:00,234,12,15,-4,-22,1
08/22/2017 07:20:00,234,13,13,-3,-23,1
08/22/2017 07:21:00,234,14,14,-3,-23,1
08/22/2017 07:22:00,234,13,17,-3,-23,1
08/22/2017 07:23:00,234,13,18,-3,-24,1
08/22/2017 07:24:00,234,15,15,-2,-26,1
08/22/2017 07:25:00,234,15,16,-2,-28,1
08/22/2017 07:26:00,234,16,14,-1,-30,1
08/22/2017 07:27:00,234,16,13,-1,-33,1
08/22/2017 07:28:00,234,16,13,0,-34,1
08/22/2017 07:29:00,234,16,15,1,-36,1
08/22/2017 07:30:00,234,17,14,1,-36,1
08/22/2017 07:31:00,234,17,14,1,-37,1
08/22/2017 07:32:00,234,19,14,1,-37,1
08/22/2017 07:33:00,234,19,13,1,-36,1
08/22/2017 07:34:00,234,18,11,1,-36,1
08/22/2017 07:35:00,234,19,11,1,-35,1
08/22/2017 07:36:00,234,20,10,0,-35,1
08/22/2017 07:37:00,234,22,10,0,-36,1
08/22/2017 07:38:00,234,22,12,1,-36,1
08/22/2017 07:39:00,234,23,12,1,-36,1
08/22/2017 07:40:00,234,24,13,1,-37,1
08/22/2017 07:41:00,234,24,12,1,-37,1
08/22/2017 07:42:00,234,25,12,1,-36,1
08/22/2017 07:43:00,234,25,11,1,-36,1
08/22/2017 07:44:00,234,25,12,1,-35,1
08/22/2017 07:45:00,234,24,11,1,-35,1
08/22/2017 07:46:00,234,25,12,1,-34,1
08/22/2017 07:47:00,234,24,13,1,-33,1
08/22/2017 07:48:00,234,25,13,1,-32,1
08/22/2017 07:49:00,234,25,13,0,-32,1
08/22/2017 07:50:00,234,24,13,1,-32,1
08/22/2017 07:51:00,234,24,14,1,-32,1
08/22/2017 07:52:00,234,23,15,1,-32,1
08/22/2017 07:53:00,234,23,15,1,-32,1
08/22/2017 07:54:00,234,23,14,1,-31,1
08/22/2017 07:55:00,234,25,14,0,-31,1
08/22/2017 07:56:00,234,25,14,0,-30,1
08/22/2017 07:57:00,234,26,14,0,-30,1
08/22/2017 07:58:00,234,26,14,0,-30,1
08/22/2017 07:59:00,234,26,14,0,-30,1
08/22/2017 08:00:00,234,26,15,0,-30,1
08/22/2017 08:01:00,234,26,15,0,-30,1
08/22/2017 08:02:00,234,25,15,0,-29,1
08/22/2017 08:03:00,234,24,16,0,-28,1
08/22/2017 08:04:00,234,25,15,0,-28,1
08/22/2017 08:05:00,234,26,16,0,-28,1
08/22/2017 08:06:00,234,27,16,0,-28,1
08/22/2017 08:07:00,234,28,17,0,-28,1
08/22/2017 08:08:00,234,28,16,-1,-27,1
08/22/2017 08:09:00,234,29,17,-1,-27,1
08/22/2017 08:10:00,234,29,16,-1,-26,1
08/22/2017 08:11:00,234,30,16,-1,-26,1
08/22/2017 08:12:00,234,29,16,-2,-25,1
08/22/2017 08:13:00,234,28,15,-1,-25,1
08/22/2017 08:14:00,234,28,16,-1,-25,1
08/22/2017 08:15:00,234,29,17,-1,-25,1
08/22/2017 08:16:00,234,29,18,-1,-26,1
08/22/2017 08:17:00,234,31,17,-1,-26,1
08/22/2017 08:18:00,234,32,18,-1,-26,1
08/22/2017 08:19:00,234,32,18,-2,-26,1
08/22/2017 08:20:00,234,32,17,-2,-25,1
08/22/2017 08:21:00,234,32,16,-2,-24,1
08/22/2017 08:22:00,234,32,16,-2,-24,1
08/22/2017 08:23:00,234,33,16,-2,-24,1
08/22/2017 08:24:00,234,33,15,-3,-23,1
08/22/2017 08:25:00,234,33,15,-2,-24,1
08/22/2017 08:26:00,234,33,15,-2,-24,1
08/22/2017 08:27:00,234,33,16,-2,-24,1
08/22/2017 08:28:00,234,33,16,-2,-24,1
08/22/2017 08:29:00,234,33,16,-2,-24,1
08/22/2017 08:30:00,234,32,16,-2,-24,1
08/22/2017 08:31:00,234,32,15,-2,-23,1
08/22/2017 08:32:00,234,31,15,-2,-23,1
08/22/2017 08:33:00,234,31,15,-2,-23,1
08/22/2017 08:34:00,234,32,15,-2,-24,1
08/22/2017 08:35:00,234,32,15,-2,-24,1
08/22/2017 08:36:00,234,33,13,-2,-24,1
08/22/2017 08:37:00,234,32,13,-2,-23,1
08/22/2017 08:38:00,234,31,12,-2,-22,1
08/22/2017 08:39:00,234,31,12,-2,-22,1
08/22/2017 08:40:00,234,30,12,-2,-21,1
08/22/2017 08:41:00,234,30,13,-2,-21,1
08/22/2017 08:42:00,234,29,14,-2,-20,1
08/22/2017 08:43:00,234,28,13,-2,-20,1
08/22/2017 08:44:00,234,27,13,-2,-19,1
08/22/2017 08:45:00,234,27,14,-2,-19,1
08/22/2017 08:46:00,234,26,14,-2,-18,1
08/22/2017 08:47:00,234,26,14,-2,-17,1
08/22/2017 08:48:00,234,25,14,-2,-17,1
08/22/2017 08:49:00,234,23,12,-2,-17,1
08/22/2017 08:50:00,234,22,12,-2,-16,1
08/22/2017 08:51:00,234,21,12,-2,-16,1
08/22/2017 08:52:00,234,20,12,-1,-16,1
08/22/2017 08:53:00,234,20,11,-1,-17,1
08/22/2017 08:54:00,234,18,11,-1,-18,1
08/22/2017 08:55:00,234,17,11,-1,-18,1
08/22/2017 08:56:00,234,15,9,-1,-20,1
08/22/2017 08:57:00,234,15,9,0,-22,1
08/22/2017 08:58:00,234,13,10,0,-24,1
08/22/2017 08:59:00,234,13,9,0,-26,1
08/22/2017 09:00:00,234,13,9,0,-26,1
08/22/2017 09:01:00,234,14,10,0,-26,1
08/22/2017 09:02:00,234,14,9,0,-26,1
08/22/2017 09:03:00,234,15,9,0,-26,1
08/22/2017 09:04:00,234,14,10,0,-25,1
08/22/2017 09:05:00,234,14,11,0,-24,1
08/22/2017 09:06:00,234,14,12,0,-23,1
08/22/2017 09:07:00,234,14,11,0,-23,1
08/22/2017 09:08:00,234,15,10,-1,-22,1
08/22/2017 09:09:00,234,15,9,-1,-22,1
08/22/2017 09:10:00,234,14,9,-1,-21,1
08/22/2017 09:11:00,234,15,10,-1,-20,1
08/22/2017 09:12:00,234,14,10,-1,-20,1
08/22/2017 09:13:00,234,15,10,-1,-20,1
08/22/2017 09:14:00,234,13,10,-1,-20,1
08/22/2017 09:15:00,234,12,11,-1,-19,1
08/22/2017 09:16:00,234,13,10,0,-21,1
08/22/2017 09:17:00,234,14,9,0,-23,1
08/22/2017 09:18:00,234,14,10,0,-25,1
08/22/2017 09:19:00,234,14,9,0,-26,1
08/22/2017 09:20:00,234,14,10,0,-26,1
08/22/2017 09:21:00,234,15,9,0,-26,1
08/22/2017 09:22:00,234,15,8,0,-26,1
08/22/2017 09:23:00,234,16,9,0,-26,1
08/22/2017 09:24:00,234,15,9,0,-25,1
08/22/2017 09:25:00,234,16,10,-1,-25,1
08/22/2017 09:26:00,234,15,10,-1,-24,1
08/22/2017 09:27:00,234,15,11,0,-24,1
08/22/2017 09:28:00,234,14,10,0,-24,1
08/22/2017 09:29:00,234,14,12,0,-24,1
08/22/2017 09:30:00,234,13,12,0,-24,1
08/22/2017 09:31:00,234,12,11,0,-24,1
08/22/2017 09:32:00,234,11,11,0,-23,1
08/22/2017 09:33:00,234,11,11,0,-22,1
08/22/2017 09:34:00,234,11,11,0,-23,1
08/22/2017 09:35:00,234,12,12,0,-24,1
08/22/2017 09:36:00,234,12,13,0,-25,1
08/22/2017 09:37:00,234,12,12,0,-26,1
08/22/2017 09:38:00,234,12,11,0,-26,1
08/22/2017 09:39:00,234,12,10,-1,-25,1
08/22/2017 09:40:00,234,13,12,-1,-25,1
08/22/2017 09:41:00,234,13,12,-1,-25,1
08/22/2017 09:42:00,234,14,12,-1,-24,1
08/22/2017 09:43:00,234,15,11,-1,-23,1
08/22/2017 09:44:00,234,15,10,-1,-23,1
08/22/2017 09:45:00,234,16,10,-1,-23,1
08/22/2017 09:46:00,234,16,11,-1,-24,1
08/22/2017 09:47:00,234,15,13,-1,-24,1
08/22/2017 09:48:00,234,14,13,-1,-24,1
08/22/2017 09:49:00,234,14,13,-1,-25,1
08/22/2017 09:50:00,234,14,14,-1,-25,1
08/22/2017 09:51:00,234,15,14,-1,-25,1
08/22/2017 09:52:00,234,15,15,-1,-25,1
08/22/2017 09:53:00,234,15,15,-1,-25,1
08/22/2017 09:54:00,234,14,16,-1,-25,1
08/22/2017 09:55:00,234,15,16,-1,-25,1
08/22/2017 09:56:00,234,16,15,-2,-25,1
08/22/2017 09:57:00,234,16,16,-2,-26,1
08/22/2017 09:58:00,234,16,16,-1,-26,1
08/22/2017 09:59:00,234,16,16,-2,-26,1
08/22/2017 10:00:00,234,16,15,-1,-26,1
08/22/2017 10:01:00,234,17,15,-2,-26,1
08/22/2017 10:02:00,234,17,15,-2,-26,1
08/22/2017 10:03:00,234,17,16,-2,-26,1
08/22/2017 10:04:00,234,17,15,-2,-26,1
08/22/2017 10:05:00,234,16,16,-2,-26,1
08/22/2017 10:06:00,234,17,16,-2,-26,1
08/22/2017 10:07:00,234,16,16,-2,-25,1
08/22/2017 10:08:00,234,17,15,-2,-25,1
08/22/2017 10:09:00,234,15,15,-2,-25,1
08/22/2017 10:10:00,234,15,15,-2,-25,1
08/22/2017 10:11:00,234,15,16,-2,-25,1
08/22/2017 10:12:00,234,15,16,-1,-25,1
08/22/2017 10:13:00,234,15,15,-2,-24,1
08/22/2017 10:14:00,234,14,14,-1,-24,1
08/22/2017 10:15:00,234,13,14,-1,-24,1
08/22/2017 10:16:00,234,13,14,-1,-24,1
08/22/2017 10:17:00,234,13,16,-1,-25,1
08/22/2017 10:18:00,234,13,15,-1,-25,1
08/22/2017 10:19:00,234,13,15,-1,-24,1
08/22/2017 10:20:00,234,12,15,-1,-24,1
08/22/2017 10:21:00,234,12,15,-1,-24,1
08/22/2017 10:22:00,234,12,15,-1,-24,1
08/22/2017 10:23:00,234,12,15,-1,-24,1
08/22/2017 10:24:00,234,12,16,-1,-25,1
08/22/2017 10:25:00,234,11,15,-1,-24,1
08/22/2017 10:26:00,234,11,15,-1,-24,1
08/22/2017 10:27:00,234,10,15,-1,-24,1
08/22/2017 10:28:00,234,12,14,-1,-24,1
08/22/2017 10:29:00,234,11,15,-1,-24,1
08/22/2017 10:30:00,234,11,13,-1,-25,1
08/22/2017 10:31:00,234,11,13,-1,-24,1
08/22/2017 10:32:00,234,11,13,-1,-24,1
08/22/2017 10:33:00,234,10,13,-1,-24,1
08/22/2017 10:34:00,234,10,13,-1,-24,1
08/22/2017 10:35:00,234,10,12,-1,-24,1
08/22/2017 10:36:00,234,10,13,0,-24,1
08/22/2017 10:37:00,234,10,13,0,-24,1
08/22/2017 10:38:00,234,9,13,0,-24,1
08/22/2017 10:39:00,234,10,13,0,-24,1
08/22/2017 10:40:00,234,10,12,0,-24,1
08/22/2017 10:41:00,234,10,13,0,-24,1
08/22/2017 10:42:00,234,11,12,0,-24,1
08/22/2017 10:43:00,234,10,12,-1,-24,1
08/22/2017 10:44:00,234,10,12,-1,-24,1
08/22/2017 10:45:00,234,10,12,-1,-24,1
08/22/2017 10:46:00,234,10,13,0,-24,1
08/22/2017 10:47:00,234,10,13,0,-24,1
08/22/2017 10:48:00,234,9,14,0,-24,1
08/22/2017 10:49:00,234,9,13,0,-24,1
08/22/2017 10:50:00,234,8,13,0,-24,1
08/22/2017 10:51:00,234,8,14,0,-24,1
08/22/2017 10:52:00,234,8,14,0,-24,1
08/22/2017 10:53:00,234,8,13,0,-24,1
08/22/2017 10:54:00,234,8,13,0,-24,1
08/22/2017 10:55:00,234,7,14,0,-24,1
08/22/2017 10:56:00,234,8,14,0,-24,1
08/22/2017 10:57:00,234,8,13,0,-24,1
08/22/2017 10:58:00,234,8,13,0,-24,1
08/22/2017 10:59:00,234,8,14,0,-25,1
08/22/2017 11:00:00,234,8,14,0,-24,1
08/22/2017 11:01:00,234,8,13,0,-25,1
08/22/2017 11:02:00,234,7,14,0,-24,1
08/22/2017 11:03:00,234,7,14,0,-24,1
08/22/2017 11:04:00,234,7,14,0,-23,1
08/22/2017 11:05:00,234,7,14,0,-22,1
08/22/2017 11:06:00,234,9,15,0,-22,1
08/22/2017 11:07:00,234,11,15,1,-23,1
08/22/2017 11:08:00,234,11,14,1,-24,1
08/22/2017 11:09:00,234,11,13,1,-24,1
08/22/2017 11:10:00,234,10,13,1,-23,1
08/22/2017 11:11:00,234,11,13,1,-22,1
08/22/2017 11:12:00,234,12,13,1,-22,1
08/22/2017 11:13:00,234,12,13,1,-22,1
08/22/2017 11:14:00,234,10,12,1,-23,1
08/22/2017 11:15:00,234,10,12,1,-22,1
08/22/2017 11:16:00,234,11,12,1,-22,1
08/22/2017 11:17:00,234,11,13,1,-22,1
08/22/2017 11:18:00,234,11,13,2,-23,1
08/22/2017 11:19:00,234,11,13,2,-22,1
08/22/2017 11:20:00,234,11,14,2,-22,1
08/22/2017 11:21:00,234,11,13,2,-22,1
08/22/2017 11:22:00,234,11,13,2,-22,1
08/22/2017 11:23:00,234,10,14,2,-22,1
08/22/2017 11:24:00,234,11,14,2,-22,1
08/22/2017 11:25:00,234,11,14,2,-22,1
08/22/2017 11:26:00,234,11,14,2,-22,1
08/22/2017 11:27:00,234,12,14,2,-22,1
08/22/2017 11:28:00,234,12,13,2,-23,1
08/22/2017 11:29:00,234,12,15,2,-23,1
08/22/2017 11:30:00,234,12,15,3,-23,1
08/22/2017 11:31:00,234,12,16,2,-24,1
08/22/2017 11:32:00,234,12,15,2,-24,1
08/22/2017 11:33:00,234,12,16,2,-24,1
08/22/2017 11:34:00,234,12,16,2,-24,1
08/22/2017 11:35:00,234,12,16,2,-24,1
08/22/2017 11:36:00,234,12,17,2,-23,1
08/22/2017 11:37:00,234,13,18,3,-24,1
08/22/2017 11:38:00,234,14,20,3,-24,1
08/22/2017 11:39:00,234,15,21,2,-24,1
08/22/2017 11:40:00,234,15,22,3,-23,1
08/22/2017 11:41:00,234,16,22,3,-23,1
08/22/2017 11:42:00,234,16,23,3,-22,1
08/22/2017 11:43:00,234,17,24,3,-22,1
08/22/2017 11:44:00,234,16,25,2,-22,1
08/22/2017 11:45:00,234,18,26,3,-22,1
08/22/2017 11:46:00,234,18,26,2,-21,1
08/22/2017 11:47:00,234,18,29,2,-22,1
08/22/2017 11:48:00,234,18,30,2,-22,1
08/22/2017 11:49:00,234,19,31,2,-22,1
08/22/2017 11:50:00,234,20,31,2,-22,1
08/22/2017 11:51:00,234,20,31,2,-22,1
08/22/2017 11:52:00,234,21,33,2,-22,1
08/22/2017 11:53:00,234,21,32,2,-22,1
08/22/2017 11:54:00,234,21,33,2,-23,1
08/22/2017 11:55:00,234,21,31,2,-22,1
08/22/2017 11:56:00,234,21,31,2,-22,1
08/22/2017 11:57:00,234,22,31,2,-22,1
08/22/2017 11:58:00,234,22,30,2,-22,1
08/22/2017 11:59:00,234,23,30,2,-22,1
08/22/2017 12:00:00,234,23,31,2,-22,1
08/22/2017 12:01:00,234,24,31,2,-22,1
08/22/2017 12:02:00,234,23,31,2,-22,1
08/22/2017 12:03:00,234,22,33,2,-21,1
08/22/2017 12:04:00,234,21,31,2,-22,1
08/22/2017 12:05:00,234,21,30,2,-22,1
08/22/2017 12:06:00,234,21,31,2,-22,1
08/22/2017 12:07:00,234,20,31,2,-22,1
08/22/2017 12:08:00,234,20,29,2,-21,1
08/22/2017 12:09:00,234,18,29,2,-21,1
08/22/2017 12:10:00,234,18,28,2,-22,1
08/22/2017 12:11:00,234,18,29,2,-22,1
08/22/2017 12:12:00,234,17,27,1,-22,1
08/22/2017 12:13:00,234,17,28,1,-23,1
08/22/2017 12:14:00,234,16,26,1,-23,1
08/22/2017 12:15:00,234,15,25,1,-23,1
08/22/2017 12:16:00,234,15,26,1,-23,1
08/22/2017 12:17:00,234,14,25,1,-23,1
08/22/2017 12:18:00,234,14,24,1,-23,1
08/22/2017 12:19:00,234,14,23,1,-23,1
08/22/2017 12:20:00,234,14,22,1,-24,1
08/22/2017 12:21:00,234,15,23,1,-24,1
08/22/2017 12:22:00,234,15,24,1,-24,1
08/22/2017 12:23:00,234,14,23,1,-24,1
08/22/2017 12:24:00,234,14,22,1,-24,1
08/22/2017 12:25:00,234,14,22,1,-24,1
08/22/2017 12:26:00,234,15,23,1,-24,1
08/22/2017 12:27:00,234,15,23,1,-24,1
08/22/2017 12:28:00,234,14,21,1,-24,1
08/22/2017 12:29:00,234,15,22,1,-25,1
08/22/2017 12:30:00,234,15,21,1,-25,1
08/22/2017 12:31:00,234,17,21,1,-25,1
08/22/2017 12:32:00,234,17,21,0,-25,1
08/22/2017 12:33:00,234,18,20,0,-25,1
08/22/2017 12:34:00,234,19,21,0,-25,1
08/22/2017 12:35:00,234,19,23,0,-25,1
08/22/2017 12:36:00,234,18,23,1,-25,1
08/22/2017 12:37:00,234,18,23,1,-25,1
08/22/2017 12:38:00,234,18,24,0,-25,1
08/22/2017 12:39:00,234,18,24,1,-25,1
08/22/2017 12:40:00,234,20,24,1,-25,1
08/22/2017 12:41:00,234,21,25,0,-26,1
08/22/2017 12:42:00,234,21,25,0,-26,1
08/22/2017 12:43:00,234,20,26,0,-26,1
08/22/2017 12:44:00,234,20,27,0,-26,1
08/22/2017 12:45:00,234,21,26,0,-26,1
08/22/2017 12:46:00,234,21,28,0,-26,1
08/22/2017 12:47:00,234,21,28,0,-26,1
08/22/2017 12:48:00,234,21,28,0,-26,1
08/22/2017 12:49:00,234,20,29,0,-26,1
08/22/2017 12:50:00,234,19,30,1,-26,1
08/22/2017 12:51:00,234,18,30,1,-26,1
08/22/2017 12:52:00,234,19,30,1,-26,1
08/22/2017 12:53:00,234,19,29,0,-26,1
08/22/2017 12:54:00,234,21,30,0,-26,1
08/22/2017 12:55:00,234,21,30,0,-26,1
08/22/2017 12:56:00,234,19,29,0,-26,1
08/22/2017 12:57:00,234,18,30,1,-26,1
08/22/2017 12:58:00,234,18,29,1,-27,1
08/22/2017 12:59:00,234,17,30,1,-27,1
08/22/2017 13:00:00,234,17,30,1,-27,1
08/22/2017 13:01:00,234,17,29,1,-27,1
08/22/2017 13:02:00,234,18,28,1,-27,1
08/22/2017 13:03:00,234,18,29,1,-27,1
08/22/2017 13:04:00,234,17,30,0,-27,1
08/22/2017 13:05:00,234,16,32,0,-27,1
08/22/2017 13:06:00,234,15,35,0,-26,1
08/22/2017 13:07:00,234,14,36,1,-26,1
08/22/2017 13:08:00,234,15,38,1,-26,1
08/22/2017 13:09:00,234,15,37,1,-26,1
08/22/2017 13:10:00,234,16,38,1,-27,1
08/22/2017 13:11:00,234,17,38,1,-26,1
08/22/2017 13:12:00,234,18,37,1,-26,1
08/22/2017 13:13:00,234,21,39,1,-26,1
08/22/2017 13:14:00,234,25,39,0,-26,1
08/22/2017 13:15:00,234,25,40,0,-25,1
08/22/2017 13:16:00,234,26,42,0,-24,1
08/22/2017 13:17:00,234,25,42,1,-24,1
08/22/2017 13:18:00,234,25,42,1,-24,1
08/22/2017 13:19:00,234,25,41,1,-23,1
08/22/2017 13:20:00,234,25,41,1,-23,1
08/22/2017 13:21:00,234,25,41,1,-23,1
08/22/2017 13:22:00,234,25,41,1,-23,1
08/22/2017 13:23:00,234,24,41,0,-23,1
08/22/2017 13:24:00,234,24,44,0,-23,1
08/22/2017 13:25:00,234,25,45,0,-23,1
08/22/2017 13:26:00,234,24,44,0,-23,1
08/22/2017 13:27:00,234,23,46,0,-22,1
08/22/2017 13:28:00,234,21,47,0,-22,1
08/22/2017 13:29:00,234,20,47,1,-22,1
08/22/2017 13:30:00,234,20,47,1,-22,1
08/22/2017 13:31:00,234,20,48,1,-22,1
08/22/2017 13:32:00,234,20,49,1,-22,1
08/22/2017 13:33:00,234,20,50,0,-22,1
08/22/2017 13:34:00,234,21,52,0,-23,1
08/22/2017 13:35:00,234,20,52,0,-23,1
08/22/2017 13:36:00,234,20,51,-1,-22,1
08/22/2017 13:37:00,234,23,50,-1,-22,1
08/22/2017 13:38:00,234,23,50,-1,-22,1
08/22/2017 13:39:00,234,23,51,-1,-21,1
08/22/2017 13:40:00,234,21,52,0,-21,1
08/22/2017 13:41:00,234,22,50,0,-21,1
08/22/2017 13:42:00,234,23,50,0,-21,1
08/22/2017 13:43:00,234,22,50,0,-21,1
08/22/2017 13:44:00,234,22,48,0,-21,1
08/22/2017 13:45:00,234,22,47,1,-20,1
08/22/2017 13:46:00,234,22,46,1,-20,1
08/22/2017 13:47:00,234,21,46,0,-20,1
08/22/2017 13:48:00,234,21,45,1,-20,1
08/22/2017 13:49:00,234,21,44,1,-20,1
08/22/2017 13:50:00,234,20,43,1,-20,1
08/22/2017 13:51:00,234,20,42,1,-21,1
08/22/2017 13:52:00,234,21,40,0,-21,1
08/22/2017 13:53:00,234,21,40,0,-21,1
08/22/2017 13:54:00,234,21,38,0,-21,1
08/22/2017 13:55:00,234,23,35,0,-21,1
08/22/2017 13:56:00,234,25,36,0,-21,1
08/22/2017 13:57:00,234,25,36,0,-20,1
08/22/2017 13:58:00,234,25,35,-1,-20,1
08/22/2017 13:59:00,234,24,35,-1,-20,1
08/22/2017 14:00:00,234,23,34,-1,-20,1
08/22/2017 14:01:00,234,22,34,-1,-20,1
08/22/2017 14:02:00,234,22,33,-1,-21,1
08/22/2017 14:03:00,234,21,31,-1,-21,1
08/22/2017 14:04:00,234,21,32,-1,-21,1
08/22/2017 14:05:00,234,21,32,0,-21,1
08/22/2017 14:06:00,234,20,31,0,-21,1
08/22/2017 14:07:00,234,21,29,0,-22,1
08/22/2017 14:08:00,234,23,28,-1,-21,1
08/22/2017 14:09:00,234,22,29,-1,-22,1
08/22/2017 14:10:00,234,21,30,-1,-22,1
08/22/2017 14:11:00,234,21,31,-1,-22,1
08/22/2017 14:12:00,234,21,32,-1,-22,1
08/22/2017 14:13:00,234,21,31,0,-22,1
08/22/2017 14:14:00,234,25,31,-1,-21,1
08/22/2017 14:15:00,234,24,31,-1,-21,1
08/22/2017 14:16:00,234,23,31,-1,-21,1
08/22/2017 14:17:00,234,24,30,-1,-22,1
08/22/2017 14:18:00,234,24,30,-1,-21,1
08/22/2017 14:19:00,234,25,29,-1,-21,1
08/22/2017 14:20:00,234,26,28,-1,-22,1
08/22/2017 14:21:00,234,27,28,-1,-22,1
08/22/2017 14:22:00,234,26,28,-1,-22,1
08/22/2017 14:23:00,234,26,27,-1,-21,1
08/22/2017 14:24:00,234,27,27,-1,-21,1
08/22/2017 14:25:00,234,28,27,-1,-22,1
08/22/2017 14:26:00,234,29,26,-1,-22,1
08/22/2017 14:27:00,234,29,26,-1,-22,1
08/22/2017 14:28:00,234,30,28,-1,-22,1
08/22/2017 14:29:00,234,31,27,0,-22,1
08/22/2017 14:30:00,234,30,27,0,-22,1
08/22/2017 14:31:00,234,30,28,0,-22,1
08/22/2017 14:32:00,234,30,27,0,-22,1
08/22/2017 14:33:00,234,31,27,0,-22,1
08/22/2017 14:34:00,234,32,27,0,-22,1
08/22/2017 14:35:00,234,32,27,0,-22,1
08/22/2017 14:36:00,234,33,26,0,-22,1
08/22/2017 14:37:00,234,33,26,0,-22,1
08/22/2017 14:38:00,234,33,25,0,-22,1
08/22/2017 14:39:00,234,35,25,0,-23,1
08/22/2017 14:40:00,234,35,25,-1,-23,1
08/22/2017 14:41:00,234,35,23,-1,-23,1
08/22/2017 14:42:00,234,36,21,-1,-23,1
08/22/2017 14:43:00,234,36,20,-1,-22,1
08/22/2017 14:44:00,234,36,18,-1,-22,1
08/22/2017 14:45:00,234,37,16,-1,-21,1
08/22/2017 14:46:00,234,37,17,-1,-21,1
08/22/2017 14:47:00,234,37,17,-2,-21,1
08/22/2017 14:48:00,234,37,17,-2,-21,1
08/22/2017 14:49:00,234,38,16,-2,-21,1
08/22/2017 14:50:00,234,38,15,-2,-21,1
08/22/2017 14:51:00,234,38,13,-2,-21,1
08/22/2017 14:52:00,234,38,12,-2,-21,1
08/22/2017 14:53:00,234,39,12,-2,-21,1
08/22/2017 14:54:00,234,39,12,-2,-21,1
08/22/2017 14:55:00,234,39,11,-2,-20,1
08/22/2017 14:56:00,234,40,11,-2,-20,1
08/22/2017 14:57:00,234,40,10,-2,-20,1
08/22/2017 14:58:00,234,40,10,-2,-20,1
08/22/2017 14:59:00,234,41,10,-2,-20,1
08/22/2017 15:00:00,234,40,10,-2,-20,1
08/22/2017 15:01:00,234,40,10,-2,-20,1
08/22/2017 15:02:00,234,40,10,-2,-19,1
08/22/2017 15:03:00,234,40,10,-2,-19,1
08/22/2017 15:04:00,234,40,10,-2,-19,1
08/22/2017 15:05:00,234,40,10,-2,-19,1
08/22/2017 15:06:00,234,40,10,-2,-19,1
08/22/2017 15:07:00,234,40,11,-2,-19,1
08/22/2017 15:08:00,234,40,11,-2,-19,1
08/22/2017 15:09:00,234,40,11,-2,-19,1
08/22/2017 15:10:00,234,40,12,-2,-19,1
08/22/2017 15:11:00,234,40,12,-2,-19,1
08/22/2017 15:12:00,234,40,12,-2,-19,1
08/22/2017 15:13:00,234,41,12,-2,-19,1
08/22/2017 15:14:00,234,41,12,-2,-18,1
08/22/2017 15:15:00,234,40,11,-2,-18,1
08/22/2017 15:16:00,234,41,11,-2,-18,1
08/22/2017 15:17:00,234,42,10,-2,-18,1
08/22/2017 15:18:00,234,41,10,-2,-17,1
08/22/2017 15:19:00,234,41,9,-2,-17,1
08/22/2017 15:20:00,234,40,9,-2,-17,1
08/22/2017 15:21:00,234,40,7,-3,-17,1
08/22/2017 15:22:00,234,39,7,-3,-16,1
08/22/2017 15:23:00,234,38,8,-3,-16,1
08/22/2017 15:24:00,234,39,8,-3,-16,1
08/22/2017 15:25:00,234,38,8,-3,-16,1
08/22/2017 15:26:00,234,38,7,-3,-17,1
08/22/2017 15:27:00,234,39,9,-3,-16,1
08/22/2017 15:28:00,234,39,9,-3,-16,1
08/22/2017 15:29:00,234,40,11,-3,-17,1
08/22/2017 15:30:00,234,40,11,-3,-17,1
08/22/2017 15:31:00,234,40,10,-3,-16,1
08/22/2017 15:32:00,234,38,8,-3,-16,1
08/22/2017 15:33:00,234,39,8,-3,-17,1
08/22/2017 15:34:00,234,38,14,-3,-15,1
08/22/2017 15:35:00,234,38,9,-3,-16,1
08/22/2017 15:36:00,234,38,10,-2,-16,1
08/22/2017 15:37:00,234,38,12,-3,-16,1
08/22/2017 15:38:00,234,37,12,-3,-15,1
08/22/2017 15:39:00,234,36,13,-3,-15,1
08/22/2017 15:40:00,234,37,11,-2,-14,1
08/22/2017 15:41:00,234,38,11,-2,-14,1
08/22/2017 15:42:00,234,39,11,-2,-14,1
08/22/2017 15:43:00,234,40,11,-2,-14,1
08/22/2017 15:44:00,234,40,11,-3,-14,1
08/22/2017 15:45:00,234,40,12,-2,-14,1
08/22/2017 15:46:00,234,40,12,-2,-14,1
08/22/2017 15:47:00,234,40,11,-2,-13,1
08/22/2017 15:48:00,234,40,11,-3,-13,1
08/22/2017 15:49:00,234,40,11,-3,-13,1
08/22/2017 15:50:00,234,39,12,-3,-14,1
08/22/2017 15:51:00,234,39,13,-3,-13,1
08/22/2017 15:52:00,234,38,13,-3,-13,1
08/22/2017 15:53:00,234,39,14,-3,-13,1
08/22/2017 15:54:00,234,38,15,-3,-13,1
08/22/2017 15:55:00,234,38,15,-3,-13,1
08/22/2017 15:56:00,234,38,15,-3,-13,1
08/22/2017 15:57:00,234,37,15,-3,-13,1
08/22/2017 15:58:00,234,36,15,-3,-13,1
08/22/2017 15:59:00,234,37,17,-3,-13,1
08/22/2017 16:00:00,234,37,17,-3,-13,1
08/22/2017 16:01:00,234,38,17,-3,-13,1
08/22/2017 16:02:00,234,38,19,-3,-13,1
08/22/2017 16:03:00,234,39,20,-3,-13,1
08/22/2017 16:04:00,234,39,20,-3,-13,1
08/22/2017 16:05:00,234,39,20,-3,-13,1
08/22/2017 16:06:00,234,39,20,-3,-12,1
08/22/2017 16:07:00,234,38,19,-3,-11,1
08/22/2017 16:08:00,234,38,18,-2,-11,1
08/22/2017 16:09:00,234,37,18,-2,-11,1
08/22/2017 16:10:00,234,37,19,-2,-10,1
08/22/2017 16:11:00,234,37,18,-2,-10,1
08/22/2017 16:12:00,234,38,19,-2,-10,1
08/22/2017 16:13:00,234,38,20,-2,-10,1
08/22/2017 16:14:00,234,39,20,-3,-10,1
08/22/2017 16:15:00,234,40,20,-3,-9,1
08/22/2017 16:16:00,234,39,20,-3,-9,1
08/22/2017 16:17:00,234,40,20,-3,-9,1
08/22/2017 16:18:00,234,41,20,-3,-9,1
08/22/2017 16:19:00,234,41,20,-3,-9,1
08/22/2017 16:20:00,234,41,21,-3,-9,1
08/22/2017 16:21:00,234,41,22,-3,-9,1
08/22/2017 16:22:00,234,41,22,-3,-9,1
08/22/2017 16:23:00,234,41,23,-3,-9,1
08/22/2017 16:24:00,234,42,23,-3,-9,1
08/22/2017 16:25:00,234,42,23,-3,-9,1
08/22/2017 16:26:00,234,44,23,-3,-9,1
08/22/2017 16:27:00,234,43,23,-3,-9,1
08/22/2017 16:28:00,234,44,23,-3,-9,1
08/22/2017 16:29:00,234,45,24,-3,-8,1
08/22/2017 16:30:00,234,44,24,-3,-8,1
08/22/2017 16:31:00,234,44,24,-3,-8,1
08/22/2017 16:32:00,234,44,24,-4,-8,1
08/22/2017 16:33:00,234,43,24,-4,-8,1
08/22/2017 16:34:00,234,43,25,-4,-8,1
08/22/2017 16:35:00,234,43,24,-3,-8,1
08/22/2017 16:36:00,234,43,25,-3,-7,1
08/22/2017 16:37:00,234,43,25,-4,-7,1
08/22/2017 16:38:00,234,43,25,-4,-7,1
08/22/2017 16:39:00,234,44,25,-4,-7,1
08/22/2017 16:40:00,234,44,26,-4,-7,1
08/22/2017 16:41:00,234,44,26,-3,-7,1
08/22/2017 16:42:00,234,44,27,-4,-7,1
08/22/2017 16:43:00,234,45,25,-3,-7,1
08/22/2017 16:44:00,234,45,25,-4,-7,1
08/22/2017 16:45:00,234,42,24,-4,-6,1
08/22/2017 16:46:00,234,43,24,-4,-6,1
08/22/2017 16:47:00,234,44,25,-4,-6,1
08/22/2017 16:48:00,234,43,24,-4,-6,1
08/22/2017 16:49:00,234,42,24,-4,-7,1
08/22/2017 16:50:00,234,42,25,-4,-6,1
08/22/2017 16:51:00,234,43,25,-4,-6,1
08/22/2017 16:52:00,234,42,25,-4,-6,1
08/22/2017 16:53:00,234,42,26,-4,-6,1
08/22/2017 16:54:00,234,42,26,-4,-6,1
08/22/2017 16:55:00,234,42,27,-4,-5,1
08/22/2017 16:56:00,234,43,25,-4,-5,1
08/22/2017 16:57:00,234,42,26,-4,-4,1
08/22/2017 16:58:00,234,43,26,-4,-5,1
08/22/2017 16:59:00,234,43,26,-4,-4,1
08/22/2017 17:00:00,234,42,25,-4,-5,1
08/22/2017 17:01:00,234,43,26,-4,-5,1
08/22/2017 17:02:00,234,43,27,-4,-4,1
08/22/2017 17:03:00,234,43,24,-4,-5,1
08/22/2017 17:04:00,234,43,23,-4,-4,1
08/22/2017 17:05:00,234,42,22,-4,-4,1
08/22/2017 17:06:00,234,41,24,-4,-3,1
08/22/2017 17:07:00,234,42,25,-4,-2,1
08/22/2017 17:08:00,234,43,25,-4,-2,1
08/22/2017 17:09:00,234,42,24,-4,-2,1
08/22/2017 17:10:00,234,42,22,-4,-2,1
08/22/2017 17:11:00,234,42,22,-4,-2,1
08/22/2017 17:12:00,234,42,23,-4,-2,1
08/22/2017 17:13:00,234,42,24,-4,-2,1
08/22/2017 17:14:00,234,41,23,-4,-2,1
08/22/2017 17:15:00,234,40,22,-4,-3,1
08/22/2017 17:16:00,234,40,23,-4,-2,1
08/22/2017 17:17:00,234,40,23,-4,-2,1
08/22/2017 17:18:00,234,40,23,-4,-1,1
08/22/2017 17:19:00,234,39,23,-4,0,1
08/22/2017 17:20:00,234,40,24,-4,0,1
08/22/2017 17:21:00,234,39,22,-4,0,1
08/22/2017 17:22:00,234,38,21,-4,0,1
08/22/2017 17:23:00,234,39,23,-3,0,1
08/22/2017 17:24:00,234,39,24,-3,1,1
08/22/2017 17:25:00,234,38,25,-3,0,1
08/22/2017 17:26:00,234,39,26,-3,0,1
08/22/2017 17:27:00,234,40,25,-4,0,1
08/22/2017 17:28:00,234,38,24,-4,0,1
08/22/2017 17:29:00,234,40,25,-4,0,1
08/22/2017 17:30:00,234,41,24,-4,-1,1
08/22/2017 17:31:00,234,41,24,-3,-1,1
08/22/2017 17:32:00,234,41,22,-4,-2,1
08/22/2017 17:33:00,234,39,24,-4,-1,1
08/22/2017 17:34:00,234,38,20,-4,-1,1
08/22/2017 17:35:00,234,38,19,-4,-1,1
08/22/2017 17:36:00,234,39,22,-4,0,1
08/22/2017 17:37:00,234,37,21,-4,1,1
08/22/2017 17:38:00,234,38,20,-4,1,1
08/22/2017 17:39:00,234,38,23,-4,2,1
08/22/2017 17:40:00,234,38,25,-4,2,1
08/22/2017 17:41:00,234,38,24,-3,2,1
08/22/2017 17:42:00,234,38,22,-4,1,1
08/22/2017 17:43:00,234,37,19,-4,1,1
08/22/2017 17:44:00,234,36,18,-4,1,1
08/22/2017 17:45:00,234,36,22,-4,1,1
08/22/2017 17:46:00,234,36,24,-4,2,1
08/22/2017 17:47:00,234,38,24,-4,3,1
08/22/2017 17:48:00,234,37,23,-3,2,1
08/22/2017 17:49:00,234,38,21,-4,2,1
08/22/2017 17:50:00,234,38,20,-4,1,1
08/22/2017 17:51:00,234,36,19,-4,1,1
08/22/2017 17:52:00,234,37,21,-4,1,1
08/22/2017 17:53:00,234,37,23,-4,2,1
08/22/2017 17:54:00,234,37,24,-4,1,1
08/22/2017 17:55:00,234,35,22,-4,1,1
08/22/2017 17:56:00,234,34,22,-4,1,1
08/22/2017 17:57:00,234,34,22,-4,1,1
08/22/2017 17:58:00,234,34,21,-4,1,1
08/22/2017 17:59:00,234,34,23,-4,2,1
08/22/2017 18:00:00,234,33,23,-4,2,1
08/22/2017 18:01:00,234,33,23,-4,2,1
08/22/2017 18:02:00,234,32,24,-4,3,1
08/22/2017 18:03:00,234,32,23,-4,3,1
08/22/2017 18:04:00,234,32,23,-4,3,1
08/22/2017 18:05:00,234,32,24,-4,3,1
08/22/2017 18:06:00,234,32,24,-4,3,1
08/22/2017 18:07:00,234,32,24,-4,3,1
08/22/2017 18:08:00,234,31,23,-4,3,1
08/22/2017 18:09:00,234,31,23,-4,2,1
08/22/2017 18:10:00,234,30,23,-4,2,1
08/22/2017 18:11:00,234,30,23,-4,2,1
08/22/2017 18:12:00,234,29,23,-5,2,1
08/22/2017 18:13:00,234,29,23,-5,2,1
08/22/2017 18:14:00,234,30,24,-4,2,1
08/22/2017 18:15:00,234,29,24,-5,2,1
08/22/2017 18:16:00,234,29,23,-5,2,1
08/22/2017 18:17:00,234,28,22,-5,2,1
08/22/2017 18:18:00,234,28,23,-4,3,1
08/22/2017 18:19:00,234,29,24,-5,4,1
08/22/2017 18:20:00,234,30,25,-5,4,1
08/22/2017 18:21:00,234,29,26,-5,5,1
08/22/2017 18:22:00,234,29,24,-5,5,1
08/22/2017 18:23:00,234,29,24,-5,5,1
08/22/2017 18:24:00,234,29,24,-5,5,1
08/22/2017 18:25:00,234,28,25,-5,5,1
08/22/2017 18:26:00,234,28,24,-5,5,1
08/22/2017 18:27:00,234,28,24,-5,5,1
08/22/2017 18:28:00,234,27,22,-5,4,1
08/22/2017 18:29:00,234,27,22,-5,4,1
08/22/2017 18:30:00,234,26,24,-5,5,1
08/22/2017 18:31:00,234,27,23,-5,6,1
08/22/2017 18:32:00,234,28,24,-5,7,1
08/22/2017 18:33:00,234,27,24,-5,6,1
08/22/2017 18:34:00,234,27,23,-5,6,1
08/22/2017 18:35:00,234,26,23,-5,6,1
08/22/2017 18:36:00,234,27,23,-5,6,1
08/22/2017 18:37:00,234,25,23,-5,6,1
08/22/2017 18:38:00,234,25,23,-5,6,1
08/22/2017 18:39:00,234,25,24,-5,6,1
08/22/2017 18:40:00,234,26,24,-5,6,1
08/22/2017 18:41:00,234,26,23,-5,7,1
08/22/2017 18:42:00,234,25,23,-5,7,1
08/22/2017 18:43:00,234,25,23,-5,7,1
08/22/2017 18:44:00,234,25,23,-5,7,1
08/22/2017 18:45:00,234,25,23,-5,7,1
08/22/2017 18:46:00,234,24,22,-5,7,1
08/22/2017 18:47:00,234,25,22,-5,7,1
08/22/2017 18:48:00,234,24,23,-5,6,1
08/22/2017 18:49:00,234,25,22,-5,6,1
08/22/2017 18:50:00,234,25,22,-5,6,1
08/22/2017 18:51:00,234,25,22,-5,6,1
08/22/2017 18:52:00,234,25,22,-5,6,1
08/22/2017 18:53:00,234,25,23,-5,6,1
08/22/2017 18:54:00,234,25,22,-5,7,1
08/22/2017 18:55:00,234,25,23,-5,6,1
08/22/2017 18:56:00,234,25,22,-5,6,1
08/22/2017 18:57:00,234,26,22,-5,6,1
08/22/2017 18:58:00,234,26,22,-5,6,1
08/22/2017 18:59:00,234,27,22,-5,7,1
08/22/2017 19:00:00,234,26,22,-5,7,1
08/22/2017 19:01:00,234,26,22,-5,7,1
08/22/2017 19:02:00,234,27,23,-5,7,1
08/22/2017 19:03:00,234,27,21,-6,5,1
08/22/2017 19:04:00,234,27,21,-6,5,1
08/22/2017 19:05:00,234,27,20,-5,4,1
08/22/2017 19:06:00,234,28,20,-6,3,1
08/22/2017 19:07:00,234,28,21,-5,3,1
08/22/2017 19:08:00,234,27,21,-6,3,1
08/22/2017 19:09:00,234,28,22,-5,4,1
08/22/2017 19:10:00,234,28,22,-5,4,1
08/22/2017 19:11:00,234,29,22,-5,5,1
08/22/2017 19:12:00,234,29,22,-5,5,1
08/22/2017 19:13:00,234,29,21,-5,5,1
08/22/2017 19:14:00,234,30,21,-5,5,1
08/22/2017 19:15:00,234,30,21,-5,4,1
08/22/2017 19:16:00,234,30,21,-5,4,1
08/22/2017 19:17:00,234,30,20,-5,4,1
08/22/2017 19:18:00,234,30,20,-5,4,1
08/22/2017 19:19:00,234,31,21,-5,4,1
08/22/2017 19:20:00,234,32,20,-5,4,1
08/22/2017 19:21:00,234,32,20,-5,4,1
08/22/2017 19:22:00,234,32,20,-5,4,1
08/22/2017 19:23:00,234,32,20,-5,4,1
08/22/2017 19:24:00,234,32,20,-5,4,1
08/22/2017 19:25:00,234,32,19,-5,4,1
08/22/2017 19:26:00,234,33,20,-5,4,1
08/22/2017 19:27:00,234,33,19,-5,4,1
08/22/2017 19:28:00,234,32,19,-5,4,1
08/22/2017 19:29:00,234,32,20,-5,4,1
08/22/2017 19:30:00,234,33,20,-5,4,1
08/22/2017 19:31:00,234,33,19,-5,3,1
08/22/2017 19:32:00,234,32,19,-5,3,1
08/22/2017 19:33:00,234,32,20,-4,3,1
08/22/2017 19:34:00,234,32,19,-5,2,1
08/22/2017 19:35:00,234,33,18,-5,2,1
08/22/2017 19:36:00,234,32,18,-5,0,1
08/22/2017 19:37:00,234,32,17,-5,-1,1
08/22/2017 19:38:00,234,32,16,-5,-2,1
08/22/2017 19:39:00,234,32,18,-5,-3,1
08/22/2017 19:40:00,234,30,18,-5,-2,1
08/22/2017 19:41:00,234,30,19,-5,-2,1
08/22/2017 19:42:00,234,31,19,-5,-2,1
08/22/2017 19:43:00,234,30,17,-5,-4,1
08/22/2017 19:44:00,234,29,16,-5,-4,1
08/22/2017 19:45:00,234,30,18,-4,-3,1
08/22/2017 19:46:00,234,30,19,-4,-2,1
08/22/2017 19:47:00,234,30,20,-4,-2,1
08/22/2017 19:48:00,234,31,20,-4,-2,1
08/22/2017 19:49:00,234,32,19,-4,-2,1
08/22/2017 19:50:00,234,30,18,-4,-3,1
08/22/2017 19:51:00,234,31,16,-4,-4,1
08/22/2017 19:52:00,234,30,16,-4,-4,1
08/22/2017 19:53:00,234,30,16,-4,-4,1
08/22/2017 19:54:00,234,30,17,-4,-4,1
08/22/2017 19:55:00,234,30,17,-5,-4,1
08/22/2017 19:56:00,234,30,17,-4,-4,1
08/22/2017 19:57:00,234,30,17,-5,-4,1
08/22/2017 19:58:00,234,30,18,-4,-5,1
08/22/2017 19:59:00,234,29,16,-5,-5,1
08/22/2017 20:00:00,234,29,15,-4,-6,1
08/22/2017 20:01:00,234,28,14,-4,-7,1
08/22/2017 20:02:00,234,28,15,-4,-7,1
08/22/2017 20:03:00,234,28,16,-4,-7,1
08/22/2017 20:04:00,234,27,16,-4,-7,1
08/22/2017 20:05:00,234,28,16,-4,-7,1
08/22/2017 20:06:00,234,27,17,-4,-6,1
08/22/2017 20:07:00,234,26,15,-4,-7,1
08/22/2017 20:08:00,234,27,15,-4,-7,1
08/22/2017 20:09:00,234,26,15,-4,-7,1
08/22/2017 20:10:00,234,26,15,-4,-7,1
08/22/2017 20:11:00,234,26,15,-4,-7,1
08/22/2017 20:12:00,234,26,14,-4,-7,1
08/22/2017 20:13:00,234,25,15,-4,-7,1
08/22/2017 20:14:00,234,26,16,-4,-6,1
08/22/2017 20:15:00,234,25,16,-4,-7,1
08/22/2017 20:16:00,234,25,16,-4,-6,1
08/22/2017 20:17:00,234,24,17,-4,-7,1
08/22/2017 20:18:00,234,24,17,-4,-7,1
08/22/2017 20:19:00,234,24,17,-4,-7,1
08/22/2017 20:20:00,234,24,17,-4,-6,1
08/22/2017 20:21:00,234,24,17,-4,-6,1
08/22/2017 20:22:00,234,23,16,-4,-6,1
08/22/2017 20:23:00,234,23,17,-4,-6,1
08/22/2017 20:24:00,234,23,17,-4,-6,1
08/22/2017 20:25:00,234,22,17,-4,-6,1
08/22/2017 20:26:00,234,23,17,-4,-6,1
08/22/2017 20:27:00,234,21,16,-4,-6,1
08/22/2017 20:28:00,234,21,16,-4,-6,1
08/22/2017 20:29:00,234,21,18,-4,-6,1
08/22/2017 20:30:00,234,20,18,-4,-6,1
08/22/2017 20:31:00,234,20,17,-4,-6,1
08/22/2017 20:32:00,234,19,15,-4,-7,1
08/22/2017 20:33:00,234,19,15,-4,-7,1
08/22/2017 20:34:00,234,19,16,-4,-7,1
08/22/2017 20:35:00,234,18,16,-4,-6,1
08/22/2017 20:36:00,234,18,16,-4,-6,1
08/22/2017 20:37:00,234,18,16,-4,-6,1
08/22/2017 20:38:00,234,18,16,-4,-5,1
08/22/2017 20:39:00,234,18,16,-4,-5,1
08/22/2017 20:40:00,234,17,16,-4,-5,1
08/22/2017 20:41:00,234,18,15,-4,-4,1
08/22/2017 20:42:00,234,17,15,-4,-4,1
08/22/2017 20:43:00,234,17,15,-5,-4,1
08/22/2017 20:44:00,234,16,17,-4,-3,1
08/22/2017 20:45:00,234,17,16,-5,-3,1
08/22/2017 20:46:00,234,16,15,-5,-3,1
08/22/2017 20:47:00,234,17,15,-5,-3,1
08/22/2017 20:48:00,234,18,15,-5,-3,1
08/22/2017 20:49:00,234,18,15,-5,-3,1
08/22/2017 20:50:00,234,18,15,-5,-4,1
08/22/2017 20:51:00,234,17,13,-5,-4,1
08/22/2017 20:52:00,234,18,12,-6,-5,1
08/22/2017 20:53:00,234,18,11,-6,-5,1
08/22/2017 20:54:00,234,19,11,-6,-6,1
08/22/2017 20:55:00,234,18,12,-6,-6,1
08/22/2017 20:56:00,234,18,11,-6,-5,1
08/22/2017 20:57:00,234,18,12,-6,-6,1
08/22/2017 20:58:00,234,19,12,-6,-5,1
08/22/2017 20:59:00,234,19,13,-6,-5,1
08/22/2017 21:00:00,234,18,13,-6,-5,1
08/22/2017 21:01:00,234,19,14,-7,-6,1
08/22/2017 21:02:00,234,20,13,-7,-6,1
08/22/2017 21:03:00,234,20,14,-7,-6,1
08/22/2017 21:04:00,234,21,13,-7,-6,1
08/22/2017 21:05:00,234,21,13,-7,-6,1
08/22/2017 21:06:00,234,21,14,-7,-7,1
08/22/2017 21:07:00,234,22,15,-8,-7,1
08/22/2017 21:08:00,234,22,14,-7,-7,1
08/22/2017 21:09:00,234,22,15,-8,-7,1
08/22/2017 21:10:00,234,22,15,-8,-8,1
08/22/2017 21:11:00,234,22,15,-7,-8,1
08/22/2017 21:12:00,234,22,15,-8,-9,1
08/22/2017 21:13:00,234,21,15,-7,-9,1
08/22/2017 21:14:00,234,21,15,-7,-9,1
08/22/2017 21:15:00,234,20,15,-7,-9,1
08/22/2017 21:16:00,234,18,16,-7,-9,1
08/22/2017 21:17:00,234,18,16,-6,-8,1
08/22/2017 21:18:00,234,17,17,-6,-8,1
08/22/2017 21:19:00,234,17,18,-6,-8,1
08/22/2017 21:20:00,234,17,18,-6,-8,1
08/22/2017 21:21:00,234,17,20,-6,-8,1
08/22/2017 21:22:00,234,17,22,-6,-9,1
08/22/2017 21:23:00,234,16,23,-6,-9,1
08/22/2017 21:24:00,234,16,24,-6,-9,1
08/22/2017 21:25:00,234,16,25,-6,-10,1
08/22/2017 21:26:00,234,15,26,-6,-10,1
08/22/2017 21:27:00,234,16,27,-6,-10,1
08/22/2017 21:28:00,234,17,28,-5,-10,1
08/22/2017 21:29:00,234,19,30,-6,-12,1
08/22/2017 21:30:00,234,19,31,-6,-13,1
08/22/2017 21:31:00,234,19,30,-6,-13,1
08/22/2017 21:32:00,234,17,30,-6,-13,1
08/22/2017 21:33:00,234,20,33,-6,-15,1
08/22/2017 21:34:00,234,20,32,-6,-16,1
08/22/2017 21:35:00,234,20,34,-7,-16,1
08/22/2017 21:36:00,234,18,34,-6,-16,1
08/22/2017 21:37:00,234,18,34,-6,-16,1
08/22/2017 21:38:00,234,19,34,-6,-16,1
08/22/2017 21:39:00,234,18,35,-6,-16,1
08/22/2017 21:40:00,234,20,36,-6,-15,1
08/22/2017 21:41:00,234,20,37,-6,-15,1
08/22/2017 21:42:00,234,22,40,-6,-16,1
08/22/2017 21:43:00,234,20,40,-6,-16,1
08/22/2017 21:44:00,234,20,41,-6,-15,1
08/22/2017 21:45:00,234,19,41,-6,-15,1
08/22/2017 21:46:00,234,19,41,-6,-14,1
08/22/2017 21:47:00,234,18,42,-6,-15,1
08/22/2017 21:48:00,234,18,42,-6,-14,1
08/22/2017 21:49:00,234,18,43,-6,-15,1
08/22/2017 21:50:00,234,18,42,-6,-15,1
08/22/2017 21:51:00,234,17,42,-5,-15,1
08/22/2017 21:52:00,234,17,42,-5,-16,1
08/22/2017 21:53:00,234,19,41,-6,-16,1
08/22/2017 21:54:00,234,20,41,-6,-16,1
08/22/2017 21:55:00,234,22,40,-5,-17,1
08/22/2017 21:56:00,234,22,40,-5,-16,1
08/22/2017 21:57:00,234,22,41,-5,-16,1
08/22/2017 21:58:00,234,20,39,-5,-15,1
08/22/2017 21:59:00,234,20,39,-5,-15,1
08/22/2017 22:00:00,234,21,41,-5,-15,1
08/22/2017 22:01:00,234,22,42,-5,-15,1
08/22/2017 22:02:00,234,23,42,-5,-15,1
08/22/2017 22:03:00,234,21,41,-5,-14,1
08/22/2017 22:04:00,234,19,42,-5,-13,1
08/22/2017 22:05:00,234,19,42,-5,-13,1
08/22/2017 22:06:00,234,19,41,-6,-14,1
08/22/2017 22:07:00,234,20,43,-6,-14,1
08/22/2017 22:08:00,234,22,41,-6,-16,1
08/22/2017 22:09:00,234,26,43,-6,-17,1
08/22/2017 22:10:00,234,29,45,-7,-18,1
08/22/2017 22:11:00,234,29,45,-7,-17,1
08/22/2017 22:12:00,234,29,47,-7,-17,1
08/22/2017 22:13:00,234,29,50,-7,-17,1
08/22/2017 22:14:00,234,30,51,-6,-18,1
08/22/2017 22:15:00,234,31,54,-6,-18,1
08/22/2017 22:16:00,234,32,55,-7,-19,1
08/22/2017 22:17:00,234,32,56,-7,-19,1
08/22/2017 22:18:00,234,32,57,-7,-19,1
08/22/2017 22:19:00,234,30,55,-7,-18,1
08/22/2017 22:20:00,234,28,54,-7,-19,1
08/22/2017 22:21:00,234,29,52,-7,-19,1
08/22/2017 22:22:00,234,32,52,-8,-21,1
08/22/2017 22:23:00,234,33,52,-8,-21,1
08/22/2017 22:24:00,234,34,52,-7,-22,1
08/22/2017 22:25:00,234,33,51,-7,-22,1
08/22/2017 22:26:00,234,32,51,-7,-22,1
08/22/2017 22:27:00,234,31,50,-7,-23,1
08/22/2017 22:28:00,234,31,49,-7,-22,1
08/22/2017 22:29:00,234,30,50,-7,-23,1
08/22/2017 22:30:00,234,31,50,-7,-23,1
08/22/2017 22:31:00,234,31,50,-7,-23,1
08/22/2017 22:32:00,234,31,51,-7,-23,1
08/22/2017 22:33:00,234,31,51,-7,-23,1
08/22/2017 22:34:00,234,30,51,-7,-23,1
08/22/2017 22:35:00,234,30,51,-7,-22,1
08/22/2017 22:36:00,234,28,51,-7,-21,1
08/22/2017 22:37:00,234,27,51,-7,-21,1
08/22/2017 22:38:00,234,27,51,-7,-21,1
08/22/2017 22:39:00,234,27,52,-7,-20,1
08/22/2017 22:40:00,234,27,52,-7,-20,1
08/22/2017 22:41:00,234,27,54,-7,-20,1
08/22/2017 22:42:00,234,27,54,-7,-20,1
08/22/2017 22:43:00,234,26,56,-7,-21,1
08/22/2017 22:44:00,234,26,55,-7,-20,1
08/22/2017 22:45:00,234,27,55,-8,-21,1
08/22/2017 22:46:00,234,29,53,-8,-21,1
08/22/2017 22:47:00,234,29,50,-7,-21,1
08/22/2017 22:48:00,234,30,49,-7,-21,1
08/22/2017 22:49:00,234,29,48,-7,-21,1
08/22/2017 22:50:00,234,28,47,-7,-21,1
08/22/2017 22:51:00,234,28,45,-8,-22,1
08/22/2017 22:52:00,234,28,44,-8,-22,1
08/22/2017 22:53:00,234,26,41,-8,-23,1
08/22/2017 22:54:00,234,25,39,-8,-22,1
08/22/2017 22:55:00,234,26,38,-8,-23,1
08/22/2017 22:56:00,234,26,38,-8,-24,1
08/22/2017 22:57:00,234,26,38,-8,-24,1
08/22/2017 22:58:00,234,24,38,-8,-24,1
08/22/2017 22:59:00,234,24,39,-8,-23,1
08/22/2017 23:00:00,234,23,39,-8,-23,1
08/22/2017 23:01:00,234,22,39,-8,-23,1
08/22/2017 23:02:00,234,21,39,-8,-22,1
08/22/2017 23:03:00,234,20,39,-8,-22,1
08/22/2017 23:04:00,234,20,37,-8,-23,1
08/22/2017 23:05:00,234,21,35,-8,-24,1
08/22/2017 23:06:00,234,21,34,-8,-24,1
08/22/2017 23:07:00,234,20,31,-8,-24,1
08/22/2017 23:08:00,234,20,30,-8,-24,1
08/22/2017 23:09:00,234,19,30,-9,-24,1
08/22/2017 23:10:00,234,19,29,-9,-24,1
08/22/2017 23:11:00,234,19,30,-9,-24,1
08/22/2017 23:12:00,234,19,31,-9,-25,1
08/22/2017 23:13:00,234,20,31,-9,-26,1
08/22/2017 23:14:00,234,21,31,-9,-26,1
08/22/2017 23:15:00,234,20,31,-10,-26,1
08/22/2017 23:16:00,234,20,32,-10,-26,1
08/22/2017 23:17:00,234,19,33,-9,-26,1
08/22/2017 23:18:00,234,19,34,-9,-25,1
08/22/2017 23:19:00,234,16,34,-9,-25,1
08/22/2017 23:20:00,234,16,34,-9,-24,1
08/22/2017 23:21:00,234,16,33,-9,-24,1
08/22/2017 23:22:00,234,16,33,-9,-24,1
08/22/2017 23:23:00,234,16,33,-9,-24,1
08/22/2017 23:24:00,234,16,33,-9,-24,1
08/22/2017 23:25:00,234,16,33,-9,-24,1
08/22/2017 23:26:00,234,17,32,-9,-24,1
08/22/2017 23:27:00,234,17,31,-8,-24,1
08/22/2017 23:28:00,234,19,30,-9,-24,1
08/22/2017 23:29:00,234,19,30,-9,-25,1
08/22/2017 23:30:00,234,20,29,-8,-24,1
08/22/2017 23:31:00,234,20,31,-9,-25,1
08/22/2017 23:32:00,234,22,32,-9,-24,1
08/22/2017 23:33:00,234,20,31,-9,-24,1
08/22/2017 23:34:00,234,19,30,-9,-25,1
08/22/2017 23:35:00,234,19,28,-9,-25,1
08/22/2017 23:36:00,234,19,28,-8,-25,1
08/22/2017 23:37:00,234,19,27,-8,-25,1
08/22/2017 23:38:00,234,19,25,-8,-24,1
08/22/2017 23:39:00,234,19,24,-8,-24,1
08/22/2017 23:40:00,234,18,24,-8,-23,1
08/22/2017 23:41:00,234,19,24,-7,-24,1
08/22/2017 23:42:00,234,19,25,-7,-23,1
08/22/2017 23:43:00,234,18,23,-7,-23,1
08/22/2017 23:44:00,234,17,23,-7,-22,1
08/22/2017 23:45:00,234,17,22,-7,-22,1
08/22/2017 23:46:00,234,18,22,-7,-22,1
08/22/2017 23:47:00,234,20,23,-7,-22,1
08/22/2017 23:48:00,234,21,22,-7,-22,1
08/22/2017 23:49:00,234,21,23,-7,-22,1
08/22/2017 23:50:00,234,21,22,-7,-22,1
08/22/2017 23:51:00,234,21,22,-6,-22,1
08/22/2017 23:52:00,234,20,22,-6,-22,1
08/22/2017 23:53:00,234,19,22,-6,-21,1
08/22/2017 23:54:00,234,19,22,-6,-21,1
08/22/2017 23:55:00,234,19,21,-5,-21,1
08/22/2017 23:56:00,234,19,20,-5,-21,1
08/22/2017 23:57:00,234,16,18,-5,-20,1
08/22/2017 23:58:00,234,15,17,-5,-19,1
08/22/2017 23:59:00,234,14,16,-4,-19,1
