DateTime,DOY,ASY_D,ASY_H,SYM_D,SYM_H,Location
10/11/2011 00:00:00,284,16,8,2,0,1
10/11/2011 00:01:00,284,16,8,2,0,1
10/11/2011 00:02:00,284,16,8,2,0,1
10/11/2011 00:03:00,284,16,8,2,0,1
10/11/2011 00:04:00,284,16,8,2,0,1
10/11/2011 00:05:00,284,17,8,2,0,1
10/11/2011 00:06:00,284,17,8,2,0,1
10/11/2011 00:07:00,284,17,8,2,-1,1
10/11/2011 00:08:00,284,17,8,2,-1,1
10/11/2011 00:09:00,284,17,7,1,-1,1
10/11/2011 00:10:00,284,17,7,1,-1,1
10/11/2011 00:11:00,284,17,8,1,-1,1
10/11/2011 00:12:00,284,17,8,1,-1,1
10/11/2011 00:13:00,284,18,8,1,-1,1
10/11/2011 00:14:00,284,17,8,1,-1,1
10/11/2011 00:15:00,284,18,8,1,-1,1
10/11/2011 00:16:00,284,17,8,1,-2,1
10/11/2011 00:17:00,284,17,9,1,-2,1
10/11/2011 00:18:00,284,17,9,1,-2,1
10/11/2011 00:19:00,284,17,9,1,-2,1
10/11/2011 00:20:00,284,18,9,1,-2,1
10/11/2011 00:21:00,284,18,9,1,-2,1
10/11/2011 00:22:00,284,18,10,1,-2,1
10/11/2011 00:23:00,284,18,10,1,-2,1
10/11/2011 00:24:00,284,18,10,1,-2,1
10/11/2011 00:25:00,284,18,10,1,-2,1
10/11/2011 00:26:00,284,18,10,1,-2,1
10/11/2011 00:27:00,284,18,10,1,-2,1
10/11/2011 00:28:00,284,18,10,1,-2,1
10/11/2011 00:29:00,284,18,11,1,-2,1
10/11/2011 00:30:00,284,18,11,1,-2,1
10/11/2011 00:31:00,284,18,11,1,-2,1
10/11/2011 00:32:00,284,19,11,1,-1,1
10/11/2011 00:33:00,284,19,11,1,-1,1
10/11/2011 00:34:00,284,19,11,1,-1,1
10/11/2011 00:35:00,284,19,10,1,-1,1
10/11/2011 00:36:00,284,19,11,1,-2,1
10/11/2011 00:37:00,284,19,11,1,-2,1
10/11/2011 00:38:00,284,19,11,1,-2,1
10/11/2011 00:39:00,284,19,11,1,-2,1
10/11/2011 00:40:00,284,19,11,1,-2,1
10/11/2011 00:41:00,284,20,11,1,-2,1
10/11/2011 00:42:00,284,19,11,1,-2,1
10/11/2011 00:43:00,284,20,11,1,-2,1
10/11/2011 00:44:00,284,20,10,1,-2,1
10/11/2011 00:45:00,284,20,10,1,-2,1
10/11/2011 00:46:00,284,20,10,1,-2,1
10/11/2011 00:47:00,284,20,10,1,-2,1
10/11/2011 00:48:00,284,20,11,1,-2,1
10/11/2011 00:49:00,284,21,11,1,-2,1
10/11/2011 00:50:00,284,20,11,1,-2,1
10/11/2011 00:51:00,284,21,10,1,-2,1
10/11/2011 00:52:00,284,21,10,1,-2,1
10/11/2011 00:53:00,284,21,10,1,-2,1
10/11/2011 00:54:00,284,21,11,1,-2,1
10/11/2011 00:55:00,284,21,11,1,-2,1
10/11/2011 00:56:00,284,21,11,1,-2,1
10/11/2011 00:57:00,284,21,11,1,-2,1
10/11/2011 00:58:00,284,21,10,1,-2,1
10/11/2011 00:59:00,284,22,10,1,-2,1
10/11/2011 01:00:00,284,22,10,1,-2,1
10/11/2011 01:01:00,284,22,10,1,-2,1
10/11/2011 01:02:00,284,22,10,1,-3,1
10/11/2011 01:03:00,284,23,10,1,-3,1
10/11/2011 01:04:00,284,22,10,1,-2,1
10/11/2011 01:05:00,284,22,10,1,-2,1
10/11/2011 01:06:00,284,23,10,1,-3,1
10/11/2011 01:07:00,284,23,9,1,-3,1
10/11/2011 01:08:00,284,23,9,1,-3,1
10/11/2011 01:09:00,284,22,9,1,-3,1
10/11/2011 01:10:00,284,22,10,1,-3,1
10/11/2011 01:11:00,284,22,10,1,-3,1
10/11/2011 01:12:00,284,22,9,1,-4,1
10/11/2011 01:13:00,284,22,9,1,-4,1
10/11/2011 01:14:00,284,24,9,1,-4,1
10/11/2011 01:15:00,284,23,9,1,-4,1
10/11/2011 01:16:00,284,23,9,1,-4,1
10/11/2011 01:17:00,284,23,9,1,-4,1
10/11/2011 01:18:00,284,22,9,1,-4,1
10/11/2011 01:19:00,284,23,9,1,-4,1
10/11/2011 01:20:00,284,22,9,1,-4,1
10/11/2011 01:21:00,284,23,9,1,-4,1
10/11/2011 01:22:00,284,23,10,1,-4,1
10/11/2011 01:23:00,284,22,10,2,-4,1
10/11/2011 01:24:00,284,22,9,1,-4,1
10/11/2011 01:25:00,284,22,9,1,-4,1
10/11/2011 01:26:00,284,22,9,1,-4,1
10/11/2011 01:27:00,284,22,9,1,-5,1
10/11/2011 01:28:00,284,22,9,1,-5,1
10/11/2011 01:29:00,284,23,9,2,-5,1
10/11/2011 01:30:00,284,23,8,1,-4,1
10/11/2011 01:31:00,284,23,10,2,-4,1
10/11/2011 01:32:00,284,22,10,2,-4,1
10/11/2011 01:33:00,284,21,9,2,-4,1
10/11/2011 01:34:00,284,21,9,2,-4,1
10/11/2011 01:35:00,284,21,8,2,-3,1
10/11/2011 01:36:00,284,21,8,2,-3,1
10/11/2011 01:37:00,284,20,8,2,-3,1
10/11/2011 01:38:00,284,20,9,2,-4,1
10/11/2011 01:39:00,284,20,8,2,-4,1
10/11/2011 01:40:00,284,20,8,2,-4,1
10/11/2011 01:41:00,284,20,8,2,-4,1
10/11/2011 01:42:00,284,20,7,2,-4,1
10/11/2011 01:43:00,284,20,7,2,-4,1
10/11/2011 01:44:00,284,21,7,2,-5,1
10/11/2011 01:45:00,284,21,8,2,-5,1
10/11/2011 01:46:00,284,21,8,2,-5,1
10/11/2011 01:47:00,284,21,9,2,-5,1
10/11/2011 01:48:00,284,20,7,2,-5,1
10/11/2011 01:49:00,284,20,7,2,-5,1
10/11/2011 01:50:00,284,20,7,2,-4,1
10/11/2011 01:51:00,284,20,7,2,-4,1
10/11/2011 01:52:00,284,20,7,2,-4,1
10/11/2011 01:53:00,284,19,7,2,-4,1
10/11/2011 01:54:00,284,19,7,2,-4,1
10/11/2011 01:55:00,284,19,7,2,-4,1
10/11/2011 01:56:00,284,19,6,2,-4,1
10/11/2011 01:57:00,284,20,6,2,-4,1
10/11/2011 01:58:00,284,20,6,2,-4,1
10/11/2011 01:59:00,284,19,6,3,-4,1
10/11/2011 02:00:00,284,20,6,2,-4,1
10/11/2011 02:01:00,284,19,6,2,-4,1
10/11/2011 02:02:00,284,20,7,2,-4,1
10/11/2011 02:03:00,284,20,6,2,-3,1
10/11/2011 02:04:00,284,20,6,2,-3,1
10/11/2011 02:05:00,284,20,6,2,-3,1
10/11/2011 02:06:00,284,20,5,2,-3,1
10/11/2011 02:07:00,284,19,5,3,-3,1
10/11/2011 02:08:00,284,19,6,2,-3,1
10/11/2011 02:09:00,284,19,5,2,-3,1
10/11/2011 02:10:00,284,18,4,3,-3,1
10/11/2011 02:11:00,284,19,4,3,-2,1
10/11/2011 02:12:00,284,19,5,2,-2,1
10/11/2011 02:13:00,284,19,5,2,-2,1
10/11/2011 02:14:00,284,19,5,2,-2,1
10/11/2011 02:15:00,284,19,4,2,-3,1
10/11/2011 02:16:00,284,19,5,2,-2,1
10/11/2011 02:17:00,284,19,5,2,-2,1
10/11/2011 02:18:00,284,19,4,2,-3,1
10/11/2011 02:19:00,284,19,4,2,-3,1
10/11/2011 02:20:00,284,19,5,2,-3,1
10/11/2011 02:21:00,284,19,5,2,-3,1
10/11/2011 02:22:00,284,19,5,2,-3,1
10/11/2011 02:23:00,284,19,5,2,-3,1
10/11/2011 02:24:00,284,19,5,2,-2,1
10/11/2011 02:25:00,284,18,5,2,-3,1
10/11/2011 02:26:00,284,18,5,2,-2,1
10/11/2011 02:27:00,284,18,4,2,-3,1
10/11/2011 02:28:00,284,19,4,2,-3,1
10/11/2011 02:29:00,284,19,5,2,-3,1
10/11/2011 02:30:00,284,19,5,2,-3,1
10/11/2011 02:31:00,284,19,5,2,-3,1
10/11/2011 02:32:00,284,18,5,2,-3,1
10/11/2011 02:33:00,284,19,5,2,-3,1
10/11/2011 02:34:00,284,18,5,2,-3,1
10/11/2011 02:35:00,284,18,4,2,-3,1
10/11/2011 02:36:00,284,18,4,2,-3,1
10/11/2011 02:37:00,284,18,4,2,-3,1
10/11/2011 02:38:00,284,18,5,2,-3,1
10/11/2011 02:39:00,284,18,5,2,-3,1
10/11/2011 02:40:00,284,18,5,2,-3,1
10/11/2011 02:41:00,284,18,4,2,-3,1
10/11/2011 02:42:00,284,18,4,2,-3,1
10/11/2011 02:43:00,284,18,4,2,-3,1
10/11/2011 02:44:00,284,17,4,1,-3,1
10/11/2011 02:45:00,284,17,4,2,-3,1
10/11/2011 02:46:00,284,17,4,2,-3,1
10/11/2011 02:47:00,284,18,3,1,-4,1
10/11/2011 02:48:00,284,18,3,1,-3,1
10/11/2011 02:49:00,284,17,4,1,-4,1
10/11/2011 02:50:00,284,17,5,1,-4,1
10/11/2011 02:51:00,284,17,4,1,-4,1
10/11/2011 02:52:00,284,17,4,1,-4,1
10/11/2011 02:53:00,284,17,4,1,-4,1
10/11/2011 02:54:00,284,17,4,1,-4,1
10/11/2011 02:55:00,284,17,4,1,-4,1
10/11/2011 02:56:00,284,18,4,1,-4,1
10/11/2011 02:57:00,284,18,3,1,-4,1
10/11/2011 02:58:00,284,18,5,1,-4,1
10/11/2011 02:59:00,284,19,5,1,-4,1
10/11/2011 03:00:00,284,19,5,1,-4,1
10/11/2011 03:01:00,284,20,5,1,-4,1
10/11/2011 03:02:00,284,20,4,1,-4,1
10/11/2011 03:03:00,284,19,5,1,-5,1
10/11/2011 03:04:00,284,19,5,1,-4,1
10/11/2011 03:05:00,284,20,5,1,-4,1
10/11/2011 03:06:00,284,20,5,1,-4,1
10/11/2011 03:07:00,284,20,4,1,-5,1
10/11/2011 03:08:00,284,19,4,1,-4,1
10/11/2011 03:09:00,284,20,5,1,-5,1
10/11/2011 03:10:00,284,20,5,1,-5,1
10/11/2011 03:11:00,284,21,5,1,-5,1
10/11/2011 03:12:00,284,20,5,0,-5,1
10/11/2011 03:13:00,284,21,5,1,-5,1
10/11/2011 03:14:00,284,21,5,0,-4,1
10/11/2011 03:15:00,284,21,4,0,-5,1
10/11/2011 03:16:00,284,21,4,0,-4,1
10/11/2011 03:17:00,284,21,5,0,-5,1
10/11/2011 03:18:00,284,20,5,0,-4,1
10/11/2011 03:19:00,284,22,5,0,-5,1
10/11/2011 03:20:00,284,22,6,0,-5,1
10/11/2011 03:21:00,284,22,6,0,-4,1
10/11/2011 03:22:00,284,22,6,0,-4,1
10/11/2011 03:23:00,284,21,5,0,-4,1
10/11/2011 03:24:00,284,21,7,0,-4,1
10/11/2011 03:25:00,284,21,7,0,-4,1
10/11/2011 03:26:00,284,21,7,0,-4,1
10/11/2011 03:27:00,284,21,6,0,-4,1
10/11/2011 03:28:00,284,20,7,0,-4,1
10/11/2011 03:29:00,284,21,6,0,-4,1
10/11/2011 03:30:00,284,21,8,0,-3,1
10/11/2011 03:31:00,284,20,8,0,-4,1
10/11/2011 03:32:00,284,20,8,0,-3,1
10/11/2011 03:33:00,284,21,8,0,-3,1
10/11/2011 03:34:00,284,21,8,0,-3,1
10/11/2011 03:35:00,284,21,7,0,-4,1
10/11/2011 03:36:00,284,21,7,0,-4,1
10/11/2011 03:37:00,284,21,8,0,-3,1
10/11/2011 03:38:00,284,21,7,0,-3,1
10/11/2011 03:39:00,284,21,7,0,-3,1
10/11/2011 03:40:00,284,21,8,0,-3,1
10/11/2011 03:41:00,284,21,8,0,-3,1
10/11/2011 03:42:00,284,21,8,0,-3,1
10/11/2011 03:43:00,284,21,8,0,-3,1
10/11/2011 03:44:00,284,21,9,0,-3,1
10/11/2011 03:45:00,284,21,9,0,-3,1
10/11/2011 03:46:00,284,22,9,0,-3,1
10/11/2011 03:47:00,284,22,9,0,-3,1
10/11/2011 03:48:00,284,22,9,0,-3,1
10/11/2011 03:49:00,284,22,9,0,-3,1
10/11/2011 03:50:00,284,21,9,-1,-3,1
10/11/2011 03:51:00,284,21,9,-1,-3,1
10/11/2011 03:52:00,284,21,9,0,-3,1
10/11/2011 03:53:00,284,21,9,0,-3,1
10/11/2011 03:54:00,284,21,9,0,-3,1
10/11/2011 03:55:00,284,22,10,0,-3,1
10/11/2011 03:56:00,284,22,11,0,-3,1
10/11/2011 03:57:00,284,22,11,0,-3,1
10/11/2011 03:58:00,284,22,11,0,-3,1
10/11/2011 03:59:00,284,22,10,0,-3,1
10/11/2011 04:00:00,284,21,11,0,-3,1
10/11/2011 04:01:00,284,21,11,0,-2,1
10/11/2011 04:02:00,284,21,10,0,-3,1
10/11/2011 04:03:00,284,21,10,0,-2,1
10/11/2011 04:04:00,284,21,10,0,-2,1
10/11/2011 04:05:00,284,20,10,0,-2,1
10/11/2011 04:06:00,284,20,10,0,-1,1
10/11/2011 04:07:00,284,20,11,0,-1,1
10/11/2011 04:08:00,284,20,12,0,-1,1
10/11/2011 04:09:00,284,20,12,0,-1,1
10/11/2011 04:10:00,284,21,12,0,-1,1
10/11/2011 04:11:00,284,21,12,0,-1,1
10/11/2011 04:12:00,284,20,13,0,-1,1
10/11/2011 04:13:00,284,21,12,0,-1,1
10/11/2011 04:14:00,284,21,12,0,-1,1
10/11/2011 04:15:00,284,21,12,0,-1,1
10/11/2011 04:16:00,284,21,12,0,-1,1
10/11/2011 04:17:00,284,21,13,0,-1,1
10/11/2011 04:18:00,284,21,13,0,-1,1
10/11/2011 04:19:00,284,20,13,0,0,1
10/11/2011 04:20:00,284,20,13,0,0,1
10/11/2011 04:21:00,284,20,13,0,0,1
10/11/2011 04:22:00,284,21,13,0,0,1
10/11/2011 04:23:00,284,21,14,0,0,1
10/11/2011 04:24:00,284,20,14,0,0,1
10/11/2011 04:25:00,284,20,14,0,0,1
10/11/2011 04:26:00,284,20,14,0,0,1
10/11/2011 04:27:00,284,20,14,0,0,1
10/11/2011 04:28:00,284,20,14,0,0,1
10/11/2011 04:29:00,284,20,15,0,1,1
10/11/2011 04:30:00,284,19,16,0,1,1
10/11/2011 04:31:00,284,19,16,1,1,1
10/11/2011 04:32:00,284,19,16,0,1,1
10/11/2011 04:33:00,284,19,16,0,1,1
10/11/2011 04:34:00,284,18,16,0,1,1
10/11/2011 04:35:00,284,18,17,0,1,1
10/11/2011 04:36:00,284,18,17,0,1,1
10/11/2011 04:37:00,284,18,17,1,1,1
10/11/2011 04:38:00,284,18,17,1,1,1
10/11/2011 04:39:00,284,18,17,1,1,1
10/11/2011 04:40:00,284,19,18,1,1,1
10/11/2011 04:41:00,284,19,18,1,1,1
10/11/2011 04:42:00,284,19,17,1,1,1
10/11/2011 04:43:00,284,18,17,1,2,1
10/11/2011 04:44:00,284,18,17,1,2,1
10/11/2011 04:45:00,284,17,17,1,2,1
10/11/2011 04:46:00,284,17,18,1,2,1
10/11/2011 04:47:00,284,17,18,1,2,1
10/11/2011 04:48:00,284,17,18,1,2,1
10/11/2011 04:49:00,284,17,18,1,2,1
10/11/2011 04:50:00,284,17,18,1,2,1
10/11/2011 04:51:00,284,17,19,1,2,1
10/11/2011 04:52:00,284,17,18,1,1,1
10/11/2011 04:53:00,284,17,18,1,1,1
10/11/2011 04:54:00,284,17,18,1,1,1
10/11/2011 04:55:00,284,16,18,1,1,1
10/11/2011 04:56:00,284,17,18,1,1,1
10/11/2011 04:57:00,284,17,18,1,1,1
10/11/2011 04:58:00,284,16,19,1,1,1
10/11/2011 04:59:00,284,15,18,1,1,1
10/11/2011 05:00:00,284,15,18,1,1,1
10/11/2011 05:01:00,284,15,18,1,1,1
10/11/2011 05:02:00,284,15,18,1,1,1
10/11/2011 05:03:00,284,15,19,2,1,1
10/11/2011 05:04:00,284,14,18,1,1,1
10/11/2011 05:05:00,284,15,18,2,1,1
10/11/2011 05:06:00,284,15,18,2,1,1
10/11/2011 05:07:00,284,14,18,2,1,1
10/11/2011 05:08:00,284,15,19,2,1,1
10/11/2011 05:09:00,284,14,19,2,1,1
10/11/2011 05:10:00,284,14,19,2,1,1
10/11/2011 05:11:00,284,14,19,2,1,1
10/11/2011 05:12:00,284,14,18,2,1,1
10/11/2011 05:13:00,284,13,18,2,1,1
10/11/2011 05:14:00,284,13,18,2,1,1
10/11/2011 05:15:00,284,13,19,2,2,1
10/11/2011 05:16:00,284,13,19,2,2,1
10/11/2011 05:17:00,284,13,20,2,2,1
10/11/2011 05:18:00,284,14,20,2,2,1
10/11/2011 05:19:00,284,14,20,2,2,1
10/11/2011 05:20:00,284,14,20,2,2,1
10/11/2011 05:21:00,284,14,19,2,2,1
10/11/2011 05:22:00,284,13,20,2,2,1
10/11/2011 05:23:00,284,14,20,2,2,1
10/11/2011 05:24:00,284,14,19,2,2,1
10/11/2011 05:25:00,284,13,20,2,2,1
10/11/2011 05:26:00,284,14,20,2,2,1
10/11/2011 05:27:00,284,13,20,2,2,1
10/11/2011 05:28:00,284,13,19,2,2,1
10/11/2011 05:29:00,284,14,19,2,2,1
10/11/2011 05:30:00,284,14,19,2,2,1
10/11/2011 05:31:00,284,14,19,2,2,1
10/11/2011 05:32:00,284,14,19,2,2,1
10/11/2011 05:33:00,284,14,19,2,2,1
10/11/2011 05:34:00,284,14,19,2,2,1
10/11/2011 05:35:00,284,13,18,2,2,1
10/11/2011 05:36:00,284,13,19,2,2,1
10/11/2011 05:37:00,284,13,19,2,2,1
10/11/2011 05:38:00,284,13,19,2,2,1
10/11/2011 05:39:00,284,13,19,2,2,1
10/11/2011 05:40:00,284,13,19,2,2,1
10/11/2011 05:41:00,284,13,19,2,2,1
10/11/2011 05:42:00,284,13,18,2,2,1
10/11/2011 05:43:00,284,12,18,2,2,1
10/11/2011 05:44:00,284,12,18,2,2,1
10/11/2011 05:45:00,284,12,18,2,2,1
10/11/2011 05:46:00,284,12,19,2,2,1
10/11/2011 05:47:00,284,12,19,2,2,1
10/11/2011 05:48:00,284,12,18,2,1,1
10/11/2011 05:49:00,284,12,18,2,1,1
10/11/2011 05:50:00,284,12,18,3,1,1
10/11/2011 05:51:00,284,12,18,3,1,1
10/11/2011 05:52:00,284,13,18,2,1,1
10/11/2011 05:53:00,284,12,19,2,2,1
10/11/2011 05:54:00,284,13,18,2,1,1
10/11/2011 05:55:00,284,13,18,2,1,1
10/11/2011 05:56:00,284,12,17,3,1,1
10/11/2011 05:57:00,284,12,17,3,1,1
10/11/2011 05:58:00,284,13,17,3,1,1
10/11/2011 05:59:00,284,13,17,3,1,1
10/11/2011 06:00:00,284,13,17,3,2,1
10/11/2011 06:01:00,284,13,18,3,2,1
10/11/2011 06:02:00,284,13,17,3,2,1
10/11/2011 06:03:00,284,13,15,3,2,1
10/11/2011 06:04:00,284,13,15,3,2,1
10/11/2011 06:05:00,284,12,16,3,2,1
10/11/2011 06:06:00,284,12,16,3,2,1
10/11/2011 06:07:00,284,12,16,3,2,1
10/11/2011 06:08:00,284,13,16,3,2,1
10/11/2011 06:09:00,284,13,15,3,2,1
10/11/2011 06:10:00,284,13,15,3,2,1
10/11/2011 06:11:00,284,13,16,3,2,1
10/11/2011 06:12:00,284,13,15,3,2,1
10/11/2011 06:13:00,284,13,15,3,2,1
10/11/2011 06:14:00,284,13,15,3,2,1
10/11/2011 06:15:00,284,13,16,3,2,1
10/11/2011 06:16:00,284,13,16,3,2,1
10/11/2011 06:17:00,284,13,16,3,2,1
10/11/2011 06:18:00,284,13,16,3,3,1
10/11/2011 06:19:00,284,13,16,3,3,1
10/11/2011 06:20:00,284,13,17,3,3,1
10/11/2011 06:21:00,284,13,16,3,4,1
10/11/2011 06:22:00,284,13,16,3,3,1
10/11/2011 06:23:00,284,12,16,3,4,1
10/11/2011 06:24:00,284,13,15,3,4,1
10/11/2011 06:25:00,284,12,15,3,4,1
10/11/2011 06:26:00,284,13,15,3,4,1
10/11/2011 06:27:00,284,13,15,3,4,1
10/11/2011 06:28:00,284,12,15,3,4,1
10/11/2011 06:29:00,284,13,15,3,4,1
10/11/2011 06:30:00,284,13,16,2,5,1
10/11/2011 06:31:00,284,13,16,2,5,1
10/11/2011 06:32:00,284,13,16,2,5,1
10/11/2011 06:33:00,284,13,16,2,5,1
10/11/2011 06:34:00,284,12,16,3,5,1
10/11/2011 06:35:00,284,12,15,3,5,1
10/11/2011 06:36:00,284,12,15,3,5,1
10/11/2011 06:37:00,284,12,15,3,5,1
10/11/2011 06:38:00,284,12,15,3,5,1
10/11/2011 06:39:00,284,12,15,2,5,1
10/11/2011 06:40:00,284,12,14,2,5,1
10/11/2011 06:41:00,284,12,15,3,6,1
10/11/2011 06:42:00,284,11,15,3,6,1
10/11/2011 06:43:00,284,12,15,3,6,1
10/11/2011 06:44:00,284,12,14,3,6,1
10/11/2011 06:45:00,284,12,15,3,6,1
10/11/2011 06:46:00,284,12,14,2,6,1
10/11/2011 06:47:00,284,12,14,2,6,1
10/11/2011 06:48:00,284,12,14,2,6,1
10/11/2011 06:49:00,284,13,14,3,6,1
10/11/2011 06:50:00,284,13,14,2,6,1
10/11/2011 06:51:00,284,12,14,3,6,1
10/11/2011 06:52:00,284,12,14,3,6,1
10/11/2011 06:53:00,284,12,14,3,6,1
10/11/2011 06:54:00,284,12,13,3,6,1
10/11/2011 06:55:00,284,11,13,3,6,1
10/11/2011 06:56:00,284,12,13,3,6,1
10/11/2011 06:57:00,284,12,12,3,6,1
10/11/2011 06:58:00,284,11,12,3,6,1
10/11/2011 06:59:00,284,12,12,3,6,1
10/11/2011 07:00:00,284,11,13,3,7,1
10/11/2011 07:01:00,284,11,13,3,7,1
10/11/2011 07:02:00,284,11,14,3,7,1
10/11/2011 07:03:00,284,11,14,3,7,1
10/11/2011 07:04:00,284,11,14,3,7,1
10/11/2011 07:05:00,284,11,13,3,6,1
10/11/2011 07:06:00,284,11,14,3,7,1
10/11/2011 07:07:00,284,10,14,3,7,1
10/11/2011 07:08:00,284,10,13,3,7,1
10/11/2011 07:09:00,284,10,13,3,7,1
10/11/2011 07:10:00,284,10,14,3,7,1
10/11/2011 07:11:00,284,10,14,3,7,1
10/11/2011 07:12:00,284,10,13,3,7,1
10/11/2011 07:13:00,284,10,12,3,6,1
10/11/2011 07:14:00,284,10,13,3,6,1
10/11/2011 07:15:00,284,10,13,3,6,1
10/11/2011 07:16:00,284,10,13,3,5,1
10/11/2011 07:17:00,284,10,12,3,5,1
10/11/2011 07:18:00,284,10,12,3,6,1
10/11/2011 07:19:00,284,10,12,3,5,1
10/11/2011 07:20:00,284,10,13,3,5,1
10/11/2011 07:21:00,284,10,12,3,5,1
10/11/2011 07:22:00,284,10,12,3,5,1
10/11/2011 07:23:00,284,10,12,3,5,1
10/11/2011 07:24:00,284,10,12,3,5,1
10/11/2011 07:25:00,284,10,12,3,5,1
10/11/2011 07:26:00,284,10,13,3,5,1
10/11/2011 07:27:00,284,10,13,3,5,1
10/11/2011 07:28:00,284,9,13,3,5,1
10/11/2011 07:29:00,284,9,13,3,5,1
10/11/2011 07:30:00,284,9,13,3,5,1
10/11/2011 07:31:00,284,9,13,3,5,1
10/11/2011 07:32:00,284,9,12,3,5,1
10/11/2011 07:33:00,284,9,13,3,5,1
10/11/2011 07:34:00,284,9,13,3,5,1
10/11/2011 07:35:00,284,9,13,3,5,1
10/11/2011 07:36:00,284,9,13,3,5,1
10/11/2011 07:37:00,284,9,13,3,5,1
10/11/2011 07:38:00,284,9,12,3,5,1
10/11/2011 07:39:00,284,9,12,3,5,1
10/11/2011 07:40:00,284,9,13,3,5,1
10/11/2011 07:41:00,284,8,13,3,5,1
10/11/2011 07:42:00,284,8,13,3,6,1
10/11/2011 07:43:00,284,8,12,3,6,1
10/11/2011 07:44:00,284,8,12,3,6,1
10/11/2011 07:45:00,284,8,12,3,6,1
10/11/2011 07:46:00,284,8,12,3,6,1
10/11/2011 07:47:00,284,8,13,3,6,1
10/11/2011 07:48:00,284,8,13,3,6,1
10/11/2011 07:49:00,284,7,12,3,6,1
10/11/2011 07:50:00,284,8,12,3,6,1
10/11/2011 07:51:00,284,7,13,3,7,1
10/11/2011 07:52:00,284,7,13,3,7,1
10/11/2011 07:53:00,284,7,13,3,7,1
10/11/2011 07:54:00,284,7,13,3,6,1
10/11/2011 07:55:00,284,7,12,3,6,1
10/11/2011 07:56:00,284,6,12,3,6,1
10/11/2011 07:57:00,284,7,13,3,7,1
10/11/2011 07:58:00,284,7,13,3,7,1
10/11/2011 07:59:00,284,7,13,3,7,1
10/11/2011 08:00:00,284,7,13,3,7,1
10/11/2011 08:01:00,284,7,13,3,7,1
10/11/2011 08:02:00,284,6,14,3,7,1
10/11/2011 08:03:00,284,6,14,3,7,1
10/11/2011 08:04:00,284,6,14,3,7,1
10/11/2011 08:05:00,284,6,14,2,7,1
10/11/2011 08:06:00,284,6,14,2,7,1
10/11/2011 08:07:00,284,6,14,2,7,1
10/11/2011 08:08:00,284,6,14,2,7,1
10/11/2011 08:09:00,284,6,15,2,7,1
10/11/2011 08:10:00,284,6,16,2,7,1
10/11/2011 08:11:00,284,7,16,2,8,1
10/11/2011 08:12:00,284,7,16,2,8,1
10/11/2011 08:13:00,284,7,16,2,8,1
10/11/2011 08:14:00,284,7,15,2,8,1
10/11/2011 08:15:00,284,7,17,2,8,1
10/11/2011 08:16:00,284,7,17,2,8,1
10/11/2011 08:17:00,284,7,17,2,8,1
10/11/2011 08:18:00,284,7,17,2,8,1
10/11/2011 08:19:00,284,7,17,2,8,1
10/11/2011 08:20:00,284,7,17,2,8,1
10/11/2011 08:21:00,284,7,17,2,8,1
10/11/2011 08:22:00,284,7,17,2,8,1
10/11/2011 08:23:00,284,7,18,2,8,1
10/11/2011 08:24:00,284,7,18,2,8,1
10/11/2011 08:25:00,284,7,17,2,9,1
10/11/2011 08:26:00,284,6,17,2,10,1
10/11/2011 08:27:00,284,6,16,2,11,1
10/11/2011 08:28:00,284,6,15,2,11,1
10/11/2011 08:29:00,284,7,15,1,12,1
10/11/2011 08:30:00,284,9,15,1,13,1
10/11/2011 08:31:00,284,10,15,1,14,1
10/11/2011 08:32:00,284,10,17,1,14,1
10/11/2011 08:33:00,284,12,18,1,14,1
10/11/2011 08:34:00,284,13,20,1,15,1
10/11/2011 08:35:00,284,13,22,1,15,1
10/11/2011 08:36:00,284,14,24,2,14,1
10/11/2011 08:37:00,284,14,25,2,14,1
10/11/2011 08:38:00,284,13,26,2,13,1
10/11/2011 08:39:00,284,12,26,2,13,1
10/11/2011 08:40:00,284,13,24,2,12,1
10/11/2011 08:41:00,284,12,23,2,12,1
10/11/2011 08:42:00,284,11,22,2,12,1
10/11/2011 08:43:00,284,10,22,2,12,1
10/11/2011 08:44:00,284,9,22,2,12,1
10/11/2011 08:45:00,284,10,20,2,12,1
10/11/2011 08:46:00,284,10,20,2,12,1
10/11/2011 08:47:00,284,10,20,2,12,1
10/11/2011 08:48:00,284,10,19,2,13,1
10/11/2011 08:49:00,284,10,20,1,13,1
10/11/2011 08:50:00,284,9,20,1,12,1
10/11/2011 08:51:00,284,9,20,1,12,1
10/11/2011 08:52:00,284,9,20,1,12,1
10/11/2011 08:53:00,284,9,20,1,12,1
10/11/2011 08:54:00,284,8,20,2,12,1
10/11/2011 08:55:00,284,8,19,2,11,1
10/11/2011 08:56:00,284,7,19,1,11,1
10/11/2011 08:57:00,284,7,20,1,10,1
10/11/2011 08:58:00,284,6,19,1,10,1
10/11/2011 08:59:00,284,6,19,1,10,1
10/11/2011 09:00:00,284,6,19,1,10,1
10/11/2011 09:01:00,284,6,17,1,10,1
10/11/2011 09:02:00,284,6,17,1,10,1
10/11/2011 09:03:00,284,6,16,1,10,1
10/11/2011 09:04:00,284,6,16,1,11,1
10/11/2011 09:05:00,284,6,16,1,11,1
10/11/2011 09:06:00,284,6,16,1,11,1
10/11/2011 09:07:00,284,6,17,1,11,1
10/11/2011 09:08:00,284,7,16,1,11,1
10/11/2011 09:09:00,284,6,17,1,11,1
10/11/2011 09:10:00,284,7,17,1,11,1
10/11/2011 09:11:00,284,7,17,1,11,1
10/11/2011 09:12:00,284,7,18,1,11,1
10/11/2011 09:13:00,284,7,18,1,11,1
10/11/2011 09:14:00,284,8,18,1,11,1
10/11/2011 09:15:00,284,7,18,1,12,1
10/11/2011 09:16:00,284,8,17,1,12,1
10/11/2011 09:17:00,284,7,17,1,12,1
10/11/2011 09:18:00,284,8,17,1,12,1
10/11/2011 09:19:00,284,8,16,1,12,1
10/11/2011 09:20:00,284,7,16,1,13,1
10/11/2011 09:21:00,284,8,16,1,13,1
10/11/2011 09:22:00,284,7,16,1,13,1
10/11/2011 09:23:00,284,8,17,1,13,1
10/11/2011 09:24:00,284,8,17,1,13,1
10/11/2011 09:25:00,284,8,16,1,12,1
10/11/2011 09:26:00,284,8,18,1,12,1
10/11/2011 09:27:00,284,8,17,1,11,1
10/11/2011 09:28:00,284,7,16,1,11,1
10/11/2011 09:29:00,284,7,16,1,11,1
10/11/2011 09:30:00,284,8,15,1,10,1
10/11/2011 09:31:00,284,8,15,1,10,1
10/11/2011 09:32:00,284,7,16,1,10,1
10/11/2011 09:33:00,284,7,16,1,10,1
10/11/2011 09:34:00,284,7,15,1,10,1
10/11/2011 09:35:00,284,7,15,1,11,1
10/11/2011 09:36:00,284,7,14,1,10,1
10/11/2011 09:37:00,284,8,13,1,11,1
10/11/2011 09:38:00,284,8,14,1,11,1
10/11/2011 09:39:00,284,8,14,1,11,1
10/11/2011 09:40:00,284,7,13,1,10,1
10/11/2011 09:41:00,284,7,14,1,10,1
10/11/2011 09:42:00,284,8,14,1,10,1
10/11/2011 09:43:00,284,8,14,1,10,1
10/11/2011 09:44:00,284,8,14,1,11,1
10/11/2011 09:45:00,284,7,14,1,11,1
10/11/2011 09:46:00,284,7,13,1,11,1
10/11/2011 09:47:00,284,7,13,1,11,1
10/11/2011 09:48:00,284,7,13,1,11,1
10/11/2011 09:49:00,284,7,12,2,10,1
10/11/2011 09:50:00,284,7,13,1,10,1
10/11/2011 09:51:00,284,8,13,1,10,1
10/11/2011 09:52:00,284,8,13,1,10,1
10/11/2011 09:53:00,284,7,12,1,10,1
10/11/2011 09:54:00,284,7,12,1,10,1
10/11/2011 09:55:00,284,7,12,2,10,1
10/11/2011 09:56:00,284,7,13,2,10,1
10/11/2011 09:57:00,284,7,13,1,10,1
10/11/2011 09:58:00,284,7,13,2,10,1
10/11/2011 09:59:00,284,7,13,2,10,1
10/11/2011 10:00:00,284,7,13,2,10,1
10/11/2011 10:01:00,284,7,12,2,9,1
10/11/2011 10:02:00,284,6,13,2,9,1
10/11/2011 10:03:00,284,6,13,2,9,1
10/11/2011 10:04:00,284,7,12,2,10,1
10/11/2011 10:05:00,284,7,12,2,10,1
10/11/2011 10:06:00,284,6,13,2,10,1
10/11/2011 10:07:00,284,7,12,2,9,1
10/11/2011 10:08:00,284,7,11,2,9,1
10/11/2011 10:09:00,284,7,11,2,9,1
10/11/2011 10:10:00,284,7,12,2,9,1
10/11/2011 10:11:00,284,7,12,2,9,1
10/11/2011 10:12:00,284,7,11,2,9,1
10/11/2011 10:13:00,284,7,11,2,9,1
10/11/2011 10:14:00,284,7,11,2,9,1
10/11/2011 10:15:00,284,7,10,2,8,1
10/11/2011 10:16:00,284,7,12,2,8,1
10/11/2011 10:17:00,284,6,12,2,8,1
10/11/2011 10:18:00,284,6,11,2,7,1
10/11/2011 10:19:00,284,6,10,2,7,1
10/11/2011 10:20:00,284,6,10,2,7,1
10/11/2011 10:21:00,284,6,10,2,7,1
10/11/2011 10:22:00,284,6,9,2,7,1
10/11/2011 10:23:00,284,6,10,2,7,1
10/11/2011 10:24:00,284,6,10,2,7,1
10/11/2011 10:25:00,284,6,10,2,7,1
10/11/2011 10:26:00,284,6,10,2,7,1
10/11/2011 10:27:00,284,6,9,2,7,1
10/11/2011 10:28:00,284,6,10,2,7,1
10/11/2011 10:29:00,284,6,10,2,7,1
10/11/2011 10:30:00,284,6,10,2,7,1
10/11/2011 10:31:00,284,7,9,2,8,1
10/11/2011 10:32:00,284,7,9,2,8,1
10/11/2011 10:33:00,284,7,9,2,8,1
10/11/2011 10:34:00,284,7,10,2,8,1
10/11/2011 10:35:00,284,7,11,2,8,1
10/11/2011 10:36:00,284,7,11,2,8,1
10/11/2011 10:37:00,284,7,12,2,8,1
10/11/2011 10:38:00,284,6,11,2,8,1
10/11/2011 10:39:00,284,7,11,2,8,1
10/11/2011 10:40:00,284,7,11,2,8,1
10/11/2011 10:41:00,284,7,11,3,8,1
10/11/2011 10:42:00,284,7,10,3,8,1
10/11/2011 10:43:00,284,7,11,3,8,1
10/11/2011 10:44:00,284,7,11,3,8,1
10/11/2011 10:45:00,284,7,11,3,8,1
10/11/2011 10:46:00,284,7,10,3,8,1
10/11/2011 10:47:00,284,7,10,3,8,1
10/11/2011 10:48:00,284,6,10,3,8,1
10/11/2011 10:49:00,284,7,11,3,8,1
10/11/2011 10:50:00,284,6,11,3,8,1
10/11/2011 10:51:00,284,7,11,3,8,1
10/11/2011 10:52:00,284,7,11,3,8,1
10/11/2011 10:53:00,284,7,10,3,8,1
10/11/2011 10:54:00,284,7,10,3,8,1
10/11/2011 10:55:00,284,7,11,3,8,1
10/11/2011 10:56:00,284,7,11,3,8,1
10/11/2011 10:57:00,284,7,10,3,8,1
10/11/2011 10:58:00,284,7,10,3,8,1
10/11/2011 10:59:00,284,7,10,3,8,1
10/11/2011 11:00:00,284,7,10,3,8,1
10/11/2011 11:01:00,284,7,9,3,8,1
10/11/2011 11:02:00,284,7,9,3,8,1
10/11/2011 11:03:00,284,6,11,3,8,1
10/11/2011 11:04:00,284,7,11,3,8,1
10/11/2011 11:05:00,284,7,11,3,8,1
10/11/2011 11:06:00,284,7,10,3,7,1
10/11/2011 11:07:00,284,7,10,3,8,1
10/11/2011 11:08:00,284,7,10,3,8,1
10/11/2011 11:09:00,284,7,11,3,8,1
10/11/2011 11:10:00,284,7,11,3,8,1
10/11/2011 11:11:00,284,7,10,3,7,1
10/11/2011 11:12:00,284,8,10,3,8,1
10/11/2011 11:13:00,284,7,10,3,8,1
10/11/2011 11:14:00,284,7,10,3,8,1
10/11/2011 11:15:00,284,7,10,3,8,1
10/11/2011 11:16:00,284,7,10,3,7,1
10/11/2011 11:17:00,284,7,10,3,7,1
10/11/2011 11:18:00,284,7,11,3,7,1
10/11/2011 11:19:00,284,7,11,3,7,1
10/11/2011 11:20:00,284,7,10,3,7,1
10/11/2011 11:21:00,284,7,10,3,7,1
10/11/2011 11:22:00,284,7,10,3,7,1
10/11/2011 11:23:00,284,8,10,3,7,1
10/11/2011 11:24:00,284,8,10,3,8,1
10/11/2011 11:25:00,284,8,10,3,7,1
10/11/2011 11:26:00,284,8,10,3,7,1
10/11/2011 11:27:00,284,8,10,3,8,1
10/11/2011 11:28:00,284,7,10,3,8,1
10/11/2011 11:29:00,284,8,10,3,8,1
10/11/2011 11:30:00,284,8,10,3,8,1
10/11/2011 11:31:00,284,8,10,3,8,1
10/11/2011 11:32:00,284,8,9,3,8,1
10/11/2011 11:33:00,284,8,9,3,8,1
10/11/2011 11:34:00,284,8,9,3,8,1
10/11/2011 11:35:00,284,8,9,3,8,1
10/11/2011 11:36:00,284,8,11,3,8,1
10/11/2011 11:37:00,284,8,11,3,8,1
10/11/2011 11:38:00,284,9,10,3,8,1
10/11/2011 11:39:00,284,9,10,3,8,1
10/11/2011 11:40:00,284,8,10,3,8,1
10/11/2011 11:41:00,284,9,10,4,8,1
10/11/2011 11:42:00,284,9,10,4,8,1
10/11/2011 11:43:00,284,9,10,3,8,1
10/11/2011 11:44:00,284,9,10,3,8,1
10/11/2011 11:45:00,284,9,9,3,8,1
10/11/2011 11:46:00,284,9,11,4,8,1
10/11/2011 11:47:00,284,9,10,4,8,1
10/11/2011 11:48:00,284,9,10,3,8,1
10/11/2011 11:49:00,284,9,10,3,8,1
10/11/2011 11:50:00,284,9,10,4,9,1
10/11/2011 11:51:00,284,10,10,4,8,1
10/11/2011 11:52:00,284,9,10,4,9,1
10/11/2011 11:53:00,284,10,9,4,8,1
10/11/2011 11:54:00,284,10,10,4,8,1
10/11/2011 11:55:00,284,10,10,3,8,1
10/11/2011 11:56:00,284,10,10,3,8,1
10/11/2011 11:57:00,284,10,9,4,8,1
10/11/2011 11:58:00,284,10,9,3,8,1
10/11/2011 11:59:00,284,10,9,3,8,1
10/11/2011 12:00:00,284,10,9,3,8,1
10/11/2011 12:01:00,284,10,10,3,8,1
10/11/2011 12:02:00,284,10,10,3,8,1
10/11/2011 12:03:00,284,10,9,3,8,1
10/11/2011 12:04:00,284,10,9,3,8,1
10/11/2011 12:05:00,284,10,9,3,8,1
10/11/2011 12:06:00,284,10,8,3,8,1
10/11/2011 12:07:00,284,10,9,3,8,1
10/11/2011 12:08:00,284,10,9,3,8,1
10/11/2011 12:09:00,284,10,8,3,7,1
10/11/2011 12:10:00,284,10,8,3,7,1
10/11/2011 12:11:00,284,10,8,3,7,1
10/11/2011 12:12:00,284,10,10,3,8,1
10/11/2011 12:13:00,284,10,10,3,8,1
10/11/2011 12:14:00,284,10,9,3,8,1
10/11/2011 12:15:00,284,11,9,3,8,1
10/11/2011 12:16:00,284,10,9,3,8,1
10/11/2011 12:17:00,284,10,9,3,8,1
10/11/2011 12:18:00,284,10,9,3,8,1
10/11/2011 12:19:00,284,10,9,3,8,1
10/11/2011 12:20:00,284,10,8,3,8,1
10/11/2011 12:21:00,284,10,8,3,8,1
10/11/2011 12:22:00,284,10,8,3,8,1
10/11/2011 12:23:00,284,10,8,3,8,1
10/11/2011 12:24:00,284,10,8,3,8,1
10/11/2011 12:25:00,284,10,9,3,7,1
10/11/2011 12:26:00,284,10,8,3,7,1
10/11/2011 12:27:00,284,10,7,3,7,1
10/11/2011 12:28:00,284,11,8,3,7,1
10/11/2011 12:29:00,284,11,8,3,6,1
10/11/2011 12:30:00,284,11,8,3,6,1
10/11/2011 12:31:00,284,10,7,3,6,1
10/11/2011 12:32:00,284,10,7,3,6,1
10/11/2011 12:33:00,284,9,8,3,6,1
10/11/2011 12:34:00,284,9,8,3,6,1
10/11/2011 12:35:00,284,9,7,3,6,1
10/11/2011 12:36:00,284,9,7,3,6,1
10/11/2011 12:37:00,284,9,7,3,6,1
10/11/2011 12:38:00,284,9,7,2,6,1
10/11/2011 12:39:00,284,9,7,2,6,1
10/11/2011 12:40:00,284,9,7,2,6,1
10/11/2011 12:41:00,284,9,7,2,6,1
10/11/2011 12:42:00,284,9,7,2,6,1
10/11/2011 12:43:00,284,9,7,2,6,1
10/11/2011 12:44:00,284,9,6,2,6,1
10/11/2011 12:45:00,284,8,7,2,6,1
10/11/2011 12:46:00,284,8,7,2,6,1
10/11/2011 12:47:00,284,9,7,2,6,1
10/11/2011 12:48:00,284,9,7,2,6,1
10/11/2011 12:49:00,284,9,7,2,6,1
10/11/2011 12:50:00,284,9,7,2,6,1
10/11/2011 12:51:00,284,9,8,2,7,1
10/11/2011 12:52:00,284,9,8,2,7,1
10/11/2011 12:53:00,284,9,8,2,7,1
10/11/2011 12:54:00,284,9,8,2,7,1
10/11/2011 12:55:00,284,9,8,2,7,1
10/11/2011 12:56:00,284,10,8,2,7,1
10/11/2011 12:57:00,284,9,9,2,7,1
10/11/2011 12:58:00,284,10,9,3,6,1
10/11/2011 12:59:00,284,10,9,3,7,1
10/11/2011 13:00:00,284,10,7,3,6,1
10/11/2011 13:01:00,284,11,8,3,6,1
10/11/2011 13:02:00,284,10,8,3,6,1
10/11/2011 13:03:00,284,10,8,3,6,1
10/11/2011 13:04:00,284,10,6,2,6,1
10/11/2011 13:05:00,284,9,7,2,5,1
10/11/2011 13:06:00,284,8,6,2,5,1
10/11/2011 13:07:00,284,8,6,2,5,1
10/11/2011 13:08:00,284,8,6,2,5,1
10/11/2011 13:09:00,284,7,6,2,5,1
10/11/2011 13:10:00,284,8,6,2,5,1
10/11/2011 13:11:00,284,9,8,2,6,1
10/11/2011 13:12:00,284,8,7,2,6,1
10/11/2011 13:13:00,284,8,8,2,5,1
10/11/2011 13:14:00,284,9,8,2,6,1
10/11/2011 13:15:00,284,10,8,2,6,1
10/11/2011 13:16:00,284,11,10,2,6,1
10/11/2011 13:17:00,284,13,11,2,6,1
10/11/2011 13:18:00,284,12,10,2,7,1
10/11/2011 13:19:00,284,12,10,2,7,1
10/11/2011 13:20:00,284,13,12,2,8,1
10/11/2011 13:21:00,284,12,10,2,9,1
10/11/2011 13:22:00,284,13,11,2,9,1
10/11/2011 13:23:00,284,13,11,2,10,1
10/11/2011 13:24:00,284,14,12,2,11,1
10/11/2011 13:25:00,284,15,13,2,12,1
10/11/2011 13:26:00,284,16,14,3,13,1
10/11/2011 13:27:00,284,17,15,3,13,1
10/11/2011 13:28:00,284,17,15,3,14,1
10/11/2011 13:29:00,284,17,16,4,14,1
10/11/2011 13:30:00,284,19,15,4,15,1
10/11/2011 13:31:00,284,18,15,4,15,1
10/11/2011 13:32:00,284,19,15,4,15,1
10/11/2011 13:33:00,284,18,16,4,15,1
10/11/2011 13:34:00,284,19,16,4,15,1
10/11/2011 13:35:00,284,20,14,4,15,1
10/11/2011 13:36:00,284,19,14,4,14,1
10/11/2011 13:37:00,284,18,13,4,14,1
10/11/2011 13:38:00,284,17,12,4,14,1
10/11/2011 13:39:00,284,17,13,4,14,1
10/11/2011 13:40:00,284,17,13,4,14,1
10/11/2011 13:41:00,284,17,12,4,14,1
10/11/2011 13:42:00,284,16,12,3,14,1
10/11/2011 13:43:00,284,14,12,3,14,1
10/11/2011 13:44:00,284,14,11,3,13,1
10/11/2011 13:45:00,284,14,10,3,13,1
10/11/2011 13:46:00,284,15,10,3,12,1
10/11/2011 13:47:00,284,15,11,3,12,1
10/11/2011 13:48:00,284,15,10,3,12,1
10/11/2011 13:49:00,284,15,10,3,12,1
10/11/2011 13:50:00,284,15,11,3,12,1
10/11/2011 13:51:00,284,14,11,3,12,1
10/11/2011 13:52:00,284,14,11,3,12,1
10/11/2011 13:53:00,284,14,11,3,12,1
10/11/2011 13:54:00,284,15,11,3,12,1
10/11/2011 13:55:00,284,15,12,3,13,1
10/11/2011 13:56:00,284,16,12,3,13,1
10/11/2011 13:57:00,284,16,12,3,13,1
10/11/2011 13:58:00,284,17,13,3,12,1
10/11/2011 13:59:00,284,16,13,4,12,1
10/11/2011 14:00:00,284,17,14,4,12,1
10/11/2011 14:01:00,284,18,13,4,12,1
10/11/2011 14:02:00,284,17,13,4,12,1
10/11/2011 14:03:00,284,17,13,4,12,1
10/11/2011 14:04:00,284,17,13,4,11,1
10/11/2011 14:05:00,284,16,13,4,11,1
10/11/2011 14:06:00,284,16,13,4,11,1
10/11/2011 14:07:00,284,16,13,3,11,1
10/11/2011 14:08:00,284,16,14,3,11,1
10/11/2011 14:09:00,284,17,14,4,11,1
10/11/2011 14:10:00,284,17,14,4,11,1
10/11/2011 14:11:00,284,17,15,3,11,1
10/11/2011 14:12:00,284,17,15,3,10,1
10/11/2011 14:13:00,284,17,16,4,11,1
10/11/2011 14:14:00,284,17,16,4,10,1
10/11/2011 14:15:00,284,17,16,4,11,1
10/11/2011 14:16:00,284,17,16,4,11,1
10/11/2011 14:17:00,284,17,17,4,10,1
10/11/2011 14:18:00,284,17,18,4,11,1
10/11/2011 14:19:00,284,17,17,4,10,1
10/11/2011 14:20:00,284,18,18,4,10,1
10/11/2011 14:21:00,284,19,18,4,10,1
10/11/2011 14:22:00,284,19,19,4,10,1
10/11/2011 14:23:00,284,20,19,5,10,1
10/11/2011 14:24:00,284,19,19,5,9,1
10/11/2011 14:25:00,284,19,19,5,9,1
10/11/2011 14:26:00,284,20,19,5,9,1
10/11/2011 14:27:00,284,18,20,4,9,1
10/11/2011 14:28:00,284,18,21,5,8,1
10/11/2011 14:29:00,284,17,21,4,8,1
10/11/2011 14:30:00,284,18,21,4,8,1
10/11/2011 14:31:00,284,18,22,4,8,1
10/11/2011 14:32:00,284,18,22,4,8,1
10/11/2011 14:33:00,284,18,22,4,8,1
10/11/2011 14:34:00,284,18,22,4,8,1
10/11/2011 14:35:00,284,19,22,4,7,1
10/11/2011 14:36:00,284,19,23,4,7,1
10/11/2011 14:37:00,284,19,24,4,7,1
10/11/2011 14:38:00,284,20,24,4,7,1
10/11/2011 14:39:00,284,20,23,4,8,1
10/11/2011 14:40:00,284,20,22,4,8,1
10/11/2011 14:41:00,284,20,23,4,8,1
10/11/2011 14:42:00,284,20,25,4,8,1
10/11/2011 14:43:00,284,20,27,4,8,1
10/11/2011 14:44:00,284,21,27,4,8,1
10/11/2011 14:45:00,284,21,27,4,9,1
10/11/2011 14:46:00,284,21,28,4,9,1
10/11/2011 14:47:00,284,22,28,4,9,1
10/11/2011 14:48:00,284,23,28,5,10,1
10/11/2011 14:49:00,284,24,28,5,10,1
10/11/2011 14:50:00,284,24,28,5,9,1
10/11/2011 14:51:00,284,24,26,5,9,1
10/11/2011 14:52:00,284,24,27,5,8,1
10/11/2011 14:53:00,284,23,27,5,8,1
10/11/2011 14:54:00,284,22,28,4,8,1
10/11/2011 14:55:00,284,22,28,4,8,1
10/11/2011 14:56:00,284,22,28,4,8,1
10/11/2011 14:57:00,284,22,27,5,8,1
10/11/2011 14:58:00,284,20,28,4,7,1
10/11/2011 14:59:00,284,20,26,4,6,1
10/11/2011 15:00:00,284,18,25,4,5,1
10/11/2011 15:01:00,284,16,26,3,4,1
10/11/2011 15:02:00,284,16,27,3,3,1
10/11/2011 15:03:00,284,15,25,3,3,1
10/11/2011 15:04:00,284,15,24,3,2,1
10/11/2011 15:05:00,284,14,26,3,2,1
10/11/2011 15:06:00,284,14,26,3,2,1
10/11/2011 15:07:00,284,13,27,3,1,1
10/11/2011 15:08:00,284,13,26,3,1,1
10/11/2011 15:09:00,284,14,25,3,0,1
10/11/2011 15:10:00,284,13,25,3,-1,1
10/11/2011 15:11:00,284,13,25,3,-1,1
10/11/2011 15:12:00,284,13,25,3,-1,1
10/11/2011 15:13:00,284,13,24,3,-2,1
10/11/2011 15:14:00,284,13,26,3,-2,1
10/11/2011 15:15:00,284,13,26,3,-2,1
10/11/2011 15:16:00,284,12,27,3,-2,1
10/11/2011 15:17:00,284,13,26,3,-2,1
10/11/2011 15:18:00,284,13,26,3,-2,1
10/11/2011 15:19:00,284,13,27,3,-2,1
10/11/2011 15:20:00,284,14,27,3,-2,1
10/11/2011 15:21:00,284,15,27,3,-2,1
10/11/2011 15:22:00,284,14,27,3,-2,1
10/11/2011 15:23:00,284,15,28,3,-1,1
10/11/2011 15:24:00,284,15,27,3,-2,1
10/11/2011 15:25:00,284,15,28,3,-2,1
10/11/2011 15:26:00,284,15,28,3,-2,1
10/11/2011 15:27:00,284,15,28,3,-2,1
10/11/2011 15:28:00,284,15,28,3,-2,1
10/11/2011 15:29:00,284,15,28,3,-2,1
10/11/2011 15:30:00,284,16,27,3,-2,1
10/11/2011 15:31:00,284,16,28,4,-2,1
10/11/2011 15:32:00,284,16,27,4,-3,1
10/11/2011 15:33:00,284,16,27,4,-3,1
10/11/2011 15:34:00,284,17,27,4,-3,1
10/11/2011 15:35:00,284,16,28,3,-3,1
10/11/2011 15:36:00,284,16,28,4,-3,1
10/11/2011 15:37:00,284,17,29,4,-3,1
10/11/2011 15:38:00,284,16,29,3,-3,1
10/11/2011 15:39:00,284,16,29,4,-3,1
10/11/2011 15:40:00,284,17,29,4,-3,1
10/11/2011 15:41:00,284,16,29,4,-3,1
10/11/2011 15:42:00,284,16,28,4,-4,1
10/11/2011 15:43:00,284,16,28,4,-4,1
10/11/2011 15:44:00,284,16,28,4,-4,1
10/11/2011 15:45:00,284,16,29,4,-4,1
10/11/2011 15:46:00,284,16,29,4,-4,1
10/11/2011 15:47:00,284,15,28,4,-4,1
10/11/2011 15:48:00,284,15,28,4,-4,1
10/11/2011 15:49:00,284,15,28,4,-4,1
10/11/2011 15:50:00,284,14,28,4,-4,1
10/11/2011 15:51:00,284,13,28,4,-3,1
10/11/2011 15:52:00,284,13,28,3,-4,1
10/11/2011 15:53:00,284,13,29,3,-3,1
10/11/2011 15:54:00,284,13,29,3,-3,1
10/11/2011 15:55:00,284,12,30,3,-4,1
10/11/2011 15:56:00,284,14,29,3,-3,1
10/11/2011 15:57:00,284,13,29,3,-3,1
10/11/2011 15:58:00,284,13,31,3,-3,1
10/11/2011 15:59:00,284,12,30,3,-3,1
10/11/2011 16:00:00,284,13,33,3,-3,1
10/11/2011 16:01:00,284,14,32,3,-4,1
10/11/2011 16:02:00,284,15,34,3,-4,1
10/11/2011 16:03:00,284,14,33,3,-3,1
10/11/2011 16:04:00,284,14,35,2,-4,1
10/11/2011 16:05:00,284,15,36,2,-4,1
10/11/2011 16:06:00,284,15,35,2,-4,1
10/11/2011 16:07:00,284,15,35,2,-4,1
10/11/2011 16:08:00,284,15,35,2,-4,1
10/11/2011 16:09:00,284,15,36,1,-5,1
10/11/2011 16:10:00,284,15,35,1,-4,1
10/11/2011 16:11:00,284,15,33,2,-4,1
10/11/2011 16:12:00,284,14,34,2,-4,1
10/11/2011 16:13:00,284,14,33,2,-5,1
10/11/2011 16:14:00,284,12,32,2,-5,1
10/11/2011 16:15:00,284,11,32,2,-5,1
10/11/2011 16:16:00,284,11,32,2,-5,1
10/11/2011 16:17:00,284,10,31,1,-5,1
10/11/2011 16:18:00,284,10,30,2,-5,1
10/11/2011 16:19:00,284,9,29,2,-5,1
10/11/2011 16:20:00,284,8,29,1,-6,1
10/11/2011 16:21:00,284,7,29,1,-6,1
10/11/2011 16:22:00,284,7,28,2,-6,1
10/11/2011 16:23:00,284,6,28,1,-6,1
10/11/2011 16:24:00,284,7,27,1,-6,1
10/11/2011 16:25:00,284,7,27,1,-6,1
10/11/2011 16:26:00,284,7,27,1,-6,1
10/11/2011 16:27:00,284,7,26,1,-7,1
10/11/2011 16:28:00,284,8,27,1,-7,1
10/11/2011 16:29:00,284,8,26,1,-7,1
10/11/2011 16:30:00,284,7,27,1,-7,1
10/11/2011 16:31:00,284,8,26,1,-7,1
10/11/2011 16:32:00,284,8,25,0,-7,1
10/11/2011 16:33:00,284,8,25,0,-7,1
10/11/2011 16:34:00,284,7,24,0,-7,1
10/11/2011 16:35:00,284,8,25,0,-7,1
10/11/2011 16:36:00,284,8,25,1,-7,1
10/11/2011 16:37:00,284,8,25,0,-7,1
10/11/2011 16:38:00,284,8,25,0,-7,1
10/11/2011 16:39:00,284,8,25,0,-7,1
10/11/2011 16:40:00,284,9,25,0,-7,1
10/11/2011 16:41:00,284,9,25,0,-7,1
10/11/2011 16:42:00,284,9,25,0,-7,1
10/11/2011 16:43:00,284,9,24,0,-7,1
10/11/2011 16:44:00,284,9,23,0,-7,1
10/11/2011 16:45:00,284,9,23,0,-7,1
10/11/2011 16:46:00,284,10,25,0,-6,1
10/11/2011 16:47:00,284,9,24,0,-7,1
10/11/2011 16:48:00,284,10,23,0,-6,1
10/11/2011 16:49:00,284,10,23,0,-7,1
10/11/2011 16:50:00,284,9,23,0,-6,1
10/11/2011 16:51:00,284,10,23,0,-6,1
10/11/2011 16:52:00,284,11,22,0,-6,1
10/11/2011 16:53:00,284,11,21,0,-6,1
10/11/2011 16:54:00,284,12,21,0,-6,1
10/11/2011 16:55:00,284,12,20,0,-6,1
10/11/2011 16:56:00,284,12,21,0,-6,1
10/11/2011 16:57:00,284,12,20,1,-6,1
10/11/2011 16:58:00,284,13,20,1,-6,1
10/11/2011 16:59:00,284,13,20,0,-5,1
10/11/2011 17:00:00,284,13,19,0,-5,1
10/11/2011 17:01:00,284,13,19,0,-5,1
10/11/2011 17:02:00,284,13,18,0,-5,1
10/11/2011 17:03:00,284,14,18,1,-5,1
10/11/2011 17:04:00,284,14,19,1,-5,1
10/11/2011 17:05:00,284,15,20,1,-4,1
10/11/2011 17:06:00,284,15,20,1,-4,1
10/11/2011 17:07:00,284,15,19,1,-4,1
10/11/2011 17:08:00,284,15,19,1,-4,1
10/11/2011 17:09:00,284,15,18,1,-3,1
10/11/2011 17:10:00,284,15,19,1,-3,1
10/11/2011 17:11:00,284,15,18,1,-3,1
10/11/2011 17:12:00,284,16,17,1,-3,1
10/11/2011 17:13:00,284,17,17,1,-3,1
10/11/2011 17:14:00,284,17,16,2,-3,1
10/11/2011 17:15:00,284,19,17,2,-2,1
10/11/2011 17:16:00,284,19,17,2,-2,1
10/11/2011 17:17:00,284,19,17,2,-2,1
10/11/2011 17:18:00,284,19,19,2,-2,1
10/11/2011 17:19:00,284,19,19,2,-1,1
10/11/2011 17:20:00,284,19,19,2,-1,1
10/11/2011 17:21:00,284,19,18,2,-1,1
10/11/2011 17:22:00,284,20,18,2,-1,1
10/11/2011 17:23:00,284,20,18,2,-1,1
10/11/2011 17:24:00,284,21,18,3,-1,1
10/11/2011 17:25:00,284,21,18,3,-1,1
10/11/2011 17:26:00,284,21,19,3,0,1
10/11/2011 17:27:00,284,21,18,3,0,1
10/11/2011 17:28:00,284,22,19,3,0,1
10/11/2011 17:29:00,284,22,18,3,1,1
10/11/2011 17:30:00,284,22,18,3,1,1
10/11/2011 17:31:00,284,23,19,3,2,1
10/11/2011 17:32:00,284,25,20,3,2,1
10/11/2011 17:33:00,284,26,20,3,2,1
10/11/2011 17:34:00,284,27,20,3,3,1
10/11/2011 17:35:00,284,28,19,3,2,1
10/11/2011 17:36:00,284,28,20,3,2,1
10/11/2011 17:37:00,284,27,20,3,2,1
10/11/2011 17:38:00,284,26,19,3,2,1
10/11/2011 17:39:00,284,26,20,3,1,1
10/11/2011 17:40:00,284,28,22,3,2,1
10/11/2011 17:41:00,284,28,21,3,2,1
10/11/2011 17:42:00,284,28,21,3,1,1
10/11/2011 17:43:00,284,28,20,3,0,1
10/11/2011 17:44:00,284,26,19,3,0,1
10/11/2011 17:45:00,284,28,20,3,-1,1
10/11/2011 17:46:00,284,27,21,3,-2,1
10/11/2011 17:47:00,284,24,20,3,-3,1
10/11/2011 17:48:00,284,23,20,3,-3,1
10/11/2011 17:49:00,284,22,21,3,-3,1
10/11/2011 17:50:00,284,22,20,3,-4,1
10/11/2011 17:51:00,284,22,21,2,-4,1
10/11/2011 17:52:00,284,22,21,3,-4,1
10/11/2011 17:53:00,284,21,22,3,-4,1
10/11/2011 17:54:00,284,21,22,3,-4,1
10/11/2011 17:55:00,284,20,21,3,-4,1
10/11/2011 17:56:00,284,19,21,3,-4,1
10/11/2011 17:57:00,284,19,21,3,-4,1
10/11/2011 17:58:00,284,19,20,3,-4,1
10/11/2011 17:59:00,284,19,21,3,-3,1
10/11/2011 18:00:00,284,20,22,3,-3,1
10/11/2011 18:01:00,284,20,22,3,-3,1
10/11/2011 18:02:00,284,21,23,3,-2,1
10/11/2011 18:03:00,284,21,23,3,-2,1
10/11/2011 18:04:00,284,20,23,3,-3,1
10/11/2011 18:05:00,284,19,22,3,-3,1
10/11/2011 18:06:00,284,18,22,3,-4,1
10/11/2011 18:07:00,284,19,22,3,-3,1
10/11/2011 18:08:00,284,19,23,3,-3,1
10/11/2011 18:09:00,284,19,24,3,-3,1
10/11/2011 18:10:00,284,19,25,3,-2,1
10/11/2011 18:11:00,284,20,24,3,-2,1
10/11/2011 18:12:00,284,19,23,3,-2,1
10/11/2011 18:13:00,284,19,22,3,-2,1
10/11/2011 18:14:00,284,19,23,3,-2,1
10/11/2011 18:15:00,284,20,23,3,-2,1
10/11/2011 18:16:00,284,20,22,3,-1,1
10/11/2011 18:17:00,284,20,22,3,-1,1
10/11/2011 18:18:00,284,21,22,3,-1,1
10/11/2011 18:19:00,284,21,23,3,-1,1
10/11/2011 18:20:00,284,21,23,3,-1,1
10/11/2011 18:21:00,284,21,23,3,0,1
10/11/2011 18:22:00,284,21,22,3,0,1
10/11/2011 18:23:00,284,21,21,3,0,1
10/11/2011 18:24:00,284,21,21,3,0,1
10/11/2011 18:25:00,284,22,21,3,0,1
10/11/2011 18:26:00,284,22,21,3,0,1
10/11/2011 18:27:00,284,22,21,3,0,1
10/11/2011 18:28:00,284,21,21,3,0,1
10/11/2011 18:29:00,284,22,21,3,0,1
10/11/2011 18:30:00,284,22,22,2,0,1
10/11/2011 18:31:00,284,22,21,3,1,1
10/11/2011 18:32:00,284,22,20,3,0,1
10/11/2011 18:33:00,284,22,20,3,0,1
10/11/2011 18:34:00,284,21,20,3,1,1
10/11/2011 18:35:00,284,22,20,3,1,1
10/11/2011 18:36:00,284,22,20,3,1,1
10/11/2011 18:37:00,284,22,20,3,1,1
10/11/2011 18:38:00,284,22,20,2,1,1
10/11/2011 18:39:00,284,23,20,3,1,1
10/11/2011 18:40:00,284,23,20,3,1,1
10/11/2011 18:41:00,284,23,20,2,1,1
10/11/2011 18:42:00,284,23,20,2,1,1
10/11/2011 18:43:00,284,24,20,2,1,1
10/11/2011 18:44:00,284,24,20,2,1,1
10/11/2011 18:45:00,284,24,20,2,1,1
10/11/2011 18:46:00,284,24,20,2,1,1
10/11/2011 18:47:00,284,25,21,2,1,1
10/11/2011 18:48:00,284,24,19,2,2,1
10/11/2011 18:49:00,284,24,18,2,1,1
10/11/2011 18:50:00,284,24,18,2,1,1
10/11/2011 18:51:00,284,24,18,2,1,1
10/11/2011 18:52:00,284,25,18,2,1,1
10/11/2011 18:53:00,284,25,18,2,1,1
10/11/2011 18:54:00,284,25,18,2,1,1
10/11/2011 18:55:00,284,26,19,2,2,1
10/11/2011 18:56:00,284,25,18,2,2,1
10/11/2011 18:57:00,284,25,17,2,2,1
10/11/2011 18:58:00,284,26,17,2,2,1
10/11/2011 18:59:00,284,26,17,2,2,1
10/11/2011 19:00:00,284,26,18,2,2,1
10/11/2011 19:01:00,284,27,19,2,2,1
10/11/2011 19:02:00,284,26,18,2,3,1
10/11/2011 19:03:00,284,26,18,2,2,1
10/11/2011 19:04:00,284,26,18,2,3,1
10/11/2011 19:05:00,284,26,18,2,3,1
10/11/2011 19:06:00,284,26,19,2,3,1
10/11/2011 19:07:00,284,26,19,2,3,1
10/11/2011 19:08:00,284,26,19,2,3,1
10/11/2011 19:09:00,284,26,18,2,3,1
10/11/2011 19:10:00,284,25,18,2,3,1
10/11/2011 19:11:00,284,25,18,2,3,1
10/11/2011 19:12:00,284,25,17,2,3,1
10/11/2011 19:13:00,284,26,17,2,3,1
10/11/2011 19:14:00,284,26,17,2,3,1
10/11/2011 19:15:00,284,26,17,2,3,1
10/11/2011 19:16:00,284,25,18,2,4,1
10/11/2011 19:17:00,284,25,17,2,4,1
10/11/2011 19:18:00,284,26,17,2,4,1
10/11/2011 19:19:00,284,26,17,2,4,1
10/11/2011 19:20:00,284,25,17,2,4,1
10/11/2011 19:21:00,284,25,17,2,4,1
10/11/2011 19:22:00,284,25,16,2,4,1
10/11/2011 19:23:00,284,25,16,2,4,1
10/11/2011 19:24:00,284,26,16,2,4,1
10/11/2011 19:25:00,284,25,16,2,4,1
10/11/2011 19:26:00,284,26,17,2,4,1
10/11/2011 19:27:00,284,25,17,2,4,1
10/11/2011 19:28:00,284,25,16,2,5,1
10/11/2011 19:29:00,284,25,16,2,5,1
10/11/2011 19:30:00,284,25,15,2,4,1
10/11/2011 19:31:00,284,25,15,2,4,1
10/11/2011 19:32:00,284,26,16,2,4,1
10/11/2011 19:33:00,284,26,16,2,5,1
10/11/2011 19:34:00,284,26,16,2,4,1
10/11/2011 19:35:00,284,26,16,2,4,1
10/11/2011 19:36:00,284,24,16,2,3,1
10/11/2011 19:37:00,284,25,16,2,3,1
10/11/2011 19:38:00,284,25,16,2,3,1
10/11/2011 19:39:00,284,24,16,2,3,1
10/11/2011 19:40:00,284,24,16,2,3,1
10/11/2011 19:41:00,284,24,16,2,3,1
10/11/2011 19:42:00,284,25,15,2,3,1
10/11/2011 19:43:00,284,24,15,2,4,1
10/11/2011 19:44:00,284,24,15,2,4,1
10/11/2011 19:45:00,284,25,15,2,3,1
10/11/2011 19:46:00,284,25,15,2,4,1
10/11/2011 19:47:00,284,25,15,2,4,1
10/11/2011 19:48:00,284,25,15,2,4,1
10/11/2011 19:49:00,284,24,15,2,4,1
10/11/2011 19:50:00,284,25,15,2,4,1
10/11/2011 19:51:00,284,25,15,2,4,1
10/11/2011 19:52:00,284,24,15,2,5,1
10/11/2011 19:53:00,284,24,15,1,5,1
10/11/2011 19:54:00,284,25,15,2,6,1
10/11/2011 19:55:00,284,25,15,1,6,1
10/11/2011 19:56:00,284,25,16,1,7,1
10/11/2011 19:57:00,284,25,15,1,7,1
10/11/2011 19:58:00,284,24,15,1,7,1
10/11/2011 19:59:00,284,24,14,1,6,1
10/11/2011 20:00:00,284,24,14,1,6,1
10/11/2011 20:01:00,284,23,15,1,6,1
10/11/2011 20:02:00,284,23,16,1,6,1
10/11/2011 20:03:00,284,24,16,1,6,1
10/11/2011 20:04:00,284,23,16,1,6,1
10/11/2011 20:05:00,284,23,15,1,6,1
10/11/2011 20:06:00,284,22,15,1,5,1
10/11/2011 20:07:00,284,23,15,1,5,1
10/11/2011 20:08:00,284,23,15,1,5,1
10/11/2011 20:09:00,284,23,15,1,5,1
10/11/2011 20:10:00,284,22,15,1,5,1
10/11/2011 20:11:00,284,22,14,1,5,1
10/11/2011 20:12:00,284,22,15,1,5,1
10/11/2011 20:13:00,284,21,15,1,5,1
10/11/2011 20:14:00,284,21,15,1,5,1
10/11/2011 20:15:00,284,21,15,1,5,1
10/11/2011 20:16:00,284,20,15,1,5,1
10/11/2011 20:17:00,284,20,15,1,5,1
10/11/2011 20:18:00,284,20,14,1,4,1
10/11/2011 20:19:00,284,20,14,1,4,1
10/11/2011 20:20:00,284,20,13,1,4,1
10/11/2011 20:21:00,284,20,13,1,4,1
10/11/2011 20:22:00,284,19,13,1,5,1
10/11/2011 20:23:00,284,19,14,1,5,1
10/11/2011 20:24:00,284,19,15,1,6,1
10/11/2011 20:25:00,284,19,15,1,6,1
10/11/2011 20:26:00,284,18,14,1,5,1
10/11/2011 20:27:00,284,19,14,1,4,1
10/11/2011 20:28:00,284,19,14,1,4,1
10/11/2011 20:29:00,284,18,15,1,4,1
10/11/2011 20:30:00,284,18,14,1,3,1
10/11/2011 20:31:00,284,18,14,1,3,1
10/11/2011 20:32:00,284,18,13,1,2,1
10/11/2011 20:33:00,284,18,13,1,2,1
10/11/2011 20:34:00,284,17,13,1,2,1
10/11/2011 20:35:00,284,17,12,1,2,1
10/11/2011 20:36:00,284,18,13,0,1,1
10/11/2011 20:37:00,284,17,12,0,0,1
10/11/2011 20:38:00,284,17,12,0,0,1
10/11/2011 20:39:00,284,17,12,0,-1,1
10/11/2011 20:40:00,284,17,12,0,-1,1
10/11/2011 20:41:00,284,18,11,0,-2,1
10/11/2011 20:42:00,284,18,11,0,-1,1
10/11/2011 20:43:00,284,17,12,0,-1,1
10/11/2011 20:44:00,284,17,12,0,-1,1
10/11/2011 20:45:00,284,18,12,0,0,1
10/11/2011 20:46:00,284,17,12,0,0,1
10/11/2011 20:47:00,284,17,13,0,0,1
10/11/2011 20:48:00,284,16,12,0,0,1
10/11/2011 20:49:00,284,16,13,0,1,1
10/11/2011 20:50:00,284,16,13,0,1,1
10/11/2011 20:51:00,284,16,13,0,1,1
10/11/2011 20:52:00,284,16,13,0,1,1
10/11/2011 20:53:00,284,15,13,0,1,1
10/11/2011 20:54:00,284,15,13,-1,1,1
10/11/2011 20:55:00,284,15,13,0,1,1
10/11/2011 20:56:00,284,15,13,0,1,1
10/11/2011 20:57:00,284,15,13,-1,1,1
10/11/2011 20:58:00,284,15,13,0,0,1
10/11/2011 20:59:00,284,14,13,0,0,1
10/11/2011 21:00:00,284,14,13,-1,0,1
10/11/2011 21:01:00,284,14,13,0,0,1
10/11/2011 21:02:00,284,14,13,-1,0,1
10/11/2011 21:03:00,284,13,12,-1,0,1
10/11/2011 21:04:00,284,13,12,-1,0,1
10/11/2011 21:05:00,284,13,12,-1,0,1
10/11/2011 21:06:00,284,13,12,-1,0,1
10/11/2011 21:07:00,284,13,12,-1,0,1
10/11/2011 21:08:00,284,13,13,-1,0,1
10/11/2011 21:09:00,284,13,13,-1,0,1
10/11/2011 21:10:00,284,12,13,-1,0,1
10/11/2011 21:11:00,284,11,13,-1,0,1
10/11/2011 21:12:00,284,11,13,-1,0,1
10/11/2011 21:13:00,284,11,14,-1,0,1
10/11/2011 21:14:00,284,11,14,-1,0,1
10/11/2011 21:15:00,284,11,13,-1,0,1
10/11/2011 21:16:00,284,11,13,-1,0,1
10/11/2011 21:17:00,284,11,12,-1,0,1
10/11/2011 21:18:00,284,11,12,-1,-1,1
10/11/2011 21:19:00,284,11,13,-1,-1,1
10/11/2011 21:20:00,284,11,12,-1,-1,1
10/11/2011 21:21:00,284,11,11,-1,-1,1
10/11/2011 21:22:00,284,12,11,-1,-1,1
10/11/2011 21:23:00,284,11,12,-1,-1,1
10/11/2011 21:24:00,284,11,12,-1,-1,1
10/11/2011 21:25:00,284,11,11,-1,-2,1
10/11/2011 21:26:00,284,11,11,-1,-2,1
10/11/2011 21:27:00,284,11,12,-1,-2,1
10/11/2011 21:28:00,284,11,11,-1,-2,1
10/11/2011 21:29:00,284,11,12,-1,-2,1
10/11/2011 21:30:00,284,11,12,-1,-2,1
10/11/2011 21:31:00,284,11,11,-1,-2,1
10/11/2011 21:32:00,284,11,12,-1,-1,1
10/11/2011 21:33:00,284,10,12,-1,-1,1
10/11/2011 21:34:00,284,10,12,-1,-1,1
10/11/2011 21:35:00,284,10,13,-1,-1,1
10/11/2011 21:36:00,284,10,12,-1,-1,1
10/11/2011 21:37:00,284,9,12,-1,-1,1
10/11/2011 21:38:00,284,10,11,-1,-1,1
10/11/2011 21:39:00,284,9,11,-1,-1,1
10/11/2011 21:40:00,284,10,12,-2,-2,1
10/11/2011 21:41:00,284,10,11,-2,-2,1
10/11/2011 21:42:00,284,10,12,-2,-2,1
10/11/2011 21:43:00,284,10,11,-1,-2,1
10/11/2011 21:44:00,284,9,11,-1,-1,1
10/11/2011 21:45:00,284,9,11,-1,-1,1
10/11/2011 21:46:00,284,9,12,-2,-1,1
10/11/2011 21:47:00,284,9,12,-2,-1,1
10/11/2011 21:48:00,284,8,11,-2,-1,1
10/11/2011 21:49:00,284,8,12,-1,-1,1
10/11/2011 21:50:00,284,9,12,-1,-1,1
10/11/2011 21:51:00,284,8,11,-1,-1,1
10/11/2011 21:52:00,284,8,12,-1,-1,1
10/11/2011 21:53:00,284,9,11,-1,-1,1
10/11/2011 21:54:00,284,9,11,-1,-1,1
10/11/2011 21:55:00,284,8,11,-1,0,1
10/11/2011 21:56:00,284,8,11,-2,1,1
10/11/2011 21:57:00,284,7,11,-1,1,1
10/11/2011 21:58:00,284,7,12,-1,2,1
10/11/2011 21:59:00,284,7,11,-1,2,1
10/11/2011 22:00:00,284,8,11,-1,2,1
10/11/2011 22:01:00,284,8,11,-1,2,1
10/11/2011 22:02:00,284,9,11,-1,1,1
10/11/2011 22:03:00,284,8,11,-1,2,1
10/11/2011 22:04:00,284,9,11,-2,1,1
10/11/2011 22:05:00,284,8,10,-2,1,1
10/11/2011 22:06:00,284,8,10,-2,1,1
10/11/2011 22:07:00,284,8,9,-2,1,1
10/11/2011 22:08:00,284,7,10,-2,1,1
10/11/2011 22:09:00,284,8,10,-2,1,1
10/11/2011 22:10:00,284,7,10,-2,1,1
10/11/2011 22:11:00,284,7,10,-2,1,1
10/11/2011 22:12:00,284,7,10,-2,1,1
10/11/2011 22:13:00,284,7,10,-2,1,1
10/11/2011 22:14:00,284,6,9,-2,1,1
10/11/2011 22:15:00,284,6,9,-2,1,1
10/11/2011 22:16:00,284,6,8,-2,1,1
10/11/2011 22:17:00,284,5,9,-2,1,1
10/11/2011 22:18:00,284,6,9,-2,1,1
10/11/2011 22:19:00,284,6,9,-2,1,1
10/11/2011 22:20:00,284,6,10,-2,1,1
10/11/2011 22:21:00,284,5,10,-2,1,1
10/11/2011 22:22:00,284,5,10,-2,1,1
10/11/2011 22:23:00,284,5,10,-2,1,1
10/11/2011 22:24:00,284,5,9,-2,1,1
10/11/2011 22:25:00,284,5,9,-2,1,1
10/11/2011 22:26:00,284,6,10,-2,1,1
10/11/2011 22:27:00,284,5,10,-2,1,1
10/11/2011 22:28:00,284,5,10,-2,1,1
10/11/2011 22:29:00,284,5,10,-2,1,1
10/11/2011 22:30:00,284,4,10,-2,1,1
10/11/2011 22:31:00,284,5,10,-2,1,1
10/11/2011 22:32:00,284,5,10,-2,1,1
10/11/2011 22:33:00,284,5,10,-2,1,1
10/11/2011 22:34:00,284,5,10,-2,1,1
10/11/2011 22:35:00,284,4,10,-2,1,1
10/11/2011 22:36:00,284,4,10,-2,1,1
10/11/2011 22:37:00,284,3,11,-2,1,1
10/11/2011 22:38:00,284,5,11,-2,1,1
10/11/2011 22:39:00,284,5,11,-2,1,1
10/11/2011 22:40:00,284,5,10,-1,2,1
10/11/2011 22:41:00,284,5,10,-1,2,1
10/11/2011 22:42:00,284,5,9,-1,1,1
10/11/2011 22:43:00,284,5,10,-2,1,1
10/11/2011 22:44:00,284,5,10,-1,1,1
10/11/2011 22:45:00,284,4,10,-1,1,1
10/11/2011 22:46:00,284,4,10,-1,1,1
10/11/2011 22:47:00,284,4,10,-1,1,1
10/11/2011 22:48:00,284,5,10,-1,0,1
10/11/2011 22:49:00,284,4,11,-1,0,1
10/11/2011 22:50:00,284,5,11,-1,0,1
10/11/2011 22:51:00,284,4,10,-1,0,1
10/11/2011 22:52:00,284,4,11,-1,0,1
10/11/2011 22:53:00,284,4,10,-1,1,1
10/11/2011 22:54:00,284,4,10,-1,0,1
10/11/2011 22:55:00,284,5,10,-1,1,1
10/11/2011 22:56:00,284,5,10,-1,1,1
10/11/2011 22:57:00,284,6,10,-1,0,1
10/11/2011 22:58:00,284,5,10,-1,1,1
10/11/2011 22:59:00,284,5,10,-1,1,1
10/11/2011 23:00:00,284,5,10,-1,1,1
10/11/2011 23:01:00,284,5,10,-1,1,1
10/11/2011 23:02:00,284,6,10,-1,1,1
10/11/2011 23:03:00,284,6,10,-1,1,1
10/11/2011 23:04:00,284,7,8,-1,1,1
10/11/2011 23:05:00,284,7,9,-1,1,1
10/11/2011 23:06:00,284,7,9,-1,1,1
10/11/2011 23:07:00,284,6,9,0,0,1
10/11/2011 23:08:00,284,6,9,0,0,1
10/11/2011 23:09:00,284,6,9,0,0,1
10/11/2011 23:10:00,284,7,9,-1,0,1
10/11/2011 23:11:00,284,7,9,0,0,1
10/11/2011 23:12:00,284,7,9,0,0,1
10/11/2011 23:13:00,284,7,9,0,0,1
10/11/2011 23:14:00,284,7,9,0,0,1
10/11/2011 23:15:00,284,8,8,0,0,1
10/11/2011 23:16:00,284,8,8,0,1,1
10/11/2011 23:17:00,284,8,8,0,0,1
10/11/2011 23:18:00,284,8,8,0,0,1
10/11/2011 23:19:00,284,8,8,0,0,1
10/11/2011 23:20:00,284,8,8,0,1,1
10/11/2011 23:21:00,284,8,8,0,1,1
10/11/2011 23:22:00,284,9,9,0,1,1
10/11/2011 23:23:00,284,9,7,0,1,1
10/11/2011 23:24:00,284,9,8,0,2,1
10/11/2011 23:25:00,284,10,7,0,2,1
10/11/2011 23:26:00,284,10,8,0,2,1
10/11/2011 23:27:00,284,11,7,0,2,1
10/11/2011 23:28:00,284,10,7,1,2,1
10/11/2011 23:29:00,284,10,7,1,2,1
10/11/2011 23:30:00,284,10,7,1,2,1
10/11/2011 23:31:00,284,9,8,1,2,1
10/11/2011 23:32:00,284,9,7,1,2,1
10/11/2011 23:33:00,284,10,8,1,2,1
10/11/2011 23:34:00,284,11,8,1,2,1
10/11/2011 23:35:00,284,11,8,1,2,1
10/11/2011 23:36:00,284,11,8,1,2,1
10/11/2011 23:37:00,284,11,8,1,2,1
10/11/2011 23:38:00,284,11,7,1,2,1
10/11/2011 23:39:00,284,9,7,1,2,1
10/11/2011 23:40:00,284,10,7,1,2,1
10/11/2011 23:41:00,284,10,7,1,3,1
10/11/2011 23:42:00,284,11,6,1,3,1
10/11/2011 23:43:00,284,11,6,1,3,1
10/11/2011 23:44:00,284,10,6,1,3,1
10/11/2011 23:45:00,284,10,6,1,3,1
10/11/2011 23:46:00,284,11,7,1,3,1
10/11/2011 23:47:00,284,11,7,1,3,1
10/11/2011 23:48:00,284,11,7,1,3,1
10/11/2011 23:49:00,284,11,7,1,3,1
10/11/2011 23:50:00,284,11,7,1,4,1
10/11/2011 23:51:00,284,12,7,1,4,1
10/11/2011 23:52:00,284,11,6,1,4,1
10/11/2011 23:53:00,284,12,6,1,4,1
10/11/2011 23:54:00,284,12,6,1,4,1
10/11/2011 23:55:00,284,12,6,1,4,1
10/11/2011 23:56:00,284,11,7,1,4,1
10/11/2011 23:57:00,284,11,7,1,5,1
10/11/2011 23:58:00,284,11,7,1,5,1
10/11/2011 23:59:00,284,12,7,1,5,1
10/12/2011 00:00:00,285,12,7,1,5,1
10/12/2011 00:01:00,285,12,7,1,5,1
10/12/2011 00:02:00,285,12,7,1,5,1
10/12/2011 00:03:00,285,11,7,1,5,1
10/12/2011 00:04:00,285,11,7,1,5,1
10/12/2011 00:05:00,285,11,7,1,4,1
10/12/2011 00:06:00,285,12,7,2,4,1
10/12/2011 00:07:00,285,12,7,1,4,1
10/12/2011 00:08:00,285,12,5,1,4,1
10/12/2011 00:09:00,285,11,5,1,4,1
10/12/2011 00:10:00,285,11,5,1,4,1
10/12/2011 00:11:00,285,10,5,1,4,1
10/12/2011 00:12:00,285,10,5,1,3,1
10/12/2011 00:13:00,285,11,6,1,4,1
10/12/2011 00:14:00,285,11,6,1,4,1
10/12/2011 00:15:00,285,11,7,1,4,1
10/12/2011 00:16:00,285,11,7,1,4,1
10/12/2011 00:17:00,285,12,6,1,4,1
10/12/2011 00:18:00,285,11,6,1,4,1
10/12/2011 00:19:00,285,11,6,1,4,1
10/12/2011 00:20:00,285,11,6,1,4,1
10/12/2011 00:21:00,285,11,6,1,4,1
10/12/2011 00:22:00,285,10,6,1,4,1
10/12/2011 00:23:00,285,11,5,1,4,1
10/12/2011 00:24:00,285,11,5,1,4,1
10/12/2011 00:25:00,285,11,6,1,4,1
10/12/2011 00:26:00,285,11,6,1,3,1
10/12/2011 00:27:00,285,11,6,1,3,1
10/12/2011 00:28:00,285,11,6,1,3,1
10/12/2011 00:29:00,285,11,6,1,3,1
10/12/2011 00:30:00,285,11,7,1,3,1
10/12/2011 00:31:00,285,11,7,1,3,1
10/12/2011 00:32:00,285,10,7,1,3,1
10/12/2011 00:33:00,285,11,7,1,3,1
10/12/2011 00:34:00,285,11,7,1,3,1
10/12/2011 00:35:00,285,11,7,1,3,1
10/12/2011 00:36:00,285,10,7,1,3,1
10/12/2011 00:37:00,285,10,7,1,4,1
10/12/2011 00:38:00,285,11,7,1,4,1
10/12/2011 00:39:00,285,11,7,1,4,1
10/12/2011 00:40:00,285,10,7,1,4,1
10/12/2011 00:41:00,285,10,8,1,4,1
10/12/2011 00:42:00,285,10,8,1,4,1
10/12/2011 00:43:00,285,10,8,1,3,1
10/12/2011 00:44:00,285,10,7,1,3,1
10/12/2011 00:45:00,285,10,8,1,3,1
10/12/2011 00:46:00,285,10,9,1,3,1
10/12/2011 00:47:00,285,10,9,1,3,1
10/12/2011 00:48:00,285,9,8,1,3,1
10/12/2011 00:49:00,285,9,8,1,2,1
10/12/2011 00:50:00,285,9,9,1,2,1
10/12/2011 00:51:00,285,9,9,1,2,1
10/12/2011 00:52:00,285,9,9,1,2,1
10/12/2011 00:53:00,285,9,9,1,2,1
10/12/2011 00:54:00,285,10,10,1,2,1
10/12/2011 00:55:00,285,9,9,1,2,1
10/12/2011 00:56:00,285,9,9,1,2,1
10/12/2011 00:57:00,285,10,9,1,2,1
10/12/2011 00:58:00,285,10,10,1,2,1
10/12/2011 00:59:00,285,10,10,1,2,1
10/12/2011 01:00:00,285,10,10,1,2,1
10/12/2011 01:01:00,285,10,10,1,2,1
10/12/2011 01:02:00,285,9,10,1,2,1
10/12/2011 01:03:00,285,9,11,1,2,1
10/12/2011 01:04:00,285,9,11,1,2,1
10/12/2011 01:05:00,285,9,11,1,2,1
10/12/2011 01:06:00,285,9,10,1,2,1
10/12/2011 01:07:00,285,9,10,1,2,1
10/12/2011 01:08:00,285,9,10,1,2,1
10/12/2011 01:09:00,285,9,10,1,2,1
10/12/2011 01:10:00,285,8,10,1,2,1
10/12/2011 01:11:00,285,9,10,1,2,1
10/12/2011 01:12:00,285,9,11,1,2,1
10/12/2011 01:13:00,285,9,11,1,1,1
10/12/2011 01:14:00,285,9,11,1,1,1
10/12/2011 01:15:00,285,8,11,1,1,1
10/12/2011 01:16:00,285,8,10,1,1,1
10/12/2011 01:17:00,285,8,10,1,1,1
10/12/2011 01:18:00,285,8,10,1,2,1
10/12/2011 01:19:00,285,8,10,1,2,1
10/12/2011 01:20:00,285,8,11,1,2,1
10/12/2011 01:21:00,285,8,10,1,1,1
10/12/2011 01:22:00,285,8,11,1,1,1
10/12/2011 01:23:00,285,8,11,1,1,1
10/12/2011 01:24:00,285,7,11,1,2,1
10/12/2011 01:25:00,285,8,11,1,2,1
10/12/2011 01:26:00,285,8,11,1,2,1
10/12/2011 01:27:00,285,7,10,1,2,1
10/12/2011 01:28:00,285,7,10,1,2,1
10/12/2011 01:29:00,285,6,10,1,2,1
10/12/2011 01:30:00,285,6,10,1,3,1
10/12/2011 01:31:00,285,6,11,1,3,1
10/12/2011 01:32:00,285,5,11,1,3,1
10/12/2011 01:33:00,285,5,10,1,3,1
10/12/2011 01:34:00,285,5,10,1,3,1
10/12/2011 01:35:00,285,5,10,1,3,1
10/12/2011 01:36:00,285,5,10,1,3,1
10/12/2011 01:37:00,285,5,10,1,3,1
10/12/2011 01:38:00,285,5,11,1,3,1
10/12/2011 01:39:00,285,5,10,0,3,1
10/12/2011 01:40:00,285,5,9,0,3,1
10/12/2011 01:41:00,285,5,9,0,4,1
10/12/2011 01:42:00,285,5,8,0,4,1
10/12/2011 01:43:00,285,5,9,1,3,1
10/12/2011 01:44:00,285,5,9,0,4,1
10/12/2011 01:45:00,285,5,9,0,3,1
10/12/2011 01:46:00,285,5,9,0,4,1
10/12/2011 01:47:00,285,5,9,0,3,1
10/12/2011 01:48:00,285,6,9,0,3,1
10/12/2011 01:49:00,285,5,9,0,3,1
10/12/2011 01:50:00,285,6,9,0,3,1
10/12/2011 01:51:00,285,6,8,0,2,1
10/12/2011 01:52:00,285,6,9,0,2,1
10/12/2011 01:53:00,285,6,9,0,2,1
10/12/2011 01:54:00,285,7,9,0,2,1
10/12/2011 01:55:00,285,6,9,0,2,1
10/12/2011 01:56:00,285,7,8,0,2,1
10/12/2011 01:57:00,285,6,8,0,2,1
10/12/2011 01:58:00,285,7,8,-1,2,1
10/12/2011 01:59:00,285,6,8,0,2,1
10/12/2011 02:00:00,285,7,8,0,2,1
10/12/2011 02:01:00,285,7,8,-1,2,1
10/12/2011 02:02:00,285,7,9,-1,2,1
10/12/2011 02:03:00,285,8,9,0,2,1
10/12/2011 02:04:00,285,8,9,-1,2,1
10/12/2011 02:05:00,285,8,9,0,2,1
10/12/2011 02:06:00,285,8,7,0,2,1
10/12/2011 02:07:00,285,9,8,0,2,1
10/12/2011 02:08:00,285,8,7,-1,2,1
10/12/2011 02:09:00,285,8,7,0,2,1
10/12/2011 02:10:00,285,9,7,0,3,1
10/12/2011 02:11:00,285,9,7,-1,3,1
10/12/2011 02:12:00,285,9,7,-1,3,1
10/12/2011 02:13:00,285,9,7,-1,3,1
10/12/2011 02:14:00,285,10,7,-1,3,1
10/12/2011 02:15:00,285,9,7,-1,3,1
10/12/2011 02:16:00,285,9,7,-1,3,1
10/12/2011 02:17:00,285,10,7,0,3,1
10/12/2011 02:18:00,285,10,7,0,3,1
10/12/2011 02:19:00,285,10,8,-1,4,1
10/12/2011 02:20:00,285,10,7,-1,4,1
10/12/2011 02:21:00,285,11,7,-1,4,1
10/12/2011 02:22:00,285,11,7,-1,4,1
10/12/2011 02:23:00,285,12,7,0,4,1
10/12/2011 02:24:00,285,12,7,0,4,1
10/12/2011 02:25:00,285,13,6,0,4,1
10/12/2011 02:26:00,285,13,5,0,5,1
10/12/2011 02:27:00,285,13,6,0,4,1
10/12/2011 02:28:00,285,13,6,0,4,1
10/12/2011 02:29:00,285,13,6,0,4,1
10/12/2011 02:30:00,285,14,6,0,5,1
10/12/2011 02:31:00,285,14,6,-1,4,1
10/12/2011 02:32:00,285,14,6,0,5,1
10/12/2011 02:33:00,285,14,6,0,5,1
10/12/2011 02:34:00,285,14,5,0,5,1
10/12/2011 02:35:00,285,14,5,0,5,1
10/12/2011 02:36:00,285,15,6,-1,5,1
10/12/2011 02:37:00,285,15,5,0,5,1
10/12/2011 02:38:00,285,15,5,0,5,1
10/12/2011 02:39:00,285,16,5,0,5,1
10/12/2011 02:40:00,285,17,5,-1,5,1
10/12/2011 02:41:00,285,16,5,-1,4,1
10/12/2011 02:42:00,285,17,5,-1,4,1
10/12/2011 02:43:00,285,16,6,-1,4,1
10/12/2011 02:44:00,285,16,5,-1,4,1
10/12/2011 02:45:00,285,15,5,-1,3,1
10/12/2011 02:46:00,285,16,6,-1,3,1
10/12/2011 02:47:00,285,16,5,-1,3,1
10/12/2011 02:48:00,285,17,6,-1,2,1
10/12/2011 02:49:00,285,16,6,-1,2,1
10/12/2011 02:50:00,285,17,5,-1,2,1
10/12/2011 02:51:00,285,16,5,-1,2,1
10/12/2011 02:52:00,285,14,5,-1,2,1
10/12/2011 02:53:00,285,14,6,-1,1,1
10/12/2011 02:54:00,285,13,6,-1,1,1
10/12/2011 02:55:00,285,12,5,-1,2,1
10/12/2011 02:56:00,285,12,6,-1,2,1
10/12/2011 02:57:00,285,11,5,-1,1,1
10/12/2011 02:58:00,285,12,6,-1,1,1
10/12/2011 02:59:00,285,13,5,-1,2,1
10/12/2011 03:00:00,285,12,5,-2,1,1
10/12/2011 03:01:00,285,13,5,-2,1,1
10/12/2011 03:02:00,285,14,5,-2,1,1
10/12/2011 03:03:00,285,13,5,-2,1,1
10/12/2011 03:04:00,285,14,6,-2,0,1
10/12/2011 03:05:00,285,14,6,-2,1,1
10/12/2011 03:06:00,285,14,5,-2,0,1
10/12/2011 03:07:00,285,14,5,-2,0,1
10/12/2011 03:08:00,285,14,6,-2,0,1
10/12/2011 03:09:00,285,13,5,-2,0,1
10/12/2011 03:10:00,285,13,6,-2,0,1
10/12/2011 03:11:00,285,13,6,-2,0,1
10/12/2011 03:12:00,285,13,7,-2,0,1
10/12/2011 03:13:00,285,13,6,-2,-1,1
10/12/2011 03:14:00,285,13,6,-2,-1,1
10/12/2011 03:15:00,285,14,7,-2,-1,1
10/12/2011 03:16:00,285,14,6,-2,-1,1
10/12/2011 03:17:00,285,13,6,-2,-1,1
10/12/2011 03:18:00,285,13,7,-2,-1,1
10/12/2011 03:19:00,285,12,7,-2,-1,1
10/12/2011 03:20:00,285,13,7,-2,-1,1
10/12/2011 03:21:00,285,13,8,-3,-1,1
10/12/2011 03:22:00,285,13,7,-3,-1,1
10/12/2011 03:23:00,285,13,7,-3,-1,1
10/12/2011 03:24:00,285,13,7,-3,-1,1
10/12/2011 03:25:00,285,13,8,-3,-1,1
10/12/2011 03:26:00,285,12,7,-2,-1,1
10/12/2011 03:27:00,285,13,6,-2,-1,1
10/12/2011 03:28:00,285,13,6,-2,-1,1
10/12/2011 03:29:00,285,13,6,-2,-1,1
10/12/2011 03:30:00,285,13,6,-2,-1,1
10/12/2011 03:31:00,285,13,7,-3,-1,1
10/12/2011 03:32:00,285,13,7,-3,-1,1
10/12/2011 03:33:00,285,13,7,-2,-1,1
10/12/2011 03:34:00,285,13,6,-2,-1,1
10/12/2011 03:35:00,285,13,7,-2,-1,1
10/12/2011 03:36:00,285,14,6,-2,-1,1
10/12/2011 03:37:00,285,14,7,-2,-1,1
10/12/2011 03:38:00,285,14,7,-2,-1,1
10/12/2011 03:39:00,285,14,6,-2,-1,1
10/12/2011 03:40:00,285,14,7,-2,0,1
10/12/2011 03:41:00,285,14,7,-2,0,1
10/12/2011 03:42:00,285,14,8,-2,0,1
10/12/2011 03:43:00,285,14,8,-2,0,1
10/12/2011 03:44:00,285,14,9,-2,-1,1
10/12/2011 03:45:00,285,13,9,-2,-1,1
10/12/2011 03:46:00,285,13,10,-2,-1,1
10/12/2011 03:47:00,285,14,8,-2,-1,1
10/12/2011 03:48:00,285,13,8,-2,-1,1
10/12/2011 03:49:00,285,12,9,-2,-1,1
10/12/2011 03:50:00,285,12,8,-1,-1,1
10/12/2011 03:51:00,285,11,8,-1,-1,1
10/12/2011 03:52:00,285,12,8,-1,-1,1
10/12/2011 03:53:00,285,14,9,0,-1,1
10/12/2011 03:54:00,285,17,9,0,-1,1
10/12/2011 03:55:00,285,19,9,1,-2,1
10/12/2011 03:56:00,285,19,9,1,-2,1
10/12/2011 03:57:00,285,20,9,1,-2,1
10/12/2011 03:58:00,285,21,9,2,-2,1
10/12/2011 03:59:00,285,22,9,2,-2,1
10/12/2011 04:00:00,285,23,9,2,-2,1
10/12/2011 04:01:00,285,23,10,2,-2,1
10/12/2011 04:02:00,285,22,9,2,-3,1
10/12/2011 04:03:00,285,25,10,3,-2,1
10/12/2011 04:04:00,285,24,10,3,-3,1
10/12/2011 04:05:00,285,26,10,3,-2,1
10/12/2011 04:06:00,285,25,11,4,-3,1
10/12/2011 04:07:00,285,24,11,3,-3,1
10/12/2011 04:08:00,285,26,11,4,-3,1
10/12/2011 04:09:00,285,25,11,4,-3,1
10/12/2011 04:10:00,285,26,11,4,-3,1
10/12/2011 04:11:00,285,25,11,4,-3,1
10/12/2011 04:12:00,285,25,10,4,-3,1
10/12/2011 04:13:00,285,25,10,4,-3,1
10/12/2011 04:14:00,285,25,10,4,-3,1
10/12/2011 04:15:00,285,25,11,4,-3,1
10/12/2011 04:16:00,285,25,12,4,-3,1
10/12/2011 04:17:00,285,25,12,4,-3,1
10/12/2011 04:18:00,285,25,11,4,-3,1
10/12/2011 04:19:00,285,25,11,4,-3,1
10/12/2011 04:20:00,285,26,11,4,-3,1
10/12/2011 04:21:00,285,25,12,4,-4,1
10/12/2011 04:22:00,285,23,12,4,-4,1
10/12/2011 04:23:00,285,23,12,3,-4,1
10/12/2011 04:24:00,285,22,12,4,-4,1
10/12/2011 04:25:00,285,20,12,3,-4,1
10/12/2011 04:26:00,285,21,12,3,-4,1
10/12/2011 04:27:00,285,19,12,3,-4,1
10/12/2011 04:28:00,285,19,11,3,-4,1
10/12/2011 04:29:00,285,17,11,3,-4,1
10/12/2011 04:30:00,285,17,11,3,-4,1
10/12/2011 04:31:00,285,15,11,3,-4,1
10/12/2011 04:32:00,285,15,11,3,-4,1
10/12/2011 04:33:00,285,14,12,3,-4,1
10/12/2011 04:34:00,285,13,12,3,-4,1
10/12/2011 04:35:00,285,13,12,2,-4,1
10/12/2011 04:36:00,285,13,10,2,-4,1
10/12/2011 04:37:00,285,12,10,2,-4,1
10/12/2011 04:38:00,285,12,9,2,-3,1
10/12/2011 04:39:00,285,12,10,2,-3,1
10/12/2011 04:40:00,285,12,9,2,-4,1
10/12/2011 04:41:00,285,11,9,2,-3,1
10/12/2011 04:42:00,285,11,10,2,-4,1
10/12/2011 04:43:00,285,11,9,2,-4,1
10/12/2011 04:44:00,285,11,9,2,-3,1
10/12/2011 04:45:00,285,10,9,2,-4,1
10/12/2011 04:46:00,285,10,8,2,-3,1
10/12/2011 04:47:00,285,10,9,2,-3,1
10/12/2011 04:48:00,285,10,8,2,-4,1
10/12/2011 04:49:00,285,11,9,2,-4,1
10/12/2011 04:50:00,285,11,9,2,-4,1
10/12/2011 04:51:00,285,11,9,2,-4,1
10/12/2011 04:52:00,285,10,9,2,-4,1
10/12/2011 04:53:00,285,11,9,2,-4,1
10/12/2011 04:54:00,285,11,8,2,-4,1
10/12/2011 04:55:00,285,11,8,2,-4,1
10/12/2011 04:56:00,285,11,8,2,-4,1
10/12/2011 04:57:00,285,12,8,2,-4,1
10/12/2011 04:58:00,285,11,7,2,-3,1
10/12/2011 04:59:00,285,12,7,2,-3,1
10/12/2011 05:00:00,285,12,7,2,-4,1
10/12/2011 05:01:00,285,12,7,2,-4,1
10/12/2011 05:02:00,285,13,8,2,-4,1
10/12/2011 05:03:00,285,13,8,3,-4,1
10/12/2011 05:04:00,285,13,7,2,-4,1
10/12/2011 05:05:00,285,13,7,2,-4,1
10/12/2011 05:06:00,285,13,7,2,-4,1
10/12/2011 05:07:00,285,13,8,2,-4,1
10/12/2011 05:08:00,285,13,7,2,-4,1
10/12/2011 05:09:00,285,13,6,2,-4,1
10/12/2011 05:10:00,285,13,6,2,-3,1
10/12/2011 05:11:00,285,14,6,2,-3,1
10/12/2011 05:12:00,285,14,7,2,-3,1
10/12/2011 05:13:00,285,14,6,2,-3,1
10/12/2011 05:14:00,285,15,6,2,-3,1
10/12/2011 05:15:00,285,15,6,2,-3,1
10/12/2011 05:16:00,285,15,7,2,-3,1
10/12/2011 05:17:00,285,15,7,2,-3,1
10/12/2011 05:18:00,285,15,6,2,-2,1
10/12/2011 05:19:00,285,15,6,2,-1,1
10/12/2011 05:20:00,285,17,6,3,-1,1
10/12/2011 05:21:00,285,17,6,3,-1,1
10/12/2011 05:22:00,285,18,6,3,1,1
10/12/2011 05:23:00,285,18,6,3,1,1
10/12/2011 05:24:00,285,18,7,3,2,1
10/12/2011 05:25:00,285,18,7,3,2,1
10/12/2011 05:26:00,285,17,7,2,3,1
10/12/2011 05:27:00,285,17,7,2,3,1
10/12/2011 05:28:00,285,16,7,2,2,1
10/12/2011 05:29:00,285,16,7,2,2,1
10/12/2011 05:30:00,285,15,8,1,2,1
10/12/2011 05:31:00,285,15,8,1,1,1
10/12/2011 05:32:00,285,15,8,1,1,1
10/12/2011 05:33:00,285,14,9,1,1,1
10/12/2011 05:34:00,285,15,9,1,1,1
10/12/2011 05:35:00,285,15,9,1,1,1
10/12/2011 05:36:00,285,15,9,1,1,1
10/12/2011 05:37:00,285,16,10,1,1,1
10/12/2011 05:38:00,285,16,9,1,1,1
10/12/2011 05:39:00,285,17,9,1,2,1
10/12/2011 05:40:00,285,17,9,1,2,1
10/12/2011 05:41:00,285,17,9,2,2,1
10/12/2011 05:42:00,285,16,9,2,2,1
10/12/2011 05:43:00,285,17,9,2,2,1
10/12/2011 05:44:00,285,16,10,2,2,1
10/12/2011 05:45:00,285,15,9,2,2,1
10/12/2011 05:46:00,285,15,9,2,2,1
10/12/2011 05:47:00,285,15,9,2,2,1
10/12/2011 05:48:00,285,14,9,2,3,1
10/12/2011 05:49:00,285,14,8,2,3,1
10/12/2011 05:50:00,285,14,9,2,3,1
10/12/2011 05:51:00,285,14,9,2,2,1
10/12/2011 05:52:00,285,13,9,2,2,1
10/12/2011 05:53:00,285,13,10,1,2,1
10/12/2011 05:54:00,285,13,9,1,1,1
10/12/2011 05:55:00,285,13,9,2,1,1
10/12/2011 05:56:00,285,13,9,1,1,1
10/12/2011 05:57:00,285,14,9,2,1,1
10/12/2011 05:58:00,285,14,8,2,1,1
10/12/2011 05:59:00,285,14,8,2,1,1
10/12/2011 06:00:00,285,15,7,2,1,1
10/12/2011 06:01:00,285,15,8,2,1,1
10/12/2011 06:02:00,285,15,7,2,1,1
10/12/2011 06:03:00,285,15,8,2,1,1
10/12/2011 06:04:00,285,15,7,3,1,1
10/12/2011 06:05:00,285,15,8,2,1,1
10/12/2011 06:06:00,285,15,8,3,1,1
10/12/2011 06:07:00,285,15,8,2,1,1
10/12/2011 06:08:00,285,15,8,2,1,1
10/12/2011 06:09:00,285,14,9,2,1,1
10/12/2011 06:10:00,285,15,10,2,1,1
10/12/2011 06:11:00,285,15,10,2,1,1
10/12/2011 06:12:00,285,15,10,2,1,1
10/12/2011 06:13:00,285,15,10,2,1,1
10/12/2011 06:14:00,285,15,10,2,1,1
10/12/2011 06:15:00,285,16,10,2,1,1
10/12/2011 06:16:00,285,16,10,2,1,1
10/12/2011 06:17:00,285,16,10,2,1,1
10/12/2011 06:18:00,285,16,10,2,1,1
10/12/2011 06:19:00,285,17,11,2,1,1
10/12/2011 06:20:00,285,17,11,2,2,1
10/12/2011 06:21:00,285,18,11,2,2,1
10/12/2011 06:22:00,285,17,12,2,2,1
10/12/2011 06:23:00,285,17,11,2,2,1
10/12/2011 06:24:00,285,17,11,2,2,1
10/12/2011 06:25:00,285,17,11,2,3,1
10/12/2011 06:26:00,285,17,11,2,3,1
10/12/2011 06:27:00,285,17,12,2,3,1
10/12/2011 06:28:00,285,18,13,2,3,1
10/12/2011 06:29:00,285,19,15,1,3,1
10/12/2011 06:30:00,285,20,14,1,3,1
10/12/2011 06:31:00,285,21,15,1,3,1
10/12/2011 06:32:00,285,20,15,1,2,1
10/12/2011 06:33:00,285,20,15,1,2,1
10/12/2011 06:34:00,285,21,16,1,2,1
10/12/2011 06:35:00,285,21,16,1,2,1
10/12/2011 06:36:00,285,22,16,1,2,1
10/12/2011 06:37:00,285,23,16,1,2,1
10/12/2011 06:38:00,285,23,16,1,2,1
10/12/2011 06:39:00,285,23,16,2,2,1
10/12/2011 06:40:00,285,24,16,1,3,1
10/12/2011 06:41:00,285,24,17,1,4,1
10/12/2011 06:42:00,285,25,17,1,4,1
10/12/2011 06:43:00,285,25,18,1,4,1
10/12/2011 06:44:00,285,26,18,1,3,1
10/12/2011 06:45:00,285,26,18,1,3,1
10/12/2011 06:46:00,285,25,19,1,3,1
10/12/2011 06:47:00,285,25,19,1,3,1
10/12/2011 06:48:00,285,24,19,1,3,1
10/12/2011 06:49:00,285,24,19,1,3,1
10/12/2011 06:50:00,285,24,19,1,2,1
10/12/2011 06:51:00,285,24,19,1,3,1
10/12/2011 06:52:00,285,23,19,1,3,1
10/12/2011 06:53:00,285,24,19,0,3,1
10/12/2011 06:54:00,285,24,19,0,3,1
10/12/2011 06:55:00,285,24,21,0,3,1
10/12/2011 06:56:00,285,25,21,0,3,1
10/12/2011 06:57:00,285,25,21,0,3,1
10/12/2011 06:58:00,285,25,21,1,2,1
10/12/2011 06:59:00,285,25,21,0,2,1
10/12/2011 07:00:00,285,25,21,1,2,1
10/12/2011 07:01:00,285,27,22,1,2,1
10/12/2011 07:02:00,285,27,23,1,2,1
10/12/2011 07:03:00,285,29,23,1,1,1
10/12/2011 07:04:00,285,29,24,1,1,1
10/12/2011 07:05:00,285,29,23,1,1,1
10/12/2011 07:06:00,285,29,23,1,0,1
10/12/2011 07:07:00,285,30,24,1,0,1
10/12/2011 07:08:00,285,30,24,1,-1,1
10/12/2011 07:09:00,285,30,24,1,-1,1
10/12/2011 07:10:00,285,31,24,1,-1,1
10/12/2011 07:11:00,285,30,24,1,-1,1
10/12/2011 07:12:00,285,31,24,1,-1,1
10/12/2011 07:13:00,285,31,24,1,-1,1
10/12/2011 07:14:00,285,31,25,1,-2,1
10/12/2011 07:15:00,285,31,25,1,-2,1
10/12/2011 07:16:00,285,31,24,1,-2,1
10/12/2011 07:17:00,285,31,23,1,-2,1
10/12/2011 07:18:00,285,31,23,1,-2,1
10/12/2011 07:19:00,285,32,24,1,-2,1
10/12/2011 07:20:00,285,32,23,1,-2,1
10/12/2011 07:21:00,285,32,24,1,-2,1
10/12/2011 07:22:00,285,32,25,2,-3,1
10/12/2011 07:23:00,285,32,24,2,-4,1
10/12/2011 07:24:00,285,32,25,2,-4,1
10/12/2011 07:25:00,285,31,24,2,-4,1
10/12/2011 07:26:00,285,30,24,2,-5,1
10/12/2011 07:27:00,285,29,23,2,-5,1
10/12/2011 07:28:00,285,29,23,2,-5,1
10/12/2011 07:29:00,285,29,23,2,-5,1
10/12/2011 07:30:00,285,30,23,2,-5,1
10/12/2011 07:31:00,285,29,23,2,-5,1
10/12/2011 07:32:00,285,29,23,2,-5,1
10/12/2011 07:33:00,285,29,24,2,-6,1
10/12/2011 07:34:00,285,28,24,2,-6,1
10/12/2011 07:35:00,285,28,24,2,-6,1
10/12/2011 07:36:00,285,28,24,2,-6,1
10/12/2011 07:37:00,285,28,25,1,-6,1
10/12/2011 07:38:00,285,29,25,1,-6,1
10/12/2011 07:39:00,285,28,25,1,-7,1
10/12/2011 07:40:00,285,28,25,1,-7,1
10/12/2011 07:41:00,285,28,25,2,-7,1
10/12/2011 07:42:00,285,27,25,1,-7,1
10/12/2011 07:43:00,285,28,26,1,-7,1
10/12/2011 07:44:00,285,27,27,1,-6,1
10/12/2011 07:45:00,285,27,28,1,-7,1
10/12/2011 07:46:00,285,27,27,1,-6,1
10/12/2011 07:47:00,285,27,27,1,-7,1
10/12/2011 07:48:00,285,28,27,1,-6,1
10/12/2011 07:49:00,285,28,27,0,-7,1
10/12/2011 07:50:00,285,28,27,1,-7,1
10/12/2011 07:51:00,285,26,28,1,-7,1
10/12/2011 07:52:00,285,26,27,1,-8,1
10/12/2011 07:53:00,285,25,28,1,-8,1
10/12/2011 07:54:00,285,24,29,1,-8,1
10/12/2011 07:55:00,285,24,29,1,-8,1
10/12/2011 07:56:00,285,23,28,1,-8,1
10/12/2011 07:57:00,285,24,30,0,-7,1
10/12/2011 07:58:00,285,23,27,0,-7,1
10/12/2011 07:59:00,285,23,28,1,-7,1
10/12/2011 08:00:00,285,23,30,0,-7,1
10/12/2011 08:01:00,285,23,31,0,-7,1
10/12/2011 08:02:00,285,23,31,1,-7,1
10/12/2011 08:03:00,285,23,33,1,-7,1
10/12/2011 08:04:00,285,23,31,1,-7,1
10/12/2011 08:05:00,285,21,31,1,-8,1
10/12/2011 08:06:00,285,19,31,1,-8,1
10/12/2011 08:07:00,285,17,31,1,-7,1
10/12/2011 08:08:00,285,16,30,1,-8,1
10/12/2011 08:09:00,285,15,29,1,-8,1
10/12/2011 08:10:00,285,14,29,1,-7,1
10/12/2011 08:11:00,285,14,30,1,-7,1
10/12/2011 08:12:00,285,14,29,1,-7,1
10/12/2011 08:13:00,285,14,28,1,-7,1
10/12/2011 08:14:00,285,14,27,1,-7,1
10/12/2011 08:15:00,285,13,27,1,-6,1
10/12/2011 08:16:00,285,13,26,1,-6,1
10/12/2011 08:17:00,285,14,25,1,-5,1
10/12/2011 08:18:00,285,13,22,1,-6,1
10/12/2011 08:19:00,285,13,21,2,-5,1
10/12/2011 08:20:00,285,14,21,2,-5,1
10/12/2011 08:21:00,285,14,20,1,-4,1
10/12/2011 08:22:00,285,14,20,1,-4,1
10/12/2011 08:23:00,285,13,18,2,-3,1
10/12/2011 08:24:00,285,13,18,1,-3,1
10/12/2011 08:25:00,285,12,17,1,-3,1
10/12/2011 08:26:00,285,11,18,1,-2,1
10/12/2011 08:27:00,285,12,17,1,-2,1
10/12/2011 08:28:00,285,13,18,1,-1,1
10/12/2011 08:29:00,285,12,19,2,-1,1
10/12/2011 08:30:00,285,13,19,1,-1,1
10/12/2011 08:31:00,285,14,19,1,-1,1
10/12/2011 08:32:00,285,14,20,2,-1,1
10/12/2011 08:33:00,285,15,20,2,-1,1
10/12/2011 08:34:00,285,15,21,2,0,1
10/12/2011 08:35:00,285,16,21,2,-1,1
10/12/2011 08:36:00,285,15,22,2,-1,1
10/12/2011 08:37:00,285,15,21,2,-1,1
10/12/2011 08:38:00,285,14,22,1,-1,1
10/12/2011 08:39:00,285,14,22,1,-1,1
10/12/2011 08:40:00,285,13,21,1,0,1
10/12/2011 08:41:00,285,13,22,1,1,1
10/12/2011 08:42:00,285,14,22,1,1,1
10/12/2011 08:43:00,285,15,22,1,1,1
10/12/2011 08:44:00,285,15,21,1,1,1
10/12/2011 08:45:00,285,16,22,1,2,1
10/12/2011 08:46:00,285,16,21,1,2,1
10/12/2011 08:47:00,285,17,22,1,2,1
10/12/2011 08:48:00,285,18,21,1,3,1
10/12/2011 08:49:00,285,17,21,1,3,1
10/12/2011 08:50:00,285,18,21,1,3,1
10/12/2011 08:51:00,285,18,21,1,2,1
10/12/2011 08:52:00,285,19,20,1,2,1
10/12/2011 08:53:00,285,19,21,1,3,1
10/12/2011 08:54:00,285,20,20,1,3,1
10/12/2011 08:55:00,285,19,20,1,4,1
10/12/2011 08:56:00,285,19,19,1,5,1
10/12/2011 08:57:00,285,19,20,1,5,1
10/12/2011 08:58:00,285,18,20,1,6,1
10/12/2011 08:59:00,285,17,20,1,6,1
10/12/2011 09:00:00,285,17,20,1,5,1
10/12/2011 09:01:00,285,18,20,1,4,1
10/12/2011 09:02:00,285,18,20,1,4,1
10/12/2011 09:03:00,285,18,19,1,3,1
10/12/2011 09:04:00,285,19,19,1,3,1
10/12/2011 09:05:00,285,18,19,1,3,1
10/12/2011 09:06:00,285,18,19,1,3,1
10/12/2011 09:07:00,285,18,19,1,3,1
10/12/2011 09:08:00,285,18,18,2,3,1
10/12/2011 09:09:00,285,19,19,1,3,1
10/12/2011 09:10:00,285,18,19,1,3,1
10/12/2011 09:11:00,285,18,19,2,3,1
10/12/2011 09:12:00,285,18,18,1,3,1
10/12/2011 09:13:00,285,18,18,2,3,1
10/12/2011 09:14:00,285,17,19,1,4,1
10/12/2011 09:15:00,285,17,18,1,4,1
10/12/2011 09:16:00,285,17,18,1,4,1
10/12/2011 09:17:00,285,17,18,1,4,1
10/12/2011 09:18:00,285,16,17,1,3,1
10/12/2011 09:19:00,285,16,17,1,3,1
10/12/2011 09:20:00,285,16,17,1,3,1
10/12/2011 09:21:00,285,17,17,1,3,1
10/12/2011 09:22:00,285,17,16,1,3,1
10/12/2011 09:23:00,285,16,16,1,3,1
10/12/2011 09:24:00,285,17,17,1,3,1
10/12/2011 09:25:00,285,16,15,1,3,1
10/12/2011 09:26:00,285,16,15,1,3,1
10/12/2011 09:27:00,285,16,16,1,3,1
10/12/2011 09:28:00,285,16,15,1,3,1
10/12/2011 09:29:00,285,15,16,1,3,1
10/12/2011 09:30:00,285,15,16,1,3,1
10/12/2011 09:31:00,285,15,15,1,3,1
10/12/2011 09:32:00,285,14,15,1,3,1
10/12/2011 09:33:00,285,14,15,1,3,1
10/12/2011 09:34:00,285,14,16,1,3,1
10/12/2011 09:35:00,285,14,16,1,2,1
10/12/2011 09:36:00,285,14,15,1,2,1
10/12/2011 09:37:00,285,14,15,1,2,1
10/12/2011 09:38:00,285,13,15,1,2,1
10/12/2011 09:39:00,285,13,15,1,2,1
10/12/2011 09:40:00,285,14,14,1,2,1
10/12/2011 09:41:00,285,13,14,1,2,1
10/12/2011 09:42:00,285,13,14,1,2,1
10/12/2011 09:43:00,285,13,14,1,2,1
10/12/2011 09:44:00,285,12,13,1,2,1
10/12/2011 09:45:00,285,12,13,1,2,1
10/12/2011 09:46:00,285,12,14,1,2,1
10/12/2011 09:47:00,285,12,14,1,2,1
10/12/2011 09:48:00,285,11,14,1,3,1
10/12/2011 09:49:00,285,12,13,1,2,1
10/12/2011 09:50:00,285,12,13,1,2,1
10/12/2011 09:51:00,285,11,13,1,2,1
10/12/2011 09:52:00,285,11,13,1,2,1
10/12/2011 09:53:00,285,11,13,1,3,1
10/12/2011 09:54:00,285,11,13,1,3,1
10/12/2011 09:55:00,285,11,12,1,3,1
10/12/2011 09:56:00,285,10,13,1,3,1
10/12/2011 09:57:00,285,10,13,1,3,1
10/12/2011 09:58:00,285,9,13,1,3,1
10/12/2011 09:59:00,285,9,12,1,3,1
10/12/2011 10:00:00,285,9,12,1,3,1
10/12/2011 10:01:00,285,9,12,1,3,1
10/12/2011 10:02:00,285,9,11,1,3,1
10/12/2011 10:03:00,285,9,11,1,3,1
10/12/2011 10:04:00,285,10,11,1,3,1
10/12/2011 10:05:00,285,9,10,1,3,1
10/12/2011 10:06:00,285,9,9,1,3,1
10/12/2011 10:07:00,285,8,11,1,3,1
10/12/2011 10:08:00,285,9,10,1,4,1
10/12/2011 10:09:00,285,9,9,1,3,1
10/12/2011 10:10:00,285,8,9,1,3,1
10/12/2011 10:11:00,285,8,10,1,3,1
10/12/2011 10:12:00,285,8,10,1,3,1
10/12/2011 10:13:00,285,9,10,1,3,1
10/12/2011 10:14:00,285,9,10,1,3,1
10/12/2011 10:15:00,285,8,9,1,3,1
10/12/2011 10:16:00,285,9,9,1,3,1
10/12/2011 10:17:00,285,9,8,1,3,1
10/12/2011 10:18:00,285,9,7,1,3,1
10/12/2011 10:19:00,285,9,7,1,3,1
10/12/2011 10:20:00,285,10,7,1,2,1
10/12/2011 10:21:00,285,10,8,1,2,1
10/12/2011 10:22:00,285,9,8,1,2,1
10/12/2011 10:23:00,285,9,7,1,2,1
10/12/2011 10:24:00,285,10,7,1,2,1
10/12/2011 10:25:00,285,10,6,1,1,1
10/12/2011 10:26:00,285,10,6,1,1,1
10/12/2011 10:27:00,285,10,7,1,2,1
10/12/2011 10:28:00,285,9,6,1,2,1
10/12/2011 10:29:00,285,9,6,1,2,1
10/12/2011 10:30:00,285,9,6,1,2,1
10/12/2011 10:31:00,285,9,5,1,2,1
10/12/2011 10:32:00,285,9,6,1,2,1
10/12/2011 10:33:00,285,9,7,1,2,1
10/12/2011 10:34:00,285,9,6,1,2,1
10/12/2011 10:35:00,285,9,7,1,3,1
10/12/2011 10:36:00,285,9,6,1,3,1
10/12/2011 10:37:00,285,9,6,1,3,1
10/12/2011 10:38:00,285,10,8,1,3,1
10/12/2011 10:39:00,285,10,8,1,3,1
10/12/2011 10:40:00,285,10,8,1,3,1
10/12/2011 10:41:00,285,10,8,1,3,1
10/12/2011 10:42:00,285,10,8,1,3,1
10/12/2011 10:43:00,285,10,8,1,3,1
10/12/2011 10:44:00,285,10,8,1,3,1
10/12/2011 10:45:00,285,10,7,1,3,1
10/12/2011 10:46:00,285,10,7,1,3,1
10/12/2011 10:47:00,285,10,7,1,3,1
10/12/2011 10:48:00,285,10,7,1,3,1
10/12/2011 10:49:00,285,11,7,1,3,1
10/12/2011 10:50:00,285,10,7,1,3,1
10/12/2011 10:51:00,285,11,7,1,3,1
10/12/2011 10:52:00,285,10,6,1,3,1
10/12/2011 10:53:00,285,10,8,1,2,1
10/12/2011 10:54:00,285,10,8,1,2,1
10/12/2011 10:55:00,285,10,7,1,2,1
10/12/2011 10:56:00,285,10,7,1,2,1
10/12/2011 10:57:00,285,10,8,1,2,1
10/12/2011 10:58:00,285,10,9,1,2,1
10/12/2011 10:59:00,285,10,9,1,3,1
10/12/2011 11:00:00,285,10,7,1,3,1
10/12/2011 11:01:00,285,10,7,1,3,1
10/12/2011 11:02:00,285,10,8,1,4,1
10/12/2011 11:03:00,285,10,8,1,4,1
10/12/2011 11:04:00,285,9,8,1,5,1
10/12/2011 11:05:00,285,8,7,1,4,1
10/12/2011 11:06:00,285,9,8,1,4,1
10/12/2011 11:07:00,285,9,7,1,3,1
10/12/2011 11:08:00,285,10,6,1,3,1
10/12/2011 11:09:00,285,10,6,1,3,1
10/12/2011 11:10:00,285,10,7,1,4,1
10/12/2011 11:11:00,285,10,8,1,4,1
10/12/2011 11:12:00,285,9,8,1,4,1
10/12/2011 11:13:00,285,9,7,1,3,1
10/12/2011 11:14:00,285,9,6,1,3,1
10/12/2011 11:15:00,285,9,6,1,2,1
10/12/2011 11:16:00,285,10,5,1,2,1
10/12/2011 11:17:00,285,10,5,1,2,1
10/12/2011 11:18:00,285,10,4,1,1,1
10/12/2011 11:19:00,285,10,4,1,1,1
10/12/2011 11:20:00,285,10,5,1,1,1
10/12/2011 11:21:00,285,9,5,1,1,1
10/12/2011 11:22:00,285,10,4,1,0,1
10/12/2011 11:23:00,285,10,4,1,0,1
10/12/2011 11:24:00,285,10,5,1,1,1
10/12/2011 11:25:00,285,9,5,1,1,1
10/12/2011 11:26:00,285,8,5,1,1,1
10/12/2011 11:27:00,285,9,6,1,2,1
10/12/2011 11:28:00,285,9,6,1,2,1
10/12/2011 11:29:00,285,9,5,1,1,1
10/12/2011 11:30:00,285,9,6,1,1,1
10/12/2011 11:31:00,285,8,6,1,2,1
10/12/2011 11:32:00,285,9,5,1,1,1
10/12/2011 11:33:00,285,9,6,1,2,1
10/12/2011 11:34:00,285,8,6,1,2,1
10/12/2011 11:35:00,285,9,6,1,2,1
10/12/2011 11:36:00,285,7,6,1,2,1
10/12/2011 11:37:00,285,8,6,1,2,1
10/12/2011 11:38:00,285,8,6,1,3,1
10/12/2011 11:39:00,285,8,6,1,3,1
10/12/2011 11:40:00,285,8,5,1,3,1
10/12/2011 11:41:00,285,8,6,1,3,1
10/12/2011 11:42:00,285,8,6,1,3,1
10/12/2011 11:43:00,285,8,6,1,3,1
10/12/2011 11:44:00,285,8,6,2,3,1
10/12/2011 11:45:00,285,8,6,2,2,1
10/12/2011 11:46:00,285,8,7,2,2,1
10/12/2011 11:47:00,285,8,6,2,2,1
10/12/2011 11:48:00,285,8,6,2,2,1
10/12/2011 11:49:00,285,8,6,2,2,1
10/12/2011 11:50:00,285,8,6,2,2,1
10/12/2011 11:51:00,285,8,6,2,2,1
10/12/2011 11:52:00,285,7,6,2,2,1
10/12/2011 11:53:00,285,7,6,2,2,1
10/12/2011 11:54:00,285,7,7,2,2,1
10/12/2011 11:55:00,285,6,6,2,2,1
10/12/2011 11:56:00,285,6,6,2,2,1
10/12/2011 11:57:00,285,6,7,2,1,1
10/12/2011 11:58:00,285,6,7,2,2,1
10/12/2011 11:59:00,285,6,7,2,2,1
10/12/2011 12:00:00,285,6,7,1,2,1
10/12/2011 12:01:00,285,6,7,1,2,1
10/12/2011 12:02:00,285,6,8,2,1,1
10/12/2011 12:03:00,285,7,8,2,1,1
10/12/2011 12:04:00,285,7,8,2,1,1
10/12/2011 12:05:00,285,7,9,2,2,1
10/12/2011 12:06:00,285,7,8,2,2,1
10/12/2011 12:07:00,285,7,9,2,1,1
10/12/2011 12:08:00,285,6,8,2,2,1
10/12/2011 12:09:00,285,6,8,2,2,1
10/12/2011 12:10:00,285,6,8,2,1,1
10/12/2011 12:11:00,285,6,8,2,2,1
10/12/2011 12:12:00,285,7,8,2,2,1
10/12/2011 12:13:00,285,7,8,2,2,1
10/12/2011 12:14:00,285,7,9,2,2,1
10/12/2011 12:15:00,285,7,9,2,2,1
10/12/2011 12:16:00,285,7,8,2,2,1
10/12/2011 12:17:00,285,7,9,2,2,1
10/12/2011 12:18:00,285,6,9,2,2,1
10/12/2011 12:19:00,285,7,8,2,2,1
10/12/2011 12:20:00,285,5,8,2,2,1
10/12/2011 12:21:00,285,5,9,2,2,1
10/12/2011 12:22:00,285,5,9,2,2,1
10/12/2011 12:23:00,285,5,9,2,2,1
10/12/2011 12:24:00,285,5,9,2,2,1
10/12/2011 12:25:00,285,5,8,2,2,1
10/12/2011 12:26:00,285,5,7,2,2,1
10/12/2011 12:27:00,285,4,9,2,2,1
10/12/2011 12:28:00,285,5,9,2,2,1
10/12/2011 12:29:00,285,6,8,2,3,1
10/12/2011 12:30:00,285,5,8,2,2,1
10/12/2011 12:31:00,285,4,8,2,1,1
10/12/2011 12:32:00,285,5,8,2,1,1
10/12/2011 12:33:00,285,5,8,2,1,1
10/12/2011 12:34:00,285,4,8,2,1,1
10/12/2011 12:35:00,285,5,8,2,1,1
10/12/2011 12:36:00,285,5,8,2,1,1
10/12/2011 12:37:00,285,5,8,2,1,1
10/12/2011 12:38:00,285,5,8,2,1,1
10/12/2011 12:39:00,285,5,8,2,1,1
10/12/2011 12:40:00,285,5,9,2,2,1
10/12/2011 12:41:00,285,5,9,2,2,1
10/12/2011 12:42:00,285,5,8,1,2,1
10/12/2011 12:43:00,285,4,8,1,2,1
10/12/2011 12:44:00,285,4,9,1,3,1
10/12/2011 12:45:00,285,4,9,1,3,1
10/12/2011 12:46:00,285,4,9,2,3,1
10/12/2011 12:47:00,285,4,9,2,3,1
10/12/2011 12:48:00,285,4,9,2,4,1
10/12/2011 12:49:00,285,5,9,2,4,1
10/12/2011 12:50:00,285,4,9,2,4,1
10/12/2011 12:51:00,285,5,9,2,4,1
10/12/2011 12:52:00,285,5,9,2,4,1
10/12/2011 12:53:00,285,5,8,2,4,1
10/12/2011 12:54:00,285,5,9,2,3,1
10/12/2011 12:55:00,285,5,9,2,3,1
10/12/2011 12:56:00,285,5,8,2,3,1
10/12/2011 12:57:00,285,5,8,2,3,1
10/12/2011 12:58:00,285,5,9,2,3,1
10/12/2011 12:59:00,285,4,9,2,3,1
10/12/2011 13:00:00,285,4,8,2,2,1
10/12/2011 13:01:00,285,4,8,2,2,1
10/12/2011 13:02:00,285,4,9,2,2,1
10/12/2011 13:03:00,285,4,8,2,2,1
10/12/2011 13:04:00,285,5,8,1,3,1
10/12/2011 13:05:00,285,5,8,1,3,1
10/12/2011 13:06:00,285,5,8,1,2,1
10/12/2011 13:07:00,285,6,8,1,3,1
10/12/2011 13:08:00,285,6,8,1,3,1
10/12/2011 13:09:00,285,6,8,1,2,1
10/12/2011 13:10:00,285,6,8,2,2,1
10/12/2011 13:11:00,285,5,8,2,2,1
10/12/2011 13:12:00,285,5,8,2,2,1
10/12/2011 13:13:00,285,5,8,3,2,1
10/12/2011 13:14:00,285,6,7,3,1,1
10/12/2011 13:15:00,285,6,7,3,1,1
10/12/2011 13:16:00,285,6,7,3,1,1
10/12/2011 13:17:00,285,6,7,3,1,1
10/12/2011 13:18:00,285,6,7,3,1,1
10/12/2011 13:19:00,285,6,7,3,1,1
10/12/2011 13:20:00,285,6,7,3,1,1
10/12/2011 13:21:00,285,5,7,3,0,1
10/12/2011 13:22:00,285,6,7,2,0,1
10/12/2011 13:23:00,285,6,7,2,0,1
10/12/2011 13:24:00,285,6,7,2,0,1
10/12/2011 13:25:00,285,6,7,2,0,1
10/12/2011 13:26:00,285,7,8,2,0,1
10/12/2011 13:27:00,285,7,7,1,0,1
10/12/2011 13:28:00,285,7,8,1,0,1
10/12/2011 13:29:00,285,7,8,1,0,1
10/12/2011 13:30:00,285,7,8,1,1,1
10/12/2011 13:31:00,285,7,8,1,1,1
10/12/2011 13:32:00,285,7,8,1,1,1
10/12/2011 13:33:00,285,7,8,1,1,1
10/12/2011 13:34:00,285,7,7,1,2,1
10/12/2011 13:35:00,285,7,7,1,2,1
10/12/2011 13:36:00,285,7,7,2,2,1
10/12/2011 13:37:00,285,6,7,2,3,1
10/12/2011 13:38:00,285,6,7,2,2,1
10/12/2011 13:39:00,285,6,7,2,2,1
10/12/2011 13:40:00,285,6,8,2,2,1
10/12/2011 13:41:00,285,7,7,2,1,1
10/12/2011 13:42:00,285,7,6,2,2,1
10/12/2011 13:43:00,285,8,6,2,2,1
10/12/2011 13:44:00,285,7,6,2,2,1
10/12/2011 13:45:00,285,7,7,2,2,1
10/12/2011 13:46:00,285,7,7,1,2,1
10/12/2011 13:47:00,285,7,7,1,2,1
10/12/2011 13:48:00,285,7,7,1,2,1
10/12/2011 13:49:00,285,7,7,1,2,1
10/12/2011 13:50:00,285,7,6,2,2,1
10/12/2011 13:51:00,285,7,6,1,2,1
10/12/2011 13:52:00,285,6,6,2,2,1
10/12/2011 13:53:00,285,6,6,2,2,1
10/12/2011 13:54:00,285,6,6,1,2,1
10/12/2011 13:55:00,285,6,6,1,2,1
10/12/2011 13:56:00,285,6,7,1,2,1
10/12/2011 13:57:00,285,6,7,1,2,1
10/12/2011 13:58:00,285,6,6,1,2,1
10/12/2011 13:59:00,285,6,6,1,2,1
10/12/2011 14:00:00,285,6,6,1,2,1
10/12/2011 14:01:00,285,6,6,1,2,1
10/12/2011 14:02:00,285,6,6,1,2,1
10/12/2011 14:03:00,285,6,6,1,2,1
10/12/2011 14:04:00,285,6,6,2,2,1
10/12/2011 14:05:00,285,6,6,1,2,1
10/12/2011 14:06:00,285,6,5,2,2,1
10/12/2011 14:07:00,285,6,6,2,2,1
10/12/2011 14:08:00,285,6,6,1,2,1
10/12/2011 14:09:00,285,6,6,1,2,1
10/12/2011 14:10:00,285,6,6,1,3,1
10/12/2011 14:11:00,285,6,6,1,3,1
10/12/2011 14:12:00,285,6,6,1,3,1
10/12/2011 14:13:00,285,6,6,2,3,1
10/12/2011 14:14:00,285,7,7,2,3,1
10/12/2011 14:15:00,285,8,7,2,3,1
10/12/2011 14:16:00,285,8,8,2,3,1
10/12/2011 14:17:00,285,8,8,2,3,1
10/12/2011 14:18:00,285,7,7,2,2,1
10/12/2011 14:19:00,285,7,7,2,2,1
10/12/2011 14:20:00,285,7,7,2,3,1
10/12/2011 14:21:00,285,6,9,2,3,1
10/12/2011 14:22:00,285,7,8,2,3,1
10/12/2011 14:23:00,285,7,8,2,3,1
10/12/2011 14:24:00,285,7,8,2,3,1
10/12/2011 14:25:00,285,7,8,2,3,1
10/12/2011 14:26:00,285,8,8,2,3,1
10/12/2011 14:27:00,285,7,9,2,3,1
10/12/2011 14:28:00,285,7,8,2,4,1
10/12/2011 14:29:00,285,7,9,2,4,1
10/12/2011 14:30:00,285,7,9,2,4,1
10/12/2011 14:31:00,285,8,9,2,4,1
10/12/2011 14:32:00,285,8,10,2,4,1
10/12/2011 14:33:00,285,7,11,2,3,1
10/12/2011 14:34:00,285,7,11,2,3,1
10/12/2011 14:35:00,285,8,12,2,4,1
10/12/2011 14:36:00,285,8,11,2,3,1
10/12/2011 14:37:00,285,8,12,2,4,1
10/12/2011 14:38:00,285,7,13,2,4,1
10/12/2011 14:39:00,285,7,12,2,4,1
10/12/2011 14:40:00,285,6,12,2,4,1
10/12/2011 14:41:00,285,6,12,2,3,1
10/12/2011 14:42:00,285,6,13,2,3,1
10/12/2011 14:43:00,285,7,14,2,3,1
10/12/2011 14:44:00,285,7,14,2,3,1
10/12/2011 14:45:00,285,6,14,2,3,1
10/12/2011 14:46:00,285,6,15,2,3,1
10/12/2011 14:47:00,285,7,15,2,3,1
10/12/2011 14:48:00,285,6,15,2,3,1
10/12/2011 14:49:00,285,6,16,2,2,1
10/12/2011 14:50:00,285,6,17,2,3,1
10/12/2011 14:51:00,285,6,15,2,2,1
10/12/2011 14:52:00,285,7,15,2,3,1
10/12/2011 14:53:00,285,7,15,2,3,1
10/12/2011 14:54:00,285,8,15,2,2,1
10/12/2011 14:55:00,285,8,15,2,2,1
10/12/2011 14:56:00,285,8,14,3,3,1
10/12/2011 14:57:00,285,9,14,3,3,1
10/12/2011 14:58:00,285,10,15,3,4,1
10/12/2011 14:59:00,285,10,14,3,3,1
10/12/2011 15:00:00,285,11,14,3,3,1
10/12/2011 15:01:00,285,12,14,3,3,1
10/12/2011 15:02:00,285,11,14,3,3,1
10/12/2011 15:03:00,285,11,15,3,3,1
10/12/2011 15:04:00,285,11,15,3,3,1
10/12/2011 15:05:00,285,10,15,3,2,1
10/12/2011 15:06:00,285,9,14,3,2,1
10/12/2011 15:07:00,285,9,15,3,2,1
10/12/2011 15:08:00,285,9,16,3,3,1
10/12/2011 15:09:00,285,8,15,3,2,1
10/12/2011 15:10:00,285,8,16,3,3,1
10/12/2011 15:11:00,285,8,16,3,3,1
10/12/2011 15:12:00,285,9,16,3,2,1
10/12/2011 15:13:00,285,9,15,3,3,1
10/12/2011 15:14:00,285,9,15,3,2,1
10/12/2011 15:15:00,285,8,16,3,2,1
10/12/2011 15:16:00,285,8,16,3,2,1
10/12/2011 15:17:00,285,8,16,3,2,1
10/12/2011 15:18:00,285,8,16,3,2,1
10/12/2011 15:19:00,285,8,17,3,2,1
10/12/2011 15:20:00,285,8,17,3,2,1
10/12/2011 15:21:00,285,7,16,3,2,1
10/12/2011 15:22:00,285,8,16,3,2,1
10/12/2011 15:23:00,285,7,18,3,2,1
10/12/2011 15:24:00,285,7,18,3,1,1
10/12/2011 15:25:00,285,6,17,3,2,1
10/12/2011 15:26:00,285,6,17,3,2,1
10/12/2011 15:27:00,285,8,18,3,2,1
10/12/2011 15:28:00,285,9,17,3,2,1
10/12/2011 15:29:00,285,9,18,3,1,1
10/12/2011 15:30:00,285,9,18,3,1,1
10/12/2011 15:31:00,285,8,19,3,1,1
10/12/2011 15:32:00,285,7,19,3,1,1
10/12/2011 15:33:00,285,8,19,3,1,1
10/12/2011 15:34:00,285,7,20,3,1,1
10/12/2011 15:35:00,285,8,20,3,1,1
10/12/2011 15:36:00,285,8,20,3,0,1
10/12/2011 15:37:00,285,8,21,3,0,1
10/12/2011 15:38:00,285,8,20,3,0,1
10/12/2011 15:39:00,285,9,20,3,0,1
10/12/2011 15:40:00,285,9,20,3,-1,1
10/12/2011 15:41:00,285,9,21,3,-1,1
10/12/2011 15:42:00,285,9,21,3,0,1
10/12/2011 15:43:00,285,10,21,2,0,1
10/12/2011 15:44:00,285,9,20,2,0,1
10/12/2011 15:45:00,285,9,19,2,0,1
10/12/2011 15:46:00,285,9,19,2,0,1
10/12/2011 15:47:00,285,8,20,2,-1,1
10/12/2011 15:48:00,285,8,20,2,-1,1
10/12/2011 15:49:00,285,10,18,2,0,1
10/12/2011 15:50:00,285,10,19,2,0,1
10/12/2011 15:51:00,285,9,19,2,-1,1
10/12/2011 15:52:00,285,9,19,2,-1,1
10/12/2011 15:53:00,285,9,19,2,0,1
10/12/2011 15:54:00,285,8,19,2,-1,1
10/12/2011 15:55:00,285,8,20,2,0,1
10/12/2011 15:56:00,285,8,19,2,0,1
10/12/2011 15:57:00,285,8,19,2,0,1
10/12/2011 15:58:00,285,8,20,2,0,1
10/12/2011 15:59:00,285,9,20,1,0,1
10/12/2011 16:00:00,285,9,20,1,0,1
10/12/2011 16:01:00,285,9,20,1,-1,1
10/12/2011 16:02:00,285,10,20,1,-1,1
10/12/2011 16:03:00,285,11,21,1,0,1
10/12/2011 16:04:00,285,11,21,1,0,1
10/12/2011 16:05:00,285,11,21,1,0,1
10/12/2011 16:06:00,285,12,21,1,0,1
10/12/2011 16:07:00,285,12,22,1,0,1
10/12/2011 16:08:00,285,13,22,1,0,1
10/12/2011 16:09:00,285,13,22,1,0,1
10/12/2011 16:10:00,285,14,23,1,0,1
10/12/2011 16:11:00,285,14,23,0,0,1
10/12/2011 16:12:00,285,14,22,1,0,1
10/12/2011 16:13:00,285,15,23,1,0,1
10/12/2011 16:14:00,285,14,23,0,0,1
10/12/2011 16:15:00,285,15,23,0,0,1
10/12/2011 16:16:00,285,15,23,0,0,1
10/12/2011 16:17:00,285,15,23,0,0,1
10/12/2011 16:18:00,285,16,23,0,0,1
10/12/2011 16:19:00,285,16,23,0,1,1
10/12/2011 16:20:00,285,17,23,0,0,1
10/12/2011 16:21:00,285,17,22,0,1,1
10/12/2011 16:22:00,285,17,22,0,1,1
10/12/2011 16:23:00,285,18,22,0,1,1
10/12/2011 16:24:00,285,18,23,0,1,1
10/12/2011 16:25:00,285,18,22,0,2,1
10/12/2011 16:26:00,285,18,22,0,2,1
10/12/2011 16:27:00,285,19,22,0,2,1
10/12/2011 16:28:00,285,17,22,0,2,1
10/12/2011 16:29:00,285,18,22,0,2,1
10/12/2011 16:30:00,285,17,23,0,3,1
10/12/2011 16:31:00,285,17,23,0,2,1
10/12/2011 16:32:00,285,17,23,0,3,1
10/12/2011 16:33:00,285,17,23,0,2,1
10/12/2011 16:34:00,285,17,23,0,3,1
10/12/2011 16:35:00,285,17,23,0,2,1
10/12/2011 16:36:00,285,18,22,0,2,1
10/12/2011 16:37:00,285,19,22,0,2,1
10/12/2011 16:38:00,285,19,22,0,2,1
10/12/2011 16:39:00,285,19,22,0,3,1
10/12/2011 16:40:00,285,20,22,0,2,1
10/12/2011 16:41:00,285,20,23,0,3,1
10/12/2011 16:42:00,285,19,22,0,3,1
10/12/2011 16:43:00,285,20,21,0,3,1
10/12/2011 16:44:00,285,21,22,0,3,1
10/12/2011 16:45:00,285,21,22,0,3,1
10/12/2011 16:46:00,285,21,22,0,3,1
10/12/2011 16:47:00,285,22,22,0,3,1
10/12/2011 16:48:00,285,21,22,0,3,1
10/12/2011 16:49:00,285,22,22,0,3,1
10/12/2011 16:50:00,285,22,22,0,3,1
10/12/2011 16:51:00,285,22,22,0,3,1
10/12/2011 16:52:00,285,22,22,0,3,1
10/12/2011 16:53:00,285,22,22,0,3,1
10/12/2011 16:54:00,285,22,22,0,3,1
10/12/2011 16:55:00,285,23,21,0,3,1
10/12/2011 16:56:00,285,23,21,0,3,1
10/12/2011 16:57:00,285,23,21,0,3,1
10/12/2011 16:58:00,285,23,21,0,3,1
10/12/2011 16:59:00,285,24,21,0,2,1
10/12/2011 17:00:00,285,24,22,0,3,1
10/12/2011 17:01:00,285,23,22,0,3,1
10/12/2011 17:02:00,285,24,21,0,3,1
10/12/2011 17:03:00,285,24,21,0,3,1
10/12/2011 17:04:00,285,24,21,0,2,1
10/12/2011 17:05:00,285,24,21,0,3,1
10/12/2011 17:06:00,285,25,21,0,3,1
10/12/2011 17:07:00,285,25,20,0,3,1
10/12/2011 17:08:00,285,26,20,0,3,1
10/12/2011 17:09:00,285,26,20,0,2,1
10/12/2011 17:10:00,285,26,20,0,2,1
10/12/2011 17:11:00,285,26,19,0,2,1
10/12/2011 17:12:00,285,26,19,0,2,1
10/12/2011 17:13:00,285,26,19,0,2,1
10/12/2011 17:14:00,285,26,19,0,2,1
10/12/2011 17:15:00,285,26,19,0,2,1
10/12/2011 17:16:00,285,26,19,0,3,1
10/12/2011 17:17:00,285,26,19,0,3,1
10/12/2011 17:18:00,285,26,19,0,2,1
10/12/2011 17:19:00,285,27,19,0,2,1
10/12/2011 17:20:00,285,27,18,0,2,1
10/12/2011 17:21:00,285,27,17,0,3,1
10/12/2011 17:22:00,285,27,17,0,3,1
10/12/2011 17:23:00,285,27,17,0,3,1
10/12/2011 17:24:00,285,26,18,0,3,1
10/12/2011 17:25:00,285,27,18,0,3,1
10/12/2011 17:26:00,285,26,18,0,3,1
10/12/2011 17:27:00,285,27,18,0,3,1
10/12/2011 17:28:00,285,26,17,0,3,1
10/12/2011 17:29:00,285,26,17,0,3,1
10/12/2011 17:30:00,285,26,17,0,3,1
10/12/2011 17:31:00,285,25,17,1,3,1
10/12/2011 17:32:00,285,26,18,0,3,1
10/12/2011 17:33:00,285,26,19,1,3,1
10/12/2011 17:34:00,285,26,18,0,3,1
10/12/2011 17:35:00,285,26,18,1,3,1
10/12/2011 17:36:00,285,26,18,1,3,1
10/12/2011 17:37:00,285,25,18,1,3,1
10/12/2011 17:38:00,285,26,17,1,3,1
10/12/2011 17:39:00,285,25,17,1,3,1
10/12/2011 17:40:00,285,26,17,1,3,1
10/12/2011 17:41:00,285,26,17,1,3,1
10/12/2011 17:42:00,285,26,17,1,3,1
10/12/2011 17:43:00,285,27,18,0,3,1
10/12/2011 17:44:00,285,27,18,1,3,1
10/12/2011 17:45:00,285,27,18,1,2,1
10/12/2011 17:46:00,285,27,18,1,3,1
10/12/2011 17:47:00,285,26,17,1,2,1
10/12/2011 17:48:00,285,27,17,1,2,1
10/12/2011 17:49:00,285,27,17,1,2,1
10/12/2011 17:50:00,285,27,18,1,3,1
10/12/2011 17:51:00,285,27,18,1,2,1
10/12/2011 17:52:00,285,27,17,1,2,1
10/12/2011 17:53:00,285,27,17,1,2,1
10/12/2011 17:54:00,285,28,17,1,1,1
10/12/2011 17:55:00,285,27,17,1,1,1
10/12/2011 17:56:00,285,27,17,1,1,1
10/12/2011 17:57:00,285,27,17,1,1,1
10/12/2011 17:58:00,285,27,17,1,1,1
10/12/2011 17:59:00,285,27,16,1,2,1
10/12/2011 18:00:00,285,27,16,1,2,1
10/12/2011 18:01:00,285,27,16,1,2,1
10/12/2011 18:02:00,285,27,16,1,2,1
10/12/2011 18:03:00,285,27,16,1,1,1
10/12/2011 18:04:00,285,26,16,1,1,1
10/12/2011 18:05:00,285,26,16,1,1,1
10/12/2011 18:06:00,285,25,16,1,1,1
10/12/2011 18:07:00,285,26,17,1,1,1
10/12/2011 18:08:00,285,25,17,2,2,1
10/12/2011 18:09:00,285,25,16,2,1,1
10/12/2011 18:10:00,285,25,15,1,1,1
10/12/2011 18:11:00,285,25,15,1,1,1
10/12/2011 18:12:00,285,24,15,1,1,1
10/12/2011 18:13:00,285,24,15,2,1,1
10/12/2011 18:14:00,285,24,15,1,1,1
10/12/2011 18:15:00,285,23,15,2,1,1
10/12/2011 18:16:00,285,22,15,2,1,1
10/12/2011 18:17:00,285,23,15,1,1,1
10/12/2011 18:18:00,285,23,15,2,1,1
10/12/2011 18:19:00,285,22,15,1,1,1
10/12/2011 18:20:00,285,22,15,2,1,1
10/12/2011 18:21:00,285,21,15,2,1,1
10/12/2011 18:22:00,285,21,15,2,1,1
10/12/2011 18:23:00,285,20,15,2,1,1
10/12/2011 18:24:00,285,21,14,2,1,1
10/12/2011 18:25:00,285,20,15,2,0,1
10/12/2011 18:26:00,285,20,14,2,0,1
10/12/2011 18:27:00,285,20,14,2,0,1
10/12/2011 18:28:00,285,19,14,2,0,1
10/12/2011 18:29:00,285,19,14,2,0,1
10/12/2011 18:30:00,285,19,14,2,0,1
10/12/2011 18:31:00,285,18,14,2,0,1
10/12/2011 18:32:00,285,18,14,2,0,1
10/12/2011 18:33:00,285,18,14,2,0,1
10/12/2011 18:34:00,285,17,14,2,0,1
10/12/2011 18:35:00,285,17,14,2,0,1
10/12/2011 18:36:00,285,17,14,2,0,1
10/12/2011 18:37:00,285,16,14,2,0,1
10/12/2011 18:38:00,285,16,14,2,-1,1
10/12/2011 18:39:00,285,16,14,2,-1,1
10/12/2011 18:40:00,285,16,13,2,-1,1
10/12/2011 18:41:00,285,16,13,2,-1,1
10/12/2011 18:42:00,285,15,13,2,-1,1
10/12/2011 18:43:00,285,15,13,2,-1,1
10/12/2011 18:44:00,285,15,13,2,-1,1
10/12/2011 18:45:00,285,15,14,1,0,1
10/12/2011 18:46:00,285,14,14,1,-1,1
10/12/2011 18:47:00,285,14,14,1,-1,1
10/12/2011 18:48:00,285,14,14,2,-1,1
10/12/2011 18:49:00,285,14,14,2,-1,1
10/12/2011 18:50:00,285,13,14,2,-1,1
10/12/2011 18:51:00,285,13,14,2,-1,1
10/12/2011 18:52:00,285,13,14,1,-1,1
10/12/2011 18:53:00,285,13,14,2,-1,1
10/12/2011 18:54:00,285,13,13,1,0,1
10/12/2011 18:55:00,285,12,14,1,-1,1
10/12/2011 18:56:00,285,14,13,1,0,1
10/12/2011 18:57:00,285,12,13,1,-1,1
10/12/2011 18:58:00,285,12,13,1,0,1
10/12/2011 18:59:00,285,13,13,1,0,1
10/12/2011 19:00:00,285,12,12,0,1,1
10/12/2011 19:01:00,285,12,12,0,1,1
10/12/2011 19:02:00,285,12,13,0,1,1
10/12/2011 19:03:00,285,13,13,0,1,1
10/12/2011 19:04:00,285,13,13,0,1,1
10/12/2011 19:05:00,285,13,13,0,1,1
10/12/2011 19:06:00,285,13,13,0,1,1
10/12/2011 19:07:00,285,12,13,0,1,1
10/12/2011 19:08:00,285,12,13,0,1,1
10/12/2011 19:09:00,285,11,13,0,0,1
10/12/2011 19:10:00,285,11,13,0,0,1
10/12/2011 19:11:00,285,10,13,0,0,1
10/12/2011 19:12:00,285,10,13,0,0,1
10/12/2011 19:13:00,285,10,11,0,0,1
10/12/2011 19:14:00,285,10,11,0,0,1
10/12/2011 19:15:00,285,10,11,0,0,1
10/12/2011 19:16:00,285,9,11,0,0,1
10/12/2011 19:17:00,285,9,11,-1,0,1
10/12/2011 19:18:00,285,8,11,-1,0,1
10/12/2011 19:19:00,285,8,12,-1,0,1
10/12/2011 19:20:00,285,8,12,-1,0,1
10/12/2011 19:21:00,285,8,12,-1,-1,1
10/12/2011 19:22:00,285,7,12,-1,-1,1
10/12/2011 19:23:00,285,6,12,-1,-1,1
10/12/2011 19:24:00,285,7,11,-1,0,1
10/12/2011 19:25:00,285,7,11,-1,-1,1
10/12/2011 19:26:00,285,7,11,-1,0,1
10/12/2011 19:27:00,285,7,11,-2,-1,1
10/12/2011 19:28:00,285,7,12,-2,0,1
10/12/2011 19:29:00,285,7,11,-2,-1,1
10/12/2011 19:30:00,285,7,12,-2,0,1
10/12/2011 19:31:00,285,7,11,-2,-1,1
10/12/2011 19:32:00,285,7,12,-2,-1,1
10/12/2011 19:33:00,285,8,13,-2,-2,1
10/12/2011 19:34:00,285,8,13,-2,-2,1
10/12/2011 19:35:00,285,8,13,-3,-2,1
10/12/2011 19:36:00,285,8,14,-3,-2,1
10/12/2011 19:37:00,285,8,13,-3,-3,1
10/12/2011 19:38:00,285,9,14,-3,-2,1
10/12/2011 19:39:00,285,9,15,-3,-2,1
10/12/2011 19:40:00,285,9,15,-3,-2,1
10/12/2011 19:41:00,285,9,16,-3,-2,1
10/12/2011 19:42:00,285,9,16,-3,-3,1
10/12/2011 19:43:00,285,9,15,-4,-2,1
10/12/2011 19:44:00,285,9,14,-3,-3,1
10/12/2011 19:45:00,285,8,15,-3,-2,1
10/12/2011 19:46:00,285,8,15,-3,-3,1
10/12/2011 19:47:00,285,9,16,-4,-3,1
10/12/2011 19:48:00,285,9,16,-4,-4,1
10/12/2011 19:49:00,285,9,16,-4,-4,1
10/12/2011 19:50:00,285,9,16,-4,-4,1
10/12/2011 19:51:00,285,10,15,-4,-3,1
10/12/2011 19:52:00,285,10,16,-4,-4,1
10/12/2011 19:53:00,285,10,17,-4,-4,1
10/12/2011 19:54:00,285,10,18,-4,-4,1
10/12/2011 19:55:00,285,11,17,-4,-4,1
10/12/2011 19:56:00,285,11,18,-4,-4,1
10/12/2011 19:57:00,285,12,19,-4,-4,1
10/12/2011 19:58:00,285,12,20,-5,-3,1
10/12/2011 19:59:00,285,12,20,-5,-4,1
10/12/2011 20:00:00,285,13,21,-5,-4,1
10/12/2011 20:01:00,285,13,21,-5,-4,1
10/12/2011 20:02:00,285,14,22,-5,-4,1
10/12/2011 20:03:00,285,13,22,-5,-4,1
10/12/2011 20:04:00,285,14,21,-5,-4,1
10/12/2011 20:05:00,285,14,23,-5,-3,1
10/12/2011 20:06:00,285,15,22,-5,-4,1
10/12/2011 20:07:00,285,15,23,-5,-4,1
10/12/2011 20:08:00,285,15,23,-5,-4,1
10/12/2011 20:09:00,285,15,23,-5,-4,1
10/12/2011 20:10:00,285,15,23,-5,-4,1
10/12/2011 20:11:00,285,16,23,-5,-4,1
10/12/2011 20:12:00,285,16,25,-5,-4,1
10/12/2011 20:13:00,285,16,24,-5,-4,1
10/12/2011 20:14:00,285,16,23,-5,-4,1
10/12/2011 20:15:00,285,17,23,-5,-4,1
10/12/2011 20:16:00,285,17,22,-5,-3,1
10/12/2011 20:17:00,285,17,22,-5,-3,1
10/12/2011 20:18:00,285,17,23,-5,-3,1
10/12/2011 20:19:00,285,18,23,-5,-4,1
10/12/2011 20:20:00,285,18,22,-5,-4,1
10/12/2011 20:21:00,285,19,22,-5,-4,1
10/12/2011 20:22:00,285,18,21,-5,-4,1
10/12/2011 20:23:00,285,20,21,-5,-5,1
10/12/2011 20:24:00,285,20,21,-5,-5,1
10/12/2011 20:25:00,285,21,21,-5,-5,1
10/12/2011 20:26:00,285,21,21,-5,-5,1
10/12/2011 20:27:00,285,21,19,-5,-5,1
10/12/2011 20:28:00,285,21,20,-5,-5,1
10/12/2011 20:29:00,285,21,19,-4,-5,1
10/12/2011 20:30:00,285,22,20,-5,-5,1
10/12/2011 20:31:00,285,21,20,-5,-5,1
10/12/2011 20:32:00,285,22,20,-4,-5,1
10/12/2011 20:33:00,285,22,18,-4,-5,1
10/12/2011 20:34:00,285,22,18,-4,-5,1
10/12/2011 20:35:00,285,22,18,-4,-5,1
10/12/2011 20:36:00,285,23,18,-4,-5,1
10/12/2011 20:37:00,285,22,17,-4,-6,1
10/12/2011 20:38:00,285,23,18,-4,-6,1
10/12/2011 20:39:00,285,24,18,-4,-6,1
10/12/2011 20:40:00,285,24,17,-4,-6,1
10/12/2011 20:41:00,285,24,17,-4,-6,1
10/12/2011 20:42:00,285,24,15,-4,-5,1
10/12/2011 20:43:00,285,23,15,-4,-5,1
10/12/2011 20:44:00,285,24,15,-4,-5,1
10/12/2011 20:45:00,285,23,14,-4,-5,1
10/12/2011 20:46:00,285,23,14,-4,-5,1
10/12/2011 20:47:00,285,24,13,-3,-5,1
10/12/2011 20:48:00,285,24,14,-3,-5,1
10/12/2011 20:49:00,285,23,13,-3,-5,1
10/12/2011 20:50:00,285,24,13,-3,-5,1
10/12/2011 20:51:00,285,24,14,-3,-5,1
10/12/2011 20:52:00,285,24,13,-3,-5,1
10/12/2011 20:53:00,285,24,13,-3,-5,1
10/12/2011 20:54:00,285,24,15,-3,-5,1
10/12/2011 20:55:00,285,24,14,-3,-5,1
10/12/2011 20:56:00,285,24,14,-3,-4,1
10/12/2011 20:57:00,285,24,15,-3,-4,1
10/12/2011 20:58:00,285,24,14,-3,-4,1
10/12/2011 20:59:00,285,23,15,-3,-4,1
10/12/2011 21:00:00,285,23,14,-3,-4,1
10/12/2011 21:01:00,285,24,15,-3,-4,1
10/12/2011 21:02:00,285,24,15,-3,-4,1
10/12/2011 21:03:00,285,23,14,-3,-3,1
10/12/2011 21:04:00,285,23,15,-3,-3,1
10/12/2011 21:05:00,285,23,15,-3,-3,1
10/12/2011 21:06:00,285,23,14,-3,-3,1
10/12/2011 21:07:00,285,23,15,-3,-3,1
10/12/2011 21:08:00,285,22,16,-3,-3,1
10/12/2011 21:09:00,285,23,16,-3,-3,1
10/12/2011 21:10:00,285,23,15,-3,-3,1
10/12/2011 21:11:00,285,22,15,-3,-3,1
10/12/2011 21:12:00,285,23,15,-2,-3,1
10/12/2011 21:13:00,285,22,15,-2,-2,1
10/12/2011 21:14:00,285,21,16,-3,-2,1
10/12/2011 21:15:00,285,22,16,-3,-2,1
10/12/2011 21:16:00,285,22,16,-2,-2,1
10/12/2011 21:17:00,285,21,14,-2,-2,1
10/12/2011 21:18:00,285,21,15,-2,-2,1
10/12/2011 21:19:00,285,21,15,-2,-2,1
10/12/2011 21:20:00,285,20,15,-2,-2,1
10/12/2011 21:21:00,285,21,15,-2,-2,1
10/12/2011 21:22:00,285,21,15,-2,-2,1
10/12/2011 21:23:00,285,21,15,-2,-2,1
10/12/2011 21:24:00,285,21,15,-2,-2,1
10/12/2011 21:25:00,285,20,15,-2,-2,1
10/12/2011 21:26:00,285,20,16,-2,-1,1
10/12/2011 21:27:00,285,19,17,-2,-1,1
10/12/2011 21:28:00,285,19,16,-2,-1,1
10/12/2011 21:29:00,285,18,16,-2,-1,1
10/12/2011 21:30:00,285,18,16,-2,-1,1
10/12/2011 21:31:00,285,17,16,-2,-1,1
10/12/2011 21:32:00,285,17,16,-2,0,1
10/12/2011 21:33:00,285,17,16,-1,-1,1
10/12/2011 21:34:00,285,16,16,-1,0,1
10/12/2011 21:35:00,285,16,16,-1,0,1
10/12/2011 21:36:00,285,16,16,-1,-1,1
10/12/2011 21:37:00,285,16,16,-1,-1,1
10/12/2011 21:38:00,285,16,17,-1,-1,1
10/12/2011 21:39:00,285,16,17,-1,-1,1
10/12/2011 21:40:00,285,16,16,-1,0,1
10/12/2011 21:41:00,285,16,16,-1,0,1
10/12/2011 21:42:00,285,16,17,-1,0,1
10/12/2011 21:43:00,285,16,17,-1,0,1
10/12/2011 21:44:00,285,16,16,-1,0,1
10/12/2011 21:45:00,285,16,16,-1,0,1
10/12/2011 21:46:00,285,16,17,-1,0,1
10/12/2011 21:47:00,285,15,17,-1,1,1
10/12/2011 21:48:00,285,15,16,-1,1,1
10/12/2011 21:49:00,285,16,16,-1,1,1
10/12/2011 21:50:00,285,16,17,-1,1,1
10/12/2011 21:51:00,285,16,17,-1,1,1
10/12/2011 21:52:00,285,16,17,-1,1,1
10/12/2011 21:53:00,285,16,17,-1,1,1
10/12/2011 21:54:00,285,16,16,0,1,1
10/12/2011 21:55:00,285,15,16,0,1,1
10/12/2011 21:56:00,285,15,16,0,1,1
10/12/2011 21:57:00,285,15,16,0,1,1
10/12/2011 21:58:00,285,15,16,0,1,1
10/12/2011 21:59:00,285,15,16,0,2,1
10/12/2011 22:00:00,285,15,16,0,2,1
10/12/2011 22:01:00,285,15,16,0,2,1
10/12/2011 22:02:00,285,15,17,0,2,1
10/12/2011 22:03:00,285,15,17,0,2,1
10/12/2011 22:04:00,285,14,16,0,2,1
10/12/2011 22:05:00,285,14,16,0,2,1
10/12/2011 22:06:00,285,14,17,0,2,1
10/12/2011 22:07:00,285,14,16,1,2,1
10/12/2011 22:08:00,285,15,16,1,2,1
10/12/2011 22:09:00,285,15,16,1,2,1
10/12/2011 22:10:00,285,15,16,1,2,1
10/12/2011 22:11:00,285,15,17,1,2,1
10/12/2011 22:12:00,285,15,16,0,2,1
10/12/2011 22:13:00,285,14,16,1,2,1
10/12/2011 22:14:00,285,14,16,1,2,1
10/12/2011 22:15:00,285,14,17,1,2,1
10/12/2011 22:16:00,285,14,17,1,2,1
10/12/2011 22:17:00,285,13,15,1,2,1
10/12/2011 22:18:00,285,13,15,1,2,1
10/12/2011 22:19:00,285,13,16,1,2,1
10/12/2011 22:20:00,285,13,16,1,2,1
10/12/2011 22:21:00,285,14,16,1,2,1
10/12/2011 22:22:00,285,14,16,1,2,1
10/12/2011 22:23:00,285,14,16,1,2,1
10/12/2011 22:24:00,285,14,16,1,2,1
10/12/2011 22:25:00,285,14,15,1,2,1
10/12/2011 22:26:00,285,14,15,1,2,1
10/12/2011 22:27:00,285,15,16,1,2,1
10/12/2011 22:28:00,285,15,16,1,2,1
10/12/2011 22:29:00,285,14,16,1,2,1
10/12/2011 22:30:00,285,16,16,1,2,1
10/12/2011 22:31:00,285,15,14,1,2,1
10/12/2011 22:32:00,285,15,15,1,3,1
10/12/2011 22:33:00,285,14,15,1,3,1
10/12/2011 22:34:00,285,14,14,1,4,1
10/12/2011 22:35:00,285,14,14,1,3,1
10/12/2011 22:36:00,285,14,14,1,3,1
10/12/2011 22:37:00,285,15,14,1,3,1
10/12/2011 22:38:00,285,15,14,1,3,1
10/12/2011 22:39:00,285,16,14,1,3,1
10/12/2011 22:40:00,285,16,14,1,3,1
10/12/2011 22:41:00,285,16,15,1,3,1
10/12/2011 22:42:00,285,17,15,1,2,1
10/12/2011 22:43:00,285,17,15,1,2,1
10/12/2011 22:44:00,285,18,15,1,3,1
10/12/2011 22:45:00,285,17,14,1,3,1
10/12/2011 22:46:00,285,17,14,1,3,1
10/12/2011 22:47:00,285,17,13,1,3,1
10/12/2011 22:48:00,285,17,14,1,2,1
10/12/2011 22:49:00,285,17,14,1,2,1
10/12/2011 22:50:00,285,17,14,1,2,1
10/12/2011 22:51:00,285,17,13,1,2,1
10/12/2011 22:52:00,285,17,13,1,2,1
10/12/2011 22:53:00,285,18,13,1,2,1
10/12/2011 22:54:00,285,17,13,1,3,1
10/12/2011 22:55:00,285,16,13,1,2,1
10/12/2011 22:56:00,285,15,13,1,3,1
10/12/2011 22:57:00,285,16,12,2,3,1
10/12/2011 22:58:00,285,15,12,2,3,1
10/12/2011 22:59:00,285,16,12,1,3,1
10/12/2011 23:00:00,285,15,12,2,3,1
10/12/2011 23:01:00,285,15,12,2,3,1
10/12/2011 23:02:00,285,15,12,1,3,1
10/12/2011 23:03:00,285,16,12,1,3,1
10/12/2011 23:04:00,285,16,13,1,2,1
10/12/2011 23:05:00,285,16,12,1,2,1
10/12/2011 23:06:00,285,17,12,1,2,1
10/12/2011 23:07:00,285,19,13,1,2,1
10/12/2011 23:08:00,285,19,11,1,2,1
10/12/2011 23:09:00,285,20,11,1,2,1
10/12/2011 23:10:00,285,20,12,1,3,1
10/12/2011 23:11:00,285,19,11,1,3,1
10/12/2011 23:12:00,285,19,11,1,3,1
10/12/2011 23:13:00,285,18,11,1,3,1
10/12/2011 23:14:00,285,18,11,1,3,1
10/12/2011 23:15:00,285,18,11,1,3,1
10/12/2011 23:16:00,285,18,11,1,3,1
10/12/2011 23:17:00,285,18,11,1,3,1
10/12/2011 23:18:00,285,18,11,1,3,1
10/12/2011 23:19:00,285,17,11,2,3,1
10/12/2011 23:20:00,285,18,12,1,3,1
10/12/2011 23:21:00,285,19,11,1,3,1
10/12/2011 23:22:00,285,19,11,1,3,1
10/12/2011 23:23:00,285,17,11,1,3,1
10/12/2011 23:24:00,285,18,11,1,3,1
10/12/2011 23:25:00,285,17,11,1,3,1
10/12/2011 23:26:00,285,18,11,1,3,1
10/12/2011 23:27:00,285,19,11,1,3,1
10/12/2011 23:28:00,285,19,11,1,3,1
10/12/2011 23:29:00,285,18,11,1,3,1
10/12/2011 23:30:00,285,17,11,1,4,1
10/12/2011 23:31:00,285,17,10,1,4,1
10/12/2011 23:32:00,285,18,10,1,4,1
10/12/2011 23:33:00,285,18,10,1,4,1
10/12/2011 23:34:00,285,18,10,1,5,1
10/12/2011 23:35:00,285,18,9,1,4,1
10/12/2011 23:36:00,285,18,10,1,5,1
10/12/2011 23:37:00,285,18,10,1,5,1
10/12/2011 23:38:00,285,20,11,1,5,1
10/12/2011 23:39:00,285,19,10,1,4,1
10/12/2011 23:40:00,285,20,12,1,5,1
10/12/2011 23:41:00,285,20,11,1,5,1
10/12/2011 23:42:00,285,20,10,1,5,1
10/12/2011 23:43:00,285,19,11,1,5,1
10/12/2011 23:44:00,285,19,10,1,4,1
10/12/2011 23:45:00,285,20,9,1,4,1
10/12/2011 23:46:00,285,20,11,1,4,1
10/12/2011 23:47:00,285,21,10,1,4,1
10/12/2011 23:48:00,285,21,10,0,4,1
10/12/2011 23:49:00,285,20,10,0,4,1
10/12/2011 23:50:00,285,19,9,0,4,1
10/12/2011 23:51:00,285,20,10,0,4,1
10/12/2011 23:52:00,285,20,10,0,4,1
10/12/2011 23:53:00,285,20,10,0,4,1
10/12/2011 23:54:00,285,20,10,0,4,1
10/12/2011 23:55:00,285,20,10,0,4,1
10/12/2011 23:56:00,285,19,10,0,4,1
10/12/2011 23:57:00,285,19,10,0,4,1
10/12/2011 23:58:00,285,19,10,0,5,1
10/12/2011 23:59:00,285,18,10,0,5,1
