DateTime,DOY,ASY_D,ASY_H,SYM_D,SYM_H,Location
08/17/2003 00:00:00,229,6,16,-1,8,1
08/17/2003 00:01:00,229,6,16,-1,9,1
08/17/2003 00:02:00,229,7,16,-1,8,1
08/17/2003 00:03:00,229,8,16,-1,8,1
08/17/2003 00:04:00,229,7,16,0,9,1
08/17/2003 00:05:00,229,7,17,0,9,1
08/17/2003 00:06:00,229,8,16,0,9,1
08/17/2003 00:07:00,229,8,17,0,9,1
08/17/2003 00:08:00,229,9,16,0,10,1
08/17/2003 00:09:00,229,9,15,0,10,1
08/17/2003 00:10:00,229,8,15,0,10,1
08/17/2003 00:11:00,229,9,15,0,11,1
08/17/2003 00:12:00,229,9,15,0,10,1
08/17/2003 00:13:00,229,10,15,0,10,1
08/17/2003 00:14:00,229,9,14,1,11,1
08/17/2003 00:15:00,229,10,15,1,11,1
08/17/2003 00:16:00,229,10,15,1,11,1
08/17/2003 00:17:00,229,11,15,1,11,1
08/17/2003 00:18:00,229,10,15,1,11,1
08/17/2003 00:19:00,229,11,14,1,12,1
08/17/2003 00:20:00,229,10,14,1,12,1
08/17/2003 00:21:00,229,11,14,1,12,1
08/17/2003 00:22:00,229,11,14,1,12,1
08/17/2003 00:23:00,229,10,14,2,13,1
08/17/2003 00:24:00,229,11,14,1,13,1
08/17/2003 00:25:00,229,11,14,2,13,1
08/17/2003 00:26:00,229,10,14,2,13,1
08/17/2003 00:27:00,229,11,14,2,13,1
08/17/2003 00:28:00,229,10,13,2,14,1
08/17/2003 00:29:00,229,11,13,2,14,1
08/17/2003 00:30:00,229,11,13,2,14,1
08/17/2003 00:31:00,229,11,12,2,15,1
08/17/2003 00:32:00,229,10,12,2,15,1
08/17/2003 00:33:00,229,11,12,2,15,1
08/17/2003 00:34:00,229,10,11,2,15,1
08/17/2003 00:35:00,229,11,12,2,15,1
08/17/2003 00:36:00,229,11,12,2,15,1
08/17/2003 00:37:00,229,12,12,3,14,1
08/17/2003 00:38:00,229,12,12,3,14,1
08/17/2003 00:39:00,229,12,13,3,14,1
08/17/2003 00:40:00,229,11,12,3,14,1
08/17/2003 00:41:00,229,12,12,3,14,1
08/17/2003 00:42:00,229,12,12,3,14,1
08/17/2003 00:43:00,229,12,12,3,14,1
08/17/2003 00:44:00,229,12,12,3,14,1
08/17/2003 00:45:00,229,12,13,3,14,1
08/17/2003 00:46:00,229,11,13,4,15,1
08/17/2003 00:47:00,229,12,13,4,15,1
08/17/2003 00:48:00,229,11,12,4,15,1
08/17/2003 00:49:00,229,11,12,4,15,1
08/17/2003 00:50:00,229,11,12,4,15,1
08/17/2003 00:51:00,229,11,12,4,15,1
08/17/2003 00:52:00,229,11,12,4,16,1
08/17/2003 00:53:00,229,10,14,4,16,1
08/17/2003 00:54:00,229,11,14,4,16,1
08/17/2003 00:55:00,229,10,14,4,16,1
08/17/2003 00:56:00,229,10,14,4,16,1
08/17/2003 00:57:00,229,11,14,4,17,1
08/17/2003 00:58:00,229,10,14,4,17,1
08/17/2003 00:59:00,229,11,14,4,17,1
08/17/2003 01:00:00,229,12,14,4,17,1
08/17/2003 01:01:00,229,11,14,4,17,1
08/17/2003 01:02:00,229,11,13,4,17,1
08/17/2003 01:03:00,229,11,13,4,17,1
08/17/2003 01:04:00,229,12,13,4,17,1
08/17/2003 01:05:00,229,11,13,4,18,1
08/17/2003 01:06:00,229,12,13,4,18,1
08/17/2003 01:07:00,229,10,13,4,18,1
08/17/2003 01:08:00,229,11,13,4,18,1
08/17/2003 01:09:00,229,11,14,4,19,1
08/17/2003 01:10:00,229,11,14,4,19,1
08/17/2003 01:11:00,229,11,13,4,19,1
08/17/2003 01:12:00,229,11,14,4,19,1
08/17/2003 01:13:00,229,10,14,4,19,1
08/17/2003 01:14:00,229,11,14,4,19,1
08/17/2003 01:15:00,229,11,14,5,20,1
08/17/2003 01:16:00,229,12,14,4,20,1
08/17/2003 01:17:00,229,12,15,4,20,1
08/17/2003 01:18:00,229,13,15,4,20,1
08/17/2003 01:19:00,229,12,15,5,20,1
08/17/2003 01:20:00,229,13,15,4,20,1
08/17/2003 01:21:00,229,12,15,5,20,1
08/17/2003 01:22:00,229,12,15,4,20,1
08/17/2003 01:23:00,229,13,15,4,20,1
08/17/2003 01:24:00,229,12,15,5,21,1
08/17/2003 01:25:00,229,12,14,5,21,1
08/17/2003 01:26:00,229,12,15,5,21,1
08/17/2003 01:27:00,229,13,15,5,21,1
08/17/2003 01:28:00,229,14,15,4,21,1
08/17/2003 01:29:00,229,14,15,4,21,1
08/17/2003 01:30:00,229,13,15,4,21,1
08/17/2003 01:31:00,229,12,15,4,21,1
08/17/2003 01:32:00,229,12,15,4,22,1
08/17/2003 01:33:00,229,13,15,4,22,1
08/17/2003 01:34:00,229,13,15,4,22,1
08/17/2003 01:35:00,229,13,15,4,22,1
08/17/2003 01:36:00,229,13,16,4,22,1
08/17/2003 01:37:00,229,13,16,4,22,1
08/17/2003 01:38:00,229,13,15,4,22,1
08/17/2003 01:39:00,229,13,15,4,22,1
08/17/2003 01:40:00,229,13,15,4,23,1
08/17/2003 01:41:00,229,14,15,4,23,1
08/17/2003 01:42:00,229,13,15,4,23,1
08/17/2003 01:43:00,229,13,15,4,23,1
08/17/2003 01:44:00,229,13,15,4,23,1
08/17/2003 01:45:00,229,13,16,4,23,1
08/17/2003 01:46:00,229,12,16,4,22,1
08/17/2003 01:47:00,229,13,16,4,23,1
08/17/2003 01:48:00,229,13,16,4,23,1
08/17/2003 01:49:00,229,12,15,4,23,1
08/17/2003 01:50:00,229,12,16,4,23,1
08/17/2003 01:51:00,229,12,16,4,23,1
08/17/2003 01:52:00,229,12,16,4,23,1
08/17/2003 01:53:00,229,11,15,4,23,1
08/17/2003 01:54:00,229,11,15,4,23,1
08/17/2003 01:55:00,229,12,15,4,23,1
08/17/2003 01:56:00,229,11,16,4,22,1
08/17/2003 01:57:00,229,11,16,4,22,1
08/17/2003 01:58:00,229,10,15,4,22,1
08/17/2003 01:59:00,229,11,15,4,21,1
08/17/2003 02:00:00,229,10,15,4,21,1
08/17/2003 02:01:00,229,10,15,4,21,1
08/17/2003 02:02:00,229,10,16,4,21,1
08/17/2003 02:03:00,229,10,16,4,21,1
08/17/2003 02:04:00,229,11,15,4,21,1
08/17/2003 02:05:00,229,11,15,4,21,1
08/17/2003 02:06:00,229,10,15,3,20,1
08/17/2003 02:07:00,229,10,15,3,21,1
08/17/2003 02:08:00,229,11,15,4,21,1
08/17/2003 02:09:00,229,10,15,4,21,1
08/17/2003 02:10:00,229,9,15,3,20,1
08/17/2003 02:11:00,229,9,14,3,20,1
08/17/2003 02:12:00,229,10,15,4,20,1
08/17/2003 02:13:00,229,10,15,4,20,1
08/17/2003 02:14:00,229,10,14,3,19,1
08/17/2003 02:15:00,229,9,15,3,19,1
08/17/2003 02:16:00,229,11,15,3,19,1
08/17/2003 02:17:00,229,11,15,3,19,1
08/17/2003 02:18:00,229,10,15,3,19,1
08/17/2003 02:19:00,229,10,15,3,20,1
08/17/2003 02:20:00,229,11,14,3,19,1
08/17/2003 02:21:00,229,11,13,3,19,1
08/17/2003 02:22:00,229,10,15,3,20,1
08/17/2003 02:23:00,229,11,14,3,19,1
08/17/2003 02:24:00,229,12,14,3,19,1
08/17/2003 02:25:00,229,11,14,3,19,1
08/17/2003 02:26:00,229,11,15,3,19,1
08/17/2003 02:27:00,229,11,15,3,19,1
08/17/2003 02:28:00,229,12,14,3,19,1
08/17/2003 02:29:00,229,11,13,3,19,1
08/17/2003 02:30:00,229,10,13,3,19,1
08/17/2003 02:31:00,229,10,14,3,19,1
08/17/2003 02:32:00,229,11,14,3,20,1
08/17/2003 02:33:00,229,11,14,3,20,1
08/17/2003 02:34:00,229,12,14,3,20,1
08/17/2003 02:35:00,229,11,13,3,19,1
08/17/2003 02:36:00,229,11,13,3,19,1
08/17/2003 02:37:00,229,11,13,3,19,1
08/17/2003 02:38:00,229,10,13,3,19,1
08/17/2003 02:39:00,229,10,13,3,20,1
08/17/2003 02:40:00,229,9,12,3,20,1
08/17/2003 02:41:00,229,10,13,3,19,1
08/17/2003 02:42:00,229,11,13,3,20,1
08/17/2003 02:43:00,229,12,13,3,20,1
08/17/2003 02:44:00,229,11,13,3,20,1
08/17/2003 02:45:00,229,11,13,3,20,1
08/17/2003 02:46:00,229,11,12,3,20,1
08/17/2003 02:47:00,229,11,12,3,20,1
08/17/2003 02:48:00,229,12,11,3,20,1
08/17/2003 02:49:00,229,11,12,3,20,1
08/17/2003 02:50:00,229,12,11,2,20,1
08/17/2003 02:51:00,229,11,12,2,20,1
08/17/2003 02:52:00,229,11,12,2,20,1
08/17/2003 02:53:00,229,11,12,2,20,1
08/17/2003 02:54:00,229,11,12,2,20,1
08/17/2003 02:55:00,229,11,13,2,20,1
08/17/2003 02:56:00,229,12,12,2,20,1
08/17/2003 02:57:00,229,12,12,2,20,1
08/17/2003 02:58:00,229,12,13,2,20,1
08/17/2003 02:59:00,229,11,13,2,20,1
08/17/2003 03:00:00,229,11,12,2,19,1
08/17/2003 03:01:00,229,11,12,2,19,1
08/17/2003 03:02:00,229,12,11,2,19,1
08/17/2003 03:03:00,229,12,12,2,19,1
08/17/2003 03:04:00,229,12,12,2,19,1
08/17/2003 03:05:00,229,12,12,2,19,1
08/17/2003 03:06:00,229,12,12,2,19,1
08/17/2003 03:07:00,229,11,12,2,19,1
08/17/2003 03:08:00,229,12,12,2,19,1
08/17/2003 03:09:00,229,11,12,2,19,1
08/17/2003 03:10:00,229,11,12,2,19,1
08/17/2003 03:11:00,229,11,11,2,19,1
08/17/2003 03:12:00,229,11,12,2,18,1
08/17/2003 03:13:00,229,11,11,1,18,1
08/17/2003 03:14:00,229,11,11,2,18,1
08/17/2003 03:15:00,229,10,11,2,17,1
08/17/2003 03:16:00,229,10,12,2,17,1
08/17/2003 03:17:00,229,10,12,2,17,1
08/17/2003 03:18:00,229,9,12,2,17,1
08/17/2003 03:19:00,229,10,12,2,17,1
08/17/2003 03:20:00,229,10,12,1,17,1
08/17/2003 03:21:00,229,10,12,2,17,1
08/17/2003 03:22:00,229,9,12,1,17,1
08/17/2003 03:23:00,229,9,12,2,17,1
08/17/2003 03:24:00,229,9,11,1,16,1
08/17/2003 03:25:00,229,9,12,1,16,1
08/17/2003 03:26:00,229,10,11,1,16,1
08/17/2003 03:27:00,229,9,12,1,16,1
08/17/2003 03:28:00,229,9,12,1,16,1
08/17/2003 03:29:00,229,9,12,1,15,1
08/17/2003 03:30:00,229,9,12,1,15,1
08/17/2003 03:31:00,229,9,12,1,15,1
08/17/2003 03:32:00,229,8,12,1,15,1
08/17/2003 03:33:00,229,9,11,1,15,1
08/17/2003 03:34:00,229,9,11,1,15,1
08/17/2003 03:35:00,229,8,11,1,15,1
08/17/2003 03:36:00,229,8,12,1,15,1
08/17/2003 03:37:00,229,10,12,1,15,1
08/17/2003 03:38:00,229,10,11,1,15,1
08/17/2003 03:39:00,229,10,11,1,15,1
08/17/2003 03:40:00,229,9,11,1,14,1
08/17/2003 03:41:00,229,8,11,1,14,1
08/17/2003 03:42:00,229,8,12,1,15,1
08/17/2003 03:43:00,229,7,12,1,15,1
08/17/2003 03:44:00,229,8,11,1,15,1
08/17/2003 03:45:00,229,8,11,2,15,1
08/17/2003 03:46:00,229,9,10,1,15,1
08/17/2003 03:47:00,229,9,11,1,15,1
08/17/2003 03:48:00,229,10,11,1,15,1
08/17/2003 03:49:00,229,10,9,1,15,1
08/17/2003 03:50:00,229,10,9,1,15,1
08/17/2003 03:51:00,229,10,9,1,15,1
08/17/2003 03:52:00,229,10,10,1,15,1
08/17/2003 03:53:00,229,10,10,1,15,1
08/17/2003 03:54:00,229,10,10,1,15,1
08/17/2003 03:55:00,229,9,10,1,15,1
08/17/2003 03:56:00,229,10,9,1,15,1
08/17/2003 03:57:00,229,10,9,1,15,1
08/17/2003 03:58:00,229,10,10,1,15,1
08/17/2003 03:59:00,229,10,10,1,14,1
08/17/2003 04:00:00,229,10,10,1,14,1
08/17/2003 04:01:00,229,10,10,1,14,1
08/17/2003 04:02:00,229,10,10,1,14,1
08/17/2003 04:03:00,229,10,10,1,14,1
08/17/2003 04:04:00,229,10,10,1,14,1
08/17/2003 04:05:00,229,10,10,1,14,1
08/17/2003 04:06:00,229,10,10,1,14,1
08/17/2003 04:07:00,229,10,10,1,14,1
08/17/2003 04:08:00,229,10,10,1,14,1
08/17/2003 04:09:00,229,11,9,1,15,1
08/17/2003 04:10:00,229,11,9,1,15,1
08/17/2003 04:11:00,229,11,10,1,15,1
08/17/2003 04:12:00,229,11,10,1,15,1
08/17/2003 04:13:00,229,10,10,1,15,1
08/17/2003 04:14:00,229,10,10,1,15,1
08/17/2003 04:15:00,229,10,10,1,15,1
08/17/2003 04:16:00,229,10,10,1,15,1
08/17/2003 04:17:00,229,10,10,1,15,1
08/17/2003 04:18:00,229,10,10,1,14,1
08/17/2003 04:19:00,229,9,10,1,14,1
08/17/2003 04:20:00,229,9,10,1,14,1
08/17/2003 04:21:00,229,9,10,1,14,1
08/17/2003 04:22:00,229,9,10,1,14,1
08/17/2003 04:23:00,229,9,10,1,14,1
08/17/2003 04:24:00,229,10,10,1,15,1
08/17/2003 04:25:00,229,10,10,0,14,1
08/17/2003 04:26:00,229,10,11,1,14,1
08/17/2003 04:27:00,229,11,11,1,14,1
08/17/2003 04:28:00,229,11,11,1,14,1
08/17/2003 04:29:00,229,11,11,0,14,1
08/17/2003 04:30:00,229,11,11,0,14,1
08/17/2003 04:31:00,229,11,11,0,14,1
08/17/2003 04:32:00,229,11,11,0,14,1
08/17/2003 04:33:00,229,10,11,0,14,1
08/17/2003 04:34:00,229,11,11,0,14,1
08/17/2003 04:35:00,229,11,11,0,14,1
08/17/2003 04:36:00,229,11,11,0,14,1
08/17/2003 04:37:00,229,10,11,0,14,1
08/17/2003 04:38:00,229,10,11,0,14,1
08/17/2003 04:39:00,229,11,10,0,14,1
08/17/2003 04:40:00,229,11,11,0,14,1
08/17/2003 04:41:00,229,11,12,0,15,1
08/17/2003 04:42:00,229,11,12,0,15,1
08/17/2003 04:43:00,229,10,12,1,15,1
08/17/2003 04:44:00,229,10,12,0,15,1
08/17/2003 04:45:00,229,10,12,0,14,1
08/17/2003 04:46:00,229,10,12,0,14,1
08/17/2003 04:47:00,229,11,12,0,15,1
08/17/2003 04:48:00,229,10,12,0,15,1
08/17/2003 04:49:00,229,10,11,0,15,1
08/17/2003 04:50:00,229,10,11,0,15,1
08/17/2003 04:51:00,229,9,12,0,15,1
08/17/2003 04:52:00,229,9,12,0,15,1
08/17/2003 04:53:00,229,10,12,0,15,1
08/17/2003 04:54:00,229,10,12,0,15,1
08/17/2003 04:55:00,229,9,12,0,15,1
08/17/2003 04:56:00,229,9,11,0,15,1
08/17/2003 04:57:00,229,9,11,0,15,1
08/17/2003 04:58:00,229,9,11,0,15,1
08/17/2003 04:59:00,229,9,12,0,15,1
08/17/2003 05:00:00,229,8,11,1,15,1
08/17/2003 05:01:00,229,8,11,1,15,1
08/17/2003 05:02:00,229,9,11,0,15,1
08/17/2003 05:03:00,229,8,11,0,15,1
08/17/2003 05:04:00,229,8,10,0,15,1
08/17/2003 05:05:00,229,8,10,0,15,1
08/17/2003 05:06:00,229,8,11,1,15,1
08/17/2003 05:07:00,229,8,11,1,15,1
08/17/2003 05:08:00,229,8,11,1,15,1
08/17/2003 05:09:00,229,8,11,1,15,1
08/17/2003 05:10:00,229,7,11,1,15,1
08/17/2003 05:11:00,229,8,10,1,15,1
08/17/2003 05:12:00,229,7,10,1,15,1
08/17/2003 05:13:00,229,8,10,1,16,1
08/17/2003 05:14:00,229,8,11,1,16,1
08/17/2003 05:15:00,229,8,11,1,16,1
08/17/2003 05:16:00,229,8,10,1,16,1
08/17/2003 05:17:00,229,8,10,1,16,1
08/17/2003 05:18:00,229,8,10,1,16,1
08/17/2003 05:19:00,229,8,10,1,16,1
08/17/2003 05:20:00,229,8,11,1,16,1
08/17/2003 05:21:00,229,8,11,1,16,1
08/17/2003 05:22:00,229,7,11,1,16,1
08/17/2003 05:23:00,229,7,10,1,16,1
08/17/2003 05:24:00,229,8,10,1,16,1
08/17/2003 05:25:00,229,7,10,1,16,1
08/17/2003 05:26:00,229,7,10,1,16,1
08/17/2003 05:27:00,229,8,10,1,16,1
08/17/2003 05:28:00,229,8,10,1,16,1
08/17/2003 05:29:00,229,7,10,1,16,1
08/17/2003 05:30:00,229,7,10,1,16,1
08/17/2003 05:31:00,229,7,10,1,16,1
08/17/2003 05:32:00,229,7,10,1,16,1
08/17/2003 05:33:00,229,7,11,1,16,1
08/17/2003 05:34:00,229,7,10,1,16,1
08/17/2003 05:35:00,229,7,10,1,16,1
08/17/2003 05:36:00,229,7,10,1,16,1
08/17/2003 05:37:00,229,7,10,1,16,1
08/17/2003 05:38:00,229,7,9,1,17,1
08/17/2003 05:39:00,229,7,10,1,17,1
08/17/2003 05:40:00,229,7,10,2,17,1
08/17/2003 05:41:00,229,7,10,1,16,1
08/17/2003 05:42:00,229,7,9,1,17,1
08/17/2003 05:43:00,229,7,9,1,17,1
08/17/2003 05:44:00,229,7,9,1,17,1
08/17/2003 05:45:00,229,7,9,1,17,1
08/17/2003 05:46:00,229,7,10,1,17,1
08/17/2003 05:47:00,229,7,10,1,17,1
08/17/2003 05:48:00,229,7,10,1,17,1
08/17/2003 05:49:00,229,7,10,2,17,1
08/17/2003 05:50:00,229,7,9,2,17,1
08/17/2003 05:51:00,229,7,10,2,17,1
08/17/2003 05:52:00,229,7,9,2,17,1
08/17/2003 05:53:00,229,8,9,2,17,1
08/17/2003 05:54:00,229,8,9,2,17,1
08/17/2003 05:55:00,229,8,9,2,17,1
08/17/2003 05:56:00,229,9,9,2,17,1
08/17/2003 05:57:00,229,8,10,2,17,1
08/17/2003 05:58:00,229,8,10,2,17,1
08/17/2003 05:59:00,229,8,10,2,17,1
08/17/2003 06:00:00,229,8,10,2,17,1
08/17/2003 06:01:00,229,8,9,2,17,1
08/17/2003 06:02:00,229,8,10,2,16,1
08/17/2003 06:03:00,229,8,9,2,16,1
08/17/2003 06:04:00,229,7,9,2,16,1
08/17/2003 06:05:00,229,7,9,2,16,1
08/17/2003 06:06:00,229,7,10,2,16,1
08/17/2003 06:07:00,229,8,10,2,16,1
08/17/2003 06:08:00,229,8,10,2,17,1
08/17/2003 06:09:00,229,8,10,2,17,1
08/17/2003 06:10:00,229,9,10,2,17,1
08/17/2003 06:11:00,229,9,9,2,18,1
08/17/2003 06:12:00,229,9,10,2,17,1
08/17/2003 06:13:00,229,9,10,2,17,1
08/17/2003 06:14:00,229,9,9,2,18,1
08/17/2003 06:15:00,229,9,9,2,18,1
08/17/2003 06:16:00,229,9,9,2,17,1
08/17/2003 06:17:00,229,9,9,2,18,1
08/17/2003 06:18:00,229,10,9,2,18,1
08/17/2003 06:19:00,229,10,10,2,18,1
08/17/2003 06:20:00,229,9,10,2,18,1
08/17/2003 06:21:00,229,9,10,2,18,1
08/17/2003 06:22:00,229,10,10,2,18,1
08/17/2003 06:23:00,229,10,10,2,18,1
08/17/2003 06:24:00,229,9,11,2,17,1
08/17/2003 06:25:00,229,9,11,2,18,1
08/17/2003 06:26:00,229,10,10,2,18,1
08/17/2003 06:27:00,229,10,10,2,18,1
08/17/2003 06:28:00,229,10,11,2,18,1
08/17/2003 06:29:00,229,9,10,2,18,1
08/17/2003 06:30:00,229,9,10,2,18,1
08/17/2003 06:31:00,229,9,10,2,18,1
08/17/2003 06:32:00,229,10,10,2,18,1
08/17/2003 06:33:00,229,10,9,2,18,1
08/17/2003 06:34:00,229,11,10,2,18,1
08/17/2003 06:35:00,229,11,10,2,18,1
08/17/2003 06:36:00,229,10,10,2,18,1
08/17/2003 06:37:00,229,10,11,2,18,1
08/17/2003 06:38:00,229,10,11,2,17,1
08/17/2003 06:39:00,229,9,10,2,17,1
08/17/2003 06:40:00,229,10,10,2,18,1
08/17/2003 06:41:00,229,11,11,2,18,1
08/17/2003 06:42:00,229,11,11,2,18,1
08/17/2003 06:43:00,229,11,12,2,18,1
08/17/2003 06:44:00,229,11,12,2,18,1
08/17/2003 06:45:00,229,11,10,2,18,1
08/17/2003 06:46:00,229,11,11,2,18,1
08/17/2003 06:47:00,229,11,11,2,18,1
08/17/2003 06:48:00,229,11,11,2,18,1
08/17/2003 06:49:00,229,11,11,2,17,1
08/17/2003 06:50:00,229,11,11,2,17,1
08/17/2003 06:51:00,229,11,11,2,17,1
08/17/2003 06:52:00,229,11,11,2,17,1
08/17/2003 06:53:00,229,11,11,2,17,1
08/17/2003 06:54:00,229,11,11,2,17,1
08/17/2003 06:55:00,229,12,11,2,18,1
08/17/2003 06:56:00,229,12,11,2,18,1
08/17/2003 06:57:00,229,12,12,2,17,1
08/17/2003 06:58:00,229,12,12,2,17,1
08/17/2003 06:59:00,229,12,11,2,18,1
08/17/2003 07:00:00,229,12,11,2,18,1
08/17/2003 07:01:00,229,12,11,2,18,1
08/17/2003 07:02:00,229,13,11,2,18,1
08/17/2003 07:03:00,229,13,12,2,18,1
08/17/2003 07:04:00,229,13,11,2,19,1
08/17/2003 07:05:00,229,13,11,2,19,1
08/17/2003 07:06:00,229,14,11,2,19,1
08/17/2003 07:07:00,229,14,11,1,19,1
08/17/2003 07:08:00,229,14,11,2,19,1
08/17/2003 07:09:00,229,14,11,2,19,1
08/17/2003 07:10:00,229,14,11,2,19,1
08/17/2003 07:11:00,229,15,11,2,19,1
08/17/2003 07:12:00,229,15,11,2,19,1
08/17/2003 07:13:00,229,15,13,2,20,1
08/17/2003 07:14:00,229,15,11,2,20,1
08/17/2003 07:15:00,229,15,11,2,20,1
08/17/2003 07:16:00,229,16,12,2,20,1
08/17/2003 07:17:00,229,16,12,2,20,1
08/17/2003 07:18:00,229,16,12,2,20,1
08/17/2003 07:19:00,229,16,12,2,21,1
08/17/2003 07:20:00,229,16,12,2,21,1
08/17/2003 07:21:00,229,16,12,2,20,1
08/17/2003 07:22:00,229,16,12,2,20,1
08/17/2003 07:23:00,229,16,12,2,20,1
08/17/2003 07:24:00,229,16,12,2,21,1
08/17/2003 07:25:00,229,16,12,2,20,1
08/17/2003 07:26:00,229,16,12,2,20,1
08/17/2003 07:27:00,229,15,12,2,20,1
08/17/2003 07:28:00,229,15,12,2,20,1
08/17/2003 07:29:00,229,16,12,2,20,1
08/17/2003 07:30:00,229,17,13,2,21,1
08/17/2003 07:31:00,229,17,13,1,21,1
08/17/2003 07:32:00,229,16,12,2,21,1
08/17/2003 07:33:00,229,17,12,2,21,1
08/17/2003 07:34:00,229,17,12,2,21,1
08/17/2003 07:35:00,229,17,13,2,21,1
08/17/2003 07:36:00,229,17,13,1,21,1
08/17/2003 07:37:00,229,17,13,1,21,1
08/17/2003 07:38:00,229,17,13,2,21,1
08/17/2003 07:39:00,229,17,13,2,21,1
08/17/2003 07:40:00,229,17,13,2,21,1
08/17/2003 07:41:00,229,17,12,2,22,1
08/17/2003 07:42:00,229,18,13,1,21,1
08/17/2003 07:43:00,229,17,13,2,21,1
08/17/2003 07:44:00,229,17,13,1,21,1
08/17/2003 07:45:00,229,17,13,1,22,1
08/17/2003 07:46:00,229,18,13,2,22,1
08/17/2003 07:47:00,229,17,14,2,21,1
08/17/2003 07:48:00,229,17,14,2,21,1
08/17/2003 07:49:00,229,17,14,2,21,1
08/17/2003 07:50:00,229,18,13,2,21,1
08/17/2003 07:51:00,229,17,13,2,21,1
08/17/2003 07:52:00,229,17,14,2,21,1
08/17/2003 07:53:00,229,18,14,2,21,1
08/17/2003 07:54:00,229,18,14,2,21,1
08/17/2003 07:55:00,229,17,15,2,22,1
08/17/2003 07:56:00,229,18,15,2,22,1
08/17/2003 07:57:00,229,18,14,2,22,1
08/17/2003 07:58:00,229,18,14,2,22,1
08/17/2003 07:59:00,229,18,13,2,22,1
08/17/2003 08:00:00,229,18,14,1,22,1
08/17/2003 08:01:00,229,19,15,1,22,1
08/17/2003 08:02:00,229,19,15,2,22,1
08/17/2003 08:03:00,229,19,16,2,22,1
08/17/2003 08:04:00,229,19,15,2,23,1
08/17/2003 08:05:00,229,19,16,2,23,1
08/17/2003 08:06:00,229,20,15,1,23,1
08/17/2003 08:07:00,229,19,14,2,24,1
08/17/2003 08:08:00,229,19,14,2,24,1
08/17/2003 08:09:00,229,19,15,1,23,1
08/17/2003 08:10:00,229,19,15,2,23,1
08/17/2003 08:11:00,229,20,15,2,23,1
08/17/2003 08:12:00,229,20,15,2,23,1
08/17/2003 08:13:00,229,20,15,2,23,1
08/17/2003 08:14:00,229,21,16,2,23,1
08/17/2003 08:15:00,229,21,15,1,23,1
08/17/2003 08:16:00,229,20,14,2,23,1
08/17/2003 08:17:00,229,21,14,2,23,1
08/17/2003 08:18:00,229,21,14,2,23,1
08/17/2003 08:19:00,229,21,15,2,24,1
08/17/2003 08:20:00,229,21,15,2,24,1
08/17/2003 08:21:00,229,21,14,2,23,1
08/17/2003 08:22:00,229,21,15,2,23,1
08/17/2003 08:23:00,229,21,15,2,23,1
08/17/2003 08:24:00,229,21,15,2,23,1
08/17/2003 08:25:00,229,21,15,2,23,1
08/17/2003 08:26:00,229,21,15,2,23,1
08/17/2003 08:27:00,229,22,15,2,23,1
08/17/2003 08:28:00,229,22,14,2,23,1
08/17/2003 08:29:00,229,22,14,2,23,1
08/17/2003 08:30:00,229,22,14,2,23,1
08/17/2003 08:31:00,229,22,14,2,23,1
08/17/2003 08:32:00,229,22,15,2,23,1
08/17/2003 08:33:00,229,22,15,2,23,1
08/17/2003 08:34:00,229,23,15,2,23,1
08/17/2003 08:35:00,229,23,14,2,23,1
08/17/2003 08:36:00,229,23,14,2,23,1
08/17/2003 08:37:00,229,23,14,2,23,1
08/17/2003 08:38:00,229,23,15,2,23,1
08/17/2003 08:39:00,229,23,14,2,24,1
08/17/2003 08:40:00,229,24,14,2,24,1
08/17/2003 08:41:00,229,24,15,2,23,1
08/17/2003 08:42:00,229,24,15,2,23,1
08/17/2003 08:43:00,229,24,15,2,24,1
08/17/2003 08:44:00,229,24,15,2,24,1
08/17/2003 08:45:00,229,24,15,2,23,1
08/17/2003 08:46:00,229,23,15,2,23,1
08/17/2003 08:47:00,229,24,15,2,23,1
08/17/2003 08:48:00,229,24,15,2,23,1
08/17/2003 08:49:00,229,24,15,2,23,1
08/17/2003 08:50:00,229,24,15,2,23,1
08/17/2003 08:51:00,229,24,15,2,23,1
08/17/2003 08:52:00,229,25,15,2,23,1
08/17/2003 08:53:00,229,25,15,2,23,1
08/17/2003 08:54:00,229,25,15,2,23,1
08/17/2003 08:55:00,229,25,15,2,23,1
08/17/2003 08:56:00,229,25,15,2,23,1
08/17/2003 08:57:00,229,25,15,2,23,1
08/17/2003 08:58:00,229,25,15,2,23,1
08/17/2003 08:59:00,229,25,15,2,23,1
08/17/2003 09:00:00,229,26,15,2,23,1
08/17/2003 09:01:00,229,25,15,2,23,1
08/17/2003 09:02:00,229,26,15,2,23,1
08/17/2003 09:03:00,229,26,15,2,23,1
08/17/2003 09:04:00,229,26,14,2,23,1
08/17/2003 09:05:00,229,26,14,2,23,1
08/17/2003 09:06:00,229,26,14,2,23,1
08/17/2003 09:07:00,229,26,15,2,23,1
08/17/2003 09:08:00,229,26,14,2,24,1
08/17/2003 09:09:00,229,26,15,2,24,1
08/17/2003 09:10:00,229,26,16,2,24,1
08/17/2003 09:11:00,229,26,15,2,24,1
08/17/2003 09:12:00,229,26,16,2,24,1
08/17/2003 09:13:00,229,26,16,2,24,1
08/17/2003 09:14:00,229,26,14,2,24,1
08/17/2003 09:15:00,229,26,14,2,24,1
08/17/2003 09:16:00,229,27,14,2,24,1
08/17/2003 09:17:00,229,27,14,2,24,1
08/17/2003 09:18:00,229,27,15,2,24,1
08/17/2003 09:19:00,229,27,15,2,24,1
08/17/2003 09:20:00,229,27,15,2,25,1
08/17/2003 09:21:00,229,26,15,2,25,1
08/17/2003 09:22:00,229,26,15,2,25,1
08/17/2003 09:23:00,229,27,14,2,24,1
08/17/2003 09:24:00,229,27,15,2,24,1
08/17/2003 09:25:00,229,27,15,2,24,1
08/17/2003 09:26:00,229,27,15,2,24,1
08/17/2003 09:27:00,229,27,15,2,24,1
08/17/2003 09:28:00,229,27,15,2,24,1
08/17/2003 09:29:00,229,27,14,2,24,1
08/17/2003 09:30:00,229,27,14,2,23,1
08/17/2003 09:31:00,229,28,14,2,23,1
08/17/2003 09:32:00,229,28,14,2,23,1
08/17/2003 09:33:00,229,29,14,2,23,1
08/17/2003 09:34:00,229,29,14,2,23,1
08/17/2003 09:35:00,229,29,14,2,23,1
08/17/2003 09:36:00,229,29,15,2,23,1
08/17/2003 09:37:00,229,29,15,2,23,1
08/17/2003 09:38:00,229,29,15,2,23,1
08/17/2003 09:39:00,229,28,14,2,23,1
08/17/2003 09:40:00,229,29,15,2,24,1
08/17/2003 09:41:00,229,29,14,2,24,1
08/17/2003 09:42:00,229,28,14,2,24,1
08/17/2003 09:43:00,229,28,14,2,24,1
08/17/2003 09:44:00,229,28,14,1,24,1
08/17/2003 09:45:00,229,28,14,1,24,1
08/17/2003 09:46:00,229,28,14,1,24,1
08/17/2003 09:47:00,229,28,12,1,23,1
08/17/2003 09:48:00,229,28,13,1,23,1
08/17/2003 09:49:00,229,28,13,1,23,1
08/17/2003 09:50:00,229,30,13,1,23,1
08/17/2003 09:51:00,229,30,14,1,22,1
08/17/2003 09:52:00,229,29,14,1,23,1
08/17/2003 09:53:00,229,29,14,1,23,1
08/17/2003 09:54:00,229,29,14,1,23,1
08/17/2003 09:55:00,229,29,14,1,23,1
08/17/2003 09:56:00,229,29,14,1,23,1
08/17/2003 09:57:00,229,28,12,1,23,1
08/17/2003 09:58:00,229,28,12,1,23,1
08/17/2003 09:59:00,229,29,12,1,22,1
08/17/2003 10:00:00,229,29,13,1,22,1
08/17/2003 10:01:00,229,29,13,1,22,1
08/17/2003 10:02:00,229,30,13,1,22,1
08/17/2003 10:03:00,229,29,13,1,22,1
08/17/2003 10:04:00,229,29,13,1,22,1
08/17/2003 10:05:00,229,29,12,1,22,1
08/17/2003 10:06:00,229,29,11,1,22,1
08/17/2003 10:07:00,229,29,12,1,21,1
08/17/2003 10:08:00,229,29,11,1,21,1
08/17/2003 10:09:00,229,30,11,1,21,1
08/17/2003 10:10:00,229,29,11,1,21,1
08/17/2003 10:11:00,229,29,11,1,21,1
08/17/2003 10:12:00,229,28,11,1,21,1
08/17/2003 10:13:00,229,28,12,1,22,1
08/17/2003 10:14:00,229,28,11,1,22,1
08/17/2003 10:15:00,229,27,10,1,22,1
08/17/2003 10:16:00,229,26,10,0,22,1
08/17/2003 10:17:00,229,26,10,0,22,1
08/17/2003 10:18:00,229,26,10,1,21,1
08/17/2003 10:19:00,229,27,10,0,21,1
08/17/2003 10:20:00,229,27,10,0,21,1
08/17/2003 10:21:00,229,26,10,0,21,1
08/17/2003 10:22:00,229,25,10,0,21,1
08/17/2003 10:23:00,229,25,10,0,21,1
08/17/2003 10:24:00,229,25,8,0,21,1
08/17/2003 10:25:00,229,25,9,0,21,1
08/17/2003 10:26:00,229,25,9,0,21,1
08/17/2003 10:27:00,229,25,9,0,21,1
08/17/2003 10:28:00,229,24,9,0,20,1
08/17/2003 10:29:00,229,25,8,0,20,1
08/17/2003 10:30:00,229,25,10,0,20,1
08/17/2003 10:31:00,229,25,10,0,20,1
08/17/2003 10:32:00,229,25,9,0,20,1
08/17/2003 10:33:00,229,24,8,0,21,1
08/17/2003 10:34:00,229,24,8,0,21,1
08/17/2003 10:35:00,229,24,8,0,21,1
08/17/2003 10:36:00,229,23,8,0,21,1
08/17/2003 10:37:00,229,24,8,0,21,1
08/17/2003 10:38:00,229,23,8,0,21,1
08/17/2003 10:39:00,229,23,8,0,20,1
08/17/2003 10:40:00,229,23,8,-1,21,1
08/17/2003 10:41:00,229,23,8,-1,21,1
08/17/2003 10:42:00,229,23,7,-1,21,1
08/17/2003 10:43:00,229,23,7,-1,21,1
08/17/2003 10:44:00,229,23,7,-1,21,1
08/17/2003 10:45:00,229,22,6,-1,21,1
08/17/2003 10:46:00,229,22,7,-1,20,1
08/17/2003 10:47:00,229,22,7,-1,20,1
08/17/2003 10:48:00,229,22,7,-1,20,1
08/17/2003 10:49:00,229,21,7,-1,20,1
08/17/2003 10:50:00,229,21,7,-1,20,1
08/17/2003 10:51:00,229,21,7,-1,20,1
08/17/2003 10:52:00,229,21,7,-1,21,1
08/17/2003 10:53:00,229,21,7,-1,21,1
08/17/2003 10:54:00,229,21,6,-1,21,1
08/17/2003 10:55:00,229,21,7,-1,21,1
08/17/2003 10:56:00,229,21,7,-1,21,1
08/17/2003 10:57:00,229,21,7,-1,21,1
08/17/2003 10:58:00,229,21,7,-1,22,1
08/17/2003 10:59:00,229,20,7,-1,22,1
08/17/2003 11:00:00,229,20,7,-1,22,1
08/17/2003 11:01:00,229,19,7,-1,22,1
08/17/2003 11:02:00,229,19,7,-1,22,1
08/17/2003 11:03:00,229,19,7,-1,22,1
08/17/2003 11:04:00,229,19,6,-1,22,1
08/17/2003 11:05:00,229,19,6,-1,21,1
08/17/2003 11:06:00,229,20,6,-1,22,1
08/17/2003 11:07:00,229,20,6,-1,22,1
08/17/2003 11:08:00,229,19,6,-1,22,1
08/17/2003 11:09:00,229,19,6,-1,22,1
08/17/2003 11:10:00,229,19,6,-1,22,1
08/17/2003 11:11:00,229,18,6,-1,22,1
08/17/2003 11:12:00,229,18,6,-1,22,1
08/17/2003 11:13:00,229,18,6,-1,22,1
08/17/2003 11:14:00,229,18,6,-1,22,1
08/17/2003 11:15:00,229,18,7,-1,22,1
08/17/2003 11:16:00,229,17,7,-1,22,1
08/17/2003 11:17:00,229,17,6,-1,22,1
08/17/2003 11:18:00,229,17,6,-1,22,1
08/17/2003 11:19:00,229,17,8,-1,22,1
08/17/2003 11:20:00,229,17,7,-1,22,1
08/17/2003 11:21:00,229,17,8,-1,22,1
08/17/2003 11:22:00,229,17,7,-1,22,1
08/17/2003 11:23:00,229,17,7,-1,22,1
08/17/2003 11:24:00,229,17,8,-1,22,1
08/17/2003 11:25:00,229,17,8,-1,23,1
08/17/2003 11:26:00,229,16,8,-1,23,1
08/17/2003 11:27:00,229,16,7,-1,22,1
08/17/2003 11:28:00,229,16,8,-1,23,1
08/17/2003 11:29:00,229,16,8,-1,23,1
08/17/2003 11:30:00,229,15,9,-1,22,1
08/17/2003 11:31:00,229,15,8,-1,21,1
08/17/2003 11:32:00,229,16,9,-1,21,1
08/17/2003 11:33:00,229,16,9,-1,21,1
08/17/2003 11:34:00,229,16,9,-1,21,1
08/17/2003 11:35:00,229,15,9,-1,21,1
08/17/2003 11:36:00,229,15,9,-1,21,1
08/17/2003 11:37:00,229,15,10,-1,21,1
08/17/2003 11:38:00,229,14,10,-1,21,1
08/17/2003 11:39:00,229,14,9,-1,21,1
08/17/2003 11:40:00,229,14,9,-1,20,1
08/17/2003 11:41:00,229,14,10,-1,21,1
08/17/2003 11:42:00,229,13,11,-1,20,1
08/17/2003 11:43:00,229,13,10,0,20,1
08/17/2003 11:44:00,229,14,10,0,20,1
08/17/2003 11:45:00,229,13,11,0,20,1
08/17/2003 11:46:00,229,13,10,0,20,1
08/17/2003 11:47:00,229,13,10,0,20,1
08/17/2003 11:48:00,229,13,10,0,20,1
08/17/2003 11:49:00,229,13,9,0,20,1
08/17/2003 11:50:00,229,13,10,0,20,1
08/17/2003 11:51:00,229,12,10,0,20,1
08/17/2003 11:52:00,229,12,10,0,20,1
08/17/2003 11:53:00,229,12,10,0,20,1
08/17/2003 11:54:00,229,12,10,0,20,1
08/17/2003 11:55:00,229,12,10,0,20,1
08/17/2003 11:56:00,229,12,10,0,20,1
08/17/2003 11:57:00,229,11,10,0,20,1
08/17/2003 11:58:00,229,12,10,0,20,1
08/17/2003 11:59:00,229,11,11,0,20,1
08/17/2003 12:00:00,229,11,11,0,20,1
08/17/2003 12:01:00,229,11,11,0,20,1
08/17/2003 12:02:00,229,10,10,0,20,1
08/17/2003 12:03:00,229,10,10,0,20,1
08/17/2003 12:04:00,229,10,11,0,20,1
08/17/2003 12:05:00,229,10,11,0,19,1
08/17/2003 12:06:00,229,10,10,0,19,1
08/17/2003 12:07:00,229,10,10,0,19,1
08/17/2003 12:08:00,229,10,11,0,20,1
08/17/2003 12:09:00,229,10,11,0,20,1
08/17/2003 12:10:00,229,10,11,0,20,1
08/17/2003 12:11:00,229,10,11,0,20,1
08/17/2003 12:12:00,229,10,10,0,20,1
08/17/2003 12:13:00,229,10,11,0,20,1
08/17/2003 12:14:00,229,10,11,0,19,1
08/17/2003 12:15:00,229,9,11,0,19,1
08/17/2003 12:16:00,229,9,10,0,19,1
08/17/2003 12:17:00,229,9,11,0,19,1
08/17/2003 12:18:00,229,9,11,0,19,1
08/17/2003 12:19:00,229,9,11,0,20,1
08/17/2003 12:20:00,229,9,10,0,19,1
08/17/2003 12:21:00,229,9,10,0,19,1
08/17/2003 12:22:00,229,9,11,0,20,1
08/17/2003 12:23:00,229,9,11,0,20,1
08/17/2003 12:24:00,229,9,11,0,20,1
08/17/2003 12:25:00,229,9,11,0,20,1
08/17/2003 12:26:00,229,10,12,0,20,1
08/17/2003 12:27:00,229,10,12,0,20,1
08/17/2003 12:28:00,229,10,12,0,20,1
08/17/2003 12:29:00,229,11,11,0,21,1
08/17/2003 12:30:00,229,10,10,0,21,1
08/17/2003 12:31:00,229,11,11,0,21,1
08/17/2003 12:32:00,229,11,11,0,21,1
08/17/2003 12:33:00,229,11,10,0,21,1
08/17/2003 12:34:00,229,10,10,0,21,1
08/17/2003 12:35:00,229,10,10,0,22,1
08/17/2003 12:36:00,229,10,11,0,22,1
08/17/2003 12:37:00,229,10,11,0,22,1
08/17/2003 12:38:00,229,10,11,0,22,1
08/17/2003 12:39:00,229,10,11,0,22,1
08/17/2003 12:40:00,229,10,12,0,22,1
08/17/2003 12:41:00,229,11,12,0,23,1
08/17/2003 12:42:00,229,11,11,0,23,1
08/17/2003 12:43:00,229,10,11,0,23,1
08/17/2003 12:44:00,229,11,10,0,24,1
08/17/2003 12:45:00,229,11,11,0,24,1
08/17/2003 12:46:00,229,11,11,0,24,1
08/17/2003 12:47:00,229,10,11,0,24,1
08/17/2003 12:48:00,229,11,10,0,24,1
08/17/2003 12:49:00,229,10,10,0,24,1
08/17/2003 12:50:00,229,10,12,0,24,1
08/17/2003 12:51:00,229,9,12,-1,24,1
08/17/2003 12:52:00,229,9,12,-1,24,1
08/17/2003 12:53:00,229,10,12,0,24,1
08/17/2003 12:54:00,229,10,12,0,24,1
08/17/2003 12:55:00,229,10,12,0,24,1
08/17/2003 12:56:00,229,10,11,0,24,1
08/17/2003 12:57:00,229,10,11,0,24,1
08/17/2003 12:58:00,229,10,11,0,24,1
08/17/2003 12:59:00,229,10,11,0,24,1
08/17/2003 13:00:00,229,11,11,0,24,1
08/17/2003 13:01:00,229,11,12,0,24,1
08/17/2003 13:02:00,229,11,12,0,25,1
08/17/2003 13:03:00,229,11,11,0,24,1
08/17/2003 13:04:00,229,10,12,0,24,1
08/17/2003 13:05:00,229,11,12,0,24,1
08/17/2003 13:06:00,229,11,13,0,24,1
08/17/2003 13:07:00,229,11,12,-1,23,1
08/17/2003 13:08:00,229,10,13,-1,23,1
08/17/2003 13:09:00,229,9,13,-1,23,1
08/17/2003 13:10:00,229,10,12,-1,23,1
08/17/2003 13:11:00,229,9,12,-1,23,1
08/17/2003 13:12:00,229,10,14,-1,24,1
08/17/2003 13:13:00,229,10,13,-1,23,1
08/17/2003 13:14:00,229,9,14,-1,24,1
08/17/2003 13:15:00,229,9,13,-1,24,1
08/17/2003 13:16:00,229,10,13,-1,24,1
08/17/2003 13:17:00,229,10,13,-1,24,1
08/17/2003 13:18:00,229,11,12,-1,24,1
08/17/2003 13:19:00,229,10,13,-1,24,1
08/17/2003 13:20:00,229,12,13,-1,24,1
08/17/2003 13:21:00,229,11,14,-1,23,1
08/17/2003 13:22:00,229,11,14,-1,23,1
08/17/2003 13:23:00,229,11,14,-1,24,1
08/17/2003 13:24:00,229,11,14,-1,23,1
08/17/2003 13:25:00,229,11,14,-1,23,1
08/17/2003 13:26:00,229,12,15,-1,24,1
08/17/2003 13:27:00,229,11,15,-1,24,1
08/17/2003 13:28:00,229,11,15,-1,24,1
08/17/2003 13:29:00,229,11,15,-1,24,1
08/17/2003 13:30:00,229,11,15,-1,24,1
08/17/2003 13:31:00,229,11,14,-1,25,1
08/17/2003 13:32:00,229,11,14,-1,25,1
08/17/2003 13:33:00,229,11,14,-1,25,1
08/17/2003 13:34:00,229,11,14,-1,25,1
08/17/2003 13:35:00,229,11,15,0,25,1
08/17/2003 13:36:00,229,12,15,0,25,1
08/17/2003 13:37:00,229,11,15,-1,25,1
08/17/2003 13:38:00,229,11,16,-1,25,1
08/17/2003 13:39:00,229,10,16,-1,25,1
08/17/2003 13:40:00,229,11,15,-1,25,1
08/17/2003 13:41:00,229,11,15,-1,25,1
08/17/2003 13:42:00,229,11,15,-1,25,1
08/17/2003 13:43:00,229,11,15,-1,25,1
08/17/2003 13:44:00,229,11,16,-1,25,1
08/17/2003 13:45:00,229,12,15,-1,26,1
08/17/2003 13:46:00,229,13,16,-1,26,1
08/17/2003 13:47:00,229,12,15,-1,27,1
08/17/2003 13:48:00,229,12,14,-1,28,1
08/17/2003 13:49:00,229,11,15,-1,28,1
08/17/2003 13:50:00,229,12,14,-1,29,1
08/17/2003 13:51:00,229,13,14,0,29,1
08/17/2003 13:52:00,229,13,14,0,29,1
08/17/2003 13:53:00,229,15,14,0,29,1
08/17/2003 13:54:00,229,15,14,0,29,1
08/17/2003 13:55:00,229,15,15,0,29,1
08/17/2003 13:56:00,229,16,16,0,29,1
08/17/2003 13:57:00,229,17,17,-1,29,1
08/17/2003 13:58:00,229,17,18,-1,30,1
08/17/2003 13:59:00,229,18,17,0,30,1
08/17/2003 14:00:00,229,17,16,0,31,1
08/17/2003 14:01:00,229,18,16,0,31,1
08/17/2003 14:02:00,229,19,16,0,31,1
08/17/2003 14:03:00,229,19,16,0,32,1
08/17/2003 14:04:00,229,18,16,0,32,1
08/17/2003 14:05:00,229,18,15,0,32,1
08/17/2003 14:06:00,229,19,15,0,32,1
08/17/2003 14:07:00,229,18,15,0,31,1
08/17/2003 14:08:00,229,18,15,0,31,1
08/17/2003 14:09:00,229,18,15,0,31,1
08/17/2003 14:10:00,229,18,16,0,31,1
08/17/2003 14:11:00,229,18,17,0,31,1
08/17/2003 14:12:00,229,18,16,0,30,1
08/17/2003 14:13:00,229,17,17,0,30,1
08/17/2003 14:14:00,229,18,17,0,30,1
08/17/2003 14:15:00,229,18,17,0,30,1
08/17/2003 14:16:00,229,17,18,0,29,1
08/17/2003 14:17:00,229,18,18,0,30,1
08/17/2003 14:18:00,229,17,18,0,30,1
08/17/2003 14:19:00,229,18,18,0,30,1
08/17/2003 14:20:00,229,17,18,0,30,1
08/17/2003 14:21:00,229,18,18,0,30,1
08/17/2003 14:22:00,229,30,29,-3,38,1
08/17/2003 14:23:00,229,23,24,1,50,1
08/17/2003 14:24:00,229,30,15,4,59,1
08/17/2003 14:25:00,229,42,27,6,60,1
08/17/2003 14:26:00,229,46,39,7,52,1
08/17/2003 14:27:00,229,34,27,4,46,1
08/17/2003 14:28:00,229,28,25,2,43,1
08/17/2003 14:29:00,229,30,22,2,44,1
08/17/2003 14:30:00,229,29,23,2,44,1
08/17/2003 14:31:00,229,27,19,1,47,1
08/17/2003 14:32:00,229,26,22,2,48,1
08/17/2003 14:33:00,229,29,21,2,47,1
08/17/2003 14:34:00,229,30,17,2,47,1
08/17/2003 14:35:00,229,29,19,2,47,1
08/17/2003 14:36:00,229,29,19,2,47,1
08/17/2003 14:37:00,229,29,18,1,47,1
08/17/2003 14:38:00,229,29,18,2,48,1
08/17/2003 14:39:00,229,30,18,2,48,1
08/17/2003 14:40:00,229,31,18,2,49,1
08/17/2003 14:41:00,229,33,18,2,49,1
08/17/2003 14:42:00,229,32,19,2,49,1
08/17/2003 14:43:00,229,34,20,2,49,1
08/17/2003 14:44:00,229,34,20,2,50,1
08/17/2003 14:45:00,229,35,20,2,51,1
08/17/2003 14:46:00,229,35,18,3,52,1
08/17/2003 14:47:00,229,34,18,3,52,1
08/17/2003 14:48:00,229,35,18,3,51,1
08/17/2003 14:49:00,229,34,18,3,52,1
08/17/2003 14:50:00,229,33,19,3,52,1
08/17/2003 14:51:00,229,33,20,3,52,1
08/17/2003 14:52:00,229,32,19,3,52,1
08/17/2003 14:53:00,229,32,20,3,51,1
08/17/2003 14:54:00,229,31,19,3,50,1
08/17/2003 14:55:00,229,31,18,3,50,1
08/17/2003 14:56:00,229,31,18,2,49,1
08/17/2003 14:57:00,229,30,18,2,49,1
08/17/2003 14:58:00,229,30,16,2,49,1
08/17/2003 14:59:00,229,31,18,3,50,1
08/17/2003 15:00:00,229,31,17,3,50,1
08/17/2003 15:01:00,229,31,16,3,50,1
08/17/2003 15:02:00,229,30,17,3,51,1
08/17/2003 15:03:00,229,31,16,3,51,1
08/17/2003 15:04:00,229,30,17,3,51,1
08/17/2003 15:05:00,229,30,17,3,51,1
08/17/2003 15:06:00,229,29,16,3,51,1
08/17/2003 15:07:00,229,32,17,3,51,1
08/17/2003 15:08:00,229,31,17,3,52,1
08/17/2003 15:09:00,229,31,17,3,52,1
08/17/2003 15:10:00,229,30,21,3,50,1
08/17/2003 15:11:00,229,30,16,3,49,1
08/17/2003 15:12:00,229,30,17,3,48,1
08/17/2003 15:13:00,229,28,20,3,46,1
08/17/2003 15:14:00,229,27,16,3,43,1
08/17/2003 15:15:00,229,24,22,2,42,1
08/17/2003 15:16:00,229,26,24,2,41,1
08/17/2003 15:17:00,229,24,22,2,40,1
08/17/2003 15:18:00,229,22,22,1,39,1
08/17/2003 15:19:00,229,22,25,2,39,1
08/17/2003 15:20:00,229,23,23,1,39,1
08/17/2003 15:21:00,229,23,22,1,38,1
08/17/2003 15:22:00,229,23,22,1,38,1
08/17/2003 15:23:00,229,23,22,1,38,1
08/17/2003 15:24:00,229,22,23,1,38,1
08/17/2003 15:25:00,229,23,24,1,38,1
08/17/2003 15:26:00,229,23,22,2,39,1
08/17/2003 15:27:00,229,22,24,2,40,1
08/17/2003 15:28:00,229,24,20,2,41,1
08/17/2003 15:29:00,229,23,18,3,42,1
08/17/2003 15:30:00,229,23,17,3,42,1
08/17/2003 15:31:00,229,24,17,3,42,1
08/17/2003 15:32:00,229,24,17,3,42,1
08/17/2003 15:33:00,229,23,17,3,40,1
08/17/2003 15:34:00,229,22,18,2,40,1
08/17/2003 15:35:00,229,24,20,2,41,1
08/17/2003 15:36:00,229,24,19,3,41,1
08/17/2003 15:37:00,229,22,18,3,40,1
08/17/2003 15:38:00,229,22,20,2,40,1
08/17/2003 15:39:00,229,23,21,2,41,1
08/17/2003 15:40:00,229,24,21,3,42,1
08/17/2003 15:41:00,229,24,18,3,42,1
08/17/2003 15:42:00,229,24,20,3,42,1
08/17/2003 15:43:00,229,23,20,3,42,1
08/17/2003 15:44:00,229,25,19,3,42,1
08/17/2003 15:45:00,229,23,19,3,41,1
08/17/2003 15:46:00,229,22,19,3,40,1
08/17/2003 15:47:00,229,23,21,3,39,1
08/17/2003 15:48:00,229,23,22,3,39,1
08/17/2003 15:49:00,229,22,22,3,39,1
08/17/2003 15:50:00,229,21,21,3,40,1
08/17/2003 15:51:00,229,21,21,3,39,1
08/17/2003 15:52:00,229,19,22,3,39,1
08/17/2003 15:53:00,229,20,23,3,39,1
08/17/2003 15:54:00,229,20,22,3,39,1
08/17/2003 15:55:00,229,20,22,3,39,1
08/17/2003 15:56:00,229,20,22,3,39,1
08/17/2003 15:57:00,229,20,21,3,39,1
08/17/2003 15:58:00,229,20,20,3,39,1
08/17/2003 15:59:00,229,19,21,3,39,1
08/17/2003 16:00:00,229,20,20,3,39,1
08/17/2003 16:01:00,229,19,21,3,38,1
08/17/2003 16:02:00,229,19,23,3,38,1
08/17/2003 16:03:00,229,19,21,3,38,1
08/17/2003 16:04:00,229,18,23,3,38,1
08/17/2003 16:05:00,229,18,22,3,38,1
08/17/2003 16:06:00,229,17,23,3,38,1
08/17/2003 16:07:00,229,16,24,3,38,1
08/17/2003 16:08:00,229,15,23,3,38,1
08/17/2003 16:09:00,229,16,23,3,38,1
08/17/2003 16:10:00,229,16,24,3,38,1
08/17/2003 16:11:00,229,16,24,3,39,1
08/17/2003 16:12:00,229,16,24,3,39,1
08/17/2003 16:13:00,229,16,23,3,38,1
08/17/2003 16:14:00,229,15,22,3,38,1
08/17/2003 16:15:00,229,15,22,3,38,1
08/17/2003 16:16:00,229,15,23,3,38,1
08/17/2003 16:17:00,229,15,23,4,38,1
08/17/2003 16:18:00,229,14,22,4,38,1
08/17/2003 16:19:00,229,14,23,4,38,1
08/17/2003 16:20:00,229,14,23,4,37,1
08/17/2003 16:21:00,229,15,22,4,37,1
08/17/2003 16:22:00,229,15,23,4,37,1
08/17/2003 16:23:00,229,16,24,4,37,1
08/17/2003 16:24:00,229,15,25,4,36,1
08/17/2003 16:25:00,229,16,27,4,36,1
08/17/2003 16:26:00,229,17,26,4,36,1
08/17/2003 16:27:00,229,18,28,4,37,1
08/17/2003 16:28:00,229,17,26,4,37,1
08/17/2003 16:29:00,229,17,26,4,37,1
08/17/2003 16:30:00,229,19,26,4,37,1
08/17/2003 16:31:00,229,20,26,5,38,1
08/17/2003 16:32:00,229,21,25,5,38,1
08/17/2003 16:33:00,229,23,25,5,39,1
08/17/2003 16:34:00,229,21,22,6,40,1
08/17/2003 16:35:00,229,22,21,6,40,1
08/17/2003 16:36:00,229,23,20,6,40,1
08/17/2003 16:37:00,229,24,20,6,39,1
08/17/2003 16:38:00,229,26,21,6,39,1
08/17/2003 16:39:00,229,26,21,6,39,1
08/17/2003 16:40:00,229,27,21,6,40,1
08/17/2003 16:41:00,229,27,20,6,40,1
08/17/2003 16:42:00,229,27,20,6,40,1
08/17/2003 16:43:00,229,25,19,6,40,1
08/17/2003 16:44:00,229,25,18,6,39,1
08/17/2003 16:45:00,229,25,19,6,39,1
08/17/2003 16:46:00,229,24,17,6,39,1
08/17/2003 16:47:00,229,24,18,6,39,1
08/17/2003 16:48:00,229,22,16,6,38,1
08/17/2003 16:49:00,229,23,19,6,37,1
08/17/2003 16:50:00,229,22,20,6,37,1
08/17/2003 16:51:00,229,21,19,6,38,1
08/17/2003 16:52:00,229,21,21,6,38,1
08/17/2003 16:53:00,229,20,19,6,38,1
08/17/2003 16:54:00,229,33,22,8,39,1
08/17/2003 16:55:00,229,29,21,8,40,1
08/17/2003 16:56:00,229,28,20,9,40,1
08/17/2003 16:57:00,229,28,21,9,40,1
08/17/2003 16:58:00,229,28,22,9,39,1
08/17/2003 16:59:00,229,27,25,9,39,1
08/17/2003 17:00:00,229,27,26,9,39,1
08/17/2003 17:01:00,229,29,27,9,40,1
08/17/2003 17:02:00,229,29,29,9,40,1
08/17/2003 17:03:00,229,30,29,9,40,1
08/17/2003 17:04:00,229,28,30,9,40,1
08/17/2003 17:05:00,229,28,32,9,40,1
08/17/2003 17:06:00,229,30,34,9,40,1
08/17/2003 17:07:00,229,32,36,9,41,1
08/17/2003 17:08:00,229,36,39,9,40,1
08/17/2003 17:09:00,229,37,41,9,40,1
08/17/2003 17:10:00,229,40,46,9,37,1
08/17/2003 17:11:00,229,43,49,9,38,1
08/17/2003 17:12:00,229,45,52,9,36,1
08/17/2003 17:13:00,229,45,55,9,36,1
08/17/2003 17:14:00,229,46,55,9,36,1
08/17/2003 17:15:00,229,46,54,9,36,1
08/17/2003 17:16:00,229,45,52,9,37,1
08/17/2003 17:17:00,229,39,49,9,37,1
08/17/2003 17:18:00,229,41,50,9,36,1
08/17/2003 17:19:00,229,43,51,9,35,1
08/17/2003 17:20:00,229,46,51,9,34,1
08/17/2003 17:21:00,229,43,49,9,34,1
08/17/2003 17:22:00,229,43,48,9,33,1
08/17/2003 17:23:00,229,44,48,8,31,1
08/17/2003 17:24:00,229,46,49,8,31,1
08/17/2003 17:25:00,229,47,49,8,33,1
08/17/2003 17:26:00,229,45,46,8,34,1
08/17/2003 17:27:00,229,42,48,8,37,1
08/17/2003 17:28:00,229,42,49,8,40,1
08/17/2003 17:29:00,229,41,46,8,39,1
08/17/2003 17:30:00,229,41,48,8,40,1
08/17/2003 17:31:00,229,42,49,7,39,1
08/17/2003 17:32:00,229,43,50,7,40,1
08/17/2003 17:33:00,229,43,51,7,40,1
08/17/2003 17:34:00,229,42,52,7,40,1
08/17/2003 17:35:00,229,41,53,7,41,1
08/17/2003 17:36:00,229,40,52,7,42,1
08/17/2003 17:37:00,229,39,54,6,43,1
08/17/2003 17:38:00,229,38,54,7,45,1
08/17/2003 17:39:00,229,36,53,7,46,1
08/17/2003 17:40:00,229,36,54,7,46,1
08/17/2003 17:41:00,229,34,53,7,47,1
08/17/2003 17:42:00,229,35,52,7,47,1
08/17/2003 17:43:00,229,35,52,7,46,1
08/17/2003 17:44:00,229,32,50,7,46,1
08/17/2003 17:45:00,229,31,51,7,44,1
08/17/2003 17:46:00,229,33,52,6,44,1
08/17/2003 17:47:00,229,31,50,7,43,1
08/17/2003 17:48:00,229,31,49,7,43,1
08/17/2003 17:49:00,229,31,48,7,44,1
08/17/2003 17:50:00,229,30,47,6,42,1
08/17/2003 17:51:00,229,31,49,6,43,1
08/17/2003 17:52:00,229,31,49,7,45,1
08/17/2003 17:53:00,229,27,46,7,45,1
08/17/2003 17:54:00,229,26,46,6,43,1
08/17/2003 17:55:00,229,30,49,6,41,1
08/17/2003 17:56:00,229,32,50,6,41,1
08/17/2003 17:57:00,229,33,48,6,39,1
08/17/2003 17:58:00,229,33,49,6,41,1
08/17/2003 17:59:00,229,30,50,7,43,1
08/17/2003 18:00:00,229,30,49,7,44,1
08/17/2003 18:01:00,229,27,49,7,45,1
08/17/2003 18:02:00,229,28,48,7,45,1
08/17/2003 18:03:00,229,25,46,7,45,1
08/17/2003 18:04:00,229,24,47,7,45,1
08/17/2003 18:05:00,229,25,47,7,45,1
08/17/2003 18:06:00,229,25,47,7,44,1
08/17/2003 18:07:00,229,26,48,7,43,1
08/17/2003 18:08:00,229,26,49,7,43,1
08/17/2003 18:09:00,229,26,50,7,43,1
08/17/2003 18:10:00,229,28,50,7,42,1
08/17/2003 18:11:00,229,28,51,7,42,1
08/17/2003 18:12:00,229,30,51,7,41,1
08/17/2003 18:13:00,229,30,53,8,41,1
08/17/2003 18:14:00,229,30,53,8,41,1
08/17/2003 18:15:00,229,28,50,8,40,1
08/17/2003 18:16:00,229,28,48,8,38,1
08/17/2003 18:17:00,229,29,51,8,38,1
08/17/2003 18:18:00,229,29,49,8,37,1
08/17/2003 18:19:00,229,30,49,8,34,1
08/17/2003 18:20:00,229,30,50,8,35,1
08/17/2003 18:21:00,229,29,49,8,36,1
08/17/2003 18:22:00,229,29,50,8,35,1
08/17/2003 18:23:00,229,31,51,8,36,1
08/17/2003 18:24:00,229,31,50,8,35,1
08/17/2003 18:25:00,229,31,50,8,31,1
08/17/2003 18:26:00,229,36,52,8,29,1
08/17/2003 18:27:00,229,39,56,8,30,1
08/17/2003 18:28:00,229,37,54,8,30,1
08/17/2003 18:29:00,229,32,51,8,30,1
08/17/2003 18:30:00,229,32,52,8,29,1
08/17/2003 18:31:00,229,32,53,8,28,1
08/17/2003 18:32:00,229,31,54,7,27,1
08/17/2003 18:33:00,229,34,56,8,28,1
08/17/2003 18:34:00,229,34,57,8,28,1
08/17/2003 18:35:00,229,33,58,7,29,1
08/17/2003 18:36:00,229,33,60,7,29,1
08/17/2003 18:37:00,229,36,63,7,28,1
08/17/2003 18:38:00,229,39,66,7,28,1
08/17/2003 18:39:00,229,41,67,7,28,1
08/17/2003 18:40:00,229,43,69,7,28,1
08/17/2003 18:41:00,229,44,70,7,27,1
08/17/2003 18:42:00,229,47,72,7,25,1
08/17/2003 18:43:00,229,50,73,7,24,1
08/17/2003 18:44:00,229,52,73,7,23,1
08/17/2003 18:45:00,229,55,76,8,23,1
08/17/2003 18:46:00,229,57,78,8,23,1
08/17/2003 18:47:00,229,57,78,8,24,1
08/17/2003 18:48:00,229,56,77,8,23,1
08/17/2003 18:49:00,229,57,76,8,20,1
08/17/2003 18:50:00,229,58,77,8,17,1
08/17/2003 18:51:00,229,58,74,8,12,1
08/17/2003 18:52:00,229,61,73,8,6,1
08/17/2003 18:53:00,229,65,75,8,4,1
08/17/2003 18:54:00,229,64,74,9,4,1
08/17/2003 18:55:00,229,63,73,8,1,1
08/17/2003 18:56:00,229,62,76,9,3,1
08/17/2003 18:57:00,229,61,75,8,3,1
08/17/2003 18:58:00,229,60,75,8,3,1
08/17/2003 18:59:00,229,58,75,7,3,1
08/17/2003 19:00:00,229,57,75,7,3,1
08/17/2003 19:01:00,229,56,76,7,3,1
08/17/2003 19:02:00,229,54,77,6,3,1
08/17/2003 19:03:00,229,54,77,6,2,1
08/17/2003 19:04:00,229,55,79,6,2,1
08/17/2003 19:05:00,229,56,80,6,2,1
08/17/2003 19:06:00,229,57,80,6,2,1
08/17/2003 19:07:00,229,54,78,5,2,1
08/17/2003 19:08:00,229,53,78,5,2,1
08/17/2003 19:09:00,229,53,78,5,2,1
08/17/2003 19:10:00,229,51,78,4,1,1
08/17/2003 19:11:00,229,52,79,4,1,1
08/17/2003 19:12:00,229,53,78,4,2,1
08/17/2003 19:13:00,229,52,79,3,3,1
08/17/2003 19:14:00,229,50,80,3,3,1
08/17/2003 19:15:00,229,49,79,2,3,1
08/17/2003 19:16:00,229,51,82,2,4,1
08/17/2003 19:17:00,229,49,80,2,3,1
08/17/2003 19:18:00,229,50,81,2,3,1
08/17/2003 19:19:00,229,50,81,2,3,1
08/17/2003 19:20:00,229,49,79,2,3,1
08/17/2003 19:21:00,229,51,79,2,3,1
08/17/2003 19:22:00,229,50,77,2,3,1
08/17/2003 19:23:00,229,48,75,2,1,1
08/17/2003 19:24:00,229,48,74,2,-1,1
08/17/2003 19:25:00,229,47,74,2,-1,1
08/17/2003 19:26:00,229,45,76,2,1,1
08/17/2003 19:27:00,229,41,74,2,2,1
08/17/2003 19:28:00,229,38,73,1,3,1
08/17/2003 19:29:00,229,37,74,1,3,1
08/17/2003 19:30:00,229,38,74,1,2,1
08/17/2003 19:31:00,229,39,73,1,1,1
08/17/2003 19:32:00,229,39,74,1,1,1
08/17/2003 19:33:00,229,42,75,2,-1,1
08/17/2003 19:34:00,229,41,76,2,-1,1
08/17/2003 19:35:00,229,41,78,2,-1,1
08/17/2003 19:36:00,229,40,80,2,0,1
08/17/2003 19:37:00,229,40,81,2,1,1
08/17/2003 19:38:00,229,41,83,2,2,1
08/17/2003 19:39:00,229,42,84,2,2,1
08/17/2003 19:40:00,229,42,85,2,4,1
08/17/2003 19:41:00,229,42,85,2,4,1
08/17/2003 19:42:00,229,43,86,2,4,1
08/17/2003 19:43:00,229,44,86,2,3,1
08/17/2003 19:44:00,229,45,88,2,3,1
08/17/2003 19:45:00,229,46,87,2,4,1
08/17/2003 19:46:00,229,46,88,2,5,1
08/17/2003 19:47:00,229,47,89,2,5,1
08/17/2003 19:48:00,229,47,88,1,5,1
08/17/2003 19:49:00,229,49,87,1,5,1
08/17/2003 19:50:00,229,49,88,1,5,1
08/17/2003 19:51:00,229,52,88,1,6,1
08/17/2003 19:52:00,229,53,87,1,6,1
08/17/2003 19:53:00,229,53,86,1,5,1
08/17/2003 19:54:00,229,54,87,1,5,1
08/17/2003 19:55:00,229,54,87,1,5,1
08/17/2003 19:56:00,229,54,86,1,5,1
08/17/2003 19:57:00,229,54,86,1,5,1
08/17/2003 19:58:00,229,55,86,1,5,1
08/17/2003 19:59:00,229,55,85,1,4,1
08/17/2003 20:00:00,229,55,85,1,4,1
08/17/2003 20:01:00,229,55,85,1,4,1
08/17/2003 20:02:00,229,55,86,1,4,1
08/17/2003 20:03:00,229,54,86,1,5,1
08/17/2003 20:04:00,229,54,86,0,4,1
08/17/2003 20:05:00,229,53,86,0,3,1
08/17/2003 20:06:00,229,50,85,0,4,1
08/17/2003 20:07:00,229,48,84,0,3,1
08/17/2003 20:08:00,229,49,84,0,3,1
08/17/2003 20:09:00,229,51,85,0,3,1
08/17/2003 20:10:00,229,50,84,0,2,1
08/17/2003 20:11:00,229,51,84,0,2,1
08/17/2003 20:12:00,229,53,84,0,1,1
08/17/2003 20:13:00,229,55,83,0,1,1
08/17/2003 20:14:00,229,54,83,0,0,1
08/17/2003 20:15:00,229,54,83,0,1,1
08/17/2003 20:16:00,229,54,81,0,0,1
08/17/2003 20:17:00,229,55,81,0,-2,1
08/17/2003 20:18:00,229,56,80,0,-2,1
08/17/2003 20:19:00,229,58,79,1,-3,1
08/17/2003 20:20:00,229,59,78,1,-3,1
08/17/2003 20:21:00,229,58,77,0,-4,1
08/17/2003 20:22:00,229,57,75,0,-4,1
08/17/2003 20:23:00,229,57,74,0,-5,1
08/17/2003 20:24:00,229,58,74,0,-5,1
08/17/2003 20:25:00,229,56,72,0,-5,1
08/17/2003 20:26:00,229,58,73,0,-5,1
08/17/2003 20:27:00,229,58,73,0,-5,1
08/17/2003 20:28:00,229,59,72,-1,-5,1
08/17/2003 20:29:00,229,59,71,0,-5,1
08/17/2003 20:30:00,229,59,71,0,-5,1
08/17/2003 20:31:00,229,60,72,0,-5,1
08/17/2003 20:32:00,229,60,72,0,-5,1
08/17/2003 20:33:00,229,60,70,0,-6,1
08/17/2003 20:34:00,229,62,71,0,-5,1
08/17/2003 20:35:00,229,65,72,0,-5,1
08/17/2003 20:36:00,229,68,72,1,-5,1
08/17/2003 20:37:00,229,71,75,0,-4,1
08/17/2003 20:38:00,229,72,73,0,-4,1
08/17/2003 20:39:00,229,73,70,0,-4,1
08/17/2003 20:40:00,229,73,68,0,-5,1
08/17/2003 20:41:00,229,72,69,-1,-4,1
08/17/2003 20:42:00,229,71,67,-2,-4,1
08/17/2003 20:43:00,229,69,68,-2,-5,1
08/17/2003 20:44:00,229,71,70,-1,-4,1
08/17/2003 20:45:00,229,71,66,-2,-5,1
08/17/2003 20:46:00,229,70,64,-2,-7,1
08/17/2003 20:47:00,229,70,61,-3,-7,1
08/17/2003 20:48:00,229,68,58,-3,-7,1
08/17/2003 20:49:00,229,66,58,-3,-8,1
08/17/2003 20:50:00,229,65,56,-3,-8,1
08/17/2003 20:51:00,229,65,56,-3,-8,1
08/17/2003 20:52:00,229,63,57,-3,-7,1
08/17/2003 20:53:00,229,63,57,-3,-7,1
08/17/2003 20:54:00,229,64,61,-3,-7,1
08/17/2003 20:55:00,229,65,63,-3,-6,1
08/17/2003 20:56:00,229,66,63,-2,-6,1
08/17/2003 20:57:00,229,66,64,-2,-6,1
08/17/2003 20:58:00,229,66,62,-2,-7,1
08/17/2003 20:59:00,229,66,63,-1,-6,1
08/17/2003 21:00:00,229,66,63,-1,-7,1
08/17/2003 21:01:00,229,66,65,0,-7,1
08/17/2003 21:02:00,229,68,63,0,-8,1
08/17/2003 21:03:00,229,66,63,1,-9,1
08/17/2003 21:04:00,229,65,64,1,-9,1
08/17/2003 21:05:00,229,65,65,2,-9,1
08/17/2003 21:06:00,229,66,65,2,-10,1
08/17/2003 21:07:00,229,67,67,3,-10,1
08/17/2003 21:08:00,229,68,65,3,-11,1
08/17/2003 21:09:00,229,67,65,4,-11,1
08/17/2003 21:10:00,229,66,66,4,-12,1
08/17/2003 21:11:00,229,67,70,4,-11,1
08/17/2003 21:12:00,229,70,73,5,-11,1
08/17/2003 21:13:00,229,67,72,4,-12,1
08/17/2003 21:14:00,229,62,73,4,-13,1
08/17/2003 21:15:00,229,61,75,4,-14,1
08/17/2003 21:16:00,229,60,77,4,-14,1
08/17/2003 21:17:00,229,59,77,3,-14,1
08/17/2003 21:18:00,229,57,78,3,-15,1
08/17/2003 21:19:00,229,56,79,2,-14,1
08/17/2003 21:20:00,229,56,80,2,-15,1
08/17/2003 21:21:00,229,54,80,2,-16,1
08/17/2003 21:22:00,229,52,83,2,-16,1
08/17/2003 21:23:00,229,51,86,2,-16,1
08/17/2003 21:24:00,229,50,83,1,-17,1
08/17/2003 21:25:00,229,49,83,1,-18,1
08/17/2003 21:26:00,229,47,83,1,-18,1
08/17/2003 21:27:00,229,46,86,0,-17,1
08/17/2003 21:28:00,229,48,89,0,-16,1
08/17/2003 21:29:00,229,46,86,0,-16,1
08/17/2003 21:30:00,229,46,90,-1,-16,1
08/17/2003 21:31:00,229,45,90,-1,-16,1
08/17/2003 21:32:00,229,47,93,-1,-15,1
08/17/2003 21:33:00,229,49,94,-1,-15,1
08/17/2003 21:34:00,229,50,96,-1,-14,1
08/17/2003 21:35:00,229,49,92,-2,-16,1
08/17/2003 21:36:00,229,51,92,-2,-15,1
08/17/2003 21:37:00,229,51,92,-3,-15,1
08/17/2003 21:38:00,229,52,92,-4,-14,1
08/17/2003 21:39:00,229,53,90,-4,-14,1
08/17/2003 21:40:00,229,53,88,-4,-15,1
08/17/2003 21:41:00,229,54,86,-5,-16,1
08/17/2003 21:42:00,229,54,84,-4,-17,1
08/17/2003 21:43:00,229,56,81,-4,-17,1
08/17/2003 21:44:00,229,58,76,-5,-18,1
08/17/2003 21:45:00,229,59,74,-5,-18,1
08/17/2003 21:46:00,229,59,75,-5,-17,1
08/17/2003 21:47:00,229,61,74,-5,-17,1
08/17/2003 21:48:00,229,62,71,-5,-17,1
08/17/2003 21:49:00,229,64,70,-4,-17,1
08/17/2003 21:50:00,229,65,67,-4,-18,1
08/17/2003 21:51:00,229,65,67,-4,-20,1
08/17/2003 21:52:00,229,68,66,-5,-21,1
08/17/2003 21:53:00,229,70,67,-5,-23,1
08/17/2003 21:54:00,229,73,67,-4,-23,1
08/17/2003 21:55:00,229,75,69,-4,-23,1
08/17/2003 21:56:00,229,74,66,-5,-23,1
08/17/2003 21:57:00,229,74,66,-5,-24,1
08/17/2003 21:58:00,229,73,66,-4,-24,1
08/17/2003 21:59:00,229,73,65,-4,-25,1
08/17/2003 22:00:00,229,71,64,-5,-26,1
08/17/2003 22:01:00,229,69,63,-5,-27,1
08/17/2003 22:02:00,229,68,62,-5,-27,1
08/17/2003 22:03:00,229,69,62,-5,-28,1
08/17/2003 22:04:00,229,69,61,-6,-28,1
08/17/2003 22:05:00,229,69,59,-6,-29,1
08/17/2003 22:06:00,229,68,58,-6,-29,1
08/17/2003 22:07:00,229,68,58,-6,-29,1
08/17/2003 22:08:00,229,67,57,-6,-27,1
08/17/2003 22:09:00,229,66,55,-7,-28,1
08/17/2003 22:10:00,229,65,54,-7,-28,1
08/17/2003 22:11:00,229,64,51,-7,-28,1
08/17/2003 22:12:00,229,64,49,-7,-28,1
08/17/2003 22:13:00,229,65,49,-7,-27,1
08/17/2003 22:14:00,229,65,49,-7,-28,1
08/17/2003 22:15:00,229,65,48,-7,-27,1
08/17/2003 22:16:00,229,66,46,-7,-29,1
08/17/2003 22:17:00,229,66,47,-7,-29,1
08/17/2003 22:18:00,229,66,45,-7,-29,1
08/17/2003 22:19:00,229,67,43,-7,-29,1
08/17/2003 22:20:00,229,68,43,-7,-29,1
08/17/2003 22:21:00,229,68,43,-7,-28,1
08/17/2003 22:22:00,229,67,39,-7,-27,1
08/17/2003 22:23:00,229,66,39,-7,-29,1
08/17/2003 22:24:00,229,66,39,-7,-29,1
08/17/2003 22:25:00,229,66,39,-7,-30,1
08/17/2003 22:26:00,229,65,39,-7,-29,1
08/17/2003 22:27:00,229,64,37,-7,-29,1
08/17/2003 22:28:00,229,63,38,-7,-29,1
08/17/2003 22:29:00,229,62,38,-7,-29,1
08/17/2003 22:30:00,229,60,37,-6,-29,1
08/17/2003 22:31:00,229,58,37,-6,-28,1
08/17/2003 22:32:00,229,57,35,-6,-27,1
08/17/2003 22:33:00,229,55,35,-6,-26,1
08/17/2003 22:34:00,229,53,37,-6,-26,1
08/17/2003 22:35:00,229,53,37,-5,-26,1
08/17/2003 22:36:00,229,52,37,-5,-24,1
08/17/2003 22:37:00,229,52,39,-6,-24,1
08/17/2003 22:38:00,229,53,37,-6,-25,1
08/17/2003 22:39:00,229,53,38,-6,-25,1
08/17/2003 22:40:00,229,55,41,-6,-26,1
08/17/2003 22:41:00,229,55,42,-7,-26,1
08/17/2003 22:42:00,229,55,43,-7,-26,1
08/17/2003 22:43:00,229,54,43,-7,-28,1
08/17/2003 22:44:00,229,55,44,-7,-27,1
08/17/2003 22:45:00,229,54,45,-7,-28,1
08/17/2003 22:46:00,229,54,46,-7,-29,1
08/17/2003 22:47:00,229,55,46,-7,-29,1
08/17/2003 22:48:00,229,56,47,-7,-31,1
08/17/2003 22:49:00,229,56,49,-7,-32,1
08/17/2003 22:50:00,229,57,50,-7,-32,1
08/17/2003 22:51:00,229,57,50,-7,-32,1
08/17/2003 22:52:00,229,57,50,-7,-33,1
08/17/2003 22:53:00,229,58,50,-8,-34,1
08/17/2003 22:54:00,229,58,51,-8,-34,1
08/17/2003 22:55:00,229,57,50,-8,-33,1
08/17/2003 22:56:00,229,56,48,-8,-33,1
08/17/2003 22:57:00,229,56,47,-8,-34,1
08/17/2003 22:58:00,229,56,47,-8,-36,1
08/17/2003 22:59:00,229,56,48,-7,-37,1
08/17/2003 23:00:00,229,57,47,-7,-36,1
08/17/2003 23:01:00,229,57,48,-8,-37,1
08/17/2003 23:02:00,229,56,50,-7,-38,1
08/17/2003 23:03:00,229,56,49,-7,-38,1
08/17/2003 23:04:00,229,55,47,-7,-39,1
08/17/2003 23:05:00,229,55,46,-7,-40,1
08/17/2003 23:06:00,229,54,47,-7,-40,1
08/17/2003 23:07:00,229,52,46,-7,-39,1
08/17/2003 23:08:00,229,51,44,-7,-39,1
08/17/2003 23:09:00,229,50,44,-7,-39,1
08/17/2003 23:10:00,229,50,43,-7,-38,1
08/17/2003 23:11:00,229,51,41,-7,-37,1
08/17/2003 23:12:00,229,51,41,-7,-37,1
08/17/2003 23:13:00,229,50,41,-6,-39,1
08/17/2003 23:14:00,229,51,41,-7,-40,1
08/17/2003 23:15:00,229,52,41,-7,-41,1
08/17/2003 23:16:00,229,52,43,-7,-41,1
08/17/2003 23:17:00,229,53,45,-7,-43,1
08/17/2003 23:18:00,229,53,47,-7,-45,1
08/17/2003 23:19:00,229,54,47,-8,-44,1
08/17/2003 23:20:00,229,57,47,-8,-44,1
08/17/2003 23:21:00,229,59,49,-8,-44,1
08/17/2003 23:22:00,229,60,48,-8,-44,1
08/17/2003 23:23:00,229,59,46,-8,-44,1
08/17/2003 23:24:00,229,59,45,-8,-45,1
08/17/2003 23:25:00,229,60,47,-8,-45,1
08/17/2003 23:26:00,229,61,47,-8,-44,1
08/17/2003 23:27:00,229,60,48,-8,-43,1
08/17/2003 23:28:00,229,59,46,-8,-42,1
08/17/2003 23:29:00,229,58,46,-8,-42,1
08/17/2003 23:30:00,229,58,46,-8,-43,1
08/17/2003 23:31:00,229,58,46,-8,-44,1
08/17/2003 23:32:00,229,58,49,-7,-45,1
08/17/2003 23:33:00,229,55,47,-7,-44,1
08/17/2003 23:34:00,229,52,46,-8,-46,1
08/17/2003 23:35:00,229,52,48,-8,-48,1
08/17/2003 23:36:00,229,55,48,-8,-49,1
08/17/2003 23:37:00,229,57,49,-8,-49,1
08/17/2003 23:38:00,229,57,49,-8,-49,1
08/17/2003 23:39:00,229,56,47,-8,-49,1
08/17/2003 23:40:00,229,53,45,-8,-48,1
08/17/2003 23:41:00,229,52,42,-9,-48,1
08/17/2003 23:42:00,229,50,40,-9,-49,1
08/17/2003 23:43:00,229,49,42,-9,-50,1
08/17/2003 23:44:00,229,51,46,-9,-51,1
08/17/2003 23:45:00,229,50,45,-9,-49,1
08/17/2003 23:46:00,229,49,43,-9,-49,1
08/17/2003 23:47:00,229,49,41,-9,-47,1
08/17/2003 23:48:00,229,49,40,-8,-47,1
08/17/2003 23:49:00,229,49,40,-8,-46,1
08/17/2003 23:50:00,229,48,41,-9,-44,1
08/17/2003 23:51:00,229,47,43,-9,-43,1
08/17/2003 23:52:00,229,47,43,-9,-43,1
08/17/2003 23:53:00,229,48,43,-9,-42,1
08/17/2003 23:54:00,229,47,46,-9,-39,1
08/17/2003 23:55:00,229,49,46,-9,-39,1
08/17/2003 23:56:00,229,51,45,-9,-39,1
08/17/2003 23:57:00,229,53,46,-9,-39,1
08/17/2003 23:58:00,229,54,46,-10,-39,1
08/17/2003 23:59:00,229,55,44,-10,-39,1
08/18/2003 00:00:00,230,57,40,-11,-39,1
08/18/2003 00:01:00,230,57,39,-11,-39,1
08/18/2003 00:02:00,230,58,40,-11,-43,1
08/18/2003 00:03:00,230,61,51,-12,-46,1
08/18/2003 00:04:00,230,59,53,-12,-45,1
08/18/2003 00:05:00,230,55,52,-12,-47,1
08/18/2003 00:06:00,230,52,54,-12,-47,1
08/18/2003 00:07:00,230,51,51,-12,-47,1
08/18/2003 00:08:00,230,52,51,-11,-47,1
08/18/2003 00:09:00,230,53,51,-11,-47,1
08/18/2003 00:10:00,230,55,51,-10,-47,1
08/18/2003 00:11:00,230,55,49,-10,-45,1
08/18/2003 00:12:00,230,54,46,-9,-44,1
08/18/2003 00:13:00,230,52,45,-9,-44,1
08/18/2003 00:14:00,230,50,45,-9,-44,1
08/18/2003 00:15:00,230,48,44,-10,-45,1
08/18/2003 00:16:00,230,45,44,-10,-44,1
08/18/2003 00:17:00,230,44,44,-10,-44,1
08/18/2003 00:18:00,230,41,43,-10,-44,1
08/18/2003 00:19:00,230,39,45,-10,-44,1
08/18/2003 00:20:00,230,39,45,-10,-44,1
08/18/2003 00:21:00,230,40,46,-10,-44,1
08/18/2003 00:22:00,230,40,44,-10,-43,1
08/18/2003 00:23:00,230,40,45,-10,-42,1
08/18/2003 00:24:00,230,40,44,-10,-41,1
08/18/2003 00:25:00,230,41,44,-10,-40,1
08/18/2003 00:26:00,230,42,44,-9,-39,1
08/18/2003 00:27:00,230,42,44,-9,-38,1
08/18/2003 00:28:00,230,43,45,-9,-37,1
08/18/2003 00:29:00,230,42,45,-9,-37,1
08/18/2003 00:30:00,230,42,47,-9,-36,1
08/18/2003 00:31:00,230,43,48,-9,-36,1
08/18/2003 00:32:00,230,41,47,-9,-36,1
08/18/2003 00:33:00,230,41,47,-9,-36,1
08/18/2003 00:34:00,230,39,49,-9,-37,1
08/18/2003 00:35:00,230,38,50,-9,-36,1
08/18/2003 00:36:00,230,38,50,-9,-36,1
08/18/2003 00:37:00,230,39,51,-9,-35,1
08/18/2003 00:38:00,230,38,52,-8,-35,1
08/18/2003 00:39:00,230,37,52,-8,-35,1
08/18/2003 00:40:00,230,37,51,-8,-35,1
08/18/2003 00:41:00,230,37,51,-8,-35,1
08/18/2003 00:42:00,230,38,51,-7,-34,1
08/18/2003 00:43:00,230,39,50,-6,-33,1
08/18/2003 00:44:00,230,41,50,-6,-33,1
08/18/2003 00:45:00,230,45,51,-5,-32,1
08/18/2003 00:46:00,230,45,51,-5,-31,1
08/18/2003 00:47:00,230,44,51,-4,-30,1
08/18/2003 00:48:00,230,45,50,-3,-29,1
08/18/2003 00:49:00,230,44,49,-3,-28,1
08/18/2003 00:50:00,230,44,47,-2,-27,1
08/18/2003 00:51:00,230,43,46,-1,-26,1
08/18/2003 00:52:00,230,45,47,1,-25,1
08/18/2003 00:53:00,230,49,50,2,-24,1
08/18/2003 00:54:00,230,52,53,2,-23,1
08/18/2003 00:55:00,230,54,57,3,-22,1
08/18/2003 00:56:00,230,57,61,3,-21,1
08/18/2003 00:57:00,230,59,61,3,-19,1
08/18/2003 00:58:00,230,61,61,3,-19,1
08/18/2003 00:59:00,230,63,60,2,-18,1
08/18/2003 01:00:00,230,63,59,1,-17,1
08/18/2003 01:01:00,230,62,61,1,-16,1
08/18/2003 01:02:00,230,62,62,0,-15,1
08/18/2003 01:03:00,230,60,60,-1,-16,1
08/18/2003 01:04:00,230,57,57,-2,-19,1
08/18/2003 01:05:00,230,59,51,-3,-23,1
08/18/2003 01:06:00,230,56,47,-5,-24,1
08/18/2003 01:07:00,230,49,46,-6,-25,1
08/18/2003 01:08:00,230,46,47,-7,-25,1
08/18/2003 01:09:00,230,44,47,-7,-26,1
08/18/2003 01:10:00,230,41,48,-8,-25,1
08/18/2003 01:11:00,230,40,48,-8,-24,1
08/18/2003 01:12:00,230,38,50,-7,-24,1
08/18/2003 01:13:00,230,38,51,-7,-23,1
08/18/2003 01:14:00,230,39,52,-7,-24,1
08/18/2003 01:15:00,230,40,52,-6,-24,1
08/18/2003 01:16:00,230,39,54,-7,-24,1
08/18/2003 01:17:00,230,36,54,-7,-25,1
08/18/2003 01:18:00,230,32,56,-7,-26,1
08/18/2003 01:19:00,230,31,56,-8,-25,1
08/18/2003 01:20:00,230,25,58,-7,-24,1
08/18/2003 01:21:00,230,29,62,-6,-25,1
08/18/2003 01:22:00,230,31,59,-6,-22,1
08/18/2003 01:23:00,230,24,62,-6,-21,1
08/18/2003 01:24:00,230,23,65,-6,-21,1
08/18/2003 01:25:00,230,23,66,-6,-20,1
08/18/2003 01:26:00,230,23,67,-6,-19,1
08/18/2003 01:27:00,230,23,69,-6,-18,1
08/18/2003 01:28:00,230,25,71,-6,-18,1
08/18/2003 01:29:00,230,25,71,-6,-18,1
08/18/2003 01:30:00,230,26,72,-6,-18,1
08/18/2003 01:31:00,230,26,73,-6,-18,1
08/18/2003 01:32:00,230,26,72,-7,-18,1
08/18/2003 01:33:00,230,27,72,-7,-18,1
08/18/2003 01:34:00,230,28,73,-7,-18,1
08/18/2003 01:35:00,230,28,75,-8,-19,1
08/18/2003 01:36:00,230,29,75,-8,-18,1
08/18/2003 01:37:00,230,31,76,-8,-18,1
08/18/2003 01:38:00,230,31,77,-7,-18,1
08/18/2003 01:39:00,230,31,77,-7,-19,1
08/18/2003 01:40:00,230,31,77,-7,-18,1
08/18/2003 01:41:00,230,31,77,-7,-19,1
08/18/2003 01:42:00,230,30,75,-7,-18,1
08/18/2003 01:43:00,230,28,74,-8,-18,1
08/18/2003 01:44:00,230,28,72,-8,-17,1
08/18/2003 01:45:00,230,24,69,-8,-17,1
08/18/2003 01:46:00,230,21,65,-8,-16,1
08/18/2003 01:47:00,230,19,60,-8,-16,1
08/18/2003 01:48:00,230,19,58,-8,-16,1
08/18/2003 01:49:00,230,18,57,-8,-16,1
08/18/2003 01:50:00,230,19,57,-8,-15,1
08/18/2003 01:51:00,230,15,55,-8,-15,1
08/18/2003 01:52:00,230,13,54,-8,-13,1
08/18/2003 01:53:00,230,15,55,-8,-13,1
08/18/2003 01:54:00,230,15,53,-7,-12,1
08/18/2003 01:55:00,230,19,50,-7,-10,1
08/18/2003 01:56:00,230,21,50,-6,-10,1
08/18/2003 01:57:00,230,25,51,-5,-9,1
08/18/2003 01:58:00,230,26,50,-5,-7,1
08/18/2003 01:59:00,230,28,53,-4,-7,1
08/18/2003 02:00:00,230,28,55,-4,-8,1
08/18/2003 02:01:00,230,23,57,-4,-10,1
08/18/2003 02:02:00,230,19,58,-4,-13,1
08/18/2003 02:03:00,230,21,61,-4,-17,1
08/18/2003 02:04:00,230,21,60,-5,-19,1
08/18/2003 02:05:00,230,20,60,-5,-21,1
08/18/2003 02:06:00,230,15,61,-6,-22,1
08/18/2003 02:07:00,230,15,63,-5,-23,1
08/18/2003 02:08:00,230,15,67,-4,-26,1
08/18/2003 02:09:00,230,16,64,-4,-27,1
08/18/2003 02:10:00,230,17,66,-4,-29,1
08/18/2003 02:11:00,230,16,66,-4,-30,1
08/18/2003 02:12:00,230,16,66,-4,-32,1
08/18/2003 02:13:00,230,15,68,-4,-33,1
08/18/2003 02:14:00,230,11,69,-4,-34,1
08/18/2003 02:15:00,230,11,71,-4,-35,1
08/18/2003 02:16:00,230,11,73,-4,-36,1
08/18/2003 02:17:00,230,10,75,-5,-37,1
08/18/2003 02:18:00,230,12,75,-5,-37,1
08/18/2003 02:19:00,230,13,75,-5,-37,1
08/18/2003 02:20:00,230,12,77,-6,-38,1
08/18/2003 02:21:00,230,11,80,-6,-38,1
08/18/2003 02:22:00,230,11,80,-6,-39,1
08/18/2003 02:23:00,230,10,80,-7,-39,1
08/18/2003 02:24:00,230,10,79,-7,-40,1
08/18/2003 02:25:00,230,12,79,-8,-42,1
08/18/2003 02:26:00,230,13,79,-8,-44,1
08/18/2003 02:27:00,230,14,81,-9,-46,1
08/18/2003 02:28:00,230,16,81,-10,-48,1
08/18/2003 02:29:00,230,14,81,-10,-49,1
08/18/2003 02:30:00,230,14,83,-11,-50,1
08/18/2003 02:31:00,230,14,81,-11,-49,1
08/18/2003 02:32:00,230,12,79,-11,-49,1
08/18/2003 02:33:00,230,12,77,-11,-49,1
08/18/2003 02:34:00,230,11,74,-10,-49,1
08/18/2003 02:35:00,230,13,74,-10,-48,1
08/18/2003 02:36:00,230,14,72,-10,-47,1
08/18/2003 02:37:00,230,15,70,-10,-45,1
08/18/2003 02:38:00,230,15,67,-9,-43,1
08/18/2003 02:39:00,230,14,64,-8,-40,1
08/18/2003 02:40:00,230,13,59,-7,-39,1
08/18/2003 02:41:00,230,15,57,-6,-41,1
08/18/2003 02:42:00,230,17,55,-7,-44,1
08/18/2003 02:43:00,230,18,57,-9,-46,1
08/18/2003 02:44:00,230,22,59,-10,-49,1
08/18/2003 02:45:00,230,24,60,-10,-51,1
08/18/2003 02:46:00,230,25,59,-11,-52,1
08/18/2003 02:47:00,230,23,58,-10,-51,1
08/18/2003 02:48:00,230,20,55,-10,-50,1
08/18/2003 02:49:00,230,16,54,-9,-49,1
08/18/2003 02:50:00,230,13,53,-8,-49,1
08/18/2003 02:51:00,230,12,53,-8,-48,1
08/18/2003 02:52:00,230,13,53,-7,-48,1
08/18/2003 02:53:00,230,10,51,-7,-47,1
08/18/2003 02:54:00,230,9,51,-6,-46,1
08/18/2003 02:55:00,230,10,52,-6,-46,1
08/18/2003 02:56:00,230,9,52,-5,-46,1
08/18/2003 02:57:00,230,9,52,-5,-47,1
08/18/2003 02:58:00,230,10,52,-5,-47,1
08/18/2003 02:59:00,230,9,52,-5,-47,1
08/18/2003 03:00:00,230,8,50,-4,-47,1
08/18/2003 03:01:00,230,8,51,-4,-47,1
08/18/2003 03:02:00,230,8,50,-3,-45,1
08/18/2003 03:03:00,230,9,51,-2,-44,1
08/18/2003 03:04:00,230,9,50,-2,-43,1
08/18/2003 03:05:00,230,10,50,-2,-42,1
08/18/2003 03:06:00,230,11,49,-2,-41,1
08/18/2003 03:07:00,230,13,48,-2,-41,1
08/18/2003 03:08:00,230,13,48,-2,-40,1
08/18/2003 03:09:00,230,12,47,-2,-40,1
08/18/2003 03:10:00,230,13,46,-2,-41,1
08/18/2003 03:11:00,230,13,45,-2,-41,1
08/18/2003 03:12:00,230,13,45,-2,-42,1
08/18/2003 03:13:00,230,13,45,-2,-42,1
08/18/2003 03:14:00,230,14,46,-2,-41,1
08/18/2003 03:15:00,230,13,46,-2,-41,1
08/18/2003 03:16:00,230,13,47,-2,-42,1
08/18/2003 03:17:00,230,12,47,-2,-42,1
08/18/2003 03:18:00,230,12,47,-2,-42,1
08/18/2003 03:19:00,230,12,48,-2,-43,1
08/18/2003 03:20:00,230,11,50,-2,-43,1
08/18/2003 03:21:00,230,11,50,-2,-43,1
08/18/2003 03:22:00,230,11,52,-2,-43,1
08/18/2003 03:23:00,230,10,52,-2,-43,1
08/18/2003 03:24:00,230,9,53,-2,-44,1
08/18/2003 03:25:00,230,9,54,-1,-44,1
08/18/2003 03:26:00,230,9,51,-2,-44,1
08/18/2003 03:27:00,230,11,48,-1,-43,1
08/18/2003 03:28:00,230,16,47,-2,-42,1
08/18/2003 03:29:00,230,22,48,-2,-42,1
08/18/2003 03:30:00,230,27,47,-2,-43,1
08/18/2003 03:31:00,230,33,47,-3,-44,1
08/18/2003 03:32:00,230,37,47,-3,-45,1
08/18/2003 03:33:00,230,42,48,-3,-47,1
08/18/2003 03:34:00,230,45,48,-3,-47,1
08/18/2003 03:35:00,230,49,49,-3,-48,1
08/18/2003 03:36:00,230,51,49,-3,-47,1
08/18/2003 03:37:00,230,54,50,-3,-46,1
08/18/2003 03:38:00,230,56,49,-3,-45,1
08/18/2003 03:39:00,230,57,48,-4,-43,1
08/18/2003 03:40:00,230,56,48,-4,-42,1
08/18/2003 03:41:00,230,57,47,-4,-42,1
08/18/2003 03:42:00,230,56,45,-5,-42,1
08/18/2003 03:43:00,230,55,44,-4,-42,1
08/18/2003 03:44:00,230,54,45,-4,-41,1
08/18/2003 03:45:00,230,52,45,-4,-40,1
08/18/2003 03:46:00,230,49,47,-4,-40,1
08/18/2003 03:47:00,230,47,47,-4,-41,1
08/18/2003 03:48:00,230,45,45,-4,-41,1
08/18/2003 03:49:00,230,43,45,-3,-41,1
08/18/2003 03:50:00,230,41,45,-3,-42,1
08/18/2003 03:51:00,230,39,45,-3,-42,1
08/18/2003 03:52:00,230,38,44,-3,-43,1
08/18/2003 03:53:00,230,38,45,-2,-43,1
08/18/2003 03:54:00,230,38,46,-2,-43,1
08/18/2003 03:55:00,230,39,47,-1,-42,1
08/18/2003 03:56:00,230,40,50,-1,-41,1
08/18/2003 03:57:00,230,39,52,-1,-42,1
08/18/2003 03:58:00,230,40,52,-1,-43,1
08/18/2003 03:59:00,230,40,47,0,-45,1
08/18/2003 04:00:00,230,39,48,0,-46,1
08/18/2003 04:01:00,230,40,49,1,-46,1
08/18/2003 04:02:00,230,40,50,1,-46,1
08/18/2003 04:03:00,230,41,50,2,-47,1
08/18/2003 04:04:00,230,41,51,2,-47,1
08/18/2003 04:05:00,230,40,52,3,-48,1
08/18/2003 04:06:00,230,41,52,4,-49,1
08/18/2003 04:07:00,230,42,52,4,-50,1
08/18/2003 04:08:00,230,43,52,5,-50,1
08/18/2003 04:09:00,230,45,52,5,-50,1
08/18/2003 04:10:00,230,46,53,6,-50,1
08/18/2003 04:11:00,230,47,54,6,-50,1
08/18/2003 04:12:00,230,47,54,7,-50,1
08/18/2003 04:13:00,230,47,55,7,-50,1
08/18/2003 04:14:00,230,47,54,7,-50,1
08/18/2003 04:15:00,230,45,54,8,-50,1
08/18/2003 04:16:00,230,44,55,8,-50,1
08/18/2003 04:17:00,230,42,55,8,-50,1
08/18/2003 04:18:00,230,40,54,8,-50,1
08/18/2003 04:19:00,230,38,54,8,-50,1
08/18/2003 04:20:00,230,38,53,8,-51,1
08/18/2003 04:21:00,230,39,52,8,-51,1
08/18/2003 04:22:00,230,40,52,8,-52,1
08/18/2003 04:23:00,230,41,54,8,-53,1
08/18/2003 04:24:00,230,41,52,8,-52,1
08/18/2003 04:25:00,230,42,53,8,-53,1
08/18/2003 04:26:00,230,43,55,9,-53,1
08/18/2003 04:27:00,230,44,55,9,-54,1
08/18/2003 04:28:00,230,43,55,9,-53,1
08/18/2003 04:29:00,230,43,56,10,-52,1
08/18/2003 04:30:00,230,42,56,10,-52,1
08/18/2003 04:31:00,230,42,56,9,-51,1
08/18/2003 04:32:00,230,44,57,9,-51,1
08/18/2003 04:33:00,230,44,57,8,-52,1
08/18/2003 04:34:00,230,46,57,8,-51,1
08/18/2003 04:35:00,230,46,57,7,-52,1
08/18/2003 04:36:00,230,46,57,7,-54,1
08/18/2003 04:37:00,230,47,58,6,-55,1
08/18/2003 04:38:00,230,47,58,6,-56,1
08/18/2003 04:39:00,230,47,56,6,-56,1
08/18/2003 04:40:00,230,48,57,6,-57,1
08/18/2003 04:41:00,230,48,59,6,-57,1
08/18/2003 04:42:00,230,50,59,6,-57,1
08/18/2003 04:43:00,230,51,59,6,-58,1
08/18/2003 04:44:00,230,53,60,6,-59,1
08/18/2003 04:45:00,230,56,61,7,-60,1
08/18/2003 04:46:00,230,59,61,8,-60,1
08/18/2003 04:47:00,230,60,61,8,-61,1
08/18/2003 04:48:00,230,62,61,8,-61,1
08/18/2003 04:49:00,230,63,62,9,-62,1
08/18/2003 04:50:00,230,65,61,9,-62,1
08/18/2003 04:51:00,230,66,63,10,-63,1
08/18/2003 04:52:00,230,66,63,10,-63,1
08/18/2003 04:53:00,230,65,65,11,-64,1
08/18/2003 04:54:00,230,66,65,11,-64,1
08/18/2003 04:55:00,230,69,66,11,-65,1
08/18/2003 04:56:00,230,69,66,11,-65,1
08/18/2003 04:57:00,230,72,67,11,-65,1
08/18/2003 04:58:00,230,72,67,12,-65,1
08/18/2003 04:59:00,230,72,68,12,-65,1
08/18/2003 05:00:00,230,71,68,13,-65,1
08/18/2003 05:01:00,230,69,69,13,-65,1
08/18/2003 05:02:00,230,66,69,13,-65,1
08/18/2003 05:03:00,230,66,70,14,-65,1
08/18/2003 05:04:00,230,63,71,14,-64,1
08/18/2003 05:05:00,230,62,71,14,-64,1
08/18/2003 05:06:00,230,60,70,14,-65,1
08/18/2003 05:07:00,230,60,70,14,-66,1
08/18/2003 05:08:00,230,61,70,14,-66,1
08/18/2003 05:09:00,230,61,71,14,-67,1
08/18/2003 05:10:00,230,61,72,14,-67,1
08/18/2003 05:11:00,230,61,74,14,-67,1
08/18/2003 05:12:00,230,61,76,14,-67,1
08/18/2003 05:13:00,230,62,78,14,-67,1
08/18/2003 05:14:00,230,60,79,13,-67,1
08/18/2003 05:15:00,230,61,81,13,-68,1
08/18/2003 05:16:00,230,61,83,13,-69,1
08/18/2003 05:17:00,230,61,85,13,-70,1
08/18/2003 05:18:00,230,63,86,13,-71,1
08/18/2003 05:19:00,230,64,87,13,-73,1
08/18/2003 05:20:00,230,65,89,12,-75,1
08/18/2003 05:21:00,230,67,90,12,-76,1
08/18/2003 05:22:00,230,68,92,12,-77,1
08/18/2003 05:23:00,230,69,93,12,-79,1
08/18/2003 05:24:00,230,70,93,12,-80,1
08/18/2003 05:25:00,230,69,94,12,-81,1
08/18/2003 05:26:00,230,69,94,12,-81,1
08/18/2003 05:27:00,230,67,96,12,-81,1
08/18/2003 05:28:00,230,66,96,12,-82,1
08/18/2003 05:29:00,230,65,97,12,-82,1
08/18/2003 05:30:00,230,64,97,12,-82,1
08/18/2003 05:31:00,230,62,99,12,-82,1
08/18/2003 05:32:00,230,62,99,12,-83,1
08/18/2003 05:33:00,230,63,101,12,-83,1
08/18/2003 05:34:00,230,63,102,12,-84,1
08/18/2003 05:35:00,230,63,103,12,-85,1
08/18/2003 05:36:00,230,64,104,12,-86,1
08/18/2003 05:37:00,230,65,106,12,-87,1
08/18/2003 05:38:00,230,65,106,12,-87,1
08/18/2003 05:39:00,230,65,107,12,-87,1
08/18/2003 05:40:00,230,62,108,12,-87,1
08/18/2003 05:41:00,230,61,109,12,-87,1
08/18/2003 05:42:00,230,60,109,12,-87,1
08/18/2003 05:43:00,230,58,110,13,-87,1
08/18/2003 05:44:00,230,56,111,13,-85,1
08/18/2003 05:45:00,230,56,112,13,-84,1
08/18/2003 05:46:00,230,53,112,13,-83,1
08/18/2003 05:47:00,230,52,112,13,-83,1
08/18/2003 05:48:00,230,50,112,13,-83,1
08/18/2003 05:49:00,230,50,111,13,-83,1
08/18/2003 05:50:00,230,50,111,13,-84,1
08/18/2003 05:51:00,230,51,111,13,-84,1
08/18/2003 05:52:00,230,52,113,14,-86,1
08/18/2003 05:53:00,230,53,112,15,-87,1
08/18/2003 05:54:00,230,54,113,15,-89,1
08/18/2003 05:55:00,230,55,113,15,-90,1
08/18/2003 05:56:00,230,57,112,16,-92,1
08/18/2003 05:57:00,230,57,111,16,-93,1
08/18/2003 05:58:00,230,58,110,16,-95,1
08/18/2003 05:59:00,230,59,109,17,-97,1
08/18/2003 06:00:00,230,59,108,17,-97,1
08/18/2003 06:01:00,230,58,108,17,-98,1
08/18/2003 06:02:00,230,58,105,17,-97,1
08/18/2003 06:03:00,230,58,105,16,-97,1
08/18/2003 06:04:00,230,59,103,16,-95,1
08/18/2003 06:05:00,230,58,103,16,-95,1
08/18/2003 06:06:00,230,56,101,16,-95,1
08/18/2003 06:07:00,230,52,99,16,-95,1
08/18/2003 06:08:00,230,54,97,15,-94,1
08/18/2003 06:09:00,230,54,97,16,-94,1
08/18/2003 06:10:00,230,52,96,17,-95,1
08/18/2003 06:11:00,230,52,96,17,-96,1
08/18/2003 06:12:00,230,52,96,18,-98,1
08/18/2003 06:13:00,230,51,97,18,-100,1
08/18/2003 06:14:00,230,52,96,19,-101,1
08/18/2003 06:15:00,230,54,93,19,-102,1
08/18/2003 06:16:00,230,56,92,20,-104,1
08/18/2003 06:17:00,230,57,90,20,-105,1
08/18/2003 06:18:00,230,55,87,20,-106,1
08/18/2003 06:19:00,230,56,87,20,-107,1
08/18/2003 06:20:00,230,54,88,21,-108,1
08/18/2003 06:21:00,230,53,88,20,-108,1
08/18/2003 06:22:00,230,55,89,20,-108,1
08/18/2003 06:23:00,230,56,89,20,-107,1
08/18/2003 06:24:00,230,52,85,19,-107,1
08/18/2003 06:25:00,230,51,81,19,-106,1
08/18/2003 06:26:00,230,55,77,18,-104,1
08/18/2003 06:27:00,230,58,72,17,-102,1
08/18/2003 06:28:00,230,60,69,16,-100,1
08/18/2003 06:29:00,230,61,66,14,-98,1
08/18/2003 06:30:00,230,60,64,12,-96,1
08/18/2003 06:31:00,230,59,65,11,-95,1
08/18/2003 06:32:00,230,57,68,9,-94,1
08/18/2003 06:33:00,230,52,71,7,-92,1
08/18/2003 06:34:00,230,49,72,5,-91,1
08/18/2003 06:35:00,230,48,72,3,-89,1
08/18/2003 06:36:00,230,45,75,1,-89,1
08/18/2003 06:37:00,230,47,75,0,-91,1
08/18/2003 06:38:00,230,54,78,-2,-91,1
08/18/2003 06:39:00,230,59,79,-3,-92,1
08/18/2003 06:40:00,230,61,79,-5,-93,1
08/18/2003 06:41:00,230,62,78,-5,-96,1
08/18/2003 06:42:00,230,60,77,-5,-99,1
08/18/2003 06:43:00,230,60,77,-6,-101,1
08/18/2003 06:44:00,230,57,77,-5,-104,1
08/18/2003 06:45:00,230,49,75,-3,-108,1
08/18/2003 06:46:00,230,42,74,-2,-112,1
08/18/2003 06:47:00,230,36,79,1,-116,1
08/18/2003 06:48:00,230,32,84,3,-118,1
08/18/2003 06:49:00,230,29,85,5,-120,1
08/18/2003 06:50:00,230,30,84,6,-119,1
08/18/2003 06:51:00,230,31,81,7,-119,1
08/18/2003 06:52:00,230,29,79,7,-118,1
08/18/2003 06:53:00,230,28,75,7,-117,1
08/18/2003 06:54:00,230,26,72,8,-116,1
08/18/2003 06:55:00,230,27,72,9,-115,1
08/18/2003 06:56:00,230,26,73,10,-114,1
08/18/2003 06:57:00,230,25,72,10,-112,1
08/18/2003 06:58:00,230,29,70,11,-111,1
08/18/2003 06:59:00,230,35,69,12,-110,1
08/18/2003 07:00:00,230,41,68,14,-108,1
08/18/2003 07:01:00,230,47,68,14,-105,1
08/18/2003 07:02:00,230,53,78,15,-103,1
08/18/2003 07:03:00,230,59,85,16,-101,1
08/18/2003 07:04:00,230,64,88,17,-99,1
08/18/2003 07:05:00,230,67,91,18,-99,1
08/18/2003 07:06:00,230,72,96,19,-98,1
08/18/2003 07:07:00,230,78,99,18,-96,1
08/18/2003 07:08:00,230,82,109,17,-95,1
08/18/2003 07:09:00,230,85,119,16,-95,1
08/18/2003 07:10:00,230,87,127,15,-94,1
08/18/2003 07:11:00,230,87,133,13,-93,1
08/18/2003 07:12:00,230,86,140,12,-92,1
08/18/2003 07:13:00,230,84,150,11,-92,1
08/18/2003 07:14:00,230,85,158,11,-92,1
08/18/2003 07:15:00,230,90,161,9,-92,1
08/18/2003 07:16:00,230,95,159,7,-92,1
08/18/2003 07:17:00,230,97,159,6,-94,1
08/18/2003 07:18:00,230,103,160,5,-94,1
08/18/2003 07:19:00,230,108,159,4,-95,1
08/18/2003 07:20:00,230,113,157,3,-97,1
08/18/2003 07:21:00,230,117,153,2,-98,1
08/18/2003 07:22:00,230,118,148,2,-100,1
08/18/2003 07:23:00,230,120,143,2,-101,1
08/18/2003 07:24:00,230,120,136,1,-103,1
08/18/2003 07:25:00,230,121,128,1,-103,1
08/18/2003 07:26:00,230,120,122,2,-104,1
08/18/2003 07:27:00,230,117,117,2,-104,1
08/18/2003 07:28:00,230,115,110,2,-103,1
08/18/2003 07:29:00,230,112,105,3,-104,1
08/18/2003 07:30:00,230,109,100,4,-105,1
08/18/2003 07:31:00,230,106,95,5,-106,1
08/18/2003 07:32:00,230,102,94,7,-108,1
08/18/2003 07:33:00,230,97,96,8,-109,1
08/18/2003 07:34:00,230,91,96,10,-109,1
08/18/2003 07:35:00,230,85,97,11,-109,1
08/18/2003 07:36:00,230,80,99,13,-109,1
08/18/2003 07:37:00,230,76,98,14,-109,1
08/18/2003 07:38:00,230,71,98,15,-108,1
08/18/2003 07:39:00,230,68,98,16,-108,1
08/18/2003 07:40:00,230,66,96,17,-109,1
08/18/2003 07:41:00,230,65,94,18,-109,1
08/18/2003 07:42:00,230,66,93,18,-109,1
08/18/2003 07:43:00,230,66,92,19,-109,1
08/18/2003 07:44:00,230,67,91,19,-109,1
08/18/2003 07:45:00,230,68,90,19,-110,1
08/18/2003 07:46:00,230,68,89,20,-110,1
08/18/2003 07:47:00,230,67,88,20,-112,1
08/18/2003 07:48:00,230,68,88,21,-112,1
08/18/2003 07:49:00,230,70,88,21,-112,1
08/18/2003 07:50:00,230,72,87,20,-111,1
08/18/2003 07:51:00,230,74,87,20,-112,1
08/18/2003 07:52:00,230,77,87,21,-113,1
08/18/2003 07:53:00,230,80,87,22,-114,1
08/18/2003 07:54:00,230,82,89,22,-114,1
08/18/2003 07:55:00,230,84,89,23,-115,1
08/18/2003 07:56:00,230,86,88,24,-116,1
08/18/2003 07:57:00,230,90,88,24,-116,1
08/18/2003 07:58:00,230,92,86,25,-116,1
08/18/2003 07:59:00,230,93,86,25,-116,1
08/18/2003 08:00:00,230,95,85,25,-116,1
08/18/2003 08:01:00,230,96,85,25,-116,1
08/18/2003 08:02:00,230,97,83,25,-116,1
08/18/2003 08:03:00,230,98,83,25,-117,1
08/18/2003 08:04:00,230,99,83,25,-119,1
08/18/2003 08:05:00,230,99,85,26,-120,1
08/18/2003 08:06:00,230,99,88,26,-121,1
08/18/2003 08:07:00,230,98,91,26,-120,1
08/18/2003 08:08:00,230,96,92,26,-120,1
08/18/2003 08:09:00,230,94,93,26,-120,1
08/18/2003 08:10:00,230,94,94,26,-120,1
08/18/2003 08:11:00,230,94,97,26,-119,1
08/18/2003 08:12:00,230,94,100,25,-118,1
08/18/2003 08:13:00,230,93,102,25,-118,1
08/18/2003 08:14:00,230,93,105,25,-118,1
08/18/2003 08:15:00,230,91,109,25,-118,1
08/18/2003 08:16:00,230,88,115,25,-119,1
08/18/2003 08:17:00,230,85,118,25,-119,1
08/18/2003 08:18:00,230,82,122,25,-119,1
08/18/2003 08:19:00,230,78,123,25,-119,1
08/18/2003 08:20:00,230,75,125,25,-119,1
08/18/2003 08:21:00,230,72,127,25,-119,1
08/18/2003 08:22:00,230,71,129,25,-119,1
08/18/2003 08:23:00,230,72,131,25,-119,1
08/18/2003 08:24:00,230,73,131,26,-119,1
08/18/2003 08:25:00,230,73,132,25,-119,1
08/18/2003 08:26:00,230,74,131,25,-118,1
08/18/2003 08:27:00,230,74,130,24,-116,1
08/18/2003 08:28:00,230,76,129,23,-115,1
08/18/2003 08:29:00,230,78,128,22,-113,1
08/18/2003 08:30:00,230,81,124,20,-111,1
08/18/2003 08:31:00,230,84,123,19,-110,1
08/18/2003 08:32:00,230,88,122,17,-108,1
08/18/2003 08:33:00,230,89,120,16,-107,1
08/18/2003 08:34:00,230,85,119,15,-107,1
08/18/2003 08:35:00,230,78,118,15,-106,1
08/18/2003 08:36:00,230,77,117,15,-106,1
08/18/2003 08:37:00,230,76,120,16,-106,1
08/18/2003 08:38:00,230,76,121,16,-107,1
08/18/2003 08:39:00,230,73,119,16,-107,1
08/18/2003 08:40:00,230,68,114,15,-108,1
08/18/2003 08:41:00,230,63,109,15,-109,1
08/18/2003 08:42:00,230,56,106,14,-109,1
08/18/2003 08:43:00,230,50,102,13,-109,1
08/18/2003 08:44:00,230,45,99,13,-109,1
08/18/2003 08:45:00,230,43,95,12,-109,1
08/18/2003 08:46:00,230,41,91,11,-108,1
08/18/2003 08:47:00,230,40,89,11,-107,1
08/18/2003 08:48:00,230,38,84,10,-106,1
08/18/2003 08:49:00,230,38,80,9,-104,1
08/18/2003 08:50:00,230,37,77,8,-103,1
08/18/2003 08:51:00,230,37,70,7,-102,1
08/18/2003 08:52:00,230,39,68,6,-100,1
08/18/2003 08:53:00,230,39,69,5,-100,1
08/18/2003 08:54:00,230,39,75,3,-99,1
08/18/2003 08:55:00,230,43,83,2,-98,1
08/18/2003 08:56:00,230,44,92,2,-97,1
08/18/2003 08:57:00,230,45,99,0,-98,1
08/18/2003 08:58:00,230,48,104,0,-98,1
08/18/2003 08:59:00,230,51,110,-1,-99,1
08/18/2003 09:00:00,230,52,119,-1,-101,1
08/18/2003 09:01:00,230,53,121,0,-103,1
08/18/2003 09:02:00,230,57,120,-1,-102,1
08/18/2003 09:03:00,230,61,119,-2,-102,1
08/18/2003 09:04:00,230,63,119,-2,-102,1
08/18/2003 09:05:00,230,67,117,-2,-101,1
08/18/2003 09:06:00,230,70,114,-2,-100,1
08/18/2003 09:07:00,230,71,109,-1,-101,1
08/18/2003 09:08:00,230,72,104,-1,-100,1
08/18/2003 09:09:00,230,73,101,0,-101,1
08/18/2003 09:10:00,230,73,97,0,-101,1
08/18/2003 09:11:00,230,72,93,1,-101,1
08/18/2003 09:12:00,230,71,93,3,-103,1
08/18/2003 09:13:00,230,72,93,4,-103,1
08/18/2003 09:14:00,230,75,93,5,-103,1
08/18/2003 09:15:00,230,77,91,6,-104,1
08/18/2003 09:16:00,230,80,89,7,-104,1
08/18/2003 09:17:00,230,81,89,7,-105,1
08/18/2003 09:18:00,230,83,87,8,-105,1
08/18/2003 09:19:00,230,83,84,8,-104,1
08/18/2003 09:20:00,230,83,82,8,-104,1
08/18/2003 09:21:00,230,84,77,8,-104,1
08/18/2003 09:22:00,230,83,71,8,-104,1
08/18/2003 09:23:00,230,83,69,8,-104,1
08/18/2003 09:24:00,230,84,65,8,-104,1
08/18/2003 09:25:00,230,83,62,8,-105,1
08/18/2003 09:26:00,230,80,64,9,-106,1
08/18/2003 09:27:00,230,79,65,9,-106,1
08/18/2003 09:28:00,230,77,64,9,-105,1
08/18/2003 09:29:00,230,76,64,9,-105,1
08/18/2003 09:30:00,230,74,64,9,-105,1
08/18/2003 09:31:00,230,73,62,10,-106,1
08/18/2003 09:32:00,230,73,60,10,-105,1
08/18/2003 09:33:00,230,73,60,11,-105,1
08/18/2003 09:34:00,230,74,57,11,-105,1
08/18/2003 09:35:00,230,75,56,12,-105,1
08/18/2003 09:36:00,230,76,56,12,-105,1
08/18/2003 09:37:00,230,76,57,13,-104,1
08/18/2003 09:38:00,230,75,59,14,-104,1
08/18/2003 09:39:00,230,76,59,14,-103,1
08/18/2003 09:40:00,230,75,60,15,-103,1
08/18/2003 09:41:00,230,73,61,15,-103,1
08/18/2003 09:42:00,230,71,63,15,-102,1
08/18/2003 09:43:00,230,69,65,16,-101,1
08/18/2003 09:44:00,230,66,70,16,-101,1
08/18/2003 09:45:00,230,63,74,16,-101,1
08/18/2003 09:46:00,230,60,78,16,-100,1
08/18/2003 09:47:00,230,57,80,16,-101,1
08/18/2003 09:48:00,230,54,84,16,-101,1
08/18/2003 09:49:00,230,50,86,17,-101,1
08/18/2003 09:50:00,230,47,88,17,-101,1
08/18/2003 09:51:00,230,43,90,17,-101,1
08/18/2003 09:52:00,230,40,93,17,-102,1
08/18/2003 09:53:00,230,41,94,17,-102,1
08/18/2003 09:54:00,230,43,93,17,-103,1
08/18/2003 09:55:00,230,45,88,17,-104,1
08/18/2003 09:56:00,230,46,85,16,-104,1
08/18/2003 09:57:00,230,46,79,15,-105,1
08/18/2003 09:58:00,230,47,78,15,-106,1
08/18/2003 09:59:00,230,47,83,15,-106,1
08/18/2003 10:00:00,230,47,87,15,-107,1
08/18/2003 10:01:00,230,46,92,14,-107,1
08/18/2003 10:02:00,230,45,93,14,-107,1
08/18/2003 10:03:00,230,44,93,14,-109,1
08/18/2003 10:04:00,230,42,95,14,-110,1
08/18/2003 10:05:00,230,40,97,14,-111,1
08/18/2003 10:06:00,230,38,100,14,-111,1
08/18/2003 10:07:00,230,37,106,15,-111,1
08/18/2003 10:08:00,230,40,108,14,-111,1
08/18/2003 10:09:00,230,45,111,14,-111,1
08/18/2003 10:10:00,230,50,112,14,-111,1
08/18/2003 10:11:00,230,56,110,14,-111,1
08/18/2003 10:12:00,230,59,107,13,-111,1
08/18/2003 10:13:00,230,61,104,13,-111,1
08/18/2003 10:14:00,230,62,103,13,-111,1
08/18/2003 10:15:00,230,61,103,13,-112,1
08/18/2003 10:16:00,230,56,100,13,-113,1
08/18/2003 10:17:00,230,50,105,13,-114,1
08/18/2003 10:18:00,230,42,111,14,-115,1
08/18/2003 10:19:00,230,34,112,15,-117,1
08/18/2003 10:20:00,230,29,114,15,-118,1
08/18/2003 10:21:00,230,29,114,16,-117,1
08/18/2003 10:22:00,230,32,110,15,-116,1
08/18/2003 10:23:00,230,34,105,15,-116,1
08/18/2003 10:24:00,230,35,99,14,-116,1
08/18/2003 10:25:00,230,38,95,13,-116,1
08/18/2003 10:26:00,230,41,92,12,-117,1
08/18/2003 10:27:00,230,47,87,11,-118,1
08/18/2003 10:28:00,230,53,82,11,-118,1
08/18/2003 10:29:00,230,57,80,10,-119,1
08/18/2003 10:30:00,230,60,79,10,-119,1
08/18/2003 10:31:00,230,62,82,9,-118,1
08/18/2003 10:32:00,230,63,86,9,-118,1
08/18/2003 10:33:00,230,64,89,10,-117,1
08/18/2003 10:34:00,230,65,91,10,-118,1
08/18/2003 10:35:00,230,65,93,10,-118,1
08/18/2003 10:36:00,230,63,96,10,-118,1
08/18/2003 10:37:00,230,64,98,10,-118,1
08/18/2003 10:38:00,230,67,99,10,-117,1
08/18/2003 10:39:00,230,67,101,10,-117,1
08/18/2003 10:40:00,230,67,104,10,-116,1
08/18/2003 10:41:00,230,66,104,11,-116,1
08/18/2003 10:42:00,230,67,102,11,-116,1
08/18/2003 10:43:00,230,69,102,10,-116,1
08/18/2003 10:44:00,230,70,99,10,-116,1
08/18/2003 10:45:00,230,71,96,9,-117,1
08/18/2003 10:46:00,230,71,95,9,-117,1
08/18/2003 10:47:00,230,71,91,9,-118,1
08/18/2003 10:48:00,230,71,86,8,-118,1
08/18/2003 10:49:00,230,69,83,8,-118,1
08/18/2003 10:50:00,230,67,78,7,-118,1
08/18/2003 10:51:00,230,64,75,7,-118,1
08/18/2003 10:52:00,230,62,74,7,-118,1
08/18/2003 10:53:00,230,59,74,7,-118,1
08/18/2003 10:54:00,230,56,69,7,-119,1
08/18/2003 10:55:00,230,54,67,6,-119,1
08/18/2003 10:56:00,230,51,67,7,-118,1
08/18/2003 10:57:00,230,47,67,8,-118,1
08/18/2003 10:58:00,230,54,68,9,-116,1
08/18/2003 10:59:00,230,68,72,9,-115,1
08/18/2003 11:00:00,230,77,72,10,-114,1
08/18/2003 11:01:00,230,84,73,11,-112,1
08/18/2003 11:02:00,230,91,76,12,-110,1
08/18/2003 11:03:00,230,94,76,12,-107,1
08/18/2003 11:04:00,230,92,76,12,-105,1
08/18/2003 11:05:00,230,91,76,12,-102,1
08/18/2003 11:06:00,230,91,77,12,-102,1
08/18/2003 11:07:00,230,88,79,11,-100,1
08/18/2003 11:08:00,230,85,81,12,-99,1
08/18/2003 11:09:00,230,84,82,12,-97,1
08/18/2003 11:10:00,230,84,80,12,-95,1
08/18/2003 11:11:00,230,84,77,11,-92,1
08/18/2003 11:12:00,230,83,76,12,-91,1
08/18/2003 11:13:00,230,83,76,11,-90,1
08/18/2003 11:14:00,230,83,72,11,-88,1
08/18/2003 11:15:00,230,81,70,11,-87,1
08/18/2003 11:16:00,230,78,67,11,-87,1
08/18/2003 11:17:00,230,78,67,11,-87,1
08/18/2003 11:18:00,230,80,64,12,-87,1
08/18/2003 11:19:00,230,82,62,12,-87,1
08/18/2003 11:20:00,230,87,65,13,-88,1
08/18/2003 11:21:00,230,90,69,14,-89,1
08/18/2003 11:22:00,230,94,75,15,-89,1
08/18/2003 11:23:00,230,97,78,16,-90,1
08/18/2003 11:24:00,230,99,78,16,-90,1
08/18/2003 11:25:00,230,100,79,16,-89,1
08/18/2003 11:26:00,230,102,80,17,-90,1
08/18/2003 11:27:00,230,106,82,18,-89,1
08/18/2003 11:28:00,230,106,83,18,-89,1
08/18/2003 11:29:00,230,106,84,18,-90,1
08/18/2003 11:30:00,230,107,85,17,-90,1
08/18/2003 11:31:00,230,106,86,16,-90,1
08/18/2003 11:32:00,230,105,87,15,-90,1
08/18/2003 11:33:00,230,106,86,14,-90,1
08/18/2003 11:34:00,230,106,87,13,-90,1
08/18/2003 11:35:00,230,107,87,12,-90,1
08/18/2003 11:36:00,230,107,87,11,-91,1
08/18/2003 11:37:00,230,108,88,10,-91,1
08/18/2003 11:38:00,230,107,87,10,-92,1
08/18/2003 11:39:00,230,109,87,9,-93,1
08/18/2003 11:40:00,230,108,86,9,-94,1
08/18/2003 11:41:00,230,107,89,9,-95,1
08/18/2003 11:42:00,230,105,89,9,-97,1
08/18/2003 11:43:00,230,103,90,9,-98,1
08/18/2003 11:44:00,230,102,92,9,-100,1
08/18/2003 11:45:00,230,101,92,9,-100,1
08/18/2003 11:46:00,230,100,93,10,-102,1
08/18/2003 11:47:00,230,99,92,10,-103,1
08/18/2003 11:48:00,230,100,93,10,-104,1
08/18/2003 11:49:00,230,103,94,10,-104,1
08/18/2003 11:50:00,230,109,94,10,-105,1
08/18/2003 11:51:00,230,113,93,10,-106,1
08/18/2003 11:52:00,230,116,94,10,-107,1
08/18/2003 11:53:00,230,120,96,10,-107,1
08/18/2003 11:54:00,230,122,95,10,-107,1
08/18/2003 11:55:00,230,122,95,9,-107,1
08/18/2003 11:56:00,230,122,97,9,-107,1
08/18/2003 11:57:00,230,122,96,9,-108,1
08/18/2003 11:58:00,230,123,97,8,-108,1
08/18/2003 11:59:00,230,122,98,8,-108,1
08/18/2003 12:00:00,230,122,99,8,-107,1
08/18/2003 12:01:00,230,122,97,8,-108,1
08/18/2003 12:02:00,230,121,98,7,-109,1
08/18/2003 12:03:00,230,121,98,7,-109,1
08/18/2003 12:04:00,230,120,99,7,-109,1
08/18/2003 12:05:00,230,119,99,7,-109,1
08/18/2003 12:06:00,230,117,100,7,-109,1
08/18/2003 12:07:00,230,118,101,7,-109,1
08/18/2003 12:08:00,230,118,101,7,-109,1
08/18/2003 12:09:00,230,118,101,7,-109,1
08/18/2003 12:10:00,230,118,102,7,-109,1
08/18/2003 12:11:00,230,118,102,7,-109,1
08/18/2003 12:12:00,230,117,100,7,-109,1
08/18/2003 12:13:00,230,116,100,6,-108,1
08/18/2003 12:14:00,230,116,100,6,-108,1
08/18/2003 12:15:00,230,117,99,5,-108,1
08/18/2003 12:16:00,230,117,99,5,-108,1
08/18/2003 12:17:00,230,118,98,5,-109,1
08/18/2003 12:18:00,230,118,98,4,-109,1
08/18/2003 12:19:00,230,121,98,4,-109,1
08/18/2003 12:20:00,230,120,99,4,-109,1
08/18/2003 12:21:00,230,124,100,4,-109,1
08/18/2003 12:22:00,230,124,101,3,-110,1
08/18/2003 12:23:00,230,124,101,3,-111,1
08/18/2003 12:24:00,230,124,101,3,-111,1
08/18/2003 12:25:00,230,124,101,2,-112,1
08/18/2003 12:26:00,230,123,100,2,-112,1
08/18/2003 12:27:00,230,123,98,1,-112,1
08/18/2003 12:28:00,230,124,97,1,-113,1
08/18/2003 12:29:00,230,124,96,1,-112,1
08/18/2003 12:30:00,230,124,93,0,-113,1
08/18/2003 12:31:00,230,124,92,0,-113,1
08/18/2003 12:32:00,230,123,91,0,-112,1
08/18/2003 12:33:00,230,123,91,0,-113,1
08/18/2003 12:34:00,230,124,91,-1,-114,1
08/18/2003 12:35:00,230,127,92,-1,-115,1
08/18/2003 12:36:00,230,130,93,-2,-114,1
08/18/2003 12:37:00,230,133,94,-2,-114,1
08/18/2003 12:38:00,230,136,96,-2,-114,1
08/18/2003 12:39:00,230,138,99,-2,-114,1
08/18/2003 12:40:00,230,135,102,-2,-114,1
08/18/2003 12:41:00,230,136,106,-2,-114,1
08/18/2003 12:42:00,230,137,108,-2,-114,1
08/18/2003 12:43:00,230,139,112,-3,-113,1
08/18/2003 12:44:00,230,137,114,-3,-113,1
08/18/2003 12:45:00,230,137,119,-2,-114,1
08/18/2003 12:46:00,230,141,122,-2,-114,1
08/18/2003 12:47:00,230,143,121,-3,-114,1
08/18/2003 12:48:00,230,143,119,-3,-113,1
08/18/2003 12:49:00,230,140,118,-2,-113,1
08/18/2003 12:50:00,230,137,117,-2,-112,1
08/18/2003 12:51:00,230,131,116,-2,-112,1
08/18/2003 12:52:00,230,126,114,-2,-113,1
08/18/2003 12:53:00,230,121,113,-1,-113,1
08/18/2003 12:54:00,230,116,112,-1,-114,1
08/18/2003 12:55:00,230,113,113,0,-114,1
08/18/2003 12:56:00,230,112,114,1,-114,1
08/18/2003 12:57:00,230,112,117,1,-115,1
08/18/2003 12:58:00,230,113,119,1,-115,1
08/18/2003 12:59:00,230,114,121,1,-115,1
08/18/2003 13:00:00,230,112,121,1,-115,1
08/18/2003 13:01:00,230,114,123,1,-115,1
08/18/2003 13:02:00,230,116,123,0,-115,1
08/18/2003 13:03:00,230,118,124,1,-114,1
08/18/2003 13:04:00,230,120,122,0,-114,1
08/18/2003 13:05:00,230,123,120,0,-113,1
08/18/2003 13:06:00,230,125,119,0,-113,1
08/18/2003 13:07:00,230,126,119,-1,-113,1
08/18/2003 13:08:00,230,126,117,-1,-113,1
08/18/2003 13:09:00,230,125,116,-1,-114,1
08/18/2003 13:10:00,230,124,114,-1,-114,1
08/18/2003 13:11:00,230,121,114,-1,-114,1
08/18/2003 13:12:00,230,119,111,-1,-114,1
08/18/2003 13:13:00,230,119,109,-2,-114,1
08/18/2003 13:14:00,230,118,106,-3,-114,1
08/18/2003 13:15:00,230,115,103,-3,-114,1
08/18/2003 13:16:00,230,113,101,-4,-115,1
08/18/2003 13:17:00,230,114,100,-3,-115,1
08/18/2003 13:18:00,230,118,101,-3,-116,1
08/18/2003 13:19:00,230,122,102,-3,-116,1
08/18/2003 13:20:00,230,124,102,-2,-117,1
08/18/2003 13:21:00,230,129,105,-2,-117,1
08/18/2003 13:22:00,230,132,106,-3,-118,1
08/18/2003 13:23:00,230,131,108,-2,-119,1
08/18/2003 13:24:00,230,133,109,-2,-120,1
08/18/2003 13:25:00,230,130,110,-2,-120,1
08/18/2003 13:26:00,230,126,111,-1,-121,1
08/18/2003 13:27:00,230,123,110,-1,-122,1
08/18/2003 13:28:00,230,121,109,0,-122,1
08/18/2003 13:29:00,230,120,109,0,-123,1
08/18/2003 13:30:00,230,121,109,0,-122,1
08/18/2003 13:31:00,230,120,110,0,-122,1
08/18/2003 13:32:00,230,120,109,0,-122,1
08/18/2003 13:33:00,230,119,108,0,-122,1
08/18/2003 13:34:00,230,118,109,0,-122,1
08/18/2003 13:35:00,230,119,108,-1,-123,1
08/18/2003 13:36:00,230,117,109,-1,-123,1
08/18/2003 13:37:00,230,119,108,-2,-124,1
08/18/2003 13:38:00,230,116,107,-2,-125,1
08/18/2003 13:39:00,230,115,104,-3,-125,1
08/18/2003 13:40:00,230,109,102,-3,-126,1
08/18/2003 13:41:00,230,106,100,-3,-126,1
08/18/2003 13:42:00,230,103,98,-3,-127,1
08/18/2003 13:43:00,230,104,98,-3,-126,1
08/18/2003 13:44:00,230,102,98,-3,-126,1
08/18/2003 13:45:00,230,102,97,-3,-127,1
08/18/2003 13:46:00,230,100,94,-3,-126,1
08/18/2003 13:47:00,230,104,92,-2,-126,1
08/18/2003 13:48:00,230,106,91,-2,-126,1
08/18/2003 13:49:00,230,108,89,-2,-126,1
08/18/2003 13:50:00,230,108,86,-2,-126,1
08/18/2003 13:51:00,230,110,86,-2,-126,1
08/18/2003 13:52:00,230,112,85,-1,-126,1
08/18/2003 13:53:00,230,113,86,-1,-126,1
08/18/2003 13:54:00,230,115,87,-1,-126,1
08/18/2003 13:55:00,230,116,89,-1,-125,1
08/18/2003 13:56:00,230,117,90,-1,-125,1
08/18/2003 13:57:00,230,118,91,-1,-125,1
08/18/2003 13:58:00,230,118,91,0,-126,1
08/18/2003 13:59:00,230,118,92,0,-127,1
08/18/2003 14:00:00,230,119,95,0,-127,1
08/18/2003 14:01:00,230,118,94,1,-127,1
08/18/2003 14:02:00,230,116,93,1,-128,1
08/18/2003 14:03:00,230,114,91,2,-128,1
08/18/2003 14:04:00,230,113,88,3,-129,1
08/18/2003 14:05:00,230,111,86,3,-130,1
08/18/2003 14:06:00,230,110,83,3,-130,1
08/18/2003 14:07:00,230,110,80,3,-131,1
08/18/2003 14:08:00,230,109,78,4,-131,1
08/18/2003 14:09:00,230,107,78,4,-132,1
08/18/2003 14:10:00,230,106,79,4,-132,1
08/18/2003 14:11:00,230,106,79,4,-132,1
08/18/2003 14:12:00,230,107,78,5,-132,1
08/18/2003 14:13:00,230,108,79,5,-132,1
08/18/2003 14:14:00,230,109,79,5,-133,1
08/18/2003 14:15:00,230,110,80,5,-133,1
08/18/2003 14:16:00,230,108,80,5,-133,1
08/18/2003 14:17:00,230,110,80,5,-133,1
08/18/2003 14:18:00,230,109,80,6,-134,1
08/18/2003 14:19:00,230,107,80,7,-134,1
08/18/2003 14:20:00,230,109,79,6,-133,1
08/18/2003 14:21:00,230,107,72,5,-132,1
08/18/2003 14:22:00,230,101,61,4,-131,1
08/18/2003 14:23:00,230,97,57,3,-130,1
08/18/2003 14:24:00,230,95,59,2,-130,1
08/18/2003 14:25:00,230,94,61,0,-131,1
08/18/2003 14:26:00,230,100,60,-1,-132,1
08/18/2003 14:27:00,230,104,60,-2,-135,1
08/18/2003 14:28:00,230,104,58,-2,-136,1
08/18/2003 14:29:00,230,101,64,-1,-137,1
08/18/2003 14:30:00,230,98,70,0,-138,1
08/18/2003 14:31:00,230,95,76,0,-138,1
08/18/2003 14:32:00,230,93,80,1,-139,1
08/18/2003 14:33:00,230,93,85,1,-138,1
08/18/2003 14:34:00,230,91,88,2,-137,1
08/18/2003 14:35:00,230,93,92,2,-135,1
08/18/2003 14:36:00,230,96,95,3,-135,1
08/18/2003 14:37:00,230,96,96,3,-134,1
08/18/2003 14:38:00,230,96,97,4,-133,1
08/18/2003 14:39:00,230,101,97,4,-131,1
08/18/2003 14:40:00,230,103,97,5,-130,1
08/18/2003 14:41:00,230,105,99,5,-130,1
08/18/2003 14:42:00,230,105,99,6,-129,1
08/18/2003 14:43:00,230,104,98,6,-129,1
08/18/2003 14:44:00,230,103,100,6,-129,1
08/18/2003 14:45:00,230,101,101,6,-129,1
08/18/2003 14:46:00,230,103,103,6,-128,1
08/18/2003 14:47:00,230,105,102,6,-127,1
08/18/2003 14:48:00,230,104,102,5,-126,1
08/18/2003 14:49:00,230,104,103,5,-127,1
08/18/2003 14:50:00,230,104,106,5,-127,1
08/18/2003 14:51:00,230,105,109,4,-126,1
08/18/2003 14:52:00,230,107,111,4,-126,1
08/18/2003 14:53:00,230,108,112,3,-126,1
08/18/2003 14:54:00,230,110,113,3,-126,1
08/18/2003 14:55:00,230,113,114,3,-126,1
08/18/2003 14:56:00,230,114,113,2,-126,1
08/18/2003 14:57:00,230,112,108,2,-126,1
08/18/2003 14:58:00,230,110,104,3,-127,1
08/18/2003 14:59:00,230,107,99,3,-127,1
08/18/2003 15:00:00,230,104,94,3,-127,1
08/18/2003 15:01:00,230,102,90,2,-129,1
08/18/2003 15:02:00,230,101,89,2,-129,1
08/18/2003 15:03:00,230,99,89,2,-130,1
08/18/2003 15:04:00,230,101,84,2,-128,1
08/18/2003 15:05:00,230,98,76,2,-128,1
08/18/2003 15:06:00,230,92,67,3,-130,1
08/18/2003 15:07:00,230,89,64,3,-131,1
08/18/2003 15:08:00,230,89,64,3,-130,1
08/18/2003 15:09:00,230,89,65,4,-132,1
08/18/2003 15:10:00,230,90,67,3,-132,1
08/18/2003 15:11:00,230,92,69,4,-132,1
08/18/2003 15:12:00,230,96,73,3,-133,1
08/18/2003 15:13:00,230,100,78,3,-133,1
08/18/2003 15:14:00,230,102,81,3,-133,1
08/18/2003 15:15:00,230,105,85,2,-133,1
08/18/2003 15:16:00,230,108,89,2,-133,1
08/18/2003 15:17:00,230,109,88,2,-132,1
08/18/2003 15:18:00,230,109,90,2,-133,1
08/18/2003 15:19:00,230,108,89,2,-133,1
08/18/2003 15:20:00,230,108,88,2,-133,1
08/18/2003 15:21:00,230,106,84,2,-133,1
08/18/2003 15:22:00,230,104,82,2,-134,1
08/18/2003 15:23:00,230,100,80,2,-134,1
08/18/2003 15:24:00,230,98,79,1,-134,1
08/18/2003 15:25:00,230,96,79,1,-134,1
08/18/2003 15:26:00,230,93,79,1,-134,1
08/18/2003 15:27:00,230,89,79,1,-134,1
08/18/2003 15:28:00,230,86,79,1,-134,1
08/18/2003 15:29:00,230,82,78,1,-135,1
08/18/2003 15:30:00,230,81,78,1,-135,1
08/18/2003 15:31:00,230,79,77,1,-135,1
08/18/2003 15:32:00,230,76,76,1,-136,1
08/18/2003 15:33:00,230,75,75,1,-136,1
08/18/2003 15:34:00,230,73,75,1,-136,1
08/18/2003 15:35:00,230,73,74,1,-137,1
08/18/2003 15:36:00,230,73,73,0,-137,1
08/18/2003 15:37:00,230,72,72,1,-137,1
08/18/2003 15:38:00,230,70,70,1,-137,1
08/18/2003 15:39:00,230,68,69,1,-138,1
08/18/2003 15:40:00,230,67,69,1,-138,1
08/18/2003 15:41:00,230,67,68,1,-138,1
08/18/2003 15:42:00,230,67,68,1,-138,1
08/18/2003 15:43:00,230,65,66,0,-138,1
08/18/2003 15:44:00,230,62,65,0,-137,1
08/18/2003 15:45:00,230,59,63,-1,-136,1
08/18/2003 15:46:00,230,55,62,-2,-135,1
08/18/2003 15:47:00,230,50,61,-2,-134,1
08/18/2003 15:48:00,230,46,59,-3,-132,1
08/18/2003 15:49:00,230,43,59,-4,-131,1
08/18/2003 15:50:00,230,41,59,-4,-130,1
08/18/2003 15:51:00,230,39,58,-4,-129,1
08/18/2003 15:52:00,230,39,60,-5,-129,1
08/18/2003 15:53:00,230,39,61,-6,-129,1
08/18/2003 15:54:00,230,41,60,-5,-130,1
08/18/2003 15:55:00,230,45,58,-6,-129,1
08/18/2003 15:56:00,230,49,57,-6,-129,1
08/18/2003 15:57:00,230,51,57,-6,-129,1
08/18/2003 15:58:00,230,53,59,-6,-129,1
08/18/2003 15:59:00,230,51,57,-6,-128,1
08/18/2003 16:00:00,230,51,54,-5,-127,1
08/18/2003 16:01:00,230,49,50,-5,-126,1
08/18/2003 16:02:00,230,50,48,-5,-125,1
08/18/2003 16:03:00,230,48,48,-5,-124,1
08/18/2003 16:04:00,230,45,46,-6,-124,1
08/18/2003 16:05:00,230,41,44,-6,-124,1
08/18/2003 16:06:00,230,37,43,-6,-123,1
08/18/2003 16:07:00,230,34,41,-6,-123,1
08/18/2003 16:08:00,230,31,41,-6,-123,1
08/18/2003 16:09:00,230,33,42,-7,-123,1
08/18/2003 16:10:00,230,34,43,-7,-123,1
08/18/2003 16:11:00,230,37,44,-7,-124,1
08/18/2003 16:12:00,230,39,46,-7,-125,1
08/18/2003 16:13:00,230,40,47,-8,-126,1
08/18/2003 16:14:00,230,41,49,-8,-126,1
08/18/2003 16:15:00,230,41,49,-8,-127,1
08/18/2003 16:16:00,230,42,48,-8,-127,1
08/18/2003 16:17:00,230,45,48,-8,-128,1
08/18/2003 16:18:00,230,48,47,-7,-129,1
08/18/2003 16:19:00,230,49,47,-7,-129,1
08/18/2003 16:20:00,230,50,45,-8,-129,1
08/18/2003 16:21:00,230,53,43,-8,-129,1
08/18/2003 16:22:00,230,54,41,-7,-128,1
08/18/2003 16:23:00,230,54,40,-7,-128,1
08/18/2003 16:24:00,230,54,41,-7,-128,1
08/18/2003 16:25:00,230,56,40,-7,-129,1
08/18/2003 16:26:00,230,58,39,-7,-129,1
08/18/2003 16:27:00,230,59,44,-8,-128,1
08/18/2003 16:28:00,230,58,49,-8,-128,1
08/18/2003 16:29:00,230,56,51,-7,-127,1
08/18/2003 16:30:00,230,53,55,-7,-126,1
08/18/2003 16:31:00,230,57,58,-7,-126,1
08/18/2003 16:32:00,230,61,65,-6,-126,1
08/18/2003 16:33:00,230,64,68,-6,-126,1
08/18/2003 16:34:00,230,67,70,-5,-125,1
08/18/2003 16:35:00,230,69,73,-5,-125,1
08/18/2003 16:36:00,230,71,77,-4,-124,1
08/18/2003 16:37:00,230,71,79,-4,-124,1
08/18/2003 16:38:00,230,72,80,-3,-122,1
08/18/2003 16:39:00,230,70,77,-3,-121,1
08/18/2003 16:40:00,230,68,77,-3,-120,1
08/18/2003 16:41:00,230,65,78,-3,-119,1
08/18/2003 16:42:00,230,64,80,-3,-119,1
08/18/2003 16:43:00,230,63,80,-4,-119,1
08/18/2003 16:44:00,230,62,80,-5,-119,1
08/18/2003 16:45:00,230,61,80,-6,-119,1
08/18/2003 16:46:00,230,60,79,-6,-119,1
08/18/2003 16:47:00,230,58,79,-6,-119,1
08/18/2003 16:48:00,230,57,79,-6,-120,1
08/18/2003 16:49:00,230,55,77,-6,-120,1
08/18/2003 16:50:00,230,52,75,-6,-120,1
08/18/2003 16:51:00,230,50,74,-7,-121,1
08/18/2003 16:52:00,230,50,71,-7,-121,1
08/18/2003 16:53:00,230,51,69,-6,-121,1
08/18/2003 16:54:00,230,49,67,-7,-122,1
08/18/2003 16:55:00,230,46,65,-6,-122,1
08/18/2003 16:56:00,230,42,64,-7,-121,1
08/18/2003 16:57:00,230,40,63,-7,-121,1
08/18/2003 16:58:00,230,37,63,-7,-122,1
08/18/2003 16:59:00,230,35,62,-7,-122,1
08/18/2003 17:00:00,230,32,60,-7,-123,1
08/18/2003 17:01:00,230,34,62,-7,-123,1
08/18/2003 17:02:00,230,36,63,-7,-124,1
08/18/2003 17:03:00,230,38,63,-6,-125,1
08/18/2003 17:04:00,230,39,63,-6,-124,1
08/18/2003 17:05:00,230,41,63,-6,-124,1
08/18/2003 17:06:00,230,44,63,-6,-125,1
08/18/2003 17:07:00,230,47,63,-5,-125,1
08/18/2003 17:08:00,230,50,64,-5,-125,1
08/18/2003 17:09:00,230,51,65,-5,-126,1
08/18/2003 17:10:00,230,52,64,-4,-127,1
08/18/2003 17:11:00,230,55,65,-4,-127,1
08/18/2003 17:12:00,230,57,66,-4,-127,1
08/18/2003 17:13:00,230,57,65,-3,-126,1
08/18/2003 17:14:00,230,58,65,-2,-126,1
08/18/2003 17:15:00,230,60,65,-2,-126,1
08/18/2003 17:16:00,230,62,63,-2,-126,1
08/18/2003 17:17:00,230,64,64,-2,-126,1
08/18/2003 17:18:00,230,66,63,-2,-127,1
08/18/2003 17:19:00,230,69,63,-2,-127,1
08/18/2003 17:20:00,230,70,63,-2,-126,1
08/18/2003 17:21:00,230,70,64,-2,-125,1
08/18/2003 17:22:00,230,71,64,-2,-125,1
08/18/2003 17:23:00,230,72,64,-2,-125,1
08/18/2003 17:24:00,230,74,64,-2,-124,1
08/18/2003 17:25:00,230,74,65,-2,-125,1
08/18/2003 17:26:00,230,77,67,-2,-124,1
08/18/2003 17:27:00,230,79,68,-2,-124,1
08/18/2003 17:28:00,230,81,69,-2,-125,1
08/18/2003 17:29:00,230,84,69,-2,-126,1
08/18/2003 17:30:00,230,85,67,-2,-126,1
08/18/2003 17:31:00,230,85,67,-2,-126,1
08/18/2003 17:32:00,230,85,67,-2,-126,1
08/18/2003 17:33:00,230,86,67,-2,-125,1
08/18/2003 17:34:00,230,85,68,-2,-125,1
08/18/2003 17:35:00,230,86,67,-2,-124,1
08/18/2003 17:36:00,230,87,68,-2,-124,1
08/18/2003 17:37:00,230,86,67,-1,-125,1
08/18/2003 17:38:00,230,87,68,-1,-125,1
08/18/2003 17:39:00,230,86,68,-1,-126,1
08/18/2003 17:40:00,230,87,69,-1,-126,1
08/18/2003 17:41:00,230,86,68,0,-126,1
08/18/2003 17:42:00,230,83,67,0,-126,1
08/18/2003 17:43:00,230,81,68,0,-127,1
08/18/2003 17:44:00,230,81,68,0,-127,1
08/18/2003 17:45:00,230,81,67,0,-127,1
08/18/2003 17:46:00,230,81,67,0,-127,1
08/18/2003 17:47:00,230,81,66,0,-127,1
08/18/2003 17:48:00,230,81,67,1,-127,1
08/18/2003 17:49:00,230,81,67,1,-127,1
08/18/2003 17:50:00,230,83,67,1,-127,1
08/18/2003 17:51:00,230,84,67,1,-127,1
08/18/2003 17:52:00,230,84,69,1,-127,1
08/18/2003 17:53:00,230,84,70,1,-128,1
08/18/2003 17:54:00,230,84,71,1,-128,1
08/18/2003 17:55:00,230,83,71,1,-128,1
08/18/2003 17:56:00,230,82,72,1,-127,1
08/18/2003 17:57:00,230,79,72,1,-127,1
08/18/2003 17:58:00,230,77,73,1,-127,1
08/18/2003 17:59:00,230,77,73,1,-127,1
08/18/2003 18:00:00,230,75,73,1,-127,1
08/18/2003 18:01:00,230,74,73,1,-127,1
08/18/2003 18:02:00,230,71,73,1,-126,1
08/18/2003 18:03:00,230,69,72,2,-125,1
08/18/2003 18:04:00,230,70,70,2,-126,1
08/18/2003 18:05:00,230,74,69,1,-126,1
08/18/2003 18:06:00,230,74,68,1,-126,1
08/18/2003 18:07:00,230,75,66,1,-126,1
08/18/2003 18:08:00,230,77,64,2,-125,1
08/18/2003 18:09:00,230,78,63,2,-124,1
08/18/2003 18:10:00,230,79,63,3,-123,1
08/18/2003 18:11:00,230,81,63,3,-123,1
08/18/2003 18:12:00,230,81,62,3,-123,1
08/18/2003 18:13:00,230,82,62,4,-123,1
08/18/2003 18:14:00,230,81,60,4,-123,1
08/18/2003 18:15:00,230,79,60,3,-123,1
08/18/2003 18:16:00,230,76,58,3,-123,1
08/18/2003 18:17:00,230,78,56,3,-123,1
08/18/2003 18:18:00,230,79,53,3,-121,1
08/18/2003 18:19:00,230,81,52,3,-121,1
08/18/2003 18:20:00,230,83,49,3,-120,1
08/18/2003 18:21:00,230,84,46,4,-120,1
08/18/2003 18:22:00,230,85,44,5,-120,1
08/18/2003 18:23:00,230,88,43,6,-120,1
08/18/2003 18:24:00,230,90,44,6,-120,1
08/18/2003 18:25:00,230,91,45,7,-121,1
08/18/2003 18:26:00,230,91,46,8,-122,1
08/18/2003 18:27:00,230,90,49,8,-122,1
08/18/2003 18:28:00,230,90,53,8,-121,1
08/18/2003 18:29:00,230,90,57,8,-121,1
08/18/2003 18:30:00,230,91,59,8,-120,1
08/18/2003 18:31:00,230,91,60,8,-120,1
08/18/2003 18:32:00,230,91,63,7,-122,1
08/18/2003 18:33:00,230,92,65,7,-122,1
08/18/2003 18:34:00,230,93,68,7,-122,1
08/18/2003 18:35:00,230,93,71,7,-122,1
08/18/2003 18:36:00,230,94,72,7,-123,1
08/18/2003 18:37:00,230,95,73,7,-122,1
08/18/2003 18:38:00,230,96,75,7,-121,1
08/18/2003 18:39:00,230,97,76,7,-122,1
08/18/2003 18:40:00,230,99,76,7,-122,1
08/18/2003 18:41:00,230,101,76,7,-121,1
08/18/2003 18:42:00,230,100,78,6,-122,1
08/18/2003 18:43:00,230,100,78,6,-121,1
08/18/2003 18:44:00,230,100,79,6,-120,1
08/18/2003 18:45:00,230,99,79,6,-120,1
08/18/2003 18:46:00,230,99,79,5,-119,1
08/18/2003 18:47:00,230,98,79,5,-120,1
08/18/2003 18:48:00,230,98,79,4,-120,1
08/18/2003 18:49:00,230,97,79,4,-120,1
08/18/2003 18:50:00,230,97,79,4,-121,1
08/18/2003 18:51:00,230,97,79,3,-121,1
08/18/2003 18:52:00,230,97,78,3,-121,1
08/18/2003 18:53:00,230,97,80,3,-121,1
08/18/2003 18:54:00,230,94,81,3,-122,1
08/18/2003 18:55:00,230,93,80,2,-122,1
08/18/2003 18:56:00,230,90,80,2,-121,1
08/18/2003 18:57:00,230,87,81,2,-122,1
08/18/2003 18:58:00,230,86,80,1,-122,1
08/18/2003 18:59:00,230,83,80,1,-122,1
08/18/2003 19:00:00,230,80,79,1,-122,1
08/18/2003 19:01:00,230,76,79,1,-121,1
08/18/2003 19:02:00,230,75,79,1,-121,1
08/18/2003 19:03:00,230,71,78,0,-120,1
08/18/2003 19:04:00,230,66,77,0,-119,1
08/18/2003 19:05:00,230,63,78,-1,-120,1
08/18/2003 19:06:00,230,64,77,-1,-120,1
08/18/2003 19:07:00,230,66,78,-1,-121,1
08/18/2003 19:08:00,230,67,78,-1,-121,1
08/18/2003 19:09:00,230,69,78,-1,-120,1
08/18/2003 19:10:00,230,72,79,-1,-121,1
08/18/2003 19:11:00,230,72,79,-1,-122,1
08/18/2003 19:12:00,230,74,80,0,-122,1
08/18/2003 19:13:00,230,76,80,0,-123,1
08/18/2003 19:14:00,230,80,79,0,-123,1
08/18/2003 19:15:00,230,83,78,1,-124,1
08/18/2003 19:16:00,230,83,77,1,-125,1
08/18/2003 19:17:00,230,86,77,1,-127,1
08/18/2003 19:18:00,230,87,76,1,-127,1
08/18/2003 19:19:00,230,89,75,2,-127,1
08/18/2003 19:20:00,230,88,74,2,-126,1
08/18/2003 19:21:00,230,86,73,2,-126,1
08/18/2003 19:22:00,230,87,72,2,-126,1
08/18/2003 19:23:00,230,87,69,2,-125,1
08/18/2003 19:24:00,230,86,68,3,-125,1
08/18/2003 19:25:00,230,87,66,3,-125,1
08/18/2003 19:26:00,230,87,65,3,-125,1
08/18/2003 19:27:00,230,86,63,3,-126,1
08/18/2003 19:28:00,230,85,61,3,-127,1
08/18/2003 19:29:00,230,84,61,3,-127,1
08/18/2003 19:30:00,230,81,60,3,-127,1
08/18/2003 19:31:00,230,78,59,2,-126,1
08/18/2003 19:32:00,230,77,61,2,-125,1
08/18/2003 19:33:00,230,74,63,2,-125,1
08/18/2003 19:34:00,230,72,65,2,-125,1
08/18/2003 19:35:00,230,70,67,2,-124,1
08/18/2003 19:36:00,230,68,70,1,-124,1
08/18/2003 19:37:00,230,68,73,2,-123,1
08/18/2003 19:38:00,230,66,76,2,-122,1
08/18/2003 19:39:00,230,66,76,2,-122,1
08/18/2003 19:40:00,230,65,76,1,-122,1
08/18/2003 19:41:00,230,64,76,1,-122,1
08/18/2003 19:42:00,230,64,75,1,-122,1
08/18/2003 19:43:00,230,63,75,1,-122,1
08/18/2003 19:44:00,230,63,77,1,-121,1
08/18/2003 19:45:00,230,63,76,1,-122,1
08/18/2003 19:46:00,230,62,76,1,-121,1
08/18/2003 19:47:00,230,62,79,1,-120,1
08/18/2003 19:48:00,230,62,80,1,-120,1
08/18/2003 19:49:00,230,61,82,1,-119,1
08/18/2003 19:50:00,230,62,83,1,-118,1
08/18/2003 19:51:00,230,64,85,2,-119,1
08/18/2003 19:52:00,230,67,83,2,-119,1
08/18/2003 19:53:00,230,69,84,3,-119,1
08/18/2003 19:54:00,230,71,85,3,-119,1
08/18/2003 19:55:00,230,75,85,4,-119,1
08/18/2003 19:56:00,230,77,85,4,-119,1
08/18/2003 19:57:00,230,80,85,4,-119,1
08/18/2003 19:58:00,230,80,87,4,-118,1
08/18/2003 19:59:00,230,80,88,4,-118,1
08/18/2003 20:00:00,230,78,90,4,-118,1
08/18/2003 20:01:00,230,78,91,4,-117,1
08/18/2003 20:02:00,230,77,94,3,-116,1
08/18/2003 20:03:00,230,75,101,2,-114,1
08/18/2003 20:04:00,230,72,105,1,-113,1
08/18/2003 20:05:00,230,70,109,1,-113,1
08/18/2003 20:06:00,230,68,111,0,-112,1
08/18/2003 20:07:00,230,66,110,-1,-112,1
08/18/2003 20:08:00,230,62,109,-2,-113,1
08/18/2003 20:09:00,230,60,113,-2,-112,1
08/18/2003 20:10:00,230,56,116,-3,-111,1
08/18/2003 20:11:00,230,52,119,-3,-111,1
08/18/2003 20:12:00,230,50,117,-4,-111,1
08/18/2003 20:13:00,230,48,115,-4,-111,1
08/18/2003 20:14:00,230,48,111,-5,-112,1
08/18/2003 20:15:00,230,48,109,-5,-112,1
08/18/2003 20:16:00,230,49,107,-5,-112,1
08/18/2003 20:17:00,230,51,106,-5,-113,1
08/18/2003 20:18:00,230,51,104,-5,-113,1
08/18/2003 20:19:00,230,52,102,-5,-114,1
08/18/2003 20:20:00,230,55,100,-5,-113,1
08/18/2003 20:21:00,230,57,98,-4,-114,1
08/18/2003 20:22:00,230,58,99,-4,-114,1
08/18/2003 20:23:00,230,59,98,-3,-115,1
08/18/2003 20:24:00,230,60,97,-3,-115,1
08/18/2003 20:25:00,230,61,93,-2,-116,1
08/18/2003 20:26:00,230,64,90,-2,-117,1
08/18/2003 20:27:00,230,66,89,-1,-118,1
08/18/2003 20:28:00,230,66,90,-1,-118,1
08/18/2003 20:29:00,230,65,91,-1,-118,1
08/18/2003 20:30:00,230,67,91,0,-117,1
08/18/2003 20:31:00,230,66,93,0,-117,1
08/18/2003 20:32:00,230,65,94,0,-116,1
08/18/2003 20:33:00,230,66,94,0,-116,1
08/18/2003 20:34:00,230,66,94,-1,-116,1
08/18/2003 20:35:00,230,67,94,-1,-116,1
08/18/2003 20:36:00,230,67,97,-1,-115,1
08/18/2003 20:37:00,230,67,97,-1,-115,1
08/18/2003 20:38:00,230,67,98,-1,-116,1
08/18/2003 20:39:00,230,67,98,-1,-116,1
08/18/2003 20:40:00,230,66,97,-2,-116,1
08/18/2003 20:41:00,230,64,98,-2,-116,1
08/18/2003 20:42:00,230,61,106,-2,-115,1
08/18/2003 20:43:00,230,59,115,-2,-113,1
08/18/2003 20:44:00,230,55,118,-3,-112,1
08/18/2003 20:45:00,230,54,117,-3,-113,1
08/18/2003 20:46:00,230,52,117,-4,-113,1
08/18/2003 20:47:00,230,50,112,-5,-114,1
08/18/2003 20:48:00,230,51,108,-5,-115,1
08/18/2003 20:49:00,230,52,105,-5,-116,1
08/18/2003 20:50:00,230,54,104,-5,-116,1
08/18/2003 20:51:00,230,56,104,-6,-115,1
08/18/2003 20:52:00,230,57,105,-6,-115,1
08/18/2003 20:53:00,230,56,108,-6,-115,1
08/18/2003 20:54:00,230,55,107,-6,-115,1
08/18/2003 20:55:00,230,56,104,-6,-115,1
08/18/2003 20:56:00,230,55,105,-6,-114,1
08/18/2003 20:57:00,230,55,100,-6,-115,1
08/18/2003 20:58:00,230,55,98,-6,-115,1
08/18/2003 20:59:00,230,56,99,-7,-114,1
08/18/2003 21:00:00,230,56,97,-7,-115,1
08/18/2003 21:01:00,230,57,95,-7,-115,1
08/18/2003 21:02:00,230,57,94,-8,-115,1
08/18/2003 21:03:00,230,57,97,-8,-114,1
08/18/2003 21:04:00,230,57,98,-8,-113,1
08/18/2003 21:05:00,230,57,99,-7,-113,1
08/18/2003 21:06:00,230,57,96,-8,-113,1
08/18/2003 21:07:00,230,56,96,-8,-112,1
08/18/2003 21:08:00,230,55,94,-9,-111,1
08/18/2003 21:09:00,230,55,93,-9,-112,1
08/18/2003 21:10:00,230,56,92,-9,-111,1
08/18/2003 21:11:00,230,56,92,-10,-111,1
08/18/2003 21:12:00,230,55,89,-10,-111,1
08/18/2003 21:13:00,230,54,87,-11,-112,1
08/18/2003 21:14:00,230,52,88,-11,-111,1
08/18/2003 21:15:00,230,52,88,-11,-111,1
08/18/2003 21:16:00,230,52,91,-12,-111,1
08/18/2003 21:17:00,230,52,93,-12,-110,1
08/18/2003 21:18:00,230,53,95,-13,-110,1
08/18/2003 21:19:00,230,54,98,-13,-109,1
08/18/2003 21:20:00,230,55,103,-14,-109,1
08/18/2003 21:21:00,230,55,101,-14,-110,1
08/18/2003 21:22:00,230,54,102,-14,-110,1
08/18/2003 21:23:00,230,52,102,-14,-110,1
08/18/2003 21:24:00,230,51,102,-14,-110,1
08/18/2003 21:25:00,230,51,104,-14,-109,1
08/18/2003 21:26:00,230,51,107,-13,-109,1
08/18/2003 21:27:00,230,52,109,-13,-109,1
08/18/2003 21:28:00,230,53,109,-12,-109,1
08/18/2003 21:29:00,230,52,108,-12,-108,1
08/18/2003 21:30:00,230,52,107,-11,-108,1
08/18/2003 21:31:00,230,51,107,-11,-107,1
08/18/2003 21:32:00,230,49,105,-10,-108,1
08/18/2003 21:33:00,230,50,104,-9,-107,1
08/18/2003 21:34:00,230,49,106,-8,-106,1
08/18/2003 21:35:00,230,49,105,-7,-107,1
08/18/2003 21:36:00,230,48,104,-6,-107,1
08/18/2003 21:37:00,230,48,103,-5,-108,1
08/18/2003 21:38:00,230,51,105,-4,-108,1
08/18/2003 21:39:00,230,53,105,-3,-108,1
08/18/2003 21:40:00,230,55,106,-3,-108,1
08/18/2003 21:41:00,230,57,106,-2,-108,1
08/18/2003 21:42:00,230,59,105,-2,-109,1
08/18/2003 21:43:00,230,60,102,-2,-109,1
08/18/2003 21:44:00,230,60,101,-2,-110,1
08/18/2003 21:45:00,230,61,103,-2,-109,1
08/18/2003 21:46:00,230,60,99,-2,-109,1
08/18/2003 21:47:00,230,58,99,-2,-110,1
08/18/2003 21:48:00,230,58,101,-2,-109,1
08/18/2003 21:49:00,230,57,103,-3,-110,1
08/18/2003 21:50:00,230,56,103,-3,-110,1
08/18/2003 21:51:00,230,55,103,-3,-110,1
08/18/2003 21:52:00,230,53,105,-4,-110,1
08/18/2003 21:53:00,230,54,106,-4,-111,1
08/18/2003 21:54:00,230,54,107,-4,-112,1
08/18/2003 21:55:00,230,54,105,-4,-113,1
08/18/2003 21:56:00,230,54,104,-5,-114,1
08/18/2003 21:57:00,230,55,104,-5,-113,1
08/18/2003 21:58:00,230,56,104,-5,-113,1
08/18/2003 21:59:00,230,60,101,-6,-114,1
08/18/2003 22:00:00,230,63,98,-6,-115,1
08/18/2003 22:01:00,230,66,96,-7,-116,1
08/18/2003 22:02:00,230,67,94,-7,-117,1
08/18/2003 22:03:00,230,68,93,-8,-117,1
08/18/2003 22:04:00,230,70,91,-10,-117,1
08/18/2003 22:05:00,230,73,88,-11,-117,1
08/18/2003 22:06:00,230,75,86,-13,-117,1
08/18/2003 22:07:00,230,76,85,-15,-117,1
08/18/2003 22:08:00,230,78,82,-16,-118,1
08/18/2003 22:09:00,230,77,82,-18,-117,1
08/18/2003 22:10:00,230,74,84,-18,-115,1
08/18/2003 22:11:00,230,72,86,-19,-113,1
08/18/2003 22:12:00,230,69,85,-20,-111,1
08/18/2003 22:13:00,230,70,86,-20,-109,1
08/18/2003 22:14:00,230,69,79,-20,-109,1
08/18/2003 22:15:00,230,68,77,-20,-108,1
08/18/2003 22:16:00,230,63,71,-19,-108,1
08/18/2003 22:17:00,230,60,70,-18,-107,1
08/18/2003 22:18:00,230,63,77,-17,-105,1
08/18/2003 22:19:00,230,64,87,-17,-103,1
08/18/2003 22:20:00,230,65,96,-16,-102,1
08/18/2003 22:21:00,230,65,103,-15,-101,1
08/18/2003 22:22:00,230,64,111,-15,-100,1
08/18/2003 22:23:00,230,64,116,-14,-100,1
08/18/2003 22:24:00,230,63,116,-14,-100,1
08/18/2003 22:25:00,230,60,117,-14,-101,1
08/18/2003 22:26:00,230,57,115,-14,-101,1
08/18/2003 22:27:00,230,55,110,-14,-103,1
08/18/2003 22:28:00,230,53,109,-14,-104,1
08/18/2003 22:29:00,230,50,109,-14,-104,1
08/18/2003 22:30:00,230,51,113,-13,-104,1
08/18/2003 22:31:00,230,53,115,-12,-104,1
08/18/2003 22:32:00,230,54,112,-11,-106,1
08/18/2003 22:33:00,230,55,108,-10,-106,1
08/18/2003 22:34:00,230,57,109,-10,-107,1
08/18/2003 22:35:00,230,55,111,-10,-106,1
08/18/2003 22:36:00,230,54,112,-10,-106,1
08/18/2003 22:37:00,230,52,113,-10,-106,1
08/18/2003 22:38:00,230,51,110,-10,-106,1
08/18/2003 22:39:00,230,49,112,-11,-106,1
08/18/2003 22:40:00,230,47,110,-11,-107,1
08/18/2003 22:41:00,230,49,109,-11,-107,1
08/18/2003 22:42:00,230,51,107,-12,-108,1
08/18/2003 22:43:00,230,52,102,-12,-109,1
08/18/2003 22:44:00,230,52,99,-12,-110,1
08/18/2003 22:45:00,230,52,97,-12,-112,1
08/18/2003 22:46:00,230,52,95,-12,-112,1
08/18/2003 22:47:00,230,51,94,-12,-113,1
08/18/2003 22:48:00,230,51,94,-12,-113,1
08/18/2003 22:49:00,230,51,95,-11,-113,1
08/18/2003 22:50:00,230,51,96,-11,-113,1
08/18/2003 22:51:00,230,52,97,-11,-113,1
08/18/2003 22:52:00,230,53,98,-11,-112,1
08/18/2003 22:53:00,230,54,99,-11,-112,1
08/18/2003 22:54:00,230,55,101,-11,-113,1
08/18/2003 22:55:00,230,58,102,-11,-112,1
08/18/2003 22:56:00,230,59,103,-11,-112,1
08/18/2003 22:57:00,230,60,104,-11,-113,1
08/18/2003 22:58:00,230,62,104,-11,-112,1
08/18/2003 22:59:00,230,64,108,-11,-112,1
08/18/2003 23:00:00,230,67,108,-11,-111,1
08/18/2003 23:01:00,230,68,109,-11,-112,1
08/18/2003 23:02:00,230,70,112,-11,-111,1
08/18/2003 23:03:00,230,70,114,-11,-110,1
08/18/2003 23:04:00,230,70,113,-11,-110,1
08/18/2003 23:05:00,230,70,112,-11,-109,1
08/18/2003 23:06:00,230,69,109,-12,-110,1
08/18/2003 23:07:00,230,69,104,-12,-111,1
08/18/2003 23:08:00,230,70,101,-11,-111,1
08/18/2003 23:09:00,230,72,96,-11,-111,1
08/18/2003 23:10:00,230,73,94,-11,-112,1
08/18/2003 23:11:00,230,75,95,-10,-112,1
08/18/2003 23:12:00,230,75,95,-10,-112,1
08/18/2003 23:13:00,230,75,95,-10,-111,1
08/18/2003 23:14:00,230,77,94,-10,-112,1
08/18/2003 23:15:00,230,78,94,-10,-112,1
08/18/2003 23:16:00,230,79,95,-10,-113,1
08/18/2003 23:17:00,230,80,95,-10,-112,1
08/18/2003 23:18:00,230,81,95,-10,-113,1
08/18/2003 23:19:00,230,82,95,-10,-113,1
08/18/2003 23:20:00,230,83,96,-10,-113,1
08/18/2003 23:21:00,230,83,95,-10,-113,1
08/18/2003 23:22:00,230,83,95,-10,-113,1
08/18/2003 23:23:00,230,84,94,-10,-114,1
08/18/2003 23:24:00,230,84,93,-11,-114,1
08/18/2003 23:25:00,230,84,92,-11,-115,1
08/18/2003 23:26:00,230,85,90,-12,-115,1
08/18/2003 23:27:00,230,84,89,-12,-115,1
08/18/2003 23:28:00,230,82,88,-13,-115,1
08/18/2003 23:29:00,230,81,87,-13,-115,1
08/18/2003 23:30:00,230,81,85,-13,-116,1
08/18/2003 23:31:00,230,83,83,-14,-116,1
08/18/2003 23:32:00,230,83,82,-14,-116,1
08/18/2003 23:33:00,230,84,81,-15,-115,1
08/18/2003 23:34:00,230,85,80,-15,-115,1
08/18/2003 23:35:00,230,86,80,-15,-115,1
08/18/2003 23:36:00,230,88,81,-15,-115,1
08/18/2003 23:37:00,230,88,82,-14,-115,1
08/18/2003 23:38:00,230,88,84,-14,-115,1
08/18/2003 23:39:00,230,90,83,-14,-115,1
08/18/2003 23:40:00,230,93,82,-14,-116,1
08/18/2003 23:41:00,230,94,81,-14,-117,1
08/18/2003 23:42:00,230,96,81,-14,-118,1
08/18/2003 23:43:00,230,96,82,-14,-118,1
08/18/2003 23:44:00,230,96,83,-13,-118,1
08/18/2003 23:45:00,230,94,84,-13,-118,1
08/18/2003 23:46:00,230,92,88,-12,-118,1
08/18/2003 23:47:00,230,90,88,-12,-117,1
08/18/2003 23:48:00,230,89,88,-11,-116,1
08/18/2003 23:49:00,230,87,88,-11,-116,1
08/18/2003 23:50:00,230,86,87,-10,-116,1
08/18/2003 23:51:00,230,85,85,-9,-115,1
08/18/2003 23:52:00,230,83,84,-8,-115,1
08/18/2003 23:53:00,230,82,87,-7,-114,1
08/18/2003 23:54:00,230,79,91,-6,-112,1
08/18/2003 23:55:00,230,78,99,-4,-111,1
08/18/2003 23:56:00,230,78,102,-3,-110,1
08/18/2003 23:57:00,230,76,100,-2,-109,1
08/18/2003 23:58:00,230,77,98,-2,-109,1
08/18/2003 23:59:00,230,77,100,-1,-108,1
