DateTime,DOY,ASY_D,ASY_H,SYM_D,SYM_H,Location
02/18/2014 00:00:00,49,22,21,0,-11,1
02/18/2014 00:01:00,49,22,20,0,-11,1
02/18/2014 00:02:00,49,22,19,0,-11,1
02/18/2014 00:03:00,49,22,20,0,-11,1
02/18/2014 00:04:00,49,22,18,1,-11,1
02/18/2014 00:05:00,49,21,18,0,-11,1
02/18/2014 00:06:00,49,21,18,0,-11,1
02/18/2014 00:07:00,49,20,18,0,-11,1
02/18/2014 00:08:00,49,19,17,0,-11,1
02/18/2014 00:09:00,49,20,18,0,-11,1
02/18/2014 00:10:00,49,19,18,0,-11,1
02/18/2014 00:11:00,49,19,17,0,-11,1
02/18/2014 00:12:00,49,19,17,0,-11,1
02/18/2014 00:13:00,49,19,17,0,-11,1
02/18/2014 00:14:00,49,18,17,0,-10,1
02/18/2014 00:15:00,49,18,17,0,-10,1
02/18/2014 00:16:00,49,17,17,0,-10,1
02/18/2014 00:17:00,49,17,16,0,-10,1
02/18/2014 00:18:00,49,17,16,0,-10,1
02/18/2014 00:19:00,49,17,16,0,-10,1
02/18/2014 00:20:00,49,17,16,0,-10,1
02/18/2014 00:21:00,49,16,16,0,-10,1
02/18/2014 00:22:00,49,15,15,0,-10,1
02/18/2014 00:23:00,49,15,16,0,-10,1
02/18/2014 00:24:00,49,15,15,0,-10,1
02/18/2014 00:25:00,49,15,14,0,-10,1
02/18/2014 00:26:00,49,15,14,0,-10,1
02/18/2014 00:27:00,49,15,14,0,-10,1
02/18/2014 00:28:00,49,15,14,0,-9,1
02/18/2014 00:29:00,49,15,15,0,-9,1
02/18/2014 00:30:00,49,15,15,0,-9,1
02/18/2014 00:31:00,49,15,15,0,-9,1
02/18/2014 00:32:00,49,14,15,0,-9,1
02/18/2014 00:33:00,49,15,14,0,-9,1
02/18/2014 00:34:00,49,16,15,1,-8,1
02/18/2014 00:35:00,49,17,15,1,-8,1
02/18/2014 00:36:00,49,18,16,1,-8,1
02/18/2014 00:37:00,49,18,15,1,-7,1
02/18/2014 00:38:00,49,18,13,1,-8,1
02/18/2014 00:39:00,49,17,13,1,-8,1
02/18/2014 00:40:00,49,16,13,1,-8,1
02/18/2014 00:41:00,49,16,12,0,-7,1
02/18/2014 00:42:00,49,15,12,0,-8,1
02/18/2014 00:43:00,49,15,11,1,-8,1
02/18/2014 00:44:00,49,14,11,0,-8,1
02/18/2014 00:45:00,49,13,12,0,-8,1
02/18/2014 00:46:00,49,12,10,0,-8,1
02/18/2014 00:47:00,49,12,11,0,-8,1
02/18/2014 00:48:00,49,12,11,0,-9,1
02/18/2014 00:49:00,49,12,11,0,-9,1
02/18/2014 00:50:00,49,11,11,0,-9,1
02/18/2014 00:51:00,49,11,11,0,-9,1
02/18/2014 00:52:00,49,11,11,0,-9,1
02/18/2014 00:53:00,49,11,11,0,-9,1
02/18/2014 00:54:00,49,11,12,0,-9,1
02/18/2014 00:55:00,49,10,12,0,-9,1
02/18/2014 00:56:00,49,11,10,0,-9,1
02/18/2014 00:57:00,49,10,11,0,-10,1
02/18/2014 00:58:00,49,11,11,0,-10,1
02/18/2014 00:59:00,49,10,11,0,-9,1
02/18/2014 01:00:00,49,10,12,0,-9,1
02/18/2014 01:01:00,49,9,12,0,-9,1
02/18/2014 01:02:00,49,9,11,0,-10,1
02/18/2014 01:03:00,49,9,11,0,-10,1
02/18/2014 01:04:00,49,8,12,0,-10,1
02/18/2014 01:05:00,49,9,12,0,-10,1
02/18/2014 01:06:00,49,8,12,0,-9,1
02/18/2014 01:07:00,49,8,12,0,-9,1
02/18/2014 01:08:00,49,8,12,0,-9,1
02/18/2014 01:09:00,49,8,13,0,-9,1
02/18/2014 01:10:00,49,8,13,0,-9,1
02/18/2014 01:11:00,49,8,13,0,-9,1
02/18/2014 01:12:00,49,9,14,0,-9,1
02/18/2014 01:13:00,49,9,14,0,-9,1
02/18/2014 01:14:00,49,9,14,0,-8,1
02/18/2014 01:15:00,49,9,14,0,-8,1
02/18/2014 01:16:00,49,9,14,0,-8,1
02/18/2014 01:17:00,49,9,12,0,-8,1
02/18/2014 01:18:00,49,9,12,0,-8,1
02/18/2014 01:19:00,49,8,12,0,-9,1
02/18/2014 01:20:00,49,8,12,0,-8,1
02/18/2014 01:21:00,49,7,12,0,-9,1
02/18/2014 01:22:00,49,7,12,0,-9,1
02/18/2014 01:23:00,49,6,12,0,-9,1
02/18/2014 01:24:00,49,5,12,0,-9,1
02/18/2014 01:25:00,49,5,12,0,-9,1
02/18/2014 01:26:00,49,4,11,0,-10,1
02/18/2014 01:27:00,49,4,11,0,-10,1
02/18/2014 01:28:00,49,5,12,0,-10,1
02/18/2014 01:29:00,49,4,13,0,-10,1
02/18/2014 01:30:00,49,6,12,0,-9,1
02/18/2014 01:31:00,49,6,14,0,-9,1
02/18/2014 01:32:00,49,6,14,0,-9,1
02/18/2014 01:33:00,49,7,14,1,-9,1
02/18/2014 01:34:00,49,7,14,1,-9,1
02/18/2014 01:35:00,49,6,15,1,-9,1
02/18/2014 01:36:00,49,6,15,1,-9,1
02/18/2014 01:37:00,49,5,14,0,-9,1
02/18/2014 01:38:00,49,5,14,1,-9,1
02/18/2014 01:39:00,49,4,14,1,-9,1
02/18/2014 01:40:00,49,5,14,1,-9,1
02/18/2014 01:41:00,49,4,14,1,-9,1
02/18/2014 01:42:00,49,4,14,1,-9,1
02/18/2014 01:43:00,49,4,14,1,-9,1
02/18/2014 01:44:00,49,4,13,1,-10,1
02/18/2014 01:45:00,49,4,14,1,-10,1
02/18/2014 01:46:00,49,3,14,0,-10,1
02/18/2014 01:47:00,49,4,15,0,-10,1
02/18/2014 01:48:00,49,4,15,1,-10,1
02/18/2014 01:49:00,49,5,14,0,-10,1
02/18/2014 01:50:00,49,4,15,0,-11,1
02/18/2014 01:51:00,49,5,15,0,-10,1
02/18/2014 01:52:00,49,5,15,1,-10,1
02/18/2014 01:53:00,49,5,16,1,-10,1
02/18/2014 01:54:00,49,5,16,1,-10,1
02/18/2014 01:55:00,49,5,16,1,-10,1
02/18/2014 01:56:00,49,5,16,1,-10,1
02/18/2014 01:57:00,49,5,15,1,-10,1
02/18/2014 01:58:00,49,5,15,1,-10,1
02/18/2014 01:59:00,49,5,15,1,-10,1
02/18/2014 02:00:00,49,5,14,1,-10,1
02/18/2014 02:01:00,49,5,15,1,-10,1
02/18/2014 02:02:00,49,4,14,1,-10,1
02/18/2014 02:03:00,49,5,14,1,-10,1
02/18/2014 02:04:00,49,5,15,1,-10,1
02/18/2014 02:05:00,49,5,15,1,-9,1
02/18/2014 02:06:00,49,5,15,1,-9,1
02/18/2014 02:07:00,49,5,15,1,-9,1
02/18/2014 02:08:00,49,5,15,1,-9,1
02/18/2014 02:09:00,49,5,15,1,-10,1
02/18/2014 02:10:00,49,5,15,1,-10,1
02/18/2014 02:11:00,49,6,16,1,-10,1
02/18/2014 02:12:00,49,6,16,1,-10,1
02/18/2014 02:13:00,49,7,15,1,-11,1
02/18/2014 02:14:00,49,6,16,1,-10,1
02/18/2014 02:15:00,49,6,15,1,-11,1
02/18/2014 02:16:00,49,6,15,1,-10,1
02/18/2014 02:17:00,49,7,16,0,-10,1
02/18/2014 02:18:00,49,7,16,0,-10,1
02/18/2014 02:19:00,49,7,17,0,-10,1
02/18/2014 02:20:00,49,7,17,0,-10,1
02/18/2014 02:21:00,49,8,17,0,-10,1
02/18/2014 02:22:00,49,8,17,0,-10,1
02/18/2014 02:23:00,49,7,17,0,-10,1
02/18/2014 02:24:00,49,8,17,0,-10,1
02/18/2014 02:25:00,49,7,18,0,-10,1
02/18/2014 02:26:00,49,7,18,0,-10,1
02/18/2014 02:27:00,49,7,17,1,-9,1
02/18/2014 02:28:00,49,7,17,1,-10,1
02/18/2014 02:29:00,49,7,16,0,-9,1
02/18/2014 02:30:00,49,7,17,0,-9,1
02/18/2014 02:31:00,49,7,17,0,-9,1
02/18/2014 02:32:00,49,7,17,0,-9,1
02/18/2014 02:33:00,49,7,17,0,-9,1
02/18/2014 02:34:00,49,7,17,0,-9,1
02/18/2014 02:35:00,49,7,17,0,-9,1
02/18/2014 02:36:00,49,7,18,0,-10,1
02/18/2014 02:37:00,49,7,18,0,-10,1
02/18/2014 02:38:00,49,7,19,0,-10,1
02/18/2014 02:39:00,49,6,19,0,-9,1
02/18/2014 02:40:00,49,7,19,1,-9,1
02/18/2014 02:41:00,49,7,19,0,-9,1
02/18/2014 02:42:00,49,7,18,0,-9,1
02/18/2014 02:43:00,49,7,18,0,-9,1
02/18/2014 02:44:00,49,7,19,0,-9,1
02/18/2014 02:45:00,49,7,19,0,-9,1
02/18/2014 02:46:00,49,7,19,0,-8,1
02/18/2014 02:47:00,49,8,19,0,-8,1
02/18/2014 02:48:00,49,7,19,0,-8,1
02/18/2014 02:49:00,49,8,19,0,-8,1
02/18/2014 02:50:00,49,8,18,0,-8,1
02/18/2014 02:51:00,49,8,18,0,-8,1
02/18/2014 02:52:00,49,9,18,0,-8,1
02/18/2014 02:53:00,49,9,19,0,-8,1
02/18/2014 02:54:00,49,9,19,0,-8,1
02/18/2014 02:55:00,49,9,19,0,-8,1
02/18/2014 02:56:00,49,9,18,0,-8,1
02/18/2014 02:57:00,49,9,19,0,-8,1
02/18/2014 02:58:00,49,10,19,0,-8,1
02/18/2014 02:59:00,49,9,19,0,-8,1
02/18/2014 03:00:00,49,10,19,0,-8,1
02/18/2014 03:01:00,49,11,20,0,-8,1
02/18/2014 03:02:00,49,10,20,0,-8,1
02/18/2014 03:03:00,49,11,20,0,-8,1
02/18/2014 03:04:00,49,11,19,0,-8,1
02/18/2014 03:05:00,49,11,18,0,-8,1
02/18/2014 03:06:00,49,11,19,0,-8,1
02/18/2014 03:07:00,49,11,19,0,-9,1
02/18/2014 03:08:00,49,11,19,0,-9,1
02/18/2014 03:09:00,49,11,19,0,-8,1
02/18/2014 03:10:00,49,12,19,0,-9,1
02/18/2014 03:11:00,49,12,19,0,-9,1
02/18/2014 03:12:00,49,12,19,0,-9,1
02/18/2014 03:13:00,49,13,20,0,-9,1
02/18/2014 03:14:00,49,12,20,0,-9,1
02/18/2014 03:15:00,49,13,20,0,-9,1
02/18/2014 03:16:00,49,12,20,0,-9,1
02/18/2014 03:17:00,49,12,20,0,-9,1
02/18/2014 03:18:00,49,12,20,0,-9,1
02/18/2014 03:19:00,49,14,21,0,-9,1
02/18/2014 03:20:00,49,13,21,0,-9,1
02/18/2014 03:21:00,49,14,21,0,-9,1
02/18/2014 03:22:00,49,14,21,0,-9,1
02/18/2014 03:23:00,49,14,21,0,-10,1
02/18/2014 03:24:00,49,14,21,0,-10,1
02/18/2014 03:25:00,49,15,20,0,-10,1
02/18/2014 03:26:00,49,14,21,0,-10,1
02/18/2014 03:27:00,49,15,20,0,-10,1
02/18/2014 03:28:00,49,14,21,-1,-10,1
02/18/2014 03:29:00,49,14,20,0,-10,1
02/18/2014 03:30:00,49,15,21,0,-10,1
02/18/2014 03:31:00,49,15,21,0,-10,1
02/18/2014 03:32:00,49,15,20,0,-10,1
02/18/2014 03:33:00,49,15,20,0,-10,1
02/18/2014 03:34:00,49,16,21,0,-10,1
02/18/2014 03:35:00,49,16,21,0,-10,1
02/18/2014 03:36:00,49,16,20,0,-10,1
02/18/2014 03:37:00,49,16,21,0,-10,1
02/18/2014 03:38:00,49,17,21,0,-10,1
02/18/2014 03:39:00,49,16,22,-1,-10,1
02/18/2014 03:40:00,49,16,22,0,-10,1
02/18/2014 03:41:00,49,17,22,0,-10,1
02/18/2014 03:42:00,49,17,22,0,-10,1
02/18/2014 03:43:00,49,17,22,0,-11,1
02/18/2014 03:44:00,49,17,22,0,-11,1
02/18/2014 03:45:00,49,17,22,0,-11,1
02/18/2014 03:46:00,49,17,22,0,-11,1
02/18/2014 03:47:00,49,18,22,0,-10,1
02/18/2014 03:48:00,49,17,22,0,-10,1
02/18/2014 03:49:00,49,17,22,0,-11,1
02/18/2014 03:50:00,49,18,22,-1,-11,1
02/18/2014 03:51:00,49,18,22,0,-11,1
02/18/2014 03:52:00,49,17,22,0,-11,1
02/18/2014 03:53:00,49,18,23,-1,-11,1
02/18/2014 03:54:00,49,18,22,-1,-11,1
02/18/2014 03:55:00,49,18,22,-1,-11,1
02/18/2014 03:56:00,49,18,21,-1,-11,1
02/18/2014 03:57:00,49,17,21,-1,-11,1
02/18/2014 03:58:00,49,17,21,-1,-11,1
02/18/2014 03:59:00,49,17,20,-1,-11,1
02/18/2014 04:00:00,49,18,20,-1,-11,1
02/18/2014 04:01:00,49,18,20,-1,-11,1
02/18/2014 04:02:00,49,17,20,-1,-11,1
02/18/2014 04:03:00,49,17,21,-1,-11,1
02/18/2014 04:04:00,49,17,20,-1,-11,1
02/18/2014 04:05:00,49,17,20,-1,-11,1
02/18/2014 04:06:00,49,17,20,-1,-11,1
02/18/2014 04:07:00,49,18,21,-1,-11,1
02/18/2014 04:08:00,49,17,21,-1,-11,1
02/18/2014 04:09:00,49,18,20,-1,-11,1
02/18/2014 04:10:00,49,18,20,-1,-11,1
02/18/2014 04:11:00,49,18,20,-1,-11,1
02/18/2014 04:12:00,49,18,21,-1,-11,1
02/18/2014 04:13:00,49,18,21,-1,-11,1
02/18/2014 04:14:00,49,19,20,-1,-11,1
02/18/2014 04:15:00,49,19,20,-1,-11,1
02/18/2014 04:16:00,49,19,20,-1,-11,1
02/18/2014 04:17:00,49,19,20,-1,-11,1
02/18/2014 04:18:00,49,19,20,-1,-11,1
02/18/2014 04:19:00,49,19,20,-1,-11,1
02/18/2014 04:20:00,49,19,19,-1,-11,1
02/18/2014 04:21:00,49,20,20,-1,-11,1
02/18/2014 04:22:00,49,20,20,-1,-11,1
02/18/2014 04:23:00,49,20,20,-1,-11,1
02/18/2014 04:24:00,49,20,20,-1,-11,1
02/18/2014 04:25:00,49,20,20,-1,-11,1
02/18/2014 04:26:00,49,20,20,-1,-11,1
02/18/2014 04:27:00,49,20,20,-1,-11,1
02/18/2014 04:28:00,49,21,20,-1,-12,1
02/18/2014 04:29:00,49,21,19,-1,-12,1
02/18/2014 04:30:00,49,21,19,-1,-12,1
02/18/2014 04:31:00,49,21,19,-1,-12,1
02/18/2014 04:32:00,49,21,19,-1,-12,1
02/18/2014 04:33:00,49,21,19,-1,-12,1
02/18/2014 04:34:00,49,21,19,-1,-12,1
02/18/2014 04:35:00,49,21,18,-1,-12,1
02/18/2014 04:36:00,49,21,18,-1,-12,1
02/18/2014 04:37:00,49,22,19,-1,-12,1
02/18/2014 04:38:00,49,22,19,-1,-12,1
02/18/2014 04:39:00,49,21,19,-1,-12,1
02/18/2014 04:40:00,49,22,19,-1,-12,1
02/18/2014 04:41:00,49,22,19,-1,-12,1
02/18/2014 04:42:00,49,22,19,-1,-12,1
02/18/2014 04:43:00,49,22,18,-1,-12,1
02/18/2014 04:44:00,49,22,18,-1,-12,1
02/18/2014 04:45:00,49,22,18,-1,-12,1
02/18/2014 04:46:00,49,22,18,0,-12,1
02/18/2014 04:47:00,49,22,18,0,-12,1
02/18/2014 04:48:00,49,22,18,-1,-12,1
02/18/2014 04:49:00,49,23,17,0,-12,1
02/18/2014 04:50:00,49,23,17,0,-12,1
02/18/2014 04:51:00,49,23,17,0,-12,1
02/18/2014 04:52:00,49,23,17,0,-12,1
02/18/2014 04:53:00,49,23,17,0,-13,1
02/18/2014 04:54:00,49,23,17,0,-13,1
02/18/2014 04:55:00,49,23,17,0,-13,1
02/18/2014 04:56:00,49,23,16,0,-12,1
02/18/2014 04:57:00,49,23,16,0,-12,1
02/18/2014 04:58:00,49,23,16,0,-12,1
02/18/2014 04:59:00,49,23,16,0,-12,1
02/18/2014 05:00:00,49,23,16,0,-13,1
02/18/2014 05:01:00,49,23,15,0,-12,1
02/18/2014 05:02:00,49,23,15,0,-12,1
02/18/2014 05:03:00,49,23,16,0,-12,1
02/18/2014 05:04:00,49,23,16,0,-12,1
02/18/2014 05:05:00,49,24,15,0,-12,1
02/18/2014 05:06:00,49,24,15,0,-12,1
02/18/2014 05:07:00,49,24,15,0,-12,1
02/18/2014 05:08:00,49,24,15,0,-12,1
02/18/2014 05:09:00,49,24,15,0,-12,1
02/18/2014 05:10:00,49,24,14,0,-12,1
02/18/2014 05:11:00,49,24,14,0,-12,1
02/18/2014 05:12:00,49,24,14,0,-12,1
02/18/2014 05:13:00,49,24,14,0,-12,1
02/18/2014 05:14:00,49,24,12,0,-12,1
02/18/2014 05:15:00,49,24,13,0,-12,1
02/18/2014 05:16:00,49,24,13,0,-12,1
02/18/2014 05:17:00,49,24,13,0,-12,1
02/18/2014 05:18:00,49,24,12,0,-13,1
02/18/2014 05:19:00,49,25,14,0,-13,1
02/18/2014 05:20:00,49,25,14,0,-13,1
02/18/2014 05:21:00,49,26,13,0,-12,1
02/18/2014 05:22:00,49,26,13,0,-12,1
02/18/2014 05:23:00,49,26,13,0,-12,1
02/18/2014 05:24:00,49,27,13,0,-12,1
02/18/2014 05:25:00,49,27,13,0,-12,1
02/18/2014 05:26:00,49,27,13,1,-12,1
02/18/2014 05:27:00,49,26,14,1,-12,1
02/18/2014 05:28:00,49,26,14,1,-12,1
02/18/2014 05:29:00,49,26,14,1,-12,1
02/18/2014 05:30:00,49,26,14,1,-12,1
02/18/2014 05:31:00,49,26,14,1,-12,1
02/18/2014 05:32:00,49,26,15,1,-13,1
02/18/2014 05:33:00,49,26,15,1,-13,1
02/18/2014 05:34:00,49,25,15,1,-12,1
02/18/2014 05:35:00,49,25,14,1,-12,1
02/18/2014 05:36:00,49,25,14,1,-12,1
02/18/2014 05:37:00,49,25,14,1,-11,1
02/18/2014 05:38:00,49,25,14,1,-12,1
02/18/2014 05:39:00,49,26,13,1,-11,1
02/18/2014 05:40:00,49,26,12,1,-11,1
02/18/2014 05:41:00,49,25,13,1,-10,1
02/18/2014 05:42:00,49,25,13,0,-11,1
02/18/2014 05:43:00,49,26,12,1,-11,1
02/18/2014 05:44:00,49,25,13,1,-11,1
02/18/2014 05:45:00,49,25,14,1,-12,1
02/18/2014 05:46:00,49,25,14,1,-12,1
02/18/2014 05:47:00,49,25,14,1,-12,1
02/18/2014 05:48:00,49,25,14,1,-12,1
02/18/2014 05:49:00,49,24,14,1,-12,1
02/18/2014 05:50:00,49,25,14,1,-12,1
02/18/2014 05:51:00,49,25,14,2,-12,1
02/18/2014 05:52:00,49,25,15,1,-12,1
02/18/2014 05:53:00,49,25,16,1,-12,1
02/18/2014 05:54:00,49,25,16,1,-12,1
02/18/2014 05:55:00,49,26,16,2,-12,1
02/18/2014 05:56:00,49,25,15,1,-12,1
02/18/2014 05:57:00,49,25,15,1,-12,1
02/18/2014 05:58:00,49,25,14,1,-11,1
02/18/2014 05:59:00,49,24,16,1,-11,1
02/18/2014 06:00:00,49,25,16,2,-11,1
02/18/2014 06:01:00,49,24,16,2,-11,1
02/18/2014 06:02:00,49,24,16,1,-11,1
02/18/2014 06:03:00,49,25,16,1,-11,1
02/18/2014 06:04:00,49,25,16,1,-11,1
02/18/2014 06:05:00,49,25,16,1,-11,1
02/18/2014 06:06:00,49,24,16,2,-11,1
02/18/2014 06:07:00,49,24,17,2,-11,1
02/18/2014 06:08:00,49,25,17,2,-11,1
02/18/2014 06:09:00,49,24,16,2,-11,1
02/18/2014 06:10:00,49,24,17,2,-11,1
02/18/2014 06:11:00,49,24,17,2,-11,1
02/18/2014 06:12:00,49,24,17,2,-11,1
02/18/2014 06:13:00,49,24,17,2,-11,1
02/18/2014 06:14:00,49,24,17,1,-11,1
02/18/2014 06:15:00,49,24,17,2,-11,1
02/18/2014 06:16:00,49,24,18,2,-11,1
02/18/2014 06:17:00,49,24,18,2,-11,1
02/18/2014 06:18:00,49,24,18,2,-11,1
02/18/2014 06:19:00,49,24,18,2,-11,1
02/18/2014 06:20:00,49,24,19,2,-11,1
02/18/2014 06:21:00,49,24,19,2,-11,1
02/18/2014 06:22:00,49,24,19,2,-11,1
02/18/2014 06:23:00,49,24,19,2,-11,1
02/18/2014 06:24:00,49,24,19,2,-11,1
02/18/2014 06:25:00,49,24,19,2,-11,1
02/18/2014 06:26:00,49,24,19,2,-11,1
02/18/2014 06:27:00,49,23,19,2,-11,1
02/18/2014 06:28:00,49,24,19,2,-11,1
02/18/2014 06:29:00,49,23,19,2,-11,1
02/18/2014 06:30:00,49,23,19,2,-11,1
02/18/2014 06:31:00,49,23,19,2,-11,1
02/18/2014 06:32:00,49,23,19,2,-11,1
02/18/2014 06:33:00,49,23,19,2,-11,1
02/18/2014 06:34:00,49,22,19,2,-11,1
02/18/2014 06:35:00,49,22,19,2,-11,1
02/18/2014 06:36:00,49,23,19,2,-11,1
02/18/2014 06:37:00,49,22,19,2,-11,1
02/18/2014 06:38:00,49,22,19,2,-11,1
02/18/2014 06:39:00,49,22,19,2,-11,1
02/18/2014 06:40:00,49,22,19,2,-11,1
02/18/2014 06:41:00,49,22,18,2,-10,1
02/18/2014 06:42:00,49,23,18,2,-9,1
02/18/2014 06:43:00,49,23,18,2,-8,1
02/18/2014 06:44:00,49,22,18,1,-7,1
02/18/2014 06:45:00,49,22,18,1,-7,1
02/18/2014 06:46:00,49,21,18,1,-6,1
02/18/2014 06:47:00,49,20,18,1,-6,1
02/18/2014 06:48:00,49,21,17,1,-5,1
02/18/2014 06:49:00,49,20,18,1,-5,1
02/18/2014 06:50:00,49,20,18,1,-5,1
02/18/2014 06:51:00,49,20,18,1,-5,1
02/18/2014 06:52:00,49,20,18,1,-5,1
02/18/2014 06:53:00,49,20,18,1,-5,1
02/18/2014 06:54:00,49,20,18,1,-5,1
02/18/2014 06:55:00,49,20,19,1,-5,1
02/18/2014 06:56:00,49,20,18,1,-4,1
02/18/2014 06:57:00,49,19,18,1,-4,1
02/18/2014 06:58:00,49,19,18,1,-4,1
02/18/2014 06:59:00,49,20,18,1,-4,1
02/18/2014 07:00:00,49,19,18,1,-4,1
02/18/2014 07:01:00,49,19,18,1,-4,1
02/18/2014 07:02:00,49,19,18,1,-4,1
02/18/2014 07:03:00,49,19,19,1,-4,1
02/18/2014 07:04:00,49,19,19,1,-4,1
02/18/2014 07:05:00,49,19,19,1,-4,1
02/18/2014 07:06:00,49,19,19,1,-4,1
02/18/2014 07:07:00,49,18,19,1,-4,1
02/18/2014 07:08:00,49,19,19,1,-4,1
02/18/2014 07:09:00,49,19,19,1,-4,1
02/18/2014 07:10:00,49,19,19,1,-4,1
02/18/2014 07:11:00,49,19,18,1,-4,1
02/18/2014 07:12:00,49,18,18,1,-4,1
02/18/2014 07:13:00,49,19,20,1,-4,1
02/18/2014 07:14:00,49,18,19,1,-4,1
02/18/2014 07:15:00,49,18,19,1,-4,1
02/18/2014 07:16:00,49,17,19,1,-4,1
02/18/2014 07:17:00,49,17,19,1,-4,1
02/18/2014 07:18:00,49,16,18,1,-3,1
02/18/2014 07:19:00,49,15,17,1,-3,1
02/18/2014 07:20:00,49,15,18,0,-3,1
02/18/2014 07:21:00,49,14,19,0,-3,1
02/18/2014 07:22:00,49,13,18,0,-2,1
02/18/2014 07:23:00,49,13,18,0,-2,1
02/18/2014 07:24:00,49,14,16,-1,-3,1
02/18/2014 07:25:00,49,14,18,0,-4,1
02/18/2014 07:26:00,49,14,17,-1,-4,1
02/18/2014 07:27:00,49,15,18,0,-5,1
02/18/2014 07:28:00,49,14,19,0,-5,1
02/18/2014 07:29:00,49,14,19,0,-5,1
02/18/2014 07:30:00,49,14,20,0,-6,1
02/18/2014 07:31:00,49,14,20,0,-6,1
02/18/2014 07:32:00,49,14,19,0,-6,1
02/18/2014 07:33:00,49,14,20,0,-6,1
02/18/2014 07:34:00,49,15,19,0,-6,1
02/18/2014 07:35:00,49,15,20,1,-6,1
02/18/2014 07:36:00,49,15,20,1,-6,1
02/18/2014 07:37:00,49,15,20,1,-6,1
02/18/2014 07:38:00,49,15,21,1,-7,1
02/18/2014 07:39:00,49,15,21,1,-7,1
02/18/2014 07:40:00,49,14,20,0,-7,1
02/18/2014 07:41:00,49,15,21,1,-7,1
02/18/2014 07:42:00,49,14,19,1,-7,1
02/18/2014 07:43:00,49,14,20,1,-8,1
02/18/2014 07:44:00,49,14,19,0,-8,1
02/18/2014 07:45:00,49,13,19,0,-7,1
02/18/2014 07:46:00,49,12,20,0,-8,1
02/18/2014 07:47:00,49,12,20,0,-8,1
02/18/2014 07:48:00,49,12,21,0,-8,1
02/18/2014 07:49:00,49,12,20,0,-9,1
02/18/2014 07:50:00,49,11,19,0,-9,1
02/18/2014 07:51:00,49,11,19,-1,-9,1
02/18/2014 07:52:00,49,11,19,-1,-9,1
02/18/2014 07:53:00,49,11,19,-1,-9,1
02/18/2014 07:54:00,49,11,19,-1,-9,1
02/18/2014 07:55:00,49,11,19,-1,-9,1
02/18/2014 07:56:00,49,11,19,-1,-9,1
02/18/2014 07:57:00,49,11,19,-1,-9,1
02/18/2014 07:58:00,49,12,18,-1,-9,1
02/18/2014 07:59:00,49,12,19,-1,-10,1
02/18/2014 08:00:00,49,12,18,-1,-10,1
02/18/2014 08:01:00,49,11,18,-1,-10,1
02/18/2014 08:02:00,49,12,18,-1,-10,1
02/18/2014 08:03:00,49,12,18,-1,-10,1
02/18/2014 08:04:00,49,11,18,-1,-10,1
02/18/2014 08:05:00,49,12,18,-1,-10,1
02/18/2014 08:06:00,49,12,18,-1,-10,1
02/18/2014 08:07:00,49,11,18,-1,-10,1
02/18/2014 08:08:00,49,12,19,-2,-10,1
02/18/2014 08:09:00,49,12,18,-2,-10,1
02/18/2014 08:10:00,49,12,17,-2,-10,1
02/18/2014 08:11:00,49,11,17,-3,-9,1
02/18/2014 08:12:00,49,12,17,-2,-9,1
02/18/2014 08:13:00,49,12,17,-3,-9,1
02/18/2014 08:14:00,49,12,18,-3,-10,1
02/18/2014 08:15:00,49,12,17,-3,-10,1
02/18/2014 08:16:00,49,13,18,-2,-10,1
02/18/2014 08:17:00,49,13,18,-2,-10,1
02/18/2014 08:18:00,49,12,18,-2,-10,1
02/18/2014 08:19:00,49,12,18,-2,-11,1
02/18/2014 08:20:00,49,13,17,-2,-11,1
02/18/2014 08:21:00,49,13,17,-2,-11,1
02/18/2014 08:22:00,49,13,17,-2,-11,1
02/18/2014 08:23:00,49,13,16,-2,-11,1
02/18/2014 08:24:00,49,13,17,-2,-12,1
02/18/2014 08:25:00,49,13,16,-2,-12,1
02/18/2014 08:26:00,49,13,16,-2,-12,1
02/18/2014 08:27:00,49,13,16,-2,-13,1
02/18/2014 08:28:00,49,13,16,-2,-13,1
02/18/2014 08:29:00,49,13,16,-2,-13,1
02/18/2014 08:30:00,49,13,16,-2,-13,1
02/18/2014 08:31:00,49,13,15,-2,-12,1
02/18/2014 08:32:00,49,13,15,-2,-12,1
02/18/2014 08:33:00,49,13,15,-2,-12,1
02/18/2014 08:34:00,49,13,15,-2,-12,1
02/18/2014 08:35:00,49,12,14,-2,-12,1
02/18/2014 08:36:00,49,12,15,-2,-12,1
02/18/2014 08:37:00,49,12,15,-2,-12,1
02/18/2014 08:38:00,49,12,15,-3,-12,1
02/18/2014 08:39:00,49,11,15,-2,-13,1
02/18/2014 08:40:00,49,12,16,-2,-12,1
02/18/2014 08:41:00,49,12,16,-2,-12,1
02/18/2014 08:42:00,49,12,16,-2,-13,1
02/18/2014 08:43:00,49,12,17,-2,-13,1
02/18/2014 08:44:00,49,12,19,-2,-13,1
02/18/2014 08:45:00,49,12,18,-2,-13,1
02/18/2014 08:46:00,49,12,19,-3,-12,1
02/18/2014 08:47:00,49,12,19,-3,-12,1
02/18/2014 08:48:00,49,12,20,-3,-12,1
02/18/2014 08:49:00,49,12,21,-3,-11,1
02/18/2014 08:50:00,49,12,21,-3,-11,1
02/18/2014 08:51:00,49,12,21,-3,-10,1
02/18/2014 08:52:00,49,12,20,-3,-10,1
02/18/2014 08:53:00,49,12,20,-3,-10,1
02/18/2014 08:54:00,49,13,20,-3,-10,1
02/18/2014 08:55:00,49,14,19,-3,-10,1
02/18/2014 08:56:00,49,14,20,-3,-11,1
02/18/2014 08:57:00,49,14,20,-3,-11,1
02/18/2014 08:58:00,49,14,20,-3,-10,1
02/18/2014 08:59:00,49,15,20,-3,-10,1
02/18/2014 09:00:00,49,14,20,-3,-11,1
02/18/2014 09:01:00,49,14,19,-3,-11,1
02/18/2014 09:02:00,49,15,19,-4,-12,1
02/18/2014 09:03:00,49,15,21,-4,-11,1
02/18/2014 09:04:00,49,14,22,-4,-11,1
02/18/2014 09:05:00,49,15,21,-4,-11,1
02/18/2014 09:06:00,49,15,21,-4,-10,1
02/18/2014 09:07:00,49,14,21,-4,-9,1
02/18/2014 09:08:00,49,14,21,-4,-9,1
02/18/2014 09:09:00,49,14,21,-4,-9,1
02/18/2014 09:10:00,49,15,20,-4,-8,1
02/18/2014 09:11:00,49,15,20,-4,-8,1
02/18/2014 09:12:00,49,16,19,-4,-8,1
02/18/2014 09:13:00,49,16,20,-4,-9,1
02/18/2014 09:14:00,49,16,18,-4,-9,1
02/18/2014 09:15:00,49,17,18,-4,-9,1
02/18/2014 09:16:00,49,16,19,-4,-9,1
02/18/2014 09:17:00,49,16,19,-4,-9,1
02/18/2014 09:18:00,49,16,19,-4,-9,1
02/18/2014 09:19:00,49,16,19,-4,-9,1
02/18/2014 09:20:00,49,15,20,-5,-9,1
02/18/2014 09:21:00,49,15,19,-5,-9,1
02/18/2014 09:22:00,49,15,20,-5,-10,1
02/18/2014 09:23:00,49,15,19,-5,-11,1
02/18/2014 09:24:00,49,16,20,-5,-11,1
02/18/2014 09:25:00,49,16,19,-5,-12,1
02/18/2014 09:26:00,49,15,20,-5,-12,1
02/18/2014 09:27:00,49,16,20,-5,-12,1
02/18/2014 09:28:00,49,16,19,-5,-12,1
02/18/2014 09:29:00,49,16,19,-5,-12,1
02/18/2014 09:30:00,49,15,20,-5,-11,1
02/18/2014 09:31:00,49,15,20,-5,-11,1
02/18/2014 09:32:00,49,15,20,-5,-11,1
02/18/2014 09:33:00,49,15,20,-5,-10,1
02/18/2014 09:34:00,49,15,20,-5,-10,1
02/18/2014 09:35:00,49,15,20,-5,-11,1
02/18/2014 09:36:00,49,16,20,-5,-11,1
02/18/2014 09:37:00,49,16,21,-5,-11,1
02/18/2014 09:38:00,49,16,21,-5,-11,1
02/18/2014 09:39:00,49,16,21,-5,-11,1
02/18/2014 09:40:00,49,16,21,-5,-11,1
02/18/2014 09:41:00,49,16,21,-5,-11,1
02/18/2014 09:42:00,49,17,22,-5,-10,1
02/18/2014 09:43:00,49,17,22,-5,-9,1
02/18/2014 09:44:00,49,17,22,-5,-8,1
02/18/2014 09:45:00,49,18,22,-5,-8,1
02/18/2014 09:46:00,49,17,22,-5,-8,1
02/18/2014 09:47:00,49,18,21,-5,-9,1
02/18/2014 09:48:00,49,19,21,-5,-9,1
02/18/2014 09:49:00,49,19,21,-5,-10,1
02/18/2014 09:50:00,49,19,21,-5,-10,1
02/18/2014 09:51:00,49,19,21,-5,-10,1
02/18/2014 09:52:00,49,20,21,-5,-10,1
02/18/2014 09:53:00,49,20,22,-5,-10,1
02/18/2014 09:54:00,49,21,21,-5,-9,1
02/18/2014 09:55:00,49,21,22,-5,-9,1
02/18/2014 09:56:00,49,21,22,-5,-9,1
02/18/2014 09:57:00,49,21,22,-5,-9,1
02/18/2014 09:58:00,49,22,23,-5,-8,1
02/18/2014 09:59:00,49,22,22,-5,-8,1
02/18/2014 10:00:00,49,22,21,-5,-8,1
02/18/2014 10:01:00,49,22,22,-5,-8,1
02/18/2014 10:02:00,49,22,22,-4,-8,1
02/18/2014 10:03:00,49,22,21,-4,-7,1
02/18/2014 10:04:00,49,22,22,-4,-7,1
02/18/2014 10:05:00,49,22,21,-4,-7,1
02/18/2014 10:06:00,49,23,20,-4,-6,1
02/18/2014 10:07:00,49,22,20,-4,-6,1
02/18/2014 10:08:00,49,21,20,-4,-7,1
02/18/2014 10:09:00,49,21,21,-4,-7,1
02/18/2014 10:10:00,49,20,20,-4,-7,1
02/18/2014 10:11:00,49,19,21,-4,-7,1
02/18/2014 10:12:00,49,19,22,-4,-7,1
02/18/2014 10:13:00,49,18,22,-4,-8,1
02/18/2014 10:14:00,49,18,21,-4,-7,1
02/18/2014 10:15:00,49,17,21,-4,-7,1
02/18/2014 10:16:00,49,16,21,-4,-6,1
02/18/2014 10:17:00,49,15,21,-4,-6,1
02/18/2014 10:18:00,49,15,20,-4,-7,1
02/18/2014 10:19:00,49,15,20,-4,-8,1
02/18/2014 10:20:00,49,15,21,-4,-9,1
02/18/2014 10:21:00,49,15,20,-3,-9,1
02/18/2014 10:22:00,49,14,21,-4,-8,1
02/18/2014 10:23:00,49,13,21,-3,-8,1
02/18/2014 10:24:00,49,13,21,-3,-9,1
02/18/2014 10:25:00,49,14,20,-3,-8,1
02/18/2014 10:26:00,49,15,20,-3,-9,1
02/18/2014 10:27:00,49,15,20,-3,-9,1
02/18/2014 10:28:00,49,15,21,-3,-9,1
02/18/2014 10:29:00,49,15,21,-2,-9,1
02/18/2014 10:30:00,49,14,21,-3,-9,1
02/18/2014 10:31:00,49,14,22,-3,-9,1
02/18/2014 10:32:00,49,13,21,-3,-8,1
02/18/2014 10:33:00,49,13,21,-3,-8,1
02/18/2014 10:34:00,49,12,21,-3,-8,1
02/18/2014 10:35:00,49,11,21,-3,-8,1
02/18/2014 10:36:00,49,11,21,-3,-8,1
02/18/2014 10:37:00,49,10,21,-3,-8,1
02/18/2014 10:38:00,49,10,22,-3,-8,1
02/18/2014 10:39:00,49,9,22,-3,-8,1
02/18/2014 10:40:00,49,9,22,-3,-8,1
02/18/2014 10:41:00,49,9,22,-3,-8,1
02/18/2014 10:42:00,49,8,22,-3,-8,1
02/18/2014 10:43:00,49,7,22,-3,-8,1
02/18/2014 10:44:00,49,7,22,-3,-8,1
02/18/2014 10:45:00,49,7,22,-3,-8,1
02/18/2014 10:46:00,49,7,22,-3,-8,1
02/18/2014 10:47:00,49,7,22,-3,-8,1
02/18/2014 10:48:00,49,7,22,-3,-8,1
02/18/2014 10:49:00,49,7,23,-3,-8,1
02/18/2014 10:50:00,49,7,22,-3,-8,1
02/18/2014 10:51:00,49,7,22,-3,-8,1
02/18/2014 10:52:00,49,7,22,-3,-8,1
02/18/2014 10:53:00,49,7,22,-3,-8,1
02/18/2014 10:54:00,49,7,22,-2,-8,1
02/18/2014 10:55:00,49,7,22,-2,-8,1
02/18/2014 10:56:00,49,7,23,-2,-7,1
02/18/2014 10:57:00,49,6,23,-2,-7,1
02/18/2014 10:58:00,49,6,23,-2,-7,1
02/18/2014 10:59:00,49,6,23,-2,-7,1
02/18/2014 11:00:00,49,6,23,-2,-7,1
02/18/2014 11:01:00,49,6,23,-2,-7,1
02/18/2014 11:02:00,49,7,23,-2,-7,1
02/18/2014 11:03:00,49,7,22,-2,-7,1
02/18/2014 11:04:00,49,6,22,-2,-7,1
02/18/2014 11:05:00,49,6,22,-2,-7,1
02/18/2014 11:06:00,49,6,22,-2,-7,1
02/18/2014 11:07:00,49,6,22,-2,-7,1
02/18/2014 11:08:00,49,6,22,-2,-7,1
02/18/2014 11:09:00,49,6,22,-1,-7,1
02/18/2014 11:10:00,49,6,21,-1,-6,1
02/18/2014 11:11:00,49,6,21,-1,-6,1
02/18/2014 11:12:00,49,5,21,-1,-6,1
02/18/2014 11:13:00,49,6,21,-1,-6,1
02/18/2014 11:14:00,49,6,21,-1,-6,1
02/18/2014 11:15:00,49,6,21,-1,-6,1
02/18/2014 11:16:00,49,6,21,-1,-6,1
02/18/2014 11:17:00,49,5,21,-1,-6,1
02/18/2014 11:18:00,49,5,21,-1,-6,1
02/18/2014 11:19:00,49,6,22,-1,-6,1
02/18/2014 11:20:00,49,6,21,-1,-6,1
02/18/2014 11:21:00,49,5,20,-1,-6,1
02/18/2014 11:22:00,49,5,21,-1,-6,1
02/18/2014 11:23:00,49,6,20,-1,-6,1
02/18/2014 11:24:00,49,6,20,-1,-6,1
02/18/2014 11:25:00,49,6,20,-1,-5,1
02/18/2014 11:26:00,49,6,20,-1,-5,1
02/18/2014 11:27:00,49,6,20,-1,-5,1
02/18/2014 11:28:00,49,6,20,-1,-5,1
02/18/2014 11:29:00,49,6,20,-1,-6,1
02/18/2014 11:30:00,49,6,20,-1,-6,1
02/18/2014 11:31:00,49,6,20,0,-6,1
02/18/2014 11:32:00,49,6,20,0,-5,1
02/18/2014 11:33:00,49,6,20,0,-5,1
02/18/2014 11:34:00,49,6,20,0,-5,1
02/18/2014 11:35:00,49,6,20,0,-5,1
02/18/2014 11:36:00,49,6,21,0,-5,1
02/18/2014 11:37:00,49,6,21,0,-3,1
02/18/2014 11:38:00,49,6,21,-1,-3,1
02/18/2014 11:39:00,49,6,22,0,-2,1
02/18/2014 11:40:00,49,6,22,-1,-1,1
02/18/2014 11:41:00,49,6,20,-1,-1,1
02/18/2014 11:42:00,49,7,20,0,-2,1
02/18/2014 11:43:00,49,7,20,0,-2,1
02/18/2014 11:44:00,49,8,19,0,-2,1
02/18/2014 11:45:00,49,8,20,0,-2,1
02/18/2014 11:46:00,49,8,19,0,-2,1
02/18/2014 11:47:00,49,9,19,0,-2,1
02/18/2014 11:48:00,49,8,18,0,-3,1
02/18/2014 11:49:00,49,8,19,1,-3,1
02/18/2014 11:50:00,49,9,18,1,-3,1
02/18/2014 11:51:00,49,8,18,1,-2,1
02/18/2014 11:52:00,49,8,18,0,-2,1
02/18/2014 11:53:00,49,8,18,0,-2,1
02/18/2014 11:54:00,49,8,18,0,-2,1
02/18/2014 11:55:00,49,8,17,0,-2,1
02/18/2014 11:56:00,49,8,17,0,-2,1
02/18/2014 11:57:00,49,8,17,1,-2,1
02/18/2014 11:58:00,49,8,17,1,-2,1
02/18/2014 11:59:00,49,9,17,1,-2,1
02/18/2014 12:00:00,49,9,16,1,-3,1
02/18/2014 12:01:00,49,9,16,1,-2,1
02/18/2014 12:02:00,49,9,16,1,-2,1
02/18/2014 12:03:00,49,9,16,1,-2,1
02/18/2014 12:04:00,49,9,15,1,-1,1
02/18/2014 12:05:00,49,10,16,1,-1,1
02/18/2014 12:06:00,49,10,16,1,0,1
02/18/2014 12:07:00,49,10,15,1,0,1
02/18/2014 12:08:00,49,10,15,1,0,1
02/18/2014 12:09:00,49,11,15,1,0,1
02/18/2014 12:10:00,49,11,15,1,0,1
02/18/2014 12:11:00,49,11,15,1,0,1
02/18/2014 12:12:00,49,12,14,2,0,1
02/18/2014 12:13:00,49,12,14,2,0,1
02/18/2014 12:14:00,49,12,13,2,-1,1
02/18/2014 12:15:00,49,12,13,2,0,1
02/18/2014 12:16:00,49,12,13,2,0,1
02/18/2014 12:17:00,49,12,12,2,0,1
02/18/2014 12:18:00,49,13,12,2,0,1
02/18/2014 12:19:00,49,13,12,2,1,1
02/18/2014 12:20:00,49,12,12,2,0,1
02/18/2014 12:21:00,49,13,12,2,0,1
02/18/2014 12:22:00,49,12,12,2,0,1
02/18/2014 12:23:00,49,12,12,2,0,1
02/18/2014 12:24:00,49,13,13,2,1,1
02/18/2014 12:25:00,49,12,13,2,1,1
02/18/2014 12:26:00,49,12,13,2,0,1
02/18/2014 12:27:00,49,12,12,2,1,1
02/18/2014 12:28:00,49,11,12,2,1,1
02/18/2014 12:29:00,49,11,12,2,0,1
02/18/2014 12:30:00,49,11,12,2,0,1
02/18/2014 12:31:00,49,10,11,2,0,1
02/18/2014 12:32:00,49,10,11,2,0,1
02/18/2014 12:33:00,49,10,11,2,0,1
02/18/2014 12:34:00,49,10,12,2,0,1
02/18/2014 12:35:00,49,9,12,1,0,1
02/18/2014 12:36:00,49,9,12,1,1,1
02/18/2014 12:37:00,49,10,13,1,1,1
02/18/2014 12:38:00,49,10,13,1,1,1
02/18/2014 12:39:00,49,10,13,2,1,1
02/18/2014 12:40:00,49,10,13,2,1,1
02/18/2014 12:41:00,49,10,13,2,1,1
02/18/2014 12:42:00,49,11,13,2,1,1
02/18/2014 12:43:00,49,10,12,2,0,1
02/18/2014 12:44:00,49,10,12,1,0,1
02/18/2014 12:45:00,49,10,13,1,0,1
02/18/2014 12:46:00,49,10,13,2,0,1
02/18/2014 12:47:00,49,10,13,2,0,1
02/18/2014 12:48:00,49,10,11,2,1,1
02/18/2014 12:49:00,49,10,12,1,1,1
02/18/2014 12:50:00,49,10,12,1,1,1
02/18/2014 12:51:00,49,10,12,2,1,1
02/18/2014 12:52:00,49,10,12,1,1,1
02/18/2014 12:53:00,49,11,12,2,1,1
02/18/2014 12:54:00,49,11,12,2,1,1
02/18/2014 12:55:00,49,10,11,2,0,1
02/18/2014 12:56:00,49,10,12,2,0,1
02/18/2014 12:57:00,49,10,12,2,0,1
02/18/2014 12:58:00,49,10,12,2,0,1
02/18/2014 12:59:00,49,10,11,2,1,1
02/18/2014 13:00:00,49,10,11,2,0,1
02/18/2014 13:01:00,49,10,11,2,0,1
02/18/2014 13:02:00,49,10,11,2,0,1
02/18/2014 13:03:00,49,10,10,2,0,1
02/18/2014 13:04:00,49,10,10,2,0,1
02/18/2014 13:05:00,49,10,10,2,0,1
02/18/2014 13:06:00,49,10,10,2,0,1
02/18/2014 13:07:00,49,10,10,2,1,1
02/18/2014 13:08:00,49,11,10,2,1,1
02/18/2014 13:09:00,49,11,11,2,1,1
02/18/2014 13:10:00,49,11,11,2,1,1
02/18/2014 13:11:00,49,10,10,2,1,1
02/18/2014 13:12:00,49,11,10,2,1,1
02/18/2014 13:13:00,49,10,10,2,1,1
02/18/2014 13:14:00,49,11,10,2,1,1
02/18/2014 13:15:00,49,10,10,2,1,1
02/18/2014 13:16:00,49,11,10,2,1,1
02/18/2014 13:17:00,49,11,10,2,1,1
02/18/2014 13:18:00,49,11,10,2,1,1
02/18/2014 13:19:00,49,11,10,2,1,1
02/18/2014 13:20:00,49,10,10,2,1,1
02/18/2014 13:21:00,49,10,10,2,1,1
02/18/2014 13:22:00,49,11,9,2,2,1
02/18/2014 13:23:00,49,11,9,2,2,1
02/18/2014 13:24:00,49,11,10,2,2,1
02/18/2014 13:25:00,49,11,10,2,3,1
02/18/2014 13:26:00,49,11,8,2,3,1
02/18/2014 13:27:00,49,11,9,2,3,1
02/18/2014 13:28:00,49,11,9,2,3,1
02/18/2014 13:29:00,49,10,8,2,2,1
02/18/2014 13:30:00,49,10,9,2,2,1
02/18/2014 13:31:00,49,10,9,2,3,1
02/18/2014 13:32:00,49,10,9,2,3,1
02/18/2014 13:33:00,49,10,8,2,2,1
02/18/2014 13:34:00,49,10,10,2,2,1
02/18/2014 13:35:00,49,10,9,2,2,1
02/18/2014 13:36:00,49,10,9,2,3,1
02/18/2014 13:37:00,49,10,9,2,3,1
02/18/2014 13:38:00,49,10,9,2,3,1
02/18/2014 13:39:00,49,11,9,2,3,1
02/18/2014 13:40:00,49,10,10,2,3,1
02/18/2014 13:41:00,49,10,9,2,3,1
02/18/2014 13:42:00,49,11,8,2,3,1
02/18/2014 13:43:00,49,11,8,2,3,1
02/18/2014 13:44:00,49,10,8,2,3,1
02/18/2014 13:45:00,49,10,8,3,2,1
02/18/2014 13:46:00,49,11,8,3,3,1
02/18/2014 13:47:00,49,11,9,3,3,1
02/18/2014 13:48:00,49,12,9,3,3,1
02/18/2014 13:49:00,49,12,9,3,2,1
02/18/2014 13:50:00,49,11,9,3,2,1
02/18/2014 13:51:00,49,11,8,3,2,1
02/18/2014 13:52:00,49,11,8,3,2,1
02/18/2014 13:53:00,49,11,8,3,2,1
02/18/2014 13:54:00,49,11,9,3,1,1
02/18/2014 13:55:00,49,10,8,3,1,1
02/18/2014 13:56:00,49,11,7,3,1,1
02/18/2014 13:57:00,49,11,7,3,1,1
02/18/2014 13:58:00,49,11,7,3,1,1
02/18/2014 13:59:00,49,11,7,3,1,1
02/18/2014 14:00:00,49,10,7,3,1,1
02/18/2014 14:01:00,49,10,8,3,1,1
02/18/2014 14:02:00,49,10,8,3,1,1
02/18/2014 14:03:00,49,9,8,3,1,1
02/18/2014 14:04:00,49,10,6,3,1,1
02/18/2014 14:05:00,49,10,6,3,1,1
02/18/2014 14:06:00,49,9,7,3,1,1
02/18/2014 14:07:00,49,9,7,2,0,1
02/18/2014 14:08:00,49,9,8,3,0,1
02/18/2014 14:09:00,49,9,7,2,0,1
02/18/2014 14:10:00,49,8,8,2,0,1
02/18/2014 14:11:00,49,8,8,2,0,1
02/18/2014 14:12:00,49,8,7,2,0,1
02/18/2014 14:13:00,49,8,7,2,0,1
02/18/2014 14:14:00,49,8,9,2,0,1
02/18/2014 14:15:00,49,8,8,2,0,1
02/18/2014 14:16:00,49,8,8,2,0,1
02/18/2014 14:17:00,49,7,9,2,0,1
02/18/2014 14:18:00,49,7,8,2,0,1
02/18/2014 14:19:00,49,7,9,2,1,1
02/18/2014 14:20:00,49,7,10,2,0,1
02/18/2014 14:21:00,49,7,11,3,0,1
02/18/2014 14:22:00,49,7,11,3,0,1
02/18/2014 14:23:00,49,8,11,3,0,1
02/18/2014 14:24:00,49,8,11,3,0,1
02/18/2014 14:25:00,49,8,10,3,0,1
02/18/2014 14:26:00,49,8,11,3,0,1
02/18/2014 14:27:00,49,8,11,3,0,1
02/18/2014 14:28:00,49,7,11,3,0,1
02/18/2014 14:29:00,49,8,11,3,-1,1
02/18/2014 14:30:00,49,7,12,3,-1,1
02/18/2014 14:31:00,49,7,11,3,-2,1
02/18/2014 14:32:00,49,7,12,3,-2,1
02/18/2014 14:33:00,49,6,12,3,-2,1
02/18/2014 14:34:00,49,6,13,3,-2,1
02/18/2014 14:35:00,49,6,12,3,-2,1
02/18/2014 14:36:00,49,6,13,3,-2,1
02/18/2014 14:37:00,49,6,14,2,-3,1
02/18/2014 14:38:00,49,6,15,2,-3,1
02/18/2014 14:39:00,49,6,15,2,-2,1
02/18/2014 14:40:00,49,6,16,2,-3,1
02/18/2014 14:41:00,49,7,18,2,-2,1
02/18/2014 14:42:00,49,6,20,2,-2,1
02/18/2014 14:43:00,49,7,20,2,-3,1
02/18/2014 14:44:00,49,8,23,2,-3,1
02/18/2014 14:45:00,49,9,23,2,-3,1
02/18/2014 14:46:00,49,9,24,2,-2,1
02/18/2014 14:47:00,49,11,25,1,-2,1
02/18/2014 14:48:00,49,12,26,1,-2,1
02/18/2014 14:49:00,49,13,28,1,-3,1
02/18/2014 14:50:00,49,14,28,1,-3,1
02/18/2014 14:51:00,49,13,29,2,-2,1
02/18/2014 14:52:00,49,14,29,2,-2,1
02/18/2014 14:53:00,49,14,29,2,-2,1
02/18/2014 14:54:00,49,14,28,2,-2,1
02/18/2014 14:55:00,49,13,28,2,-2,1
02/18/2014 14:56:00,49,14,27,2,-2,1
02/18/2014 14:57:00,49,13,27,2,-2,1
02/18/2014 14:58:00,49,12,24,2,-3,1
02/18/2014 14:59:00,49,12,24,2,-3,1
02/18/2014 15:00:00,49,11,23,2,-2,1
02/18/2014 15:01:00,49,10,22,2,-3,1
02/18/2014 15:02:00,49,10,21,2,-2,1
02/18/2014 15:03:00,49,9,20,2,-2,1
02/18/2014 15:04:00,49,8,19,2,-2,1
02/18/2014 15:05:00,49,8,19,2,-2,1
02/18/2014 15:06:00,49,8,18,3,-2,1
02/18/2014 15:07:00,49,8,17,3,-2,1
02/18/2014 15:08:00,49,8,15,3,-2,1
02/18/2014 15:09:00,49,8,14,3,-2,1
02/18/2014 15:10:00,49,7,14,3,-2,1
02/18/2014 15:11:00,49,7,13,3,-2,1
02/18/2014 15:12:00,49,8,12,3,-1,1
02/18/2014 15:13:00,49,8,11,3,-2,1
02/18/2014 15:14:00,49,8,11,3,-2,1
02/18/2014 15:15:00,49,8,10,3,-2,1
02/18/2014 15:16:00,49,8,10,3,-2,1
02/18/2014 15:17:00,49,8,10,3,-2,1
02/18/2014 15:18:00,49,9,10,3,-2,1
02/18/2014 15:19:00,49,9,10,2,-2,1
02/18/2014 15:20:00,49,9,10,2,-2,1
02/18/2014 15:21:00,49,9,10,2,-2,1
02/18/2014 15:22:00,49,9,10,2,-2,1
02/18/2014 15:23:00,49,9,8,3,-3,1
02/18/2014 15:24:00,49,8,8,2,-3,1
02/18/2014 15:25:00,49,9,8,2,-3,1
02/18/2014 15:26:00,49,9,8,2,-3,1
02/18/2014 15:27:00,49,9,8,2,-3,1
02/18/2014 15:28:00,49,9,7,2,-3,1
02/18/2014 15:29:00,49,9,7,2,-3,1
02/18/2014 15:30:00,49,9,7,2,-3,1
02/18/2014 15:31:00,49,9,7,2,-3,1
02/18/2014 15:32:00,49,8,7,2,-3,1
02/18/2014 15:33:00,49,8,7,1,-4,1
02/18/2014 15:34:00,49,9,7,1,-4,1
02/18/2014 15:35:00,49,9,7,1,-4,1
02/18/2014 15:36:00,49,10,7,1,-4,1
02/18/2014 15:37:00,49,10,6,1,-4,1
02/18/2014 15:38:00,49,10,7,1,-4,1
02/18/2014 15:39:00,49,10,7,2,-5,1
02/18/2014 15:40:00,49,11,7,1,-5,1
02/18/2014 15:41:00,49,12,7,1,-5,1
02/18/2014 15:42:00,49,11,6,1,-5,1
02/18/2014 15:43:00,49,8,8,2,-7,1
02/18/2014 15:44:00,49,9,7,1,-7,1
02/18/2014 15:45:00,49,13,7,0,-8,1
02/18/2014 15:46:00,49,15,6,0,-8,1
02/18/2014 15:47:00,49,16,7,0,-9,1
02/18/2014 15:48:00,49,16,7,0,-9,1
02/18/2014 15:49:00,49,15,7,0,-9,1
02/18/2014 15:50:00,49,15,6,0,-9,1
02/18/2014 15:51:00,49,13,7,1,-9,1
02/18/2014 15:52:00,49,13,7,1,-9,1
02/18/2014 15:53:00,49,12,8,1,-9,1
02/18/2014 15:54:00,49,12,9,1,-9,1
02/18/2014 15:55:00,49,11,8,1,-9,1
02/18/2014 15:56:00,49,10,8,1,-9,1
02/18/2014 15:57:00,49,11,9,1,-9,1
02/18/2014 15:58:00,49,11,8,1,-9,1
02/18/2014 15:59:00,49,11,10,1,-9,1
02/18/2014 16:00:00,49,11,11,1,-9,1
02/18/2014 16:01:00,49,10,11,1,-9,1
02/18/2014 16:02:00,49,11,12,1,-10,1
02/18/2014 16:03:00,49,11,11,1,-10,1
02/18/2014 16:04:00,49,12,11,1,-10,1
02/18/2014 16:05:00,49,12,11,1,-10,1
02/18/2014 16:06:00,49,13,13,1,-10,1
02/18/2014 16:07:00,49,12,13,1,-11,1
02/18/2014 16:08:00,49,14,13,1,-11,1
02/18/2014 16:09:00,49,14,13,1,-11,1
02/18/2014 16:10:00,49,14,13,1,-11,1
02/18/2014 16:11:00,49,14,13,1,-11,1
02/18/2014 16:12:00,49,15,13,1,-11,1
02/18/2014 16:13:00,49,17,14,1,-11,1
02/18/2014 16:14:00,49,16,14,1,-11,1
02/18/2014 16:15:00,49,17,15,1,-11,1
02/18/2014 16:16:00,49,18,13,1,-12,1
02/18/2014 16:17:00,49,18,13,1,-12,1
02/18/2014 16:18:00,49,20,14,1,-12,1
02/18/2014 16:19:00,49,19,15,1,-12,1
02/18/2014 16:20:00,49,21,15,1,-12,1
02/18/2014 16:21:00,49,20,15,1,-13,1
02/18/2014 16:22:00,49,21,16,1,-12,1
02/18/2014 16:23:00,49,21,16,1,-12,1
02/18/2014 16:24:00,49,20,16,1,-12,1
02/18/2014 16:25:00,49,20,15,1,-12,1
02/18/2014 16:26:00,49,20,15,1,-12,1
02/18/2014 16:27:00,49,20,15,1,-12,1
02/18/2014 16:28:00,49,20,16,1,-12,1
02/18/2014 16:29:00,49,20,15,1,-12,1
02/18/2014 16:30:00,49,21,15,1,-12,1
02/18/2014 16:31:00,49,21,15,1,-12,1
02/18/2014 16:32:00,49,22,14,1,-12,1
02/18/2014 16:33:00,49,23,15,1,-12,1
02/18/2014 16:34:00,49,25,14,1,-12,1
02/18/2014 16:35:00,49,25,14,1,-12,1
02/18/2014 16:36:00,49,25,14,1,-12,1
02/18/2014 16:37:00,49,24,14,1,-12,1
02/18/2014 16:38:00,49,25,13,1,-12,1
02/18/2014 16:39:00,49,25,14,2,-12,1
02/18/2014 16:40:00,49,26,13,1,-12,1
02/18/2014 16:41:00,49,26,14,1,-12,1
02/18/2014 16:42:00,49,27,14,1,-13,1
02/18/2014 16:43:00,49,28,14,1,-13,1
02/18/2014 16:44:00,49,29,14,1,-13,1
02/18/2014 16:45:00,49,30,14,1,-13,1
02/18/2014 16:46:00,49,30,15,1,-13,1
02/18/2014 16:47:00,49,31,16,0,-13,1
02/18/2014 16:48:00,49,31,16,0,-13,1
02/18/2014 16:49:00,49,31,17,0,-13,1
02/18/2014 16:50:00,49,31,17,0,-13,1
02/18/2014 16:51:00,49,31,17,0,-13,1
02/18/2014 16:52:00,49,31,16,0,-13,1
02/18/2014 16:53:00,49,31,18,0,-13,1
02/18/2014 16:54:00,49,31,18,0,-13,1
02/18/2014 16:55:00,49,31,19,0,-13,1
02/18/2014 16:56:00,49,32,19,0,-13,1
02/18/2014 16:57:00,49,31,19,0,-13,1
02/18/2014 16:58:00,49,32,19,0,-13,1
02/18/2014 16:59:00,49,31,19,0,-13,1
02/18/2014 17:00:00,49,31,19,0,-13,1
02/18/2014 17:01:00,49,32,19,0,-14,1
02/18/2014 17:02:00,49,32,19,0,-14,1
02/18/2014 17:03:00,49,31,20,0,-13,1
02/18/2014 17:04:00,49,31,19,0,-13,1
02/18/2014 17:05:00,49,31,19,0,-13,1
02/18/2014 17:06:00,49,31,19,0,-13,1
02/18/2014 17:07:00,49,32,19,0,-13,1
02/18/2014 17:08:00,49,32,19,0,-13,1
02/18/2014 17:09:00,49,32,18,0,-15,1
02/18/2014 17:10:00,49,32,19,-1,-17,1
02/18/2014 17:11:00,49,35,24,-2,-19,1
02/18/2014 17:12:00,49,40,29,-2,-20,1
02/18/2014 17:13:00,49,40,29,-2,-21,1
02/18/2014 17:14:00,49,39,28,-2,-21,1
02/18/2014 17:15:00,49,40,28,-2,-22,1
02/18/2014 17:16:00,49,42,29,-2,-21,1
02/18/2014 17:17:00,49,41,28,-3,-21,1
02/18/2014 17:18:00,49,40,28,-2,-20,1
02/18/2014 17:19:00,49,39,28,-2,-20,1
02/18/2014 17:20:00,49,38,27,-2,-20,1
02/18/2014 17:21:00,49,38,26,-2,-20,1
02/18/2014 17:22:00,49,37,25,-2,-20,1
02/18/2014 17:23:00,49,36,24,-2,-19,1
02/18/2014 17:24:00,49,33,22,-3,-19,1
02/18/2014 17:25:00,49,31,21,-2,-19,1
02/18/2014 17:26:00,49,30,21,-2,-19,1
02/18/2014 17:27:00,49,29,20,-2,-18,1
02/18/2014 17:28:00,49,28,20,-2,-18,1
02/18/2014 17:29:00,49,27,20,-2,-18,1
02/18/2014 17:30:00,49,26,20,-2,-18,1
02/18/2014 17:31:00,49,25,20,-2,-18,1
02/18/2014 17:32:00,49,25,20,-2,-18,1
02/18/2014 17:33:00,49,25,20,-2,-18,1
02/18/2014 17:34:00,49,25,21,-2,-17,1
02/18/2014 17:35:00,49,25,20,-2,-17,1
02/18/2014 17:36:00,49,24,21,-2,-17,1
02/18/2014 17:37:00,49,24,21,-2,-17,1
02/18/2014 17:38:00,49,23,21,-2,-17,1
02/18/2014 17:39:00,49,23,21,-2,-17,1
02/18/2014 17:40:00,49,23,21,-2,-17,1
02/18/2014 17:41:00,49,22,21,-2,-17,1
02/18/2014 17:42:00,49,22,20,-2,-17,1
02/18/2014 17:43:00,49,22,19,-2,-17,1
02/18/2014 17:44:00,49,22,19,-1,-17,1
02/18/2014 17:45:00,49,21,20,-1,-16,1
02/18/2014 17:46:00,49,21,19,-1,-16,1
02/18/2014 17:47:00,49,21,20,-1,-16,1
02/18/2014 17:48:00,49,21,19,-1,-16,1
02/18/2014 17:49:00,49,20,19,-1,-16,1
02/18/2014 17:50:00,49,21,18,-1,-16,1
02/18/2014 17:51:00,49,20,19,-1,-15,1
02/18/2014 17:52:00,49,20,20,-1,-14,1
02/18/2014 17:53:00,49,20,19,-1,-14,1
02/18/2014 17:54:00,49,20,19,-1,-13,1
02/18/2014 17:55:00,49,21,20,-1,-13,1
02/18/2014 17:56:00,49,20,19,-1,-12,1
02/18/2014 17:57:00,49,19,19,-1,-12,1
02/18/2014 17:58:00,49,19,19,0,-11,1
02/18/2014 17:59:00,49,19,19,0,-11,1
02/18/2014 18:00:00,49,20,19,-1,-11,1
02/18/2014 18:01:00,49,21,20,-1,-11,1
02/18/2014 18:02:00,49,21,20,0,-10,1
02/18/2014 18:03:00,49,22,19,0,-10,1
02/18/2014 18:04:00,49,22,20,0,-9,1
02/18/2014 18:05:00,49,21,20,0,-8,1
02/18/2014 18:06:00,49,23,19,0,-8,1
02/18/2014 18:07:00,49,24,19,0,-8,1
02/18/2014 18:08:00,49,24,20,0,-8,1
02/18/2014 18:09:00,49,24,20,0,-8,1
02/18/2014 18:10:00,49,24,19,0,-8,1
02/18/2014 18:11:00,49,24,19,0,-9,1
02/18/2014 18:12:00,49,25,18,0,-9,1
02/18/2014 18:13:00,49,25,18,0,-9,1
02/18/2014 18:14:00,49,25,18,0,-10,1
02/18/2014 18:15:00,49,23,18,0,-10,1
02/18/2014 18:16:00,49,22,18,0,-10,1
02/18/2014 18:17:00,49,24,18,0,-11,1
02/18/2014 18:18:00,49,25,20,0,-11,1
02/18/2014 18:19:00,49,25,18,0,-12,1
02/18/2014 18:20:00,49,26,18,-1,-13,1
02/18/2014 18:21:00,49,26,18,-1,-14,1
02/18/2014 18:22:00,49,25,18,-1,-15,1
02/18/2014 18:23:00,49,25,18,-1,-15,1
02/18/2014 18:24:00,49,24,19,-1,-15,1
02/18/2014 18:25:00,49,25,19,-1,-15,1
02/18/2014 18:26:00,49,24,20,0,-16,1
02/18/2014 18:27:00,49,24,19,-1,-15,1
02/18/2014 18:28:00,49,24,17,-1,-15,1
02/18/2014 18:29:00,49,24,17,-1,-15,1
02/18/2014 18:30:00,49,24,18,-1,-15,1
02/18/2014 18:31:00,49,24,18,-1,-15,1
02/18/2014 18:32:00,49,24,18,-1,-14,1
02/18/2014 18:33:00,49,24,17,-1,-15,1
02/18/2014 18:34:00,49,24,18,-1,-14,1
02/18/2014 18:35:00,49,24,18,-1,-14,1
02/18/2014 18:36:00,49,24,17,-1,-15,1
02/18/2014 18:37:00,49,24,18,-1,-14,1
02/18/2014 18:38:00,49,24,18,-1,-14,1
02/18/2014 18:39:00,49,25,18,-1,-14,1
02/18/2014 18:40:00,49,25,18,-1,-14,1
02/18/2014 18:41:00,49,25,18,-1,-14,1
02/18/2014 18:42:00,49,25,17,-1,-14,1
02/18/2014 18:43:00,49,25,17,-1,-13,1
02/18/2014 18:44:00,49,25,17,-1,-14,1
02/18/2014 18:45:00,49,24,17,-1,-13,1
02/18/2014 18:46:00,49,24,17,-1,-13,1
02/18/2014 18:47:00,49,25,18,-1,-13,1
02/18/2014 18:48:00,49,26,15,-1,-13,1
02/18/2014 18:49:00,49,26,16,-1,-14,1
02/18/2014 18:50:00,49,25,16,-1,-14,1
02/18/2014 18:51:00,49,26,16,-1,-14,1
02/18/2014 18:52:00,49,26,16,-1,-14,1
02/18/2014 18:53:00,49,26,16,-1,-14,1
02/18/2014 18:54:00,49,28,16,-1,-13,1
02/18/2014 18:55:00,49,28,18,-1,-13,1
02/18/2014 18:56:00,49,29,17,-1,-13,1
02/18/2014 18:57:00,49,29,17,-1,-14,1
02/18/2014 18:58:00,49,29,15,-1,-14,1
02/18/2014 18:59:00,49,27,16,-1,-15,1
02/18/2014 19:00:00,49,28,13,-1,-16,1
02/18/2014 19:01:00,49,29,13,-2,-16,1
02/18/2014 19:02:00,49,30,14,-2,-16,1
02/18/2014 19:03:00,49,29,16,-1,-15,1
02/18/2014 19:04:00,49,30,16,-2,-15,1
02/18/2014 19:05:00,49,31,16,-2,-15,1
02/18/2014 19:06:00,49,31,16,-2,-15,1
02/18/2014 19:07:00,49,33,17,-2,-15,1
02/18/2014 19:08:00,49,33,19,-2,-16,1
02/18/2014 19:09:00,49,36,21,-2,-17,1
02/18/2014 19:10:00,49,37,21,-2,-18,1
02/18/2014 19:11:00,49,38,22,-2,-19,1
02/18/2014 19:12:00,49,38,22,-2,-19,1
02/18/2014 19:13:00,49,40,24,-2,-19,1
02/18/2014 19:14:00,49,40,26,-2,-19,1
02/18/2014 19:15:00,49,41,27,-2,-19,1
02/18/2014 19:16:00,49,42,29,-2,-18,1
02/18/2014 19:17:00,49,43,30,-2,-18,1
02/18/2014 19:18:00,49,45,31,-2,-18,1
02/18/2014 19:19:00,49,46,32,-3,-17,1
02/18/2014 19:20:00,49,48,33,-3,-16,1
02/18/2014 19:21:00,49,50,34,-3,-16,1
02/18/2014 19:22:00,49,51,35,-3,-15,1
02/18/2014 19:23:00,49,52,36,-3,-15,1
02/18/2014 19:24:00,49,53,36,-3,-15,1
02/18/2014 19:25:00,49,54,37,-3,-16,1
02/18/2014 19:26:00,49,55,37,-4,-16,1
02/18/2014 19:27:00,49,56,37,-4,-16,1
02/18/2014 19:28:00,49,56,38,-4,-17,1
02/18/2014 19:29:00,49,56,37,-4,-17,1
02/18/2014 19:30:00,49,57,39,-4,-18,1
02/18/2014 19:31:00,49,57,38,-4,-17,1
02/18/2014 19:32:00,49,57,38,-4,-17,1
02/18/2014 19:33:00,49,59,38,-4,-18,1
02/18/2014 19:34:00,49,58,36,-4,-17,1
02/18/2014 19:35:00,49,58,36,-4,-18,1
02/18/2014 19:36:00,49,59,37,-4,-18,1
02/18/2014 19:37:00,49,59,36,-4,-18,1
02/18/2014 19:38:00,49,58,36,-4,-18,1
02/18/2014 19:39:00,49,58,35,-4,-18,1
02/18/2014 19:40:00,49,58,34,-4,-19,1
02/18/2014 19:41:00,49,56,34,-4,-19,1
02/18/2014 19:42:00,49,57,33,-4,-19,1
02/18/2014 19:43:00,49,57,33,-4,-19,1
02/18/2014 19:44:00,49,56,32,-4,-20,1
02/18/2014 19:45:00,49,56,31,-4,-20,1
02/18/2014 19:46:00,49,56,30,-4,-20,1
02/18/2014 19:47:00,49,55,29,-4,-20,1
02/18/2014 19:48:00,49,55,28,-4,-21,1
02/18/2014 19:49:00,49,53,28,-4,-22,1
02/18/2014 19:50:00,49,52,27,-4,-23,1
02/18/2014 19:51:00,49,51,26,-4,-23,1
02/18/2014 19:52:00,49,50,26,-4,-23,1
02/18/2014 19:53:00,49,50,25,-3,-23,1
02/18/2014 19:54:00,49,49,25,-4,-23,1
02/18/2014 19:55:00,49,48,24,-4,-22,1
02/18/2014 19:56:00,49,48,24,-4,-22,1
02/18/2014 19:57:00,49,48,24,-4,-22,1
02/18/2014 19:58:00,49,48,25,-4,-22,1
02/18/2014 19:59:00,49,48,25,-4,-22,1
02/18/2014 20:00:00,49,48,25,-3,-22,1
02/18/2014 20:01:00,49,47,25,-3,-22,1
02/18/2014 20:02:00,49,47,24,-3,-22,1
02/18/2014 20:03:00,49,46,25,-3,-22,1
02/18/2014 20:04:00,49,46,25,-3,-22,1
02/18/2014 20:05:00,49,45,27,-3,-22,1
02/18/2014 20:06:00,49,45,27,-3,-21,1
02/18/2014 20:07:00,49,44,26,-3,-22,1
02/18/2014 20:08:00,49,45,25,-3,-22,1
02/18/2014 20:09:00,49,45,26,-3,-22,1
02/18/2014 20:10:00,49,44,26,-3,-21,1
02/18/2014 20:11:00,49,44,26,-3,-21,1
02/18/2014 20:12:00,49,44,27,-3,-20,1
02/18/2014 20:13:00,49,43,28,-3,-20,1
02/18/2014 20:14:00,49,43,28,-3,-20,1
02/18/2014 20:15:00,49,43,27,-3,-20,1
02/18/2014 20:16:00,49,44,28,-3,-21,1
02/18/2014 20:17:00,49,44,27,-3,-22,1
02/18/2014 20:18:00,49,44,27,-3,-22,1
02/18/2014 20:19:00,49,43,27,-3,-22,1
02/18/2014 20:20:00,49,44,28,-3,-23,1
02/18/2014 20:21:00,49,44,28,-3,-23,1
02/18/2014 20:22:00,49,44,27,-3,-23,1
02/18/2014 20:23:00,49,43,27,-3,-23,1
02/18/2014 20:24:00,49,44,26,-3,-23,1
02/18/2014 20:25:00,49,43,27,-3,-23,1
02/18/2014 20:26:00,49,43,28,-3,-24,1
02/18/2014 20:27:00,49,43,27,-3,-24,1
02/18/2014 20:28:00,49,42,27,-3,-24,1
02/18/2014 20:29:00,49,43,27,-3,-24,1
02/18/2014 20:30:00,49,43,28,-3,-24,1
02/18/2014 20:31:00,49,42,28,-3,-24,1
02/18/2014 20:32:00,49,42,28,-3,-25,1
02/18/2014 20:33:00,49,43,28,-3,-25,1
02/18/2014 20:34:00,49,43,28,-3,-25,1
02/18/2014 20:35:00,49,41,28,-3,-25,1
02/18/2014 20:36:00,49,41,28,-3,-26,1
02/18/2014 20:37:00,49,42,26,-3,-27,1
02/18/2014 20:38:00,49,42,25,-3,-28,1
02/18/2014 20:39:00,49,42,25,-3,-28,1
02/18/2014 20:40:00,49,42,26,-3,-27,1
02/18/2014 20:41:00,49,41,28,-3,-27,1
02/18/2014 20:42:00,49,41,26,-3,-27,1
02/18/2014 20:43:00,49,40,26,-3,-27,1
02/18/2014 20:44:00,49,40,26,-3,-27,1
02/18/2014 20:45:00,49,40,26,-3,-26,1
02/18/2014 20:46:00,49,40,27,-3,-26,1
02/18/2014 20:47:00,49,41,27,-3,-26,1
02/18/2014 20:48:00,49,40,26,-3,-26,1
02/18/2014 20:49:00,49,41,26,-3,-26,1
02/18/2014 20:50:00,49,42,26,-3,-26,1
02/18/2014 20:51:00,49,43,25,-3,-26,1
02/18/2014 20:52:00,49,43,27,-3,-26,1
02/18/2014 20:53:00,49,44,26,-3,-26,1
02/18/2014 20:54:00,49,44,26,-3,-26,1
02/18/2014 20:55:00,49,45,26,-3,-26,1
02/18/2014 20:56:00,49,45,25,-3,-26,1
02/18/2014 20:57:00,49,45,26,-3,-27,1
02/18/2014 20:58:00,49,46,25,-3,-27,1
02/18/2014 20:59:00,49,46,25,-3,-27,1
02/18/2014 21:00:00,49,46,26,-3,-28,1
02/18/2014 21:01:00,49,47,26,-3,-28,1
02/18/2014 21:02:00,49,47,26,-3,-28,1
02/18/2014 21:03:00,49,46,26,-3,-27,1
02/18/2014 21:04:00,49,47,27,-3,-28,1
02/18/2014 21:05:00,49,47,27,-3,-28,1
02/18/2014 21:06:00,49,46,27,-3,-28,1
02/18/2014 21:07:00,49,46,28,-3,-29,1
02/18/2014 21:08:00,49,46,28,-4,-29,1
02/18/2014 21:09:00,49,46,28,-3,-29,1
02/18/2014 21:10:00,49,48,27,-3,-28,1
02/18/2014 21:11:00,49,48,27,-4,-28,1
02/18/2014 21:12:00,49,49,27,-4,-29,1
02/18/2014 21:13:00,49,49,27,-4,-29,1
02/18/2014 21:14:00,49,50,28,-4,-28,1
02/18/2014 21:15:00,49,50,28,-4,-28,1
02/18/2014 21:16:00,49,51,29,-4,-27,1
02/18/2014 21:17:00,49,52,29,-4,-28,1
02/18/2014 21:18:00,49,53,30,-4,-27,1
02/18/2014 21:19:00,49,53,30,-4,-27,1
02/18/2014 21:20:00,49,53,31,-4,-27,1
02/18/2014 21:21:00,49,54,32,-4,-28,1
02/18/2014 21:22:00,49,54,32,-4,-28,1
02/18/2014 21:23:00,49,55,32,-4,-29,1
02/18/2014 21:24:00,49,54,31,-4,-29,1
02/18/2014 21:25:00,49,54,30,-4,-30,1
02/18/2014 21:26:00,49,53,31,-4,-30,1
02/18/2014 21:27:00,49,53,30,-3,-31,1
02/18/2014 21:28:00,49,52,32,-4,-31,1
02/18/2014 21:29:00,49,52,30,-4,-31,1
02/18/2014 21:30:00,49,51,30,-4,-31,1
02/18/2014 21:31:00,49,51,28,-4,-32,1
02/18/2014 21:32:00,49,50,30,-4,-31,1
02/18/2014 21:33:00,49,49,30,-4,-31,1
02/18/2014 21:34:00,49,49,29,-3,-31,1
02/18/2014 21:35:00,49,49,28,-4,-30,1
02/18/2014 21:36:00,49,48,28,-3,-30,1
02/18/2014 21:37:00,49,49,28,-3,-31,1
02/18/2014 21:38:00,49,49,28,-3,-31,1
02/18/2014 21:39:00,49,49,29,-3,-31,1
02/18/2014 21:40:00,49,50,30,-2,-31,1
02/18/2014 21:41:00,49,51,31,-2,-31,1
02/18/2014 21:42:00,49,50,31,-2,-31,1
02/18/2014 21:43:00,49,51,30,-2,-31,1
02/18/2014 21:44:00,49,51,31,-2,-31,1
02/18/2014 21:45:00,49,50,32,-2,-31,1
02/18/2014 21:46:00,49,49,33,-2,-31,1
02/18/2014 21:47:00,49,50,32,-2,-32,1
02/18/2014 21:48:00,49,49,31,-2,-32,1
02/18/2014 21:49:00,49,49,32,-2,-32,1
02/18/2014 21:50:00,49,49,32,-3,-32,1
02/18/2014 21:51:00,49,48,32,-2,-32,1
02/18/2014 21:52:00,49,48,31,-2,-32,1
02/18/2014 21:53:00,49,47,31,-3,-32,1
02/18/2014 21:54:00,49,47,31,-2,-32,1
02/18/2014 21:55:00,49,46,32,-2,-32,1
02/18/2014 21:56:00,49,47,33,-2,-31,1
02/18/2014 21:57:00,49,47,33,-2,-31,1
02/18/2014 21:58:00,49,47,33,-2,-31,1
02/18/2014 21:59:00,49,47,35,-2,-31,1
02/18/2014 22:00:00,49,47,36,-2,-30,1
02/18/2014 22:01:00,49,48,35,-3,-31,1
02/18/2014 22:02:00,49,47,35,-3,-31,1
02/18/2014 22:03:00,49,47,34,-3,-31,1
02/18/2014 22:04:00,49,48,34,-3,-31,1
02/18/2014 22:05:00,49,47,33,-3,-32,1
02/18/2014 22:06:00,49,48,33,-3,-32,1
02/18/2014 22:07:00,49,48,33,-3,-32,1
02/18/2014 22:08:00,49,48,33,-3,-32,1
02/18/2014 22:09:00,49,48,33,-3,-32,1
02/18/2014 22:10:00,49,49,33,-3,-32,1
02/18/2014 22:11:00,49,48,34,-3,-32,1
02/18/2014 22:12:00,49,50,34,-3,-32,1
02/18/2014 22:13:00,49,49,33,-3,-33,1
02/18/2014 22:14:00,49,50,34,-3,-33,1
02/18/2014 22:15:00,49,49,32,-3,-33,1
02/18/2014 22:16:00,49,50,32,-3,-33,1
02/18/2014 22:17:00,49,49,30,-3,-34,1
02/18/2014 22:18:00,49,49,30,-3,-34,1
02/18/2014 22:19:00,49,49,29,-3,-34,1
02/18/2014 22:20:00,49,48,29,-3,-35,1
02/18/2014 22:21:00,49,49,29,-3,-35,1
02/18/2014 22:22:00,49,49,28,-3,-35,1
02/18/2014 22:23:00,49,48,28,-3,-35,1
02/18/2014 22:24:00,49,48,29,-3,-36,1
02/18/2014 22:25:00,49,49,29,-3,-36,1
02/18/2014 22:26:00,49,49,29,-3,-36,1
02/18/2014 22:27:00,49,50,29,-3,-36,1
02/18/2014 22:28:00,49,50,29,-3,-36,1
02/18/2014 22:29:00,49,50,30,-3,-36,1
02/18/2014 22:30:00,49,50,29,-3,-36,1
02/18/2014 22:31:00,49,50,29,-3,-36,1
02/18/2014 22:32:00,49,51,30,-3,-36,1
02/18/2014 22:33:00,49,52,30,-3,-36,1
02/18/2014 22:34:00,49,53,31,-4,-36,1
02/18/2014 22:35:00,49,54,30,-4,-36,1
02/18/2014 22:36:00,49,55,30,-4,-37,1
02/18/2014 22:37:00,49,55,31,-4,-37,1
02/18/2014 22:38:00,49,57,30,-5,-37,1
02/18/2014 22:39:00,49,57,30,-5,-38,1
02/18/2014 22:40:00,49,58,31,-5,-37,1
02/18/2014 22:41:00,49,59,31,-5,-37,1
02/18/2014 22:42:00,49,59,30,-6,-37,1
02/18/2014 22:43:00,49,60,29,-6,-38,1
02/18/2014 22:44:00,49,59,28,-6,-38,1
02/18/2014 22:45:00,49,59,29,-6,-38,1
02/18/2014 22:46:00,49,58,28,-6,-39,1
02/18/2014 22:47:00,49,57,28,-6,-40,1
02/18/2014 22:48:00,49,56,29,-6,-40,1
02/18/2014 22:49:00,49,57,29,-6,-41,1
02/18/2014 22:50:00,49,57,29,-6,-41,1
02/18/2014 22:51:00,49,57,27,-6,-41,1
02/18/2014 22:52:00,49,57,29,-6,-41,1
02/18/2014 22:53:00,49,56,29,-6,-42,1
02/18/2014 22:54:00,49,55,29,-6,-42,1
02/18/2014 22:55:00,49,56,29,-6,-42,1
02/18/2014 22:56:00,49,55,29,-6,-42,1
02/18/2014 22:57:00,49,55,29,-6,-43,1
02/18/2014 22:58:00,49,56,29,-6,-42,1
02/18/2014 22:59:00,49,56,28,-6,-43,1
02/18/2014 23:00:00,49,57,28,-7,-42,1
02/18/2014 23:01:00,49,58,27,-7,-42,1
02/18/2014 23:02:00,49,58,28,-7,-41,1
02/18/2014 23:03:00,49,58,28,-7,-41,1
02/18/2014 23:04:00,49,58,27,-7,-42,1
02/18/2014 23:05:00,49,58,28,-7,-42,1
02/18/2014 23:06:00,49,57,28,-7,-42,1
02/18/2014 23:07:00,49,57,28,-7,-42,1
02/18/2014 23:08:00,49,56,26,-7,-42,1
02/18/2014 23:09:00,49,55,26,-7,-42,1
02/18/2014 23:10:00,49,55,26,-7,-42,1
02/18/2014 23:11:00,49,54,27,-6,-42,1
02/18/2014 23:12:00,49,53,27,-6,-42,1
02/18/2014 23:13:00,49,52,26,-6,-42,1
02/18/2014 23:14:00,49,50,26,-6,-42,1
02/18/2014 23:15:00,49,49,26,-6,-43,1
02/18/2014 23:16:00,49,48,25,-6,-42,1
02/18/2014 23:17:00,49,47,26,-6,-42,1
02/18/2014 23:18:00,49,47,26,-6,-42,1
02/18/2014 23:19:00,49,47,27,-6,-42,1
02/18/2014 23:20:00,49,47,28,-6,-41,1
02/18/2014 23:21:00,49,47,28,-6,-41,1
02/18/2014 23:22:00,49,49,29,-7,-41,1
02/18/2014 23:23:00,49,50,28,-7,-41,1
02/18/2014 23:24:00,49,51,28,-8,-42,1
02/18/2014 23:25:00,49,52,28,-8,-42,1
02/18/2014 23:26:00,49,54,28,-8,-42,1
02/18/2014 23:27:00,49,56,27,-9,-43,1
02/18/2014 23:28:00,49,57,27,-9,-43,1
02/18/2014 23:29:00,49,58,26,-9,-43,1
02/18/2014 23:30:00,49,58,27,-9,-43,1
02/18/2014 23:31:00,49,57,27,-10,-43,1
02/18/2014 23:32:00,49,57,27,-10,-44,1
02/18/2014 23:33:00,49,57,27,-10,-44,1
02/18/2014 23:34:00,49,56,28,-10,-45,1
02/18/2014 23:35:00,49,55,27,-10,-45,1
02/18/2014 23:36:00,49,55,27,-9,-45,1
02/18/2014 23:37:00,49,55,29,-10,-45,1
02/18/2014 23:38:00,49,55,29,-10,-45,1
02/18/2014 23:39:00,49,56,29,-10,-45,1
02/18/2014 23:40:00,49,57,30,-10,-45,1
02/18/2014 23:41:00,49,58,30,-10,-45,1
02/18/2014 23:42:00,49,59,29,-10,-45,1
02/18/2014 23:43:00,49,60,28,-10,-45,1
02/18/2014 23:44:00,49,59,28,-11,-45,1
02/18/2014 23:45:00,49,60,29,-11,-45,1
02/18/2014 23:46:00,49,60,30,-11,-45,1
02/18/2014 23:47:00,49,61,31,-11,-45,1
02/18/2014 23:48:00,49,60,32,-11,-45,1
02/18/2014 23:49:00,49,62,32,-11,-45,1
02/18/2014 23:50:00,49,62,32,-12,-46,1
02/18/2014 23:51:00,49,64,31,-12,-46,1
02/18/2014 23:52:00,49,64,32,-12,-46,1
02/18/2014 23:53:00,49,65,33,-12,-46,1
02/18/2014 23:54:00,49,63,33,-12,-46,1
02/18/2014 23:55:00,49,64,32,-12,-46,1
02/18/2014 23:56:00,49,63,31,-13,-46,1
02/18/2014 23:57:00,49,64,31,-13,-46,1
02/18/2014 23:58:00,49,65,31,-14,-46,1
02/18/2014 23:59:00,49,66,32,-14,-47,1
02/19/2014 00:00:00,50,66,32,-15,-47,1
02/19/2014 00:01:00,50,66,32,-15,-47,1
02/19/2014 00:02:00,50,65,32,-15,-48,1
02/19/2014 00:03:00,50,64,31,-15,-49,1
02/19/2014 00:04:00,50,62,32,-15,-49,1
02/19/2014 00:05:00,50,59,31,-15,-50,1
02/19/2014 00:06:00,50,58,30,-15,-50,1
02/19/2014 00:07:00,50,56,29,-15,-50,1
02/19/2014 00:08:00,50,53,29,-15,-50,1
02/19/2014 00:09:00,50,49,30,-15,-51,1
02/19/2014 00:10:00,50,46,29,-15,-51,1
02/19/2014 00:11:00,50,42,29,-15,-52,1
02/19/2014 00:12:00,50,40,30,-14,-52,1
02/19/2014 00:13:00,50,38,29,-14,-52,1
02/19/2014 00:14:00,50,36,30,-14,-53,1
02/19/2014 00:15:00,50,35,30,-14,-53,1
02/19/2014 00:16:00,50,35,31,-14,-53,1
02/19/2014 00:17:00,50,34,30,-14,-54,1
02/19/2014 00:18:00,50,34,32,-15,-54,1
02/19/2014 00:19:00,50,33,33,-14,-54,1
02/19/2014 00:20:00,50,33,33,-15,-54,1
02/19/2014 00:21:00,50,33,31,-15,-54,1
02/19/2014 00:22:00,50,33,31,-15,-54,1
02/19/2014 00:23:00,50,33,33,-15,-53,1
02/19/2014 00:24:00,50,34,33,-15,-53,1
02/19/2014 00:25:00,50,35,34,-15,-53,1
02/19/2014 00:26:00,50,36,35,-15,-53,1
02/19/2014 00:27:00,50,38,34,-16,-53,1
02/19/2014 00:28:00,50,38,35,-16,-53,1
02/19/2014 00:29:00,50,40,35,-16,-52,1
02/19/2014 00:30:00,50,41,37,-16,-53,1
02/19/2014 00:31:00,50,42,37,-17,-52,1
02/19/2014 00:32:00,50,43,38,-17,-52,1
02/19/2014 00:33:00,50,44,38,-17,-52,1
02/19/2014 00:34:00,50,44,38,-17,-52,1
02/19/2014 00:35:00,50,44,39,-17,-52,1
02/19/2014 00:36:00,50,44,39,-17,-52,1
02/19/2014 00:37:00,50,44,39,-17,-52,1
02/19/2014 00:38:00,50,43,40,-16,-51,1
02/19/2014 00:39:00,50,43,40,-16,-51,1
02/19/2014 00:40:00,50,42,39,-15,-51,1
02/19/2014 00:41:00,50,42,40,-15,-51,1
02/19/2014 00:42:00,50,41,40,-15,-52,1
02/19/2014 00:43:00,50,40,41,-15,-51,1
02/19/2014 00:44:00,50,40,41,-14,-51,1
02/19/2014 00:45:00,50,39,42,-14,-51,1
02/19/2014 00:46:00,50,37,42,-14,-52,1
02/19/2014 00:47:00,50,34,43,-13,-52,1
02/19/2014 00:48:00,50,31,42,-13,-53,1
02/19/2014 00:49:00,50,28,41,-12,-53,1
02/19/2014 00:50:00,50,28,40,-12,-53,1
02/19/2014 00:51:00,50,28,39,-12,-53,1
02/19/2014 00:52:00,50,26,40,-11,-53,1
02/19/2014 00:53:00,50,25,43,-11,-54,1
02/19/2014 00:54:00,50,23,44,-11,-53,1
02/19/2014 00:55:00,50,21,46,-10,-53,1
02/19/2014 00:56:00,50,20,47,-10,-54,1
02/19/2014 00:57:00,50,19,49,-9,-54,1
02/19/2014 00:58:00,50,17,51,-9,-54,1
02/19/2014 00:59:00,50,16,53,-9,-55,1
02/19/2014 01:00:00,50,15,55,-9,-55,1
02/19/2014 01:01:00,50,16,57,-9,-56,1
02/19/2014 01:02:00,50,17,58,-9,-55,1
02/19/2014 01:03:00,50,16,59,-9,-55,1
02/19/2014 01:04:00,50,17,61,-9,-55,1
02/19/2014 01:05:00,50,18,61,-9,-55,1
02/19/2014 01:06:00,50,20,63,-9,-56,1
02/19/2014 01:07:00,50,21,63,-9,-56,1
02/19/2014 01:08:00,50,21,63,-10,-55,1
02/19/2014 01:09:00,50,23,63,-10,-55,1
02/19/2014 01:10:00,50,24,62,-10,-55,1
02/19/2014 01:11:00,50,25,61,-10,-55,1
02/19/2014 01:12:00,50,27,62,-9,-55,1
02/19/2014 01:13:00,50,28,62,-9,-55,1
02/19/2014 01:14:00,50,28,62,-9,-55,1
02/19/2014 01:15:00,50,28,61,-9,-56,1
02/19/2014 01:16:00,50,30,59,-9,-56,1
02/19/2014 01:17:00,50,31,59,-9,-56,1
02/19/2014 01:18:00,50,32,58,-9,-56,1
02/19/2014 01:19:00,50,32,57,-9,-56,1
02/19/2014 01:20:00,50,33,56,-9,-56,1
02/19/2014 01:21:00,50,35,57,-9,-56,1
02/19/2014 01:22:00,50,35,55,-9,-56,1
02/19/2014 01:23:00,50,35,54,-9,-57,1
02/19/2014 01:24:00,50,35,54,-8,-57,1
02/19/2014 01:25:00,50,35,54,-9,-57,1
02/19/2014 01:26:00,50,37,53,-9,-57,1
02/19/2014 01:27:00,50,38,54,-9,-57,1
02/19/2014 01:28:00,50,38,55,-9,-57,1
02/19/2014 01:29:00,50,37,53,-9,-58,1
02/19/2014 01:30:00,50,37,53,-9,-58,1
02/19/2014 01:31:00,50,36,53,-9,-58,1
02/19/2014 01:32:00,50,36,52,-10,-58,1
02/19/2014 01:33:00,50,35,52,-10,-58,1
02/19/2014 01:34:00,50,33,51,-10,-58,1
02/19/2014 01:35:00,50,33,49,-10,-59,1
02/19/2014 01:36:00,50,32,48,-11,-59,1
02/19/2014 01:37:00,50,31,49,-11,-59,1
02/19/2014 01:38:00,50,31,48,-11,-59,1
02/19/2014 01:39:00,50,30,48,-12,-59,1
02/19/2014 01:40:00,50,29,47,-12,-59,1
02/19/2014 01:41:00,50,30,46,-13,-59,1
02/19/2014 01:42:00,50,29,47,-13,-58,1
02/19/2014 01:43:00,50,28,45,-13,-58,1
02/19/2014 01:44:00,50,30,43,-14,-57,1
02/19/2014 01:45:00,50,30,43,-14,-57,1
02/19/2014 01:46:00,50,31,43,-15,-57,1
02/19/2014 01:47:00,50,31,42,-15,-56,1
02/19/2014 01:48:00,50,31,42,-15,-57,1
02/19/2014 01:49:00,50,31,42,-15,-57,1
02/19/2014 01:50:00,50,30,42,-15,-57,1
02/19/2014 01:51:00,50,29,42,-15,-58,1
02/19/2014 01:52:00,50,28,42,-15,-58,1
02/19/2014 01:53:00,50,27,43,-15,-59,1
02/19/2014 01:54:00,50,24,42,-15,-59,1
02/19/2014 01:55:00,50,22,42,-15,-59,1
02/19/2014 01:56:00,50,22,43,-14,-60,1
02/19/2014 01:57:00,50,22,43,-14,-60,1
02/19/2014 01:58:00,50,21,44,-13,-61,1
02/19/2014 01:59:00,50,21,43,-13,-61,1
02/19/2014 02:00:00,50,22,44,-13,-62,1
02/19/2014 02:01:00,50,23,46,-13,-62,1
02/19/2014 02:02:00,50,23,46,-12,-62,1
02/19/2014 02:03:00,50,22,46,-12,-62,1
02/19/2014 02:04:00,50,24,47,-12,-63,1
02/19/2014 02:05:00,50,23,47,-12,-63,1
02/19/2014 02:06:00,50,23,47,-12,-63,1
02/19/2014 02:07:00,50,23,47,-12,-63,1
02/19/2014 02:08:00,50,22,48,-12,-63,1
02/19/2014 02:09:00,50,23,48,-12,-63,1
02/19/2014 02:10:00,50,23,49,-12,-63,1
02/19/2014 02:11:00,50,23,49,-12,-63,1
02/19/2014 02:12:00,50,23,49,-11,-64,1
02/19/2014 02:13:00,50,23,49,-11,-64,1
02/19/2014 02:14:00,50,23,49,-11,-64,1
02/19/2014 02:15:00,50,22,49,-11,-64,1
02/19/2014 02:16:00,50,21,49,-11,-64,1
02/19/2014 02:17:00,50,22,49,-11,-64,1
02/19/2014 02:18:00,50,23,49,-10,-64,1
02/19/2014 02:19:00,50,22,49,-10,-64,1
02/19/2014 02:20:00,50,22,50,-10,-64,1
02/19/2014 02:21:00,50,22,49,-10,-64,1
02/19/2014 02:22:00,50,22,49,-10,-64,1
02/19/2014 02:23:00,50,22,49,-10,-64,1
02/19/2014 02:24:00,50,22,49,-10,-64,1
02/19/2014 02:25:00,50,22,48,-10,-64,1
02/19/2014 02:26:00,50,22,48,-10,-64,1
02/19/2014 02:27:00,50,22,48,-10,-64,1
02/19/2014 02:28:00,50,22,48,-11,-64,1
02/19/2014 02:29:00,50,21,47,-11,-64,1
02/19/2014 02:30:00,50,21,48,-11,-64,1
02/19/2014 02:31:00,50,21,48,-10,-64,1
02/19/2014 02:32:00,50,20,47,-10,-64,1
02/19/2014 02:33:00,50,20,48,-10,-64,1
02/19/2014 02:34:00,50,20,49,-10,-64,1
02/19/2014 02:35:00,50,19,48,-10,-64,1
02/19/2014 02:36:00,50,18,48,-9,-64,1
02/19/2014 02:37:00,50,18,47,-9,-64,1
02/19/2014 02:38:00,50,18,47,-9,-64,1
02/19/2014 02:39:00,50,17,47,-9,-64,1
02/19/2014 02:40:00,50,17,47,-9,-64,1
02/19/2014 02:41:00,50,18,47,-10,-64,1
02/19/2014 02:42:00,50,17,47,-9,-64,1
02/19/2014 02:43:00,50,17,48,-9,-63,1
02/19/2014 02:44:00,50,17,48,-9,-63,1
02/19/2014 02:45:00,50,17,48,-9,-63,1
02/19/2014 02:46:00,50,16,47,-9,-62,1
02/19/2014 02:47:00,50,17,47,-9,-62,1
02/19/2014 02:48:00,50,17,47,-9,-62,1
02/19/2014 02:49:00,50,17,48,-9,-62,1
02/19/2014 02:50:00,50,18,48,-9,-61,1
02/19/2014 02:51:00,50,18,48,-9,-61,1
02/19/2014 02:52:00,50,18,47,-9,-61,1
02/19/2014 02:53:00,50,19,47,-10,-60,1
02/19/2014 02:54:00,50,19,47,-10,-60,1
02/19/2014 02:55:00,50,20,46,-10,-60,1
02/19/2014 02:56:00,50,20,46,-10,-60,1
02/19/2014 02:57:00,50,21,46,-10,-60,1
02/19/2014 02:58:00,50,22,46,-9,-60,1
02/19/2014 02:59:00,50,24,46,-9,-60,1
02/19/2014 03:00:00,50,24,44,-9,-59,1
02/19/2014 03:01:00,50,24,44,-8,-59,1
02/19/2014 03:02:00,50,24,43,-8,-59,1
02/19/2014 03:03:00,50,25,43,-8,-58,1
02/19/2014 03:04:00,50,24,43,-8,-58,1
02/19/2014 03:05:00,50,23,42,-8,-57,1
02/19/2014 03:06:00,50,19,41,-7,-57,1
02/19/2014 03:07:00,50,19,39,-7,-57,1
02/19/2014 03:08:00,50,18,39,-7,-57,1
02/19/2014 03:09:00,50,17,38,-7,-57,1
02/19/2014 03:10:00,50,18,37,-7,-56,1
02/19/2014 03:11:00,50,20,37,-6,-56,1
02/19/2014 03:12:00,50,22,38,-6,-56,1
02/19/2014 03:13:00,50,27,38,-5,-56,1
02/19/2014 03:14:00,50,31,39,-5,-56,1
02/19/2014 03:15:00,50,33,39,-5,-56,1
02/19/2014 03:16:00,50,35,41,-4,-56,1
02/19/2014 03:17:00,50,36,41,-4,-56,1
02/19/2014 03:18:00,50,34,41,-4,-56,1
02/19/2014 03:19:00,50,33,41,-4,-56,1
02/19/2014 03:20:00,50,32,41,-4,-56,1
02/19/2014 03:21:00,50,30,41,-4,-56,1
02/19/2014 03:22:00,50,28,41,-4,-56,1
02/19/2014 03:23:00,50,26,41,-4,-56,1
02/19/2014 03:24:00,50,26,42,-3,-57,1
02/19/2014 03:25:00,50,25,42,-3,-57,1
02/19/2014 03:26:00,50,25,43,-3,-57,1
02/19/2014 03:27:00,50,26,43,-4,-57,1
02/19/2014 03:28:00,50,25,43,-4,-57,1
02/19/2014 03:29:00,50,26,45,-4,-56,1
02/19/2014 03:30:00,50,26,45,-4,-56,1
02/19/2014 03:31:00,50,26,45,-4,-56,1
02/19/2014 03:32:00,50,26,44,-4,-56,1
02/19/2014 03:33:00,50,26,45,-4,-56,1
02/19/2014 03:34:00,50,25,45,-5,-56,1
02/19/2014 03:35:00,50,25,46,-5,-55,1
02/19/2014 03:36:00,50,23,45,-6,-56,1
02/19/2014 03:37:00,50,21,45,-6,-56,1
02/19/2014 03:38:00,50,19,46,-6,-56,1
02/19/2014 03:39:00,50,18,46,-7,-56,1
02/19/2014 03:40:00,50,17,45,-7,-56,1
02/19/2014 03:41:00,50,16,45,-7,-56,1
02/19/2014 03:42:00,50,15,45,-7,-56,1
02/19/2014 03:43:00,50,14,45,-7,-57,1
02/19/2014 03:44:00,50,14,45,-7,-57,1
02/19/2014 03:45:00,50,15,45,-7,-56,1
02/19/2014 03:46:00,50,15,46,-7,-56,1
02/19/2014 03:47:00,50,14,46,-7,-56,1
02/19/2014 03:48:00,50,17,46,-7,-55,1
02/19/2014 03:49:00,50,21,49,-5,-51,1
02/19/2014 03:50:00,50,28,51,-4,-49,1
02/19/2014 03:51:00,50,32,52,-3,-47,1
02/19/2014 03:52:00,50,38,53,-2,-47,1
02/19/2014 03:53:00,50,42,55,-1,-47,1
02/19/2014 03:54:00,50,44,58,0,-48,1
02/19/2014 03:55:00,50,46,59,1,-48,1
02/19/2014 03:56:00,50,53,62,3,-49,1
02/19/2014 03:57:00,50,61,64,4,-49,1
02/19/2014 03:58:00,50,68,67,6,-49,1
02/19/2014 03:59:00,50,69,68,6,-49,1
02/19/2014 04:00:00,50,70,68,6,-50,1
02/19/2014 04:01:00,50,70,69,7,-51,1
02/19/2014 04:02:00,50,68,70,7,-51,1
02/19/2014 04:03:00,50,66,71,7,-51,1
02/19/2014 04:04:00,50,70,70,7,-51,1
02/19/2014 04:05:00,50,71,70,6,-51,1
02/19/2014 04:06:00,50,68,69,6,-51,1
02/19/2014 04:07:00,50,67,67,6,-51,1
02/19/2014 04:08:00,50,65,68,6,-52,1
02/19/2014 04:09:00,50,67,68,6,-52,1
02/19/2014 04:10:00,50,69,70,6,-51,1
02/19/2014 04:11:00,50,70,71,6,-51,1
02/19/2014 04:12:00,50,70,71,7,-51,1
02/19/2014 04:13:00,50,71,73,6,-51,1
02/19/2014 04:14:00,50,73,74,6,-51,1
02/19/2014 04:15:00,50,73,74,7,-51,1
02/19/2014 04:16:00,50,72,77,6,-51,1
02/19/2014 04:17:00,50,73,78,6,-52,1
02/19/2014 04:18:00,50,74,80,5,-52,1
02/19/2014 04:19:00,50,76,81,5,-52,1
02/19/2014 04:20:00,50,78,83,4,-52,1
02/19/2014 04:21:00,50,80,85,4,-52,1
02/19/2014 04:22:00,50,83,86,3,-52,1
02/19/2014 04:23:00,50,83,87,3,-52,1
02/19/2014 04:24:00,50,82,89,2,-53,1
02/19/2014 04:25:00,50,84,91,1,-53,1
02/19/2014 04:26:00,50,87,92,0,-54,1
02/19/2014 04:27:00,50,85,93,-1,-55,1
02/19/2014 04:28:00,50,81,93,-1,-56,1
02/19/2014 04:29:00,50,78,93,-2,-57,1
02/19/2014 04:30:00,50,77,94,-2,-58,1
02/19/2014 04:31:00,50,77,94,-3,-59,1
02/19/2014 04:32:00,50,75,95,-3,-60,1
02/19/2014 04:33:00,50,73,94,-3,-61,1
02/19/2014 04:34:00,50,69,96,-3,-62,1
02/19/2014 04:35:00,50,68,99,-3,-64,1
02/19/2014 04:36:00,50,67,99,-3,-66,1
02/19/2014 04:37:00,50,67,99,-3,-67,1
02/19/2014 04:38:00,50,66,100,-2,-69,1
02/19/2014 04:39:00,50,66,100,-2,-71,1
02/19/2014 04:40:00,50,65,100,-1,-72,1
02/19/2014 04:41:00,50,65,101,0,-73,1
02/19/2014 04:42:00,50,64,102,1,-74,1
02/19/2014 04:43:00,50,63,100,2,-75,1
02/19/2014 04:44:00,50,62,101,3,-75,1
02/19/2014 04:45:00,50,64,103,4,-76,1
02/19/2014 04:46:00,50,69,102,4,-76,1
02/19/2014 04:47:00,50,73,102,5,-77,1
02/19/2014 04:48:00,50,77,104,6,-77,1
02/19/2014 04:49:00,50,81,105,7,-77,1
02/19/2014 04:50:00,50,86,105,8,-78,1
02/19/2014 04:51:00,50,89,104,9,-78,1
02/19/2014 04:52:00,50,91,105,9,-78,1
02/19/2014 04:53:00,50,91,105,10,-78,1
02/19/2014 04:54:00,50,93,105,11,-80,1
02/19/2014 04:55:00,50,95,106,11,-80,1
02/19/2014 04:56:00,50,94,106,12,-80,1
02/19/2014 04:57:00,50,95,108,12,-80,1
02/19/2014 04:58:00,50,95,109,12,-81,1
02/19/2014 04:59:00,50,94,111,12,-80,1
02/19/2014 05:00:00,50,92,111,13,-80,1
02/19/2014 05:01:00,50,90,113,13,-79,1
02/19/2014 05:02:00,50,87,111,13,-79,1
02/19/2014 05:03:00,50,88,111,13,-80,1
02/19/2014 05:04:00,50,91,111,13,-81,1
02/19/2014 05:05:00,50,93,112,13,-81,1
02/19/2014 05:06:00,50,93,113,13,-82,1
02/19/2014 05:07:00,50,93,116,13,-82,1
02/19/2014 05:08:00,50,93,117,13,-81,1
02/19/2014 05:09:00,50,93,117,12,-81,1
02/19/2014 05:10:00,50,93,119,12,-81,1
02/19/2014 05:11:00,50,91,119,12,-81,1
02/19/2014 05:12:00,50,89,119,11,-82,1
02/19/2014 05:13:00,50,87,120,10,-83,1
02/19/2014 05:14:00,50,88,120,9,-84,1
02/19/2014 05:15:00,50,87,120,9,-84,1
02/19/2014 05:16:00,50,86,120,8,-84,1
02/19/2014 05:17:00,50,85,122,8,-85,1
02/19/2014 05:18:00,50,82,121,8,-86,1
02/19/2014 05:19:00,50,80,125,7,-86,1
02/19/2014 05:20:00,50,78,123,7,-86,1
02/19/2014 05:21:00,50,78,123,6,-86,1
02/19/2014 05:22:00,50,77,124,6,-88,1
02/19/2014 05:23:00,50,76,125,6,-89,1
02/19/2014 05:24:00,50,76,130,6,-88,1
02/19/2014 05:25:00,50,74,126,6,-87,1
02/19/2014 05:26:00,50,72,124,6,-86,1
02/19/2014 05:27:00,50,72,123,6,-86,1
02/19/2014 05:28:00,50,73,122,7,-88,1
02/19/2014 05:29:00,50,73,121,7,-90,1
02/19/2014 05:30:00,50,72,124,8,-90,1
02/19/2014 05:31:00,50,72,125,8,-90,1
02/19/2014 05:32:00,50,73,125,9,-90,1
02/19/2014 05:33:00,50,73,127,9,-89,1
02/19/2014 05:34:00,50,73,127,10,-88,1
02/19/2014 05:35:00,50,75,126,11,-87,1
02/19/2014 05:36:00,50,79,126,12,-87,1
02/19/2014 05:37:00,50,81,128,13,-89,1
02/19/2014 05:38:00,50,85,129,15,-90,1
02/19/2014 05:39:00,50,85,132,16,-92,1
02/19/2014 05:40:00,50,86,133,18,-93,1
02/19/2014 05:41:00,50,89,132,19,-93,1
02/19/2014 05:42:00,50,93,134,19,-92,1
02/19/2014 05:43:00,50,94,133,20,-92,1
02/19/2014 05:44:00,50,96,134,21,-92,1
02/19/2014 05:45:00,50,99,134,21,-92,1
02/19/2014 05:46:00,50,100,135,22,-92,1
02/19/2014 05:47:00,50,102,135,22,-93,1
02/19/2014 05:48:00,50,103,134,22,-94,1
02/19/2014 05:49:00,50,104,134,23,-96,1
02/19/2014 05:50:00,50,105,133,23,-97,1
02/19/2014 05:51:00,50,107,133,23,-98,1
02/19/2014 05:52:00,50,108,134,24,-98,1
02/19/2014 05:53:00,50,110,132,23,-100,1
02/19/2014 05:54:00,50,108,133,24,-102,1
02/19/2014 05:55:00,50,109,134,23,-102,1
02/19/2014 05:56:00,50,106,134,22,-103,1
02/19/2014 05:57:00,50,105,133,22,-103,1
02/19/2014 05:58:00,50,105,134,22,-104,1
02/19/2014 05:59:00,50,104,133,22,-105,1
02/19/2014 06:00:00,50,102,134,22,-106,1
02/19/2014 06:01:00,50,101,133,22,-107,1
02/19/2014 06:02:00,50,100,134,23,-108,1
02/19/2014 06:03:00,50,99,135,24,-110,1
02/19/2014 06:04:00,50,99,136,24,-111,1
02/19/2014 06:05:00,50,99,138,23,-111,1
02/19/2014 06:06:00,50,99,139,23,-111,1
02/19/2014 06:07:00,50,99,139,23,-111,1
02/19/2014 06:08:00,50,99,142,23,-111,1
02/19/2014 06:09:00,50,102,144,22,-111,1
02/19/2014 06:10:00,50,101,145,22,-112,1
02/19/2014 06:11:00,50,102,148,22,-111,1
02/19/2014 06:12:00,50,102,151,22,-111,1
02/19/2014 06:13:00,50,103,152,22,-110,1
02/19/2014 06:14:00,50,104,153,21,-111,1
02/19/2014 06:15:00,50,104,153,21,-110,1
02/19/2014 06:16:00,50,106,152,21,-110,1
02/19/2014 06:17:00,50,106,152,20,-111,1
02/19/2014 06:18:00,50,106,151,20,-112,1
02/19/2014 06:19:00,50,106,151,20,-113,1
02/19/2014 06:20:00,50,105,150,19,-113,1
02/19/2014 06:21:00,50,105,149,19,-112,1
02/19/2014 06:22:00,50,106,149,18,-112,1
02/19/2014 06:23:00,50,105,148,18,-111,1
02/19/2014 06:24:00,50,103,149,17,-110,1
02/19/2014 06:25:00,50,102,149,17,-109,1
02/19/2014 06:26:00,50,100,147,17,-108,1
02/19/2014 06:27:00,50,99,146,17,-107,1
02/19/2014 06:28:00,50,97,146,16,-107,1
02/19/2014 06:29:00,50,96,144,16,-106,1
02/19/2014 06:30:00,50,94,144,16,-106,1
02/19/2014 06:31:00,50,92,142,16,-105,1
02/19/2014 06:32:00,50,91,142,16,-105,1
02/19/2014 06:33:00,50,88,140,15,-106,1
02/19/2014 06:34:00,50,87,138,15,-106,1
02/19/2014 06:35:00,50,87,136,15,-106,1
02/19/2014 06:36:00,50,86,135,15,-106,1
02/19/2014 06:37:00,50,85,133,15,-106,1
02/19/2014 06:38:00,50,85,131,15,-106,1
02/19/2014 06:39:00,50,86,131,15,-106,1
02/19/2014 06:40:00,50,86,130,15,-106,1
02/19/2014 06:41:00,50,87,131,16,-106,1
02/19/2014 06:42:00,50,86,130,16,-106,1
02/19/2014 06:43:00,50,88,129,16,-107,1
02/19/2014 06:44:00,50,88,128,17,-107,1
02/19/2014 06:45:00,50,89,128,17,-106,1
02/19/2014 06:46:00,50,88,128,17,-106,1
02/19/2014 06:47:00,50,88,128,17,-106,1
02/19/2014 06:48:00,50,89,128,17,-104,1
02/19/2014 06:49:00,50,89,127,17,-104,1
02/19/2014 06:50:00,50,90,125,17,-104,1
02/19/2014 06:51:00,50,90,124,17,-104,1
02/19/2014 06:52:00,50,89,123,17,-103,1
02/19/2014 06:53:00,50,89,124,18,-104,1
02/19/2014 06:54:00,50,89,123,18,-104,1
02/19/2014 06:55:00,50,89,122,18,-105,1
02/19/2014 06:56:00,50,89,121,18,-105,1
02/19/2014 06:57:00,50,89,121,19,-106,1
02/19/2014 06:58:00,50,88,118,19,-108,1
02/19/2014 06:59:00,50,87,115,19,-109,1
02/19/2014 07:00:00,50,86,114,20,-109,1
02/19/2014 07:01:00,50,85,112,20,-109,1
02/19/2014 07:02:00,50,85,109,20,-111,1
02/19/2014 07:03:00,50,84,109,20,-112,1
02/19/2014 07:04:00,50,84,105,20,-113,1
02/19/2014 07:05:00,50,83,104,20,-113,1
02/19/2014 07:06:00,50,83,104,20,-113,1
02/19/2014 07:07:00,50,85,106,21,-112,1
02/19/2014 07:08:00,50,87,106,21,-113,1
02/19/2014 07:09:00,50,89,106,21,-113,1
02/19/2014 07:10:00,50,92,107,22,-113,1
02/19/2014 07:11:00,50,93,109,22,-113,1
02/19/2014 07:12:00,50,92,110,22,-113,1
02/19/2014 07:13:00,50,92,108,22,-113,1
02/19/2014 07:14:00,50,92,108,22,-113,1
02/19/2014 07:15:00,50,91,111,22,-113,1
02/19/2014 07:16:00,50,90,111,22,-113,1
02/19/2014 07:17:00,50,87,110,22,-114,1
02/19/2014 07:18:00,50,86,111,22,-116,1
02/19/2014 07:19:00,50,85,113,22,-117,1
02/19/2014 07:20:00,50,83,113,22,-118,1
02/19/2014 07:21:00,50,81,116,21,-119,1
02/19/2014 07:22:00,50,79,118,21,-120,1
02/19/2014 07:23:00,50,76,119,20,-120,1
02/19/2014 07:24:00,50,73,119,20,-120,1
02/19/2014 07:25:00,50,72,119,19,-121,1
02/19/2014 07:26:00,50,70,120,19,-120,1
02/19/2014 07:27:00,50,69,119,18,-121,1
02/19/2014 07:28:00,50,69,118,18,-121,1
02/19/2014 07:29:00,50,69,119,17,-121,1
02/19/2014 07:30:00,50,69,118,16,-121,1
02/19/2014 07:31:00,50,69,117,16,-121,1
02/19/2014 07:32:00,50,69,118,15,-121,1
02/19/2014 07:33:00,50,69,117,14,-120,1
02/19/2014 07:34:00,50,68,116,14,-120,1
02/19/2014 07:35:00,50,68,116,13,-120,1
02/19/2014 07:36:00,50,67,114,13,-120,1
02/19/2014 07:37:00,50,67,114,12,-119,1
02/19/2014 07:38:00,50,66,113,12,-120,1
02/19/2014 07:39:00,50,65,112,11,-120,1
02/19/2014 07:40:00,50,64,113,11,-120,1
02/19/2014 07:41:00,50,64,112,11,-121,1
02/19/2014 07:42:00,50,63,111,10,-120,1
02/19/2014 07:43:00,50,62,109,10,-121,1
02/19/2014 07:44:00,50,61,109,9,-121,1
02/19/2014 07:45:00,50,60,106,9,-121,1
02/19/2014 07:46:00,50,58,105,9,-121,1
02/19/2014 07:47:00,50,57,105,9,-121,1
02/19/2014 07:48:00,50,56,104,8,-121,1
02/19/2014 07:49:00,50,55,103,8,-120,1
02/19/2014 07:50:00,50,57,102,8,-119,1
02/19/2014 07:51:00,50,57,102,8,-119,1
02/19/2014 07:52:00,50,57,102,8,-120,1
02/19/2014 07:53:00,50,59,101,8,-120,1
02/19/2014 07:54:00,50,58,100,9,-120,1
02/19/2014 07:55:00,50,58,100,9,-120,1
02/19/2014 07:56:00,50,58,99,10,-121,1
02/19/2014 07:57:00,50,59,101,10,-121,1
02/19/2014 07:58:00,50,58,101,10,-120,1
02/19/2014 07:59:00,50,58,100,11,-120,1
02/19/2014 08:00:00,50,57,103,10,-120,1
02/19/2014 08:01:00,50,57,105,11,-120,1
02/19/2014 08:02:00,50,57,107,11,-118,1
02/19/2014 08:03:00,50,57,110,11,-118,1
02/19/2014 08:04:00,50,56,112,11,-117,1
02/19/2014 08:05:00,50,55,115,11,-117,1
02/19/2014 08:06:00,50,54,118,12,-117,1
02/19/2014 08:07:00,50,52,121,12,-117,1
02/19/2014 08:08:00,50,50,123,12,-117,1
02/19/2014 08:09:00,50,50,124,12,-117,1
02/19/2014 08:10:00,50,50,124,13,-117,1
02/19/2014 08:11:00,50,50,125,13,-117,1
02/19/2014 08:12:00,50,49,124,13,-118,1
02/19/2014 08:13:00,50,50,124,13,-118,1
02/19/2014 08:14:00,50,52,125,14,-119,1
02/19/2014 08:15:00,50,54,128,14,-118,1
02/19/2014 08:16:00,50,55,128,14,-117,1
02/19/2014 08:17:00,50,55,129,16,-118,1
02/19/2014 08:18:00,50,55,131,16,-119,1
02/19/2014 08:19:00,50,56,132,17,-119,1
02/19/2014 08:20:00,50,57,130,18,-121,1
02/19/2014 08:21:00,50,58,131,19,-123,1
02/19/2014 08:22:00,50,59,131,20,-125,1
02/19/2014 08:23:00,50,61,131,20,-127,1
02/19/2014 08:24:00,50,63,130,21,-127,1
02/19/2014 08:25:00,50,65,129,21,-126,1
02/19/2014 08:26:00,50,65,127,20,-125,1
02/19/2014 08:27:00,50,65,125,19,-125,1
02/19/2014 08:28:00,50,66,123,19,-125,1
02/19/2014 08:29:00,50,66,122,19,-125,1
02/19/2014 08:30:00,50,67,121,19,-124,1
02/19/2014 08:31:00,50,66,120,19,-124,1
02/19/2014 08:32:00,50,65,117,18,-124,1
02/19/2014 08:33:00,50,64,116,18,-124,1
02/19/2014 08:34:00,50,64,114,18,-124,1
02/19/2014 08:35:00,50,63,114,18,-124,1
02/19/2014 08:36:00,50,62,113,18,-123,1
02/19/2014 08:37:00,50,62,111,17,-121,1
02/19/2014 08:38:00,50,61,110,17,-122,1
02/19/2014 08:39:00,50,61,110,17,-121,1
02/19/2014 08:40:00,50,61,109,17,-121,1
02/19/2014 08:41:00,50,61,110,17,-120,1
02/19/2014 08:42:00,50,61,110,16,-118,1
02/19/2014 08:43:00,50,61,111,15,-118,1
02/19/2014 08:44:00,50,60,112,15,-118,1
02/19/2014 08:45:00,50,60,113,15,-119,1
02/19/2014 08:46:00,50,60,113,15,-119,1
02/19/2014 08:47:00,50,59,113,15,-120,1
02/19/2014 08:48:00,50,59,113,15,-121,1
02/19/2014 08:49:00,50,58,112,14,-121,1
02/19/2014 08:50:00,50,58,112,14,-122,1
02/19/2014 08:51:00,50,58,112,14,-123,1
02/19/2014 08:52:00,50,57,110,13,-122,1
02/19/2014 08:53:00,50,56,110,12,-122,1
02/19/2014 08:54:00,50,55,110,11,-123,1
02/19/2014 08:55:00,50,55,110,10,-123,1
02/19/2014 08:56:00,50,55,110,9,-122,1
02/19/2014 08:57:00,50,54,114,8,-121,1
02/19/2014 08:58:00,50,53,116,7,-120,1
02/19/2014 08:59:00,50,52,119,7,-119,1
02/19/2014 09:00:00,50,51,121,7,-118,1
02/19/2014 09:01:00,50,50,122,7,-115,1
02/19/2014 09:02:00,50,52,123,5,-110,1
02/19/2014 09:03:00,50,59,123,3,-107,1
02/19/2014 09:04:00,50,66,123,2,-103,1
02/19/2014 09:05:00,50,78,120,1,-100,1
02/19/2014 09:06:00,50,87,121,0,-99,1
02/19/2014 09:07:00,50,99,120,-2,-99,1
02/19/2014 09:08:00,50,108,122,-2,-98,1
02/19/2014 09:09:00,50,115,124,-3,-98,1
02/19/2014 09:10:00,50,123,126,-3,-99,1
02/19/2014 09:11:00,50,125,129,-3,-99,1
02/19/2014 09:12:00,50,125,133,-2,-98,1
02/19/2014 09:13:00,50,126,136,-2,-96,1
02/19/2014 09:14:00,50,125,139,-1,-94,1
02/19/2014 09:15:00,50,124,139,-1,-92,1
02/19/2014 09:16:00,50,128,138,-1,-90,1
02/19/2014 09:17:00,50,134,139,-2,-87,1
02/19/2014 09:18:00,50,138,135,-2,-85,1
02/19/2014 09:19:00,50,140,130,-2,-86,1
02/19/2014 09:20:00,50,143,128,-1,-85,1
02/19/2014 09:21:00,50,149,129,-1,-87,1
02/19/2014 09:22:00,50,150,130,0,-87,1
02/19/2014 09:23:00,50,156,131,1,-89,1
02/19/2014 09:24:00,50,155,128,1,-92,1
02/19/2014 09:25:00,50,151,125,2,-94,1
02/19/2014 09:26:00,50,145,126,3,-94,1
02/19/2014 09:27:00,50,138,124,4,-94,1
02/19/2014 09:28:00,50,131,126,5,-93,1
02/19/2014 09:29:00,50,126,126,6,-92,1
02/19/2014 09:30:00,50,124,125,6,-92,1
02/19/2014 09:31:00,50,118,125,7,-93,1
02/19/2014 09:32:00,50,114,123,7,-92,1
02/19/2014 09:33:00,50,109,124,8,-93,1
02/19/2014 09:34:00,50,104,122,8,-93,1
02/19/2014 09:35:00,50,98,118,9,-94,1
02/19/2014 09:36:00,50,90,112,9,-94,1
02/19/2014 09:37:00,50,83,111,10,-94,1
02/19/2014 09:38:00,50,80,111,9,-93,1
02/19/2014 09:39:00,50,77,111,10,-93,1
02/19/2014 09:40:00,50,74,113,10,-92,1
02/19/2014 09:41:00,50,70,113,10,-91,1
02/19/2014 09:42:00,50,66,110,10,-90,1
02/19/2014 09:43:00,50,63,107,10,-88,1
02/19/2014 09:44:00,50,62,108,9,-88,1
02/19/2014 09:45:00,50,60,110,9,-88,1
02/19/2014 09:46:00,50,57,112,9,-87,1
02/19/2014 09:47:00,50,54,112,9,-87,1
02/19/2014 09:48:00,50,52,111,9,-88,1
02/19/2014 09:49:00,50,51,110,9,-87,1
02/19/2014 09:50:00,50,49,109,9,-88,1
02/19/2014 09:51:00,50,47,107,9,-87,1
02/19/2014 09:52:00,50,44,103,8,-87,1
02/19/2014 09:53:00,50,42,96,8,-86,1
02/19/2014 09:54:00,50,39,91,7,-86,1
02/19/2014 09:55:00,50,40,90,7,-87,1
02/19/2014 09:56:00,50,37,87,7,-87,1
02/19/2014 09:57:00,50,36,86,7,-87,1
02/19/2014 09:58:00,50,34,86,7,-88,1
02/19/2014 09:59:00,50,31,87,7,-87,1
02/19/2014 10:00:00,50,30,87,7,-87,1
02/19/2014 10:01:00,50,29,85,6,-88,1
02/19/2014 10:02:00,50,29,84,6,-90,1
02/19/2014 10:03:00,50,28,85,6,-91,1
02/19/2014 10:04:00,50,30,87,6,-90,1
02/19/2014 10:05:00,50,30,86,6,-89,1
02/19/2014 10:06:00,50,30,83,5,-89,1
02/19/2014 10:07:00,50,30,80,5,-88,1
02/19/2014 10:08:00,50,31,78,5,-88,1
02/19/2014 10:09:00,50,30,75,5,-87,1
02/19/2014 10:10:00,50,30,73,4,-86,1
02/19/2014 10:11:00,50,30,71,4,-86,1
02/19/2014 10:12:00,50,31,71,4,-85,1
02/19/2014 10:13:00,50,32,69,4,-85,1
02/19/2014 10:14:00,50,32,68,4,-85,1
02/19/2014 10:15:00,50,32,68,4,-85,1
02/19/2014 10:16:00,50,32,68,4,-85,1
02/19/2014 10:17:00,50,32,67,4,-85,1
02/19/2014 10:18:00,50,32,67,4,-85,1
02/19/2014 10:19:00,50,32,68,4,-86,1
02/19/2014 10:20:00,50,32,67,3,-86,1
02/19/2014 10:21:00,50,32,66,4,-85,1
02/19/2014 10:22:00,50,32,66,4,-85,1
02/19/2014 10:23:00,50,33,65,4,-84,1
02/19/2014 10:24:00,50,33,66,4,-84,1
02/19/2014 10:25:00,50,31,65,4,-83,1
02/19/2014 10:26:00,50,31,65,4,-83,1
02/19/2014 10:27:00,50,30,64,3,-82,1
02/19/2014 10:28:00,50,29,65,3,-81,1
02/19/2014 10:29:00,50,28,63,3,-81,1
02/19/2014 10:30:00,50,26,63,3,-81,1
02/19/2014 10:31:00,50,25,62,3,-80,1
02/19/2014 10:32:00,50,23,62,2,-79,1
02/19/2014 10:33:00,50,22,61,2,-80,1
02/19/2014 10:34:00,50,21,60,2,-79,1
02/19/2014 10:35:00,50,21,60,1,-79,1
02/19/2014 10:36:00,50,20,58,1,-79,1
02/19/2014 10:37:00,50,19,58,0,-79,1
02/19/2014 10:38:00,50,19,55,0,-78,1
02/19/2014 10:39:00,50,19,56,0,-78,1
02/19/2014 10:40:00,50,19,55,-1,-78,1
02/19/2014 10:41:00,50,18,51,-1,-77,1
02/19/2014 10:42:00,50,18,51,-1,-77,1
02/19/2014 10:43:00,50,17,49,-1,-77,1
02/19/2014 10:44:00,50,16,49,-1,-76,1
02/19/2014 10:45:00,50,16,48,-1,-76,1
02/19/2014 10:46:00,50,15,47,-1,-76,1
02/19/2014 10:47:00,50,15,47,-1,-76,1
02/19/2014 10:48:00,50,15,46,-1,-76,1
02/19/2014 10:49:00,50,15,46,-1,-76,1
02/19/2014 10:50:00,50,14,44,-1,-76,1
02/19/2014 10:51:00,50,15,45,-1,-76,1
02/19/2014 10:52:00,50,14,45,-1,-76,1
02/19/2014 10:53:00,50,15,44,-1,-76,1
02/19/2014 10:54:00,50,16,44,-1,-76,1
02/19/2014 10:55:00,50,15,43,-1,-76,1
02/19/2014 10:56:00,50,15,42,-2,-76,1
02/19/2014 10:57:00,50,14,42,-2,-76,1
02/19/2014 10:58:00,50,14,41,-1,-76,1
02/19/2014 10:59:00,50,14,40,-1,-76,1
02/19/2014 11:00:00,50,14,39,-2,-76,1
02/19/2014 11:01:00,50,13,39,-2,-76,1
02/19/2014 11:02:00,50,13,39,-2,-76,1
02/19/2014 11:03:00,50,13,38,-2,-76,1
02/19/2014 11:04:00,50,12,38,-2,-76,1
02/19/2014 11:05:00,50,13,38,-2,-76,1
02/19/2014 11:06:00,50,14,37,-2,-75,1
02/19/2014 11:07:00,50,14,36,-3,-75,1
02/19/2014 11:08:00,50,15,36,-3,-75,1
02/19/2014 11:09:00,50,15,36,-3,-75,1
02/19/2014 11:10:00,50,14,36,-3,-75,1
02/19/2014 11:11:00,50,14,36,-3,-74,1
02/19/2014 11:12:00,50,14,36,-3,-74,1
02/19/2014 11:13:00,50,14,36,-3,-75,1
02/19/2014 11:14:00,50,14,36,-3,-75,1
02/19/2014 11:15:00,50,14,37,-3,-74,1
02/19/2014 11:16:00,50,14,38,-3,-74,1
02/19/2014 11:17:00,50,13,37,-3,-74,1
02/19/2014 11:18:00,50,13,38,-3,-75,1
02/19/2014 11:19:00,50,12,39,-3,-74,1
02/19/2014 11:20:00,50,12,39,-3,-74,1
02/19/2014 11:21:00,50,13,39,-3,-74,1
02/19/2014 11:22:00,50,14,38,-3,-74,1
02/19/2014 11:23:00,50,15,37,-3,-74,1
02/19/2014 11:24:00,50,15,36,-3,-74,1
02/19/2014 11:25:00,50,15,36,-3,-74,1
02/19/2014 11:26:00,50,14,36,-3,-74,1
02/19/2014 11:27:00,50,15,36,-3,-74,1
02/19/2014 11:28:00,50,15,35,-3,-74,1
02/19/2014 11:29:00,50,15,35,-3,-74,1
02/19/2014 11:30:00,50,15,35,-3,-74,1
02/19/2014 11:31:00,50,15,36,-3,-73,1
02/19/2014 11:32:00,50,15,36,-3,-73,1
02/19/2014 11:33:00,50,14,37,-3,-73,1
02/19/2014 11:34:00,50,14,37,-3,-73,1
02/19/2014 11:35:00,50,15,37,-3,-73,1
02/19/2014 11:36:00,50,15,37,-3,-73,1
02/19/2014 11:37:00,50,15,37,-2,-73,1
02/19/2014 11:38:00,50,14,38,-2,-72,1
02/19/2014 11:39:00,50,13,38,-2,-72,1
02/19/2014 11:40:00,50,12,37,-2,-72,1
02/19/2014 11:41:00,50,12,37,-2,-71,1
02/19/2014 11:42:00,50,13,37,-1,-72,1
02/19/2014 11:43:00,50,14,39,-1,-72,1
02/19/2014 11:44:00,50,15,38,-1,-72,1
02/19/2014 11:45:00,50,15,39,-1,-71,1
02/19/2014 11:46:00,50,15,38,-1,-71,1
02/19/2014 11:47:00,50,15,37,-1,-70,1
02/19/2014 11:48:00,50,15,37,-1,-70,1
02/19/2014 11:49:00,50,14,36,-1,-70,1
02/19/2014 11:50:00,50,14,35,-1,-70,1
02/19/2014 11:51:00,50,14,36,-1,-69,1
02/19/2014 11:52:00,50,13,36,-1,-69,1
02/19/2014 11:53:00,50,13,35,-1,-68,1
02/19/2014 11:54:00,50,12,35,-1,-68,1
02/19/2014 11:55:00,50,12,35,0,-69,1
02/19/2014 11:56:00,50,13,37,0,-69,1
02/19/2014 11:57:00,50,12,38,0,-68,1
02/19/2014 11:58:00,50,11,39,0,-68,1
02/19/2014 11:59:00,50,12,38,0,-68,1
02/19/2014 12:00:00,50,11,37,1,-69,1
02/19/2014 12:01:00,50,11,36,1,-69,1
02/19/2014 12:02:00,50,10,36,1,-70,1
02/19/2014 12:03:00,50,11,38,2,-70,1
02/19/2014 12:04:00,50,11,39,2,-71,1
02/19/2014 12:05:00,50,11,40,2,-71,1
02/19/2014 12:06:00,50,13,43,2,-71,1
02/19/2014 12:07:00,50,14,45,1,-70,1
02/19/2014 12:08:00,50,16,43,0,-70,1
02/19/2014 12:09:00,50,16,43,0,-70,1
02/19/2014 12:10:00,50,16,43,-1,-69,1
02/19/2014 12:11:00,50,16,42,-1,-68,1
02/19/2014 12:12:00,50,17,41,-1,-68,1
02/19/2014 12:13:00,50,16,42,-1,-68,1
02/19/2014 12:14:00,50,17,42,-2,-68,1
02/19/2014 12:15:00,50,19,42,-2,-69,1
02/19/2014 12:16:00,50,20,42,-3,-69,1
02/19/2014 12:17:00,50,22,39,-3,-70,1
02/19/2014 12:18:00,50,24,42,-4,-70,1
02/19/2014 12:19:00,50,25,45,-4,-70,1
02/19/2014 12:20:00,50,25,42,-4,-70,1
02/19/2014 12:21:00,50,24,39,-4,-69,1
02/19/2014 12:22:00,50,25,39,-4,-69,1
02/19/2014 12:23:00,50,24,38,-4,-68,1
02/19/2014 12:24:00,50,23,36,-4,-68,1
02/19/2014 12:25:00,50,22,36,-4,-68,1
02/19/2014 12:26:00,50,21,36,-3,-69,1
02/19/2014 12:27:00,50,18,37,-2,-69,1
02/19/2014 12:28:00,50,16,36,-1,-70,1
02/19/2014 12:29:00,50,18,38,-1,-70,1
02/19/2014 12:30:00,50,18,39,-1,-72,1
02/19/2014 12:31:00,50,17,41,-1,-72,1
02/19/2014 12:32:00,50,17,44,-1,-72,1
02/19/2014 12:33:00,50,18,43,-1,-71,1
02/19/2014 12:34:00,50,19,42,-2,-71,1
02/19/2014 12:35:00,50,19,39,-2,-71,1
02/19/2014 12:36:00,50,18,38,-2,-71,1
02/19/2014 12:37:00,50,17,40,-1,-70,1
02/19/2014 12:38:00,50,17,42,-1,-70,1
02/19/2014 12:39:00,50,14,41,-1,-66,1
02/19/2014 12:40:00,50,16,34,-2,-64,1
02/19/2014 12:41:00,50,15,28,-1,-64,1
02/19/2014 12:42:00,50,14,25,0,-65,1
02/19/2014 12:43:00,50,14,29,1,-68,1
02/19/2014 12:44:00,50,11,35,2,-69,1
02/19/2014 12:45:00,50,11,35,2,-69,1
02/19/2014 12:46:00,50,14,34,1,-68,1
02/19/2014 12:47:00,50,15,30,0,-68,1
02/19/2014 12:48:00,50,15,29,0,-68,1
02/19/2014 12:49:00,50,15,29,1,-69,1
02/19/2014 12:50:00,50,15,30,1,-70,1
02/19/2014 12:51:00,50,16,31,1,-69,1
02/19/2014 12:52:00,50,14,27,1,-69,1
02/19/2014 12:53:00,50,13,26,1,-69,1
02/19/2014 12:54:00,50,18,22,0,-70,1
02/19/2014 12:55:00,50,16,21,1,-69,1
02/19/2014 12:56:00,50,15,20,2,-66,1
02/19/2014 12:57:00,50,16,21,3,-62,1
02/19/2014 12:58:00,50,17,26,4,-59,1
02/19/2014 12:59:00,50,21,34,5,-58,1
02/19/2014 13:00:00,50,26,33,6,-58,1
02/19/2014 13:01:00,50,31,30,7,-58,1
02/19/2014 13:02:00,50,37,32,7,-58,1
02/19/2014 13:03:00,50,40,35,6,-59,1
02/19/2014 13:04:00,50,44,40,5,-60,1
02/19/2014 13:05:00,50,47,43,4,-62,1
02/19/2014 13:06:00,50,52,45,3,-62,1
02/19/2014 13:07:00,50,57,47,3,-63,1
02/19/2014 13:08:00,50,65,51,2,-64,1
02/19/2014 13:09:00,50,70,53,2,-65,1
02/19/2014 13:10:00,50,72,57,2,-65,1
02/19/2014 13:11:00,50,78,63,1,-65,1
02/19/2014 13:12:00,50,80,64,1,-65,1
02/19/2014 13:13:00,50,81,66,0,-65,1
02/19/2014 13:14:00,50,79,69,0,-66,1
02/19/2014 13:15:00,50,76,72,1,-64,1
02/19/2014 13:16:00,50,76,71,0,-62,1
02/19/2014 13:17:00,50,78,73,0,-61,1
02/19/2014 13:18:00,50,79,76,0,-62,1
02/19/2014 13:19:00,50,76,77,0,-62,1
02/19/2014 13:20:00,50,75,78,1,-61,1
02/19/2014 13:21:00,50,77,79,1,-59,1
02/19/2014 13:22:00,50,78,78,1,-57,1
02/19/2014 13:23:00,50,79,79,1,-55,1
02/19/2014 13:24:00,50,83,80,1,-57,1
02/19/2014 13:25:00,50,86,84,2,-57,1
02/19/2014 13:26:00,50,87,82,1,-57,1
02/19/2014 13:27:00,50,86,80,2,-56,1
02/19/2014 13:28:00,50,87,82,2,-57,1
02/19/2014 13:29:00,50,88,83,2,-57,1
02/19/2014 13:30:00,50,88,85,2,-56,1
02/19/2014 13:31:00,50,93,86,1,-56,1
02/19/2014 13:32:00,50,94,85,-1,-55,1
02/19/2014 13:33:00,50,95,87,-2,-55,1
02/19/2014 13:34:00,50,99,90,-4,-56,1
02/19/2014 13:35:00,50,109,94,-4,-58,1
02/19/2014 13:36:00,50,114,95,-4,-59,1
02/19/2014 13:37:00,50,121,99,-4,-60,1
02/19/2014 13:38:00,50,127,102,-4,-61,1
02/19/2014 13:39:00,50,131,106,-5,-60,1
02/19/2014 13:40:00,50,133,107,-4,-58,1
02/19/2014 13:41:00,50,137,109,-5,-56,1
02/19/2014 13:42:00,50,137,111,-6,-55,1
02/19/2014 13:43:00,50,142,115,-6,-56,1
02/19/2014 13:44:00,50,144,113,-6,-58,1
02/19/2014 13:45:00,50,151,112,-7,-61,1
02/19/2014 13:46:00,50,154,110,-7,-64,1
02/19/2014 13:47:00,50,151,106,-7,-65,1
02/19/2014 13:48:00,50,152,104,-7,-65,1
02/19/2014 13:49:00,50,153,103,-7,-64,1
02/19/2014 13:50:00,50,151,102,-7,-63,1
02/19/2014 13:51:00,50,146,101,-7,-61,1
02/19/2014 13:52:00,50,142,102,-6,-58,1
02/19/2014 13:53:00,50,145,104,-6,-56,1
02/19/2014 13:54:00,50,143,103,-6,-56,1
02/19/2014 13:55:00,50,139,100,-6,-56,1
02/19/2014 13:56:00,50,137,97,-6,-55,1
02/19/2014 13:57:00,50,134,94,-6,-58,1
02/19/2014 13:58:00,50,134,90,-7,-60,1
02/19/2014 13:59:00,50,139,88,-8,-62,1
02/19/2014 14:00:00,50,135,82,-9,-63,1
02/19/2014 14:01:00,50,131,80,-9,-63,1
02/19/2014 14:02:00,50,127,76,-10,-62,1
02/19/2014 14:03:00,50,122,74,-11,-62,1
02/19/2014 14:04:00,50,117,71,-10,-62,1
02/19/2014 14:05:00,50,110,68,-10,-61,1
02/19/2014 14:06:00,50,106,67,-10,-60,1
02/19/2014 14:07:00,50,102,67,-10,-60,1
02/19/2014 14:08:00,50,101,71,-10,-60,1
02/19/2014 14:09:00,50,96,76,-9,-59,1
02/19/2014 14:10:00,50,90,71,-9,-57,1
02/19/2014 14:11:00,50,86,64,-9,-56,1
02/19/2014 14:12:00,50,88,64,-9,-55,1
02/19/2014 14:13:00,50,88,65,-9,-55,1
02/19/2014 14:14:00,50,88,65,-8,-53,1
02/19/2014 14:15:00,50,87,61,-8,-52,1
02/19/2014 14:16:00,50,87,59,-9,-51,1
02/19/2014 14:17:00,50,86,61,-9,-50,1
02/19/2014 14:18:00,50,86,59,-9,-49,1
02/19/2014 14:19:00,50,83,54,-8,-47,1
02/19/2014 14:20:00,50,78,47,-8,-45,1
02/19/2014 14:21:00,50,72,46,-7,-44,1
02/19/2014 14:22:00,50,74,52,-8,-46,1
02/19/2014 14:23:00,50,78,64,-8,-48,1
02/19/2014 14:24:00,50,79,71,-8,-49,1
02/19/2014 14:25:00,50,78,71,-8,-48,1
02/19/2014 14:26:00,50,76,65,-8,-48,1
02/19/2014 14:27:00,50,75,66,-9,-48,1
02/19/2014 14:28:00,50,72,67,-9,-48,1
02/19/2014 14:29:00,50,68,64,-8,-47,1
02/19/2014 14:30:00,50,64,61,-7,-46,1
02/19/2014 14:31:00,50,60,58,-7,-45,1
02/19/2014 14:32:00,50,57,58,-7,-45,1
02/19/2014 14:33:00,50,57,59,-7,-45,1
02/19/2014 14:34:00,50,56,60,-7,-45,1
02/19/2014 14:35:00,50,55,63,-7,-45,1
02/19/2014 14:36:00,50,52,62,-6,-44,1
02/19/2014 14:37:00,50,47,59,-6,-44,1
02/19/2014 14:38:00,50,43,59,-6,-44,1
02/19/2014 14:39:00,50,41,58,-5,-45,1
02/19/2014 14:40:00,50,39,61,-5,-44,1
02/19/2014 14:41:00,50,36,60,-5,-45,1
02/19/2014 14:42:00,50,37,62,-5,-45,1
02/19/2014 14:43:00,50,33,63,-5,-45,1
02/19/2014 14:44:00,50,33,60,-5,-48,1
02/19/2014 14:45:00,50,42,69,-7,-51,1
02/19/2014 14:46:00,50,46,82,-8,-52,1
02/19/2014 14:47:00,50,45,84,-8,-52,1
02/19/2014 14:48:00,50,41,75,-8,-52,1
02/19/2014 14:49:00,50,38,70,-8,-52,1
02/19/2014 14:50:00,50,35,69,-8,-53,1
02/19/2014 14:51:00,50,34,68,-8,-54,1
02/19/2014 14:52:00,50,35,69,-8,-53,1
02/19/2014 14:53:00,50,34,69,-8,-54,1
02/19/2014 14:54:00,50,33,70,-8,-53,1
02/19/2014 14:55:00,50,33,71,-8,-53,1
02/19/2014 14:56:00,50,27,68,-8,-50,1
02/19/2014 14:57:00,50,20,53,-7,-49,1
02/19/2014 14:58:00,50,22,50,-7,-48,1
02/19/2014 14:59:00,50,21,51,-7,-48,1
02/19/2014 15:00:00,50,21,52,-7,-48,1
02/19/2014 15:01:00,50,21,56,-7,-48,1
02/19/2014 15:02:00,50,18,57,-6,-48,1
02/19/2014 15:03:00,50,17,57,-6,-48,1
02/19/2014 15:04:00,50,17,56,-6,-48,1
02/19/2014 15:05:00,50,17,56,-6,-48,1
02/19/2014 15:06:00,50,16,56,-6,-49,1
02/19/2014 15:07:00,50,15,59,-5,-49,1
02/19/2014 15:08:00,50,15,59,-5,-49,1
02/19/2014 15:09:00,50,15,59,-5,-49,1
02/19/2014 15:10:00,50,14,59,-5,-48,1
02/19/2014 15:11:00,50,15,61,-5,-49,1
02/19/2014 15:12:00,50,13,60,-5,-48,1
02/19/2014 15:13:00,50,12,60,-5,-48,1
02/19/2014 15:14:00,50,12,59,-4,-48,1
02/19/2014 15:15:00,50,12,61,-4,-47,1
02/19/2014 15:16:00,50,12,60,-4,-47,1
02/19/2014 15:17:00,50,10,57,-4,-46,1
02/19/2014 15:18:00,50,9,57,-4,-46,1
02/19/2014 15:19:00,50,10,58,-4,-46,1
02/19/2014 15:20:00,50,12,59,-4,-46,1
02/19/2014 15:21:00,50,12,60,-4,-47,1
02/19/2014 15:22:00,50,12,63,-5,-47,1
02/19/2014 15:23:00,50,13,65,-4,-47,1
02/19/2014 15:24:00,50,14,66,-4,-48,1
02/19/2014 15:25:00,50,15,66,-4,-48,1
02/19/2014 15:26:00,50,15,65,-4,-48,1
02/19/2014 15:27:00,50,16,64,-5,-47,1
02/19/2014 15:28:00,50,15,65,-5,-47,1
02/19/2014 15:29:00,50,14,65,-4,-47,1
02/19/2014 15:30:00,50,11,62,-4,-48,1
02/19/2014 15:31:00,50,16,65,-5,-47,1
02/19/2014 15:32:00,50,15,67,-4,-47,1
02/19/2014 15:33:00,50,10,62,-3,-46,1
02/19/2014 15:34:00,50,10,61,-3,-46,1
02/19/2014 15:35:00,50,14,68,-3,-45,1
02/19/2014 15:36:00,50,10,65,-3,-48,1
02/19/2014 15:37:00,50,16,67,-5,-49,1
02/19/2014 15:38:00,50,18,73,-5,-49,1
02/19/2014 15:39:00,50,18,74,-4,-48,1
02/19/2014 15:40:00,50,17,69,-4,-48,1
02/19/2014 15:41:00,50,15,68,-4,-48,1
02/19/2014 15:42:00,50,13,66,-4,-48,1
02/19/2014 15:43:00,50,15,66,-4,-47,1
02/19/2014 15:44:00,50,17,69,-4,-46,1
02/19/2014 15:45:00,50,15,67,-4,-45,1
02/19/2014 15:46:00,50,13,64,-4,-43,1
02/19/2014 15:47:00,50,13,61,-4,-43,1
02/19/2014 15:48:00,50,11,61,-4,-43,1
02/19/2014 15:49:00,50,13,63,-4,-44,1
02/19/2014 15:50:00,50,14,62,-5,-44,1
02/19/2014 15:51:00,50,16,63,-5,-44,1
02/19/2014 15:52:00,50,16,62,-5,-44,1
02/19/2014 15:53:00,50,17,63,-5,-44,1
02/19/2014 15:54:00,50,17,65,-5,-44,1
02/19/2014 15:55:00,50,17,65,-5,-43,1
02/19/2014 15:56:00,50,18,64,-5,-42,1
02/19/2014 15:57:00,50,17,66,-4,-42,1
02/19/2014 15:58:00,50,16,65,-4,-42,1
02/19/2014 15:59:00,50,17,64,-4,-42,1
02/19/2014 16:00:00,50,19,65,-5,-42,1
02/19/2014 16:01:00,50,17,66,-5,-41,1
02/19/2014 16:02:00,50,18,65,-5,-41,1
02/19/2014 16:03:00,50,17,65,-5,-41,1
02/19/2014 16:04:00,50,17,64,-5,-41,1
02/19/2014 16:05:00,50,17,64,-5,-41,1
02/19/2014 16:06:00,50,16,65,-5,-41,1
02/19/2014 16:07:00,50,16,65,-5,-41,1
02/19/2014 16:08:00,50,17,65,-5,-41,1
02/19/2014 16:09:00,50,18,64,-5,-41,1
02/19/2014 16:10:00,50,18,63,-5,-41,1
02/19/2014 16:11:00,50,18,64,-5,-41,1
02/19/2014 16:12:00,50,16,63,-4,-41,1
02/19/2014 16:13:00,50,16,62,-4,-40,1
02/19/2014 16:14:00,50,18,61,-4,-38,1
02/19/2014 16:15:00,50,14,59,-3,-38,1
02/19/2014 16:16:00,50,12,58,-4,-37,1
02/19/2014 16:17:00,50,11,61,-3,-35,1
02/19/2014 16:18:00,50,11,58,-3,-35,1
02/19/2014 16:19:00,50,11,57,-3,-35,1
02/19/2014 16:20:00,50,11,59,-3,-35,1
02/19/2014 16:21:00,50,10,60,-3,-35,1
02/19/2014 16:22:00,50,10,59,-3,-35,1
02/19/2014 16:23:00,50,10,61,-4,-36,1
02/19/2014 16:24:00,50,11,60,-4,-37,1
02/19/2014 16:25:00,50,12,61,-4,-36,1
02/19/2014 16:26:00,50,12,59,-4,-36,1
02/19/2014 16:27:00,50,12,58,-4,-36,1
02/19/2014 16:28:00,50,13,57,-4,-36,1
02/19/2014 16:29:00,50,14,57,-4,-36,1
02/19/2014 16:30:00,50,14,59,-4,-36,1
02/19/2014 16:31:00,50,14,59,-4,-36,1
02/19/2014 16:32:00,50,14,59,-4,-36,1
02/19/2014 16:33:00,50,14,58,-4,-36,1
02/19/2014 16:34:00,50,15,57,-4,-36,1
02/19/2014 16:35:00,50,16,57,-4,-36,1
02/19/2014 16:36:00,50,18,55,-5,-37,1
02/19/2014 16:37:00,50,18,58,-4,-37,1
02/19/2014 16:38:00,50,18,58,-4,-37,1
02/19/2014 16:39:00,50,18,58,-5,-38,1
02/19/2014 16:40:00,50,19,59,-5,-39,1
02/19/2014 16:41:00,50,22,57,-5,-39,1
02/19/2014 16:42:00,50,22,58,-5,-39,1
02/19/2014 16:43:00,50,21,60,-5,-39,1
02/19/2014 16:44:00,50,20,58,-5,-39,1
02/19/2014 16:45:00,50,20,57,-5,-39,1
02/19/2014 16:46:00,50,20,55,-5,-40,1
02/19/2014 16:47:00,50,18,54,-5,-40,1
02/19/2014 16:48:00,50,19,53,-5,-40,1
02/19/2014 16:49:00,50,18,53,-5,-40,1
02/19/2014 16:50:00,50,19,52,-5,-39,1
02/19/2014 16:51:00,50,16,54,-5,-39,1
02/19/2014 16:52:00,50,14,55,-5,-39,1
02/19/2014 16:53:00,50,13,54,-5,-39,1
02/19/2014 16:54:00,50,13,53,-5,-40,1
02/19/2014 16:55:00,50,15,54,-5,-41,1
02/19/2014 16:56:00,50,17,53,-6,-41,1
02/19/2014 16:57:00,50,18,53,-6,-42,1
02/19/2014 16:58:00,50,19,53,-5,-42,1
02/19/2014 16:59:00,50,19,53,-5,-41,1
02/19/2014 17:00:00,50,19,53,-5,-41,1
02/19/2014 17:01:00,50,17,53,-5,-40,1
02/19/2014 17:02:00,50,15,55,-5,-39,1
02/19/2014 17:03:00,50,14,54,-5,-38,1
02/19/2014 17:04:00,50,12,55,-4,-38,1
02/19/2014 17:05:00,50,11,56,-4,-36,1
02/19/2014 17:06:00,50,11,56,-3,-36,1
02/19/2014 17:07:00,50,11,53,-4,-37,1
02/19/2014 17:08:00,50,10,49,-4,-38,1
02/19/2014 17:09:00,50,11,45,-5,-40,1
02/19/2014 17:10:00,50,12,45,-6,-40,1
02/19/2014 17:11:00,50,14,45,-6,-41,1
02/19/2014 17:12:00,50,15,45,-6,-41,1
02/19/2014 17:13:00,50,15,47,-5,-41,1
02/19/2014 17:14:00,50,14,49,-5,-40,1
02/19/2014 17:15:00,50,13,51,-4,-40,1
02/19/2014 17:16:00,50,12,48,-4,-39,1
02/19/2014 17:17:00,50,11,48,-4,-39,1
02/19/2014 17:18:00,50,11,48,-4,-39,1
02/19/2014 17:19:00,50,11,48,-4,-39,1
02/19/2014 17:20:00,50,11,48,-4,-39,1
02/19/2014 17:21:00,50,12,47,-4,-39,1
02/19/2014 17:22:00,50,12,46,-4,-38,1
02/19/2014 17:23:00,50,12,46,-4,-38,1
02/19/2014 17:24:00,50,11,47,-4,-38,1
02/19/2014 17:25:00,50,11,47,-4,-38,1
02/19/2014 17:26:00,50,11,47,-4,-38,1
02/19/2014 17:27:00,50,10,47,-4,-37,1
02/19/2014 17:28:00,50,9,46,-4,-37,1
02/19/2014 17:29:00,50,10,44,-4,-37,1
02/19/2014 17:30:00,50,10,43,-4,-37,1
02/19/2014 17:31:00,50,10,43,-4,-37,1
02/19/2014 17:32:00,50,11,43,-4,-37,1
02/19/2014 17:33:00,50,11,43,-4,-37,1
02/19/2014 17:34:00,50,10,45,-4,-37,1
02/19/2014 17:35:00,50,10,44,-4,-37,1
02/19/2014 17:36:00,50,10,43,-4,-37,1
02/19/2014 17:37:00,50,10,42,-4,-37,1
02/19/2014 17:38:00,50,10,42,-4,-37,1
02/19/2014 17:39:00,50,10,42,-4,-37,1
02/19/2014 17:40:00,50,10,42,-4,-38,1
02/19/2014 17:41:00,50,10,41,-4,-38,1
02/19/2014 17:42:00,50,10,40,-4,-38,1
02/19/2014 17:43:00,50,10,40,-5,-38,1
02/19/2014 17:44:00,50,11,40,-4,-38,1
02/19/2014 17:45:00,50,9,40,-4,-39,1
02/19/2014 17:46:00,50,10,41,-4,-38,1
02/19/2014 17:47:00,50,10,41,-4,-38,1
02/19/2014 17:48:00,50,8,40,-4,-38,1
02/19/2014 17:49:00,50,7,41,-4,-37,1
02/19/2014 17:50:00,50,8,36,-4,-37,1
02/19/2014 17:51:00,50,10,32,-5,-38,1
02/19/2014 17:52:00,50,10,32,-4,-37,1
02/19/2014 17:53:00,50,10,35,-4,-36,1
02/19/2014 17:54:00,50,8,36,-4,-34,1
02/19/2014 17:55:00,50,6,38,-3,-34,1
02/19/2014 17:56:00,50,6,36,-4,-34,1
02/19/2014 17:57:00,50,5,38,-4,-35,1
02/19/2014 17:58:00,50,5,38,-4,-36,1
02/19/2014 17:59:00,50,7,38,-4,-37,1
02/19/2014 18:00:00,50,7,36,-4,-37,1
02/19/2014 18:01:00,50,8,34,-4,-38,1
02/19/2014 18:02:00,50,8,33,-4,-38,1
02/19/2014 18:03:00,50,10,32,-4,-38,1
02/19/2014 18:04:00,50,9,32,-4,-38,1
02/19/2014 18:05:00,50,9,33,-4,-38,1
02/19/2014 18:06:00,50,9,32,-4,-38,1
02/19/2014 18:07:00,50,9,32,-4,-38,1
02/19/2014 18:08:00,50,9,32,-4,-39,1
02/19/2014 18:09:00,50,10,31,-4,-38,1
02/19/2014 18:10:00,50,9,31,-4,-38,1
02/19/2014 18:11:00,50,9,30,-4,-39,1
02/19/2014 18:12:00,50,10,29,-4,-39,1
02/19/2014 18:13:00,50,10,29,-4,-39,1
02/19/2014 18:14:00,50,11,27,-4,-40,1
02/19/2014 18:15:00,50,11,27,-4,-40,1
02/19/2014 18:16:00,50,10,27,-4,-40,1
02/19/2014 18:17:00,50,10,27,-4,-40,1
02/19/2014 18:18:00,50,9,28,-4,-40,1
02/19/2014 18:19:00,50,9,28,-4,-40,1
02/19/2014 18:20:00,50,8,27,-4,-40,1
02/19/2014 18:21:00,50,9,27,-4,-40,1
02/19/2014 18:22:00,50,8,26,-4,-40,1
02/19/2014 18:23:00,50,9,27,-4,-40,1
02/19/2014 18:24:00,50,9,27,-4,-40,1
02/19/2014 18:25:00,50,9,26,-4,-39,1
02/19/2014 18:26:00,50,8,26,-4,-39,1
02/19/2014 18:27:00,50,8,27,-4,-39,1
02/19/2014 18:28:00,50,8,26,-4,-39,1
02/19/2014 18:29:00,50,8,27,-4,-39,1
02/19/2014 18:30:00,50,7,27,-3,-39,1
02/19/2014 18:31:00,50,8,26,-4,-39,1
02/19/2014 18:32:00,50,8,26,-4,-40,1
02/19/2014 18:33:00,50,8,26,-4,-40,1
02/19/2014 18:34:00,50,7,25,-3,-40,1
02/19/2014 18:35:00,50,7,25,-4,-40,1
02/19/2014 18:36:00,50,7,25,-4,-40,1
02/19/2014 18:37:00,50,8,23,-4,-41,1
02/19/2014 18:38:00,50,8,22,-4,-41,1
02/19/2014 18:39:00,50,8,23,-4,-41,1
02/19/2014 18:40:00,50,9,23,-4,-42,1
02/19/2014 18:41:00,50,9,22,-4,-41,1
02/19/2014 18:42:00,50,10,23,-4,-41,1
02/19/2014 18:43:00,50,9,24,-4,-40,1
02/19/2014 18:44:00,50,8,23,-3,-39,1
02/19/2014 18:45:00,50,7,24,-4,-38,1
02/19/2014 18:46:00,50,7,25,-4,-38,1
02/19/2014 18:47:00,50,7,25,-3,-38,1
02/19/2014 18:48:00,50,7,24,-4,-38,1
02/19/2014 18:49:00,50,7,24,-3,-38,1
02/19/2014 18:50:00,50,6,23,-3,-37,1
02/19/2014 18:51:00,50,6,24,-3,-37,1
02/19/2014 18:52:00,50,8,23,-3,-36,1
02/19/2014 18:53:00,50,8,22,-3,-36,1
02/19/2014 18:54:00,50,8,23,-3,-36,1
02/19/2014 18:55:00,50,8,22,-3,-35,1
02/19/2014 18:56:00,50,8,23,-3,-35,1
02/19/2014 18:57:00,50,8,20,-3,-36,1
02/19/2014 18:58:00,50,8,20,-3,-36,1
02/19/2014 18:59:00,50,8,20,-3,-36,1
02/19/2014 19:00:00,50,9,19,-3,-37,1
02/19/2014 19:01:00,50,9,19,-3,-37,1
02/19/2014 19:02:00,50,10,19,-3,-37,1
02/19/2014 19:03:00,50,11,18,-3,-37,1
02/19/2014 19:04:00,50,10,19,-3,-37,1
02/19/2014 19:05:00,50,10,19,-3,-37,1
02/19/2014 19:06:00,50,11,18,-3,-37,1
02/19/2014 19:07:00,50,11,18,-3,-37,1
02/19/2014 19:08:00,50,9,19,-3,-36,1
02/19/2014 19:09:00,50,9,20,-3,-36,1
02/19/2014 19:10:00,50,9,19,-3,-37,1
02/19/2014 19:11:00,50,10,19,-3,-37,1
02/19/2014 19:12:00,50,10,18,-3,-37,1
02/19/2014 19:13:00,50,12,17,-3,-38,1
02/19/2014 19:14:00,50,12,16,-3,-38,1
02/19/2014 19:15:00,50,14,16,-3,-39,1
02/19/2014 19:16:00,50,14,15,-3,-39,1
02/19/2014 19:17:00,50,14,14,-3,-39,1
02/19/2014 19:18:00,50,13,15,-3,-40,1
02/19/2014 19:19:00,50,12,18,-3,-39,1
02/19/2014 19:20:00,50,12,17,-3,-38,1
02/19/2014 19:21:00,50,12,17,-3,-38,1
02/19/2014 19:22:00,50,12,17,-3,-38,1
02/19/2014 19:23:00,50,12,17,-3,-39,1
02/19/2014 19:24:00,50,13,17,-3,-39,1
02/19/2014 19:25:00,50,14,16,-3,-39,1
02/19/2014 19:26:00,50,13,17,-3,-38,1
02/19/2014 19:27:00,50,13,16,-3,-37,1
02/19/2014 19:28:00,50,13,16,-3,-37,1
02/19/2014 19:29:00,50,13,16,-3,-37,1
02/19/2014 19:30:00,50,12,18,-4,-37,1
02/19/2014 19:31:00,50,12,16,-4,-37,1
02/19/2014 19:32:00,50,14,15,-3,-38,1
02/19/2014 19:33:00,50,14,15,-3,-40,1
02/19/2014 19:34:00,50,15,14,-4,-41,1
02/19/2014 19:35:00,50,17,14,-4,-44,1
02/19/2014 19:36:00,50,18,14,-3,-44,1
02/19/2014 19:37:00,50,18,15,-3,-44,1
02/19/2014 19:38:00,50,18,15,-3,-44,1
02/19/2014 19:39:00,50,20,11,-3,-44,1
02/19/2014 19:40:00,50,18,14,-3,-41,1
02/19/2014 19:41:00,50,15,18,-3,-37,1
02/19/2014 19:42:00,50,15,16,-3,-36,1
02/19/2014 19:43:00,50,13,19,-3,-34,1
02/19/2014 19:44:00,50,13,19,-3,-33,1
02/19/2014 19:45:00,50,14,16,-3,-33,1
02/19/2014 19:46:00,50,14,15,-3,-33,1
02/19/2014 19:47:00,50,13,16,-3,-32,1
02/19/2014 19:48:00,50,14,16,-3,-32,1
02/19/2014 19:49:00,50,15,11,-3,-34,1
02/19/2014 19:50:00,50,15,11,-4,-35,1
02/19/2014 19:51:00,50,17,11,-4,-37,1
02/19/2014 19:52:00,50,18,12,-3,-39,1
02/19/2014 19:53:00,50,19,13,-3,-40,1
02/19/2014 19:54:00,50,20,13,-3,-40,1
02/19/2014 19:55:00,50,21,13,-3,-41,1
02/19/2014 19:56:00,50,21,13,-3,-42,1
02/19/2014 19:57:00,50,21,14,-3,-41,1
02/19/2014 19:58:00,50,21,14,-3,-41,1
02/19/2014 19:59:00,50,21,15,-3,-40,1
02/19/2014 20:00:00,50,21,15,-3,-40,1
02/19/2014 20:01:00,50,21,14,-2,-38,1
02/19/2014 20:02:00,50,22,14,-2,-35,1
02/19/2014 20:03:00,50,22,12,-3,-34,1
02/19/2014 20:04:00,50,18,13,-3,-32,1
02/19/2014 20:05:00,50,17,16,-3,-31,1
02/19/2014 20:06:00,50,15,16,-3,-32,1
02/19/2014 20:07:00,50,18,14,-3,-33,1
02/19/2014 20:08:00,50,19,14,-3,-35,1
02/19/2014 20:09:00,50,21,14,-3,-37,1
02/19/2014 20:10:00,50,23,12,-2,-39,1
02/19/2014 20:11:00,50,23,12,-2,-39,1
02/19/2014 20:12:00,50,23,12,-2,-39,1
02/19/2014 20:13:00,50,22,13,-2,-38,1
02/19/2014 20:14:00,50,22,13,-2,-38,1
02/19/2014 20:15:00,50,22,13,-2,-38,1
02/19/2014 20:16:00,50,22,14,-2,-38,1
02/19/2014 20:17:00,50,24,14,-2,-38,1
02/19/2014 20:18:00,50,24,14,-2,-38,1
02/19/2014 20:19:00,50,24,14,-2,-37,1
02/19/2014 20:20:00,50,24,14,-2,-37,1
02/19/2014 20:21:00,50,24,13,-3,-38,1
02/19/2014 20:22:00,50,24,13,-2,-39,1
02/19/2014 20:23:00,50,25,14,-3,-40,1
02/19/2014 20:24:00,50,26,13,-3,-41,1
02/19/2014 20:25:00,50,27,12,-2,-42,1
02/19/2014 20:26:00,50,28,13,-2,-43,1
02/19/2014 20:27:00,50,27,15,-2,-42,1
02/19/2014 20:28:00,50,26,15,-2,-42,1
02/19/2014 20:29:00,50,27,15,-2,-41,1
02/19/2014 20:30:00,50,26,15,-2,-41,1
02/19/2014 20:31:00,50,25,15,-2,-40,1
02/19/2014 20:32:00,50,24,17,-3,-39,1
02/19/2014 20:33:00,50,24,15,-3,-39,1
02/19/2014 20:34:00,50,25,14,-3,-41,1
02/19/2014 20:35:00,50,25,14,-2,-41,1
02/19/2014 20:36:00,50,26,14,-2,-41,1
02/19/2014 20:37:00,50,26,14,-2,-42,1
02/19/2014 20:38:00,50,26,14,-2,-42,1
02/19/2014 20:39:00,50,27,14,-2,-42,1
02/19/2014 20:40:00,50,26,15,-2,-41,1
02/19/2014 20:41:00,50,26,15,-2,-41,1
02/19/2014 20:42:00,50,25,16,-3,-41,1
02/19/2014 20:43:00,50,25,15,-3,-41,1
02/19/2014 20:44:00,50,25,16,-3,-42,1
02/19/2014 20:45:00,50,27,15,-2,-43,1
02/19/2014 20:46:00,50,27,16,-2,-43,1
02/19/2014 20:47:00,50,27,16,-2,-44,1
02/19/2014 20:48:00,50,28,16,-2,-43,1
02/19/2014 20:49:00,50,28,15,-2,-43,1
02/19/2014 20:50:00,50,27,16,-2,-42,1
02/19/2014 20:51:00,50,26,16,-2,-42,1
02/19/2014 20:52:00,50,25,16,-2,-42,1
02/19/2014 20:53:00,50,26,16,-2,-42,1
02/19/2014 20:54:00,50,25,16,-2,-42,1
02/19/2014 20:55:00,50,25,16,-2,-42,1
02/19/2014 20:56:00,50,26,15,-2,-42,1
02/19/2014 20:57:00,50,27,15,-2,-43,1
02/19/2014 20:58:00,50,27,15,-2,-43,1
02/19/2014 20:59:00,50,27,15,-2,-42,1
02/19/2014 21:00:00,50,26,16,-2,-42,1
02/19/2014 21:01:00,50,26,15,-2,-42,1
02/19/2014 21:02:00,50,25,16,-2,-42,1
02/19/2014 21:03:00,50,25,16,-2,-41,1
02/19/2014 21:04:00,50,24,17,-2,-41,1
02/19/2014 21:05:00,50,26,17,-2,-40,1
02/19/2014 21:06:00,50,25,17,-2,-40,1
02/19/2014 21:07:00,50,25,17,-2,-40,1
02/19/2014 21:08:00,50,24,18,-2,-40,1
02/19/2014 21:09:00,50,25,17,-2,-40,1
02/19/2014 21:10:00,50,24,18,-2,-40,1
02/19/2014 21:11:00,50,23,18,-2,-40,1
02/19/2014 21:12:00,50,25,17,-2,-41,1
02/19/2014 21:13:00,50,25,18,-2,-42,1
02/19/2014 21:14:00,50,26,17,-2,-43,1
02/19/2014 21:15:00,50,26,17,-2,-43,1
02/19/2014 21:16:00,50,26,17,-2,-43,1
02/19/2014 21:17:00,50,27,16,-2,-44,1
02/19/2014 21:18:00,50,26,16,-2,-43,1
02/19/2014 21:19:00,50,25,16,-2,-43,1
02/19/2014 21:20:00,50,25,16,-2,-43,1
02/19/2014 21:21:00,50,25,16,-2,-43,1
02/19/2014 21:22:00,50,26,17,-2,-43,1
02/19/2014 21:23:00,50,25,17,-2,-43,1
02/19/2014 21:24:00,50,24,18,-2,-42,1
02/19/2014 21:25:00,50,24,17,-2,-42,1
02/19/2014 21:26:00,50,24,17,-2,-42,1
02/19/2014 21:27:00,50,24,18,-2,-42,1
02/19/2014 21:28:00,50,23,18,-2,-41,1
02/19/2014 21:29:00,50,22,18,-2,-41,1
02/19/2014 21:30:00,50,22,18,-2,-41,1
02/19/2014 21:31:00,50,22,18,-2,-41,1
02/19/2014 21:32:00,50,22,19,-2,-41,1
02/19/2014 21:33:00,50,22,18,-2,-41,1
02/19/2014 21:34:00,50,22,18,-2,-41,1
02/19/2014 21:35:00,50,22,18,-2,-41,1
02/19/2014 21:36:00,50,21,20,-2,-40,1
02/19/2014 21:37:00,50,20,20,-2,-40,1
02/19/2014 21:38:00,50,20,20,-2,-40,1
02/19/2014 21:39:00,50,19,21,-2,-40,1
02/19/2014 21:40:00,50,21,21,-1,-40,1
02/19/2014 21:41:00,50,21,20,-1,-40,1
02/19/2014 21:42:00,50,21,19,-2,-40,1
02/19/2014 21:43:00,50,20,20,-1,-40,1
02/19/2014 21:44:00,50,20,20,-2,-39,1
02/19/2014 21:45:00,50,19,20,-2,-38,1
02/19/2014 21:46:00,50,18,19,-2,-38,1
02/19/2014 21:47:00,50,17,19,-2,-37,1
02/19/2014 21:48:00,50,17,18,-2,-37,1
02/19/2014 21:49:00,50,18,17,-2,-37,1
02/19/2014 21:50:00,50,17,17,-2,-37,1
02/19/2014 21:51:00,50,17,16,-1,-38,1
02/19/2014 21:52:00,50,17,16,-2,-37,1
02/19/2014 21:53:00,50,16,17,-2,-37,1
02/19/2014 21:54:00,50,15,17,-2,-36,1
02/19/2014 21:55:00,50,14,18,-2,-36,1
02/19/2014 21:56:00,50,13,18,-2,-35,1
02/19/2014 21:57:00,50,13,18,-2,-36,1
02/19/2014 21:58:00,50,14,17,-2,-36,1
02/19/2014 21:59:00,50,14,18,-1,-37,1
02/19/2014 22:00:00,50,14,17,-1,-38,1
02/19/2014 22:01:00,50,15,16,-1,-38,1
02/19/2014 22:02:00,50,16,16,-1,-39,1
02/19/2014 22:03:00,50,16,15,-1,-39,1
02/19/2014 22:04:00,50,16,15,-2,-39,1
02/19/2014 22:05:00,50,16,17,-2,-39,1
02/19/2014 22:06:00,50,16,17,-2,-39,1
02/19/2014 22:07:00,50,16,17,-2,-39,1
02/19/2014 22:08:00,50,17,16,-2,-40,1
02/19/2014 22:09:00,50,17,16,-2,-40,1
02/19/2014 22:10:00,50,17,16,-2,-40,1
02/19/2014 22:11:00,50,18,16,-2,-40,1
02/19/2014 22:12:00,50,17,16,-2,-40,1
02/19/2014 22:13:00,50,17,16,-2,-40,1
02/19/2014 22:14:00,50,17,17,-2,-39,1
02/19/2014 22:15:00,50,17,17,-2,-38,1
02/19/2014 22:16:00,50,17,17,-2,-38,1
02/19/2014 22:17:00,50,15,17,-2,-38,1
02/19/2014 22:18:00,50,13,18,-2,-37,1
02/19/2014 22:19:00,50,13,17,-1,-37,1
02/19/2014 22:20:00,50,13,18,-1,-37,1
02/19/2014 22:21:00,50,12,18,-2,-36,1
02/19/2014 22:22:00,50,12,17,-1,-36,1
02/19/2014 22:23:00,50,11,17,-1,-36,1
02/19/2014 22:24:00,50,12,17,-1,-36,1
02/19/2014 22:25:00,50,12,17,-1,-36,1
02/19/2014 22:26:00,50,11,17,-1,-37,1
02/19/2014 22:27:00,50,11,17,-1,-37,1
02/19/2014 22:28:00,50,11,17,-1,-36,1
02/19/2014 22:29:00,50,10,17,-1,-37,1
02/19/2014 22:30:00,50,10,17,-1,-37,1
02/19/2014 22:31:00,50,10,17,-1,-37,1
02/19/2014 22:32:00,50,11,16,-1,-37,1
02/19/2014 22:33:00,50,12,15,-1,-37,1
02/19/2014 22:34:00,50,11,15,-1,-38,1
02/19/2014 22:35:00,50,12,15,-1,-38,1
02/19/2014 22:36:00,50,13,14,-1,-38,1
02/19/2014 22:37:00,50,15,15,-2,-38,1
02/19/2014 22:38:00,50,16,16,-2,-37,1
02/19/2014 22:39:00,50,16,15,-2,-38,1
02/19/2014 22:40:00,50,15,16,-2,-37,1
02/19/2014 22:41:00,50,14,16,-2,-37,1
02/19/2014 22:42:00,50,12,16,-1,-37,1
02/19/2014 22:43:00,50,12,16,-1,-38,1
02/19/2014 22:44:00,50,14,16,-1,-39,1
02/19/2014 22:45:00,50,16,16,-2,-40,1
02/19/2014 22:46:00,50,17,16,-1,-40,1
02/19/2014 22:47:00,50,17,16,-1,-41,1
02/19/2014 22:48:00,50,18,15,-1,-42,1
02/19/2014 22:49:00,50,19,15,-2,-43,1
02/19/2014 22:50:00,50,20,15,-2,-44,1
02/19/2014 22:51:00,50,20,15,-2,-44,1
02/19/2014 22:52:00,50,21,16,-2,-45,1
02/19/2014 22:53:00,50,22,16,-2,-46,1
02/19/2014 22:54:00,50,24,16,-2,-46,1
02/19/2014 22:55:00,50,26,17,-2,-47,1
02/19/2014 22:56:00,50,28,18,-2,-47,1
02/19/2014 22:57:00,50,28,19,-2,-47,1
02/19/2014 22:58:00,50,27,19,-2,-47,1
02/19/2014 22:59:00,50,27,18,-2,-47,1
02/19/2014 23:00:00,50,24,18,-2,-47,1
02/19/2014 23:01:00,50,23,19,-2,-46,1
02/19/2014 23:02:00,50,22,19,-2,-46,1
02/19/2014 23:03:00,50,20,19,-2,-45,1
02/19/2014 23:04:00,50,20,20,-2,-46,1
02/19/2014 23:05:00,50,20,20,-2,-45,1
02/19/2014 23:06:00,50,20,20,-2,-45,1
02/19/2014 23:07:00,50,19,19,-2,-45,1
02/19/2014 23:08:00,50,18,19,-3,-44,1
02/19/2014 23:09:00,50,18,19,-2,-44,1
02/19/2014 23:10:00,50,18,19,-3,-45,1
02/19/2014 23:11:00,50,18,19,-3,-45,1
02/19/2014 23:12:00,50,19,19,-3,-45,1
02/19/2014 23:13:00,50,19,19,-4,-45,1
02/19/2014 23:14:00,50,21,19,-4,-45,1
02/19/2014 23:15:00,50,21,19,-4,-45,1
02/19/2014 23:16:00,50,21,20,-4,-45,1
02/19/2014 23:17:00,50,21,20,-4,-45,1
02/19/2014 23:18:00,50,22,20,-4,-46,1
02/19/2014 23:19:00,50,22,22,-4,-46,1
02/19/2014 23:20:00,50,23,22,-4,-46,1
02/19/2014 23:21:00,50,22,22,-4,-46,1
02/19/2014 23:22:00,50,22,21,-4,-46,1
02/19/2014 23:23:00,50,23,22,-4,-46,1
02/19/2014 23:24:00,50,23,22,-5,-46,1
02/19/2014 23:25:00,50,24,22,-5,-46,1
02/19/2014 23:26:00,50,25,23,-5,-46,1
02/19/2014 23:27:00,50,24,24,-5,-46,1
02/19/2014 23:28:00,50,24,23,-5,-46,1
02/19/2014 23:29:00,50,24,24,-5,-46,1
02/19/2014 23:30:00,50,24,24,-5,-46,1
02/19/2014 23:31:00,50,25,25,-5,-46,1
02/19/2014 23:32:00,50,25,25,-5,-46,1
02/19/2014 23:33:00,50,26,25,-5,-46,1
02/19/2014 23:34:00,50,25,25,-5,-46,1
02/19/2014 23:35:00,50,25,25,-5,-46,1
02/19/2014 23:36:00,50,24,25,-5,-46,1
02/19/2014 23:37:00,50,24,25,-5,-46,1
02/19/2014 23:38:00,50,23,24,-4,-46,1
02/19/2014 23:39:00,50,23,24,-4,-46,1
02/19/2014 23:40:00,50,23,24,-4,-46,1
02/19/2014 23:41:00,50,23,24,-4,-46,1
02/19/2014 23:42:00,50,24,24,-4,-45,1
02/19/2014 23:43:00,50,24,25,-4,-46,1
02/19/2014 23:44:00,50,23,25,-4,-46,1
02/19/2014 23:45:00,50,22,24,-4,-46,1
02/19/2014 23:46:00,50,21,23,-4,-45,1
02/19/2014 23:47:00,50,21,24,-4,-45,1
02/19/2014 23:48:00,50,22,24,-4,-45,1
02/19/2014 23:49:00,50,22,24,-4,-45,1
02/19/2014 23:50:00,50,22,24,-4,-45,1
02/19/2014 23:51:00,50,22,24,-4,-45,1
02/19/2014 23:52:00,50,20,23,-4,-45,1
02/19/2014 23:53:00,50,21,23,-4,-45,1
02/19/2014 23:54:00,50,21,23,-4,-45,1
02/19/2014 23:55:00,50,20,22,-4,-45,1
02/19/2014 23:56:00,50,20,22,-4,-45,1
02/19/2014 23:57:00,50,20,22,-4,-45,1
02/19/2014 23:58:00,50,20,22,-4,-45,1
02/19/2014 23:59:00,50,20,23,-4,-45,1
