DateTime,DOY,ASY_D,ASY_H,SYM_D,SYM_H,Location
09/30/2012 00:00:00,274,10,21,1,-2,1
09/30/2012 00:01:00,274,10,21,2,-2,1
09/30/2012 00:02:00,274,10,21,2,-2,1
09/30/2012 00:03:00,274,11,20,2,-1,1
09/30/2012 00:04:00,274,10,21,2,-1,1
09/30/2012 00:05:00,274,10,21,2,-1,1
09/30/2012 00:06:00,274,11,21,2,-1,1
09/30/2012 00:07:00,274,11,21,2,0,1
09/30/2012 00:08:00,274,12,21,2,0,1
09/30/2012 00:09:00,274,11,21,2,1,1
09/30/2012 00:10:00,274,10,21,2,1,1
09/30/2012 00:11:00,274,10,21,2,1,1
09/30/2012 00:12:00,274,10,21,2,1,1
09/30/2012 00:13:00,274,10,20,2,1,1
09/30/2012 00:14:00,274,9,20,2,1,1
09/30/2012 00:15:00,274,9,20,2,1,1
09/30/2012 00:16:00,274,9,20,2,1,1
09/30/2012 00:17:00,274,7,19,2,0,1
09/30/2012 00:18:00,274,7,18,2,1,1
09/30/2012 00:19:00,274,6,18,2,1,1
09/30/2012 00:20:00,274,6,18,2,1,1
09/30/2012 00:21:00,274,6,19,2,1,1
09/30/2012 00:22:00,274,6,19,2,1,1
09/30/2012 00:23:00,274,5,18,1,1,1
09/30/2012 00:24:00,274,6,18,2,1,1
09/30/2012 00:25:00,274,5,18,1,1,1
09/30/2012 00:26:00,274,5,18,1,1,1
09/30/2012 00:27:00,274,4,18,1,1,1
09/30/2012 00:28:00,274,4,18,1,1,1
09/30/2012 00:29:00,274,4,17,1,0,1
09/30/2012 00:30:00,274,4,17,1,0,1
09/30/2012 00:31:00,274,5,17,1,0,1
09/30/2012 00:32:00,274,5,18,1,0,1
09/30/2012 00:33:00,274,6,17,1,0,1
09/30/2012 00:34:00,274,6,17,1,0,1
09/30/2012 00:35:00,274,6,17,1,0,1
09/30/2012 00:36:00,274,7,19,1,-1,1
09/30/2012 00:37:00,274,6,19,1,-1,1
09/30/2012 00:38:00,274,7,19,1,-1,1
09/30/2012 00:39:00,274,8,19,1,-1,1
09/30/2012 00:40:00,274,7,18,1,-1,1
09/30/2012 00:41:00,274,8,18,1,-1,1
09/30/2012 00:42:00,274,9,18,1,-1,1
09/30/2012 00:43:00,274,9,18,1,-1,1
09/30/2012 00:44:00,274,9,18,1,-1,1
09/30/2012 00:45:00,274,9,18,1,-1,1
09/30/2012 00:46:00,274,10,17,1,-1,1
09/30/2012 00:47:00,274,10,17,1,-1,1
09/30/2012 00:48:00,274,12,17,1,-1,1
09/30/2012 00:49:00,274,12,17,1,-1,1
09/30/2012 00:50:00,274,12,17,1,-1,1
09/30/2012 00:51:00,274,13,17,1,-1,1
09/30/2012 00:52:00,274,13,18,1,-2,1
09/30/2012 00:53:00,274,15,17,1,-2,1
09/30/2012 00:54:00,274,15,18,0,-2,1
09/30/2012 00:55:00,274,16,19,0,-2,1
09/30/2012 00:56:00,274,17,19,0,-2,1
09/30/2012 00:57:00,274,17,19,0,-2,1
09/30/2012 00:58:00,274,17,18,0,-2,1
09/30/2012 00:59:00,274,17,17,1,-2,1
09/30/2012 01:00:00,274,18,17,1,-2,1
09/30/2012 01:01:00,274,17,17,1,-2,1
09/30/2012 01:02:00,274,18,17,1,-2,1
09/30/2012 01:03:00,274,19,16,1,-2,1
09/30/2012 01:04:00,274,19,17,0,-2,1
09/30/2012 01:05:00,274,19,17,0,-1,1
09/30/2012 01:06:00,274,20,17,0,-1,1
09/30/2012 01:07:00,274,20,17,0,-1,1
09/30/2012 01:08:00,274,20,16,0,-2,1
09/30/2012 01:09:00,274,21,16,0,-1,1
09/30/2012 01:10:00,274,22,17,0,-1,1
09/30/2012 01:11:00,274,22,16,0,-1,1
09/30/2012 01:12:00,274,22,17,0,-1,1
09/30/2012 01:13:00,274,24,17,0,-1,1
09/30/2012 01:14:00,274,24,17,0,-1,1
09/30/2012 01:15:00,274,24,16,-1,-2,1
09/30/2012 01:16:00,274,24,17,-1,-2,1
09/30/2012 01:17:00,274,25,17,-1,-2,1
09/30/2012 01:18:00,274,25,17,-1,-2,1
09/30/2012 01:19:00,274,26,16,-1,-2,1
09/30/2012 01:20:00,274,26,16,-1,-2,1
09/30/2012 01:21:00,274,26,17,-1,-2,1
09/30/2012 01:22:00,274,28,18,-1,-2,1
09/30/2012 01:23:00,274,27,17,-1,-2,1
09/30/2012 01:24:00,274,27,17,-1,-1,1
09/30/2012 01:25:00,274,27,18,-1,-1,1
09/30/2012 01:26:00,274,27,17,-1,-1,1
09/30/2012 01:27:00,274,28,17,-1,-1,1
09/30/2012 01:28:00,274,28,17,-1,-1,1
09/30/2012 01:29:00,274,29,16,-1,-1,1
09/30/2012 01:30:00,274,29,16,-1,-1,1
09/30/2012 01:31:00,274,29,16,-1,-1,1
09/30/2012 01:32:00,274,30,16,-1,-1,1
09/30/2012 01:33:00,274,31,16,-1,-1,1
09/30/2012 01:34:00,274,31,15,-1,0,1
09/30/2012 01:35:00,274,32,16,-1,-1,1
09/30/2012 01:36:00,274,32,16,-1,0,1
09/30/2012 01:37:00,274,32,17,-2,0,1
09/30/2012 01:38:00,274,34,17,-2,0,1
09/30/2012 01:39:00,274,33,17,-2,0,1
09/30/2012 01:40:00,274,34,17,-2,0,1
09/30/2012 01:41:00,274,33,17,-2,0,1
09/30/2012 01:42:00,274,35,17,-2,0,1
09/30/2012 01:43:00,274,35,17,-2,0,1
09/30/2012 01:44:00,274,35,17,-2,0,1
09/30/2012 01:45:00,274,36,17,-2,0,1
09/30/2012 01:46:00,274,35,17,-2,1,1
09/30/2012 01:47:00,274,36,16,-2,0,1
09/30/2012 01:48:00,274,37,16,-2,1,1
09/30/2012 01:49:00,274,37,15,-2,1,1
09/30/2012 01:50:00,274,37,15,-2,1,1
09/30/2012 01:51:00,274,37,15,-2,1,1
09/30/2012 01:52:00,274,37,16,-2,1,1
09/30/2012 01:53:00,274,38,16,-2,1,1
09/30/2012 01:54:00,274,38,16,-2,1,1
09/30/2012 01:55:00,274,38,16,-2,1,1
09/30/2012 01:56:00,274,39,16,-2,1,1
09/30/2012 01:57:00,274,39,16,-2,1,1
09/30/2012 01:58:00,274,39,16,-2,1,1
09/30/2012 01:59:00,274,39,16,-2,1,1
09/30/2012 02:00:00,274,39,16,-2,1,1
09/30/2012 02:01:00,274,41,16,-2,2,1
09/30/2012 02:02:00,274,41,16,-2,2,1
09/30/2012 02:03:00,274,41,16,-2,2,1
09/30/2012 02:04:00,274,41,17,-2,2,1
09/30/2012 02:05:00,274,41,17,-2,2,1
09/30/2012 02:06:00,274,40,17,-2,2,1
09/30/2012 02:07:00,274,42,17,-2,2,1
09/30/2012 02:08:00,274,42,17,-2,2,1
09/30/2012 02:09:00,274,42,16,-2,2,1
09/30/2012 02:10:00,274,42,17,-2,2,1
09/30/2012 02:11:00,274,42,17,-2,2,1
09/30/2012 02:12:00,274,42,17,-2,2,1
09/30/2012 02:13:00,274,42,17,-2,2,1
09/30/2012 02:14:00,274,42,17,-2,2,1
09/30/2012 02:15:00,274,43,18,-2,3,1
09/30/2012 02:16:00,274,43,17,-2,3,1
09/30/2012 02:17:00,274,43,18,-2,3,1
09/30/2012 02:18:00,274,42,17,-2,3,1
09/30/2012 02:19:00,274,43,18,-2,3,1
09/30/2012 02:20:00,274,43,18,-2,3,1
09/30/2012 02:21:00,274,43,19,-2,3,1
09/30/2012 02:22:00,274,43,19,-2,3,1
09/30/2012 02:23:00,274,43,19,-2,3,1
09/30/2012 02:24:00,274,43,19,-1,3,1
09/30/2012 02:25:00,274,43,20,-2,3,1
09/30/2012 02:26:00,274,43,20,-2,3,1
09/30/2012 02:27:00,274,42,20,-1,3,1
09/30/2012 02:28:00,274,42,20,-1,2,1
09/30/2012 02:29:00,274,42,20,-1,2,1
09/30/2012 02:30:00,274,43,20,-1,3,1
09/30/2012 02:31:00,274,42,20,-1,2,1
09/30/2012 02:32:00,274,43,21,-2,2,1
09/30/2012 02:33:00,274,43,21,-1,2,1
09/30/2012 02:34:00,274,43,22,-2,2,1
09/30/2012 02:35:00,274,43,21,-2,2,1
09/30/2012 02:36:00,274,43,21,-2,2,1
09/30/2012 02:37:00,274,43,21,-2,2,1
09/30/2012 02:38:00,274,43,21,-2,2,1
09/30/2012 02:39:00,274,43,21,-2,2,1
09/30/2012 02:40:00,274,43,22,-2,2,1
09/30/2012 02:41:00,274,43,21,-2,2,1
09/30/2012 02:42:00,274,43,20,-2,2,1
09/30/2012 02:43:00,274,42,20,-2,2,1
09/30/2012 02:44:00,274,41,21,-2,2,1
09/30/2012 02:45:00,274,41,21,-2,2,1
09/30/2012 02:46:00,274,42,21,-2,2,1
09/30/2012 02:47:00,274,42,20,-2,2,1
09/30/2012 02:48:00,274,42,21,-2,2,1
09/30/2012 02:49:00,274,42,22,-2,2,1
09/30/2012 02:50:00,274,42,22,-2,2,1
09/30/2012 02:51:00,274,41,22,-2,2,1
09/30/2012 02:52:00,274,42,22,-2,2,1
09/30/2012 02:53:00,274,42,22,-2,2,1
09/30/2012 02:54:00,274,42,22,-2,2,1
09/30/2012 02:55:00,274,42,22,-2,2,1
09/30/2012 02:56:00,274,42,22,-2,2,1
09/30/2012 02:57:00,274,41,22,-2,2,1
09/30/2012 02:58:00,274,40,22,-2,2,1
09/30/2012 02:59:00,274,41,22,-2,2,1
09/30/2012 03:00:00,274,40,22,-1,3,1
09/30/2012 03:01:00,274,40,22,-1,3,1
09/30/2012 03:02:00,274,40,23,-1,3,1
09/30/2012 03:03:00,274,40,22,-1,3,1
09/30/2012 03:04:00,274,41,22,-1,3,1
09/30/2012 03:05:00,274,41,23,-1,3,1
09/30/2012 03:06:00,274,40,22,-1,3,1
09/30/2012 03:07:00,274,40,23,-1,4,1
09/30/2012 03:08:00,274,40,23,-1,3,1
09/30/2012 03:09:00,274,40,23,-1,3,1
09/30/2012 03:10:00,274,40,23,-1,4,1
09/30/2012 03:11:00,274,40,24,-1,4,1
09/30/2012 03:12:00,274,40,23,-1,4,1
09/30/2012 03:13:00,274,40,23,-1,4,1
09/30/2012 03:14:00,274,40,23,-1,4,1
09/30/2012 03:15:00,274,40,23,-1,4,1
09/30/2012 03:16:00,274,39,23,-1,4,1
09/30/2012 03:17:00,274,40,24,-1,4,1
09/30/2012 03:18:00,274,39,24,-1,4,1
09/30/2012 03:19:00,274,40,24,-1,4,1
09/30/2012 03:20:00,274,40,24,-1,4,1
09/30/2012 03:21:00,274,40,24,-1,4,1
09/30/2012 03:22:00,274,39,25,-1,3,1
09/30/2012 03:23:00,274,39,25,-1,3,1
09/30/2012 03:24:00,274,39,25,-1,3,1
09/30/2012 03:25:00,274,39,25,-1,2,1
09/30/2012 03:26:00,274,39,24,-1,2,1
09/30/2012 03:27:00,274,39,25,-1,1,1
09/30/2012 03:28:00,274,38,24,-1,1,1
09/30/2012 03:29:00,274,38,24,-1,1,1
09/30/2012 03:30:00,274,37,24,-1,1,1
09/30/2012 03:31:00,274,36,24,-1,0,1
09/30/2012 03:32:00,274,36,24,-1,0,1
09/30/2012 03:33:00,274,36,24,-1,0,1
09/30/2012 03:34:00,274,36,24,-1,0,1
09/30/2012 03:35:00,274,35,24,-1,0,1
09/30/2012 03:36:00,274,34,25,-1,0,1
09/30/2012 03:37:00,274,34,25,-1,0,1
09/30/2012 03:38:00,274,34,25,-1,0,1
09/30/2012 03:39:00,274,34,25,0,0,1
09/30/2012 03:40:00,274,34,25,-1,0,1
09/30/2012 03:41:00,274,34,26,0,0,1
09/30/2012 03:42:00,274,33,26,0,0,1
09/30/2012 03:43:00,274,33,26,0,0,1
09/30/2012 03:44:00,274,33,26,0,0,1
09/30/2012 03:45:00,274,32,26,0,0,1
09/30/2012 03:46:00,274,32,28,0,0,1
09/30/2012 03:47:00,274,31,27,0,0,1
09/30/2012 03:48:00,274,32,27,0,0,1
09/30/2012 03:49:00,274,31,27,0,0,1
09/30/2012 03:50:00,274,31,27,0,0,1
09/30/2012 03:51:00,274,31,26,0,0,1
09/30/2012 03:52:00,274,31,26,0,0,1
09/30/2012 03:53:00,274,30,27,0,0,1
09/30/2012 03:54:00,274,29,28,0,0,1
09/30/2012 03:55:00,274,29,27,0,0,1
09/30/2012 03:56:00,274,29,27,0,0,1
09/30/2012 03:57:00,274,28,27,1,-1,1
09/30/2012 03:58:00,274,28,28,0,-1,1
09/30/2012 03:59:00,274,28,28,0,-1,1
09/30/2012 04:00:00,274,27,28,0,-1,1
09/30/2012 04:01:00,274,26,28,1,-1,1
09/30/2012 04:02:00,274,27,28,0,-1,1
09/30/2012 04:03:00,274,27,28,0,-1,1
09/30/2012 04:04:00,274,27,28,1,-1,1
09/30/2012 04:05:00,274,26,28,1,-1,1
09/30/2012 04:06:00,274,25,27,0,-1,1
09/30/2012 04:07:00,274,25,27,1,-1,1
09/30/2012 04:08:00,274,25,28,1,-1,1
09/30/2012 04:09:00,274,24,28,1,-1,1
09/30/2012 04:10:00,274,24,27,1,-2,1
09/30/2012 04:11:00,274,23,27,1,-2,1
09/30/2012 04:12:00,274,23,28,1,-2,1
09/30/2012 04:13:00,274,23,28,1,-2,1
09/30/2012 04:14:00,274,22,28,1,-2,1
09/30/2012 04:15:00,274,22,28,1,-2,1
09/30/2012 04:16:00,274,21,29,1,-2,1
09/30/2012 04:17:00,274,21,28,1,-2,1
09/30/2012 04:18:00,274,20,29,1,-2,1
09/30/2012 04:19:00,274,20,29,1,-1,1
09/30/2012 04:20:00,274,20,28,1,-1,1
09/30/2012 04:21:00,274,21,29,1,-1,1
09/30/2012 04:22:00,274,20,28,1,-1,1
09/30/2012 04:23:00,274,20,28,1,-1,1
09/30/2012 04:24:00,274,21,28,1,-1,1
09/30/2012 04:25:00,274,19,28,1,-1,1
09/30/2012 04:26:00,274,20,29,1,-1,1
09/30/2012 04:27:00,274,20,28,1,-1,1
09/30/2012 04:28:00,274,20,28,1,-1,1
09/30/2012 04:29:00,274,20,28,1,0,1
09/30/2012 04:30:00,274,20,28,1,0,1
09/30/2012 04:31:00,274,21,29,1,0,1
09/30/2012 04:32:00,274,24,31,0,0,1
09/30/2012 04:33:00,274,26,32,0,1,1
09/30/2012 04:34:00,274,28,32,0,1,1
09/30/2012 04:35:00,274,27,32,0,1,1
09/30/2012 04:36:00,274,26,31,1,1,1
09/30/2012 04:37:00,274,25,31,0,1,1
09/30/2012 04:38:00,274,24,31,0,1,1
09/30/2012 04:39:00,274,24,31,0,0,1
09/30/2012 04:40:00,274,23,30,0,0,1
09/30/2012 04:41:00,274,24,30,0,0,1
09/30/2012 04:42:00,274,22,29,0,0,1
09/30/2012 04:43:00,274,22,29,0,0,1
09/30/2012 04:44:00,274,21,29,0,0,1
09/30/2012 04:45:00,274,21,29,0,0,1
09/30/2012 04:46:00,274,20,29,1,1,1
09/30/2012 04:47:00,274,21,29,0,1,1
09/30/2012 04:48:00,274,20,30,0,0,1
09/30/2012 04:49:00,274,20,28,1,1,1
09/30/2012 04:50:00,274,20,29,1,1,1
09/30/2012 04:51:00,274,20,29,0,2,1
09/30/2012 04:52:00,274,21,28,1,3,1
09/30/2012 04:53:00,274,21,29,1,2,1
09/30/2012 04:54:00,274,20,28,1,3,1
09/30/2012 04:55:00,274,21,29,1,3,1
09/30/2012 04:56:00,274,20,28,0,3,1
09/30/2012 04:57:00,274,21,28,1,3,1
09/30/2012 04:58:00,274,20,27,0,3,1
09/30/2012 04:59:00,274,19,27,0,3,1
09/30/2012 05:00:00,274,19,27,1,3,1
09/30/2012 05:01:00,274,19,27,0,3,1
09/30/2012 05:02:00,274,19,27,0,3,1
09/30/2012 05:03:00,274,19,25,0,3,1
09/30/2012 05:04:00,274,18,25,0,3,1
09/30/2012 05:05:00,274,18,25,0,3,1
09/30/2012 05:06:00,274,18,25,0,3,1
09/30/2012 05:07:00,274,18,25,0,3,1
09/30/2012 05:08:00,274,18,24,0,3,1
09/30/2012 05:09:00,274,17,23,0,4,1
09/30/2012 05:10:00,274,16,23,0,4,1
09/30/2012 05:11:00,274,17,23,0,3,1
09/30/2012 05:12:00,274,17,23,0,3,1
09/30/2012 05:13:00,274,16,22,0,4,1
09/30/2012 05:14:00,274,16,22,0,4,1
09/30/2012 05:15:00,274,17,22,0,4,1
09/30/2012 05:16:00,274,16,21,-1,4,1
09/30/2012 05:17:00,274,16,21,-1,4,1
09/30/2012 05:18:00,274,15,20,-1,4,1
09/30/2012 05:19:00,274,14,20,-1,4,1
09/30/2012 05:20:00,274,14,21,0,4,1
09/30/2012 05:21:00,274,15,20,0,4,1
09/30/2012 05:22:00,274,15,21,-1,4,1
09/30/2012 05:23:00,274,15,20,-1,4,1
09/30/2012 05:24:00,274,14,18,-1,4,1
09/30/2012 05:25:00,274,14,19,0,4,1
09/30/2012 05:26:00,274,14,18,0,3,1
09/30/2012 05:27:00,274,14,18,0,3,1
09/30/2012 05:28:00,274,14,18,-1,3,1
09/30/2012 05:29:00,274,14,19,0,3,1
09/30/2012 05:30:00,274,13,18,-1,3,1
09/30/2012 05:31:00,274,14,17,0,3,1
09/30/2012 05:32:00,274,14,17,0,3,1
09/30/2012 05:33:00,274,13,17,0,3,1
09/30/2012 05:34:00,274,13,17,0,3,1
09/30/2012 05:35:00,274,12,16,0,3,1
09/30/2012 05:36:00,274,13,16,0,3,1
09/30/2012 05:37:00,274,12,17,0,3,1
09/30/2012 05:38:00,274,12,17,0,3,1
09/30/2012 05:39:00,274,11,16,0,2,1
09/30/2012 05:40:00,274,11,17,0,2,1
09/30/2012 05:41:00,274,12,16,0,2,1
09/30/2012 05:42:00,274,11,16,0,2,1
09/30/2012 05:43:00,274,11,16,0,2,1
09/30/2012 05:44:00,274,11,15,0,2,1
09/30/2012 05:45:00,274,11,15,0,2,1
09/30/2012 05:46:00,274,11,15,0,2,1
09/30/2012 05:47:00,274,10,15,0,2,1
09/30/2012 05:48:00,274,11,14,0,1,1
09/30/2012 05:49:00,274,10,14,0,1,1
09/30/2012 05:50:00,274,11,15,0,1,1
09/30/2012 05:51:00,274,11,14,0,2,1
09/30/2012 05:52:00,274,11,15,0,1,1
09/30/2012 05:53:00,274,11,14,0,1,1
09/30/2012 05:54:00,274,11,13,0,1,1
09/30/2012 05:55:00,274,12,13,0,1,1
09/30/2012 05:56:00,274,12,13,0,1,1
09/30/2012 05:57:00,274,11,14,0,1,1
09/30/2012 05:58:00,274,11,14,0,1,1
09/30/2012 05:59:00,274,11,14,0,1,1
09/30/2012 06:00:00,274,11,14,0,1,1
09/30/2012 06:01:00,274,12,14,0,1,1
09/30/2012 06:02:00,274,11,13,0,1,1
09/30/2012 06:03:00,274,11,13,0,0,1
09/30/2012 06:04:00,274,11,13,0,1,1
09/30/2012 06:05:00,274,11,13,0,1,1
09/30/2012 06:06:00,274,10,13,0,1,1
09/30/2012 06:07:00,274,10,13,1,1,1
09/30/2012 06:08:00,274,10,13,0,1,1
09/30/2012 06:09:00,274,10,12,1,1,1
09/30/2012 06:10:00,274,10,12,1,1,1
09/30/2012 06:11:00,274,10,12,1,1,1
09/30/2012 06:12:00,274,10,12,1,1,1
09/30/2012 06:13:00,274,10,12,1,1,1
09/30/2012 06:14:00,274,10,12,1,1,1
09/30/2012 06:15:00,274,10,11,1,1,1
09/30/2012 06:16:00,274,10,10,1,0,1
09/30/2012 06:17:00,274,9,11,1,0,1
09/30/2012 06:18:00,274,10,10,1,1,1
09/30/2012 06:19:00,274,10,9,1,0,1
09/30/2012 06:20:00,274,10,9,1,0,1
09/30/2012 06:21:00,274,10,9,1,1,1
09/30/2012 06:22:00,274,11,8,1,0,1
09/30/2012 06:23:00,274,11,9,1,0,1
09/30/2012 06:24:00,274,10,9,1,0,1
09/30/2012 06:25:00,274,11,8,1,0,1
09/30/2012 06:26:00,274,10,7,1,0,1
09/30/2012 06:27:00,274,11,7,1,0,1
09/30/2012 06:28:00,274,11,7,1,0,1
09/30/2012 06:29:00,274,11,8,1,0,1
09/30/2012 06:30:00,274,10,8,1,0,1
09/30/2012 06:31:00,274,11,9,1,-1,1
09/30/2012 06:32:00,274,10,9,1,-1,1
09/30/2012 06:33:00,274,11,9,1,-1,1
09/30/2012 06:34:00,274,10,8,1,-1,1
09/30/2012 06:35:00,274,11,8,1,-1,1
09/30/2012 06:36:00,274,10,9,1,-1,1
09/30/2012 06:37:00,274,11,9,1,-1,1
09/30/2012 06:38:00,274,10,9,1,-1,1
09/30/2012 06:39:00,274,11,9,1,-1,1
09/30/2012 06:40:00,274,10,9,1,-1,1
09/30/2012 06:41:00,274,11,9,1,-1,1
09/30/2012 06:42:00,274,11,9,1,-1,1
09/30/2012 06:43:00,274,11,8,1,-1,1
09/30/2012 06:44:00,274,10,8,1,-1,1
09/30/2012 06:45:00,274,10,8,1,-1,1
09/30/2012 06:46:00,274,10,9,0,-1,1
09/30/2012 06:47:00,274,11,9,0,-1,1
09/30/2012 06:48:00,274,10,9,0,-1,1
09/30/2012 06:49:00,274,11,9,1,-1,1
09/30/2012 06:50:00,274,10,9,1,-2,1
09/30/2012 06:51:00,274,10,9,1,-1,1
09/30/2012 06:52:00,274,10,9,1,-1,1
09/30/2012 06:53:00,274,10,8,1,-1,1
09/30/2012 06:54:00,274,9,8,0,-1,1
09/30/2012 06:55:00,274,10,8,1,-1,1
09/30/2012 06:56:00,274,10,8,0,-1,1
09/30/2012 06:57:00,274,9,9,0,-1,1
09/30/2012 06:58:00,274,9,8,0,-1,1
09/30/2012 06:59:00,274,9,8,0,-1,1
09/30/2012 07:00:00,274,9,7,0,-1,1
09/30/2012 07:01:00,274,9,8,0,-1,1
09/30/2012 07:02:00,274,9,8,0,-1,1
09/30/2012 07:03:00,274,9,8,0,-1,1
09/30/2012 07:04:00,274,9,9,0,-1,1
09/30/2012 07:05:00,274,9,9,0,-1,1
09/30/2012 07:06:00,274,9,9,0,-1,1
09/30/2012 07:07:00,274,8,9,0,-2,1
09/30/2012 07:08:00,274,9,8,0,-2,1
09/30/2012 07:09:00,274,8,9,0,-1,1
09/30/2012 07:10:00,274,9,9,0,-1,1
09/30/2012 07:11:00,274,9,9,0,-2,1
09/30/2012 07:12:00,274,8,9,0,-2,1
09/30/2012 07:13:00,274,8,8,0,-1,1
09/30/2012 07:14:00,274,9,9,0,-1,1
09/30/2012 07:15:00,274,9,9,0,-1,1
09/30/2012 07:16:00,274,9,9,0,-1,1
09/30/2012 07:17:00,274,9,8,0,0,1
09/30/2012 07:18:00,274,4,8,-2,0,1
09/30/2012 07:19:00,274,3,10,-2,0,1
09/30/2012 07:20:00,274,4,10,-2,0,1
09/30/2012 07:21:00,274,4,10,-1,0,1
09/30/2012 07:22:00,274,4,10,-2,0,1
09/30/2012 07:23:00,274,4,10,-2,0,1
09/30/2012 07:24:00,274,5,11,-2,0,1
09/30/2012 07:25:00,274,5,10,-2,0,1
09/30/2012 07:26:00,274,5,10,-2,0,1
09/30/2012 07:27:00,274,5,11,-2,0,1
09/30/2012 07:28:00,274,5,11,-2,0,1
09/30/2012 07:29:00,274,5,11,-2,0,1
09/30/2012 07:30:00,274,5,11,-2,0,1
09/30/2012 07:31:00,274,5,11,-2,0,1
09/30/2012 07:32:00,274,5,11,-2,0,1
09/30/2012 07:33:00,274,5,11,-2,0,1
09/30/2012 07:34:00,274,5,12,-2,0,1
09/30/2012 07:35:00,274,5,12,-2,0,1
09/30/2012 07:36:00,274,5,12,-2,0,1
09/30/2012 07:37:00,274,5,12,-2,0,1
09/30/2012 07:38:00,274,5,12,-2,0,1
09/30/2012 07:39:00,274,5,13,-2,-1,1
09/30/2012 07:40:00,274,5,13,-2,-1,1
09/30/2012 07:41:00,274,6,13,-2,-1,1
09/30/2012 07:42:00,274,6,13,-2,-1,1
09/30/2012 07:43:00,274,6,12,-2,-1,1
09/30/2012 07:44:00,274,6,12,-2,0,1
09/30/2012 07:45:00,274,6,12,-2,0,1
09/30/2012 07:46:00,274,6,12,-2,0,1
09/30/2012 07:47:00,274,6,12,-2,0,1
09/30/2012 07:48:00,274,6,12,-2,0,1
09/30/2012 07:49:00,274,6,12,-2,-1,1
09/30/2012 07:50:00,274,6,13,-2,0,1
09/30/2012 07:51:00,274,6,13,-2,-1,1
09/30/2012 07:52:00,274,6,13,-2,-1,1
09/30/2012 07:53:00,274,7,12,-2,0,1
09/30/2012 07:54:00,274,7,12,-2,1,1
09/30/2012 07:55:00,274,7,12,-2,1,1
09/30/2012 07:56:00,274,7,12,-2,2,1
09/30/2012 07:57:00,274,7,11,-2,2,1
09/30/2012 07:58:00,274,7,11,-2,2,1
09/30/2012 07:59:00,274,6,11,-2,2,1
09/30/2012 08:00:00,274,6,12,-2,2,1
09/30/2012 08:01:00,274,6,12,-2,2,1
09/30/2012 08:02:00,274,7,12,-2,2,1
09/30/2012 08:03:00,274,7,12,-2,1,1
09/30/2012 08:04:00,274,7,13,-2,1,1
09/30/2012 08:05:00,274,7,13,-2,1,1
09/30/2012 08:06:00,274,6,13,-2,1,1
09/30/2012 08:07:00,274,6,13,-2,1,1
09/30/2012 08:08:00,274,6,14,-2,1,1
09/30/2012 08:09:00,274,6,13,-2,1,1
09/30/2012 08:10:00,274,6,13,-2,1,1
09/30/2012 08:11:00,274,5,13,-2,1,1
09/30/2012 08:12:00,274,5,13,-2,1,1
09/30/2012 08:13:00,274,5,13,-2,1,1
09/30/2012 08:14:00,274,5,13,-2,1,1
09/30/2012 08:15:00,274,6,13,-2,0,1
09/30/2012 08:16:00,274,7,14,-2,0,1
09/30/2012 08:17:00,274,8,14,-2,0,1
09/30/2012 08:18:00,274,8,14,-2,0,1
09/30/2012 08:19:00,274,10,14,-1,-1,1
09/30/2012 08:20:00,274,11,13,-1,0,1
09/30/2012 08:21:00,274,9,13,-2,0,1
09/30/2012 08:22:00,274,9,13,-2,0,1
09/30/2012 08:23:00,274,8,12,-2,1,1
09/30/2012 08:24:00,274,6,14,-2,1,1
09/30/2012 08:25:00,274,6,14,-2,1,1
09/30/2012 08:26:00,274,8,14,-2,0,1
09/30/2012 08:27:00,274,9,14,-2,-1,1
09/30/2012 08:28:00,274,9,13,-1,-1,1
09/30/2012 08:29:00,274,10,13,-1,-1,1
09/30/2012 08:30:00,274,10,13,-1,-1,1
09/30/2012 08:31:00,274,10,13,-2,-1,1
09/30/2012 08:32:00,274,10,13,-1,-2,1
09/30/2012 08:33:00,274,10,13,-1,-2,1
09/30/2012 08:34:00,274,9,12,-1,-2,1
09/30/2012 08:35:00,274,9,12,-1,-2,1
09/30/2012 08:36:00,274,9,13,-1,-2,1
09/30/2012 08:37:00,274,9,12,-1,-2,1
09/30/2012 08:38:00,274,9,12,-1,-2,1
09/30/2012 08:39:00,274,9,12,-1,-2,1
09/30/2012 08:40:00,274,9,11,-1,-2,1
09/30/2012 08:41:00,274,8,12,-1,-3,1
09/30/2012 08:42:00,274,8,12,-1,-3,1
09/30/2012 08:43:00,274,8,12,-1,-3,1
09/30/2012 08:44:00,274,8,12,-1,-3,1
09/30/2012 08:45:00,274,8,11,-1,-3,1
09/30/2012 08:46:00,274,8,11,-1,-3,1
09/30/2012 08:47:00,274,8,11,-1,-3,1
09/30/2012 08:48:00,274,7,11,-2,-3,1
09/30/2012 08:49:00,274,8,11,-1,-3,1
09/30/2012 08:50:00,274,7,11,-1,-3,1
09/30/2012 08:51:00,274,7,10,-1,-3,1
09/30/2012 08:52:00,274,7,11,-1,-2,1
09/30/2012 08:53:00,274,7,11,-1,-2,1
09/30/2012 08:54:00,274,7,11,-1,-2,1
09/30/2012 08:55:00,274,6,10,-1,-2,1
09/30/2012 08:56:00,274,6,10,-1,-2,1
09/30/2012 08:57:00,274,6,10,-1,-2,1
09/30/2012 08:58:00,274,6,10,-1,-2,1
09/30/2012 08:59:00,274,5,11,-2,-3,1
09/30/2012 09:00:00,274,6,10,-1,-2,1
09/30/2012 09:01:00,274,5,10,-1,-2,1
09/30/2012 09:02:00,274,5,10,-1,-2,1
09/30/2012 09:03:00,274,5,10,-1,-2,1
09/30/2012 09:04:00,274,5,9,-1,-1,1
09/30/2012 09:05:00,274,5,10,-1,-1,1
09/30/2012 09:06:00,274,5,10,-1,-1,1
09/30/2012 09:07:00,274,5,10,-1,-1,1
09/30/2012 09:08:00,274,3,10,-1,0,1
09/30/2012 09:09:00,274,4,10,-1,0,1
09/30/2012 09:10:00,274,4,9,-1,-1,1
09/30/2012 09:11:00,274,5,10,-1,-1,1
09/30/2012 09:12:00,274,5,10,-1,-1,1
09/30/2012 09:13:00,274,5,9,-1,-1,1
09/30/2012 09:14:00,274,5,8,-1,-1,1
09/30/2012 09:15:00,274,5,9,-1,-1,1
09/30/2012 09:16:00,274,4,9,-1,-1,1
09/30/2012 09:17:00,274,6,10,-1,-1,1
09/30/2012 09:18:00,274,6,10,-1,-1,1
09/30/2012 09:19:00,274,6,10,-1,-1,1
09/30/2012 09:20:00,274,6,9,-1,-1,1
09/30/2012 09:21:00,274,5,9,-1,-1,1
09/30/2012 09:22:00,274,6,10,-1,-1,1
09/30/2012 09:23:00,274,7,8,-1,-1,1
09/30/2012 09:24:00,274,7,9,-1,-1,1
09/30/2012 09:25:00,274,6,9,-1,-1,1
09/30/2012 09:26:00,274,7,9,-1,-1,1
09/30/2012 09:27:00,274,7,9,-1,-1,1
09/30/2012 09:28:00,274,6,8,-1,0,1
09/30/2012 09:29:00,274,7,9,-1,0,1
09/30/2012 09:30:00,274,7,8,-1,0,1
09/30/2012 09:31:00,274,6,9,-1,0,1
09/30/2012 09:32:00,274,6,8,-1,-1,1
09/30/2012 09:33:00,274,6,8,-1,0,1
09/30/2012 09:34:00,274,6,8,-1,0,1
09/30/2012 09:35:00,274,5,7,-1,-1,1
09/30/2012 09:36:00,274,6,8,-1,0,1
09/30/2012 09:37:00,274,6,8,-1,-1,1
09/30/2012 09:38:00,274,6,7,-1,-1,1
09/30/2012 09:39:00,274,7,8,-1,-1,1
09/30/2012 09:40:00,274,7,8,0,-1,1
09/30/2012 09:41:00,274,7,8,0,-2,1
09/30/2012 09:42:00,274,6,9,0,-2,1
09/30/2012 09:43:00,274,7,9,0,-2,1
09/30/2012 09:44:00,274,6,9,0,-2,1
09/30/2012 09:45:00,274,6,9,0,-2,1
09/30/2012 09:46:00,274,6,8,0,-2,1
09/30/2012 09:47:00,274,6,7,0,-2,1
09/30/2012 09:48:00,274,7,6,0,-2,1
09/30/2012 09:49:00,274,8,6,0,-3,1
09/30/2012 09:50:00,274,8,6,0,-3,1
09/30/2012 09:51:00,274,8,6,0,-3,1
09/30/2012 09:52:00,274,7,6,0,-3,1
09/30/2012 09:53:00,274,8,5,1,-3,1
09/30/2012 09:54:00,274,8,6,1,-3,1
09/30/2012 09:55:00,274,7,6,1,-3,1
09/30/2012 09:56:00,274,7,6,1,-2,1
09/30/2012 09:57:00,274,7,7,1,-2,1
09/30/2012 09:58:00,274,7,7,1,-2,1
09/30/2012 09:59:00,274,6,6,0,-1,1
09/30/2012 10:00:00,274,5,6,0,-1,1
09/30/2012 10:01:00,274,4,7,0,-1,1
09/30/2012 10:02:00,274,4,6,0,-1,1
09/30/2012 10:03:00,274,3,6,0,0,1
09/30/2012 10:04:00,274,5,5,0,0,1
09/30/2012 10:05:00,274,5,5,0,-1,1
09/30/2012 10:06:00,274,5,6,0,-1,1
09/30/2012 10:07:00,274,5,7,0,0,1
09/30/2012 10:08:00,274,6,6,0,0,1
09/30/2012 10:09:00,274,6,6,0,0,1
09/30/2012 10:10:00,274,5,7,0,-1,1
09/30/2012 10:11:00,274,5,7,0,-1,1
09/30/2012 10:12:00,274,5,7,0,-1,1
09/30/2012 10:13:00,274,5,7,0,0,1
09/30/2012 10:14:00,274,5,7,0,0,1
09/30/2012 10:15:00,274,5,7,0,0,1
09/30/2012 10:16:00,274,6,7,0,0,1
09/30/2012 10:17:00,274,6,7,0,0,1
09/30/2012 10:18:00,274,6,7,0,0,1
09/30/2012 10:19:00,274,7,7,0,0,1
09/30/2012 10:20:00,274,7,7,1,-1,1
09/30/2012 10:21:00,274,7,6,0,0,1
09/30/2012 10:22:00,274,7,6,0,0,1
09/30/2012 10:23:00,274,6,6,0,0,1
09/30/2012 10:24:00,274,6,7,0,1,1
09/30/2012 10:25:00,274,6,6,0,0,1
09/30/2012 10:26:00,274,7,6,0,0,1
09/30/2012 10:27:00,274,6,8,0,0,1
09/30/2012 10:28:00,274,6,7,0,0,1
09/30/2012 10:29:00,274,5,8,0,0,1
09/30/2012 10:30:00,274,5,8,0,-1,1
09/30/2012 10:31:00,274,5,8,0,-1,1
09/30/2012 10:32:00,274,5,8,0,-1,1
09/30/2012 10:33:00,274,5,8,0,-1,1
09/30/2012 10:34:00,274,5,8,0,-1,1
09/30/2012 10:35:00,274,5,9,0,-1,1
09/30/2012 10:36:00,274,5,9,0,-1,1
09/30/2012 10:37:00,274,5,9,0,-1,1
09/30/2012 10:38:00,274,5,9,0,-1,1
09/30/2012 10:39:00,274,5,9,0,-1,1
09/30/2012 10:40:00,274,5,9,0,-1,1
09/30/2012 10:41:00,274,5,9,0,-1,1
09/30/2012 10:42:00,274,5,8,0,-1,1
09/30/2012 10:43:00,274,5,9,0,-1,1
09/30/2012 10:44:00,274,5,9,0,-1,1
09/30/2012 10:45:00,274,5,8,0,-1,1
09/30/2012 10:46:00,274,4,9,0,-1,1
09/30/2012 10:47:00,274,4,8,0,0,1
09/30/2012 10:48:00,274,4,9,0,0,1
09/30/2012 10:49:00,274,3,7,0,0,1
09/30/2012 10:50:00,274,3,7,0,1,1
09/30/2012 10:51:00,274,3,6,0,0,1
09/30/2012 10:52:00,274,4,6,0,1,1
09/30/2012 10:53:00,274,4,6,0,1,1
09/30/2012 10:54:00,274,5,6,0,1,1
09/30/2012 10:55:00,274,5,6,0,1,1
09/30/2012 10:56:00,274,5,5,0,2,1
09/30/2012 10:57:00,274,5,5,0,2,1
09/30/2012 10:58:00,274,5,6,1,1,1
09/30/2012 10:59:00,274,5,6,1,2,1
09/30/2012 11:00:00,274,6,6,1,3,1
09/30/2012 11:01:00,274,6,6,1,3,1
09/30/2012 11:02:00,274,6,5,0,3,1
09/30/2012 11:03:00,274,6,5,1,3,1
09/30/2012 11:04:00,274,7,5,0,3,1
09/30/2012 11:05:00,274,7,5,1,3,1
09/30/2012 11:06:00,274,7,6,1,4,1
09/30/2012 11:07:00,274,7,5,1,3,1
09/30/2012 11:08:00,274,7,5,1,4,1
09/30/2012 11:09:00,274,7,6,1,4,1
09/30/2012 11:10:00,274,8,5,1,4,1
09/30/2012 11:11:00,274,8,5,1,4,1
09/30/2012 11:12:00,274,8,5,1,4,1
09/30/2012 11:13:00,274,7,5,1,4,1
09/30/2012 11:14:00,274,8,6,1,5,1
09/30/2012 11:15:00,274,9,6,1,4,1
09/30/2012 11:16:00,274,8,6,1,4,1
09/30/2012 11:17:00,274,8,6,1,4,1
09/30/2012 11:18:00,274,9,6,1,4,1
09/30/2012 11:19:00,274,8,7,1,4,1
09/30/2012 11:20:00,274,8,7,1,4,1
09/30/2012 11:21:00,274,8,7,1,4,1
09/30/2012 11:22:00,274,7,7,1,4,1
09/30/2012 11:23:00,274,8,7,1,4,1
09/30/2012 11:24:00,274,8,6,1,4,1
09/30/2012 11:25:00,274,9,7,1,4,1
09/30/2012 11:26:00,274,9,7,1,4,1
09/30/2012 11:27:00,274,9,7,1,4,1
09/30/2012 11:28:00,274,9,6,1,3,1
09/30/2012 11:29:00,274,8,7,1,3,1
09/30/2012 11:30:00,274,8,7,1,3,1
09/30/2012 11:31:00,274,8,7,1,2,1
09/30/2012 11:32:00,274,8,7,2,4,1
09/30/2012 11:33:00,274,11,8,1,8,1
09/30/2012 11:34:00,274,13,7,1,11,1
09/30/2012 11:35:00,274,15,10,1,15,1
09/30/2012 11:36:00,274,18,11,1,16,1
09/30/2012 11:37:00,274,19,13,2,18,1
09/30/2012 11:38:00,274,22,17,2,20,1
09/30/2012 11:39:00,274,22,16,2,20,1
09/30/2012 11:40:00,274,24,18,2,20,1
09/30/2012 11:41:00,274,23,18,3,19,1
09/30/2012 11:42:00,274,25,19,3,19,1
09/30/2012 11:43:00,274,24,20,3,17,1
09/30/2012 11:44:00,274,22,16,3,17,1
09/30/2012 11:45:00,274,22,16,4,15,1
09/30/2012 11:46:00,274,21,17,4,15,1
09/30/2012 11:47:00,274,22,17,4,15,1
09/30/2012 11:48:00,274,22,15,3,14,1
09/30/2012 11:49:00,274,21,15,3,15,1
09/30/2012 11:50:00,274,21,17,3,15,1
09/30/2012 11:51:00,274,22,17,4,15,1
09/30/2012 11:52:00,274,22,17,3,15,1
09/30/2012 11:53:00,274,22,17,4,15,1
09/30/2012 11:54:00,274,24,19,4,16,1
09/30/2012 11:55:00,274,24,20,4,16,1
09/30/2012 11:56:00,274,25,20,4,16,1
09/30/2012 11:57:00,274,25,21,5,16,1
09/30/2012 11:58:00,274,28,22,5,16,1
09/30/2012 11:59:00,274,29,24,5,16,1
09/30/2012 12:00:00,274,27,23,5,16,1
09/30/2012 12:01:00,274,27,23,5,16,1
09/30/2012 12:02:00,274,28,24,5,16,1
09/30/2012 12:03:00,274,29,23,5,17,1
09/30/2012 12:04:00,274,29,23,5,17,1
09/30/2012 12:05:00,274,29,24,6,17,1
09/30/2012 12:06:00,274,29,24,6,17,1
09/30/2012 12:07:00,274,29,25,5,17,1
09/30/2012 12:08:00,274,27,24,5,16,1
09/30/2012 12:09:00,274,25,22,5,15,1
09/30/2012 12:10:00,274,22,18,5,14,1
09/30/2012 12:11:00,274,21,18,5,14,1
09/30/2012 12:12:00,274,21,16,5,14,1
09/30/2012 12:13:00,274,21,16,5,14,1
09/30/2012 12:14:00,274,21,16,5,15,1
09/30/2012 12:15:00,274,21,16,5,16,1
09/30/2012 12:16:00,274,22,17,5,16,1
09/30/2012 12:17:00,274,22,18,5,16,1
09/30/2012 12:18:00,274,21,18,4,16,1
09/30/2012 12:19:00,274,21,18,4,17,1
09/30/2012 12:20:00,274,22,17,5,17,1
09/30/2012 12:21:00,274,23,19,5,17,1
09/30/2012 12:22:00,274,23,20,5,16,1
09/30/2012 12:23:00,274,23,20,5,17,1
09/30/2012 12:24:00,274,24,20,5,16,1
09/30/2012 12:25:00,274,23,20,5,16,1
09/30/2012 12:26:00,274,22,20,5,16,1
09/30/2012 12:27:00,274,22,20,5,15,1
09/30/2012 12:28:00,274,21,20,6,15,1
09/30/2012 12:29:00,274,20,20,5,15,1
09/30/2012 12:30:00,274,20,22,5,15,1
09/30/2012 12:31:00,274,20,23,5,16,1
09/30/2012 12:32:00,274,20,23,5,16,1
09/30/2012 12:33:00,274,20,23,5,16,1
09/30/2012 12:34:00,274,20,23,5,16,1
09/30/2012 12:35:00,274,19,23,5,15,1
09/30/2012 12:36:00,274,18,22,5,15,1
09/30/2012 12:37:00,274,17,20,5,14,1
09/30/2012 12:38:00,274,15,18,5,15,1
09/30/2012 12:39:00,274,20,25,5,13,1
09/30/2012 12:40:00,274,17,20,5,13,1
09/30/2012 12:41:00,274,17,17,5,14,1
09/30/2012 12:42:00,274,14,17,5,14,1
09/30/2012 12:43:00,274,14,18,5,16,1
09/30/2012 12:44:00,274,17,21,5,16,1
09/30/2012 12:45:00,274,18,23,5,16,1
09/30/2012 12:46:00,274,21,24,6,15,1
09/30/2012 12:47:00,274,21,24,6,14,1
09/30/2012 12:48:00,274,21,24,6,13,1
09/30/2012 12:49:00,274,19,20,6,12,1
09/30/2012 12:50:00,274,15,17,6,12,1
09/30/2012 12:51:00,274,13,15,5,12,1
09/30/2012 12:52:00,274,12,16,5,12,1
09/30/2012 12:53:00,274,12,17,5,11,1
09/30/2012 12:54:00,274,12,18,4,10,1
09/30/2012 12:55:00,274,13,18,5,10,1
09/30/2012 12:56:00,274,11,17,5,10,1
09/30/2012 12:57:00,274,13,18,5,10,1
09/30/2012 12:58:00,274,13,19,4,11,1
09/30/2012 12:59:00,274,14,20,4,11,1
09/30/2012 13:00:00,274,15,20,4,11,1
09/30/2012 13:01:00,274,17,20,5,12,1
09/30/2012 13:02:00,274,18,22,5,14,1
09/30/2012 13:03:00,274,21,27,5,17,1
09/30/2012 13:04:00,274,24,31,6,17,1
09/30/2012 13:05:00,274,27,34,6,18,1
09/30/2012 13:06:00,274,27,35,7,18,1
09/30/2012 13:07:00,274,28,35,7,18,1
09/30/2012 13:08:00,274,29,34,7,17,1
09/30/2012 13:09:00,274,29,33,7,17,1
09/30/2012 13:10:00,274,27,30,7,17,1
09/30/2012 13:11:00,274,26,31,7,17,1
09/30/2012 13:12:00,274,27,31,7,16,1
09/30/2012 13:13:00,274,26,30,7,15,1
09/30/2012 13:14:00,274,27,29,7,15,1
09/30/2012 13:15:00,274,26,27,7,15,1
09/30/2012 13:16:00,274,27,29,7,15,1
09/30/2012 13:17:00,274,27,29,7,15,1
09/30/2012 13:18:00,274,27,29,8,15,1
09/30/2012 13:19:00,274,28,29,8,14,1
09/30/2012 13:20:00,274,28,29,8,14,1
09/30/2012 13:21:00,274,27,27,8,15,1
09/30/2012 13:22:00,274,25,27,8,15,1
09/30/2012 13:23:00,274,26,28,8,16,1
09/30/2012 13:24:00,274,25,27,8,16,1
09/30/2012 13:25:00,274,26,29,8,16,1
09/30/2012 13:26:00,274,27,30,9,16,1
09/30/2012 13:27:00,274,28,30,9,16,1
09/30/2012 13:28:00,274,28,30,9,16,1
09/30/2012 13:29:00,274,27,30,9,15,1
09/30/2012 13:30:00,274,26,30,10,16,1
09/30/2012 13:31:00,274,25,28,10,15,1
09/30/2012 13:32:00,274,24,29,10,14,1
09/30/2012 13:33:00,274,22,27,9,13,1
09/30/2012 13:34:00,274,20,26,9,12,1
09/30/2012 13:35:00,274,20,26,9,11,1
09/30/2012 13:36:00,274,17,22,9,10,1
09/30/2012 13:37:00,274,15,19,8,9,1
09/30/2012 13:38:00,274,12,19,8,10,1
09/30/2012 13:39:00,274,11,20,8,10,1
09/30/2012 13:40:00,274,11,19,8,11,1
09/30/2012 13:41:00,274,13,21,8,12,1
09/30/2012 13:42:00,274,14,23,8,12,1
09/30/2012 13:43:00,274,15,24,9,11,1
09/30/2012 13:44:00,274,18,25,10,10,1
09/30/2012 13:45:00,274,16,23,10,10,1
09/30/2012 13:46:00,274,15,23,10,9,1
09/30/2012 13:47:00,274,13,23,9,8,1
09/30/2012 13:48:00,274,12,22,9,7,1
09/30/2012 13:49:00,274,11,22,9,6,1
09/30/2012 13:50:00,274,10,19,8,6,1
09/30/2012 13:51:00,274,11,21,8,6,1
09/30/2012 13:52:00,274,10,22,8,6,1
09/30/2012 13:53:00,274,10,22,8,7,1
09/30/2012 13:54:00,274,11,24,9,7,1
09/30/2012 13:55:00,274,11,24,9,7,1
09/30/2012 13:56:00,274,12,25,9,7,1
09/30/2012 13:57:00,274,12,25,9,7,1
09/30/2012 13:58:00,274,12,26,9,6,1
09/30/2012 13:59:00,274,12,25,9,6,1
09/30/2012 14:00:00,274,12,26,9,6,1
09/30/2012 14:01:00,274,11,26,9,4,1
09/30/2012 14:02:00,274,8,22,8,4,1
09/30/2012 14:03:00,274,7,21,7,4,1
09/30/2012 14:04:00,274,8,23,8,3,1
09/30/2012 14:05:00,274,12,26,9,0,1
09/30/2012 14:06:00,274,8,22,7,-1,1
09/30/2012 14:07:00,274,7,17,5,-1,1
09/30/2012 14:08:00,274,6,17,6,-2,1
09/30/2012 14:09:00,274,6,17,6,-2,1
09/30/2012 14:10:00,274,8,16,4,-2,1
09/30/2012 14:11:00,274,7,16,5,-2,1
09/30/2012 14:12:00,274,6,16,6,-3,1
09/30/2012 14:13:00,274,6,17,6,-4,1
09/30/2012 14:14:00,274,6,17,6,-5,1
09/30/2012 14:15:00,274,7,16,6,-5,1
09/30/2012 14:16:00,274,6,15,6,-5,1
09/30/2012 14:17:00,274,6,16,5,-6,1
09/30/2012 14:18:00,274,7,17,5,-6,1
09/30/2012 14:19:00,274,7,16,5,-6,1
09/30/2012 14:20:00,274,7,18,5,-6,1
09/30/2012 14:21:00,274,6,18,6,-6,1
09/30/2012 14:22:00,274,7,20,7,-6,1
09/30/2012 14:23:00,274,9,22,7,-7,1
09/30/2012 14:24:00,274,11,22,8,-7,1
09/30/2012 14:25:00,274,14,22,8,-8,1
09/30/2012 14:26:00,274,17,24,8,-9,1
09/30/2012 14:27:00,274,17,24,8,-9,1
09/30/2012 14:28:00,274,17,24,7,-9,1
09/30/2012 14:29:00,274,19,24,7,-9,1
09/30/2012 14:30:00,274,20,25,8,-10,1
09/30/2012 14:31:00,274,21,26,8,-10,1
09/30/2012 14:32:00,274,23,27,8,-10,1
09/30/2012 14:33:00,274,23,27,8,-11,1
09/30/2012 14:34:00,274,23,28,8,-11,1
09/30/2012 14:35:00,274,22,29,8,-11,1
09/30/2012 14:36:00,274,21,29,8,-11,1
09/30/2012 14:37:00,274,20,31,8,-12,1
09/30/2012 14:38:00,274,20,29,7,-12,1
09/30/2012 14:39:00,274,19,30,7,-12,1
09/30/2012 14:40:00,274,20,31,8,-12,1
09/30/2012 14:41:00,274,19,32,7,-13,1
09/30/2012 14:42:00,274,19,33,7,-13,1
09/30/2012 14:43:00,274,18,32,7,-13,1
09/30/2012 14:44:00,274,18,32,7,-13,1
09/30/2012 14:45:00,274,18,33,7,-14,1
09/30/2012 14:46:00,274,18,32,7,-14,1
09/30/2012 14:47:00,274,17,30,6,-14,1
09/30/2012 14:48:00,274,15,29,6,-14,1
09/30/2012 14:49:00,274,15,28,6,-14,1
09/30/2012 14:50:00,274,15,28,6,-16,1
09/30/2012 14:51:00,274,13,25,6,-16,1
09/30/2012 14:52:00,274,14,23,6,-15,1
09/30/2012 14:53:00,274,14,22,6,-15,1
09/30/2012 14:54:00,274,15,22,6,-15,1
09/30/2012 14:55:00,274,14,23,6,-15,1
09/30/2012 14:56:00,274,16,21,6,-16,1
09/30/2012 14:57:00,274,15,19,7,-15,1
09/30/2012 14:58:00,274,16,19,7,-15,1
09/30/2012 14:59:00,274,16,19,7,-15,1
09/30/2012 15:00:00,274,16,20,7,-16,1
09/30/2012 15:01:00,274,16,21,7,-15,1
09/30/2012 15:02:00,274,16,21,7,-16,1
09/30/2012 15:03:00,274,17,20,6,-16,1
09/30/2012 15:04:00,274,18,19,6,-16,1
09/30/2012 15:05:00,274,19,20,6,-16,1
09/30/2012 15:06:00,274,20,21,6,-16,1
09/30/2012 15:07:00,274,21,22,6,-17,1
09/30/2012 15:08:00,274,22,20,6,-17,1
09/30/2012 15:09:00,274,23,20,5,-18,1
09/30/2012 15:10:00,274,24,18,5,-18,1
09/30/2012 15:11:00,274,24,16,5,-17,1
09/30/2012 15:12:00,274,25,17,5,-18,1
09/30/2012 15:13:00,274,27,18,4,-18,1
09/30/2012 15:14:00,274,28,19,4,-19,1
09/30/2012 15:15:00,274,27,19,4,-19,1
09/30/2012 15:16:00,274,28,19,4,-19,1
09/30/2012 15:17:00,274,27,19,4,-19,1
09/30/2012 15:18:00,274,27,19,5,-19,1
09/30/2012 15:19:00,274,27,20,4,-19,1
09/30/2012 15:20:00,274,26,21,5,-20,1
09/30/2012 15:21:00,274,26,21,5,-19,1
09/30/2012 15:22:00,274,26,23,5,-20,1
09/30/2012 15:23:00,274,26,24,5,-19,1
09/30/2012 15:24:00,274,26,24,6,-19,1
09/30/2012 15:25:00,274,25,24,6,-19,1
09/30/2012 15:26:00,274,25,25,6,-19,1
09/30/2012 15:27:00,274,24,25,7,-20,1
09/30/2012 15:28:00,274,26,26,7,-19,1
09/30/2012 15:29:00,274,26,26,7,-20,1
09/30/2012 15:30:00,274,27,26,8,-19,1
09/30/2012 15:31:00,274,28,26,8,-20,1
09/30/2012 15:32:00,274,29,27,8,-20,1
09/30/2012 15:33:00,274,30,26,8,-19,1
09/30/2012 15:34:00,274,31,26,8,-19,1
09/30/2012 15:35:00,274,32,27,8,-19,1
09/30/2012 15:36:00,274,32,26,8,-19,1
09/30/2012 15:37:00,274,33,25,8,-19,1
09/30/2012 15:38:00,274,34,25,8,-19,1
09/30/2012 15:39:00,274,34,25,8,-19,1
09/30/2012 15:40:00,274,35,25,8,-19,1
09/30/2012 15:41:00,274,36,25,7,-19,1
09/30/2012 15:42:00,274,36,26,7,-18,1
09/30/2012 15:43:00,274,37,26,7,-18,1
09/30/2012 15:44:00,274,38,25,7,-18,1
09/30/2012 15:45:00,274,37,24,7,-18,1
09/30/2012 15:46:00,274,38,24,7,-18,1
09/30/2012 15:47:00,274,37,23,7,-19,1
09/30/2012 15:48:00,274,37,23,7,-18,1
09/30/2012 15:49:00,274,38,22,7,-18,1
09/30/2012 15:50:00,274,38,22,7,-18,1
09/30/2012 15:51:00,274,38,22,7,-18,1
09/30/2012 15:52:00,274,38,22,7,-18,1
09/30/2012 15:53:00,274,38,21,7,-18,1
09/30/2012 15:54:00,274,38,20,7,-18,1
09/30/2012 15:55:00,274,39,20,7,-19,1
09/30/2012 15:56:00,274,39,20,6,-19,1
09/30/2012 15:57:00,274,40,19,6,-18,1
09/30/2012 15:58:00,274,41,18,6,-19,1
09/30/2012 15:59:00,274,41,18,6,-19,1
09/30/2012 16:00:00,274,43,19,6,-19,1
09/30/2012 16:01:00,274,43,19,6,-19,1
09/30/2012 16:02:00,274,44,19,5,-19,1
09/30/2012 16:03:00,274,43,19,5,-19,1
09/30/2012 16:04:00,274,43,19,5,-19,1
09/30/2012 16:05:00,274,43,18,5,-19,1
09/30/2012 16:06:00,274,43,19,6,-20,1
09/30/2012 16:07:00,274,43,20,5,-20,1
09/30/2012 16:08:00,274,43,20,5,-21,1
09/30/2012 16:09:00,274,44,19,5,-21,1
09/30/2012 16:10:00,274,44,19,4,-21,1
09/30/2012 16:11:00,274,44,19,4,-22,1
09/30/2012 16:12:00,274,45,19,4,-22,1
09/30/2012 16:13:00,274,45,18,4,-22,1
09/30/2012 16:14:00,274,45,18,4,-22,1
09/30/2012 16:15:00,274,46,18,4,-22,1
09/30/2012 16:16:00,274,45,19,4,-22,1
09/30/2012 16:17:00,274,45,18,4,-23,1
09/30/2012 16:18:00,274,46,18,3,-23,1
09/30/2012 16:19:00,274,46,18,3,-23,1
09/30/2012 16:20:00,274,47,19,4,-23,1
09/30/2012 16:21:00,274,46,18,3,-23,1
09/30/2012 16:22:00,274,46,18,3,-23,1
09/30/2012 16:23:00,274,46,18,4,-23,1
09/30/2012 16:24:00,274,46,18,4,-23,1
09/30/2012 16:25:00,274,45,18,4,-23,1
09/30/2012 16:26:00,274,45,17,4,-23,1
09/30/2012 16:27:00,274,46,17,4,-23,1
09/30/2012 16:28:00,274,44,16,4,-24,1
09/30/2012 16:29:00,274,44,16,4,-24,1
09/30/2012 16:30:00,274,44,16,4,-24,1
09/30/2012 16:31:00,274,44,16,4,-25,1
09/30/2012 16:32:00,274,44,16,4,-25,1
09/30/2012 16:33:00,274,44,16,4,-26,1
09/30/2012 16:34:00,274,43,16,4,-26,1
09/30/2012 16:35:00,274,44,16,4,-26,1
09/30/2012 16:36:00,274,45,15,4,-26,1
09/30/2012 16:37:00,274,45,15,4,-27,1
09/30/2012 16:38:00,274,45,16,4,-27,1
09/30/2012 16:39:00,274,45,15,4,-28,1
09/30/2012 16:40:00,274,45,15,3,-28,1
09/30/2012 16:41:00,274,45,16,3,-28,1
09/30/2012 16:42:00,274,45,16,3,-28,1
09/30/2012 16:43:00,274,45,18,3,-28,1
09/30/2012 16:44:00,274,44,22,3,-28,1
09/30/2012 16:45:00,274,45,24,3,-28,1
09/30/2012 16:46:00,274,45,27,2,-27,1
09/30/2012 16:47:00,274,45,30,2,-26,1
09/30/2012 16:48:00,274,45,33,2,-26,1
09/30/2012 16:49:00,274,46,35,2,-26,1
09/30/2012 16:50:00,274,46,37,2,-26,1
09/30/2012 16:51:00,274,46,39,2,-26,1
09/30/2012 16:52:00,274,48,41,2,-25,1
09/30/2012 16:53:00,274,47,43,2,-25,1
09/30/2012 16:54:00,274,48,45,2,-25,1
09/30/2012 16:55:00,274,51,46,2,-25,1
09/30/2012 16:56:00,274,52,48,1,-25,1
09/30/2012 16:57:00,274,53,49,1,-25,1
09/30/2012 16:58:00,274,53,50,1,-25,1
09/30/2012 16:59:00,274,54,51,1,-25,1
09/30/2012 17:00:00,274,54,51,1,-24,1
09/30/2012 17:01:00,274,55,51,1,-24,1
09/30/2012 17:02:00,274,57,53,1,-24,1
09/30/2012 17:03:00,274,58,54,0,-24,1
09/30/2012 17:04:00,274,59,54,0,-24,1
09/30/2012 17:05:00,274,60,55,0,-24,1
09/30/2012 17:06:00,274,61,54,0,-24,1
09/30/2012 17:07:00,274,61,54,0,-23,1
09/30/2012 17:08:00,274,61,54,0,-23,1
09/30/2012 17:09:00,274,61,54,0,-23,1
09/30/2012 17:10:00,274,61,54,0,-23,1
09/30/2012 17:11:00,274,62,54,0,-22,1
09/30/2012 17:12:00,274,62,54,-1,-22,1
09/30/2012 17:13:00,274,62,54,-1,-22,1
09/30/2012 17:14:00,274,63,54,-1,-22,1
09/30/2012 17:15:00,274,64,55,-1,-22,1
09/30/2012 17:16:00,274,63,54,-1,-21,1
09/30/2012 17:17:00,274,64,54,-1,-21,1
09/30/2012 17:18:00,274,63,53,-1,-21,1
09/30/2012 17:19:00,274,64,52,-2,-21,1
09/30/2012 17:20:00,274,64,52,-2,-21,1
09/30/2012 17:21:00,274,63,51,-2,-21,1
09/30/2012 17:22:00,274,64,50,-2,-22,1
09/30/2012 17:23:00,274,64,51,-2,-22,1
09/30/2012 17:24:00,274,64,49,-2,-21,1
09/30/2012 17:25:00,274,64,49,-2,-21,1
09/30/2012 17:26:00,274,64,48,-2,-21,1
09/30/2012 17:27:00,274,64,49,-2,-21,1
09/30/2012 17:28:00,274,65,49,-2,-21,1
09/30/2012 17:29:00,274,64,48,-2,-21,1
09/30/2012 17:30:00,274,65,48,-2,-21,1
09/30/2012 17:31:00,274,64,48,-2,-20,1
09/30/2012 17:32:00,274,64,47,-2,-21,1
09/30/2012 17:33:00,274,64,46,-2,-21,1
09/30/2012 17:34:00,274,63,45,-2,-21,1
09/30/2012 17:35:00,274,63,45,-2,-21,1
09/30/2012 17:36:00,274,64,44,-2,-21,1
09/30/2012 17:37:00,274,64,45,-2,-21,1
09/30/2012 17:38:00,274,64,45,-2,-22,1
09/30/2012 17:39:00,274,64,44,-2,-22,1
09/30/2012 17:40:00,274,63,43,-2,-23,1
09/30/2012 17:41:00,274,63,42,-3,-23,1
09/30/2012 17:42:00,274,63,41,-3,-23,1
09/30/2012 17:43:00,274,63,41,-3,-24,1
09/30/2012 17:44:00,274,64,40,-3,-24,1
09/30/2012 17:45:00,274,64,39,-3,-24,1
09/30/2012 17:46:00,274,63,39,-4,-25,1
09/30/2012 17:47:00,274,63,38,-4,-25,1
09/30/2012 17:48:00,274,63,38,-4,-25,1
09/30/2012 17:49:00,274,64,37,-3,-26,1
09/30/2012 17:50:00,274,63,37,-4,-25,1
09/30/2012 17:51:00,274,62,37,-3,-25,1
09/30/2012 17:52:00,274,61,35,-4,-25,1
09/30/2012 17:53:00,274,61,35,-4,-26,1
09/30/2012 17:54:00,274,62,35,-4,-26,1
09/30/2012 17:55:00,274,61,34,-4,-26,1
09/30/2012 17:56:00,274,61,33,-4,-26,1
09/30/2012 17:57:00,274,61,32,-4,-26,1
09/30/2012 17:58:00,274,61,33,-4,-26,1
09/30/2012 17:59:00,274,60,32,-4,-27,1
09/30/2012 18:00:00,274,60,32,-4,-27,1
09/30/2012 18:01:00,274,60,31,-3,-27,1
09/30/2012 18:02:00,274,59,30,-3,-27,1
09/30/2012 18:03:00,274,58,31,-3,-27,1
09/30/2012 18:04:00,274,57,31,-3,-26,1
09/30/2012 18:05:00,274,56,30,-3,-26,1
09/30/2012 18:06:00,274,56,30,-3,-27,1
09/30/2012 18:07:00,274,56,29,-3,-26,1
09/30/2012 18:08:00,274,54,29,-3,-27,1
09/30/2012 18:09:00,274,53,28,-3,-27,1
09/30/2012 18:10:00,274,52,29,-3,-27,1
09/30/2012 18:11:00,274,52,31,-2,-26,1
09/30/2012 18:12:00,274,52,30,-2,-26,1
09/30/2012 18:13:00,274,51,29,-2,-27,1
09/30/2012 18:14:00,274,51,29,-2,-27,1
09/30/2012 18:15:00,274,52,31,-2,-26,1
09/30/2012 18:16:00,274,49,30,-2,-26,1
09/30/2012 18:17:00,274,49,28,-2,-27,1
09/30/2012 18:18:00,274,48,29,-2,-27,1
09/30/2012 18:19:00,274,49,29,-2,-27,1
09/30/2012 18:20:00,274,47,28,-2,-28,1
09/30/2012 18:21:00,274,47,28,-2,-28,1
09/30/2012 18:22:00,274,47,27,-2,-29,1
09/30/2012 18:23:00,274,47,27,-2,-29,1
09/30/2012 18:24:00,274,47,27,-3,-29,1
09/30/2012 18:25:00,274,46,26,-3,-30,1
09/30/2012 18:26:00,274,47,25,-3,-30,1
09/30/2012 18:27:00,274,46,25,-3,-30,1
09/30/2012 18:28:00,274,46,24,-3,-31,1
09/30/2012 18:29:00,274,45,25,-3,-31,1
09/30/2012 18:30:00,274,45,25,-3,-31,1
09/30/2012 18:31:00,274,46,25,-3,-31,1
09/30/2012 18:32:00,274,46,25,-3,-31,1
09/30/2012 18:33:00,274,45,26,-3,-31,1
09/30/2012 18:34:00,274,44,26,-3,-31,1
09/30/2012 18:35:00,274,44,26,-3,-31,1
09/30/2012 18:36:00,274,44,25,-3,-31,1
09/30/2012 18:37:00,274,42,25,-3,-31,1
09/30/2012 18:38:00,274,42,25,-3,-32,1
09/30/2012 18:39:00,274,42,26,-3,-32,1
09/30/2012 18:40:00,274,41,25,-3,-32,1
09/30/2012 18:41:00,274,42,26,-3,-32,1
09/30/2012 18:42:00,274,41,27,-3,-32,1
09/30/2012 18:43:00,274,40,25,-3,-32,1
09/30/2012 18:44:00,274,41,27,-3,-32,1
09/30/2012 18:45:00,274,39,27,-3,-32,1
09/30/2012 18:46:00,274,39,28,-3,-32,1
09/30/2012 18:47:00,274,38,29,-3,-32,1
09/30/2012 18:48:00,274,36,29,-3,-32,1
09/30/2012 18:49:00,274,37,27,-3,-33,1
09/30/2012 18:50:00,274,37,28,-3,-33,1
09/30/2012 18:51:00,274,37,28,-3,-33,1
09/30/2012 18:52:00,274,36,27,-3,-33,1
09/30/2012 18:53:00,274,35,27,-3,-33,1
09/30/2012 18:54:00,274,36,28,-2,-33,1
09/30/2012 18:55:00,274,36,29,-2,-33,1
09/30/2012 18:56:00,274,35,28,-3,-33,1
09/30/2012 18:57:00,274,35,29,-3,-32,1
09/30/2012 18:58:00,274,35,29,-3,-33,1
09/30/2012 18:59:00,274,34,28,-3,-33,1
09/30/2012 19:00:00,274,35,29,-3,-33,1
09/30/2012 19:01:00,274,35,30,-3,-33,1
09/30/2012 19:02:00,274,36,30,-3,-32,1
09/30/2012 19:03:00,274,36,31,-3,-32,1
09/30/2012 19:04:00,274,36,32,-3,-31,1
09/30/2012 19:05:00,274,36,31,-3,-32,1
09/30/2012 19:06:00,274,37,33,-3,-32,1
09/30/2012 19:07:00,274,37,32,-3,-31,1
09/30/2012 19:08:00,274,36,32,-3,-32,1
09/30/2012 19:09:00,274,36,32,-3,-32,1
09/30/2012 19:10:00,274,36,32,-3,-32,1
09/30/2012 19:11:00,274,35,33,-3,-32,1
09/30/2012 19:12:00,274,36,34,-3,-31,1
09/30/2012 19:13:00,274,37,35,-3,-31,1
09/30/2012 19:14:00,274,36,35,-3,-31,1
09/30/2012 19:15:00,274,37,35,-3,-31,1
09/30/2012 19:16:00,274,36,35,-3,-31,1
09/30/2012 19:17:00,274,36,36,-4,-31,1
09/30/2012 19:18:00,274,35,36,-4,-31,1
09/30/2012 19:19:00,274,35,35,-4,-31,1
09/30/2012 19:20:00,274,35,34,-4,-31,1
09/30/2012 19:21:00,274,35,34,-4,-31,1
09/30/2012 19:22:00,274,34,35,-4,-31,1
09/30/2012 19:23:00,274,34,36,-4,-31,1
09/30/2012 19:24:00,274,34,36,-4,-31,1
09/30/2012 19:25:00,274,33,36,-4,-32,1
09/30/2012 19:26:00,274,33,35,-4,-32,1
09/30/2012 19:27:00,274,32,34,-4,-32,1
09/30/2012 19:28:00,274,32,34,-4,-33,1
09/30/2012 19:29:00,274,31,34,-4,-33,1
09/30/2012 19:30:00,274,31,34,-4,-33,1
09/30/2012 19:31:00,274,31,33,-4,-33,1
09/30/2012 19:32:00,274,31,34,-4,-33,1
09/30/2012 19:33:00,274,31,34,-4,-34,1
09/30/2012 19:34:00,274,31,33,-4,-34,1
09/30/2012 19:35:00,274,30,33,-5,-33,1
09/30/2012 19:36:00,274,30,33,-4,-33,1
09/30/2012 19:37:00,274,30,33,-5,-33,1
09/30/2012 19:38:00,274,29,32,-5,-34,1
09/30/2012 19:39:00,274,29,34,-5,-33,1
09/30/2012 19:40:00,274,29,33,-5,-33,1
09/30/2012 19:41:00,274,30,34,-5,-33,1
09/30/2012 19:42:00,274,29,35,-5,-33,1
09/30/2012 19:43:00,274,29,34,-5,-33,1
09/30/2012 19:44:00,274,29,34,-4,-33,1
09/30/2012 19:45:00,274,28,36,-5,-33,1
09/30/2012 19:46:00,274,29,35,-4,-33,1
09/30/2012 19:47:00,274,28,35,-4,-34,1
09/30/2012 19:48:00,274,27,35,-4,-34,1
09/30/2012 19:49:00,274,27,34,-5,-34,1
09/30/2012 19:50:00,274,27,35,-5,-34,1
09/30/2012 19:51:00,274,27,34,-5,-34,1
09/30/2012 19:52:00,274,25,35,-5,-34,1
09/30/2012 19:53:00,274,25,35,-5,-35,1
09/30/2012 19:54:00,274,25,36,-5,-35,1
09/30/2012 19:55:00,274,25,36,-5,-35,1
09/30/2012 19:56:00,274,25,37,-5,-35,1
09/30/2012 19:57:00,274,25,37,-5,-36,1
09/30/2012 19:58:00,274,24,36,-5,-37,1
09/30/2012 19:59:00,274,23,35,-5,-37,1
09/30/2012 20:00:00,274,23,35,-5,-38,1
09/30/2012 20:01:00,274,22,35,-5,-38,1
09/30/2012 20:02:00,274,22,37,-5,-38,1
09/30/2012 20:03:00,274,22,37,-5,-38,1
09/30/2012 20:04:00,274,22,37,-5,-38,1
09/30/2012 20:05:00,274,22,37,-5,-39,1
09/30/2012 20:06:00,274,20,38,-5,-39,1
09/30/2012 20:07:00,274,20,39,-5,-38,1
09/30/2012 20:08:00,274,21,40,-5,-38,1
09/30/2012 20:09:00,274,20,40,-5,-38,1
09/30/2012 20:10:00,274,20,40,-5,-38,1
09/30/2012 20:11:00,274,20,41,-5,-38,1
09/30/2012 20:12:00,274,19,41,-5,-38,1
09/30/2012 20:13:00,274,20,42,-6,-37,1
09/30/2012 20:14:00,274,20,41,-6,-37,1
09/30/2012 20:15:00,274,20,42,-6,-37,1
09/30/2012 20:16:00,274,19,41,-6,-38,1
09/30/2012 20:17:00,274,18,41,-7,-37,1
09/30/2012 20:18:00,274,18,40,-7,-38,1
09/30/2012 20:19:00,274,19,41,-7,-38,1
09/30/2012 20:20:00,274,18,40,-7,-37,1
09/30/2012 20:21:00,274,19,40,-7,-37,1
09/30/2012 20:22:00,274,19,40,-7,-37,1
09/30/2012 20:23:00,274,20,41,-8,-37,1
09/30/2012 20:24:00,274,20,41,-8,-37,1
09/30/2012 20:25:00,274,21,41,-8,-37,1
09/30/2012 20:26:00,274,20,41,-8,-37,1
09/30/2012 20:27:00,274,20,40,-8,-37,1
09/30/2012 20:28:00,274,20,39,-9,-38,1
09/30/2012 20:29:00,274,20,38,-9,-38,1
09/30/2012 20:30:00,274,20,39,-8,-38,1
09/30/2012 20:31:00,274,21,38,-9,-38,1
09/30/2012 20:32:00,274,22,38,-9,-38,1
09/30/2012 20:33:00,274,22,38,-9,-38,1
09/30/2012 20:34:00,274,22,38,-9,-38,1
09/30/2012 20:35:00,274,23,37,-9,-38,1
09/30/2012 20:36:00,274,23,36,-9,-38,1
09/30/2012 20:37:00,274,23,37,-9,-38,1
09/30/2012 20:38:00,274,25,36,-9,-38,1
09/30/2012 20:39:00,274,25,36,-10,-38,1
09/30/2012 20:40:00,274,26,36,-10,-38,1
09/30/2012 20:41:00,274,26,35,-10,-38,1
09/30/2012 20:42:00,274,25,35,-10,-38,1
09/30/2012 20:43:00,274,24,34,-10,-38,1
09/30/2012 20:44:00,274,24,34,-10,-38,1
09/30/2012 20:45:00,274,24,34,-10,-38,1
09/30/2012 20:46:00,274,23,34,-10,-38,1
09/30/2012 20:47:00,274,23,34,-10,-38,1
09/30/2012 20:48:00,274,23,34,-10,-38,1
09/30/2012 20:49:00,274,22,33,-10,-39,1
09/30/2012 20:50:00,274,22,33,-10,-38,1
09/30/2012 20:51:00,274,23,33,-10,-38,1
09/30/2012 20:52:00,274,23,33,-10,-38,1
09/30/2012 20:53:00,274,23,33,-10,-38,1
09/30/2012 20:54:00,274,23,34,-10,-38,1
09/30/2012 20:55:00,274,22,33,-10,-38,1
09/30/2012 20:56:00,274,21,33,-10,-39,1
09/30/2012 20:57:00,274,20,33,-10,-39,1
09/30/2012 20:58:00,274,20,33,-10,-39,1
09/30/2012 20:59:00,274,20,33,-10,-38,1
09/30/2012 21:00:00,274,20,33,-10,-38,1
09/30/2012 21:01:00,274,21,33,-10,-38,1
09/30/2012 21:02:00,274,21,33,-10,-37,1
09/30/2012 21:03:00,274,22,33,-10,-37,1
09/30/2012 21:04:00,274,23,34,-10,-36,1
09/30/2012 21:05:00,274,23,32,-10,-36,1
09/30/2012 21:06:00,274,23,33,-10,-36,1
09/30/2012 21:07:00,274,22,31,-10,-36,1
09/30/2012 21:08:00,274,23,31,-10,-36,1
09/30/2012 21:09:00,274,22,30,-10,-35,1
09/30/2012 21:10:00,274,24,32,-10,-35,1
09/30/2012 21:11:00,274,24,30,-10,-35,1
09/30/2012 21:12:00,274,24,30,-10,-35,1
09/30/2012 21:13:00,274,24,28,-10,-35,1
09/30/2012 21:14:00,274,24,27,-10,-35,1
09/30/2012 21:15:00,274,23,27,-10,-35,1
09/30/2012 21:16:00,274,23,26,-10,-36,1
09/30/2012 21:17:00,274,21,26,-10,-36,1
09/30/2012 21:18:00,274,21,25,-10,-36,1
09/30/2012 21:19:00,274,21,25,-11,-36,1
09/30/2012 21:20:00,274,21,25,-11,-36,1
09/30/2012 21:21:00,274,21,26,-11,-36,1
09/30/2012 21:22:00,274,21,25,-11,-36,1
09/30/2012 21:23:00,274,20,25,-11,-35,1
09/30/2012 21:24:00,274,19,24,-11,-35,1
09/30/2012 21:25:00,274,20,24,-11,-35,1
09/30/2012 21:26:00,274,21,24,-11,-35,1
09/30/2012 21:27:00,274,21,25,-11,-35,1
09/30/2012 21:28:00,274,20,25,-11,-36,1
09/30/2012 21:29:00,274,20,26,-11,-35,1
09/30/2012 21:30:00,274,20,25,-11,-35,1
09/30/2012 21:31:00,274,19,24,-11,-35,1
09/30/2012 21:32:00,274,19,25,-11,-35,1
09/30/2012 21:33:00,274,18,24,-11,-35,1
09/30/2012 21:34:00,274,18,25,-11,-36,1
09/30/2012 21:35:00,274,19,23,-11,-35,1
09/30/2012 21:36:00,274,19,24,-11,-34,1
09/30/2012 21:37:00,274,19,25,-10,-34,1
09/30/2012 21:38:00,274,19,26,-11,-34,1
09/30/2012 21:39:00,274,20,28,-11,-33,1
09/30/2012 21:40:00,274,20,28,-10,-32,1
09/30/2012 21:41:00,274,21,28,-10,-32,1
09/30/2012 21:42:00,274,22,28,-10,-31,1
09/30/2012 21:43:00,274,21,29,-10,-31,1
09/30/2012 21:44:00,274,22,30,-10,-30,1
09/30/2012 21:45:00,274,22,31,-10,-30,1
09/30/2012 21:46:00,274,21,32,-10,-30,1
09/30/2012 21:47:00,274,22,32,-10,-30,1
09/30/2012 21:48:00,274,20,34,-10,-31,1
09/30/2012 21:49:00,274,19,35,-10,-31,1
09/30/2012 21:50:00,274,18,35,-9,-31,1
09/30/2012 21:51:00,274,16,35,-9,-32,1
09/30/2012 21:52:00,274,15,35,-9,-32,1
09/30/2012 21:53:00,274,14,36,-9,-33,1
09/30/2012 21:54:00,274,14,36,-9,-33,1
09/30/2012 21:55:00,274,15,34,-9,-33,1
09/30/2012 21:56:00,274,14,34,-9,-33,1
09/30/2012 21:57:00,274,14,35,-9,-34,1
09/30/2012 21:58:00,274,13,34,-9,-34,1
09/30/2012 21:59:00,274,14,33,-8,-34,1
09/30/2012 22:00:00,274,14,32,-8,-33,1
09/30/2012 22:01:00,274,14,31,-8,-34,1
09/30/2012 22:02:00,274,14,29,-8,-34,1
09/30/2012 22:03:00,274,15,28,-7,-34,1
09/30/2012 22:04:00,274,14,27,-7,-33,1
09/30/2012 22:05:00,274,14,26,-8,-34,1
09/30/2012 22:06:00,274,14,25,-8,-34,1
09/30/2012 22:07:00,274,13,25,-8,-34,1
09/30/2012 22:08:00,274,13,24,-7,-34,1
09/30/2012 22:09:00,274,13,22,-7,-34,1
09/30/2012 22:10:00,274,13,22,-7,-34,1
09/30/2012 22:11:00,274,13,22,-8,-34,1
09/30/2012 22:12:00,274,12,21,-7,-34,1
09/30/2012 22:13:00,274,11,20,-7,-33,1
09/30/2012 22:14:00,274,12,20,-8,-33,1
09/30/2012 22:15:00,274,11,20,-8,-34,1
09/30/2012 22:16:00,274,12,20,-8,-33,1
09/30/2012 22:17:00,274,12,19,-8,-33,1
09/30/2012 22:18:00,274,12,19,-8,-33,1
09/30/2012 22:19:00,274,12,19,-8,-32,1
09/30/2012 22:20:00,274,12,18,-9,-32,1
09/30/2012 22:21:00,274,12,19,-9,-32,1
09/30/2012 22:22:00,274,11,19,-9,-32,1
09/30/2012 22:23:00,274,11,19,-9,-32,1
09/30/2012 22:24:00,274,12,19,-10,-32,1
09/30/2012 22:25:00,274,11,19,-10,-32,1
09/30/2012 22:26:00,274,11,19,-10,-32,1
09/30/2012 22:27:00,274,12,20,-10,-32,1
09/30/2012 22:28:00,274,12,20,-10,-32,1
09/30/2012 22:29:00,274,12,20,-10,-32,1
09/30/2012 22:30:00,274,13,20,-10,-32,1
09/30/2012 22:31:00,274,13,20,-10,-33,1
09/30/2012 22:32:00,274,14,20,-10,-33,1
09/30/2012 22:33:00,274,14,21,-10,-32,1
09/30/2012 22:34:00,274,14,20,-11,-32,1
09/30/2012 22:35:00,274,14,20,-11,-31,1
09/30/2012 22:36:00,274,14,20,-11,-31,1
09/30/2012 22:37:00,274,15,21,-11,-32,1
09/30/2012 22:38:00,274,16,21,-11,-32,1
09/30/2012 22:39:00,274,16,21,-12,-32,1
09/30/2012 22:40:00,274,17,21,-12,-32,1
09/30/2012 22:41:00,274,18,21,-12,-32,1
09/30/2012 22:42:00,274,18,21,-12,-32,1
09/30/2012 22:43:00,274,18,21,-12,-32,1
09/30/2012 22:44:00,274,18,21,-13,-31,1
09/30/2012 22:45:00,274,18,21,-13,-32,1
09/30/2012 22:46:00,274,18,22,-13,-32,1
09/30/2012 22:47:00,274,17,22,-13,-31,1
09/30/2012 22:48:00,274,17,21,-13,-31,1
09/30/2012 22:49:00,274,19,21,-13,-32,1
09/30/2012 22:50:00,274,19,21,-13,-31,1
09/30/2012 22:51:00,274,19,21,-13,-32,1
09/30/2012 22:52:00,274,18,21,-13,-32,1
09/30/2012 22:53:00,274,18,22,-13,-31,1
09/30/2012 22:54:00,274,18,22,-13,-31,1
09/30/2012 22:55:00,274,17,22,-12,-31,1
09/30/2012 22:56:00,274,17,22,-12,-31,1
09/30/2012 22:57:00,274,17,22,-12,-31,1
09/30/2012 22:58:00,274,17,22,-12,-31,1
09/30/2012 22:59:00,274,17,22,-12,-31,1
09/30/2012 23:00:00,274,17,22,-12,-30,1
09/30/2012 23:01:00,274,17,22,-11,-30,1
09/30/2012 23:02:00,274,18,22,-11,-30,1
09/30/2012 23:03:00,274,18,22,-11,-30,1
09/30/2012 23:04:00,274,17,22,-11,-30,1
09/30/2012 23:05:00,274,18,22,-11,-29,1
09/30/2012 23:06:00,274,14,26,-12,-29,1
09/30/2012 23:07:00,274,14,24,-10,-23,1
09/30/2012 23:08:00,274,28,19,-7,-12,1
09/30/2012 23:09:00,274,40,24,-4,-8,1
09/30/2012 23:10:00,274,45,26,-3,-6,1
09/30/2012 23:11:00,274,47,25,-4,-5,1
09/30/2012 23:12:00,274,46,23,-4,-6,1
09/30/2012 23:13:00,274,45,23,-5,-7,1
09/30/2012 23:14:00,274,42,19,-6,-8,1
09/30/2012 23:15:00,274,39,19,-7,-9,1
09/30/2012 23:16:00,274,38,20,-6,-8,1
09/30/2012 23:17:00,274,38,21,-6,-9,1
09/30/2012 23:18:00,274,37,23,-6,-10,1
09/30/2012 23:19:00,274,35,24,-7,-11,1
09/30/2012 23:20:00,274,34,24,-7,-13,1
09/30/2012 23:21:00,274,29,25,-8,-14,1
09/30/2012 23:22:00,274,26,26,-8,-15,1
09/30/2012 23:23:00,274,30,27,-8,-15,1
09/30/2012 23:24:00,274,33,28,-8,-15,1
09/30/2012 23:25:00,274,31,29,-9,-16,1
09/30/2012 23:26:00,274,26,30,-10,-18,1
09/30/2012 23:27:00,274,27,31,-10,-19,1
09/30/2012 23:28:00,274,24,31,-10,-20,1
09/30/2012 23:29:00,274,22,32,-11,-21,1
09/30/2012 23:30:00,274,20,33,-11,-23,1
09/30/2012 23:31:00,274,20,32,-11,-25,1
09/30/2012 23:32:00,274,23,33,-11,-26,1
09/30/2012 23:33:00,274,23,33,-11,-26,1
09/30/2012 23:34:00,274,25,32,-11,-26,1
09/30/2012 23:35:00,274,25,32,-11,-26,1
09/30/2012 23:36:00,274,26,32,-10,-27,1
09/30/2012 23:37:00,274,27,31,-10,-28,1
09/30/2012 23:38:00,274,25,32,-11,-29,1
09/30/2012 23:39:00,274,24,34,-10,-31,1
09/30/2012 23:40:00,274,23,34,-10,-32,1
09/30/2012 23:41:00,274,24,34,-10,-34,1
09/30/2012 23:42:00,274,23,35,-10,-35,1
09/30/2012 23:43:00,274,24,34,-10,-35,1
09/30/2012 23:44:00,274,27,35,-10,-35,1
09/30/2012 23:45:00,274,29,34,-10,-35,1
09/30/2012 23:46:00,274,30,34,-9,-36,1
09/30/2012 23:47:00,274,30,34,-9,-36,1
09/30/2012 23:48:00,274,31,34,-9,-36,1
09/30/2012 23:49:00,274,31,34,-9,-36,1
09/30/2012 23:50:00,274,32,34,-9,-37,1
09/30/2012 23:51:00,274,32,34,-9,-36,1
09/30/2012 23:52:00,274,33,34,-10,-36,1
09/30/2012 23:53:00,274,34,34,-10,-36,1
09/30/2012 23:54:00,274,33,32,-10,-37,1
09/30/2012 23:55:00,274,33,32,-10,-37,1
09/30/2012 23:56:00,274,34,32,-10,-38,1
09/30/2012 23:57:00,274,34,31,-10,-37,1
09/30/2012 23:58:00,274,34,31,-10,-37,1
09/30/2012 23:59:00,274,34,31,-9,-38,1
10/01/2012 00:00:00,275,47,43,-11,-36,1
10/01/2012 00:01:00,275,44,45,-11,-38,1
10/01/2012 00:02:00,275,43,43,-11,-39,1
10/01/2012 00:03:00,275,43,44,-11,-39,1
10/01/2012 00:04:00,275,43,46,-11,-40,1
10/01/2012 00:05:00,275,43,46,-12,-41,1
10/01/2012 00:06:00,275,43,47,-12,-42,1
10/01/2012 00:07:00,275,41,47,-12,-43,1
10/01/2012 00:08:00,275,45,48,-12,-44,1
10/01/2012 00:09:00,275,40,49,-12,-47,1
10/01/2012 00:10:00,275,39,47,-12,-50,1
10/01/2012 00:11:00,275,41,47,-12,-51,1
10/01/2012 00:12:00,275,39,47,-12,-53,1
10/01/2012 00:13:00,275,37,46,-12,-54,1
10/01/2012 00:14:00,275,33,47,-12,-56,1
10/01/2012 00:15:00,275,33,47,-12,-57,1
10/01/2012 00:16:00,275,32,47,-12,-57,1
10/01/2012 00:17:00,275,32,48,-12,-59,1
10/01/2012 00:18:00,275,33,49,-12,-59,1
10/01/2012 00:19:00,275,31,50,-12,-61,1
10/01/2012 00:20:00,275,28,52,-12,-63,1
10/01/2012 00:21:00,275,26,54,-12,-65,1
10/01/2012 00:22:00,275,27,57,-12,-66,1
10/01/2012 00:23:00,275,32,59,-12,-66,1
10/01/2012 00:24:00,275,38,63,-11,-66,1
10/01/2012 00:25:00,275,39,65,-11,-66,1
10/01/2012 00:26:00,275,41,69,-10,-67,1
10/01/2012 00:27:00,275,44,70,-10,-68,1
10/01/2012 00:28:00,275,47,73,-10,-69,1
10/01/2012 00:29:00,275,48,74,-9,-69,1
10/01/2012 00:30:00,275,47,74,-9,-70,1
10/01/2012 00:31:00,275,49,74,-8,-71,1
10/01/2012 00:32:00,275,48,75,-8,-72,1
10/01/2012 00:33:00,275,51,76,-8,-71,1
10/01/2012 00:34:00,275,48,76,-8,-72,1
10/01/2012 00:35:00,275,48,77,-8,-73,1
10/01/2012 00:36:00,275,46,76,-8,-75,1
10/01/2012 00:37:00,275,46,77,-7,-76,1
10/01/2012 00:38:00,275,48,79,-7,-78,1
10/01/2012 00:39:00,275,46,79,-7,-79,1
10/01/2012 00:40:00,275,46,81,-6,-80,1
10/01/2012 00:41:00,275,44,82,-6,-81,1
10/01/2012 00:42:00,275,43,83,-6,-82,1
10/01/2012 00:43:00,275,41,83,-6,-81,1
10/01/2012 00:44:00,275,41,83,-6,-82,1
10/01/2012 00:45:00,275,39,82,-6,-82,1
10/01/2012 00:46:00,275,38,82,-6,-82,1
10/01/2012 00:47:00,275,37,82,-6,-83,1
10/01/2012 00:48:00,275,34,81,-6,-83,1
10/01/2012 00:49:00,275,34,80,-5,-83,1
10/01/2012 00:50:00,275,37,78,-4,-83,1
10/01/2012 00:51:00,275,41,79,-4,-84,1
10/01/2012 00:52:00,275,43,81,-3,-85,1
10/01/2012 00:53:00,275,45,82,-3,-85,1
10/01/2012 00:54:00,275,49,81,-2,-85,1
10/01/2012 00:55:00,275,50,84,-2,-85,1
10/01/2012 00:56:00,275,49,84,-2,-86,1
10/01/2012 00:57:00,275,46,86,-3,-87,1
10/01/2012 00:58:00,275,44,85,-4,-88,1
10/01/2012 00:59:00,275,41,85,-4,-89,1
10/01/2012 01:00:00,275,40,86,-5,-90,1
10/01/2012 01:01:00,275,40,88,-6,-91,1
10/01/2012 01:02:00,275,39,88,-6,-92,1
10/01/2012 01:03:00,275,37,88,-6,-93,1
10/01/2012 01:04:00,275,39,89,-6,-94,1
10/01/2012 01:05:00,275,38,90,-6,-94,1
10/01/2012 01:06:00,275,38,92,-6,-95,1
10/01/2012 01:07:00,275,35,94,-7,-97,1
10/01/2012 01:08:00,275,34,96,-8,-98,1
10/01/2012 01:09:00,275,35,95,-8,-99,1
10/01/2012 01:10:00,275,37,92,-8,-100,1
10/01/2012 01:11:00,275,39,91,-9,-103,1
10/01/2012 01:12:00,275,44,90,-11,-106,1
10/01/2012 01:13:00,275,50,89,-12,-108,1
10/01/2012 01:14:00,275,55,87,-13,-109,1
10/01/2012 01:15:00,275,60,85,-13,-110,1
10/01/2012 01:16:00,275,63,84,-13,-111,1
10/01/2012 01:17:00,275,63,82,-13,-111,1
10/01/2012 01:18:00,275,61,80,-13,-111,1
10/01/2012 01:19:00,275,59,79,-13,-111,1
10/01/2012 01:20:00,275,56,79,-13,-110,1
10/01/2012 01:21:00,275,53,79,-12,-110,1
10/01/2012 01:22:00,275,49,79,-13,-110,1
10/01/2012 01:23:00,275,45,79,-13,-110,1
10/01/2012 01:24:00,275,41,76,-13,-109,1
10/01/2012 01:25:00,275,40,72,-14,-106,1
10/01/2012 01:26:00,275,30,69,-14,-105,1
10/01/2012 01:27:00,275,24,64,-14,-104,1
10/01/2012 01:28:00,275,21,60,-14,-102,1
10/01/2012 01:29:00,275,22,57,-15,-101,1
10/01/2012 01:30:00,275,23,58,-15,-101,1
10/01/2012 01:31:00,275,23,61,-15,-101,1
10/01/2012 01:32:00,275,23,63,-14,-102,1
10/01/2012 01:33:00,275,23,68,-14,-104,1
10/01/2012 01:34:00,275,24,72,-13,-104,1
10/01/2012 01:35:00,275,24,74,-12,-105,1
10/01/2012 01:36:00,275,23,78,-11,-107,1
10/01/2012 01:37:00,275,20,83,-10,-108,1
10/01/2012 01:38:00,275,21,88,-9,-108,1
10/01/2012 01:39:00,275,24,93,-8,-109,1
10/01/2012 01:40:00,275,26,97,-8,-110,1
10/01/2012 01:41:00,275,28,102,-8,-111,1
10/01/2012 01:42:00,275,28,107,-7,-112,1
10/01/2012 01:43:00,275,28,110,-7,-112,1
10/01/2012 01:44:00,275,28,113,-6,-113,1
10/01/2012 01:45:00,275,29,115,-6,-113,1
10/01/2012 01:46:00,275,36,118,-5,-112,1
10/01/2012 01:47:00,275,42,123,-4,-113,1
10/01/2012 01:48:00,275,48,125,-3,-114,1
10/01/2012 01:49:00,275,54,127,-2,-114,1
10/01/2012 01:50:00,275,58,128,-2,-114,1
10/01/2012 01:51:00,275,61,130,-1,-115,1
10/01/2012 01:52:00,275,65,130,0,-116,1
10/01/2012 01:53:00,275,71,131,2,-117,1
10/01/2012 01:54:00,275,76,130,3,-118,1
10/01/2012 01:55:00,275,79,129,3,-118,1
10/01/2012 01:56:00,275,82,127,4,-119,1
10/01/2012 01:57:00,275,82,125,5,-119,1
10/01/2012 01:58:00,275,80,121,5,-119,1
10/01/2012 01:59:00,275,76,118,5,-119,1
10/01/2012 02:00:00,275,72,114,5,-120,1
10/01/2012 02:01:00,275,68,110,5,-120,1
10/01/2012 02:02:00,275,64,106,5,-121,1
10/01/2012 02:03:00,275,61,103,5,-120,1
10/01/2012 02:04:00,275,60,99,5,-121,1
10/01/2012 02:05:00,275,55,93,4,-120,1
10/01/2012 02:06:00,275,55,90,5,-118,1
10/01/2012 02:07:00,275,61,86,6,-116,1
10/01/2012 02:08:00,275,63,82,7,-113,1
10/01/2012 02:09:00,275,61,76,7,-110,1
10/01/2012 02:10:00,275,64,76,8,-109,1
10/01/2012 02:11:00,275,60,85,9,-108,1
10/01/2012 02:12:00,275,64,85,9,-107,1
10/01/2012 02:13:00,275,70,83,8,-107,1
10/01/2012 02:14:00,275,81,79,9,-106,1
10/01/2012 02:15:00,275,86,75,8,-106,1
10/01/2012 02:16:00,275,88,69,8,-106,1
10/01/2012 02:17:00,275,92,66,8,-106,1
10/01/2012 02:18:00,275,94,65,8,-107,1
10/01/2012 02:19:00,275,93,65,9,-105,1
10/01/2012 02:20:00,275,90,63,9,-103,1
10/01/2012 02:21:00,275,89,68,9,-103,1
10/01/2012 02:22:00,275,85,72,9,-102,1
10/01/2012 02:23:00,275,80,75,8,-102,1
10/01/2012 02:24:00,275,76,76,6,-102,1
10/01/2012 02:25:00,275,75,79,5,-102,1
10/01/2012 02:26:00,275,73,78,4,-103,1
10/01/2012 02:27:00,275,70,76,3,-104,1
10/01/2012 02:28:00,275,74,77,2,-104,1
10/01/2012 02:29:00,275,79,74,2,-105,1
10/01/2012 02:30:00,275,83,72,2,-106,1
10/01/2012 02:31:00,275,87,71,2,-106,1
10/01/2012 02:32:00,275,91,71,2,-107,1
10/01/2012 02:33:00,275,92,72,2,-108,1
10/01/2012 02:34:00,275,88,73,3,-109,1
10/01/2012 02:35:00,275,83,74,3,-109,1
10/01/2012 02:36:00,275,77,74,3,-110,1
10/01/2012 02:37:00,275,74,74,2,-110,1
10/01/2012 02:38:00,275,72,74,2,-111,1
10/01/2012 02:39:00,275,72,73,1,-112,1
10/01/2012 02:40:00,275,72,73,1,-113,1
10/01/2012 02:41:00,275,69,73,0,-114,1
10/01/2012 02:42:00,275,65,73,0,-115,1
10/01/2012 02:43:00,275,62,73,0,-116,1
10/01/2012 02:44:00,275,59,73,-1,-117,1
10/01/2012 02:45:00,275,57,74,-1,-119,1
10/01/2012 02:46:00,275,55,75,-1,-120,1
10/01/2012 02:47:00,275,54,75,-1,-121,1
10/01/2012 02:48:00,275,52,75,0,-121,1
10/01/2012 02:49:00,275,50,76,0,-122,1
10/01/2012 02:50:00,275,49,76,0,-122,1
10/01/2012 02:51:00,275,50,77,0,-124,1
10/01/2012 02:52:00,275,51,78,0,-125,1
10/01/2012 02:53:00,275,53,80,1,-126,1
10/01/2012 02:54:00,275,54,83,1,-127,1
10/01/2012 02:55:00,275,54,85,1,-128,1
10/01/2012 02:56:00,275,53,86,1,-128,1
10/01/2012 02:57:00,275,54,87,2,-129,1
10/01/2012 02:58:00,275,53,88,2,-130,1
10/01/2012 02:59:00,275,53,88,3,-130,1
10/01/2012 03:00:00,275,50,88,4,-131,1
10/01/2012 03:01:00,275,50,90,4,-132,1
10/01/2012 03:02:00,275,49,91,5,-133,1
10/01/2012 03:03:00,275,50,94,5,-133,1
10/01/2012 03:04:00,275,53,98,6,-134,1
10/01/2012 03:05:00,275,55,101,7,-134,1
10/01/2012 03:06:00,275,57,104,7,-134,1
10/01/2012 03:07:00,275,59,106,8,-134,1
10/01/2012 03:08:00,275,62,109,8,-135,1
10/01/2012 03:09:00,275,65,112,9,-135,1
10/01/2012 03:10:00,275,68,114,9,-136,1
10/01/2012 03:11:00,275,71,117,8,-136,1
10/01/2012 03:12:00,275,73,119,8,-136,1
10/01/2012 03:13:00,275,76,120,8,-137,1
10/01/2012 03:14:00,275,77,121,8,-137,1
10/01/2012 03:15:00,275,76,122,8,-137,1
10/01/2012 03:16:00,275,74,122,7,-137,1
10/01/2012 03:17:00,275,73,124,7,-137,1
10/01/2012 03:18:00,275,73,123,7,-137,1
10/01/2012 03:19:00,275,73,122,7,-137,1
10/01/2012 03:20:00,275,75,122,7,-136,1
10/01/2012 03:21:00,275,77,121,7,-136,1
10/01/2012 03:22:00,275,79,120,7,-136,1
10/01/2012 03:23:00,275,79,118,7,-135,1
10/01/2012 03:24:00,275,79,116,7,-135,1
10/01/2012 03:25:00,275,77,116,7,-135,1
10/01/2012 03:26:00,275,76,115,7,-135,1
10/01/2012 03:27:00,275,74,115,7,-135,1
10/01/2012 03:28:00,275,75,116,6,-135,1
10/01/2012 03:29:00,275,75,115,6,-135,1
10/01/2012 03:30:00,275,74,116,6,-135,1
10/01/2012 03:31:00,275,73,115,6,-135,1
10/01/2012 03:32:00,275,72,115,6,-135,1
10/01/2012 03:33:00,275,70,114,6,-136,1
10/01/2012 03:34:00,275,70,114,6,-136,1
10/01/2012 03:35:00,275,70,114,6,-136,1
10/01/2012 03:36:00,275,69,115,6,-136,1
10/01/2012 03:37:00,275,68,114,6,-136,1
10/01/2012 03:38:00,275,68,115,6,-136,1
10/01/2012 03:39:00,275,68,115,5,-136,1
10/01/2012 03:40:00,275,66,115,5,-136,1
10/01/2012 03:41:00,275,66,115,4,-136,1
10/01/2012 03:42:00,275,66,116,4,-136,1
10/01/2012 03:43:00,275,65,116,4,-136,1
10/01/2012 03:44:00,275,64,115,4,-136,1
10/01/2012 03:45:00,275,62,114,4,-137,1
10/01/2012 03:46:00,275,62,114,4,-136,1
10/01/2012 03:47:00,275,61,116,3,-136,1
10/01/2012 03:48:00,275,59,116,3,-136,1
10/01/2012 03:49:00,275,58,116,2,-136,1
10/01/2012 03:50:00,275,57,116,2,-136,1
10/01/2012 03:51:00,275,55,115,2,-137,1
10/01/2012 03:52:00,275,54,115,1,-138,1
10/01/2012 03:53:00,275,51,115,1,-138,1
10/01/2012 03:54:00,275,50,115,1,-138,1
10/01/2012 03:55:00,275,47,114,1,-138,1
10/01/2012 03:56:00,275,47,114,1,-138,1
10/01/2012 03:57:00,275,46,113,1,-138,1
10/01/2012 03:58:00,275,44,113,1,-138,1
10/01/2012 03:59:00,275,44,113,1,-138,1
10/01/2012 04:00:00,275,43,111,0,-138,1
10/01/2012 04:01:00,275,44,111,0,-138,1
10/01/2012 04:02:00,275,43,111,0,-137,1
10/01/2012 04:03:00,275,43,110,0,-138,1
10/01/2012 04:04:00,275,42,109,0,-138,1
10/01/2012 04:05:00,275,41,108,-1,-138,1
10/01/2012 04:06:00,275,41,108,-1,-138,1
10/01/2012 04:07:00,275,40,105,-1,-137,1
10/01/2012 04:08:00,275,39,105,-1,-137,1
10/01/2012 04:09:00,275,38,104,-1,-137,1
10/01/2012 04:10:00,275,38,104,-1,-136,1
10/01/2012 04:11:00,275,37,103,-1,-137,1
10/01/2012 04:12:00,275,36,102,-2,-136,1
10/01/2012 04:13:00,275,36,101,-1,-136,1
10/01/2012 04:14:00,275,36,100,-1,-137,1
10/01/2012 04:15:00,275,36,99,-1,-137,1
10/01/2012 04:16:00,275,36,98,-1,-137,1
10/01/2012 04:17:00,275,36,98,-1,-137,1
10/01/2012 04:18:00,275,36,97,-1,-138,1
10/01/2012 04:19:00,275,36,97,-2,-138,1
10/01/2012 04:20:00,275,35,97,-2,-138,1
10/01/2012 04:21:00,275,37,97,-2,-137,1
10/01/2012 04:22:00,275,38,97,-2,-137,1
10/01/2012 04:23:00,275,39,96,-2,-136,1
10/01/2012 04:24:00,275,44,96,-2,-135,1
10/01/2012 04:25:00,275,59,94,-2,-132,1
10/01/2012 04:26:00,275,70,92,-1,-130,1
10/01/2012 04:27:00,275,81,92,0,-127,1
10/01/2012 04:28:00,275,91,93,1,-125,1
10/01/2012 04:29:00,275,104,98,2,-122,1
10/01/2012 04:30:00,275,115,105,3,-121,1
10/01/2012 04:31:00,275,123,108,4,-119,1
10/01/2012 04:32:00,275,130,109,4,-118,1
10/01/2012 04:33:00,275,136,113,5,-117,1
10/01/2012 04:34:00,275,142,117,6,-115,1
10/01/2012 04:35:00,275,145,119,6,-114,1
10/01/2012 04:36:00,275,146,123,7,-113,1
10/01/2012 04:37:00,275,146,123,7,-112,1
10/01/2012 04:38:00,275,145,122,7,-113,1
10/01/2012 04:39:00,275,143,121,7,-113,1
10/01/2012 04:40:00,275,139,121,7,-113,1
10/01/2012 04:41:00,275,132,120,7,-112,1
10/01/2012 04:42:00,275,128,123,8,-111,1
10/01/2012 04:43:00,275,123,127,7,-110,1
10/01/2012 04:44:00,275,117,127,7,-109,1
10/01/2012 04:45:00,275,114,128,6,-109,1
10/01/2012 04:46:00,275,111,128,5,-108,1
10/01/2012 04:47:00,275,108,127,5,-108,1
10/01/2012 04:48:00,275,105,124,4,-108,1
10/01/2012 04:49:00,275,102,123,5,-108,1
10/01/2012 04:50:00,275,99,123,5,-108,1
10/01/2012 04:51:00,275,99,122,5,-108,1
10/01/2012 04:52:00,275,98,119,6,-108,1
10/01/2012 04:53:00,275,97,118,6,-108,1
10/01/2012 04:54:00,275,95,117,6,-108,1
10/01/2012 04:55:00,275,94,117,7,-108,1
10/01/2012 04:56:00,275,93,116,8,-107,1
10/01/2012 04:57:00,275,92,116,8,-107,1
10/01/2012 04:58:00,275,92,114,8,-107,1
10/01/2012 04:59:00,275,93,112,8,-107,1
10/01/2012 05:00:00,275,92,111,8,-107,1
10/01/2012 05:01:00,275,91,109,8,-106,1
10/01/2012 05:02:00,275,90,108,8,-106,1
10/01/2012 05:03:00,275,88,106,8,-106,1
10/01/2012 05:04:00,275,86,103,8,-106,1
10/01/2012 05:05:00,275,82,100,8,-107,1
10/01/2012 05:06:00,275,78,96,8,-108,1
10/01/2012 05:07:00,275,73,94,9,-108,1
10/01/2012 05:08:00,275,69,91,9,-108,1
10/01/2012 05:09:00,275,65,89,9,-109,1
10/01/2012 05:10:00,275,60,89,9,-108,1
10/01/2012 05:11:00,275,56,89,10,-108,1
10/01/2012 05:12:00,275,51,90,10,-109,1
10/01/2012 05:13:00,275,47,90,10,-108,1
10/01/2012 05:14:00,275,44,89,10,-108,1
10/01/2012 05:15:00,275,41,90,10,-108,1
10/01/2012 05:16:00,275,40,90,9,-107,1
10/01/2012 05:17:00,275,39,92,9,-107,1
10/01/2012 05:18:00,275,38,92,8,-107,1
10/01/2012 05:19:00,275,38,92,8,-107,1
10/01/2012 05:20:00,275,40,93,7,-106,1
10/01/2012 05:21:00,275,42,94,7,-105,1
10/01/2012 05:22:00,275,44,93,7,-105,1
10/01/2012 05:23:00,275,47,95,6,-104,1
10/01/2012 05:24:00,275,49,94,6,-102,1
10/01/2012 05:25:00,275,53,93,5,-102,1
10/01/2012 05:26:00,275,55,94,6,-102,1
10/01/2012 05:27:00,275,56,93,5,-101,1
10/01/2012 05:28:00,275,57,92,5,-101,1
10/01/2012 05:29:00,275,57,91,5,-101,1
10/01/2012 05:30:00,275,55,93,5,-101,1
10/01/2012 05:31:00,275,54,92,5,-100,1
10/01/2012 05:32:00,275,53,93,6,-100,1
10/01/2012 05:33:00,275,52,95,6,-100,1
10/01/2012 05:34:00,275,49,96,6,-100,1
10/01/2012 05:35:00,275,48,96,6,-100,1
10/01/2012 05:36:00,275,45,93,6,-100,1
10/01/2012 05:37:00,275,44,94,6,-100,1
10/01/2012 05:38:00,275,43,96,6,-99,1
10/01/2012 05:39:00,275,43,96,6,-99,1
10/01/2012 05:40:00,275,43,97,6,-98,1
10/01/2012 05:41:00,275,43,97,6,-98,1
10/01/2012 05:42:00,275,44,96,5,-98,1
10/01/2012 05:43:00,275,45,95,5,-98,1
10/01/2012 05:44:00,275,47,97,5,-98,1
10/01/2012 05:45:00,275,51,96,5,-99,1
10/01/2012 05:46:00,275,55,96,4,-100,1
10/01/2012 05:47:00,275,57,95,4,-101,1
10/01/2012 05:48:00,275,59,94,4,-100,1
10/01/2012 05:49:00,275,60,93,4,-101,1
10/01/2012 05:50:00,275,61,91,4,-102,1
10/01/2012 05:51:00,275,61,90,4,-102,1
10/01/2012 05:52:00,275,62,89,4,-102,1
10/01/2012 05:53:00,275,60,88,4,-102,1
10/01/2012 05:54:00,275,58,85,4,-101,1
10/01/2012 05:55:00,275,57,83,4,-101,1
10/01/2012 05:56:00,275,56,81,5,-101,1
10/01/2012 05:57:00,275,55,80,4,-101,1
10/01/2012 05:58:00,275,53,79,4,-101,1
10/01/2012 05:59:00,275,52,77,4,-100,1
10/01/2012 06:00:00,275,51,76,5,-101,1
10/01/2012 06:01:00,275,49,76,5,-102,1
10/01/2012 06:02:00,275,47,74,5,-103,1
10/01/2012 06:03:00,275,45,72,5,-103,1
10/01/2012 06:04:00,275,42,71,5,-103,1
10/01/2012 06:05:00,275,40,71,6,-103,1
10/01/2012 06:06:00,275,37,71,6,-103,1
10/01/2012 06:07:00,275,36,71,6,-103,1
10/01/2012 06:08:00,275,36,69,6,-103,1
10/01/2012 06:09:00,275,34,70,6,-103,1
10/01/2012 06:10:00,275,33,70,6,-103,1
10/01/2012 06:11:00,275,32,69,6,-103,1
10/01/2012 06:12:00,275,31,68,6,-103,1
10/01/2012 06:13:00,275,30,68,6,-103,1
10/01/2012 06:14:00,275,28,69,7,-102,1
10/01/2012 06:15:00,275,27,67,6,-102,1
10/01/2012 06:16:00,275,26,67,6,-102,1
10/01/2012 06:17:00,275,25,67,6,-102,1
10/01/2012 06:18:00,275,26,67,6,-101,1
10/01/2012 06:19:00,275,24,68,6,-101,1
10/01/2012 06:20:00,275,25,68,6,-101,1
10/01/2012 06:21:00,275,25,69,6,-101,1
10/01/2012 06:22:00,275,26,68,6,-101,1
10/01/2012 06:23:00,275,26,66,6,-100,1
10/01/2012 06:24:00,275,25,66,6,-100,1
10/01/2012 06:25:00,275,25,65,6,-99,1
10/01/2012 06:26:00,275,24,64,6,-99,1
10/01/2012 06:27:00,275,24,64,5,-99,1
10/01/2012 06:28:00,275,24,63,5,-99,1
10/01/2012 06:29:00,275,24,64,5,-99,1
10/01/2012 06:30:00,275,23,62,5,-99,1
10/01/2012 06:31:00,275,24,62,5,-99,1
10/01/2012 06:32:00,275,24,62,5,-98,1
10/01/2012 06:33:00,275,24,61,4,-98,1
10/01/2012 06:34:00,275,24,62,4,-97,1
10/01/2012 06:35:00,275,24,61,4,-97,1
10/01/2012 06:36:00,275,23,60,4,-97,1
10/01/2012 06:37:00,275,23,60,4,-97,1
10/01/2012 06:38:00,275,25,60,4,-97,1
10/01/2012 06:39:00,275,27,59,4,-97,1
10/01/2012 06:40:00,275,28,59,4,-97,1
10/01/2012 06:41:00,275,28,59,4,-96,1
10/01/2012 06:42:00,275,28,58,4,-96,1
10/01/2012 06:43:00,275,29,58,4,-96,1
10/01/2012 06:44:00,275,29,58,4,-96,1
10/01/2012 06:45:00,275,29,58,4,-97,1
10/01/2012 06:46:00,275,29,57,4,-97,1
10/01/2012 06:47:00,275,30,57,4,-97,1
10/01/2012 06:48:00,275,29,56,4,-97,1
10/01/2012 06:49:00,275,29,56,4,-97,1
10/01/2012 06:50:00,275,28,55,4,-97,1
10/01/2012 06:51:00,275,27,55,4,-97,1
10/01/2012 06:52:00,275,26,55,4,-98,1
10/01/2012 06:53:00,275,27,55,5,-98,1
10/01/2012 06:54:00,275,29,55,5,-98,1
10/01/2012 06:55:00,275,29,55,5,-98,1
10/01/2012 06:56:00,275,31,55,5,-97,1
10/01/2012 06:57:00,275,32,55,5,-97,1
10/01/2012 06:58:00,275,31,55,4,-96,1
10/01/2012 06:59:00,275,31,55,5,-96,1
10/01/2012 07:00:00,275,30,55,5,-96,1
10/01/2012 07:01:00,275,31,55,5,-96,1
10/01/2012 07:02:00,275,31,55,5,-96,1
10/01/2012 07:03:00,275,30,55,5,-95,1
10/01/2012 07:04:00,275,31,54,5,-94,1
10/01/2012 07:05:00,275,31,54,5,-93,1
10/01/2012 07:06:00,275,30,54,5,-93,1
10/01/2012 07:07:00,275,29,54,5,-93,1
10/01/2012 07:08:00,275,29,55,4,-92,1
10/01/2012 07:09:00,275,28,54,5,-93,1
10/01/2012 07:10:00,275,28,55,5,-93,1
10/01/2012 07:11:00,275,29,56,5,-93,1
10/01/2012 07:12:00,275,29,56,5,-93,1
10/01/2012 07:13:00,275,29,57,5,-93,1
10/01/2012 07:14:00,275,30,58,5,-93,1
10/01/2012 07:15:00,275,29,59,5,-93,1
10/01/2012 07:16:00,275,29,58,5,-93,1
10/01/2012 07:17:00,275,29,58,5,-93,1
10/01/2012 07:18:00,275,29,59,6,-93,1
10/01/2012 07:19:00,275,30,59,6,-93,1
10/01/2012 07:20:00,275,30,59,6,-93,1
10/01/2012 07:21:00,275,31,59,6,-93,1
10/01/2012 07:22:00,275,31,59,6,-93,1
10/01/2012 07:23:00,275,32,59,6,-93,1
10/01/2012 07:24:00,275,33,59,6,-93,1
10/01/2012 07:25:00,275,34,59,6,-94,1
10/01/2012 07:26:00,275,35,60,6,-93,1
10/01/2012 07:27:00,275,36,60,6,-93,1
10/01/2012 07:28:00,275,36,61,6,-93,1
10/01/2012 07:29:00,275,37,61,6,-93,1
10/01/2012 07:30:00,275,38,61,6,-93,1
10/01/2012 07:31:00,275,38,61,6,-93,1
10/01/2012 07:32:00,275,39,62,6,-93,1
10/01/2012 07:33:00,275,39,62,6,-94,1
10/01/2012 07:34:00,275,38,61,6,-93,1
10/01/2012 07:35:00,275,38,61,6,-93,1
10/01/2012 07:36:00,275,37,62,6,-93,1
10/01/2012 07:37:00,275,38,61,6,-93,1
10/01/2012 07:38:00,275,39,61,6,-93,1
10/01/2012 07:39:00,275,38,61,6,-92,1
10/01/2012 07:40:00,275,38,60,6,-93,1
10/01/2012 07:41:00,275,40,60,6,-93,1
10/01/2012 07:42:00,275,40,60,6,-93,1
10/01/2012 07:43:00,275,41,61,6,-92,1
10/01/2012 07:44:00,275,43,61,6,-92,1
10/01/2012 07:45:00,275,45,62,5,-93,1
10/01/2012 07:46:00,275,46,61,5,-92,1
10/01/2012 07:47:00,275,48,61,5,-92,1
10/01/2012 07:48:00,275,48,61,5,-92,1
10/01/2012 07:49:00,275,49,61,5,-92,1
10/01/2012 07:50:00,275,49,62,5,-91,1
10/01/2012 07:51:00,275,49,62,5,-91,1
10/01/2012 07:52:00,275,49,62,5,-91,1
10/01/2012 07:53:00,275,49,61,5,-92,1
10/01/2012 07:54:00,275,49,61,5,-92,1
10/01/2012 07:55:00,275,49,62,5,-92,1
10/01/2012 07:56:00,275,48,62,5,-91,1
10/01/2012 07:57:00,275,48,62,5,-90,1
10/01/2012 07:58:00,275,47,63,5,-90,1
10/01/2012 07:59:00,275,47,63,5,-90,1
10/01/2012 08:00:00,275,47,64,5,-89,1
10/01/2012 08:01:00,275,46,65,5,-89,1
10/01/2012 08:02:00,275,46,66,6,-88,1
10/01/2012 08:03:00,275,45,68,6,-89,1
10/01/2012 08:04:00,275,43,69,7,-89,1
10/01/2012 08:05:00,275,42,71,7,-88,1
10/01/2012 08:06:00,275,40,72,7,-88,1
10/01/2012 08:07:00,275,40,73,8,-89,1
10/01/2012 08:08:00,275,41,73,8,-89,1
10/01/2012 08:09:00,275,42,73,8,-90,1
10/01/2012 08:10:00,275,42,74,8,-89,1
10/01/2012 08:11:00,275,41,75,8,-89,1
10/01/2012 08:12:00,275,39,76,8,-90,1
10/01/2012 08:13:00,275,37,75,8,-91,1
10/01/2012 08:14:00,275,38,74,8,-91,1
10/01/2012 08:15:00,275,38,74,8,-91,1
10/01/2012 08:16:00,275,38,73,8,-91,1
10/01/2012 08:17:00,275,38,72,8,-92,1
10/01/2012 08:18:00,275,39,72,8,-91,1
10/01/2012 08:19:00,275,39,71,8,-91,1
10/01/2012 08:20:00,275,41,72,8,-91,1
10/01/2012 08:21:00,275,43,70,7,-91,1
10/01/2012 08:22:00,275,43,70,7,-91,1
10/01/2012 08:23:00,275,43,71,7,-91,1
10/01/2012 08:24:00,275,42,72,7,-91,1
10/01/2012 08:25:00,275,42,72,7,-91,1
10/01/2012 08:26:00,275,40,75,8,-90,1
10/01/2012 08:27:00,275,38,77,8,-90,1
10/01/2012 08:28:00,275,37,77,8,-90,1
10/01/2012 08:29:00,275,36,79,9,-91,1
10/01/2012 08:30:00,275,36,79,9,-91,1
10/01/2012 08:31:00,275,36,79,9,-90,1
10/01/2012 08:32:00,275,37,81,9,-90,1
10/01/2012 08:33:00,275,37,82,9,-90,1
10/01/2012 08:34:00,275,36,82,9,-90,1
10/01/2012 08:35:00,275,35,81,9,-90,1
10/01/2012 08:36:00,275,33,80,9,-90,1
10/01/2012 08:37:00,275,33,79,9,-90,1
10/01/2012 08:38:00,275,33,79,9,-90,1
10/01/2012 08:39:00,275,33,79,9,-90,1
10/01/2012 08:40:00,275,33,79,10,-90,1
10/01/2012 08:41:00,275,33,79,10,-90,1
10/01/2012 08:42:00,275,31,79,10,-90,1
10/01/2012 08:43:00,275,31,79,10,-88,1
10/01/2012 08:44:00,275,31,77,9,-87,1
10/01/2012 08:45:00,275,31,76,9,-86,1
10/01/2012 08:46:00,275,30,76,9,-86,1
10/01/2012 08:47:00,275,30,77,9,-86,1
10/01/2012 08:48:00,275,29,78,10,-86,1
10/01/2012 08:49:00,275,30,80,9,-86,1
10/01/2012 08:50:00,275,30,80,9,-86,1
10/01/2012 08:51:00,275,30,80,9,-86,1
10/01/2012 08:52:00,275,30,80,9,-86,1
10/01/2012 08:53:00,275,30,79,9,-87,1
10/01/2012 08:54:00,275,29,79,9,-87,1
10/01/2012 08:55:00,275,29,78,9,-87,1
10/01/2012 08:56:00,275,27,78,9,-87,1
10/01/2012 08:57:00,275,27,78,9,-87,1
10/01/2012 08:58:00,275,27,79,8,-87,1
10/01/2012 08:59:00,275,26,77,8,-86,1
10/01/2012 09:00:00,275,25,78,8,-86,1
10/01/2012 09:01:00,275,25,77,8,-86,1
10/01/2012 09:02:00,275,26,77,8,-86,1
10/01/2012 09:03:00,275,27,77,8,-85,1
10/01/2012 09:04:00,275,26,76,8,-86,1
10/01/2012 09:05:00,275,25,73,7,-86,1
10/01/2012 09:06:00,275,25,72,7,-86,1
10/01/2012 09:07:00,275,24,71,7,-86,1
10/01/2012 09:08:00,275,24,70,6,-86,1
10/01/2012 09:09:00,275,24,70,6,-86,1
10/01/2012 09:10:00,275,24,69,6,-86,1
10/01/2012 09:11:00,275,24,69,6,-86,1
10/01/2012 09:12:00,275,24,68,6,-85,1
10/01/2012 09:13:00,275,24,68,6,-85,1
10/01/2012 09:14:00,275,24,67,6,-85,1
10/01/2012 09:15:00,275,23,67,5,-84,1
10/01/2012 09:16:00,275,23,66,5,-84,1
10/01/2012 09:17:00,275,23,66,4,-84,1
10/01/2012 09:18:00,275,24,64,4,-84,1
10/01/2012 09:19:00,275,24,65,4,-84,1
10/01/2012 09:20:00,275,24,66,4,-83,1
10/01/2012 09:21:00,275,26,65,4,-82,1
10/01/2012 09:22:00,275,25,65,3,-82,1
10/01/2012 09:23:00,275,26,64,3,-82,1
10/01/2012 09:24:00,275,25,64,3,-82,1
10/01/2012 09:25:00,275,25,64,3,-82,1
10/01/2012 09:26:00,275,26,63,3,-82,1
10/01/2012 09:27:00,275,26,64,3,-82,1
10/01/2012 09:28:00,275,26,64,3,-81,1
10/01/2012 09:29:00,275,26,64,3,-81,1
10/01/2012 09:30:00,275,26,63,3,-81,1
10/01/2012 09:31:00,275,26,63,3,-81,1
10/01/2012 09:32:00,275,27,63,3,-80,1
10/01/2012 09:33:00,275,28,63,3,-80,1
10/01/2012 09:34:00,275,27,63,3,-80,1
10/01/2012 09:35:00,275,27,64,3,-80,1
10/01/2012 09:36:00,275,27,64,3,-79,1
10/01/2012 09:37:00,275,28,63,3,-80,1
10/01/2012 09:38:00,275,27,63,2,-79,1
10/01/2012 09:39:00,275,28,63,2,-79,1
10/01/2012 09:40:00,275,28,63,2,-79,1
10/01/2012 09:41:00,275,28,61,2,-79,1
10/01/2012 09:42:00,275,27,61,2,-79,1
10/01/2012 09:43:00,275,27,61,2,-79,1
10/01/2012 09:44:00,275,27,60,2,-78,1
10/01/2012 09:45:00,275,27,60,2,-78,1
10/01/2012 09:46:00,275,26,58,1,-77,1
10/01/2012 09:47:00,275,26,58,1,-77,1
10/01/2012 09:48:00,275,25,58,1,-77,1
10/01/2012 09:49:00,275,25,58,1,-77,1
10/01/2012 09:50:00,275,25,58,1,-77,1
10/01/2012 09:51:00,275,25,58,1,-77,1
10/01/2012 09:52:00,275,25,58,1,-77,1
10/01/2012 09:53:00,275,26,58,1,-77,1
10/01/2012 09:54:00,275,26,58,1,-78,1
10/01/2012 09:55:00,275,27,58,1,-78,1
10/01/2012 09:56:00,275,27,58,1,-79,1
10/01/2012 09:57:00,275,27,59,1,-79,1
10/01/2012 09:58:00,275,27,59,1,-79,1
10/01/2012 09:59:00,275,27,59,1,-79,1
10/01/2012 10:00:00,275,27,58,1,-79,1
10/01/2012 10:01:00,275,27,60,1,-79,1
10/01/2012 10:02:00,275,27,58,1,-78,1
10/01/2012 10:03:00,275,27,57,0,-78,1
10/01/2012 10:04:00,275,28,58,0,-78,1
10/01/2012 10:05:00,275,28,57,0,-78,1
10/01/2012 10:06:00,275,28,58,1,-78,1
10/01/2012 10:07:00,275,28,57,1,-78,1
10/01/2012 10:08:00,275,28,59,1,-78,1
10/01/2012 10:09:00,275,28,59,1,-78,1
10/01/2012 10:10:00,275,28,59,1,-78,1
10/01/2012 10:11:00,275,28,59,1,-78,1
10/01/2012 10:12:00,275,29,58,0,-77,1
10/01/2012 10:13:00,275,28,57,0,-77,1
10/01/2012 10:14:00,275,28,59,0,-77,1
10/01/2012 10:15:00,275,27,58,1,-78,1
10/01/2012 10:16:00,275,26,59,0,-77,1
10/01/2012 10:17:00,275,27,57,0,-76,1
10/01/2012 10:18:00,275,27,57,0,-76,1
10/01/2012 10:19:00,275,26,55,0,-75,1
10/01/2012 10:20:00,275,26,55,0,-74,1
10/01/2012 10:21:00,275,26,54,0,-74,1
10/01/2012 10:22:00,275,25,54,0,-73,1
10/01/2012 10:23:00,275,25,53,0,-73,1
10/01/2012 10:24:00,275,24,52,0,-72,1
10/01/2012 10:25:00,275,24,53,0,-72,1
10/01/2012 10:26:00,275,25,53,0,-72,1
10/01/2012 10:27:00,275,24,53,0,-71,1
10/01/2012 10:28:00,275,24,53,-1,-71,1
10/01/2012 10:29:00,275,24,53,-1,-71,1
10/01/2012 10:30:00,275,23,53,-1,-71,1
10/01/2012 10:31:00,275,22,54,-1,-71,1
10/01/2012 10:32:00,275,22,54,-1,-71,1
10/01/2012 10:33:00,275,22,54,-1,-71,1
10/01/2012 10:34:00,275,22,54,0,-71,1
10/01/2012 10:35:00,275,22,54,-1,-70,1
10/01/2012 10:36:00,275,22,54,-1,-70,1
10/01/2012 10:37:00,275,22,54,-1,-70,1
10/01/2012 10:38:00,275,22,54,0,-70,1
10/01/2012 10:39:00,275,22,53,0,-69,1
10/01/2012 10:40:00,275,22,54,0,-69,1
10/01/2012 10:41:00,275,22,54,-1,-69,1
10/01/2012 10:42:00,275,22,53,-1,-68,1
10/01/2012 10:43:00,275,21,53,0,-67,1
10/01/2012 10:44:00,275,21,54,0,-66,1
10/01/2012 10:45:00,275,20,53,0,-65,1
10/01/2012 10:46:00,275,21,51,-1,-65,1
10/01/2012 10:47:00,275,19,51,0,-65,1
10/01/2012 10:48:00,275,19,52,0,-64,1
10/01/2012 10:49:00,275,18,50,0,-63,1
10/01/2012 10:50:00,275,18,50,0,-63,1
10/01/2012 10:51:00,275,18,51,0,-64,1
10/01/2012 10:52:00,275,19,53,0,-63,1
10/01/2012 10:53:00,275,18,50,0,-63,1
10/01/2012 10:54:00,275,18,51,0,-63,1
10/01/2012 10:55:00,275,18,53,0,-63,1
10/01/2012 10:56:00,275,18,53,0,-64,1
10/01/2012 10:57:00,275,18,54,0,-64,1
10/01/2012 10:58:00,275,18,52,0,-64,1
10/01/2012 10:59:00,275,17,52,0,-64,1
10/01/2012 11:00:00,275,18,52,0,-64,1
10/01/2012 11:01:00,275,17,52,0,-64,1
10/01/2012 11:02:00,275,18,52,0,-63,1
10/01/2012 11:03:00,275,18,51,0,-63,1
10/01/2012 11:04:00,275,18,51,0,-63,1
10/01/2012 11:05:00,275,18,51,0,-62,1
10/01/2012 11:06:00,275,17,48,0,-62,1
10/01/2012 11:07:00,275,17,48,-1,-62,1
10/01/2012 11:08:00,275,16,48,-1,-62,1
10/01/2012 11:09:00,275,17,48,0,-61,1
10/01/2012 11:10:00,275,17,47,-1,-61,1
10/01/2012 11:11:00,275,16,45,-1,-61,1
10/01/2012 11:12:00,275,17,44,-1,-61,1
10/01/2012 11:13:00,275,17,45,0,-62,1
10/01/2012 11:14:00,275,17,44,0,-62,1
10/01/2012 11:15:00,275,17,44,1,-62,1
10/01/2012 11:16:00,275,17,46,1,-62,1
10/01/2012 11:17:00,275,17,45,1,-62,1
10/01/2012 11:18:00,275,18,45,0,-62,1
10/01/2012 11:19:00,275,17,45,1,-62,1
10/01/2012 11:20:00,275,18,44,0,-63,1
10/01/2012 11:21:00,275,18,47,0,-63,1
10/01/2012 11:22:00,275,18,50,1,-64,1
10/01/2012 11:23:00,275,20,49,0,-64,1
10/01/2012 11:24:00,275,20,47,0,-65,1
10/01/2012 11:25:00,275,20,48,0,-66,1
10/01/2012 11:26:00,275,21,50,0,-65,1
10/01/2012 11:27:00,275,21,49,0,-66,1
10/01/2012 11:28:00,275,21,48,0,-66,1
10/01/2012 11:29:00,275,20,47,0,-66,1
10/01/2012 11:30:00,275,19,45,-1,-66,1
10/01/2012 11:31:00,275,17,44,-1,-66,1
10/01/2012 11:32:00,275,17,44,-1,-66,1
10/01/2012 11:33:00,275,17,44,-1,-66,1
10/01/2012 11:34:00,275,17,44,-1,-65,1
10/01/2012 11:35:00,275,16,43,-1,-65,1
10/01/2012 11:36:00,275,17,41,-1,-65,1
10/01/2012 11:37:00,275,16,39,-1,-64,1
10/01/2012 11:38:00,275,16,39,-1,-64,1
10/01/2012 11:39:00,275,16,39,-1,-64,1
10/01/2012 11:40:00,275,17,38,-1,-64,1
10/01/2012 11:41:00,275,17,39,-1,-64,1
10/01/2012 11:42:00,275,17,38,-1,-63,1
10/01/2012 11:43:00,275,16,37,-1,-62,1
10/01/2012 11:44:00,275,16,37,-1,-62,1
10/01/2012 11:45:00,275,17,37,0,-62,1
10/01/2012 11:46:00,275,16,37,-1,-62,1
10/01/2012 11:47:00,275,16,37,0,-62,1
10/01/2012 11:48:00,275,16,36,0,-61,1
10/01/2012 11:49:00,275,16,36,0,-61,1
10/01/2012 11:50:00,275,16,36,0,-60,1
10/01/2012 11:51:00,275,15,34,0,-60,1
10/01/2012 11:52:00,275,16,34,-1,-60,1
10/01/2012 11:53:00,275,16,34,-1,-59,1
10/01/2012 11:54:00,275,15,34,0,-59,1
10/01/2012 11:55:00,275,15,33,-1,-59,1
10/01/2012 11:56:00,275,15,32,0,-59,1
10/01/2012 11:57:00,275,15,33,0,-59,1
10/01/2012 11:58:00,275,15,32,0,-59,1
10/01/2012 11:59:00,275,14,32,0,-59,1
10/01/2012 12:00:00,275,15,32,0,-59,1
10/01/2012 12:01:00,275,15,32,0,-59,1
10/01/2012 12:02:00,275,15,32,0,-58,1
10/01/2012 12:03:00,275,16,32,0,-58,1
10/01/2012 12:04:00,275,16,32,0,-58,1
10/01/2012 12:05:00,275,16,31,0,-57,1
10/01/2012 12:06:00,275,15,28,-1,-56,1
10/01/2012 12:07:00,275,14,27,0,-57,1
10/01/2012 12:08:00,275,13,27,0,-57,1
10/01/2012 12:09:00,275,15,27,0,-57,1
10/01/2012 12:10:00,275,15,27,0,-57,1
10/01/2012 12:11:00,275,15,27,0,-57,1
10/01/2012 12:12:00,275,15,26,-1,-57,1
10/01/2012 12:13:00,275,15,26,-1,-57,1
10/01/2012 12:14:00,275,16,27,-1,-57,1
10/01/2012 12:15:00,275,16,27,-1,-57,1
10/01/2012 12:16:00,275,16,27,-1,-57,1
10/01/2012 12:17:00,275,15,26,-1,-57,1
10/01/2012 12:18:00,275,15,25,-1,-57,1
10/01/2012 12:19:00,275,14,25,-1,-57,1
10/01/2012 12:20:00,275,15,25,-1,-57,1
10/01/2012 12:21:00,275,16,26,-1,-58,1
10/01/2012 12:22:00,275,18,27,-1,-58,1
10/01/2012 12:23:00,275,18,29,-2,-56,1
10/01/2012 12:24:00,275,14,24,-2,-56,1
10/01/2012 12:25:00,275,13,23,-1,-56,1
10/01/2012 12:26:00,275,12,22,-1,-55,1
10/01/2012 12:27:00,275,12,22,-1,-55,1
10/01/2012 12:28:00,275,12,22,0,-55,1
10/01/2012 12:29:00,275,12,23,0,-54,1
10/01/2012 12:30:00,275,13,23,0,-54,1
10/01/2012 12:31:00,275,13,24,0,-54,1
10/01/2012 12:32:00,275,14,24,0,-54,1
10/01/2012 12:33:00,275,15,25,0,-53,1
10/01/2012 12:34:00,275,15,25,0,-53,1
10/01/2012 12:35:00,275,15,24,0,-53,1
10/01/2012 12:36:00,275,15,24,0,-54,1
10/01/2012 12:37:00,275,15,24,0,-54,1
10/01/2012 12:38:00,275,18,26,0,-54,1
10/01/2012 12:39:00,275,20,29,-1,-54,1
10/01/2012 12:40:00,275,21,29,-1,-54,1
10/01/2012 12:41:00,275,22,29,-1,-55,1
10/01/2012 12:42:00,275,24,30,-1,-55,1
10/01/2012 12:43:00,275,24,30,-1,-55,1
10/01/2012 12:44:00,275,24,30,-2,-56,1
10/01/2012 12:45:00,275,24,28,-2,-55,1
10/01/2012 12:46:00,275,22,27,-2,-55,1
10/01/2012 12:47:00,275,21,25,-2,-55,1
10/01/2012 12:48:00,275,22,26,-1,-54,1
10/01/2012 12:49:00,275,21,23,-1,-54,1
10/01/2012 12:50:00,275,19,20,-1,-55,1
10/01/2012 12:51:00,275,19,19,-1,-55,1
10/01/2012 12:52:00,275,21,20,-1,-55,1
10/01/2012 12:53:00,275,22,21,-1,-55,1
10/01/2012 12:54:00,275,25,23,-2,-55,1
10/01/2012 12:55:00,275,25,23,-2,-55,1
10/01/2012 12:56:00,275,24,22,-2,-55,1
10/01/2012 12:57:00,275,24,23,-2,-55,1
10/01/2012 12:58:00,275,24,23,-2,-55,1
10/01/2012 12:59:00,275,24,21,-2,-54,1
10/01/2012 13:00:00,275,24,21,-2,-54,1
10/01/2012 13:01:00,275,24,21,-2,-54,1
10/01/2012 13:02:00,275,23,21,-2,-54,1
10/01/2012 13:03:00,275,23,20,-2,-53,1
10/01/2012 13:04:00,275,22,20,-2,-53,1
10/01/2012 13:05:00,275,21,19,-1,-54,1
10/01/2012 13:06:00,275,21,18,-1,-55,1
10/01/2012 13:07:00,275,23,18,-1,-56,1
10/01/2012 13:08:00,275,25,20,-1,-55,1
10/01/2012 13:09:00,275,28,21,-1,-55,1
10/01/2012 13:10:00,275,28,22,-1,-54,1
10/01/2012 13:11:00,275,27,21,-1,-54,1
10/01/2012 13:12:00,275,26,21,-2,-54,1
10/01/2012 13:13:00,275,26,21,-2,-54,1
10/01/2012 13:14:00,275,26,20,-2,-53,1
10/01/2012 13:15:00,275,25,20,-1,-54,1
10/01/2012 13:16:00,275,27,20,-1,-54,1
10/01/2012 13:17:00,275,27,19,0,-54,1
10/01/2012 13:18:00,275,28,19,-1,-55,1
10/01/2012 13:19:00,275,29,19,-1,-55,1
10/01/2012 13:20:00,275,30,21,-1,-55,1
10/01/2012 13:21:00,275,30,22,-1,-55,1
10/01/2012 13:22:00,275,31,23,-2,-55,1
10/01/2012 13:23:00,275,30,22,-2,-55,1
10/01/2012 13:24:00,275,30,22,-2,-55,1
10/01/2012 13:25:00,275,31,21,-2,-55,1
10/01/2012 13:26:00,275,31,21,-2,-55,1
10/01/2012 13:27:00,275,31,20,-1,-56,1
10/01/2012 13:28:00,275,31,19,-1,-56,1
10/01/2012 13:29:00,275,31,21,-2,-56,1
10/01/2012 13:30:00,275,33,21,-2,-56,1
10/01/2012 13:31:00,275,33,20,-2,-56,1
10/01/2012 13:32:00,275,33,21,-2,-56,1
10/01/2012 13:33:00,275,32,21,-2,-56,1
10/01/2012 13:34:00,275,32,20,-2,-57,1
10/01/2012 13:35:00,275,32,18,-2,-56,1
10/01/2012 13:36:00,275,32,19,-2,-57,1
10/01/2012 13:37:00,275,33,21,-2,-56,1
10/01/2012 13:38:00,275,33,21,-2,-56,1
10/01/2012 13:39:00,275,34,20,-2,-56,1
10/01/2012 13:40:00,275,34,19,-1,-56,1
10/01/2012 13:41:00,275,32,19,-1,-56,1
10/01/2012 13:42:00,275,32,18,-2,-56,1
10/01/2012 13:43:00,275,33,20,-2,-57,1
10/01/2012 13:44:00,275,33,20,-2,-57,1
10/01/2012 13:45:00,275,33,20,-2,-57,1
10/01/2012 13:46:00,275,34,20,-2,-57,1
10/01/2012 13:47:00,275,34,22,-2,-56,1
10/01/2012 13:48:00,275,34,21,-2,-55,1
10/01/2012 13:49:00,275,33,18,-1,-54,1
10/01/2012 13:50:00,275,33,16,-1,-54,1
10/01/2012 13:51:00,275,33,15,0,-54,1
10/01/2012 13:52:00,275,33,15,0,-53,1
10/01/2012 13:53:00,275,33,15,0,-54,1
10/01/2012 13:54:00,275,33,16,0,-54,1
10/01/2012 13:55:00,275,33,16,0,-54,1
10/01/2012 13:56:00,275,33,17,0,-54,1
10/01/2012 13:57:00,275,32,17,-1,-53,1
10/01/2012 13:58:00,275,33,18,0,-54,1
10/01/2012 13:59:00,275,32,17,-1,-56,1
10/01/2012 14:00:00,275,32,18,-2,-56,1
10/01/2012 14:01:00,275,30,19,-3,-57,1
10/01/2012 14:02:00,275,30,23,-4,-57,1
10/01/2012 14:03:00,275,30,25,-4,-57,1
10/01/2012 14:04:00,275,30,25,-4,-57,1
10/01/2012 14:05:00,275,30,26,-4,-57,1
10/01/2012 14:06:00,275,31,26,-4,-57,1
10/01/2012 14:07:00,275,32,24,-4,-57,1
10/01/2012 14:08:00,275,32,24,-3,-57,1
10/01/2012 14:09:00,275,33,22,-3,-57,1
10/01/2012 14:10:00,275,34,21,-3,-57,1
10/01/2012 14:11:00,275,34,22,-3,-57,1
10/01/2012 14:12:00,275,34,22,-3,-57,1
10/01/2012 14:13:00,275,34,22,-3,-57,1
10/01/2012 14:14:00,275,35,22,-2,-57,1
10/01/2012 14:15:00,275,35,22,-2,-57,1
10/01/2012 14:16:00,275,35,23,-2,-57,1
10/01/2012 14:17:00,275,35,23,-2,-57,1
10/01/2012 14:18:00,275,35,23,-2,-57,1
10/01/2012 14:19:00,275,35,21,-2,-57,1
10/01/2012 14:20:00,275,35,21,-2,-57,1
10/01/2012 14:21:00,275,35,21,-2,-57,1
10/01/2012 14:22:00,275,35,20,-2,-57,1
10/01/2012 14:23:00,275,35,20,-2,-57,1
10/01/2012 14:24:00,275,35,20,-2,-57,1
10/01/2012 14:25:00,275,35,20,-2,-56,1
10/01/2012 14:26:00,275,35,20,-2,-56,1
10/01/2012 14:27:00,275,35,20,-1,-57,1
10/01/2012 14:28:00,275,35,18,-2,-56,1
10/01/2012 14:29:00,275,35,19,-1,-57,1
10/01/2012 14:30:00,275,35,20,-2,-57,1
10/01/2012 14:31:00,275,35,20,-2,-57,1
10/01/2012 14:32:00,275,35,20,-2,-57,1
10/01/2012 14:33:00,275,35,21,-2,-57,1
10/01/2012 14:34:00,275,35,20,-2,-57,1
10/01/2012 14:35:00,275,34,20,-2,-57,1
10/01/2012 14:36:00,275,35,20,-2,-56,1
10/01/2012 14:37:00,275,35,19,-2,-57,1
10/01/2012 14:38:00,275,34,18,-2,-56,1
10/01/2012 14:39:00,275,35,20,-2,-56,1
10/01/2012 14:40:00,275,35,19,-2,-56,1
10/01/2012 14:41:00,275,35,19,-2,-56,1
10/01/2012 14:42:00,275,35,18,-2,-56,1
10/01/2012 14:43:00,275,35,18,-2,-56,1
10/01/2012 14:44:00,275,35,18,-2,-56,1
10/01/2012 14:45:00,275,35,19,-2,-56,1
10/01/2012 14:46:00,275,35,18,-2,-56,1
10/01/2012 14:47:00,275,35,18,-2,-56,1
10/01/2012 14:48:00,275,35,18,-2,-56,1
10/01/2012 14:49:00,275,35,18,-2,-56,1
10/01/2012 14:50:00,275,35,18,-2,-56,1
10/01/2012 14:51:00,275,35,17,-2,-56,1
10/01/2012 14:52:00,275,35,16,-2,-56,1
10/01/2012 14:53:00,275,35,17,-2,-56,1
10/01/2012 14:54:00,275,34,17,-2,-56,1
10/01/2012 14:55:00,275,35,17,-2,-56,1
10/01/2012 14:56:00,275,35,17,-2,-56,1
10/01/2012 14:57:00,275,35,16,-2,-55,1
10/01/2012 14:58:00,275,34,16,-2,-55,1
10/01/2012 14:59:00,275,35,16,-2,-55,1
10/01/2012 15:00:00,275,34,16,-2,-55,1
10/01/2012 15:01:00,275,34,17,-2,-55,1
10/01/2012 15:02:00,275,34,17,-2,-55,1
10/01/2012 15:03:00,275,34,17,-2,-55,1
10/01/2012 15:04:00,275,35,16,-2,-55,1
10/01/2012 15:05:00,275,33,17,-2,-55,1
10/01/2012 15:06:00,275,33,15,-2,-55,1
10/01/2012 15:07:00,275,33,16,-2,-55,1
10/01/2012 15:08:00,275,33,16,-2,-55,1
10/01/2012 15:09:00,275,34,16,-2,-55,1
10/01/2012 15:10:00,275,33,15,-3,-56,1
10/01/2012 15:11:00,275,33,15,-3,-56,1
10/01/2012 15:12:00,275,33,15,-3,-56,1
10/01/2012 15:13:00,275,33,15,-3,-56,1
10/01/2012 15:14:00,275,33,15,-3,-56,1
10/01/2012 15:15:00,275,33,16,-3,-56,1
10/01/2012 15:16:00,275,33,16,-4,-56,1
10/01/2012 15:17:00,275,32,15,-4,-55,1
10/01/2012 15:18:00,275,32,15,-4,-55,1
10/01/2012 15:19:00,275,32,15,-4,-55,1
10/01/2012 15:20:00,275,33,14,-4,-54,1
10/01/2012 15:21:00,275,34,14,-3,-54,1
10/01/2012 15:22:00,275,34,14,-3,-54,1
10/01/2012 15:23:00,275,33,14,-3,-54,1
10/01/2012 15:24:00,275,34,14,-3,-54,1
10/01/2012 15:25:00,275,34,15,-3,-54,1
10/01/2012 15:26:00,275,33,15,-3,-54,1
10/01/2012 15:27:00,275,33,15,-3,-54,1
10/01/2012 15:28:00,275,33,15,-3,-55,1
10/01/2012 15:29:00,275,34,16,-3,-54,1
10/01/2012 15:30:00,275,32,16,-3,-54,1
10/01/2012 15:31:00,275,32,16,-3,-53,1
10/01/2012 15:32:00,275,33,13,-3,-52,1
10/01/2012 15:33:00,275,34,13,-2,-52,1
10/01/2012 15:34:00,275,34,14,-2,-52,1
10/01/2012 15:35:00,275,35,14,-2,-51,1
10/01/2012 15:36:00,275,34,14,-2,-51,1
10/01/2012 15:37:00,275,34,14,-2,-50,1
10/01/2012 15:38:00,275,34,13,-2,-50,1
10/01/2012 15:39:00,275,34,13,-2,-50,1
10/01/2012 15:40:00,275,34,13,-2,-50,1
10/01/2012 15:41:00,275,34,14,-2,-49,1
10/01/2012 15:42:00,275,34,13,-2,-50,1
10/01/2012 15:43:00,275,34,14,-2,-51,1
10/01/2012 15:44:00,275,32,11,-3,-51,1
10/01/2012 15:45:00,275,32,12,-3,-51,1
10/01/2012 15:46:00,275,31,14,-3,-52,1
10/01/2012 15:47:00,275,30,15,-4,-51,1
10/01/2012 15:48:00,275,29,15,-3,-50,1
10/01/2012 15:49:00,275,29,15,-3,-50,1
10/01/2012 15:50:00,275,31,16,-3,-49,1
10/01/2012 15:51:00,275,32,16,-3,-49,1
10/01/2012 15:52:00,275,32,17,-2,-49,1
10/01/2012 15:53:00,275,32,16,-3,-48,1
10/01/2012 15:54:00,275,33,17,-3,-48,1
10/01/2012 15:55:00,275,33,18,-2,-48,1
10/01/2012 15:56:00,275,34,17,-3,-48,1
10/01/2012 15:57:00,275,33,17,-3,-48,1
10/01/2012 15:58:00,275,34,17,-3,-48,1
10/01/2012 15:59:00,275,33,17,-3,-48,1
10/01/2012 16:00:00,275,33,16,-3,-49,1
10/01/2012 16:01:00,275,33,17,-3,-48,1
10/01/2012 16:02:00,275,33,17,-3,-48,1
10/01/2012 16:03:00,275,33,17,-3,-48,1
10/01/2012 16:04:00,275,33,17,-3,-48,1
10/01/2012 16:05:00,275,32,17,-4,-48,1
10/01/2012 16:06:00,275,32,17,-3,-47,1
10/01/2012 16:07:00,275,32,18,-3,-47,1
10/01/2012 16:08:00,275,33,17,-3,-47,1
10/01/2012 16:09:00,275,33,17,-3,-47,1
10/01/2012 16:10:00,275,34,17,-3,-47,1
10/01/2012 16:11:00,275,35,17,-3,-47,1
10/01/2012 16:12:00,275,34,17,-3,-47,1
10/01/2012 16:13:00,275,34,16,-3,-47,1
10/01/2012 16:14:00,275,33,16,-3,-47,1
10/01/2012 16:15:00,275,33,16,-4,-47,1
10/01/2012 16:16:00,275,33,16,-4,-47,1
10/01/2012 16:17:00,275,33,17,-4,-47,1
10/01/2012 16:18:00,275,33,17,-4,-47,1
10/01/2012 16:19:00,275,33,18,-4,-46,1
10/01/2012 16:20:00,275,32,19,-4,-46,1
10/01/2012 16:21:00,275,33,19,-3,-46,1
10/01/2012 16:22:00,275,33,19,-3,-45,1
10/01/2012 16:23:00,275,33,19,-3,-45,1
10/01/2012 16:24:00,275,34,21,-3,-45,1
10/01/2012 16:25:00,275,34,20,-3,-46,1
10/01/2012 16:26:00,275,34,17,-3,-46,1
10/01/2012 16:27:00,275,33,17,-3,-46,1
10/01/2012 16:28:00,275,33,18,-3,-46,1
10/01/2012 16:29:00,275,34,17,-3,-46,1
10/01/2012 16:30:00,275,33,17,-4,-46,1
10/01/2012 16:31:00,275,33,19,-3,-45,1
10/01/2012 16:32:00,275,34,19,-3,-45,1
10/01/2012 16:33:00,275,33,20,-3,-45,1
10/01/2012 16:34:00,275,34,20,-3,-45,1
10/01/2012 16:35:00,275,34,21,-3,-44,1
10/01/2012 16:36:00,275,34,20,-3,-44,1
10/01/2012 16:37:00,275,34,20,-3,-44,1
10/01/2012 16:38:00,275,34,19,-3,-44,1
10/01/2012 16:39:00,275,34,19,-3,-44,1
10/01/2012 16:40:00,275,35,19,-3,-44,1
10/01/2012 16:41:00,275,34,20,-3,-44,1
10/01/2012 16:42:00,275,34,20,-3,-44,1
10/01/2012 16:43:00,275,34,21,-3,-44,1
10/01/2012 16:44:00,275,35,20,-3,-44,1
10/01/2012 16:45:00,275,34,20,-3,-44,1
10/01/2012 16:46:00,275,35,21,-3,-44,1
10/01/2012 16:47:00,275,35,21,-3,-44,1
10/01/2012 16:48:00,275,35,20,-3,-43,1
10/01/2012 16:49:00,275,36,20,-3,-43,1
10/01/2012 16:50:00,275,35,20,-3,-43,1
10/01/2012 16:51:00,275,35,21,-3,-43,1
10/01/2012 16:52:00,275,35,22,-3,-43,1
10/01/2012 16:53:00,275,35,22,-2,-44,1
10/01/2012 16:54:00,275,35,21,-3,-44,1
10/01/2012 16:55:00,275,35,20,-3,-44,1
10/01/2012 16:56:00,275,35,19,-2,-44,1
10/01/2012 16:57:00,275,34,20,-3,-44,1
10/01/2012 16:58:00,275,35,20,-3,-44,1
10/01/2012 16:59:00,275,35,21,-3,-44,1
10/01/2012 17:00:00,275,34,22,-3,-43,1
10/01/2012 17:01:00,275,35,23,-3,-43,1
10/01/2012 17:02:00,275,36,23,-2,-43,1
10/01/2012 17:03:00,275,35,23,-2,-42,1
10/01/2012 17:04:00,275,36,23,-2,-42,1
10/01/2012 17:05:00,275,37,24,-2,-42,1
10/01/2012 17:06:00,275,38,24,-2,-42,1
10/01/2012 17:07:00,275,38,25,-2,-42,1
10/01/2012 17:08:00,275,38,24,-2,-42,1
10/01/2012 17:09:00,275,39,24,-2,-42,1
10/01/2012 17:10:00,275,39,23,-2,-42,1
10/01/2012 17:11:00,275,39,24,-2,-41,1
10/01/2012 17:12:00,275,40,24,-2,-41,1
10/01/2012 17:13:00,275,40,25,-1,-41,1
10/01/2012 17:14:00,275,41,25,-1,-41,1
10/01/2012 17:15:00,275,42,25,-1,-41,1
10/01/2012 17:16:00,275,41,25,-1,-41,1
10/01/2012 17:17:00,275,41,24,-1,-41,1
10/01/2012 17:18:00,275,42,24,-1,-41,1
10/01/2012 17:19:00,275,43,24,-1,-41,1
10/01/2012 17:20:00,275,43,24,-1,-41,1
10/01/2012 17:21:00,275,43,24,-1,-41,1
10/01/2012 17:22:00,275,43,24,-1,-41,1
10/01/2012 17:23:00,275,43,25,-1,-41,1
10/01/2012 17:24:00,275,44,24,-1,-41,1
10/01/2012 17:25:00,275,44,25,-1,-40,1
10/01/2012 17:26:00,275,44,24,-1,-41,1
10/01/2012 17:27:00,275,44,24,-1,-41,1
10/01/2012 17:28:00,275,44,25,-1,-41,1
10/01/2012 17:29:00,275,44,23,-1,-41,1
10/01/2012 17:30:00,275,45,24,-1,-41,1
10/01/2012 17:31:00,275,46,24,0,-41,1
10/01/2012 17:32:00,275,45,24,0,-41,1
10/01/2012 17:33:00,275,47,25,0,-42,1
10/01/2012 17:34:00,275,46,25,-1,-42,1
10/01/2012 17:35:00,275,45,25,-1,-42,1
10/01/2012 17:36:00,275,46,25,-1,-42,1
10/01/2012 17:37:00,275,45,26,0,-42,1
10/01/2012 17:38:00,275,44,26,0,-41,1
10/01/2012 17:39:00,275,45,25,0,-41,1
10/01/2012 17:40:00,275,46,25,0,-41,1
10/01/2012 17:41:00,275,45,26,0,-41,1
10/01/2012 17:42:00,275,46,26,0,-40,1
10/01/2012 17:43:00,275,47,27,0,-39,1
10/01/2012 17:44:00,275,46,27,0,-39,1
10/01/2012 17:45:00,275,48,29,1,-39,1
10/01/2012 17:46:00,275,50,30,1,-38,1
10/01/2012 17:47:00,275,50,28,0,-39,1
10/01/2012 17:48:00,275,49,27,0,-41,1
10/01/2012 17:49:00,275,49,26,0,-42,1
10/01/2012 17:50:00,275,47,25,0,-43,1
10/01/2012 17:51:00,275,46,26,0,-42,1
10/01/2012 17:52:00,275,45,26,0,-42,1
10/01/2012 17:53:00,275,46,26,0,-42,1
10/01/2012 17:54:00,275,46,27,0,-42,1
10/01/2012 17:55:00,275,46,28,0,-41,1
10/01/2012 17:56:00,275,46,29,1,-41,1
10/01/2012 17:57:00,275,46,30,1,-40,1
10/01/2012 17:58:00,275,48,31,1,-39,1
10/01/2012 17:59:00,275,49,30,1,-39,1
10/01/2012 18:00:00,275,50,31,1,-39,1
10/01/2012 18:01:00,275,50,31,1,-39,1
10/01/2012 18:02:00,275,49,32,1,-38,1
10/01/2012 18:03:00,275,49,31,1,-39,1
10/01/2012 18:04:00,275,49,31,1,-39,1
10/01/2012 18:05:00,275,48,31,1,-39,1
10/01/2012 18:06:00,275,49,31,2,-39,1
10/01/2012 18:07:00,275,49,31,2,-39,1
10/01/2012 18:08:00,275,48,31,1,-38,1
10/01/2012 18:09:00,275,50,30,1,-39,1
10/01/2012 18:10:00,275,48,30,2,-39,1
10/01/2012 18:11:00,275,49,31,2,-38,1
10/01/2012 18:12:00,275,49,32,2,-38,1
10/01/2012 18:13:00,275,49,30,2,-39,1
10/01/2012 18:14:00,275,48,31,2,-38,1
10/01/2012 18:15:00,275,47,31,2,-38,1
10/01/2012 18:16:00,275,48,33,2,-38,1
10/01/2012 18:17:00,275,47,31,2,-38,1
10/01/2012 18:18:00,275,46,31,2,-37,1
10/01/2012 18:19:00,275,47,32,2,-37,1
10/01/2012 18:20:00,275,49,35,2,-36,1
10/01/2012 18:21:00,275,48,33,2,-37,1
10/01/2012 18:22:00,275,47,32,2,-38,1
10/01/2012 18:23:00,275,48,30,2,-38,1
10/01/2012 18:24:00,275,47,31,2,-39,1
10/01/2012 18:25:00,275,46,33,2,-39,1
10/01/2012 18:26:00,275,45,33,2,-39,1
10/01/2012 18:27:00,275,45,33,2,-39,1
10/01/2012 18:28:00,275,46,34,2,-38,1
10/01/2012 18:29:00,275,45,35,2,-38,1
10/01/2012 18:30:00,275,45,35,3,-37,1
10/01/2012 18:31:00,275,47,36,3,-38,1
10/01/2012 18:32:00,275,47,36,2,-38,1
10/01/2012 18:33:00,275,46,36,3,-38,1
10/01/2012 18:34:00,275,46,35,3,-38,1
10/01/2012 18:35:00,275,46,34,2,-39,1
10/01/2012 18:36:00,275,46,35,3,-39,1
10/01/2012 18:37:00,275,46,34,2,-40,1
10/01/2012 18:38:00,275,46,35,3,-40,1
10/01/2012 18:39:00,275,46,35,3,-40,1
10/01/2012 18:40:00,275,46,36,2,-40,1
10/01/2012 18:41:00,275,45,36,3,-40,1
10/01/2012 18:42:00,275,45,37,2,-40,1
10/01/2012 18:43:00,275,46,37,3,-40,1
10/01/2012 18:44:00,275,45,38,3,-40,1
10/01/2012 18:45:00,275,45,38,3,-40,1
10/01/2012 18:46:00,275,46,38,3,-40,1
10/01/2012 18:47:00,275,46,38,3,-40,1
10/01/2012 18:48:00,275,46,38,3,-40,1
10/01/2012 18:49:00,275,46,38,3,-40,1
10/01/2012 18:50:00,275,46,39,3,-39,1
10/01/2012 18:51:00,275,45,40,3,-39,1
10/01/2012 18:52:00,275,45,40,3,-39,1
10/01/2012 18:53:00,275,46,39,3,-39,1
10/01/2012 18:54:00,275,46,40,3,-39,1
10/01/2012 18:55:00,275,46,40,3,-39,1
10/01/2012 18:56:00,275,46,40,3,-40,1
10/01/2012 18:57:00,275,46,40,3,-40,1
10/01/2012 18:58:00,275,46,40,3,-40,1
10/01/2012 18:59:00,275,46,40,3,-41,1
10/01/2012 19:00:00,275,46,40,3,-41,1
10/01/2012 19:01:00,275,44,41,3,-40,1
10/01/2012 19:02:00,275,44,43,3,-40,1
10/01/2012 19:03:00,275,44,44,3,-38,1
10/01/2012 19:04:00,275,45,45,3,-38,1
10/01/2012 19:05:00,275,46,44,3,-37,1
10/01/2012 19:06:00,275,46,44,3,-37,1
10/01/2012 19:07:00,275,46,45,3,-38,1
10/01/2012 19:08:00,275,46,44,3,-37,1
10/01/2012 19:09:00,275,46,45,3,-37,1
10/01/2012 19:10:00,275,46,45,3,-36,1
10/01/2012 19:11:00,275,46,46,3,-36,1
10/01/2012 19:12:00,275,46,47,3,-36,1
10/01/2012 19:13:00,275,46,47,3,-36,1
10/01/2012 19:14:00,275,45,45,3,-37,1
10/01/2012 19:15:00,275,45,46,3,-37,1
10/01/2012 19:16:00,275,45,44,3,-37,1
10/01/2012 19:17:00,275,45,43,3,-38,1
10/01/2012 19:18:00,275,44,44,3,-38,1
10/01/2012 19:19:00,275,43,45,3,-36,1
10/01/2012 19:20:00,275,43,46,3,-36,1
10/01/2012 19:21:00,275,43,47,3,-36,1
10/01/2012 19:22:00,275,43,45,3,-37,1
10/01/2012 19:23:00,275,43,46,3,-37,1
10/01/2012 19:24:00,275,42,45,3,-37,1
10/01/2012 19:25:00,275,41,45,3,-38,1
10/01/2012 19:26:00,275,41,45,3,-38,1
10/01/2012 19:27:00,275,40,45,4,-38,1
10/01/2012 19:28:00,275,40,45,4,-38,1
10/01/2012 19:29:00,275,40,46,4,-38,1
10/01/2012 19:30:00,275,39,46,3,-38,1
10/01/2012 19:31:00,275,39,46,3,-38,1
10/01/2012 19:32:00,275,38,46,4,-38,1
10/01/2012 19:33:00,275,38,45,4,-38,1
10/01/2012 19:34:00,275,38,45,4,-38,1
10/01/2012 19:35:00,275,37,45,4,-38,1
10/01/2012 19:36:00,275,37,44,4,-38,1
10/01/2012 19:37:00,275,37,44,4,-38,1
10/01/2012 19:38:00,275,36,46,3,-37,1
10/01/2012 19:39:00,275,36,46,4,-38,1
10/01/2012 19:40:00,275,35,45,3,-38,1
10/01/2012 19:41:00,275,34,45,4,-39,1
10/01/2012 19:42:00,275,34,44,4,-40,1
10/01/2012 19:43:00,275,34,43,4,-41,1
10/01/2012 19:44:00,275,33,43,3,-41,1
10/01/2012 19:45:00,275,32,43,3,-41,1
10/01/2012 19:46:00,275,31,43,3,-40,1
10/01/2012 19:47:00,275,31,45,3,-39,1
10/01/2012 19:48:00,275,31,47,3,-39,1
10/01/2012 19:49:00,275,30,46,3,-39,1
10/01/2012 19:50:00,275,30,46,3,-39,1
10/01/2012 19:51:00,275,29,44,3,-40,1
10/01/2012 19:52:00,275,29,44,3,-40,1
10/01/2012 19:53:00,275,28,44,3,-40,1
10/01/2012 19:54:00,275,28,43,3,-40,1
10/01/2012 19:55:00,275,27,43,3,-40,1
10/01/2012 19:56:00,275,26,42,3,-41,1
10/01/2012 19:57:00,275,27,42,3,-41,1
10/01/2012 19:58:00,275,26,42,3,-41,1
10/01/2012 19:59:00,275,26,42,3,-42,1
10/01/2012 20:00:00,275,25,43,3,-42,1
10/01/2012 20:01:00,275,25,42,3,-42,1
10/01/2012 20:02:00,275,24,42,3,-42,1
10/01/2012 20:03:00,275,25,41,3,-43,1
10/01/2012 20:04:00,275,23,41,3,-43,1
10/01/2012 20:05:00,275,23,42,3,-43,1
10/01/2012 20:06:00,275,23,42,3,-43,1
10/01/2012 20:07:00,275,22,42,3,-42,1
10/01/2012 20:08:00,275,22,42,3,-42,1
10/01/2012 20:09:00,275,22,42,3,-42,1
10/01/2012 20:10:00,275,22,42,3,-42,1
10/01/2012 20:11:00,275,22,41,3,-42,1
10/01/2012 20:12:00,275,23,41,3,-42,1
10/01/2012 20:13:00,275,22,40,3,-41,1
10/01/2012 20:14:00,275,22,39,2,-41,1
10/01/2012 20:15:00,275,22,40,2,-40,1
10/01/2012 20:16:00,275,21,40,2,-40,1
10/01/2012 20:17:00,275,21,40,2,-39,1
10/01/2012 20:18:00,275,21,40,2,-39,1
10/01/2012 20:19:00,275,20,40,2,-38,1
10/01/2012 20:20:00,275,20,40,2,-38,1
10/01/2012 20:21:00,275,20,40,2,-38,1
10/01/2012 20:22:00,275,20,41,2,-37,1
10/01/2012 20:23:00,275,19,40,2,-37,1
10/01/2012 20:24:00,275,19,41,2,-37,1
10/01/2012 20:25:00,275,19,41,2,-37,1
10/01/2012 20:26:00,275,19,40,2,-38,1
10/01/2012 20:27:00,275,19,39,2,-39,1
10/01/2012 20:28:00,275,19,38,2,-39,1
10/01/2012 20:29:00,275,20,37,2,-40,1
10/01/2012 20:30:00,275,20,37,2,-41,1
10/01/2012 20:31:00,275,20,37,2,-41,1
10/01/2012 20:32:00,275,20,36,2,-43,1
10/01/2012 20:33:00,275,21,35,2,-44,1
10/01/2012 20:34:00,275,21,35,2,-45,1
10/01/2012 20:35:00,275,21,35,2,-46,1
10/01/2012 20:36:00,275,22,34,2,-46,1
10/01/2012 20:37:00,275,22,34,2,-46,1
10/01/2012 20:38:00,275,21,34,2,-45,1
10/01/2012 20:39:00,275,21,34,2,-44,1
10/01/2012 20:40:00,275,20,35,2,-44,1
10/01/2012 20:41:00,275,20,34,2,-44,1
10/01/2012 20:42:00,275,20,34,2,-43,1
10/01/2012 20:43:00,275,20,34,2,-43,1
10/01/2012 20:44:00,275,19,34,2,-42,1
10/01/2012 20:45:00,275,18,33,2,-42,1
10/01/2012 20:46:00,275,18,34,2,-42,1
10/01/2012 20:47:00,275,19,33,1,-43,1
10/01/2012 20:48:00,275,19,33,1,-43,1
10/01/2012 20:49:00,275,18,33,1,-43,1
10/01/2012 20:50:00,275,18,33,1,-43,1
10/01/2012 20:51:00,275,18,33,1,-43,1
10/01/2012 20:52:00,275,17,32,1,-42,1
10/01/2012 20:53:00,275,17,32,1,-42,1
10/01/2012 20:54:00,275,17,32,1,-42,1
10/01/2012 20:55:00,275,17,31,1,-42,1
10/01/2012 20:56:00,275,17,31,1,-42,1
10/01/2012 20:57:00,275,17,31,1,-42,1
10/01/2012 20:58:00,275,17,30,1,-42,1
10/01/2012 20:59:00,275,17,30,1,-42,1
10/01/2012 21:00:00,275,17,30,1,-42,1
10/01/2012 21:01:00,275,16,30,1,-42,1
10/01/2012 21:02:00,275,15,29,1,-42,1
10/01/2012 21:03:00,275,15,29,1,-42,1
10/01/2012 21:04:00,275,15,30,1,-42,1
10/01/2012 21:05:00,275,15,29,0,-42,1
10/01/2012 21:06:00,275,15,29,0,-43,1
10/01/2012 21:07:00,275,15,29,0,-43,1
10/01/2012 21:08:00,275,15,28,0,-42,1
10/01/2012 21:09:00,275,15,28,0,-42,1
10/01/2012 21:10:00,275,15,28,0,-42,1
10/01/2012 21:11:00,275,14,28,0,-41,1
10/01/2012 21:12:00,275,14,27,0,-41,1
10/01/2012 21:13:00,275,14,27,0,-40,1
10/01/2012 21:14:00,275,13,27,0,-40,1
10/01/2012 21:15:00,275,13,27,0,-39,1
10/01/2012 21:16:00,275,12,27,0,-38,1
10/01/2012 21:17:00,275,12,26,0,-38,1
10/01/2012 21:18:00,275,11,26,0,-38,1
10/01/2012 21:19:00,275,11,26,0,-38,1
10/01/2012 21:20:00,275,12,24,0,-38,1
10/01/2012 21:21:00,275,10,25,0,-37,1
10/01/2012 21:22:00,275,11,25,0,-37,1
10/01/2012 21:23:00,275,11,25,0,-38,1
10/01/2012 21:24:00,275,11,23,0,-38,1
10/01/2012 21:25:00,275,11,24,0,-38,1
10/01/2012 21:26:00,275,12,23,0,-39,1
10/01/2012 21:27:00,275,12,23,-1,-39,1
10/01/2012 21:28:00,275,12,22,-1,-38,1
10/01/2012 21:29:00,275,11,22,-1,-37,1
10/01/2012 21:30:00,275,11,23,0,-36,1
10/01/2012 21:31:00,275,11,24,0,-35,1
10/01/2012 21:32:00,275,10,23,0,-34,1
10/01/2012 21:33:00,275,10,23,0,-34,1
10/01/2012 21:34:00,275,10,23,0,-35,1
10/01/2012 21:35:00,275,10,21,-1,-35,1
10/01/2012 21:36:00,275,9,21,-1,-36,1
10/01/2012 21:37:00,275,10,20,-1,-37,1
10/01/2012 21:38:00,275,10,20,-1,-37,1
10/01/2012 21:39:00,275,10,19,-1,-37,1
10/01/2012 21:40:00,275,11,19,-1,-37,1
10/01/2012 21:41:00,275,10,19,-1,-37,1
10/01/2012 21:42:00,275,10,20,-1,-37,1
10/01/2012 21:43:00,275,10,19,-1,-37,1
10/01/2012 21:44:00,275,10,19,-1,-37,1
10/01/2012 21:45:00,275,10,19,-1,-37,1
10/01/2012 21:46:00,275,9,19,-1,-36,1
10/01/2012 21:47:00,275,9,20,-1,-36,1
10/01/2012 21:48:00,275,9,18,-1,-36,1
10/01/2012 21:49:00,275,9,18,-1,-35,1
10/01/2012 21:50:00,275,9,19,-1,-36,1
10/01/2012 21:51:00,275,8,17,-1,-35,1
10/01/2012 21:52:00,275,8,17,-1,-35,1
10/01/2012 21:53:00,275,8,17,-1,-35,1
10/01/2012 21:54:00,275,8,17,-1,-35,1
10/01/2012 21:55:00,275,8,17,-1,-35,1
10/01/2012 21:56:00,275,9,16,-1,-36,1
10/01/2012 21:57:00,275,9,18,-1,-36,1
10/01/2012 21:58:00,275,9,16,-1,-38,1
10/01/2012 21:59:00,275,11,16,-2,-40,1
10/01/2012 22:00:00,275,13,17,-2,-40,1
10/01/2012 22:01:00,275,12,16,-2,-37,1
10/01/2012 22:02:00,275,12,16,-2,-35,1
10/01/2012 22:03:00,275,9,16,-1,-32,1
10/01/2012 22:04:00,275,9,16,0,-31,1
10/01/2012 22:05:00,275,10,16,0,-31,1
10/01/2012 22:06:00,275,10,15,0,-30,1
10/01/2012 22:07:00,275,10,15,-1,-30,1
10/01/2012 22:08:00,275,8,15,-1,-31,1
10/01/2012 22:09:00,275,8,14,-1,-32,1
10/01/2012 22:10:00,275,9,14,-2,-32,1
10/01/2012 22:11:00,275,9,13,-1,-33,1
10/01/2012 22:12:00,275,9,13,-1,-34,1
10/01/2012 22:13:00,275,10,13,-2,-35,1
10/01/2012 22:14:00,275,10,13,-2,-36,1
10/01/2012 22:15:00,275,12,14,-2,-35,1
10/01/2012 22:16:00,275,11,14,-2,-34,1
10/01/2012 22:17:00,275,10,12,-2,-34,1
10/01/2012 22:18:00,275,9,13,-1,-32,1
10/01/2012 22:19:00,275,9,13,-1,-32,1
10/01/2012 22:20:00,275,9,12,-1,-31,1
10/01/2012 22:21:00,275,9,12,-1,-31,1
10/01/2012 22:22:00,275,9,12,-1,-31,1
10/01/2012 22:23:00,275,9,12,-1,-31,1
10/01/2012 22:24:00,275,9,12,-2,-31,1
10/01/2012 22:25:00,275,9,12,-1,-30,1
10/01/2012 22:26:00,275,9,11,-1,-30,1
10/01/2012 22:27:00,275,8,11,-1,-29,1
10/01/2012 22:28:00,275,8,11,-1,-29,1
10/01/2012 22:29:00,275,9,11,-1,-30,1
10/01/2012 22:30:00,275,9,10,-2,-30,1
10/01/2012 22:31:00,275,9,11,-2,-31,1
10/01/2012 22:32:00,275,9,11,-2,-31,1
10/01/2012 22:33:00,275,9,11,-2,-31,1
10/01/2012 22:34:00,275,10,11,-2,-31,1
10/01/2012 22:35:00,275,10,11,-2,-31,1
10/01/2012 22:36:00,275,10,10,-2,-31,1
10/01/2012 22:37:00,275,10,11,-2,-30,1
10/01/2012 22:38:00,275,10,10,-2,-29,1
10/01/2012 22:39:00,275,10,9,-2,-28,1
10/01/2012 22:40:00,275,9,9,-1,-28,1
10/01/2012 22:41:00,275,9,9,-1,-28,1
10/01/2012 22:42:00,275,9,8,-1,-28,1
10/01/2012 22:43:00,275,9,8,-2,-27,1
10/01/2012 22:44:00,275,9,9,-1,-28,1
10/01/2012 22:45:00,275,9,8,-2,-29,1
10/01/2012 22:46:00,275,10,8,-2,-30,1
10/01/2012 22:47:00,275,10,9,-2,-32,1
10/01/2012 22:48:00,275,11,9,-2,-33,1
10/01/2012 22:49:00,275,13,9,-2,-34,1
10/01/2012 22:50:00,275,13,9,-2,-34,1
10/01/2012 22:51:00,275,14,9,-3,-34,1
10/01/2012 22:52:00,275,14,10,-3,-34,1
10/01/2012 22:53:00,275,13,9,-2,-34,1
10/01/2012 22:54:00,275,13,9,-2,-34,1
10/01/2012 22:55:00,275,13,8,-2,-34,1
10/01/2012 22:56:00,275,13,8,-2,-34,1
10/01/2012 22:57:00,275,13,9,-2,-34,1
10/01/2012 22:58:00,275,13,8,-2,-33,1
10/01/2012 22:59:00,275,12,7,-2,-33,1
10/01/2012 23:00:00,275,12,8,-2,-33,1
10/01/2012 23:01:00,275,12,8,-2,-33,1
10/01/2012 23:02:00,275,12,8,-2,-32,1
10/01/2012 23:03:00,275,12,9,-2,-32,1
10/01/2012 23:04:00,275,12,7,-2,-32,1
10/01/2012 23:05:00,275,12,7,-2,-32,1
10/01/2012 23:06:00,275,12,7,-2,-32,1
10/01/2012 23:07:00,275,12,7,-2,-32,1
10/01/2012 23:08:00,275,12,8,-2,-32,1
10/01/2012 23:09:00,275,13,8,-2,-32,1
10/01/2012 23:10:00,275,13,8,-2,-32,1
10/01/2012 23:11:00,275,13,8,-2,-32,1
10/01/2012 23:12:00,275,13,8,-2,-32,1
10/01/2012 23:13:00,275,13,7,-2,-32,1
10/01/2012 23:14:00,275,13,6,-2,-31,1
10/01/2012 23:15:00,275,13,7,-2,-31,1
10/01/2012 23:16:00,275,12,6,-2,-30,1
10/01/2012 23:17:00,275,12,7,-2,-29,1
10/01/2012 23:18:00,275,12,7,-2,-29,1
10/01/2012 23:19:00,275,12,8,-2,-29,1
10/01/2012 23:20:00,275,12,7,-2,-28,1
10/01/2012 23:21:00,275,12,7,-2,-28,1
10/01/2012 23:22:00,275,13,7,-2,-28,1
10/01/2012 23:23:00,275,13,7,-2,-28,1
10/01/2012 23:24:00,275,13,7,-2,-28,1
10/01/2012 23:25:00,275,13,7,-2,-28,1
10/01/2012 23:26:00,275,12,7,-2,-28,1
10/01/2012 23:27:00,275,13,7,-2,-28,1
10/01/2012 23:28:00,275,12,6,-2,-29,1
10/01/2012 23:29:00,275,13,7,-2,-29,1
10/01/2012 23:30:00,275,13,7,-2,-29,1
10/01/2012 23:31:00,275,13,7,-2,-29,1
10/01/2012 23:32:00,275,13,7,-3,-29,1
10/01/2012 23:33:00,275,13,6,-3,-29,1
10/01/2012 23:34:00,275,14,7,-3,-29,1
10/01/2012 23:35:00,275,14,7,-3,-28,1
10/01/2012 23:36:00,275,14,7,-3,-28,1
10/01/2012 23:37:00,275,14,7,-3,-28,1
10/01/2012 23:38:00,275,14,7,-3,-28,1
10/01/2012 23:39:00,275,14,7,-3,-28,1
10/01/2012 23:40:00,275,14,7,-3,-28,1
10/01/2012 23:41:00,275,14,7,-3,-28,1
10/01/2012 23:42:00,275,14,7,-3,-28,1
10/01/2012 23:43:00,275,14,7,-3,-28,1
10/01/2012 23:44:00,275,14,7,-3,-28,1
10/01/2012 23:45:00,275,14,6,-3,-28,1
10/01/2012 23:46:00,275,14,6,-3,-27,1
10/01/2012 23:47:00,275,14,6,-3,-27,1
10/01/2012 23:48:00,275,14,6,-3,-27,1
10/01/2012 23:49:00,275,14,7,-3,-27,1
10/01/2012 23:50:00,275,14,7,-3,-27,1
10/01/2012 23:51:00,275,14,6,-3,-26,1
10/01/2012 23:52:00,275,14,6,-3,-26,1
10/01/2012 23:53:00,275,14,6,-3,-26,1
10/01/2012 23:54:00,275,14,6,-3,-26,1
10/01/2012 23:55:00,275,14,6,-3,-26,1
10/01/2012 23:56:00,275,14,6,-3,-26,1
10/01/2012 23:57:00,275,14,6,-3,-26,1
10/01/2012 23:58:00,275,14,5,-4,-26,1
10/01/2012 23:59:00,275,14,5,-3,-26,1
