DateTime,DOY,ASY_D,ASY_H,SYM_D,SYM_H,Location
09/10/2005 00:00:00,253,32,14,0,-12,1
09/10/2005 00:01:00,253,32,14,0,-12,1
09/10/2005 00:02:00,253,33,15,0,-12,1
09/10/2005 00:03:00,253,34,14,0,-13,1
09/10/2005 00:04:00,253,33,14,0,-13,1
09/10/2005 00:05:00,253,33,13,0,-13,1
09/10/2005 00:06:00,253,34,15,1,-13,1
09/10/2005 00:07:00,253,34,16,1,-13,1
09/10/2005 00:08:00,253,34,16,1,-13,1
09/10/2005 00:09:00,253,34,16,1,-13,1
09/10/2005 00:10:00,253,35,17,1,-14,1
09/10/2005 00:11:00,253,35,16,1,-14,1
09/10/2005 00:12:00,253,36,17,1,-15,1
09/10/2005 00:13:00,253,36,16,1,-16,1
09/10/2005 00:14:00,253,36,16,1,-16,1
09/10/2005 00:15:00,253,36,16,1,-16,1
09/10/2005 00:16:00,253,37,16,1,-16,1
09/10/2005 00:17:00,253,37,15,1,-16,1
09/10/2005 00:18:00,253,38,15,1,-16,1
09/10/2005 00:19:00,253,38,14,1,-16,1
09/10/2005 00:20:00,253,40,13,1,-16,1
09/10/2005 00:21:00,253,40,13,0,-16,1
09/10/2005 00:22:00,253,42,12,0,-16,1
09/10/2005 00:23:00,253,43,9,0,-16,1
09/10/2005 00:24:00,253,43,9,0,-16,1
09/10/2005 00:25:00,253,42,8,0,-15,1
09/10/2005 00:26:00,253,42,10,0,-15,1
09/10/2005 00:27:00,253,43,9,0,-14,1
09/10/2005 00:28:00,253,43,8,0,-14,1
09/10/2005 00:29:00,253,44,8,0,-14,1
09/10/2005 00:30:00,253,45,7,0,-13,1
09/10/2005 00:31:00,253,44,7,0,-13,1
09/10/2005 00:32:00,253,44,5,0,-13,1
09/10/2005 00:33:00,253,44,5,0,-13,1
09/10/2005 00:34:00,253,45,5,0,-14,1
09/10/2005 00:35:00,253,45,5,-1,-14,1
09/10/2005 00:36:00,253,45,5,-1,-15,1
09/10/2005 00:37:00,253,46,6,-1,-15,1
09/10/2005 00:38:00,253,47,6,-1,-15,1
09/10/2005 00:39:00,253,46,6,-2,-14,1
09/10/2005 00:40:00,253,46,5,-1,-14,1
09/10/2005 00:41:00,253,43,4,-1,-13,1
09/10/2005 00:42:00,253,40,5,-1,-13,1
09/10/2005 00:43:00,253,38,8,0,-13,1
09/10/2005 00:44:00,253,37,12,1,-12,1
09/10/2005 00:45:00,253,37,15,1,-12,1
09/10/2005 00:46:00,253,37,18,1,-12,1
09/10/2005 00:47:00,253,38,21,2,-12,1
09/10/2005 00:48:00,253,40,21,2,-11,1
09/10/2005 00:49:00,253,41,19,1,-11,1
09/10/2005 00:50:00,253,43,19,1,-11,1
09/10/2005 00:51:00,253,44,19,1,-11,1
09/10/2005 00:52:00,253,45,18,1,-10,1
09/10/2005 00:53:00,253,46,17,1,-11,1
09/10/2005 00:54:00,253,47,17,0,-11,1
09/10/2005 00:55:00,253,47,16,1,-11,1
09/10/2005 00:56:00,253,48,13,0,-11,1
09/10/2005 00:57:00,253,48,12,0,-11,1
09/10/2005 00:58:00,253,49,12,0,-11,1
09/10/2005 00:59:00,253,49,10,0,-11,1
09/10/2005 01:00:00,253,49,7,-1,-12,1
09/10/2005 01:01:00,253,50,6,0,-11,1
09/10/2005 01:02:00,253,49,5,-1,-11,1
09/10/2005 01:03:00,253,49,5,-1,-11,1
09/10/2005 01:04:00,253,48,6,-1,-11,1
09/10/2005 01:05:00,253,47,6,-1,-11,1
09/10/2005 01:06:00,253,47,7,-1,-11,1
09/10/2005 01:07:00,253,47,6,-1,-11,1
09/10/2005 01:08:00,253,47,7,-1,-10,1
09/10/2005 01:09:00,253,47,7,-1,-10,1
09/10/2005 01:10:00,253,47,7,-1,-10,1
09/10/2005 01:11:00,253,46,7,-1,-10,1
09/10/2005 01:12:00,253,47,6,-1,-9,1
09/10/2005 01:13:00,253,46,6,-1,-10,1
09/10/2005 01:14:00,253,46,6,-1,-10,1
09/10/2005 01:15:00,253,46,6,-1,-10,1
09/10/2005 01:16:00,253,45,6,-1,-9,1
09/10/2005 01:17:00,253,46,6,-1,-9,1
09/10/2005 01:18:00,253,46,6,0,-9,1
09/10/2005 01:19:00,253,45,6,0,-9,1
09/10/2005 01:20:00,253,45,8,-1,-9,1
09/10/2005 01:21:00,253,45,8,-1,-9,1
09/10/2005 01:22:00,253,44,8,-1,-8,1
09/10/2005 01:23:00,253,44,8,-1,-8,1
09/10/2005 01:24:00,253,44,9,-1,-8,1
09/10/2005 01:25:00,253,43,10,-1,-8,1
09/10/2005 01:26:00,253,42,10,-1,-7,1
09/10/2005 01:27:00,253,42,10,-1,-7,1
09/10/2005 01:28:00,253,42,11,-1,-7,1
09/10/2005 01:29:00,253,42,11,0,-7,1
09/10/2005 01:30:00,253,42,11,-1,-7,1
09/10/2005 01:31:00,253,44,10,0,-7,1
09/10/2005 01:32:00,253,43,10,0,-6,1
09/10/2005 01:33:00,253,43,11,-1,-7,1
09/10/2005 01:34:00,253,43,12,0,-7,1
09/10/2005 01:35:00,253,44,11,0,-7,1
09/10/2005 01:36:00,253,44,10,0,-7,1
09/10/2005 01:37:00,253,43,10,-1,-6,1
09/10/2005 01:38:00,253,42,11,-1,-6,1
09/10/2005 01:39:00,253,41,11,-1,-6,1
09/10/2005 01:40:00,253,40,12,-1,-5,1
09/10/2005 01:41:00,253,38,13,-1,-5,1
09/10/2005 01:42:00,253,37,13,-1,-5,1
09/10/2005 01:43:00,253,37,14,-1,-4,1
09/10/2005 01:44:00,253,37,14,-1,-4,1
09/10/2005 01:45:00,253,38,13,0,-4,1
09/10/2005 01:46:00,253,39,13,0,-3,1
09/10/2005 01:47:00,253,40,14,0,-2,1
09/10/2005 01:48:00,253,42,15,0,-2,1
09/10/2005 01:49:00,253,42,16,1,-2,1
09/10/2005 01:50:00,253,43,16,1,-2,1
09/10/2005 01:51:00,253,44,15,1,-2,1
09/10/2005 01:52:00,253,45,14,1,-2,1
09/10/2005 01:53:00,253,46,16,0,-2,1
09/10/2005 01:54:00,253,46,16,0,-2,1
09/10/2005 01:55:00,253,45,16,0,-2,1
09/10/2005 01:56:00,253,45,15,0,-2,1
09/10/2005 01:57:00,253,44,14,0,-2,1
09/10/2005 01:58:00,253,44,16,0,-2,1
09/10/2005 01:59:00,253,45,14,0,-3,1
09/10/2005 02:00:00,253,45,15,0,-3,1
09/10/2005 02:01:00,253,46,15,0,-3,1
09/10/2005 02:02:00,253,46,14,0,-3,1
09/10/2005 02:03:00,253,46,13,-1,-3,1
09/10/2005 02:04:00,253,45,13,-1,-4,1
09/10/2005 02:05:00,253,44,12,-1,-4,1
09/10/2005 02:06:00,253,42,13,-2,-5,1
09/10/2005 02:07:00,253,42,13,-1,-5,1
09/10/2005 02:08:00,253,42,13,-1,-5,1
09/10/2005 02:09:00,253,42,13,-1,-5,1
09/10/2005 02:10:00,253,42,13,-1,-5,1
09/10/2005 02:11:00,253,40,13,-1,-6,1
09/10/2005 02:12:00,253,40,14,-1,-6,1
09/10/2005 02:13:00,253,40,14,-1,-6,1
09/10/2005 02:14:00,253,39,14,-1,-6,1
09/10/2005 02:15:00,253,40,14,-1,-6,1
09/10/2005 02:16:00,253,39,13,-1,-6,1
09/10/2005 02:17:00,253,39,13,-1,-6,1
09/10/2005 02:18:00,253,40,14,-1,-6,1
09/10/2005 02:19:00,253,40,13,-1,-6,1
09/10/2005 02:20:00,253,40,13,-1,-6,1
09/10/2005 02:21:00,253,40,13,-1,-6,1
09/10/2005 02:22:00,253,40,13,-1,-6,1
09/10/2005 02:23:00,253,41,13,-1,-6,1
09/10/2005 02:24:00,253,41,12,-1,-6,1
09/10/2005 02:25:00,253,40,12,-1,-6,1
09/10/2005 02:26:00,253,41,12,-1,-5,1
09/10/2005 02:27:00,253,41,13,-1,-5,1
09/10/2005 02:28:00,253,41,12,-1,-5,1
09/10/2005 02:29:00,253,42,12,-1,-5,1
09/10/2005 02:30:00,253,41,11,-1,-5,1
09/10/2005 02:31:00,253,41,12,-1,-5,1
09/10/2005 02:32:00,253,41,11,-1,-5,1
09/10/2005 02:33:00,253,41,11,-1,-5,1
09/10/2005 02:34:00,253,41,11,-1,-5,1
09/10/2005 02:35:00,253,41,11,-1,-5,1
09/10/2005 02:36:00,253,42,12,-1,-4,1
09/10/2005 02:37:00,253,42,12,-1,-4,1
09/10/2005 02:38:00,253,42,12,-1,-5,1
09/10/2005 02:39:00,253,42,10,-1,-5,1
09/10/2005 02:40:00,253,41,10,-1,-5,1
09/10/2005 02:41:00,253,41,10,-1,-5,1
09/10/2005 02:42:00,253,41,11,-1,-5,1
09/10/2005 02:43:00,253,41,11,-1,-5,1
09/10/2005 02:44:00,253,41,11,-1,-6,1
09/10/2005 02:45:00,253,41,11,-1,-6,1
09/10/2005 02:46:00,253,40,11,-1,-6,1
09/10/2005 02:47:00,253,40,12,0,-6,1
09/10/2005 02:48:00,253,40,12,0,-6,1
09/10/2005 02:49:00,253,40,11,-1,-6,1
09/10/2005 02:50:00,253,40,11,-1,-7,1
09/10/2005 02:51:00,253,40,12,-1,-7,1
09/10/2005 02:52:00,253,41,11,-1,-6,1
09/10/2005 02:53:00,253,40,10,-1,-7,1
09/10/2005 02:54:00,253,40,10,-1,-7,1
09/10/2005 02:55:00,253,41,9,-1,-7,1
09/10/2005 02:56:00,253,41,9,-1,-7,1
09/10/2005 02:57:00,253,40,11,-1,-7,1
09/10/2005 02:58:00,253,41,11,-1,-7,1
09/10/2005 02:59:00,253,42,11,-1,-7,1
09/10/2005 03:00:00,253,42,11,-1,-7,1
09/10/2005 03:01:00,253,42,11,-1,-7,1
09/10/2005 03:02:00,253,41,10,-1,-6,1
09/10/2005 03:03:00,253,41,10,-1,-6,1
09/10/2005 03:04:00,253,40,10,-1,-6,1
09/10/2005 03:05:00,253,39,10,-1,-6,1
09/10/2005 03:06:00,253,39,11,-1,-6,1
09/10/2005 03:07:00,253,40,12,-1,-5,1
09/10/2005 03:08:00,253,40,12,-1,-6,1
09/10/2005 03:09:00,253,40,12,-1,-6,1
09/10/2005 03:10:00,253,40,11,-1,-5,1
09/10/2005 03:11:00,253,39,11,-1,-5,1
09/10/2005 03:12:00,253,40,11,-1,-5,1
09/10/2005 03:13:00,253,40,11,-1,-5,1
09/10/2005 03:14:00,253,39,11,-1,-5,1
09/10/2005 03:15:00,253,39,12,-1,-5,1
09/10/2005 03:16:00,253,39,12,-1,-5,1
09/10/2005 03:17:00,253,39,12,-1,-5,1
09/10/2005 03:18:00,253,38,12,-1,-5,1
09/10/2005 03:19:00,253,38,12,-1,-5,1
09/10/2005 03:20:00,253,38,11,-1,-5,1
09/10/2005 03:21:00,253,38,11,-1,-5,1
09/10/2005 03:22:00,253,38,11,-1,-5,1
09/10/2005 03:23:00,253,38,11,-1,-5,1
09/10/2005 03:24:00,253,38,11,-1,-5,1
09/10/2005 03:25:00,253,38,11,-1,-5,1
09/10/2005 03:26:00,253,38,11,-1,-5,1
09/10/2005 03:27:00,253,38,11,-1,-4,1
09/10/2005 03:28:00,253,38,11,-1,-5,1
09/10/2005 03:29:00,253,38,11,-1,-5,1
09/10/2005 03:30:00,253,38,11,-1,-5,1
09/10/2005 03:31:00,253,37,11,-1,-5,1
09/10/2005 03:32:00,253,38,11,-1,-5,1
09/10/2005 03:33:00,253,37,11,-1,-5,1
09/10/2005 03:34:00,253,37,11,-1,-4,1
09/10/2005 03:35:00,253,36,11,-1,-4,1
09/10/2005 03:36:00,253,37,11,-1,-4,1
09/10/2005 03:37:00,253,36,11,-1,-4,1
09/10/2005 03:38:00,253,36,10,-1,-4,1
09/10/2005 03:39:00,253,36,10,-1,-4,1
09/10/2005 03:40:00,253,35,10,-1,-4,1
09/10/2005 03:41:00,253,35,10,-1,-4,1
09/10/2005 03:42:00,253,35,10,-1,-4,1
09/10/2005 03:43:00,253,35,10,-1,-4,1
09/10/2005 03:44:00,253,34,10,-1,-3,1
09/10/2005 03:45:00,253,34,10,-1,-3,1
09/10/2005 03:46:00,253,34,10,-1,-3,1
09/10/2005 03:47:00,253,35,10,-1,-3,1
09/10/2005 03:48:00,253,35,11,-1,-3,1
09/10/2005 03:49:00,253,36,11,-2,-3,1
09/10/2005 03:50:00,253,36,11,-2,-3,1
09/10/2005 03:51:00,253,36,11,-1,-3,1
09/10/2005 03:52:00,253,38,11,-1,-2,1
09/10/2005 03:53:00,253,40,12,-2,-2,1
09/10/2005 03:54:00,253,39,12,-2,-2,1
09/10/2005 03:55:00,253,40,12,-2,-2,1
09/10/2005 03:56:00,253,40,11,-2,-2,1
09/10/2005 03:57:00,253,38,11,-2,-2,1
09/10/2005 03:58:00,253,39,11,-2,-2,1
09/10/2005 03:59:00,253,39,11,-2,-2,1
09/10/2005 04:00:00,253,39,11,-2,-2,1
09/10/2005 04:01:00,253,39,11,-2,-2,1
09/10/2005 04:02:00,253,38,11,-2,-2,1
09/10/2005 04:03:00,253,38,11,-2,-2,1
09/10/2005 04:04:00,253,38,11,-2,-2,1
09/10/2005 04:05:00,253,38,11,-2,-2,1
09/10/2005 04:06:00,253,38,11,-2,-2,1
09/10/2005 04:07:00,253,38,12,-2,-2,1
09/10/2005 04:08:00,253,37,12,-2,-1,1
09/10/2005 04:09:00,253,37,12,-2,-1,1
09/10/2005 04:10:00,253,37,12,-2,-1,1
09/10/2005 04:11:00,253,38,12,-2,-1,1
09/10/2005 04:12:00,253,37,11,-2,-1,1
09/10/2005 04:13:00,253,37,11,-2,-1,1
09/10/2005 04:14:00,253,37,11,-2,-1,1
09/10/2005 04:15:00,253,37,11,-2,-1,1
09/10/2005 04:16:00,253,37,11,-2,-1,1
09/10/2005 04:17:00,253,37,12,-2,-1,1
09/10/2005 04:18:00,253,38,12,-2,-1,1
09/10/2005 04:19:00,253,39,12,-2,-1,1
09/10/2005 04:20:00,253,38,11,-2,-1,1
09/10/2005 04:21:00,253,39,11,-2,-1,1
09/10/2005 04:22:00,253,39,11,-2,-1,1
09/10/2005 04:23:00,253,38,11,-2,-1,1
09/10/2005 04:24:00,253,36,12,-3,0,1
09/10/2005 04:25:00,253,36,12,-3,-1,1
09/10/2005 04:26:00,253,36,12,-3,0,1
09/10/2005 04:27:00,253,35,12,-3,0,1
09/10/2005 04:28:00,253,35,12,-3,0,1
09/10/2005 04:29:00,253,35,13,-3,0,1
09/10/2005 04:30:00,253,34,14,-3,1,1
09/10/2005 04:31:00,253,35,14,-3,1,1
09/10/2005 04:32:00,253,34,15,-3,2,1
09/10/2005 04:33:00,253,33,15,-3,2,1
09/10/2005 04:34:00,253,33,14,-3,3,1
09/10/2005 04:35:00,253,34,16,-3,3,1
09/10/2005 04:36:00,253,37,15,-2,4,1
09/10/2005 04:37:00,253,38,15,-3,6,1
09/10/2005 04:38:00,253,39,14,-3,7,1
09/10/2005 04:39:00,253,40,15,-3,8,1
09/10/2005 04:40:00,253,42,16,-3,9,1
09/10/2005 04:41:00,253,41,16,-3,9,1
09/10/2005 04:42:00,253,43,16,-3,9,1
09/10/2005 04:43:00,253,41,15,-4,10,1
09/10/2005 04:44:00,253,42,16,-4,9,1
09/10/2005 04:45:00,253,41,16,-4,9,1
09/10/2005 04:46:00,253,40,15,-4,8,1
09/10/2005 04:47:00,253,39,16,-4,8,1
09/10/2005 04:48:00,253,38,17,-4,7,1
09/10/2005 04:49:00,253,36,16,-4,7,1
09/10/2005 04:50:00,253,35,15,-4,7,1
09/10/2005 04:51:00,253,34,15,-4,6,1
09/10/2005 04:52:00,253,33,14,-4,6,1
09/10/2005 04:53:00,253,33,13,-4,5,1
09/10/2005 04:54:00,253,31,14,-3,4,1
09/10/2005 04:55:00,253,31,13,-4,4,1
09/10/2005 04:56:00,253,30,13,-4,4,1
09/10/2005 04:57:00,253,31,12,-3,3,1
09/10/2005 04:58:00,253,31,12,-3,3,1
09/10/2005 04:59:00,253,31,11,-3,3,1
09/10/2005 05:00:00,253,31,10,-3,2,1
09/10/2005 05:01:00,253,30,9,-3,0,1
09/10/2005 05:02:00,253,30,9,-3,-1,1
09/10/2005 05:03:00,253,29,8,-3,-3,1
09/10/2005 05:04:00,253,28,7,-3,-4,1
09/10/2005 05:05:00,253,28,6,-3,-4,1
09/10/2005 05:06:00,253,27,5,-3,-5,1
09/10/2005 05:07:00,253,28,5,-2,-5,1
09/10/2005 05:08:00,253,27,5,-2,-4,1
09/10/2005 05:09:00,253,28,5,-2,-3,1
09/10/2005 05:10:00,253,29,4,-2,-3,1
09/10/2005 05:11:00,253,28,5,-2,-2,1
09/10/2005 05:12:00,253,30,8,-1,-1,1
09/10/2005 05:13:00,253,31,10,-1,1,1
09/10/2005 05:14:00,253,31,12,-1,1,1
09/10/2005 05:15:00,253,32,11,-2,0,1
09/10/2005 05:16:00,253,32,7,-2,-2,1
09/10/2005 05:17:00,253,29,4,-2,-4,1
09/10/2005 05:18:00,253,27,6,-2,-5,1
09/10/2005 05:19:00,253,27,6,-2,-5,1
09/10/2005 05:20:00,253,27,6,-2,-6,1
09/10/2005 05:21:00,253,26,5,-2,-5,1
09/10/2005 05:22:00,253,26,6,-2,-4,1
09/10/2005 05:23:00,253,27,6,-2,-2,1
09/10/2005 05:24:00,253,27,5,-1,-2,1
09/10/2005 05:25:00,253,28,6,-1,-1,1
09/10/2005 05:26:00,253,29,7,-1,-1,1
09/10/2005 05:27:00,253,30,8,-2,-1,1
09/10/2005 05:28:00,253,29,9,-2,-1,1
09/10/2005 05:29:00,253,29,6,-2,-1,1
09/10/2005 05:30:00,253,29,4,-2,-1,1
09/10/2005 05:31:00,253,29,5,-2,-1,1
09/10/2005 05:32:00,253,29,5,-2,-1,1
09/10/2005 05:33:00,253,30,6,-2,-1,1
09/10/2005 05:34:00,253,30,6,-3,0,1
09/10/2005 05:35:00,253,29,4,-3,0,1
09/10/2005 05:36:00,253,29,3,-3,0,1
09/10/2005 05:37:00,253,29,4,-3,0,1
09/10/2005 05:38:00,253,31,7,-3,2,1
09/10/2005 05:39:00,253,31,7,-3,2,1
09/10/2005 05:40:00,253,32,8,-3,3,1
09/10/2005 05:41:00,253,32,8,-3,3,1
09/10/2005 05:42:00,253,32,8,-3,3,1
09/10/2005 05:43:00,253,32,8,-3,3,1
09/10/2005 05:44:00,253,32,8,-3,3,1
09/10/2005 05:45:00,253,32,7,-3,2,1
09/10/2005 05:46:00,253,31,9,-3,1,1
09/10/2005 05:47:00,253,31,9,-3,0,1
09/10/2005 05:48:00,253,31,8,-3,0,1
09/10/2005 05:49:00,253,29,6,-2,-1,1
09/10/2005 05:50:00,253,28,9,-3,-2,1
09/10/2005 05:51:00,253,28,9,-2,-3,1
09/10/2005 05:52:00,253,28,8,-2,-3,1
09/10/2005 05:53:00,253,28,5,-2,-3,1
09/10/2005 05:54:00,253,28,7,-2,-2,1
09/10/2005 05:55:00,253,29,5,-2,-1,1
09/10/2005 05:56:00,253,29,5,-2,0,1
09/10/2005 05:57:00,253,29,7,-2,1,1
09/10/2005 05:58:00,253,30,8,-2,1,1
09/10/2005 05:59:00,253,29,7,-2,0,1
09/10/2005 06:00:00,253,28,7,-2,-1,1
09/10/2005 06:01:00,253,29,8,-2,-2,1
09/10/2005 06:02:00,253,29,8,-2,-2,1
09/10/2005 06:03:00,253,28,8,-2,-2,1
09/10/2005 06:04:00,253,30,8,-2,-1,1
09/10/2005 06:05:00,253,31,8,-2,-1,1
09/10/2005 06:06:00,253,32,9,-2,1,1
09/10/2005 06:07:00,253,34,9,-2,2,1
09/10/2005 06:08:00,253,35,8,-2,3,1
09/10/2005 06:09:00,253,36,9,-2,4,1
09/10/2005 06:10:00,253,37,10,-3,4,1
09/10/2005 06:11:00,253,39,10,-3,4,1
09/10/2005 06:12:00,253,40,12,-4,5,1
09/10/2005 06:13:00,253,41,12,-4,5,1
09/10/2005 06:14:00,253,43,13,-5,5,1
09/10/2005 06:15:00,253,44,16,-6,6,1
09/10/2005 06:16:00,253,43,15,-6,6,1
09/10/2005 06:17:00,253,43,16,-5,5,1
09/10/2005 06:18:00,253,43,18,-5,6,1
09/10/2005 06:19:00,253,42,17,-4,6,1
09/10/2005 06:20:00,253,40,16,-4,6,1
09/10/2005 06:21:00,253,38,17,-4,6,1
09/10/2005 06:22:00,253,37,16,-4,5,1
09/10/2005 06:23:00,253,36,16,-4,3,1
09/10/2005 06:24:00,253,35,16,-4,2,1
09/10/2005 06:25:00,253,34,15,-3,0,1
09/10/2005 06:26:00,253,32,17,-3,-1,1
09/10/2005 06:27:00,253,33,19,-2,-2,1
09/10/2005 06:28:00,253,32,21,-2,-4,1
09/10/2005 06:29:00,253,33,23,-2,-4,1
09/10/2005 06:30:00,253,34,25,-2,-5,1
09/10/2005 06:31:00,253,36,28,-2,-6,1
09/10/2005 06:32:00,253,37,29,-2,-6,1
09/10/2005 06:33:00,253,38,30,-2,-7,1
09/10/2005 06:34:00,253,40,33,-1,-7,1
09/10/2005 06:35:00,253,42,35,-1,-7,1
09/10/2005 06:36:00,253,43,35,-1,-7,1
09/10/2005 06:37:00,253,44,36,-1,-7,1
09/10/2005 06:38:00,253,45,37,-1,-7,1
09/10/2005 06:39:00,253,47,37,-1,-8,1
09/10/2005 06:40:00,253,47,38,-1,-8,1
09/10/2005 06:41:00,253,48,38,-1,-8,1
09/10/2005 06:42:00,253,49,39,-1,-8,1
09/10/2005 06:43:00,253,50,39,-1,-9,1
09/10/2005 06:44:00,253,51,39,-1,-9,1
09/10/2005 06:45:00,253,51,40,-1,-10,1
09/10/2005 06:46:00,253,51,40,-1,-10,1
09/10/2005 06:47:00,253,51,39,-1,-10,1
09/10/2005 06:48:00,253,51,39,-1,-10,1
09/10/2005 06:49:00,253,51,39,-1,-11,1
09/10/2005 06:50:00,253,50,38,-1,-12,1
09/10/2005 06:51:00,253,49,37,0,-13,1
09/10/2005 06:52:00,253,48,36,0,-14,1
09/10/2005 06:53:00,253,48,37,0,-15,1
09/10/2005 06:54:00,253,47,37,0,-16,1
09/10/2005 06:55:00,253,47,37,0,-17,1
09/10/2005 06:56:00,253,45,36,1,-18,1
09/10/2005 06:57:00,253,44,36,1,-18,1
09/10/2005 06:58:00,253,43,37,1,-19,1
09/10/2005 06:59:00,253,42,36,2,-20,1
09/10/2005 07:00:00,253,40,36,2,-21,1
09/10/2005 07:01:00,253,38,35,2,-21,1
09/10/2005 07:02:00,253,38,33,2,-22,1
09/10/2005 07:03:00,253,38,33,3,-21,1
09/10/2005 07:04:00,253,36,33,3,-22,1
09/10/2005 07:05:00,253,36,33,3,-22,1
09/10/2005 07:06:00,253,35,32,3,-23,1
09/10/2005 07:07:00,253,33,31,3,-23,1
09/10/2005 07:08:00,253,34,30,3,-23,1
09/10/2005 07:09:00,253,33,30,3,-23,1
09/10/2005 07:10:00,253,33,30,3,-23,1
09/10/2005 07:11:00,253,32,29,3,-23,1
09/10/2005 07:12:00,253,31,28,3,-24,1
09/10/2005 07:13:00,253,30,26,3,-24,1
09/10/2005 07:14:00,253,30,26,3,-24,1
09/10/2005 07:15:00,253,29,26,3,-24,1
09/10/2005 07:16:00,253,29,27,3,-24,1
09/10/2005 07:17:00,253,27,26,4,-24,1
09/10/2005 07:18:00,253,26,26,4,-23,1
09/10/2005 07:19:00,253,25,27,4,-23,1
09/10/2005 07:20:00,253,25,27,4,-22,1
09/10/2005 07:21:00,253,25,27,4,-22,1
09/10/2005 07:22:00,253,26,27,4,-20,1
09/10/2005 07:23:00,253,26,28,4,-18,1
09/10/2005 07:24:00,253,26,28,4,-18,1
09/10/2005 07:25:00,253,26,27,3,-18,1
09/10/2005 07:26:00,253,26,27,3,-19,1
09/10/2005 07:27:00,253,26,25,3,-20,1
09/10/2005 07:28:00,253,26,25,4,-22,1
09/10/2005 07:29:00,253,27,25,4,-22,1
09/10/2005 07:30:00,253,26,25,4,-22,1
09/10/2005 07:31:00,253,25,27,4,-22,1
09/10/2005 07:32:00,253,25,31,4,-22,1
09/10/2005 07:33:00,253,25,30,4,-22,1
09/10/2005 07:34:00,253,27,27,4,-23,1
09/10/2005 07:35:00,253,27,26,5,-23,1
09/10/2005 07:36:00,253,26,26,5,-23,1
09/10/2005 07:37:00,253,27,26,5,-23,1
09/10/2005 07:38:00,253,27,26,5,-22,1
09/10/2005 07:39:00,253,26,26,5,-21,1
09/10/2005 07:40:00,253,25,26,5,-21,1
09/10/2005 07:41:00,253,26,27,5,-21,1
09/10/2005 07:42:00,253,27,27,5,-20,1
09/10/2005 07:43:00,253,28,26,4,-19,1
09/10/2005 07:44:00,253,29,25,4,-20,1
09/10/2005 07:45:00,253,29,27,4,-21,1
09/10/2005 07:46:00,253,30,27,4,-21,1
09/10/2005 07:47:00,253,30,25,4,-22,1
09/10/2005 07:48:00,253,31,25,4,-23,1
09/10/2005 07:49:00,253,31,24,5,-24,1
09/10/2005 07:50:00,253,30,23,5,-24,1
09/10/2005 07:51:00,253,29,26,5,-23,1
09/10/2005 07:52:00,253,29,27,4,-21,1
09/10/2005 07:53:00,253,29,26,4,-20,1
09/10/2005 07:54:00,253,30,24,4,-20,1
09/10/2005 07:55:00,253,30,22,4,-20,1
09/10/2005 07:56:00,253,30,22,4,-20,1
09/10/2005 07:57:00,253,29,21,3,-19,1
09/10/2005 07:58:00,253,28,20,3,-18,1
09/10/2005 07:59:00,253,27,20,3,-18,1
09/10/2005 08:00:00,253,26,19,2,-18,1
09/10/2005 08:01:00,253,26,19,2,-16,1
09/10/2005 08:02:00,253,25,17,2,-16,1
09/10/2005 08:03:00,253,24,17,2,-16,1
09/10/2005 08:04:00,253,21,15,1,-16,1
09/10/2005 08:05:00,253,20,15,1,-17,1
09/10/2005 08:06:00,253,19,16,1,-17,1
09/10/2005 08:07:00,253,20,15,0,-17,1
09/10/2005 08:08:00,253,20,15,0,-18,1
09/10/2005 08:09:00,253,19,14,0,-18,1
09/10/2005 08:10:00,253,19,14,0,-18,1
09/10/2005 08:11:00,253,19,13,0,-18,1
09/10/2005 08:12:00,253,19,12,0,-18,1
09/10/2005 08:13:00,253,18,12,0,-18,1
09/10/2005 08:14:00,253,18,12,1,-19,1
09/10/2005 08:15:00,253,18,12,1,-20,1
09/10/2005 08:16:00,253,17,12,1,-20,1
09/10/2005 08:17:00,253,17,13,1,-20,1
09/10/2005 08:18:00,253,16,12,1,-20,1
09/10/2005 08:19:00,253,16,11,1,-20,1
09/10/2005 08:20:00,253,16,12,1,-20,1
09/10/2005 08:21:00,253,15,12,1,-20,1
09/10/2005 08:22:00,253,14,11,1,-19,1
09/10/2005 08:23:00,253,14,11,1,-19,1
09/10/2005 08:24:00,253,13,9,2,-18,1
09/10/2005 08:25:00,253,13,7,1,-17,1
09/10/2005 08:26:00,253,12,7,1,-16,1
09/10/2005 08:27:00,253,12,7,1,-15,1
09/10/2005 08:28:00,253,13,6,1,-15,1
09/10/2005 08:29:00,253,14,7,2,-16,1
09/10/2005 08:30:00,253,14,9,2,-16,1
09/10/2005 08:31:00,253,15,10,2,-15,1
09/10/2005 08:32:00,253,15,11,2,-15,1
09/10/2005 08:33:00,253,15,12,3,-15,1
09/10/2005 08:34:00,253,15,13,3,-14,1
09/10/2005 08:35:00,253,14,13,3,-14,1
09/10/2005 08:36:00,253,14,14,2,-12,1
09/10/2005 08:37:00,253,14,13,2,-11,1
09/10/2005 08:38:00,253,13,14,2,-10,1
09/10/2005 08:39:00,253,13,16,2,-9,1
09/10/2005 08:40:00,253,13,17,1,-9,1
09/10/2005 08:41:00,253,13,17,1,-9,1
09/10/2005 08:42:00,253,15,18,1,-8,1
09/10/2005 08:43:00,253,15,18,1,-8,1
09/10/2005 08:44:00,253,17,19,1,-9,1
09/10/2005 08:45:00,253,19,19,1,-9,1
09/10/2005 08:46:00,253,20,19,0,-8,1
09/10/2005 08:47:00,253,21,19,0,-9,1
09/10/2005 08:48:00,253,21,19,1,-9,1
09/10/2005 08:49:00,253,22,20,0,-8,1
09/10/2005 08:50:00,253,22,20,0,-8,1
09/10/2005 08:51:00,253,23,18,0,-9,1
09/10/2005 08:52:00,253,23,18,0,-9,1
09/10/2005 08:53:00,253,24,17,0,-9,1
09/10/2005 08:54:00,253,25,17,0,-9,1
09/10/2005 08:55:00,253,25,16,0,-9,1
09/10/2005 08:56:00,253,27,16,0,-9,1
09/10/2005 08:57:00,253,28,15,0,-9,1
09/10/2005 08:58:00,253,26,14,0,-9,1
09/10/2005 08:59:00,253,26,14,0,-9,1
09/10/2005 09:00:00,253,26,14,0,-9,1
09/10/2005 09:01:00,253,26,14,0,-10,1
09/10/2005 09:02:00,253,27,14,0,-10,1
09/10/2005 09:03:00,253,28,14,0,-10,1
09/10/2005 09:04:00,253,28,14,1,-10,1
09/10/2005 09:05:00,253,27,14,1,-10,1
09/10/2005 09:06:00,253,27,15,1,-10,1
09/10/2005 09:07:00,253,27,15,1,-10,1
09/10/2005 09:08:00,253,27,16,1,-11,1
09/10/2005 09:09:00,253,27,14,1,-10,1
09/10/2005 09:10:00,253,26,15,1,-10,1
09/10/2005 09:11:00,253,27,15,1,-9,1
09/10/2005 09:12:00,253,26,16,1,-9,1
09/10/2005 09:13:00,253,26,15,1,-9,1
09/10/2005 09:14:00,253,25,15,1,-8,1
09/10/2005 09:15:00,253,24,14,1,-7,1
09/10/2005 09:16:00,253,25,14,1,-7,1
09/10/2005 09:17:00,253,25,14,1,-6,1
09/10/2005 09:18:00,253,25,15,1,-6,1
09/10/2005 09:19:00,253,26,16,1,-6,1
09/10/2005 09:20:00,253,27,16,1,-6,1
09/10/2005 09:21:00,253,27,16,1,-5,1
09/10/2005 09:22:00,253,27,17,1,-5,1
09/10/2005 09:23:00,253,28,17,1,-5,1
09/10/2005 09:24:00,253,28,17,1,-6,1
09/10/2005 09:25:00,253,29,18,1,-5,1
09/10/2005 09:26:00,253,29,18,0,-5,1
09/10/2005 09:27:00,253,29,18,1,-5,1
09/10/2005 09:28:00,253,28,19,1,-5,1
09/10/2005 09:29:00,253,29,20,0,-5,1
09/10/2005 09:30:00,253,30,20,1,-5,1
09/10/2005 09:31:00,253,31,19,1,-4,1
09/10/2005 09:32:00,253,31,19,1,-3,1
09/10/2005 09:33:00,253,31,19,0,-3,1
09/10/2005 09:34:00,253,32,20,0,-3,1
09/10/2005 09:35:00,253,32,20,0,-3,1
09/10/2005 09:36:00,253,33,20,1,-3,1
09/10/2005 09:37:00,253,34,20,1,-3,1
09/10/2005 09:38:00,253,34,21,1,-3,1
09/10/2005 09:39:00,253,34,23,1,-3,1
09/10/2005 09:40:00,253,35,24,1,-4,1
09/10/2005 09:41:00,253,35,23,1,-4,1
09/10/2005 09:42:00,253,36,23,1,-5,1
09/10/2005 09:43:00,253,36,23,1,-5,1
09/10/2005 09:44:00,253,36,22,1,-5,1
09/10/2005 09:45:00,253,35,23,1,-5,1
09/10/2005 09:46:00,253,35,22,2,-5,1
09/10/2005 09:47:00,253,35,22,1,-6,1
09/10/2005 09:48:00,253,36,21,1,-7,1
09/10/2005 09:49:00,253,37,21,2,-8,1
09/10/2005 09:50:00,253,37,20,2,-7,1
09/10/2005 09:51:00,253,37,21,2,-7,1
09/10/2005 09:52:00,253,37,21,2,-8,1
09/10/2005 09:53:00,253,35,20,2,-8,1
09/10/2005 09:54:00,253,35,20,2,-8,1
09/10/2005 09:55:00,253,35,21,1,-8,1
09/10/2005 09:56:00,253,34,22,1,-7,1
09/10/2005 09:57:00,253,32,21,2,-7,1
09/10/2005 09:58:00,253,31,20,2,-7,1
09/10/2005 09:59:00,253,30,20,2,-7,1
09/10/2005 10:00:00,253,30,20,2,-7,1
09/10/2005 10:01:00,253,31,20,2,-7,1
09/10/2005 10:02:00,253,30,20,2,-7,1
09/10/2005 10:03:00,253,29,20,2,-7,1
09/10/2005 10:04:00,253,27,20,2,-7,1
09/10/2005 10:05:00,253,26,18,2,-6,1
09/10/2005 10:06:00,253,26,18,2,-5,1
09/10/2005 10:07:00,253,26,19,2,-4,1
09/10/2005 10:08:00,253,24,19,1,-3,1
09/10/2005 10:09:00,253,23,17,1,-1,1
09/10/2005 10:10:00,253,24,16,2,-2,1
09/10/2005 10:11:00,253,24,15,2,-4,1
09/10/2005 10:12:00,253,25,18,2,-5,1
09/10/2005 10:13:00,253,25,19,3,-4,1
09/10/2005 10:14:00,253,24,18,3,-4,1
09/10/2005 10:15:00,253,23,17,3,-4,1
09/10/2005 10:16:00,253,24,18,3,-5,1
09/10/2005 10:17:00,253,24,18,3,-5,1
09/10/2005 10:18:00,253,24,19,3,-5,1
09/10/2005 10:19:00,253,24,20,2,-4,1
09/10/2005 10:20:00,253,23,18,3,-4,1
09/10/2005 10:21:00,253,23,18,3,-3,1
09/10/2005 10:22:00,253,24,20,2,-2,1
09/10/2005 10:23:00,253,24,19,2,-1,1
09/10/2005 10:24:00,253,24,17,2,-1,1
09/10/2005 10:25:00,253,24,18,2,-2,1
09/10/2005 10:26:00,253,26,19,2,-2,1
09/10/2005 10:27:00,253,25,18,2,-1,1
09/10/2005 10:28:00,253,26,18,2,-1,1
09/10/2005 10:29:00,253,26,17,2,0,1
09/10/2005 10:30:00,253,26,18,2,1,1
09/10/2005 10:31:00,253,26,18,3,1,1
09/10/2005 10:32:00,253,26,17,2,1,1
09/10/2005 10:33:00,253,26,16,3,1,1
09/10/2005 10:34:00,253,27,18,2,1,1
09/10/2005 10:35:00,253,28,18,2,2,1
09/10/2005 10:36:00,253,27,16,3,1,1
09/10/2005 10:37:00,253,26,17,3,0,1
09/10/2005 10:38:00,253,25,16,3,-1,1
09/10/2005 10:39:00,253,26,17,3,-1,1
09/10/2005 10:40:00,253,28,18,3,0,1
09/10/2005 10:41:00,253,29,19,3,1,1
09/10/2005 10:42:00,253,29,18,3,1,1
09/10/2005 10:43:00,253,29,18,3,1,1
09/10/2005 10:44:00,253,29,19,3,1,1
09/10/2005 10:45:00,253,29,19,3,0,1
09/10/2005 10:46:00,253,31,22,2,2,1
09/10/2005 10:47:00,253,34,22,2,2,1
09/10/2005 10:48:00,253,36,23,2,1,1
09/10/2005 10:49:00,253,33,22,3,0,1
09/10/2005 10:50:00,253,29,21,3,-1,1
09/10/2005 10:51:00,253,30,24,3,-1,1
09/10/2005 10:52:00,253,32,24,3,-1,1
09/10/2005 10:53:00,253,29,22,3,-1,1
09/10/2005 10:54:00,253,29,22,3,-1,1
09/10/2005 10:55:00,253,28,22,3,-2,1
09/10/2005 10:56:00,253,29,22,4,-3,1
09/10/2005 10:57:00,253,28,20,4,-4,1
09/10/2005 10:58:00,253,27,20,4,-4,1
09/10/2005 10:59:00,253,26,19,4,-5,1
09/10/2005 11:00:00,253,25,19,3,-6,1
09/10/2005 11:01:00,253,29,19,3,-8,1
09/10/2005 11:02:00,253,31,17,4,-8,1
09/10/2005 11:03:00,253,31,16,3,-9,1
09/10/2005 11:04:00,253,31,14,3,-9,1
09/10/2005 11:05:00,253,32,14,3,-9,1
09/10/2005 11:06:00,253,32,16,3,-7,1
09/10/2005 11:07:00,253,32,17,3,-6,1
09/10/2005 11:08:00,253,32,17,3,-6,1
09/10/2005 11:09:00,253,33,12,2,-8,1
09/10/2005 11:10:00,253,35,13,2,-10,1
09/10/2005 11:11:00,253,39,12,2,-11,1
09/10/2005 11:12:00,253,42,12,2,-11,1
09/10/2005 11:13:00,253,40,13,2,-11,1
09/10/2005 11:14:00,253,42,17,2,-10,1
09/10/2005 11:15:00,253,39,17,2,-8,1
09/10/2005 11:16:00,253,37,15,1,-8,1
09/10/2005 11:17:00,253,41,17,1,-9,1
09/10/2005 11:18:00,253,43,14,2,-9,1
09/10/2005 11:19:00,253,43,15,2,-10,1
09/10/2005 11:20:00,253,43,14,2,-10,1
09/10/2005 11:21:00,253,42,14,2,-10,1
09/10/2005 11:22:00,253,40,15,2,-10,1
09/10/2005 11:23:00,253,38,14,2,-10,1
09/10/2005 11:24:00,253,36,12,2,-10,1
09/10/2005 11:25:00,253,33,11,1,-9,1
09/10/2005 11:26:00,253,32,11,1,-9,1
09/10/2005 11:27:00,253,33,13,1,-9,1
09/10/2005 11:28:00,253,31,12,1,-8,1
09/10/2005 11:29:00,253,30,11,1,-8,1
09/10/2005 11:30:00,253,28,10,0,-8,1
09/10/2005 11:31:00,253,28,11,0,-8,1
09/10/2005 11:32:00,253,29,10,0,-7,1
09/10/2005 11:33:00,253,29,10,1,-7,1
09/10/2005 11:34:00,253,29,9,0,-7,1
09/10/2005 11:35:00,253,27,8,0,-8,1
09/10/2005 11:36:00,253,29,9,0,-8,1
09/10/2005 11:37:00,253,29,9,0,-9,1
09/10/2005 11:38:00,253,32,9,1,-9,1
09/10/2005 11:39:00,253,34,8,1,-9,1
09/10/2005 11:40:00,253,32,9,1,-9,1
09/10/2005 11:41:00,253,31,10,1,-9,1
09/10/2005 11:42:00,253,30,11,1,-8,1
09/10/2005 11:43:00,253,29,11,0,-7,1
09/10/2005 11:44:00,253,31,11,1,-7,1
09/10/2005 11:45:00,253,33,10,1,-7,1
09/10/2005 11:46:00,253,32,11,1,-8,1
09/10/2005 11:47:00,253,31,13,1,-8,1
09/10/2005 11:48:00,253,33,14,1,-8,1
09/10/2005 11:49:00,253,32,11,1,-7,1
09/10/2005 11:50:00,253,29,15,1,-6,1
09/10/2005 11:51:00,253,28,22,1,-5,1
09/10/2005 11:52:00,253,32,17,1,-6,1
09/10/2005 11:53:00,253,30,14,1,-6,1
09/10/2005 11:54:00,253,31,12,1,-6,1
09/10/2005 11:55:00,253,31,12,2,-6,1
09/10/2005 11:56:00,253,29,12,1,-6,1
09/10/2005 11:57:00,253,30,13,1,-7,1
09/10/2005 11:58:00,253,30,14,1,-6,1
09/10/2005 11:59:00,253,28,14,1,-6,1
09/10/2005 12:00:00,253,29,12,1,-6,1
09/10/2005 12:01:00,253,30,12,1,-6,1
09/10/2005 12:02:00,253,28,12,0,-6,1
09/10/2005 12:03:00,253,29,12,0,-7,1
09/10/2005 12:04:00,253,29,11,0,-7,1
09/10/2005 12:05:00,253,28,10,0,-7,1
09/10/2005 12:06:00,253,27,9,0,-7,1
09/10/2005 12:07:00,253,25,9,0,-7,1
09/10/2005 12:08:00,253,26,9,0,-7,1
09/10/2005 12:09:00,253,27,9,0,-8,1
09/10/2005 12:10:00,253,27,8,0,-8,1
09/10/2005 12:11:00,253,24,8,0,-8,1
09/10/2005 12:12:00,253,24,8,0,-8,1
09/10/2005 12:13:00,253,25,9,0,-8,1
09/10/2005 12:14:00,253,22,10,0,-7,1
09/10/2005 12:15:00,253,19,11,0,-6,1
09/10/2005 12:16:00,253,18,10,0,-6,1
09/10/2005 12:17:00,253,18,10,-1,-5,1
09/10/2005 12:18:00,253,19,10,0,-5,1
09/10/2005 12:19:00,253,20,8,0,-5,1
09/10/2005 12:20:00,253,19,9,0,-5,1
09/10/2005 12:21:00,253,20,9,0,-5,1
09/10/2005 12:22:00,253,21,9,0,-5,1
09/10/2005 12:23:00,253,22,10,0,-4,1
09/10/2005 12:24:00,253,21,10,0,-3,1
09/10/2005 12:25:00,253,21,10,0,-4,1
09/10/2005 12:26:00,253,22,10,0,-4,1
09/10/2005 12:27:00,253,22,10,0,-3,1
09/10/2005 12:28:00,253,22,10,0,-3,1
09/10/2005 12:29:00,253,23,10,0,-3,1
09/10/2005 12:30:00,253,21,10,0,-3,1
09/10/2005 12:31:00,253,20,10,0,-3,1
09/10/2005 12:32:00,253,20,11,0,-2,1
09/10/2005 12:33:00,253,19,11,1,-2,1
09/10/2005 12:34:00,253,19,11,0,-2,1
09/10/2005 12:35:00,253,17,11,1,-1,1
09/10/2005 12:36:00,253,16,11,0,-1,1
09/10/2005 12:37:00,253,15,11,1,-1,1
09/10/2005 12:38:00,253,14,12,1,-1,1
09/10/2005 12:39:00,253,14,11,1,-1,1
09/10/2005 12:40:00,253,14,11,1,-1,1
09/10/2005 12:41:00,253,14,11,1,-1,1
09/10/2005 12:42:00,253,13,12,1,-1,1
09/10/2005 12:43:00,253,13,12,1,-1,1
09/10/2005 12:44:00,253,14,11,1,-1,1
09/10/2005 12:45:00,253,13,12,1,-1,1
09/10/2005 12:46:00,253,12,12,1,-1,1
09/10/2005 12:47:00,253,11,12,1,-1,1
09/10/2005 12:48:00,253,10,13,1,-2,1
09/10/2005 12:49:00,253,9,13,1,-3,1
09/10/2005 12:50:00,253,9,14,1,-3,1
09/10/2005 12:51:00,253,11,15,1,-3,1
09/10/2005 12:52:00,253,12,12,1,-3,1
09/10/2005 12:53:00,253,10,12,1,-3,1
09/10/2005 12:54:00,253,11,12,1,-2,1
09/10/2005 12:55:00,253,11,11,1,0,1
09/10/2005 12:56:00,253,12,11,1,1,1
09/10/2005 12:57:00,253,13,10,1,2,1
09/10/2005 12:58:00,253,17,11,1,2,1
09/10/2005 12:59:00,253,18,11,1,1,1
09/10/2005 13:00:00,253,17,12,1,2,1
09/10/2005 13:01:00,253,14,13,1,1,1
09/10/2005 13:02:00,253,13,13,1,1,1
09/10/2005 13:03:00,253,15,12,1,1,1
09/10/2005 13:04:00,253,14,12,1,0,1
09/10/2005 13:05:00,253,13,12,1,1,1
09/10/2005 13:06:00,253,11,12,1,0,1
09/10/2005 13:07:00,253,10,12,0,0,1
09/10/2005 13:08:00,253,10,12,0,0,1
09/10/2005 13:09:00,253,12,11,1,-1,1
09/10/2005 13:10:00,253,14,9,1,-1,1
09/10/2005 13:11:00,253,15,10,1,-2,1
09/10/2005 13:12:00,253,16,10,1,-1,1
09/10/2005 13:13:00,253,16,10,1,-1,1
09/10/2005 13:14:00,253,16,10,1,-1,1
09/10/2005 13:15:00,253,16,10,1,-1,1
09/10/2005 13:16:00,253,16,11,1,-1,1
09/10/2005 13:17:00,253,16,10,1,-1,1
09/10/2005 13:18:00,253,14,10,1,0,1
09/10/2005 13:19:00,253,14,11,1,0,1
09/10/2005 13:20:00,253,16,9,1,-1,1
09/10/2005 13:21:00,253,17,10,1,-1,1
09/10/2005 13:22:00,253,15,10,1,-1,1
09/10/2005 13:23:00,253,13,10,0,-1,1
09/10/2005 13:24:00,253,11,10,0,0,1
09/10/2005 13:25:00,253,13,11,0,0,1
09/10/2005 13:26:00,253,15,14,0,1,1
09/10/2005 13:27:00,253,14,14,0,1,1
09/10/2005 13:28:00,253,15,15,0,1,1
09/10/2005 13:29:00,253,17,14,1,1,1
09/10/2005 13:30:00,253,19,15,1,1,1
09/10/2005 13:31:00,253,20,17,1,1,1
09/10/2005 13:32:00,253,20,17,1,2,1
09/10/2005 13:33:00,253,21,18,1,2,1
09/10/2005 13:34:00,253,21,20,2,2,1
09/10/2005 13:35:00,253,23,20,2,2,1
09/10/2005 13:36:00,253,24,21,2,2,1
09/10/2005 13:37:00,253,24,21,2,2,1
09/10/2005 13:38:00,253,24,21,2,2,1
09/10/2005 13:39:00,253,24,22,2,1,1
09/10/2005 13:40:00,253,25,24,2,1,1
09/10/2005 13:41:00,253,27,25,2,1,1
09/10/2005 13:42:00,253,28,26,2,1,1
09/10/2005 13:43:00,253,29,26,2,1,1
09/10/2005 13:44:00,253,30,26,3,0,1
09/10/2005 13:45:00,253,30,27,3,0,1
09/10/2005 13:46:00,253,30,28,3,-1,1
09/10/2005 13:47:00,253,32,29,3,-1,1
09/10/2005 13:48:00,253,33,30,3,-2,1
09/10/2005 13:49:00,253,32,30,3,-2,1
09/10/2005 13:50:00,253,31,31,3,-2,1
09/10/2005 13:51:00,253,31,31,3,-2,1
09/10/2005 13:52:00,253,31,32,3,-1,1
09/10/2005 13:53:00,253,31,33,3,-1,1
09/10/2005 13:54:00,253,31,35,4,-1,1
09/10/2005 13:55:00,253,32,37,4,-2,1
09/10/2005 13:56:00,253,32,36,4,-1,1
09/10/2005 13:57:00,253,33,37,4,-1,1
09/10/2005 13:58:00,253,33,36,4,-1,1
09/10/2005 13:59:00,253,32,37,4,-2,1
09/10/2005 14:00:00,253,32,38,5,-2,1
09/10/2005 14:01:00,253,33,38,5,-2,1
09/10/2005 14:02:00,253,33,37,5,-3,1
09/10/2005 14:03:00,253,32,37,6,-4,1
09/10/2005 14:04:00,253,32,32,6,-5,1
09/10/2005 14:05:00,253,30,28,6,-3,1
09/10/2005 14:06:00,253,26,34,6,-5,1
09/10/2005 14:07:00,253,26,33,6,-5,1
09/10/2005 14:08:00,253,27,29,6,-5,1
09/10/2005 14:09:00,253,26,27,6,-5,1
09/10/2005 14:10:00,253,24,25,5,-5,1
09/10/2005 14:11:00,253,22,21,5,-5,1
09/10/2005 14:12:00,253,20,18,4,-4,1
09/10/2005 14:13:00,253,18,16,4,-5,1
09/10/2005 14:14:00,253,17,13,3,-4,1
09/10/2005 14:15:00,253,16,10,3,-4,1
09/10/2005 14:16:00,253,14,8,3,-4,1
09/10/2005 14:17:00,253,14,8,3,-4,1
09/10/2005 14:18:00,253,15,8,3,-4,1
09/10/2005 14:19:00,253,15,6,3,-4,1
09/10/2005 14:20:00,253,13,7,3,-4,1
09/10/2005 14:21:00,253,12,8,3,-4,1
09/10/2005 14:22:00,253,11,9,3,-3,1
09/10/2005 14:23:00,253,11,9,3,-4,1
09/10/2005 14:24:00,253,11,9,3,-4,1
09/10/2005 14:25:00,253,11,9,3,-4,1
09/10/2005 14:26:00,253,11,10,3,-5,1
09/10/2005 14:27:00,253,10,10,3,-5,1
09/10/2005 14:28:00,253,10,12,3,-5,1
09/10/2005 14:29:00,253,10,13,3,-6,1
09/10/2005 14:30:00,253,12,11,4,-6,1
09/10/2005 14:31:00,253,13,13,4,-6,1
09/10/2005 14:32:00,253,12,15,4,-5,1
09/10/2005 14:33:00,253,11,17,4,-5,1
09/10/2005 14:34:00,253,12,22,5,-6,1
09/10/2005 14:35:00,253,10,26,5,-7,1
09/10/2005 14:36:00,253,11,32,6,-8,1
09/10/2005 14:37:00,253,13,33,7,-10,1
09/10/2005 14:38:00,253,14,36,7,-10,1
09/10/2005 14:39:00,253,14,40,7,-11,1
09/10/2005 14:40:00,253,14,43,6,-10,1
09/10/2005 14:41:00,253,12,49,6,-9,1
09/10/2005 14:42:00,253,12,48,6,-9,1
09/10/2005 14:43:00,253,14,45,7,-9,1
09/10/2005 14:44:00,253,17,45,7,-10,1
09/10/2005 14:45:00,253,17,48,7,-10,1
09/10/2005 14:46:00,253,16,54,7,-11,1
09/10/2005 14:47:00,253,21,46,8,-11,1
09/10/2005 14:48:00,253,22,39,8,-11,1
09/10/2005 14:49:00,253,21,32,7,-10,1
09/10/2005 14:50:00,253,18,35,6,-10,1
09/10/2005 14:51:00,253,15,35,6,-10,1
09/10/2005 14:52:00,253,18,27,6,-9,1
09/10/2005 14:53:00,253,19,25,7,-10,1
09/10/2005 14:54:00,253,17,25,6,-11,1
09/10/2005 14:55:00,253,16,22,7,-12,1
09/10/2005 14:56:00,253,17,20,7,-11,1
09/10/2005 14:57:00,253,18,18,7,-11,1
09/10/2005 14:58:00,253,18,17,6,-11,1
09/10/2005 14:59:00,253,17,16,6,-12,1
09/10/2005 15:00:00,253,17,15,6,-12,1
09/10/2005 15:01:00,253,15,17,5,-13,1
09/10/2005 15:02:00,253,14,18,5,-13,1
09/10/2005 15:03:00,253,13,20,5,-13,1
09/10/2005 15:04:00,253,13,21,5,-14,1
09/10/2005 15:05:00,253,15,20,5,-14,1
09/10/2005 15:06:00,253,13,27,5,-14,1
09/10/2005 15:07:00,253,13,26,5,-12,1
09/10/2005 15:08:00,253,13,24,5,-11,1
09/10/2005 15:09:00,253,14,22,5,-9,1
09/10/2005 15:10:00,253,14,25,4,-8,1
09/10/2005 15:11:00,253,15,25,4,-8,1
09/10/2005 15:12:00,253,16,22,5,-8,1
09/10/2005 15:13:00,253,17,22,5,-8,1
09/10/2005 15:14:00,253,18,22,5,-8,1
09/10/2005 15:15:00,253,18,22,5,-8,1
09/10/2005 15:16:00,253,19,17,5,-8,1
09/10/2005 15:17:00,253,19,19,5,-8,1
09/10/2005 15:18:00,253,20,22,5,-9,1
09/10/2005 15:19:00,253,20,21,5,-8,1
09/10/2005 15:20:00,253,21,23,6,-9,1
09/10/2005 15:21:00,253,24,23,6,-10,1
09/10/2005 15:22:00,253,23,22,6,-10,1
09/10/2005 15:23:00,253,23,24,6,-11,1
09/10/2005 15:24:00,253,26,25,7,-11,1
09/10/2005 15:25:00,253,25,25,7,-11,1
09/10/2005 15:26:00,253,25,26,7,-11,1
09/10/2005 15:27:00,253,25,28,7,-12,1
09/10/2005 15:28:00,253,24,28,7,-13,1
09/10/2005 15:29:00,253,25,29,7,-14,1
09/10/2005 15:30:00,253,24,28,7,-14,1
09/10/2005 15:31:00,253,23,27,7,-14,1
09/10/2005 15:32:00,253,23,22,7,-14,1
09/10/2005 15:33:00,253,23,24,7,-16,1
09/10/2005 15:34:00,253,23,23,7,-16,1
09/10/2005 15:35:00,253,24,21,7,-16,1
09/10/2005 15:36:00,253,24,20,7,-17,1
09/10/2005 15:37:00,253,22,19,7,-17,1
09/10/2005 15:38:00,253,20,19,7,-17,1
09/10/2005 15:39:00,253,18,18,7,-18,1
09/10/2005 15:40:00,253,17,18,6,-18,1
09/10/2005 15:41:00,253,16,18,6,-19,1
09/10/2005 15:42:00,253,17,18,6,-19,1
09/10/2005 15:43:00,253,17,16,6,-19,1
09/10/2005 15:44:00,253,17,16,5,-19,1
09/10/2005 15:45:00,253,18,17,5,-18,1
09/10/2005 15:46:00,253,18,20,4,-17,1
09/10/2005 15:47:00,253,20,22,4,-17,1
09/10/2005 15:48:00,253,20,25,4,-16,1
09/10/2005 15:49:00,253,21,27,4,-15,1
09/10/2005 15:50:00,253,22,29,4,-15,1
09/10/2005 15:51:00,253,23,31,3,-14,1
09/10/2005 15:52:00,253,24,33,3,-14,1
09/10/2005 15:53:00,253,21,35,3,-14,1
09/10/2005 15:54:00,253,21,38,3,-15,1
09/10/2005 15:55:00,253,20,40,4,-14,1
09/10/2005 15:56:00,253,20,42,4,-14,1
09/10/2005 15:57:00,253,19,44,4,-13,1
09/10/2005 15:58:00,253,19,46,4,-14,1
09/10/2005 15:59:00,253,19,48,4,-13,1
09/10/2005 16:00:00,253,18,50,4,-13,1
09/10/2005 16:01:00,253,17,52,4,-13,1
09/10/2005 16:02:00,253,16,55,3,-13,1
09/10/2005 16:03:00,253,17,58,3,-14,1
09/10/2005 16:04:00,253,18,62,2,-15,1
09/10/2005 16:05:00,253,20,65,2,-16,1
09/10/2005 16:06:00,253,20,67,2,-17,1
09/10/2005 16:07:00,253,19,70,2,-19,1
09/10/2005 16:08:00,253,21,73,2,-21,1
09/10/2005 16:09:00,253,24,75,2,-22,1
09/10/2005 16:10:00,253,27,72,2,-23,1
09/10/2005 16:11:00,253,29,75,2,-24,1
09/10/2005 16:12:00,253,32,74,1,-24,1
09/10/2005 16:13:00,253,34,75,1,-24,1
09/10/2005 16:14:00,253,36,77,1,-25,1
09/10/2005 16:15:00,253,37,77,1,-24,1
09/10/2005 16:16:00,253,38,78,1,-24,1
09/10/2005 16:17:00,253,39,75,1,-23,1
09/10/2005 16:18:00,253,41,76,1,-23,1
09/10/2005 16:19:00,253,40,77,1,-23,1
09/10/2005 16:20:00,253,39,78,1,-24,1
09/10/2005 16:21:00,253,41,75,1,-23,1
09/10/2005 16:22:00,253,43,75,1,-23,1
09/10/2005 16:23:00,253,43,76,1,-23,1
09/10/2005 16:24:00,253,41,81,1,-25,1
09/10/2005 16:25:00,253,40,83,0,-26,1
09/10/2005 16:26:00,253,40,83,0,-25,1
09/10/2005 16:27:00,253,41,92,-1,-26,1
09/10/2005 16:28:00,253,41,94,-1,-26,1
09/10/2005 16:29:00,253,41,96,-1,-26,1
09/10/2005 16:30:00,253,42,92,0,-25,1
09/10/2005 16:31:00,253,42,89,0,-25,1
09/10/2005 16:32:00,253,44,88,0,-25,1
09/10/2005 16:33:00,253,44,88,0,-24,1
09/10/2005 16:34:00,253,42,93,0,-25,1
09/10/2005 16:35:00,253,43,92,1,-26,1
09/10/2005 16:36:00,253,42,93,1,-26,1
09/10/2005 16:37:00,253,41,95,1,-28,1
09/10/2005 16:38:00,253,43,94,1,-29,1
09/10/2005 16:39:00,253,43,98,2,-31,1
09/10/2005 16:40:00,253,43,101,4,-32,1
09/10/2005 16:41:00,253,45,98,5,-32,1
09/10/2005 16:42:00,253,45,103,6,-32,1
09/10/2005 16:43:00,253,46,108,7,-33,1
09/10/2005 16:44:00,253,47,107,7,-34,1
09/10/2005 16:45:00,253,47,105,7,-35,1
09/10/2005 16:46:00,253,48,105,6,-37,1
09/10/2005 16:47:00,253,47,106,6,-38,1
09/10/2005 16:48:00,253,47,106,5,-39,1
09/10/2005 16:49:00,253,47,101,5,-37,1
09/10/2005 16:50:00,253,46,101,4,-38,1
09/10/2005 16:51:00,253,47,98,4,-37,1
09/10/2005 16:52:00,253,46,96,4,-36,1
09/10/2005 16:53:00,253,47,93,4,-34,1
09/10/2005 16:54:00,253,47,92,4,-33,1
09/10/2005 16:55:00,253,48,90,4,-33,1
09/10/2005 16:56:00,253,48,91,4,-35,1
09/10/2005 16:57:00,253,47,89,4,-35,1
09/10/2005 16:58:00,253,47,90,4,-35,1
09/10/2005 16:59:00,253,47,92,4,-35,1
09/10/2005 17:00:00,253,48,92,3,-35,1
09/10/2005 17:01:00,253,48,90,3,-35,1
09/10/2005 17:02:00,253,49,90,3,-35,1
09/10/2005 17:03:00,253,49,92,3,-36,1
09/10/2005 17:04:00,253,49,91,3,-37,1
09/10/2005 17:05:00,253,50,91,3,-37,1
09/10/2005 17:06:00,253,50,91,3,-37,1
09/10/2005 17:07:00,253,50,91,3,-38,1
09/10/2005 17:08:00,253,50,89,3,-38,1
09/10/2005 17:09:00,253,50,88,4,-38,1
09/10/2005 17:10:00,253,51,84,4,-38,1
09/10/2005 17:11:00,253,53,80,4,-37,1
09/10/2005 17:12:00,253,54,79,4,-37,1
09/10/2005 17:13:00,253,53,78,4,-37,1
09/10/2005 17:14:00,253,54,77,4,-37,1
09/10/2005 17:15:00,253,57,78,5,-36,1
09/10/2005 17:16:00,253,58,79,5,-36,1
09/10/2005 17:17:00,253,59,79,5,-36,1
09/10/2005 17:18:00,253,61,78,5,-37,1
09/10/2005 17:19:00,253,65,77,5,-37,1
09/10/2005 17:20:00,253,66,77,5,-37,1
09/10/2005 17:21:00,253,66,78,5,-37,1
09/10/2005 17:22:00,253,68,79,5,-36,1
09/10/2005 17:23:00,253,67,80,5,-37,1
09/10/2005 17:24:00,253,67,81,5,-37,1
09/10/2005 17:25:00,253,68,82,5,-37,1
09/10/2005 17:26:00,253,68,81,5,-38,1
09/10/2005 17:27:00,253,69,80,5,-38,1
09/10/2005 17:28:00,253,69,81,5,-39,1
09/10/2005 17:29:00,253,70,82,4,-40,1
09/10/2005 17:30:00,253,69,83,4,-40,1
09/10/2005 17:31:00,253,67,83,5,-41,1
09/10/2005 17:32:00,253,69,86,4,-40,1
09/10/2005 17:33:00,253,67,86,4,-39,1
09/10/2005 17:34:00,253,68,86,4,-39,1
09/10/2005 17:35:00,253,68,86,3,-38,1
09/10/2005 17:36:00,253,67,86,4,-37,1
09/10/2005 17:37:00,253,67,84,4,-36,1
09/10/2005 17:38:00,253,68,82,3,-35,1
09/10/2005 17:39:00,253,68,80,3,-35,1
09/10/2005 17:40:00,253,69,77,3,-36,1
09/10/2005 17:41:00,253,70,75,3,-36,1
09/10/2005 17:42:00,253,70,72,2,-36,1
09/10/2005 17:43:00,253,68,74,3,-34,1
09/10/2005 17:44:00,253,67,76,3,-33,1
09/10/2005 17:45:00,253,65,74,3,-32,1
09/10/2005 17:46:00,253,65,72,3,-33,1
09/10/2005 17:47:00,253,64,71,3,-34,1
09/10/2005 17:48:00,253,64,69,3,-34,1
09/10/2005 17:49:00,253,62,69,3,-34,1
09/10/2005 17:50:00,253,61,71,4,-34,1
09/10/2005 17:51:00,253,58,69,4,-34,1
09/10/2005 17:52:00,253,57,68,4,-35,1
09/10/2005 17:53:00,253,56,66,4,-36,1
09/10/2005 17:54:00,253,58,65,5,-37,1
09/10/2005 17:55:00,253,58,64,5,-36,1
09/10/2005 17:56:00,253,58,65,6,-36,1
09/10/2005 17:57:00,253,59,67,5,-36,1
09/10/2005 17:58:00,253,58,67,5,-36,1
09/10/2005 17:59:00,253,59,67,5,-35,1
09/10/2005 18:00:00,253,57,67,4,-35,1
09/10/2005 18:01:00,253,59,67,4,-32,1
09/10/2005 18:02:00,253,59,68,4,-31,1
09/10/2005 18:03:00,253,58,65,4,-30,1
09/10/2005 18:04:00,253,57,63,4,-30,1
09/10/2005 18:05:00,253,58,60,4,-31,1
09/10/2005 18:06:00,253,57,57,5,-31,1
09/10/2005 18:07:00,253,57,56,6,-32,1
09/10/2005 18:08:00,253,54,56,7,-33,1
09/10/2005 18:09:00,253,51,57,7,-34,1
09/10/2005 18:10:00,253,50,57,7,-34,1
09/10/2005 18:11:00,253,48,59,7,-35,1
09/10/2005 18:12:00,253,47,60,7,-36,1
09/10/2005 18:13:00,253,45,62,6,-36,1
09/10/2005 18:14:00,253,44,63,6,-36,1
09/10/2005 18:15:00,253,44,66,6,-35,1
09/10/2005 18:16:00,253,44,67,5,-33,1
09/10/2005 18:17:00,253,44,66,5,-32,1
09/10/2005 18:18:00,253,46,62,5,-32,1
09/10/2005 18:19:00,253,50,63,5,-31,1
09/10/2005 18:20:00,253,52,62,5,-30,1
09/10/2005 18:21:00,253,54,62,6,-30,1
09/10/2005 18:22:00,253,58,62,6,-29,1
09/10/2005 18:23:00,253,58,61,6,-29,1
09/10/2005 18:24:00,253,58,61,6,-30,1
09/10/2005 18:25:00,253,57,61,6,-30,1
09/10/2005 18:26:00,253,57,60,7,-30,1
09/10/2005 18:27:00,253,56,59,7,-31,1
09/10/2005 18:28:00,253,57,59,7,-31,1
09/10/2005 18:29:00,253,60,58,7,-32,1
09/10/2005 18:30:00,253,60,57,7,-33,1
09/10/2005 18:31:00,253,62,58,7,-33,1
09/10/2005 18:32:00,253,64,59,7,-33,1
09/10/2005 18:33:00,253,65,60,7,-33,1
09/10/2005 18:34:00,253,68,60,7,-33,1
09/10/2005 18:35:00,253,69,67,7,-31,1
09/10/2005 18:36:00,253,72,69,7,-31,1
09/10/2005 18:37:00,253,77,68,7,-31,1
09/10/2005 18:38:00,253,79,67,7,-32,1
09/10/2005 18:39:00,253,78,68,8,-33,1
09/10/2005 18:40:00,253,80,68,8,-33,1
09/10/2005 18:41:00,253,79,68,8,-33,1
09/10/2005 18:42:00,253,77,64,8,-34,1
09/10/2005 18:43:00,253,76,62,8,-35,1
09/10/2005 18:44:00,253,76,62,8,-35,1
09/10/2005 18:45:00,253,75,60,7,-36,1
09/10/2005 18:46:00,253,76,59,7,-37,1
09/10/2005 18:47:00,253,76,58,7,-37,1
09/10/2005 18:48:00,253,77,61,7,-37,1
09/10/2005 18:49:00,253,77,59,7,-37,1
09/10/2005 18:50:00,253,76,59,7,-38,1
09/10/2005 18:51:00,253,77,58,7,-40,1
09/10/2005 18:52:00,253,75,58,7,-39,1
09/10/2005 18:53:00,253,74,58,7,-39,1
09/10/2005 18:54:00,253,73,59,7,-39,1
09/10/2005 18:55:00,253,71,59,7,-39,1
09/10/2005 18:56:00,253,70,60,7,-40,1
09/10/2005 18:57:00,253,68,60,7,-40,1
09/10/2005 18:58:00,253,66,58,6,-39,1
09/10/2005 18:59:00,253,66,61,6,-38,1
09/10/2005 19:00:00,253,66,61,6,-38,1
09/10/2005 19:01:00,253,64,63,5,-36,1
09/10/2005 19:02:00,253,64,62,6,-36,1
09/10/2005 19:03:00,253,64,64,6,-35,1
09/10/2005 19:04:00,253,64,67,5,-34,1
09/10/2005 19:05:00,253,62,71,5,-32,1
09/10/2005 19:06:00,253,61,73,5,-32,1
09/10/2005 19:07:00,253,59,73,5,-32,1
09/10/2005 19:08:00,253,60,70,5,-33,1
09/10/2005 19:09:00,253,57,71,5,-32,1
09/10/2005 19:10:00,253,55,70,5,-33,1
09/10/2005 19:11:00,253,54,69,5,-33,1
09/10/2005 19:12:00,253,51,71,4,-32,1
09/10/2005 19:13:00,253,51,67,3,-32,1
09/10/2005 19:14:00,253,49,65,2,-33,1
09/10/2005 19:15:00,253,49,62,2,-34,1
09/10/2005 19:16:00,253,49,60,2,-36,1
09/10/2005 19:17:00,253,49,62,1,-36,1
09/10/2005 19:18:00,253,49,63,1,-35,1
09/10/2005 19:19:00,253,50,65,0,-34,1
09/10/2005 19:20:00,253,50,65,-1,-33,1
09/10/2005 19:21:00,253,50,68,-1,-31,1
09/10/2005 19:22:00,253,51,67,-2,-30,1
09/10/2005 19:23:00,253,54,65,-3,-30,1
09/10/2005 19:24:00,253,55,63,-4,-30,1
09/10/2005 19:25:00,253,55,61,-4,-31,1
09/10/2005 19:26:00,253,56,56,-4,-33,1
09/10/2005 19:27:00,253,55,55,-5,-32,1
09/10/2005 19:28:00,253,55,60,-5,-31,1
09/10/2005 19:29:00,253,57,58,-6,-32,1
09/10/2005 19:30:00,253,59,57,-6,-32,1
09/10/2005 19:31:00,253,61,48,-6,-34,1
09/10/2005 19:32:00,253,60,44,-5,-34,1
09/10/2005 19:33:00,253,57,43,-5,-34,1
09/10/2005 19:34:00,253,58,42,-6,-32,1
09/10/2005 19:35:00,253,58,37,-5,-34,1
09/10/2005 19:36:00,253,57,33,-5,-34,1
09/10/2005 19:37:00,253,54,30,-4,-35,1
09/10/2005 19:38:00,253,53,29,-4,-35,1
09/10/2005 19:39:00,253,52,29,-4,-36,1
09/10/2005 19:40:00,253,49,28,-4,-36,1
09/10/2005 19:41:00,253,50,26,-3,-34,1
09/10/2005 19:42:00,253,50,25,-3,-34,1
09/10/2005 19:43:00,253,46,25,-2,-35,1
09/10/2005 19:44:00,253,43,26,-2,-36,1
09/10/2005 19:45:00,253,42,25,-2,-37,1
09/10/2005 19:46:00,253,42,24,-1,-37,1
09/10/2005 19:47:00,253,41,24,0,-38,1
09/10/2005 19:48:00,253,38,27,1,-39,1
09/10/2005 19:49:00,253,32,29,2,-38,1
09/10/2005 19:50:00,253,30,31,1,-35,1
09/10/2005 19:51:00,253,28,32,1,-35,1
09/10/2005 19:52:00,253,26,29,0,-34,1
09/10/2005 19:53:00,253,23,28,0,-35,1
09/10/2005 19:54:00,253,25,28,1,-34,1
09/10/2005 19:55:00,253,24,29,1,-33,1
09/10/2005 19:56:00,253,23,33,2,-32,1
09/10/2005 19:57:00,253,21,32,1,-30,1
09/10/2005 19:58:00,253,20,42,0,-26,1
09/10/2005 19:59:00,253,22,49,-1,-24,1
09/10/2005 20:00:00,253,28,48,0,-26,1
09/10/2005 20:01:00,253,28,46,1,-27,1
09/10/2005 20:02:00,253,25,44,1,-27,1
09/10/2005 20:03:00,253,22,50,0,-25,1
09/10/2005 20:04:00,253,26,52,0,-25,1
09/10/2005 20:05:00,253,30,56,0,-26,1
09/10/2005 20:06:00,253,30,57,1,-26,1
09/10/2005 20:07:00,253,31,62,0,-24,1
09/10/2005 20:08:00,253,30,63,0,-23,1
09/10/2005 20:09:00,253,35,59,-1,-25,1
09/10/2005 20:10:00,253,39,66,-1,-23,1
09/10/2005 20:11:00,253,40,63,0,-24,1
09/10/2005 20:12:00,253,43,66,0,-22,1
09/10/2005 20:13:00,253,46,83,0,-17,1
09/10/2005 20:14:00,253,48,84,0,-16,1
09/10/2005 20:15:00,253,47,73,-1,-20,1
09/10/2005 20:16:00,253,47,64,-1,-24,1
09/10/2005 20:17:00,253,52,61,-1,-24,1
09/10/2005 20:18:00,253,54,64,-1,-22,1
09/10/2005 20:19:00,253,54,69,-2,-21,1
09/10/2005 20:20:00,253,55,76,-2,-18,1
09/10/2005 20:21:00,253,57,77,-2,-19,1
09/10/2005 20:22:00,253,57,68,-1,-22,1
09/10/2005 20:23:00,253,53,59,0,-25,1
09/10/2005 20:24:00,253,44,58,-1,-25,1
09/10/2005 20:25:00,253,42,57,-2,-25,1
09/10/2005 20:26:00,253,45,62,-2,-24,1
09/10/2005 20:27:00,253,46,58,-1,-27,1
09/10/2005 20:28:00,253,48,57,-1,-28,1
09/10/2005 20:29:00,253,49,56,0,-30,1
09/10/2005 20:30:00,253,48,57,-1,-31,1
09/10/2005 20:31:00,253,44,54,-1,-32,1
09/10/2005 20:32:00,253,43,50,0,-33,1
09/10/2005 20:33:00,253,42,50,0,-33,1
09/10/2005 20:34:00,253,42,52,0,-34,1
09/10/2005 20:35:00,253,44,51,0,-34,1
09/10/2005 20:36:00,253,45,48,0,-35,1
09/10/2005 20:37:00,253,48,47,1,-36,1
09/10/2005 20:38:00,253,46,48,1,-36,1
09/10/2005 20:39:00,253,46,49,0,-35,1
09/10/2005 20:40:00,253,49,51,1,-35,1
09/10/2005 20:41:00,253,45,54,1,-35,1
09/10/2005 20:42:00,253,44,57,0,-34,1
09/10/2005 20:43:00,253,41,55,-1,-34,1
09/10/2005 20:44:00,253,40,57,-1,-33,1
09/10/2005 20:45:00,253,39,55,-1,-33,1
09/10/2005 20:46:00,253,36,56,-2,-32,1
09/10/2005 20:47:00,253,37,56,-3,-32,1
09/10/2005 20:48:00,253,38,53,-3,-33,1
09/10/2005 20:49:00,253,41,55,-3,-34,1
09/10/2005 20:50:00,253,41,52,-4,-35,1
09/10/2005 20:51:00,253,38,53,-4,-34,1
09/10/2005 20:52:00,253,39,56,-5,-32,1
09/10/2005 20:53:00,253,40,57,-6,-32,1
09/10/2005 20:54:00,253,36,56,-7,-33,1
09/10/2005 20:55:00,253,36,57,-7,-33,1
09/10/2005 20:56:00,253,39,59,-8,-32,1
09/10/2005 20:57:00,253,43,58,-8,-33,1
09/10/2005 20:58:00,253,43,57,-8,-34,1
09/10/2005 20:59:00,253,40,56,-8,-35,1
09/10/2005 21:00:00,253,40,54,-8,-37,1
09/10/2005 21:01:00,253,37,53,-9,-38,1
09/10/2005 21:02:00,253,36,51,-9,-38,1
09/10/2005 21:03:00,253,40,51,-8,-36,1
09/10/2005 21:04:00,253,35,45,-8,-40,1
09/10/2005 21:05:00,253,34,40,-8,-45,1
09/10/2005 21:06:00,253,38,42,-7,-46,1
09/10/2005 21:07:00,253,33,42,-8,-46,1
09/10/2005 21:08:00,253,32,39,-7,-48,1
09/10/2005 21:09:00,253,33,38,-7,-50,1
09/10/2005 21:10:00,253,31,37,-6,-51,1
09/10/2005 21:11:00,253,31,36,-6,-53,1
09/10/2005 21:12:00,253,31,35,-6,-55,1
09/10/2005 21:13:00,253,31,36,-6,-56,1
09/10/2005 21:14:00,253,28,39,-6,-59,1
09/10/2005 21:15:00,253,27,39,-6,-58,1
09/10/2005 21:16:00,253,27,40,-6,-58,1
09/10/2005 21:17:00,253,27,40,-6,-58,1
09/10/2005 21:18:00,253,27,40,-6,-59,1
09/10/2005 21:19:00,253,28,41,-6,-60,1
09/10/2005 21:20:00,253,30,41,-7,-61,1
09/10/2005 21:21:00,253,32,46,-7,-62,1
09/10/2005 21:22:00,253,33,48,-7,-64,1
09/10/2005 21:23:00,253,27,46,-7,-63,1
09/10/2005 21:24:00,253,26,47,-7,-63,1
09/10/2005 21:25:00,253,26,46,-8,-62,1
09/10/2005 21:26:00,253,22,48,-8,-63,1
09/10/2005 21:27:00,253,22,48,-8,-64,1
09/10/2005 21:28:00,253,19,45,-8,-64,1
09/10/2005 21:29:00,253,19,45,-8,-64,1
09/10/2005 21:30:00,253,20,46,-8,-64,1
09/10/2005 21:31:00,253,21,46,-8,-64,1
09/10/2005 21:32:00,253,21,47,-9,-63,1
09/10/2005 21:33:00,253,20,48,-9,-63,1
09/10/2005 21:34:00,253,21,46,-9,-63,1
09/10/2005 21:35:00,253,21,43,-9,-63,1
09/10/2005 21:36:00,253,22,44,-9,-63,1
09/10/2005 21:37:00,253,23,44,-9,-62,1
09/10/2005 21:38:00,253,23,45,-9,-63,1
09/10/2005 21:39:00,253,23,43,-9,-62,1
09/10/2005 21:40:00,253,21,40,-9,-60,1
09/10/2005 21:41:00,253,24,38,-8,-60,1
09/10/2005 21:42:00,253,27,35,-8,-59,1
09/10/2005 21:43:00,253,27,37,-7,-61,1
09/10/2005 21:44:00,253,22,40,-8,-60,1
09/10/2005 21:45:00,253,24,39,-8,-59,1
09/10/2005 21:46:00,253,24,40,-8,-58,1
09/10/2005 21:47:00,253,27,41,-7,-60,1
09/10/2005 21:48:00,253,29,42,-6,-62,1
09/10/2005 21:49:00,253,32,36,-6,-59,1
09/10/2005 21:50:00,253,31,34,-5,-58,1
09/10/2005 21:51:00,253,26,41,-5,-60,1
09/10/2005 21:52:00,253,24,39,-6,-60,1
09/10/2005 21:53:00,253,30,34,-5,-60,1
09/10/2005 21:54:00,253,34,31,-5,-58,1
09/10/2005 21:55:00,253,38,30,-4,-57,1
09/10/2005 21:56:00,253,41,29,-4,-57,1
09/10/2005 21:57:00,253,44,27,-4,-56,1
09/10/2005 21:58:00,253,43,29,-4,-57,1
09/10/2005 21:59:00,253,40,28,-4,-57,1
09/10/2005 22:00:00,253,41,32,-3,-58,1
09/10/2005 22:01:00,253,45,27,-3,-55,1
09/10/2005 22:02:00,253,45,26,-3,-55,1
09/10/2005 22:03:00,253,43,29,-4,-54,1
09/10/2005 22:04:00,253,41,28,-4,-57,1
09/10/2005 22:05:00,253,49,26,-3,-58,1
09/10/2005 22:06:00,253,57,28,-2,-53,1
09/10/2005 22:07:00,253,50,36,-3,-50,1
09/10/2005 22:08:00,253,47,35,-4,-53,1
09/10/2005 22:09:00,253,55,29,-3,-56,1
09/10/2005 22:10:00,253,56,24,-3,-57,1
09/10/2005 22:11:00,253,58,22,-3,-57,1
09/10/2005 22:12:00,253,55,27,-2,-57,1
09/10/2005 22:13:00,253,48,29,-3,-57,1
09/10/2005 22:14:00,253,39,32,-4,-56,1
09/10/2005 22:15:00,253,40,32,-4,-56,1
09/10/2005 22:16:00,253,51,28,-3,-57,1
09/10/2005 22:17:00,253,50,25,-3,-60,1
09/10/2005 22:18:00,253,48,23,-3,-60,1
09/10/2005 22:19:00,253,46,26,-4,-61,1
09/10/2005 22:20:00,253,54,23,-3,-60,1
09/10/2005 22:21:00,253,56,22,-2,-59,1
09/10/2005 22:22:00,253,55,27,-3,-56,1
09/10/2005 22:23:00,253,46,26,-3,-58,1
09/10/2005 22:24:00,253,45,25,-4,-59,1
09/10/2005 22:25:00,253,45,23,-4,-59,1
09/10/2005 22:26:00,253,54,22,-3,-60,1
09/10/2005 22:27:00,253,52,23,-2,-62,1
09/10/2005 22:28:00,253,53,21,-2,-63,1
09/10/2005 22:29:00,253,52,22,-2,-64,1
09/10/2005 22:30:00,253,53,20,-2,-64,1
09/10/2005 22:31:00,253,53,19,-2,-62,1
09/10/2005 22:32:00,253,53,23,-2,-61,1
09/10/2005 22:33:00,253,54,24,-2,-61,1
09/10/2005 22:34:00,253,53,22,-2,-62,1
09/10/2005 22:35:00,253,55,20,-2,-64,1
09/10/2005 22:36:00,253,55,19,-2,-65,1
09/10/2005 22:37:00,253,55,18,-2,-64,1
09/10/2005 22:38:00,253,56,18,-1,-63,1
09/10/2005 22:39:00,253,58,20,-1,-63,1
09/10/2005 22:40:00,253,60,22,-1,-62,1
09/10/2005 22:41:00,253,57,21,-1,-63,1
09/10/2005 22:42:00,253,58,19,-1,-63,1
09/10/2005 22:43:00,253,58,20,-1,-61,1
09/10/2005 22:44:00,253,64,23,-1,-60,1
09/10/2005 22:45:00,253,66,26,0,-58,1
09/10/2005 22:46:00,253,64,29,0,-58,1
09/10/2005 22:47:00,253,64,30,0,-58,1
09/10/2005 22:48:00,253,63,30,0,-59,1
09/10/2005 22:49:00,253,65,27,0,-59,1
09/10/2005 22:50:00,253,64,27,0,-59,1
09/10/2005 22:51:00,253,64,29,0,-59,1
09/10/2005 22:52:00,253,64,29,0,-59,1
09/10/2005 22:53:00,253,63,27,-1,-60,1
09/10/2005 22:54:00,253,63,29,-1,-58,1
09/10/2005 22:55:00,253,65,34,-1,-56,1
09/10/2005 22:56:00,253,64,35,-1,-56,1
09/10/2005 22:57:00,253,62,36,0,-56,1
09/10/2005 22:58:00,253,62,35,0,-57,1
09/10/2005 22:59:00,253,62,32,0,-58,1
09/10/2005 23:00:00,253,62,29,0,-58,1
09/10/2005 23:01:00,253,62,31,0,-58,1
09/10/2005 23:02:00,253,62,34,0,-57,1
09/10/2005 23:03:00,253,62,35,0,-57,1
09/10/2005 23:04:00,253,62,34,0,-58,1
09/10/2005 23:05:00,253,61,34,0,-58,1
09/10/2005 23:06:00,253,61,35,0,-58,1
09/10/2005 23:07:00,253,61,34,0,-58,1
09/10/2005 23:08:00,253,59,34,-1,-59,1
09/10/2005 23:09:00,253,59,31,-1,-59,1
09/10/2005 23:10:00,253,56,24,-1,-61,1
09/10/2005 23:11:00,253,52,25,-1,-60,1
09/10/2005 23:12:00,253,49,32,-2,-61,1
09/10/2005 23:13:00,253,50,35,-1,-62,1
09/10/2005 23:14:00,253,48,36,-2,-60,1
09/10/2005 23:15:00,253,47,42,-2,-62,1
09/10/2005 23:16:00,253,48,43,-2,-63,1
09/10/2005 23:17:00,253,47,44,-2,-62,1
09/10/2005 23:18:00,253,46,46,-2,-62,1
09/10/2005 23:19:00,253,44,48,-2,-62,1
09/10/2005 23:20:00,253,43,52,-1,-61,1
09/10/2005 23:21:00,253,46,55,-1,-61,1
09/10/2005 23:22:00,253,49,57,0,-61,1
09/10/2005 23:23:00,253,51,55,0,-61,1
09/10/2005 23:24:00,253,53,55,0,-60,1
09/10/2005 23:25:00,253,54,56,1,-59,1
09/10/2005 23:26:00,253,57,57,1,-58,1
09/10/2005 23:27:00,253,57,57,1,-58,1
09/10/2005 23:28:00,253,58,56,1,-58,1
09/10/2005 23:29:00,253,60,56,1,-58,1
09/10/2005 23:30:00,253,58,54,1,-58,1
09/10/2005 23:31:00,253,60,56,1,-59,1
09/10/2005 23:32:00,253,58,59,0,-62,1
09/10/2005 23:33:00,253,56,62,-1,-64,1
09/10/2005 23:34:00,253,54,59,-1,-63,1
09/10/2005 23:35:00,253,53,55,-2,-62,1
09/10/2005 23:36:00,253,52,56,-2,-63,1
09/10/2005 23:37:00,253,50,56,-3,-63,1
09/10/2005 23:38:00,253,49,57,-3,-62,1
09/10/2005 23:39:00,253,47,56,-3,-61,1
09/10/2005 23:40:00,253,48,56,-2,-60,1
09/10/2005 23:41:00,253,47,54,-2,-59,1
09/10/2005 23:42:00,253,48,56,-2,-59,1
09/10/2005 23:43:00,253,47,53,-2,-58,1
09/10/2005 23:44:00,253,47,54,-2,-58,1
09/10/2005 23:45:00,253,47,54,-2,-58,1
09/10/2005 23:46:00,253,49,53,-2,-57,1
09/10/2005 23:47:00,253,49,55,-1,-56,1
09/10/2005 23:48:00,253,50,57,-1,-55,1
09/10/2005 23:49:00,253,50,56,-1,-54,1
09/10/2005 23:50:00,253,51,59,0,-52,1
09/10/2005 23:51:00,253,52,61,0,-52,1
09/10/2005 23:52:00,253,52,60,0,-52,1
09/10/2005 23:53:00,253,53,61,0,-53,1
09/10/2005 23:54:00,253,53,59,0,-54,1
09/10/2005 23:55:00,253,54,61,0,-53,1
09/10/2005 23:56:00,253,54,59,0,-53,1
09/10/2005 23:57:00,253,54,58,1,-54,1
09/10/2005 23:58:00,253,54,57,1,-54,1
09/10/2005 23:59:00,253,54,58,1,-53,1
09/11/2005 00:00:00,254,53,57,0,-53,1
09/11/2005 00:01:00,254,54,58,0,-54,1
09/11/2005 00:02:00,254,54,60,0,-54,1
09/11/2005 00:03:00,254,54,57,0,-55,1
09/11/2005 00:04:00,254,53,57,0,-55,1
09/11/2005 00:05:00,254,52,58,-1,-55,1
09/11/2005 00:06:00,254,51,58,0,-56,1
09/11/2005 00:07:00,254,51,58,-1,-55,1
09/11/2005 00:08:00,254,49,57,-1,-54,1
09/11/2005 00:09:00,254,51,58,1,-53,1
09/11/2005 00:10:00,254,52,59,1,-52,1
09/11/2005 00:11:00,254,52,57,1,-52,1
09/11/2005 00:12:00,254,50,56,0,-53,1
09/11/2005 00:13:00,254,48,55,0,-51,1
09/11/2005 00:14:00,254,48,54,0,-50,1
09/11/2005 00:15:00,254,47,52,0,-49,1
09/11/2005 00:16:00,254,47,57,0,-48,1
09/11/2005 00:17:00,254,48,60,0,-48,1
09/11/2005 00:18:00,254,49,61,1,-48,1
09/11/2005 00:19:00,254,50,64,1,-49,1
09/11/2005 00:20:00,254,50,61,1,-50,1
09/11/2005 00:21:00,254,49,58,0,-50,1
09/11/2005 00:22:00,254,49,58,0,-50,1
09/11/2005 00:23:00,254,49,59,0,-50,1
09/11/2005 00:24:00,254,50,61,0,-50,1
09/11/2005 00:25:00,254,50,60,-1,-51,1
09/11/2005 00:26:00,254,49,61,-2,-52,1
09/11/2005 00:27:00,254,50,62,-1,-51,1
09/11/2005 00:28:00,254,51,62,-1,-49,1
09/11/2005 00:29:00,254,52,64,-1,-48,1
09/11/2005 00:30:00,254,52,64,0,-48,1
09/11/2005 00:31:00,254,51,65,0,-48,1
09/11/2005 00:32:00,254,51,66,0,-48,1
09/11/2005 00:33:00,254,51,68,0,-49,1
09/11/2005 00:34:00,254,51,66,-1,-50,1
09/11/2005 00:35:00,254,50,66,-1,-50,1
09/11/2005 00:36:00,254,48,66,-1,-50,1
09/11/2005 00:37:00,254,48,68,-2,-50,1
09/11/2005 00:38:00,254,46,69,-1,-50,1
09/11/2005 00:39:00,254,46,69,-1,-51,1
09/11/2005 00:40:00,254,46,68,-1,-51,1
09/11/2005 00:41:00,254,44,65,-2,-50,1
09/11/2005 00:42:00,254,45,65,-3,-50,1
09/11/2005 00:43:00,254,47,68,-2,-50,1
09/11/2005 00:44:00,254,48,70,-1,-50,1
09/11/2005 00:45:00,254,49,69,-1,-50,1
09/11/2005 00:46:00,254,48,71,-1,-50,1
09/11/2005 00:47:00,254,49,71,-1,-50,1
09/11/2005 00:48:00,254,51,69,-1,-51,1
09/11/2005 00:49:00,254,49,67,-1,-51,1
09/11/2005 00:50:00,254,51,67,-1,-52,1
09/11/2005 00:51:00,254,54,65,-1,-52,1
09/11/2005 00:52:00,254,56,65,-1,-52,1
09/11/2005 00:53:00,254,56,64,-1,-52,1
09/11/2005 00:54:00,254,59,64,-2,-53,1
09/11/2005 00:55:00,254,60,63,-2,-53,1
09/11/2005 00:56:00,254,62,62,-2,-53,1
09/11/2005 00:57:00,254,62,62,-2,-53,1
09/11/2005 00:58:00,254,65,63,-3,-53,1
09/11/2005 00:59:00,254,66,63,-3,-53,1
09/11/2005 01:00:00,254,67,63,-3,-53,1
09/11/2005 01:01:00,254,68,63,-3,-54,1
09/11/2005 01:02:00,254,67,63,-3,-54,1
09/11/2005 01:03:00,254,66,64,-3,-54,1
09/11/2005 01:04:00,254,64,63,-3,-54,1
09/11/2005 01:05:00,254,61,63,-3,-54,1
09/11/2005 01:06:00,254,60,61,-3,-53,1
09/11/2005 01:07:00,254,59,61,-3,-53,1
09/11/2005 01:08:00,254,59,60,-3,-52,1
09/11/2005 01:09:00,254,59,58,-4,-51,1
09/11/2005 01:10:00,254,57,59,-3,-51,1
09/11/2005 01:11:00,254,57,60,-3,-49,1
09/11/2005 01:12:00,254,54,65,-3,-48,1
09/11/2005 01:13:00,254,54,66,-2,-48,1
09/11/2005 01:14:00,254,53,58,-5,-30,1
09/11/2005 01:15:00,254,86,165,4,-10,1
09/11/2005 01:16:00,254,94,144,8,-10,1
09/11/2005 01:17:00,254,84,138,5,-9,1
09/11/2005 01:18:00,254,84,144,6,-8,1
09/11/2005 01:19:00,254,82,137,8,-7,1
09/11/2005 01:20:00,254,76,119,5,-8,1
09/11/2005 01:21:00,254,75,123,4,-11,1
09/11/2005 01:22:00,254,72,115,4,-12,1
09/11/2005 01:23:00,254,70,111,3,-11,1
09/11/2005 01:24:00,254,73,107,4,-11,1
09/11/2005 01:25:00,254,74,104,3,-11,1
09/11/2005 01:26:00,254,73,100,3,-14,1
09/11/2005 01:27:00,254,72,91,2,-13,1
09/11/2005 01:28:00,254,72,88,2,-14,1
09/11/2005 01:29:00,254,70,84,1,-13,1
09/11/2005 01:30:00,254,71,83,2,-11,1
09/11/2005 01:31:00,254,74,86,2,-11,1
09/11/2005 01:32:00,254,73,78,2,-12,1
09/11/2005 01:33:00,254,74,75,1,-13,1
09/11/2005 01:34:00,254,74,74,2,-12,1
09/11/2005 01:35:00,254,72,70,1,-12,1
09/11/2005 01:36:00,254,75,70,1,-12,1
09/11/2005 01:37:00,254,74,66,1,-11,1
09/11/2005 01:38:00,254,75,64,1,-9,1
09/11/2005 01:39:00,254,77,63,1,-6,1
09/11/2005 01:40:00,254,78,65,1,-2,1
09/11/2005 01:41:00,254,80,71,2,0,1
09/11/2005 01:42:00,254,82,81,3,-1,1
09/11/2005 01:43:00,254,84,91,3,-1,1
09/11/2005 01:44:00,254,90,100,3,0,1
09/11/2005 01:45:00,254,93,108,4,2,1
09/11/2005 01:46:00,254,94,114,4,2,1
09/11/2005 01:47:00,254,96,111,5,1,1
09/11/2005 01:48:00,254,94,110,5,1,1
09/11/2005 01:49:00,254,93,107,4,1,1
09/11/2005 01:50:00,254,90,103,4,-1,1
09/11/2005 01:51:00,254,88,93,4,-1,1
09/11/2005 01:52:00,254,86,91,4,-1,1
09/11/2005 01:53:00,254,83,88,3,-1,1
09/11/2005 01:54:00,254,80,84,3,-2,1
09/11/2005 01:55:00,254,75,82,2,-2,1
09/11/2005 01:56:00,254,73,80,1,-4,1
09/11/2005 01:57:00,254,67,75,1,-3,1
09/11/2005 01:58:00,254,64,73,1,-4,1
09/11/2005 01:59:00,254,60,68,0,-3,1
09/11/2005 02:00:00,254,58,64,0,-3,1
09/11/2005 02:01:00,254,56,61,-1,-2,1
09/11/2005 02:02:00,254,54,59,-1,-1,1
09/11/2005 02:03:00,254,54,57,-2,-2,1
09/11/2005 02:04:00,254,55,55,-2,-1,1
09/11/2005 02:05:00,254,54,52,-2,-1,1
09/11/2005 02:06:00,254,54,51,-3,-1,1
09/11/2005 02:07:00,254,54,51,-4,0,1
09/11/2005 02:08:00,254,51,51,-4,0,1
09/11/2005 02:09:00,254,53,49,-3,2,1
09/11/2005 02:10:00,254,53,47,-4,1,1
09/11/2005 02:11:00,254,54,46,-4,2,1
09/11/2005 02:12:00,254,53,44,-5,2,1
09/11/2005 02:13:00,254,50,43,-5,2,1
09/11/2005 02:14:00,254,51,45,-5,0,1
09/11/2005 02:15:00,254,51,38,-5,3,1
09/11/2005 02:16:00,254,46,42,-5,2,1
09/11/2005 02:17:00,254,48,45,-4,2,1
09/11/2005 02:18:00,254,46,44,-5,2,1
09/11/2005 02:19:00,254,47,44,-5,2,1
09/11/2005 02:20:00,254,46,44,-6,2,1
09/11/2005 02:21:00,254,46,44,-6,2,1
09/11/2005 02:22:00,254,47,44,-6,1,1
09/11/2005 02:23:00,254,47,42,-7,1,1
09/11/2005 02:24:00,254,45,45,-6,1,1
09/11/2005 02:25:00,254,42,43,-7,1,1
09/11/2005 02:26:00,254,41,47,-6,2,1
09/11/2005 02:27:00,254,43,48,-6,2,1
09/11/2005 02:28:00,254,40,48,-6,1,1
09/11/2005 02:29:00,254,42,47,-5,1,1
09/11/2005 02:30:00,254,45,46,-5,-1,1
09/11/2005 02:31:00,254,48,46,-6,-2,1
09/11/2005 02:32:00,254,52,48,-6,-1,1
09/11/2005 02:33:00,254,56,52,-6,-2,1
09/11/2005 02:34:00,254,61,53,-6,-1,1
09/11/2005 02:35:00,254,59,52,-6,-1,1
09/11/2005 02:36:00,254,56,52,-5,-2,1
09/11/2005 02:37:00,254,57,50,-6,-1,1
09/11/2005 02:38:00,254,54,51,-6,-2,1
09/11/2005 02:39:00,254,53,52,-5,-1,1
09/11/2005 02:40:00,254,52,54,-6,-1,1
09/11/2005 02:41:00,254,49,57,-4,-1,1
09/11/2005 02:42:00,254,51,57,-5,-2,1
09/11/2005 02:43:00,254,50,57,-4,-3,1
09/11/2005 02:44:00,254,51,57,-4,-4,1
09/11/2005 02:45:00,254,51,58,-4,-4,1
09/11/2005 02:46:00,254,51,57,-5,-5,1
09/11/2005 02:47:00,254,53,57,-5,-5,1
09/11/2005 02:48:00,254,50,59,-4,-6,1
09/11/2005 02:49:00,254,46,65,-3,-7,1
09/11/2005 02:50:00,254,50,61,-2,-8,1
09/11/2005 02:51:00,254,48,63,-2,-7,1
09/11/2005 02:52:00,254,47,67,-2,-7,1
09/11/2005 02:53:00,254,49,72,-1,-7,1
09/11/2005 02:54:00,254,50,73,0,-7,1
09/11/2005 02:55:00,254,50,71,0,-8,1
09/11/2005 02:56:00,254,50,72,0,-8,1
09/11/2005 02:57:00,254,49,74,0,-8,1
09/11/2005 02:58:00,254,48,76,0,-9,1
09/11/2005 02:59:00,254,47,76,-1,-10,1
09/11/2005 03:00:00,254,46,83,0,-12,1
09/11/2005 03:01:00,254,43,83,0,-13,1
09/11/2005 03:02:00,254,43,84,-1,-13,1
09/11/2005 03:03:00,254,43,84,-2,-13,1
09/11/2005 03:04:00,254,41,84,-1,-15,1
09/11/2005 03:05:00,254,40,86,0,-17,1
09/11/2005 03:06:00,254,40,95,0,-17,1
09/11/2005 03:07:00,254,44,97,0,-18,1
09/11/2005 03:08:00,254,43,96,0,-19,1
09/11/2005 03:09:00,254,47,97,0,-20,1
09/11/2005 03:10:00,254,46,93,-1,-21,1
09/11/2005 03:11:00,254,46,95,0,-22,1
09/11/2005 03:12:00,254,48,98,-1,-23,1
09/11/2005 03:13:00,254,48,104,1,-24,1
09/11/2005 03:14:00,254,51,100,0,-23,1
09/11/2005 03:15:00,254,52,100,-1,-23,1
09/11/2005 03:16:00,254,54,96,-1,-25,1
09/11/2005 03:17:00,254,56,93,-1,-26,1
09/11/2005 03:18:00,254,55,91,-1,-27,1
09/11/2005 03:19:00,254,56,91,0,-28,1
09/11/2005 03:20:00,254,57,91,-1,-29,1
09/11/2005 03:21:00,254,58,91,-2,-28,1
09/11/2005 03:22:00,254,55,93,-3,-28,1
09/11/2005 03:23:00,254,53,95,-1,-30,1
09/11/2005 03:24:00,254,53,95,1,-31,1
09/11/2005 03:25:00,254,56,94,2,-32,1
09/11/2005 03:26:00,254,59,94,3,-32,1
09/11/2005 03:27:00,254,64,93,4,-33,1
09/11/2005 03:28:00,254,73,95,5,-35,1
09/11/2005 03:29:00,254,80,95,6,-34,1
09/11/2005 03:30:00,254,87,98,7,-33,1
09/11/2005 03:31:00,254,94,104,8,-32,1
09/11/2005 03:32:00,254,97,108,9,-29,1
09/11/2005 03:33:00,254,98,109,10,-27,1
09/11/2005 03:34:00,254,98,107,11,-28,1
09/11/2005 03:35:00,254,97,106,11,-27,1
09/11/2005 03:36:00,254,97,105,11,-27,1
09/11/2005 03:37:00,254,97,107,11,-27,1
09/11/2005 03:38:00,254,96,107,11,-28,1
09/11/2005 03:39:00,254,95,107,12,-28,1
09/11/2005 03:40:00,254,91,110,12,-27,1
09/11/2005 03:41:00,254,89,113,11,-26,1
09/11/2005 03:42:00,254,85,114,11,-28,1
09/11/2005 03:43:00,254,80,117,11,-30,1
09/11/2005 03:44:00,254,74,110,10,-28,1
09/11/2005 03:45:00,254,70,101,9,-30,1
09/11/2005 03:46:00,254,75,104,8,-26,1
09/11/2005 03:47:00,254,81,101,8,-25,1
09/11/2005 03:48:00,254,74,105,8,-25,1
09/11/2005 03:49:00,254,70,111,12,-27,1
09/11/2005 03:50:00,254,67,108,11,-24,1
09/11/2005 03:51:00,254,68,102,9,-23,1
09/11/2005 03:52:00,254,67,100,8,-23,1
09/11/2005 03:53:00,254,66,96,7,-24,1
09/11/2005 03:54:00,254,66,94,6,-23,1
09/11/2005 03:55:00,254,67,89,5,-22,1
09/11/2005 03:56:00,254,66,89,4,-21,1
09/11/2005 03:57:00,254,64,89,5,-22,1
09/11/2005 03:58:00,254,64,90,5,-20,1
09/11/2005 03:59:00,254,64,85,3,-19,1
09/11/2005 04:00:00,254,59,82,3,-19,1
09/11/2005 04:01:00,254,52,87,5,-19,1
09/11/2005 04:02:00,254,50,87,6,-17,1
09/11/2005 04:03:00,254,49,84,5,-15,1
09/11/2005 04:04:00,254,50,81,5,-14,1
09/11/2005 04:05:00,254,50,79,4,-15,1
09/11/2005 04:06:00,254,51,77,4,-14,1
09/11/2005 04:07:00,254,51,75,3,-15,1
09/11/2005 04:08:00,254,51,77,2,-15,1
09/11/2005 04:09:00,254,50,77,2,-16,1
09/11/2005 04:10:00,254,51,77,2,-16,1
09/11/2005 04:11:00,254,50,76,1,-17,1
09/11/2005 04:12:00,254,49,77,1,-18,1
09/11/2005 04:13:00,254,49,77,1,-18,1
09/11/2005 04:14:00,254,49,75,0,-18,1
09/11/2005 04:15:00,254,48,75,0,-17,1
09/11/2005 04:16:00,254,47,75,0,-17,1
09/11/2005 04:17:00,254,47,76,0,-17,1
09/11/2005 04:18:00,254,46,76,-1,-18,1
09/11/2005 04:19:00,254,46,76,-1,-17,1
09/11/2005 04:20:00,254,47,77,-1,-18,1
09/11/2005 04:21:00,254,48,76,-2,-20,1
09/11/2005 04:22:00,254,49,76,-3,-20,1
09/11/2005 04:23:00,254,48,78,-4,-22,1
09/11/2005 04:24:00,254,48,80,-4,-23,1
09/11/2005 04:25:00,254,48,80,-3,-24,1
09/11/2005 04:26:00,254,49,81,-3,-24,1
09/11/2005 04:27:00,254,49,83,-3,-25,1
09/11/2005 04:28:00,254,50,82,-3,-26,1
09/11/2005 04:29:00,254,51,82,-3,-25,1
09/11/2005 04:30:00,254,52,86,-3,-27,1
09/11/2005 04:31:00,254,53,87,-3,-29,1
09/11/2005 04:32:00,254,55,77,-4,-30,1
09/11/2005 04:33:00,254,53,74,-5,-30,1
09/11/2005 04:34:00,254,52,81,-4,-32,1
09/11/2005 04:35:00,254,52,79,-5,-35,1
09/11/2005 04:36:00,254,55,82,-5,-35,1
09/11/2005 04:37:00,254,58,89,-4,-34,1
09/11/2005 04:38:00,254,60,88,-4,-36,1
09/11/2005 04:39:00,254,60,81,-5,-37,1
09/11/2005 04:40:00,254,58,83,-4,-37,1
09/11/2005 04:41:00,254,58,80,-4,-39,1
09/11/2005 04:42:00,254,58,73,-5,-41,1
09/11/2005 04:43:00,254,54,70,-7,-43,1
09/11/2005 04:44:00,254,51,72,-6,-43,1
09/11/2005 04:45:00,254,48,73,-6,-44,1
09/11/2005 04:46:00,254,43,72,-6,-44,1
09/11/2005 04:47:00,254,37,72,-5,-46,1
09/11/2005 04:48:00,254,32,73,-4,-47,1
09/11/2005 04:49:00,254,29,74,-3,-48,1
09/11/2005 04:50:00,254,26,76,-3,-50,1
09/11/2005 04:51:00,254,22,76,-4,-51,1
09/11/2005 04:52:00,254,21,76,-3,-51,1
09/11/2005 04:53:00,254,18,75,-3,-50,1
09/11/2005 04:54:00,254,16,76,-2,-49,1
09/11/2005 04:55:00,254,18,76,-2,-48,1
09/11/2005 04:56:00,254,19,76,-2,-48,1
09/11/2005 04:57:00,254,22,76,-2,-47,1
09/11/2005 04:58:00,254,22,76,-2,-46,1
09/11/2005 04:59:00,254,24,76,-2,-45,1
09/11/2005 05:00:00,254,26,76,-1,-44,1
09/11/2005 05:01:00,254,28,77,-1,-44,1
09/11/2005 05:02:00,254,28,76,-1,-43,1
09/11/2005 05:03:00,254,31,77,-1,-44,1
09/11/2005 05:04:00,254,33,78,-1,-45,1
09/11/2005 05:05:00,254,36,80,0,-48,1
09/11/2005 05:06:00,254,36,79,0,-47,1
09/11/2005 05:07:00,254,36,77,1,-45,1
09/11/2005 05:08:00,254,36,77,1,-45,1
09/11/2005 05:09:00,254,37,77,1,-47,1
09/11/2005 05:10:00,254,37,77,0,-48,1
09/11/2005 05:11:00,254,37,80,0,-49,1
09/11/2005 05:12:00,254,38,81,1,-47,1
09/11/2005 05:13:00,254,39,82,2,-45,1
09/11/2005 05:14:00,254,41,82,2,-45,1
09/11/2005 05:15:00,254,42,82,1,-46,1
09/11/2005 05:16:00,254,40,81,1,-52,1
09/11/2005 05:17:00,254,39,80,0,-51,1
09/11/2005 05:18:00,254,42,80,0,-50,1
09/11/2005 05:19:00,254,46,82,1,-49,1
09/11/2005 05:20:00,254,45,82,2,-49,1
09/11/2005 05:21:00,254,47,83,2,-51,1
09/11/2005 05:22:00,254,49,82,2,-50,1
09/11/2005 05:23:00,254,51,81,4,-49,1
09/11/2005 05:24:00,254,51,81,4,-52,1
09/11/2005 05:25:00,254,51,80,4,-54,1
09/11/2005 05:26:00,254,51,78,4,-51,1
09/11/2005 05:27:00,254,51,81,5,-50,1
09/11/2005 05:28:00,254,49,78,4,-54,1
09/11/2005 05:29:00,254,47,76,3,-61,1
09/11/2005 05:30:00,254,43,77,0,-66,1
09/11/2005 05:31:00,254,41,76,0,-62,1
09/11/2005 05:32:00,254,41,77,0,-57,1
09/11/2005 05:33:00,254,39,75,0,-58,1
09/11/2005 05:34:00,254,34,76,-1,-64,1
09/11/2005 05:35:00,254,31,76,0,-69,1
09/11/2005 05:36:00,254,32,89,1,-84,1
09/11/2005 05:37:00,254,39,96,1,-76,1
09/11/2005 05:38:00,254,54,90,1,-34,1
09/11/2005 05:39:00,254,63,128,2,-12,1
09/11/2005 05:40:00,254,59,99,0,-18,1
09/11/2005 05:41:00,254,85,93,-4,2,1
09/11/2005 05:42:00,254,80,118,-3,17,1
09/11/2005 05:43:00,254,78,103,-4,10,1
09/11/2005 05:44:00,254,74,90,-5,6,1
09/11/2005 05:45:00,254,72,93,-6,11,1
09/11/2005 05:46:00,254,68,99,-5,14,1
09/11/2005 05:47:00,254,64,101,-5,13,1
09/11/2005 05:48:00,254,63,97,-5,8,1
09/11/2005 05:49:00,254,60,96,-6,6,1
09/11/2005 05:50:00,254,58,93,-7,6,1
09/11/2005 05:51:00,254,55,103,-6,7,1
09/11/2005 05:52:00,254,51,99,-7,2,1
09/11/2005 05:53:00,254,49,90,-8,-2,1
09/11/2005 05:54:00,254,44,96,-6,-10,1
09/11/2005 05:55:00,254,44,96,-7,-14,1
09/11/2005 05:56:00,254,41,84,-9,-17,1
09/11/2005 05:57:00,254,45,87,-9,-20,1
09/11/2005 05:58:00,254,36,81,-6,-34,1
09/11/2005 05:59:00,254,40,91,-8,-34,1
09/11/2005 06:00:00,254,39,87,-8,-35,1
09/11/2005 06:01:00,254,42,90,-8,-40,1
09/11/2005 06:02:00,254,50,94,-8,-35,1
09/11/2005 06:03:00,254,44,99,-7,-37,1
09/11/2005 06:04:00,254,44,113,-5,-40,1
09/11/2005 06:05:00,254,51,134,-4,-40,1
09/11/2005 06:06:00,254,51,140,-3,-42,1
09/11/2005 06:07:00,254,56,153,-2,-45,1
09/11/2005 06:08:00,254,62,162,-1,-46,1
09/11/2005 06:09:00,254,83,170,0,-46,1
09/11/2005 06:10:00,254,110,182,0,-46,1
09/11/2005 06:11:00,254,135,188,-1,-47,1
09/11/2005 06:12:00,254,158,187,-1,-46,1
09/11/2005 06:13:00,254,175,179,-2,-46,1
09/11/2005 06:14:00,254,191,171,-2,-47,1
09/11/2005 06:15:00,254,201,164,-2,-46,1
09/11/2005 06:16:00,254,208,160,-2,-45,1
09/11/2005 06:17:00,254,210,164,-2,-43,1
09/11/2005 06:18:00,254,206,167,-3,-41,1
09/11/2005 06:19:00,254,200,175,-4,-40,1
09/11/2005 06:20:00,254,195,188,-5,-40,1
09/11/2005 06:21:00,254,188,204,-6,-43,1
09/11/2005 06:22:00,254,178,214,-7,-42,1
09/11/2005 06:23:00,254,169,224,-7,-44,1
09/11/2005 06:24:00,254,162,232,-9,-47,1
09/11/2005 06:25:00,254,157,235,-8,-51,1
09/11/2005 06:26:00,254,155,242,-10,-55,1
09/11/2005 06:27:00,254,154,248,-10,-59,1
09/11/2005 06:28:00,254,156,250,-8,-66,1
09/11/2005 06:29:00,254,155,254,-7,-73,1
09/11/2005 06:30:00,254,153,254,-6,-79,1
09/11/2005 06:31:00,254,145,261,-2,-83,1
09/11/2005 06:32:00,254,143,254,-2,-86,1
09/11/2005 06:33:00,254,138,254,1,-88,1
09/11/2005 06:34:00,254,143,259,2,-87,1
09/11/2005 06:35:00,254,141,259,3,-87,1
09/11/2005 06:36:00,254,151,258,2,-85,1
09/11/2005 06:37:00,254,157,268,1,-87,1
09/11/2005 06:38:00,254,163,279,0,-89,1
09/11/2005 06:39:00,254,167,267,0,-95,1
09/11/2005 06:40:00,254,173,259,-3,-96,1
09/11/2005 06:41:00,254,178,252,-4,-99,1
09/11/2005 06:42:00,254,176,237,-6,-107,1
09/11/2005 06:43:00,254,174,229,-7,-111,1
09/11/2005 06:44:00,254,172,219,-8,-115,1
09/11/2005 06:45:00,254,164,211,-6,-119,1
09/11/2005 06:46:00,254,161,196,-5,-119,1
09/11/2005 06:47:00,254,155,185,-4,-121,1
09/11/2005 06:48:00,254,148,171,-2,-120,1
09/11/2005 06:49:00,254,139,160,2,-122,1
09/11/2005 06:50:00,254,136,152,4,-121,1
09/11/2005 06:51:00,254,134,143,3,-122,1
09/11/2005 06:52:00,254,133,131,4,-122,1
09/11/2005 06:53:00,254,129,126,3,-121,1
09/11/2005 06:54:00,254,124,117,4,-119,1
09/11/2005 06:55:00,254,118,107,5,-120,1
09/11/2005 06:56:00,254,116,111,5,-120,1
09/11/2005 06:57:00,254,111,120,5,-119,1
09/11/2005 06:58:00,254,108,119,4,-117,1
09/11/2005 06:59:00,254,103,120,5,-116,1
09/11/2005 07:00:00,254,103,121,5,-115,1
09/11/2005 07:01:00,254,101,120,5,-116,1
09/11/2005 07:02:00,254,68,124,3,-110,1
09/11/2005 07:03:00,254,97,123,6,-114,1
09/11/2005 07:04:00,254,95,125,5,-113,1
09/11/2005 07:05:00,254,95,130,7,-112,1
09/11/2005 07:06:00,254,93,129,7,-112,1
09/11/2005 07:07:00,254,93,124,7,-111,1
09/11/2005 07:08:00,254,93,123,8,-110,1
09/11/2005 07:09:00,254,92,125,9,-111,1
09/11/2005 07:10:00,254,94,123,8,-110,1
09/11/2005 07:11:00,254,92,123,9,-112,1
09/11/2005 07:12:00,254,91,127,9,-112,1
09/11/2005 07:13:00,254,87,126,9,-113,1
09/11/2005 07:14:00,254,88,125,8,-112,1
09/11/2005 07:15:00,254,88,117,9,-111,1
09/11/2005 07:16:00,254,86,113,8,-113,1
09/11/2005 07:17:00,254,87,123,9,-112,1
09/11/2005 07:18:00,254,87,121,8,-110,1
09/11/2005 07:19:00,254,85,117,7,-108,1
09/11/2005 07:20:00,254,85,114,6,-104,1
09/11/2005 07:21:00,254,86,111,6,-102,1
09/11/2005 07:22:00,254,88,104,5,-99,1
09/11/2005 07:23:00,254,91,101,3,-99,1
09/11/2005 07:24:00,254,89,100,3,-101,1
09/11/2005 07:25:00,254,89,105,3,-103,1
09/11/2005 07:26:00,254,88,114,4,-106,1
09/11/2005 07:27:00,254,87,115,4,-107,1
09/11/2005 07:28:00,254,85,110,4,-105,1
09/11/2005 07:29:00,254,85,110,4,-106,1
09/11/2005 07:30:00,254,84,109,5,-106,1
09/11/2005 07:31:00,254,82,99,4,-104,1
09/11/2005 07:32:00,254,81,97,4,-105,1
09/11/2005 07:33:00,254,83,94,4,-104,1
09/11/2005 07:34:00,254,80,89,3,-105,1
09/11/2005 07:35:00,254,79,84,2,-105,1
09/11/2005 07:36:00,254,78,88,3,-107,1
09/11/2005 07:37:00,254,76,87,2,-107,1
09/11/2005 07:38:00,254,76,83,3,-108,1
09/11/2005 07:39:00,254,74,84,3,-109,1
09/11/2005 07:40:00,254,72,83,2,-108,1
09/11/2005 07:41:00,254,70,78,2,-107,1
09/11/2005 07:42:00,254,69,72,2,-107,1
09/11/2005 07:43:00,254,67,73,3,-108,1
09/11/2005 07:44:00,254,69,73,2,-109,1
09/11/2005 07:45:00,254,67,67,2,-107,1
09/11/2005 07:46:00,254,66,65,2,-107,1
09/11/2005 07:47:00,254,65,63,2,-107,1
09/11/2005 07:48:00,254,66,64,1,-107,1
09/11/2005 07:49:00,254,66,62,1,-107,1
09/11/2005 07:50:00,254,66,61,1,-107,1
09/11/2005 07:51:00,254,65,60,1,-108,1
09/11/2005 07:52:00,254,63,62,1,-109,1
09/11/2005 07:53:00,254,62,62,1,-109,1
09/11/2005 07:54:00,254,62,61,1,-111,1
09/11/2005 07:55:00,254,61,62,1,-111,1
09/11/2005 07:56:00,254,60,60,1,-112,1
09/11/2005 07:57:00,254,59,56,2,-114,1
09/11/2005 07:58:00,254,58,59,3,-117,1
09/11/2005 07:59:00,254,58,65,2,-117,1
09/11/2005 08:00:00,254,57,59,2,-118,1
09/11/2005 08:01:00,254,56,62,2,-119,1
09/11/2005 08:02:00,254,57,60,1,-118,1
09/11/2005 08:03:00,254,56,62,1,-117,1
09/11/2005 08:04:00,254,55,59,1,-117,1
09/11/2005 08:05:00,254,52,60,0,-118,1
09/11/2005 08:06:00,254,51,59,0,-116,1
09/11/2005 08:07:00,254,50,58,-1,-113,1
09/11/2005 08:08:00,254,47,60,-2,-113,1
09/11/2005 08:09:00,254,45,59,-1,-114,1
09/11/2005 08:10:00,254,44,58,-1,-114,1
09/11/2005 08:11:00,254,44,58,0,-115,1
09/11/2005 08:12:00,254,44,58,1,-116,1
09/11/2005 08:13:00,254,44,55,2,-118,1
09/11/2005 08:14:00,254,45,54,3,-121,1
09/11/2005 08:15:00,254,46,55,3,-122,1
09/11/2005 08:16:00,254,46,53,3,-125,1
09/11/2005 08:17:00,254,45,50,3,-127,1
09/11/2005 08:18:00,254,42,44,4,-128,1
09/11/2005 08:19:00,254,44,39,2,-128,1
09/11/2005 08:20:00,254,47,39,0,-126,1
09/11/2005 08:21:00,254,47,41,-1,-125,1
09/11/2005 08:22:00,254,46,44,-1,-126,1
09/11/2005 08:23:00,254,46,46,0,-126,1
09/11/2005 08:24:00,254,46,47,2,-124,1
09/11/2005 08:25:00,254,62,64,3,-123,1
09/11/2005 08:26:00,254,75,84,3,-121,1
09/11/2005 08:27:00,254,86,93,3,-117,1
09/11/2005 08:28:00,254,89,97,0,-115,1
09/11/2005 08:29:00,254,102,107,-1,-113,1
09/11/2005 08:30:00,254,114,112,-1,-111,1
09/11/2005 08:31:00,254,125,116,-2,-110,1
09/11/2005 08:32:00,254,125,114,-2,-108,1
09/11/2005 08:33:00,254,127,114,-2,-106,1
09/11/2005 08:34:00,254,134,117,-2,-106,1
09/11/2005 08:35:00,254,136,115,-1,-106,1
09/11/2005 08:36:00,254,136,116,-1,-103,1
09/11/2005 08:37:00,254,137,115,-2,-103,1
09/11/2005 08:38:00,254,133,113,-1,-102,1
09/11/2005 08:39:00,254,134,112,-2,-100,1
09/11/2005 08:40:00,254,132,108,-2,-101,1
09/11/2005 08:41:00,254,119,106,-1,-98,1
09/11/2005 08:42:00,254,123,112,-1,-99,1
09/11/2005 08:43:00,254,112,108,0,-99,1
09/11/2005 08:44:00,254,107,108,-1,-99,1
09/11/2005 08:45:00,254,102,105,0,-99,1
09/11/2005 08:46:00,254,99,100,2,-99,1
09/11/2005 08:47:00,254,96,101,2,-99,1
09/11/2005 08:48:00,254,99,100,3,-99,1
09/11/2005 08:49:00,254,95,94,2,-99,1
09/11/2005 08:50:00,254,96,91,2,-100,1
09/11/2005 08:51:00,254,92,94,3,-101,1
09/11/2005 08:52:00,254,93,98,4,-102,1
09/11/2005 08:53:00,254,89,94,5,-101,1
09/11/2005 08:54:00,254,78,93,5,-100,1
09/11/2005 08:55:00,254,77,96,6,-100,1
09/11/2005 08:56:00,254,71,95,6,-99,1
09/11/2005 08:57:00,254,69,97,6,-98,1
09/11/2005 08:58:00,254,67,99,7,-99,1
09/11/2005 08:59:00,254,63,96,7,-98,1
09/11/2005 09:00:00,254,60,93,7,-98,1
09/11/2005 09:01:00,254,59,91,6,-99,1
09/11/2005 09:02:00,254,60,92,7,-100,1
09/11/2005 09:03:00,254,61,93,6,-102,1
09/11/2005 09:04:00,254,64,88,6,-103,1
09/11/2005 09:05:00,254,66,84,6,-104,1
09/11/2005 09:06:00,254,68,82,5,-105,1
09/11/2005 09:07:00,254,69,80,4,-105,1
09/11/2005 09:08:00,254,67,80,5,-106,1
09/11/2005 09:09:00,254,66,80,5,-106,1
09/11/2005 09:10:00,254,68,80,5,-107,1
09/11/2005 09:11:00,254,70,81,6,-108,1
09/11/2005 09:12:00,254,70,80,6,-110,1
09/11/2005 09:13:00,254,70,79,6,-111,1
09/11/2005 09:14:00,254,69,81,6,-112,1
09/11/2005 09:15:00,254,66,82,7,-112,1
09/11/2005 09:16:00,254,66,80,6,-111,1
09/11/2005 09:17:00,254,64,80,7,-112,1
09/11/2005 09:18:00,254,64,81,6,-112,1
09/11/2005 09:19:00,254,61,79,5,-112,1
09/11/2005 09:20:00,254,57,80,5,-113,1
09/11/2005 09:21:00,254,55,81,5,-114,1
09/11/2005 09:22:00,254,52,81,6,-115,1
09/11/2005 09:23:00,254,50,79,6,-114,1
09/11/2005 09:24:00,254,48,79,6,-116,1
09/11/2005 09:25:00,254,48,78,7,-117,1
09/11/2005 09:26:00,254,48,73,7,-116,1
09/11/2005 09:27:00,254,50,73,7,-117,1
09/11/2005 09:28:00,254,53,75,9,-117,1
09/11/2005 09:29:00,254,59,75,10,-118,1
09/11/2005 09:30:00,254,64,75,10,-118,1
09/11/2005 09:31:00,254,68,76,10,-118,1
09/11/2005 09:32:00,254,70,78,11,-119,1
09/11/2005 09:33:00,254,72,83,11,-120,1
09/11/2005 09:34:00,254,73,85,11,-121,1
09/11/2005 09:35:00,254,73,86,11,-123,1
09/11/2005 09:36:00,254,72,89,11,-123,1
09/11/2005 09:37:00,254,72,92,11,-123,1
09/11/2005 09:38:00,254,72,94,11,-124,1
09/11/2005 09:39:00,254,70,95,12,-124,1
09/11/2005 09:40:00,254,70,95,12,-124,1
09/11/2005 09:41:00,254,70,93,12,-124,1
09/11/2005 09:42:00,254,70,95,12,-124,1
09/11/2005 09:43:00,254,69,93,12,-125,1
09/11/2005 09:44:00,254,70,93,12,-124,1
09/11/2005 09:45:00,254,72,94,11,-126,1
09/11/2005 09:46:00,254,71,92,11,-125,1
09/11/2005 09:47:00,254,71,90,10,-126,1
09/11/2005 09:48:00,254,70,88,10,-127,1
09/11/2005 09:49:00,254,72,87,9,-127,1
09/11/2005 09:50:00,254,74,82,8,-127,1
09/11/2005 09:51:00,254,75,81,8,-126,1
09/11/2005 09:52:00,254,78,82,7,-127,1
09/11/2005 09:53:00,254,80,80,7,-126,1
09/11/2005 09:54:00,254,83,77,6,-125,1
09/11/2005 09:55:00,254,85,75,5,-125,1
09/11/2005 09:56:00,254,86,77,5,-125,1
09/11/2005 09:57:00,254,87,76,4,-126,1
09/11/2005 09:58:00,254,87,75,4,-127,1
09/11/2005 09:59:00,254,86,74,4,-129,1
09/11/2005 10:00:00,254,86,73,3,-131,1
09/11/2005 10:01:00,254,87,72,4,-134,1
09/11/2005 10:02:00,254,87,77,4,-135,1
09/11/2005 10:03:00,254,89,78,5,-136,1
09/11/2005 10:04:00,254,92,79,6,-137,1
09/11/2005 10:05:00,254,93,79,6,-137,1
09/11/2005 10:06:00,254,95,77,6,-136,1
09/11/2005 10:07:00,254,94,77,7,-134,1
09/11/2005 10:08:00,254,99,79,7,-134,1
09/11/2005 10:09:00,254,101,78,7,-133,1
09/11/2005 10:10:00,254,102,73,7,-131,1
09/11/2005 10:11:00,254,103,75,7,-131,1
09/11/2005 10:12:00,254,104,76,7,-130,1
09/11/2005 10:13:00,254,104,75,7,-131,1
09/11/2005 10:14:00,254,102,73,7,-129,1
09/11/2005 10:15:00,254,102,75,7,-130,1
09/11/2005 10:16:00,254,100,77,8,-131,1
09/11/2005 10:17:00,254,100,80,8,-131,1
09/11/2005 10:18:00,254,98,80,8,-131,1
09/11/2005 10:19:00,254,99,80,8,-129,1
09/11/2005 10:20:00,254,97,80,8,-128,1
09/11/2005 10:21:00,254,97,81,7,-127,1
09/11/2005 10:22:00,254,96,80,7,-127,1
09/11/2005 10:23:00,254,92,82,7,-126,1
09/11/2005 10:24:00,254,91,86,6,-126,1
09/11/2005 10:25:00,254,90,87,6,-125,1
09/11/2005 10:26:00,254,88,90,5,-124,1
09/11/2005 10:27:00,254,87,89,5,-124,1
09/11/2005 10:28:00,254,85,90,5,-125,1
09/11/2005 10:29:00,254,83,92,4,-124,1
09/11/2005 10:30:00,254,82,92,3,-123,1
09/11/2005 10:31:00,254,81,92,2,-123,1
09/11/2005 10:32:00,254,79,92,2,-123,1
09/11/2005 10:33:00,254,75,90,1,-122,1
09/11/2005 10:34:00,254,72,88,1,-121,1
09/11/2005 10:35:00,254,70,88,0,-122,1
09/11/2005 10:36:00,254,69,86,1,-123,1
09/11/2005 10:37:00,254,69,85,0,-123,1
09/11/2005 10:38:00,254,66,83,0,-124,1
09/11/2005 10:39:00,254,63,82,0,-123,1
09/11/2005 10:40:00,254,61,81,0,-124,1
09/11/2005 10:41:00,254,58,78,1,-125,1
09/11/2005 10:42:00,254,56,77,1,-125,1
09/11/2005 10:43:00,254,54,75,2,-125,1
09/11/2005 10:44:00,254,53,75,2,-124,1
09/11/2005 10:45:00,254,52,74,2,-124,1
09/11/2005 10:46:00,254,52,72,3,-124,1
09/11/2005 10:47:00,254,50,73,4,-124,1
09/11/2005 10:48:00,254,50,74,4,-123,1
09/11/2005 10:49:00,254,50,71,4,-122,1
09/11/2005 10:50:00,254,47,73,4,-122,1
09/11/2005 10:51:00,254,48,79,5,-122,1
09/11/2005 10:52:00,254,49,82,6,-122,1
09/11/2005 10:53:00,254,48,83,6,-121,1
09/11/2005 10:54:00,254,47,84,6,-121,1
09/11/2005 10:55:00,254,49,85,6,-121,1
09/11/2005 10:56:00,254,48,88,7,-121,1
09/11/2005 10:57:00,254,47,90,7,-121,1
09/11/2005 10:58:00,254,46,91,7,-121,1
09/11/2005 10:59:00,254,44,92,7,-121,1
09/11/2005 11:00:00,254,43,94,8,-122,1
09/11/2005 11:01:00,254,42,97,8,-123,1
09/11/2005 11:02:00,254,41,99,8,-122,1
09/11/2005 11:03:00,254,38,98,8,-124,1
09/11/2005 11:04:00,254,36,98,9,-124,1
09/11/2005 11:05:00,254,35,97,9,-125,1
09/11/2005 11:06:00,254,33,94,9,-125,1
09/11/2005 11:07:00,254,32,91,8,-125,1
09/11/2005 11:08:00,254,30,90,8,-124,1
09/11/2005 11:09:00,254,27,86,8,-125,1
09/11/2005 11:10:00,254,25,83,8,-124,1
09/11/2005 11:11:00,254,24,79,7,-124,1
09/11/2005 11:12:00,254,26,78,7,-124,1
09/11/2005 11:13:00,254,27,78,6,-125,1
09/11/2005 11:14:00,254,29,77,7,-126,1
09/11/2005 11:15:00,254,31,75,7,-125,1
09/11/2005 11:16:00,254,33,73,7,-125,1
09/11/2005 11:17:00,254,35,71,7,-125,1
09/11/2005 11:18:00,254,38,71,7,-126,1
09/11/2005 11:19:00,254,41,70,8,-125,1
09/11/2005 11:20:00,254,45,69,8,-124,1
09/11/2005 11:21:00,254,50,69,8,-125,1
09/11/2005 11:22:00,254,60,73,8,-124,1
09/11/2005 11:23:00,254,73,81,10,-123,1
09/11/2005 11:24:00,254,86,84,10,-122,1
09/11/2005 11:25:00,254,98,91,11,-121,1
09/11/2005 11:26:00,254,109,96,12,-120,1
09/11/2005 11:27:00,254,119,98,13,-118,1
09/11/2005 11:28:00,254,129,101,14,-117,1
09/11/2005 11:29:00,254,136,103,14,-114,1
09/11/2005 11:30:00,254,138,102,14,-111,1
09/11/2005 11:31:00,254,135,106,14,-108,1
09/11/2005 11:32:00,254,130,108,14,-106,1
09/11/2005 11:33:00,254,124,112,13,-104,1
09/11/2005 11:34:00,254,116,118,12,-102,1
09/11/2005 11:35:00,254,109,121,11,-101,1
09/11/2005 11:36:00,254,100,121,10,-100,1
09/11/2005 11:37:00,254,100,119,9,-100,1
09/11/2005 11:38:00,254,104,112,9,-99,1
09/11/2005 11:39:00,254,108,105,9,-98,1
09/11/2005 11:40:00,254,113,98,8,-98,1
09/11/2005 11:41:00,254,112,91,9,-98,1
09/11/2005 11:42:00,254,113,86,9,-97,1
09/11/2005 11:43:00,254,113,83,8,-97,1
09/11/2005 11:44:00,254,114,83,8,-96,1
09/11/2005 11:45:00,254,117,83,8,-97,1
09/11/2005 11:46:00,254,120,83,7,-97,1
09/11/2005 11:47:00,254,118,82,6,-97,1
09/11/2005 11:48:00,254,117,80,6,-97,1
09/11/2005 11:49:00,254,114,79,6,-97,1
09/11/2005 11:50:00,254,113,78,6,-97,1
09/11/2005 11:51:00,254,112,78,6,-97,1
09/11/2005 11:52:00,254,112,79,6,-98,1
09/11/2005 11:53:00,254,113,80,6,-99,1
09/11/2005 11:54:00,254,112,82,6,-99,1
09/11/2005 11:55:00,254,111,85,7,-99,1
09/11/2005 11:56:00,254,109,87,7,-98,1
09/11/2005 11:57:00,254,104,88,8,-98,1
09/11/2005 11:58:00,254,103,85,8,-97,1
09/11/2005 11:59:00,254,105,84,9,-96,1
09/11/2005 12:00:00,254,106,84,9,-97,1
09/11/2005 12:01:00,254,107,85,9,-97,1
09/11/2005 12:02:00,254,106,87,9,-97,1
09/11/2005 12:03:00,254,104,85,9,-97,1
09/11/2005 12:04:00,254,102,85,9,-97,1
09/11/2005 12:05:00,254,100,84,9,-96,1
09/11/2005 12:06:00,254,100,83,9,-96,1
09/11/2005 12:07:00,254,98,82,9,-96,1
09/11/2005 12:08:00,254,97,82,9,-96,1
09/11/2005 12:09:00,254,95,82,9,-96,1
09/11/2005 12:10:00,254,97,83,8,-96,1
09/11/2005 12:11:00,254,97,81,7,-96,1
09/11/2005 12:12:00,254,94,78,7,-96,1
09/11/2005 12:13:00,254,91,74,7,-96,1
09/11/2005 12:14:00,254,89,70,6,-96,1
09/11/2005 12:15:00,254,86,67,6,-97,1
09/11/2005 12:16:00,254,82,65,6,-97,1
09/11/2005 12:17:00,254,78,67,5,-98,1
09/11/2005 12:18:00,254,76,67,4,-99,1
09/11/2005 12:19:00,254,71,67,4,-99,1
09/11/2005 12:20:00,254,69,68,4,-99,1
09/11/2005 12:21:00,254,69,68,4,-99,1
09/11/2005 12:22:00,254,67,68,4,-99,1
09/11/2005 12:23:00,254,67,69,3,-99,1
09/11/2005 12:24:00,254,67,70,3,-99,1
09/11/2005 12:25:00,254,68,71,3,-100,1
09/11/2005 12:26:00,254,68,71,2,-100,1
09/11/2005 12:27:00,254,70,71,2,-100,1
09/11/2005 12:28:00,254,70,70,2,-100,1
09/11/2005 12:29:00,254,72,68,3,-100,1
09/11/2005 12:30:00,254,71,69,3,-100,1
09/11/2005 12:31:00,254,71,70,3,-100,1
09/11/2005 12:32:00,254,70,73,3,-100,1
09/11/2005 12:33:00,254,71,74,4,-100,1
09/11/2005 12:34:00,254,70,74,4,-100,1
09/11/2005 12:35:00,254,71,72,4,-100,1
09/11/2005 12:36:00,254,70,71,4,-100,1
09/11/2005 12:37:00,254,70,71,4,-100,1
09/11/2005 12:38:00,254,71,71,4,-101,1
09/11/2005 12:39:00,254,71,71,4,-101,1
09/11/2005 12:40:00,254,69,70,4,-101,1
09/11/2005 12:41:00,254,70,68,4,-100,1
09/11/2005 12:42:00,254,67,68,4,-100,1
09/11/2005 12:43:00,254,65,68,5,-100,1
09/11/2005 12:44:00,254,62,67,5,-98,1
09/11/2005 12:45:00,254,56,68,5,-95,1
09/11/2005 12:46:00,254,48,70,6,-91,1
09/11/2005 12:47:00,254,42,71,6,-85,1
09/11/2005 12:48:00,254,38,76,6,-76,1
09/11/2005 12:49:00,254,40,85,4,-66,1
09/11/2005 12:50:00,254,44,86,-1,-67,1
09/11/2005 12:51:00,254,51,72,3,-76,1
09/11/2005 12:52:00,254,83,57,6,-80,1
09/11/2005 12:53:00,254,95,84,8,-91,1
09/11/2005 12:54:00,254,89,79,8,-92,1
09/11/2005 12:55:00,254,95,74,8,-93,1
09/11/2005 12:56:00,254,102,77,7,-97,1
09/11/2005 12:57:00,254,109,75,6,-100,1
09/11/2005 12:58:00,254,109,78,6,-102,1
09/11/2005 12:59:00,254,106,79,7,-105,1
09/11/2005 13:00:00,254,104,79,6,-106,1
09/11/2005 13:01:00,254,97,78,6,-107,1
09/11/2005 13:02:00,254,96,80,6,-107,1
09/11/2005 13:03:00,254,96,81,5,-107,1
09/11/2005 13:04:00,254,92,79,5,-107,1
09/11/2005 13:05:00,254,87,79,5,-107,1
09/11/2005 13:06:00,254,83,80,4,-107,1
09/11/2005 13:07:00,254,80,81,4,-107,1
09/11/2005 13:08:00,254,76,81,4,-106,1
09/11/2005 13:09:00,254,75,81,4,-106,1
09/11/2005 13:10:00,254,73,81,4,-107,1
09/11/2005 13:11:00,254,72,79,4,-107,1
09/11/2005 13:12:00,254,69,76,4,-107,1
09/11/2005 13:13:00,254,66,73,4,-107,1
09/11/2005 13:14:00,254,65,71,4,-107,1
09/11/2005 13:15:00,254,65,69,4,-108,1
09/11/2005 13:16:00,254,65,68,4,-108,1
09/11/2005 13:17:00,254,68,65,4,-108,1
09/11/2005 13:18:00,254,70,63,4,-109,1
09/11/2005 13:19:00,254,73,67,4,-109,1
09/11/2005 13:20:00,254,77,72,5,-109,1
09/11/2005 13:21:00,254,80,79,5,-110,1
09/11/2005 13:22:00,254,84,87,6,-109,1
09/11/2005 13:23:00,254,90,95,6,-109,1
09/11/2005 13:24:00,254,93,102,6,-109,1
09/11/2005 13:25:00,254,99,109,7,-108,1
09/11/2005 13:26:00,254,108,119,8,-107,1
09/11/2005 13:27:00,254,119,124,8,-107,1
09/11/2005 13:28:00,254,131,130,10,-106,1
09/11/2005 13:29:00,254,142,132,11,-104,1
09/11/2005 13:30:00,254,146,138,14,-102,1
09/11/2005 13:31:00,254,147,139,15,-100,1
09/11/2005 13:32:00,254,143,139,15,-97,1
09/11/2005 13:33:00,254,136,139,13,-96,1
09/11/2005 13:34:00,254,125,141,12,-95,1
09/11/2005 13:35:00,254,114,144,9,-94,1
09/11/2005 13:36:00,254,101,149,6,-94,1
09/11/2005 13:37:00,254,94,151,5,-94,1
09/11/2005 13:38:00,254,87,146,4,-96,1
09/11/2005 13:39:00,254,84,142,4,-97,1
09/11/2005 13:40:00,254,85,134,4,-97,1
09/11/2005 13:41:00,254,85,130,4,-97,1
09/11/2005 13:42:00,254,87,120,4,-97,1
09/11/2005 13:43:00,254,85,111,5,-97,1
09/11/2005 13:44:00,254,81,106,4,-97,1
09/11/2005 13:45:00,254,77,105,3,-98,1
09/11/2005 13:46:00,254,71,102,3,-98,1
09/11/2005 13:47:00,254,63,98,3,-99,1
09/11/2005 13:48:00,254,57,98,3,-99,1
09/11/2005 13:49:00,254,50,98,3,-100,1
09/11/2005 13:50:00,254,43,94,2,-100,1
09/11/2005 13:51:00,254,37,89,2,-101,1
09/11/2005 13:52:00,254,32,89,2,-101,1
09/11/2005 13:53:00,254,28,87,2,-101,1
09/11/2005 13:54:00,254,24,83,2,-101,1
09/11/2005 13:55:00,254,21,80,2,-100,1
09/11/2005 13:56:00,254,18,78,2,-100,1
09/11/2005 13:57:00,254,17,78,2,-100,1
09/11/2005 13:58:00,254,15,81,2,-100,1
09/11/2005 13:59:00,254,15,79,2,-99,1
09/11/2005 14:00:00,254,14,78,3,-98,1
09/11/2005 14:01:00,254,14,79,2,-97,1
09/11/2005 14:02:00,254,13,81,2,-96,1
09/11/2005 14:03:00,254,12,83,2,-96,1
09/11/2005 14:04:00,254,12,83,2,-95,1
09/11/2005 14:05:00,254,10,78,1,-95,1
09/11/2005 14:06:00,254,5,71,1,-94,1
09/11/2005 14:07:00,254,6,68,0,-94,1
09/11/2005 14:08:00,254,7,68,0,-95,1
09/11/2005 14:09:00,254,9,65,0,-95,1
09/11/2005 14:10:00,254,11,64,1,-97,1
09/11/2005 14:11:00,254,15,56,1,-97,1
09/11/2005 14:12:00,254,19,55,0,-98,1
09/11/2005 14:13:00,254,22,53,0,-98,1
09/11/2005 14:14:00,254,25,52,0,-98,1
09/11/2005 14:15:00,254,26,51,1,-98,1
09/11/2005 14:16:00,254,27,48,1,-97,1
09/11/2005 14:17:00,254,31,45,0,-96,1
09/11/2005 14:18:00,254,32,44,0,-96,1
09/11/2005 14:19:00,254,33,46,0,-96,1
09/11/2005 14:20:00,254,32,46,0,-96,1
09/11/2005 14:21:00,254,34,46,0,-96,1
09/11/2005 14:22:00,254,33,47,0,-96,1
09/11/2005 14:23:00,254,32,48,0,-96,1
09/11/2005 14:24:00,254,34,48,0,-96,1
09/11/2005 14:25:00,254,36,51,0,-96,1
09/11/2005 14:26:00,254,37,50,0,-96,1
09/11/2005 14:27:00,254,36,52,0,-96,1
09/11/2005 14:28:00,254,35,53,0,-97,1
09/11/2005 14:29:00,254,35,56,0,-97,1
09/11/2005 14:30:00,254,36,56,0,-97,1
09/11/2005 14:31:00,254,37,58,0,-97,1
09/11/2005 14:32:00,254,39,61,0,-97,1
09/11/2005 14:33:00,254,38,64,1,-97,1
09/11/2005 14:34:00,254,38,68,1,-98,1
09/11/2005 14:35:00,254,38,73,1,-98,1
09/11/2005 14:36:00,254,38,68,1,-98,1
09/11/2005 14:37:00,254,38,69,1,-99,1
09/11/2005 14:38:00,254,40,69,1,-99,1
09/11/2005 14:39:00,254,41,73,1,-100,1
09/11/2005 14:40:00,254,42,75,2,-101,1
09/11/2005 14:41:00,254,43,75,2,-101,1
09/11/2005 14:42:00,254,44,76,2,-101,1
09/11/2005 14:43:00,254,46,78,2,-102,1
09/11/2005 14:44:00,254,47,78,2,-102,1
09/11/2005 14:45:00,254,48,76,1,-103,1
09/11/2005 14:46:00,254,49,74,1,-103,1
09/11/2005 14:47:00,254,50,73,1,-104,1
09/11/2005 14:48:00,254,51,70,1,-104,1
09/11/2005 14:49:00,254,52,67,1,-103,1
09/11/2005 14:50:00,254,52,67,1,-104,1
09/11/2005 14:51:00,254,51,65,1,-104,1
09/11/2005 14:52:00,254,50,65,1,-104,1
09/11/2005 14:53:00,254,48,65,1,-104,1
09/11/2005 14:54:00,254,48,66,1,-104,1
09/11/2005 14:55:00,254,47,65,1,-104,1
09/11/2005 14:56:00,254,46,64,1,-104,1
09/11/2005 14:57:00,254,45,63,1,-104,1
09/11/2005 14:58:00,254,43,61,0,-104,1
09/11/2005 14:59:00,254,39,59,0,-103,1
09/11/2005 15:00:00,254,35,55,0,-103,1
09/11/2005 15:01:00,254,32,53,0,-103,1
09/11/2005 15:02:00,254,30,50,-1,-103,1
09/11/2005 15:03:00,254,29,49,-1,-102,1
09/11/2005 15:04:00,254,28,48,-1,-102,1
09/11/2005 15:05:00,254,28,50,-1,-102,1
09/11/2005 15:06:00,254,31,49,0,-101,1
09/11/2005 15:07:00,254,34,52,1,-101,1
09/11/2005 15:08:00,254,40,54,1,-100,1
09/11/2005 15:09:00,254,48,55,0,-100,1
09/11/2005 15:10:00,254,54,56,0,-98,1
09/11/2005 15:11:00,254,58,57,0,-97,1
09/11/2005 15:12:00,254,60,64,1,-97,1
09/11/2005 15:13:00,254,61,68,1,-97,1
09/11/2005 15:14:00,254,60,72,2,-96,1
09/11/2005 15:15:00,254,58,75,2,-95,1
09/11/2005 15:16:00,254,54,77,1,-94,1
09/11/2005 15:17:00,254,49,78,1,-93,1
09/11/2005 15:18:00,254,44,76,1,-93,1
09/11/2005 15:19:00,254,40,72,1,-92,1
09/11/2005 15:20:00,254,38,69,1,-91,1
09/11/2005 15:21:00,254,37,66,0,-90,1
09/11/2005 15:22:00,254,36,64,0,-90,1
09/11/2005 15:23:00,254,35,62,0,-90,1
09/11/2005 15:24:00,254,36,62,-1,-90,1
09/11/2005 15:25:00,254,35,59,-1,-90,1
09/11/2005 15:26:00,254,35,58,-1,-90,1
09/11/2005 15:27:00,254,36,57,-2,-90,1
09/11/2005 15:28:00,254,36,55,-2,-89,1
09/11/2005 15:29:00,254,34,54,-3,-88,1
09/11/2005 15:30:00,254,33,52,-4,-88,1
09/11/2005 15:31:00,254,31,50,-5,-88,1
09/11/2005 15:32:00,254,29,48,-5,-87,1
09/11/2005 15:33:00,254,29,45,-5,-86,1
09/11/2005 15:34:00,254,30,44,-5,-85,1
09/11/2005 15:35:00,254,31,41,-6,-85,1
09/11/2005 15:36:00,254,32,40,-6,-85,1
09/11/2005 15:37:00,254,34,38,-6,-86,1
09/11/2005 15:38:00,254,35,38,-6,-85,1
09/11/2005 15:39:00,254,34,35,-6,-85,1
09/11/2005 15:40:00,254,34,34,-6,-84,1
09/11/2005 15:41:00,254,34,32,-7,-84,1
09/11/2005 15:42:00,254,34,29,-6,-84,1
09/11/2005 15:43:00,254,34,29,-6,-83,1
09/11/2005 15:44:00,254,33,27,-6,-82,1
09/11/2005 15:45:00,254,30,26,-6,-82,1
09/11/2005 15:46:00,254,30,27,-6,-82,1
09/11/2005 15:47:00,254,27,25,-6,-82,1
09/11/2005 15:48:00,254,25,24,-5,-82,1
09/11/2005 15:49:00,254,23,25,-5,-81,1
09/11/2005 15:50:00,254,21,25,-5,-81,1
09/11/2005 15:51:00,254,20,25,-5,-81,1
09/11/2005 15:52:00,254,18,25,-6,-80,1
09/11/2005 15:53:00,254,18,24,-6,-80,1
09/11/2005 15:54:00,254,17,23,-6,-80,1
09/11/2005 15:55:00,254,15,21,-6,-79,1
09/11/2005 15:56:00,254,15,21,-6,-79,1
09/11/2005 15:57:00,254,15,19,-6,-79,1
09/11/2005 15:58:00,254,15,18,-6,-79,1
09/11/2005 15:59:00,254,14,18,-6,-79,1
09/11/2005 16:00:00,254,14,16,-6,-78,1
09/11/2005 16:01:00,254,13,15,-5,-78,1
09/11/2005 16:02:00,254,13,15,-5,-77,1
09/11/2005 16:03:00,254,14,16,-5,-76,1
09/11/2005 16:04:00,254,13,17,-5,-76,1
09/11/2005 16:05:00,254,15,18,-4,-76,1
09/11/2005 16:06:00,254,16,18,-5,-76,1
09/11/2005 16:07:00,254,15,18,-5,-76,1
09/11/2005 16:08:00,254,17,19,-5,-75,1
09/11/2005 16:09:00,254,16,20,-4,-75,1
09/11/2005 16:10:00,254,15,21,-4,-75,1
09/11/2005 16:11:00,254,15,22,-4,-74,1
09/11/2005 16:12:00,254,15,22,-4,-74,1
09/11/2005 16:13:00,254,16,21,-4,-75,1
09/11/2005 16:14:00,254,17,18,-4,-75,1
09/11/2005 16:15:00,254,16,13,-5,-75,1
09/11/2005 16:16:00,254,16,12,-5,-76,1
09/11/2005 16:17:00,254,15,12,-5,-75,1
09/11/2005 16:18:00,254,16,11,-5,-75,1
09/11/2005 16:19:00,254,15,12,-4,-75,1
09/11/2005 16:20:00,254,14,14,-4,-74,1
09/11/2005 16:21:00,254,15,17,-4,-73,1
09/11/2005 16:22:00,254,15,19,-4,-72,1
09/11/2005 16:23:00,254,16,17,-4,-73,1
09/11/2005 16:24:00,254,17,17,-4,-73,1
09/11/2005 16:25:00,254,17,15,-4,-72,1
09/11/2005 16:26:00,254,16,14,-4,-73,1
09/11/2005 16:27:00,254,17,13,-4,-73,1
09/11/2005 16:28:00,254,18,13,-4,-73,1
09/11/2005 16:29:00,254,17,13,-4,-73,1
09/11/2005 16:30:00,254,17,13,-4,-73,1
09/11/2005 16:31:00,254,16,13,-4,-73,1
09/11/2005 16:32:00,254,17,14,-4,-72,1
09/11/2005 16:33:00,254,17,13,-4,-73,1
09/11/2005 16:34:00,254,16,13,-3,-73,1
09/11/2005 16:35:00,254,16,10,-4,-73,1
09/11/2005 16:36:00,254,16,10,-4,-74,1
09/11/2005 16:37:00,254,15,8,-4,-73,1
09/11/2005 16:38:00,254,15,8,-4,-73,1
09/11/2005 16:39:00,254,14,8,-4,-74,1
09/11/2005 16:40:00,254,12,7,-4,-74,1
09/11/2005 16:41:00,254,12,6,-4,-74,1
09/11/2005 16:42:00,254,12,6,-4,-74,1
09/11/2005 16:43:00,254,11,8,-4,-73,1
09/11/2005 16:44:00,254,12,9,-4,-73,1
09/11/2005 16:45:00,254,11,9,-4,-73,1
09/11/2005 16:46:00,254,13,10,-4,-73,1
09/11/2005 16:47:00,254,13,10,-4,-74,1
09/11/2005 16:48:00,254,11,10,-5,-74,1
09/11/2005 16:49:00,254,11,10,-5,-74,1
09/11/2005 16:50:00,254,11,11,-5,-73,1
09/11/2005 16:51:00,254,11,14,-5,-73,1
09/11/2005 16:52:00,254,12,18,-6,-72,1
09/11/2005 16:53:00,254,13,23,-6,-72,1
09/11/2005 16:54:00,254,14,27,-7,-72,1
09/11/2005 16:55:00,254,15,31,-8,-72,1
09/11/2005 16:56:00,254,14,35,-9,-71,1
09/11/2005 16:57:00,254,13,37,-9,-72,1
09/11/2005 16:58:00,254,14,40,-10,-72,1
09/11/2005 16:59:00,254,14,43,-11,-72,1
09/11/2005 17:00:00,254,15,44,-12,-72,1
09/11/2005 17:01:00,254,17,44,-12,-71,1
09/11/2005 17:02:00,254,17,44,-13,-71,1
09/11/2005 17:03:00,254,17,45,-13,-70,1
09/11/2005 17:04:00,254,18,44,-14,-70,1
09/11/2005 17:05:00,254,19,44,-14,-70,1
09/11/2005 17:06:00,254,20,43,-14,-69,1
09/11/2005 17:07:00,254,22,44,-14,-69,1
09/11/2005 17:08:00,254,23,47,-14,-69,1
09/11/2005 17:09:00,254,24,46,-14,-69,1
09/11/2005 17:10:00,254,24,46,-14,-69,1
09/11/2005 17:11:00,254,23,46,-13,-69,1
09/11/2005 17:12:00,254,22,47,-13,-69,1
09/11/2005 17:13:00,254,23,49,-13,-69,1
09/11/2005 17:14:00,254,28,51,-13,-70,1
09/11/2005 17:15:00,254,28,51,-13,-70,1
09/11/2005 17:16:00,254,28,52,-13,-70,1
09/11/2005 17:17:00,254,27,52,-13,-70,1
09/11/2005 17:18:00,254,26,53,-12,-69,1
09/11/2005 17:19:00,254,26,54,-12,-70,1
09/11/2005 17:20:00,254,26,53,-12,-70,1
09/11/2005 17:21:00,254,26,54,-12,-70,1
09/11/2005 17:22:00,254,25,52,-12,-70,1
09/11/2005 17:23:00,254,24,52,-11,-70,1
09/11/2005 17:24:00,254,24,50,-11,-69,1
09/11/2005 17:25:00,254,24,49,-11,-68,1
09/11/2005 17:26:00,254,23,49,-11,-68,1
09/11/2005 17:27:00,254,23,49,-10,-69,1
09/11/2005 17:28:00,254,22,47,-10,-68,1
09/11/2005 17:29:00,254,22,45,-10,-68,1
09/11/2005 17:30:00,254,21,44,-10,-68,1
09/11/2005 17:31:00,254,20,42,-10,-68,1
09/11/2005 17:32:00,254,19,42,-10,-69,1
09/11/2005 17:33:00,254,18,41,-10,-70,1
09/11/2005 17:34:00,254,18,42,-10,-71,1
09/11/2005 17:35:00,254,17,40,-9,-70,1
09/11/2005 17:36:00,254,18,40,-9,-70,1
09/11/2005 17:37:00,254,17,38,-9,-71,1
09/11/2005 17:38:00,254,15,34,-9,-72,1
09/11/2005 17:39:00,254,15,35,-9,-72,1
09/11/2005 17:40:00,254,16,35,-8,-72,1
09/11/2005 17:41:00,254,15,35,-8,-72,1
09/11/2005 17:42:00,254,16,34,-8,-72,1
09/11/2005 17:43:00,254,15,34,-8,-72,1
09/11/2005 17:44:00,254,16,35,-8,-72,1
09/11/2005 17:45:00,254,16,37,-7,-73,1
09/11/2005 17:46:00,254,16,40,-8,-73,1
09/11/2005 17:47:00,254,17,42,-8,-74,1
09/11/2005 17:48:00,254,17,42,-8,-74,1
09/11/2005 17:49:00,254,17,42,-8,-73,1
09/11/2005 17:50:00,254,17,41,-8,-73,1
09/11/2005 17:51:00,254,18,43,-8,-73,1
09/11/2005 17:52:00,254,17,41,-8,-73,1
09/11/2005 17:53:00,254,16,40,-8,-73,1
09/11/2005 17:54:00,254,17,40,-7,-72,1
09/11/2005 17:55:00,254,17,43,-7,-73,1
09/11/2005 17:56:00,254,17,44,-7,-73,1
09/11/2005 17:57:00,254,18,44,-7,-73,1
09/11/2005 17:58:00,254,20,43,-7,-72,1
09/11/2005 17:59:00,254,21,44,-7,-73,1
09/11/2005 18:00:00,254,21,47,-6,-74,1
09/11/2005 18:01:00,254,21,48,-6,-74,1
09/11/2005 18:02:00,254,22,49,-6,-74,1
09/11/2005 18:03:00,254,23,49,-6,-74,1
09/11/2005 18:04:00,254,23,49,-6,-74,1
09/11/2005 18:05:00,254,24,49,-5,-75,1
09/11/2005 18:06:00,254,25,51,-6,-75,1
09/11/2005 18:07:00,254,27,53,-5,-76,1
09/11/2005 18:08:00,254,30,54,-5,-75,1
09/11/2005 18:09:00,254,31,54,-5,-75,1
09/11/2005 18:10:00,254,32,54,-5,-74,1
09/11/2005 18:11:00,254,34,54,-5,-74,1
09/11/2005 18:12:00,254,36,55,-4,-75,1
09/11/2005 18:13:00,254,36,57,-4,-75,1
09/11/2005 18:14:00,254,38,59,-4,-75,1
09/11/2005 18:15:00,254,39,60,-3,-75,1
09/11/2005 18:16:00,254,40,61,-3,-75,1
09/11/2005 18:17:00,254,41,63,-3,-76,1
09/11/2005 18:18:00,254,40,65,-3,-77,1
09/11/2005 18:19:00,254,38,62,-4,-76,1
09/11/2005 18:20:00,254,38,60,-4,-75,1
09/11/2005 18:21:00,254,36,58,-5,-74,1
09/11/2005 18:22:00,254,36,57,-5,-75,1
09/11/2005 18:23:00,254,34,56,-5,-75,1
09/11/2005 18:24:00,254,33,54,-6,-74,1
09/11/2005 18:25:00,254,32,51,-6,-73,1
09/11/2005 18:26:00,254,31,51,-7,-73,1
09/11/2005 18:27:00,254,30,50,-7,-73,1
09/11/2005 18:28:00,254,28,50,-7,-73,1
09/11/2005 18:29:00,254,28,49,-6,-73,1
09/11/2005 18:30:00,254,30,49,-6,-73,1
09/11/2005 18:31:00,254,31,49,-5,-73,1
09/11/2005 18:32:00,254,30,48,-4,-74,1
09/11/2005 18:33:00,254,28,49,-4,-74,1
09/11/2005 18:34:00,254,24,51,-4,-76,1
09/11/2005 18:35:00,254,20,55,-4,-78,1
09/11/2005 18:36:00,254,17,56,-4,-77,1
09/11/2005 18:37:00,254,18,55,-5,-76,1
09/11/2005 18:38:00,254,18,55,-6,-76,1
09/11/2005 18:39:00,254,18,54,-7,-76,1
09/11/2005 18:40:00,254,19,53,-8,-75,1
09/11/2005 18:41:00,254,20,51,-9,-75,1
09/11/2005 18:42:00,254,20,49,-9,-74,1
09/11/2005 18:43:00,254,21,51,-9,-73,1
09/11/2005 18:44:00,254,21,52,-9,-72,1
09/11/2005 18:45:00,254,19,53,-8,-72,1
09/11/2005 18:46:00,254,18,55,-7,-72,1
09/11/2005 18:47:00,254,18,56,-6,-71,1
09/11/2005 18:48:00,254,18,55,-6,-70,1
09/11/2005 18:49:00,254,18,53,-5,-68,1
09/11/2005 18:50:00,254,19,52,-4,-68,1
09/11/2005 18:51:00,254,18,50,-4,-68,1
09/11/2005 18:52:00,254,16,47,-3,-68,1
09/11/2005 18:53:00,254,15,50,-2,-67,1
09/11/2005 18:54:00,254,15,54,-1,-66,1
09/11/2005 18:55:00,254,16,56,-1,-67,1
09/11/2005 18:56:00,254,17,56,0,-67,1
09/11/2005 18:57:00,254,17,56,0,-67,1
09/11/2005 18:58:00,254,17,55,0,-67,1
09/11/2005 18:59:00,254,16,54,-1,-66,1
09/11/2005 19:00:00,254,15,53,-1,-67,1
09/11/2005 19:01:00,254,15,51,-1,-67,1
09/11/2005 19:02:00,254,14,49,-2,-68,1
09/11/2005 19:03:00,254,14,47,-2,-68,1
09/11/2005 19:04:00,254,15,44,-3,-69,1
09/11/2005 19:05:00,254,15,44,-3,-70,1
09/11/2005 19:06:00,254,14,42,-3,-71,1
09/11/2005 19:07:00,254,14,41,-3,-72,1
09/11/2005 19:08:00,254,16,41,-4,-73,1
09/11/2005 19:09:00,254,18,40,-5,-72,1
09/11/2005 19:10:00,254,19,39,-5,-72,1
09/11/2005 19:11:00,254,20,41,-6,-71,1
09/11/2005 19:12:00,254,21,42,-7,-71,1
09/11/2005 19:13:00,254,21,42,-7,-70,1
09/11/2005 19:14:00,254,24,41,-8,-69,1
09/11/2005 19:15:00,254,25,42,-8,-69,1
09/11/2005 19:16:00,254,26,40,-9,-68,1
09/11/2005 19:17:00,254,27,39,-10,-68,1
09/11/2005 19:18:00,254,27,39,-10,-69,1
09/11/2005 19:19:00,254,27,38,-10,-69,1
09/11/2005 19:20:00,254,27,35,-11,-68,1
09/11/2005 19:21:00,254,27,34,-11,-69,1
09/11/2005 19:22:00,254,26,33,-10,-68,1
09/11/2005 19:23:00,254,25,34,-10,-69,1
09/11/2005 19:24:00,254,23,36,-9,-70,1
09/11/2005 19:25:00,254,22,35,-9,-69,1
09/11/2005 19:26:00,254,21,35,-9,-69,1
09/11/2005 19:27:00,254,20,34,-8,-69,1
09/11/2005 19:28:00,254,19,34,-8,-68,1
09/11/2005 19:29:00,254,19,33,-7,-68,1
09/11/2005 19:30:00,254,16,33,-7,-68,1
09/11/2005 19:31:00,254,16,33,-7,-68,1
09/11/2005 19:32:00,254,16,34,-6,-68,1
09/11/2005 19:33:00,254,15,34,-6,-68,1
09/11/2005 19:34:00,254,15,36,-5,-67,1
09/11/2005 19:35:00,254,16,37,-5,-66,1
09/11/2005 19:36:00,254,17,38,-5,-65,1
09/11/2005 19:37:00,254,17,37,-4,-65,1
09/11/2005 19:38:00,254,17,36,-4,-65,1
09/11/2005 19:39:00,254,17,34,-4,-66,1
09/11/2005 19:40:00,254,18,33,-4,-66,1
09/11/2005 19:41:00,254,17,29,-4,-68,1
09/11/2005 19:42:00,254,18,32,-4,-69,1
09/11/2005 19:43:00,254,19,32,-4,-69,1
09/11/2005 19:44:00,254,19,31,-5,-67,1
09/11/2005 19:45:00,254,19,29,-5,-66,1
09/11/2005 19:46:00,254,19,31,-5,-66,1
09/11/2005 19:47:00,254,19,32,-5,-66,1
09/11/2005 19:48:00,254,20,34,-6,-65,1
09/11/2005 19:49:00,254,21,35,-6,-65,1
09/11/2005 19:50:00,254,21,33,-6,-64,1
09/11/2005 19:51:00,254,22,34,-6,-64,1
09/11/2005 19:52:00,254,22,36,-6,-63,1
09/11/2005 19:53:00,254,22,36,-6,-62,1
09/11/2005 19:54:00,254,25,36,-6,-62,1
09/11/2005 19:55:00,254,26,34,-6,-62,1
09/11/2005 19:56:00,254,27,32,-6,-63,1
09/11/2005 19:57:00,254,29,28,-7,-64,1
09/11/2005 19:58:00,254,29,26,-7,-64,1
09/11/2005 19:59:00,254,26,27,-7,-66,1
09/11/2005 20:00:00,254,24,29,-6,-67,1
09/11/2005 20:01:00,254,20,32,-6,-67,1
09/11/2005 20:02:00,254,18,32,-5,-66,1
09/11/2005 20:03:00,254,17,34,-5,-66,1
09/11/2005 20:04:00,254,16,36,-5,-66,1
09/11/2005 20:05:00,254,15,39,-5,-66,1
09/11/2005 20:06:00,254,16,40,-5,-66,1
09/11/2005 20:07:00,254,16,42,-5,-65,1
09/11/2005 20:08:00,254,16,43,-5,-65,1
09/11/2005 20:09:00,254,17,43,-5,-65,1
09/11/2005 20:10:00,254,17,41,-5,-65,1
09/11/2005 20:11:00,254,16,42,-5,-65,1
09/11/2005 20:12:00,254,17,41,-6,-64,1
09/11/2005 20:13:00,254,18,43,-6,-64,1
09/11/2005 20:14:00,254,19,44,-6,-63,1
09/11/2005 20:15:00,254,20,44,-6,-63,1
09/11/2005 20:16:00,254,20,47,-6,-63,1
09/11/2005 20:17:00,254,22,46,-6,-62,1
09/11/2005 20:18:00,254,23,45,-6,-61,1
09/11/2005 20:19:00,254,24,45,-6,-61,1
09/11/2005 20:20:00,254,25,44,-6,-61,1
09/11/2005 20:21:00,254,25,44,-6,-60,1
09/11/2005 20:22:00,254,26,43,-6,-60,1
09/11/2005 20:23:00,254,27,40,-7,-60,1
09/11/2005 20:24:00,254,28,40,-6,-60,1
09/11/2005 20:25:00,254,25,41,-7,-62,1
09/11/2005 20:26:00,254,25,39,-6,-66,1
09/11/2005 20:27:00,254,25,40,-6,-66,1
09/11/2005 20:28:00,254,26,40,-6,-65,1
09/11/2005 20:29:00,254,26,40,-6,-66,1
09/11/2005 20:30:00,254,27,44,-5,-65,1
09/11/2005 20:31:00,254,23,46,-4,-63,1
09/11/2005 20:32:00,254,22,50,-4,-61,1
09/11/2005 20:33:00,254,23,52,-4,-59,1
09/11/2005 20:34:00,254,24,50,-4,-59,1
09/11/2005 20:35:00,254,25,50,-3,-60,1
09/11/2005 20:36:00,254,25,57,-3,-58,1
09/11/2005 20:37:00,254,23,63,-2,-57,1
09/11/2005 20:38:00,254,23,67,-2,-57,1
09/11/2005 20:39:00,254,23,73,-1,-56,1
09/11/2005 20:40:00,254,24,81,-1,-54,1
09/11/2005 20:41:00,254,27,88,-1,-53,1
09/11/2005 20:42:00,254,29,89,-1,-53,1
09/11/2005 20:43:00,254,30,94,-1,-53,1
09/11/2005 20:44:00,254,32,95,-1,-52,1
09/11/2005 20:45:00,254,34,95,-2,-52,1
09/11/2005 20:46:00,254,36,94,-2,-52,1
09/11/2005 20:47:00,254,36,90,-2,-53,1
09/11/2005 20:48:00,254,38,84,-3,-53,1
09/11/2005 20:49:00,254,39,84,-4,-52,1
09/11/2005 20:50:00,254,39,80,-4,-53,1
09/11/2005 20:51:00,254,39,77,-4,-53,1
09/11/2005 20:52:00,254,38,77,-4,-53,1
09/11/2005 20:53:00,254,39,75,-4,-54,1
09/11/2005 20:54:00,254,37,71,-4,-55,1
09/11/2005 20:55:00,254,36,71,-4,-54,1
09/11/2005 20:56:00,254,35,72,-4,-54,1
09/11/2005 20:57:00,254,35,71,-3,-54,1
09/11/2005 20:58:00,254,33,71,-4,-53,1
09/11/2005 20:59:00,254,31,70,-4,-52,1
09/11/2005 21:00:00,254,31,65,-4,-53,1
09/11/2005 21:01:00,254,29,62,-3,-54,1
09/11/2005 21:02:00,254,26,64,-3,-53,1
09/11/2005 21:03:00,254,24,65,-3,-52,1
09/11/2005 21:04:00,254,22,62,-3,-53,1
09/11/2005 21:05:00,254,21,60,-2,-54,1
09/11/2005 21:06:00,254,20,59,-2,-54,1
09/11/2005 21:07:00,254,21,59,-2,-54,1
09/11/2005 21:08:00,254,22,60,-2,-53,1
09/11/2005 21:09:00,254,24,58,-2,-53,1
09/11/2005 21:10:00,254,25,59,-2,-53,1
09/11/2005 21:11:00,254,27,58,-2,-53,1
09/11/2005 21:12:00,254,27,54,-2,-53,1
09/11/2005 21:13:00,254,28,53,-2,-54,1
09/11/2005 21:14:00,254,29,51,-3,-55,1
09/11/2005 21:15:00,254,30,49,-3,-55,1
09/11/2005 21:16:00,254,31,50,-3,-55,1
09/11/2005 21:17:00,254,31,50,-3,-55,1
09/11/2005 21:18:00,254,31,51,-3,-55,1
09/11/2005 21:19:00,254,32,52,-3,-55,1
09/11/2005 21:20:00,254,33,53,-3,-55,1
09/11/2005 21:21:00,254,34,52,-3,-55,1
09/11/2005 21:22:00,254,33,51,-3,-56,1
09/11/2005 21:23:00,254,33,51,-3,-56,1
09/11/2005 21:24:00,254,33,50,-3,-56,1
09/11/2005 21:25:00,254,35,49,-3,-57,1
09/11/2005 21:26:00,254,36,48,-3,-58,1
09/11/2005 21:27:00,254,36,46,-3,-57,1
09/11/2005 21:28:00,254,35,45,-4,-58,1
09/11/2005 21:29:00,254,34,44,-3,-58,1
09/11/2005 21:30:00,254,33,45,-3,-58,1
09/11/2005 21:31:00,254,34,49,-3,-58,1
09/11/2005 21:32:00,254,34,50,-3,-57,1
09/11/2005 21:33:00,254,33,51,-3,-57,1
09/11/2005 21:34:00,254,32,52,-3,-56,1
09/11/2005 21:35:00,254,30,52,-3,-56,1
09/11/2005 21:36:00,254,28,51,-3,-56,1
09/11/2005 21:37:00,254,28,50,-3,-56,1
09/11/2005 21:38:00,254,31,49,-4,-55,1
09/11/2005 21:39:00,254,34,48,-5,-56,1
09/11/2005 21:40:00,254,38,49,-5,-57,1
09/11/2005 21:41:00,254,43,51,-6,-59,1
09/11/2005 21:42:00,254,45,51,-7,-60,1
09/11/2005 21:43:00,254,46,51,-7,-61,1
09/11/2005 21:44:00,254,45,51,-7,-62,1
09/11/2005 21:45:00,254,46,52,-7,-62,1
09/11/2005 21:46:00,254,45,53,-7,-62,1
09/11/2005 21:47:00,254,45,53,-8,-63,1
09/11/2005 21:48:00,254,44,53,-8,-64,1
09/11/2005 21:49:00,254,45,54,-7,-63,1
09/11/2005 21:50:00,254,44,53,-8,-63,1
09/11/2005 21:51:00,254,45,52,-8,-63,1
09/11/2005 21:52:00,254,47,55,-8,-63,1
09/11/2005 21:53:00,254,45,55,-8,-64,1
09/11/2005 21:54:00,254,44,55,-8,-64,1
09/11/2005 21:55:00,254,43,56,-7,-64,1
09/11/2005 21:56:00,254,44,56,-7,-65,1
09/11/2005 21:57:00,254,43,57,-7,-65,1
09/11/2005 21:58:00,254,45,59,-7,-66,1
09/11/2005 21:59:00,254,46,59,-7,-67,1
09/11/2005 22:00:00,254,48,58,-7,-66,1
09/11/2005 22:01:00,254,46,58,-6,-66,1
09/11/2005 22:02:00,254,47,57,-6,-66,1
09/11/2005 22:03:00,254,47,55,-6,-65,1
09/11/2005 22:04:00,254,48,53,-6,-65,1
09/11/2005 22:05:00,254,48,52,-6,-66,1
09/11/2005 22:06:00,254,49,51,-6,-67,1
09/11/2005 22:07:00,254,49,50,-6,-67,1
09/11/2005 22:08:00,254,50,50,-7,-68,1
09/11/2005 22:09:00,254,50,50,-7,-68,1
09/11/2005 22:10:00,254,50,48,-7,-68,1
09/11/2005 22:11:00,254,49,46,-7,-68,1
09/11/2005 22:12:00,254,48,45,-7,-68,1
09/11/2005 22:13:00,254,47,44,-7,-68,1
09/11/2005 22:14:00,254,45,42,-7,-67,1
09/11/2005 22:15:00,254,44,38,-7,-67,1
09/11/2005 22:16:00,254,43,35,-7,-67,1
09/11/2005 22:17:00,254,42,33,-7,-66,1
09/11/2005 22:18:00,254,42,31,-6,-66,1
09/11/2005 22:19:00,254,43,30,-6,-67,1
09/11/2005 22:20:00,254,42,30,-6,-66,1
09/11/2005 22:21:00,254,41,29,-6,-65,1
09/11/2005 22:22:00,254,41,29,-6,-65,1
09/11/2005 22:23:00,254,42,28,-6,-64,1
09/11/2005 22:24:00,254,42,27,-6,-64,1
09/11/2005 22:25:00,254,42,26,-6,-64,1
09/11/2005 22:26:00,254,42,26,-6,-64,1
09/11/2005 22:27:00,254,41,25,-6,-65,1
09/11/2005 22:28:00,254,41,23,-6,-65,1
09/11/2005 22:29:00,254,41,23,-7,-65,1
09/11/2005 22:30:00,254,41,23,-6,-65,1
09/11/2005 22:31:00,254,42,24,-6,-65,1
09/11/2005 22:32:00,254,41,22,-7,-65,1
09/11/2005 22:33:00,254,40,22,-6,-65,1
09/11/2005 22:34:00,254,39,22,-6,-65,1
09/11/2005 22:35:00,254,40,22,-6,-65,1
09/11/2005 22:36:00,254,39,22,-6,-65,1
09/11/2005 22:37:00,254,39,22,-7,-65,1
09/11/2005 22:38:00,254,39,22,-7,-65,1
09/11/2005 22:39:00,254,39,22,-7,-65,1
09/11/2005 22:40:00,254,39,22,-7,-65,1
09/11/2005 22:41:00,254,38,22,-7,-65,1
09/11/2005 22:42:00,254,38,23,-7,-65,1
09/11/2005 22:43:00,254,38,23,-7,-65,1
09/11/2005 22:44:00,254,39,24,-7,-65,1
09/11/2005 22:45:00,254,38,24,-7,-65,1
09/11/2005 22:46:00,254,37,24,-7,-64,1
09/11/2005 22:47:00,254,37,24,-7,-64,1
09/11/2005 22:48:00,254,37,24,-7,-63,1
09/11/2005 22:49:00,254,36,23,-7,-63,1
09/11/2005 22:50:00,254,38,24,-7,-64,1
09/11/2005 22:51:00,254,39,24,-7,-63,1
09/11/2005 22:52:00,254,40,23,-7,-64,1
09/11/2005 22:53:00,254,40,23,-8,-65,1
09/11/2005 22:54:00,254,41,23,-8,-65,1
09/11/2005 22:55:00,254,41,22,-8,-65,1
09/11/2005 22:56:00,254,41,22,-8,-65,1
09/11/2005 22:57:00,254,44,22,-8,-65,1
09/11/2005 22:58:00,254,45,22,-8,-67,1
09/11/2005 22:59:00,254,40,24,-8,-66,1
09/11/2005 23:00:00,254,40,26,-8,-66,1
09/11/2005 23:01:00,254,40,25,-8,-66,1
09/11/2005 23:02:00,254,40,24,-7,-67,1
09/11/2005 23:03:00,254,40,25,-7,-67,1
09/11/2005 23:04:00,254,41,26,-7,-67,1
09/11/2005 23:05:00,254,42,26,-7,-67,1
09/11/2005 23:06:00,254,42,27,-7,-67,1
09/11/2005 23:07:00,254,43,28,-7,-67,1
09/11/2005 23:08:00,254,43,28,-7,-67,1
09/11/2005 23:09:00,254,42,31,-7,-68,1
09/11/2005 23:10:00,254,41,30,-7,-68,1
09/11/2005 23:11:00,254,40,31,-7,-68,1
09/11/2005 23:12:00,254,38,33,-7,-67,1
09/11/2005 23:13:00,254,37,34,-7,-67,1
09/11/2005 23:14:00,254,35,36,-6,-67,1
09/11/2005 23:15:00,254,37,36,-6,-67,1
09/11/2005 23:16:00,254,38,38,-6,-67,1
09/11/2005 23:17:00,254,38,39,-6,-67,1
09/11/2005 23:18:00,254,39,40,-6,-67,1
09/11/2005 23:19:00,254,39,41,-7,-67,1
09/11/2005 23:20:00,254,40,39,-7,-67,1
09/11/2005 23:21:00,254,43,36,-7,-68,1
09/11/2005 23:22:00,254,43,36,-8,-68,1
09/11/2005 23:23:00,254,43,39,-8,-69,1
09/11/2005 23:24:00,254,43,40,-8,-69,1
09/11/2005 23:25:00,254,43,42,-8,-69,1
09/11/2005 23:26:00,254,44,44,-9,-69,1
09/11/2005 23:27:00,254,43,45,-8,-69,1
09/11/2005 23:28:00,254,45,48,-8,-69,1
09/11/2005 23:29:00,254,46,49,-7,-68,1
09/11/2005 23:30:00,254,47,48,-7,-68,1
09/11/2005 23:31:00,254,51,50,-6,-69,1
09/11/2005 23:32:00,254,53,50,-5,-68,1
09/11/2005 23:33:00,254,54,51,-4,-69,1
09/11/2005 23:34:00,254,57,55,-3,-69,1
09/11/2005 23:35:00,254,58,59,-2,-68,1
09/11/2005 23:36:00,254,58,61,-2,-68,1
09/11/2005 23:37:00,254,57,62,-2,-68,1
09/11/2005 23:38:00,254,56,64,-2,-67,1
09/11/2005 23:39:00,254,57,64,-2,-67,1
09/11/2005 23:40:00,254,55,65,-2,-67,1
09/11/2005 23:41:00,254,52,67,-2,-66,1
09/11/2005 23:42:00,254,50,68,-3,-66,1
09/11/2005 23:43:00,254,49,68,-3,-65,1
09/11/2005 23:44:00,254,47,70,-4,-65,1
09/11/2005 23:45:00,254,45,70,-5,-64,1
09/11/2005 23:46:00,254,43,69,-5,-64,1
09/11/2005 23:47:00,254,42,68,-6,-64,1
09/11/2005 23:48:00,254,45,66,-6,-64,1
09/11/2005 23:49:00,254,47,64,-7,-64,1
09/11/2005 23:50:00,254,48,61,-8,-65,1
09/11/2005 23:51:00,254,49,60,-9,-64,1
09/11/2005 23:52:00,254,50,61,-9,-65,1
09/11/2005 23:53:00,254,45,60,-9,-65,1
09/11/2005 23:54:00,254,44,61,-9,-65,1
09/11/2005 23:55:00,254,46,61,-9,-65,1
09/11/2005 23:56:00,254,46,61,-9,-66,1
09/11/2005 23:57:00,254,46,61,-9,-66,1
09/11/2005 23:58:00,254,47,61,-9,-67,1
09/11/2005 23:59:00,254,48,62,-9,-67,1
