DateTime,DOY,ASY_D,ASY_H,SYM_D,SYM_H,Location
03/16/2013 00:00:00,75,17,12,1,-7,1
03/16/2013 00:01:00,75,17,12,1,-7,1
03/16/2013 00:02:00,75,17,14,1,-7,1
03/16/2013 00:03:00,75,17,13,1,-8,1
03/16/2013 00:04:00,75,17,13,1,-8,1
03/16/2013 00:05:00,75,17,12,1,-7,1
03/16/2013 00:06:00,75,17,14,1,-7,1
03/16/2013 00:07:00,75,17,14,1,-7,1
03/16/2013 00:08:00,75,17,14,1,-8,1
03/16/2013 00:09:00,75,17,14,1,-8,1
03/16/2013 00:10:00,75,18,15,1,-7,1
03/16/2013 00:11:00,75,17,15,1,-7,1
03/16/2013 00:12:00,75,18,16,1,-7,1
03/16/2013 00:13:00,75,17,15,1,-7,1
03/16/2013 00:14:00,75,18,16,1,-7,1
03/16/2013 00:15:00,75,17,16,1,-7,1
03/16/2013 00:16:00,75,17,14,1,-7,1
03/16/2013 00:17:00,75,16,16,1,-7,1
03/16/2013 00:18:00,75,15,15,0,-7,1
03/16/2013 00:19:00,75,16,14,0,-8,1
03/16/2013 00:20:00,75,15,14,1,-7,1
03/16/2013 00:21:00,75,15,15,1,-8,1
03/16/2013 00:22:00,75,15,15,0,-8,1
03/16/2013 00:23:00,75,15,15,0,-8,1
03/16/2013 00:24:00,75,16,16,0,-8,1
03/16/2013 00:25:00,75,17,16,0,-8,1
03/16/2013 00:26:00,75,16,16,0,-9,1
03/16/2013 00:27:00,75,16,16,0,-9,1
03/16/2013 00:28:00,75,16,16,0,-8,1
03/16/2013 00:29:00,75,16,15,0,-9,1
03/16/2013 00:30:00,75,15,15,0,-9,1
03/16/2013 00:31:00,75,14,15,1,-9,1
03/16/2013 00:32:00,75,15,15,1,-9,1
03/16/2013 00:33:00,75,15,15,1,-9,1
03/16/2013 00:34:00,75,15,15,1,-9,1
03/16/2013 00:35:00,75,15,15,1,-9,1
03/16/2013 00:36:00,75,15,15,0,-9,1
03/16/2013 00:37:00,75,15,16,1,-9,1
03/16/2013 00:38:00,75,15,15,0,-9,1
03/16/2013 00:39:00,75,15,15,1,-9,1
03/16/2013 00:40:00,75,15,15,0,-9,1
03/16/2013 00:41:00,75,16,15,1,-9,1
03/16/2013 00:42:00,75,16,16,1,-10,1
03/16/2013 00:43:00,75,16,16,0,-9,1
03/16/2013 00:44:00,75,17,15,0,-10,1
03/16/2013 00:45:00,75,16,15,1,-10,1
03/16/2013 00:46:00,75,17,17,1,-10,1
03/16/2013 00:47:00,75,17,16,1,-10,1
03/16/2013 00:48:00,75,16,14,1,-10,1
03/16/2013 00:49:00,75,15,14,1,-10,1
03/16/2013 00:50:00,75,14,13,0,-10,1
03/16/2013 00:51:00,75,14,13,1,-10,1
03/16/2013 00:52:00,75,14,14,0,-11,1
03/16/2013 00:53:00,75,15,15,0,-11,1
03/16/2013 00:54:00,75,16,17,0,-11,1
03/16/2013 00:55:00,75,18,19,0,-11,1
03/16/2013 00:56:00,75,18,20,0,-11,1
03/16/2013 00:57:00,75,18,19,0,-11,1
03/16/2013 00:58:00,75,16,17,0,-11,1
03/16/2013 00:59:00,75,16,16,0,-12,1
03/16/2013 01:00:00,75,16,17,0,-12,1
03/16/2013 01:01:00,75,16,17,0,-12,1
03/16/2013 01:02:00,75,16,16,0,-12,1
03/16/2013 01:03:00,75,16,17,0,-12,1
03/16/2013 01:04:00,75,18,18,0,-12,1
03/16/2013 01:05:00,75,18,17,0,-12,1
03/16/2013 01:06:00,75,17,18,0,-12,1
03/16/2013 01:07:00,75,16,16,0,-12,1
03/16/2013 01:08:00,75,17,15,0,-12,1
03/16/2013 01:09:00,75,17,15,0,-12,1
03/16/2013 01:10:00,75,17,17,1,-12,1
03/16/2013 01:11:00,75,18,17,1,-11,1
03/16/2013 01:12:00,75,18,16,1,-11,1
03/16/2013 01:13:00,75,18,16,0,-12,1
03/16/2013 01:14:00,75,19,17,1,-12,1
03/16/2013 01:15:00,75,19,17,1,-12,1
03/16/2013 01:16:00,75,18,16,1,-12,1
03/16/2013 01:17:00,75,18,15,1,-12,1
03/16/2013 01:18:00,75,19,16,1,-12,1
03/16/2013 01:19:00,75,17,15,1,-12,1
03/16/2013 01:20:00,75,17,13,1,-12,1
03/16/2013 01:21:00,75,15,11,1,-12,1
03/16/2013 01:22:00,75,15,11,1,-11,1
03/16/2013 01:23:00,75,17,13,1,-11,1
03/16/2013 01:24:00,75,18,13,1,-11,1
03/16/2013 01:25:00,75,18,13,1,-11,1
03/16/2013 01:26:00,75,17,13,1,-12,1
03/16/2013 01:27:00,75,17,13,1,-11,1
03/16/2013 01:28:00,75,17,12,1,-11,1
03/16/2013 01:29:00,75,17,12,1,-12,1
03/16/2013 01:30:00,75,18,13,1,-11,1
03/16/2013 01:31:00,75,17,11,1,-12,1
03/16/2013 01:32:00,75,18,13,1,-11,1
03/16/2013 01:33:00,75,16,11,1,-11,1
03/16/2013 01:34:00,75,16,10,2,-11,1
03/16/2013 01:35:00,75,15,10,2,-12,1
03/16/2013 01:36:00,75,16,12,2,-11,1
03/16/2013 01:37:00,75,17,12,2,-11,1
03/16/2013 01:38:00,75,17,11,2,-11,1
03/16/2013 01:39:00,75,15,11,2,-11,1
03/16/2013 01:40:00,75,16,11,2,-11,1
03/16/2013 01:41:00,75,17,11,2,-11,1
03/16/2013 01:42:00,75,17,12,2,-12,1
03/16/2013 01:43:00,75,17,13,1,-12,1
03/16/2013 01:44:00,75,17,13,1,-12,1
03/16/2013 01:45:00,75,19,14,1,-13,1
03/16/2013 01:46:00,75,20,14,2,-12,1
03/16/2013 01:47:00,75,20,15,3,-12,1
03/16/2013 01:48:00,75,18,14,3,-12,1
03/16/2013 01:49:00,75,17,16,3,-12,1
03/16/2013 01:50:00,75,18,20,4,-11,1
03/16/2013 01:51:00,75,18,19,3,-11,1
03/16/2013 01:52:00,75,18,20,4,-11,1
03/16/2013 01:53:00,75,18,21,4,-11,1
03/16/2013 01:54:00,75,19,23,4,-10,1
03/16/2013 01:55:00,75,19,25,4,-10,1
03/16/2013 01:56:00,75,20,26,3,-10,1
03/16/2013 01:57:00,75,21,27,4,-9,1
03/16/2013 01:58:00,75,23,27,3,-9,1
03/16/2013 01:59:00,75,25,27,3,-9,1
03/16/2013 02:00:00,75,28,27,3,-9,1
03/16/2013 02:01:00,75,30,26,2,-9,1
03/16/2013 02:02:00,75,31,24,2,-10,1
03/16/2013 02:03:00,75,30,23,1,-10,1
03/16/2013 02:04:00,75,30,23,1,-10,1
03/16/2013 02:05:00,75,29,21,1,-10,1
03/16/2013 02:06:00,75,28,18,1,-10,1
03/16/2013 02:07:00,75,27,16,1,-9,1
03/16/2013 02:08:00,75,28,18,1,-9,1
03/16/2013 02:09:00,75,27,18,1,-9,1
03/16/2013 02:10:00,75,26,19,2,-9,1
03/16/2013 02:11:00,75,24,17,1,-10,1
03/16/2013 02:12:00,75,22,16,1,-10,1
03/16/2013 02:13:00,75,21,16,1,-10,1
03/16/2013 02:14:00,75,22,18,1,-11,1
03/16/2013 02:15:00,75,23,19,1,-11,1
03/16/2013 02:16:00,75,23,18,1,-11,1
03/16/2013 02:17:00,75,22,18,1,-12,1
03/16/2013 02:18:00,75,21,20,1,-12,1
03/16/2013 02:19:00,75,22,20,1,-12,1
03/16/2013 02:20:00,75,21,19,1,-12,1
03/16/2013 02:21:00,75,21,20,1,-12,1
03/16/2013 02:22:00,75,21,20,1,-13,1
03/16/2013 02:23:00,75,21,20,1,-13,1
03/16/2013 02:24:00,75,21,20,1,-14,1
03/16/2013 02:25:00,75,22,21,0,-13,1
03/16/2013 02:26:00,75,22,21,1,-14,1
03/16/2013 02:27:00,75,21,20,1,-14,1
03/16/2013 02:28:00,75,22,21,1,-14,1
03/16/2013 02:29:00,75,23,22,1,-14,1
03/16/2013 02:30:00,75,23,23,1,-14,1
03/16/2013 02:31:00,75,24,24,1,-15,1
03/16/2013 02:32:00,75,24,24,1,-15,1
03/16/2013 02:33:00,75,25,25,1,-15,1
03/16/2013 02:34:00,75,27,26,0,-15,1
03/16/2013 02:35:00,75,27,26,0,-15,1
03/16/2013 02:36:00,75,25,25,0,-15,1
03/16/2013 02:37:00,75,24,25,-1,-15,1
03/16/2013 02:38:00,75,24,25,-1,-15,1
03/16/2013 02:39:00,75,25,25,-1,-15,1
03/16/2013 02:40:00,75,24,25,-1,-15,1
03/16/2013 02:41:00,75,25,26,-1,-16,1
03/16/2013 02:42:00,75,25,27,-1,-16,1
03/16/2013 02:43:00,75,26,28,-2,-17,1
03/16/2013 02:44:00,75,25,28,-2,-17,1
03/16/2013 02:45:00,75,25,28,-2,-17,1
03/16/2013 02:46:00,75,26,28,-2,-18,1
03/16/2013 02:47:00,75,24,28,-2,-18,1
03/16/2013 02:48:00,75,25,29,-2,-18,1
03/16/2013 02:49:00,75,30,31,-2,-17,1
03/16/2013 02:50:00,75,35,32,-3,-17,1
03/16/2013 02:51:00,75,35,33,-2,-17,1
03/16/2013 02:52:00,75,28,29,-2,-17,1
03/16/2013 02:53:00,75,22,28,-1,-17,1
03/16/2013 02:54:00,75,18,27,-1,-17,1
03/16/2013 02:55:00,75,18,28,-1,-17,1
03/16/2013 02:56:00,75,18,28,-1,-17,1
03/16/2013 02:57:00,75,20,27,-1,-18,1
03/16/2013 02:58:00,75,22,28,-1,-18,1
03/16/2013 02:59:00,75,22,29,-2,-19,1
03/16/2013 03:00:00,75,20,29,-2,-19,1
03/16/2013 03:01:00,75,20,29,-2,-20,1
03/16/2013 03:02:00,75,19,30,-2,-20,1
03/16/2013 03:03:00,75,20,30,-2,-21,1
03/16/2013 03:04:00,75,23,31,-1,-22,1
03/16/2013 03:05:00,75,24,31,-1,-22,1
03/16/2013 03:06:00,75,23,31,-1,-23,1
03/16/2013 03:07:00,75,23,31,-1,-23,1
03/16/2013 03:08:00,75,22,33,-1,-23,1
03/16/2013 03:09:00,75,21,33,-1,-23,1
03/16/2013 03:10:00,75,22,33,-1,-23,1
03/16/2013 03:11:00,75,22,34,-1,-23,1
03/16/2013 03:12:00,75,20,35,-1,-22,1
03/16/2013 03:13:00,75,19,36,-2,-22,1
03/16/2013 03:14:00,75,20,36,-1,-23,1
03/16/2013 03:15:00,75,20,36,-2,-23,1
03/16/2013 03:16:00,75,20,37,-2,-23,1
03/16/2013 03:17:00,75,20,36,-2,-24,1
03/16/2013 03:18:00,75,20,36,-2,-24,1
03/16/2013 03:19:00,75,20,37,-3,-24,1
03/16/2013 03:20:00,75,20,38,-2,-24,1
03/16/2013 03:21:00,75,20,38,-2,-24,1
03/16/2013 03:22:00,75,20,38,-2,-24,1
03/16/2013 03:23:00,75,19,38,-2,-24,1
03/16/2013 03:24:00,75,14,36,-2,-24,1
03/16/2013 03:25:00,75,14,36,-2,-24,1
03/16/2013 03:26:00,75,14,36,-2,-24,1
03/16/2013 03:27:00,75,15,38,-2,-24,1
03/16/2013 03:28:00,75,15,37,-1,-24,1
03/16/2013 03:29:00,75,16,38,-1,-25,1
03/16/2013 03:30:00,75,16,38,-1,-25,1
03/16/2013 03:31:00,75,17,40,-1,-24,1
03/16/2013 03:32:00,75,15,39,-1,-24,1
03/16/2013 03:33:00,75,15,40,-1,-24,1
03/16/2013 03:34:00,75,15,39,0,-24,1
03/16/2013 03:35:00,75,14,39,0,-24,1
03/16/2013 03:36:00,75,14,39,0,-24,1
03/16/2013 03:37:00,75,15,39,0,-24,1
03/16/2013 03:38:00,75,16,39,0,-24,1
03/16/2013 03:39:00,75,15,39,0,-23,1
03/16/2013 03:40:00,75,16,40,1,-23,1
03/16/2013 03:41:00,75,15,39,1,-22,1
03/16/2013 03:42:00,75,14,40,1,-21,1
03/16/2013 03:43:00,75,14,39,1,-21,1
03/16/2013 03:44:00,75,14,40,1,-21,1
03/16/2013 03:45:00,75,12,40,1,-21,1
03/16/2013 03:46:00,75,13,40,1,-21,1
03/16/2013 03:47:00,75,13,40,1,-21,1
03/16/2013 03:48:00,75,14,40,1,-21,1
03/16/2013 03:49:00,75,14,41,1,-21,1
03/16/2013 03:50:00,75,17,40,1,-21,1
03/16/2013 03:51:00,75,18,40,2,-20,1
03/16/2013 03:52:00,75,19,40,2,-20,1
03/16/2013 03:53:00,75,19,39,3,-20,1
03/16/2013 03:54:00,75,19,39,4,-19,1
03/16/2013 03:55:00,75,19,39,4,-19,1
03/16/2013 03:56:00,75,19,40,4,-19,1
03/16/2013 03:57:00,75,20,40,4,-19,1
03/16/2013 03:58:00,75,20,39,5,-19,1
03/16/2013 03:59:00,75,20,38,5,-19,1
03/16/2013 04:00:00,75,20,38,5,-19,1
03/16/2013 04:01:00,75,20,38,5,-18,1
03/16/2013 04:02:00,75,20,39,5,-18,1
03/16/2013 04:03:00,75,21,39,5,-18,1
03/16/2013 04:04:00,75,21,38,5,-18,1
03/16/2013 04:05:00,75,20,39,4,-17,1
03/16/2013 04:06:00,75,21,40,4,-17,1
03/16/2013 04:07:00,75,20,40,4,-16,1
03/16/2013 04:08:00,75,21,40,4,-16,1
03/16/2013 04:09:00,75,21,42,5,-16,1
03/16/2013 04:10:00,75,21,42,5,-16,1
03/16/2013 04:11:00,75,21,40,5,-16,1
03/16/2013 04:12:00,75,22,40,5,-16,1
03/16/2013 04:13:00,75,22,39,5,-16,1
03/16/2013 04:14:00,75,22,37,4,-16,1
03/16/2013 04:15:00,75,20,36,4,-16,1
03/16/2013 04:16:00,75,20,35,4,-16,1
03/16/2013 04:17:00,75,22,35,4,-16,1
03/16/2013 04:18:00,75,20,35,4,-16,1
03/16/2013 04:19:00,75,20,34,5,-17,1
03/16/2013 04:20:00,75,19,33,5,-18,1
03/16/2013 04:21:00,75,19,32,5,-19,1
03/16/2013 04:22:00,75,19,31,5,-19,1
03/16/2013 04:23:00,75,18,31,5,-20,1
03/16/2013 04:24:00,75,18,31,5,-20,1
03/16/2013 04:25:00,75,18,32,5,-21,1
03/16/2013 04:26:00,75,16,32,5,-22,1
03/16/2013 04:27:00,75,17,31,6,-22,1
03/16/2013 04:28:00,75,17,32,6,-22,1
03/16/2013 04:29:00,75,18,31,6,-22,1
03/16/2013 04:30:00,75,19,33,6,-22,1
03/16/2013 04:31:00,75,19,32,7,-23,1
03/16/2013 04:32:00,75,19,32,7,-22,1
03/16/2013 04:33:00,75,17,32,7,-22,1
03/16/2013 04:34:00,75,18,33,7,-22,1
03/16/2013 04:35:00,75,20,34,7,-22,1
03/16/2013 04:36:00,75,20,34,8,-22,1
03/16/2013 04:37:00,75,20,33,8,-21,1
03/16/2013 04:38:00,75,21,34,8,-21,1
03/16/2013 04:39:00,75,21,36,9,-21,1
03/16/2013 04:40:00,75,21,38,9,-21,1
03/16/2013 04:41:00,75,22,40,10,-20,1
03/16/2013 04:42:00,75,21,41,10,-20,1
03/16/2013 04:43:00,75,22,43,10,-20,1
03/16/2013 04:44:00,75,21,44,10,-21,1
03/16/2013 04:45:00,75,20,47,10,-21,1
03/16/2013 04:46:00,75,21,48,11,-21,1
03/16/2013 04:47:00,75,21,49,10,-21,1
03/16/2013 04:48:00,75,22,50,10,-21,1
03/16/2013 04:49:00,75,22,50,10,-20,1
03/16/2013 04:50:00,75,22,53,10,-19,1
03/16/2013 04:51:00,75,22,54,10,-19,1
03/16/2013 04:52:00,75,22,54,10,-18,1
03/16/2013 04:53:00,75,24,52,9,-17,1
03/16/2013 04:54:00,75,25,53,9,-17,1
03/16/2013 04:55:00,75,25,54,9,-17,1
03/16/2013 04:56:00,75,25,54,8,-17,1
03/16/2013 04:57:00,75,24,54,8,-17,1
03/16/2013 04:58:00,75,23,55,8,-18,1
03/16/2013 04:59:00,75,23,53,7,-18,1
03/16/2013 05:00:00,75,22,52,7,-18,1
03/16/2013 05:01:00,75,23,52,7,-19,1
03/16/2013 05:02:00,75,22,51,7,-18,1
03/16/2013 05:03:00,75,22,50,6,-19,1
03/16/2013 05:04:00,75,22,50,6,-19,1
03/16/2013 05:05:00,75,21,48,5,-18,1
03/16/2013 05:06:00,75,21,47,5,-18,1
03/16/2013 05:07:00,75,20,46,5,-19,1
03/16/2013 05:08:00,75,20,44,4,-19,1
03/16/2013 05:09:00,75,20,44,4,-19,1
03/16/2013 05:10:00,75,20,43,4,-20,1
03/16/2013 05:11:00,75,19,40,4,-20,1
03/16/2013 05:12:00,75,18,40,3,-20,1
03/16/2013 05:13:00,75,17,39,3,-20,1
03/16/2013 05:14:00,75,15,38,3,-21,1
03/16/2013 05:15:00,75,12,38,2,-21,1
03/16/2013 05:16:00,75,11,39,2,-21,1
03/16/2013 05:17:00,75,10,39,2,-22,1
03/16/2013 05:18:00,75,10,39,2,-22,1
03/16/2013 05:19:00,75,11,40,3,-23,1
03/16/2013 05:20:00,75,11,39,3,-23,1
03/16/2013 05:21:00,75,11,38,3,-24,1
03/16/2013 05:22:00,75,10,40,4,-25,1
03/16/2013 05:23:00,75,10,39,4,-24,1
03/16/2013 05:24:00,75,8,38,4,-24,1
03/16/2013 05:25:00,75,9,38,5,-24,1
03/16/2013 05:26:00,75,10,37,5,-23,1
03/16/2013 05:27:00,75,12,38,5,-23,1
03/16/2013 05:28:00,75,13,39,6,-24,1
03/16/2013 05:29:00,75,13,39,6,-24,1
03/16/2013 05:30:00,75,13,40,7,-24,1
03/16/2013 05:31:00,75,13,41,7,-24,1
03/16/2013 05:32:00,75,14,41,7,-24,1
03/16/2013 05:33:00,75,14,40,7,-25,1
03/16/2013 05:34:00,75,14,39,7,-24,1
03/16/2013 05:35:00,75,14,40,7,-24,1
03/16/2013 05:36:00,75,14,39,7,-24,1
03/16/2013 05:37:00,75,14,39,7,-25,1
03/16/2013 05:38:00,75,14,39,7,-25,1
03/16/2013 05:39:00,75,14,39,7,-25,1
03/16/2013 05:40:00,75,13,39,7,-25,1
03/16/2013 05:41:00,75,13,38,7,-25,1
03/16/2013 05:42:00,75,12,38,6,-25,1
03/16/2013 05:43:00,75,12,37,6,-25,1
03/16/2013 05:44:00,75,11,37,6,-25,1
03/16/2013 05:45:00,75,11,38,6,-26,1
03/16/2013 05:46:00,75,11,38,6,-25,1
03/16/2013 05:47:00,75,11,37,6,-25,1
03/16/2013 05:48:00,75,11,37,6,-26,1
03/16/2013 05:49:00,75,11,37,6,-26,1
03/16/2013 05:50:00,75,11,36,6,-26,1
03/16/2013 05:51:00,75,11,35,5,-26,1
03/16/2013 05:52:00,75,11,34,5,-26,1
03/16/2013 05:53:00,75,11,33,5,-26,1
03/16/2013 05:54:00,75,11,34,5,-27,1
03/16/2013 05:55:00,75,12,34,5,-27,1
03/16/2013 05:56:00,75,12,34,5,-27,1
03/16/2013 05:57:00,75,13,34,5,-27,1
03/16/2013 05:58:00,75,13,34,5,-28,1
03/16/2013 05:59:00,75,13,34,6,-27,1
03/16/2013 06:00:00,75,15,33,6,-27,1
03/16/2013 06:01:00,75,15,34,5,-26,1
03/16/2013 06:02:00,75,15,34,5,-26,1
03/16/2013 06:03:00,75,15,33,5,-27,1
03/16/2013 06:04:00,75,15,34,5,-27,1
03/16/2013 06:05:00,75,15,32,5,-28,1
03/16/2013 06:06:00,75,15,33,5,-28,1
03/16/2013 06:07:00,75,15,32,5,-29,1
03/16/2013 06:08:00,75,16,32,6,-29,1
03/16/2013 06:09:00,75,16,31,6,-29,1
03/16/2013 06:10:00,75,16,31,6,-29,1
03/16/2013 06:11:00,75,15,31,6,-29,1
03/16/2013 06:12:00,75,16,31,6,-29,1
03/16/2013 06:13:00,75,15,30,6,-29,1
03/16/2013 06:14:00,75,16,30,6,-29,1
03/16/2013 06:15:00,75,16,29,6,-30,1
03/16/2013 06:16:00,75,15,30,6,-29,1
03/16/2013 06:17:00,75,15,30,6,-30,1
03/16/2013 06:18:00,75,15,30,6,-29,1
03/16/2013 06:19:00,75,16,29,6,-29,1
03/16/2013 06:20:00,75,16,28,6,-29,1
03/16/2013 06:21:00,75,16,28,6,-29,1
03/16/2013 06:22:00,75,16,28,6,-29,1
03/16/2013 06:23:00,75,16,28,6,-29,1
03/16/2013 06:24:00,75,17,27,6,-29,1
03/16/2013 06:25:00,75,18,27,6,-29,1
03/16/2013 06:26:00,75,18,27,6,-28,1
03/16/2013 06:27:00,75,17,28,5,-28,1
03/16/2013 06:28:00,75,15,28,5,-28,1
03/16/2013 06:29:00,75,16,27,5,-27,1
03/16/2013 06:30:00,75,16,27,6,-27,1
03/16/2013 06:31:00,75,15,28,6,-28,1
03/16/2013 06:32:00,75,15,27,6,-28,1
03/16/2013 06:33:00,75,16,27,6,-28,1
03/16/2013 06:34:00,75,18,26,6,-28,1
03/16/2013 06:35:00,75,18,26,6,-28,1
03/16/2013 06:36:00,75,19,25,6,-27,1
03/16/2013 06:37:00,75,20,25,6,-27,1
03/16/2013 06:38:00,75,19,25,5,-26,1
03/16/2013 06:39:00,75,19,25,5,-25,1
03/16/2013 06:40:00,75,18,25,4,-25,1
03/16/2013 06:41:00,75,18,25,4,-25,1
03/16/2013 06:42:00,75,17,25,4,-25,1
03/16/2013 06:43:00,75,15,25,4,-25,1
03/16/2013 06:44:00,75,16,25,4,-24,1
03/16/2013 06:45:00,75,16,25,4,-24,1
03/16/2013 06:46:00,75,17,26,4,-23,1
03/16/2013 06:47:00,75,17,26,4,-23,1
03/16/2013 06:48:00,75,17,26,3,-22,1
03/16/2013 06:49:00,75,19,26,4,-22,1
03/16/2013 06:50:00,75,19,26,3,-22,1
03/16/2013 06:51:00,75,18,26,4,-23,1
03/16/2013 06:52:00,75,18,26,4,-23,1
03/16/2013 06:53:00,75,19,26,4,-22,1
03/16/2013 06:54:00,75,20,26,4,-22,1
03/16/2013 06:55:00,75,19,26,4,-22,1
03/16/2013 06:56:00,75,20,25,4,-22,1
03/16/2013 06:57:00,75,21,26,4,-22,1
03/16/2013 06:58:00,75,20,27,4,-23,1
03/16/2013 06:59:00,75,20,27,3,-22,1
03/16/2013 07:00:00,75,21,27,3,-23,1
03/16/2013 07:01:00,75,22,27,3,-22,1
03/16/2013 07:02:00,75,22,27,3,-22,1
03/16/2013 07:03:00,75,22,27,2,-23,1
03/16/2013 07:04:00,75,22,28,2,-23,1
03/16/2013 07:05:00,75,23,28,3,-23,1
03/16/2013 07:06:00,75,22,28,3,-23,1
03/16/2013 07:07:00,75,22,28,3,-23,1
03/16/2013 07:08:00,75,22,29,2,-23,1
03/16/2013 07:09:00,75,23,28,2,-23,1
03/16/2013 07:10:00,75,23,28,2,-23,1
03/16/2013 07:11:00,75,22,28,3,-24,1
03/16/2013 07:12:00,75,23,29,3,-25,1
03/16/2013 07:13:00,75,24,29,3,-25,1
03/16/2013 07:14:00,75,23,28,3,-26,1
03/16/2013 07:15:00,75,24,28,3,-26,1
03/16/2013 07:16:00,75,25,28,3,-26,1
03/16/2013 07:17:00,75,25,28,3,-27,1
03/16/2013 07:18:00,75,24,27,3,-26,1
03/16/2013 07:19:00,75,25,27,4,-26,1
03/16/2013 07:20:00,75,29,27,3,-26,1
03/16/2013 07:21:00,75,29,28,3,-26,1
03/16/2013 07:22:00,75,31,30,4,-26,1
03/16/2013 07:23:00,75,32,32,4,-26,1
03/16/2013 07:24:00,75,35,33,3,-26,1
03/16/2013 07:25:00,75,35,33,3,-25,1
03/16/2013 07:26:00,75,36,33,4,-26,1
03/16/2013 07:27:00,75,36,35,4,-26,1
03/16/2013 07:28:00,75,37,36,4,-26,1
03/16/2013 07:29:00,75,37,36,4,-26,1
03/16/2013 07:30:00,75,38,35,4,-25,1
03/16/2013 07:31:00,75,38,36,4,-24,1
03/16/2013 07:32:00,75,39,35,4,-24,1
03/16/2013 07:33:00,75,37,34,4,-23,1
03/16/2013 07:34:00,75,36,34,4,-22,1
03/16/2013 07:35:00,75,34,35,3,-22,1
03/16/2013 07:36:00,75,33,34,3,-22,1
03/16/2013 07:37:00,75,32,35,3,-21,1
03/16/2013 07:38:00,75,33,34,3,-21,1
03/16/2013 07:39:00,75,33,35,3,-22,1
03/16/2013 07:40:00,75,33,33,3,-21,1
03/16/2013 07:41:00,75,31,34,3,-21,1
03/16/2013 07:42:00,75,30,34,3,-20,1
03/16/2013 07:43:00,75,29,34,3,-19,1
03/16/2013 07:44:00,75,29,36,3,-18,1
03/16/2013 07:45:00,75,28,39,3,-19,1
03/16/2013 07:46:00,75,29,41,3,-20,1
03/16/2013 07:47:00,75,28,42,4,-21,1
03/16/2013 07:48:00,75,29,42,4,-20,1
03/16/2013 07:49:00,75,29,40,4,-20,1
03/16/2013 07:50:00,75,30,39,4,-20,1
03/16/2013 07:51:00,75,30,39,3,-19,1
03/16/2013 07:52:00,75,30,40,3,-19,1
03/16/2013 07:53:00,75,28,40,3,-18,1
03/16/2013 07:54:00,75,27,41,3,-18,1
03/16/2013 07:55:00,75,28,42,3,-19,1
03/16/2013 07:56:00,75,27,41,3,-19,1
03/16/2013 07:57:00,75,26,41,3,-19,1
03/16/2013 07:58:00,75,25,42,3,-19,1
03/16/2013 07:59:00,75,26,41,4,-21,1
03/16/2013 08:00:00,75,28,40,4,-21,1
03/16/2013 08:01:00,75,29,39,4,-21,1
03/16/2013 08:02:00,75,30,38,4,-22,1
03/16/2013 08:03:00,75,31,38,4,-22,1
03/16/2013 08:04:00,75,31,37,4,-22,1
03/16/2013 08:05:00,75,32,38,4,-23,1
03/16/2013 08:06:00,75,33,38,4,-23,1
03/16/2013 08:07:00,75,32,38,4,-22,1
03/16/2013 08:08:00,75,31,37,4,-22,1
03/16/2013 08:09:00,75,32,38,4,-22,1
03/16/2013 08:10:00,75,31,39,4,-22,1
03/16/2013 08:11:00,75,31,41,4,-22,1
03/16/2013 08:12:00,75,30,41,4,-22,1
03/16/2013 08:13:00,75,30,42,4,-22,1
03/16/2013 08:14:00,75,31,44,4,-22,1
03/16/2013 08:15:00,75,30,45,5,-22,1
03/16/2013 08:16:00,75,31,45,5,-22,1
03/16/2013 08:17:00,75,32,45,4,-22,1
03/16/2013 08:18:00,75,32,46,5,-22,1
03/16/2013 08:19:00,75,31,47,5,-22,1
03/16/2013 08:20:00,75,30,49,5,-22,1
03/16/2013 08:21:00,75,30,49,5,-22,1
03/16/2013 08:22:00,75,29,50,5,-21,1
03/16/2013 08:23:00,75,29,50,5,-21,1
03/16/2013 08:24:00,75,29,49,6,-21,1
03/16/2013 08:25:00,75,28,49,5,-22,1
03/16/2013 08:26:00,75,26,48,5,-21,1
03/16/2013 08:27:00,75,25,49,6,-21,1
03/16/2013 08:28:00,75,25,48,6,-22,1
03/16/2013 08:29:00,75,24,48,6,-22,1
03/16/2013 08:30:00,75,25,48,6,-23,1
03/16/2013 08:31:00,75,25,47,7,-23,1
03/16/2013 08:32:00,75,26,46,7,-23,1
03/16/2013 08:33:00,75,26,46,7,-24,1
03/16/2013 08:34:00,75,26,45,7,-24,1
03/16/2013 08:35:00,75,26,44,7,-25,1
03/16/2013 08:36:00,75,26,44,7,-25,1
03/16/2013 08:37:00,75,26,45,7,-25,1
03/16/2013 08:38:00,75,26,45,8,-25,1
03/16/2013 08:39:00,75,27,44,7,-25,1
03/16/2013 08:40:00,75,27,44,7,-25,1
03/16/2013 08:41:00,75,27,44,7,-25,1
03/16/2013 08:42:00,75,27,44,7,-25,1
03/16/2013 08:43:00,75,26,44,7,-25,1
03/16/2013 08:44:00,75,27,44,7,-25,1
03/16/2013 08:45:00,75,28,43,7,-25,1
03/16/2013 08:46:00,75,28,43,7,-25,1
03/16/2013 08:47:00,75,29,43,7,-25,1
03/16/2013 08:48:00,75,29,43,7,-25,1
03/16/2013 08:49:00,75,29,44,7,-25,1
03/16/2013 08:50:00,75,29,44,7,-24,1
03/16/2013 08:51:00,75,29,44,7,-24,1
03/16/2013 08:52:00,75,28,45,7,-24,1
03/16/2013 08:53:00,75,28,46,7,-23,1
03/16/2013 08:54:00,75,27,46,7,-24,1
03/16/2013 08:55:00,75,26,46,7,-23,1
03/16/2013 08:56:00,75,27,46,7,-23,1
03/16/2013 08:57:00,75,27,45,7,-24,1
03/16/2013 08:58:00,75,26,45,7,-24,1
03/16/2013 08:59:00,75,26,44,7,-24,1
03/16/2013 09:00:00,75,26,44,7,-25,1
03/16/2013 09:01:00,75,26,44,7,-25,1
03/16/2013 09:02:00,75,26,44,7,-25,1
03/16/2013 09:03:00,75,27,43,7,-25,1
03/16/2013 09:04:00,75,27,42,7,-25,1
03/16/2013 09:05:00,75,28,43,7,-25,1
03/16/2013 09:06:00,75,28,43,8,-25,1
03/16/2013 09:07:00,75,28,44,7,-25,1
03/16/2013 09:08:00,75,28,44,7,-25,1
03/16/2013 09:09:00,75,27,45,7,-25,1
03/16/2013 09:10:00,75,27,45,8,-25,1
03/16/2013 09:11:00,75,26,46,8,-25,1
03/16/2013 09:12:00,75,27,46,7,-25,1
03/16/2013 09:13:00,75,26,46,7,-25,1
03/16/2013 09:14:00,75,26,47,8,-25,1
03/16/2013 09:15:00,75,26,46,8,-25,1
03/16/2013 09:16:00,75,27,46,8,-25,1
03/16/2013 09:17:00,75,27,47,8,-25,1
03/16/2013 09:18:00,75,26,46,8,-25,1
03/16/2013 09:19:00,75,26,47,8,-25,1
03/16/2013 09:20:00,75,26,47,8,-25,1
03/16/2013 09:21:00,75,24,48,8,-24,1
03/16/2013 09:22:00,75,24,48,8,-24,1
03/16/2013 09:23:00,75,25,48,8,-24,1
03/16/2013 09:24:00,75,23,49,8,-24,1
03/16/2013 09:25:00,75,22,50,8,-24,1
03/16/2013 09:26:00,75,21,50,8,-23,1
03/16/2013 09:27:00,75,20,49,8,-23,1
03/16/2013 09:28:00,75,19,50,8,-24,1
03/16/2013 09:29:00,75,19,50,9,-24,1
03/16/2013 09:30:00,75,18,51,9,-24,1
03/16/2013 09:31:00,75,18,52,9,-25,1
03/16/2013 09:32:00,75,19,52,9,-25,1
03/16/2013 09:33:00,75,19,52,9,-26,1
03/16/2013 09:34:00,75,19,51,9,-26,1
03/16/2013 09:35:00,75,19,52,9,-26,1
03/16/2013 09:36:00,75,19,51,9,-27,1
03/16/2013 09:37:00,75,20,51,9,-27,1
03/16/2013 09:38:00,75,20,50,9,-28,1
03/16/2013 09:39:00,75,19,50,9,-28,1
03/16/2013 09:40:00,75,20,50,9,-28,1
03/16/2013 09:41:00,75,19,48,9,-29,1
03/16/2013 09:42:00,75,19,48,9,-29,1
03/16/2013 09:43:00,75,20,48,9,-29,1
03/16/2013 09:44:00,75,20,48,9,-29,1
03/16/2013 09:45:00,75,20,47,9,-29,1
03/16/2013 09:46:00,75,20,47,9,-29,1
03/16/2013 09:47:00,75,19,47,9,-29,1
03/16/2013 09:48:00,75,20,46,9,-29,1
03/16/2013 09:49:00,75,19,46,9,-29,1
03/16/2013 09:50:00,75,19,45,9,-29,1
03/16/2013 09:51:00,75,19,44,8,-28,1
03/16/2013 09:52:00,75,18,44,8,-28,1
03/16/2013 09:53:00,75,18,43,8,-28,1
03/16/2013 09:54:00,75,18,42,8,-28,1
03/16/2013 09:55:00,75,18,43,8,-28,1
03/16/2013 09:56:00,75,17,43,8,-28,1
03/16/2013 09:57:00,75,17,42,8,-28,1
03/16/2013 09:58:00,75,17,41,8,-28,1
03/16/2013 09:59:00,75,17,41,8,-28,1
03/16/2013 10:00:00,75,18,40,8,-29,1
03/16/2013 10:01:00,75,18,39,8,-29,1
03/16/2013 10:02:00,75,18,39,7,-29,1
03/16/2013 10:03:00,75,18,39,7,-29,1
03/16/2013 10:04:00,75,19,39,7,-29,1
03/16/2013 10:05:00,75,18,39,7,-29,1
03/16/2013 10:06:00,75,18,39,7,-29,1
03/16/2013 10:07:00,75,18,38,7,-30,1
03/16/2013 10:08:00,75,18,38,7,-30,1
03/16/2013 10:09:00,75,19,38,6,-30,1
03/16/2013 10:10:00,75,19,37,6,-30,1
03/16/2013 10:11:00,75,19,37,6,-30,1
03/16/2013 10:12:00,75,19,37,6,-30,1
03/16/2013 10:13:00,75,19,37,5,-30,1
03/16/2013 10:14:00,75,19,36,5,-30,1
03/16/2013 10:15:00,75,19,35,5,-30,1
03/16/2013 10:16:00,75,18,35,5,-29,1
03/16/2013 10:17:00,75,18,35,5,-29,1
03/16/2013 10:18:00,75,18,34,5,-28,1
03/16/2013 10:19:00,75,18,35,5,-28,1
03/16/2013 10:20:00,75,18,33,5,-28,1
03/16/2013 10:21:00,75,18,33,4,-28,1
03/16/2013 10:22:00,75,17,32,4,-27,1
03/16/2013 10:23:00,75,17,31,4,-28,1
03/16/2013 10:24:00,75,17,29,3,-28,1
03/16/2013 10:25:00,75,17,29,3,-28,1
03/16/2013 10:26:00,75,17,29,3,-27,1
03/16/2013 10:27:00,75,16,29,3,-27,1
03/16/2013 10:28:00,75,16,27,3,-27,1
03/16/2013 10:29:00,75,16,28,3,-27,1
03/16/2013 10:30:00,75,16,26,3,-26,1
03/16/2013 10:31:00,75,16,27,3,-26,1
03/16/2013 10:32:00,75,16,26,3,-26,1
03/16/2013 10:33:00,75,15,26,3,-25,1
03/16/2013 10:34:00,75,15,25,3,-25,1
03/16/2013 10:35:00,75,15,26,3,-25,1
03/16/2013 10:36:00,75,14,26,3,-24,1
03/16/2013 10:37:00,75,14,26,3,-24,1
03/16/2013 10:38:00,75,14,26,3,-25,1
03/16/2013 10:39:00,75,14,25,3,-24,1
03/16/2013 10:40:00,75,14,25,3,-24,1
03/16/2013 10:41:00,75,13,24,2,-23,1
03/16/2013 10:42:00,75,13,24,2,-23,1
03/16/2013 10:43:00,75,13,22,2,-23,1
03/16/2013 10:44:00,75,13,23,2,-23,1
03/16/2013 10:45:00,75,12,23,3,-23,1
03/16/2013 10:46:00,75,12,23,3,-23,1
03/16/2013 10:47:00,75,11,22,2,-23,1
03/16/2013 10:48:00,75,11,22,3,-23,1
03/16/2013 10:49:00,75,11,22,2,-23,1
03/16/2013 10:50:00,75,10,22,3,-23,1
03/16/2013 10:51:00,75,10,22,3,-23,1
03/16/2013 10:52:00,75,9,23,3,-23,1
03/16/2013 10:53:00,75,9,23,3,-23,1
03/16/2013 10:54:00,75,9,24,3,-23,1
03/16/2013 10:55:00,75,9,24,3,-24,1
03/16/2013 10:56:00,75,9,25,3,-24,1
03/16/2013 10:57:00,75,10,26,3,-23,1
03/16/2013 10:58:00,75,10,26,3,-23,1
03/16/2013 10:59:00,75,10,28,3,-23,1
03/16/2013 11:00:00,75,11,28,3,-23,1
03/16/2013 11:01:00,75,11,29,3,-23,1
03/16/2013 11:02:00,75,11,30,3,-23,1
03/16/2013 11:03:00,75,11,31,3,-24,1
03/16/2013 11:04:00,75,11,31,3,-24,1
03/16/2013 11:05:00,75,11,31,3,-24,1
03/16/2013 11:06:00,75,10,30,3,-25,1
03/16/2013 11:07:00,75,11,30,3,-25,1
03/16/2013 11:08:00,75,11,30,2,-24,1
03/16/2013 11:09:00,75,10,30,2,-25,1
03/16/2013 11:10:00,75,10,30,3,-25,1
03/16/2013 11:11:00,75,9,30,2,-25,1
03/16/2013 11:12:00,75,10,30,2,-24,1
03/16/2013 11:13:00,75,10,29,2,-23,1
03/16/2013 11:14:00,75,10,29,2,-23,1
03/16/2013 11:15:00,75,10,28,1,-23,1
03/16/2013 11:16:00,75,9,26,1,-22,1
03/16/2013 11:17:00,75,8,22,1,-22,1
03/16/2013 11:18:00,75,8,20,0,-22,1
03/16/2013 11:19:00,75,8,19,1,-22,1
03/16/2013 11:20:00,75,8,19,1,-23,1
03/16/2013 11:21:00,75,8,19,0,-23,1
03/16/2013 11:22:00,75,7,19,0,-22,1
03/16/2013 11:23:00,75,8,19,0,-23,1
03/16/2013 11:24:00,75,7,17,0,-22,1
03/16/2013 11:25:00,75,8,18,0,-22,1
03/16/2013 11:26:00,75,7,17,0,-22,1
03/16/2013 11:27:00,75,7,17,0,-22,1
03/16/2013 11:28:00,75,7,17,0,-22,1
03/16/2013 11:29:00,75,7,17,-1,-21,1
03/16/2013 11:30:00,75,7,16,-1,-21,1
03/16/2013 11:31:00,75,7,16,-1,-21,1
03/16/2013 11:32:00,75,7,16,-1,-21,1
03/16/2013 11:33:00,75,8,15,-1,-21,1
03/16/2013 11:34:00,75,8,16,-1,-21,1
03/16/2013 11:35:00,75,7,16,-1,-21,1
03/16/2013 11:36:00,75,7,14,-1,-21,1
03/16/2013 11:37:00,75,7,15,-1,-20,1
03/16/2013 11:38:00,75,9,15,-1,-20,1
03/16/2013 11:39:00,75,9,16,-2,-20,1
03/16/2013 11:40:00,75,9,15,-2,-19,1
03/16/2013 11:41:00,75,9,13,-2,-19,1
03/16/2013 11:42:00,75,9,13,-2,-19,1
03/16/2013 11:43:00,75,9,13,-2,-19,1
03/16/2013 11:44:00,75,9,14,-2,-19,1
03/16/2013 11:45:00,75,9,13,-2,-18,1
03/16/2013 11:46:00,75,8,13,-2,-18,1
03/16/2013 11:47:00,75,9,13,-2,-18,1
03/16/2013 11:48:00,75,9,13,-2,-18,1
03/16/2013 11:49:00,75,8,12,-2,-18,1
03/16/2013 11:50:00,75,8,13,-2,-18,1
03/16/2013 11:51:00,75,9,13,-2,-18,1
03/16/2013 11:52:00,75,8,13,-2,-18,1
03/16/2013 11:53:00,75,9,12,-2,-17,1
03/16/2013 11:54:00,75,9,12,-2,-17,1
03/16/2013 11:55:00,75,9,12,-2,-17,1
03/16/2013 11:56:00,75,8,12,-2,-17,1
03/16/2013 11:57:00,75,8,12,-2,-17,1
03/16/2013 11:58:00,75,8,12,-2,-17,1
03/16/2013 11:59:00,75,9,12,-2,-17,1
03/16/2013 12:00:00,75,9,12,-2,-16,1
03/16/2013 12:01:00,75,8,12,-2,-16,1
03/16/2013 12:02:00,75,8,12,-2,-16,1
03/16/2013 12:03:00,75,8,11,-3,-16,1
03/16/2013 12:04:00,75,9,11,-3,-16,1
03/16/2013 12:05:00,75,10,11,-3,-16,1
03/16/2013 12:06:00,75,10,11,-2,-15,1
03/16/2013 12:07:00,75,10,11,-2,-15,1
03/16/2013 12:08:00,75,11,11,-2,-15,1
03/16/2013 12:09:00,75,11,10,-2,-14,1
03/16/2013 12:10:00,75,11,9,-2,-14,1
03/16/2013 12:11:00,75,12,9,-2,-14,1
03/16/2013 12:12:00,75,12,10,-2,-13,1
03/16/2013 12:13:00,75,12,9,-2,-13,1
03/16/2013 12:14:00,75,13,10,-1,-13,1
03/16/2013 12:15:00,75,12,10,-1,-13,1
03/16/2013 12:16:00,75,13,10,-1,-13,1
03/16/2013 12:17:00,75,12,10,-1,-13,1
03/16/2013 12:18:00,75,12,10,-1,-13,1
03/16/2013 12:19:00,75,10,10,-1,-14,1
03/16/2013 12:20:00,75,10,10,-1,-14,1
03/16/2013 12:21:00,75,10,12,-2,-13,1
03/16/2013 12:22:00,75,9,12,-2,-13,1
03/16/2013 12:23:00,75,9,11,-2,-13,1
03/16/2013 12:24:00,75,10,11,-2,-13,1
03/16/2013 12:25:00,75,10,10,-2,-13,1
03/16/2013 12:26:00,75,10,11,-2,-13,1
03/16/2013 12:27:00,75,10,11,-2,-14,1
03/16/2013 12:28:00,75,9,10,-2,-14,1
03/16/2013 12:29:00,75,9,10,-2,-13,1
03/16/2013 12:30:00,75,9,10,-2,-13,1
03/16/2013 12:31:00,75,10,9,-2,-14,1
03/16/2013 12:32:00,75,9,9,-3,-14,1
03/16/2013 12:33:00,75,9,9,-3,-14,1
03/16/2013 12:34:00,75,10,8,-3,-14,1
03/16/2013 12:35:00,75,10,8,-3,-14,1
03/16/2013 12:36:00,75,9,8,-3,-15,1
03/16/2013 12:37:00,75,10,7,-3,-15,1
03/16/2013 12:38:00,75,10,7,-2,-15,1
03/16/2013 12:39:00,75,10,7,-2,-15,1
03/16/2013 12:40:00,75,10,5,-2,-15,1
03/16/2013 12:41:00,75,10,5,-2,-15,1
03/16/2013 12:42:00,75,10,5,-2,-15,1
03/16/2013 12:43:00,75,10,7,-2,-15,1
03/16/2013 12:44:00,75,10,7,-2,-15,1
03/16/2013 12:45:00,75,9,7,-2,-15,1
03/16/2013 12:46:00,75,9,7,-2,-15,1
03/16/2013 12:47:00,75,10,7,-2,-15,1
03/16/2013 12:48:00,75,10,7,-2,-15,1
03/16/2013 12:49:00,75,10,7,-2,-15,1
03/16/2013 12:50:00,75,11,7,-2,-15,1
03/16/2013 12:51:00,75,11,6,-2,-15,1
03/16/2013 12:52:00,75,11,6,-2,-16,1
03/16/2013 12:53:00,75,11,5,-2,-16,1
03/16/2013 12:54:00,75,10,6,-1,-16,1
03/16/2013 12:55:00,75,11,5,-1,-16,1
03/16/2013 12:56:00,75,11,7,-1,-16,1
03/16/2013 12:57:00,75,10,7,-1,-16,1
03/16/2013 12:58:00,75,10,8,-2,-16,1
03/16/2013 12:59:00,75,10,8,-2,-16,1
03/16/2013 13:00:00,75,10,9,-2,-16,1
03/16/2013 13:01:00,75,10,8,-2,-17,1
03/16/2013 13:02:00,75,10,8,-2,-17,1
03/16/2013 13:03:00,75,9,8,-2,-17,1
03/16/2013 13:04:00,75,10,9,-2,-16,1
03/16/2013 13:05:00,75,9,10,-2,-16,1
03/16/2013 13:06:00,75,9,9,-2,-16,1
03/16/2013 13:07:00,75,9,8,-2,-17,1
03/16/2013 13:08:00,75,9,8,-2,-17,1
03/16/2013 13:09:00,75,9,9,-2,-17,1
03/16/2013 13:10:00,75,9,9,-2,-17,1
03/16/2013 13:11:00,75,9,9,-2,-17,1
03/16/2013 13:12:00,75,9,9,-2,-17,1
03/16/2013 13:13:00,75,9,9,-2,-16,1
03/16/2013 13:14:00,75,9,8,-2,-17,1
03/16/2013 13:15:00,75,9,8,-2,-16,1
03/16/2013 13:16:00,75,9,8,-2,-16,1
03/16/2013 13:17:00,75,8,8,-2,-16,1
03/16/2013 13:18:00,75,8,8,-2,-16,1
03/16/2013 13:19:00,75,8,8,-2,-16,1
03/16/2013 13:20:00,75,8,9,-2,-16,1
03/16/2013 13:21:00,75,8,9,-2,-16,1
03/16/2013 13:22:00,75,8,8,-2,-16,1
03/16/2013 13:23:00,75,8,8,-2,-16,1
03/16/2013 13:24:00,75,8,8,-2,-16,1
03/16/2013 13:25:00,75,8,7,-2,-16,1
03/16/2013 13:26:00,75,8,6,-2,-15,1
03/16/2013 13:27:00,75,8,8,-2,-15,1
03/16/2013 13:28:00,75,7,5,-2,-15,1
03/16/2013 13:29:00,75,7,6,-2,-15,1
03/16/2013 13:30:00,75,7,7,-2,-16,1
03/16/2013 13:31:00,75,7,7,-2,-16,1
03/16/2013 13:32:00,75,7,8,-2,-16,1
03/16/2013 13:33:00,75,7,8,-2,-16,1
03/16/2013 13:34:00,75,7,8,-2,-16,1
03/16/2013 13:35:00,75,7,8,-2,-16,1
03/16/2013 13:36:00,75,6,8,-2,-16,1
03/16/2013 13:37:00,75,6,7,-2,-16,1
03/16/2013 13:38:00,75,6,9,-2,-16,1
03/16/2013 13:39:00,75,6,8,-2,-16,1
03/16/2013 13:40:00,75,6,8,-2,-16,1
03/16/2013 13:41:00,75,6,8,-2,-16,1
03/16/2013 13:42:00,75,5,8,-2,-16,1
03/16/2013 13:43:00,75,5,7,-2,-16,1
03/16/2013 13:44:00,75,5,7,-2,-16,1
03/16/2013 13:45:00,75,5,6,-2,-16,1
03/16/2013 13:46:00,75,5,7,-2,-16,1
03/16/2013 13:47:00,75,5,8,-2,-15,1
03/16/2013 13:48:00,75,5,7,-2,-15,1
03/16/2013 13:49:00,75,5,7,-2,-15,1
03/16/2013 13:50:00,75,5,5,-2,-15,1
03/16/2013 13:51:00,75,6,5,-1,-15,1
03/16/2013 13:52:00,75,6,4,-1,-15,1
03/16/2013 13:53:00,75,7,6,-1,-15,1
03/16/2013 13:54:00,75,8,7,-1,-15,1
03/16/2013 13:55:00,75,9,8,0,-15,1
03/16/2013 13:56:00,75,10,8,0,-15,1
03/16/2013 13:57:00,75,11,8,0,-14,1
03/16/2013 13:58:00,75,11,8,0,-15,1
03/16/2013 13:59:00,75,12,8,0,-14,1
03/16/2013 14:00:00,75,11,8,0,-14,1
03/16/2013 14:01:00,75,11,8,0,-14,1
03/16/2013 14:02:00,75,11,7,0,-14,1
03/16/2013 14:03:00,75,11,7,0,-14,1
03/16/2013 14:04:00,75,12,7,0,-14,1
03/16/2013 14:05:00,75,14,7,1,-14,1
03/16/2013 14:06:00,75,13,6,1,-14,1
03/16/2013 14:07:00,75,13,6,1,-14,1
03/16/2013 14:08:00,75,12,5,1,-14,1
03/16/2013 14:09:00,75,12,5,1,-14,1
03/16/2013 14:10:00,75,12,5,1,-14,1
03/16/2013 14:11:00,75,12,5,1,-14,1
03/16/2013 14:12:00,75,12,5,1,-14,1
03/16/2013 14:13:00,75,12,5,1,-14,1
03/16/2013 14:14:00,75,11,5,1,-15,1
03/16/2013 14:15:00,75,11,5,1,-15,1
03/16/2013 14:16:00,75,10,6,0,-14,1
03/16/2013 14:17:00,75,12,7,0,-14,1
03/16/2013 14:18:00,75,12,6,0,-14,1
03/16/2013 14:19:00,75,12,6,0,-14,1
03/16/2013 14:20:00,75,12,6,0,-14,1
03/16/2013 14:21:00,75,12,6,0,-14,1
03/16/2013 14:22:00,75,12,6,0,-14,1
03/16/2013 14:23:00,75,12,6,0,-14,1
03/16/2013 14:24:00,75,12,6,0,-14,1
03/16/2013 14:25:00,75,11,6,0,-14,1
03/16/2013 14:26:00,75,11,6,0,-14,1
03/16/2013 14:27:00,75,10,7,0,-14,1
03/16/2013 14:28:00,75,11,7,-1,-14,1
03/16/2013 14:29:00,75,11,8,-1,-14,1
03/16/2013 14:30:00,75,12,8,-1,-14,1
03/16/2013 14:31:00,75,14,8,-2,-14,1
03/16/2013 14:32:00,75,16,7,-2,-14,1
03/16/2013 14:33:00,75,16,9,-2,-14,1
03/16/2013 14:34:00,75,18,7,-2,-14,1
03/16/2013 14:35:00,75,19,8,-2,-14,1
03/16/2013 14:36:00,75,21,8,-3,-14,1
03/16/2013 14:37:00,75,20,9,-2,-14,1
03/16/2013 14:38:00,75,22,10,-2,-14,1
03/16/2013 14:39:00,75,23,10,-3,-14,1
03/16/2013 14:40:00,75,24,10,-3,-14,1
03/16/2013 14:41:00,75,24,10,-2,-14,1
03/16/2013 14:42:00,75,25,10,-2,-14,1
03/16/2013 14:43:00,75,25,11,-2,-15,1
03/16/2013 14:44:00,75,26,12,-2,-14,1
03/16/2013 14:45:00,75,28,12,-2,-14,1
03/16/2013 14:46:00,75,26,12,-2,-14,1
03/16/2013 14:47:00,75,25,11,-2,-14,1
03/16/2013 14:48:00,75,26,11,-2,-14,1
03/16/2013 14:49:00,75,24,11,-2,-14,1
03/16/2013 14:50:00,75,24,11,-2,-14,1
03/16/2013 14:51:00,75,24,11,-2,-14,1
03/16/2013 14:52:00,75,23,11,-1,-14,1
03/16/2013 14:53:00,75,23,11,-1,-14,1
03/16/2013 14:54:00,75,24,11,-1,-14,1
03/16/2013 14:55:00,75,23,11,-1,-13,1
03/16/2013 14:56:00,75,22,10,-1,-14,1
03/16/2013 14:57:00,75,22,9,-1,-14,1
03/16/2013 14:58:00,75,21,11,-2,-14,1
03/16/2013 14:59:00,75,22,11,-2,-13,1
03/16/2013 15:00:00,75,22,11,-2,-13,1
03/16/2013 15:01:00,75,21,11,-2,-14,1
03/16/2013 15:02:00,75,22,11,-2,-14,1
03/16/2013 15:03:00,75,23,12,-2,-14,1
03/16/2013 15:04:00,75,22,11,-2,-14,1
03/16/2013 15:05:00,75,22,10,-2,-13,1
03/16/2013 15:06:00,75,21,10,-1,-13,1
03/16/2013 15:07:00,75,21,10,-2,-13,1
03/16/2013 15:08:00,75,21,10,-1,-13,1
03/16/2013 15:09:00,75,21,11,-1,-13,1
03/16/2013 15:10:00,75,21,11,-1,-13,1
03/16/2013 15:11:00,75,21,11,-1,-13,1
03/16/2013 15:12:00,75,20,12,-1,-13,1
03/16/2013 15:13:00,75,20,13,-1,-13,1
03/16/2013 15:14:00,75,20,13,-1,-13,1
03/16/2013 15:15:00,75,19,13,-1,-13,1
03/16/2013 15:16:00,75,18,12,-1,-13,1
03/16/2013 15:17:00,75,17,10,-1,-13,1
03/16/2013 15:18:00,75,17,10,-1,-13,1
03/16/2013 15:19:00,75,17,11,-1,-13,1
03/16/2013 15:20:00,75,17,12,-1,-13,1
03/16/2013 15:21:00,75,17,11,-1,-13,1
03/16/2013 15:22:00,75,17,12,-1,-13,1
03/16/2013 15:23:00,75,17,13,-1,-13,1
03/16/2013 15:24:00,75,15,12,0,-13,1
03/16/2013 15:25:00,75,16,11,0,-13,1
03/16/2013 15:26:00,75,17,10,-1,-12,1
03/16/2013 15:27:00,75,17,11,-1,-13,1
03/16/2013 15:28:00,75,16,11,0,-13,1
03/16/2013 15:29:00,75,15,11,0,-13,1
03/16/2013 15:30:00,75,14,11,0,-13,1
03/16/2013 15:31:00,75,13,11,0,-13,1
03/16/2013 15:32:00,75,13,11,0,-13,1
03/16/2013 15:33:00,75,13,11,0,-13,1
03/16/2013 15:34:00,75,13,11,0,-14,1
03/16/2013 15:35:00,75,13,11,0,-13,1
03/16/2013 15:36:00,75,13,12,0,-13,1
03/16/2013 15:37:00,75,13,12,0,-14,1
03/16/2013 15:38:00,75,14,12,0,-13,1
03/16/2013 15:39:00,75,14,12,0,-13,1
03/16/2013 15:40:00,75,14,13,0,-13,1
03/16/2013 15:41:00,75,15,14,-1,-13,1
03/16/2013 15:42:00,75,14,14,0,-13,1
03/16/2013 15:43:00,75,14,14,0,-13,1
03/16/2013 15:44:00,75,14,13,0,-13,1
03/16/2013 15:45:00,75,14,13,-1,-13,1
03/16/2013 15:46:00,75,15,13,-1,-13,1
03/16/2013 15:47:00,75,15,13,0,-13,1
03/16/2013 15:48:00,75,15,13,0,-13,1
03/16/2013 15:49:00,75,15,13,0,-13,1
03/16/2013 15:50:00,75,16,13,-1,-13,1
03/16/2013 15:51:00,75,16,14,-1,-13,1
03/16/2013 15:52:00,75,16,14,-1,-13,1
03/16/2013 15:53:00,75,16,14,-1,-13,1
03/16/2013 15:54:00,75,16,14,-1,-13,1
03/16/2013 15:55:00,75,16,14,-1,-13,1
03/16/2013 15:56:00,75,16,14,-1,-13,1
03/16/2013 15:57:00,75,17,12,-1,-14,1
03/16/2013 15:58:00,75,17,12,-1,-13,1
03/16/2013 15:59:00,75,17,12,-1,-14,1
03/16/2013 16:00:00,75,17,12,-1,-14,1
03/16/2013 16:01:00,75,16,12,-2,-14,1
03/16/2013 16:02:00,75,17,12,-2,-14,1
03/16/2013 16:03:00,75,16,12,-2,-14,1
03/16/2013 16:04:00,75,16,12,-2,-14,1
03/16/2013 16:05:00,75,16,11,-2,-14,1
03/16/2013 16:06:00,75,16,12,-2,-14,1
03/16/2013 16:07:00,75,16,11,-2,-14,1
03/16/2013 16:08:00,75,16,12,-2,-14,1
03/16/2013 16:09:00,75,16,11,-2,-14,1
03/16/2013 16:10:00,75,16,11,-2,-14,1
03/16/2013 16:11:00,75,15,11,-2,-14,1
03/16/2013 16:12:00,75,16,11,-2,-14,1
03/16/2013 16:13:00,75,15,10,-2,-14,1
03/16/2013 16:14:00,75,14,10,-2,-14,1
03/16/2013 16:15:00,75,14,11,-2,-14,1
03/16/2013 16:16:00,75,15,11,-2,-14,1
03/16/2013 16:17:00,75,15,11,-2,-14,1
03/16/2013 16:18:00,75,15,11,-2,-14,1
03/16/2013 16:19:00,75,14,10,-2,-14,1
03/16/2013 16:20:00,75,14,10,-2,-14,1
03/16/2013 16:21:00,75,14,10,-2,-14,1
03/16/2013 16:22:00,75,14,10,-2,-14,1
03/16/2013 16:23:00,75,15,11,-2,-14,1
03/16/2013 16:24:00,75,15,11,-2,-14,1
03/16/2013 16:25:00,75,15,11,-2,-14,1
03/16/2013 16:26:00,75,16,11,-1,-14,1
03/16/2013 16:27:00,75,15,11,-1,-14,1
03/16/2013 16:28:00,75,15,11,-2,-14,1
03/16/2013 16:29:00,75,15,9,-1,-14,1
03/16/2013 16:30:00,75,15,10,-1,-14,1
03/16/2013 16:31:00,75,16,11,-1,-14,1
03/16/2013 16:32:00,75,16,10,-2,-14,1
03/16/2013 16:33:00,75,16,11,-2,-15,1
03/16/2013 16:34:00,75,16,10,-2,-15,1
03/16/2013 16:35:00,75,16,10,-2,-15,1
03/16/2013 16:36:00,75,16,10,-2,-15,1
03/16/2013 16:37:00,75,17,10,-2,-15,1
03/16/2013 16:38:00,75,17,10,-2,-15,1
03/16/2013 16:39:00,75,17,10,-2,-15,1
03/16/2013 16:40:00,75,18,9,-2,-15,1
03/16/2013 16:41:00,75,18,10,-2,-16,1
03/16/2013 16:42:00,75,18,10,-2,-16,1
03/16/2013 16:43:00,75,18,10,-2,-16,1
03/16/2013 16:44:00,75,19,10,-2,-16,1
03/16/2013 16:45:00,75,20,11,-2,-16,1
03/16/2013 16:46:00,75,20,10,-2,-15,1
03/16/2013 16:47:00,75,20,9,-2,-16,1
03/16/2013 16:48:00,75,20,9,-2,-15,1
03/16/2013 16:49:00,75,20,9,-2,-15,1
03/16/2013 16:50:00,75,19,9,-2,-15,1
03/16/2013 16:51:00,75,21,9,-2,-15,1
03/16/2013 16:52:00,75,21,9,-2,-15,1
03/16/2013 16:53:00,75,19,9,-2,-15,1
03/16/2013 16:54:00,75,19,9,-2,-15,1
03/16/2013 16:55:00,75,20,9,-2,-15,1
03/16/2013 16:56:00,75,20,9,-2,-15,1
03/16/2013 16:57:00,75,21,8,-2,-15,1
03/16/2013 16:58:00,75,21,8,-2,-15,1
03/16/2013 16:59:00,75,20,9,-2,-14,1
03/16/2013 17:00:00,75,20,8,-2,-14,1
03/16/2013 17:01:00,75,20,10,-2,-14,1
03/16/2013 17:02:00,75,21,9,-2,-14,1
03/16/2013 17:03:00,75,21,8,-2,-14,1
03/16/2013 17:04:00,75,20,8,-2,-14,1
03/16/2013 17:05:00,75,21,9,-2,-14,1
03/16/2013 17:06:00,75,21,8,-2,-14,1
03/16/2013 17:07:00,75,21,8,-2,-14,1
03/16/2013 17:08:00,75,21,8,-2,-14,1
03/16/2013 17:09:00,75,20,8,-2,-14,1
03/16/2013 17:10:00,75,21,9,-2,-14,1
03/16/2013 17:11:00,75,21,9,-3,-15,1
03/16/2013 17:12:00,75,23,8,-2,-15,1
03/16/2013 17:13:00,75,22,9,-2,-15,1
03/16/2013 17:14:00,75,22,9,-2,-15,1
03/16/2013 17:15:00,75,23,9,-2,-14,1
03/16/2013 17:16:00,75,23,9,-2,-14,1
03/16/2013 17:17:00,75,22,10,-2,-14,1
03/16/2013 17:18:00,75,22,10,-2,-14,1
03/16/2013 17:19:00,75,22,10,-2,-15,1
03/16/2013 17:20:00,75,22,10,-2,-15,1
03/16/2013 17:21:00,75,22,10,-2,-15,1
03/16/2013 17:22:00,75,22,11,-2,-15,1
03/16/2013 17:23:00,75,23,11,-2,-15,1
03/16/2013 17:24:00,75,23,11,-2,-15,1
03/16/2013 17:25:00,75,23,11,-2,-15,1
03/16/2013 17:26:00,75,23,11,-2,-15,1
03/16/2013 17:27:00,75,22,11,-2,-14,1
03/16/2013 17:28:00,75,23,12,-2,-15,1
03/16/2013 17:29:00,75,22,12,-2,-14,1
03/16/2013 17:30:00,75,22,12,-2,-14,1
03/16/2013 17:31:00,75,21,12,-2,-14,1
03/16/2013 17:32:00,75,21,12,-2,-14,1
03/16/2013 17:33:00,75,22,12,-2,-13,1
03/16/2013 17:34:00,75,23,12,-2,-13,1
03/16/2013 17:35:00,75,23,11,-1,-13,1
03/16/2013 17:36:00,75,23,10,-1,-13,1
03/16/2013 17:37:00,75,24,10,-1,-12,1
03/16/2013 17:38:00,75,24,11,-1,-12,1
03/16/2013 17:39:00,75,24,11,-1,-11,1
03/16/2013 17:40:00,75,22,11,-1,-10,1
03/16/2013 17:41:00,75,20,12,-1,-10,1
03/16/2013 17:42:00,75,19,12,-1,-10,1
03/16/2013 17:43:00,75,19,12,-1,-10,1
03/16/2013 17:44:00,75,19,12,-1,-10,1
03/16/2013 17:45:00,75,18,13,-1,-10,1
03/16/2013 17:46:00,75,17,14,-1,-11,1
03/16/2013 17:47:00,75,17,14,-1,-11,1
03/16/2013 17:48:00,75,16,14,-1,-11,1
03/16/2013 17:49:00,75,17,13,-1,-11,1
03/16/2013 17:50:00,75,18,14,-1,-12,1
03/16/2013 17:51:00,75,18,14,-1,-12,1
03/16/2013 17:52:00,75,18,15,-1,-12,1
03/16/2013 17:53:00,75,18,16,-1,-12,1
03/16/2013 17:54:00,75,19,16,-1,-12,1
03/16/2013 17:55:00,75,20,16,-1,-13,1
03/16/2013 17:56:00,75,21,16,-1,-13,1
03/16/2013 17:57:00,75,21,16,-1,-13,1
03/16/2013 17:58:00,75,21,15,-1,-13,1
03/16/2013 17:59:00,75,21,15,-1,-13,1
03/16/2013 18:00:00,75,21,15,-1,-13,1
03/16/2013 18:01:00,75,21,15,-1,-13,1
03/16/2013 18:02:00,75,21,15,-1,-13,1
03/16/2013 18:03:00,75,20,15,-1,-13,1
03/16/2013 18:04:00,75,20,14,-1,-12,1
03/16/2013 18:05:00,75,20,15,-1,-13,1
03/16/2013 18:06:00,75,21,15,-1,-12,1
03/16/2013 18:07:00,75,20,15,-1,-13,1
03/16/2013 18:08:00,75,20,15,-1,-12,1
03/16/2013 18:09:00,75,20,14,-1,-12,1
03/16/2013 18:10:00,75,19,14,-1,-12,1
03/16/2013 18:11:00,75,19,14,-1,-12,1
03/16/2013 18:12:00,75,18,14,-1,-12,1
03/16/2013 18:13:00,75,19,15,-1,-12,1
03/16/2013 18:14:00,75,19,14,-1,-11,1
03/16/2013 18:15:00,75,18,14,-1,-11,1
03/16/2013 18:16:00,75,18,14,-1,-11,1
03/16/2013 18:17:00,75,19,15,-1,-11,1
03/16/2013 18:18:00,75,17,15,-1,-11,1
03/16/2013 18:19:00,75,18,15,-1,-11,1
03/16/2013 18:20:00,75,17,15,-1,-10,1
03/16/2013 18:21:00,75,18,14,-1,-11,1
03/16/2013 18:22:00,75,17,14,-1,-11,1
03/16/2013 18:23:00,75,17,15,-1,-10,1
03/16/2013 18:24:00,75,17,14,-1,-10,1
03/16/2013 18:25:00,75,17,14,-1,-10,1
03/16/2013 18:26:00,75,18,14,-1,-10,1
03/16/2013 18:27:00,75,17,14,-1,-10,1
03/16/2013 18:28:00,75,16,14,-1,-10,1
03/16/2013 18:29:00,75,17,14,-1,-10,1
03/16/2013 18:30:00,75,17,15,-1,-10,1
03/16/2013 18:31:00,75,17,15,-1,-10,1
03/16/2013 18:32:00,75,17,14,-1,-10,1
03/16/2013 18:33:00,75,17,14,-1,-10,1
03/16/2013 18:34:00,75,16,14,-1,-10,1
03/16/2013 18:35:00,75,16,14,-2,-10,1
03/16/2013 18:36:00,75,17,15,-2,-10,1
03/16/2013 18:37:00,75,16,15,-2,-10,1
03/16/2013 18:38:00,75,16,15,-1,-10,1
03/16/2013 18:39:00,75,16,15,-2,-9,1
03/16/2013 18:40:00,75,17,14,-1,-9,1
03/16/2013 18:41:00,75,17,12,-1,-8,1
03/16/2013 18:42:00,75,18,11,-1,-8,1
03/16/2013 18:43:00,75,17,12,-1,-7,1
03/16/2013 18:44:00,75,18,12,-1,-6,1
03/16/2013 18:45:00,75,19,13,-2,-5,1
03/16/2013 18:46:00,75,18,13,-2,-4,1
03/16/2013 18:47:00,75,18,13,-2,-4,1
03/16/2013 18:48:00,75,17,13,-2,-4,1
03/16/2013 18:49:00,75,17,14,-2,-4,1
03/16/2013 18:50:00,75,17,14,-2,-5,1
03/16/2013 18:51:00,75,16,15,-2,-5,1
03/16/2013 18:52:00,75,16,14,-2,-6,1
03/16/2013 18:53:00,75,16,15,-1,-6,1
03/16/2013 18:54:00,75,16,14,-1,-7,1
03/16/2013 18:55:00,75,15,15,-1,-7,1
03/16/2013 18:56:00,75,15,14,-1,-7,1
03/16/2013 18:57:00,75,16,14,-1,-8,1
03/16/2013 18:58:00,75,16,14,-1,-8,1
03/16/2013 18:59:00,75,16,13,-1,-8,1
03/16/2013 19:00:00,75,17,12,-1,-8,1
03/16/2013 19:01:00,75,17,12,-1,-9,1
03/16/2013 19:02:00,75,17,13,-1,-9,1
03/16/2013 19:03:00,75,18,12,-1,-9,1
03/16/2013 19:04:00,75,18,11,-1,-9,1
03/16/2013 19:05:00,75,17,11,-1,-9,1
03/16/2013 19:06:00,75,18,11,-1,-8,1
03/16/2013 19:07:00,75,17,11,-2,-8,1
03/16/2013 19:08:00,75,17,12,-2,-8,1
03/16/2013 19:09:00,75,17,12,-2,-8,1
03/16/2013 19:10:00,75,18,11,-2,-9,1
03/16/2013 19:11:00,75,18,12,-1,-8,1
03/16/2013 19:12:00,75,18,11,-2,-7,1
03/16/2013 19:13:00,75,18,11,-2,-8,1
03/16/2013 19:14:00,75,18,11,-2,-7,1
03/16/2013 19:15:00,75,19,11,-1,-7,1
03/16/2013 19:16:00,75,19,11,-1,-7,1
03/16/2013 19:17:00,75,19,11,-1,-7,1
03/16/2013 19:18:00,75,19,12,-2,-6,1
03/16/2013 19:19:00,75,18,12,-1,-6,1
03/16/2013 19:20:00,75,19,11,-1,-6,1
03/16/2013 19:21:00,75,19,11,-2,-6,1
03/16/2013 19:22:00,75,19,10,-1,-6,1
03/16/2013 19:23:00,75,19,10,-1,-6,1
03/16/2013 19:24:00,75,19,10,-1,-6,1
03/16/2013 19:25:00,75,19,11,-1,-6,1
03/16/2013 19:26:00,75,20,11,-2,-6,1
03/16/2013 19:27:00,75,19,11,-2,-6,1
03/16/2013 19:28:00,75,19,12,-2,-7,1
03/16/2013 19:29:00,75,19,11,-1,-7,1
03/16/2013 19:30:00,75,20,11,-1,-8,1
03/16/2013 19:31:00,75,19,11,-1,-8,1
03/16/2013 19:32:00,75,20,10,-1,-9,1
03/16/2013 19:33:00,75,20,11,-1,-9,1
03/16/2013 19:34:00,75,19,11,-1,-9,1
03/16/2013 19:35:00,75,20,11,-1,-9,1
03/16/2013 19:36:00,75,20,10,-1,-9,1
03/16/2013 19:37:00,75,20,10,-1,-9,1
03/16/2013 19:38:00,75,21,10,-1,-9,1
03/16/2013 19:39:00,75,20,10,-1,-9,1
03/16/2013 19:40:00,75,21,9,-2,-8,1
03/16/2013 19:41:00,75,21,9,-2,-8,1
03/16/2013 19:42:00,75,21,10,-2,-8,1
03/16/2013 19:43:00,75,21,10,-2,-8,1
03/16/2013 19:44:00,75,21,10,-2,-7,1
03/16/2013 19:45:00,75,22,9,-2,-7,1
03/16/2013 19:46:00,75,22,9,-2,-7,1
03/16/2013 19:47:00,75,22,9,-2,-7,1
03/16/2013 19:48:00,75,22,9,-2,-7,1
03/16/2013 19:49:00,75,22,9,-2,-6,1
03/16/2013 19:50:00,75,22,9,-2,-6,1
03/16/2013 19:51:00,75,22,9,-2,-6,1
03/16/2013 19:52:00,75,22,9,-2,-6,1
03/16/2013 19:53:00,75,21,9,-2,-6,1
03/16/2013 19:54:00,75,22,10,-2,-6,1
03/16/2013 19:55:00,75,21,10,-2,-6,1
03/16/2013 19:56:00,75,22,10,-2,-6,1
03/16/2013 19:57:00,75,21,11,-2,-6,1
03/16/2013 19:58:00,75,21,11,-2,-6,1
03/16/2013 19:59:00,75,21,11,-2,-6,1
03/16/2013 20:00:00,75,22,11,-2,-6,1
03/16/2013 20:01:00,75,21,11,-2,-6,1
03/16/2013 20:02:00,75,21,10,-2,-6,1
03/16/2013 20:03:00,75,21,11,-2,-6,1
03/16/2013 20:04:00,75,22,11,-2,-6,1
03/16/2013 20:05:00,75,21,10,-2,-6,1
03/16/2013 20:06:00,75,21,10,-2,-6,1
03/16/2013 20:07:00,75,21,10,-2,-6,1
03/16/2013 20:08:00,75,22,10,-2,-6,1
03/16/2013 20:09:00,75,21,10,-2,-6,1
03/16/2013 20:10:00,75,21,10,-2,-5,1
03/16/2013 20:11:00,75,21,11,-2,-5,1
03/16/2013 20:12:00,75,21,11,-2,-5,1
03/16/2013 20:13:00,75,21,11,-2,-5,1
03/16/2013 20:14:00,75,21,11,-2,-5,1
03/16/2013 20:15:00,75,21,10,-2,-5,1
03/16/2013 20:16:00,75,21,10,-2,-5,1
03/16/2013 20:17:00,75,21,10,-2,-5,1
03/16/2013 20:18:00,75,21,10,-2,-5,1
03/16/2013 20:19:00,75,21,10,-2,-5,1
03/16/2013 20:20:00,75,21,10,-2,-5,1
03/16/2013 20:21:00,75,21,10,-2,-5,1
03/16/2013 20:22:00,75,21,9,-2,-5,1
03/16/2013 20:23:00,75,21,10,-2,-6,1
03/16/2013 20:24:00,75,21,10,-2,-6,1
03/16/2013 20:25:00,75,21,10,-2,-6,1
03/16/2013 20:26:00,75,21,10,-2,-6,1
03/16/2013 20:27:00,75,21,10,-2,-6,1
03/16/2013 20:28:00,75,21,10,-2,-6,1
03/16/2013 20:29:00,75,21,10,-2,-6,1
03/16/2013 20:30:00,75,21,9,-2,-7,1
03/16/2013 20:31:00,75,21,10,-2,-6,1
03/16/2013 20:32:00,75,21,10,-2,-6,1
03/16/2013 20:33:00,75,22,9,-2,-6,1
03/16/2013 20:34:00,75,21,9,-1,-7,1
03/16/2013 20:35:00,75,22,9,-1,-7,1
03/16/2013 20:36:00,75,21,9,-2,-6,1
03/16/2013 20:37:00,75,21,9,-2,-7,1
03/16/2013 20:38:00,75,21,9,-2,-7,1
03/16/2013 20:39:00,75,21,8,-2,-8,1
03/16/2013 20:40:00,75,20,8,-1,-8,1
03/16/2013 20:41:00,75,20,8,-1,-9,1
03/16/2013 20:42:00,75,21,9,-1,-9,1
03/16/2013 20:43:00,75,21,8,-1,-9,1
03/16/2013 20:44:00,75,21,8,-1,-9,1
03/16/2013 20:45:00,75,21,7,-1,-9,1
03/16/2013 20:46:00,75,22,8,-1,-9,1
03/16/2013 20:47:00,75,21,8,-1,-8,1
03/16/2013 20:48:00,75,21,8,-1,-8,1
03/16/2013 20:49:00,75,21,8,-1,-8,1
03/16/2013 20:50:00,75,21,9,-1,-8,1
03/16/2013 20:51:00,75,21,8,-1,-8,1
03/16/2013 20:52:00,75,21,7,-1,-9,1
03/16/2013 20:53:00,75,21,8,-1,-8,1
03/16/2013 20:54:00,75,21,8,-1,-8,1
03/16/2013 20:55:00,75,21,8,-1,-8,1
03/16/2013 20:56:00,75,21,8,-1,-8,1
03/16/2013 20:57:00,75,21,7,-1,-8,1
03/16/2013 20:58:00,75,20,7,-1,-9,1
03/16/2013 20:59:00,75,21,7,-1,-9,1
03/16/2013 21:00:00,75,20,7,-1,-9,1
03/16/2013 21:01:00,75,21,7,-1,-9,1
03/16/2013 21:02:00,75,20,7,-1,-10,1
03/16/2013 21:03:00,75,20,7,-1,-9,1
03/16/2013 21:04:00,75,21,7,-1,-10,1
03/16/2013 21:05:00,75,21,7,0,-10,1
03/16/2013 21:06:00,75,21,7,-1,-10,1
03/16/2013 21:07:00,75,20,7,-1,-10,1
03/16/2013 21:08:00,75,20,7,-1,-10,1
03/16/2013 21:09:00,75,20,7,-1,-9,1
03/16/2013 21:10:00,75,20,7,-1,-9,1
03/16/2013 21:11:00,75,19,6,-1,-9,1
03/16/2013 21:12:00,75,19,8,-1,-9,1
03/16/2013 21:13:00,75,19,8,-1,-9,1
03/16/2013 21:14:00,75,19,7,-1,-8,1
03/16/2013 21:15:00,75,19,8,-1,-8,1
03/16/2013 21:16:00,75,20,8,-1,-8,1
03/16/2013 21:17:00,75,20,9,-1,-7,1
03/16/2013 21:18:00,75,20,9,-1,-8,1
03/16/2013 21:19:00,75,20,9,-1,-8,1
03/16/2013 21:20:00,75,20,10,-1,-8,1
03/16/2013 21:21:00,75,20,11,-1,-7,1
03/16/2013 21:22:00,75,21,11,-1,-7,1
03/16/2013 21:23:00,75,21,10,-1,-7,1
03/16/2013 21:24:00,75,22,11,-1,-7,1
03/16/2013 21:25:00,75,21,11,-1,-7,1
03/16/2013 21:26:00,75,21,11,-1,-7,1
03/16/2013 21:27:00,75,20,11,-1,-8,1
03/16/2013 21:28:00,75,20,12,-1,-8,1
03/16/2013 21:29:00,75,21,12,-1,-9,1
03/16/2013 21:30:00,75,20,12,-1,-9,1
03/16/2013 21:31:00,75,21,12,-1,-9,1
03/16/2013 21:32:00,75,21,12,-1,-9,1
03/16/2013 21:33:00,75,21,13,-1,-9,1
03/16/2013 21:34:00,75,20,13,-1,-9,1
03/16/2013 21:35:00,75,21,13,-1,-9,1
03/16/2013 21:36:00,75,21,14,-1,-9,1
03/16/2013 21:37:00,75,22,14,-1,-10,1
03/16/2013 21:38:00,75,22,14,-1,-10,1
03/16/2013 21:39:00,75,22,15,-1,-10,1
03/16/2013 21:40:00,75,23,14,-1,-11,1
03/16/2013 21:41:00,75,23,15,-1,-11,1
03/16/2013 21:42:00,75,23,15,-1,-11,1
03/16/2013 21:43:00,75,23,16,-1,-12,1
03/16/2013 21:44:00,75,22,16,-1,-12,1
03/16/2013 21:45:00,75,23,16,-1,-13,1
03/16/2013 21:46:00,75,23,17,-1,-13,1
03/16/2013 21:47:00,75,22,17,-1,-13,1
03/16/2013 21:48:00,75,22,17,-1,-13,1
03/16/2013 21:49:00,75,21,17,-1,-12,1
03/16/2013 21:50:00,75,22,17,-1,-12,1
03/16/2013 21:51:00,75,21,17,-1,-12,1
03/16/2013 21:52:00,75,21,17,-1,-13,1
03/16/2013 21:53:00,75,22,17,-1,-13,1
03/16/2013 21:54:00,75,21,17,-1,-13,1
03/16/2013 21:55:00,75,22,17,-1,-13,1
03/16/2013 21:56:00,75,21,17,-1,-13,1
03/16/2013 21:57:00,75,22,17,-1,-13,1
03/16/2013 21:58:00,75,23,17,-1,-13,1
03/16/2013 21:59:00,75,24,16,-1,-13,1
03/16/2013 22:00:00,75,26,17,-1,-13,1
03/16/2013 22:01:00,75,27,17,-1,-14,1
03/16/2013 22:02:00,75,27,18,-2,-14,1
03/16/2013 22:03:00,75,28,18,-2,-14,1
03/16/2013 22:04:00,75,29,19,-2,-15,1
03/16/2013 22:05:00,75,29,19,-2,-15,1
03/16/2013 22:06:00,75,30,19,-2,-15,1
03/16/2013 22:07:00,75,29,20,-2,-15,1
03/16/2013 22:08:00,75,29,20,-2,-15,1
03/16/2013 22:09:00,75,30,20,-2,-15,1
03/16/2013 22:10:00,75,31,20,-2,-15,1
03/16/2013 22:11:00,75,31,20,-2,-15,1
03/16/2013 22:12:00,75,30,21,-2,-16,1
03/16/2013 22:13:00,75,30,19,-1,-15,1
03/16/2013 22:14:00,75,30,19,-1,-16,1
03/16/2013 22:15:00,75,29,19,-1,-16,1
03/16/2013 22:16:00,75,29,19,-1,-16,1
03/16/2013 22:17:00,75,30,20,-1,-16,1
03/16/2013 22:18:00,75,31,20,-1,-17,1
03/16/2013 22:19:00,75,32,21,-1,-17,1
03/16/2013 22:20:00,75,32,21,-1,-16,1
03/16/2013 22:21:00,75,33,22,-1,-16,1
03/16/2013 22:22:00,75,33,21,-1,-16,1
03/16/2013 22:23:00,75,33,21,-1,-16,1
03/16/2013 22:24:00,75,32,21,-1,-16,1
03/16/2013 22:25:00,75,32,20,-1,-15,1
03/16/2013 22:26:00,75,31,21,-1,-15,1
03/16/2013 22:27:00,75,30,19,-1,-15,1
03/16/2013 22:28:00,75,29,19,-1,-15,1
03/16/2013 22:29:00,75,28,18,-1,-15,1
03/16/2013 22:30:00,75,29,19,-1,-16,1
03/16/2013 22:31:00,75,31,19,-1,-16,1
03/16/2013 22:32:00,75,32,21,-1,-17,1
03/16/2013 22:33:00,75,31,21,-1,-17,1
03/16/2013 22:34:00,75,33,21,-1,-17,1
03/16/2013 22:35:00,75,34,21,-1,-17,1
03/16/2013 22:36:00,75,34,21,-1,-17,1
03/16/2013 22:37:00,75,34,20,-1,-17,1
03/16/2013 22:38:00,75,33,21,-1,-17,1
03/16/2013 22:39:00,75,32,19,-1,-16,1
03/16/2013 22:40:00,75,33,19,-1,-17,1
03/16/2013 22:41:00,75,33,20,-1,-17,1
03/16/2013 22:42:00,75,33,20,-1,-17,1
03/16/2013 22:43:00,75,33,20,-1,-17,1
03/16/2013 22:44:00,75,33,20,-1,-17,1
03/16/2013 22:45:00,75,33,20,-1,-17,1
03/16/2013 22:46:00,75,34,21,-1,-17,1
03/16/2013 22:47:00,75,34,20,-1,-17,1
03/16/2013 22:48:00,75,33,20,-1,-17,1
03/16/2013 22:49:00,75,34,19,-1,-17,1
03/16/2013 22:50:00,75,33,19,-1,-17,1
03/16/2013 22:51:00,75,32,19,-1,-17,1
03/16/2013 22:52:00,75,33,19,-1,-17,1
03/16/2013 22:53:00,75,33,19,-1,-17,1
03/16/2013 22:54:00,75,33,20,-1,-17,1
03/16/2013 22:55:00,75,34,20,-1,-17,1
03/16/2013 22:56:00,75,34,20,-1,-17,1
03/16/2013 22:57:00,75,33,19,-1,-17,1
03/16/2013 22:58:00,75,32,18,-1,-16,1
03/16/2013 22:59:00,75,32,17,-1,-15,1
03/16/2013 23:00:00,75,33,17,-1,-15,1
03/16/2013 23:01:00,75,34,17,-1,-15,1
03/16/2013 23:02:00,75,34,17,-1,-15,1
03/16/2013 23:03:00,75,34,17,-1,-14,1
03/16/2013 23:04:00,75,34,18,-1,-14,1
03/16/2013 23:05:00,75,32,16,-1,-14,1
03/16/2013 23:06:00,75,32,17,-1,-13,1
03/16/2013 23:07:00,75,29,15,-1,-13,1
03/16/2013 23:08:00,75,28,16,0,-14,1
03/16/2013 23:09:00,75,28,16,0,-14,1
03/16/2013 23:10:00,75,28,16,0,-14,1
03/16/2013 23:11:00,75,29,17,0,-14,1
03/16/2013 23:12:00,75,29,16,0,-14,1
03/16/2013 23:13:00,75,30,15,0,-15,1
03/16/2013 23:14:00,75,30,15,-1,-15,1
03/16/2013 23:15:00,75,30,15,-1,-14,1
03/16/2013 23:16:00,75,31,16,-1,-14,1
03/16/2013 23:17:00,75,30,16,-1,-14,1
03/16/2013 23:18:00,75,32,17,-1,-15,1
03/16/2013 23:19:00,75,33,17,-1,-15,1
03/16/2013 23:20:00,75,32,16,-1,-15,1
03/16/2013 23:21:00,75,32,17,-1,-15,1
03/16/2013 23:22:00,75,33,17,-1,-15,1
03/16/2013 23:23:00,75,32,16,-1,-15,1
03/16/2013 23:24:00,75,32,17,-1,-15,1
03/16/2013 23:25:00,75,32,17,-1,-15,1
03/16/2013 23:26:00,75,32,16,-1,-15,1
03/16/2013 23:27:00,75,31,16,-1,-15,1
03/16/2013 23:28:00,75,33,16,-1,-15,1
03/16/2013 23:29:00,75,32,17,-1,-15,1
03/16/2013 23:30:00,75,33,17,-1,-15,1
03/16/2013 23:31:00,75,34,17,-1,-16,1
03/16/2013 23:32:00,75,34,17,-1,-16,1
03/16/2013 23:33:00,75,34,18,-1,-16,1
03/16/2013 23:34:00,75,33,16,-1,-16,1
03/16/2013 23:35:00,75,30,15,-1,-15,1
03/16/2013 23:36:00,75,28,13,-1,-14,1
03/16/2013 23:37:00,75,28,13,-1,-14,1
03/16/2013 23:38:00,75,27,13,0,-13,1
03/16/2013 23:39:00,75,27,13,-1,-13,1
03/16/2013 23:40:00,75,26,13,0,-13,1
03/16/2013 23:41:00,75,26,13,0,-13,1
03/16/2013 23:42:00,75,25,13,-1,-14,1
03/16/2013 23:43:00,75,26,14,-1,-14,1
03/16/2013 23:44:00,75,25,13,-1,-14,1
03/16/2013 23:45:00,75,24,13,-1,-14,1
03/16/2013 23:46:00,75,23,12,-1,-13,1
03/16/2013 23:47:00,75,23,12,-1,-13,1
03/16/2013 23:48:00,75,22,11,-1,-13,1
03/16/2013 23:49:00,75,21,13,0,-13,1
03/16/2013 23:50:00,75,20,11,0,-12,1
03/16/2013 23:51:00,75,20,13,0,-13,1
03/16/2013 23:52:00,75,20,13,0,-13,1
03/16/2013 23:53:00,75,19,12,0,-13,1
03/16/2013 23:54:00,75,20,12,-1,-14,1
03/16/2013 23:55:00,75,20,12,-1,-14,1
03/16/2013 23:56:00,75,22,12,-1,-14,1
03/16/2013 23:57:00,75,23,12,-1,-14,1
03/16/2013 23:58:00,75,22,12,-1,-14,1
03/16/2013 23:59:00,75,21,11,-1,-14,1
03/17/2013 00:00:00,76,19,12,-1,-14,1
03/17/2013 00:01:00,76,19,11,-1,-14,1
03/17/2013 00:02:00,76,19,11,-1,-14,1
03/17/2013 00:03:00,76,20,11,-1,-14,1
03/17/2013 00:04:00,76,20,11,-1,-14,1
03/17/2013 00:05:00,76,20,12,-1,-14,1
03/17/2013 00:06:00,76,20,13,-1,-14,1
03/17/2013 00:07:00,76,20,13,-1,-14,1
03/17/2013 00:08:00,76,18,13,-1,-14,1
03/17/2013 00:09:00,76,19,14,-1,-14,1
03/17/2013 00:10:00,76,19,13,-1,-14,1
03/17/2013 00:11:00,76,19,13,-1,-14,1
03/17/2013 00:12:00,76,19,15,-1,-15,1
03/17/2013 00:13:00,76,19,15,-1,-15,1
03/17/2013 00:14:00,76,19,15,-1,-15,1
03/17/2013 00:15:00,76,19,16,-1,-15,1
03/17/2013 00:16:00,76,19,15,-1,-15,1
03/17/2013 00:17:00,76,19,16,-1,-15,1
03/17/2013 00:18:00,76,18,16,-1,-15,1
03/17/2013 00:19:00,76,18,16,-1,-15,1
03/17/2013 00:20:00,76,18,16,-1,-14,1
03/17/2013 00:21:00,76,19,16,-1,-14,1
03/17/2013 00:22:00,76,18,17,-1,-14,1
03/17/2013 00:23:00,76,17,15,-1,-14,1
03/17/2013 00:24:00,76,16,14,-1,-13,1
03/17/2013 00:25:00,76,15,14,-1,-13,1
03/17/2013 00:26:00,76,14,15,0,-13,1
03/17/2013 00:27:00,76,15,15,-1,-13,1
03/17/2013 00:28:00,76,16,14,-1,-14,1
03/17/2013 00:29:00,76,16,15,-1,-14,1
03/17/2013 00:30:00,76,18,15,-1,-14,1
03/17/2013 00:31:00,76,18,13,-1,-14,1
03/17/2013 00:32:00,76,17,13,-1,-14,1
03/17/2013 00:33:00,76,13,13,0,-14,1
03/17/2013 00:34:00,76,14,14,-1,-14,1
03/17/2013 00:35:00,76,15,14,-1,-14,1
03/17/2013 00:36:00,76,15,14,0,-14,1
03/17/2013 00:37:00,76,15,14,0,-14,1
03/17/2013 00:38:00,76,15,15,0,-15,1
03/17/2013 00:39:00,76,13,15,0,-15,1
03/17/2013 00:40:00,76,14,15,0,-15,1
03/17/2013 00:41:00,76,14,15,0,-15,1
03/17/2013 00:42:00,76,12,15,1,-15,1
03/17/2013 00:43:00,76,14,15,1,-16,1
03/17/2013 00:44:00,76,14,14,1,-16,1
03/17/2013 00:45:00,76,14,14,1,-16,1
03/17/2013 00:46:00,76,14,15,1,-16,1
03/17/2013 00:47:00,76,15,15,2,-16,1
03/17/2013 00:48:00,76,15,14,2,-16,1
03/17/2013 00:49:00,76,17,15,2,-17,1
03/17/2013 00:50:00,76,17,15,2,-17,1
03/17/2013 00:51:00,76,17,16,2,-17,1
03/17/2013 00:52:00,76,18,16,2,-17,1
03/17/2013 00:53:00,76,16,16,2,-17,1
03/17/2013 00:54:00,76,15,16,3,-16,1
03/17/2013 00:55:00,76,15,16,3,-16,1
03/17/2013 00:56:00,76,16,15,2,-16,1
03/17/2013 00:57:00,76,15,16,2,-15,1
03/17/2013 00:58:00,76,16,16,2,-15,1
03/17/2013 00:59:00,76,15,17,2,-16,1
03/17/2013 01:00:00,76,15,17,2,-16,1
03/17/2013 01:01:00,76,14,18,2,-16,1
03/17/2013 01:02:00,76,15,18,2,-15,1
03/17/2013 01:03:00,76,14,17,2,-16,1
03/17/2013 01:04:00,76,14,17,2,-16,1
03/17/2013 01:05:00,76,13,18,2,-15,1
03/17/2013 01:06:00,76,13,18,2,-15,1
03/17/2013 01:07:00,76,12,18,2,-15,1
03/17/2013 01:08:00,76,13,19,2,-15,1
03/17/2013 01:09:00,76,14,19,2,-14,1
03/17/2013 01:10:00,76,13,19,2,-14,1
03/17/2013 01:11:00,76,13,20,2,-14,1
03/17/2013 01:12:00,76,13,19,1,-14,1
03/17/2013 01:13:00,76,13,19,1,-14,1
03/17/2013 01:14:00,76,13,19,1,-14,1
03/17/2013 01:15:00,76,13,20,1,-14,1
03/17/2013 01:16:00,76,12,20,2,-14,1
03/17/2013 01:17:00,76,11,20,1,-15,1
03/17/2013 01:18:00,76,11,20,1,-14,1
03/17/2013 01:19:00,76,11,20,1,-14,1
03/17/2013 01:20:00,76,10,19,1,-14,1
03/17/2013 01:21:00,76,11,19,1,-14,1
03/17/2013 01:22:00,76,11,20,1,-14,1
03/17/2013 01:23:00,76,11,21,1,-14,1
03/17/2013 01:24:00,76,11,21,2,-14,1
03/17/2013 01:25:00,76,11,21,1,-14,1
03/17/2013 01:26:00,76,13,21,1,-14,1
03/17/2013 01:27:00,76,13,21,2,-14,1
03/17/2013 01:28:00,76,12,20,2,-14,1
03/17/2013 01:29:00,76,11,19,2,-14,1
03/17/2013 01:30:00,76,12,20,2,-14,1
03/17/2013 01:31:00,76,13,20,2,-14,1
03/17/2013 01:32:00,76,12,21,2,-15,1
03/17/2013 01:33:00,76,12,21,2,-15,1
03/17/2013 01:34:00,76,13,21,2,-15,1
03/17/2013 01:35:00,76,12,19,1,-15,1
03/17/2013 01:36:00,76,13,20,2,-15,1
03/17/2013 01:37:00,76,13,20,2,-15,1
03/17/2013 01:38:00,76,13,20,2,-15,1
03/17/2013 01:39:00,76,14,20,2,-15,1
03/17/2013 01:40:00,76,14,19,2,-15,1
03/17/2013 01:41:00,76,15,20,2,-14,1
03/17/2013 01:42:00,76,16,19,2,-13,1
03/17/2013 01:43:00,76,14,20,2,-14,1
03/17/2013 01:44:00,76,13,19,2,-14,1
03/17/2013 01:45:00,76,13,19,2,-13,1
03/17/2013 01:46:00,76,16,18,2,-12,1
03/17/2013 01:47:00,76,15,18,2,-12,1
03/17/2013 01:48:00,76,13,18,3,-12,1
03/17/2013 01:49:00,76,10,18,3,-11,1
03/17/2013 01:50:00,76,9,18,3,-11,1
03/17/2013 01:51:00,76,9,17,3,-12,1
03/17/2013 01:52:00,76,9,18,3,-12,1
03/17/2013 01:53:00,76,9,18,3,-12,1
03/17/2013 01:54:00,76,7,17,3,-12,1
03/17/2013 01:55:00,76,8,17,3,-12,1
03/17/2013 01:56:00,76,9,17,3,-11,1
03/17/2013 01:57:00,76,10,17,2,-11,1
03/17/2013 01:58:00,76,10,19,2,-11,1
03/17/2013 01:59:00,76,10,18,2,-11,1
03/17/2013 02:00:00,76,10,18,2,-11,1
03/17/2013 02:01:00,76,10,18,2,-11,1
03/17/2013 02:02:00,76,11,19,3,-11,1
03/17/2013 02:03:00,76,13,19,2,-11,1
03/17/2013 02:04:00,76,13,19,2,-11,1
03/17/2013 02:05:00,76,12,19,3,-11,1
03/17/2013 02:06:00,76,12,19,3,-11,1
03/17/2013 02:07:00,76,13,17,3,-10,1
03/17/2013 02:08:00,76,13,18,3,-10,1
03/17/2013 02:09:00,76,13,18,3,-10,1
03/17/2013 02:10:00,76,12,19,3,-10,1
03/17/2013 02:11:00,76,13,19,3,-10,1
03/17/2013 02:12:00,76,13,19,3,-10,1
03/17/2013 02:13:00,76,13,19,3,-10,1
03/17/2013 02:14:00,76,13,19,3,-11,1
03/17/2013 02:15:00,76,13,19,3,-11,1
03/17/2013 02:16:00,76,11,19,3,-10,1
03/17/2013 02:17:00,76,11,19,3,-10,1
03/17/2013 02:18:00,76,12,19,3,-11,1
03/17/2013 02:19:00,76,12,19,3,-10,1
03/17/2013 02:20:00,76,13,19,3,-10,1
03/17/2013 02:21:00,76,13,18,3,-10,1
03/17/2013 02:22:00,76,14,18,3,-10,1
03/17/2013 02:23:00,76,13,18,3,-10,1
03/17/2013 02:24:00,76,14,18,3,-10,1
03/17/2013 02:25:00,76,13,18,3,-10,1
03/17/2013 02:26:00,76,13,18,3,-10,1
03/17/2013 02:27:00,76,12,18,3,-9,1
03/17/2013 02:28:00,76,13,18,2,-10,1
03/17/2013 02:29:00,76,13,17,2,-10,1
03/17/2013 02:30:00,76,13,17,2,-10,1
03/17/2013 02:31:00,76,13,17,2,-10,1
03/17/2013 02:32:00,76,13,16,2,-10,1
03/17/2013 02:33:00,76,14,17,2,-10,1
03/17/2013 02:34:00,76,14,17,2,-10,1
03/17/2013 02:35:00,76,14,17,2,-10,1
03/17/2013 02:36:00,76,14,17,2,-11,1
03/17/2013 02:37:00,76,14,17,2,-11,1
03/17/2013 02:38:00,76,14,17,2,-11,1
03/17/2013 02:39:00,76,13,17,2,-11,1
03/17/2013 02:40:00,76,13,16,2,-11,1
03/17/2013 02:41:00,76,13,16,2,-11,1
03/17/2013 02:42:00,76,13,16,2,-11,1
03/17/2013 02:43:00,76,13,16,2,-11,1
03/17/2013 02:44:00,76,12,16,2,-11,1
03/17/2013 02:45:00,76,13,16,2,-11,1
03/17/2013 02:46:00,76,14,16,2,-11,1
03/17/2013 02:47:00,76,14,16,2,-11,1
03/17/2013 02:48:00,76,14,16,2,-11,1
03/17/2013 02:49:00,76,15,16,1,-11,1
03/17/2013 02:50:00,76,15,16,2,-11,1
03/17/2013 02:51:00,76,15,16,2,-11,1
03/17/2013 02:52:00,76,14,16,2,-10,1
03/17/2013 02:53:00,76,14,16,2,-11,1
03/17/2013 02:54:00,76,14,16,1,-10,1
03/17/2013 02:55:00,76,13,16,1,-10,1
03/17/2013 02:56:00,76,11,16,2,-9,1
03/17/2013 02:57:00,76,10,16,2,-9,1
03/17/2013 02:58:00,76,10,16,2,-9,1
03/17/2013 02:59:00,76,10,16,2,-9,1
03/17/2013 03:00:00,76,11,17,2,-9,1
03/17/2013 03:01:00,76,10,17,2,-9,1
03/17/2013 03:02:00,76,10,17,1,-9,1
03/17/2013 03:03:00,76,10,16,1,-9,1
03/17/2013 03:04:00,76,11,16,2,-9,1
03/17/2013 03:05:00,76,12,16,1,-9,1
03/17/2013 03:06:00,76,11,16,2,-9,1
03/17/2013 03:07:00,76,9,17,2,-8,1
03/17/2013 03:08:00,76,8,16,1,-9,1
03/17/2013 03:09:00,76,7,15,1,-9,1
03/17/2013 03:10:00,76,8,15,1,-9,1
03/17/2013 03:11:00,76,9,15,1,-9,1
03/17/2013 03:12:00,76,11,15,1,-9,1
03/17/2013 03:13:00,76,13,15,1,-9,1
03/17/2013 03:14:00,76,13,15,1,-9,1
03/17/2013 03:15:00,76,11,15,1,-9,1
03/17/2013 03:16:00,76,12,15,1,-9,1
03/17/2013 03:17:00,76,12,13,1,-8,1
03/17/2013 03:18:00,76,11,14,1,-8,1
03/17/2013 03:19:00,76,12,14,1,-8,1
03/17/2013 03:20:00,76,13,13,1,-8,1
03/17/2013 03:21:00,76,14,13,0,-8,1
03/17/2013 03:22:00,76,14,13,1,-8,1
03/17/2013 03:23:00,76,13,13,1,-8,1
03/17/2013 03:24:00,76,12,13,1,-8,1
03/17/2013 03:25:00,76,10,14,1,-8,1
03/17/2013 03:26:00,76,10,14,1,-8,1
03/17/2013 03:27:00,76,10,14,1,-7,1
03/17/2013 03:28:00,76,10,14,1,-7,1
03/17/2013 03:29:00,76,8,14,1,-7,1
03/17/2013 03:30:00,76,8,13,1,-7,1
03/17/2013 03:31:00,76,9,12,1,-8,1
03/17/2013 03:32:00,76,9,12,1,-8,1
03/17/2013 03:33:00,76,11,12,1,-8,1
03/17/2013 03:34:00,76,11,13,1,-8,1
03/17/2013 03:35:00,76,12,13,1,-8,1
03/17/2013 03:36:00,76,11,13,0,-8,1
03/17/2013 03:37:00,76,11,13,1,-8,1
03/17/2013 03:38:00,76,11,13,0,-8,1
03/17/2013 03:39:00,76,11,12,1,-8,1
03/17/2013 03:40:00,76,11,12,0,-9,1
03/17/2013 03:41:00,76,11,13,1,-8,1
03/17/2013 03:42:00,76,10,13,0,-8,1
03/17/2013 03:43:00,76,10,13,0,-8,1
03/17/2013 03:44:00,76,9,13,0,-8,1
03/17/2013 03:45:00,76,10,13,0,-8,1
03/17/2013 03:46:00,76,10,13,1,-8,1
03/17/2013 03:47:00,76,10,13,1,-8,1
03/17/2013 03:48:00,76,9,13,0,-8,1
03/17/2013 03:49:00,76,9,13,1,-8,1
03/17/2013 03:50:00,76,8,11,0,-8,1
03/17/2013 03:51:00,76,9,11,0,-9,1
03/17/2013 03:52:00,76,7,11,0,-8,1
03/17/2013 03:53:00,76,8,11,0,-8,1
03/17/2013 03:54:00,76,8,11,0,-8,1
03/17/2013 03:55:00,76,8,11,0,-8,1
03/17/2013 03:56:00,76,9,11,0,-8,1
03/17/2013 03:57:00,76,10,11,0,-8,1
03/17/2013 03:58:00,76,10,10,0,-9,1
03/17/2013 03:59:00,76,10,10,0,-9,1
03/17/2013 04:00:00,76,9,10,0,-9,1
03/17/2013 04:01:00,76,10,10,0,-9,1
03/17/2013 04:02:00,76,9,10,0,-9,1
03/17/2013 04:03:00,76,8,11,0,-9,1
03/17/2013 04:04:00,76,7,11,0,-9,1
03/17/2013 04:05:00,76,7,12,0,-9,1
03/17/2013 04:06:00,76,6,12,0,-9,1
03/17/2013 04:07:00,76,7,12,0,-9,1
03/17/2013 04:08:00,76,7,11,0,-9,1
03/17/2013 04:09:00,76,7,12,0,-9,1
03/17/2013 04:10:00,76,7,12,0,-9,1
03/17/2013 04:11:00,76,7,12,0,-9,1
03/17/2013 04:12:00,76,7,12,0,-9,1
03/17/2013 04:13:00,76,7,12,0,-9,1
03/17/2013 04:14:00,76,7,12,0,-9,1
03/17/2013 04:15:00,76,6,11,1,-9,1
03/17/2013 04:16:00,76,6,11,0,-9,1
03/17/2013 04:17:00,76,6,11,0,-9,1
03/17/2013 04:18:00,76,6,12,0,-9,1
03/17/2013 04:19:00,76,6,13,0,-8,1
03/17/2013 04:20:00,76,7,12,0,-8,1
03/17/2013 04:21:00,76,7,11,0,-8,1
03/17/2013 04:22:00,76,7,11,0,-8,1
03/17/2013 04:23:00,76,7,11,0,-8,1
03/17/2013 04:24:00,76,7,11,0,-8,1
03/17/2013 04:25:00,76,7,11,0,-8,1
03/17/2013 04:26:00,76,7,10,0,-9,1
03/17/2013 04:27:00,76,7,10,0,-9,1
03/17/2013 04:28:00,76,7,10,-1,-9,1
03/17/2013 04:29:00,76,7,10,-1,-9,1
03/17/2013 04:30:00,76,6,10,0,-9,1
03/17/2013 04:31:00,76,6,10,0,-9,1
03/17/2013 04:32:00,76,6,11,0,-8,1
03/17/2013 04:33:00,76,6,11,0,-8,1
03/17/2013 04:34:00,76,5,11,0,-8,1
03/17/2013 04:35:00,76,6,11,0,-8,1
03/17/2013 04:36:00,76,6,11,0,-8,1
03/17/2013 04:37:00,76,5,11,-1,-8,1
03/17/2013 04:38:00,76,6,11,0,-8,1
03/17/2013 04:39:00,76,6,11,0,-9,1
03/17/2013 04:40:00,76,7,11,-1,-9,1
03/17/2013 04:41:00,76,7,10,-1,-9,1
03/17/2013 04:42:00,76,8,10,-1,-9,1
03/17/2013 04:43:00,76,7,11,-1,-9,1
03/17/2013 04:44:00,76,6,11,-1,-9,1
03/17/2013 04:45:00,76,5,11,-1,-9,1
03/17/2013 04:46:00,76,5,11,-1,-9,1
03/17/2013 04:47:00,76,5,11,-1,-9,1
03/17/2013 04:48:00,76,5,11,-1,-8,1
03/17/2013 04:49:00,76,6,10,-1,-8,1
03/17/2013 04:50:00,76,6,11,-1,-8,1
03/17/2013 04:51:00,76,6,11,-1,-8,1
03/17/2013 04:52:00,76,6,11,0,-7,1
03/17/2013 04:53:00,76,5,11,0,-7,1
03/17/2013 04:54:00,76,6,11,-1,-7,1
03/17/2013 04:55:00,76,6,11,-1,-7,1
03/17/2013 04:56:00,76,6,11,-1,-7,1
03/17/2013 04:57:00,76,5,11,-1,-7,1
03/17/2013 04:58:00,76,5,11,-1,-7,1
03/17/2013 04:59:00,76,6,11,-1,-7,1
03/17/2013 05:00:00,76,6,11,-1,-7,1
03/17/2013 05:01:00,76,7,12,-1,-8,1
03/17/2013 05:02:00,76,6,12,-1,-7,1
03/17/2013 05:03:00,76,6,13,-1,-7,1
03/17/2013 05:04:00,76,6,12,-1,-8,1
03/17/2013 05:05:00,76,6,13,-1,-7,1
03/17/2013 05:06:00,76,6,13,-1,-7,1
03/17/2013 05:07:00,76,6,13,-1,-7,1
03/17/2013 05:08:00,76,6,13,-1,-7,1
03/17/2013 05:09:00,76,6,13,-1,-7,1
03/17/2013 05:10:00,76,6,13,-1,-7,1
03/17/2013 05:11:00,76,6,13,-1,-8,1
03/17/2013 05:12:00,76,6,12,-1,-8,1
03/17/2013 05:13:00,76,6,12,-1,-8,1
03/17/2013 05:14:00,76,7,13,-1,-8,1
03/17/2013 05:15:00,76,7,13,-1,-8,1
03/17/2013 05:16:00,76,6,13,-1,-8,1
03/17/2013 05:17:00,76,6,13,-1,-7,1
03/17/2013 05:18:00,76,6,13,-1,-8,1
03/17/2013 05:19:00,76,7,17,0,-7,1
03/17/2013 05:20:00,76,7,16,0,-8,1
03/17/2013 05:21:00,76,8,18,0,-8,1
03/17/2013 05:22:00,76,9,18,0,-7,1
03/17/2013 05:23:00,76,9,18,1,-8,1
03/17/2013 05:24:00,76,9,20,0,-8,1
03/17/2013 05:25:00,76,9,20,1,-8,1
03/17/2013 05:26:00,76,9,19,1,-9,1
03/17/2013 05:27:00,76,9,19,0,-9,1
03/17/2013 05:28:00,76,8,18,0,-10,1
03/17/2013 05:29:00,76,8,18,0,-10,1
03/17/2013 05:30:00,76,7,17,0,-10,1
03/17/2013 05:31:00,76,6,17,0,-11,1
03/17/2013 05:32:00,76,7,17,0,-10,1
03/17/2013 05:33:00,76,6,17,0,-10,1
03/17/2013 05:34:00,76,6,17,0,-11,1
03/17/2013 05:35:00,76,6,16,0,-10,1
03/17/2013 05:36:00,76,5,16,0,-11,1
03/17/2013 05:37:00,76,7,16,0,-10,1
03/17/2013 05:38:00,76,6,15,0,-11,1
03/17/2013 05:39:00,76,6,15,-1,-11,1
03/17/2013 05:40:00,76,6,14,-1,-11,1
03/17/2013 05:41:00,76,6,13,-1,-10,1
03/17/2013 05:42:00,76,6,13,-1,-11,1
03/17/2013 05:43:00,76,6,12,-1,-11,1
03/17/2013 05:44:00,76,6,12,-1,-11,1
03/17/2013 05:45:00,76,6,11,-1,-11,1
03/17/2013 05:46:00,76,6,12,-1,-11,1
03/17/2013 05:47:00,76,7,12,-1,-10,1
03/17/2013 05:48:00,76,7,12,-1,-10,1
03/17/2013 05:49:00,76,8,12,-1,-10,1
03/17/2013 05:50:00,76,7,11,-1,-11,1
03/17/2013 05:51:00,76,8,12,-1,-11,1
03/17/2013 05:52:00,76,8,12,-1,-10,1
03/17/2013 05:53:00,76,7,11,-1,-10,1
03/17/2013 05:54:00,76,8,12,-1,-10,1
03/17/2013 05:55:00,76,7,12,-1,-10,1
03/17/2013 05:56:00,76,7,13,0,-9,1
03/17/2013 05:57:00,76,8,14,0,-8,1
03/17/2013 05:58:00,76,8,14,0,-9,1
03/17/2013 05:59:00,76,9,14,0,-7,1
03/17/2013 06:00:00,76,7,14,1,-7,1
03/17/2013 06:01:00,76,12,13,3,7,1
03/17/2013 06:02:00,76,15,32,4,25,1
03/17/2013 06:03:00,76,21,47,6,31,1
03/17/2013 06:04:00,76,21,45,6,33,1
03/17/2013 06:05:00,76,18,44,5,33,1
03/17/2013 06:06:00,76,17,43,6,31,1
03/17/2013 06:07:00,76,11,48,6,30,1
03/17/2013 06:08:00,76,13,44,5,30,1
03/17/2013 06:09:00,76,16,42,3,32,1
03/17/2013 06:10:00,76,18,44,3,33,1
03/17/2013 06:11:00,76,16,42,3,29,1
03/17/2013 06:12:00,76,17,42,3,29,1
03/17/2013 06:13:00,76,18,39,2,29,1
03/17/2013 06:14:00,76,18,42,3,25,1
03/17/2013 06:15:00,76,19,38,2,25,1
03/17/2013 06:16:00,76,21,37,1,25,1
03/17/2013 06:17:00,76,19,36,1,24,1
03/17/2013 06:18:00,76,18,38,3,20,1
03/17/2013 06:19:00,76,17,38,3,18,1
03/17/2013 06:20:00,76,18,37,2,18,1
03/17/2013 06:21:00,76,20,37,3,18,1
03/17/2013 06:22:00,76,20,37,3,18,1
03/17/2013 06:23:00,76,18,36,3,17,1
03/17/2013 06:24:00,76,16,38,4,18,1
03/17/2013 06:25:00,76,16,40,5,20,1
03/17/2013 06:26:00,76,15,40,4,23,1
03/17/2013 06:27:00,76,20,49,6,19,1
03/17/2013 06:28:00,76,24,46,7,17,1
03/17/2013 06:29:00,76,21,42,5,20,1
03/17/2013 06:30:00,76,21,46,6,19,1
03/17/2013 06:31:00,76,24,51,7,17,1
03/17/2013 06:32:00,76,21,48,6,19,1
03/17/2013 06:33:00,76,20,52,6,19,1
03/17/2013 06:34:00,76,19,57,7,18,1
03/17/2013 06:35:00,76,19,58,7,19,1
03/17/2013 06:36:00,76,20,64,7,21,1
03/17/2013 06:37:00,76,23,75,8,19,1
03/17/2013 06:38:00,76,23,75,8,22,1
03/17/2013 06:39:00,76,23,78,8,23,1
03/17/2013 06:40:00,76,25,88,10,22,1
03/17/2013 06:41:00,76,27,96,11,20,1
03/17/2013 06:42:00,76,29,97,11,21,1
03/17/2013 06:43:00,76,32,104,11,21,1
03/17/2013 06:44:00,76,34,108,12,21,1
03/17/2013 06:45:00,76,36,115,13,20,1
03/17/2013 06:46:00,76,38,120,13,19,1
03/17/2013 06:47:00,76,39,126,14,16,1
03/17/2013 06:48:00,76,43,129,14,14,1
03/17/2013 06:49:00,76,45,127,14,14,1
03/17/2013 06:50:00,76,47,127,13,14,1
03/17/2013 06:51:00,76,47,127,13,15,1
03/17/2013 06:52:00,76,48,129,13,13,1
03/17/2013 06:53:00,76,50,125,12,14,1
03/17/2013 06:54:00,76,51,129,13,12,1
03/17/2013 06:55:00,76,51,132,13,11,1
03/17/2013 06:56:00,76,50,133,14,11,1
03/17/2013 06:57:00,76,50,134,14,12,1
03/17/2013 06:58:00,76,49,140,14,10,1
03/17/2013 06:59:00,76,49,138,14,10,1
03/17/2013 07:00:00,76,49,137,14,9,1
03/17/2013 07:01:00,76,50,135,15,4,1
03/17/2013 07:02:00,76,50,124,12,10,1
03/17/2013 07:03:00,76,50,124,12,10,1
03/17/2013 07:04:00,76,49,127,13,8,1
03/17/2013 07:05:00,76,48,125,13,6,1
03/17/2013 07:06:00,76,48,123,13,4,1
03/17/2013 07:07:00,76,45,119,13,4,1
03/17/2013 07:08:00,76,46,120,13,3,1
03/17/2013 07:09:00,76,45,120,14,3,1
03/17/2013 07:10:00,76,45,117,13,7,1
03/17/2013 07:11:00,76,46,125,15,5,1
03/17/2013 07:12:00,76,46,125,16,3,1
03/17/2013 07:13:00,76,47,125,16,3,1
03/17/2013 07:14:00,76,47,124,17,2,1
03/17/2013 07:15:00,76,48,124,17,1,1
03/17/2013 07:16:00,76,48,123,17,-1,1
03/17/2013 07:17:00,76,49,123,18,-1,1
03/17/2013 07:18:00,76,50,124,18,-2,1
03/17/2013 07:19:00,76,50,124,18,-3,1
03/17/2013 07:20:00,76,52,124,18,-5,1
03/17/2013 07:21:00,76,54,124,19,-6,1
03/17/2013 07:22:00,76,56,125,19,-7,1
03/17/2013 07:23:00,76,56,121,18,-7,1
03/17/2013 07:24:00,76,56,121,19,-8,1
03/17/2013 07:25:00,76,55,120,19,-9,1
03/17/2013 07:26:00,76,55,117,18,-10,1
03/17/2013 07:27:00,76,53,115,18,-11,1
03/17/2013 07:28:00,76,51,110,17,-12,1
03/17/2013 07:29:00,76,51,106,17,-13,1
03/17/2013 07:30:00,76,51,102,16,-14,1
03/17/2013 07:31:00,76,49,98,16,-13,1
03/17/2013 07:32:00,76,48,97,16,-13,1
03/17/2013 07:33:00,76,48,95,15,-13,1
03/17/2013 07:34:00,76,47,92,15,-15,1
03/17/2013 07:35:00,76,46,86,14,-16,1
03/17/2013 07:36:00,76,46,87,14,-18,1
03/17/2013 07:37:00,76,45,86,14,-19,1
03/17/2013 07:38:00,76,45,85,14,-19,1
03/17/2013 07:39:00,76,43,81,13,-16,1
03/17/2013 07:40:00,76,42,81,13,-14,1
03/17/2013 07:41:00,76,41,84,13,-13,1
03/17/2013 07:42:00,76,38,80,13,-8,1
03/17/2013 07:43:00,76,35,76,13,5,1
03/17/2013 07:44:00,76,35,89,14,7,1
03/17/2013 07:45:00,76,32,80,12,7,1
03/17/2013 07:46:00,76,34,72,11,1,1
03/17/2013 07:47:00,76,34,72,12,-14,1
03/17/2013 07:48:00,76,34,58,12,-23,1
03/17/2013 07:49:00,76,31,55,12,-22,1
03/17/2013 07:50:00,76,31,57,14,-23,1
03/17/2013 07:51:00,76,32,58,15,-22,1
03/17/2013 07:52:00,76,34,56,15,-21,1
03/17/2013 07:53:00,76,37,53,15,-22,1
03/17/2013 07:54:00,76,41,53,14,-22,1
03/17/2013 07:55:00,76,46,53,15,-23,1
03/17/2013 07:56:00,76,49,54,16,-23,1
03/17/2013 07:57:00,76,54,55,17,-23,1
03/17/2013 07:58:00,76,58,56,17,-21,1
03/17/2013 07:59:00,76,62,57,17,-15,1
03/17/2013 08:00:00,76,64,56,18,-16,1
03/17/2013 08:01:00,76,63,52,17,-18,1
03/17/2013 08:02:00,76,69,54,17,-21,1
03/17/2013 08:03:00,76,79,57,19,-18,1
03/17/2013 08:04:00,76,79,56,18,-15,1
03/17/2013 08:05:00,76,75,52,17,-16,1
03/17/2013 08:06:00,76,68,50,16,-23,1
03/17/2013 08:07:00,76,63,46,16,-35,1
03/17/2013 08:08:00,76,66,51,16,-38,1
03/17/2013 08:09:00,76,73,57,16,-32,1
03/17/2013 08:10:00,76,69,54,17,-34,1
03/17/2013 08:11:00,76,65,52,17,-35,1
03/17/2013 08:12:00,76,65,52,17,-35,1
03/17/2013 08:13:00,76,63,53,16,-34,1
03/17/2013 08:14:00,76,61,54,16,-37,1
03/17/2013 08:15:00,76,62,56,16,-40,1
03/17/2013 08:16:00,76,63,58,16,-40,1
03/17/2013 08:17:00,76,65,60,16,-40,1
03/17/2013 08:18:00,76,63,59,15,-40,1
03/17/2013 08:19:00,76,62,59,15,-41,1
03/17/2013 08:20:00,76,64,60,15,-39,1
03/17/2013 08:21:00,76,74,65,14,-23,1
03/17/2013 08:22:00,76,71,63,13,-17,1
03/17/2013 08:23:00,76,69,61,13,-19,1
03/17/2013 08:24:00,76,67,61,12,-20,1
03/17/2013 08:25:00,76,65,60,11,-22,1
03/17/2013 08:26:00,76,64,61,10,-21,1
03/17/2013 08:27:00,76,60,57,10,-23,1
03/17/2013 08:28:00,76,55,56,10,-22,1
03/17/2013 08:29:00,76,50,54,11,-23,1
03/17/2013 08:30:00,76,47,52,11,-23,1
03/17/2013 08:31:00,76,49,56,10,-23,1
03/17/2013 08:32:00,76,49,55,10,-24,1
03/17/2013 08:33:00,76,47,53,9,-27,1
03/17/2013 08:34:00,76,47,53,10,-26,1
03/17/2013 08:35:00,76,50,55,10,-26,1
03/17/2013 08:36:00,76,51,54,9,-27,1
03/17/2013 08:37:00,76,53,54,9,-31,1
03/17/2013 08:38:00,76,55,56,9,-31,1
03/17/2013 08:39:00,76,55,56,9,-34,1
03/17/2013 08:40:00,76,54,54,10,-38,1
03/17/2013 08:41:00,76,55,57,10,-39,1
03/17/2013 08:42:00,76,56,57,11,-38,1
03/17/2013 08:43:00,76,55,57,10,-37,1
03/17/2013 08:44:00,76,53,58,9,-35,1
03/17/2013 08:45:00,76,50,56,8,-35,1
03/17/2013 08:46:00,76,50,61,7,-33,1
03/17/2013 08:47:00,76,47,61,5,-30,1
03/17/2013 08:48:00,76,44,57,6,-35,1
03/17/2013 08:49:00,76,44,62,5,-33,1
03/17/2013 08:50:00,76,43,62,5,-30,1
03/17/2013 08:51:00,76,38,60,3,-30,1
03/17/2013 08:52:00,76,35,62,3,-27,1
03/17/2013 08:53:00,76,33,58,2,-26,1
03/17/2013 08:54:00,76,33,56,1,-30,1
03/17/2013 08:55:00,76,37,57,1,-32,1
03/17/2013 08:56:00,76,44,54,1,-37,1
03/17/2013 08:57:00,76,50,54,0,-38,1
03/17/2013 08:58:00,76,57,53,-1,-46,1
03/17/2013 08:59:00,76,59,53,1,-59,1
03/17/2013 09:00:00,76,72,58,2,-57,1
03/17/2013 09:01:00,76,70,62,2,-57,1
03/17/2013 09:02:00,76,68,63,2,-59,1
03/17/2013 09:03:00,76,73,62,-1,-56,1
03/17/2013 09:04:00,76,82,63,-3,-52,1
03/17/2013 09:05:00,76,85,57,-4,-51,1
03/17/2013 09:06:00,76,86,65,-6,-53,1
03/17/2013 09:07:00,76,84,68,-6,-59,1
03/17/2013 09:08:00,76,80,75,-6,-60,1
03/17/2013 09:09:00,76,78,78,-6,-59,1
03/17/2013 09:10:00,76,75,79,-7,-57,1
03/17/2013 09:11:00,76,70,81,-7,-56,1
03/17/2013 09:12:00,76,67,84,-7,-56,1
03/17/2013 09:13:00,76,63,87,-6,-58,1
03/17/2013 09:14:00,76,61,93,-5,-59,1
03/17/2013 09:15:00,76,61,97,-4,-61,1
03/17/2013 09:16:00,76,61,99,-4,-61,1
03/17/2013 09:17:00,76,59,100,-4,-60,1
03/17/2013 09:18:00,76,59,103,-3,-61,1
03/17/2013 09:19:00,76,60,104,-3,-63,1
03/17/2013 09:20:00,76,61,101,-3,-64,1
03/17/2013 09:21:00,76,62,96,-3,-65,1
03/17/2013 09:22:00,76,66,87,-4,-67,1
03/17/2013 09:23:00,76,67,82,-4,-68,1
03/17/2013 09:24:00,76,68,79,-4,-68,1
03/17/2013 09:25:00,76,70,81,-3,-69,1
03/17/2013 09:26:00,76,71,78,-3,-69,1
03/17/2013 09:27:00,76,72,76,-2,-70,1
03/17/2013 09:28:00,76,69,74,-1,-72,1
03/17/2013 09:29:00,76,70,72,-1,-73,1
03/17/2013 09:30:00,76,68,72,0,-74,1
03/17/2013 09:31:00,76,67,73,1,-73,1
03/17/2013 09:32:00,76,66,74,2,-73,1
03/17/2013 09:33:00,76,63,76,2,-75,1
03/17/2013 09:34:00,76,61,77,3,-77,1
03/17/2013 09:35:00,76,58,76,3,-77,1
03/17/2013 09:36:00,76,56,75,3,-78,1
03/17/2013 09:37:00,76,54,77,4,-78,1
03/17/2013 09:38:00,76,57,75,4,-77,1
03/17/2013 09:39:00,76,59,75,4,-76,1
03/17/2013 09:40:00,76,62,79,4,-75,1
03/17/2013 09:41:00,76,66,81,4,-75,1
03/17/2013 09:42:00,76,68,83,4,-76,1
03/17/2013 09:43:00,76,64,81,4,-77,1
03/17/2013 09:44:00,76,62,81,3,-76,1
03/17/2013 09:45:00,76,64,81,3,-75,1
03/17/2013 09:46:00,76,65,82,3,-77,1
03/17/2013 09:47:00,76,63,83,3,-78,1
03/17/2013 09:48:00,76,59,80,4,-79,1
03/17/2013 09:49:00,76,59,76,3,-78,1
03/17/2013 09:50:00,76,52,72,4,-79,1
03/17/2013 09:51:00,76,46,70,4,-79,1
03/17/2013 09:52:00,76,46,67,4,-79,1
03/17/2013 09:53:00,76,49,68,5,-81,1
03/17/2013 09:54:00,76,53,65,5,-82,1
03/17/2013 09:55:00,76,57,64,6,-82,1
03/17/2013 09:56:00,76,61,58,7,-83,1
03/17/2013 09:57:00,76,63,54,7,-84,1
03/17/2013 09:58:00,76,67,53,8,-86,1
03/17/2013 09:59:00,76,72,52,10,-87,1
03/17/2013 10:00:00,76,73,54,11,-89,1
03/17/2013 10:01:00,76,74,57,12,-90,1
03/17/2013 10:02:00,76,77,58,12,-90,1
03/17/2013 10:03:00,76,76,56,13,-91,1
03/17/2013 10:04:00,76,75,56,14,-92,1
03/17/2013 10:05:00,76,76,56,14,-92,1
03/17/2013 10:06:00,76,79,56,14,-92,1
03/17/2013 10:07:00,76,81,56,14,-92,1
03/17/2013 10:08:00,76,82,56,14,-94,1
03/17/2013 10:09:00,76,81,59,14,-96,1
03/17/2013 10:10:00,76,82,61,14,-96,1
03/17/2013 10:11:00,76,81,63,13,-97,1
03/17/2013 10:12:00,76,80,64,14,-99,1
03/17/2013 10:13:00,76,80,66,14,-100,1
03/17/2013 10:14:00,76,80,69,15,-101,1
03/17/2013 10:15:00,76,79,71,15,-102,1
03/17/2013 10:16:00,76,78,71,16,-103,1
03/17/2013 10:17:00,76,77,72,17,-103,1
03/17/2013 10:18:00,76,77,68,17,-101,1
03/17/2013 10:19:00,76,77,65,17,-102,1
03/17/2013 10:20:00,76,78,63,17,-104,1
03/17/2013 10:21:00,76,79,60,17,-104,1
03/17/2013 10:22:00,76,80,57,16,-104,1
03/17/2013 10:23:00,76,79,56,15,-104,1
03/17/2013 10:24:00,76,78,56,14,-104,1
03/17/2013 10:25:00,76,77,55,14,-106,1
03/17/2013 10:26:00,76,75,55,13,-106,1
03/17/2013 10:27:00,76,75,54,13,-107,1
03/17/2013 10:28:00,76,73,55,12,-106,1
03/17/2013 10:29:00,76,71,55,12,-105,1
03/17/2013 10:30:00,76,71,54,11,-104,1
03/17/2013 10:31:00,76,70,54,10,-103,1
03/17/2013 10:32:00,76,68,54,10,-103,1
03/17/2013 10:33:00,76,66,55,10,-102,1
03/17/2013 10:34:00,76,64,54,10,-101,1
03/17/2013 10:35:00,76,63,55,9,-101,1
03/17/2013 10:36:00,76,60,56,8,-100,1
03/17/2013 10:37:00,76,57,57,8,-99,1
03/17/2013 10:38:00,76,55,59,8,-99,1
03/17/2013 10:39:00,76,54,61,8,-100,1
03/17/2013 10:40:00,76,53,61,8,-100,1
03/17/2013 10:41:00,76,52,61,7,-98,1
03/17/2013 10:42:00,76,51,60,7,-98,1
03/17/2013 10:43:00,76,50,59,6,-98,1
03/17/2013 10:44:00,76,50,61,6,-97,1
03/17/2013 10:45:00,76,50,61,6,-97,1
03/17/2013 10:46:00,76,49,60,5,-97,1
03/17/2013 10:47:00,76,49,59,5,-97,1
03/17/2013 10:48:00,76,48,59,4,-97,1
03/17/2013 10:49:00,76,47,59,5,-97,1
03/17/2013 10:50:00,76,47,60,4,-96,1
03/17/2013 10:51:00,76,46,59,4,-95,1
03/17/2013 10:52:00,76,46,58,4,-95,1
03/17/2013 10:53:00,76,45,57,4,-94,1
03/17/2013 10:54:00,76,45,58,4,-94,1
03/17/2013 10:55:00,76,45,57,4,-93,1
03/17/2013 10:56:00,76,44,58,4,-92,1
03/17/2013 10:57:00,76,44,58,4,-91,1
03/17/2013 10:58:00,76,43,58,3,-90,1
03/17/2013 10:59:00,76,43,57,3,-91,1
03/17/2013 11:00:00,76,43,57,2,-91,1
03/17/2013 11:01:00,76,43,59,2,-90,1
03/17/2013 11:02:00,76,45,59,2,-87,1
03/17/2013 11:03:00,76,45,58,1,-86,1
03/17/2013 11:04:00,76,45,59,1,-85,1
03/17/2013 11:05:00,76,46,57,0,-83,1
03/17/2013 11:06:00,76,45,58,-1,-79,1
03/17/2013 11:07:00,76,44,54,-2,-77,1
03/17/2013 11:08:00,76,43,52,-2,-74,1
03/17/2013 11:09:00,76,43,52,-3,-72,1
03/17/2013 11:10:00,76,44,56,-3,-70,1
03/17/2013 11:11:00,76,43,56,-4,-69,1
03/17/2013 11:12:00,76,40,57,-4,-70,1
03/17/2013 11:13:00,76,35,61,-3,-70,1
03/17/2013 11:14:00,76,36,62,-3,-70,1
03/17/2013 11:15:00,76,37,60,-2,-70,1
03/17/2013 11:16:00,76,38,62,-3,-71,1
03/17/2013 11:17:00,76,37,62,-2,-72,1
03/17/2013 11:18:00,76,36,61,-1,-73,1
03/17/2013 11:19:00,76,38,61,-1,-74,1
03/17/2013 11:20:00,76,41,62,-1,-75,1
03/17/2013 11:21:00,76,48,63,0,-76,1
03/17/2013 11:22:00,76,52,65,0,-76,1
03/17/2013 11:23:00,76,54,65,0,-77,1
03/17/2013 11:24:00,76,54,63,0,-78,1
03/17/2013 11:25:00,76,56,64,1,-79,1
03/17/2013 11:26:00,76,58,64,1,-80,1
03/17/2013 11:27:00,76,61,65,1,-81,1
03/17/2013 11:28:00,76,61,66,0,-81,1
03/17/2013 11:29:00,76,61,67,0,-82,1
03/17/2013 11:30:00,76,62,69,0,-82,1
03/17/2013 11:31:00,76,62,69,-1,-83,1
03/17/2013 11:32:00,76,64,70,-1,-84,1
03/17/2013 11:33:00,76,64,71,-2,-85,1
03/17/2013 11:34:00,76,63,72,-2,-86,1
03/17/2013 11:35:00,76,62,72,-3,-86,1
03/17/2013 11:36:00,76,61,73,-3,-86,1
03/17/2013 11:37:00,76,61,74,-4,-87,1
03/17/2013 11:38:00,76,61,72,-4,-88,1
03/17/2013 11:39:00,76,61,71,-5,-90,1
03/17/2013 11:40:00,76,63,72,-6,-91,1
03/17/2013 11:41:00,76,62,73,-6,-91,1
03/17/2013 11:42:00,76,65,74,-7,-89,1
03/17/2013 11:43:00,76,70,74,-8,-88,1
03/17/2013 11:44:00,76,72,75,-9,-89,1
03/17/2013 11:45:00,76,75,76,-10,-91,1
03/17/2013 11:46:00,76,78,78,-10,-93,1
03/17/2013 11:47:00,76,83,84,-10,-95,1
03/17/2013 11:48:00,76,81,83,-9,-96,1
03/17/2013 11:49:00,76,79,89,-8,-96,1
03/17/2013 11:50:00,76,79,91,-8,-97,1
03/17/2013 11:51:00,76,82,98,-9,-98,1
03/17/2013 11:52:00,76,86,104,-9,-100,1
03/17/2013 11:53:00,76,86,108,-9,-104,1
03/17/2013 11:54:00,76,86,109,-9,-105,1
03/17/2013 11:55:00,76,85,108,-9,-107,1
03/17/2013 11:56:00,76,83,106,-8,-107,1
03/17/2013 11:57:00,76,79,105,-7,-107,1
03/17/2013 11:58:00,76,77,103,-6,-106,1
03/17/2013 11:59:00,76,72,99,-5,-105,1
03/17/2013 12:00:00,76,69,97,-5,-104,1
03/17/2013 12:01:00,76,65,94,-4,-102,1
03/17/2013 12:02:00,76,59,89,-4,-100,1
03/17/2013 12:03:00,76,58,85,-3,-97,1
03/17/2013 12:04:00,76,60,86,-4,-95,1
03/17/2013 12:05:00,76,63,92,-4,-93,1
03/17/2013 12:06:00,76,65,98,-4,-94,1
03/17/2013 12:07:00,76,70,108,-4,-94,1
03/17/2013 12:08:00,76,76,119,-5,-94,1
03/17/2013 12:09:00,76,78,121,-5,-94,1
03/17/2013 12:10:00,76,81,123,-5,-93,1
03/17/2013 12:11:00,76,81,126,-4,-92,1
03/17/2013 12:12:00,76,83,135,-3,-91,1
03/17/2013 12:13:00,76,81,141,-2,-90,1
03/17/2013 12:14:00,76,80,148,-1,-88,1
03/17/2013 12:15:00,76,81,148,-1,-86,1
03/17/2013 12:16:00,76,84,150,-1,-85,1
03/17/2013 12:17:00,76,87,156,-1,-86,1
03/17/2013 12:18:00,76,87,163,-1,-87,1
03/17/2013 12:19:00,76,84,168,0,-87,1
03/17/2013 12:20:00,76,80,168,1,-86,1
03/17/2013 12:21:00,76,79,170,1,-85,1
03/17/2013 12:22:00,76,79,172,2,-85,1
03/17/2013 12:23:00,76,78,173,2,-84,1
03/17/2013 12:24:00,76,80,171,2,-84,1
03/17/2013 12:25:00,76,84,168,2,-83,1
03/17/2013 12:26:00,76,88,166,3,-83,1
03/17/2013 12:27:00,76,93,165,4,-83,1
03/17/2013 12:28:00,76,97,171,4,-83,1
03/17/2013 12:29:00,76,101,170,4,-82,1
03/17/2013 12:30:00,76,103,168,3,-80,1
03/17/2013 12:31:00,76,98,157,2,-81,1
03/17/2013 12:32:00,76,97,153,2,-81,1
03/17/2013 12:33:00,76,96,153,2,-81,1
03/17/2013 12:34:00,76,93,147,2,-82,1
03/17/2013 12:35:00,76,88,143,3,-82,1
03/17/2013 12:36:00,76,85,142,3,-81,1
03/17/2013 12:37:00,76,79,138,3,-81,1
03/17/2013 12:38:00,76,73,134,3,-82,1
03/17/2013 12:39:00,76,68,126,3,-82,1
03/17/2013 12:40:00,76,69,118,4,-82,1
03/17/2013 12:41:00,76,70,122,5,-85,1
03/17/2013 12:42:00,76,71,127,5,-86,1
03/17/2013 12:43:00,76,71,128,5,-86,1
03/17/2013 12:44:00,76,69,135,4,-85,1
03/17/2013 12:45:00,76,78,134,3,-86,1
03/17/2013 12:46:00,76,81,141,3,-84,1
03/17/2013 12:47:00,76,90,148,1,-83,1
03/17/2013 12:48:00,76,92,150,1,-83,1
03/17/2013 12:49:00,76,88,148,1,-85,1
03/17/2013 12:50:00,76,92,150,0,-84,1
03/17/2013 12:51:00,76,95,150,-2,-85,1
03/17/2013 12:52:00,76,90,145,-1,-87,1
03/17/2013 12:53:00,76,86,145,0,-88,1
03/17/2013 12:54:00,76,85,148,0,-89,1
03/17/2013 12:55:00,76,93,155,-2,-87,1
03/17/2013 12:56:00,76,96,151,-2,-88,1
03/17/2013 12:57:00,76,95,150,-3,-88,1
03/17/2013 12:58:00,76,92,147,-3,-89,1
03/17/2013 12:59:00,76,90,146,-3,-89,1
03/17/2013 13:00:00,76,86,144,-4,-89,1
03/17/2013 13:01:00,76,85,140,-4,-89,1
03/17/2013 13:02:00,76,83,140,-5,-88,1
03/17/2013 13:03:00,76,83,133,-6,-88,1
03/17/2013 13:04:00,76,80,129,-6,-88,1
03/17/2013 13:05:00,76,77,127,-5,-88,1
03/17/2013 13:06:00,76,76,124,-5,-88,1
03/17/2013 13:07:00,76,77,117,-5,-89,1
03/17/2013 13:08:00,76,73,114,-5,-90,1
03/17/2013 13:09:00,76,71,115,-5,-89,1
03/17/2013 13:10:00,76,70,108,-5,-90,1
03/17/2013 13:11:00,76,70,108,-5,-90,1
03/17/2013 13:12:00,76,69,112,-4,-89,1
03/17/2013 13:13:00,76,71,106,-5,-89,1
03/17/2013 13:14:00,76,70,105,-5,-89,1
03/17/2013 13:15:00,76,68,102,-4,-90,1
03/17/2013 13:16:00,76,64,102,-4,-89,1
03/17/2013 13:17:00,76,67,99,-4,-88,1
03/17/2013 13:18:00,76,67,94,-4,-89,1
03/17/2013 13:19:00,76,62,92,-4,-89,1
03/17/2013 13:20:00,76,59,93,-4,-90,1
03/17/2013 13:21:00,76,56,92,-3,-89,1
03/17/2013 13:22:00,76,54,89,-3,-89,1
03/17/2013 13:23:00,76,50,88,-3,-89,1
03/17/2013 13:24:00,76,47,85,-2,-88,1
03/17/2013 13:25:00,76,49,82,-3,-88,1
03/17/2013 13:26:00,76,48,81,-2,-88,1
03/17/2013 13:27:00,76,45,78,-2,-88,1
03/17/2013 13:28:00,76,44,78,-1,-88,1
03/17/2013 13:29:00,76,43,78,-1,-88,1
03/17/2013 13:30:00,76,41,74,-1,-87,1
03/17/2013 13:31:00,76,39,74,-1,-87,1
03/17/2013 13:32:00,76,36,73,0,-86,1
03/17/2013 13:33:00,76,40,73,-1,-86,1
03/17/2013 13:34:00,76,38,70,0,-85,1
03/17/2013 13:35:00,76,34,65,1,-85,1
03/17/2013 13:36:00,76,31,63,2,-83,1
03/17/2013 13:37:00,76,28,53,2,-81,1
03/17/2013 13:38:00,76,25,36,2,-80,1
03/17/2013 13:39:00,76,23,34,3,-80,1
03/17/2013 13:40:00,76,25,42,4,-80,1
03/17/2013 13:41:00,76,30,48,5,-80,1
03/17/2013 13:42:00,76,33,52,5,-80,1
03/17/2013 13:43:00,76,34,53,5,-79,1
03/17/2013 13:44:00,76,35,51,4,-79,1
03/17/2013 13:45:00,76,36,51,4,-79,1
03/17/2013 13:46:00,76,39,53,4,-79,1
03/17/2013 13:47:00,76,41,56,4,-80,1
03/17/2013 13:48:00,76,41,58,3,-81,1
03/17/2013 13:49:00,76,42,64,3,-81,1
03/17/2013 13:50:00,76,45,65,3,-81,1
03/17/2013 13:51:00,76,50,66,2,-82,1
03/17/2013 13:52:00,76,52,69,2,-82,1
03/17/2013 13:53:00,76,57,69,2,-82,1
03/17/2013 13:54:00,76,59,69,2,-82,1
03/17/2013 13:55:00,76,61,69,1,-83,1
03/17/2013 13:56:00,76,64,70,1,-84,1
03/17/2013 13:57:00,76,67,69,0,-84,1
03/17/2013 13:58:00,76,69,70,0,-85,1
03/17/2013 13:59:00,76,72,73,-1,-85,1
03/17/2013 14:00:00,76,73,72,-1,-85,1
03/17/2013 14:01:00,76,76,70,-2,-86,1
03/17/2013 14:02:00,76,78,71,-3,-86,1
03/17/2013 14:03:00,76,80,72,-3,-87,1
03/17/2013 14:04:00,76,83,76,-4,-87,1
03/17/2013 14:05:00,76,85,76,-4,-88,1
03/17/2013 14:06:00,76,86,74,-5,-88,1
03/17/2013 14:07:00,76,86,71,-5,-88,1
03/17/2013 14:08:00,76,83,70,-5,-89,1
03/17/2013 14:09:00,76,82,70,-5,-89,1
03/17/2013 14:10:00,76,78,62,-4,-89,1
03/17/2013 14:11:00,76,76,58,-4,-89,1
03/17/2013 14:12:00,76,74,56,-3,-89,1
03/17/2013 14:13:00,76,73,50,-3,-88,1
03/17/2013 14:14:00,76,70,49,-2,-88,1
03/17/2013 14:15:00,76,68,43,-1,-88,1
03/17/2013 14:16:00,76,67,42,0,-88,1
03/17/2013 14:17:00,76,66,40,0,-88,1
03/17/2013 14:18:00,76,66,34,0,-88,1
03/17/2013 14:19:00,76,69,33,-1,-88,1
03/17/2013 14:20:00,76,70,32,-2,-88,1
03/17/2013 14:21:00,76,69,31,-2,-88,1
03/17/2013 14:22:00,76,65,29,-2,-90,1
03/17/2013 14:23:00,76,64,29,-1,-89,1
03/17/2013 14:24:00,76,62,29,-1,-89,1
03/17/2013 14:25:00,76,61,30,0,-90,1
03/17/2013 14:26:00,76,60,37,0,-91,1
03/17/2013 14:27:00,76,59,39,0,-91,1
03/17/2013 14:28:00,76,62,40,-1,-92,1
03/17/2013 14:29:00,76,63,41,-2,-93,1
03/17/2013 14:30:00,76,64,41,-3,-94,1
03/17/2013 14:31:00,76,67,45,-4,-94,1
03/17/2013 14:32:00,76,69,43,-4,-95,1
03/17/2013 14:33:00,76,68,46,-4,-95,1
03/17/2013 14:34:00,76,69,52,-3,-95,1
03/17/2013 14:35:00,76,70,51,-4,-96,1
03/17/2013 14:36:00,76,74,49,-4,-96,1
03/17/2013 14:37:00,76,79,50,-5,-96,1
03/17/2013 14:38:00,76,84,52,-5,-96,1
03/17/2013 14:39:00,76,91,58,-6,-95,1
03/17/2013 14:40:00,76,97,55,-7,-94,1
03/17/2013 14:41:00,76,97,55,-7,-93,1
03/17/2013 14:42:00,76,96,49,-7,-93,1
03/17/2013 14:43:00,76,94,46,-6,-94,1
03/17/2013 14:44:00,76,94,57,-6,-93,1
03/17/2013 14:45:00,76,98,62,-7,-91,1
03/17/2013 14:46:00,76,102,61,-9,-91,1
03/17/2013 14:47:00,76,103,55,-9,-91,1
03/17/2013 14:48:00,76,101,54,-8,-93,1
03/17/2013 14:49:00,76,97,58,-7,-93,1
03/17/2013 14:50:00,76,95,59,-6,-93,1
03/17/2013 14:51:00,76,94,57,-6,-93,1
03/17/2013 14:52:00,76,95,56,-6,-93,1
03/17/2013 14:53:00,76,94,53,-6,-94,1
03/17/2013 14:54:00,76,91,54,-5,-94,1
03/17/2013 14:55:00,76,90,57,-5,-94,1
03/17/2013 14:56:00,76,90,60,-5,-92,1
03/17/2013 14:57:00,76,90,58,-5,-92,1
03/17/2013 14:58:00,76,88,56,-4,-92,1
03/17/2013 14:59:00,76,86,53,-4,-92,1
03/17/2013 15:00:00,76,85,57,-3,-92,1
03/17/2013 15:01:00,76,87,62,-3,-91,1
03/17/2013 15:02:00,76,89,64,-3,-90,1
03/17/2013 15:03:00,76,88,65,-3,-89,1
03/17/2013 15:04:00,76,91,68,-3,-87,1
03/17/2013 15:05:00,76,91,67,-3,-87,1
03/17/2013 15:06:00,76,89,65,-3,-86,1
03/17/2013 15:07:00,76,85,65,-2,-86,1
03/17/2013 15:08:00,76,82,69,-2,-85,1
03/17/2013 15:09:00,76,81,70,-2,-85,1
03/17/2013 15:10:00,76,81,70,-2,-85,1
03/17/2013 15:11:00,76,80,71,-2,-85,1
03/17/2013 15:12:00,76,80,71,-1,-85,1
03/17/2013 15:13:00,76,79,76,-1,-84,1
03/17/2013 15:14:00,76,79,77,0,-84,1
03/17/2013 15:15:00,76,77,77,0,-84,1
03/17/2013 15:16:00,76,77,75,0,-84,1
03/17/2013 15:17:00,76,76,76,0,-85,1
03/17/2013 15:18:00,76,74,75,1,-85,1
03/17/2013 15:19:00,76,73,74,1,-84,1
03/17/2013 15:20:00,76,73,71,1,-85,1
03/17/2013 15:21:00,76,73,67,1,-85,1
03/17/2013 15:22:00,76,72,66,2,-85,1
03/17/2013 15:23:00,76,73,64,2,-85,1
03/17/2013 15:24:00,76,72,64,2,-85,1
03/17/2013 15:25:00,76,73,65,2,-85,1
03/17/2013 15:26:00,76,73,64,2,-86,1
03/17/2013 15:27:00,76,73,60,2,-85,1
03/17/2013 15:28:00,76,74,58,3,-85,1
03/17/2013 15:29:00,76,75,56,3,-85,1
03/17/2013 15:30:00,76,76,55,4,-86,1
03/17/2013 15:31:00,76,77,54,3,-86,1
03/17/2013 15:32:00,76,78,53,4,-86,1
03/17/2013 15:33:00,76,79,52,3,-86,1
03/17/2013 15:34:00,76,80,52,3,-87,1
03/17/2013 15:35:00,76,82,52,3,-87,1
03/17/2013 15:36:00,76,84,51,3,-88,1
03/17/2013 15:37:00,76,85,50,3,-88,1
03/17/2013 15:38:00,76,88,51,3,-88,1
03/17/2013 15:39:00,76,90,52,3,-88,1
03/17/2013 15:40:00,76,89,51,3,-89,1
03/17/2013 15:41:00,76,90,49,3,-90,1
03/17/2013 15:42:00,76,92,51,3,-90,1
03/17/2013 15:43:00,76,91,51,3,-90,1
03/17/2013 15:44:00,76,92,48,3,-90,1
03/17/2013 15:45:00,76,90,48,4,-91,1
03/17/2013 15:46:00,76,88,48,4,-91,1
03/17/2013 15:47:00,76,87,51,4,-92,1
03/17/2013 15:48:00,76,84,55,4,-92,1
03/17/2013 15:49:00,76,77,60,3,-91,1
03/17/2013 15:50:00,76,71,64,3,-90,1
03/17/2013 15:51:00,76,71,68,4,-89,1
03/17/2013 15:52:00,76,73,73,5,-89,1
03/17/2013 15:53:00,76,74,75,6,-88,1
03/17/2013 15:54:00,76,72,77,8,-88,1
03/17/2013 15:55:00,76,71,78,9,-87,1
03/17/2013 15:56:00,76,70,77,9,-86,1
03/17/2013 15:57:00,76,68,77,9,-85,1
03/17/2013 15:58:00,76,69,79,8,-84,1
03/17/2013 15:59:00,76,66,79,7,-83,1
03/17/2013 16:00:00,76,69,83,6,-83,1
03/17/2013 16:01:00,76,74,85,5,-82,1
03/17/2013 16:02:00,76,77,87,4,-81,1
03/17/2013 16:03:00,76,77,91,3,-81,1
03/17/2013 16:04:00,76,77,96,2,-82,1
03/17/2013 16:05:00,76,79,99,-1,-82,1
03/17/2013 16:06:00,76,79,100,-2,-82,1
03/17/2013 16:07:00,76,80,100,-3,-83,1
03/17/2013 16:08:00,76,79,101,-3,-84,1
03/17/2013 16:09:00,76,80,103,-4,-85,1
03/17/2013 16:10:00,76,82,103,-5,-87,1
03/17/2013 16:11:00,76,87,101,-6,-87,1
03/17/2013 16:12:00,76,89,98,-6,-88,1
03/17/2013 16:13:00,76,89,96,-6,-88,1
03/17/2013 16:14:00,76,89,93,-6,-87,1
03/17/2013 16:15:00,76,89,94,-6,-87,1
03/17/2013 16:16:00,76,88,94,-6,-87,1
03/17/2013 16:17:00,76,95,88,-7,-86,1
03/17/2013 16:18:00,76,98,87,-7,-85,1
03/17/2013 16:19:00,76,99,85,-9,-85,1
03/17/2013 16:20:00,76,101,82,-10,-85,1
03/17/2013 16:21:00,76,101,84,-11,-86,1
03/17/2013 16:22:00,76,98,87,-11,-86,1
03/17/2013 16:23:00,76,96,88,-11,-87,1
03/17/2013 16:24:00,76,99,88,-11,-87,1
03/17/2013 16:25:00,76,101,86,-11,-87,1
03/17/2013 16:26:00,76,103,85,-10,-87,1
03/17/2013 16:27:00,76,106,84,-9,-87,1
03/17/2013 16:28:00,76,109,84,-9,-87,1
03/17/2013 16:29:00,76,115,87,-8,-87,1
03/17/2013 16:30:00,76,119,89,-8,-87,1
03/17/2013 16:31:00,76,123,90,-8,-87,1
03/17/2013 16:32:00,76,127,92,-8,-87,1
03/17/2013 16:33:00,76,133,94,-7,-87,1
03/17/2013 16:34:00,76,138,94,-8,-86,1
03/17/2013 16:35:00,76,141,95,-9,-86,1
03/17/2013 16:36:00,76,143,95,-9,-86,1
03/17/2013 16:37:00,76,144,96,-9,-86,1
03/17/2013 16:38:00,76,143,97,-9,-86,1
03/17/2013 16:39:00,76,143,99,-9,-86,1
03/17/2013 16:40:00,76,142,100,-9,-87,1
03/17/2013 16:41:00,76,143,102,-9,-88,1
03/17/2013 16:42:00,76,143,104,-10,-88,1
03/17/2013 16:43:00,76,144,105,-10,-88,1
03/17/2013 16:44:00,76,144,107,-10,-89,1
03/17/2013 16:45:00,76,143,109,-10,-89,1
03/17/2013 16:46:00,76,143,109,-10,-90,1
03/17/2013 16:47:00,76,145,109,-10,-90,1
03/17/2013 16:48:00,76,146,109,-10,-90,1
03/17/2013 16:49:00,76,147,109,-10,-90,1
03/17/2013 16:50:00,76,149,109,-10,-89,1
03/17/2013 16:51:00,76,149,109,-10,-90,1
03/17/2013 16:52:00,76,149,109,-10,-90,1
03/17/2013 16:53:00,76,150,110,-10,-90,1
03/17/2013 16:54:00,76,150,110,-10,-90,1
03/17/2013 16:55:00,76,147,109,-10,-90,1
03/17/2013 16:56:00,76,144,109,-10,-91,1
03/17/2013 16:57:00,76,141,107,-10,-92,1
03/17/2013 16:58:00,76,142,108,-10,-91,1
03/17/2013 16:59:00,76,144,110,-11,-91,1
03/17/2013 17:00:00,76,148,114,-10,-90,1
03/17/2013 17:01:00,76,143,113,-10,-90,1
03/17/2013 17:02:00,76,140,112,-10,-90,1
03/17/2013 17:03:00,76,140,111,-10,-91,1
03/17/2013 17:04:00,76,143,112,-10,-92,1
03/17/2013 17:05:00,76,150,114,-10,-91,1
03/17/2013 17:06:00,76,149,114,-10,-92,1
03/17/2013 17:07:00,76,147,115,-10,-93,1
03/17/2013 17:08:00,76,146,113,-10,-94,1
03/17/2013 17:09:00,76,147,114,-9,-95,1
03/17/2013 17:10:00,76,147,113,-10,-95,1
03/17/2013 17:11:00,76,149,114,-10,-96,1
03/17/2013 17:12:00,76,150,114,-10,-97,1
03/17/2013 17:13:00,76,152,114,-10,-96,1
03/17/2013 17:14:00,76,151,112,-9,-96,1
03/17/2013 17:15:00,76,151,111,-9,-96,1
03/17/2013 17:16:00,76,152,112,-8,-94,1
03/17/2013 17:17:00,76,154,111,-8,-94,1
03/17/2013 17:18:00,76,158,110,-7,-94,1
03/17/2013 17:19:00,76,160,107,-7,-94,1
03/17/2013 17:20:00,76,164,106,-7,-94,1
03/17/2013 17:21:00,76,165,105,-7,-94,1
03/17/2013 17:22:00,76,165,103,-7,-95,1
03/17/2013 17:23:00,76,165,102,-7,-95,1
03/17/2013 17:24:00,76,166,99,-7,-95,1
03/17/2013 17:25:00,76,165,99,-7,-95,1
03/17/2013 17:26:00,76,163,98,-7,-96,1
03/17/2013 17:27:00,76,161,96,-7,-97,1
03/17/2013 17:28:00,76,160,96,-7,-97,1
03/17/2013 17:29:00,76,159,95,-7,-98,1
03/17/2013 17:30:00,76,156,96,-7,-98,1
03/17/2013 17:31:00,76,155,95,-6,-99,1
03/17/2013 17:32:00,76,153,93,-6,-99,1
03/17/2013 17:33:00,76,151,92,-6,-99,1
03/17/2013 17:34:00,76,147,92,-5,-99,1
03/17/2013 17:35:00,76,144,91,-5,-99,1
03/17/2013 17:36:00,76,143,90,-4,-99,1
03/17/2013 17:37:00,76,142,90,-4,-99,1
03/17/2013 17:38:00,76,139,89,-4,-100,1
03/17/2013 17:39:00,76,137,89,-4,-100,1
03/17/2013 17:40:00,76,135,90,-4,-101,1
03/17/2013 17:41:00,76,134,89,-4,-102,1
03/17/2013 17:42:00,76,130,91,-3,-103,1
03/17/2013 17:43:00,76,127,91,-3,-104,1
03/17/2013 17:44:00,76,123,92,-3,-104,1
03/17/2013 17:45:00,76,121,93,-3,-103,1
03/17/2013 17:46:00,76,118,95,-3,-104,1
03/17/2013 17:47:00,76,115,96,-3,-104,1
03/17/2013 17:48:00,76,113,97,-3,-104,1
03/17/2013 17:49:00,76,111,96,-3,-104,1
03/17/2013 17:50:00,76,107,97,-3,-105,1
03/17/2013 17:51:00,76,105,99,-3,-106,1
03/17/2013 17:52:00,76,102,100,-3,-105,1
03/17/2013 17:53:00,76,96,103,-3,-105,1
03/17/2013 17:54:00,76,95,103,-3,-104,1
03/17/2013 17:55:00,76,97,105,-3,-104,1
03/17/2013 17:56:00,76,98,107,-3,-104,1
03/17/2013 17:57:00,76,99,108,-3,-104,1
03/17/2013 17:58:00,76,99,111,-3,-103,1
03/17/2013 17:59:00,76,100,113,-3,-104,1
03/17/2013 18:00:00,76,102,116,-3,-104,1
03/17/2013 18:01:00,76,105,116,-3,-103,1
03/17/2013 18:02:00,76,103,114,-2,-101,1
03/17/2013 18:03:00,76,95,109,-3,-98,1
03/17/2013 18:04:00,76,91,102,-3,-96,1
03/17/2013 18:05:00,76,85,97,-3,-95,1
03/17/2013 18:06:00,76,82,94,-2,-93,1
03/17/2013 18:07:00,76,86,94,-3,-93,1
03/17/2013 18:08:00,76,85,92,-3,-94,1
03/17/2013 18:09:00,76,82,88,-2,-94,1
03/17/2013 18:10:00,76,80,85,0,-94,1
03/17/2013 18:11:00,76,79,82,1,-94,1
03/17/2013 18:12:00,76,81,80,2,-94,1
03/17/2013 18:13:00,76,83,79,2,-93,1
03/17/2013 18:14:00,76,85,79,3,-94,1
03/17/2013 18:15:00,76,88,78,3,-94,1
03/17/2013 18:16:00,76,91,78,3,-95,1
03/17/2013 18:17:00,76,92,79,3,-96,1
03/17/2013 18:18:00,76,95,81,3,-96,1
03/17/2013 18:19:00,76,96,83,3,-98,1
03/17/2013 18:20:00,76,97,84,3,-99,1
03/17/2013 18:21:00,76,97,87,3,-100,1
03/17/2013 18:22:00,76,97,88,3,-101,1
03/17/2013 18:23:00,76,98,85,4,-101,1
03/17/2013 18:24:00,76,100,87,4,-101,1
03/17/2013 18:25:00,76,99,86,4,-100,1
03/17/2013 18:26:00,76,99,83,3,-99,1
03/17/2013 18:27:00,76,99,78,3,-99,1
03/17/2013 18:28:00,76,100,72,3,-97,1
03/17/2013 18:29:00,76,99,65,4,-97,1
03/17/2013 18:30:00,76,96,61,3,-96,1
03/17/2013 18:31:00,76,94,61,3,-95,1
03/17/2013 18:32:00,76,91,58,3,-94,1
03/17/2013 18:33:00,76,89,56,3,-95,1
03/17/2013 18:34:00,76,83,54,3,-94,1
03/17/2013 18:35:00,76,79,55,3,-94,1
03/17/2013 18:36:00,76,77,55,3,-94,1
03/17/2013 18:37:00,76,75,57,3,-96,1
03/17/2013 18:38:00,76,71,58,3,-96,1
03/17/2013 18:39:00,76,69,59,3,-97,1
03/17/2013 18:40:00,76,66,59,3,-96,1
03/17/2013 18:41:00,76,63,58,3,-96,1
03/17/2013 18:42:00,76,59,58,4,-96,1
03/17/2013 18:43:00,76,60,58,3,-96,1
03/17/2013 18:44:00,76,63,59,3,-96,1
03/17/2013 18:45:00,76,65,61,2,-95,1
03/17/2013 18:46:00,76,70,65,1,-96,1
03/17/2013 18:47:00,76,74,65,1,-97,1
03/17/2013 18:48:00,76,77,65,1,-97,1
03/17/2013 18:49:00,76,81,67,0,-98,1
03/17/2013 18:50:00,76,87,71,0,-97,1
03/17/2013 18:51:00,76,92,71,-1,-96,1
03/17/2013 18:52:00,76,99,72,0,-95,1
03/17/2013 18:53:00,76,103,72,0,-95,1
03/17/2013 18:54:00,76,108,72,0,-95,1
03/17/2013 18:55:00,76,108,71,0,-95,1
03/17/2013 18:56:00,76,105,72,1,-96,1
03/17/2013 18:57:00,76,103,75,0,-96,1
03/17/2013 18:58:00,76,100,77,0,-97,1
03/17/2013 18:59:00,76,96,79,0,-99,1
03/17/2013 19:00:00,76,92,82,-1,-99,1
03/17/2013 19:01:00,76,87,84,-1,-100,1
03/17/2013 19:02:00,76,84,85,-1,-101,1
03/17/2013 19:03:00,76,81,87,-2,-103,1
03/17/2013 19:04:00,76,82,88,-3,-104,1
03/17/2013 19:05:00,76,81,89,-3,-106,1
03/17/2013 19:06:00,76,84,90,-4,-106,1
03/17/2013 19:07:00,76,85,88,-4,-108,1
03/17/2013 19:08:00,76,88,88,-5,-109,1
03/17/2013 19:09:00,76,92,87,-5,-109,1
03/17/2013 19:10:00,76,95,87,-5,-110,1
03/17/2013 19:11:00,76,100,86,-5,-110,1
03/17/2013 19:12:00,76,104,87,-5,-111,1
03/17/2013 19:13:00,76,107,88,-5,-111,1
03/17/2013 19:14:00,76,111,90,-5,-111,1
03/17/2013 19:15:00,76,113,90,-5,-111,1
03/17/2013 19:16:00,76,117,94,-5,-111,1
03/17/2013 19:17:00,76,120,95,-5,-110,1
03/17/2013 19:18:00,76,122,98,-6,-110,1
03/17/2013 19:19:00,76,121,100,-6,-110,1
03/17/2013 19:20:00,76,120,104,-7,-109,1
03/17/2013 19:21:00,76,119,105,-7,-109,1
03/17/2013 19:22:00,76,122,108,-8,-109,1
03/17/2013 19:23:00,76,123,112,-8,-110,1
03/17/2013 19:24:00,76,124,114,-9,-110,1
03/17/2013 19:25:00,76,128,116,-9,-109,1
03/17/2013 19:26:00,76,128,119,-8,-108,1
03/17/2013 19:27:00,76,130,119,-9,-107,1
03/17/2013 19:28:00,76,131,119,-9,-107,1
03/17/2013 19:29:00,76,130,119,-10,-108,1
03/17/2013 19:30:00,76,129,117,-10,-109,1
03/17/2013 19:31:00,76,128,117,-11,-109,1
03/17/2013 19:32:00,76,127,116,-11,-110,1
03/17/2013 19:33:00,76,127,115,-12,-111,1
03/17/2013 19:34:00,76,125,115,-12,-113,1
03/17/2013 19:35:00,76,127,114,-12,-113,1
03/17/2013 19:36:00,76,129,113,-13,-113,1
03/17/2013 19:37:00,76,127,110,-13,-114,1
03/17/2013 19:38:00,76,125,108,-13,-114,1
03/17/2013 19:39:00,76,122,105,-12,-115,1
03/17/2013 19:40:00,76,119,102,-12,-116,1
03/17/2013 19:41:00,76,118,101,-11,-117,1
03/17/2013 19:42:00,76,117,101,-10,-119,1
03/17/2013 19:43:00,76,118,101,-9,-120,1
03/17/2013 19:44:00,76,120,103,-9,-119,1
03/17/2013 19:45:00,76,121,105,-9,-118,1
03/17/2013 19:46:00,76,123,108,-8,-118,1
03/17/2013 19:47:00,76,126,111,-8,-117,1
03/17/2013 19:48:00,76,128,113,-8,-117,1
03/17/2013 19:49:00,76,128,114,-7,-116,1
03/17/2013 19:50:00,76,129,115,-7,-116,1
03/17/2013 19:51:00,76,127,115,-7,-116,1
03/17/2013 19:52:00,76,124,114,-7,-116,1
03/17/2013 19:53:00,76,121,113,-7,-117,1
03/17/2013 19:54:00,76,119,111,-8,-117,1
03/17/2013 19:55:00,76,119,111,-8,-118,1
03/17/2013 19:56:00,76,117,111,-8,-119,1
03/17/2013 19:57:00,76,116,112,-8,-120,1
03/17/2013 19:58:00,76,116,113,-8,-120,1
03/17/2013 19:59:00,76,116,114,-8,-121,1
03/17/2013 20:00:00,76,116,114,-8,-121,1
03/17/2013 20:01:00,76,115,113,-8,-122,1
03/17/2013 20:02:00,76,114,112,-7,-122,1
03/17/2013 20:03:00,76,113,111,-7,-123,1
03/17/2013 20:04:00,76,112,108,-7,-124,1
03/17/2013 20:05:00,76,109,107,-7,-124,1
03/17/2013 20:06:00,76,107,106,-7,-124,1
03/17/2013 20:07:00,76,106,105,-7,-125,1
03/17/2013 20:08:00,76,106,105,-7,-124,1
03/17/2013 20:09:00,76,103,104,-7,-125,1
03/17/2013 20:10:00,76,103,101,-7,-125,1
03/17/2013 20:11:00,76,103,98,-7,-125,1
03/17/2013 20:12:00,76,103,96,-6,-125,1
03/17/2013 20:13:00,76,103,93,-6,-125,1
03/17/2013 20:14:00,76,103,92,-6,-126,1
03/17/2013 20:15:00,76,105,88,-6,-126,1
03/17/2013 20:16:00,76,106,87,-6,-126,1
03/17/2013 20:17:00,76,107,85,-6,-126,1
03/17/2013 20:18:00,76,108,84,-6,-127,1
03/17/2013 20:19:00,76,109,81,-7,-127,1
03/17/2013 20:20:00,76,110,80,-7,-128,1
03/17/2013 20:21:00,76,110,79,-7,-128,1
03/17/2013 20:22:00,76,109,78,-7,-129,1
03/17/2013 20:23:00,76,109,77,-7,-129,1
03/17/2013 20:24:00,76,108,77,-7,-130,1
03/17/2013 20:25:00,76,107,77,-7,-130,1
03/17/2013 20:26:00,76,105,75,-7,-131,1
03/17/2013 20:27:00,76,105,75,-7,-131,1
03/17/2013 20:28:00,76,104,73,-7,-132,1
03/17/2013 20:29:00,76,103,73,-7,-131,1
03/17/2013 20:30:00,76,104,72,-7,-131,1
03/17/2013 20:31:00,76,103,72,-7,-131,1
03/17/2013 20:32:00,76,103,72,-7,-131,1
03/17/2013 20:33:00,76,103,70,-7,-131,1
03/17/2013 20:34:00,76,103,70,-7,-131,1
03/17/2013 20:35:00,76,102,68,-7,-131,1
03/17/2013 20:36:00,76,100,67,-7,-131,1
03/17/2013 20:37:00,76,101,67,-7,-131,1
03/17/2013 20:38:00,76,100,66,-7,-131,1
03/17/2013 20:39:00,76,99,66,-7,-131,1
03/17/2013 20:40:00,76,99,65,-7,-131,1
03/17/2013 20:41:00,76,99,67,-7,-130,1
03/17/2013 20:42:00,76,98,69,-7,-130,1
03/17/2013 20:43:00,76,97,68,-7,-130,1
03/17/2013 20:44:00,76,96,70,-6,-129,1
03/17/2013 20:45:00,76,95,70,-7,-129,1
03/17/2013 20:46:00,76,94,72,-6,-129,1
03/17/2013 20:47:00,76,94,74,-6,-128,1
03/17/2013 20:48:00,76,92,74,-6,-128,1
03/17/2013 20:49:00,76,92,74,-6,-128,1
03/17/2013 20:50:00,76,89,73,-6,-129,1
03/17/2013 20:51:00,76,86,72,-6,-130,1
03/17/2013 20:52:00,76,84,72,-6,-129,1
03/17/2013 20:53:00,76,83,72,-6,-130,1
03/17/2013 20:54:00,76,83,72,-6,-130,1
03/17/2013 20:55:00,76,81,70,-7,-130,1
03/17/2013 20:56:00,76,81,73,-7,-130,1
03/17/2013 20:57:00,76,82,72,-7,-129,1
03/17/2013 20:58:00,76,82,72,-7,-129,1
03/17/2013 20:59:00,76,83,77,-6,-127,1
03/17/2013 21:00:00,76,84,84,-6,-125,1
03/17/2013 21:01:00,76,87,84,-6,-125,1
03/17/2013 21:02:00,76,90,83,-7,-125,1
03/17/2013 21:03:00,76,92,84,-7,-124,1
03/17/2013 21:04:00,76,94,86,-7,-124,1
03/17/2013 21:05:00,76,95,85,-7,-123,1
03/17/2013 21:06:00,76,99,88,-7,-122,1
03/17/2013 21:07:00,76,101,88,-8,-122,1
03/17/2013 21:08:00,76,105,88,-8,-122,1
03/17/2013 21:09:00,76,107,84,-8,-123,1
03/17/2013 21:10:00,76,110,83,-9,-124,1
03/17/2013 21:11:00,76,111,81,-9,-125,1
03/17/2013 21:12:00,76,113,79,-9,-125,1
03/17/2013 21:13:00,76,113,75,-9,-126,1
03/17/2013 21:14:00,76,112,76,-9,-126,1
03/17/2013 21:15:00,76,112,78,-9,-126,1
03/17/2013 21:16:00,76,112,79,-9,-126,1
03/17/2013 21:17:00,76,111,80,-9,-126,1
03/17/2013 21:18:00,76,110,80,-9,-126,1
03/17/2013 21:19:00,76,109,79,-10,-126,1
03/17/2013 21:20:00,76,109,78,-10,-126,1
03/17/2013 21:21:00,76,110,78,-11,-126,1
03/17/2013 21:22:00,76,110,77,-11,-126,1
03/17/2013 21:23:00,76,110,74,-11,-125,1
03/17/2013 21:24:00,76,110,73,-12,-125,1
03/17/2013 21:25:00,76,109,72,-12,-125,1
03/17/2013 21:26:00,76,110,70,-12,-124,1
03/17/2013 21:27:00,76,109,73,-12,-123,1
03/17/2013 21:28:00,76,110,74,-13,-122,1
03/17/2013 21:29:00,76,111,71,-13,-122,1
03/17/2013 21:30:00,76,111,67,-14,-122,1
03/17/2013 21:31:00,76,110,62,-14,-123,1
03/17/2013 21:32:00,76,109,60,-15,-123,1
03/17/2013 21:33:00,76,107,58,-15,-123,1
03/17/2013 21:34:00,76,105,56,-15,-123,1
03/17/2013 21:35:00,76,104,56,-15,-123,1
03/17/2013 21:36:00,76,102,54,-15,-123,1
03/17/2013 21:37:00,76,102,55,-16,-122,1
03/17/2013 21:38:00,76,101,54,-16,-122,1
03/17/2013 21:39:00,76,99,52,-16,-122,1
03/17/2013 21:40:00,76,97,51,-16,-121,1
03/17/2013 21:41:00,76,96,51,-16,-121,1
03/17/2013 21:42:00,76,95,48,-17,-121,1
03/17/2013 21:43:00,76,94,46,-17,-120,1
03/17/2013 21:44:00,76,92,46,-17,-120,1
03/17/2013 21:45:00,76,92,46,-17,-120,1
03/17/2013 21:46:00,76,92,45,-17,-120,1
03/17/2013 21:47:00,76,93,44,-17,-120,1
03/17/2013 21:48:00,76,94,44,-17,-119,1
03/17/2013 21:49:00,76,95,45,-17,-119,1
03/17/2013 21:50:00,76,94,44,-17,-119,1
03/17/2013 21:51:00,76,94,43,-17,-118,1
03/17/2013 21:52:00,76,94,43,-17,-118,1
03/17/2013 21:53:00,76,95,42,-17,-118,1
03/17/2013 21:54:00,76,93,40,-16,-119,1
03/17/2013 21:55:00,76,91,38,-16,-119,1
03/17/2013 21:56:00,76,89,37,-15,-120,1
03/17/2013 21:57:00,76,89,37,-15,-120,1
03/17/2013 21:58:00,76,87,35,-14,-121,1
03/17/2013 21:59:00,76,85,34,-14,-121,1
03/17/2013 22:00:00,76,84,33,-13,-122,1
03/17/2013 22:01:00,76,84,33,-13,-122,1
03/17/2013 22:02:00,76,83,33,-13,-123,1
03/17/2013 22:03:00,76,82,33,-13,-123,1
03/17/2013 22:04:00,76,80,32,-12,-124,1
03/17/2013 22:05:00,76,79,33,-12,-124,1
03/17/2013 22:06:00,76,77,32,-12,-125,1
03/17/2013 22:07:00,76,76,32,-12,-124,1
03/17/2013 22:08:00,76,77,33,-12,-125,1
03/17/2013 22:09:00,76,76,34,-12,-125,1
03/17/2013 22:10:00,76,76,34,-13,-125,1
03/17/2013 22:11:00,76,77,38,-13,-125,1
03/17/2013 22:12:00,76,77,40,-14,-125,1
03/17/2013 22:13:00,76,77,43,-14,-124,1
03/17/2013 22:14:00,76,76,46,-15,-124,1
03/17/2013 22:15:00,76,75,47,-15,-124,1
03/17/2013 22:16:00,76,74,49,-16,-123,1
03/17/2013 22:17:00,76,72,50,-17,-121,1
03/17/2013 22:18:00,76,72,51,-18,-120,1
03/17/2013 22:19:00,76,70,52,-19,-118,1
03/17/2013 22:20:00,76,70,52,-20,-117,1
03/17/2013 22:21:00,76,68,56,-21,-116,1
03/17/2013 22:22:00,76,65,57,-21,-116,1
03/17/2013 22:23:00,76,64,58,-22,-115,1
03/17/2013 22:24:00,76,63,57,-22,-113,1
03/17/2013 22:25:00,76,63,59,-22,-112,1
03/17/2013 22:26:00,76,63,58,-24,-111,1
03/17/2013 22:27:00,76,61,57,-24,-110,1
03/17/2013 22:28:00,76,58,58,-24,-110,1
03/17/2013 22:29:00,76,54,61,-23,-111,1
03/17/2013 22:30:00,76,50,66,-22,-112,1
03/17/2013 22:31:00,76,45,69,-21,-112,1
03/17/2013 22:32:00,76,38,73,-20,-113,1
03/17/2013 22:33:00,76,32,75,-19,-114,1
03/17/2013 22:34:00,76,28,76,-17,-113,1
03/17/2013 22:35:00,76,24,77,-16,-112,1
03/17/2013 22:36:00,76,18,78,-16,-112,1
03/17/2013 22:37:00,76,14,78,-14,-112,1
03/17/2013 22:38:00,76,10,76,-13,-112,1
03/17/2013 22:39:00,76,13,77,-12,-112,1
03/17/2013 22:40:00,76,17,77,-11,-112,1
03/17/2013 22:41:00,76,19,76,-10,-112,1
03/17/2013 22:42:00,76,19,75,-9,-113,1
03/17/2013 22:43:00,76,20,74,-8,-113,1
03/17/2013 22:44:00,76,21,72,-7,-114,1
03/17/2013 22:45:00,76,23,70,-7,-114,1
03/17/2013 22:46:00,76,26,68,-6,-114,1
03/17/2013 22:47:00,76,29,66,-6,-114,1
03/17/2013 22:48:00,76,33,63,-6,-115,1
03/17/2013 22:49:00,76,37,62,-5,-115,1
03/17/2013 22:50:00,76,41,61,-5,-115,1
03/17/2013 22:51:00,76,41,62,-5,-115,1
03/17/2013 22:52:00,76,39,62,-6,-114,1
03/17/2013 22:53:00,76,40,63,-6,-113,1
03/17/2013 22:54:00,76,40,64,-6,-113,1
03/17/2013 22:55:00,76,42,64,-6,-113,1
03/17/2013 22:56:00,76,44,66,-6,-112,1
03/17/2013 22:57:00,76,44,67,-7,-111,1
03/17/2013 22:58:00,76,41,69,-7,-110,1
03/17/2013 22:59:00,76,41,70,-8,-109,1
03/17/2013 23:00:00,76,42,72,-8,-109,1
03/17/2013 23:01:00,76,43,73,-9,-108,1
03/17/2013 23:02:00,76,44,72,-9,-108,1
03/17/2013 23:03:00,76,45,69,-10,-108,1
03/17/2013 23:04:00,76,44,69,-10,-108,1
03/17/2013 23:05:00,76,44,66,-11,-108,1
03/17/2013 23:06:00,76,44,66,-11,-108,1
03/17/2013 23:07:00,76,45,66,-11,-109,1
03/17/2013 23:08:00,76,45,65,-12,-109,1
03/17/2013 23:09:00,76,45,65,-12,-110,1
03/17/2013 23:10:00,76,46,65,-12,-110,1
03/17/2013 23:11:00,76,45,65,-13,-110,1
03/17/2013 23:12:00,76,46,66,-13,-109,1
03/17/2013 23:13:00,76,48,66,-13,-109,1
03/17/2013 23:14:00,76,49,66,-13,-110,1
03/17/2013 23:15:00,76,49,67,-13,-109,1
03/17/2013 23:16:00,76,48,69,-12,-110,1
03/17/2013 23:17:00,76,48,69,-12,-110,1
03/17/2013 23:18:00,76,46,69,-12,-109,1
03/17/2013 23:19:00,76,44,69,-11,-110,1
03/17/2013 23:20:00,76,44,69,-11,-110,1
03/17/2013 23:21:00,76,46,68,-11,-110,1
03/17/2013 23:22:00,76,46,67,-10,-110,1
03/17/2013 23:23:00,76,47,67,-9,-111,1
03/17/2013 23:24:00,76,48,66,-9,-111,1
03/17/2013 23:25:00,76,49,65,-8,-111,1
03/17/2013 23:26:00,76,50,65,-8,-111,1
03/17/2013 23:27:00,76,52,64,-7,-111,1
03/17/2013 23:28:00,76,54,62,-7,-110,1
03/17/2013 23:29:00,76,55,61,-7,-110,1
03/17/2013 23:30:00,76,56,63,-7,-109,1
03/17/2013 23:31:00,76,57,65,-7,-109,1
03/17/2013 23:32:00,76,56,66,-7,-108,1
03/17/2013 23:33:00,76,56,67,-7,-107,1
03/17/2013 23:34:00,76,55,70,-7,-107,1
03/17/2013 23:35:00,76,53,71,-7,-106,1
03/17/2013 23:36:00,76,52,72,-7,-105,1
03/17/2013 23:37:00,76,52,74,-7,-105,1
03/17/2013 23:38:00,76,49,75,-8,-104,1
03/17/2013 23:39:00,76,49,75,-8,-104,1
03/17/2013 23:40:00,76,49,73,-9,-104,1
03/17/2013 23:41:00,76,49,72,-9,-104,1
03/17/2013 23:42:00,76,48,71,-9,-104,1
03/17/2013 23:43:00,76,48,70,-10,-104,1
03/17/2013 23:44:00,76,47,69,-10,-104,1
03/17/2013 23:45:00,76,48,69,-10,-104,1
03/17/2013 23:46:00,76,47,69,-10,-103,1
03/17/2013 23:47:00,76,48,69,-10,-103,1
03/17/2013 23:48:00,76,48,68,-10,-103,1
03/17/2013 23:49:00,76,47,68,-10,-102,1
03/17/2013 23:50:00,76,47,68,-10,-102,1
03/17/2013 23:51:00,76,46,67,-10,-102,1
03/17/2013 23:52:00,76,46,65,-10,-102,1
03/17/2013 23:53:00,76,46,65,-10,-102,1
03/17/2013 23:54:00,76,47,65,-10,-102,1
03/17/2013 23:55:00,76,47,63,-9,-102,1
03/17/2013 23:56:00,76,49,63,-9,-102,1
03/17/2013 23:57:00,76,49,64,-9,-102,1
03/17/2013 23:58:00,76,50,64,-9,-102,1
03/17/2013 23:59:00,76,50,64,-9,-101,1
