DateTime,DOY,ASY_D,ASY_H,SYM_D,SYM_H,Location
02/10/2004 00:00:00,41,6,12,-4,-19,1
02/10/2004 00:01:00,41,6,12,-4,-19,1
02/10/2004 00:02:00,41,6,10,-4,-18,1
02/10/2004 00:03:00,41,7,11,-3,-18,1
02/10/2004 00:04:00,41,7,10,-3,-18,1
02/10/2004 00:05:00,41,7,9,-4,-19,1
02/10/2004 00:06:00,41,7,10,-3,-18,1
02/10/2004 00:07:00,41,6,9,-3,-19,1
02/10/2004 00:08:00,41,7,8,-3,-18,1
02/10/2004 00:09:00,41,7,8,-3,-18,1
02/10/2004 00:10:00,41,7,8,-4,-18,1
02/10/2004 00:11:00,41,8,8,-3,-18,1
02/10/2004 00:12:00,41,8,8,-3,-18,1
02/10/2004 00:13:00,41,8,8,-3,-19,1
02/10/2004 00:14:00,41,8,8,-3,-19,1
02/10/2004 00:15:00,41,7,7,-3,-18,1
02/10/2004 00:16:00,41,7,9,-3,-18,1
02/10/2004 00:17:00,41,7,9,-3,-18,1
02/10/2004 00:18:00,41,6,10,-3,-18,1
02/10/2004 00:19:00,41,8,10,-2,-18,1
02/10/2004 00:20:00,41,8,8,-2,-18,1
02/10/2004 00:21:00,41,8,8,-2,-18,1
02/10/2004 00:22:00,41,8,9,-2,-18,1
02/10/2004 00:23:00,41,8,8,-2,-18,1
02/10/2004 00:24:00,41,8,10,-2,-18,1
02/10/2004 00:25:00,41,8,10,-2,-18,1
02/10/2004 00:26:00,41,8,12,-2,-18,1
02/10/2004 00:27:00,41,9,9,-2,-17,1
02/10/2004 00:28:00,41,9,9,-2,-17,1
02/10/2004 00:29:00,41,8,9,-2,-17,1
02/10/2004 00:30:00,41,8,9,-2,-17,1
02/10/2004 00:31:00,41,9,8,-2,-17,1
02/10/2004 00:32:00,41,7,8,-2,-17,1
02/10/2004 00:33:00,41,7,8,-2,-17,1
02/10/2004 00:34:00,41,7,8,-2,-17,1
02/10/2004 00:35:00,41,7,7,-2,-17,1
02/10/2004 00:36:00,41,7,6,-2,-17,1
02/10/2004 00:37:00,41,7,7,-2,-17,1
02/10/2004 00:38:00,41,7,8,-2,-17,1
02/10/2004 00:39:00,41,8,8,-2,-17,1
02/10/2004 00:40:00,41,8,9,-2,-18,1
02/10/2004 00:41:00,41,8,9,-2,-18,1
02/10/2004 00:42:00,41,8,11,-2,-17,1
02/10/2004 00:43:00,41,8,10,-2,-17,1
02/10/2004 00:44:00,41,8,9,-2,-17,1
02/10/2004 00:45:00,41,8,9,-2,-17,1
02/10/2004 00:46:00,41,8,9,-2,-17,1
02/10/2004 00:47:00,41,8,9,-2,-17,1
02/10/2004 00:48:00,41,8,8,-2,-17,1
02/10/2004 00:49:00,41,6,8,-2,-17,1
02/10/2004 00:50:00,41,7,9,-3,-17,1
02/10/2004 00:51:00,41,6,7,-3,-17,1
02/10/2004 00:52:00,41,8,6,-2,-17,1
02/10/2004 00:53:00,41,8,6,-2,-18,1
02/10/2004 00:54:00,41,8,7,-2,-17,1
02/10/2004 00:55:00,41,8,7,-2,-17,1
02/10/2004 00:56:00,41,8,7,-2,-17,1
02/10/2004 00:57:00,41,8,8,-2,-17,1
02/10/2004 00:58:00,41,8,8,-2,-17,1
02/10/2004 00:59:00,41,8,8,-2,-17,1
02/10/2004 01:00:00,41,7,8,-2,-16,1
02/10/2004 01:01:00,41,7,8,-2,-16,1
02/10/2004 01:02:00,41,7,8,-2,-17,1
02/10/2004 01:03:00,41,6,6,-2,-17,1
02/10/2004 01:04:00,41,7,7,-2,-17,1
02/10/2004 01:05:00,41,7,7,-2,-17,1
02/10/2004 01:06:00,41,7,7,-2,-17,1
02/10/2004 01:07:00,41,7,7,-2,-17,1
02/10/2004 01:08:00,41,7,7,-2,-17,1
02/10/2004 01:09:00,41,7,6,-2,-17,1
02/10/2004 01:10:00,41,5,6,-2,-17,1
02/10/2004 01:11:00,41,5,7,-2,-17,1
02/10/2004 01:12:00,41,5,7,-2,-16,1
02/10/2004 01:13:00,41,6,6,-2,-16,1
02/10/2004 01:14:00,41,7,7,-2,-16,1
02/10/2004 01:15:00,41,7,5,-2,-16,1
02/10/2004 01:16:00,41,7,7,-2,-17,1
02/10/2004 01:17:00,41,7,7,-2,-16,1
02/10/2004 01:18:00,41,7,8,-2,-16,1
02/10/2004 01:19:00,41,7,9,-2,-16,1
02/10/2004 01:20:00,41,7,9,-2,-16,1
02/10/2004 01:21:00,41,7,10,-1,-16,1
02/10/2004 01:22:00,41,6,10,-1,-16,1
02/10/2004 01:23:00,41,7,10,-1,-16,1
02/10/2004 01:24:00,41,7,10,-1,-16,1
02/10/2004 01:25:00,41,7,10,-1,-16,1
02/10/2004 01:26:00,41,7,10,-1,-16,1
02/10/2004 01:27:00,41,7,10,-1,-16,1
02/10/2004 01:28:00,41,7,10,-1,-16,1
02/10/2004 01:29:00,41,7,10,-1,-16,1
02/10/2004 01:30:00,41,7,10,-1,-16,1
02/10/2004 01:31:00,41,7,10,-1,-16,1
02/10/2004 01:32:00,41,6,9,-1,-16,1
02/10/2004 01:33:00,41,6,9,-1,-16,1
02/10/2004 01:34:00,41,8,9,-1,-16,1
02/10/2004 01:35:00,41,8,7,-1,-16,1
02/10/2004 01:36:00,41,7,6,-1,-16,1
02/10/2004 01:37:00,41,6,6,-1,-16,1
02/10/2004 01:38:00,41,6,6,-1,-16,1
02/10/2004 01:39:00,41,7,6,-1,-15,1
02/10/2004 01:40:00,41,6,7,-1,-15,1
02/10/2004 01:41:00,41,7,7,-1,-15,1
02/10/2004 01:42:00,41,7,7,-1,-15,1
02/10/2004 01:43:00,41,7,7,-1,-15,1
02/10/2004 01:44:00,41,7,6,-1,-15,1
02/10/2004 01:45:00,41,6,6,-2,-15,1
02/10/2004 01:46:00,41,6,6,-1,-15,1
02/10/2004 01:47:00,41,6,6,-2,-15,1
02/10/2004 01:48:00,41,6,7,-2,-15,1
02/10/2004 01:49:00,41,6,7,-2,-15,1
02/10/2004 01:50:00,41,6,9,-2,-16,1
02/10/2004 01:51:00,41,6,9,-2,-16,1
02/10/2004 01:52:00,41,7,9,-2,-16,1
02/10/2004 01:53:00,41,8,10,-2,-16,1
02/10/2004 01:54:00,41,8,9,-2,-16,1
02/10/2004 01:55:00,41,8,10,-2,-16,1
02/10/2004 01:56:00,41,8,10,-2,-16,1
02/10/2004 01:57:00,41,8,10,-2,-16,1
02/10/2004 01:58:00,41,8,9,-2,-15,1
02/10/2004 01:59:00,41,7,9,-2,-15,1
02/10/2004 02:00:00,41,7,10,-2,-15,1
02/10/2004 02:01:00,41,7,10,-2,-15,1
02/10/2004 02:02:00,41,7,10,-2,-16,1
02/10/2004 02:03:00,41,7,10,-2,-15,1
02/10/2004 02:04:00,41,7,10,-2,-16,1
02/10/2004 02:05:00,41,7,10,-2,-15,1
02/10/2004 02:06:00,41,7,9,-2,-15,1
02/10/2004 02:07:00,41,7,11,-2,-15,1
02/10/2004 02:08:00,41,6,11,-2,-15,1
02/10/2004 02:09:00,41,6,11,-2,-15,1
02/10/2004 02:10:00,41,6,8,-2,-15,1
02/10/2004 02:11:00,41,7,9,-2,-15,1
02/10/2004 02:12:00,41,7,9,-2,-15,1
02/10/2004 02:13:00,41,6,10,-2,-14,1
02/10/2004 02:14:00,41,7,10,-2,-14,1
02/10/2004 02:15:00,41,6,10,-2,-14,1
02/10/2004 02:16:00,41,6,9,-2,-15,1
02/10/2004 02:17:00,41,7,9,-2,-15,1
02/10/2004 02:18:00,41,7,8,-2,-15,1
02/10/2004 02:19:00,41,6,8,-2,-15,1
02/10/2004 02:20:00,41,7,8,-2,-15,1
02/10/2004 02:21:00,41,7,8,-2,-15,1
02/10/2004 02:22:00,41,7,8,-2,-15,1
02/10/2004 02:23:00,41,7,9,-2,-15,1
02/10/2004 02:24:00,41,7,9,-2,-15,1
02/10/2004 02:25:00,41,7,9,-2,-15,1
02/10/2004 02:26:00,41,7,8,-2,-15,1
02/10/2004 02:27:00,41,7,7,-2,-15,1
02/10/2004 02:28:00,41,7,7,-2,-16,1
02/10/2004 02:29:00,41,7,7,-2,-16,1
02/10/2004 02:30:00,41,7,7,-2,-16,1
02/10/2004 02:31:00,41,7,7,-2,-16,1
02/10/2004 02:32:00,41,7,6,-2,-16,1
02/10/2004 02:33:00,41,7,6,-2,-16,1
02/10/2004 02:34:00,41,7,5,-2,-16,1
02/10/2004 02:35:00,41,7,5,-2,-16,1
02/10/2004 02:36:00,41,7,5,-2,-16,1
02/10/2004 02:37:00,41,7,5,-2,-15,1
02/10/2004 02:38:00,41,7,5,-2,-15,1
02/10/2004 02:39:00,41,6,5,-2,-15,1
02/10/2004 02:40:00,41,6,5,-2,-15,1
02/10/2004 02:41:00,41,6,5,-2,-15,1
02/10/2004 02:42:00,41,6,5,-2,-15,1
02/10/2004 02:43:00,41,6,5,-2,-15,1
02/10/2004 02:44:00,41,6,4,-2,-15,1
02/10/2004 02:45:00,41,6,4,-2,-15,1
02/10/2004 02:46:00,41,6,3,-2,-15,1
02/10/2004 02:47:00,41,6,3,-2,-15,1
02/10/2004 02:48:00,41,6,3,-2,-14,1
02/10/2004 02:49:00,41,7,3,-2,-15,1
02/10/2004 02:50:00,41,6,3,-2,-14,1
02/10/2004 02:51:00,41,6,3,-2,-14,1
02/10/2004 02:52:00,41,6,4,-2,-14,1
02/10/2004 02:53:00,41,6,4,-2,-15,1
02/10/2004 02:54:00,41,6,4,-2,-14,1
02/10/2004 02:55:00,41,7,4,-2,-14,1
02/10/2004 02:56:00,41,7,4,-2,-14,1
02/10/2004 02:57:00,41,6,4,-2,-14,1
02/10/2004 02:58:00,41,6,4,-2,-14,1
02/10/2004 02:59:00,41,6,4,-2,-14,1
02/10/2004 03:00:00,41,6,4,-2,-14,1
02/10/2004 03:01:00,41,6,4,-2,-14,1
02/10/2004 03:02:00,41,6,4,-2,-14,1
02/10/2004 03:03:00,41,6,4,-2,-14,1
02/10/2004 03:04:00,41,6,4,-2,-14,1
02/10/2004 03:05:00,41,6,4,-2,-14,1
02/10/2004 03:06:00,41,6,4,-2,-14,1
02/10/2004 03:07:00,41,7,4,-2,-14,1
02/10/2004 03:08:00,41,7,4,-2,-14,1
02/10/2004 03:09:00,41,6,4,-2,-14,1
02/10/2004 03:10:00,41,6,4,-2,-14,1
02/10/2004 03:11:00,41,7,3,-2,-13,1
02/10/2004 03:12:00,41,6,4,-2,-13,1
02/10/2004 03:13:00,41,6,3,-2,-13,1
02/10/2004 03:14:00,41,6,4,-2,-12,1
02/10/2004 03:15:00,41,7,3,-1,-12,1
02/10/2004 03:16:00,41,6,3,-2,-11,1
02/10/2004 03:17:00,41,7,3,-1,-11,1
02/10/2004 03:18:00,41,6,4,-1,-11,1
02/10/2004 03:19:00,41,6,4,-1,-11,1
02/10/2004 03:20:00,41,7,5,-1,-12,1
02/10/2004 03:21:00,41,6,4,-1,-12,1
02/10/2004 03:22:00,41,7,4,-1,-12,1
02/10/2004 03:23:00,41,8,4,-1,-12,1
02/10/2004 03:24:00,41,7,4,-1,-11,1
02/10/2004 03:25:00,41,7,4,-1,-11,1
02/10/2004 03:26:00,41,7,4,-1,-11,1
02/10/2004 03:27:00,41,7,5,-1,-11,1
02/10/2004 03:28:00,41,8,4,-1,-11,1
02/10/2004 03:29:00,41,8,5,-1,-12,1
02/10/2004 03:30:00,41,8,5,-1,-12,1
02/10/2004 03:31:00,41,8,4,-1,-12,1
02/10/2004 03:32:00,41,8,5,-1,-12,1
02/10/2004 03:33:00,41,8,6,-1,-12,1
02/10/2004 03:34:00,41,7,7,-1,-12,1
02/10/2004 03:35:00,41,8,7,-1,-12,1
02/10/2004 03:36:00,41,8,7,-1,-12,1
02/10/2004 03:37:00,41,7,7,-1,-12,1
02/10/2004 03:38:00,41,7,7,-1,-12,1
02/10/2004 03:39:00,41,8,8,0,-12,1
02/10/2004 03:40:00,41,8,8,0,-12,1
02/10/2004 03:41:00,41,8,9,0,-12,1
02/10/2004 03:42:00,41,7,7,0,-12,1
02/10/2004 03:43:00,41,8,7,0,-12,1
02/10/2004 03:44:00,41,8,7,0,-12,1
02/10/2004 03:45:00,41,8,9,0,-11,1
02/10/2004 03:46:00,41,8,9,0,-11,1
02/10/2004 03:47:00,41,8,9,0,-11,1
02/10/2004 03:48:00,41,8,8,0,-11,1
02/10/2004 03:49:00,41,8,8,0,-10,1
02/10/2004 03:50:00,41,8,8,0,-10,1
02/10/2004 03:51:00,41,8,9,0,-10,1
02/10/2004 03:52:00,41,8,9,0,-10,1
02/10/2004 03:53:00,41,8,9,0,-11,1
02/10/2004 03:54:00,41,8,8,0,-11,1
02/10/2004 03:55:00,41,8,7,0,-11,1
02/10/2004 03:56:00,41,8,8,0,-10,1
02/10/2004 03:57:00,41,8,9,0,-11,1
02/10/2004 03:58:00,41,8,10,0,-11,1
02/10/2004 03:59:00,41,8,10,0,-11,1
02/10/2004 04:00:00,41,8,9,0,-11,1
02/10/2004 04:01:00,41,8,8,0,-11,1
02/10/2004 04:02:00,41,8,7,0,-10,1
02/10/2004 04:03:00,41,9,7,0,-11,1
02/10/2004 04:04:00,41,8,8,0,-11,1
02/10/2004 04:05:00,41,8,7,0,-11,1
02/10/2004 04:06:00,41,8,6,0,-10,1
02/10/2004 04:07:00,41,8,6,0,-10,1
02/10/2004 04:08:00,41,8,7,0,-10,1
02/10/2004 04:09:00,41,8,9,0,-10,1
02/10/2004 04:10:00,41,8,10,0,-11,1
02/10/2004 04:11:00,41,8,8,0,-11,1
02/10/2004 04:12:00,41,9,8,0,-10,1
02/10/2004 04:13:00,41,9,9,0,-10,1
02/10/2004 04:14:00,41,9,11,0,-11,1
02/10/2004 04:15:00,41,8,10,0,-10,1
02/10/2004 04:16:00,41,8,12,0,-10,1
02/10/2004 04:17:00,41,9,11,0,-10,1
02/10/2004 04:18:00,41,9,10,0,-10,1
02/10/2004 04:19:00,41,9,11,0,-10,1
02/10/2004 04:20:00,41,9,11,0,-10,1
02/10/2004 04:21:00,41,9,9,0,-11,1
02/10/2004 04:22:00,41,9,10,0,-11,1
02/10/2004 04:23:00,41,9,10,0,-11,1
02/10/2004 04:24:00,41,9,11,0,-11,1
02/10/2004 04:25:00,41,10,11,0,-11,1
02/10/2004 04:26:00,41,10,12,1,-11,1
02/10/2004 04:27:00,41,10,12,1,-12,1
02/10/2004 04:28:00,41,10,12,1,-12,1
02/10/2004 04:29:00,41,10,12,1,-12,1
02/10/2004 04:30:00,41,10,12,1,-11,1
02/10/2004 04:31:00,41,10,13,0,-11,1
02/10/2004 04:32:00,41,10,12,1,-11,1
02/10/2004 04:33:00,41,10,13,1,-11,1
02/10/2004 04:34:00,41,10,14,1,-11,1
02/10/2004 04:35:00,41,11,14,1,-11,1
02/10/2004 04:36:00,41,10,14,0,-11,1
02/10/2004 04:37:00,41,11,14,1,-12,1
02/10/2004 04:38:00,41,11,14,0,-12,1
02/10/2004 04:39:00,41,11,15,1,-12,1
02/10/2004 04:40:00,41,11,15,0,-12,1
02/10/2004 04:41:00,41,11,15,0,-12,1
02/10/2004 04:42:00,41,11,15,0,-12,1
02/10/2004 04:43:00,41,11,16,1,-12,1
02/10/2004 04:44:00,41,11,17,1,-12,1
02/10/2004 04:45:00,41,11,17,1,-13,1
02/10/2004 04:46:00,41,12,17,1,-13,1
02/10/2004 04:47:00,41,12,17,1,-13,1
02/10/2004 04:48:00,41,12,16,1,-12,1
02/10/2004 04:49:00,41,11,16,1,-12,1
02/10/2004 04:50:00,41,12,15,1,-12,1
02/10/2004 04:51:00,41,12,16,1,-12,1
02/10/2004 04:52:00,41,12,17,1,-12,1
02/10/2004 04:53:00,41,12,16,1,-12,1
02/10/2004 04:54:00,41,12,15,1,-12,1
02/10/2004 04:55:00,41,12,13,1,-11,1
02/10/2004 04:56:00,41,12,13,1,-11,1
02/10/2004 04:57:00,41,12,14,1,-11,1
02/10/2004 04:58:00,41,12,15,1,-11,1
02/10/2004 04:59:00,41,12,14,1,-11,1
02/10/2004 05:00:00,41,12,14,0,-11,1
02/10/2004 05:01:00,41,12,15,1,-11,1
02/10/2004 05:02:00,41,12,14,1,-11,1
02/10/2004 05:03:00,41,13,14,0,-11,1
02/10/2004 05:04:00,41,12,15,0,-11,1
02/10/2004 05:05:00,41,12,15,0,-11,1
02/10/2004 05:06:00,41,12,14,1,-11,1
02/10/2004 05:07:00,41,12,13,1,-10,1
02/10/2004 05:08:00,41,11,13,1,-10,1
02/10/2004 05:09:00,41,11,13,1,-9,1
02/10/2004 05:10:00,41,11,13,1,-9,1
02/10/2004 05:11:00,41,11,13,0,-9,1
02/10/2004 05:12:00,41,10,13,0,-9,1
02/10/2004 05:13:00,41,10,12,0,-9,1
02/10/2004 05:14:00,41,10,11,1,-9,1
02/10/2004 05:15:00,41,10,11,1,-9,1
02/10/2004 05:16:00,41,10,12,1,-9,1
02/10/2004 05:17:00,41,10,13,1,-9,1
02/10/2004 05:18:00,41,10,13,1,-9,1
02/10/2004 05:19:00,41,9,13,1,-9,1
02/10/2004 05:20:00,41,10,13,1,-9,1
02/10/2004 05:21:00,41,10,13,1,-9,1
02/10/2004 05:22:00,41,9,13,1,-8,1
02/10/2004 05:23:00,41,9,14,1,-8,1
02/10/2004 05:24:00,41,10,14,0,-8,1
02/10/2004 05:25:00,41,11,14,1,-8,1
02/10/2004 05:26:00,41,12,14,1,-8,1
02/10/2004 05:27:00,41,13,14,0,-8,1
02/10/2004 05:28:00,41,13,14,0,-8,1
02/10/2004 05:29:00,41,14,16,0,-7,1
02/10/2004 05:30:00,41,14,15,0,-8,1
02/10/2004 05:31:00,41,15,15,0,-8,1
02/10/2004 05:32:00,41,14,15,0,-8,1
02/10/2004 05:33:00,41,14,13,0,-7,1
02/10/2004 05:34:00,41,14,14,0,-8,1
02/10/2004 05:35:00,41,14,16,0,-8,1
02/10/2004 05:36:00,41,14,16,0,-8,1
02/10/2004 05:37:00,41,14,16,0,-8,1
02/10/2004 05:38:00,41,14,16,0,-8,1
02/10/2004 05:39:00,41,14,16,0,-8,1
02/10/2004 05:40:00,41,13,16,0,-8,1
02/10/2004 05:41:00,41,13,14,0,-8,1
02/10/2004 05:42:00,41,12,16,0,-8,1
02/10/2004 05:43:00,41,12,17,0,-8,1
02/10/2004 05:44:00,41,12,18,0,-8,1
02/10/2004 05:45:00,41,11,18,1,-8,1
02/10/2004 05:46:00,41,11,18,1,-9,1
02/10/2004 05:47:00,41,11,16,1,-8,1
02/10/2004 05:48:00,41,11,16,1,-8,1
02/10/2004 05:49:00,41,11,17,1,-8,1
02/10/2004 05:50:00,41,11,16,1,-8,1
02/10/2004 05:51:00,41,11,15,1,-8,1
02/10/2004 05:52:00,41,11,16,1,-8,1
02/10/2004 05:53:00,41,11,16,1,-8,1
02/10/2004 05:54:00,41,12,17,1,-9,1
02/10/2004 05:55:00,41,11,16,1,-8,1
02/10/2004 05:56:00,41,12,15,1,-8,1
02/10/2004 05:57:00,41,11,17,1,-8,1
02/10/2004 05:58:00,41,11,15,1,-8,1
02/10/2004 05:59:00,41,11,15,1,-8,1
02/10/2004 06:00:00,41,10,15,1,-8,1
02/10/2004 06:01:00,41,10,15,1,-8,1
02/10/2004 06:02:00,41,11,14,1,-8,1
02/10/2004 06:03:00,41,11,14,1,-8,1
02/10/2004 06:04:00,41,11,13,1,-8,1
02/10/2004 06:05:00,41,12,15,1,-8,1
02/10/2004 06:06:00,41,12,15,1,-8,1
02/10/2004 06:07:00,41,12,14,1,-8,1
02/10/2004 06:08:00,41,14,14,1,-9,1
02/10/2004 06:09:00,41,13,14,1,-8,1
02/10/2004 06:10:00,41,14,15,1,-9,1
02/10/2004 06:11:00,41,15,16,1,-9,1
02/10/2004 06:12:00,41,15,16,1,-9,1
02/10/2004 06:13:00,41,15,15,1,-9,1
02/10/2004 06:14:00,41,15,15,1,-9,1
02/10/2004 06:15:00,41,16,15,1,-8,1
02/10/2004 06:16:00,41,16,15,1,-8,1
02/10/2004 06:17:00,41,16,15,1,-9,1
02/10/2004 06:18:00,41,16,15,1,-8,1
02/10/2004 06:19:00,41,16,17,1,-9,1
02/10/2004 06:20:00,41,16,15,1,-8,1
02/10/2004 06:21:00,41,16,14,1,-8,1
02/10/2004 06:22:00,41,15,15,1,-8,1
02/10/2004 06:23:00,41,15,14,1,-8,1
02/10/2004 06:24:00,41,15,14,1,-8,1
02/10/2004 06:25:00,41,15,12,1,-8,1
02/10/2004 06:26:00,41,15,13,1,-8,1
02/10/2004 06:27:00,41,15,13,1,-7,1
02/10/2004 06:28:00,41,15,13,1,-7,1
02/10/2004 06:29:00,41,15,13,1,-7,1
02/10/2004 06:30:00,41,15,13,1,-7,1
02/10/2004 06:31:00,41,15,13,1,-7,1
02/10/2004 06:32:00,41,14,13,1,-7,1
02/10/2004 06:33:00,41,14,13,1,-7,1
02/10/2004 06:34:00,41,14,13,1,-7,1
02/10/2004 06:35:00,41,14,13,1,-7,1
02/10/2004 06:36:00,41,15,13,1,-7,1
02/10/2004 06:37:00,41,15,12,1,-7,1
02/10/2004 06:38:00,41,15,12,1,-6,1
02/10/2004 06:39:00,41,14,13,1,-6,1
02/10/2004 06:40:00,41,14,13,1,-6,1
02/10/2004 06:41:00,41,14,13,1,-6,1
02/10/2004 06:42:00,41,14,13,1,-7,1
02/10/2004 06:43:00,41,14,12,1,-6,1
02/10/2004 06:44:00,41,13,13,1,-6,1
02/10/2004 06:45:00,41,13,13,1,-6,1
02/10/2004 06:46:00,41,13,13,1,-7,1
02/10/2004 06:47:00,41,13,13,1,-7,1
02/10/2004 06:48:00,41,13,13,1,-6,1
02/10/2004 06:49:00,41,13,13,1,-6,1
02/10/2004 06:50:00,41,14,12,1,-7,1
02/10/2004 06:51:00,41,14,12,1,-7,1
02/10/2004 06:52:00,41,14,12,1,-7,1
02/10/2004 06:53:00,41,14,12,1,-7,1
02/10/2004 06:54:00,41,14,12,1,-6,1
02/10/2004 06:55:00,41,14,12,0,-6,1
02/10/2004 06:56:00,41,15,12,1,-6,1
02/10/2004 06:57:00,41,15,10,0,-6,1
02/10/2004 06:58:00,41,15,10,0,-6,1
02/10/2004 06:59:00,41,15,10,0,-6,1
02/10/2004 07:00:00,41,15,11,0,-6,1
02/10/2004 07:01:00,41,15,11,0,-5,1
02/10/2004 07:02:00,41,15,11,0,-5,1
02/10/2004 07:03:00,41,15,11,0,-6,1
02/10/2004 07:04:00,41,15,11,0,-6,1
02/10/2004 07:05:00,41,15,11,0,-6,1
02/10/2004 07:06:00,41,15,10,0,-6,1
02/10/2004 07:07:00,41,15,11,0,-6,1
02/10/2004 07:08:00,41,15,12,0,-6,1
02/10/2004 07:09:00,41,15,12,0,-6,1
02/10/2004 07:10:00,41,15,12,0,-6,1
02/10/2004 07:11:00,41,14,12,0,-6,1
02/10/2004 07:12:00,41,14,12,0,-5,1
02/10/2004 07:13:00,41,14,11,0,-6,1
02/10/2004 07:14:00,41,13,11,1,-6,1
02/10/2004 07:15:00,41,13,11,1,-6,1
02/10/2004 07:16:00,41,13,11,1,-6,1
02/10/2004 07:17:00,41,13,11,1,-5,1
02/10/2004 07:18:00,41,13,11,1,-5,1
02/10/2004 07:19:00,41,13,11,1,-6,1
02/10/2004 07:20:00,41,13,11,1,-5,1
02/10/2004 07:21:00,41,12,11,1,-5,1
02/10/2004 07:22:00,41,12,11,1,-5,1
02/10/2004 07:23:00,41,12,11,1,-6,1
02/10/2004 07:24:00,41,12,11,1,-5,1
02/10/2004 07:25:00,41,12,11,1,-6,1
02/10/2004 07:26:00,41,11,11,1,-5,1
02/10/2004 07:27:00,41,11,12,1,-5,1
02/10/2004 07:28:00,41,12,12,1,-5,1
02/10/2004 07:29:00,41,11,12,1,-6,1
02/10/2004 07:30:00,41,11,12,1,-6,1
02/10/2004 07:31:00,41,10,12,1,-6,1
02/10/2004 07:32:00,41,10,12,1,-6,1
02/10/2004 07:33:00,41,10,13,1,-6,1
02/10/2004 07:34:00,41,9,13,1,-5,1
02/10/2004 07:35:00,41,9,14,1,-6,1
02/10/2004 07:36:00,41,9,13,2,-6,1
02/10/2004 07:37:00,41,9,14,1,-6,1
02/10/2004 07:38:00,41,9,14,1,-6,1
02/10/2004 07:39:00,41,9,14,1,-6,1
02/10/2004 07:40:00,41,8,14,1,-6,1
02/10/2004 07:41:00,41,9,15,1,-6,1
02/10/2004 07:42:00,41,9,15,1,-6,1
02/10/2004 07:43:00,41,9,15,1,-6,1
02/10/2004 07:44:00,41,9,14,1,-7,1
02/10/2004 07:45:00,41,9,16,1,-7,1
02/10/2004 07:46:00,41,8,16,1,-7,1
02/10/2004 07:47:00,41,8,16,1,-7,1
02/10/2004 07:48:00,41,8,16,1,-7,1
02/10/2004 07:49:00,41,8,16,1,-6,1
02/10/2004 07:50:00,41,9,16,1,-7,1
02/10/2004 07:51:00,41,8,17,1,-7,1
02/10/2004 07:52:00,41,8,16,1,-8,1
02/10/2004 07:53:00,41,8,16,1,-7,1
02/10/2004 07:54:00,41,9,16,1,-7,1
02/10/2004 07:55:00,41,9,16,1,-7,1
02/10/2004 07:56:00,41,10,16,1,-7,1
02/10/2004 07:57:00,41,11,15,1,-7,1
02/10/2004 07:58:00,41,11,15,1,-8,1
02/10/2004 07:59:00,41,11,15,1,-8,1
02/10/2004 08:00:00,41,12,15,1,-8,1
02/10/2004 08:01:00,41,12,15,1,-8,1
02/10/2004 08:02:00,41,11,15,1,-8,1
02/10/2004 08:03:00,41,11,15,1,-8,1
02/10/2004 08:04:00,41,11,15,1,-8,1
02/10/2004 08:05:00,41,10,15,1,-8,1
02/10/2004 08:06:00,41,10,15,1,-8,1
02/10/2004 08:07:00,41,10,15,1,-8,1
02/10/2004 08:08:00,41,11,15,1,-8,1
02/10/2004 08:09:00,41,10,15,1,-8,1
02/10/2004 08:10:00,41,10,15,1,-9,1
02/10/2004 08:11:00,41,10,15,1,-8,1
02/10/2004 08:12:00,41,10,15,1,-8,1
02/10/2004 08:13:00,41,10,15,1,-8,1
02/10/2004 08:14:00,41,10,15,1,-8,1
02/10/2004 08:15:00,41,10,16,1,-8,1
02/10/2004 08:16:00,41,10,16,1,-9,1
02/10/2004 08:17:00,41,10,15,1,-9,1
02/10/2004 08:18:00,41,10,15,1,-9,1
02/10/2004 08:19:00,41,9,15,1,-9,1
02/10/2004 08:20:00,41,9,15,1,-9,1
02/10/2004 08:21:00,41,8,15,1,-9,1
02/10/2004 08:22:00,41,8,16,1,-9,1
02/10/2004 08:23:00,41,8,16,0,-9,1
02/10/2004 08:24:00,41,9,17,1,-9,1
02/10/2004 08:25:00,41,9,17,1,-8,1
02/10/2004 08:26:00,41,9,17,1,-8,1
02/10/2004 08:27:00,41,9,17,0,-9,1
02/10/2004 08:28:00,41,10,16,1,-9,1
02/10/2004 08:29:00,41,10,16,0,-9,1
02/10/2004 08:30:00,41,9,16,0,-9,1
02/10/2004 08:31:00,41,9,15,0,-9,1
02/10/2004 08:32:00,41,9,15,0,-9,1
02/10/2004 08:33:00,41,9,15,0,-9,1
02/10/2004 08:34:00,41,10,16,0,-9,1
02/10/2004 08:35:00,41,10,15,1,-9,1
02/10/2004 08:36:00,41,10,15,0,-9,1
02/10/2004 08:37:00,41,10,15,0,-9,1
02/10/2004 08:38:00,41,10,15,0,-9,1
02/10/2004 08:39:00,41,10,14,0,-9,1
02/10/2004 08:40:00,41,10,14,0,-10,1
02/10/2004 08:41:00,41,10,14,0,-9,1
02/10/2004 08:42:00,41,10,15,0,-9,1
02/10/2004 08:43:00,41,9,15,0,-9,1
02/10/2004 08:44:00,41,9,15,0,-9,1
02/10/2004 08:45:00,41,9,14,0,-9,1
02/10/2004 08:46:00,41,10,14,0,-9,1
02/10/2004 08:47:00,41,10,14,0,-9,1
02/10/2004 08:48:00,41,10,14,0,-9,1
02/10/2004 08:49:00,41,10,14,0,-9,1
02/10/2004 08:50:00,41,10,14,0,-9,1
02/10/2004 08:51:00,41,11,13,0,-10,1
02/10/2004 08:52:00,41,12,13,-1,-9,1
02/10/2004 08:53:00,41,12,12,-1,-9,1
02/10/2004 08:54:00,41,12,12,-1,-9,1
02/10/2004 08:55:00,41,12,12,-1,-9,1
02/10/2004 08:56:00,41,12,12,-1,-10,1
02/10/2004 08:57:00,41,13,12,-1,-9,1
02/10/2004 08:58:00,41,12,13,-1,-9,1
02/10/2004 08:59:00,41,12,13,-1,-9,1
02/10/2004 09:00:00,41,12,13,-1,-9,1
02/10/2004 09:01:00,41,12,13,-1,-9,1
02/10/2004 09:02:00,41,12,13,-1,-9,1
02/10/2004 09:03:00,41,13,13,-1,-9,1
02/10/2004 09:04:00,41,12,16,-1,-9,1
02/10/2004 09:05:00,41,12,16,-1,-9,1
02/10/2004 09:06:00,41,12,16,-1,-9,1
02/10/2004 09:07:00,41,12,16,-1,-9,1
02/10/2004 09:08:00,41,12,15,-2,-9,1
02/10/2004 09:09:00,41,12,16,-2,-9,1
02/10/2004 09:10:00,41,11,16,-2,-9,1
02/10/2004 09:11:00,41,11,16,-2,-9,1
02/10/2004 09:12:00,41,11,17,-2,-8,1
02/10/2004 09:13:00,41,11,16,-2,-8,1
02/10/2004 09:14:00,41,11,16,-2,-8,1
02/10/2004 09:15:00,41,11,16,-2,-8,1
02/10/2004 09:16:00,41,11,15,-2,-9,1
02/10/2004 09:17:00,41,11,14,-2,-9,1
02/10/2004 09:18:00,41,11,14,-2,-9,1
02/10/2004 09:19:00,41,10,13,-2,-9,1
02/10/2004 09:20:00,41,10,13,-2,-9,1
02/10/2004 09:21:00,41,10,12,-2,-10,1
02/10/2004 09:22:00,41,9,13,-2,-9,1
02/10/2004 09:23:00,41,9,14,-2,-10,1
02/10/2004 09:24:00,41,9,14,-3,-10,1
02/10/2004 09:25:00,41,9,13,-3,-10,1
02/10/2004 09:26:00,41,9,13,-3,-10,1
02/10/2004 09:27:00,41,9,12,-3,-11,1
02/10/2004 09:28:00,41,9,13,-3,-11,1
02/10/2004 09:29:00,41,9,13,-3,-11,1
02/10/2004 09:30:00,41,9,15,-3,-11,1
02/10/2004 09:31:00,41,9,13,-3,-11,1
02/10/2004 09:32:00,41,9,13,-3,-11,1
02/10/2004 09:33:00,41,9,13,-3,-12,1
02/10/2004 09:34:00,41,10,13,-3,-12,1
02/10/2004 09:35:00,41,9,13,-3,-12,1
02/10/2004 09:36:00,41,10,13,-3,-12,1
02/10/2004 09:37:00,41,10,13,-3,-12,1
02/10/2004 09:38:00,41,10,13,-3,-12,1
02/10/2004 09:39:00,41,11,12,-3,-12,1
02/10/2004 09:40:00,41,12,13,-3,-12,1
02/10/2004 09:41:00,41,12,15,-3,-12,1
02/10/2004 09:42:00,41,12,14,-3,-12,1
02/10/2004 09:43:00,41,12,14,-3,-11,1
02/10/2004 09:44:00,41,12,13,-4,-12,1
02/10/2004 09:45:00,41,11,13,-4,-11,1
02/10/2004 09:46:00,41,11,13,-4,-11,1
02/10/2004 09:47:00,41,12,14,-4,-11,1
02/10/2004 09:48:00,41,13,12,-4,-11,1
02/10/2004 09:49:00,41,13,10,-4,-11,1
02/10/2004 09:50:00,41,12,11,-4,-11,1
02/10/2004 09:51:00,41,12,12,-4,-11,1
02/10/2004 09:52:00,41,12,13,-4,-10,1
02/10/2004 09:53:00,41,12,13,-4,-10,1
02/10/2004 09:54:00,41,11,14,-4,-10,1
02/10/2004 09:55:00,41,11,15,-4,-10,1
02/10/2004 09:56:00,41,11,15,-4,-10,1
02/10/2004 09:57:00,41,11,16,-4,-10,1
02/10/2004 09:58:00,41,11,16,-4,-9,1
02/10/2004 09:59:00,41,11,16,-4,-9,1
02/10/2004 10:00:00,41,11,17,-4,-9,1
02/10/2004 10:01:00,41,14,17,-4,-9,1
02/10/2004 10:02:00,41,16,17,-4,-9,1
02/10/2004 10:03:00,41,16,16,-4,-9,1
02/10/2004 10:04:00,41,18,19,-4,-9,1
02/10/2004 10:05:00,41,21,19,-5,-8,1
02/10/2004 10:06:00,41,21,20,-5,-8,1
02/10/2004 10:07:00,41,22,19,-5,-8,1
02/10/2004 10:08:00,41,23,20,-5,-7,1
02/10/2004 10:09:00,41,23,22,-5,-7,1
02/10/2004 10:10:00,41,25,22,-5,-7,1
02/10/2004 10:11:00,41,26,23,-5,-7,1
02/10/2004 10:12:00,41,27,22,-5,-7,1
02/10/2004 10:13:00,41,27,23,-5,-7,1
02/10/2004 10:14:00,41,28,22,-5,-7,1
02/10/2004 10:15:00,41,28,22,-5,-6,1
02/10/2004 10:16:00,41,28,21,-5,-6,1
02/10/2004 10:17:00,41,28,22,-5,-6,1
02/10/2004 10:18:00,41,26,21,-6,-6,1
02/10/2004 10:19:00,41,26,21,-6,-6,1
02/10/2004 10:20:00,41,26,21,-5,-6,1
02/10/2004 10:21:00,41,26,21,-5,-6,1
02/10/2004 10:22:00,41,26,21,-5,-6,1
02/10/2004 10:23:00,41,26,20,-5,-6,1
02/10/2004 10:24:00,41,26,20,-5,-6,1
02/10/2004 10:25:00,41,27,19,-5,-5,1
02/10/2004 10:26:00,41,26,19,-5,-5,1
02/10/2004 10:27:00,41,27,18,-5,-5,1
02/10/2004 10:28:00,41,27,18,-5,-5,1
02/10/2004 10:29:00,41,28,18,-5,-5,1
02/10/2004 10:30:00,41,27,17,-5,-5,1
02/10/2004 10:31:00,41,27,16,-5,-5,1
02/10/2004 10:32:00,41,26,16,-5,-5,1
02/10/2004 10:33:00,41,25,15,-5,-5,1
02/10/2004 10:34:00,41,24,14,-5,-5,1
02/10/2004 10:35:00,41,22,14,-5,-5,1
02/10/2004 10:36:00,41,21,13,-5,-4,1
02/10/2004 10:37:00,41,20,13,-5,-4,1
02/10/2004 10:38:00,41,19,13,-5,-4,1
02/10/2004 10:39:00,41,17,11,-5,-4,1
02/10/2004 10:40:00,41,16,11,-5,-4,1
02/10/2004 10:41:00,41,15,11,-5,-4,1
02/10/2004 10:42:00,41,14,10,-5,-3,1
02/10/2004 10:43:00,41,13,11,-5,-3,1
02/10/2004 10:44:00,41,13,11,-5,-4,1
02/10/2004 10:45:00,41,12,10,-5,-4,1
02/10/2004 10:46:00,41,12,10,-4,-4,1
02/10/2004 10:47:00,41,12,9,-4,-3,1
02/10/2004 10:48:00,41,11,9,-4,-4,1
02/10/2004 10:49:00,41,11,9,-4,-4,1
02/10/2004 10:50:00,41,11,9,-4,-4,1
02/10/2004 10:51:00,41,11,9,-4,-4,1
02/10/2004 10:52:00,41,11,9,-4,-4,1
02/10/2004 10:53:00,41,12,9,-4,-4,1
02/10/2004 10:54:00,41,11,9,-4,-3,1
02/10/2004 10:55:00,41,13,9,-4,-4,1
02/10/2004 10:56:00,41,13,8,-4,-4,1
02/10/2004 10:57:00,41,13,8,-4,-4,1
02/10/2004 10:58:00,41,13,8,-4,-4,1
02/10/2004 10:59:00,41,13,8,-4,-4,1
02/10/2004 11:00:00,41,13,8,-4,-4,1
02/10/2004 11:01:00,41,13,8,-4,-4,1
02/10/2004 11:02:00,41,14,8,-3,-5,1
02/10/2004 11:03:00,41,14,8,-3,-5,1
02/10/2004 11:04:00,41,13,8,-3,-5,1
02/10/2004 11:05:00,41,13,7,-3,-5,1
02/10/2004 11:06:00,41,13,7,-3,-5,1
02/10/2004 11:07:00,41,13,8,-3,-5,1
02/10/2004 11:08:00,41,13,8,-3,-5,1
02/10/2004 11:09:00,41,13,7,-3,-5,1
02/10/2004 11:10:00,41,13,7,-3,-5,1
02/10/2004 11:11:00,41,13,8,-3,-5,1
02/10/2004 11:12:00,41,13,8,-3,-5,1
02/10/2004 11:13:00,41,13,8,-3,-5,1
02/10/2004 11:14:00,41,13,9,-3,-5,1
02/10/2004 11:15:00,41,12,10,-3,-5,1
02/10/2004 11:16:00,41,12,11,-3,-5,1
02/10/2004 11:17:00,41,12,10,-3,-5,1
02/10/2004 11:18:00,41,12,10,-3,-5,1
02/10/2004 11:19:00,41,12,9,-3,-6,1
02/10/2004 11:20:00,41,14,9,-3,-6,1
02/10/2004 11:21:00,41,14,9,-3,-5,1
02/10/2004 11:22:00,41,13,9,-3,-5,1
02/10/2004 11:23:00,41,12,9,-3,-6,1
02/10/2004 11:24:00,41,12,10,-3,-5,1
02/10/2004 11:25:00,41,11,10,-3,-5,1
02/10/2004 11:26:00,41,11,12,-3,-5,1
02/10/2004 11:27:00,41,11,12,-3,-5,1
02/10/2004 11:28:00,41,11,12,-3,-5,1
02/10/2004 11:29:00,41,11,10,-3,-5,1
02/10/2004 11:30:00,41,11,10,-3,-5,1
02/10/2004 11:31:00,41,12,10,-3,-5,1
02/10/2004 11:32:00,41,12,9,-3,-5,1
02/10/2004 11:33:00,41,11,10,-3,-5,1
02/10/2004 11:34:00,41,12,10,-3,-5,1
02/10/2004 11:35:00,41,11,10,-3,-5,1
02/10/2004 11:36:00,41,11,12,-3,-5,1
02/10/2004 11:37:00,41,11,11,-3,-5,1
02/10/2004 11:38:00,41,12,9,-3,-5,1
02/10/2004 11:39:00,41,14,9,-2,-5,1
02/10/2004 11:40:00,41,13,10,-2,-5,1
02/10/2004 11:41:00,41,13,10,-2,-5,1
02/10/2004 11:42:00,41,13,10,-2,-5,1
02/10/2004 11:43:00,41,14,10,-3,-6,1
02/10/2004 11:44:00,41,12,9,-2,-6,1
02/10/2004 11:45:00,41,12,9,-2,-6,1
02/10/2004 11:46:00,41,12,9,-2,-6,1
02/10/2004 11:47:00,41,13,10,-2,-6,1
02/10/2004 11:48:00,41,13,11,-2,-6,1
02/10/2004 11:49:00,41,12,11,-2,-6,1
02/10/2004 11:50:00,41,13,11,-2,-6,1
02/10/2004 11:51:00,41,13,11,-2,-6,1
02/10/2004 11:52:00,41,13,12,-2,-6,1
02/10/2004 11:53:00,41,13,12,-2,-6,1
02/10/2004 11:54:00,41,13,11,-2,-6,1
02/10/2004 11:55:00,41,13,12,-2,-6,1
02/10/2004 11:56:00,41,13,12,-2,-6,1
02/10/2004 11:57:00,41,13,12,-2,-6,1
02/10/2004 11:58:00,41,13,13,-2,-6,1
02/10/2004 11:59:00,41,13,13,-2,-6,1
02/10/2004 12:00:00,41,13,13,-2,-6,1
02/10/2004 12:01:00,41,13,13,-2,-6,1
02/10/2004 12:02:00,41,13,13,-2,-6,1
02/10/2004 12:03:00,41,13,14,-2,-6,1
02/10/2004 12:04:00,41,13,12,-2,-6,1
02/10/2004 12:05:00,41,13,12,-2,-6,1
02/10/2004 12:06:00,41,13,12,-2,-6,1
02/10/2004 12:07:00,41,13,12,-2,-6,1
02/10/2004 12:08:00,41,13,12,-2,-6,1
02/10/2004 12:09:00,41,12,12,-2,-6,1
02/10/2004 12:10:00,41,13,12,-2,-6,1
02/10/2004 12:11:00,41,13,12,-2,-6,1
02/10/2004 12:12:00,41,13,12,-2,-6,1
02/10/2004 12:13:00,41,13,13,-2,-7,1
02/10/2004 12:14:00,41,13,13,-2,-7,1
02/10/2004 12:15:00,41,12,13,-2,-7,1
02/10/2004 12:16:00,41,12,13,-2,-7,1
02/10/2004 12:17:00,41,11,13,-2,-7,1
02/10/2004 12:18:00,41,11,13,-2,-6,1
02/10/2004 12:19:00,41,11,12,-2,-6,1
02/10/2004 12:20:00,41,11,13,-2,-7,1
02/10/2004 12:21:00,41,12,12,-2,-7,1
02/10/2004 12:22:00,41,12,13,-2,-7,1
02/10/2004 12:23:00,41,13,13,-2,-7,1
02/10/2004 12:24:00,41,13,13,-2,-7,1
02/10/2004 12:25:00,41,12,13,-1,-7,1
02/10/2004 12:26:00,41,12,13,-2,-7,1
02/10/2004 12:27:00,41,12,12,-2,-7,1
02/10/2004 12:28:00,41,12,12,-2,-7,1
02/10/2004 12:29:00,41,12,12,-1,-7,1
02/10/2004 12:30:00,41,12,14,-2,-6,1
02/10/2004 12:31:00,41,13,12,-1,-7,1
02/10/2004 12:32:00,41,12,12,-1,-6,1
02/10/2004 12:33:00,41,12,12,-1,-7,1
02/10/2004 12:34:00,41,12,12,-1,-7,1
02/10/2004 12:35:00,41,12,12,-1,-7,1
02/10/2004 12:36:00,41,12,12,-1,-7,1
02/10/2004 12:37:00,41,12,12,-1,-7,1
02/10/2004 12:38:00,41,13,12,-1,-7,1
02/10/2004 12:39:00,41,13,13,-1,-7,1
02/10/2004 12:40:00,41,13,13,-1,-8,1
02/10/2004 12:41:00,41,12,13,-1,-8,1
02/10/2004 12:42:00,41,13,13,-1,-7,1
02/10/2004 12:43:00,41,13,13,-1,-7,1
02/10/2004 12:44:00,41,13,14,-1,-8,1
02/10/2004 12:45:00,41,13,14,-1,-8,1
02/10/2004 12:46:00,41,13,14,-1,-8,1
02/10/2004 12:47:00,41,14,14,-1,-8,1
02/10/2004 12:48:00,41,14,15,-1,-8,1
02/10/2004 12:49:00,41,14,14,-1,-8,1
02/10/2004 12:50:00,41,14,14,-1,-7,1
02/10/2004 12:51:00,41,14,14,-1,-7,1
02/10/2004 12:52:00,41,14,14,-1,-7,1
02/10/2004 12:53:00,41,14,16,0,-7,1
02/10/2004 12:54:00,41,15,15,0,-7,1
02/10/2004 12:55:00,41,15,16,-1,-8,1
02/10/2004 12:56:00,41,15,16,0,-8,1
02/10/2004 12:57:00,41,15,17,0,-7,1
02/10/2004 12:58:00,41,15,16,0,-8,1
02/10/2004 12:59:00,41,15,18,0,-8,1
02/10/2004 13:00:00,41,15,18,0,-8,1
02/10/2004 13:01:00,41,14,18,0,-8,1
02/10/2004 13:02:00,41,14,18,0,-8,1
02/10/2004 13:03:00,41,15,19,0,-8,1
02/10/2004 13:04:00,41,14,19,0,-8,1
02/10/2004 13:05:00,41,14,20,0,-8,1
02/10/2004 13:06:00,41,14,19,0,-8,1
02/10/2004 13:07:00,41,14,21,0,-7,1
02/10/2004 13:08:00,41,14,20,0,-8,1
02/10/2004 13:09:00,41,14,20,0,-8,1
02/10/2004 13:10:00,41,14,20,0,-8,1
02/10/2004 13:11:00,41,14,20,0,-8,1
02/10/2004 13:12:00,41,14,21,0,-9,1
02/10/2004 13:13:00,41,14,21,0,-9,1
02/10/2004 13:14:00,41,14,21,0,-9,1
02/10/2004 13:15:00,41,13,20,0,-9,1
02/10/2004 13:16:00,41,13,20,0,-8,1
02/10/2004 13:17:00,41,13,20,0,-8,1
02/10/2004 13:18:00,41,12,20,0,-8,1
02/10/2004 13:19:00,41,12,19,0,-9,1
02/10/2004 13:20:00,41,11,18,0,-9,1
02/10/2004 13:21:00,41,11,18,0,-9,1
02/10/2004 13:22:00,41,11,17,0,-8,1
02/10/2004 13:23:00,41,11,17,0,-8,1
02/10/2004 13:24:00,41,11,18,0,-8,1
02/10/2004 13:25:00,41,11,18,0,-8,1
02/10/2004 13:26:00,41,11,18,0,-8,1
02/10/2004 13:27:00,41,11,18,0,-8,1
02/10/2004 13:28:00,41,11,18,0,-8,1
02/10/2004 13:29:00,41,10,17,0,-8,1
02/10/2004 13:30:00,41,10,16,0,-8,1
02/10/2004 13:31:00,41,10,16,0,-8,1
02/10/2004 13:32:00,41,9,15,0,-8,1
02/10/2004 13:33:00,41,10,15,0,-8,1
02/10/2004 13:34:00,41,10,15,0,-8,1
02/10/2004 13:35:00,41,9,15,0,-8,1
02/10/2004 13:36:00,41,9,15,0,-8,1
02/10/2004 13:37:00,41,10,15,0,-8,1
02/10/2004 13:38:00,41,9,14,0,-8,1
02/10/2004 13:39:00,41,9,14,0,-8,1
02/10/2004 13:40:00,41,9,14,0,-8,1
02/10/2004 13:41:00,41,9,14,0,-8,1
02/10/2004 13:42:00,41,9,14,0,-8,1
02/10/2004 13:43:00,41,9,15,0,-8,1
02/10/2004 13:44:00,41,9,17,0,-8,1
02/10/2004 13:45:00,41,10,19,0,-9,1
02/10/2004 13:46:00,41,10,17,0,-9,1
02/10/2004 13:47:00,41,10,17,0,-9,1
02/10/2004 13:48:00,41,10,16,-1,-9,1
02/10/2004 13:49:00,41,10,15,-1,-9,1
02/10/2004 13:50:00,41,10,14,-1,-8,1
02/10/2004 13:51:00,41,9,11,-1,-8,1
02/10/2004 13:52:00,41,9,10,-2,-8,1
02/10/2004 13:53:00,41,9,11,-2,-8,1
02/10/2004 13:54:00,41,9,10,-2,-8,1
02/10/2004 13:55:00,41,10,12,-2,-8,1
02/10/2004 13:56:00,41,10,15,-2,-8,1
02/10/2004 13:57:00,41,10,14,-2,-7,1
02/10/2004 13:58:00,41,11,13,-2,-7,1
02/10/2004 13:59:00,41,11,13,-3,-7,1
02/10/2004 14:00:00,41,11,13,-3,-6,1
02/10/2004 14:01:00,41,12,13,-3,-7,1
02/10/2004 14:02:00,41,12,14,-3,-7,1
02/10/2004 14:03:00,41,12,14,-3,-7,1
02/10/2004 14:04:00,41,13,14,-3,-7,1
02/10/2004 14:05:00,41,13,14,-3,-7,1
02/10/2004 14:06:00,41,13,14,-3,-8,1
02/10/2004 14:07:00,41,12,13,-3,-8,1
02/10/2004 14:08:00,41,12,13,-3,-8,1
02/10/2004 14:09:00,41,12,12,-3,-8,1
02/10/2004 14:10:00,41,12,12,-3,-7,1
02/10/2004 14:11:00,41,12,12,-3,-7,1
02/10/2004 14:12:00,41,12,12,-3,-7,1
02/10/2004 14:13:00,41,12,12,-3,-7,1
02/10/2004 14:14:00,41,12,11,-3,-7,1
02/10/2004 14:15:00,41,12,11,-3,-7,1
02/10/2004 14:16:00,41,12,11,-3,-7,1
02/10/2004 14:17:00,41,11,10,-3,-7,1
02/10/2004 14:18:00,41,11,12,-3,-7,1
02/10/2004 14:19:00,41,11,12,-3,-7,1
02/10/2004 14:20:00,41,12,12,-3,-8,1
02/10/2004 14:21:00,41,12,12,-2,-8,1
02/10/2004 14:22:00,41,12,11,-2,-8,1
02/10/2004 14:23:00,41,13,11,-2,-8,1
02/10/2004 14:24:00,41,13,13,-2,-9,1
02/10/2004 14:25:00,41,13,12,-2,-9,1
02/10/2004 14:26:00,41,13,12,-2,-9,1
02/10/2004 14:27:00,41,14,12,-2,-8,1
02/10/2004 14:28:00,41,14,12,-3,-8,1
02/10/2004 14:29:00,41,15,12,-3,-8,1
02/10/2004 14:30:00,41,15,12,-3,-7,1
02/10/2004 14:31:00,41,15,11,-3,-8,1
02/10/2004 14:32:00,41,15,11,-2,-8,1
02/10/2004 14:33:00,41,16,11,-2,-8,1
02/10/2004 14:34:00,41,15,11,-2,-8,1
02/10/2004 14:35:00,41,15,11,-2,-8,1
02/10/2004 14:36:00,41,15,11,-2,-8,1
02/10/2004 14:37:00,41,16,11,-2,-8,1
02/10/2004 14:38:00,41,16,11,-3,-7,1
02/10/2004 14:39:00,41,16,11,-2,-7,1
02/10/2004 14:40:00,41,16,12,-2,-8,1
02/10/2004 14:41:00,41,17,11,-2,-7,1
02/10/2004 14:42:00,41,16,10,-2,-7,1
02/10/2004 14:43:00,41,16,11,-2,-7,1
02/10/2004 14:44:00,41,16,10,-2,-7,1
02/10/2004 14:45:00,41,16,12,-2,-7,1
02/10/2004 14:46:00,41,15,12,-2,-7,1
02/10/2004 14:47:00,41,15,11,-2,-7,1
02/10/2004 14:48:00,41,15,14,-2,-7,1
02/10/2004 14:49:00,41,16,15,-2,-7,1
02/10/2004 14:50:00,41,17,13,-2,-7,1
02/10/2004 14:51:00,41,17,15,-2,-7,1
02/10/2004 14:52:00,41,17,15,-2,-7,1
02/10/2004 14:53:00,41,17,15,-1,-6,1
02/10/2004 14:54:00,41,17,15,-1,-7,1
02/10/2004 14:55:00,41,17,14,-1,-6,1
02/10/2004 14:56:00,41,17,15,-1,-6,1
02/10/2004 14:57:00,41,17,15,-1,-6,1
02/10/2004 14:58:00,41,17,15,-1,-6,1
02/10/2004 14:59:00,41,18,15,-1,-6,1
02/10/2004 15:00:00,41,18,15,-1,-6,1
02/10/2004 15:01:00,41,18,15,-1,-6,1
02/10/2004 15:02:00,41,17,15,-1,-6,1
02/10/2004 15:03:00,41,17,15,-1,-6,1
02/10/2004 15:04:00,41,17,14,-1,-6,1
02/10/2004 15:05:00,41,17,13,-1,-5,1
02/10/2004 15:06:00,41,17,13,-1,-4,1
02/10/2004 15:07:00,41,17,12,-1,-4,1
02/10/2004 15:08:00,41,16,11,0,-5,1
02/10/2004 15:09:00,41,15,10,-1,-4,1
02/10/2004 15:10:00,41,15,14,-1,-4,1
02/10/2004 15:11:00,41,14,12,-1,-4,1
02/10/2004 15:12:00,41,13,12,0,-4,1
02/10/2004 15:13:00,41,13,13,0,-4,1
02/10/2004 15:14:00,41,13,13,0,-4,1
02/10/2004 15:15:00,41,13,15,0,-4,1
02/10/2004 15:16:00,41,13,14,0,-4,1
02/10/2004 15:17:00,41,12,15,0,-4,1
02/10/2004 15:18:00,41,12,14,0,-4,1
02/10/2004 15:19:00,41,12,14,0,-3,1
02/10/2004 15:20:00,41,11,14,0,-3,1
02/10/2004 15:21:00,41,11,13,0,-3,1
02/10/2004 15:22:00,41,11,13,0,-3,1
02/10/2004 15:23:00,41,11,13,0,-3,1
02/10/2004 15:24:00,41,10,11,0,-3,1
02/10/2004 15:25:00,41,10,12,0,-2,1
02/10/2004 15:26:00,41,10,12,0,-3,1
02/10/2004 15:27:00,41,11,11,0,-3,1
02/10/2004 15:28:00,41,11,11,0,-3,1
02/10/2004 15:29:00,41,10,12,0,-3,1
02/10/2004 15:30:00,41,10,11,0,-3,1
02/10/2004 15:31:00,41,10,12,0,-2,1
02/10/2004 15:32:00,41,10,12,0,-2,1
02/10/2004 15:33:00,41,10,12,1,-2,1
02/10/2004 15:34:00,41,11,11,0,-3,1
02/10/2004 15:35:00,41,11,11,0,-3,1
02/10/2004 15:36:00,41,10,11,0,-3,1
02/10/2004 15:37:00,41,10,11,0,-2,1
02/10/2004 15:38:00,41,10,10,0,-3,1
02/10/2004 15:39:00,41,11,9,0,-3,1
02/10/2004 15:40:00,41,11,9,0,-3,1
02/10/2004 15:41:00,41,11,9,0,-3,1
02/10/2004 15:42:00,41,11,10,0,-2,1
02/10/2004 15:43:00,41,11,11,0,-3,1
02/10/2004 15:44:00,41,11,10,0,-3,1
02/10/2004 15:45:00,41,10,11,0,-3,1
02/10/2004 15:46:00,41,10,12,-1,-3,1
02/10/2004 15:47:00,41,10,11,-1,-4,1
02/10/2004 15:48:00,41,10,11,-1,-4,1
02/10/2004 15:49:00,41,9,12,-1,-3,1
02/10/2004 15:50:00,41,10,11,-1,-4,1
02/10/2004 15:51:00,41,10,10,-1,-4,1
02/10/2004 15:52:00,41,10,10,-1,-3,1
02/10/2004 15:53:00,41,10,10,-1,-3,1
02/10/2004 15:54:00,41,9,10,-1,-3,1
02/10/2004 15:55:00,41,9,10,-1,-3,1
02/10/2004 15:56:00,41,9,10,-1,-3,1
02/10/2004 15:57:00,41,9,11,-1,-3,1
02/10/2004 15:58:00,41,9,11,-1,-4,1
02/10/2004 15:59:00,41,9,11,-1,-3,1
02/10/2004 16:00:00,41,9,11,-1,-3,1
02/10/2004 16:01:00,41,9,11,-1,-3,1
02/10/2004 16:02:00,41,9,11,-1,-4,1
02/10/2004 16:03:00,41,10,11,-1,-4,1
02/10/2004 16:04:00,41,10,11,-1,-4,1
02/10/2004 16:05:00,41,10,12,-1,-4,1
02/10/2004 16:06:00,41,10,12,-1,-4,1
02/10/2004 16:07:00,41,10,12,-1,-4,1
02/10/2004 16:08:00,41,10,12,-1,-4,1
02/10/2004 16:09:00,41,10,12,-1,-4,1
02/10/2004 16:10:00,41,10,12,-1,-4,1
02/10/2004 16:11:00,41,10,11,-1,-4,1
02/10/2004 16:12:00,41,10,11,-1,-5,1
02/10/2004 16:13:00,41,10,11,-1,-4,1
02/10/2004 16:14:00,41,10,11,-1,-4,1
02/10/2004 16:15:00,41,11,12,-1,-4,1
02/10/2004 16:16:00,41,11,11,-2,-4,1
02/10/2004 16:17:00,41,12,11,-1,-3,1
02/10/2004 16:18:00,41,13,10,-1,-3,1
02/10/2004 16:19:00,41,13,10,-1,-3,1
02/10/2004 16:20:00,41,13,10,-1,-3,1
02/10/2004 16:21:00,41,12,10,-1,-3,1
02/10/2004 16:22:00,41,11,10,-1,-3,1
02/10/2004 16:23:00,41,11,9,0,-2,1
02/10/2004 16:24:00,41,11,9,0,-2,1
02/10/2004 16:25:00,41,11,10,0,-2,1
02/10/2004 16:26:00,41,10,10,0,-2,1
02/10/2004 16:27:00,41,10,10,0,-2,1
02/10/2004 16:28:00,41,10,11,0,-2,1
02/10/2004 16:29:00,41,11,9,0,-1,1
02/10/2004 16:30:00,41,11,10,0,-2,1
02/10/2004 16:31:00,41,10,11,0,-2,1
02/10/2004 16:32:00,41,9,11,0,-2,1
02/10/2004 16:33:00,41,9,11,0,-2,1
02/10/2004 16:34:00,41,10,10,0,-2,1
02/10/2004 16:35:00,41,10,11,0,-2,1
02/10/2004 16:36:00,41,9,11,0,-2,1
02/10/2004 16:37:00,41,9,11,0,-2,1
02/10/2004 16:38:00,41,9,11,0,-2,1
02/10/2004 16:39:00,41,10,11,0,-3,1
02/10/2004 16:40:00,41,9,11,0,-3,1
02/10/2004 16:41:00,41,9,11,0,-3,1
02/10/2004 16:42:00,41,9,11,0,-3,1
02/10/2004 16:43:00,41,8,11,0,-3,1
02/10/2004 16:44:00,41,8,12,0,-3,1
02/10/2004 16:45:00,41,9,12,0,-3,1
02/10/2004 16:46:00,41,9,12,0,-3,1
02/10/2004 16:47:00,41,9,12,0,-3,1
02/10/2004 16:48:00,41,9,12,0,-3,1
02/10/2004 16:49:00,41,9,13,0,-3,1
02/10/2004 16:50:00,41,9,13,0,-3,1
02/10/2004 16:51:00,41,9,13,0,-3,1
02/10/2004 16:52:00,41,9,13,-1,-3,1
02/10/2004 16:53:00,41,9,14,-1,-4,1
02/10/2004 16:54:00,41,9,14,-1,-4,1
02/10/2004 16:55:00,41,9,14,-1,-4,1
02/10/2004 16:56:00,41,9,13,-1,-4,1
02/10/2004 16:57:00,41,9,14,-1,-4,1
02/10/2004 16:58:00,41,9,14,-1,-4,1
02/10/2004 16:59:00,41,9,14,-1,-5,1
02/10/2004 17:00:00,41,9,13,-1,-5,1
02/10/2004 17:01:00,41,8,13,-1,-5,1
02/10/2004 17:02:00,41,8,13,-1,-5,1
02/10/2004 17:03:00,41,8,14,-1,-5,1
02/10/2004 17:04:00,41,8,14,-1,-5,1
02/10/2004 17:05:00,41,8,14,-2,-5,1
02/10/2004 17:06:00,41,9,16,-2,-5,1
02/10/2004 17:07:00,41,9,16,-2,-5,1
02/10/2004 17:08:00,41,9,16,-3,-5,1
02/10/2004 17:09:00,41,10,15,-3,-5,1
02/10/2004 17:10:00,41,11,16,-3,-5,1
02/10/2004 17:11:00,41,11,16,-4,-5,1
02/10/2004 17:12:00,41,11,17,-4,-5,1
02/10/2004 17:13:00,41,12,17,-4,-5,1
02/10/2004 17:14:00,41,12,17,-4,-5,1
02/10/2004 17:15:00,41,13,17,-4,-5,1
02/10/2004 17:16:00,41,14,17,-5,-5,1
02/10/2004 17:17:00,41,14,19,-5,-5,1
02/10/2004 17:18:00,41,14,20,-5,-5,1
02/10/2004 17:19:00,41,15,20,-5,-5,1
02/10/2004 17:20:00,41,15,20,-5,-5,1
02/10/2004 17:21:00,41,16,20,-5,-5,1
02/10/2004 17:22:00,41,15,23,-5,-5,1
02/10/2004 17:23:00,41,15,23,-5,-5,1
02/10/2004 17:24:00,41,16,24,-5,-5,1
02/10/2004 17:25:00,41,16,23,-5,-4,1
02/10/2004 17:26:00,41,16,22,-5,-4,1
02/10/2004 17:27:00,41,16,23,-5,-4,1
02/10/2004 17:28:00,41,15,23,-5,-4,1
02/10/2004 17:29:00,41,15,23,-5,-3,1
02/10/2004 17:30:00,41,14,23,-4,-4,1
02/10/2004 17:31:00,41,14,23,-4,-3,1
02/10/2004 17:32:00,41,13,24,-4,-4,1
02/10/2004 17:33:00,41,13,23,-4,-3,1
02/10/2004 17:34:00,41,13,23,-4,-3,1
02/10/2004 17:35:00,41,12,23,-4,-3,1
02/10/2004 17:36:00,41,11,23,-4,-3,1
02/10/2004 17:37:00,41,10,23,-4,-3,1
02/10/2004 17:38:00,41,10,21,-4,-3,1
02/10/2004 17:39:00,41,10,22,-4,-3,1
02/10/2004 17:40:00,41,10,22,-4,-3,1
02/10/2004 17:41:00,41,9,21,-4,-4,1
02/10/2004 17:42:00,41,9,20,-4,-3,1
02/10/2004 17:43:00,41,8,19,-4,-4,1
02/10/2004 17:44:00,41,8,20,-4,-3,1
02/10/2004 17:45:00,41,8,18,-3,-3,1
02/10/2004 17:46:00,41,8,18,-4,-3,1
02/10/2004 17:47:00,41,8,18,-3,-3,1
02/10/2004 17:48:00,41,8,19,-3,-3,1
02/10/2004 17:49:00,41,7,17,-3,-3,1
02/10/2004 17:50:00,41,8,17,-3,-3,1
02/10/2004 17:51:00,41,8,18,-3,-3,1
02/10/2004 17:52:00,41,8,18,-3,-3,1
02/10/2004 17:53:00,41,7,18,-3,-3,1
02/10/2004 17:54:00,41,8,18,-3,-3,1
02/10/2004 17:55:00,41,7,18,-2,-3,1
02/10/2004 17:56:00,41,6,16,-2,-3,1
02/10/2004 17:57:00,41,6,15,-2,-3,1
02/10/2004 17:58:00,41,6,15,-2,-3,1
02/10/2004 17:59:00,41,7,15,-2,-3,1
02/10/2004 18:00:00,41,6,14,-2,-3,1
02/10/2004 18:01:00,41,7,15,-2,-3,1
02/10/2004 18:02:00,41,6,15,-2,-3,1
02/10/2004 18:03:00,41,7,16,-2,-3,1
02/10/2004 18:04:00,41,7,17,-2,-3,1
02/10/2004 18:05:00,41,7,15,-2,-3,1
02/10/2004 18:06:00,41,7,15,-1,-3,1
02/10/2004 18:07:00,41,6,16,-1,-2,1
02/10/2004 18:08:00,41,6,16,-1,-2,1
02/10/2004 18:09:00,41,6,15,-1,-3,1
02/10/2004 18:10:00,41,6,15,-1,-3,1
02/10/2004 18:11:00,41,6,13,-1,-3,1
02/10/2004 18:12:00,41,6,13,-1,-3,1
02/10/2004 18:13:00,41,7,15,-1,-2,1
02/10/2004 18:14:00,41,7,14,-1,-2,1
02/10/2004 18:15:00,41,7,12,-1,-2,1
02/10/2004 18:16:00,41,7,12,-1,-2,1
02/10/2004 18:17:00,41,6,11,-1,-2,1
02/10/2004 18:18:00,41,6,11,-1,-3,1
02/10/2004 18:19:00,41,6,11,-1,-3,1
02/10/2004 18:20:00,41,6,12,-1,-2,1
02/10/2004 18:21:00,41,6,12,-1,-2,1
02/10/2004 18:22:00,41,6,12,-1,-2,1
02/10/2004 18:23:00,41,6,12,-1,-2,1
02/10/2004 18:24:00,41,6,11,-1,-2,1
02/10/2004 18:25:00,41,6,11,-1,-2,1
02/10/2004 18:26:00,41,6,11,-1,-2,1
02/10/2004 18:27:00,41,6,10,-1,-3,1
02/10/2004 18:28:00,41,6,10,-1,-3,1
02/10/2004 18:29:00,41,7,10,-1,-3,1
02/10/2004 18:30:00,41,7,11,-1,-2,1
02/10/2004 18:31:00,41,8,12,-1,-2,1
02/10/2004 18:32:00,41,8,13,-1,-2,1
02/10/2004 18:33:00,41,7,11,-1,-2,1
02/10/2004 18:34:00,41,7,12,-1,-1,1
02/10/2004 18:35:00,41,7,12,-1,-2,1
02/10/2004 18:36:00,41,7,11,-1,-2,1
02/10/2004 18:37:00,41,7,11,-1,-1,1
02/10/2004 18:38:00,41,7,12,-1,-1,1
02/10/2004 18:39:00,41,7,11,-1,-1,1
02/10/2004 18:40:00,41,7,12,-1,0,1
02/10/2004 18:41:00,41,8,11,-1,0,1
02/10/2004 18:42:00,41,7,12,-1,1,1
02/10/2004 18:43:00,41,7,12,-1,1,1
02/10/2004 18:44:00,41,7,12,-1,1,1
02/10/2004 18:45:00,41,7,13,-1,1,1
02/10/2004 18:46:00,41,7,13,-1,1,1
02/10/2004 18:47:00,41,7,13,-1,1,1
02/10/2004 18:48:00,41,9,13,-1,1,1
02/10/2004 18:49:00,41,9,13,-1,1,1
02/10/2004 18:50:00,41,8,12,-1,1,1
02/10/2004 18:51:00,41,7,12,-1,1,1
02/10/2004 18:52:00,41,9,13,-1,1,1
02/10/2004 18:53:00,41,9,13,-1,1,1
02/10/2004 18:54:00,41,9,14,-1,1,1
02/10/2004 18:55:00,41,9,14,-1,1,1
02/10/2004 18:56:00,41,9,15,-1,2,1
02/10/2004 18:57:00,41,9,15,-1,2,1
02/10/2004 18:58:00,41,9,14,-1,1,1
02/10/2004 18:59:00,41,8,15,-1,1,1
02/10/2004 19:00:00,41,8,15,-1,0,1
02/10/2004 19:01:00,41,8,15,-1,1,1
02/10/2004 19:02:00,41,9,15,-1,1,1
02/10/2004 19:03:00,41,9,15,-1,1,1
02/10/2004 19:04:00,41,9,15,-1,1,1
02/10/2004 19:05:00,41,9,15,-1,1,1
02/10/2004 19:06:00,41,10,16,-1,1,1
02/10/2004 19:07:00,41,10,15,-1,1,1
02/10/2004 19:08:00,41,10,15,-1,1,1
02/10/2004 19:09:00,41,12,16,-1,1,1
02/10/2004 19:10:00,41,10,17,-1,1,1
02/10/2004 19:11:00,41,10,17,-1,1,1
02/10/2004 19:12:00,41,10,16,-1,1,1
02/10/2004 19:13:00,41,9,16,-1,1,1
02/10/2004 19:14:00,41,11,17,-1,1,1
02/10/2004 19:15:00,41,11,17,-1,1,1
02/10/2004 19:16:00,41,11,17,-1,1,1
02/10/2004 19:17:00,41,11,17,-1,1,1
02/10/2004 19:18:00,41,11,17,-1,1,1
02/10/2004 19:19:00,41,11,17,-1,1,1
02/10/2004 19:20:00,41,12,17,-1,1,1
02/10/2004 19:21:00,41,12,18,-1,1,1
02/10/2004 19:22:00,41,12,17,-1,1,1
02/10/2004 19:23:00,41,12,17,-1,1,1
02/10/2004 19:24:00,41,11,18,-1,1,1
02/10/2004 19:25:00,41,12,18,-1,1,1
02/10/2004 19:26:00,41,12,19,-1,1,1
02/10/2004 19:27:00,41,12,18,-1,1,1
02/10/2004 19:28:00,41,12,17,-1,1,1
02/10/2004 19:29:00,41,12,18,-1,1,1
02/10/2004 19:30:00,41,12,18,-1,1,1
02/10/2004 19:31:00,41,12,18,-1,1,1
02/10/2004 19:32:00,41,12,18,-1,1,1
02/10/2004 19:33:00,41,12,18,-1,1,1
02/10/2004 19:34:00,41,12,18,-1,1,1
02/10/2004 19:35:00,41,13,19,-1,2,1
02/10/2004 19:36:00,41,12,19,-1,2,1
02/10/2004 19:37:00,41,12,19,-1,2,1
02/10/2004 19:38:00,41,12,18,-1,2,1
02/10/2004 19:39:00,41,13,18,-1,2,1
02/10/2004 19:40:00,41,13,18,-1,2,1
02/10/2004 19:41:00,41,12,18,-1,2,1
02/10/2004 19:42:00,41,12,19,-1,1,1
02/10/2004 19:43:00,41,13,19,-1,1,1
02/10/2004 19:44:00,41,13,18,-1,1,1
02/10/2004 19:45:00,41,13,19,-1,0,1
02/10/2004 19:46:00,41,13,18,-1,0,1
02/10/2004 19:47:00,41,13,18,-1,0,1
02/10/2004 19:48:00,41,13,17,-1,1,1
02/10/2004 19:49:00,41,13,18,-1,1,1
02/10/2004 19:50:00,41,13,19,-1,2,1
02/10/2004 19:51:00,41,13,18,-1,2,1
02/10/2004 19:52:00,41,13,18,-1,2,1
02/10/2004 19:53:00,41,13,19,-1,2,1
02/10/2004 19:54:00,41,13,19,-1,3,1
02/10/2004 19:55:00,41,13,19,-1,3,1
02/10/2004 19:56:00,41,13,18,-1,2,1
02/10/2004 19:57:00,41,13,18,-1,2,1
02/10/2004 19:58:00,41,13,18,-1,2,1
02/10/2004 19:59:00,41,13,18,-1,2,1
02/10/2004 20:00:00,41,13,18,-1,2,1
02/10/2004 20:01:00,41,13,18,-1,2,1
02/10/2004 20:02:00,41,14,17,-1,2,1
02/10/2004 20:03:00,41,14,18,-1,3,1
02/10/2004 20:04:00,41,13,17,-1,3,1
02/10/2004 20:05:00,41,13,18,-1,2,1
02/10/2004 20:06:00,41,13,18,-1,2,1
02/10/2004 20:07:00,41,13,17,-1,3,1
02/10/2004 20:08:00,41,13,17,-1,3,1
02/10/2004 20:09:00,41,13,17,-1,3,1
02/10/2004 20:10:00,41,13,17,-1,3,1
02/10/2004 20:11:00,41,13,17,-1,2,1
02/10/2004 20:12:00,41,14,17,-1,3,1
02/10/2004 20:13:00,41,14,16,-1,3,1
02/10/2004 20:14:00,41,14,16,-1,3,1
02/10/2004 20:15:00,41,13,16,-1,3,1
02/10/2004 20:16:00,41,13,16,-1,3,1
02/10/2004 20:17:00,41,13,16,-1,3,1
02/10/2004 20:18:00,41,13,15,-1,4,1
02/10/2004 20:19:00,41,14,15,-1,4,1
02/10/2004 20:20:00,41,14,16,-1,4,1
02/10/2004 20:21:00,41,14,16,-1,4,1
02/10/2004 20:22:00,41,14,16,-1,4,1
02/10/2004 20:23:00,41,14,15,-1,4,1
02/10/2004 20:24:00,41,14,14,-1,4,1
02/10/2004 20:25:00,41,14,14,-1,3,1
02/10/2004 20:26:00,41,14,14,-1,3,1
02/10/2004 20:27:00,41,14,14,-1,4,1
02/10/2004 20:28:00,41,14,14,-1,4,1
02/10/2004 20:29:00,41,14,13,-1,4,1
02/10/2004 20:30:00,41,15,13,-2,4,1
02/10/2004 20:31:00,41,15,13,-2,4,1
02/10/2004 20:32:00,41,14,13,-2,4,1
02/10/2004 20:33:00,41,14,13,-1,4,1
02/10/2004 20:34:00,41,14,13,-1,4,1
02/10/2004 20:35:00,41,15,12,-2,4,1
02/10/2004 20:36:00,41,15,12,-2,4,1
02/10/2004 20:37:00,41,15,12,-1,4,1
02/10/2004 20:38:00,41,15,12,-1,4,1
02/10/2004 20:39:00,41,15,11,-1,4,1
02/10/2004 20:40:00,41,15,11,-1,4,1
02/10/2004 20:41:00,41,15,10,-1,4,1
02/10/2004 20:42:00,41,15,10,-1,5,1
02/10/2004 20:43:00,41,15,10,-1,4,1
02/10/2004 20:44:00,41,15,10,-1,4,1
02/10/2004 20:45:00,41,14,9,-1,4,1
02/10/2004 20:46:00,41,15,10,-1,3,1
02/10/2004 20:47:00,41,15,10,-1,4,1
02/10/2004 20:48:00,41,15,10,-1,4,1
02/10/2004 20:49:00,41,15,9,-1,3,1
02/10/2004 20:50:00,41,15,9,-1,4,1
02/10/2004 20:51:00,41,16,8,-1,4,1
02/10/2004 20:52:00,41,15,9,-1,4,1
02/10/2004 20:53:00,41,15,9,-1,4,1
02/10/2004 20:54:00,41,15,9,-1,4,1
02/10/2004 20:55:00,41,15,8,-1,4,1
02/10/2004 20:56:00,41,15,8,-1,4,1
02/10/2004 20:57:00,41,16,8,-1,4,1
02/10/2004 20:58:00,41,15,8,-1,4,1
02/10/2004 20:59:00,41,15,9,-1,4,1
02/10/2004 21:00:00,41,15,9,-1,5,1
02/10/2004 21:01:00,41,15,9,-1,5,1
02/10/2004 21:02:00,41,15,8,-1,5,1
02/10/2004 21:03:00,41,15,8,-2,6,1
02/10/2004 21:04:00,41,14,8,-1,6,1
02/10/2004 21:05:00,41,13,7,-1,6,1
02/10/2004 21:06:00,41,13,8,-1,7,1
02/10/2004 21:07:00,41,14,7,-1,6,1
02/10/2004 21:08:00,41,14,7,-1,6,1
02/10/2004 21:09:00,41,13,7,-1,6,1
02/10/2004 21:10:00,41,13,7,-1,6,1
02/10/2004 21:11:00,41,13,7,-1,5,1
02/10/2004 21:12:00,41,13,7,-1,6,1
02/10/2004 21:13:00,41,13,7,-1,5,1
02/10/2004 21:14:00,41,12,7,-1,5,1
02/10/2004 21:15:00,41,13,7,-1,5,1
02/10/2004 21:16:00,41,13,6,-1,4,1
02/10/2004 21:17:00,41,13,6,-1,4,1
02/10/2004 21:18:00,41,13,6,-1,5,1
02/10/2004 21:19:00,41,13,6,-1,5,1
02/10/2004 21:20:00,41,12,7,-1,5,1
02/10/2004 21:21:00,41,14,6,0,6,1
02/10/2004 21:22:00,41,14,6,0,6,1
02/10/2004 21:23:00,41,13,6,-1,6,1
02/10/2004 21:24:00,41,13,6,-1,6,1
02/10/2004 21:25:00,41,13,6,-1,6,1
02/10/2004 21:26:00,41,13,6,0,6,1
02/10/2004 21:27:00,41,12,6,0,5,1
02/10/2004 21:28:00,41,14,7,0,6,1
02/10/2004 21:29:00,41,13,6,0,6,1
02/10/2004 21:30:00,41,13,7,0,7,1
02/10/2004 21:31:00,41,13,6,0,7,1
02/10/2004 21:32:00,41,13,5,0,7,1
02/10/2004 21:33:00,41,13,6,0,7,1
02/10/2004 21:34:00,41,13,5,0,7,1
02/10/2004 21:35:00,41,12,6,0,6,1
02/10/2004 21:36:00,41,13,5,0,6,1
02/10/2004 21:37:00,41,13,5,0,6,1
02/10/2004 21:38:00,41,13,5,0,6,1
02/10/2004 21:39:00,41,13,5,0,5,1
02/10/2004 21:40:00,41,13,5,0,6,1
02/10/2004 21:41:00,41,12,5,0,6,1
02/10/2004 21:42:00,41,8,4,-1,7,1
02/10/2004 21:43:00,41,12,5,0,6,1
02/10/2004 21:44:00,41,12,5,0,6,1
02/10/2004 21:45:00,41,12,5,0,6,1
02/10/2004 21:46:00,41,11,7,0,6,1
02/10/2004 21:47:00,41,11,7,0,6,1
02/10/2004 21:48:00,41,11,6,0,6,1
02/10/2004 21:49:00,41,11,6,0,5,1
02/10/2004 21:50:00,41,11,6,0,5,1
02/10/2004 21:51:00,41,11,5,0,5,1
02/10/2004 21:52:00,41,11,6,0,5,1
02/10/2004 21:53:00,41,11,6,0,5,1
02/10/2004 21:54:00,41,11,6,0,5,1
02/10/2004 21:55:00,41,9,6,0,5,1
02/10/2004 21:56:00,41,9,6,0,4,1
02/10/2004 21:57:00,41,9,5,0,5,1
02/10/2004 21:58:00,41,10,5,0,5,1
02/10/2004 21:59:00,41,9,5,0,5,1
02/10/2004 22:00:00,41,9,6,0,5,1
02/10/2004 22:01:00,41,9,7,0,5,1
02/10/2004 22:02:00,41,9,5,0,5,1
02/10/2004 22:03:00,41,10,7,1,5,1
02/10/2004 22:04:00,41,10,6,0,5,1
02/10/2004 22:05:00,41,10,6,0,5,1
02/10/2004 22:06:00,41,10,5,1,6,1
02/10/2004 22:07:00,41,9,5,0,6,1
02/10/2004 22:08:00,41,9,5,0,5,1
02/10/2004 22:09:00,41,9,6,0,5,1
02/10/2004 22:10:00,41,9,6,0,5,1
02/10/2004 22:11:00,41,9,5,0,4,1
02/10/2004 22:12:00,41,9,5,0,4,1
02/10/2004 22:13:00,41,9,5,0,5,1
02/10/2004 22:14:00,41,9,6,0,4,1
02/10/2004 22:15:00,41,9,5,0,4,1
02/10/2004 22:16:00,41,9,5,0,4,1
02/10/2004 22:17:00,41,9,6,1,3,1
02/10/2004 22:18:00,41,8,6,0,2,1
02/10/2004 22:19:00,41,8,6,0,2,1
02/10/2004 22:20:00,41,8,6,0,2,1
02/10/2004 22:21:00,41,8,5,0,1,1
02/10/2004 22:22:00,41,9,6,0,1,1
02/10/2004 22:23:00,41,8,6,0,1,1
02/10/2004 22:24:00,41,9,6,0,1,1
02/10/2004 22:25:00,41,8,6,0,1,1
02/10/2004 22:26:00,41,8,6,0,0,1
02/10/2004 22:27:00,41,8,7,0,0,1
02/10/2004 22:28:00,41,8,6,0,0,1
02/10/2004 22:29:00,41,8,7,0,0,1
02/10/2004 22:30:00,41,8,7,0,0,1
02/10/2004 22:31:00,41,8,6,0,0,1
02/10/2004 22:32:00,41,8,7,0,0,1
02/10/2004 22:33:00,41,9,7,0,1,1
02/10/2004 22:34:00,41,9,8,0,1,1
02/10/2004 22:35:00,41,9,8,0,1,1
02/10/2004 22:36:00,41,9,7,0,0,1
02/10/2004 22:37:00,41,9,8,0,1,1
02/10/2004 22:38:00,41,9,9,0,0,1
02/10/2004 22:39:00,41,9,8,0,0,1
02/10/2004 22:40:00,41,9,8,0,0,1
02/10/2004 22:41:00,41,10,9,0,0,1
02/10/2004 22:42:00,41,10,9,0,0,1
02/10/2004 22:43:00,41,10,9,0,0,1
02/10/2004 22:44:00,41,10,9,0,0,1
02/10/2004 22:45:00,41,10,8,0,1,1
02/10/2004 22:46:00,41,10,8,0,1,1
02/10/2004 22:47:00,41,11,8,0,1,1
02/10/2004 22:48:00,41,10,7,0,1,1
02/10/2004 22:49:00,41,11,8,0,1,1
02/10/2004 22:50:00,41,11,8,0,1,1
02/10/2004 22:51:00,41,10,11,0,1,1
02/10/2004 22:52:00,41,9,10,-1,1,1
02/10/2004 22:53:00,41,9,9,-1,0,1
02/10/2004 22:54:00,41,9,10,-1,1,1
02/10/2004 22:55:00,41,9,11,-1,1,1
02/10/2004 22:56:00,41,9,9,-1,1,1
02/10/2004 22:57:00,41,10,9,0,1,1
02/10/2004 22:58:00,41,10,9,-1,1,1
02/10/2004 22:59:00,41,10,9,-1,1,1
02/10/2004 23:00:00,41,10,9,-1,0,1
02/10/2004 23:01:00,41,10,8,-1,0,1
02/10/2004 23:02:00,41,9,9,-1,0,1
02/10/2004 23:03:00,41,10,8,-1,0,1
02/10/2004 23:04:00,41,9,8,-1,-1,1
02/10/2004 23:05:00,41,9,8,-1,0,1
02/10/2004 23:06:00,41,9,8,-1,-1,1
02/10/2004 23:07:00,41,9,8,-1,0,1
02/10/2004 23:08:00,41,9,8,-1,0,1
02/10/2004 23:09:00,41,9,8,-1,0,1
02/10/2004 23:10:00,41,9,8,-1,1,1
02/10/2004 23:11:00,41,10,8,0,1,1
02/10/2004 23:12:00,41,9,7,0,1,1
02/10/2004 23:13:00,41,9,7,0,1,1
02/10/2004 23:14:00,41,10,7,0,1,1
02/10/2004 23:15:00,41,10,8,-1,1,1
02/10/2004 23:16:00,41,9,8,-1,1,1
02/10/2004 23:17:00,41,10,8,-1,1,1
02/10/2004 23:18:00,41,10,9,-1,1,1
02/10/2004 23:19:00,41,10,9,-1,1,1
02/10/2004 23:20:00,41,10,7,-1,1,1
02/10/2004 23:21:00,41,9,8,-1,1,1
02/10/2004 23:22:00,41,10,8,-1,1,1
02/10/2004 23:23:00,41,10,8,-1,1,1
02/10/2004 23:24:00,41,10,8,-1,1,1
02/10/2004 23:25:00,41,10,9,-1,1,1
02/10/2004 23:26:00,41,10,9,-1,0,1
02/10/2004 23:27:00,41,10,9,-1,0,1
02/10/2004 23:28:00,41,10,9,-1,0,1
02/10/2004 23:29:00,41,10,9,-1,0,1
02/10/2004 23:30:00,41,10,9,-1,0,1
02/10/2004 23:31:00,41,10,10,-1,1,1
02/10/2004 23:32:00,41,10,10,-1,1,1
02/10/2004 23:33:00,41,10,10,-1,1,1
02/10/2004 23:34:00,41,10,10,-1,1,1
02/10/2004 23:35:00,41,10,10,-1,1,1
02/10/2004 23:36:00,41,10,10,-1,1,1
02/10/2004 23:37:00,41,9,11,-1,1,1
02/10/2004 23:38:00,41,11,9,0,2,1
02/10/2004 23:39:00,41,12,9,0,3,1
02/10/2004 23:40:00,41,11,8,0,3,1
02/10/2004 23:41:00,41,10,9,0,3,1
02/10/2004 23:42:00,41,11,11,0,4,1
02/10/2004 23:43:00,41,12,9,0,6,1
02/10/2004 23:44:00,41,12,6,0,6,1
02/10/2004 23:45:00,41,12,8,0,6,1
02/10/2004 23:46:00,41,12,9,0,6,1
02/10/2004 23:47:00,41,12,9,0,7,1
02/10/2004 23:48:00,41,11,9,0,8,1
02/10/2004 23:49:00,41,11,8,1,8,1
02/10/2004 23:50:00,41,11,9,0,8,1
02/10/2004 23:51:00,41,11,8,1,8,1
02/10/2004 23:52:00,41,11,9,0,7,1
02/10/2004 23:53:00,41,10,11,0,7,1
02/10/2004 23:54:00,41,10,11,0,7,1
02/10/2004 23:55:00,41,10,11,0,7,1
02/10/2004 23:56:00,41,10,11,-1,6,1
02/10/2004 23:57:00,41,9,11,-1,6,1
02/10/2004 23:58:00,41,9,12,-1,5,1
02/10/2004 23:59:00,41,9,11,-1,6,1
02/11/2004 00:00:00,42,9,11,-1,6,1
02/11/2004 00:01:00,42,9,11,-1,5,1
02/11/2004 00:02:00,42,9,11,-2,5,1
02/11/2004 00:03:00,42,9,12,-1,6,1
02/11/2004 00:04:00,42,10,13,-1,6,1
02/11/2004 00:05:00,42,10,12,-1,6,1
02/11/2004 00:06:00,42,10,10,-1,6,1
02/11/2004 00:07:00,42,10,10,-1,6,1
02/11/2004 00:08:00,42,9,11,-1,6,1
02/11/2004 00:09:00,42,9,13,-1,6,1
02/11/2004 00:10:00,42,10,14,-1,6,1
02/11/2004 00:11:00,42,11,13,-1,6,1
02/11/2004 00:12:00,42,11,12,-1,6,1
02/11/2004 00:13:00,42,11,13,-1,6,1
02/11/2004 00:14:00,42,11,13,-1,6,1
02/11/2004 00:15:00,42,11,14,-1,6,1
02/11/2004 00:16:00,42,12,14,-1,7,1
02/11/2004 00:17:00,42,13,13,-1,7,1
02/11/2004 00:18:00,42,13,11,-1,7,1
02/11/2004 00:19:00,42,12,12,-1,7,1
02/11/2004 00:20:00,42,13,12,-1,7,1
02/11/2004 00:21:00,42,12,13,-1,6,1
02/11/2004 00:22:00,42,12,14,-1,7,1
02/11/2004 00:23:00,42,12,14,-1,7,1
02/11/2004 00:24:00,42,12,13,-1,7,1
02/11/2004 00:25:00,42,11,12,-1,7,1
02/11/2004 00:26:00,42,11,12,-1,7,1
02/11/2004 00:27:00,42,11,11,-1,7,1
02/11/2004 00:28:00,42,11,11,-1,7,1
02/11/2004 00:29:00,42,12,12,-1,7,1
02/11/2004 00:30:00,42,12,13,-1,7,1
02/11/2004 00:31:00,42,12,13,-1,7,1
02/11/2004 00:32:00,42,13,14,-1,6,1
02/11/2004 00:33:00,42,13,15,-1,7,1
02/11/2004 00:34:00,42,13,15,-1,7,1
02/11/2004 00:35:00,42,13,14,-1,6,1
02/11/2004 00:36:00,42,13,14,-1,6,1
02/11/2004 00:37:00,42,13,14,-1,7,1
02/11/2004 00:38:00,42,13,14,-2,6,1
02/11/2004 00:39:00,42,13,15,-2,6,1
02/11/2004 00:40:00,42,13,14,-2,6,1
02/11/2004 00:41:00,42,13,15,-2,7,1
02/11/2004 00:42:00,42,13,14,-1,6,1
02/11/2004 00:43:00,42,13,14,-1,7,1
02/11/2004 00:44:00,42,13,14,-1,6,1
02/11/2004 00:45:00,42,13,13,-1,7,1
02/11/2004 00:46:00,42,12,13,-1,7,1
02/11/2004 00:47:00,42,12,13,-1,6,1
02/11/2004 00:48:00,42,13,13,-1,6,1
02/11/2004 00:49:00,42,13,13,-1,7,1
02/11/2004 00:50:00,42,12,13,-2,7,1
02/11/2004 00:51:00,42,11,12,-2,7,1
02/11/2004 00:52:00,42,11,14,-2,7,1
02/11/2004 00:53:00,42,12,14,-2,7,1
02/11/2004 00:54:00,42,12,14,-2,7,1
02/11/2004 00:55:00,42,12,14,-2,7,1
02/11/2004 00:56:00,42,12,13,-2,7,1
02/11/2004 00:57:00,42,11,12,-1,7,1
02/11/2004 00:58:00,42,10,12,-1,7,1
02/11/2004 00:59:00,42,10,11,-1,7,1
02/11/2004 01:00:00,42,11,11,-1,7,1
02/11/2004 01:01:00,42,11,12,-1,7,1
02/11/2004 01:02:00,42,11,13,-1,7,1
02/11/2004 01:03:00,42,12,13,-1,8,1
02/11/2004 01:04:00,42,12,12,-1,9,1
02/11/2004 01:05:00,42,11,12,-1,9,1
02/11/2004 01:06:00,42,11,11,-1,9,1
02/11/2004 01:07:00,42,11,11,-1,9,1
02/11/2004 01:08:00,42,10,11,-1,9,1
02/11/2004 01:09:00,42,10,11,-1,9,1
02/11/2004 01:10:00,42,10,11,-1,9,1
02/11/2004 01:11:00,42,10,11,-1,9,1
02/11/2004 01:12:00,42,10,13,-1,9,1
02/11/2004 01:13:00,42,10,12,-2,8,1
02/11/2004 01:14:00,42,11,13,-2,8,1
02/11/2004 01:15:00,42,12,14,-2,8,1
02/11/2004 01:16:00,42,12,13,-2,7,1
02/11/2004 01:17:00,42,12,14,-2,7,1
02/11/2004 01:18:00,42,11,15,-2,7,1
02/11/2004 01:19:00,42,11,14,-2,7,1
02/11/2004 01:20:00,42,11,14,-2,7,1
02/11/2004 01:21:00,42,11,14,-2,7,1
02/11/2004 01:22:00,42,11,13,-2,8,1
02/11/2004 01:23:00,42,10,12,-1,9,1
02/11/2004 01:24:00,42,10,13,-1,9,1
02/11/2004 01:25:00,42,9,12,-1,10,1
02/11/2004 01:26:00,42,10,13,-1,11,1
02/11/2004 01:27:00,42,10,12,-1,12,1
02/11/2004 01:28:00,42,9,11,0,13,1
02/11/2004 01:29:00,42,9,10,0,14,1
02/11/2004 01:30:00,42,9,12,0,14,1
02/11/2004 01:31:00,42,10,12,0,13,1
02/11/2004 01:32:00,42,11,14,0,13,1
02/11/2004 01:33:00,42,12,14,-1,13,1
02/11/2004 01:34:00,42,12,14,-1,13,1
02/11/2004 01:35:00,42,12,14,-1,12,1
02/11/2004 01:36:00,42,11,15,-1,13,1
02/11/2004 01:37:00,42,11,14,-1,13,1
02/11/2004 01:38:00,42,11,14,-1,13,1
02/11/2004 01:39:00,42,10,14,-1,13,1
02/11/2004 01:40:00,42,11,14,-1,13,1
02/11/2004 01:41:00,42,11,16,-1,13,1
02/11/2004 01:42:00,42,11,16,-1,13,1
02/11/2004 01:43:00,42,12,16,-1,13,1
02/11/2004 01:44:00,42,11,15,-1,13,1
02/11/2004 01:45:00,42,12,15,-1,12,1
02/11/2004 01:46:00,42,12,15,-1,13,1
02/11/2004 01:47:00,42,12,15,-1,12,1
02/11/2004 01:48:00,42,11,15,-1,13,1
02/11/2004 01:49:00,42,12,15,-1,12,1
02/11/2004 01:50:00,42,12,16,-1,12,1
02/11/2004 01:51:00,42,12,16,-1,12,1
02/11/2004 01:52:00,42,11,16,-1,12,1
02/11/2004 01:53:00,42,12,17,-1,12,1
02/11/2004 01:54:00,42,12,17,-1,13,1
02/11/2004 01:55:00,42,12,16,-1,13,1
02/11/2004 01:56:00,42,12,16,-1,13,1
02/11/2004 01:57:00,42,11,16,-1,13,1
02/11/2004 01:58:00,42,11,16,-1,13,1
02/11/2004 01:59:00,42,12,16,-1,13,1
02/11/2004 02:00:00,42,11,16,-1,13,1
02/11/2004 02:01:00,42,11,16,-1,13,1
02/11/2004 02:02:00,42,10,16,-1,13,1
02/11/2004 02:03:00,42,11,16,-1,12,1
02/11/2004 02:04:00,42,11,15,-1,11,1
02/11/2004 02:05:00,42,12,16,-1,11,1
02/11/2004 02:06:00,42,13,17,-2,11,1
02/11/2004 02:07:00,42,13,17,-2,11,1
02/11/2004 02:08:00,42,13,17,-2,10,1
02/11/2004 02:09:00,42,14,17,-2,9,1
02/11/2004 02:10:00,42,12,17,-2,9,1
02/11/2004 02:11:00,42,13,17,-2,8,1
02/11/2004 02:12:00,42,13,17,-2,8,1
02/11/2004 02:13:00,42,13,17,-2,7,1
02/11/2004 02:14:00,42,13,18,-2,7,1
02/11/2004 02:15:00,42,13,17,-2,7,1
02/11/2004 02:16:00,42,13,16,-2,6,1
02/11/2004 02:17:00,42,13,17,-2,6,1
02/11/2004 02:18:00,42,13,17,-2,4,1
02/11/2004 02:19:00,42,14,17,-2,2,1
02/11/2004 02:20:00,42,15,17,-3,1,1
02/11/2004 02:21:00,42,15,17,-3,0,1
02/11/2004 02:22:00,42,14,17,-2,-1,1
02/11/2004 02:23:00,42,14,16,-2,-2,1
02/11/2004 02:24:00,42,12,15,-3,-2,1
02/11/2004 02:25:00,42,11,14,-2,-3,1
02/11/2004 02:26:00,42,10,15,-2,-3,1
02/11/2004 02:27:00,42,9,14,-2,-2,1
02/11/2004 02:28:00,42,9,14,-2,-2,1
02/11/2004 02:29:00,42,9,13,-2,-2,1
02/11/2004 02:30:00,42,9,13,-2,-1,1
02/11/2004 02:31:00,42,9,12,-2,-1,1
02/11/2004 02:32:00,42,9,12,-2,-1,1
02/11/2004 02:33:00,42,9,11,-2,0,1
02/11/2004 02:34:00,42,9,11,-2,0,1
02/11/2004 02:35:00,42,9,11,-2,0,1
02/11/2004 02:36:00,42,9,11,-2,0,1
02/11/2004 02:37:00,42,9,11,-2,0,1
02/11/2004 02:38:00,42,9,11,-2,0,1
02/11/2004 02:39:00,42,9,11,-2,0,1
02/11/2004 02:40:00,42,8,11,-2,0,1
02/11/2004 02:41:00,42,7,10,-2,0,1
02/11/2004 02:42:00,42,7,10,-2,1,1
02/11/2004 02:43:00,42,8,10,-2,1,1
02/11/2004 02:44:00,42,8,10,-2,1,1
02/11/2004 02:45:00,42,7,9,-2,1,1
02/11/2004 02:46:00,42,8,9,-2,1,1
02/11/2004 02:47:00,42,8,9,-2,1,1
02/11/2004 02:48:00,42,8,10,-2,1,1
02/11/2004 02:49:00,42,9,10,-2,1,1
02/11/2004 02:50:00,42,8,10,-2,1,1
02/11/2004 02:51:00,42,9,10,-2,1,1
02/11/2004 02:52:00,42,9,11,-2,0,1
02/11/2004 02:53:00,42,9,10,-2,0,1
02/11/2004 02:54:00,42,9,10,-2,0,1
02/11/2004 02:55:00,42,9,10,-2,0,1
02/11/2004 02:56:00,42,8,10,-2,0,1
02/11/2004 02:57:00,42,8,10,-2,0,1
02/11/2004 02:58:00,42,7,9,-2,1,1
02/11/2004 02:59:00,42,7,9,-2,1,1
02/11/2004 03:00:00,42,6,9,-2,1,1
02/11/2004 03:01:00,42,6,10,-2,1,1
02/11/2004 03:02:00,42,6,10,-2,1,1
02/11/2004 03:03:00,42,6,10,-2,1,1
02/11/2004 03:04:00,42,6,10,-2,1,1
02/11/2004 03:05:00,42,7,10,-2,1,1
02/11/2004 03:06:00,42,6,10,-2,1,1
02/11/2004 03:07:00,42,7,11,-2,1,1
02/11/2004 03:08:00,42,7,12,-2,1,1
02/11/2004 03:09:00,42,7,11,-2,0,1
02/11/2004 03:10:00,42,7,11,-2,0,1
02/11/2004 03:11:00,42,8,12,-2,-1,1
02/11/2004 03:12:00,42,8,12,-2,-2,1
02/11/2004 03:13:00,42,8,11,-2,-2,1
02/11/2004 03:14:00,42,8,11,-2,-2,1
02/11/2004 03:15:00,42,8,11,-2,-3,1
02/11/2004 03:16:00,42,7,11,-2,-4,1
02/11/2004 03:17:00,42,7,10,-2,-4,1
02/11/2004 03:18:00,42,6,10,-2,-4,1
02/11/2004 03:19:00,42,6,9,-2,-4,1
02/11/2004 03:20:00,42,5,10,-2,-4,1
02/11/2004 03:21:00,42,5,11,-2,-5,1
02/11/2004 03:22:00,42,5,10,-2,-4,1
02/11/2004 03:23:00,42,5,10,-1,-4,1
02/11/2004 03:24:00,42,5,10,-1,-4,1
02/11/2004 03:25:00,42,5,9,-2,-4,1
02/11/2004 03:26:00,42,5,9,-2,-4,1
02/11/2004 03:27:00,42,5,10,-2,-4,1
02/11/2004 03:28:00,42,5,10,-2,-3,1
02/11/2004 03:29:00,42,5,10,-2,-3,1
02/11/2004 03:30:00,42,5,9,-2,-3,1
02/11/2004 03:31:00,42,5,10,-1,-3,1
02/11/2004 03:32:00,42,5,10,-2,-3,1
02/11/2004 03:33:00,42,5,10,-2,-3,1
02/11/2004 03:34:00,42,5,10,-2,-3,1
02/11/2004 03:35:00,42,4,10,-1,-3,1
02/11/2004 03:36:00,42,4,11,-2,-3,1
02/11/2004 03:37:00,42,5,10,-1,-3,1
02/11/2004 03:38:00,42,5,10,-1,-3,1
02/11/2004 03:39:00,42,5,9,-1,-3,1
02/11/2004 03:40:00,42,6,9,-1,-3,1
02/11/2004 03:41:00,42,6,9,-1,-3,1
02/11/2004 03:42:00,42,6,8,-1,-3,1
02/11/2004 03:43:00,42,5,8,-1,-3,1
02/11/2004 03:44:00,42,5,8,-1,-3,1
02/11/2004 03:45:00,42,5,8,-1,-3,1
02/11/2004 03:46:00,42,5,8,-1,-3,1
02/11/2004 03:47:00,42,6,9,0,-3,1
02/11/2004 03:48:00,42,6,9,0,-3,1
02/11/2004 03:49:00,42,6,9,0,-3,1
02/11/2004 03:50:00,42,6,7,0,-3,1
02/11/2004 03:51:00,42,7,8,0,-3,1
02/11/2004 03:52:00,42,7,9,0,-3,1
02/11/2004 03:53:00,42,7,8,0,-3,1
02/11/2004 03:54:00,42,7,8,-1,-3,1
02/11/2004 03:55:00,42,7,8,0,-3,1
02/11/2004 03:56:00,42,7,8,-1,-3,1
02/11/2004 03:57:00,42,7,7,0,-3,1
02/11/2004 03:58:00,42,7,6,0,-3,1
02/11/2004 03:59:00,42,7,6,0,-3,1
02/11/2004 04:00:00,42,7,6,0,-3,1
02/11/2004 04:01:00,42,7,5,0,-2,1
02/11/2004 04:02:00,42,7,7,0,-2,1
02/11/2004 04:03:00,42,7,7,0,-2,1
02/11/2004 04:04:00,42,7,6,0,-2,1
02/11/2004 04:05:00,42,7,6,0,-2,1
02/11/2004 04:06:00,42,7,6,0,-2,1
02/11/2004 04:07:00,42,7,6,0,-2,1
02/11/2004 04:08:00,42,7,6,0,-2,1
02/11/2004 04:09:00,42,7,7,0,-2,1
02/11/2004 04:10:00,42,7,7,0,-2,1
02/11/2004 04:11:00,42,7,7,0,-2,1
02/11/2004 04:12:00,42,7,7,0,-2,1
02/11/2004 04:13:00,42,7,6,0,-2,1
02/11/2004 04:14:00,42,7,7,0,-2,1
02/11/2004 04:15:00,42,7,7,0,-2,1
02/11/2004 04:16:00,42,7,6,0,-2,1
02/11/2004 04:17:00,42,7,7,0,-3,1
02/11/2004 04:18:00,42,7,7,0,-2,1
02/11/2004 04:19:00,42,7,6,0,-2,1
02/11/2004 04:20:00,42,7,7,0,-3,1
02/11/2004 04:21:00,42,7,6,0,-2,1
02/11/2004 04:22:00,42,8,8,0,-3,1
02/11/2004 04:23:00,42,8,8,0,-3,1
02/11/2004 04:24:00,42,8,8,0,-3,1
02/11/2004 04:25:00,42,8,8,0,-3,1
02/11/2004 04:26:00,42,7,9,0,-3,1
02/11/2004 04:27:00,42,7,8,0,-3,1
02/11/2004 04:28:00,42,7,8,0,-3,1
02/11/2004 04:29:00,42,7,8,0,-3,1
02/11/2004 04:30:00,42,7,7,0,-3,1
02/11/2004 04:31:00,42,7,7,0,-3,1
02/11/2004 04:32:00,42,7,6,1,-3,1
02/11/2004 04:33:00,42,7,7,1,-3,1
02/11/2004 04:34:00,42,7,7,1,-3,1
02/11/2004 04:35:00,42,7,8,1,-3,1
02/11/2004 04:36:00,42,7,7,1,-3,1
02/11/2004 04:37:00,42,7,6,1,-3,1
02/11/2004 04:38:00,42,7,5,1,-3,1
02/11/2004 04:39:00,42,7,5,1,-3,1
02/11/2004 04:40:00,42,8,5,1,-2,1
02/11/2004 04:41:00,42,8,5,1,-3,1
02/11/2004 04:42:00,42,8,5,1,-3,1
02/11/2004 04:43:00,42,8,5,1,-3,1
02/11/2004 04:44:00,42,8,5,1,-3,1
02/11/2004 04:45:00,42,8,6,1,-3,1
02/11/2004 04:46:00,42,8,7,1,-3,1
02/11/2004 04:47:00,42,8,7,1,-3,1
02/11/2004 04:48:00,42,8,5,1,-3,1
02/11/2004 04:49:00,42,8,6,1,-3,1
02/11/2004 04:50:00,42,8,5,1,-3,1
02/11/2004 04:51:00,42,8,5,1,-3,1
02/11/2004 04:52:00,42,9,4,1,-3,1
02/11/2004 04:53:00,42,9,5,1,-3,1
02/11/2004 04:54:00,42,9,5,1,-3,1
02/11/2004 04:55:00,42,9,6,1,-3,1
02/11/2004 04:56:00,42,9,7,1,-4,1
02/11/2004 04:57:00,42,10,8,1,-4,1
02/11/2004 04:58:00,42,10,8,1,-4,1
02/11/2004 04:59:00,42,10,7,1,-3,1
02/11/2004 05:00:00,42,10,7,1,-4,1
02/11/2004 05:01:00,42,10,7,2,-4,1
02/11/2004 05:02:00,42,10,7,2,-3,1
02/11/2004 05:03:00,42,10,6,1,-3,1
02/11/2004 05:04:00,42,10,6,2,-3,1
02/11/2004 05:05:00,42,10,7,2,-3,1
02/11/2004 05:06:00,42,10,7,2,-3,1
02/11/2004 05:07:00,42,10,7,1,-3,1
02/11/2004 05:08:00,42,11,8,2,-3,1
02/11/2004 05:09:00,42,11,8,1,-3,1
02/11/2004 05:10:00,42,11,7,1,-3,1
02/11/2004 05:11:00,42,10,8,1,-3,1
02/11/2004 05:12:00,42,11,9,2,-3,1
02/11/2004 05:13:00,42,11,8,2,-2,1
02/11/2004 05:14:00,42,11,8,2,-2,1
02/11/2004 05:15:00,42,11,6,1,-2,1
02/11/2004 05:16:00,42,11,7,1,-2,1
02/11/2004 05:17:00,42,11,6,2,-2,1
02/11/2004 05:18:00,42,11,6,2,-2,1
02/11/2004 05:19:00,42,12,6,2,-1,1
02/11/2004 05:20:00,42,12,7,2,-2,1
02/11/2004 05:21:00,42,12,6,2,-1,1
02/11/2004 05:22:00,42,12,6,2,-2,1
02/11/2004 05:23:00,42,11,7,2,-2,1
02/11/2004 05:24:00,42,10,7,2,-2,1
02/11/2004 05:25:00,42,10,7,2,-1,1
02/11/2004 05:26:00,42,10,8,2,-2,1
02/11/2004 05:27:00,42,10,7,2,-1,1
02/11/2004 05:28:00,42,10,7,2,-1,1
02/11/2004 05:29:00,42,10,7,2,-1,1
02/11/2004 05:30:00,42,10,6,1,-1,1
02/11/2004 05:31:00,42,10,7,1,-2,1
02/11/2004 05:32:00,42,10,8,1,-1,1
02/11/2004 05:33:00,42,10,8,1,-1,1
02/11/2004 05:34:00,42,10,8,1,-1,1
02/11/2004 05:35:00,42,10,8,1,-1,1
02/11/2004 05:36:00,42,10,8,1,0,1
02/11/2004 05:37:00,42,10,10,1,-1,1
02/11/2004 05:38:00,42,10,9,1,-1,1
02/11/2004 05:39:00,42,10,9,2,0,1
02/11/2004 05:40:00,42,10,8,2,0,1
02/11/2004 05:41:00,42,10,9,2,0,1
02/11/2004 05:42:00,42,10,7,2,1,1
02/11/2004 05:43:00,42,10,8,2,1,1
02/11/2004 05:44:00,42,9,8,1,2,1
02/11/2004 05:45:00,42,9,7,1,2,1
02/11/2004 05:46:00,42,9,8,1,2,1
02/11/2004 05:47:00,42,9,9,2,3,1
02/11/2004 05:48:00,42,9,8,2,3,1
02/11/2004 05:49:00,42,9,8,2,3,1
02/11/2004 05:50:00,42,9,8,1,3,1
02/11/2004 05:51:00,42,9,9,2,4,1
02/11/2004 05:52:00,42,9,8,1,4,1
02/11/2004 05:53:00,42,9,9,1,5,1
02/11/2004 05:54:00,42,9,9,1,5,1
02/11/2004 05:55:00,42,9,9,1,5,1
02/11/2004 05:56:00,42,9,10,1,5,1
02/11/2004 05:57:00,42,9,11,1,5,1
02/11/2004 05:58:00,42,10,9,1,5,1
02/11/2004 05:59:00,42,10,10,1,4,1
02/11/2004 06:00:00,42,9,10,1,4,1
02/11/2004 06:01:00,42,9,10,1,4,1
02/11/2004 06:02:00,42,9,11,1,3,1
02/11/2004 06:03:00,42,9,12,1,3,1
02/11/2004 06:04:00,42,9,12,1,3,1
02/11/2004 06:05:00,42,9,12,1,2,1
02/11/2004 06:06:00,42,9,12,1,2,1
02/11/2004 06:07:00,42,10,12,1,2,1
02/11/2004 06:08:00,42,10,12,1,3,1
02/11/2004 06:09:00,42,10,12,1,3,1
02/11/2004 06:10:00,42,10,12,1,2,1
02/11/2004 06:11:00,42,10,12,1,3,1
02/11/2004 06:12:00,42,9,12,1,3,1
02/11/2004 06:13:00,42,10,12,1,2,1
02/11/2004 06:14:00,42,9,12,1,2,1
02/11/2004 06:15:00,42,9,12,1,2,1
02/11/2004 06:16:00,42,9,12,1,3,1
02/11/2004 06:17:00,42,9,11,1,2,1
02/11/2004 06:18:00,42,9,11,1,2,1
02/11/2004 06:19:00,42,9,11,1,2,1
02/11/2004 06:20:00,42,9,11,1,2,1
02/11/2004 06:21:00,42,9,10,1,2,1
02/11/2004 06:22:00,42,9,10,1,2,1
02/11/2004 06:23:00,42,9,10,1,2,1
02/11/2004 06:24:00,42,9,10,1,2,1
02/11/2004 06:25:00,42,10,10,1,2,1
02/11/2004 06:26:00,42,10,9,1,2,1
02/11/2004 06:27:00,42,10,9,1,2,1
02/11/2004 06:28:00,42,10,9,1,2,1
02/11/2004 06:29:00,42,9,9,1,2,1
02/11/2004 06:30:00,42,9,9,1,2,1
02/11/2004 06:31:00,42,9,9,0,2,1
02/11/2004 06:32:00,42,9,9,0,2,1
02/11/2004 06:33:00,42,9,9,0,2,1
02/11/2004 06:34:00,42,9,9,0,2,1
02/11/2004 06:35:00,42,9,10,1,1,1
02/11/2004 06:36:00,42,9,10,1,1,1
02/11/2004 06:37:00,42,8,11,1,1,1
02/11/2004 06:38:00,42,8,11,1,0,1
02/11/2004 06:39:00,42,8,12,0,0,1
02/11/2004 06:40:00,42,8,11,0,0,1
02/11/2004 06:41:00,42,8,12,0,0,1
02/11/2004 06:42:00,42,8,11,0,0,1
02/11/2004 06:43:00,42,8,12,0,0,1
02/11/2004 06:44:00,42,8,13,0,-1,1
02/11/2004 06:45:00,42,8,13,0,-1,1
02/11/2004 06:46:00,42,8,13,0,-1,1
02/11/2004 06:47:00,42,7,13,0,-1,1
02/11/2004 06:48:00,42,7,12,0,-1,1
02/11/2004 06:49:00,42,8,11,0,-1,1
02/11/2004 06:50:00,42,9,10,0,-1,1
02/11/2004 06:51:00,42,7,11,0,-1,1
02/11/2004 06:52:00,42,7,10,0,0,1
02/11/2004 06:53:00,42,7,11,0,-1,1
02/11/2004 06:54:00,42,7,10,0,0,1
02/11/2004 06:55:00,42,7,11,0,0,1
02/11/2004 06:56:00,42,7,13,0,0,1
02/11/2004 06:57:00,42,7,12,0,0,1
02/11/2004 06:58:00,42,7,13,0,0,1
02/11/2004 06:59:00,42,7,12,0,0,1
02/11/2004 07:00:00,42,6,12,0,0,1
02/11/2004 07:01:00,42,7,10,0,1,1
02/11/2004 07:02:00,42,8,10,0,1,1
02/11/2004 07:03:00,42,8,12,0,1,1
02/11/2004 07:04:00,42,8,11,0,1,1
02/11/2004 07:05:00,42,7,12,0,1,1
02/11/2004 07:06:00,42,8,10,0,1,1
02/11/2004 07:07:00,42,7,11,-1,1,1
02/11/2004 07:08:00,42,7,11,-1,1,1
02/11/2004 07:09:00,42,7,11,-1,1,1
02/11/2004 07:10:00,42,7,10,-1,1,1
02/11/2004 07:11:00,42,7,9,-1,1,1
02/11/2004 07:12:00,42,7,10,-1,1,1
02/11/2004 07:13:00,42,7,9,-1,1,1
02/11/2004 07:14:00,42,7,10,-1,1,1
02/11/2004 07:15:00,42,7,10,-1,0,1
02/11/2004 07:16:00,42,7,11,-1,0,1
02/11/2004 07:17:00,42,6,12,-1,0,1
02/11/2004 07:18:00,42,6,13,-1,0,1
02/11/2004 07:19:00,42,6,14,-1,0,1
02/11/2004 07:20:00,42,6,13,-1,0,1
02/11/2004 07:21:00,42,6,14,-1,0,1
02/11/2004 07:22:00,42,6,14,-1,0,1
02/11/2004 07:23:00,42,6,13,-1,0,1
02/11/2004 07:24:00,42,6,12,-1,0,1
02/11/2004 07:25:00,42,6,13,-1,0,1
02/11/2004 07:26:00,42,6,13,-1,0,1
02/11/2004 07:27:00,42,6,14,-1,0,1
02/11/2004 07:28:00,42,6,14,-1,0,1
02/11/2004 07:29:00,42,6,14,-1,0,1
02/11/2004 07:30:00,42,7,13,-1,0,1
02/11/2004 07:31:00,42,6,14,-1,0,1
02/11/2004 07:32:00,42,8,14,-1,0,1
02/11/2004 07:33:00,42,8,12,-1,1,1
02/11/2004 07:34:00,42,7,12,-1,1,1
02/11/2004 07:35:00,42,7,12,-1,1,1
02/11/2004 07:36:00,42,8,13,-1,0,1
02/11/2004 07:37:00,42,8,14,-1,1,1
02/11/2004 07:38:00,42,8,12,-1,1,1
02/11/2004 07:39:00,42,8,13,-1,1,1
02/11/2004 07:40:00,42,8,12,-1,1,1
02/11/2004 07:41:00,42,8,13,-1,1,1
02/11/2004 07:42:00,42,9,13,-1,1,1
02/11/2004 07:43:00,42,9,13,-1,1,1
02/11/2004 07:44:00,42,7,13,-1,1,1
02/11/2004 07:45:00,42,7,14,-1,1,1
02/11/2004 07:46:00,42,7,14,-2,1,1
02/11/2004 07:47:00,42,7,14,-2,1,1
02/11/2004 07:48:00,42,7,15,-2,0,1
02/11/2004 07:49:00,42,7,16,-2,-1,1
02/11/2004 07:50:00,42,7,16,-2,-1,1
02/11/2004 07:51:00,42,7,16,-1,-1,1
02/11/2004 07:52:00,42,7,16,-2,-1,1
02/11/2004 07:53:00,42,7,16,-1,-1,1
02/11/2004 07:54:00,42,7,17,-1,-1,1
02/11/2004 07:55:00,42,7,17,-2,-1,1
02/11/2004 07:56:00,42,7,17,-2,-1,1
02/11/2004 07:57:00,42,7,16,-1,-1,1
02/11/2004 07:58:00,42,6,16,-2,-1,1
02/11/2004 07:59:00,42,6,15,-2,0,1
02/11/2004 08:00:00,42,6,15,-1,0,1
02/11/2004 08:01:00,42,6,15,-1,0,1
02/11/2004 08:02:00,42,6,15,-1,0,1
02/11/2004 08:03:00,42,6,16,-1,0,1
02/11/2004 08:04:00,42,6,17,-1,0,1
02/11/2004 08:05:00,42,6,17,-2,0,1
02/11/2004 08:06:00,42,6,18,-2,0,1
02/11/2004 08:07:00,42,6,17,-1,0,1
02/11/2004 08:08:00,42,6,17,-2,-1,1
02/11/2004 08:09:00,42,5,17,-1,-1,1
02/11/2004 08:10:00,42,5,16,-1,0,1
02/11/2004 08:11:00,42,5,17,-1,0,1
02/11/2004 08:12:00,42,5,16,-1,1,1
02/11/2004 08:13:00,42,5,16,-1,1,1
02/11/2004 08:14:00,42,5,16,-1,1,1
02/11/2004 08:15:00,42,5,16,-1,1,1
02/11/2004 08:16:00,42,5,16,-1,1,1
02/11/2004 08:17:00,42,5,18,-2,1,1
02/11/2004 08:18:00,42,5,17,-2,0,1
02/11/2004 08:19:00,42,6,18,-2,0,1
02/11/2004 08:20:00,42,5,18,-2,0,1
02/11/2004 08:21:00,42,6,20,-2,0,1
02/11/2004 08:22:00,42,6,19,-2,0,1
02/11/2004 08:23:00,42,6,19,-2,0,1
02/11/2004 08:24:00,42,6,20,-2,0,1
02/11/2004 08:25:00,42,6,20,-2,0,1
02/11/2004 08:26:00,42,6,19,-2,-1,1
02/11/2004 08:27:00,42,6,19,-2,-1,1
02/11/2004 08:28:00,42,6,19,-2,-1,1
02/11/2004 08:29:00,42,6,19,-2,-1,1
02/11/2004 08:30:00,42,6,20,-2,-1,1
02/11/2004 08:31:00,42,5,20,-2,-1,1
02/11/2004 08:32:00,42,5,20,-2,-1,1
02/11/2004 08:33:00,42,5,20,-2,-1,1
02/11/2004 08:34:00,42,5,20,-2,-1,1
02/11/2004 08:35:00,42,5,20,-2,-1,1
02/11/2004 08:36:00,42,4,21,-2,-1,1
02/11/2004 08:37:00,42,5,21,-2,-1,1
02/11/2004 08:38:00,42,5,20,-2,-1,1
02/11/2004 08:39:00,42,5,20,-2,-1,1
02/11/2004 08:40:00,42,5,20,-2,-1,1
02/11/2004 08:41:00,42,5,20,-2,-2,1
02/11/2004 08:42:00,42,5,22,-2,-1,1
02/11/2004 08:43:00,42,6,22,-2,-1,1
02/11/2004 08:44:00,42,6,22,-2,-1,1
02/11/2004 08:45:00,42,6,21,-2,-1,1
02/11/2004 08:46:00,42,6,21,-2,-1,1
02/11/2004 08:47:00,42,6,21,-2,-2,1
02/11/2004 08:48:00,42,7,21,-2,-2,1
02/11/2004 08:49:00,42,7,22,-2,-2,1
02/11/2004 08:50:00,42,6,22,-2,-2,1
02/11/2004 08:51:00,42,6,22,-2,-2,1
02/11/2004 08:52:00,42,7,22,-2,-2,1
02/11/2004 08:53:00,42,7,22,-2,-2,1
02/11/2004 08:54:00,42,8,22,-2,-2,1
02/11/2004 08:55:00,42,8,22,-2,-2,1
02/11/2004 08:56:00,42,8,23,-2,-2,1
02/11/2004 08:57:00,42,8,23,-2,-2,1
02/11/2004 08:58:00,42,7,22,-2,-2,1
02/11/2004 08:59:00,42,7,22,-2,-2,1
02/11/2004 09:00:00,42,7,22,-2,-2,1
02/11/2004 09:01:00,42,6,22,-2,-2,1
02/11/2004 09:02:00,42,6,22,-2,-1,1
02/11/2004 09:03:00,42,7,22,-2,-1,1
02/11/2004 09:04:00,42,7,22,-2,-1,1
02/11/2004 09:05:00,42,7,22,-2,-1,1
02/11/2004 09:06:00,42,7,22,-2,-1,1
02/11/2004 09:07:00,42,6,22,-2,-1,1
02/11/2004 09:08:00,42,6,22,-2,-1,1
02/11/2004 09:09:00,42,6,22,-2,0,1
02/11/2004 09:10:00,42,5,23,-2,0,1
02/11/2004 09:11:00,42,5,22,-2,0,1
02/11/2004 09:12:00,42,6,23,-2,0,1
02/11/2004 09:13:00,42,5,22,-2,0,1
02/11/2004 09:14:00,42,5,21,-2,0,1
02/11/2004 09:15:00,42,5,21,-2,0,1
02/11/2004 09:16:00,42,5,21,-2,0,1
02/11/2004 09:17:00,42,6,21,-2,0,1
02/11/2004 09:18:00,42,5,22,-2,1,1
02/11/2004 09:19:00,42,5,22,-2,1,1
02/11/2004 09:20:00,42,5,22,-2,0,1
02/11/2004 09:21:00,42,6,22,-3,0,1
02/11/2004 09:22:00,42,5,21,-2,1,1
02/11/2004 09:23:00,42,6,21,-2,1,1
02/11/2004 09:24:00,42,6,21,-2,1,1
02/11/2004 09:25:00,42,6,20,-2,1,1
02/11/2004 09:26:00,42,7,22,-2,1,1
02/11/2004 09:27:00,42,7,22,-2,1,1
02/11/2004 09:28:00,42,7,21,-2,1,1
02/11/2004 09:29:00,42,7,22,-2,1,1
02/11/2004 09:30:00,42,7,23,-2,1,1
02/11/2004 09:31:00,42,7,23,-2,1,1
02/11/2004 09:32:00,42,7,24,-2,1,1
02/11/2004 09:33:00,42,7,24,-2,1,1
02/11/2004 09:34:00,42,7,24,-2,1,1
02/11/2004 09:35:00,42,7,24,-2,1,1
02/11/2004 09:36:00,42,7,24,-2,1,1
02/11/2004 09:37:00,42,7,23,-2,1,1
02/11/2004 09:38:00,42,6,23,-2,1,1
02/11/2004 09:39:00,42,6,23,-2,2,1
02/11/2004 09:40:00,42,6,23,-2,2,1
02/11/2004 09:41:00,42,6,23,-2,1,1
02/11/2004 09:42:00,42,7,23,-2,2,1
02/11/2004 09:43:00,42,7,23,-2,1,1
02/11/2004 09:44:00,42,6,23,-2,2,1
02/11/2004 09:45:00,42,6,25,-2,1,1
02/11/2004 09:46:00,42,7,25,-2,1,1
02/11/2004 09:47:00,42,7,25,-1,1,1
02/11/2004 09:48:00,42,7,25,-1,1,1
02/11/2004 09:49:00,42,8,25,-2,2,1
02/11/2004 09:50:00,42,8,26,-2,2,1
02/11/2004 09:51:00,42,8,25,-1,2,1
02/11/2004 09:52:00,42,8,25,-1,2,1
02/11/2004 09:53:00,42,8,25,-1,2,1
02/11/2004 09:54:00,42,8,26,-1,2,1
02/11/2004 09:55:00,42,8,27,-1,2,1
02/11/2004 09:56:00,42,8,26,-1,3,1
02/11/2004 09:57:00,42,8,26,-1,3,1
02/11/2004 09:58:00,42,8,26,-1,3,1
02/11/2004 09:59:00,42,8,26,-2,3,1
02/11/2004 10:00:00,42,8,26,-2,3,1
02/11/2004 10:01:00,42,8,27,-2,2,1
02/11/2004 10:02:00,42,8,27,-1,2,1
02/11/2004 10:03:00,42,7,26,-1,2,1
02/11/2004 10:04:00,42,8,26,-1,3,1
02/11/2004 10:05:00,42,9,26,-1,3,1
02/11/2004 10:06:00,42,9,27,-1,3,1
02/11/2004 10:07:00,42,9,26,-1,2,1
02/11/2004 10:08:00,42,10,27,-1,2,1
02/11/2004 10:09:00,42,10,28,-1,3,1
02/11/2004 10:10:00,42,9,29,-1,4,1
02/11/2004 10:11:00,42,10,30,-1,4,1
02/11/2004 10:12:00,42,9,31,-1,4,1
02/11/2004 10:13:00,42,10,30,-1,5,1
02/11/2004 10:14:00,42,9,31,-1,6,1
02/11/2004 10:15:00,42,9,32,-1,5,1
02/11/2004 10:16:00,42,9,32,-1,6,1
02/11/2004 10:17:00,42,10,34,-1,5,1
02/11/2004 10:18:00,42,10,33,-2,5,1
02/11/2004 10:19:00,42,10,31,-2,5,1
02/11/2004 10:20:00,42,9,31,-2,5,1
02/11/2004 10:21:00,42,10,32,-2,5,1
02/11/2004 10:22:00,42,9,31,-2,5,1
02/11/2004 10:23:00,42,9,31,-2,5,1
02/11/2004 10:24:00,42,9,31,-2,5,1
02/11/2004 10:25:00,42,9,30,-3,5,1
02/11/2004 10:26:00,42,10,29,-3,5,1
02/11/2004 10:27:00,42,8,29,-3,5,1
02/11/2004 10:28:00,42,9,29,-3,5,1
02/11/2004 10:29:00,42,9,28,-3,4,1
02/11/2004 10:30:00,42,9,28,-3,4,1
02/11/2004 10:31:00,42,9,28,-3,3,1
02/11/2004 10:32:00,42,9,28,-4,3,1
02/11/2004 10:33:00,42,9,28,-4,2,1
02/11/2004 10:34:00,42,9,29,-4,2,1
02/11/2004 10:35:00,42,9,28,-4,2,1
02/11/2004 10:36:00,42,8,29,-4,2,1
02/11/2004 10:37:00,42,9,30,-5,3,1
02/11/2004 10:38:00,42,10,31,-4,2,1
02/11/2004 10:39:00,42,10,31,-4,2,1
02/11/2004 10:40:00,42,10,32,-5,1,1
02/11/2004 10:41:00,42,10,31,-4,1,1
02/11/2004 10:42:00,42,11,32,-4,1,1
02/11/2004 10:43:00,42,10,33,-4,0,1
02/11/2004 10:44:00,42,10,33,-4,0,1
02/11/2004 10:45:00,42,9,34,-4,-1,1
02/11/2004 10:46:00,42,9,34,-4,0,1
02/11/2004 10:47:00,42,9,36,-4,0,1
02/11/2004 10:48:00,42,9,38,-4,-1,1
02/11/2004 10:49:00,42,9,39,-3,0,1
02/11/2004 10:50:00,42,8,40,-3,0,1
02/11/2004 10:51:00,42,8,41,-3,-1,1
02/11/2004 10:52:00,42,8,43,-3,-1,1
02/11/2004 10:53:00,42,8,43,-2,-1,1
02/11/2004 10:54:00,42,6,43,-2,-1,1
02/11/2004 10:55:00,42,5,43,-2,-1,1
02/11/2004 10:56:00,42,6,43,-2,-1,1
02/11/2004 10:57:00,42,6,42,-1,-2,1
02/11/2004 10:58:00,42,7,41,-1,-2,1
02/11/2004 10:59:00,42,7,40,-1,-2,1
02/11/2004 11:00:00,42,7,40,-1,-2,1
02/11/2004 11:01:00,42,8,40,-1,-2,1
02/11/2004 11:02:00,42,8,39,-1,-2,1
02/11/2004 11:03:00,42,8,38,-1,-2,1
02/11/2004 11:04:00,42,8,37,-1,-2,1
02/11/2004 11:05:00,42,8,37,-1,-2,1
02/11/2004 11:06:00,42,8,35,-1,-2,1
02/11/2004 11:07:00,42,8,35,-1,-2,1
02/11/2004 11:08:00,42,8,34,-1,-3,1
02/11/2004 11:09:00,42,8,34,-1,-2,1
02/11/2004 11:10:00,42,7,34,-1,-3,1
02/11/2004 11:11:00,42,7,34,-1,-3,1
02/11/2004 11:12:00,42,8,32,-1,-4,1
02/11/2004 11:13:00,42,8,32,-1,-4,1
02/11/2004 11:14:00,42,8,31,0,-4,1
02/11/2004 11:15:00,42,9,31,0,-4,1
02/11/2004 11:16:00,42,9,30,0,-4,1
02/11/2004 11:17:00,42,8,30,0,-3,1
02/11/2004 11:18:00,42,8,30,0,-3,1
02/11/2004 11:19:00,42,9,31,0,-1,1
02/11/2004 11:20:00,42,8,29,0,0,1
02/11/2004 11:21:00,42,7,29,0,0,1
02/11/2004 11:22:00,42,7,29,0,1,1
02/11/2004 11:23:00,42,8,31,0,1,1
02/11/2004 11:24:00,42,8,32,0,0,1
02/11/2004 11:25:00,42,9,33,1,-1,1
02/11/2004 11:26:00,42,11,33,0,-2,1
02/11/2004 11:27:00,42,13,34,1,-3,1
02/11/2004 11:28:00,42,13,34,1,-4,1
02/11/2004 11:29:00,42,14,35,0,-4,1
02/11/2004 11:30:00,42,14,34,1,-5,1
02/11/2004 11:31:00,42,15,35,0,-5,1
02/11/2004 11:32:00,42,16,36,1,-6,1
02/11/2004 11:33:00,42,16,36,0,-6,1
02/11/2004 11:34:00,42,15,36,0,-6,1
02/11/2004 11:35:00,42,16,35,0,-7,1
02/11/2004 11:36:00,42,16,35,0,-7,1
02/11/2004 11:37:00,42,15,35,0,-7,1
02/11/2004 11:38:00,42,15,35,0,-6,1
02/11/2004 11:39:00,42,14,35,0,-6,1
02/11/2004 11:40:00,42,14,36,-1,-6,1
02/11/2004 11:41:00,42,16,35,0,-7,1
02/11/2004 11:42:00,42,15,36,0,-8,1
02/11/2004 11:43:00,42,16,38,0,-8,1
02/11/2004 11:44:00,42,17,39,0,-9,1
02/11/2004 11:45:00,42,17,39,0,-10,1
02/11/2004 11:46:00,42,16,39,0,-11,1
02/11/2004 11:47:00,42,16,40,0,-11,1
02/11/2004 11:48:00,42,15,40,0,-12,1
02/11/2004 11:49:00,42,15,40,0,-13,1
02/11/2004 11:50:00,42,15,40,0,-13,1
02/11/2004 11:51:00,42,14,40,0,-14,1
02/11/2004 11:52:00,42,14,41,0,-15,1
02/11/2004 11:53:00,42,14,40,0,-16,1
02/11/2004 11:54:00,42,14,42,0,-15,1
02/11/2004 11:55:00,42,13,40,0,-15,1
02/11/2004 11:56:00,42,12,39,0,-16,1
02/11/2004 11:57:00,42,12,40,0,-17,1
02/11/2004 11:58:00,42,11,40,0,-17,1
02/11/2004 11:59:00,42,11,40,0,-18,1
02/11/2004 12:00:00,42,10,40,0,-18,1
02/11/2004 12:01:00,42,10,39,0,-19,1
02/11/2004 12:02:00,42,10,39,-1,-20,1
02/11/2004 12:03:00,42,11,39,-1,-21,1
02/11/2004 12:04:00,42,13,39,-1,-22,1
02/11/2004 12:05:00,42,13,38,-1,-22,1
02/11/2004 12:06:00,42,14,38,-1,-23,1
02/11/2004 12:07:00,42,15,37,-1,-24,1
02/11/2004 12:08:00,42,16,39,-1,-24,1
02/11/2004 12:09:00,42,17,39,-1,-25,1
02/11/2004 12:10:00,42,19,38,-1,-25,1
02/11/2004 12:11:00,42,19,39,-1,-25,1
02/11/2004 12:12:00,42,21,39,-1,-26,1
02/11/2004 12:13:00,42,25,43,-2,-26,1
02/11/2004 12:14:00,42,26,44,-2,-26,1
02/11/2004 12:15:00,42,26,45,-3,-26,1
02/11/2004 12:16:00,42,29,44,-3,-26,1
02/11/2004 12:17:00,42,30,47,-4,-26,1
02/11/2004 12:18:00,42,32,49,-4,-26,1
02/11/2004 12:19:00,42,32,49,-4,-25,1
02/11/2004 12:20:00,42,33,51,-5,-25,1
02/11/2004 12:21:00,42,34,51,-5,-25,1
02/11/2004 12:22:00,42,34,52,-6,-25,1
02/11/2004 12:23:00,42,33,52,-6,-25,1
02/11/2004 12:24:00,42,32,52,-6,-25,1
02/11/2004 12:25:00,42,29,51,-6,-24,1
02/11/2004 12:26:00,42,27,51,-7,-25,1
02/11/2004 12:27:00,42,26,50,-7,-25,1
02/11/2004 12:28:00,42,27,51,-7,-24,1
02/11/2004 12:29:00,42,25,50,-7,-24,1
02/11/2004 12:30:00,42,25,49,-7,-24,1
02/11/2004 12:31:00,42,24,51,-7,-23,1
02/11/2004 12:32:00,42,24,52,-6,-23,1
02/11/2004 12:33:00,42,23,52,-6,-21,1
02/11/2004 12:34:00,42,24,54,-6,-20,1
02/11/2004 12:35:00,42,25,55,-6,-19,1
02/11/2004 12:36:00,42,25,56,-6,-19,1
02/11/2004 12:37:00,42,24,59,-5,-18,1
02/11/2004 12:38:00,42,24,60,-4,-17,1
02/11/2004 12:39:00,42,25,63,-4,-17,1
02/11/2004 12:40:00,42,23,64,-4,-17,1
02/11/2004 12:41:00,42,22,65,-4,-17,1
02/11/2004 12:42:00,42,22,67,-3,-18,1
02/11/2004 12:43:00,42,20,67,-3,-18,1
02/11/2004 12:44:00,42,18,69,-3,-19,1
02/11/2004 12:45:00,42,18,71,-2,-20,1
02/11/2004 12:46:00,42,18,74,-2,-20,1
02/11/2004 12:47:00,42,18,77,-1,-21,1
02/11/2004 12:48:00,42,18,77,-1,-21,1
02/11/2004 12:49:00,42,18,78,0,-22,1
02/11/2004 12:50:00,42,19,79,0,-22,1
02/11/2004 12:51:00,42,19,80,1,-23,1
02/11/2004 12:52:00,42,19,83,1,-24,1
02/11/2004 12:53:00,42,19,85,1,-24,1
02/11/2004 12:54:00,42,20,85,1,-25,1
02/11/2004 12:55:00,42,22,86,2,-24,1
02/11/2004 12:56:00,42,22,86,2,-25,1
02/11/2004 12:57:00,42,22,89,2,-25,1
02/11/2004 12:58:00,42,21,91,3,-25,1
02/11/2004 12:59:00,42,22,90,3,-26,1
02/11/2004 13:00:00,42,23,90,3,-25,1
02/11/2004 13:01:00,42,22,90,3,-26,1
02/11/2004 13:02:00,42,22,90,3,-26,1
02/11/2004 13:03:00,42,23,92,3,-26,1
02/11/2004 13:04:00,42,22,93,4,-26,1
02/11/2004 13:05:00,42,23,96,4,-27,1
02/11/2004 13:06:00,42,24,94,4,-27,1
02/11/2004 13:07:00,42,25,93,4,-27,1
02/11/2004 13:08:00,42,24,92,4,-27,1
02/11/2004 13:09:00,42,24,91,4,-28,1
02/11/2004 13:10:00,42,23,94,4,-28,1
02/11/2004 13:11:00,42,23,92,4,-28,1
02/11/2004 13:12:00,42,23,93,4,-29,1
02/11/2004 13:13:00,42,23,93,5,-29,1
02/11/2004 13:14:00,42,22,92,5,-30,1
02/11/2004 13:15:00,42,23,92,5,-30,1
02/11/2004 13:16:00,42,22,91,5,-30,1
02/11/2004 13:17:00,42,21,90,5,-30,1
02/11/2004 13:18:00,42,21,88,5,-30,1
02/11/2004 13:19:00,42,20,86,5,-30,1
02/11/2004 13:20:00,42,20,85,5,-30,1
02/11/2004 13:21:00,42,19,83,5,-30,1
02/11/2004 13:22:00,42,18,81,5,-29,1
02/11/2004 13:23:00,42,18,80,5,-30,1
02/11/2004 13:24:00,42,17,81,5,-29,1
02/11/2004 13:25:00,42,17,80,5,-29,1
02/11/2004 13:26:00,42,16,77,5,-28,1
02/11/2004 13:27:00,42,16,75,5,-28,1
02/11/2004 13:28:00,42,16,75,5,-28,1
02/11/2004 13:29:00,42,16,72,4,-28,1
02/11/2004 13:30:00,42,16,73,4,-29,1
02/11/2004 13:31:00,42,16,74,4,-29,1
02/11/2004 13:32:00,42,16,73,4,-29,1
02/11/2004 13:33:00,42,17,73,5,-30,1
02/11/2004 13:34:00,42,19,73,4,-30,1
02/11/2004 13:35:00,42,19,71,4,-29,1
02/11/2004 13:36:00,42,19,72,4,-29,1
02/11/2004 13:37:00,42,20,72,5,-29,1
02/11/2004 13:38:00,42,20,73,5,-29,1
02/11/2004 13:39:00,42,21,70,4,-29,1
02/11/2004 13:40:00,42,21,70,4,-29,1
02/11/2004 13:41:00,42,22,71,4,-29,1
02/11/2004 13:42:00,42,22,71,4,-29,1
02/11/2004 13:43:00,42,23,72,4,-29,1
02/11/2004 13:44:00,42,23,72,4,-29,1
02/11/2004 13:45:00,42,23,72,4,-30,1
02/11/2004 13:46:00,42,23,72,4,-31,1
02/11/2004 13:47:00,42,23,72,4,-31,1
02/11/2004 13:48:00,42,23,72,4,-32,1
02/11/2004 13:49:00,42,23,72,4,-32,1
02/11/2004 13:50:00,42,24,72,4,-32,1
02/11/2004 13:51:00,42,23,72,4,-32,1
02/11/2004 13:52:00,42,23,73,4,-32,1
02/11/2004 13:53:00,42,23,71,4,-32,1
02/11/2004 13:54:00,42,23,72,4,-33,1
02/11/2004 13:55:00,42,23,71,4,-33,1
02/11/2004 13:56:00,42,23,72,4,-33,1
02/11/2004 13:57:00,42,23,72,4,-33,1
02/11/2004 13:58:00,42,25,74,4,-33,1
02/11/2004 13:59:00,42,25,75,4,-34,1
02/11/2004 14:00:00,42,25,78,3,-34,1
02/11/2004 14:01:00,42,26,77,3,-34,1
02/11/2004 14:02:00,42,28,78,3,-35,1
02/11/2004 14:03:00,42,29,80,2,-35,1
02/11/2004 14:04:00,42,28,78,2,-36,1
02/11/2004 14:05:00,42,27,75,2,-36,1
02/11/2004 14:06:00,42,26,74,2,-36,1
02/11/2004 14:07:00,42,27,76,3,-36,1
02/11/2004 14:08:00,42,29,78,2,-37,1
02/11/2004 14:09:00,42,31,76,2,-38,1
02/11/2004 14:10:00,42,34,79,1,-39,1
02/11/2004 14:11:00,42,35,81,1,-39,1
02/11/2004 14:12:00,42,34,79,1,-41,1
02/11/2004 14:13:00,42,35,80,0,-41,1
02/11/2004 14:14:00,42,35,79,0,-41,1
02/11/2004 14:15:00,42,35,78,0,-42,1
02/11/2004 14:16:00,42,34,80,1,-42,1
02/11/2004 14:17:00,42,35,78,1,-42,1
02/11/2004 14:18:00,42,35,79,1,-43,1
02/11/2004 14:19:00,42,33,79,1,-43,1
02/11/2004 14:20:00,42,33,78,2,-44,1
02/11/2004 14:21:00,42,33,79,2,-44,1
02/11/2004 14:22:00,42,33,80,2,-45,1
02/11/2004 14:23:00,42,33,81,2,-46,1
02/11/2004 14:24:00,42,32,79,3,-46,1
02/11/2004 14:25:00,42,31,81,3,-47,1
02/11/2004 14:26:00,42,30,80,3,-47,1
02/11/2004 14:27:00,42,30,80,3,-48,1
02/11/2004 14:28:00,42,29,80,4,-48,1
02/11/2004 14:29:00,42,30,82,4,-48,1
02/11/2004 14:30:00,42,30,81,5,-49,1
02/11/2004 14:31:00,42,32,81,4,-49,1
02/11/2004 14:32:00,42,34,80,5,-49,1
02/11/2004 14:33:00,42,36,82,4,-50,1
02/11/2004 14:34:00,42,39,81,4,-51,1
02/11/2004 14:35:00,42,43,80,4,-52,1
02/11/2004 14:36:00,42,43,80,5,-52,1
02/11/2004 14:37:00,42,44,80,5,-52,1
02/11/2004 14:38:00,42,44,79,6,-52,1
02/11/2004 14:39:00,42,45,78,6,-53,1
02/11/2004 14:40:00,42,46,77,6,-53,1
02/11/2004 14:41:00,42,46,77,7,-53,1
02/11/2004 14:42:00,42,45,74,7,-54,1
02/11/2004 14:43:00,42,45,75,7,-54,1
02/11/2004 14:44:00,42,46,73,7,-54,1
02/11/2004 14:45:00,42,45,76,7,-54,1
02/11/2004 14:46:00,42,44,74,7,-54,1
02/11/2004 14:47:00,42,44,76,7,-54,1
02/11/2004 14:48:00,42,43,76,7,-54,1
02/11/2004 14:49:00,42,42,74,6,-55,1
02/11/2004 14:50:00,42,41,72,6,-55,1
02/11/2004 14:51:00,42,41,72,6,-56,1
02/11/2004 14:52:00,42,39,72,6,-56,1
02/11/2004 14:53:00,42,38,72,5,-56,1
02/11/2004 14:54:00,42,38,71,6,-56,1
02/11/2004 14:55:00,42,39,71,5,-57,1
02/11/2004 14:56:00,42,38,72,5,-57,1
02/11/2004 14:57:00,42,39,75,5,-57,1
02/11/2004 14:58:00,42,41,73,5,-58,1
02/11/2004 14:59:00,42,40,73,4,-58,1
02/11/2004 15:00:00,42,42,72,3,-59,1
02/11/2004 15:01:00,42,45,72,3,-60,1
02/11/2004 15:02:00,42,45,70,3,-60,1
02/11/2004 15:03:00,42,46,71,3,-61,1
02/11/2004 15:04:00,42,47,72,3,-63,1
02/11/2004 15:05:00,42,47,72,2,-64,1
02/11/2004 15:06:00,42,49,72,1,-65,1
02/11/2004 15:07:00,42,50,73,1,-65,1
02/11/2004 15:08:00,42,51,74,0,-66,1
02/11/2004 15:09:00,42,50,74,-1,-67,1
02/11/2004 15:10:00,42,51,76,-1,-67,1
02/11/2004 15:11:00,42,50,76,-1,-68,1
02/11/2004 15:12:00,42,52,76,-2,-69,1
02/11/2004 15:13:00,42,52,78,-2,-69,1
02/11/2004 15:14:00,42,53,79,-3,-70,1
02/11/2004 15:15:00,42,53,79,-3,-71,1
02/11/2004 15:16:00,42,54,79,-3,-71,1
02/11/2004 15:17:00,42,56,80,-3,-71,1
02/11/2004 15:18:00,42,57,82,-3,-71,1
02/11/2004 15:19:00,42,58,83,-3,-71,1
02/11/2004 15:20:00,42,59,85,-4,-72,1
02/11/2004 15:21:00,42,62,85,-4,-72,1
02/11/2004 15:22:00,42,63,89,-4,-72,1
02/11/2004 15:23:00,42,61,89,-4,-73,1
02/11/2004 15:24:00,42,61,91,-3,-74,1
02/11/2004 15:25:00,42,62,92,-3,-74,1
02/11/2004 15:26:00,42,62,93,-3,-75,1
02/11/2004 15:27:00,42,63,94,-3,-76,1
02/11/2004 15:28:00,42,65,96,-3,-76,1
02/11/2004 15:29:00,42,67,96,-3,-77,1
02/11/2004 15:30:00,42,68,96,-3,-77,1
02/11/2004 15:31:00,42,69,96,-3,-78,1
02/11/2004 15:32:00,42,71,100,-2,-79,1
02/11/2004 15:33:00,42,73,100,-2,-80,1
02/11/2004 15:34:00,42,74,100,-1,-81,1
02/11/2004 15:35:00,42,76,101,0,-82,1
02/11/2004 15:36:00,42,78,100,1,-82,1
02/11/2004 15:37:00,42,80,103,2,-82,1
02/11/2004 15:38:00,42,82,104,3,-82,1
02/11/2004 15:39:00,42,82,107,4,-82,1
02/11/2004 15:40:00,42,82,109,5,-83,1
02/11/2004 15:41:00,42,85,110,5,-83,1
02/11/2004 15:42:00,42,88,110,5,-83,1
02/11/2004 15:43:00,42,92,111,5,-83,1
02/11/2004 15:44:00,42,94,114,5,-83,1
02/11/2004 15:45:00,42,95,115,4,-84,1
02/11/2004 15:46:00,42,95,115,5,-85,1
02/11/2004 15:47:00,42,96,115,4,-84,1
02/11/2004 15:48:00,42,95,117,5,-86,1
02/11/2004 15:49:00,42,93,119,5,-87,1
02/11/2004 15:50:00,42,94,119,5,-88,1
02/11/2004 15:51:00,42,95,119,5,-88,1
02/11/2004 15:52:00,42,96,120,5,-88,1
02/11/2004 15:53:00,42,94,119,5,-88,1
02/11/2004 15:54:00,42,95,120,4,-89,1
02/11/2004 15:55:00,42,95,119,4,-90,1
02/11/2004 15:56:00,42,95,120,4,-90,1
02/11/2004 15:57:00,42,96,118,3,-89,1
02/11/2004 15:58:00,42,96,116,3,-89,1
02/11/2004 15:59:00,42,95,114,3,-89,1
02/11/2004 16:00:00,42,95,115,3,-90,1
02/11/2004 16:01:00,42,94,114,3,-90,1
02/11/2004 16:02:00,42,94,113,3,-91,1
02/11/2004 16:03:00,42,94,112,3,-91,1
02/11/2004 16:04:00,42,92,111,3,-92,1
02/11/2004 16:05:00,42,91,110,2,-92,1
02/11/2004 16:06:00,42,90,107,3,-92,1
02/11/2004 16:07:00,42,89,106,3,-93,1
02/11/2004 16:08:00,42,87,105,3,-93,1
02/11/2004 16:09:00,42,87,104,3,-92,1
02/11/2004 16:10:00,42,85,102,4,-92,1
02/11/2004 16:11:00,42,84,105,4,-93,1
02/11/2004 16:12:00,42,84,104,4,-93,1
02/11/2004 16:13:00,42,84,105,4,-93,1
02/11/2004 16:14:00,42,85,103,4,-93,1
02/11/2004 16:15:00,42,83,102,4,-93,1
02/11/2004 16:16:00,42,81,100,4,-92,1
02/11/2004 16:17:00,42,74,98,5,-90,1
02/11/2004 16:18:00,42,69,97,6,-90,1
02/11/2004 16:19:00,42,66,95,6,-91,1
02/11/2004 16:20:00,42,64,94,7,-91,1
02/11/2004 16:21:00,42,64,93,7,-92,1
02/11/2004 16:22:00,42,65,92,7,-92,1
02/11/2004 16:23:00,42,67,93,7,-93,1
02/11/2004 16:24:00,42,65,92,6,-94,1
02/11/2004 16:25:00,42,67,93,6,-94,1
02/11/2004 16:26:00,42,66,94,6,-94,1
02/11/2004 16:27:00,42,66,97,6,-95,1
02/11/2004 16:28:00,42,66,97,6,-95,1
02/11/2004 16:29:00,42,67,97,5,-95,1
02/11/2004 16:30:00,42,66,96,5,-95,1
02/11/2004 16:31:00,42,65,98,5,-95,1
02/11/2004 16:32:00,42,62,99,5,-95,1
02/11/2004 16:33:00,42,61,98,5,-95,1
02/11/2004 16:34:00,42,60,98,5,-95,1
02/11/2004 16:35:00,42,62,99,5,-95,1
02/11/2004 16:36:00,42,62,99,5,-95,1
02/11/2004 16:37:00,42,63,101,5,-95,1
02/11/2004 16:38:00,42,64,101,5,-95,1
02/11/2004 16:39:00,42,63,100,5,-95,1
02/11/2004 16:40:00,42,63,100,5,-95,1
02/11/2004 16:41:00,42,64,99,5,-95,1
02/11/2004 16:42:00,42,65,98,5,-95,1
02/11/2004 16:43:00,42,66,100,5,-95,1
02/11/2004 16:44:00,42,67,98,5,-94,1
02/11/2004 16:45:00,42,67,101,5,-94,1
02/11/2004 16:46:00,42,67,100,5,-95,1
02/11/2004 16:47:00,42,67,100,5,-95,1
02/11/2004 16:48:00,42,67,100,5,-95,1
02/11/2004 16:49:00,42,67,102,5,-96,1
02/11/2004 16:50:00,42,68,102,5,-96,1
02/11/2004 16:51:00,42,70,102,5,-97,1
02/11/2004 16:52:00,42,71,102,5,-97,1
02/11/2004 16:53:00,42,71,102,5,-97,1
02/11/2004 16:54:00,42,71,101,5,-97,1
02/11/2004 16:55:00,42,73,103,5,-98,1
02/11/2004 16:56:00,42,73,103,5,-99,1
02/11/2004 16:57:00,42,74,102,5,-100,1
02/11/2004 16:58:00,42,75,106,5,-100,1
02/11/2004 16:59:00,42,75,103,4,-101,1
02/11/2004 17:00:00,42,75,105,4,-102,1
02/11/2004 17:01:00,42,73,107,4,-103,1
02/11/2004 17:02:00,42,69,106,4,-103,1
02/11/2004 17:03:00,42,68,107,4,-104,1
02/11/2004 17:04:00,42,68,109,4,-104,1
02/11/2004 17:05:00,42,67,111,4,-104,1
02/11/2004 17:06:00,42,68,109,5,-105,1
02/11/2004 17:07:00,42,69,109,4,-106,1
02/11/2004 17:08:00,42,73,109,4,-106,1
02/11/2004 17:09:00,42,75,110,4,-106,1
02/11/2004 17:10:00,42,77,111,4,-107,1
02/11/2004 17:11:00,42,82,112,5,-107,1
02/11/2004 17:12:00,42,84,112,5,-107,1
02/11/2004 17:13:00,42,86,114,5,-107,1
02/11/2004 17:14:00,42,86,114,5,-106,1
02/11/2004 17:15:00,42,86,112,6,-106,1
02/11/2004 17:16:00,42,85,109,6,-105,1
02/11/2004 17:17:00,42,83,108,6,-105,1
02/11/2004 17:18:00,42,78,102,6,-103,1
02/11/2004 17:19:00,42,77,98,6,-104,1
02/11/2004 17:20:00,42,76,97,5,-105,1
02/11/2004 17:21:00,42,75,93,4,-104,1
02/11/2004 17:22:00,42,72,89,3,-104,1
02/11/2004 17:23:00,42,67,84,2,-103,1
02/11/2004 17:24:00,42,63,80,0,-103,1
02/11/2004 17:25:00,42,57,79,1,-100,1
02/11/2004 17:26:00,42,53,72,1,-100,1
02/11/2004 17:27:00,42,48,70,0,-99,1
02/11/2004 17:28:00,42,42,68,0,-98,1
02/11/2004 17:29:00,42,38,73,-1,-98,1
02/11/2004 17:30:00,42,35,80,-1,-99,1
02/11/2004 17:31:00,42,33,87,-2,-99,1
02/11/2004 17:32:00,42,34,95,-3,-99,1
02/11/2004 17:33:00,42,34,101,-4,-99,1
02/11/2004 17:34:00,42,33,109,-5,-98,1
02/11/2004 17:35:00,42,30,115,-7,-98,1
02/11/2004 17:36:00,42,26,122,-7,-98,1
02/11/2004 17:37:00,42,26,130,-8,-98,1
02/11/2004 17:38:00,42,25,137,-9,-97,1
02/11/2004 17:39:00,42,24,141,-10,-96,1
02/11/2004 17:40:00,42,28,146,-11,-96,1
02/11/2004 17:41:00,42,31,151,-12,-96,1
02/11/2004 17:42:00,42,32,153,-14,-96,1
02/11/2004 17:43:00,42,33,154,-15,-95,1
02/11/2004 17:44:00,42,33,156,-16,-95,1
02/11/2004 17:45:00,42,33,156,-17,-93,1
02/11/2004 17:46:00,42,35,154,-17,-92,1
02/11/2004 17:47:00,42,36,152,-18,-91,1
02/11/2004 17:48:00,42,39,151,-19,-90,1
02/11/2004 17:49:00,42,43,147,-19,-89,1
02/11/2004 17:50:00,42,46,145,-20,-88,1
02/11/2004 17:51:00,42,48,142,-20,-88,1
02/11/2004 17:52:00,42,51,138,-20,-87,1
02/11/2004 17:53:00,42,54,133,-20,-86,1
02/11/2004 17:54:00,42,56,129,-20,-84,1
02/11/2004 17:55:00,42,57,125,-20,-83,1
02/11/2004 17:56:00,42,60,120,-20,-83,1
02/11/2004 17:57:00,42,63,118,-20,-85,1
02/11/2004 17:58:00,42,67,119,-20,-86,1
02/11/2004 17:59:00,42,70,117,-19,-85,1
02/11/2004 18:00:00,42,72,117,-19,-85,1
02/11/2004 18:01:00,42,72,115,-18,-85,1
02/11/2004 18:02:00,42,73,112,-18,-85,1
02/11/2004 18:03:00,42,73,112,-17,-84,1
02/11/2004 18:04:00,42,72,109,-17,-84,1
02/11/2004 18:05:00,42,72,106,-16,-84,1
02/11/2004 18:06:00,42,72,103,-16,-85,1
02/11/2004 18:07:00,42,71,100,-15,-85,1
02/11/2004 18:08:00,42,72,98,-15,-85,1
02/11/2004 18:09:00,42,74,96,-14,-85,1
02/11/2004 18:10:00,42,76,94,-14,-84,1
02/11/2004 18:11:00,42,77,92,-14,-84,1
02/11/2004 18:12:00,42,77,88,-14,-86,1
02/11/2004 18:13:00,42,79,86,-13,-87,1
02/11/2004 18:14:00,42,80,85,-13,-87,1
02/11/2004 18:15:00,42,83,84,-12,-88,1
02/11/2004 18:16:00,42,83,82,-11,-88,1
02/11/2004 18:17:00,42,85,83,-11,-86,1
02/11/2004 18:18:00,42,87,81,-11,-86,1
02/11/2004 18:19:00,42,87,79,-10,-86,1
02/11/2004 18:20:00,42,88,81,-10,-87,1
02/11/2004 18:21:00,42,89,81,-9,-87,1
02/11/2004 18:22:00,42,90,79,-8,-87,1
02/11/2004 18:23:00,42,90,78,-8,-85,1
02/11/2004 18:24:00,42,89,77,-8,-84,1
02/11/2004 18:25:00,42,90,77,-7,-83,1
02/11/2004 18:26:00,42,91,75,-7,-81,1
02/11/2004 18:27:00,42,92,75,-7,-80,1
02/11/2004 18:28:00,42,93,74,-7,-79,1
02/11/2004 18:29:00,42,92,75,-6,-80,1
02/11/2004 18:30:00,42,90,74,-6,-80,1
02/11/2004 18:31:00,42,91,75,-5,-81,1
02/11/2004 18:32:00,42,90,76,-5,-82,1
02/11/2004 18:33:00,42,90,78,-4,-82,1
02/11/2004 18:34:00,42,88,79,-4,-81,1
02/11/2004 18:35:00,42,85,80,-4,-81,1
02/11/2004 18:36:00,42,83,80,-3,-82,1
02/11/2004 18:37:00,42,79,81,-3,-82,1
02/11/2004 18:38:00,42,77,81,-3,-82,1
02/11/2004 18:39:00,42,74,82,-2,-81,1
02/11/2004 18:40:00,42,73,82,-2,-81,1
02/11/2004 18:41:00,42,70,83,-2,-80,1
02/11/2004 18:42:00,42,68,81,-2,-80,1
02/11/2004 18:43:00,42,65,81,-2,-80,1
02/11/2004 18:44:00,42,63,82,-2,-81,1
02/11/2004 18:45:00,42,63,83,-2,-82,1
02/11/2004 18:46:00,42,62,83,-1,-83,1
02/11/2004 18:47:00,42,59,84,-1,-83,1
02/11/2004 18:48:00,42,59,84,-1,-82,1
02/11/2004 18:49:00,42,58,82,-2,-81,1
02/11/2004 18:50:00,42,57,80,-1,-80,1
02/11/2004 18:51:00,42,56,83,-2,-80,1
02/11/2004 18:52:00,42,54,83,-2,-79,1
02/11/2004 18:53:00,42,53,83,-2,-78,1
02/11/2004 18:54:00,42,52,82,-2,-78,1
02/11/2004 18:55:00,42,51,81,-2,-78,1
02/11/2004 18:56:00,42,50,82,-2,-78,1
02/11/2004 18:57:00,42,49,82,-2,-78,1
02/11/2004 18:58:00,42,46,78,-2,-77,1
02/11/2004 18:59:00,42,45,76,-2,-78,1
02/11/2004 19:00:00,42,44,76,-2,-77,1
02/11/2004 19:01:00,42,42,74,-2,-76,1
02/11/2004 19:02:00,42,41,75,-2,-76,1
02/11/2004 19:03:00,42,40,73,-2,-75,1
02/11/2004 19:04:00,42,38,73,-3,-75,1
02/11/2004 19:05:00,42,36,72,-3,-74,1
02/11/2004 19:06:00,42,35,70,-3,-74,1
02/11/2004 19:07:00,42,34,69,-3,-73,1
02/11/2004 19:08:00,42,33,70,-3,-73,1
02/11/2004 19:09:00,42,32,70,-3,-73,1
02/11/2004 19:10:00,42,32,69,-3,-72,1
02/11/2004 19:11:00,42,31,67,-3,-72,1
02/11/2004 19:12:00,42,31,67,-3,-71,1
02/11/2004 19:13:00,42,31,67,-3,-71,1
02/11/2004 19:14:00,42,31,66,-3,-71,1
02/11/2004 19:15:00,42,30,65,-2,-70,1
02/11/2004 19:16:00,42,29,64,-3,-69,1
02/11/2004 19:17:00,42,28,62,-2,-69,1
02/11/2004 19:18:00,42,28,61,-2,-69,1
02/11/2004 19:19:00,42,26,59,-2,-68,1
02/11/2004 19:20:00,42,27,61,-2,-68,1
02/11/2004 19:21:00,42,26,60,-2,-68,1
02/11/2004 19:22:00,42,26,59,-2,-68,1
02/11/2004 19:23:00,42,26,59,-2,-68,1
02/11/2004 19:24:00,42,26,60,-2,-69,1
02/11/2004 19:25:00,42,26,59,-2,-69,1
02/11/2004 19:26:00,42,26,59,-2,-69,1
02/11/2004 19:27:00,42,27,60,-2,-69,1
02/11/2004 19:28:00,42,26,60,-2,-68,1
02/11/2004 19:29:00,42,26,61,-2,-67,1
02/11/2004 19:30:00,42,25,58,-2,-66,1
02/11/2004 19:31:00,42,23,57,-1,-66,1
02/11/2004 19:32:00,42,23,56,-2,-67,1
02/11/2004 19:33:00,42,23,55,-2,-67,1
02/11/2004 19:34:00,42,23,54,-2,-66,1
02/11/2004 19:35:00,42,24,58,-1,-66,1
02/11/2004 19:36:00,42,23,58,-1,-65,1
02/11/2004 19:37:00,42,23,55,-1,-65,1
02/11/2004 19:38:00,42,23,59,-2,-66,1
02/11/2004 19:39:00,42,23,59,-2,-67,1
02/11/2004 19:40:00,42,24,58,-2,-68,1
02/11/2004 19:41:00,42,26,62,-2,-70,1
02/11/2004 19:42:00,42,28,64,-2,-71,1
02/11/2004 19:43:00,42,31,63,-2,-73,1
02/11/2004 19:44:00,42,34,63,-2,-75,1
02/11/2004 19:45:00,42,36,61,-2,-76,1
02/11/2004 19:46:00,42,37,59,-2,-77,1
02/11/2004 19:47:00,42,36,58,-2,-77,1
02/11/2004 19:48:00,42,36,55,-2,-78,1
02/11/2004 19:49:00,42,34,53,-3,-77,1
02/11/2004 19:50:00,42,32,51,-3,-77,1
02/11/2004 19:51:00,42,31,50,-4,-77,1
02/11/2004 19:52:00,42,28,48,-4,-77,1
02/11/2004 19:53:00,42,27,48,-4,-77,1
02/11/2004 19:54:00,42,26,45,-4,-76,1
02/11/2004 19:55:00,42,26,45,-4,-76,1
02/11/2004 19:56:00,42,25,44,-5,-75,1
02/11/2004 19:57:00,42,26,45,-4,-75,1
02/11/2004 19:58:00,42,26,44,-5,-75,1
02/11/2004 19:59:00,42,25,45,-5,-74,1
02/11/2004 20:00:00,42,25,45,-5,-74,1
02/11/2004 20:01:00,42,25,44,-5,-74,1
02/11/2004 20:02:00,42,25,45,-5,-73,1
02/11/2004 20:03:00,42,25,46,-5,-73,1
02/11/2004 20:04:00,42,25,45,-5,-73,1
02/11/2004 20:05:00,42,25,45,-5,-72,1
02/11/2004 20:06:00,42,25,44,-5,-72,1
02/11/2004 20:07:00,42,26,46,-5,-72,1
02/11/2004 20:08:00,42,27,46,-5,-71,1
02/11/2004 20:09:00,42,27,46,-5,-71,1
02/11/2004 20:10:00,42,27,46,-5,-71,1
02/11/2004 20:11:00,42,28,47,-5,-71,1
02/11/2004 20:12:00,42,28,46,-5,-70,1
02/11/2004 20:13:00,42,27,45,-5,-70,1
02/11/2004 20:14:00,42,27,46,-5,-70,1
02/11/2004 20:15:00,42,26,46,-5,-70,1
02/11/2004 20:16:00,42,26,46,-5,-70,1
02/11/2004 20:17:00,42,26,44,-5,-70,1
02/11/2004 20:18:00,42,26,45,-5,-70,1
02/11/2004 20:19:00,42,26,45,-5,-70,1
02/11/2004 20:20:00,42,27,45,-5,-69,1
02/11/2004 20:21:00,42,28,46,-5,-69,1
02/11/2004 20:22:00,42,30,46,-5,-69,1
02/11/2004 20:23:00,42,30,47,-6,-68,1
02/11/2004 20:24:00,42,30,45,-6,-68,1
02/11/2004 20:25:00,42,31,45,-6,-68,1
02/11/2004 20:26:00,42,31,46,-6,-68,1
02/11/2004 20:27:00,42,32,47,-6,-67,1
02/11/2004 20:28:00,42,34,46,-6,-67,1
02/11/2004 20:29:00,42,34,47,-6,-67,1
02/11/2004 20:30:00,42,34,46,-6,-66,1
02/11/2004 20:31:00,42,34,47,-6,-66,1
02/11/2004 20:32:00,42,36,48,-6,-66,1
02/11/2004 20:33:00,42,38,48,-6,-66,1
02/11/2004 20:34:00,42,39,47,-6,-67,1
02/11/2004 20:35:00,42,38,48,-6,-67,1
02/11/2004 20:36:00,42,39,47,-6,-67,1
02/11/2004 20:37:00,42,39,44,-6,-67,1
02/11/2004 20:38:00,42,40,44,-6,-68,1
02/11/2004 20:39:00,42,40,43,-6,-68,1
02/11/2004 20:40:00,42,40,42,-6,-67,1
02/11/2004 20:41:00,42,40,41,-6,-67,1
02/11/2004 20:42:00,42,40,41,-6,-66,1
02/11/2004 20:43:00,42,40,41,-6,-66,1
02/11/2004 20:44:00,42,40,41,-6,-67,1
02/11/2004 20:45:00,42,39,41,-6,-67,1
02/11/2004 20:46:00,42,38,39,-6,-67,1
02/11/2004 20:47:00,42,37,39,-6,-67,1
02/11/2004 20:48:00,42,38,41,-6,-67,1
02/11/2004 20:49:00,42,40,41,-6,-67,1
02/11/2004 20:50:00,42,40,42,-6,-67,1
02/11/2004 20:51:00,42,41,43,-6,-67,1
02/11/2004 20:52:00,42,41,42,-7,-66,1
02/11/2004 20:53:00,42,43,43,-7,-66,1
02/11/2004 20:54:00,42,43,45,-7,-67,1
02/11/2004 20:55:00,42,44,42,-7,-66,1
02/11/2004 20:56:00,42,44,43,-7,-66,1
02/11/2004 20:57:00,42,44,44,-7,-67,1
02/11/2004 20:58:00,42,45,43,-7,-67,1
02/11/2004 20:59:00,42,46,41,-7,-67,1
02/11/2004 21:00:00,42,46,42,-7,-68,1
02/11/2004 21:01:00,42,47,42,-6,-68,1
02/11/2004 21:02:00,42,47,42,-6,-68,1
02/11/2004 21:03:00,42,48,42,-6,-68,1
02/11/2004 21:04:00,42,47,40,-6,-69,1
02/11/2004 21:05:00,42,47,39,-6,-69,1
02/11/2004 21:06:00,42,47,39,-6,-69,1
02/11/2004 21:07:00,42,47,38,-6,-69,1
02/11/2004 21:08:00,42,47,40,-6,-70,1
02/11/2004 21:09:00,42,47,42,-6,-69,1
02/11/2004 21:10:00,42,49,43,-6,-70,1
02/11/2004 21:11:00,42,49,42,-6,-70,1
02/11/2004 21:12:00,42,48,42,-6,-70,1
02/11/2004 21:13:00,42,48,43,-6,-70,1
02/11/2004 21:14:00,42,48,42,-6,-70,1
02/11/2004 21:15:00,42,47,41,-6,-70,1
02/11/2004 21:16:00,42,46,41,-5,-70,1
02/11/2004 21:17:00,42,46,41,-5,-71,1
02/11/2004 21:18:00,42,46,39,-5,-71,1
02/11/2004 21:19:00,42,45,39,-5,-71,1
02/11/2004 21:20:00,42,43,39,-5,-72,1
02/11/2004 21:21:00,42,43,39,-5,-72,1
02/11/2004 21:22:00,42,42,38,-5,-72,1
02/11/2004 21:23:00,42,41,39,-5,-72,1
02/11/2004 21:24:00,42,41,40,-5,-73,1
02/11/2004 21:25:00,42,41,40,-5,-72,1
02/11/2004 21:26:00,42,40,40,-4,-72,1
02/11/2004 21:27:00,42,40,40,-4,-73,1
02/11/2004 21:28:00,42,40,39,-5,-73,1
02/11/2004 21:29:00,42,39,39,-5,-73,1
02/11/2004 21:30:00,42,39,38,-5,-73,1
02/11/2004 21:31:00,42,39,38,-5,-72,1
02/11/2004 21:32:00,42,38,39,-5,-72,1
02/11/2004 21:33:00,42,38,39,-5,-72,1
02/11/2004 21:34:00,42,38,37,-5,-72,1
02/11/2004 21:35:00,42,38,37,-5,-72,1
02/11/2004 21:36:00,42,40,38,-5,-72,1
02/11/2004 21:37:00,42,40,38,-5,-71,1
02/11/2004 21:38:00,42,41,39,-5,-71,1
02/11/2004 21:39:00,42,40,38,-5,-70,1
02/11/2004 21:40:00,42,41,37,-5,-70,1
02/11/2004 21:41:00,42,41,37,-5,-70,1
02/11/2004 21:42:00,42,41,37,-5,-70,1
02/11/2004 21:43:00,42,42,38,-5,-70,1
02/11/2004 21:44:00,42,43,40,-5,-70,1
02/11/2004 21:45:00,42,42,39,-5,-70,1
02/11/2004 21:46:00,42,43,40,-5,-70,1
02/11/2004 21:47:00,42,43,41,-5,-71,1
02/11/2004 21:48:00,42,43,38,-5,-70,1
02/11/2004 21:49:00,42,43,37,-5,-70,1
02/11/2004 21:50:00,42,43,38,-5,-70,1
02/11/2004 21:51:00,42,43,39,-5,-70,1
02/11/2004 21:52:00,42,43,40,-5,-70,1
02/11/2004 21:53:00,42,43,40,-5,-69,1
02/11/2004 21:54:00,42,43,39,-5,-68,1
02/11/2004 21:55:00,42,43,39,-5,-68,1
02/11/2004 21:56:00,42,45,42,-5,-68,1
02/11/2004 21:57:00,42,45,41,-5,-68,1
02/11/2004 21:58:00,42,44,41,-6,-68,1
02/11/2004 21:59:00,42,43,41,-6,-68,1
02/11/2004 22:00:00,42,43,40,-6,-68,1
02/11/2004 22:01:00,42,42,41,-6,-68,1
02/11/2004 22:02:00,42,42,40,-6,-68,1
02/11/2004 22:03:00,42,42,41,-6,-68,1
02/11/2004 22:04:00,42,42,41,-6,-68,1
02/11/2004 22:05:00,42,40,40,-6,-67,1
02/11/2004 22:06:00,42,40,40,-6,-67,1
02/11/2004 22:07:00,42,40,39,-6,-68,1
02/11/2004 22:08:00,42,41,39,-6,-68,1
02/11/2004 22:09:00,42,39,39,-6,-67,1
02/11/2004 22:10:00,42,38,39,-6,-67,1
02/11/2004 22:11:00,42,37,38,-6,-67,1
02/11/2004 22:12:00,42,39,38,-6,-67,1
02/11/2004 22:13:00,42,37,37,-7,-66,1
02/11/2004 22:14:00,42,36,38,-6,-66,1
02/11/2004 22:15:00,42,34,37,-6,-65,1
02/11/2004 22:16:00,42,32,38,-6,-66,1
02/11/2004 22:17:00,42,32,37,-6,-66,1
02/11/2004 22:18:00,42,31,35,-6,-66,1
02/11/2004 22:19:00,42,29,33,-6,-65,1
02/11/2004 22:20:00,42,30,34,-6,-65,1
02/11/2004 22:21:00,42,31,35,-6,-65,1
02/11/2004 22:22:00,42,31,36,-6,-64,1
02/11/2004 22:23:00,42,31,37,-6,-64,1
02/11/2004 22:24:00,42,31,37,-6,-63,1
02/11/2004 22:25:00,42,33,36,-6,-63,1
02/11/2004 22:26:00,42,32,37,-6,-62,1
02/11/2004 22:27:00,42,32,36,-6,-62,1
02/11/2004 22:28:00,42,32,35,-6,-62,1
02/11/2004 22:29:00,42,32,36,-6,-62,1
02/11/2004 22:30:00,42,32,34,-6,-62,1
02/11/2004 22:31:00,42,33,35,-6,-61,1
02/11/2004 22:32:00,42,33,36,-6,-60,1
02/11/2004 22:33:00,42,31,35,-6,-60,1
02/11/2004 22:34:00,42,31,34,-6,-60,1
02/11/2004 22:35:00,42,31,34,-6,-60,1
02/11/2004 22:36:00,42,30,34,-6,-60,1
02/11/2004 22:37:00,42,29,34,-6,-60,1
02/11/2004 22:38:00,42,29,34,-6,-59,1
02/11/2004 22:39:00,42,29,36,-6,-59,1
02/11/2004 22:40:00,42,30,36,-6,-59,1
02/11/2004 22:41:00,42,30,36,-5,-59,1
02/11/2004 22:42:00,42,30,35,-5,-58,1
02/11/2004 22:43:00,42,31,36,-5,-58,1
02/11/2004 22:44:00,42,32,37,-5,-59,1
02/11/2004 22:45:00,42,33,36,-5,-59,1
02/11/2004 22:46:00,42,32,36,-5,-58,1
02/11/2004 22:47:00,42,32,36,-5,-58,1
02/11/2004 22:48:00,42,31,35,-5,-58,1
02/11/2004 22:49:00,42,31,35,-5,-57,1
02/11/2004 22:50:00,42,30,34,-5,-57,1
02/11/2004 22:51:00,42,30,35,-5,-57,1
02/11/2004 22:52:00,42,30,34,-5,-58,1
02/11/2004 22:53:00,42,29,34,-5,-57,1
02/11/2004 22:54:00,42,28,33,-5,-57,1
02/11/2004 22:55:00,42,28,34,-5,-57,1
02/11/2004 22:56:00,42,29,34,-5,-57,1
02/11/2004 22:57:00,42,29,35,-5,-56,1
02/11/2004 22:58:00,42,29,35,-5,-56,1
02/11/2004 22:59:00,42,29,35,-5,-56,1
02/11/2004 23:00:00,42,29,35,-5,-56,1
02/11/2004 23:01:00,42,29,35,-5,-56,1
02/11/2004 23:02:00,42,30,36,-5,-55,1
02/11/2004 23:03:00,42,29,35,-5,-55,1
02/11/2004 23:04:00,42,30,35,-4,-54,1
02/11/2004 23:05:00,42,30,36,-4,-54,1
02/11/2004 23:06:00,42,30,36,-4,-53,1
02/11/2004 23:07:00,42,27,35,-4,-53,1
02/11/2004 23:08:00,42,27,34,-5,-52,1
02/11/2004 23:09:00,42,26,34,-5,-52,1
02/11/2004 23:10:00,42,30,37,-4,-51,1
02/11/2004 23:11:00,42,32,39,-4,-50,1
02/11/2004 23:12:00,42,34,41,-4,-51,1
02/11/2004 23:13:00,42,35,39,-4,-51,1
02/11/2004 23:14:00,42,36,39,-3,-51,1
02/11/2004 23:15:00,42,36,39,-3,-51,1
02/11/2004 23:16:00,42,37,38,-4,-52,1
02/11/2004 23:17:00,42,34,36,-4,-52,1
02/11/2004 23:18:00,42,32,35,-4,-52,1
02/11/2004 23:19:00,42,28,33,-5,-52,1
02/11/2004 23:20:00,42,26,32,-5,-53,1
02/11/2004 23:21:00,42,25,31,-5,-53,1
02/11/2004 23:22:00,42,25,31,-5,-53,1
02/11/2004 23:23:00,42,26,32,-5,-52,1
02/11/2004 23:24:00,42,24,33,-5,-52,1
02/11/2004 23:25:00,42,23,31,-5,-53,1
02/11/2004 23:26:00,42,23,31,-5,-52,1
02/11/2004 23:27:00,42,25,32,-5,-53,1
02/11/2004 23:28:00,42,24,32,-5,-52,1
02/11/2004 23:29:00,42,22,33,-5,-53,1
02/11/2004 23:30:00,42,22,33,-5,-52,1
02/11/2004 23:31:00,42,22,33,-4,-52,1
02/11/2004 23:32:00,42,22,33,-4,-52,1
02/11/2004 23:33:00,42,22,34,-4,-52,1
02/11/2004 23:34:00,42,22,35,-4,-52,1
02/11/2004 23:35:00,42,23,36,-4,-51,1
02/11/2004 23:36:00,42,24,36,-4,-51,1
02/11/2004 23:37:00,42,24,36,-4,-51,1
02/11/2004 23:38:00,42,23,36,-4,-50,1
02/11/2004 23:39:00,42,25,35,-5,-50,1
02/11/2004 23:40:00,42,25,36,-5,-50,1
02/11/2004 23:41:00,42,25,37,-5,-50,1
02/11/2004 23:42:00,42,25,36,-5,-50,1
02/11/2004 23:43:00,42,24,36,-5,-50,1
02/11/2004 23:44:00,42,24,36,-5,-50,1
02/11/2004 23:45:00,42,26,36,-5,-50,1
02/11/2004 23:46:00,42,24,35,-5,-50,1
02/11/2004 23:47:00,42,23,35,-5,-50,1
02/11/2004 23:48:00,42,24,35,-5,-49,1
02/11/2004 23:49:00,42,23,34,-6,-49,1
02/11/2004 23:50:00,42,23,33,-6,-50,1
02/11/2004 23:51:00,42,23,33,-6,-50,1
02/11/2004 23:52:00,42,23,32,-6,-50,1
02/11/2004 23:53:00,42,23,32,-6,-50,1
02/11/2004 23:54:00,42,23,34,-6,-49,1
02/11/2004 23:55:00,42,22,33,-6,-49,1
02/11/2004 23:56:00,42,22,33,-6,-49,1
02/11/2004 23:57:00,42,22,32,-6,-49,1
02/11/2004 23:58:00,42,20,31,-6,-49,1
02/11/2004 23:59:00,42,21,33,-6,-50,1
