DateTime,DOY,ASY_D,ASY_H,SYM_D,SYM_H,Location
09/03/2002 00:00:00,246,26,13,1,9,1
09/03/2002 00:01:00,246,26,13,1,9,1
09/03/2002 00:02:00,246,26,13,1,9,1
09/03/2002 00:03:00,246,25,14,1,9,1
09/03/2002 00:04:00,246,25,13,1,9,1
09/03/2002 00:05:00,246,26,13,1,9,1
09/03/2002 00:06:00,246,25,13,2,9,1
09/03/2002 00:07:00,246,25,15,2,9,1
09/03/2002 00:08:00,246,25,15,1,9,1
09/03/2002 00:09:00,246,25,15,2,9,1
09/03/2002 00:10:00,246,26,15,2,9,1
09/03/2002 00:11:00,246,25,15,2,9,1
09/03/2002 00:12:00,246,25,15,2,9,1
09/03/2002 00:13:00,246,25,15,2,9,1
09/03/2002 00:14:00,246,25,17,2,9,1
09/03/2002 00:15:00,246,24,17,2,9,1
09/03/2002 00:16:00,246,24,17,2,9,1
09/03/2002 00:17:00,246,24,17,2,10,1
09/03/2002 00:18:00,246,24,17,2,10,1
09/03/2002 00:19:00,246,24,17,2,10,1
09/03/2002 00:20:00,246,24,17,2,10,1
09/03/2002 00:21:00,246,23,17,2,11,1
09/03/2002 00:22:00,246,23,17,2,10,1
09/03/2002 00:23:00,246,23,17,2,10,1
09/03/2002 00:24:00,246,22,17,2,11,1
09/03/2002 00:25:00,246,22,18,2,11,1
09/03/2002 00:26:00,246,22,17,2,10,1
09/03/2002 00:27:00,246,22,17,2,10,1
09/03/2002 00:28:00,246,21,18,2,10,1
09/03/2002 00:29:00,246,22,17,2,10,1
09/03/2002 00:30:00,246,21,17,2,11,1
09/03/2002 00:31:00,246,21,17,2,11,1
09/03/2002 00:32:00,246,21,17,2,11,1
09/03/2002 00:33:00,246,21,17,2,11,1
09/03/2002 00:34:00,246,20,18,3,11,1
09/03/2002 00:35:00,246,20,17,2,11,1
09/03/2002 00:36:00,246,20,17,2,11,1
09/03/2002 00:37:00,246,20,17,3,11,1
09/03/2002 00:38:00,246,20,17,3,12,1
09/03/2002 00:39:00,246,20,18,3,12,1
09/03/2002 00:40:00,246,19,18,3,12,1
09/03/2002 00:41:00,246,19,18,3,12,1
09/03/2002 00:42:00,246,19,18,3,12,1
09/03/2002 00:43:00,246,19,18,3,12,1
09/03/2002 00:44:00,246,19,18,3,12,1
09/03/2002 00:45:00,246,18,18,3,12,1
09/03/2002 00:46:00,246,17,18,3,12,1
09/03/2002 00:47:00,246,18,17,3,12,1
09/03/2002 00:48:00,246,19,18,3,12,1
09/03/2002 00:49:00,246,18,17,3,12,1
09/03/2002 00:50:00,246,18,17,3,12,1
09/03/2002 00:51:00,246,18,18,3,11,1
09/03/2002 00:52:00,246,19,18,3,11,1
09/03/2002 00:53:00,246,18,17,3,11,1
09/03/2002 00:54:00,246,18,17,3,11,1
09/03/2002 00:55:00,246,18,18,3,11,1
09/03/2002 00:56:00,246,17,17,3,11,1
09/03/2002 00:57:00,246,18,16,3,10,1
09/03/2002 00:58:00,246,18,16,3,11,1
09/03/2002 00:59:00,246,17,16,3,11,1
09/03/2002 01:00:00,246,16,17,2,11,1
09/03/2002 01:01:00,246,16,17,2,11,1
09/03/2002 01:02:00,246,15,17,2,11,1
09/03/2002 01:03:00,246,15,17,2,11,1
09/03/2002 01:04:00,246,15,17,2,11,1
09/03/2002 01:05:00,246,15,16,2,11,1
09/03/2002 01:06:00,246,15,16,2,11,1
09/03/2002 01:07:00,246,14,16,2,11,1
09/03/2002 01:08:00,246,15,16,2,11,1
09/03/2002 01:09:00,246,14,17,2,11,1
09/03/2002 01:10:00,246,14,17,2,11,1
09/03/2002 01:11:00,246,14,16,2,10,1
09/03/2002 01:12:00,246,13,16,2,11,1
09/03/2002 01:13:00,246,12,16,2,11,1
09/03/2002 01:14:00,246,12,15,1,10,1
09/03/2002 01:15:00,246,12,16,1,10,1
09/03/2002 01:16:00,246,11,16,1,10,1
09/03/2002 01:17:00,246,12,15,1,10,1
09/03/2002 01:18:00,246,11,15,1,10,1
09/03/2002 01:19:00,246,10,15,1,10,1
09/03/2002 01:20:00,246,10,14,1,10,1
09/03/2002 01:21:00,246,10,15,1,10,1
09/03/2002 01:22:00,246,10,15,1,10,1
09/03/2002 01:23:00,246,10,15,1,10,1
09/03/2002 01:24:00,246,9,15,1,10,1
09/03/2002 01:25:00,246,9,15,1,10,1
09/03/2002 01:26:00,246,10,15,1,10,1
09/03/2002 01:27:00,246,9,16,1,10,1
09/03/2002 01:28:00,246,9,16,1,10,1
09/03/2002 01:29:00,246,8,16,1,10,1
09/03/2002 01:30:00,246,8,15,1,10,1
09/03/2002 01:31:00,246,8,15,1,10,1
09/03/2002 01:32:00,246,8,15,1,10,1
09/03/2002 01:33:00,246,8,15,1,10,1
09/03/2002 01:34:00,246,8,15,1,10,1
09/03/2002 01:35:00,246,7,15,1,10,1
09/03/2002 01:36:00,246,7,15,0,10,1
09/03/2002 01:37:00,246,7,15,0,10,1
09/03/2002 01:38:00,246,7,15,0,9,1
09/03/2002 01:39:00,246,6,15,0,9,1
09/03/2002 01:40:00,246,7,15,0,9,1
09/03/2002 01:41:00,246,6,14,0,9,1
09/03/2002 01:42:00,246,6,15,0,9,1
09/03/2002 01:43:00,246,5,15,0,9,1
09/03/2002 01:44:00,246,5,15,0,9,1
09/03/2002 01:45:00,246,6,13,0,9,1
09/03/2002 01:46:00,246,6,13,0,9,1
09/03/2002 01:47:00,246,5,13,0,9,1
09/03/2002 01:48:00,246,6,14,0,9,1
09/03/2002 01:49:00,246,6,15,0,9,1
09/03/2002 01:50:00,246,6,14,0,9,1
09/03/2002 01:51:00,246,6,14,0,9,1
09/03/2002 01:52:00,246,6,14,0,9,1
09/03/2002 01:53:00,246,6,15,0,9,1
09/03/2002 01:54:00,246,6,15,0,9,1
09/03/2002 01:55:00,246,6,15,0,9,1
09/03/2002 01:56:00,246,6,14,0,9,1
09/03/2002 01:57:00,246,7,14,0,9,1
09/03/2002 01:58:00,246,7,14,0,10,1
09/03/2002 01:59:00,246,7,15,0,9,1
09/03/2002 02:00:00,246,7,15,0,9,1
09/03/2002 02:01:00,246,7,15,0,10,1
09/03/2002 02:02:00,246,7,15,0,10,1
09/03/2002 02:03:00,246,7,15,0,10,1
09/03/2002 02:04:00,246,7,15,0,10,1
09/03/2002 02:05:00,246,7,15,0,10,1
09/03/2002 02:06:00,246,7,15,0,10,1
09/03/2002 02:07:00,246,7,15,0,10,1
09/03/2002 02:08:00,246,7,15,0,10,1
09/03/2002 02:09:00,246,7,15,0,10,1
09/03/2002 02:10:00,246,7,14,0,10,1
09/03/2002 02:11:00,246,7,14,0,10,1
09/03/2002 02:12:00,246,7,14,0,10,1
09/03/2002 02:13:00,246,6,14,0,10,1
09/03/2002 02:14:00,246,6,14,0,10,1
09/03/2002 02:15:00,246,6,14,0,10,1
09/03/2002 02:16:00,246,7,14,0,10,1
09/03/2002 02:17:00,246,7,14,0,10,1
09/03/2002 02:18:00,246,7,13,0,10,1
09/03/2002 02:19:00,246,6,14,0,10,1
09/03/2002 02:20:00,246,6,14,0,11,1
09/03/2002 02:21:00,246,6,14,0,11,1
09/03/2002 02:22:00,246,6,15,0,11,1
09/03/2002 02:23:00,246,6,14,0,11,1
09/03/2002 02:24:00,246,6,14,0,11,1
09/03/2002 02:25:00,246,6,14,0,11,1
09/03/2002 02:26:00,246,6,14,0,11,1
09/03/2002 02:27:00,246,7,14,0,12,1
09/03/2002 02:28:00,246,8,14,0,12,1
09/03/2002 02:29:00,246,8,14,0,12,1
09/03/2002 02:30:00,246,8,15,0,12,1
09/03/2002 02:31:00,246,8,15,0,12,1
09/03/2002 02:32:00,246,8,15,0,13,1
09/03/2002 02:33:00,246,8,15,0,13,1
09/03/2002 02:34:00,246,8,15,0,13,1
09/03/2002 02:35:00,246,8,15,0,13,1
09/03/2002 02:36:00,246,9,15,0,13,1
09/03/2002 02:37:00,246,8,13,0,13,1
09/03/2002 02:38:00,246,8,14,0,14,1
09/03/2002 02:39:00,246,9,14,0,14,1
09/03/2002 02:40:00,246,8,15,0,15,1
09/03/2002 02:41:00,246,8,16,0,16,1
09/03/2002 02:42:00,246,8,14,0,16,1
09/03/2002 02:43:00,246,9,14,1,17,1
09/03/2002 02:44:00,246,9,15,1,17,1
09/03/2002 02:45:00,246,9,15,1,17,1
09/03/2002 02:46:00,246,9,15,1,17,1
09/03/2002 02:47:00,246,10,14,0,17,1
09/03/2002 02:48:00,246,10,14,0,17,1
09/03/2002 02:49:00,246,10,13,0,18,1
09/03/2002 02:50:00,246,10,13,0,18,1
09/03/2002 02:51:00,246,11,12,0,18,1
09/03/2002 02:52:00,246,12,12,0,18,1
09/03/2002 02:53:00,246,12,12,0,18,1
09/03/2002 02:54:00,246,12,12,0,18,1
09/03/2002 02:55:00,246,13,12,0,18,1
09/03/2002 02:56:00,246,13,11,0,18,1
09/03/2002 02:57:00,246,13,11,0,18,1
09/03/2002 02:58:00,246,13,11,0,19,1
09/03/2002 02:59:00,246,13,11,0,19,1
09/03/2002 03:00:00,246,13,12,0,19,1
09/03/2002 03:01:00,246,13,12,0,19,1
09/03/2002 03:02:00,246,13,11,0,19,1
09/03/2002 03:03:00,246,14,11,0,20,1
09/03/2002 03:04:00,246,14,11,0,20,1
09/03/2002 03:05:00,246,14,11,0,20,1
09/03/2002 03:06:00,246,14,10,0,20,1
09/03/2002 03:07:00,246,14,9,0,19,1
09/03/2002 03:08:00,246,14,9,0,19,1
09/03/2002 03:09:00,246,15,8,0,19,1
09/03/2002 03:10:00,246,15,8,0,19,1
09/03/2002 03:11:00,246,15,9,0,18,1
09/03/2002 03:12:00,246,15,8,0,19,1
09/03/2002 03:13:00,246,16,8,0,18,1
09/03/2002 03:14:00,246,16,9,0,18,1
09/03/2002 03:15:00,246,17,8,0,18,1
09/03/2002 03:16:00,246,16,9,0,19,1
09/03/2002 03:17:00,246,16,8,0,19,1
09/03/2002 03:18:00,246,17,8,1,20,1
09/03/2002 03:19:00,246,16,8,1,21,1
09/03/2002 03:20:00,246,15,8,1,21,1
09/03/2002 03:21:00,246,15,9,0,21,1
09/03/2002 03:22:00,246,15,9,1,21,1
09/03/2002 03:23:00,246,14,9,1,21,1
09/03/2002 03:24:00,246,14,9,0,21,1
09/03/2002 03:25:00,246,14,8,0,21,1
09/03/2002 03:26:00,246,15,9,0,21,1
09/03/2002 03:27:00,246,15,9,0,21,1
09/03/2002 03:28:00,246,16,9,1,21,1
09/03/2002 03:29:00,246,15,8,1,21,1
09/03/2002 03:30:00,246,15,8,1,22,1
09/03/2002 03:31:00,246,15,9,1,22,1
09/03/2002 03:32:00,246,15,9,1,22,1
09/03/2002 03:33:00,246,15,9,1,22,1
09/03/2002 03:34:00,246,15,9,1,22,1
09/03/2002 03:35:00,246,16,9,1,22,1
09/03/2002 03:36:00,246,15,9,1,23,1
09/03/2002 03:37:00,246,15,9,1,23,1
09/03/2002 03:38:00,246,15,9,1,23,1
09/03/2002 03:39:00,246,15,9,1,23,1
09/03/2002 03:40:00,246,15,9,1,24,1
09/03/2002 03:41:00,246,15,9,1,23,1
09/03/2002 03:42:00,246,15,8,0,24,1
09/03/2002 03:43:00,246,14,9,1,24,1
09/03/2002 03:44:00,246,14,9,1,24,1
09/03/2002 03:45:00,246,14,9,1,24,1
09/03/2002 03:46:00,246,14,9,1,24,1
09/03/2002 03:47:00,246,14,10,1,24,1
09/03/2002 03:48:00,246,13,10,0,24,1
09/03/2002 03:49:00,246,14,10,0,24,1
09/03/2002 03:50:00,246,14,10,0,24,1
09/03/2002 03:51:00,246,13,10,1,24,1
09/03/2002 03:52:00,246,13,10,0,25,1
09/03/2002 03:53:00,246,13,9,0,24,1
09/03/2002 03:54:00,246,13,9,0,24,1
09/03/2002 03:55:00,246,14,9,0,24,1
09/03/2002 03:56:00,246,14,9,1,24,1
09/03/2002 03:57:00,246,14,9,1,24,1
09/03/2002 03:58:00,246,14,9,1,24,1
09/03/2002 03:59:00,246,14,9,1,24,1
09/03/2002 04:00:00,246,14,10,1,24,1
09/03/2002 04:01:00,246,14,10,1,24,1
09/03/2002 04:02:00,246,13,10,1,24,1
09/03/2002 04:03:00,246,13,10,0,24,1
09/03/2002 04:04:00,246,14,11,0,24,1
09/03/2002 04:05:00,246,14,11,0,24,1
09/03/2002 04:06:00,246,13,10,0,24,1
09/03/2002 04:07:00,246,13,9,0,25,1
09/03/2002 04:08:00,246,13,9,0,25,1
09/03/2002 04:09:00,246,12,9,1,25,1
09/03/2002 04:10:00,246,12,9,1,25,1
09/03/2002 04:11:00,246,12,10,1,25,1
09/03/2002 04:12:00,246,11,9,1,25,1
09/03/2002 04:13:00,246,11,9,1,25,1
09/03/2002 04:14:00,246,12,10,1,24,1
09/03/2002 04:15:00,246,11,10,1,24,1
09/03/2002 04:16:00,246,11,10,1,24,1
09/03/2002 04:17:00,246,11,10,1,24,1
09/03/2002 04:18:00,246,9,9,1,24,1
09/03/2002 04:19:00,246,9,9,1,25,1
09/03/2002 04:20:00,246,9,9,1,24,1
09/03/2002 04:21:00,246,9,9,1,24,1
09/03/2002 04:22:00,246,9,10,1,23,1
09/03/2002 04:23:00,246,10,11,1,23,1
09/03/2002 04:24:00,246,10,11,1,22,1
09/03/2002 04:25:00,246,9,12,1,22,1
09/03/2002 04:26:00,246,9,11,1,22,1
09/03/2002 04:27:00,246,10,11,1,22,1
09/03/2002 04:28:00,246,10,11,1,22,1
09/03/2002 04:29:00,246,9,11,1,22,1
09/03/2002 04:30:00,246,10,10,1,22,1
09/03/2002 04:31:00,246,10,10,1,21,1
09/03/2002 04:32:00,246,10,11,1,21,1
09/03/2002 04:33:00,246,11,11,1,21,1
09/03/2002 04:34:00,246,10,10,1,21,1
09/03/2002 04:35:00,246,10,10,1,22,1
09/03/2002 04:36:00,246,10,10,1,22,1
09/03/2002 04:37:00,246,10,11,1,22,1
09/03/2002 04:38:00,246,9,11,1,22,1
09/03/2002 04:39:00,246,9,10,1,22,1
09/03/2002 04:40:00,246,9,10,1,22,1
09/03/2002 04:41:00,246,9,11,1,22,1
09/03/2002 04:42:00,246,9,11,1,22,1
09/03/2002 04:43:00,246,10,11,1,23,1
09/03/2002 04:44:00,246,10,11,1,23,1
09/03/2002 04:45:00,246,9,12,1,23,1
09/03/2002 04:46:00,246,10,12,1,24,1
09/03/2002 04:47:00,246,10,11,1,24,1
09/03/2002 04:48:00,246,10,11,1,25,1
09/03/2002 04:49:00,246,10,10,1,25,1
09/03/2002 04:50:00,246,10,10,1,25,1
09/03/2002 04:51:00,246,10,11,1,24,1
09/03/2002 04:52:00,246,10,11,1,24,1
09/03/2002 04:53:00,246,10,11,1,24,1
09/03/2002 04:54:00,246,10,11,1,24,1
09/03/2002 04:55:00,246,11,10,1,24,1
09/03/2002 04:56:00,246,11,11,1,24,1
09/03/2002 04:57:00,246,10,11,1,24,1
09/03/2002 04:58:00,246,11,11,1,24,1
09/03/2002 04:59:00,246,10,11,1,25,1
09/03/2002 05:00:00,246,10,11,1,25,1
09/03/2002 05:01:00,246,11,11,2,25,1
09/03/2002 05:02:00,246,11,11,2,25,1
09/03/2002 05:03:00,246,11,12,2,25,1
09/03/2002 05:04:00,246,11,12,1,25,1
09/03/2002 05:05:00,246,11,11,1,26,1
09/03/2002 05:06:00,246,11,11,2,26,1
09/03/2002 05:07:00,246,11,11,2,26,1
09/03/2002 05:08:00,246,11,11,2,26,1
09/03/2002 05:09:00,246,11,11,2,26,1
09/03/2002 05:10:00,246,11,12,2,26,1
09/03/2002 05:11:00,246,11,11,2,26,1
09/03/2002 05:12:00,246,11,11,2,25,1
09/03/2002 05:13:00,246,11,11,2,25,1
09/03/2002 05:14:00,246,10,12,2,25,1
09/03/2002 05:15:00,246,10,12,2,25,1
09/03/2002 05:16:00,246,10,12,2,25,1
09/03/2002 05:17:00,246,10,13,2,24,1
09/03/2002 05:18:00,246,10,13,2,24,1
09/03/2002 05:19:00,246,11,12,2,25,1
09/03/2002 05:20:00,246,11,12,2,25,1
09/03/2002 05:21:00,246,10,12,2,25,1
09/03/2002 05:22:00,246,11,12,2,25,1
09/03/2002 05:23:00,246,11,11,2,25,1
09/03/2002 05:24:00,246,11,12,2,26,1
09/03/2002 05:25:00,246,11,11,2,26,1
09/03/2002 05:26:00,246,11,11,2,26,1
09/03/2002 05:27:00,246,12,12,2,26,1
09/03/2002 05:28:00,246,12,11,2,26,1
09/03/2002 05:29:00,246,12,11,2,26,1
09/03/2002 05:30:00,246,13,11,3,26,1
09/03/2002 05:31:00,246,13,11,2,26,1
09/03/2002 05:32:00,246,13,11,3,26,1
09/03/2002 05:33:00,246,13,11,3,26,1
09/03/2002 05:34:00,246,13,11,2,26,1
09/03/2002 05:35:00,246,13,11,3,26,1
09/03/2002 05:36:00,246,12,11,3,26,1
09/03/2002 05:37:00,246,13,12,3,26,1
09/03/2002 05:38:00,246,13,12,3,26,1
09/03/2002 05:39:00,246,13,12,3,25,1
09/03/2002 05:40:00,246,14,11,3,26,1
09/03/2002 05:41:00,246,14,11,3,26,1
09/03/2002 05:42:00,246,14,10,3,26,1
09/03/2002 05:43:00,246,14,10,3,27,1
09/03/2002 05:44:00,246,14,10,3,27,1
09/03/2002 05:45:00,246,14,11,3,27,1
09/03/2002 05:46:00,246,14,12,3,27,1
09/03/2002 05:47:00,246,14,12,3,26,1
09/03/2002 05:48:00,246,14,12,3,26,1
09/03/2002 05:49:00,246,14,12,3,25,1
09/03/2002 05:50:00,246,15,12,3,25,1
09/03/2002 05:51:00,246,14,12,3,25,1
09/03/2002 05:52:00,246,15,13,3,25,1
09/03/2002 05:53:00,246,15,13,3,25,1
09/03/2002 05:54:00,246,16,13,3,25,1
09/03/2002 05:55:00,246,16,12,3,25,1
09/03/2002 05:56:00,246,17,12,3,25,1
09/03/2002 05:57:00,246,17,13,3,25,1
09/03/2002 05:58:00,246,17,13,3,25,1
09/03/2002 05:59:00,246,18,12,3,25,1
09/03/2002 06:00:00,246,19,11,3,26,1
09/03/2002 06:01:00,246,19,12,3,26,1
09/03/2002 06:02:00,246,19,11,3,27,1
09/03/2002 06:03:00,246,20,12,3,28,1
09/03/2002 06:04:00,246,21,12,3,28,1
09/03/2002 06:05:00,246,21,12,3,28,1
09/03/2002 06:06:00,246,22,13,3,29,1
09/03/2002 06:07:00,246,21,11,3,30,1
09/03/2002 06:08:00,246,22,11,3,29,1
09/03/2002 06:09:00,246,22,13,3,29,1
09/03/2002 06:10:00,246,23,12,3,29,1
09/03/2002 06:11:00,246,23,12,3,29,1
09/03/2002 06:12:00,246,23,12,3,29,1
09/03/2002 06:13:00,246,24,13,3,29,1
09/03/2002 06:14:00,246,23,13,3,28,1
09/03/2002 06:15:00,246,24,13,3,29,1
09/03/2002 06:16:00,246,24,13,3,29,1
09/03/2002 06:17:00,246,25,14,3,29,1
09/03/2002 06:18:00,246,24,13,3,30,1
09/03/2002 06:19:00,246,25,13,3,30,1
09/03/2002 06:20:00,246,25,13,3,30,1
09/03/2002 06:21:00,246,25,13,3,30,1
09/03/2002 06:22:00,246,26,13,3,30,1
09/03/2002 06:23:00,246,25,13,3,30,1
09/03/2002 06:24:00,246,26,13,3,30,1
09/03/2002 06:25:00,246,26,14,3,30,1
09/03/2002 06:26:00,246,27,14,3,30,1
09/03/2002 06:27:00,246,27,13,3,31,1
09/03/2002 06:28:00,246,27,13,3,30,1
09/03/2002 06:29:00,246,26,14,3,29,1
09/03/2002 06:30:00,246,27,14,3,28,1
09/03/2002 06:31:00,246,27,14,3,27,1
09/03/2002 06:32:00,246,27,14,3,27,1
09/03/2002 06:33:00,246,27,14,3,27,1
09/03/2002 06:34:00,246,27,13,3,28,1
09/03/2002 06:35:00,246,29,14,3,29,1
09/03/2002 06:36:00,246,29,13,3,30,1
09/03/2002 06:37:00,246,30,12,3,31,1
09/03/2002 06:38:00,246,29,12,3,31,1
09/03/2002 06:39:00,246,30,13,3,31,1
09/03/2002 06:40:00,246,29,13,3,31,1
09/03/2002 06:41:00,246,30,13,3,31,1
09/03/2002 06:42:00,246,30,14,3,31,1
09/03/2002 06:43:00,246,30,14,3,31,1
09/03/2002 06:44:00,246,30,14,3,31,1
09/03/2002 06:45:00,246,31,14,2,32,1
09/03/2002 06:46:00,246,31,13,2,32,1
09/03/2002 06:47:00,246,31,13,2,32,1
09/03/2002 06:48:00,246,32,13,2,32,1
09/03/2002 06:49:00,246,32,14,2,32,1
09/03/2002 06:50:00,246,32,14,2,32,1
09/03/2002 06:51:00,246,33,14,2,31,1
09/03/2002 06:52:00,246,33,14,2,31,1
09/03/2002 06:53:00,246,33,14,2,31,1
09/03/2002 06:54:00,246,33,14,2,31,1
09/03/2002 06:55:00,246,33,14,2,31,1
09/03/2002 06:56:00,246,33,14,2,31,1
09/03/2002 06:57:00,246,33,14,2,31,1
09/03/2002 06:58:00,246,34,15,2,32,1
09/03/2002 06:59:00,246,34,15,2,32,1
09/03/2002 07:00:00,246,34,15,2,32,1
09/03/2002 07:01:00,246,34,14,2,32,1
09/03/2002 07:02:00,246,35,14,2,32,1
09/03/2002 07:03:00,246,35,14,2,32,1
09/03/2002 07:04:00,246,35,14,2,32,1
09/03/2002 07:05:00,246,36,14,2,32,1
09/03/2002 07:06:00,246,35,14,2,32,1
09/03/2002 07:07:00,246,36,15,2,32,1
09/03/2002 07:08:00,246,36,15,2,32,1
09/03/2002 07:09:00,246,35,14,2,32,1
09/03/2002 07:10:00,246,35,15,2,32,1
09/03/2002 07:11:00,246,36,15,2,32,1
09/03/2002 07:12:00,246,35,14,2,32,1
09/03/2002 07:13:00,246,36,14,2,32,1
09/03/2002 07:14:00,246,36,15,2,31,1
09/03/2002 07:15:00,246,36,14,2,31,1
09/03/2002 07:16:00,246,35,15,2,31,1
09/03/2002 07:17:00,246,36,15,2,31,1
09/03/2002 07:18:00,246,36,15,2,31,1
09/03/2002 07:19:00,246,36,16,2,32,1
09/03/2002 07:20:00,246,36,15,2,32,1
09/03/2002 07:21:00,246,36,15,2,32,1
09/03/2002 07:22:00,246,36,15,2,33,1
09/03/2002 07:23:00,246,37,14,1,34,1
09/03/2002 07:24:00,246,37,15,1,34,1
09/03/2002 07:25:00,246,37,15,1,34,1
09/03/2002 07:26:00,246,38,15,1,34,1
09/03/2002 07:27:00,246,37,15,1,34,1
09/03/2002 07:28:00,246,37,16,1,34,1
09/03/2002 07:29:00,246,37,16,1,34,1
09/03/2002 07:30:00,246,37,16,1,34,1
09/03/2002 07:31:00,246,36,14,1,34,1
09/03/2002 07:32:00,246,37,15,1,34,1
09/03/2002 07:33:00,246,37,15,1,34,1
09/03/2002 07:34:00,246,36,15,1,34,1
09/03/2002 07:35:00,246,37,15,1,34,1
09/03/2002 07:36:00,246,37,15,1,34,1
09/03/2002 07:37:00,246,37,15,1,33,1
09/03/2002 07:38:00,246,37,15,1,33,1
09/03/2002 07:39:00,246,37,15,1,33,1
09/03/2002 07:40:00,246,37,14,1,33,1
09/03/2002 07:41:00,246,37,14,1,32,1
09/03/2002 07:42:00,246,36,15,1,31,1
09/03/2002 07:43:00,246,36,16,1,30,1
09/03/2002 07:44:00,246,36,15,1,30,1
09/03/2002 07:45:00,246,36,15,1,28,1
09/03/2002 07:46:00,246,36,14,2,28,1
09/03/2002 07:47:00,246,36,15,2,28,1
09/03/2002 07:48:00,246,36,14,2,28,1
09/03/2002 07:49:00,246,37,13,2,28,1
09/03/2002 07:50:00,246,36,13,2,28,1
09/03/2002 07:51:00,246,37,13,2,28,1
09/03/2002 07:52:00,246,37,13,2,28,1
09/03/2002 07:53:00,246,36,13,1,28,1
09/03/2002 07:54:00,246,35,13,1,28,1
09/03/2002 07:55:00,246,35,13,1,28,1
09/03/2002 07:56:00,246,35,13,1,28,1
09/03/2002 07:57:00,246,35,13,1,28,1
09/03/2002 07:58:00,246,35,12,1,28,1
09/03/2002 07:59:00,246,35,12,1,28,1
09/03/2002 08:00:00,246,35,13,1,28,1
09/03/2002 08:01:00,246,35,13,1,28,1
09/03/2002 08:02:00,246,35,13,1,28,1
09/03/2002 08:03:00,246,35,13,1,28,1
09/03/2002 08:04:00,246,34,13,1,28,1
09/03/2002 08:05:00,246,34,13,1,28,1
09/03/2002 08:06:00,246,34,14,1,28,1
09/03/2002 08:07:00,246,34,13,1,28,1
09/03/2002 08:08:00,246,32,14,1,29,1
09/03/2002 08:09:00,246,32,14,1,29,1
09/03/2002 08:10:00,246,32,14,1,29,1
09/03/2002 08:11:00,246,32,14,1,29,1
09/03/2002 08:12:00,246,33,13,1,29,1
09/03/2002 08:13:00,246,32,12,1,30,1
09/03/2002 08:14:00,246,32,13,1,30,1
09/03/2002 08:15:00,246,32,12,1,31,1
09/03/2002 08:16:00,246,32,13,1,30,1
09/03/2002 08:17:00,246,32,13,1,30,1
09/03/2002 08:18:00,246,32,13,1,30,1
09/03/2002 08:19:00,246,32,13,1,30,1
09/03/2002 08:20:00,246,32,13,1,30,1
09/03/2002 08:21:00,246,32,13,0,30,1
09/03/2002 08:22:00,246,32,14,0,30,1
09/03/2002 08:23:00,246,32,14,0,29,1
09/03/2002 08:24:00,246,32,14,0,30,1
09/03/2002 08:25:00,246,32,16,0,29,1
09/03/2002 08:26:00,246,32,16,1,29,1
09/03/2002 08:27:00,246,31,15,0,30,1
09/03/2002 08:28:00,246,30,15,0,31,1
09/03/2002 08:29:00,246,31,15,0,31,1
09/03/2002 08:30:00,246,30,15,0,31,1
09/03/2002 08:31:00,246,30,15,0,31,1
09/03/2002 08:32:00,246,29,16,0,31,1
09/03/2002 08:33:00,246,29,16,0,31,1
09/03/2002 08:34:00,246,29,17,0,31,1
09/03/2002 08:35:00,246,29,17,0,31,1
09/03/2002 08:36:00,246,29,17,0,31,1
09/03/2002 08:37:00,246,29,17,0,31,1
09/03/2002 08:38:00,246,28,16,1,32,1
09/03/2002 08:39:00,246,28,16,0,32,1
09/03/2002 08:40:00,246,27,15,0,32,1
09/03/2002 08:41:00,246,27,16,0,32,1
09/03/2002 08:42:00,246,27,16,0,32,1
09/03/2002 08:43:00,246,27,16,0,31,1
09/03/2002 08:44:00,246,28,16,1,31,1
09/03/2002 08:45:00,246,27,17,0,31,1
09/03/2002 08:46:00,246,27,17,0,31,1
09/03/2002 08:47:00,246,27,19,0,30,1
09/03/2002 08:48:00,246,27,19,1,30,1
09/03/2002 08:49:00,246,27,18,1,30,1
09/03/2002 08:50:00,246,26,17,0,30,1
09/03/2002 08:51:00,246,25,18,0,31,1
09/03/2002 08:52:00,246,26,18,1,31,1
09/03/2002 08:53:00,246,26,17,0,31,1
09/03/2002 08:54:00,246,25,18,1,31,1
09/03/2002 08:55:00,246,26,18,0,31,1
09/03/2002 08:56:00,246,26,18,0,31,1
09/03/2002 08:57:00,246,26,18,0,31,1
09/03/2002 08:58:00,246,26,18,0,31,1
09/03/2002 08:59:00,246,26,19,0,31,1
09/03/2002 09:00:00,246,26,19,0,31,1
09/03/2002 09:01:00,246,26,19,0,31,1
09/03/2002 09:02:00,246,25,19,0,31,1
09/03/2002 09:03:00,246,25,19,0,31,1
09/03/2002 09:04:00,246,26,19,0,31,1
09/03/2002 09:05:00,246,26,19,0,31,1
09/03/2002 09:06:00,246,26,19,0,31,1
09/03/2002 09:07:00,246,26,19,0,32,1
09/03/2002 09:08:00,246,26,19,0,32,1
09/03/2002 09:09:00,246,25,20,0,31,1
09/03/2002 09:10:00,246,25,19,0,32,1
09/03/2002 09:11:00,246,25,19,0,32,1
09/03/2002 09:12:00,246,25,19,0,32,1
09/03/2002 09:13:00,246,25,20,0,32,1
09/03/2002 09:14:00,246,25,19,0,32,1
09/03/2002 09:15:00,246,25,19,0,32,1
09/03/2002 09:16:00,246,25,19,0,32,1
09/03/2002 09:17:00,246,25,19,0,32,1
09/03/2002 09:18:00,246,25,19,0,32,1
09/03/2002 09:19:00,246,25,19,0,33,1
09/03/2002 09:20:00,246,26,19,-1,33,1
09/03/2002 09:21:00,246,26,21,-1,32,1
09/03/2002 09:22:00,246,26,20,0,32,1
09/03/2002 09:23:00,246,26,20,-1,32,1
09/03/2002 09:24:00,246,26,19,-1,32,1
09/03/2002 09:25:00,246,26,19,0,33,1
09/03/2002 09:26:00,246,26,18,0,34,1
09/03/2002 09:27:00,246,26,19,-1,34,1
09/03/2002 09:28:00,246,25,18,-1,35,1
09/03/2002 09:29:00,246,26,19,-1,36,1
09/03/2002 09:30:00,246,25,20,-1,36,1
09/03/2002 09:31:00,246,25,20,-1,36,1
09/03/2002 09:32:00,246,26,20,-1,36,1
09/03/2002 09:33:00,246,27,20,-1,36,1
09/03/2002 09:34:00,246,27,20,-1,37,1
09/03/2002 09:35:00,246,28,19,-1,38,1
09/03/2002 09:36:00,246,28,20,-1,40,1
09/03/2002 09:37:00,246,27,20,-1,41,1
09/03/2002 09:38:00,246,28,20,-1,42,1
09/03/2002 09:39:00,246,25,21,-1,42,1
09/03/2002 09:40:00,246,22,24,-1,39,1
09/03/2002 09:41:00,246,23,25,-1,35,1
09/03/2002 09:42:00,246,22,24,0,31,1
09/03/2002 09:43:00,246,24,22,0,28,1
09/03/2002 09:44:00,246,26,18,0,27,1
09/03/2002 09:45:00,246,27,15,0,28,1
09/03/2002 09:46:00,246,26,15,0,28,1
09/03/2002 09:47:00,246,25,18,0,29,1
09/03/2002 09:48:00,246,24,18,-1,30,1
09/03/2002 09:49:00,246,24,19,-1,30,1
09/03/2002 09:50:00,246,26,19,-1,32,1
09/03/2002 09:51:00,246,26,18,-1,34,1
09/03/2002 09:52:00,246,25,19,-1,35,1
09/03/2002 09:53:00,246,25,19,-1,36,1
09/03/2002 09:54:00,246,23,20,-1,35,1
09/03/2002 09:55:00,246,24,22,-1,35,1
09/03/2002 09:56:00,246,24,22,-1,33,1
09/03/2002 09:57:00,246,25,21,-1,33,1
09/03/2002 09:58:00,246,25,21,-1,32,1
09/03/2002 09:59:00,246,25,20,-1,32,1
09/03/2002 10:00:00,246,28,20,-1,33,1
09/03/2002 10:01:00,246,28,17,-1,34,1
09/03/2002 10:02:00,246,28,15,-1,36,1
09/03/2002 10:03:00,246,27,17,-1,36,1
09/03/2002 10:04:00,246,26,17,-1,38,1
09/03/2002 10:05:00,246,25,17,-2,38,1
09/03/2002 10:06:00,246,24,18,-1,38,1
09/03/2002 10:07:00,246,24,18,-1,37,1
09/03/2002 10:08:00,246,23,18,-1,36,1
09/03/2002 10:09:00,246,24,18,-1,36,1
09/03/2002 10:10:00,246,25,18,-1,35,1
09/03/2002 10:11:00,246,25,18,-1,34,1
09/03/2002 10:12:00,246,25,17,-1,34,1
09/03/2002 10:13:00,246,25,17,-1,34,1
09/03/2002 10:14:00,246,25,16,-1,33,1
09/03/2002 10:15:00,246,25,16,-1,33,1
09/03/2002 10:16:00,246,25,15,-1,33,1
09/03/2002 10:17:00,246,25,15,-1,34,1
09/03/2002 10:18:00,246,25,14,-1,34,1
09/03/2002 10:19:00,246,24,14,-1,34,1
09/03/2002 10:20:00,246,24,14,-1,34,1
09/03/2002 10:21:00,246,24,14,-1,34,1
09/03/2002 10:22:00,246,24,14,-1,34,1
09/03/2002 10:23:00,246,24,14,-1,34,1
09/03/2002 10:24:00,246,24,14,-1,34,1
09/03/2002 10:25:00,246,25,14,-1,35,1
09/03/2002 10:26:00,246,24,14,-1,35,1
09/03/2002 10:27:00,246,24,14,-2,35,1
09/03/2002 10:28:00,246,24,14,-2,35,1
09/03/2002 10:29:00,246,23,13,-1,34,1
09/03/2002 10:30:00,246,24,14,-1,34,1
09/03/2002 10:31:00,246,24,13,-1,33,1
09/03/2002 10:32:00,246,24,13,-1,34,1
09/03/2002 10:33:00,246,26,14,-2,36,1
09/03/2002 10:34:00,246,26,14,-2,38,1
09/03/2002 10:35:00,246,24,15,-2,38,1
09/03/2002 10:36:00,246,22,15,-2,36,1
09/03/2002 10:37:00,246,22,15,-1,35,1
09/03/2002 10:38:00,246,22,13,-1,33,1
09/03/2002 10:39:00,246,22,9,-2,33,1
09/03/2002 10:40:00,246,21,9,-1,33,1
09/03/2002 10:41:00,246,23,9,-2,33,1
09/03/2002 10:42:00,246,27,12,-2,37,1
09/03/2002 10:43:00,246,28,12,-2,43,1
09/03/2002 10:44:00,246,28,13,-2,46,1
09/03/2002 10:45:00,246,29,16,-2,48,1
09/03/2002 10:46:00,246,30,17,-2,50,1
09/03/2002 10:47:00,246,30,19,-2,50,1
09/03/2002 10:48:00,246,28,19,-2,49,1
09/03/2002 10:49:00,246,28,17,-2,48,1
09/03/2002 10:50:00,246,28,16,-2,49,1
09/03/2002 10:51:00,246,28,17,-2,49,1
09/03/2002 10:52:00,246,28,21,-2,49,1
09/03/2002 10:53:00,246,27,24,-2,44,1
09/03/2002 10:54:00,246,23,20,-1,37,1
09/03/2002 10:55:00,246,19,13,-1,33,1
09/03/2002 10:56:00,246,19,8,-2,31,1
09/03/2002 10:57:00,246,21,8,-2,31,1
09/03/2002 10:58:00,246,23,10,-2,32,1
09/03/2002 10:59:00,246,25,10,-2,33,1
09/03/2002 11:00:00,246,27,12,-2,35,1
09/03/2002 11:01:00,246,29,13,-1,37,1
09/03/2002 11:02:00,246,31,15,-1,37,1
09/03/2002 11:03:00,246,31,18,-1,36,1
09/03/2002 11:04:00,246,30,15,-1,35,1
09/03/2002 11:05:00,246,29,14,-1,36,1
09/03/2002 11:06:00,246,31,14,-1,37,1
09/03/2002 11:07:00,246,31,16,-1,38,1
09/03/2002 11:08:00,246,31,16,-1,38,1
09/03/2002 11:09:00,246,30,18,-1,37,1
09/03/2002 11:10:00,246,29,18,-1,35,1
09/03/2002 11:11:00,246,29,16,-1,34,1
09/03/2002 11:12:00,246,28,15,-1,32,1
09/03/2002 11:13:00,246,26,13,-1,32,1
09/03/2002 11:14:00,246,26,11,-1,32,1
09/03/2002 11:15:00,246,27,10,-1,33,1
09/03/2002 11:16:00,246,30,12,-1,35,1
09/03/2002 11:17:00,246,32,12,-1,36,1
09/03/2002 11:18:00,246,32,13,0,37,1
09/03/2002 11:19:00,246,32,13,0,38,1
09/03/2002 11:20:00,246,32,14,0,38,1
09/03/2002 11:21:00,246,31,15,0,37,1
09/03/2002 11:22:00,246,29,12,0,35,1
09/03/2002 11:23:00,246,29,10,0,36,1
09/03/2002 11:24:00,246,29,11,0,36,1
09/03/2002 11:25:00,246,29,11,0,37,1
09/03/2002 11:26:00,246,29,12,0,38,1
09/03/2002 11:27:00,246,30,12,0,40,1
09/03/2002 11:28:00,246,32,13,0,42,1
09/03/2002 11:29:00,246,33,15,0,44,1
09/03/2002 11:30:00,246,34,19,1,43,1
09/03/2002 11:31:00,246,33,20,1,40,1
09/03/2002 11:32:00,246,28,18,1,37,1
09/03/2002 11:33:00,246,25,12,0,35,1
09/03/2002 11:34:00,246,26,12,-1,36,1
09/03/2002 11:35:00,246,28,12,0,38,1
09/03/2002 11:36:00,246,29,13,0,40,1
09/03/2002 11:37:00,246,31,15,0,41,1
09/03/2002 11:38:00,246,32,16,0,42,1
09/03/2002 11:39:00,246,32,17,0,41,1
09/03/2002 11:40:00,246,32,17,0,41,1
09/03/2002 11:41:00,246,32,17,0,42,1
09/03/2002 11:42:00,246,33,19,0,42,1
09/03/2002 11:43:00,246,32,18,0,42,1
09/03/2002 11:44:00,246,32,20,0,42,1
09/03/2002 11:45:00,246,33,20,0,43,1
09/03/2002 11:46:00,246,34,20,1,43,1
09/03/2002 11:47:00,246,35,22,1,43,1
09/03/2002 11:48:00,246,34,22,1,44,1
09/03/2002 11:49:00,246,35,20,1,44,1
09/03/2002 11:50:00,246,36,21,1,44,1
09/03/2002 11:51:00,246,36,22,1,44,1
09/03/2002 11:52:00,246,36,22,1,45,1
09/03/2002 11:53:00,246,38,23,1,45,1
09/03/2002 11:54:00,246,38,22,1,45,1
09/03/2002 11:55:00,246,38,23,1,45,1
09/03/2002 11:56:00,246,39,24,1,46,1
09/03/2002 11:57:00,246,37,25,1,46,1
09/03/2002 11:58:00,246,36,23,1,45,1
09/03/2002 11:59:00,246,35,23,1,44,1
09/03/2002 12:00:00,246,34,22,1,42,1
09/03/2002 12:01:00,246,32,21,1,41,1
09/03/2002 12:02:00,246,32,21,1,40,1
09/03/2002 12:03:00,246,30,18,1,40,1
09/03/2002 12:04:00,246,31,19,1,39,1
09/03/2002 12:05:00,246,30,18,1,40,1
09/03/2002 12:06:00,246,30,18,1,40,1
09/03/2002 12:07:00,246,31,18,1,40,1
09/03/2002 12:08:00,246,31,18,1,41,1
09/03/2002 12:09:00,246,31,19,1,41,1
09/03/2002 12:10:00,246,31,21,1,41,1
09/03/2002 12:11:00,246,31,22,1,41,1
09/03/2002 12:12:00,246,31,19,1,40,1
09/03/2002 12:13:00,246,30,19,1,40,1
09/03/2002 12:14:00,246,31,19,1,40,1
09/03/2002 12:15:00,246,31,18,1,40,1
09/03/2002 12:16:00,246,31,21,1,40,1
09/03/2002 12:17:00,246,31,21,1,39,1
09/03/2002 12:18:00,246,30,20,1,38,1
09/03/2002 12:19:00,246,31,19,1,38,1
09/03/2002 12:20:00,246,31,19,1,38,1
09/03/2002 12:21:00,246,31,19,1,38,1
09/03/2002 12:22:00,246,31,19,1,38,1
09/03/2002 12:23:00,246,31,20,1,38,1
09/03/2002 12:24:00,246,31,20,1,38,1
09/03/2002 12:25:00,246,31,21,1,38,1
09/03/2002 12:26:00,246,30,22,1,37,1
09/03/2002 12:27:00,246,29,21,1,36,1
09/03/2002 12:28:00,246,28,18,1,35,1
09/03/2002 12:29:00,246,28,18,1,34,1
09/03/2002 12:30:00,246,27,17,1,33,1
09/03/2002 12:31:00,246,27,16,1,34,1
09/03/2002 12:32:00,246,28,16,1,34,1
09/03/2002 12:33:00,246,28,16,1,34,1
09/03/2002 12:34:00,246,28,17,1,34,1
09/03/2002 12:35:00,246,28,17,2,34,1
09/03/2002 12:36:00,246,28,17,2,34,1
09/03/2002 12:37:00,246,28,19,2,35,1
09/03/2002 12:38:00,246,28,19,2,35,1
09/03/2002 12:39:00,246,28,19,2,35,1
09/03/2002 12:40:00,246,28,19,2,35,1
09/03/2002 12:41:00,246,27,19,2,35,1
09/03/2002 12:42:00,246,27,19,2,35,1
09/03/2002 12:43:00,246,28,20,2,35,1
09/03/2002 12:44:00,246,26,20,2,35,1
09/03/2002 12:45:00,246,27,21,2,35,1
09/03/2002 12:46:00,246,26,21,2,34,1
09/03/2002 12:47:00,246,25,21,2,34,1
09/03/2002 12:48:00,246,25,19,2,34,1
09/03/2002 12:49:00,246,25,19,2,34,1
09/03/2002 12:50:00,246,25,21,2,34,1
09/03/2002 12:51:00,246,25,20,2,34,1
09/03/2002 12:52:00,246,25,20,2,34,1
09/03/2002 12:53:00,246,25,22,2,34,1
09/03/2002 12:54:00,246,25,21,2,35,1
09/03/2002 12:55:00,246,25,20,2,34,1
09/03/2002 12:56:00,246,25,21,2,34,1
09/03/2002 12:57:00,246,25,22,2,35,1
09/03/2002 12:58:00,246,25,22,2,35,1
09/03/2002 12:59:00,246,26,22,2,35,1
09/03/2002 13:00:00,246,26,24,2,35,1
09/03/2002 13:01:00,246,26,24,2,35,1
09/03/2002 13:02:00,246,26,24,2,35,1
09/03/2002 13:03:00,246,26,24,2,35,1
09/03/2002 13:04:00,246,25,25,2,35,1
09/03/2002 13:05:00,246,25,25,2,35,1
09/03/2002 13:06:00,246,25,25,2,35,1
09/03/2002 13:07:00,246,26,25,2,34,1
09/03/2002 13:08:00,246,25,25,2,34,1
09/03/2002 13:09:00,246,25,25,2,34,1
09/03/2002 13:10:00,246,23,25,2,34,1
09/03/2002 13:11:00,246,23,24,2,33,1
09/03/2002 13:12:00,246,24,23,2,32,1
09/03/2002 13:13:00,246,25,23,2,32,1
09/03/2002 13:14:00,246,24,23,2,32,1
09/03/2002 13:15:00,246,24,23,2,32,1
09/03/2002 13:16:00,246,24,23,2,33,1
09/03/2002 13:17:00,246,24,25,2,33,1
09/03/2002 13:18:00,246,24,25,2,33,1
09/03/2002 13:19:00,246,24,25,2,33,1
09/03/2002 13:20:00,246,24,25,3,33,1
09/03/2002 13:21:00,246,23,26,2,33,1
09/03/2002 13:22:00,246,23,25,2,33,1
09/03/2002 13:23:00,246,23,25,2,33,1
09/03/2002 13:24:00,246,23,25,2,33,1
09/03/2002 13:25:00,246,24,25,3,34,1
09/03/2002 13:26:00,246,24,26,3,34,1
09/03/2002 13:27:00,246,24,27,3,34,1
09/03/2002 13:28:00,246,24,26,3,34,1
09/03/2002 13:29:00,246,26,28,3,34,1
09/03/2002 13:30:00,246,25,28,3,35,1
09/03/2002 13:31:00,246,26,29,3,35,1
09/03/2002 13:32:00,246,23,26,3,34,1
09/03/2002 13:33:00,246,24,26,3,34,1
09/03/2002 13:34:00,246,23,28,3,35,1
09/03/2002 13:35:00,246,23,29,3,36,1
09/03/2002 13:36:00,246,23,28,3,36,1
09/03/2002 13:37:00,246,24,28,3,36,1
09/03/2002 13:38:00,246,23,28,3,36,1
09/03/2002 13:39:00,246,22,29,4,36,1
09/03/2002 13:40:00,246,23,29,3,35,1
09/03/2002 13:41:00,246,24,27,3,35,1
09/03/2002 13:42:00,246,23,27,3,35,1
09/03/2002 13:43:00,246,23,28,3,35,1
09/03/2002 13:44:00,246,23,27,3,35,1
09/03/2002 13:45:00,246,22,26,3,35,1
09/03/2002 13:46:00,246,23,27,3,36,1
09/03/2002 13:47:00,246,23,28,4,36,1
09/03/2002 13:48:00,246,23,28,4,36,1
09/03/2002 13:49:00,246,22,27,3,36,1
09/03/2002 13:50:00,246,22,27,3,36,1
09/03/2002 13:51:00,246,22,27,4,36,1
09/03/2002 13:52:00,246,22,27,3,36,1
09/03/2002 13:53:00,246,21,28,3,36,1
09/03/2002 13:54:00,246,21,27,3,36,1
09/03/2002 13:55:00,246,21,26,4,36,1
09/03/2002 13:56:00,246,20,26,3,36,1
09/03/2002 13:57:00,246,21,27,4,36,1
09/03/2002 13:58:00,246,20,27,4,35,1
09/03/2002 13:59:00,246,20,26,3,35,1
09/03/2002 14:00:00,246,20,25,3,35,1
09/03/2002 14:01:00,246,20,24,3,35,1
09/03/2002 14:02:00,246,20,25,4,36,1
09/03/2002 14:03:00,246,22,25,4,36,1
09/03/2002 14:04:00,246,21,24,4,36,1
09/03/2002 14:05:00,246,22,24,4,36,1
09/03/2002 14:06:00,246,22,25,4,35,1
09/03/2002 14:07:00,246,22,25,4,35,1
09/03/2002 14:08:00,246,22,25,4,35,1
09/03/2002 14:09:00,246,22,24,3,35,1
09/03/2002 14:10:00,246,22,25,3,35,1
09/03/2002 14:11:00,246,23,24,4,35,1
09/03/2002 14:12:00,246,23,25,4,35,1
09/03/2002 14:13:00,246,22,25,4,34,1
09/03/2002 14:14:00,246,22,25,3,34,1
09/03/2002 14:15:00,246,20,24,3,33,1
09/03/2002 14:16:00,246,20,23,3,33,1
09/03/2002 14:17:00,246,20,21,3,33,1
09/03/2002 14:18:00,246,20,21,3,33,1
09/03/2002 14:19:00,246,21,21,3,32,1
09/03/2002 14:20:00,246,22,22,3,33,1
09/03/2002 14:21:00,246,24,21,3,33,1
09/03/2002 14:22:00,246,25,22,3,34,1
09/03/2002 14:23:00,246,25,25,4,35,1
09/03/2002 14:24:00,246,26,24,4,35,1
09/03/2002 14:25:00,246,26,24,4,35,1
09/03/2002 14:26:00,246,26,25,4,34,1
09/03/2002 14:27:00,246,26,25,4,33,1
09/03/2002 14:28:00,246,25,23,4,32,1
09/03/2002 14:29:00,246,24,22,4,32,1
09/03/2002 14:30:00,246,23,20,4,31,1
09/03/2002 14:31:00,246,24,20,4,30,1
09/03/2002 14:32:00,246,24,20,4,30,1
09/03/2002 14:33:00,246,24,19,4,30,1
09/03/2002 14:34:00,246,25,18,3,30,1
09/03/2002 14:35:00,246,26,17,3,29,1
09/03/2002 14:36:00,246,26,16,3,30,1
09/03/2002 14:37:00,246,25,18,3,31,1
09/03/2002 14:38:00,246,25,19,4,32,1
09/03/2002 14:39:00,246,24,20,4,33,1
09/03/2002 14:40:00,246,24,20,4,33,1
09/03/2002 14:41:00,246,23,20,4,34,1
09/03/2002 14:42:00,246,23,22,4,34,1
09/03/2002 14:43:00,246,23,20,4,34,1
09/03/2002 14:44:00,246,23,20,4,34,1
09/03/2002 14:45:00,246,23,20,4,34,1
09/03/2002 14:46:00,246,22,20,4,34,1
09/03/2002 14:47:00,246,23,21,4,34,1
09/03/2002 14:48:00,246,23,22,4,34,1
09/03/2002 14:49:00,246,24,22,4,34,1
09/03/2002 14:50:00,246,24,21,4,34,1
09/03/2002 14:51:00,246,23,22,4,34,1
09/03/2002 14:52:00,246,23,22,4,34,1
09/03/2002 14:53:00,246,23,22,4,34,1
09/03/2002 14:54:00,246,23,21,4,33,1
09/03/2002 14:55:00,246,23,21,4,33,1
09/03/2002 14:56:00,246,22,20,4,33,1
09/03/2002 14:57:00,246,22,20,4,32,1
09/03/2002 14:58:00,246,21,19,4,32,1
09/03/2002 14:59:00,246,21,18,3,32,1
09/03/2002 15:00:00,246,21,18,3,32,1
09/03/2002 15:01:00,246,22,19,3,33,1
09/03/2002 15:02:00,246,21,18,3,33,1
09/03/2002 15:03:00,246,23,19,3,34,1
09/03/2002 15:04:00,246,23,18,3,34,1
09/03/2002 15:05:00,246,24,19,4,34,1
09/03/2002 15:06:00,246,24,18,4,34,1
09/03/2002 15:07:00,246,24,18,4,34,1
09/03/2002 15:08:00,246,24,18,4,34,1
09/03/2002 15:09:00,246,24,18,3,34,1
09/03/2002 15:10:00,246,24,18,3,34,1
09/03/2002 15:11:00,246,24,19,3,34,1
09/03/2002 15:12:00,246,23,19,3,34,1
09/03/2002 15:13:00,246,23,18,3,33,1
09/03/2002 15:14:00,246,23,18,3,34,1
09/03/2002 15:15:00,246,22,18,3,34,1
09/03/2002 15:16:00,246,22,18,3,33,1
09/03/2002 15:17:00,246,22,18,3,33,1
09/03/2002 15:18:00,246,22,18,3,33,1
09/03/2002 15:19:00,246,22,17,3,33,1
09/03/2002 15:20:00,246,21,17,3,33,1
09/03/2002 15:21:00,246,21,18,3,33,1
09/03/2002 15:22:00,246,21,17,3,33,1
09/03/2002 15:23:00,246,21,17,3,33,1
09/03/2002 15:24:00,246,21,17,3,32,1
09/03/2002 15:25:00,246,20,17,3,33,1
09/03/2002 15:26:00,246,19,17,3,33,1
09/03/2002 15:27:00,246,19,17,3,33,1
09/03/2002 15:28:00,246,20,17,3,33,1
09/03/2002 15:29:00,246,20,17,3,32,1
09/03/2002 15:30:00,246,19,17,3,32,1
09/03/2002 15:31:00,246,19,16,3,32,1
09/03/2002 15:32:00,246,19,16,3,31,1
09/03/2002 15:33:00,246,19,16,3,31,1
09/03/2002 15:34:00,246,19,16,2,31,1
09/03/2002 15:35:00,246,19,17,3,31,1
09/03/2002 15:36:00,246,19,17,2,31,1
09/03/2002 15:37:00,246,18,17,2,31,1
09/03/2002 15:38:00,246,19,17,2,31,1
09/03/2002 15:39:00,246,19,17,2,31,1
09/03/2002 15:40:00,246,18,17,2,31,1
09/03/2002 15:41:00,246,18,17,2,31,1
09/03/2002 15:42:00,246,18,17,2,31,1
09/03/2002 15:43:00,246,18,17,2,31,1
09/03/2002 15:44:00,246,19,16,2,31,1
09/03/2002 15:45:00,246,18,16,2,31,1
09/03/2002 15:46:00,246,18,17,2,31,1
09/03/2002 15:47:00,246,17,17,2,31,1
09/03/2002 15:48:00,246,17,17,2,31,1
09/03/2002 15:49:00,246,17,16,2,31,1
09/03/2002 15:50:00,246,16,16,2,30,1
09/03/2002 15:51:00,246,16,16,2,30,1
09/03/2002 15:52:00,246,16,16,2,31,1
09/03/2002 15:53:00,246,16,16,2,30,1
09/03/2002 15:54:00,246,15,16,2,30,1
09/03/2002 15:55:00,246,16,15,2,30,1
09/03/2002 15:56:00,246,15,15,1,30,1
09/03/2002 15:57:00,246,15,16,2,30,1
09/03/2002 15:58:00,246,15,16,2,30,1
09/03/2002 15:59:00,246,15,16,1,30,1
09/03/2002 16:00:00,246,15,16,1,30,1
09/03/2002 16:01:00,246,15,16,1,30,1
09/03/2002 16:02:00,246,14,16,1,30,1
09/03/2002 16:03:00,246,14,17,1,30,1
09/03/2002 16:04:00,246,14,17,1,30,1
09/03/2002 16:05:00,246,14,17,1,30,1
09/03/2002 16:06:00,246,14,17,1,30,1
09/03/2002 16:07:00,246,14,16,1,30,1
09/03/2002 16:08:00,246,14,18,1,31,1
09/03/2002 16:09:00,246,14,18,1,30,1
09/03/2002 16:10:00,246,14,19,1,30,1
09/03/2002 16:11:00,246,14,19,1,31,1
09/03/2002 16:12:00,246,14,18,1,31,1
09/03/2002 16:13:00,246,13,18,1,31,1
09/03/2002 16:14:00,246,13,19,1,31,1
09/03/2002 16:15:00,246,13,18,1,31,1
09/03/2002 16:16:00,246,13,18,1,31,1
09/03/2002 16:17:00,246,13,18,1,31,1
09/03/2002 16:18:00,246,13,18,1,31,1
09/03/2002 16:19:00,246,13,18,1,31,1
09/03/2002 16:20:00,246,12,20,1,32,1
09/03/2002 16:21:00,246,12,19,1,31,1
09/03/2002 16:22:00,246,12,19,1,31,1
09/03/2002 16:23:00,246,12,18,1,31,1
09/03/2002 16:24:00,246,12,18,1,30,1
09/03/2002 16:25:00,246,12,18,1,31,1
09/03/2002 16:26:00,246,11,19,1,30,1
09/03/2002 16:27:00,246,11,20,1,31,1
09/03/2002 16:28:00,246,11,19,1,31,1
09/03/2002 16:29:00,246,11,19,0,31,1
09/03/2002 16:30:00,246,11,19,1,31,1
09/03/2002 16:31:00,246,11,20,1,31,1
09/03/2002 16:32:00,246,11,20,1,31,1
09/03/2002 16:33:00,246,11,21,0,30,1
09/03/2002 16:34:00,246,10,20,0,30,1
09/03/2002 16:35:00,246,10,21,1,30,1
09/03/2002 16:36:00,246,10,21,0,30,1
09/03/2002 16:37:00,246,10,21,0,30,1
09/03/2002 16:38:00,246,10,21,0,30,1
09/03/2002 16:39:00,246,9,21,0,31,1
09/03/2002 16:40:00,246,10,21,0,31,1
09/03/2002 16:41:00,246,10,21,0,31,1
09/03/2002 16:42:00,246,9,23,0,31,1
09/03/2002 16:43:00,246,9,24,0,31,1
09/03/2002 16:44:00,246,9,24,0,31,1
09/03/2002 16:45:00,246,9,23,0,32,1
09/03/2002 16:46:00,246,9,23,0,32,1
09/03/2002 16:47:00,246,10,23,0,31,1
09/03/2002 16:48:00,246,10,24,0,31,1
09/03/2002 16:49:00,246,9,25,0,31,1
09/03/2002 16:50:00,246,9,25,0,31,1
09/03/2002 16:51:00,246,9,25,0,31,1
09/03/2002 16:52:00,246,10,25,0,31,1
09/03/2002 16:53:00,246,10,26,0,31,1
09/03/2002 16:54:00,246,10,26,0,31,1
09/03/2002 16:55:00,246,10,26,0,31,1
09/03/2002 16:56:00,246,11,26,0,31,1
09/03/2002 16:57:00,246,11,26,0,31,1
09/03/2002 16:58:00,246,11,26,0,32,1
09/03/2002 16:59:00,246,11,26,0,32,1
09/03/2002 17:00:00,246,11,26,0,32,1
09/03/2002 17:01:00,246,11,26,0,32,1
09/03/2002 17:02:00,246,11,26,0,32,1
09/03/2002 17:03:00,246,11,26,0,32,1
09/03/2002 17:04:00,246,10,26,0,32,1
09/03/2002 17:05:00,246,10,27,0,32,1
09/03/2002 17:06:00,246,10,27,0,32,1
09/03/2002 17:07:00,246,10,27,0,33,1
09/03/2002 17:08:00,246,10,27,0,33,1
09/03/2002 17:09:00,246,10,27,0,33,1
09/03/2002 17:10:00,246,10,27,0,33,1
09/03/2002 17:11:00,246,10,27,-1,33,1
09/03/2002 17:12:00,246,10,28,-1,33,1
09/03/2002 17:13:00,246,10,29,-1,33,1
09/03/2002 17:14:00,246,10,29,-1,33,1
09/03/2002 17:15:00,246,10,29,-1,33,1
09/03/2002 17:16:00,246,9,29,-1,33,1
09/03/2002 17:17:00,246,9,29,-1,33,1
09/03/2002 17:18:00,246,9,29,-1,33,1
09/03/2002 17:19:00,246,9,29,-1,33,1
09/03/2002 17:20:00,246,9,30,-1,33,1
09/03/2002 17:21:00,246,9,29,-1,33,1
09/03/2002 17:22:00,246,8,29,-1,34,1
09/03/2002 17:23:00,246,9,30,-1,34,1
09/03/2002 17:24:00,246,9,29,-1,34,1
09/03/2002 17:25:00,246,10,29,-1,35,1
09/03/2002 17:26:00,246,9,30,-1,35,1
09/03/2002 17:27:00,246,9,30,-1,35,1
09/03/2002 17:28:00,246,10,30,-1,35,1
09/03/2002 17:29:00,246,10,30,-1,35,1
09/03/2002 17:30:00,246,10,31,-1,35,1
09/03/2002 17:31:00,246,10,30,-1,34,1
09/03/2002 17:32:00,246,10,30,-1,34,1
09/03/2002 17:33:00,246,10,30,-1,34,1
09/03/2002 17:34:00,246,10,30,-1,34,1
09/03/2002 17:35:00,246,10,30,-1,34,1
09/03/2002 17:36:00,246,10,30,-1,34,1
09/03/2002 17:37:00,246,10,30,-1,33,1
09/03/2002 17:38:00,246,10,30,-1,33,1
09/03/2002 17:39:00,246,10,30,-1,34,1
09/03/2002 17:40:00,246,10,31,-1,34,1
09/03/2002 17:41:00,246,10,31,-1,34,1
09/03/2002 17:42:00,246,10,31,-1,34,1
09/03/2002 17:43:00,246,10,31,-1,34,1
09/03/2002 17:44:00,246,10,31,-1,33,1
09/03/2002 17:45:00,246,10,31,-1,33,1
09/03/2002 17:46:00,246,10,32,-1,33,1
09/03/2002 17:47:00,246,11,32,-1,33,1
09/03/2002 17:48:00,246,11,33,-1,33,1
09/03/2002 17:49:00,246,11,32,-1,33,1
09/03/2002 17:50:00,246,10,33,-1,33,1
09/03/2002 17:51:00,246,11,33,-1,32,1
09/03/2002 17:52:00,246,11,32,-1,32,1
09/03/2002 17:53:00,246,11,32,-1,31,1
09/03/2002 17:54:00,246,11,32,-1,31,1
09/03/2002 17:55:00,246,11,32,-1,31,1
09/03/2002 17:56:00,246,11,32,-1,31,1
09/03/2002 17:57:00,246,11,32,-1,31,1
09/03/2002 17:58:00,246,11,32,-1,31,1
09/03/2002 17:59:00,246,11,32,-1,31,1
09/03/2002 18:00:00,246,12,32,-1,31,1
09/03/2002 18:01:00,246,12,32,-1,30,1
09/03/2002 18:02:00,246,12,32,-1,31,1
09/03/2002 18:03:00,246,12,32,-1,31,1
09/03/2002 18:04:00,246,12,32,-1,30,1
09/03/2002 18:05:00,246,12,32,-1,30,1
09/03/2002 18:06:00,246,12,32,-1,30,1
09/03/2002 18:07:00,246,12,32,-1,31,1
09/03/2002 18:08:00,246,12,32,0,31,1
09/03/2002 18:09:00,246,13,32,0,31,1
09/03/2002 18:10:00,246,13,32,0,31,1
09/03/2002 18:11:00,246,12,32,0,32,1
09/03/2002 18:12:00,246,12,33,0,32,1
09/03/2002 18:13:00,246,13,33,0,31,1
09/03/2002 18:14:00,246,13,33,0,30,1
09/03/2002 18:15:00,246,12,33,0,29,1
09/03/2002 18:16:00,246,12,33,-1,28,1
09/03/2002 18:17:00,246,12,33,0,27,1
09/03/2002 18:18:00,246,13,33,0,27,1
09/03/2002 18:19:00,246,13,33,0,27,1
09/03/2002 18:20:00,246,13,33,0,26,1
09/03/2002 18:21:00,246,13,33,0,26,1
09/03/2002 18:22:00,246,13,31,0,27,1
09/03/2002 18:23:00,246,13,30,0,29,1
09/03/2002 18:24:00,246,13,32,1,31,1
09/03/2002 18:25:00,246,13,32,1,32,1
09/03/2002 18:26:00,246,13,31,1,34,1
09/03/2002 18:27:00,246,13,31,1,36,1
09/03/2002 18:28:00,246,14,31,1,37,1
09/03/2002 18:29:00,246,14,31,1,39,1
09/03/2002 18:30:00,246,13,31,2,39,1
09/03/2002 18:31:00,246,14,31,1,40,1
09/03/2002 18:32:00,246,14,31,1,40,1
09/03/2002 18:33:00,246,14,30,1,41,1
09/03/2002 18:34:00,246,14,29,1,43,1
09/03/2002 18:35:00,246,14,29,1,47,1
09/03/2002 18:36:00,246,15,28,1,51,1
09/03/2002 18:37:00,246,16,27,2,54,1
09/03/2002 18:38:00,246,17,27,2,56,1
09/03/2002 18:39:00,246,17,27,2,56,1
09/03/2002 18:40:00,246,16,29,2,55,1
09/03/2002 18:41:00,246,15,30,2,52,1
09/03/2002 18:42:00,246,15,31,1,50,1
09/03/2002 18:43:00,246,15,31,2,47,1
09/03/2002 18:44:00,246,15,31,2,45,1
09/03/2002 18:45:00,246,15,30,2,44,1
09/03/2002 18:46:00,246,15,30,3,43,1
09/03/2002 18:47:00,246,14,30,3,43,1
09/03/2002 18:48:00,246,14,29,3,43,1
09/03/2002 18:49:00,246,14,29,3,43,1
09/03/2002 18:50:00,246,14,29,3,43,1
09/03/2002 18:51:00,246,14,28,3,43,1
09/03/2002 18:52:00,246,14,28,3,44,1
09/03/2002 18:53:00,246,14,28,3,43,1
09/03/2002 18:54:00,246,14,27,3,44,1
09/03/2002 18:55:00,246,14,27,3,44,1
09/03/2002 18:56:00,246,14,28,3,43,1
09/03/2002 18:57:00,246,14,28,3,43,1
09/03/2002 18:58:00,246,14,28,3,43,1
09/03/2002 18:59:00,246,13,29,3,43,1
09/03/2002 19:00:00,246,13,28,3,43,1
09/03/2002 19:01:00,246,13,29,3,43,1
09/03/2002 19:02:00,246,13,29,4,43,1
09/03/2002 19:03:00,246,13,29,4,43,1
09/03/2002 19:04:00,246,13,29,3,43,1
09/03/2002 19:05:00,246,13,30,3,43,1
09/03/2002 19:06:00,246,13,31,3,42,1
09/03/2002 19:07:00,246,13,30,3,42,1
09/03/2002 19:08:00,246,12,30,3,42,1
09/03/2002 19:09:00,246,13,30,3,41,1
09/03/2002 19:10:00,246,13,30,3,41,1
09/03/2002 19:11:00,246,13,30,3,41,1
09/03/2002 19:12:00,246,13,30,3,41,1
09/03/2002 19:13:00,246,13,30,4,41,1
09/03/2002 19:14:00,246,13,29,3,40,1
09/03/2002 19:15:00,246,13,29,4,40,1
09/03/2002 19:16:00,246,12,30,4,40,1
09/03/2002 19:17:00,246,13,31,3,40,1
09/03/2002 19:18:00,246,12,31,4,40,1
09/03/2002 19:19:00,246,12,30,3,40,1
09/03/2002 19:20:00,246,12,30,4,40,1
09/03/2002 19:21:00,246,13,29,4,40,1
09/03/2002 19:22:00,246,13,28,4,41,1
09/03/2002 19:23:00,246,13,29,4,41,1
09/03/2002 19:24:00,246,14,28,4,42,1
09/03/2002 19:25:00,246,14,27,4,42,1
09/03/2002 19:26:00,246,15,29,4,43,1
09/03/2002 19:27:00,246,14,30,4,42,1
09/03/2002 19:28:00,246,14,30,4,41,1
09/03/2002 19:29:00,246,14,30,3,40,1
09/03/2002 19:30:00,246,14,29,3,38,1
09/03/2002 19:31:00,246,13,29,3,36,1
09/03/2002 19:32:00,246,12,30,4,36,1
09/03/2002 19:33:00,246,12,30,4,35,1
09/03/2002 19:34:00,246,12,29,4,34,1
09/03/2002 19:35:00,246,12,28,4,34,1
09/03/2002 19:36:00,246,12,28,4,34,1
09/03/2002 19:37:00,246,13,27,4,33,1
09/03/2002 19:38:00,246,13,27,4,33,1
09/03/2002 19:39:00,246,13,26,4,34,1
09/03/2002 19:40:00,246,12,26,4,34,1
09/03/2002 19:41:00,246,13,28,4,34,1
09/03/2002 19:42:00,246,13,28,4,35,1
09/03/2002 19:43:00,246,12,27,4,35,1
09/03/2002 19:44:00,246,13,26,4,36,1
09/03/2002 19:45:00,246,13,26,4,35,1
09/03/2002 19:46:00,246,12,26,4,35,1
09/03/2002 19:47:00,246,13,26,4,36,1
09/03/2002 19:48:00,246,12,26,4,36,1
09/03/2002 19:49:00,246,12,25,4,38,1
09/03/2002 19:50:00,246,13,24,4,40,1
09/03/2002 19:51:00,246,13,24,4,41,1
09/03/2002 19:52:00,246,14,25,4,41,1
09/03/2002 19:53:00,246,15,26,4,39,1
09/03/2002 19:54:00,246,14,26,3,38,1
09/03/2002 19:55:00,246,13,28,4,37,1
09/03/2002 19:56:00,246,12,28,4,36,1
09/03/2002 19:57:00,246,11,27,4,36,1
09/03/2002 19:58:00,246,11,26,4,38,1
09/03/2002 19:59:00,246,12,27,4,40,1
09/03/2002 20:00:00,246,10,25,4,42,1
09/03/2002 20:01:00,246,10,25,4,45,1
09/03/2002 20:02:00,246,13,24,4,48,1
09/03/2002 20:03:00,246,13,23,4,49,1
09/03/2002 20:04:00,246,14,23,4,50,1
09/03/2002 20:05:00,246,14,23,3,49,1
09/03/2002 20:06:00,246,14,23,3,48,1
09/03/2002 20:07:00,246,14,23,4,46,1
09/03/2002 20:08:00,246,15,23,4,45,1
09/03/2002 20:09:00,246,14,25,4,44,1
09/03/2002 20:10:00,246,15,25,4,44,1
09/03/2002 20:11:00,246,16,24,4,43,1
09/03/2002 20:12:00,246,16,24,3,43,1
09/03/2002 20:13:00,246,16,24,3,42,1
09/03/2002 20:14:00,246,16,24,3,41,1
09/03/2002 20:15:00,246,16,23,3,42,1
09/03/2002 20:16:00,246,15,23,3,42,1
09/03/2002 20:17:00,246,16,23,3,41,1
09/03/2002 20:18:00,246,15,23,3,41,1
09/03/2002 20:19:00,246,15,22,3,41,1
09/03/2002 20:20:00,246,15,22,3,41,1
09/03/2002 20:21:00,246,13,23,3,40,1
09/03/2002 20:22:00,246,13,23,3,39,1
09/03/2002 20:23:00,246,12,23,3,37,1
09/03/2002 20:24:00,246,12,25,3,37,1
09/03/2002 20:25:00,246,12,23,4,37,1
09/03/2002 20:26:00,246,11,24,4,38,1
09/03/2002 20:27:00,246,10,23,4,40,1
09/03/2002 20:28:00,246,12,21,4,42,1
09/03/2002 20:29:00,246,13,24,3,41,1
09/03/2002 20:30:00,246,11,24,3,42,1
09/03/2002 20:31:00,246,11,25,4,43,1
09/03/2002 20:32:00,246,13,22,4,46,1
09/03/2002 20:33:00,246,15,21,4,48,1
09/03/2002 20:34:00,246,17,18,4,50,1
09/03/2002 20:35:00,246,17,19,3,46,1
09/03/2002 20:36:00,246,15,20,3,40,1
09/03/2002 20:37:00,246,18,22,4,35,1
09/03/2002 20:38:00,246,16,22,4,32,1
09/03/2002 20:39:00,246,12,22,4,29,1
09/03/2002 20:40:00,246,10,23,4,26,1
09/03/2002 20:41:00,246,9,24,4,25,1
09/03/2002 20:42:00,246,9,23,4,24,1
09/03/2002 20:43:00,246,8,24,3,25,1
09/03/2002 20:44:00,246,10,22,3,26,1
09/03/2002 20:45:00,246,13,24,3,25,1
09/03/2002 20:46:00,246,14,26,2,26,1
09/03/2002 20:47:00,246,13,26,3,25,1
09/03/2002 20:48:00,246,13,26,3,25,1
09/03/2002 20:49:00,246,11,26,3,25,1
09/03/2002 20:50:00,246,11,26,3,25,1
09/03/2002 20:51:00,246,10,26,2,25,1
09/03/2002 20:52:00,246,7,27,3,24,1
09/03/2002 20:53:00,246,6,26,3,24,1
09/03/2002 20:54:00,246,6,25,3,23,1
09/03/2002 20:55:00,246,6,27,3,23,1
09/03/2002 20:56:00,246,7,28,3,23,1
09/03/2002 20:57:00,246,8,30,2,23,1
09/03/2002 20:58:00,246,7,28,3,23,1
09/03/2002 20:59:00,246,6,28,3,23,1
09/03/2002 21:00:00,246,5,28,3,24,1
09/03/2002 21:01:00,246,6,29,3,24,1
09/03/2002 21:02:00,246,8,28,3,25,1
09/03/2002 21:03:00,246,6,28,3,25,1
09/03/2002 21:04:00,246,7,28,3,25,1
09/03/2002 21:05:00,246,7,27,3,26,1
09/03/2002 21:06:00,246,6,27,3,26,1
09/03/2002 21:07:00,246,6,28,3,25,1
09/03/2002 21:08:00,246,6,28,3,25,1
09/03/2002 21:09:00,246,6,29,2,25,1
09/03/2002 21:10:00,246,7,29,3,25,1
09/03/2002 21:11:00,246,6,28,2,26,1
09/03/2002 21:12:00,246,7,28,2,26,1
09/03/2002 21:13:00,246,6,29,2,26,1
09/03/2002 21:14:00,246,6,28,3,26,1
09/03/2002 21:15:00,246,6,27,2,27,1
09/03/2002 21:16:00,246,7,28,2,27,1
09/03/2002 21:17:00,246,8,28,2,27,1
09/03/2002 21:18:00,246,7,29,2,27,1
09/03/2002 21:19:00,246,7,27,2,27,1
09/03/2002 21:20:00,246,6,28,2,27,1
09/03/2002 21:21:00,246,6,28,2,27,1
09/03/2002 21:22:00,246,6,27,2,27,1
09/03/2002 21:23:00,246,6,27,2,27,1
09/03/2002 21:24:00,246,6,26,2,28,1
09/03/2002 21:25:00,246,5,26,2,28,1
09/03/2002 21:26:00,246,7,27,2,29,1
09/03/2002 21:27:00,246,8,26,2,29,1
09/03/2002 21:28:00,246,8,27,1,29,1
09/03/2002 21:29:00,246,9,27,1,31,1
09/03/2002 21:30:00,246,9,27,1,31,1
09/03/2002 21:31:00,246,9,27,0,32,1
09/03/2002 21:32:00,246,9,25,0,32,1
09/03/2002 21:33:00,246,9,27,0,32,1
09/03/2002 21:34:00,246,9,26,0,32,1
09/03/2002 21:35:00,246,10,25,0,32,1
09/03/2002 21:36:00,246,13,26,-1,33,1
09/03/2002 21:37:00,246,12,25,-1,33,1
09/03/2002 21:38:00,246,13,25,-1,33,1
09/03/2002 21:39:00,246,14,24,-1,34,1
09/03/2002 21:40:00,246,13,24,-1,34,1
09/03/2002 21:41:00,246,13,24,-1,35,1
09/03/2002 21:42:00,246,14,23,-1,36,1
09/03/2002 21:43:00,246,13,23,-1,36,1
09/03/2002 21:44:00,246,12,23,-1,36,1
09/03/2002 21:45:00,246,12,23,-1,36,1
09/03/2002 21:46:00,246,13,24,-1,36,1
09/03/2002 21:47:00,246,12,23,-1,35,1
09/03/2002 21:48:00,246,13,25,-1,35,1
09/03/2002 21:49:00,246,14,24,-1,35,1
09/03/2002 21:50:00,246,14,23,-1,36,1
09/03/2002 21:51:00,246,13,23,-1,36,1
09/03/2002 21:52:00,246,14,24,-1,35,1
09/03/2002 21:53:00,246,15,23,-1,35,1
09/03/2002 21:54:00,246,15,22,-1,36,1
09/03/2002 21:55:00,246,14,21,-1,36,1
09/03/2002 21:56:00,246,14,22,-1,36,1
09/03/2002 21:57:00,246,16,22,-1,36,1
09/03/2002 21:58:00,246,16,22,-1,37,1
09/03/2002 21:59:00,246,16,21,-1,37,1
09/03/2002 22:00:00,246,15,20,-1,38,1
09/03/2002 22:01:00,246,13,17,-1,39,1
09/03/2002 22:02:00,246,15,20,-1,37,1
09/03/2002 22:03:00,246,15,22,-1,36,1
09/03/2002 22:04:00,246,16,24,-1,36,1
09/03/2002 22:05:00,246,16,23,-1,36,1
09/03/2002 22:06:00,246,16,23,-1,36,1
09/03/2002 22:07:00,246,16,23,-1,35,1
09/03/2002 22:08:00,246,16,23,-1,35,1
09/03/2002 22:09:00,246,17,24,-1,35,1
09/03/2002 22:10:00,246,18,26,-1,35,1
09/03/2002 22:11:00,246,18,26,-1,35,1
09/03/2002 22:12:00,246,18,25,-1,36,1
09/03/2002 22:13:00,246,19,25,-1,36,1
09/03/2002 22:14:00,246,17,24,0,36,1
09/03/2002 22:15:00,246,17,26,0,36,1
09/03/2002 22:16:00,246,17,24,0,35,1
09/03/2002 22:17:00,246,17,25,0,35,1
09/03/2002 22:18:00,246,17,27,0,36,1
09/03/2002 22:19:00,246,18,27,0,35,1
09/03/2002 22:20:00,246,17,24,0,36,1
09/03/2002 22:21:00,246,17,23,0,36,1
09/03/2002 22:22:00,246,17,23,1,37,1
09/03/2002 22:23:00,246,17,22,1,37,1
09/03/2002 22:24:00,246,18,21,0,37,1
09/03/2002 22:25:00,246,18,20,0,37,1
09/03/2002 22:26:00,246,18,19,1,37,1
09/03/2002 22:27:00,246,17,20,1,37,1
09/03/2002 22:28:00,246,17,18,1,38,1
09/03/2002 22:29:00,246,18,19,1,37,1
09/03/2002 22:30:00,246,18,20,1,37,1
09/03/2002 22:31:00,246,18,19,0,37,1
09/03/2002 22:32:00,246,17,19,1,38,1
09/03/2002 22:33:00,246,16,18,1,38,1
09/03/2002 22:34:00,246,16,17,1,39,1
09/03/2002 22:35:00,246,15,17,1,38,1
09/03/2002 22:36:00,246,15,17,1,38,1
09/03/2002 22:37:00,246,16,17,1,38,1
09/03/2002 22:38:00,246,16,18,0,37,1
09/03/2002 22:39:00,246,17,17,1,37,1
09/03/2002 22:40:00,246,17,17,1,37,1
09/03/2002 22:41:00,246,18,18,1,36,1
09/03/2002 22:42:00,246,19,20,0,36,1
09/03/2002 22:43:00,246,20,21,0,35,1
09/03/2002 22:44:00,246,20,19,0,36,1
09/03/2002 22:45:00,246,18,18,0,36,1
09/03/2002 22:46:00,246,18,18,0,37,1
09/03/2002 22:47:00,246,19,19,0,36,1
09/03/2002 22:48:00,246,21,21,-1,36,1
09/03/2002 22:49:00,246,20,21,-1,35,1
09/03/2002 22:50:00,246,20,22,-1,35,1
09/03/2002 22:51:00,246,21,20,-1,35,1
09/03/2002 22:52:00,246,22,20,-1,34,1
09/03/2002 22:53:00,246,21,22,-1,33,1
09/03/2002 22:54:00,246,23,23,-1,33,1
09/03/2002 22:55:00,246,26,25,-2,31,1
09/03/2002 22:56:00,246,26,25,-2,31,1
09/03/2002 22:57:00,246,27,23,-2,30,1
09/03/2002 22:58:00,246,27,25,-2,27,1
09/03/2002 22:59:00,246,28,28,-2,26,1
09/03/2002 23:00:00,246,30,29,-2,26,1
09/03/2002 23:01:00,246,31,28,-2,26,1
09/03/2002 23:02:00,246,30,27,-2,26,1
09/03/2002 23:03:00,246,30,26,-3,26,1
09/03/2002 23:04:00,246,30,28,-3,26,1
09/03/2002 23:05:00,246,31,29,-3,26,1
09/03/2002 23:06:00,246,30,30,-3,26,1
09/03/2002 23:07:00,246,30,30,-3,25,1
09/03/2002 23:08:00,246,29,29,-3,25,1
09/03/2002 23:09:00,246,28,29,-3,25,1
09/03/2002 23:10:00,246,29,29,-3,25,1
09/03/2002 23:11:00,246,28,29,-3,25,1
09/03/2002 23:12:00,246,29,30,-3,24,1
09/03/2002 23:13:00,246,29,30,-3,24,1
09/03/2002 23:14:00,246,30,31,-3,23,1
09/03/2002 23:15:00,246,32,34,-3,22,1
09/03/2002 23:16:00,246,33,36,-4,21,1
09/03/2002 23:17:00,246,33,36,-4,21,1
09/03/2002 23:18:00,246,34,37,-4,21,1
09/03/2002 23:19:00,246,34,36,-4,20,1
09/03/2002 23:20:00,246,32,37,-4,20,1
09/03/2002 23:21:00,246,32,37,-4,19,1
09/03/2002 23:22:00,246,33,38,-4,19,1
09/03/2002 23:23:00,246,32,39,-4,19,1
09/03/2002 23:24:00,246,32,38,-4,18,1
09/03/2002 23:25:00,246,31,38,-4,18,1
09/03/2002 23:26:00,246,30,39,-4,18,1
09/03/2002 23:27:00,246,30,41,-3,17,1
09/03/2002 23:28:00,246,30,40,-3,18,1
09/03/2002 23:29:00,246,31,39,-4,18,1
09/03/2002 23:30:00,246,31,40,-4,18,1
09/03/2002 23:31:00,246,30,41,-4,17,1
09/03/2002 23:32:00,246,31,43,-4,17,1
09/03/2002 23:33:00,246,32,44,-4,18,1
09/03/2002 23:34:00,246,31,44,-4,18,1
09/03/2002 23:35:00,246,30,44,-4,18,1
09/03/2002 23:36:00,246,29,42,-4,19,1
09/03/2002 23:37:00,246,29,42,-4,19,1
09/03/2002 23:38:00,246,29,42,-4,19,1
09/03/2002 23:39:00,246,29,41,-4,19,1
09/03/2002 23:40:00,246,28,40,-4,18,1
09/03/2002 23:41:00,246,27,40,-3,18,1
09/03/2002 23:42:00,246,26,41,-3,17,1
09/03/2002 23:43:00,246,26,40,-3,17,1
09/03/2002 23:44:00,246,24,38,-3,17,1
09/03/2002 23:45:00,246,25,35,-3,16,1
09/03/2002 23:46:00,246,25,34,-3,16,1
09/03/2002 23:47:00,246,24,36,-3,15,1
09/03/2002 23:48:00,246,25,35,-3,16,1
09/03/2002 23:49:00,246,25,35,-3,16,1
09/03/2002 23:50:00,246,25,37,-3,16,1
09/03/2002 23:51:00,246,27,36,-4,17,1
09/03/2002 23:52:00,246,27,34,-3,18,1
09/03/2002 23:53:00,246,27,33,-3,18,1
09/03/2002 23:54:00,246,27,34,-3,18,1
09/03/2002 23:55:00,246,28,34,-3,19,1
09/03/2002 23:56:00,246,27,34,-3,19,1
09/03/2002 23:57:00,246,27,35,-3,18,1
09/03/2002 23:58:00,246,27,37,-3,18,1
09/03/2002 23:59:00,246,27,36,-3,18,1
09/04/2002 00:00:00,247,27,37,-2,16,1
09/04/2002 00:01:00,247,28,37,-2,16,1
09/04/2002 00:02:00,247,28,38,-2,16,1
09/04/2002 00:03:00,247,28,38,-2,16,1
09/04/2002 00:04:00,247,28,39,-2,16,1
09/04/2002 00:05:00,247,27,38,-3,17,1
09/04/2002 00:06:00,247,27,38,-2,17,1
09/04/2002 00:07:00,247,26,39,-2,17,1
09/04/2002 00:08:00,247,26,38,-2,17,1
09/04/2002 00:09:00,247,26,40,-2,17,1
09/04/2002 00:10:00,247,27,40,-2,17,1
09/04/2002 00:11:00,247,27,42,-2,16,1
09/04/2002 00:12:00,247,26,41,-2,17,1
09/04/2002 00:13:00,247,24,40,-2,17,1
09/04/2002 00:14:00,247,24,40,-2,18,1
09/04/2002 00:15:00,247,25,41,-2,17,1
09/04/2002 00:16:00,247,25,42,-2,17,1
09/04/2002 00:17:00,247,24,42,-2,17,1
09/04/2002 00:18:00,247,24,42,-1,17,1
09/04/2002 00:19:00,247,24,42,-1,17,1
09/04/2002 00:20:00,247,25,42,-1,16,1
09/04/2002 00:21:00,247,25,44,-1,16,1
09/04/2002 00:22:00,247,25,43,-1,15,1
09/04/2002 00:23:00,247,25,43,-1,15,1
09/04/2002 00:24:00,247,25,43,-1,16,1
09/04/2002 00:25:00,247,25,44,-1,15,1
09/04/2002 00:26:00,247,26,43,-1,15,1
09/04/2002 00:27:00,247,26,43,-1,16,1
09/04/2002 00:28:00,247,25,42,-1,15,1
09/04/2002 00:29:00,247,25,42,-1,15,1
09/04/2002 00:30:00,247,24,42,0,15,1
09/04/2002 00:31:00,247,25,43,-1,15,1
09/04/2002 00:32:00,247,26,43,-1,15,1
09/04/2002 00:33:00,247,25,44,-1,15,1
09/04/2002 00:34:00,247,24,43,-1,15,1
09/04/2002 00:35:00,247,24,44,-1,15,1
09/04/2002 00:36:00,247,24,44,-1,15,1
09/04/2002 00:37:00,247,24,44,-1,14,1
09/04/2002 00:38:00,247,24,45,-1,15,1
09/04/2002 00:39:00,247,25,46,-1,14,1
09/04/2002 00:40:00,247,27,45,-1,15,1
09/04/2002 00:41:00,247,26,45,0,14,1
09/04/2002 00:42:00,247,26,45,-1,14,1
09/04/2002 00:43:00,247,25,44,0,15,1
09/04/2002 00:44:00,247,25,44,0,15,1
09/04/2002 00:45:00,247,25,43,0,14,1
09/04/2002 00:46:00,247,26,43,0,14,1
09/04/2002 00:47:00,247,27,43,0,14,1
09/04/2002 00:48:00,247,27,43,0,14,1
09/04/2002 00:49:00,247,27,42,0,14,1
09/04/2002 00:50:00,247,27,42,0,14,1
09/04/2002 00:51:00,247,27,41,0,14,1
09/04/2002 00:52:00,247,28,41,0,14,1
09/04/2002 00:53:00,247,28,39,1,14,1
09/04/2002 00:54:00,247,27,40,1,14,1
09/04/2002 00:55:00,247,28,38,1,15,1
09/04/2002 00:56:00,247,28,39,1,15,1
09/04/2002 00:57:00,247,29,37,1,15,1
09/04/2002 00:58:00,247,29,37,1,15,1
09/04/2002 00:59:00,247,30,38,1,15,1
09/04/2002 01:00:00,247,31,38,1,16,1
09/04/2002 01:01:00,247,34,38,0,16,1
09/04/2002 01:02:00,247,35,37,1,16,1
09/04/2002 01:03:00,247,34,35,1,16,1
09/04/2002 01:04:00,247,35,35,1,16,1
09/04/2002 01:05:00,247,38,35,0,16,1
09/04/2002 01:06:00,247,42,34,0,15,1
09/04/2002 01:07:00,247,44,36,-1,15,1
09/04/2002 01:08:00,247,44,36,-1,15,1
09/04/2002 01:09:00,247,45,35,-1,15,1
09/04/2002 01:10:00,247,48,36,-1,15,1
09/04/2002 01:11:00,247,49,35,-2,15,1
09/04/2002 01:12:00,247,49,36,-2,16,1
09/04/2002 01:13:00,247,50,36,-2,16,1
09/04/2002 01:14:00,247,50,37,-2,16,1
09/04/2002 01:15:00,247,51,39,-2,16,1
09/04/2002 01:16:00,247,51,39,-2,16,1
09/04/2002 01:17:00,247,51,40,-2,16,1
09/04/2002 01:18:00,247,52,40,-2,16,1
09/04/2002 01:19:00,247,51,40,-2,16,1
09/04/2002 01:20:00,247,50,41,-2,16,1
09/04/2002 01:21:00,247,48,41,-2,16,1
09/04/2002 01:22:00,247,50,41,-2,16,1
09/04/2002 01:23:00,247,50,42,-3,16,1
09/04/2002 01:24:00,247,48,43,-2,16,1
09/04/2002 01:25:00,247,49,42,-2,17,1
09/04/2002 01:26:00,247,47,43,-2,16,1
09/04/2002 01:27:00,247,47,42,-2,17,1
09/04/2002 01:28:00,247,46,41,-3,17,1
09/04/2002 01:29:00,247,45,41,-3,17,1
09/04/2002 01:30:00,247,44,42,-3,17,1
09/04/2002 01:31:00,247,43,43,-3,17,1
09/04/2002 01:32:00,247,43,42,-3,17,1
09/04/2002 01:33:00,247,42,42,-3,17,1
09/04/2002 01:34:00,247,40,43,-3,17,1
09/04/2002 01:35:00,247,41,43,-4,17,1
09/04/2002 01:36:00,247,41,43,-4,17,1
09/04/2002 01:37:00,247,40,42,-3,18,1
09/04/2002 01:38:00,247,40,42,-4,18,1
09/04/2002 01:39:00,247,40,42,-4,18,1
09/04/2002 01:40:00,247,41,43,-4,18,1
09/04/2002 01:41:00,247,41,43,-4,18,1
09/04/2002 01:42:00,247,39,43,-4,18,1
09/04/2002 01:43:00,247,38,42,-4,19,1
09/04/2002 01:44:00,247,38,42,-4,19,1
09/04/2002 01:45:00,247,39,42,-4,19,1
09/04/2002 01:46:00,247,39,41,-4,19,1
09/04/2002 01:47:00,247,38,44,-4,20,1
09/04/2002 01:48:00,247,39,45,-5,21,1
09/04/2002 01:49:00,247,37,34,-3,23,1
09/04/2002 01:50:00,247,38,28,-2,23,1
09/04/2002 01:51:00,247,39,26,-2,19,1
09/04/2002 01:52:00,247,40,36,-3,15,1
09/04/2002 01:53:00,247,40,47,-5,13,1
09/04/2002 01:54:00,247,38,50,-6,13,1
09/04/2002 01:55:00,247,34,44,-5,14,1
09/04/2002 01:56:00,247,33,36,-4,16,1
09/04/2002 01:57:00,247,32,32,-3,16,1
09/04/2002 01:58:00,247,30,31,-2,16,1
09/04/2002 01:59:00,247,27,28,-1,18,1
09/04/2002 02:00:00,247,24,22,0,20,1
09/04/2002 02:01:00,247,21,18,1,21,1
09/04/2002 02:02:00,247,16,20,1,24,1
09/04/2002 02:03:00,247,17,18,1,26,1
09/04/2002 02:04:00,247,18,18,2,29,1
09/04/2002 02:05:00,247,20,18,2,30,1
09/04/2002 02:06:00,247,22,18,3,32,1
09/04/2002 02:07:00,247,23,19,3,33,1
09/04/2002 02:08:00,247,24,19,3,34,1
09/04/2002 02:09:00,247,23,19,3,33,1
09/04/2002 02:10:00,247,23,17,3,32,1
09/04/2002 02:11:00,247,22,16,3,30,1
09/04/2002 02:12:00,247,22,14,2,28,1
09/04/2002 02:13:00,247,21,15,2,26,1
09/04/2002 02:14:00,247,19,16,2,25,1
09/04/2002 02:15:00,247,19,17,1,24,1
09/04/2002 02:16:00,247,19,18,1,23,1
09/04/2002 02:17:00,247,18,19,2,22,1
09/04/2002 02:18:00,247,18,20,1,21,1
09/04/2002 02:19:00,247,18,20,1,20,1
09/04/2002 02:20:00,247,17,22,1,19,1
09/04/2002 02:21:00,247,17,24,1,18,1
09/04/2002 02:22:00,247,16,25,1,17,1
09/04/2002 02:23:00,247,17,26,1,16,1
09/04/2002 02:24:00,247,16,27,1,15,1
09/04/2002 02:25:00,247,17,29,0,13,1
09/04/2002 02:26:00,247,16,30,0,12,1
09/04/2002 02:27:00,247,17,30,0,11,1
09/04/2002 02:28:00,247,19,30,0,9,1
09/04/2002 02:29:00,247,19,31,0,7,1
09/04/2002 02:30:00,247,19,31,0,4,1
09/04/2002 02:31:00,247,20,33,-1,1,1
09/04/2002 02:32:00,247,20,33,-1,0,1
09/04/2002 02:33:00,247,20,34,-1,-2,1
09/04/2002 02:34:00,247,21,32,-1,-3,1
09/04/2002 02:35:00,247,21,31,-1,-4,1
09/04/2002 02:36:00,247,21,31,-1,-6,1
09/04/2002 02:37:00,247,23,30,-1,-7,1
09/04/2002 02:38:00,247,23,31,-1,-7,1
09/04/2002 02:39:00,247,23,30,0,-7,1
09/04/2002 02:40:00,247,25,30,0,-7,1
09/04/2002 02:41:00,247,25,29,1,-7,1
09/04/2002 02:42:00,247,24,30,0,-7,1
09/04/2002 02:43:00,247,25,30,1,-7,1
09/04/2002 02:44:00,247,25,31,1,-6,1
09/04/2002 02:45:00,247,24,35,2,-6,1
09/04/2002 02:46:00,247,24,37,2,-6,1
09/04/2002 02:47:00,247,24,40,2,-7,1
09/04/2002 02:48:00,247,24,41,3,-7,1
09/04/2002 02:49:00,247,23,42,2,-8,1
09/04/2002 02:50:00,247,23,44,3,-9,1
09/04/2002 02:51:00,247,23,46,3,-10,1
09/04/2002 02:52:00,247,22,47,3,-12,1
09/04/2002 02:53:00,247,22,47,2,-14,1
09/04/2002 02:54:00,247,21,47,2,-16,1
09/04/2002 02:55:00,247,20,47,2,-18,1
09/04/2002 02:56:00,247,20,44,1,-20,1
09/04/2002 02:57:00,247,19,44,1,-22,1
09/04/2002 02:58:00,247,19,41,1,-24,1
09/04/2002 02:59:00,247,17,42,1,-25,1
09/04/2002 03:00:00,247,18,41,0,-26,1
09/04/2002 03:01:00,247,17,42,1,-27,1
09/04/2002 03:02:00,247,17,42,0,-28,1
09/04/2002 03:03:00,247,15,42,0,-29,1
09/04/2002 03:04:00,247,14,41,0,-30,1
09/04/2002 03:05:00,247,12,42,0,-32,1
09/04/2002 03:06:00,247,12,41,0,-34,1
09/04/2002 03:07:00,247,12,41,0,-36,1
09/04/2002 03:08:00,247,11,40,-1,-37,1
09/04/2002 03:09:00,247,14,41,-1,-37,1
09/04/2002 03:10:00,247,15,40,0,-38,1
09/04/2002 03:11:00,247,18,40,0,-39,1
09/04/2002 03:12:00,247,21,41,0,-40,1
09/04/2002 03:13:00,247,23,42,1,-41,1
09/04/2002 03:14:00,247,25,43,0,-42,1
09/04/2002 03:15:00,247,27,44,1,-43,1
09/04/2002 03:16:00,247,27,46,1,-44,1
09/04/2002 03:17:00,247,29,47,2,-44,1
09/04/2002 03:18:00,247,31,49,2,-46,1
09/04/2002 03:19:00,247,33,52,2,-47,1
09/04/2002 03:20:00,247,35,54,2,-47,1
09/04/2002 03:21:00,247,37,55,2,-48,1
09/04/2002 03:22:00,247,39,56,3,-49,1
09/04/2002 03:23:00,247,40,58,3,-49,1
09/04/2002 03:24:00,247,44,60,3,-50,1
09/04/2002 03:25:00,247,46,62,3,-51,1
09/04/2002 03:26:00,247,48,63,3,-53,1
09/04/2002 03:27:00,247,52,64,2,-54,1
09/04/2002 03:28:00,247,54,66,2,-56,1
09/04/2002 03:29:00,247,55,67,2,-57,1
09/04/2002 03:30:00,247,54,68,2,-57,1
09/04/2002 03:31:00,247,54,69,2,-57,1
09/04/2002 03:32:00,247,54,70,3,-58,1
09/04/2002 03:33:00,247,53,71,3,-58,1
09/04/2002 03:34:00,247,52,71,3,-59,1
09/04/2002 03:35:00,247,50,71,3,-59,1
09/04/2002 03:36:00,247,48,72,2,-60,1
09/04/2002 03:37:00,247,46,72,3,-60,1
09/04/2002 03:38:00,247,45,73,3,-61,1
09/04/2002 03:39:00,247,43,72,3,-61,1
09/04/2002 03:40:00,247,44,74,3,-61,1
09/04/2002 03:41:00,247,42,75,4,-61,1
09/04/2002 03:42:00,247,40,74,4,-62,1
09/04/2002 03:43:00,247,39,74,5,-63,1
09/04/2002 03:44:00,247,36,71,5,-63,1
09/04/2002 03:45:00,247,36,70,5,-63,1
09/04/2002 03:46:00,247,35,68,5,-63,1
09/04/2002 03:47:00,247,34,66,5,-63,1
09/04/2002 03:48:00,247,35,65,6,-63,1
09/04/2002 03:49:00,247,35,64,6,-63,1
09/04/2002 03:50:00,247,36,64,6,-63,1
09/04/2002 03:51:00,247,35,65,7,-63,1
09/04/2002 03:52:00,247,34,66,6,-64,1
09/04/2002 03:53:00,247,34,66,6,-65,1
09/04/2002 03:54:00,247,34,68,6,-65,1
09/04/2002 03:55:00,247,35,71,7,-66,1
09/04/2002 03:56:00,247,37,71,7,-67,1
09/04/2002 03:57:00,247,39,73,7,-67,1
09/04/2002 03:58:00,247,41,76,7,-68,1
09/04/2002 03:59:00,247,42,78,7,-68,1
09/04/2002 04:00:00,247,43,79,8,-68,1
09/04/2002 04:01:00,247,44,81,8,-68,1
09/04/2002 04:02:00,247,44,81,8,-69,1
09/04/2002 04:03:00,247,43,82,8,-69,1
09/04/2002 04:04:00,247,42,83,9,-69,1
09/04/2002 04:05:00,247,41,84,8,-70,1
09/04/2002 04:06:00,247,38,85,8,-71,1
09/04/2002 04:07:00,247,37,85,8,-73,1
09/04/2002 04:08:00,247,36,86,8,-73,1
09/04/2002 04:09:00,247,35,88,7,-75,1
09/04/2002 04:10:00,247,33,91,7,-77,1
09/04/2002 04:11:00,247,32,93,6,-80,1
09/04/2002 04:12:00,247,32,95,6,-83,1
09/04/2002 04:13:00,247,32,98,6,-85,1
09/04/2002 04:14:00,247,32,101,6,-87,1
09/04/2002 04:15:00,247,32,103,6,-88,1
09/04/2002 04:16:00,247,32,104,6,-90,1
09/04/2002 04:17:00,247,33,103,6,-92,1
09/04/2002 04:18:00,247,32,104,6,-94,1
09/04/2002 04:19:00,247,32,104,6,-96,1
09/04/2002 04:20:00,247,32,103,6,-98,1
09/04/2002 04:21:00,247,32,102,7,-99,1
09/04/2002 04:22:00,247,33,101,7,-99,1
09/04/2002 04:23:00,247,35,100,7,-99,1
09/04/2002 04:24:00,247,39,99,7,-100,1
09/04/2002 04:25:00,247,42,100,7,-101,1
09/04/2002 04:26:00,247,43,102,8,-101,1
09/04/2002 04:27:00,247,43,101,8,-101,1
09/04/2002 04:28:00,247,44,100,8,-100,1
09/04/2002 04:29:00,247,45,100,8,-99,1
09/04/2002 04:30:00,247,45,99,8,-100,1
09/04/2002 04:31:00,247,45,99,8,-100,1
09/04/2002 04:32:00,247,43,99,7,-100,1
09/04/2002 04:33:00,247,41,97,7,-99,1
09/04/2002 04:34:00,247,38,96,6,-99,1
09/04/2002 04:35:00,247,36,94,6,-99,1
09/04/2002 04:36:00,247,34,92,6,-98,1
09/04/2002 04:37:00,247,32,92,5,-98,1
09/04/2002 04:38:00,247,31,91,4,-98,1
09/04/2002 04:39:00,247,29,90,4,-99,1
09/04/2002 04:40:00,247,28,88,3,-99,1
09/04/2002 04:41:00,247,29,86,3,-99,1
09/04/2002 04:42:00,247,30,84,3,-99,1
09/04/2002 04:43:00,247,31,82,3,-99,1
09/04/2002 04:44:00,247,32,81,3,-100,1
09/04/2002 04:45:00,247,33,80,3,-99,1
09/04/2002 04:46:00,247,34,79,3,-99,1
09/04/2002 04:47:00,247,36,79,3,-98,1
09/04/2002 04:48:00,247,37,77,3,-98,1
09/04/2002 04:49:00,247,37,76,3,-99,1
09/04/2002 04:50:00,247,37,76,3,-99,1
09/04/2002 04:51:00,247,37,73,2,-99,1
09/04/2002 04:52:00,247,37,72,2,-99,1
09/04/2002 04:53:00,247,37,71,3,-99,1
09/04/2002 04:54:00,247,36,71,3,-99,1
09/04/2002 04:55:00,247,35,71,3,-100,1
09/04/2002 04:56:00,247,35,71,3,-99,1
09/04/2002 04:57:00,247,36,72,3,-99,1
09/04/2002 04:58:00,247,37,72,3,-99,1
09/04/2002 04:59:00,247,38,73,3,-100,1
09/04/2002 05:00:00,247,39,75,4,-99,1
09/04/2002 05:01:00,247,41,77,4,-96,1
09/04/2002 05:02:00,247,43,79,4,-93,1
09/04/2002 05:03:00,247,45,80,4,-93,1
09/04/2002 05:04:00,247,46,80,4,-93,1
09/04/2002 05:05:00,247,48,81,4,-93,1
09/04/2002 05:06:00,247,47,81,4,-92,1
09/04/2002 05:07:00,247,49,82,4,-92,1
09/04/2002 05:08:00,247,50,82,4,-93,1
09/04/2002 05:09:00,247,50,81,3,-94,1
09/04/2002 05:10:00,247,49,79,3,-96,1
09/04/2002 05:11:00,247,48,78,3,-97,1
09/04/2002 05:12:00,247,47,77,3,-99,1
09/04/2002 05:13:00,247,45,76,4,-101,1
09/04/2002 05:14:00,247,45,74,4,-102,1
09/04/2002 05:15:00,247,44,73,4,-104,1
09/04/2002 05:16:00,247,43,74,5,-105,1
09/04/2002 05:17:00,247,43,73,5,-106,1
09/04/2002 05:18:00,247,43,73,5,-106,1
09/04/2002 05:19:00,247,43,73,5,-107,1
09/04/2002 05:20:00,247,44,73,6,-108,1
09/04/2002 05:21:00,247,46,72,6,-108,1
09/04/2002 05:22:00,247,48,73,7,-109,1
09/04/2002 05:23:00,247,50,73,7,-108,1
09/04/2002 05:24:00,247,51,77,9,-107,1
09/04/2002 05:25:00,247,54,88,10,-106,1
09/04/2002 05:26:00,247,56,94,12,-105,1
09/04/2002 05:27:00,247,56,99,13,-105,1
09/04/2002 05:28:00,247,58,106,14,-104,1
09/04/2002 05:29:00,247,59,112,15,-103,1
09/04/2002 05:30:00,247,60,118,15,-102,1
09/04/2002 05:31:00,247,61,118,14,-100,1
09/04/2002 05:32:00,247,62,115,13,-98,1
09/04/2002 05:33:00,247,65,110,11,-97,1
09/04/2002 05:34:00,247,67,106,10,-95,1
09/04/2002 05:35:00,247,69,104,8,-93,1
09/04/2002 05:36:00,247,70,102,7,-91,1
09/04/2002 05:37:00,247,74,102,6,-89,1
09/04/2002 05:38:00,247,77,102,6,-88,1
09/04/2002 05:39:00,247,78,101,5,-87,1
09/04/2002 05:40:00,247,81,101,4,-86,1
09/04/2002 05:41:00,247,85,102,4,-84,1
09/04/2002 05:42:00,247,90,106,4,-83,1
09/04/2002 05:43:00,247,91,108,4,-82,1
09/04/2002 05:44:00,247,93,111,5,-82,1
09/04/2002 05:45:00,247,95,112,5,-82,1
09/04/2002 05:46:00,247,96,112,5,-82,1
09/04/2002 05:47:00,247,95,110,6,-82,1
09/04/2002 05:48:00,247,93,105,6,-83,1
09/04/2002 05:49:00,247,88,99,6,-84,1
09/04/2002 05:50:00,247,83,92,6,-86,1
09/04/2002 05:51:00,247,76,85,6,-87,1
09/04/2002 05:52:00,247,72,82,6,-88,1
09/04/2002 05:53:00,247,67,80,6,-89,1
09/04/2002 05:54:00,247,61,75,6,-91,1
09/04/2002 05:55:00,247,57,71,6,-91,1
09/04/2002 05:56:00,247,55,69,6,-92,1
09/04/2002 05:57:00,247,52,68,6,-93,1
09/04/2002 05:58:00,247,50,66,6,-94,1
09/04/2002 05:59:00,247,48,65,7,-95,1
09/04/2002 06:00:00,247,46,65,7,-96,1
09/04/2002 06:01:00,247,46,63,7,-97,1
09/04/2002 06:02:00,247,45,64,8,-98,1
09/04/2002 06:03:00,247,43,63,8,-99,1
09/04/2002 06:04:00,247,42,63,9,-98,1
09/04/2002 06:05:00,247,42,63,9,-99,1
09/04/2002 06:06:00,247,43,62,9,-99,1
09/04/2002 06:07:00,247,43,62,10,-99,1
09/04/2002 06:08:00,247,44,62,10,-100,1
09/04/2002 06:09:00,247,43,62,10,-101,1
09/04/2002 06:10:00,247,43,63,10,-101,1
09/04/2002 06:11:00,247,44,63,11,-102,1
09/04/2002 06:12:00,247,44,63,11,-102,1
09/04/2002 06:13:00,247,45,63,11,-103,1
09/04/2002 06:14:00,247,45,62,11,-103,1
09/04/2002 06:15:00,247,46,62,11,-103,1
09/04/2002 06:16:00,247,45,61,11,-103,1
09/04/2002 06:17:00,247,45,61,11,-103,1
09/04/2002 06:18:00,247,46,63,11,-102,1
09/04/2002 06:19:00,247,46,63,11,-101,1
09/04/2002 06:20:00,247,46,64,11,-101,1
09/04/2002 06:21:00,247,46,66,11,-100,1
09/04/2002 06:22:00,247,47,67,11,-99,1
09/04/2002 06:23:00,247,47,69,11,-99,1
09/04/2002 06:24:00,247,47,70,11,-98,1
09/04/2002 06:25:00,247,46,69,11,-98,1
09/04/2002 06:26:00,247,45,71,11,-96,1
09/04/2002 06:27:00,247,45,72,11,-95,1
09/04/2002 06:28:00,247,45,73,10,-94,1
09/04/2002 06:29:00,247,44,73,10,-93,1
09/04/2002 06:30:00,247,45,76,10,-91,1
09/04/2002 06:31:00,247,46,78,9,-89,1
09/04/2002 06:32:00,247,45,79,9,-89,1
09/04/2002 06:33:00,247,45,79,8,-88,1
09/04/2002 06:34:00,247,46,79,7,-87,1
09/04/2002 06:35:00,247,46,79,7,-87,1
09/04/2002 06:36:00,247,47,79,7,-87,1
09/04/2002 06:37:00,247,47,79,7,-87,1
09/04/2002 06:38:00,247,48,78,7,-88,1
09/04/2002 06:39:00,247,49,77,7,-88,1
09/04/2002 06:40:00,247,51,77,8,-88,1
09/04/2002 06:41:00,247,50,76,8,-89,1
09/04/2002 06:42:00,247,49,76,8,-89,1
09/04/2002 06:43:00,247,49,76,8,-89,1
09/04/2002 06:44:00,247,48,78,8,-89,1
09/04/2002 06:45:00,247,47,79,9,-90,1
09/04/2002 06:46:00,247,47,80,9,-90,1
09/04/2002 06:47:00,247,46,80,9,-90,1
09/04/2002 06:48:00,247,45,80,9,-89,1
09/04/2002 06:49:00,247,44,79,8,-89,1
09/04/2002 06:50:00,247,44,78,8,-90,1
09/04/2002 06:51:00,247,44,78,9,-90,1
09/04/2002 06:52:00,247,44,79,9,-89,1
09/04/2002 06:53:00,247,43,81,9,-88,1
09/04/2002 06:54:00,247,43,82,8,-88,1
09/04/2002 06:55:00,247,42,81,9,-88,1
09/04/2002 06:56:00,247,42,80,8,-88,1
09/04/2002 06:57:00,247,42,79,8,-89,1
09/04/2002 06:58:00,247,41,79,8,-89,1
09/04/2002 06:59:00,247,41,79,8,-89,1
09/04/2002 07:00:00,247,42,81,8,-90,1
09/04/2002 07:01:00,247,41,81,8,-89,1
09/04/2002 07:02:00,247,40,84,8,-89,1
09/04/2002 07:03:00,247,40,89,9,-88,1
09/04/2002 07:04:00,247,41,96,10,-87,1
09/04/2002 07:05:00,247,42,105,10,-86,1
09/04/2002 07:06:00,247,43,109,11,-86,1
09/04/2002 07:07:00,247,44,111,11,-86,1
09/04/2002 07:08:00,247,44,112,11,-85,1
09/04/2002 07:09:00,247,45,113,12,-85,1
09/04/2002 07:10:00,247,46,114,12,-86,1
09/04/2002 07:11:00,247,47,116,13,-85,1
09/04/2002 07:12:00,247,47,116,13,-85,1
09/04/2002 07:13:00,247,48,116,14,-86,1
09/04/2002 07:14:00,247,49,116,14,-85,1
09/04/2002 07:15:00,247,50,117,14,-85,1
09/04/2002 07:16:00,247,51,119,15,-85,1
09/04/2002 07:17:00,247,52,120,15,-86,1
09/04/2002 07:18:00,247,52,120,15,-87,1
09/04/2002 07:19:00,247,52,119,16,-88,1
09/04/2002 07:20:00,247,53,119,16,-88,1
09/04/2002 07:21:00,247,54,115,16,-88,1
09/04/2002 07:22:00,247,54,113,16,-88,1
09/04/2002 07:23:00,247,54,110,16,-88,1
09/04/2002 07:24:00,247,56,108,16,-88,1
09/04/2002 07:25:00,247,56,106,16,-89,1
09/04/2002 07:26:00,247,56,105,17,-90,1
09/04/2002 07:27:00,247,55,102,17,-90,1
09/04/2002 07:28:00,247,55,101,17,-90,1
09/04/2002 07:29:00,247,56,102,17,-89,1
09/04/2002 07:30:00,247,56,103,16,-88,1
09/04/2002 07:31:00,247,57,102,16,-87,1
09/04/2002 07:32:00,247,57,101,15,-87,1
09/04/2002 07:33:00,247,57,101,15,-86,1
09/04/2002 07:34:00,247,57,99,15,-86,1
09/04/2002 07:35:00,247,58,99,14,-85,1
09/04/2002 07:36:00,247,58,98,14,-85,1
09/04/2002 07:37:00,247,58,97,14,-85,1
09/04/2002 07:38:00,247,57,96,14,-85,1
09/04/2002 07:39:00,247,56,94,14,-85,1
09/04/2002 07:40:00,247,56,93,13,-85,1
09/04/2002 07:41:00,247,56,92,13,-85,1
09/04/2002 07:42:00,247,55,87,13,-85,1
09/04/2002 07:43:00,247,55,85,13,-85,1
09/04/2002 07:44:00,247,54,83,13,-85,1
09/04/2002 07:45:00,247,54,81,13,-84,1
09/04/2002 07:46:00,247,52,78,12,-84,1
09/04/2002 07:47:00,247,50,74,12,-84,1
09/04/2002 07:48:00,247,48,72,11,-83,1
09/04/2002 07:49:00,247,47,71,11,-82,1
09/04/2002 07:50:00,247,47,72,10,-81,1
09/04/2002 07:51:00,247,48,74,10,-80,1
09/04/2002 07:52:00,247,48,76,10,-79,1
09/04/2002 07:53:00,247,47,77,10,-77,1
09/04/2002 07:54:00,247,47,78,9,-77,1
09/04/2002 07:55:00,247,46,79,9,-76,1
09/04/2002 07:56:00,247,45,79,9,-76,1
09/04/2002 07:57:00,247,45,79,9,-77,1
09/04/2002 07:58:00,247,45,79,10,-77,1
09/04/2002 07:59:00,247,45,78,10,-77,1
09/04/2002 08:00:00,247,45,77,10,-77,1
09/04/2002 08:01:00,247,45,77,10,-78,1
09/04/2002 08:02:00,247,45,76,10,-79,1
09/04/2002 08:03:00,247,47,76,11,-80,1
09/04/2002 08:04:00,247,48,76,11,-80,1
09/04/2002 08:05:00,247,48,76,11,-81,1
09/04/2002 08:06:00,247,47,76,12,-82,1
09/04/2002 08:07:00,247,47,75,12,-83,1
09/04/2002 08:08:00,247,48,76,12,-84,1
09/04/2002 08:09:00,247,48,76,12,-84,1
09/04/2002 08:10:00,247,49,76,12,-84,1
09/04/2002 08:11:00,247,49,75,13,-84,1
09/04/2002 08:12:00,247,49,75,13,-85,1
09/04/2002 08:13:00,247,49,74,13,-85,1
09/04/2002 08:14:00,247,48,73,13,-86,1
09/04/2002 08:15:00,247,49,73,13,-86,1
09/04/2002 08:16:00,247,48,74,13,-85,1
09/04/2002 08:17:00,247,48,72,13,-86,1
09/04/2002 08:18:00,247,49,72,13,-85,1
09/04/2002 08:19:00,247,47,71,13,-86,1
09/04/2002 08:20:00,247,46,68,13,-86,1
09/04/2002 08:21:00,247,47,65,13,-87,1
09/04/2002 08:22:00,247,47,64,13,-88,1
09/04/2002 08:23:00,247,48,63,13,-89,1
09/04/2002 08:24:00,247,47,62,13,-89,1
09/04/2002 08:25:00,247,47,61,13,-88,1
09/04/2002 08:26:00,247,47,61,13,-88,1
09/04/2002 08:27:00,247,46,58,13,-88,1
09/04/2002 08:28:00,247,46,56,12,-89,1
09/04/2002 08:29:00,247,46,55,12,-89,1
09/04/2002 08:30:00,247,45,54,12,-88,1
09/04/2002 08:31:00,247,44,53,11,-87,1
09/04/2002 08:32:00,247,44,52,10,-85,1
09/04/2002 08:33:00,247,44,51,9,-84,1
09/04/2002 08:34:00,247,43,51,9,-82,1
09/04/2002 08:35:00,247,43,51,8,-81,1
09/04/2002 08:36:00,247,43,50,7,-80,1
09/04/2002 08:37:00,247,43,50,7,-79,1
09/04/2002 08:38:00,247,43,53,7,-79,1
09/04/2002 08:39:00,247,44,54,7,-79,1
09/04/2002 08:40:00,247,43,55,7,-79,1
09/04/2002 08:41:00,247,42,56,7,-78,1
09/04/2002 08:42:00,247,42,57,7,-77,1
09/04/2002 08:43:00,247,42,57,7,-77,1
09/04/2002 08:44:00,247,41,58,7,-77,1
09/04/2002 08:45:00,247,40,58,7,-77,1
09/04/2002 08:46:00,247,40,59,7,-77,1
09/04/2002 08:47:00,247,41,58,7,-77,1
09/04/2002 08:48:00,247,41,60,7,-78,1
09/04/2002 08:49:00,247,41,61,7,-78,1
09/04/2002 08:50:00,247,40,62,7,-78,1
09/04/2002 08:51:00,247,39,64,7,-78,1
09/04/2002 08:52:00,247,38,65,8,-79,1
09/04/2002 08:53:00,247,37,63,8,-79,1
09/04/2002 08:54:00,247,38,64,8,-79,1
09/04/2002 08:55:00,247,37,65,9,-80,1
09/04/2002 08:56:00,247,36,65,9,-81,1
09/04/2002 08:57:00,247,35,66,9,-81,1
09/04/2002 08:58:00,247,36,67,9,-81,1
09/04/2002 08:59:00,247,35,67,9,-81,1
09/04/2002 09:00:00,247,35,66,9,-81,1
09/04/2002 09:01:00,247,35,65,9,-82,1
09/04/2002 09:02:00,247,34,65,9,-82,1
09/04/2002 09:03:00,247,33,64,9,-82,1
09/04/2002 09:04:00,247,33,63,9,-82,1
09/04/2002 09:05:00,247,32,61,9,-82,1
09/04/2002 09:06:00,247,32,61,9,-82,1
09/04/2002 09:07:00,247,30,60,9,-82,1
09/04/2002 09:08:00,247,29,58,9,-81,1
09/04/2002 09:09:00,247,28,59,8,-81,1
09/04/2002 09:10:00,247,27,58,8,-81,1
09/04/2002 09:11:00,247,26,57,8,-81,1
09/04/2002 09:12:00,247,30,54,7,-81,1
09/04/2002 09:13:00,247,31,54,8,-81,1
09/04/2002 09:14:00,247,33,53,7,-80,1
09/04/2002 09:15:00,247,35,52,7,-81,1
09/04/2002 09:16:00,247,38,51,7,-81,1
09/04/2002 09:17:00,247,40,50,7,-81,1
09/04/2002 09:18:00,247,42,50,7,-82,1
09/04/2002 09:19:00,247,44,49,7,-82,1
09/04/2002 09:20:00,247,46,47,7,-83,1
09/04/2002 09:21:00,247,49,47,7,-82,1
09/04/2002 09:22:00,247,52,45,7,-83,1
09/04/2002 09:23:00,247,54,44,7,-82,1
09/04/2002 09:24:00,247,55,44,7,-83,1
09/04/2002 09:25:00,247,58,44,7,-83,1
09/04/2002 09:26:00,247,61,47,7,-83,1
09/04/2002 09:27:00,247,64,51,7,-84,1
09/04/2002 09:28:00,247,68,53,7,-85,1
09/04/2002 09:29:00,247,71,55,7,-85,1
09/04/2002 09:30:00,247,75,58,7,-86,1
09/04/2002 09:31:00,247,78,60,8,-87,1
09/04/2002 09:32:00,247,80,63,8,-87,1
09/04/2002 09:33:00,247,82,65,9,-87,1
09/04/2002 09:34:00,247,85,66,9,-87,1
09/04/2002 09:35:00,247,85,67,9,-87,1
09/04/2002 09:36:00,247,84,71,9,-86,1
09/04/2002 09:37:00,247,84,76,10,-86,1
09/04/2002 09:38:00,247,84,76,10,-84,1
09/04/2002 09:39:00,247,84,80,10,-83,1
09/04/2002 09:40:00,247,83,82,10,-82,1
09/04/2002 09:41:00,247,79,81,10,-81,1
09/04/2002 09:42:00,247,75,82,10,-81,1
09/04/2002 09:43:00,247,72,82,10,-80,1
09/04/2002 09:44:00,247,69,82,11,-79,1
09/04/2002 09:45:00,247,64,80,11,-79,1
09/04/2002 09:46:00,247,60,81,11,-78,1
09/04/2002 09:47:00,247,57,82,11,-77,1
09/04/2002 09:48:00,247,53,83,11,-77,1
09/04/2002 09:49:00,247,50,80,11,-76,1
09/04/2002 09:50:00,247,47,79,11,-77,1
09/04/2002 09:51:00,247,43,79,11,-78,1
09/04/2002 09:52:00,247,42,82,11,-78,1
09/04/2002 09:53:00,247,41,87,12,-80,1
09/04/2002 09:54:00,247,41,91,12,-81,1
09/04/2002 09:55:00,247,41,94,12,-82,1
09/04/2002 09:56:00,247,41,98,13,-83,1
09/04/2002 09:57:00,247,41,100,13,-83,1
09/04/2002 09:58:00,247,42,103,13,-83,1
09/04/2002 09:59:00,247,42,106,14,-84,1
09/04/2002 10:00:00,247,41,109,14,-84,1
09/04/2002 10:01:00,247,40,110,14,-85,1
09/04/2002 10:02:00,247,39,111,14,-85,1
09/04/2002 10:03:00,247,37,112,14,-85,1
09/04/2002 10:04:00,247,37,111,14,-85,1
09/04/2002 10:05:00,247,36,110,14,-85,1
09/04/2002 10:06:00,247,35,108,14,-85,1
09/04/2002 10:07:00,247,34,105,14,-85,1
09/04/2002 10:08:00,247,33,102,14,-85,1
09/04/2002 10:09:00,247,32,100,13,-85,1
09/04/2002 10:10:00,247,32,99,13,-85,1
09/04/2002 10:11:00,247,31,100,13,-86,1
09/04/2002 10:12:00,247,31,101,13,-86,1
09/04/2002 10:13:00,247,30,103,13,-86,1
09/04/2002 10:14:00,247,31,102,13,-85,1
09/04/2002 10:15:00,247,31,102,12,-85,1
09/04/2002 10:16:00,247,32,101,12,-86,1
09/04/2002 10:17:00,247,31,100,12,-86,1
09/04/2002 10:18:00,247,30,102,12,-86,1
09/04/2002 10:19:00,247,29,99,12,-86,1
09/04/2002 10:20:00,247,30,99,12,-86,1
09/04/2002 10:21:00,247,29,97,12,-87,1
09/04/2002 10:22:00,247,30,100,12,-87,1
09/04/2002 10:23:00,247,30,99,12,-87,1
09/04/2002 10:24:00,247,30,98,11,-87,1
09/04/2002 10:25:00,247,30,99,12,-88,1
09/04/2002 10:26:00,247,30,99,12,-87,1
09/04/2002 10:27:00,247,29,99,12,-88,1
09/04/2002 10:28:00,247,29,100,12,-88,1
09/04/2002 10:29:00,247,29,98,12,-88,1
09/04/2002 10:30:00,247,28,97,12,-88,1
09/04/2002 10:31:00,247,29,95,12,-88,1
09/04/2002 10:32:00,247,30,95,12,-88,1
09/04/2002 10:33:00,247,29,94,12,-88,1
09/04/2002 10:34:00,247,30,94,11,-87,1
09/04/2002 10:35:00,247,30,93,11,-87,1
09/04/2002 10:36:00,247,28,92,11,-86,1
09/04/2002 10:37:00,247,29,91,11,-86,1
09/04/2002 10:38:00,247,29,89,10,-86,1
09/04/2002 10:39:00,247,29,87,10,-85,1
09/04/2002 10:40:00,247,30,87,10,-85,1
09/04/2002 10:41:00,247,30,87,10,-85,1
09/04/2002 10:42:00,247,31,86,10,-85,1
09/04/2002 10:43:00,247,32,85,10,-84,1
09/04/2002 10:44:00,247,33,87,10,-84,1
09/04/2002 10:45:00,247,32,88,11,-84,1
09/04/2002 10:46:00,247,31,87,10,-85,1
09/04/2002 10:47:00,247,30,87,10,-85,1
09/04/2002 10:48:00,247,30,86,10,-84,1
09/04/2002 10:49:00,247,30,86,10,-84,1
09/04/2002 10:50:00,247,31,87,10,-84,1
09/04/2002 10:51:00,247,31,87,10,-84,1
09/04/2002 10:52:00,247,31,88,10,-84,1
09/04/2002 10:53:00,247,30,87,10,-84,1
09/04/2002 10:54:00,247,29,87,10,-84,1
09/04/2002 10:55:00,247,27,86,10,-84,1
09/04/2002 10:56:00,247,27,87,10,-84,1
09/04/2002 10:57:00,247,27,87,10,-84,1
09/04/2002 10:58:00,247,26,88,10,-84,1
09/04/2002 10:59:00,247,26,90,9,-84,1
09/04/2002 11:00:00,247,26,90,10,-84,1
09/04/2002 11:01:00,247,25,90,10,-84,1
09/04/2002 11:02:00,247,25,89,9,-84,1
09/04/2002 11:03:00,247,25,90,9,-84,1
09/04/2002 11:04:00,247,23,89,9,-84,1
09/04/2002 11:05:00,247,23,88,9,-84,1
09/04/2002 11:06:00,247,22,87,9,-84,1
09/04/2002 11:07:00,247,22,88,9,-84,1
09/04/2002 11:08:00,247,22,87,9,-83,1
09/04/2002 11:09:00,247,21,87,8,-84,1
09/04/2002 11:10:00,247,20,86,8,-84,1
09/04/2002 11:11:00,247,19,84,8,-84,1
09/04/2002 11:12:00,247,18,85,7,-84,1
09/04/2002 11:13:00,247,17,81,7,-83,1
09/04/2002 11:14:00,247,16,80,7,-83,1
09/04/2002 11:15:00,247,16,78,7,-82,1
09/04/2002 11:16:00,247,16,75,6,-81,1
09/04/2002 11:17:00,247,17,73,6,-81,1
09/04/2002 11:18:00,247,18,73,6,-80,1
09/04/2002 11:19:00,247,18,71,6,-80,1
09/04/2002 11:20:00,247,18,71,6,-80,1
09/04/2002 11:21:00,247,18,72,6,-80,1
09/04/2002 11:22:00,247,19,73,5,-80,1
09/04/2002 11:23:00,247,20,74,5,-80,1
09/04/2002 11:24:00,247,21,74,5,-80,1
09/04/2002 11:25:00,247,22,75,5,-79,1
09/04/2002 11:26:00,247,21,77,5,-79,1
09/04/2002 11:27:00,247,21,78,5,-79,1
09/04/2002 11:28:00,247,21,79,5,-78,1
09/04/2002 11:29:00,247,20,78,5,-78,1
09/04/2002 11:30:00,247,20,78,5,-77,1
09/04/2002 11:31:00,247,19,79,5,-77,1
09/04/2002 11:32:00,247,20,79,5,-76,1
09/04/2002 11:33:00,247,21,79,5,-76,1
09/04/2002 11:34:00,247,20,82,5,-75,1
09/04/2002 11:35:00,247,22,82,5,-75,1
09/04/2002 11:36:00,247,22,83,5,-75,1
09/04/2002 11:37:00,247,23,83,5,-75,1
09/04/2002 11:38:00,247,24,84,5,-74,1
09/04/2002 11:39:00,247,23,85,5,-74,1
09/04/2002 11:40:00,247,23,86,5,-75,1
09/04/2002 11:41:00,247,23,86,5,-75,1
09/04/2002 11:42:00,247,23,86,5,-76,1
09/04/2002 11:43:00,247,23,85,5,-77,1
09/04/2002 11:44:00,247,23,87,5,-77,1
09/04/2002 11:45:00,247,24,88,5,-77,1
09/04/2002 11:46:00,247,23,87,5,-77,1
09/04/2002 11:47:00,247,23,86,6,-77,1
09/04/2002 11:48:00,247,23,85,6,-76,1
09/04/2002 11:49:00,247,22,84,6,-76,1
09/04/2002 11:50:00,247,22,82,6,-74,1
09/04/2002 11:51:00,247,24,82,6,-73,1
09/04/2002 11:52:00,247,22,80,6,-73,1
09/04/2002 11:53:00,247,22,78,6,-73,1
09/04/2002 11:54:00,247,23,79,6,-73,1
09/04/2002 11:55:00,247,28,78,7,-73,1
09/04/2002 11:56:00,247,30,78,7,-73,1
09/04/2002 11:57:00,247,34,79,7,-73,1
09/04/2002 11:58:00,247,34,78,7,-73,1
09/04/2002 11:59:00,247,35,76,7,-73,1
09/04/2002 12:00:00,247,38,73,7,-73,1
09/04/2002 12:01:00,247,37,73,7,-72,1
09/04/2002 12:02:00,247,37,73,7,-71,1
09/04/2002 12:03:00,247,38,68,7,-69,1
09/04/2002 12:04:00,247,38,64,7,-68,1
09/04/2002 12:05:00,247,40,60,7,-67,1
09/04/2002 12:06:00,247,40,56,7,-66,1
09/04/2002 12:07:00,247,40,56,7,-66,1
09/04/2002 12:08:00,247,43,54,8,-66,1
09/04/2002 12:09:00,247,46,52,8,-66,1
09/04/2002 12:10:00,247,49,51,9,-66,1
09/04/2002 12:11:00,247,50,53,9,-67,1
09/04/2002 12:12:00,247,51,55,9,-68,1
09/04/2002 12:13:00,247,53,54,10,-70,1
09/04/2002 12:14:00,247,54,54,9,-72,1
09/04/2002 12:15:00,247,55,55,9,-73,1
09/04/2002 12:16:00,247,56,58,9,-73,1
09/04/2002 12:17:00,247,57,59,8,-73,1
09/04/2002 12:18:00,247,56,61,8,-72,1
09/04/2002 12:19:00,247,58,63,9,-71,1
09/04/2002 12:20:00,247,57,62,8,-71,1
09/04/2002 12:21:00,247,59,65,9,-70,1
09/04/2002 12:22:00,247,61,66,9,-70,1
09/04/2002 12:23:00,247,63,68,9,-69,1
09/04/2002 12:24:00,247,62,70,9,-70,1
09/04/2002 12:25:00,247,62,72,8,-69,1
09/04/2002 12:26:00,247,64,73,8,-68,1
09/04/2002 12:27:00,247,65,73,7,-66,1
09/04/2002 12:28:00,247,62,74,7,-64,1
09/04/2002 12:29:00,247,62,75,7,-62,1
09/04/2002 12:30:00,247,67,76,6,-61,1
09/04/2002 12:31:00,247,68,77,6,-61,1
09/04/2002 12:32:00,247,67,76,6,-61,1
09/04/2002 12:33:00,247,70,76,5,-61,1
09/04/2002 12:34:00,247,72,74,5,-61,1
09/04/2002 12:35:00,247,72,74,4,-61,1
09/04/2002 12:36:00,247,71,72,4,-61,1
09/04/2002 12:37:00,247,71,70,3,-60,1
09/04/2002 12:38:00,247,71,66,3,-60,1
09/04/2002 12:39:00,247,69,66,3,-59,1
09/04/2002 12:40:00,247,68,62,3,-58,1
09/04/2002 12:41:00,247,66,62,3,-57,1
09/04/2002 12:42:00,247,63,59,3,-56,1
09/04/2002 12:43:00,247,61,58,3,-55,1
09/04/2002 12:44:00,247,60,56,2,-55,1
09/04/2002 12:45:00,247,58,54,3,-54,1
09/04/2002 12:46:00,247,53,52,3,-55,1
09/04/2002 12:47:00,247,50,54,3,-56,1
09/04/2002 12:48:00,247,48,56,2,-57,1
09/04/2002 12:49:00,247,49,57,2,-57,1
09/04/2002 12:50:00,247,48,58,1,-57,1
09/04/2002 12:51:00,247,47,58,1,-58,1
09/04/2002 12:52:00,247,46,59,1,-57,1
09/04/2002 12:53:00,247,46,59,1,-57,1
09/04/2002 12:54:00,247,46,59,1,-57,1
09/04/2002 12:55:00,247,44,58,1,-57,1
09/04/2002 12:56:00,247,42,57,1,-56,1
09/04/2002 12:57:00,247,39,58,1,-56,1
09/04/2002 12:58:00,247,39,56,0,-56,1
09/04/2002 12:59:00,247,39,56,0,-56,1
09/04/2002 13:00:00,247,39,56,0,-55,1
09/04/2002 13:01:00,247,40,56,0,-56,1
09/04/2002 13:02:00,247,40,56,0,-56,1
09/04/2002 13:03:00,247,40,58,0,-55,1
09/04/2002 13:04:00,247,39,57,0,-55,1
09/04/2002 13:05:00,247,38,56,0,-54,1
09/04/2002 13:06:00,247,35,55,-1,-54,1
09/04/2002 13:07:00,247,33,53,-1,-55,1
09/04/2002 13:08:00,247,30,51,0,-55,1
09/04/2002 13:09:00,247,25,50,0,-55,1
09/04/2002 13:10:00,247,23,49,0,-55,1
09/04/2002 13:11:00,247,21,48,0,-55,1
09/04/2002 13:12:00,247,19,47,0,-55,1
09/04/2002 13:13:00,247,17,47,0,-55,1
09/04/2002 13:14:00,247,16,46,0,-55,1
09/04/2002 13:15:00,247,18,46,0,-55,1
09/04/2002 13:16:00,247,17,45,0,-55,1
09/04/2002 13:17:00,247,16,43,0,-55,1
09/04/2002 13:18:00,247,15,41,0,-55,1
09/04/2002 13:19:00,247,14,39,0,-55,1
09/04/2002 13:20:00,247,14,38,1,-54,1
09/04/2002 13:21:00,247,13,36,1,-54,1
09/04/2002 13:22:00,247,14,37,1,-54,1
09/04/2002 13:23:00,247,14,36,1,-54,1
09/04/2002 13:24:00,247,15,35,1,-53,1
09/04/2002 13:25:00,247,15,34,1,-53,1
09/04/2002 13:26:00,247,16,35,1,-53,1
09/04/2002 13:27:00,247,16,36,1,-53,1
09/04/2002 13:28:00,247,16,37,1,-52,1
09/04/2002 13:29:00,247,18,38,1,-52,1
09/04/2002 13:30:00,247,18,39,1,-52,1
09/04/2002 13:31:00,247,18,40,1,-51,1
09/04/2002 13:32:00,247,19,43,1,-51,1
09/04/2002 13:33:00,247,20,42,1,-50,1
09/04/2002 13:34:00,247,21,45,1,-50,1
09/04/2002 13:35:00,247,22,45,1,-50,1
09/04/2002 13:36:00,247,22,48,1,-50,1
09/04/2002 13:37:00,247,23,48,1,-50,1
09/04/2002 13:38:00,247,24,49,1,-50,1
09/04/2002 13:39:00,247,24,49,1,-50,1
09/04/2002 13:40:00,247,25,50,1,-50,1
09/04/2002 13:41:00,247,25,50,1,-50,1
09/04/2002 13:42:00,247,27,50,1,-50,1
09/04/2002 13:43:00,247,27,50,1,-50,1
09/04/2002 13:44:00,247,26,50,1,-50,1
09/04/2002 13:45:00,247,26,51,1,-50,1
09/04/2002 13:46:00,247,27,51,1,-50,1
09/04/2002 13:47:00,247,29,49,1,-50,1
09/04/2002 13:48:00,247,29,47,1,-50,1
09/04/2002 13:49:00,247,30,48,1,-50,1
09/04/2002 13:50:00,247,29,48,1,-49,1
09/04/2002 13:51:00,247,30,46,1,-49,1
09/04/2002 13:52:00,247,29,45,1,-48,1
09/04/2002 13:53:00,247,29,45,2,-48,1
09/04/2002 13:54:00,247,29,46,2,-48,1
09/04/2002 13:55:00,247,30,46,2,-48,1
09/04/2002 13:56:00,247,30,46,2,-48,1
09/04/2002 13:57:00,247,30,45,2,-48,1
09/04/2002 13:58:00,247,31,45,2,-48,1
09/04/2002 13:59:00,247,32,49,1,-48,1
09/04/2002 14:00:00,247,32,50,1,-48,1
09/04/2002 14:01:00,247,33,50,1,-48,1
09/04/2002 14:02:00,247,32,48,1,-48,1
09/04/2002 14:03:00,247,32,48,1,-48,1
09/04/2002 14:04:00,247,31,49,1,-47,1
09/04/2002 14:05:00,247,31,48,1,-47,1
09/04/2002 14:06:00,247,32,46,1,-47,1
09/04/2002 14:07:00,247,33,43,1,-47,1
09/04/2002 14:08:00,247,32,44,1,-47,1
09/04/2002 14:09:00,247,33,43,1,-47,1
09/04/2002 14:10:00,247,33,42,1,-47,1
09/04/2002 14:11:00,247,33,42,1,-47,1
09/04/2002 14:12:00,247,33,41,1,-47,1
09/04/2002 14:13:00,247,33,41,1,-47,1
09/04/2002 14:14:00,247,33,41,1,-47,1
09/04/2002 14:15:00,247,34,40,1,-47,1
09/04/2002 14:16:00,247,34,39,1,-47,1
09/04/2002 14:17:00,247,34,40,1,-47,1
09/04/2002 14:18:00,247,33,38,1,-47,1
09/04/2002 14:19:00,247,34,37,1,-46,1
09/04/2002 14:20:00,247,34,37,2,-46,1
09/04/2002 14:21:00,247,33,37,2,-46,1
09/04/2002 14:22:00,247,34,39,1,-46,1
09/04/2002 14:23:00,247,33,38,1,-47,1
09/04/2002 14:24:00,247,34,37,1,-47,1
09/04/2002 14:25:00,247,34,38,1,-48,1
09/04/2002 14:26:00,247,34,39,2,-48,1
09/04/2002 14:27:00,247,35,44,2,-48,1
09/04/2002 14:28:00,247,35,45,2,-48,1
09/04/2002 14:29:00,247,34,44,1,-49,1
09/04/2002 14:30:00,247,34,44,1,-49,1
09/04/2002 14:31:00,247,34,44,1,-49,1
09/04/2002 14:32:00,247,33,43,1,-49,1
09/04/2002 14:33:00,247,33,41,1,-50,1
09/04/2002 14:34:00,247,34,40,1,-50,1
09/04/2002 14:35:00,247,34,40,1,-50,1
09/04/2002 14:36:00,247,33,38,1,-51,1
09/04/2002 14:37:00,247,34,37,2,-51,1
09/04/2002 14:38:00,247,34,38,2,-52,1
09/04/2002 14:39:00,247,35,37,2,-52,1
09/04/2002 14:40:00,247,35,35,3,-52,1
09/04/2002 14:41:00,247,35,34,3,-52,1
09/04/2002 14:42:00,247,34,31,3,-52,1
09/04/2002 14:43:00,247,35,29,4,-52,1
09/04/2002 14:44:00,247,35,30,4,-52,1
09/04/2002 14:45:00,247,36,30,4,-53,1
09/04/2002 14:46:00,247,36,30,5,-53,1
09/04/2002 14:47:00,247,37,32,4,-53,1
09/04/2002 14:48:00,247,37,30,5,-53,1
09/04/2002 14:49:00,247,36,28,5,-54,1
09/04/2002 14:50:00,247,37,28,5,-54,1
09/04/2002 14:51:00,247,37,26,5,-54,1
09/04/2002 14:52:00,247,38,25,5,-54,1
09/04/2002 14:53:00,247,40,24,5,-54,1
09/04/2002 14:54:00,247,42,27,6,-55,1
09/04/2002 14:55:00,247,42,26,6,-55,1
09/04/2002 14:56:00,247,42,25,6,-56,1
09/04/2002 14:57:00,247,41,26,6,-56,1
09/04/2002 14:58:00,247,41,23,6,-57,1
09/04/2002 14:59:00,247,40,23,6,-56,1
09/04/2002 15:00:00,247,39,23,6,-57,1
09/04/2002 15:01:00,247,39,22,6,-56,1
09/04/2002 15:02:00,247,38,18,7,-57,1
09/04/2002 15:03:00,247,40,18,7,-57,1
09/04/2002 15:04:00,247,41,19,7,-57,1
09/04/2002 15:05:00,247,42,18,6,-58,1
09/04/2002 15:06:00,247,41,18,6,-58,1
09/04/2002 15:07:00,247,41,19,6,-59,1
09/04/2002 15:08:00,247,41,17,6,-60,1
09/04/2002 15:09:00,247,41,17,6,-61,1
09/04/2002 15:10:00,247,40,16,6,-61,1
09/04/2002 15:11:00,247,40,17,6,-61,1
09/04/2002 15:12:00,247,38,17,6,-61,1
09/04/2002 15:13:00,247,37,17,6,-60,1
09/04/2002 15:14:00,247,37,21,6,-60,1
09/04/2002 15:15:00,247,39,26,6,-60,1
09/04/2002 15:16:00,247,42,29,6,-60,1
09/04/2002 15:17:00,247,46,33,6,-60,1
09/04/2002 15:18:00,247,47,35,6,-59,1
09/04/2002 15:19:00,247,48,37,6,-59,1
09/04/2002 15:20:00,247,50,38,7,-59,1
09/04/2002 15:21:00,247,52,41,6,-59,1
09/04/2002 15:22:00,247,53,42,6,-59,1
09/04/2002 15:23:00,247,55,42,6,-59,1
09/04/2002 15:24:00,247,56,42,6,-59,1
09/04/2002 15:25:00,247,58,44,6,-59,1
09/04/2002 15:26:00,247,59,44,6,-60,1
09/04/2002 15:27:00,247,59,46,6,-59,1
09/04/2002 15:28:00,247,60,48,6,-60,1
09/04/2002 15:29:00,247,60,49,7,-61,1
09/04/2002 15:30:00,247,60,50,7,-61,1
09/04/2002 15:31:00,247,62,51,7,-61,1
09/04/2002 15:32:00,247,63,53,7,-61,1
09/04/2002 15:33:00,247,63,53,6,-61,1
09/04/2002 15:34:00,247,64,55,6,-61,1
09/04/2002 15:35:00,247,64,57,6,-61,1
09/04/2002 15:36:00,247,65,58,6,-62,1
09/04/2002 15:37:00,247,65,58,6,-62,1
09/04/2002 15:38:00,247,67,61,6,-62,1
09/04/2002 15:39:00,247,67,61,6,-62,1
09/04/2002 15:40:00,247,67,61,5,-61,1
09/04/2002 15:41:00,247,69,62,5,-61,1
09/04/2002 15:42:00,247,72,64,5,-61,1
09/04/2002 15:43:00,247,72,63,5,-60,1
09/04/2002 15:44:00,247,72,64,4,-60,1
09/04/2002 15:45:00,247,72,63,4,-59,1
09/04/2002 15:46:00,247,71,62,4,-59,1
09/04/2002 15:47:00,247,73,62,3,-59,1
09/04/2002 15:48:00,247,73,61,3,-59,1
09/04/2002 15:49:00,247,71,60,3,-59,1
09/04/2002 15:50:00,247,69,61,2,-59,1
09/04/2002 15:51:00,247,69,60,2,-57,1
09/04/2002 15:52:00,247,67,58,2,-57,1
09/04/2002 15:53:00,247,67,58,2,-57,1
09/04/2002 15:54:00,247,66,57,1,-57,1
09/04/2002 15:55:00,247,65,56,1,-56,1
09/04/2002 15:56:00,247,66,54,1,-56,1
09/04/2002 15:57:00,247,64,53,0,-56,1
09/04/2002 15:58:00,247,62,52,0,-55,1
09/04/2002 15:59:00,247,60,51,0,-56,1
09/04/2002 16:00:00,247,58,49,-1,-57,1
09/04/2002 16:01:00,247,56,47,-1,-56,1
09/04/2002 16:02:00,247,54,46,-1,-56,1
09/04/2002 16:03:00,247,53,48,-1,-55,1
09/04/2002 16:04:00,247,51,48,-1,-55,1
09/04/2002 16:05:00,247,50,48,-1,-55,1
09/04/2002 16:06:00,247,48,47,-2,-55,1
09/04/2002 16:07:00,247,46,47,-2,-55,1
09/04/2002 16:08:00,247,46,46,-1,-54,1
09/04/2002 16:09:00,247,44,46,-2,-54,1
09/04/2002 16:10:00,247,43,44,-2,-53,1
09/04/2002 16:11:00,247,42,43,-2,-53,1
09/04/2002 16:12:00,247,40,42,-1,-53,1
09/04/2002 16:13:00,247,39,43,-1,-53,1
09/04/2002 16:14:00,247,38,44,-2,-53,1
09/04/2002 16:15:00,247,38,44,-1,-53,1
09/04/2002 16:16:00,247,37,44,-1,-53,1
09/04/2002 16:17:00,247,36,43,-1,-53,1
09/04/2002 16:18:00,247,36,43,-1,-53,1
09/04/2002 16:19:00,247,35,42,-2,-53,1
09/04/2002 16:20:00,247,34,43,-2,-52,1
09/04/2002 16:21:00,247,32,44,-2,-52,1
09/04/2002 16:22:00,247,31,44,-2,-52,1
09/04/2002 16:23:00,247,31,44,-2,-52,1
09/04/2002 16:24:00,247,29,43,-2,-52,1
09/04/2002 16:25:00,247,28,41,-2,-52,1
09/04/2002 16:26:00,247,27,41,-2,-52,1
09/04/2002 16:27:00,247,25,41,-2,-51,1
09/04/2002 16:28:00,247,25,40,-1,-52,1
09/04/2002 16:29:00,247,24,39,-2,-51,1
09/04/2002 16:30:00,247,25,38,-1,-51,1
09/04/2002 16:31:00,247,26,36,-1,-51,1
09/04/2002 16:32:00,247,26,36,-1,-51,1
09/04/2002 16:33:00,247,26,36,-1,-51,1
09/04/2002 16:34:00,247,26,37,-1,-51,1
09/04/2002 16:35:00,247,27,36,-1,-52,1
09/04/2002 16:36:00,247,27,34,-1,-52,1
09/04/2002 16:37:00,247,28,37,-1,-53,1
09/04/2002 16:38:00,247,29,42,-1,-53,1
09/04/2002 16:39:00,247,27,42,-1,-52,1
09/04/2002 16:40:00,247,26,39,-1,-53,1
09/04/2002 16:41:00,247,25,39,-1,-53,1
09/04/2002 16:42:00,247,25,38,-1,-54,1
09/04/2002 16:43:00,247,23,36,-2,-53,1
09/04/2002 16:44:00,247,23,37,-1,-53,1
09/04/2002 16:45:00,247,23,34,-1,-54,1
09/04/2002 16:46:00,247,23,34,-1,-54,1
09/04/2002 16:47:00,247,24,35,-1,-53,1
09/04/2002 16:48:00,247,26,34,-1,-53,1
09/04/2002 16:49:00,247,26,31,-1,-53,1
09/04/2002 16:50:00,247,26,30,-1,-52,1
09/04/2002 16:51:00,247,28,31,0,-52,1
09/04/2002 16:52:00,247,29,32,-1,-51,1
09/04/2002 16:53:00,247,31,31,0,-52,1
09/04/2002 16:54:00,247,30,32,-1,-52,1
09/04/2002 16:55:00,247,30,34,0,-52,1
09/04/2002 16:56:00,247,29,34,0,-52,1
09/04/2002 16:57:00,247,28,32,0,-52,1
09/04/2002 16:58:00,247,28,32,0,-53,1
09/04/2002 16:59:00,247,28,33,0,-53,1
09/04/2002 17:00:00,247,27,32,0,-53,1
09/04/2002 17:01:00,247,27,30,0,-53,1
09/04/2002 17:02:00,247,28,30,0,-53,1
09/04/2002 17:03:00,247,27,29,0,-53,1
09/04/2002 17:04:00,247,28,28,0,-53,1
09/04/2002 17:05:00,247,29,28,0,-54,1
09/04/2002 17:06:00,247,28,28,0,-54,1
09/04/2002 17:07:00,247,28,27,0,-54,1
09/04/2002 17:08:00,247,28,28,0,-53,1
09/04/2002 17:09:00,247,28,29,1,-53,1
09/04/2002 17:10:00,247,28,28,0,-54,1
09/04/2002 17:11:00,247,29,27,0,-54,1
09/04/2002 17:12:00,247,28,28,1,-53,1
09/04/2002 17:13:00,247,28,26,1,-53,1
09/04/2002 17:14:00,247,28,26,1,-54,1
09/04/2002 17:15:00,247,27,26,1,-54,1
09/04/2002 17:16:00,247,26,26,1,-54,1
09/04/2002 17:17:00,247,26,26,0,-54,1
09/04/2002 17:18:00,247,25,25,0,-54,1
09/04/2002 17:19:00,247,25,24,1,-55,1
09/04/2002 17:20:00,247,25,24,0,-55,1
09/04/2002 17:21:00,247,24,25,1,-55,1
09/04/2002 17:22:00,247,24,26,1,-55,1
09/04/2002 17:23:00,247,24,25,1,-56,1
09/04/2002 17:24:00,247,25,26,1,-56,1
09/04/2002 17:25:00,247,25,24,0,-56,1
09/04/2002 17:26:00,247,25,25,0,-57,1
09/04/2002 17:27:00,247,25,25,0,-57,1
09/04/2002 17:28:00,247,25,26,0,-57,1
09/04/2002 17:29:00,247,24,26,0,-57,1
09/04/2002 17:30:00,247,24,26,0,-57,1
09/04/2002 17:31:00,247,24,25,0,-57,1
09/04/2002 17:32:00,247,25,26,0,-57,1
09/04/2002 17:33:00,247,25,26,0,-58,1
09/04/2002 17:34:00,247,26,26,0,-57,1
09/04/2002 17:35:00,247,24,25,0,-58,1
09/04/2002 17:36:00,247,25,24,0,-57,1
09/04/2002 17:37:00,247,25,24,-1,-57,1
09/04/2002 17:38:00,247,24,24,-2,-57,1
09/04/2002 17:39:00,247,24,24,-2,-56,1
09/04/2002 17:40:00,247,24,25,-3,-56,1
09/04/2002 17:41:00,247,25,29,-3,-55,1
09/04/2002 17:42:00,247,26,32,-4,-56,1
09/04/2002 17:43:00,247,28,34,-4,-56,1
09/04/2002 17:44:00,247,30,38,-5,-57,1
09/04/2002 17:45:00,247,32,41,-5,-57,1
09/04/2002 17:46:00,247,34,43,-5,-57,1
09/04/2002 17:47:00,247,37,45,-5,-57,1
09/04/2002 17:48:00,247,40,47,-6,-56,1
09/04/2002 17:49:00,247,43,48,-6,-56,1
09/04/2002 17:50:00,247,44,50,-6,-56,1
09/04/2002 17:51:00,247,47,52,-7,-55,1
09/04/2002 17:52:00,247,47,54,-7,-54,1
09/04/2002 17:53:00,247,47,56,-7,-53,1
09/04/2002 17:54:00,247,49,57,-7,-52,1
09/04/2002 17:55:00,247,49,58,-7,-52,1
09/04/2002 17:56:00,247,48,59,-7,-52,1
09/04/2002 17:57:00,247,48,60,-7,-52,1
09/04/2002 17:58:00,247,47,59,-7,-52,1
09/04/2002 17:59:00,247,46,59,-7,-52,1
09/04/2002 18:00:00,247,46,58,-7,-51,1
09/04/2002 18:01:00,247,44,58,-7,-51,1
09/04/2002 18:02:00,247,43,59,-7,-51,1
09/04/2002 18:03:00,247,42,57,-6,-51,1
09/04/2002 18:04:00,247,40,56,-6,-50,1
09/04/2002 18:05:00,247,37,56,-6,-50,1
09/04/2002 18:06:00,247,36,57,-6,-50,1
09/04/2002 18:07:00,247,33,56,-6,-51,1
09/04/2002 18:08:00,247,32,56,-6,-51,1
09/04/2002 18:09:00,247,29,54,-7,-50,1
09/04/2002 18:10:00,247,29,53,-7,-50,1
09/04/2002 18:11:00,247,28,51,-7,-51,1
09/04/2002 18:12:00,247,28,48,-7,-50,1
09/04/2002 18:13:00,247,28,46,-7,-50,1
09/04/2002 18:14:00,247,27,44,-7,-49,1
09/04/2002 18:15:00,247,26,44,-6,-50,1
09/04/2002 18:16:00,247,26,39,-6,-49,1
09/04/2002 18:17:00,247,25,36,-6,-49,1
09/04/2002 18:18:00,247,25,35,-6,-49,1
09/04/2002 18:19:00,247,25,33,-5,-49,1
09/04/2002 18:20:00,247,24,33,-5,-49,1
09/04/2002 18:21:00,247,22,32,-5,-48,1
09/04/2002 18:22:00,247,20,30,-5,-48,1
09/04/2002 18:23:00,247,19,31,-5,-48,1
09/04/2002 18:24:00,247,18,28,-4,-48,1
09/04/2002 18:25:00,247,17,29,-4,-48,1
09/04/2002 18:26:00,247,15,29,-4,-48,1
09/04/2002 18:27:00,247,14,29,-4,-47,1
09/04/2002 18:28:00,247,13,31,-3,-46,1
09/04/2002 18:29:00,247,14,29,-3,-46,1
09/04/2002 18:30:00,247,15,30,-3,-46,1
09/04/2002 18:31:00,247,16,31,-3,-45,1
09/04/2002 18:32:00,247,18,32,-3,-44,1
09/04/2002 18:33:00,247,19,31,-3,-43,1
09/04/2002 18:34:00,247,19,32,-3,-43,1
09/04/2002 18:35:00,247,19,33,-3,-43,1
09/04/2002 18:36:00,247,19,32,-3,-44,1
09/04/2002 18:37:00,247,18,33,-3,-44,1
09/04/2002 18:38:00,247,17,34,-3,-45,1
09/04/2002 18:39:00,247,16,35,-3,-45,1
09/04/2002 18:40:00,247,15,36,-2,-45,1
09/04/2002 18:41:00,247,15,37,-2,-45,1
09/04/2002 18:42:00,247,14,37,-2,-45,1
09/04/2002 18:43:00,247,14,36,-2,-45,1
09/04/2002 18:44:00,247,13,39,-2,-45,1
09/04/2002 18:45:00,247,12,37,-2,-46,1
09/04/2002 18:46:00,247,13,37,-2,-46,1
09/04/2002 18:47:00,247,15,37,-2,-46,1
09/04/2002 18:48:00,247,14,36,-2,-46,1
09/04/2002 18:49:00,247,14,36,-2,-46,1
09/04/2002 18:50:00,247,16,36,-1,-46,1
09/04/2002 18:51:00,247,17,34,-1,-47,1
09/04/2002 18:52:00,247,17,35,-1,-47,1
09/04/2002 18:53:00,247,17,36,-1,-47,1
09/04/2002 18:54:00,247,18,33,-1,-47,1
09/04/2002 18:55:00,247,19,34,-1,-47,1
09/04/2002 18:56:00,247,19,34,0,-48,1
09/04/2002 18:57:00,247,19,33,0,-48,1
09/04/2002 18:58:00,247,19,33,0,-48,1
09/04/2002 18:59:00,247,18,34,0,-47,1
09/04/2002 19:00:00,247,18,35,0,-47,1
09/04/2002 19:01:00,247,18,36,0,-47,1
09/04/2002 19:02:00,247,17,36,0,-47,1
09/04/2002 19:03:00,247,17,38,0,-47,1
09/04/2002 19:04:00,247,16,38,0,-49,1
09/04/2002 19:05:00,247,17,36,0,-50,1
09/04/2002 19:06:00,247,17,37,0,-51,1
09/04/2002 19:07:00,247,17,36,0,-52,1
09/04/2002 19:08:00,247,17,37,0,-53,1
09/04/2002 19:09:00,247,17,37,0,-52,1
09/04/2002 19:10:00,247,16,38,0,-52,1
09/04/2002 19:11:00,247,14,39,-1,-52,1
09/04/2002 19:12:00,247,13,39,-1,-51,1
09/04/2002 19:13:00,247,12,40,-1,-51,1
09/04/2002 19:14:00,247,10,40,-1,-51,1
09/04/2002 19:15:00,247,9,40,-2,-50,1
09/04/2002 19:16:00,247,8,40,-2,-50,1
09/04/2002 19:17:00,247,8,40,-2,-50,1
09/04/2002 19:18:00,247,8,42,-2,-50,1
09/04/2002 19:19:00,247,8,43,-2,-49,1
09/04/2002 19:20:00,247,8,42,-2,-49,1
09/04/2002 19:21:00,247,7,43,-2,-49,1
09/04/2002 19:22:00,247,7,43,-2,-49,1
09/04/2002 19:23:00,247,8,43,-2,-48,1
09/04/2002 19:24:00,247,7,43,-2,-48,1
09/04/2002 19:25:00,247,7,44,-2,-48,1
09/04/2002 19:26:00,247,7,44,-2,-47,1
09/04/2002 19:27:00,247,7,44,-2,-47,1
09/04/2002 19:28:00,247,8,45,-2,-47,1
09/04/2002 19:29:00,247,8,46,-2,-47,1
09/04/2002 19:30:00,247,8,47,-2,-46,1
09/04/2002 19:31:00,247,8,45,-2,-47,1
09/04/2002 19:32:00,247,8,45,-2,-46,1
09/04/2002 19:33:00,247,8,46,-2,-47,1
09/04/2002 19:34:00,247,8,46,-1,-47,1
09/04/2002 19:35:00,247,8,47,-1,-46,1
09/04/2002 19:36:00,247,8,47,-1,-46,1
09/04/2002 19:37:00,247,7,48,-1,-46,1
09/04/2002 19:38:00,247,7,48,-1,-46,1
09/04/2002 19:39:00,247,8,48,-1,-46,1
09/04/2002 19:40:00,247,8,48,-1,-45,1
09/04/2002 19:41:00,247,7,49,-1,-44,1
09/04/2002 19:42:00,247,8,49,-1,-44,1
09/04/2002 19:43:00,247,8,49,-1,-45,1
09/04/2002 19:44:00,247,8,47,-1,-44,1
09/04/2002 19:45:00,247,7,46,-1,-44,1
09/04/2002 19:46:00,247,7,47,-1,-45,1
09/04/2002 19:47:00,247,8,47,0,-45,1
09/04/2002 19:48:00,247,9,47,-1,-44,1
09/04/2002 19:49:00,247,9,47,-1,-43,1
09/04/2002 19:50:00,247,9,47,-1,-43,1
09/04/2002 19:51:00,247,7,48,-2,-42,1
09/04/2002 19:52:00,247,7,48,-2,-42,1
09/04/2002 19:53:00,247,8,47,-1,-43,1
09/04/2002 19:54:00,247,9,46,-1,-43,1
09/04/2002 19:55:00,247,9,45,-1,-44,1
09/04/2002 19:56:00,247,9,46,-1,-44,1
09/04/2002 19:57:00,247,8,46,-1,-43,1
09/04/2002 19:58:00,247,8,47,-1,-43,1
09/04/2002 19:59:00,247,8,46,-1,-43,1
09/04/2002 20:00:00,247,9,45,-1,-42,1
09/04/2002 20:01:00,247,8,44,-1,-42,1
09/04/2002 20:02:00,247,8,45,-1,-42,1
09/04/2002 20:03:00,247,8,44,-1,-42,1
09/04/2002 20:04:00,247,8,44,-1,-42,1
09/04/2002 20:05:00,247,8,45,-1,-42,1
09/04/2002 20:06:00,247,8,45,-1,-41,1
09/04/2002 20:07:00,247,8,46,-1,-41,1
09/04/2002 20:08:00,247,11,47,-1,-40,1
09/04/2002 20:09:00,247,12,49,0,-39,1
09/04/2002 20:10:00,247,13,50,0,-39,1
09/04/2002 20:11:00,247,15,51,0,-39,1
09/04/2002 20:12:00,247,15,52,0,-39,1
09/04/2002 20:13:00,247,13,50,0,-39,1
09/04/2002 20:14:00,247,12,47,0,-40,1
09/04/2002 20:15:00,247,11,43,0,-41,1
09/04/2002 20:16:00,247,10,42,0,-41,1
09/04/2002 20:17:00,247,10,43,0,-41,1
09/04/2002 20:18:00,247,9,44,0,-40,1
09/04/2002 20:19:00,247,9,46,-1,-40,1
09/04/2002 20:20:00,247,8,44,0,-40,1
09/04/2002 20:21:00,247,9,43,0,-41,1
09/04/2002 20:22:00,247,10,43,0,-41,1
09/04/2002 20:23:00,247,10,43,-1,-42,1
09/04/2002 20:24:00,247,9,44,0,-41,1
09/04/2002 20:25:00,247,10,44,0,-41,1
09/04/2002 20:26:00,247,9,44,0,-41,1
09/04/2002 20:27:00,247,9,46,0,-41,1
09/04/2002 20:28:00,247,8,45,0,-40,1
09/04/2002 20:29:00,247,8,46,0,-39,1
09/04/2002 20:30:00,247,7,45,-1,-39,1
09/04/2002 20:31:00,247,7,45,-1,-38,1
09/04/2002 20:32:00,247,6,44,-1,-38,1
09/04/2002 20:33:00,247,8,43,-1,-38,1
09/04/2002 20:34:00,247,7,42,-1,-39,1
09/04/2002 20:35:00,247,9,41,-1,-39,1
09/04/2002 20:36:00,247,9,40,0,-39,1
09/04/2002 20:37:00,247,9,40,-1,-39,1
09/04/2002 20:38:00,247,9,41,-1,-39,1
09/04/2002 20:39:00,247,9,41,0,-39,1
09/04/2002 20:40:00,247,8,39,0,-40,1
09/04/2002 20:41:00,247,9,38,-1,-40,1
09/04/2002 20:42:00,247,9,38,-1,-40,1
09/04/2002 20:43:00,247,9,38,0,-40,1
09/04/2002 20:44:00,247,10,37,0,-40,1
09/04/2002 20:45:00,247,9,38,0,-40,1
09/04/2002 20:46:00,247,10,38,0,-40,1
09/04/2002 20:47:00,247,9,37,0,-40,1
09/04/2002 20:48:00,247,10,37,-1,-40,1
09/04/2002 20:49:00,247,10,38,0,-39,1
09/04/2002 20:50:00,247,10,38,0,-39,1
09/04/2002 20:51:00,247,10,37,0,-40,1
09/04/2002 20:52:00,247,10,37,-1,-40,1
09/04/2002 20:53:00,247,10,37,-1,-40,1
09/04/2002 20:54:00,247,11,38,-1,-39,1
09/04/2002 20:55:00,247,10,38,-1,-40,1
09/04/2002 20:56:00,247,10,37,-1,-39,1
09/04/2002 20:57:00,247,10,37,-1,-39,1
09/04/2002 20:58:00,247,10,37,-1,-40,1
09/04/2002 20:59:00,247,10,37,-1,-40,1
09/04/2002 21:00:00,247,10,37,0,-40,1
09/04/2002 21:01:00,247,11,37,-1,-40,1
09/04/2002 21:02:00,247,10,38,-1,-39,1
09/04/2002 21:03:00,247,10,39,-1,-38,1
09/04/2002 21:04:00,247,9,39,-1,-37,1
09/04/2002 21:05:00,247,9,39,-1,-37,1
09/04/2002 21:06:00,247,9,39,-1,-37,1
09/04/2002 21:07:00,247,8,39,-1,-36,1
09/04/2002 21:08:00,247,10,37,0,-37,1
09/04/2002 21:09:00,247,10,37,0,-37,1
09/04/2002 21:10:00,247,11,38,0,-37,1
09/04/2002 21:11:00,247,10,38,0,-38,1
09/04/2002 21:12:00,247,9,39,-1,-37,1
09/04/2002 21:13:00,247,10,39,-1,-37,1
09/04/2002 21:14:00,247,10,38,0,-38,1
09/04/2002 21:15:00,247,10,37,0,-38,1
09/04/2002 21:16:00,247,11,36,0,-38,1
09/04/2002 21:17:00,247,11,37,0,-39,1
09/04/2002 21:18:00,247,12,36,0,-39,1
09/04/2002 21:19:00,247,12,37,0,-39,1
09/04/2002 21:20:00,247,12,36,-1,-39,1
09/04/2002 21:21:00,247,13,36,-1,-38,1
09/04/2002 21:22:00,247,12,37,-1,-38,1
09/04/2002 21:23:00,247,12,37,-1,-38,1
09/04/2002 21:24:00,247,10,37,-1,-37,1
09/04/2002 21:25:00,247,11,39,-1,-37,1
09/04/2002 21:26:00,247,11,39,-1,-36,1
09/04/2002 21:27:00,247,11,38,-1,-36,1
09/04/2002 21:28:00,247,10,39,0,-36,1
09/04/2002 21:29:00,247,10,40,0,-36,1
09/04/2002 21:30:00,247,10,39,0,-36,1
09/04/2002 21:31:00,247,11,39,0,-36,1
09/04/2002 21:32:00,247,11,38,0,-36,1
09/04/2002 21:33:00,247,12,38,0,-37,1
09/04/2002 21:34:00,247,12,38,0,-37,1
09/04/2002 21:35:00,247,11,37,0,-37,1
09/04/2002 21:36:00,247,12,37,-1,-37,1
09/04/2002 21:37:00,247,12,37,0,-37,1
09/04/2002 21:38:00,247,13,36,-1,-37,1
09/04/2002 21:39:00,247,13,37,-1,-38,1
09/04/2002 21:40:00,247,14,36,-1,-38,1
09/04/2002 21:41:00,247,14,36,-1,-38,1
09/04/2002 21:42:00,247,14,36,-1,-38,1
09/04/2002 21:43:00,247,16,36,-1,-38,1
09/04/2002 21:44:00,247,15,36,-1,-38,1
09/04/2002 21:45:00,247,15,36,-1,-38,1
09/04/2002 21:46:00,247,14,37,-1,-38,1
09/04/2002 21:47:00,247,13,36,-1,-38,1
09/04/2002 21:48:00,247,14,36,-1,-38,1
09/04/2002 21:49:00,247,14,35,-1,-38,1
09/04/2002 21:50:00,247,14,35,-1,-38,1
09/04/2002 21:51:00,247,14,35,-1,-38,1
09/04/2002 21:52:00,247,14,34,-1,-38,1
09/04/2002 21:53:00,247,14,34,-1,-39,1
09/04/2002 21:54:00,247,14,34,-1,-39,1
09/04/2002 21:55:00,247,15,33,-1,-39,1
09/04/2002 21:56:00,247,15,33,-1,-39,1
09/04/2002 21:57:00,247,15,33,-1,-39,1
09/04/2002 21:58:00,247,16,34,-1,-39,1
09/04/2002 21:59:00,247,16,33,-1,-38,1
09/04/2002 22:00:00,247,16,34,-1,-38,1
09/04/2002 22:01:00,247,15,35,-1,-38,1
09/04/2002 22:02:00,247,15,35,-1,-38,1
09/04/2002 22:03:00,247,15,33,-1,-38,1
09/04/2002 22:04:00,247,16,34,0,-39,1
09/04/2002 22:05:00,247,15,34,0,-39,1
09/04/2002 22:06:00,247,16,33,0,-39,1
09/04/2002 22:07:00,247,15,34,0,-38,1
09/04/2002 22:08:00,247,16,33,0,-39,1
09/04/2002 22:09:00,247,16,33,0,-39,1
09/04/2002 22:10:00,247,16,32,0,-39,1
09/04/2002 22:11:00,247,16,33,0,-38,1
09/04/2002 22:12:00,247,15,33,0,-39,1
09/04/2002 22:13:00,247,16,33,0,-39,1
09/04/2002 22:14:00,247,16,32,0,-39,1
09/04/2002 22:15:00,247,16,32,0,-39,1
09/04/2002 22:16:00,247,16,32,0,-39,1
09/04/2002 22:17:00,247,16,31,0,-40,1
09/04/2002 22:18:00,247,17,31,-1,-40,1
09/04/2002 22:19:00,247,17,30,-1,-40,1
09/04/2002 22:20:00,247,17,30,-1,-40,1
09/04/2002 22:21:00,247,18,30,-1,-40,1
09/04/2002 22:22:00,247,18,30,-1,-40,1
09/04/2002 22:23:00,247,20,30,-1,-40,1
09/04/2002 22:24:00,247,21,30,-1,-40,1
09/04/2002 22:25:00,247,22,29,-1,-40,1
09/04/2002 22:26:00,247,21,29,-1,-40,1
09/04/2002 22:27:00,247,20,30,-1,-40,1
09/04/2002 22:28:00,247,20,30,-1,-40,1
09/04/2002 22:29:00,247,19,30,-1,-41,1
09/04/2002 22:30:00,247,19,29,-1,-41,1
09/04/2002 22:31:00,247,19,30,-1,-42,1
09/04/2002 22:32:00,247,18,29,-1,-42,1
09/04/2002 22:33:00,247,21,28,-1,-43,1
09/04/2002 22:34:00,247,22,29,-1,-43,1
09/04/2002 22:35:00,247,21,29,-1,-43,1
09/04/2002 22:36:00,247,23,27,-1,-43,1
09/04/2002 22:37:00,247,24,27,-1,-44,1
09/04/2002 22:38:00,247,26,28,-1,-43,1
09/04/2002 22:39:00,247,26,29,-2,-43,1
09/04/2002 22:40:00,247,26,30,-1,-43,1
09/04/2002 22:41:00,247,25,31,-1,-44,1
09/04/2002 22:42:00,247,25,31,-2,-44,1
09/04/2002 22:43:00,247,24,31,-1,-44,1
09/04/2002 22:44:00,247,24,30,-2,-45,1
09/04/2002 22:45:00,247,23,31,-1,-45,1
09/04/2002 22:46:00,247,25,31,-2,-45,1
09/04/2002 22:47:00,247,25,32,-2,-45,1
09/04/2002 22:48:00,247,27,31,-2,-44,1
09/04/2002 22:49:00,247,28,32,-2,-45,1
09/04/2002 22:50:00,247,31,31,-3,-45,1
09/04/2002 22:51:00,247,31,31,-3,-44,1
09/04/2002 22:52:00,247,32,31,-3,-45,1
09/04/2002 22:53:00,247,32,31,-3,-44,1
09/04/2002 22:54:00,247,32,30,-3,-44,1
09/04/2002 22:55:00,247,31,30,-3,-44,1
09/04/2002 22:56:00,247,31,30,-3,-45,1
09/04/2002 22:57:00,247,32,30,-3,-45,1
09/04/2002 22:58:00,247,33,29,-3,-46,1
09/04/2002 22:59:00,247,33,29,-4,-46,1
09/04/2002 23:00:00,247,35,29,-4,-46,1
09/04/2002 23:01:00,247,34,28,-4,-46,1
09/04/2002 23:02:00,247,36,28,-4,-47,1
09/04/2002 23:03:00,247,36,29,-4,-47,1
09/04/2002 23:04:00,247,36,30,-4,-48,1
09/04/2002 23:05:00,247,35,31,-4,-47,1
09/04/2002 23:06:00,247,36,31,-4,-47,1
09/04/2002 23:07:00,247,36,32,-4,-47,1
09/04/2002 23:08:00,247,36,32,-4,-47,1
09/04/2002 23:09:00,247,36,33,-4,-47,1
09/04/2002 23:10:00,247,35,32,-4,-46,1
09/04/2002 23:11:00,247,33,32,-3,-46,1
09/04/2002 23:12:00,247,33,33,-3,-46,1
09/04/2002 23:13:00,247,33,33,-3,-46,1
09/04/2002 23:14:00,247,33,33,-3,-46,1
09/04/2002 23:15:00,247,32,34,-3,-45,1
09/04/2002 23:16:00,247,32,35,-3,-45,1
09/04/2002 23:17:00,247,33,35,-3,-45,1
09/04/2002 23:18:00,247,33,35,-3,-45,1
09/04/2002 23:19:00,247,34,35,-3,-46,1
09/04/2002 23:20:00,247,34,35,-3,-45,1
09/04/2002 23:21:00,247,34,34,-3,-45,1
09/04/2002 23:22:00,247,34,34,-3,-45,1
09/04/2002 23:23:00,247,33,34,-3,-44,1
09/04/2002 23:24:00,247,33,34,-3,-44,1
09/04/2002 23:25:00,247,33,34,-3,-44,1
09/04/2002 23:26:00,247,34,34,-3,-44,1
09/04/2002 23:27:00,247,34,33,-3,-44,1
09/04/2002 23:28:00,247,35,34,-3,-44,1
09/04/2002 23:29:00,247,36,34,-3,-43,1
09/04/2002 23:30:00,247,37,33,-3,-42,1
09/04/2002 23:31:00,247,37,34,-3,-42,1
09/04/2002 23:32:00,247,37,35,-3,-41,1
09/04/2002 23:33:00,247,36,34,-3,-41,1
09/04/2002 23:34:00,247,36,36,-3,-40,1
09/04/2002 23:35:00,247,36,37,-3,-40,1
09/04/2002 23:36:00,247,35,37,-3,-40,1
09/04/2002 23:37:00,247,35,37,-3,-40,1
09/04/2002 23:38:00,247,34,38,-2,-39,1
09/04/2002 23:39:00,247,34,37,-2,-40,1
09/04/2002 23:40:00,247,36,36,-3,-41,1
09/04/2002 23:41:00,247,37,36,-3,-41,1
09/04/2002 23:42:00,247,40,36,-3,-41,1
09/04/2002 23:43:00,247,42,36,-3,-40,1
09/04/2002 23:44:00,247,43,37,-3,-40,1
09/04/2002 23:45:00,247,44,38,-3,-39,1
09/04/2002 23:46:00,247,43,40,-3,-38,1
09/04/2002 23:47:00,247,41,40,-2,-38,1
09/04/2002 23:48:00,247,41,41,-3,-38,1
09/04/2002 23:49:00,247,39,42,-2,-37,1
09/04/2002 23:50:00,247,39,42,-2,-38,1
09/04/2002 23:51:00,247,40,41,-2,-37,1
09/04/2002 23:52:00,247,42,40,-2,-38,1
09/04/2002 23:53:00,247,43,40,-2,-38,1
09/04/2002 23:54:00,247,45,40,-3,-38,1
09/04/2002 23:55:00,247,45,40,-3,-38,1
09/04/2002 23:56:00,247,44,42,-3,-37,1
09/04/2002 23:57:00,247,42,42,-2,-37,1
09/04/2002 23:58:00,247,42,41,-2,-37,1
09/04/2002 23:59:00,247,44,40,-2,-37,1
