DateTime,DOY,ASY_D,ASY_H,SYM_D,SYM_H,Location
08/23/2005 00:00:00,235,23,35,-3,2,1
08/23/2005 00:01:00,235,21,34,-3,2,1
08/23/2005 00:02:00,235,21,35,-3,1,1
08/23/2005 00:03:00,235,21,35,-3,2,1
08/23/2005 00:04:00,235,20,36,-3,1,1
08/23/2005 00:05:00,235,18,36,-3,1,1
08/23/2005 00:06:00,235,19,37,-2,1,1
08/23/2005 00:07:00,235,18,37,-3,1,1
08/23/2005 00:08:00,235,19,38,-3,1,1
08/23/2005 00:09:00,235,19,38,-2,1,1
08/23/2005 00:10:00,235,20,39,-2,1,1
08/23/2005 00:11:00,235,20,38,-2,1,1
08/23/2005 00:12:00,235,21,39,-2,1,1
08/23/2005 00:13:00,235,20,38,-2,1,1
08/23/2005 00:14:00,235,19,39,-2,1,1
08/23/2005 00:15:00,235,19,38,-2,1,1
08/23/2005 00:16:00,235,18,38,-1,1,1
08/23/2005 00:17:00,235,18,38,-1,1,1
08/23/2005 00:18:00,235,17,38,-1,1,1
08/23/2005 00:19:00,235,17,37,-1,1,1
08/23/2005 00:20:00,235,17,38,-1,1,1
08/23/2005 00:21:00,235,17,37,-1,1,1
08/23/2005 00:22:00,235,17,37,0,2,1
08/23/2005 00:23:00,235,17,37,0,2,1
08/23/2005 00:24:00,235,16,36,0,2,1
08/23/2005 00:25:00,235,16,36,0,2,1
08/23/2005 00:26:00,235,16,36,0,2,1
08/23/2005 00:27:00,235,17,35,1,2,1
08/23/2005 00:28:00,235,17,35,1,3,1
08/23/2005 00:29:00,235,17,35,1,3,1
08/23/2005 00:30:00,235,17,35,1,3,1
08/23/2005 00:31:00,235,17,34,1,3,1
08/23/2005 00:32:00,235,18,34,1,4,1
08/23/2005 00:33:00,235,17,34,1,4,1
08/23/2005 00:34:00,235,18,34,1,4,1
08/23/2005 00:35:00,235,19,34,1,4,1
08/23/2005 00:36:00,235,19,34,1,5,1
08/23/2005 00:37:00,235,20,33,1,5,1
08/23/2005 00:38:00,235,20,33,2,5,1
08/23/2005 00:39:00,235,19,32,2,5,1
08/23/2005 00:40:00,235,20,32,2,5,1
08/23/2005 00:41:00,235,20,32,2,6,1
08/23/2005 00:42:00,235,20,32,2,6,1
08/23/2005 00:43:00,235,20,31,2,6,1
08/23/2005 00:44:00,235,21,30,2,6,1
08/23/2005 00:45:00,235,20,30,2,6,1
08/23/2005 00:46:00,235,21,29,2,6,1
08/23/2005 00:47:00,235,21,29,2,7,1
08/23/2005 00:48:00,235,21,29,2,7,1
08/23/2005 00:49:00,235,21,28,2,7,1
08/23/2005 00:50:00,235,20,28,2,7,1
08/23/2005 00:51:00,235,21,27,2,7,1
08/23/2005 00:52:00,235,21,27,2,7,1
08/23/2005 00:53:00,235,21,27,2,7,1
08/23/2005 00:54:00,235,22,27,2,7,1
08/23/2005 00:55:00,235,21,26,2,7,1
08/23/2005 00:56:00,235,21,26,2,7,1
08/23/2005 00:57:00,235,21,26,2,8,1
08/23/2005 00:58:00,235,22,26,2,8,1
08/23/2005 00:59:00,235,20,26,2,8,1
08/23/2005 01:00:00,235,21,25,2,8,1
08/23/2005 01:01:00,235,21,25,2,9,1
08/23/2005 01:02:00,235,20,25,2,9,1
08/23/2005 01:03:00,235,21,25,2,9,1
08/23/2005 01:04:00,235,21,25,2,9,1
08/23/2005 01:05:00,235,21,25,3,9,1
08/23/2005 01:06:00,235,21,25,3,9,1
08/23/2005 01:07:00,235,22,25,3,10,1
08/23/2005 01:08:00,235,22,25,3,10,1
08/23/2005 01:09:00,235,21,25,3,10,1
08/23/2005 01:10:00,235,21,25,3,10,1
08/23/2005 01:11:00,235,20,24,3,10,1
08/23/2005 01:12:00,235,19,24,3,10,1
08/23/2005 01:13:00,235,19,24,3,11,1
08/23/2005 01:14:00,235,19,24,3,11,1
08/23/2005 01:15:00,235,19,24,3,11,1
08/23/2005 01:16:00,235,20,25,3,12,1
08/23/2005 01:17:00,235,20,25,3,12,1
08/23/2005 01:18:00,235,22,25,3,13,1
08/23/2005 01:19:00,235,23,26,3,13,1
08/23/2005 01:20:00,235,23,26,3,13,1
08/23/2005 01:21:00,235,23,25,3,13,1
08/23/2005 01:22:00,235,23,24,3,14,1
08/23/2005 01:23:00,235,21,24,3,14,1
08/23/2005 01:24:00,235,21,23,3,14,1
08/23/2005 01:25:00,235,21,23,3,14,1
08/23/2005 01:26:00,235,20,22,3,14,1
08/23/2005 01:27:00,235,20,22,3,14,1
08/23/2005 01:28:00,235,20,23,3,14,1
08/23/2005 01:29:00,235,20,23,3,14,1
08/23/2005 01:30:00,235,20,22,3,15,1
08/23/2005 01:31:00,235,20,22,3,15,1
08/23/2005 01:32:00,235,21,22,3,15,1
08/23/2005 01:33:00,235,19,22,3,15,1
08/23/2005 01:34:00,235,19,22,3,15,1
08/23/2005 01:35:00,235,19,21,3,15,1
08/23/2005 01:36:00,235,19,21,3,15,1
08/23/2005 01:37:00,235,19,22,3,15,1
08/23/2005 01:38:00,235,18,22,3,15,1
08/23/2005 01:39:00,235,19,22,3,15,1
08/23/2005 01:40:00,235,19,22,3,15,1
08/23/2005 01:41:00,235,19,22,3,15,1
08/23/2005 01:42:00,235,19,23,3,15,1
08/23/2005 01:43:00,235,19,22,3,14,1
08/23/2005 01:44:00,235,20,22,3,14,1
08/23/2005 01:45:00,235,19,22,3,14,1
08/23/2005 01:46:00,235,19,22,3,14,1
08/23/2005 01:47:00,235,19,22,3,14,1
08/23/2005 01:48:00,235,20,23,3,14,1
08/23/2005 01:49:00,235,19,23,3,14,1
08/23/2005 01:50:00,235,19,22,3,14,1
08/23/2005 01:51:00,235,19,22,3,14,1
08/23/2005 01:52:00,235,19,23,3,14,1
08/23/2005 01:53:00,235,19,23,3,14,1
08/23/2005 01:54:00,235,19,23,3,14,1
08/23/2005 01:55:00,235,19,23,3,14,1
08/23/2005 01:56:00,235,19,23,3,14,1
08/23/2005 01:57:00,235,19,24,2,14,1
08/23/2005 01:58:00,235,19,24,3,14,1
08/23/2005 01:59:00,235,18,23,3,14,1
08/23/2005 02:00:00,235,18,23,2,14,1
08/23/2005 02:01:00,235,18,24,3,14,1
08/23/2005 02:02:00,235,19,24,3,14,1
08/23/2005 02:03:00,235,19,24,3,14,1
08/23/2005 02:04:00,235,20,24,3,14,1
08/23/2005 02:05:00,235,20,24,3,14,1
08/23/2005 02:06:00,235,19,25,3,14,1
08/23/2005 02:07:00,235,19,24,3,14,1
08/23/2005 02:08:00,235,19,24,3,14,1
08/23/2005 02:09:00,235,19,24,3,14,1
08/23/2005 02:10:00,235,19,24,3,14,1
08/23/2005 02:11:00,235,19,24,3,14,1
08/23/2005 02:12:00,235,19,24,3,14,1
08/23/2005 02:13:00,235,18,24,3,14,1
08/23/2005 02:14:00,235,17,24,3,14,1
08/23/2005 02:15:00,235,18,24,3,14,1
08/23/2005 02:16:00,235,18,24,3,14,1
08/23/2005 02:17:00,235,18,25,3,14,1
08/23/2005 02:18:00,235,17,25,3,14,1
08/23/2005 02:19:00,235,18,24,3,14,1
08/23/2005 02:20:00,235,18,24,2,14,1
08/23/2005 02:21:00,235,18,24,3,14,1
08/23/2005 02:22:00,235,17,24,2,14,1
08/23/2005 02:23:00,235,16,24,3,14,1
08/23/2005 02:24:00,235,17,24,3,14,1
08/23/2005 02:25:00,235,17,25,3,14,1
08/23/2005 02:26:00,235,18,25,3,14,1
08/23/2005 02:27:00,235,18,25,3,14,1
08/23/2005 02:28:00,235,18,24,3,14,1
08/23/2005 02:29:00,235,19,24,3,14,1
08/23/2005 02:30:00,235,19,24,3,14,1
08/23/2005 02:31:00,235,19,24,3,14,1
08/23/2005 02:32:00,235,19,25,3,14,1
08/23/2005 02:33:00,235,19,25,3,15,1
08/23/2005 02:34:00,235,20,24,3,15,1
08/23/2005 02:35:00,235,20,25,3,15,1
08/23/2005 02:36:00,235,21,25,3,15,1
08/23/2005 02:37:00,235,20,24,3,16,1
08/23/2005 02:38:00,235,21,23,3,15,1
08/23/2005 02:39:00,235,21,23,3,15,1
08/23/2005 02:40:00,235,22,23,3,15,1
08/23/2005 02:41:00,235,22,23,3,15,1
08/23/2005 02:42:00,235,22,23,3,15,1
08/23/2005 02:43:00,235,21,23,3,15,1
08/23/2005 02:44:00,235,22,22,3,16,1
08/23/2005 02:45:00,235,22,23,3,15,1
08/23/2005 02:46:00,235,22,22,2,15,1
08/23/2005 02:47:00,235,21,23,2,15,1
08/23/2005 02:48:00,235,21,23,2,15,1
08/23/2005 02:49:00,235,21,23,2,14,1
08/23/2005 02:50:00,235,21,23,2,14,1
08/23/2005 02:51:00,235,20,23,2,14,1
08/23/2005 02:52:00,235,19,24,2,14,1
08/23/2005 02:53:00,235,20,23,2,13,1
08/23/2005 02:54:00,235,19,23,2,13,1
08/23/2005 02:55:00,235,19,24,2,13,1
08/23/2005 02:56:00,235,19,24,2,13,1
08/23/2005 02:57:00,235,19,24,2,14,1
08/23/2005 02:58:00,235,19,24,2,14,1
08/23/2005 02:59:00,235,18,24,2,13,1
08/23/2005 03:00:00,235,18,24,2,13,1
08/23/2005 03:01:00,235,19,24,2,14,1
08/23/2005 03:02:00,235,18,24,2,14,1
08/23/2005 03:03:00,235,19,24,2,14,1
08/23/2005 03:04:00,235,19,22,3,14,1
08/23/2005 03:05:00,235,19,23,2,14,1
08/23/2005 03:06:00,235,19,23,3,14,1
08/23/2005 03:07:00,235,19,23,3,15,1
08/23/2005 03:08:00,235,18,22,3,15,1
08/23/2005 03:09:00,235,18,22,3,15,1
08/23/2005 03:10:00,235,19,23,3,15,1
08/23/2005 03:11:00,235,19,23,3,16,1
08/23/2005 03:12:00,235,20,21,3,16,1
08/23/2005 03:13:00,235,19,22,3,16,1
08/23/2005 03:14:00,235,19,22,3,15,1
08/23/2005 03:15:00,235,19,23,3,15,1
08/23/2005 03:16:00,235,19,24,3,15,1
08/23/2005 03:17:00,235,19,25,3,15,1
08/23/2005 03:18:00,235,19,23,3,15,1
08/23/2005 03:19:00,235,18,26,3,15,1
08/23/2005 03:20:00,235,18,23,3,15,1
08/23/2005 03:21:00,235,18,24,3,15,1
08/23/2005 03:22:00,235,17,23,3,15,1
08/23/2005 03:23:00,235,17,22,3,15,1
08/23/2005 03:24:00,235,17,24,3,15,1
08/23/2005 03:25:00,235,17,23,3,15,1
08/23/2005 03:26:00,235,17,23,3,15,1
08/23/2005 03:27:00,235,17,23,3,15,1
08/23/2005 03:28:00,235,17,23,2,14,1
08/23/2005 03:29:00,235,16,22,3,14,1
08/23/2005 03:30:00,235,16,22,3,14,1
08/23/2005 03:31:00,235,16,22,3,14,1
08/23/2005 03:32:00,235,15,22,3,14,1
08/23/2005 03:33:00,235,16,22,3,14,1
08/23/2005 03:34:00,235,16,21,3,13,1
08/23/2005 03:35:00,235,16,21,3,13,1
08/23/2005 03:36:00,235,16,21,3,13,1
08/23/2005 03:37:00,235,16,21,3,13,1
08/23/2005 03:38:00,235,15,21,3,13,1
08/23/2005 03:39:00,235,16,21,3,13,1
08/23/2005 03:40:00,235,16,21,3,13,1
08/23/2005 03:41:00,235,16,22,3,13,1
08/23/2005 03:42:00,235,16,22,3,14,1
08/23/2005 03:43:00,235,16,22,3,13,1
08/23/2005 03:44:00,235,16,23,3,14,1
08/23/2005 03:45:00,235,15,23,3,13,1
08/23/2005 03:46:00,235,15,25,3,14,1
08/23/2005 03:47:00,235,16,23,3,14,1
08/23/2005 03:48:00,235,15,23,3,14,1
08/23/2005 03:49:00,235,15,23,3,14,1
08/23/2005 03:50:00,235,15,23,3,14,1
08/23/2005 03:51:00,235,15,22,3,14,1
08/23/2005 03:52:00,235,15,23,3,14,1
08/23/2005 03:53:00,235,15,23,3,14,1
08/23/2005 03:54:00,235,14,23,3,13,1
08/23/2005 03:55:00,235,13,23,3,13,1
08/23/2005 03:56:00,235,13,22,3,13,1
08/23/2005 03:57:00,235,12,21,3,12,1
08/23/2005 03:58:00,235,12,21,3,13,1
08/23/2005 03:59:00,235,12,22,3,12,1
08/23/2005 04:00:00,235,12,22,3,12,1
08/23/2005 04:01:00,235,11,21,3,12,1
08/23/2005 04:02:00,235,12,21,3,11,1
08/23/2005 04:03:00,235,12,22,4,12,1
08/23/2005 04:04:00,235,12,22,4,11,1
08/23/2005 04:05:00,235,11,23,4,11,1
08/23/2005 04:06:00,235,12,23,4,11,1
08/23/2005 04:07:00,235,12,24,4,11,1
08/23/2005 04:08:00,235,11,24,4,11,1
08/23/2005 04:09:00,235,11,24,4,11,1
08/23/2005 04:10:00,235,11,26,4,11,1
08/23/2005 04:11:00,235,10,27,4,11,1
08/23/2005 04:12:00,235,11,26,4,10,1
08/23/2005 04:13:00,235,11,28,4,10,1
08/23/2005 04:14:00,235,10,28,4,10,1
08/23/2005 04:15:00,235,11,28,4,10,1
08/23/2005 04:16:00,235,10,29,4,10,1
08/23/2005 04:17:00,235,10,30,4,10,1
08/23/2005 04:18:00,235,10,31,4,10,1
08/23/2005 04:19:00,235,10,31,4,10,1
08/23/2005 04:20:00,235,11,31,4,10,1
08/23/2005 04:21:00,235,10,33,5,10,1
08/23/2005 04:22:00,235,10,33,5,10,1
08/23/2005 04:23:00,235,10,33,5,10,1
08/23/2005 04:24:00,235,10,33,4,10,1
08/23/2005 04:25:00,235,10,32,4,10,1
08/23/2005 04:26:00,235,9,34,4,10,1
08/23/2005 04:27:00,235,10,34,4,10,1
08/23/2005 04:28:00,235,10,34,4,10,1
08/23/2005 04:29:00,235,9,34,4,10,1
08/23/2005 04:30:00,235,9,34,4,10,1
08/23/2005 04:31:00,235,9,34,4,10,1
08/23/2005 04:32:00,235,8,35,4,10,1
08/23/2005 04:33:00,235,8,35,4,10,1
08/23/2005 04:34:00,235,8,34,4,10,1
08/23/2005 04:35:00,235,7,34,3,10,1
08/23/2005 04:36:00,235,7,34,3,10,1
08/23/2005 04:37:00,235,7,33,3,10,1
08/23/2005 04:38:00,235,8,33,3,9,1
08/23/2005 04:39:00,235,8,33,3,10,1
08/23/2005 04:40:00,235,8,32,3,10,1
08/23/2005 04:41:00,235,9,30,3,10,1
08/23/2005 04:42:00,235,9,30,3,10,1
08/23/2005 04:43:00,235,9,30,3,10,1
08/23/2005 04:44:00,235,9,30,3,10,1
08/23/2005 04:45:00,235,9,29,2,10,1
08/23/2005 04:46:00,235,9,29,2,10,1
08/23/2005 04:47:00,235,9,28,2,9,1
08/23/2005 04:48:00,235,9,27,2,9,1
08/23/2005 04:49:00,235,10,27,2,9,1
08/23/2005 04:50:00,235,9,27,2,9,1
08/23/2005 04:51:00,235,9,27,2,8,1
08/23/2005 04:52:00,235,10,28,2,8,1
08/23/2005 04:53:00,235,10,28,2,9,1
08/23/2005 04:54:00,235,11,28,2,8,1
08/23/2005 04:55:00,235,11,29,2,8,1
08/23/2005 04:56:00,235,10,29,2,8,1
08/23/2005 04:57:00,235,11,29,2,8,1
08/23/2005 04:58:00,235,12,28,2,8,1
08/23/2005 04:59:00,235,12,28,2,8,1
08/23/2005 05:00:00,235,12,28,2,9,1
08/23/2005 05:01:00,235,12,27,2,9,1
08/23/2005 05:02:00,235,13,26,2,8,1
08/23/2005 05:03:00,235,12,25,2,8,1
08/23/2005 05:04:00,235,13,26,3,8,1
08/23/2005 05:05:00,235,14,25,2,8,1
08/23/2005 05:06:00,235,14,25,2,8,1
08/23/2005 05:07:00,235,14,26,2,8,1
08/23/2005 05:08:00,235,15,24,2,7,1
08/23/2005 05:09:00,235,15,25,2,7,1
08/23/2005 05:10:00,235,14,25,2,7,1
08/23/2005 05:11:00,235,14,25,2,7,1
08/23/2005 05:12:00,235,14,25,2,6,1
08/23/2005 05:13:00,235,13,24,2,6,1
08/23/2005 05:14:00,235,13,24,2,5,1
08/23/2005 05:15:00,235,12,23,2,5,1
08/23/2005 05:16:00,235,11,23,2,5,1
08/23/2005 05:17:00,235,11,24,3,4,1
08/23/2005 05:18:00,235,11,24,3,4,1
08/23/2005 05:19:00,235,9,25,2,3,1
08/23/2005 05:20:00,235,10,24,3,3,1
08/23/2005 05:21:00,235,9,24,2,3,1
08/23/2005 05:22:00,235,8,24,3,3,1
08/23/2005 05:23:00,235,8,24,3,2,1
08/23/2005 05:24:00,235,7,25,3,2,1
08/23/2005 05:25:00,235,8,25,3,2,1
08/23/2005 05:26:00,235,7,25,3,2,1
08/23/2005 05:27:00,235,7,24,3,2,1
08/23/2005 05:28:00,235,7,25,3,1,1
08/23/2005 05:29:00,235,7,25,3,1,1
08/23/2005 05:30:00,235,6,24,3,1,1
08/23/2005 05:31:00,235,7,24,3,0,1
08/23/2005 05:32:00,235,6,25,3,0,1
08/23/2005 05:33:00,235,7,23,3,0,1
08/23/2005 05:34:00,235,6,24,3,0,1
08/23/2005 05:35:00,235,6,24,3,0,1
08/23/2005 05:36:00,235,7,23,3,0,1
08/23/2005 05:37:00,235,6,23,3,0,1
08/23/2005 05:38:00,235,6,23,3,0,1
08/23/2005 05:39:00,235,8,25,3,0,1
08/23/2005 05:40:00,235,7,25,3,0,1
08/23/2005 05:41:00,235,7,25,3,0,1
08/23/2005 05:42:00,235,8,25,3,0,1
08/23/2005 05:43:00,235,8,25,4,0,1
08/23/2005 05:44:00,235,7,25,4,0,1
08/23/2005 05:45:00,235,8,23,3,0,1
08/23/2005 05:46:00,235,8,23,3,0,1
08/23/2005 05:47:00,235,7,24,3,-1,1
08/23/2005 05:48:00,235,8,24,3,0,1
08/23/2005 05:49:00,235,7,23,3,0,1
08/23/2005 05:50:00,235,8,23,3,0,1
08/23/2005 05:51:00,235,8,24,3,0,1
08/23/2005 05:52:00,235,7,23,3,0,1
08/23/2005 05:53:00,235,8,24,3,0,1
08/23/2005 05:54:00,235,8,25,3,0,1
08/23/2005 05:55:00,235,9,25,3,0,1
08/23/2005 05:56:00,235,8,24,3,0,1
08/23/2005 05:57:00,235,8,24,3,0,1
08/23/2005 05:58:00,235,7,26,3,0,1
08/23/2005 05:59:00,235,8,25,4,1,1
08/23/2005 06:00:00,235,7,24,3,1,1
08/23/2005 06:01:00,235,7,23,3,0,1
08/23/2005 06:02:00,235,7,24,3,0,1
08/23/2005 06:03:00,235,7,24,3,0,1
08/23/2005 06:04:00,235,7,24,3,0,1
08/23/2005 06:05:00,235,7,23,3,0,1
08/23/2005 06:06:00,235,6,22,3,0,1
08/23/2005 06:07:00,235,6,21,3,-1,1
08/23/2005 06:08:00,235,6,22,3,-1,1
08/23/2005 06:09:00,235,6,21,3,-1,1
08/23/2005 06:10:00,235,6,21,3,-1,1
08/23/2005 06:11:00,235,6,21,3,-1,1
08/23/2005 06:12:00,235,6,21,3,-1,1
08/23/2005 06:13:00,235,6,21,2,-1,1
08/23/2005 06:14:00,235,6,21,3,-1,1
08/23/2005 06:15:00,235,6,21,2,-1,1
08/23/2005 06:16:00,235,6,21,2,-1,1
08/23/2005 06:17:00,235,6,21,2,-1,1
08/23/2005 06:18:00,235,5,21,2,-1,1
08/23/2005 06:19:00,235,5,22,2,-1,1
08/23/2005 06:20:00,235,5,22,2,-1,1
08/23/2005 06:21:00,235,5,22,2,-1,1
08/23/2005 06:22:00,235,5,22,2,-1,1
08/23/2005 06:23:00,235,5,22,2,-1,1
08/23/2005 06:24:00,235,5,22,2,-1,1
08/23/2005 06:25:00,235,5,21,2,-1,1
08/23/2005 06:26:00,235,6,21,2,-1,1
08/23/2005 06:27:00,235,6,21,2,-1,1
08/23/2005 06:28:00,235,6,21,2,-1,1
08/23/2005 06:29:00,235,7,21,2,-1,1
08/23/2005 06:30:00,235,7,21,2,-1,1
08/23/2005 06:31:00,235,7,21,2,-2,1
08/23/2005 06:32:00,235,7,22,2,-2,1
08/23/2005 06:33:00,235,7,22,2,-2,1
08/23/2005 06:34:00,235,7,21,2,-2,1
08/23/2005 06:35:00,235,7,22,2,-2,1
08/23/2005 06:36:00,235,7,22,2,-2,1
08/23/2005 06:37:00,235,8,22,2,-2,1
08/23/2005 06:38:00,235,8,22,2,-3,1
08/23/2005 06:39:00,235,9,22,2,-3,1
08/23/2005 06:40:00,235,8,21,2,-3,1
08/23/2005 06:41:00,235,8,22,2,-3,1
08/23/2005 06:42:00,235,9,22,2,-3,1
08/23/2005 06:43:00,235,10,21,2,-3,1
08/23/2005 06:44:00,235,11,21,2,-3,1
08/23/2005 06:45:00,235,10,22,2,-3,1
08/23/2005 06:46:00,235,11,22,2,-3,1
08/23/2005 06:47:00,235,11,22,2,-3,1
08/23/2005 06:48:00,235,11,22,2,-3,1
08/23/2005 06:49:00,235,11,22,2,-3,1
08/23/2005 06:50:00,235,11,22,2,-3,1
08/23/2005 06:51:00,235,10,22,2,-3,1
08/23/2005 06:52:00,235,10,22,2,-2,1
08/23/2005 06:53:00,235,10,22,2,-2,1
08/23/2005 06:54:00,235,10,21,2,-2,1
08/23/2005 06:55:00,235,10,21,2,-2,1
08/23/2005 06:56:00,235,9,20,2,-1,1
08/23/2005 06:57:00,235,9,19,2,0,1
08/23/2005 06:58:00,235,8,19,1,0,1
08/23/2005 06:59:00,235,7,18,1,0,1
08/23/2005 07:00:00,235,7,17,1,0,1
08/23/2005 07:01:00,235,8,17,1,-1,1
08/23/2005 07:02:00,235,8,18,1,-1,1
08/23/2005 07:03:00,235,8,18,1,0,1
08/23/2005 07:04:00,235,9,17,1,0,1
08/23/2005 07:05:00,235,9,18,1,0,1
08/23/2005 07:06:00,235,10,18,1,1,1
08/23/2005 07:07:00,235,11,18,1,1,1
08/23/2005 07:08:00,235,11,17,1,0,1
08/23/2005 07:09:00,235,11,17,1,0,1
08/23/2005 07:10:00,235,11,17,1,0,1
08/23/2005 07:11:00,235,12,18,1,0,1
08/23/2005 07:12:00,235,12,18,1,-1,1
08/23/2005 07:13:00,235,11,19,1,-1,1
08/23/2005 07:14:00,235,12,19,1,-2,1
08/23/2005 07:15:00,235,12,20,1,-2,1
08/23/2005 07:16:00,235,13,21,1,-2,1
08/23/2005 07:17:00,235,12,21,1,-2,1
08/23/2005 07:18:00,235,13,21,1,-2,1
08/23/2005 07:19:00,235,13,22,1,-3,1
08/23/2005 07:20:00,235,13,22,1,-3,1
08/23/2005 07:21:00,235,13,22,1,-3,1
08/23/2005 07:22:00,235,14,22,1,-3,1
08/23/2005 07:23:00,235,14,22,1,-2,1
08/23/2005 07:24:00,235,14,21,1,-2,1
08/23/2005 07:25:00,235,14,20,1,-1,1
08/23/2005 07:26:00,235,13,20,1,-1,1
08/23/2005 07:27:00,235,13,19,1,-1,1
08/23/2005 07:28:00,235,12,19,1,-1,1
08/23/2005 07:29:00,235,12,19,1,-1,1
08/23/2005 07:30:00,235,12,19,1,-1,1
08/23/2005 07:31:00,235,11,19,1,0,1
08/23/2005 07:32:00,235,12,19,1,0,1
08/23/2005 07:33:00,235,12,20,1,0,1
08/23/2005 07:34:00,235,11,20,1,-1,1
08/23/2005 07:35:00,235,11,20,1,0,1
08/23/2005 07:36:00,235,10,20,1,0,1
08/23/2005 07:37:00,235,10,19,1,-1,1
08/23/2005 07:38:00,235,10,18,1,-1,1
08/23/2005 07:39:00,235,10,19,1,0,1
08/23/2005 07:40:00,235,9,18,1,0,1
08/23/2005 07:41:00,235,9,18,1,0,1
08/23/2005 07:42:00,235,9,18,1,0,1
08/23/2005 07:43:00,235,8,18,1,1,1
08/23/2005 07:44:00,235,8,18,1,1,1
08/23/2005 07:45:00,235,8,17,1,1,1
08/23/2005 07:46:00,235,8,16,1,1,1
08/23/2005 07:47:00,235,8,15,1,1,1
08/23/2005 07:48:00,235,8,14,1,2,1
08/23/2005 07:49:00,235,8,14,1,2,1
08/23/2005 07:50:00,235,8,14,1,2,1
08/23/2005 07:51:00,235,8,13,1,2,1
08/23/2005 07:52:00,235,9,13,1,2,1
08/23/2005 07:53:00,235,8,12,0,3,1
08/23/2005 07:54:00,235,8,12,0,2,1
08/23/2005 07:55:00,235,8,12,0,2,1
08/23/2005 07:56:00,235,8,11,0,3,1
08/23/2005 07:57:00,235,9,11,0,3,1
08/23/2005 07:58:00,235,8,10,0,3,1
08/23/2005 07:59:00,235,8,10,0,3,1
08/23/2005 08:00:00,235,8,9,0,3,1
08/23/2005 08:01:00,235,8,10,0,3,1
08/23/2005 08:02:00,235,9,10,0,4,1
08/23/2005 08:03:00,235,10,9,0,3,1
08/23/2005 08:04:00,235,10,10,0,4,1
08/23/2005 08:05:00,235,9,10,0,4,1
08/23/2005 08:06:00,235,10,10,0,4,1
08/23/2005 08:07:00,235,10,11,0,5,1
08/23/2005 08:08:00,235,10,11,0,5,1
08/23/2005 08:09:00,235,10,11,0,5,1
08/23/2005 08:10:00,235,9,11,0,4,1
08/23/2005 08:11:00,235,10,12,0,4,1
08/23/2005 08:12:00,235,11,11,0,4,1
08/23/2005 08:13:00,235,10,11,0,5,1
08/23/2005 08:14:00,235,10,11,0,5,1
08/23/2005 08:15:00,235,10,10,-1,6,1
08/23/2005 08:16:00,235,11,10,-1,6,1
08/23/2005 08:17:00,235,11,10,0,5,1
08/23/2005 08:18:00,235,11,11,0,5,1
08/23/2005 08:19:00,235,11,10,0,4,1
08/23/2005 08:20:00,235,12,10,0,4,1
08/23/2005 08:21:00,235,12,10,0,3,1
08/23/2005 08:22:00,235,13,11,0,3,1
08/23/2005 08:23:00,235,13,11,0,3,1
08/23/2005 08:24:00,235,14,12,0,2,1
08/23/2005 08:25:00,235,14,11,0,2,1
08/23/2005 08:26:00,235,15,12,0,1,1
08/23/2005 08:27:00,235,16,12,0,1,1
08/23/2005 08:28:00,235,16,13,0,1,1
08/23/2005 08:29:00,235,16,13,1,1,1
08/23/2005 08:30:00,235,17,13,1,0,1
08/23/2005 08:31:00,235,17,13,1,0,1
08/23/2005 08:32:00,235,17,12,0,0,1
08/23/2005 08:33:00,235,17,11,1,1,1
08/23/2005 08:34:00,235,16,11,0,1,1
08/23/2005 08:35:00,235,15,10,0,2,1
08/23/2005 08:36:00,235,15,9,0,2,1
08/23/2005 08:37:00,235,14,8,0,2,1
08/23/2005 08:38:00,235,15,8,0,2,1
08/23/2005 08:39:00,235,15,7,0,2,1
08/23/2005 08:40:00,235,17,7,0,3,1
08/23/2005 08:41:00,235,16,7,0,3,1
08/23/2005 08:42:00,235,16,7,0,3,1
08/23/2005 08:43:00,235,17,7,0,3,1
08/23/2005 08:44:00,235,17,7,0,3,1
08/23/2005 08:45:00,235,17,7,0,4,1
08/23/2005 08:46:00,235,17,6,0,5,1
08/23/2005 08:47:00,235,17,8,-1,5,1
08/23/2005 08:48:00,235,17,7,-1,6,1
08/23/2005 08:49:00,235,17,7,-1,6,1
08/23/2005 08:50:00,235,18,6,0,6,1
08/23/2005 08:51:00,235,19,6,0,6,1
08/23/2005 08:52:00,235,21,8,0,6,1
08/23/2005 08:53:00,235,20,7,0,6,1
08/23/2005 08:54:00,235,22,9,0,6,1
08/23/2005 08:55:00,235,22,8,0,5,1
08/23/2005 08:56:00,235,22,8,1,5,1
08/23/2005 08:57:00,235,23,8,0,5,1
08/23/2005 08:58:00,235,22,8,1,5,1
08/23/2005 08:59:00,235,22,8,0,6,1
08/23/2005 09:00:00,235,23,9,0,7,1
08/23/2005 09:01:00,235,24,8,1,7,1
08/23/2005 09:02:00,235,25,8,1,7,1
08/23/2005 09:03:00,235,26,8,1,7,1
08/23/2005 09:04:00,235,26,8,1,7,1
08/23/2005 09:05:00,235,25,8,1,8,1
08/23/2005 09:06:00,235,25,8,1,8,1
08/23/2005 09:07:00,235,24,8,1,8,1
08/23/2005 09:08:00,235,25,9,1,8,1
08/23/2005 09:09:00,235,25,8,1,8,1
08/23/2005 09:10:00,235,25,8,1,9,1
08/23/2005 09:11:00,235,24,8,1,9,1
08/23/2005 09:12:00,235,24,8,1,9,1
08/23/2005 09:13:00,235,23,8,1,9,1
08/23/2005 09:14:00,235,23,8,1,10,1
08/23/2005 09:15:00,235,22,7,1,10,1
08/23/2005 09:16:00,235,22,7,1,10,1
08/23/2005 09:17:00,235,22,7,1,11,1
08/23/2005 09:18:00,235,20,7,1,11,1
08/23/2005 09:19:00,235,20,6,1,10,1
08/23/2005 09:20:00,235,19,7,1,10,1
08/23/2005 09:21:00,235,18,7,1,10,1
08/23/2005 09:22:00,235,17,7,1,10,1
08/23/2005 09:23:00,235,17,6,1,10,1
08/23/2005 09:24:00,235,17,6,1,10,1
08/23/2005 09:25:00,235,16,6,1,10,1
08/23/2005 09:26:00,235,17,6,1,10,1
08/23/2005 09:27:00,235,16,7,1,10,1
08/23/2005 09:28:00,235,16,6,0,10,1
08/23/2005 09:29:00,235,15,6,0,10,1
08/23/2005 09:30:00,235,15,7,0,10,1
08/23/2005 09:31:00,235,15,8,0,10,1
08/23/2005 09:32:00,235,15,8,0,10,1
08/23/2005 09:33:00,235,15,7,0,10,1
08/23/2005 09:34:00,235,14,8,0,10,1
08/23/2005 09:35:00,235,15,8,0,10,1
08/23/2005 09:36:00,235,15,8,0,10,1
08/23/2005 09:37:00,235,15,8,0,10,1
08/23/2005 09:38:00,235,15,8,0,9,1
08/23/2005 09:39:00,235,15,8,0,9,1
08/23/2005 09:40:00,235,16,8,0,9,1
08/23/2005 09:41:00,235,15,9,0,9,1
08/23/2005 09:42:00,235,15,9,0,9,1
08/23/2005 09:43:00,235,16,10,0,9,1
08/23/2005 09:44:00,235,15,10,0,9,1
08/23/2005 09:45:00,235,15,10,0,9,1
08/23/2005 09:46:00,235,15,10,0,9,1
08/23/2005 09:47:00,235,14,11,0,9,1
08/23/2005 09:48:00,235,14,11,0,10,1
08/23/2005 09:49:00,235,15,11,0,10,1
08/23/2005 09:50:00,235,16,11,-1,11,1
08/23/2005 09:51:00,235,16,12,-1,12,1
08/23/2005 09:52:00,235,16,12,-1,12,1
08/23/2005 09:53:00,235,16,12,-1,12,1
08/23/2005 09:54:00,235,16,12,-1,12,1
08/23/2005 09:55:00,235,15,11,-1,11,1
08/23/2005 09:56:00,235,15,11,-1,11,1
08/23/2005 09:57:00,235,15,9,-1,10,1
08/23/2005 09:58:00,235,14,9,-1,9,1
08/23/2005 09:59:00,235,14,8,0,8,1
08/23/2005 10:00:00,235,14,8,-1,7,1
08/23/2005 10:01:00,235,14,7,0,7,1
08/23/2005 10:02:00,235,15,7,0,6,1
08/23/2005 10:03:00,235,14,7,0,6,1
08/23/2005 10:04:00,235,15,8,0,6,1
08/23/2005 10:05:00,235,17,7,0,6,1
08/23/2005 10:06:00,235,17,8,0,6,1
08/23/2005 10:07:00,235,17,9,0,6,1
08/23/2005 10:08:00,235,18,9,0,6,1
08/23/2005 10:09:00,235,19,11,0,6,1
08/23/2005 10:10:00,235,20,11,0,6,1
08/23/2005 10:11:00,235,21,11,0,6,1
08/23/2005 10:12:00,235,21,13,0,7,1
08/23/2005 10:13:00,235,22,14,0,7,1
08/23/2005 10:14:00,235,23,13,0,6,1
08/23/2005 10:15:00,235,23,13,0,6,1
08/23/2005 10:16:00,235,24,12,0,7,1
08/23/2005 10:17:00,235,24,12,0,7,1
08/23/2005 10:18:00,235,24,15,0,8,1
08/23/2005 10:19:00,235,25,15,0,8,1
08/23/2005 10:20:00,235,25,15,0,8,1
08/23/2005 10:21:00,235,26,14,0,9,1
08/23/2005 10:22:00,235,25,14,0,9,1
08/23/2005 10:23:00,235,25,13,0,9,1
08/23/2005 10:24:00,235,24,13,0,9,1
08/23/2005 10:25:00,235,24,12,0,9,1
08/23/2005 10:26:00,235,23,12,0,9,1
08/23/2005 10:27:00,235,22,11,0,8,1
08/23/2005 10:28:00,235,22,12,0,7,1
08/23/2005 10:29:00,235,22,10,0,7,1
08/23/2005 10:30:00,235,22,10,0,7,1
08/23/2005 10:31:00,235,21,11,0,6,1
08/23/2005 10:32:00,235,21,10,0,6,1
08/23/2005 10:33:00,235,20,10,0,6,1
08/23/2005 10:34:00,235,20,10,0,6,1
08/23/2005 10:35:00,235,20,10,0,6,1
08/23/2005 10:36:00,235,20,9,0,6,1
08/23/2005 10:37:00,235,20,10,-1,7,1
08/23/2005 10:38:00,235,20,10,-1,7,1
08/23/2005 10:39:00,235,19,10,-1,7,1
08/23/2005 10:40:00,235,19,10,-1,7,1
08/23/2005 10:41:00,235,19,10,-1,8,1
08/23/2005 10:42:00,235,19,9,-1,8,1
08/23/2005 10:43:00,235,19,9,-1,8,1
08/23/2005 10:44:00,235,19,9,-1,8,1
08/23/2005 10:45:00,235,20,9,0,8,1
08/23/2005 10:46:00,235,19,8,0,8,1
08/23/2005 10:47:00,235,20,8,0,8,1
08/23/2005 10:48:00,235,20,8,0,8,1
08/23/2005 10:49:00,235,20,8,0,8,1
08/23/2005 10:50:00,235,20,8,0,8,1
08/23/2005 10:51:00,235,20,7,0,8,1
08/23/2005 10:52:00,235,20,8,0,8,1
08/23/2005 10:53:00,235,20,8,0,8,1
08/23/2005 10:54:00,235,20,8,0,8,1
08/23/2005 10:55:00,235,20,8,0,8,1
08/23/2005 10:56:00,235,19,8,-1,7,1
08/23/2005 10:57:00,235,19,8,0,7,1
08/23/2005 10:58:00,235,19,9,0,7,1
08/23/2005 10:59:00,235,18,9,0,7,1
08/23/2005 11:00:00,235,18,10,0,7,1
08/23/2005 11:01:00,235,19,10,0,6,1
08/23/2005 11:02:00,235,19,10,0,6,1
08/23/2005 11:03:00,235,19,11,0,6,1
08/23/2005 11:04:00,235,18,11,0,6,1
08/23/2005 11:05:00,235,18,11,-1,6,1
08/23/2005 11:06:00,235,18,8,-1,5,1
08/23/2005 11:07:00,235,18,9,-1,5,1
08/23/2005 11:08:00,235,18,10,-1,5,1
08/23/2005 11:09:00,235,19,11,-1,5,1
08/23/2005 11:10:00,235,19,11,-1,5,1
08/23/2005 11:11:00,235,19,12,-1,4,1
08/23/2005 11:12:00,235,19,12,-2,4,1
08/23/2005 11:13:00,235,19,12,-1,4,1
08/23/2005 11:14:00,235,19,11,-1,4,1
08/23/2005 11:15:00,235,19,11,-1,4,1
08/23/2005 11:16:00,235,20,13,-1,4,1
08/23/2005 11:17:00,235,21,14,-1,4,1
08/23/2005 11:18:00,235,20,13,-1,5,1
08/23/2005 11:19:00,235,21,12,-1,5,1
08/23/2005 11:20:00,235,20,11,-1,5,1
08/23/2005 11:21:00,235,20,10,-1,5,1
08/23/2005 11:22:00,235,20,11,-1,6,1
08/23/2005 11:23:00,235,20,11,-1,5,1
08/23/2005 11:24:00,235,20,11,-1,5,1
08/23/2005 11:25:00,235,20,10,-1,5,1
08/23/2005 11:26:00,235,19,10,-1,6,1
08/23/2005 11:27:00,235,19,10,-1,6,1
08/23/2005 11:28:00,235,19,10,-1,6,1
08/23/2005 11:29:00,235,18,10,-1,6,1
08/23/2005 11:30:00,235,17,10,-1,6,1
08/23/2005 11:31:00,235,18,11,0,6,1
08/23/2005 11:32:00,235,17,11,0,6,1
08/23/2005 11:33:00,235,17,11,0,6,1
08/23/2005 11:34:00,235,16,11,0,5,1
08/23/2005 11:35:00,235,16,13,0,5,1
08/23/2005 11:36:00,235,15,13,0,5,1
08/23/2005 11:37:00,235,15,13,0,5,1
08/23/2005 11:38:00,235,15,13,0,5,1
08/23/2005 11:39:00,235,14,11,0,5,1
08/23/2005 11:40:00,235,14,11,0,6,1
08/23/2005 11:41:00,235,13,10,-1,5,1
08/23/2005 11:42:00,235,13,9,0,5,1
08/23/2005 11:43:00,235,13,11,0,6,1
08/23/2005 11:44:00,235,13,11,0,5,1
08/23/2005 11:45:00,235,13,13,0,5,1
08/23/2005 11:46:00,235,13,13,0,6,1
08/23/2005 11:47:00,235,13,12,0,6,1
08/23/2005 11:48:00,235,13,11,0,5,1
08/23/2005 11:49:00,235,13,12,0,5,1
08/23/2005 11:50:00,235,12,11,0,5,1
08/23/2005 11:51:00,235,13,11,0,5,1
08/23/2005 11:52:00,235,13,12,0,5,1
08/23/2005 11:53:00,235,15,14,0,5,1
08/23/2005 11:54:00,235,15,15,0,5,1
08/23/2005 11:55:00,235,16,15,0,5,1
08/23/2005 11:56:00,235,17,15,0,6,1
08/23/2005 11:57:00,235,18,15,0,6,1
08/23/2005 11:58:00,235,18,15,0,6,1
08/23/2005 11:59:00,235,18,15,0,6,1
08/23/2005 12:00:00,235,19,15,0,6,1
08/23/2005 12:01:00,235,18,15,0,6,1
08/23/2005 12:02:00,235,19,15,0,6,1
08/23/2005 12:03:00,235,19,15,0,6,1
08/23/2005 12:04:00,235,19,18,0,5,1
08/23/2005 12:05:00,235,20,18,0,6,1
08/23/2005 12:06:00,235,20,20,0,5,1
08/23/2005 12:07:00,235,22,21,0,5,1
08/23/2005 12:08:00,235,22,22,0,5,1
08/23/2005 12:09:00,235,23,23,0,5,1
08/23/2005 12:10:00,235,23,23,0,5,1
08/23/2005 12:11:00,235,23,22,0,5,1
08/23/2005 12:12:00,235,23,22,0,5,1
08/23/2005 12:13:00,235,22,22,0,5,1
08/23/2005 12:14:00,235,22,22,0,4,1
08/23/2005 12:15:00,235,21,22,1,5,1
08/23/2005 12:16:00,235,21,24,1,5,1
08/23/2005 12:17:00,235,21,24,1,5,1
08/23/2005 12:18:00,235,21,24,1,5,1
08/23/2005 12:19:00,235,20,24,0,5,1
08/23/2005 12:20:00,235,20,23,1,5,1
08/23/2005 12:21:00,235,20,24,1,4,1
08/23/2005 12:22:00,235,20,24,0,4,1
08/23/2005 12:23:00,235,20,24,0,4,1
08/23/2005 12:24:00,235,20,23,1,5,1
08/23/2005 12:25:00,235,20,22,1,5,1
08/23/2005 12:26:00,235,19,22,1,5,1
08/23/2005 12:27:00,235,19,22,1,5,1
08/23/2005 12:28:00,235,19,23,1,5,1
08/23/2005 12:29:00,235,18,22,1,4,1
08/23/2005 12:30:00,235,18,22,1,4,1
08/23/2005 12:31:00,235,18,23,1,4,1
08/23/2005 12:32:00,235,18,23,1,4,1
08/23/2005 12:33:00,235,18,24,1,4,1
08/23/2005 12:34:00,235,18,24,1,4,1
08/23/2005 12:35:00,235,17,25,1,3,1
08/23/2005 12:36:00,235,17,26,1,3,1
08/23/2005 12:37:00,235,16,29,1,3,1
08/23/2005 12:38:00,235,15,29,1,3,1
08/23/2005 12:39:00,235,15,28,1,3,1
08/23/2005 12:40:00,235,15,28,1,3,1
08/23/2005 12:41:00,235,15,29,1,2,1
08/23/2005 12:42:00,235,15,29,0,2,1
08/23/2005 12:43:00,235,16,31,1,2,1
08/23/2005 12:44:00,235,16,30,1,2,1
08/23/2005 12:45:00,235,16,29,1,2,1
08/23/2005 12:46:00,235,16,29,1,2,1
08/23/2005 12:47:00,235,16,29,1,2,1
08/23/2005 12:48:00,235,16,30,1,1,1
08/23/2005 12:49:00,235,16,30,1,1,1
08/23/2005 12:50:00,235,16,29,1,1,1
08/23/2005 12:51:00,235,17,29,1,1,1
08/23/2005 12:52:00,235,17,29,1,1,1
08/23/2005 12:53:00,235,17,31,1,1,1
08/23/2005 12:54:00,235,16,31,1,1,1
08/23/2005 12:55:00,235,16,31,1,1,1
08/23/2005 12:56:00,235,16,32,0,1,1
08/23/2005 12:57:00,235,17,31,1,1,1
08/23/2005 12:58:00,235,17,30,1,0,1
08/23/2005 12:59:00,235,17,28,1,1,1
08/23/2005 13:00:00,235,16,30,1,0,1
08/23/2005 13:01:00,235,15,29,0,1,1
08/23/2005 13:02:00,235,15,28,1,1,1
08/23/2005 13:03:00,235,14,27,0,1,1
08/23/2005 13:04:00,235,13,26,1,1,1
08/23/2005 13:05:00,235,14,27,1,1,1
08/23/2005 13:06:00,235,13,26,1,1,1
08/23/2005 13:07:00,235,15,27,1,1,1
08/23/2005 13:08:00,235,15,27,0,1,1
08/23/2005 13:09:00,235,15,28,0,0,1
08/23/2005 13:10:00,235,15,27,0,0,1
08/23/2005 13:11:00,235,15,28,0,0,1
08/23/2005 13:12:00,235,15,29,0,0,1
08/23/2005 13:13:00,235,15,28,0,0,1
08/23/2005 13:14:00,235,16,27,0,-1,1
08/23/2005 13:15:00,235,16,27,0,-1,1
08/23/2005 13:16:00,235,16,26,0,-1,1
08/23/2005 13:17:00,235,16,25,0,-1,1
08/23/2005 13:18:00,235,15,25,0,-1,1
08/23/2005 13:19:00,235,15,23,0,-1,1
08/23/2005 13:20:00,235,14,21,0,-1,1
08/23/2005 13:21:00,235,13,22,0,-1,1
08/23/2005 13:22:00,235,13,22,0,-1,1
08/23/2005 13:23:00,235,14,21,0,-1,1
08/23/2005 13:24:00,235,13,21,0,-1,1
08/23/2005 13:25:00,235,14,21,0,-1,1
08/23/2005 13:26:00,235,14,22,0,-1,1
08/23/2005 13:27:00,235,12,21,0,-1,1
08/23/2005 13:28:00,235,13,21,0,-1,1
08/23/2005 13:29:00,235,13,20,0,-1,1
08/23/2005 13:30:00,235,14,18,0,-1,1
08/23/2005 13:31:00,235,13,18,0,-1,1
08/23/2005 13:32:00,235,12,17,0,-2,1
08/23/2005 13:33:00,235,13,17,0,-1,1
08/23/2005 13:34:00,235,12,17,0,-1,1
08/23/2005 13:35:00,235,13,17,0,-1,1
08/23/2005 13:36:00,235,13,16,0,-2,1
08/23/2005 13:37:00,235,13,16,0,-2,1
08/23/2005 13:38:00,235,13,15,0,-2,1
08/23/2005 13:39:00,235,14,14,0,-2,1
08/23/2005 13:40:00,235,14,14,0,-1,1
08/23/2005 13:41:00,235,14,15,0,-2,1
08/23/2005 13:42:00,235,14,15,0,-2,1
08/23/2005 13:43:00,235,13,15,0,-1,1
08/23/2005 13:44:00,235,14,15,0,-2,1
08/23/2005 13:45:00,235,14,15,0,-2,1
08/23/2005 13:46:00,235,14,15,0,-2,1
08/23/2005 13:47:00,235,14,14,0,-2,1
08/23/2005 13:48:00,235,14,13,0,-2,1
08/23/2005 13:49:00,235,14,14,0,-1,1
08/23/2005 13:50:00,235,13,14,0,-1,1
08/23/2005 13:51:00,235,13,13,0,-1,1
08/23/2005 13:52:00,235,13,12,0,-1,1
08/23/2005 13:53:00,235,12,13,0,-1,1
08/23/2005 13:54:00,235,13,13,0,0,1
08/23/2005 13:55:00,235,13,14,1,-1,1
08/23/2005 13:56:00,235,13,14,1,-1,1
08/23/2005 13:57:00,235,12,14,1,0,1
08/23/2005 13:58:00,235,12,15,1,-1,1
08/23/2005 13:59:00,235,12,15,0,-1,1
08/23/2005 14:00:00,235,13,13,0,-1,1
08/23/2005 14:01:00,235,12,12,-1,0,1
08/23/2005 14:02:00,235,13,11,-1,0,1
08/23/2005 14:03:00,235,14,10,0,0,1
08/23/2005 14:04:00,235,13,10,0,1,1
08/23/2005 14:05:00,235,15,9,0,1,1
08/23/2005 14:06:00,235,14,8,0,0,1
08/23/2005 14:07:00,235,14,8,0,1,1
08/23/2005 14:08:00,235,14,8,0,1,1
08/23/2005 14:09:00,235,15,8,0,1,1
08/23/2005 14:10:00,235,15,8,0,1,1
08/23/2005 14:11:00,235,15,7,0,1,1
08/23/2005 14:12:00,235,15,6,-1,1,1
08/23/2005 14:13:00,235,14,6,-1,1,1
08/23/2005 14:14:00,235,14,6,-1,0,1
08/23/2005 14:15:00,235,14,6,-1,0,1
08/23/2005 14:16:00,235,13,6,-1,1,1
08/23/2005 14:17:00,235,14,6,-1,0,1
08/23/2005 14:18:00,235,13,5,-1,0,1
08/23/2005 14:19:00,235,13,6,-1,0,1
08/23/2005 14:20:00,235,13,6,-1,0,1
08/23/2005 14:21:00,235,12,6,-1,1,1
08/23/2005 14:22:00,235,11,6,-2,1,1
08/23/2005 14:23:00,235,11,7,-2,0,1
08/23/2005 14:24:00,235,11,7,-2,0,1
08/23/2005 14:25:00,235,11,7,-2,0,1
08/23/2005 14:26:00,235,12,7,-2,0,1
08/23/2005 14:27:00,235,13,7,-2,0,1
08/23/2005 14:28:00,235,13,8,-2,-1,1
08/23/2005 14:29:00,235,14,8,-1,-1,1
08/23/2005 14:30:00,235,14,9,-2,-1,1
08/23/2005 14:31:00,235,15,9,-2,-2,1
08/23/2005 14:32:00,235,14,9,-2,-2,1
08/23/2005 14:33:00,235,13,9,-1,-2,1
08/23/2005 14:34:00,235,13,10,-2,-2,1
08/23/2005 14:35:00,235,12,10,-2,-2,1
08/23/2005 14:36:00,235,12,10,-2,-2,1
08/23/2005 14:37:00,235,12,10,-1,-3,1
08/23/2005 14:38:00,235,12,10,-1,-3,1
08/23/2005 14:39:00,235,12,9,-1,-3,1
08/23/2005 14:40:00,235,11,9,-1,-3,1
08/23/2005 14:41:00,235,10,10,-1,-3,1
08/23/2005 14:42:00,235,10,11,-1,-4,1
08/23/2005 14:43:00,235,9,11,0,-3,1
08/23/2005 14:44:00,235,9,12,0,-4,1
08/23/2005 14:45:00,235,9,13,0,-4,1
08/23/2005 14:46:00,235,8,13,0,-4,1
08/23/2005 14:47:00,235,7,14,0,-4,1
08/23/2005 14:48:00,235,7,15,0,-4,1
08/23/2005 14:49:00,235,7,15,1,-4,1
08/23/2005 14:50:00,235,7,16,1,-4,1
08/23/2005 14:51:00,235,7,17,1,-4,1
08/23/2005 14:52:00,235,7,19,1,-4,1
08/23/2005 14:53:00,235,7,20,1,-5,1
08/23/2005 14:54:00,235,8,21,1,-5,1
08/23/2005 14:55:00,235,7,21,1,-5,1
08/23/2005 14:56:00,235,8,22,1,-5,1
08/23/2005 14:57:00,235,8,22,2,-5,1
08/23/2005 14:58:00,235,8,22,2,-5,1
08/23/2005 14:59:00,235,8,21,2,-5,1
08/23/2005 15:00:00,235,8,21,2,-5,1
08/23/2005 15:01:00,235,8,20,1,-5,1
08/23/2005 15:02:00,235,8,20,1,-5,1
08/23/2005 15:03:00,235,7,18,1,-5,1
08/23/2005 15:04:00,235,7,17,1,-5,1
08/23/2005 15:05:00,235,8,16,1,-5,1
08/23/2005 15:06:00,235,8,15,1,-5,1
08/23/2005 15:07:00,235,9,14,1,-5,1
08/23/2005 15:08:00,235,9,13,1,-5,1
08/23/2005 15:09:00,235,9,10,1,-5,1
08/23/2005 15:10:00,235,8,11,1,-5,1
08/23/2005 15:11:00,235,8,10,1,-5,1
08/23/2005 15:12:00,235,9,9,1,-5,1
08/23/2005 15:13:00,235,8,10,1,-5,1
08/23/2005 15:14:00,235,7,10,1,-5,1
08/23/2005 15:15:00,235,8,9,1,-5,1
08/23/2005 15:16:00,235,8,9,1,-5,1
08/23/2005 15:17:00,235,8,9,1,-5,1
08/23/2005 15:18:00,235,8,8,1,-6,1
08/23/2005 15:19:00,235,8,8,1,-6,1
08/23/2005 15:20:00,235,9,9,1,-6,1
08/23/2005 15:21:00,235,10,9,1,-6,1
08/23/2005 15:22:00,235,11,9,1,-6,1
08/23/2005 15:23:00,235,11,9,1,-6,1
08/23/2005 15:24:00,235,12,10,1,-6,1
08/23/2005 15:25:00,235,12,11,1,-6,1
08/23/2005 15:26:00,235,13,11,1,-6,1
08/23/2005 15:27:00,235,14,10,1,-6,1
08/23/2005 15:28:00,235,14,10,1,-6,1
08/23/2005 15:29:00,235,14,11,1,-6,1
08/23/2005 15:30:00,235,14,11,1,-6,1
08/23/2005 15:31:00,235,15,11,1,-6,1
08/23/2005 15:32:00,235,16,12,1,-6,1
08/23/2005 15:33:00,235,16,12,1,-5,1
08/23/2005 15:34:00,235,16,12,0,-6,1
08/23/2005 15:35:00,235,16,12,0,-5,1
08/23/2005 15:36:00,235,16,12,0,-5,1
08/23/2005 15:37:00,235,16,11,0,-5,1
08/23/2005 15:38:00,235,17,11,0,-5,1
08/23/2005 15:39:00,235,16,11,0,-5,1
08/23/2005 15:40:00,235,16,12,0,-5,1
08/23/2005 15:41:00,235,16,11,0,-4,1
08/23/2005 15:42:00,235,16,12,0,-4,1
08/23/2005 15:43:00,235,17,11,0,-4,1
08/23/2005 15:44:00,235,17,11,0,-4,1
08/23/2005 15:45:00,235,18,12,0,-4,1
08/23/2005 15:46:00,235,18,11,0,-4,1
08/23/2005 15:47:00,235,18,11,0,-4,1
08/23/2005 15:48:00,235,18,11,0,-4,1
08/23/2005 15:49:00,235,17,11,0,-3,1
08/23/2005 15:50:00,235,17,11,0,-3,1
08/23/2005 15:51:00,235,18,11,0,-4,1
08/23/2005 15:52:00,235,17,11,-1,-3,1
08/23/2005 15:53:00,235,17,11,-1,-3,1
08/23/2005 15:54:00,235,17,11,-1,-3,1
08/23/2005 15:55:00,235,17,11,-1,-2,1
08/23/2005 15:56:00,235,17,10,-1,-2,1
08/23/2005 15:57:00,235,17,11,-1,-2,1
08/23/2005 15:58:00,235,17,10,-1,-2,1
08/23/2005 15:59:00,235,17,11,-1,-1,1
08/23/2005 16:00:00,235,17,11,-1,-1,1
08/23/2005 16:01:00,235,17,13,-1,-1,1
08/23/2005 16:02:00,235,17,14,-1,-1,1
08/23/2005 16:03:00,235,17,14,-1,-1,1
08/23/2005 16:04:00,235,17,14,-1,-1,1
08/23/2005 16:05:00,235,18,15,-2,0,1
08/23/2005 16:06:00,235,18,15,-1,0,1
08/23/2005 16:07:00,235,19,15,-2,0,1
08/23/2005 16:08:00,235,18,16,-2,0,1
08/23/2005 16:09:00,235,18,17,-2,0,1
08/23/2005 16:10:00,235,17,17,-2,0,1
08/23/2005 16:11:00,235,16,17,-2,0,1
08/23/2005 16:12:00,235,15,17,-2,0,1
08/23/2005 16:13:00,235,16,18,-2,1,1
08/23/2005 16:14:00,235,15,17,-3,1,1
08/23/2005 16:15:00,235,15,18,-3,1,1
08/23/2005 16:16:00,235,15,17,-3,1,1
08/23/2005 16:17:00,235,14,17,-3,1,1
08/23/2005 16:18:00,235,15,18,-3,1,1
08/23/2005 16:19:00,235,15,18,-3,1,1
08/23/2005 16:20:00,235,15,18,-3,1,1
08/23/2005 16:21:00,235,15,19,-3,1,1
08/23/2005 16:22:00,235,15,20,-3,1,1
08/23/2005 16:23:00,235,15,20,-3,1,1
08/23/2005 16:24:00,235,16,21,-3,2,1
08/23/2005 16:25:00,235,16,21,-3,2,1
08/23/2005 16:26:00,235,16,21,-3,2,1
08/23/2005 16:27:00,235,17,21,-3,2,1
08/23/2005 16:28:00,235,17,21,-3,2,1
08/23/2005 16:29:00,235,17,21,-3,2,1
08/23/2005 16:30:00,235,17,21,-3,3,1
08/23/2005 16:31:00,235,17,21,-3,3,1
08/23/2005 16:32:00,235,17,22,-3,3,1
08/23/2005 16:33:00,235,17,22,-3,3,1
08/23/2005 16:34:00,235,17,21,-3,3,1
08/23/2005 16:35:00,235,17,21,-3,3,1
08/23/2005 16:36:00,235,17,20,-3,4,1
08/23/2005 16:37:00,235,17,21,-3,4,1
08/23/2005 16:38:00,235,17,20,-3,4,1
08/23/2005 16:39:00,235,16,19,-3,4,1
08/23/2005 16:40:00,235,16,19,-3,4,1
08/23/2005 16:41:00,235,15,18,-3,4,1
08/23/2005 16:42:00,235,16,18,-3,5,1
08/23/2005 16:43:00,235,15,18,-3,5,1
08/23/2005 16:44:00,235,15,19,-3,5,1
08/23/2005 16:45:00,235,15,19,-3,5,1
08/23/2005 16:46:00,235,15,19,-3,5,1
08/23/2005 16:47:00,235,15,19,-3,6,1
08/23/2005 16:48:00,235,15,19,-3,5,1
08/23/2005 16:49:00,235,15,20,-3,6,1
08/23/2005 16:50:00,235,15,20,-3,6,1
08/23/2005 16:51:00,235,14,20,-3,6,1
08/23/2005 16:52:00,235,14,20,-3,6,1
08/23/2005 16:53:00,235,15,19,-3,6,1
08/23/2005 16:54:00,235,15,20,-3,6,1
08/23/2005 16:55:00,235,14,19,-3,6,1
08/23/2005 16:56:00,235,14,19,-3,6,1
08/23/2005 16:57:00,235,15,19,-3,6,1
08/23/2005 16:58:00,235,15,19,-3,5,1
08/23/2005 16:59:00,235,15,17,-3,6,1
08/23/2005 17:00:00,235,15,17,-3,5,1
08/23/2005 17:01:00,235,14,17,-3,6,1
08/23/2005 17:02:00,235,13,17,-3,6,1
08/23/2005 17:03:00,235,13,15,-3,6,1
08/23/2005 17:04:00,235,13,15,-3,6,1
08/23/2005 17:05:00,235,12,15,-3,6,1
08/23/2005 17:06:00,235,11,14,-3,6,1
08/23/2005 17:07:00,235,11,14,-3,6,1
08/23/2005 17:08:00,235,11,14,-3,6,1
08/23/2005 17:09:00,235,11,14,-3,7,1
08/23/2005 17:10:00,235,10,12,-3,7,1
08/23/2005 17:11:00,235,10,13,-3,6,1
08/23/2005 17:12:00,235,10,13,-3,7,1
08/23/2005 17:13:00,235,9,13,-3,7,1
08/23/2005 17:14:00,235,9,13,-3,7,1
08/23/2005 17:15:00,235,8,13,-3,7,1
08/23/2005 17:16:00,235,8,14,-3,7,1
08/23/2005 17:17:00,235,8,15,-3,7,1
08/23/2005 17:18:00,235,8,15,-2,7,1
08/23/2005 17:19:00,235,8,15,-2,7,1
08/23/2005 17:20:00,235,8,15,-2,7,1
08/23/2005 17:21:00,235,8,15,-2,6,1
08/23/2005 17:22:00,235,9,17,-2,6,1
08/23/2005 17:23:00,235,8,17,-2,6,1
08/23/2005 17:24:00,235,9,16,-2,6,1
08/23/2005 17:25:00,235,8,17,-2,7,1
08/23/2005 17:26:00,235,8,16,-2,7,1
08/23/2005 17:27:00,235,8,17,-2,7,1
08/23/2005 17:28:00,235,8,17,-2,7,1
08/23/2005 17:29:00,235,8,18,-2,7,1
08/23/2005 17:30:00,235,8,18,-2,7,1
08/23/2005 17:31:00,235,8,19,-2,8,1
08/23/2005 17:32:00,235,7,18,-2,8,1
08/23/2005 17:33:00,235,8,19,-1,8,1
08/23/2005 17:34:00,235,7,19,-1,8,1
08/23/2005 17:35:00,235,9,20,-1,8,1
08/23/2005 17:36:00,235,8,20,-1,8,1
08/23/2005 17:37:00,235,8,21,-1,8,1
08/23/2005 17:38:00,235,8,21,-1,9,1
08/23/2005 17:39:00,235,9,21,-1,9,1
08/23/2005 17:40:00,235,9,21,-1,8,1
08/23/2005 17:41:00,235,8,21,-1,8,1
08/23/2005 17:42:00,235,8,20,-1,8,1
08/23/2005 17:43:00,235,9,20,-1,9,1
08/23/2005 17:44:00,235,9,20,-1,9,1
08/23/2005 17:45:00,235,9,21,-1,8,1
08/23/2005 17:46:00,235,9,21,-1,8,1
08/23/2005 17:47:00,235,9,21,-1,8,1
08/23/2005 17:48:00,235,9,21,-1,9,1
08/23/2005 17:49:00,235,9,21,-1,9,1
08/23/2005 17:50:00,235,10,21,-1,9,1
08/23/2005 17:51:00,235,10,21,-1,9,1
08/23/2005 17:52:00,235,10,21,-1,9,1
08/23/2005 17:53:00,235,10,20,-1,9,1
08/23/2005 17:54:00,235,11,19,-1,9,1
08/23/2005 17:55:00,235,12,20,-1,10,1
08/23/2005 17:56:00,235,12,20,-1,10,1
08/23/2005 17:57:00,235,13,20,-1,10,1
08/23/2005 17:58:00,235,13,20,-1,10,1
08/23/2005 17:59:00,235,13,20,-1,9,1
08/23/2005 18:00:00,235,13,21,-1,9,1
08/23/2005 18:01:00,235,14,21,-1,10,1
08/23/2005 18:02:00,235,14,20,-1,10,1
08/23/2005 18:03:00,235,14,21,-1,10,1
08/23/2005 18:04:00,235,16,21,-1,10,1
08/23/2005 18:05:00,235,16,22,-1,10,1
08/23/2005 18:06:00,235,16,22,-1,10,1
08/23/2005 18:07:00,235,16,22,-1,11,1
08/23/2005 18:08:00,235,16,23,-1,10,1
08/23/2005 18:09:00,235,16,23,-2,11,1
08/23/2005 18:10:00,235,18,24,-1,11,1
08/23/2005 18:11:00,235,18,23,-2,11,1
08/23/2005 18:12:00,235,18,24,-2,11,1
08/23/2005 18:13:00,235,18,23,-2,11,1
08/23/2005 18:14:00,235,18,24,-2,12,1
08/23/2005 18:15:00,235,19,23,-2,11,1
08/23/2005 18:16:00,235,20,24,-2,11,1
08/23/2005 18:17:00,235,20,24,-2,11,1
08/23/2005 18:18:00,235,20,24,-2,11,1
08/23/2005 18:19:00,235,20,25,-2,12,1
08/23/2005 18:20:00,235,20,24,-2,11,1
08/23/2005 18:21:00,235,19,24,-2,11,1
08/23/2005 18:22:00,235,19,25,-2,11,1
08/23/2005 18:23:00,235,19,24,-2,11,1
08/23/2005 18:24:00,235,19,25,-2,11,1
08/23/2005 18:25:00,235,19,26,-3,12,1
08/23/2005 18:26:00,235,18,25,-3,12,1
08/23/2005 18:27:00,235,20,25,-3,12,1
08/23/2005 18:28:00,235,19,25,-3,11,1
08/23/2005 18:29:00,235,20,25,-3,11,1
08/23/2005 18:30:00,235,20,25,-3,11,1
08/23/2005 18:31:00,235,19,25,-3,12,1
08/23/2005 18:32:00,235,19,25,-3,11,1
08/23/2005 18:33:00,235,18,25,-2,11,1
08/23/2005 18:34:00,235,19,26,-2,11,1
08/23/2005 18:35:00,235,19,25,-2,11,1
08/23/2005 18:36:00,235,19,25,-2,11,1
08/23/2005 18:37:00,235,18,25,-2,11,1
08/23/2005 18:38:00,235,18,25,-2,11,1
08/23/2005 18:39:00,235,18,25,-2,11,1
08/23/2005 18:40:00,235,18,24,-2,11,1
08/23/2005 18:41:00,235,18,25,-2,11,1
08/23/2005 18:42:00,235,18,25,-2,11,1
08/23/2005 18:43:00,235,18,24,-2,11,1
08/23/2005 18:44:00,235,19,24,-2,11,1
08/23/2005 18:45:00,235,19,24,-2,10,1
08/23/2005 18:46:00,235,19,24,-1,10,1
08/23/2005 18:47:00,235,19,24,-1,10,1
08/23/2005 18:48:00,235,19,24,-1,10,1
08/23/2005 18:49:00,235,19,24,-1,10,1
08/23/2005 18:50:00,235,20,24,-1,10,1
08/23/2005 18:51:00,235,20,24,-1,10,1
08/23/2005 18:52:00,235,20,24,-1,11,1
08/23/2005 18:53:00,235,21,23,-1,10,1
08/23/2005 18:54:00,235,20,24,-1,10,1
08/23/2005 18:55:00,235,20,24,-1,11,1
08/23/2005 18:56:00,235,20,24,-1,10,1
08/23/2005 18:57:00,235,20,24,-1,10,1
08/23/2005 18:58:00,235,20,24,-1,10,1
08/23/2005 18:59:00,235,21,24,-1,10,1
08/23/2005 19:00:00,235,21,24,-1,10,1
08/23/2005 19:01:00,235,21,24,-1,11,1
08/23/2005 19:02:00,235,22,24,-1,11,1
08/23/2005 19:03:00,235,22,24,-1,11,1
08/23/2005 19:04:00,235,21,25,-1,11,1
08/23/2005 19:05:00,235,22,25,-1,11,1
08/23/2005 19:06:00,235,22,25,-1,11,1
08/23/2005 19:07:00,235,21,25,-1,11,1
08/23/2005 19:08:00,235,22,26,-1,11,1
08/23/2005 19:09:00,235,22,25,-1,10,1
08/23/2005 19:10:00,235,22,23,-1,10,1
08/23/2005 19:11:00,235,21,23,-1,10,1
08/23/2005 19:12:00,235,22,24,-1,10,1
08/23/2005 19:13:00,235,23,24,-1,10,1
08/23/2005 19:14:00,235,23,25,-1,10,1
08/23/2005 19:15:00,235,23,24,-1,11,1
08/23/2005 19:16:00,235,23,24,-1,11,1
08/23/2005 19:17:00,235,24,24,-1,11,1
08/23/2005 19:18:00,235,23,23,-1,10,1
08/23/2005 19:19:00,235,24,24,-1,10,1
08/23/2005 19:20:00,235,24,24,-1,10,1
08/23/2005 19:21:00,235,24,24,-1,10,1
08/23/2005 19:22:00,235,24,23,-1,10,1
08/23/2005 19:23:00,235,24,24,-1,10,1
08/23/2005 19:24:00,235,25,24,-1,10,1
08/23/2005 19:25:00,235,25,23,-1,10,1
08/23/2005 19:26:00,235,25,24,-1,10,1
08/23/2005 19:27:00,235,25,24,-1,11,1
08/23/2005 19:28:00,235,25,24,-1,10,1
08/23/2005 19:29:00,235,25,23,-1,10,1
08/23/2005 19:30:00,235,25,23,-1,10,1
08/23/2005 19:31:00,235,25,24,-1,10,1
08/23/2005 19:32:00,235,25,24,-1,11,1
08/23/2005 19:33:00,235,26,23,-1,10,1
08/23/2005 19:34:00,235,24,23,-1,10,1
08/23/2005 19:35:00,235,25,23,-1,10,1
08/23/2005 19:36:00,235,25,24,-1,10,1
08/23/2005 19:37:00,235,26,23,-1,10,1
08/23/2005 19:38:00,235,25,23,-1,10,1
08/23/2005 19:39:00,235,25,23,-1,10,1
08/23/2005 19:40:00,235,25,23,-1,10,1
08/23/2005 19:41:00,235,26,23,-1,10,1
08/23/2005 19:42:00,235,25,23,-1,10,1
08/23/2005 19:43:00,235,25,23,-1,10,1
08/23/2005 19:44:00,235,24,23,-1,10,1
08/23/2005 19:45:00,235,25,23,-1,10,1
08/23/2005 19:46:00,235,25,23,-1,10,1
08/23/2005 19:47:00,235,24,23,-1,10,1
08/23/2005 19:48:00,235,25,23,-1,10,1
08/23/2005 19:49:00,235,25,24,-1,10,1
08/23/2005 19:50:00,235,24,24,-1,10,1
08/23/2005 19:51:00,235,24,24,-1,10,1
08/23/2005 19:52:00,235,25,24,-1,10,1
08/23/2005 19:53:00,235,24,24,-1,10,1
08/23/2005 19:54:00,235,24,24,-1,10,1
08/23/2005 19:55:00,235,25,23,-1,10,1
08/23/2005 19:56:00,235,24,23,-1,10,1
08/23/2005 19:57:00,235,24,24,-1,10,1
08/23/2005 19:58:00,235,24,24,-1,10,1
08/23/2005 19:59:00,235,24,24,-1,10,1
08/23/2005 20:00:00,235,24,23,-1,10,1
08/23/2005 20:01:00,235,24,23,-1,10,1
08/23/2005 20:02:00,235,24,23,-1,10,1
08/23/2005 20:03:00,235,24,22,-1,10,1
08/23/2005 20:04:00,235,24,22,-2,10,1
08/23/2005 20:05:00,235,25,21,-2,10,1
08/23/2005 20:06:00,235,26,22,-2,10,1
08/23/2005 20:07:00,235,25,22,-2,10,1
08/23/2005 20:08:00,235,26,22,-2,10,1
08/23/2005 20:09:00,235,26,21,-2,10,1
08/23/2005 20:10:00,235,26,22,-2,11,1
08/23/2005 20:11:00,235,26,21,-2,11,1
08/23/2005 20:12:00,235,26,21,-2,11,1
08/23/2005 20:13:00,235,26,20,-2,11,1
08/23/2005 20:14:00,235,26,21,-2,12,1
08/23/2005 20:15:00,235,26,22,-2,12,1
08/23/2005 20:16:00,235,25,22,-2,12,1
08/23/2005 20:17:00,235,25,19,-2,12,1
08/23/2005 20:18:00,235,26,21,-2,14,1
08/23/2005 20:19:00,235,26,26,-2,17,1
08/23/2005 20:20:00,235,24,27,-2,18,1
08/23/2005 20:21:00,235,25,28,-2,19,1
08/23/2005 20:22:00,235,26,27,-2,20,1
08/23/2005 20:23:00,235,27,29,-3,21,1
08/23/2005 20:24:00,235,26,28,-3,21,1
08/23/2005 20:25:00,235,25,27,-3,21,1
08/23/2005 20:26:00,235,25,25,-3,21,1
08/23/2005 20:27:00,235,25,24,-3,21,1
08/23/2005 20:28:00,235,25,24,-3,21,1
08/23/2005 20:29:00,235,24,26,-2,22,1
08/23/2005 20:30:00,235,24,25,-3,23,1
08/23/2005 20:31:00,235,24,26,-3,23,1
08/23/2005 20:32:00,235,24,25,-2,23,1
08/23/2005 20:33:00,235,24,24,-2,23,1
08/23/2005 20:34:00,235,23,24,-3,23,1
08/23/2005 20:35:00,235,24,24,-3,23,1
08/23/2005 20:36:00,235,23,24,-3,23,1
08/23/2005 20:37:00,235,24,23,-3,24,1
08/23/2005 20:38:00,235,24,23,-3,24,1
08/23/2005 20:39:00,235,25,22,-3,23,1
08/23/2005 20:40:00,235,25,22,-3,24,1
08/23/2005 20:41:00,235,24,22,-3,24,1
08/23/2005 20:42:00,235,23,21,-3,24,1
08/23/2005 20:43:00,235,23,21,-3,24,1
08/23/2005 20:44:00,235,24,21,-3,24,1
08/23/2005 20:45:00,235,24,21,-3,24,1
08/23/2005 20:46:00,235,23,20,-3,23,1
08/23/2005 20:47:00,235,24,20,-3,24,1
08/23/2005 20:48:00,235,23,19,-3,23,1
08/23/2005 20:49:00,235,22,21,-3,23,1
08/23/2005 20:50:00,235,20,20,-3,22,1
08/23/2005 20:51:00,235,20,18,-3,21,1
08/23/2005 20:52:00,235,20,16,-3,20,1
08/23/2005 20:53:00,235,19,16,-3,20,1
08/23/2005 20:54:00,235,19,17,-2,19,1
08/23/2005 20:55:00,235,19,18,-2,19,1
08/23/2005 20:56:00,235,20,17,-3,19,1
08/23/2005 20:57:00,235,20,15,-3,19,1
08/23/2005 20:58:00,235,21,16,-3,19,1
08/23/2005 20:59:00,235,19,15,-3,19,1
08/23/2005 21:00:00,235,20,16,-3,19,1
08/23/2005 21:01:00,235,18,17,-3,19,1
08/23/2005 21:02:00,235,19,17,-3,20,1
08/23/2005 21:03:00,235,19,16,-3,20,1
08/23/2005 21:04:00,235,18,16,-2,21,1
08/23/2005 21:05:00,235,18,16,-3,21,1
08/23/2005 21:06:00,235,19,17,-3,22,1
08/23/2005 21:07:00,235,19,16,-3,22,1
08/23/2005 21:08:00,235,20,15,-3,21,1
08/23/2005 21:09:00,235,21,14,-3,21,1
08/23/2005 21:10:00,235,21,13,-3,22,1
08/23/2005 21:11:00,235,22,14,-3,22,1
08/23/2005 21:12:00,235,20,14,-3,23,1
08/23/2005 21:13:00,235,21,14,-3,23,1
08/23/2005 21:14:00,235,20,14,-3,23,1
08/23/2005 21:15:00,235,19,14,-3,23,1
08/23/2005 21:16:00,235,20,15,-3,22,1
08/23/2005 21:17:00,235,19,15,-3,22,1
08/23/2005 21:18:00,235,19,14,-3,22,1
08/23/2005 21:19:00,235,19,14,-3,23,1
08/23/2005 21:20:00,235,20,14,-2,23,1
08/23/2005 21:21:00,235,20,13,-3,23,1
08/23/2005 21:22:00,235,20,14,-3,24,1
08/23/2005 21:23:00,235,20,14,-3,24,1
08/23/2005 21:24:00,235,20,14,-3,24,1
08/23/2005 21:25:00,235,19,14,-3,24,1
08/23/2005 21:26:00,235,19,14,-2,24,1
08/23/2005 21:27:00,235,18,15,-2,24,1
08/23/2005 21:28:00,235,19,14,-3,24,1
08/23/2005 21:29:00,235,19,15,-2,25,1
08/23/2005 21:30:00,235,19,16,-2,25,1
08/23/2005 21:31:00,235,20,15,-2,24,1
08/23/2005 21:32:00,235,19,14,-2,24,1
08/23/2005 21:33:00,235,19,14,-2,24,1
08/23/2005 21:34:00,235,19,14,-2,25,1
08/23/2005 21:35:00,235,19,14,-2,24,1
08/23/2005 21:36:00,235,19,15,-2,24,1
08/23/2005 21:37:00,235,19,14,-2,24,1
08/23/2005 21:38:00,235,20,14,-2,24,1
08/23/2005 21:39:00,235,20,15,-2,25,1
08/23/2005 21:40:00,235,19,15,-2,25,1
08/23/2005 21:41:00,235,20,15,-2,25,1
08/23/2005 21:42:00,235,19,16,-2,24,1
08/23/2005 21:43:00,235,18,15,-2,24,1
08/23/2005 21:44:00,235,18,15,-2,24,1
08/23/2005 21:45:00,235,19,15,-2,24,1
08/23/2005 21:46:00,235,20,14,-2,23,1
08/23/2005 21:47:00,235,19,14,-2,23,1
08/23/2005 21:48:00,235,19,13,-2,23,1
08/23/2005 21:49:00,235,19,14,-2,23,1
08/23/2005 21:50:00,235,19,14,-2,22,1
08/23/2005 21:51:00,235,18,15,-2,22,1
08/23/2005 21:52:00,235,19,14,-2,22,1
08/23/2005 21:53:00,235,19,14,-2,22,1
08/23/2005 21:54:00,235,19,14,-2,22,1
08/23/2005 21:55:00,235,19,14,-2,22,1
08/23/2005 21:56:00,235,18,15,-2,22,1
08/23/2005 21:57:00,235,18,17,-1,23,1
08/23/2005 21:58:00,235,17,18,-1,23,1
08/23/2005 21:59:00,235,17,18,-1,23,1
08/23/2005 22:00:00,235,18,18,-1,23,1
08/23/2005 22:01:00,235,19,17,-1,23,1
08/23/2005 22:02:00,235,20,16,-2,22,1
08/23/2005 22:03:00,235,20,15,-2,21,1
08/23/2005 22:04:00,235,19,15,-2,21,1
08/23/2005 22:05:00,235,19,16,-2,22,1
08/23/2005 22:06:00,235,19,16,-1,22,1
08/23/2005 22:07:00,235,18,16,-1,22,1
08/23/2005 22:08:00,235,17,16,-1,23,1
08/23/2005 22:09:00,235,18,17,-1,23,1
08/23/2005 22:10:00,235,18,15,-1,23,1
08/23/2005 22:11:00,235,16,15,-1,23,1
08/23/2005 22:12:00,235,16,15,-1,23,1
08/23/2005 22:13:00,235,16,15,-1,23,1
08/23/2005 22:14:00,235,16,16,-1,23,1
08/23/2005 22:15:00,235,15,15,-1,23,1
08/23/2005 22:16:00,235,14,15,-1,23,1
08/23/2005 22:17:00,235,15,15,-1,23,1
08/23/2005 22:18:00,235,15,15,-1,23,1
08/23/2005 22:19:00,235,15,15,-1,23,1
08/23/2005 22:20:00,235,15,15,0,23,1
08/23/2005 22:21:00,235,14,15,-1,23,1
08/23/2005 22:22:00,235,14,15,0,24,1
08/23/2005 22:23:00,235,15,14,0,23,1
08/23/2005 22:24:00,235,15,14,0,23,1
08/23/2005 22:25:00,235,16,14,0,23,1
08/23/2005 22:26:00,235,16,15,0,23,1
08/23/2005 22:27:00,235,15,15,0,23,1
08/23/2005 22:28:00,235,14,15,0,23,1
08/23/2005 22:29:00,235,15,15,0,23,1
08/23/2005 22:30:00,235,15,16,0,23,1
08/23/2005 22:31:00,235,15,16,0,23,1
08/23/2005 22:32:00,235,15,15,0,23,1
08/23/2005 22:33:00,235,15,15,0,23,1
08/23/2005 22:34:00,235,14,14,0,23,1
08/23/2005 22:35:00,235,14,15,0,23,1
08/23/2005 22:36:00,235,14,16,0,23,1
08/23/2005 22:37:00,235,14,16,0,23,1
08/23/2005 22:38:00,235,15,16,0,24,1
08/23/2005 22:39:00,235,14,15,0,24,1
08/23/2005 22:40:00,235,14,16,0,24,1
08/23/2005 22:41:00,235,14,15,1,24,1
08/23/2005 22:42:00,235,14,15,1,24,1
08/23/2005 22:43:00,235,14,16,0,24,1
08/23/2005 22:44:00,235,14,15,1,24,1
08/23/2005 22:45:00,235,14,15,1,24,1
08/23/2005 22:46:00,235,13,15,1,24,1
08/23/2005 22:47:00,235,13,15,1,23,1
08/23/2005 22:48:00,235,14,16,1,23,1
08/23/2005 22:49:00,235,13,16,1,23,1
08/23/2005 22:50:00,235,13,16,1,23,1
08/23/2005 22:51:00,235,13,16,1,23,1
08/23/2005 22:52:00,235,12,15,1,24,1
08/23/2005 22:53:00,235,12,16,1,24,1
08/23/2005 22:54:00,235,13,16,1,24,1
08/23/2005 22:55:00,235,13,16,1,24,1
08/23/2005 22:56:00,235,14,16,1,24,1
08/23/2005 22:57:00,235,14,16,1,24,1
08/23/2005 22:58:00,235,13,16,1,23,1
08/23/2005 22:59:00,235,13,16,1,23,1
08/23/2005 23:00:00,235,13,16,1,23,1
08/23/2005 23:01:00,235,14,18,1,22,1
08/23/2005 23:02:00,235,14,17,1,22,1
08/23/2005 23:03:00,235,14,17,1,22,1
08/23/2005 23:04:00,235,14,17,1,22,1
08/23/2005 23:05:00,235,13,17,1,21,1
08/23/2005 23:06:00,235,13,17,1,21,1
08/23/2005 23:07:00,235,14,16,1,21,1
08/23/2005 23:08:00,235,13,18,1,20,1
08/23/2005 23:09:00,235,14,17,1,20,1
08/23/2005 23:10:00,235,14,17,1,19,1
08/23/2005 23:11:00,235,14,17,1,19,1
08/23/2005 23:12:00,235,14,16,1,18,1
08/23/2005 23:13:00,235,14,16,1,18,1
08/23/2005 23:14:00,235,14,17,1,17,1
08/23/2005 23:15:00,235,15,17,1,17,1
08/23/2005 23:16:00,235,15,17,1,17,1
08/23/2005 23:17:00,235,16,16,1,17,1
08/23/2005 23:18:00,235,16,16,1,17,1
08/23/2005 23:19:00,235,16,14,1,18,1
08/23/2005 23:20:00,235,16,13,1,18,1
08/23/2005 23:21:00,235,17,11,2,18,1
08/23/2005 23:22:00,235,18,10,2,18,1
08/23/2005 23:23:00,235,17,10,2,18,1
08/23/2005 23:24:00,235,18,10,2,18,1
08/23/2005 23:25:00,235,19,10,2,18,1
08/23/2005 23:26:00,235,19,10,2,18,1
08/23/2005 23:27:00,235,19,10,2,18,1
08/23/2005 23:28:00,235,18,11,2,18,1
08/23/2005 23:29:00,235,17,11,2,17,1
08/23/2005 23:30:00,235,17,10,2,17,1
08/23/2005 23:31:00,235,17,11,2,17,1
08/23/2005 23:32:00,235,16,11,2,17,1
08/23/2005 23:33:00,235,16,12,2,17,1
08/23/2005 23:34:00,235,16,12,2,17,1
08/23/2005 23:35:00,235,16,11,2,16,1
08/23/2005 23:36:00,235,15,11,2,16,1
08/23/2005 23:37:00,235,15,11,2,16,1
08/23/2005 23:38:00,235,15,10,2,15,1
08/23/2005 23:39:00,235,15,10,2,15,1
08/23/2005 23:40:00,235,14,10,2,14,1
08/23/2005 23:41:00,235,14,10,2,14,1
08/23/2005 23:42:00,235,14,9,2,14,1
08/23/2005 23:43:00,235,14,9,1,13,1
08/23/2005 23:44:00,235,14,8,1,13,1
08/23/2005 23:45:00,235,14,8,1,12,1
08/23/2005 23:46:00,235,14,8,1,12,1
08/23/2005 23:47:00,235,14,8,1,13,1
08/23/2005 23:48:00,235,15,8,1,12,1
08/23/2005 23:49:00,235,16,7,1,13,1
08/23/2005 23:50:00,235,17,7,1,12,1
08/23/2005 23:51:00,235,17,8,1,12,1
08/23/2005 23:52:00,235,18,7,1,12,1
08/23/2005 23:53:00,235,18,8,1,13,1
08/23/2005 23:54:00,235,18,8,1,12,1
08/23/2005 23:55:00,235,19,8,1,12,1
08/23/2005 23:56:00,235,18,8,1,12,1
08/23/2005 23:57:00,235,20,9,1,11,1
08/23/2005 23:58:00,235,20,9,1,12,1
08/23/2005 23:59:00,235,21,8,1,12,1
08/24/2005 00:00:00,236,21,8,2,12,1
08/24/2005 00:01:00,236,20,9,2,11,1
08/24/2005 00:02:00,236,20,8,2,12,1
08/24/2005 00:03:00,236,20,9,2,11,1
08/24/2005 00:04:00,236,20,9,2,11,1
08/24/2005 00:05:00,236,19,9,2,11,1
08/24/2005 00:06:00,236,19,9,2,11,1
08/24/2005 00:07:00,236,19,8,2,11,1
08/24/2005 00:08:00,236,19,8,2,11,1
08/24/2005 00:09:00,236,19,8,2,12,1
08/24/2005 00:10:00,236,18,8,2,11,1
08/24/2005 00:11:00,236,18,8,2,12,1
08/24/2005 00:12:00,236,19,8,1,12,1
08/24/2005 00:13:00,236,20,10,1,12,1
08/24/2005 00:14:00,236,20,9,1,13,1
08/24/2005 00:15:00,236,20,10,1,13,1
08/24/2005 00:16:00,236,21,10,2,13,1
08/24/2005 00:17:00,236,21,11,2,13,1
08/24/2005 00:18:00,236,24,10,2,14,1
08/24/2005 00:19:00,236,24,12,2,13,1
08/24/2005 00:20:00,236,27,13,1,13,1
08/24/2005 00:21:00,236,28,13,1,13,1
08/24/2005 00:22:00,236,28,15,1,13,1
08/24/2005 00:23:00,236,30,18,0,12,1
08/24/2005 00:24:00,236,31,18,0,12,1
08/24/2005 00:25:00,236,31,19,0,12,1
08/24/2005 00:26:00,236,31,20,0,12,1
08/24/2005 00:27:00,236,32,20,-1,12,1
08/24/2005 00:28:00,236,32,22,-1,11,1
08/24/2005 00:29:00,236,33,23,-1,11,1
08/24/2005 00:30:00,236,33,24,-1,10,1
08/24/2005 00:31:00,236,33,24,-1,10,1
08/24/2005 00:32:00,236,33,26,-1,9,1
08/24/2005 00:33:00,236,32,26,-2,9,1
08/24/2005 00:34:00,236,33,27,-1,9,1
08/24/2005 00:35:00,236,32,28,-1,9,1
08/24/2005 00:36:00,236,31,29,-1,9,1
08/24/2005 00:37:00,236,31,31,-2,9,1
08/24/2005 00:38:00,236,30,32,-2,9,1
08/24/2005 00:39:00,236,31,32,-2,9,1
08/24/2005 00:40:00,236,31,32,-2,9,1
08/24/2005 00:41:00,236,29,32,-2,8,1
08/24/2005 00:42:00,236,27,34,-2,8,1
08/24/2005 00:43:00,236,28,35,-2,7,1
08/24/2005 00:44:00,236,27,35,-2,6,1
08/24/2005 00:45:00,236,27,35,-2,6,1
08/24/2005 00:46:00,236,28,35,-2,6,1
08/24/2005 00:47:00,236,29,36,-3,5,1
08/24/2005 00:48:00,236,30,36,-3,5,1
08/24/2005 00:49:00,236,29,37,-3,6,1
08/24/2005 00:50:00,236,29,37,-3,6,1
08/24/2005 00:51:00,236,29,38,-3,7,1
08/24/2005 00:52:00,236,28,38,-3,6,1
08/24/2005 00:53:00,236,28,39,-3,6,1
08/24/2005 00:54:00,236,26,39,-2,6,1
08/24/2005 00:55:00,236,26,39,-3,6,1
08/24/2005 00:56:00,236,24,39,-2,6,1
08/24/2005 00:57:00,236,24,38,-2,6,1
08/24/2005 00:58:00,236,23,38,-2,6,1
08/24/2005 00:59:00,236,22,36,-2,6,1
08/24/2005 01:00:00,236,22,36,-2,6,1
08/24/2005 01:01:00,236,22,35,-2,6,1
08/24/2005 01:02:00,236,20,35,-2,6,1
08/24/2005 01:03:00,236,20,35,-2,6,1
08/24/2005 01:04:00,236,20,34,-2,6,1
08/24/2005 01:05:00,236,20,33,-2,6,1
08/24/2005 01:06:00,236,20,32,-2,7,1
08/24/2005 01:07:00,236,21,31,-1,7,1
08/24/2005 01:08:00,236,20,31,-2,8,1
08/24/2005 01:09:00,236,20,31,-2,8,1
08/24/2005 01:10:00,236,20,31,-2,8,1
08/24/2005 01:11:00,236,21,32,-2,8,1
08/24/2005 01:12:00,236,20,31,-2,8,1
08/24/2005 01:13:00,236,20,31,-2,8,1
08/24/2005 01:14:00,236,20,31,-2,8,1
08/24/2005 01:15:00,236,20,32,-2,8,1
08/24/2005 01:16:00,236,21,30,-2,9,1
08/24/2005 01:17:00,236,20,29,-2,9,1
08/24/2005 01:18:00,236,19,28,-2,9,1
08/24/2005 01:19:00,236,19,27,-2,10,1
08/24/2005 01:20:00,236,19,27,-2,10,1
08/24/2005 01:21:00,236,18,26,-2,11,1
08/24/2005 01:22:00,236,18,27,-2,11,1
08/24/2005 01:23:00,236,17,26,-2,12,1
08/24/2005 01:24:00,236,17,25,-2,12,1
08/24/2005 01:25:00,236,17,25,-2,12,1
08/24/2005 01:26:00,236,16,24,-2,12,1
08/24/2005 01:27:00,236,17,24,-1,12,1
08/24/2005 01:28:00,236,15,24,-2,11,1
08/24/2005 01:29:00,236,15,25,-2,12,1
08/24/2005 01:30:00,236,14,24,-1,12,1
08/24/2005 01:31:00,236,13,24,-1,12,1
08/24/2005 01:32:00,236,12,23,-1,13,1
08/24/2005 01:33:00,236,11,21,-1,13,1
08/24/2005 01:34:00,236,11,22,-1,13,1
08/24/2005 01:35:00,236,11,22,-1,13,1
08/24/2005 01:36:00,236,10,21,-1,14,1
08/24/2005 01:37:00,236,10,20,-1,14,1
08/24/2005 01:38:00,236,10,20,-1,15,1
08/24/2005 01:39:00,236,11,19,-1,15,1
08/24/2005 01:40:00,236,11,19,0,15,1
08/24/2005 01:41:00,236,12,18,0,15,1
08/24/2005 01:42:00,236,11,18,-1,15,1
08/24/2005 01:43:00,236,12,19,0,15,1
08/24/2005 01:44:00,236,12,19,-1,15,1
08/24/2005 01:45:00,236,12,18,-1,16,1
08/24/2005 01:46:00,236,11,19,-1,16,1
08/24/2005 01:47:00,236,12,19,-1,16,1
08/24/2005 01:48:00,236,12,19,-1,16,1
08/24/2005 01:49:00,236,12,19,-1,16,1
08/24/2005 01:50:00,236,12,18,0,16,1
08/24/2005 01:51:00,236,12,19,-1,15,1
08/24/2005 01:52:00,236,13,20,-1,15,1
08/24/2005 01:53:00,236,13,21,-1,14,1
08/24/2005 01:54:00,236,13,22,-1,14,1
08/24/2005 01:55:00,236,14,22,-1,14,1
08/24/2005 01:56:00,236,14,21,-1,14,1
08/24/2005 01:57:00,236,13,21,-1,14,1
08/24/2005 01:58:00,236,13,20,-1,14,1
08/24/2005 01:59:00,236,12,19,-1,14,1
08/24/2005 02:00:00,236,12,18,-1,14,1
08/24/2005 02:01:00,236,12,17,0,14,1
08/24/2005 02:02:00,236,12,17,0,14,1
08/24/2005 02:03:00,236,12,17,0,14,1
08/24/2005 02:04:00,236,12,17,1,14,1
08/24/2005 02:05:00,236,12,16,1,15,1
08/24/2005 02:06:00,236,13,16,1,15,1
08/24/2005 02:07:00,236,12,16,1,15,1
08/24/2005 02:08:00,236,13,15,1,15,1
08/24/2005 02:09:00,236,13,15,2,15,1
08/24/2005 02:10:00,236,13,15,2,15,1
08/24/2005 02:11:00,236,13,15,2,16,1
08/24/2005 02:12:00,236,13,16,2,16,1
08/24/2005 02:13:00,236,14,16,2,16,1
08/24/2005 02:14:00,236,14,16,2,17,1
08/24/2005 02:15:00,236,13,16,2,17,1
08/24/2005 02:16:00,236,14,16,2,17,1
08/24/2005 02:17:00,236,13,16,2,16,1
08/24/2005 02:18:00,236,14,16,2,17,1
08/24/2005 02:19:00,236,14,16,2,16,1
08/24/2005 02:20:00,236,14,16,2,16,1
08/24/2005 02:21:00,236,15,16,2,16,1
08/24/2005 02:22:00,236,15,17,2,16,1
08/24/2005 02:23:00,236,14,17,2,16,1
08/24/2005 02:24:00,236,14,17,2,15,1
08/24/2005 02:25:00,236,15,17,2,15,1
08/24/2005 02:26:00,236,14,18,2,15,1
08/24/2005 02:27:00,236,14,18,2,15,1
08/24/2005 02:28:00,236,14,19,2,14,1
08/24/2005 02:29:00,236,14,19,2,14,1
08/24/2005 02:30:00,236,14,19,2,14,1
08/24/2005 02:31:00,236,14,19,1,14,1
08/24/2005 02:32:00,236,14,19,1,14,1
08/24/2005 02:33:00,236,14,19,2,14,1
08/24/2005 02:34:00,236,14,19,2,15,1
08/24/2005 02:35:00,236,14,20,1,15,1
08/24/2005 02:36:00,236,14,19,2,15,1
08/24/2005 02:37:00,236,15,19,2,16,1
08/24/2005 02:38:00,236,16,18,2,17,1
08/24/2005 02:39:00,236,16,18,2,17,1
08/24/2005 02:40:00,236,16,18,2,16,1
08/24/2005 02:41:00,236,17,19,2,16,1
08/24/2005 02:42:00,236,16,19,2,16,1
08/24/2005 02:43:00,236,17,19,2,16,1
08/24/2005 02:44:00,236,17,18,2,16,1
08/24/2005 02:45:00,236,17,19,2,17,1
08/24/2005 02:46:00,236,17,18,2,17,1
08/24/2005 02:47:00,236,18,18,2,17,1
08/24/2005 02:48:00,236,19,18,2,18,1
08/24/2005 02:49:00,236,19,18,2,18,1
08/24/2005 02:50:00,236,18,19,2,17,1
08/24/2005 02:51:00,236,17,18,2,18,1
08/24/2005 02:52:00,236,18,19,2,17,1
08/24/2005 02:53:00,236,18,18,2,17,1
08/24/2005 02:54:00,236,17,19,2,16,1
08/24/2005 02:55:00,236,15,20,2,16,1
08/24/2005 02:56:00,236,15,21,2,16,1
08/24/2005 02:57:00,236,15,21,2,16,1
08/24/2005 02:58:00,236,15,21,2,16,1
08/24/2005 02:59:00,236,16,21,2,16,1
08/24/2005 03:00:00,236,16,21,2,16,1
08/24/2005 03:01:00,236,15,21,2,17,1
08/24/2005 03:02:00,236,15,22,2,17,1
08/24/2005 03:03:00,236,16,21,3,18,1
08/24/2005 03:04:00,236,16,21,3,18,1
08/24/2005 03:05:00,236,17,21,3,17,1
08/24/2005 03:06:00,236,17,22,3,18,1
08/24/2005 03:07:00,236,17,22,3,19,1
08/24/2005 03:08:00,236,17,20,3,19,1
08/24/2005 03:09:00,236,19,20,3,19,1
08/24/2005 03:10:00,236,20,20,3,19,1
08/24/2005 03:11:00,236,18,21,3,19,1
08/24/2005 03:12:00,236,18,20,3,20,1
08/24/2005 03:13:00,236,19,19,4,20,1
08/24/2005 03:14:00,236,19,20,4,20,1
08/24/2005 03:15:00,236,19,19,4,20,1
08/24/2005 03:16:00,236,19,20,4,20,1
08/24/2005 03:17:00,236,20,20,4,19,1
08/24/2005 03:18:00,236,20,20,4,19,1
08/24/2005 03:19:00,236,20,20,4,19,1
08/24/2005 03:20:00,236,20,19,4,19,1
08/24/2005 03:21:00,236,21,19,4,18,1
08/24/2005 03:22:00,236,21,20,4,18,1
08/24/2005 03:23:00,236,20,20,5,18,1
08/24/2005 03:24:00,236,21,19,5,18,1
08/24/2005 03:25:00,236,21,19,5,18,1
08/24/2005 03:26:00,236,21,20,5,17,1
08/24/2005 03:27:00,236,21,19,5,17,1
08/24/2005 03:28:00,236,21,19,5,17,1
08/24/2005 03:29:00,236,22,20,4,17,1
08/24/2005 03:30:00,236,21,19,4,18,1
08/24/2005 03:31:00,236,21,18,5,19,1
08/24/2005 03:32:00,236,22,17,5,20,1
08/24/2005 03:33:00,236,23,16,5,21,1
08/24/2005 03:34:00,236,24,17,5,21,1
08/24/2005 03:35:00,236,24,17,5,22,1
08/24/2005 03:36:00,236,24,17,5,21,1
08/24/2005 03:37:00,236,23,17,4,21,1
08/24/2005 03:38:00,236,23,17,4,21,1
08/24/2005 03:39:00,236,23,16,4,21,1
08/24/2005 03:40:00,236,23,17,4,21,1
08/24/2005 03:41:00,236,22,17,4,21,1
08/24/2005 03:42:00,236,22,18,4,21,1
08/24/2005 03:43:00,236,22,18,3,21,1
08/24/2005 03:44:00,236,21,18,3,21,1
08/24/2005 03:45:00,236,22,19,3,21,1
08/24/2005 03:46:00,236,21,19,3,21,1
08/24/2005 03:47:00,236,21,18,3,21,1
08/24/2005 03:48:00,236,20,18,3,21,1
08/24/2005 03:49:00,236,20,18,3,21,1
08/24/2005 03:50:00,236,19,18,3,21,1
08/24/2005 03:51:00,236,19,19,3,20,1
08/24/2005 03:52:00,236,18,18,2,20,1
08/24/2005 03:53:00,236,17,19,2,19,1
08/24/2005 03:54:00,236,15,20,2,18,1
08/24/2005 03:55:00,236,15,20,2,18,1
08/24/2005 03:56:00,236,15,20,2,18,1
08/24/2005 03:57:00,236,15,20,2,18,1
08/24/2005 03:58:00,236,14,20,2,18,1
08/24/2005 03:59:00,236,13,20,2,18,1
08/24/2005 04:00:00,236,12,20,2,18,1
08/24/2005 04:01:00,236,13,19,2,18,1
08/24/2005 04:02:00,236,12,19,2,18,1
08/24/2005 04:03:00,236,12,19,2,19,1
08/24/2005 04:04:00,236,12,18,2,20,1
08/24/2005 04:05:00,236,11,17,2,20,1
08/24/2005 04:06:00,236,11,16,2,20,1
08/24/2005 04:07:00,236,11,16,2,20,1
08/24/2005 04:08:00,236,11,17,2,20,1
08/24/2005 04:09:00,236,11,17,1,20,1
08/24/2005 04:10:00,236,11,17,1,20,1
08/24/2005 04:11:00,236,11,17,1,21,1
08/24/2005 04:12:00,236,11,16,2,21,1
08/24/2005 04:13:00,236,11,15,2,22,1
08/24/2005 04:14:00,236,11,14,2,22,1
08/24/2005 04:15:00,236,11,15,1,22,1
08/24/2005 04:16:00,236,11,16,2,22,1
08/24/2005 04:17:00,236,11,16,1,23,1
08/24/2005 04:18:00,236,11,15,2,22,1
08/24/2005 04:19:00,236,11,15,2,22,1
08/24/2005 04:20:00,236,11,16,2,22,1
08/24/2005 04:21:00,236,11,15,2,22,1
08/24/2005 04:22:00,236,11,15,2,22,1
08/24/2005 04:23:00,236,11,15,2,21,1
08/24/2005 04:24:00,236,12,16,2,22,1
08/24/2005 04:25:00,236,11,17,1,23,1
08/24/2005 04:26:00,236,11,16,2,23,1
08/24/2005 04:27:00,236,11,16,1,23,1
08/24/2005 04:28:00,236,11,15,1,23,1
08/24/2005 04:29:00,236,11,15,1,23,1
08/24/2005 04:30:00,236,12,15,1,23,1
08/24/2005 04:31:00,236,11,14,1,24,1
08/24/2005 04:32:00,236,11,15,1,25,1
08/24/2005 04:33:00,236,11,15,1,26,1
08/24/2005 04:34:00,236,11,15,1,26,1
08/24/2005 04:35:00,236,12,15,1,27,1
08/24/2005 04:36:00,236,12,14,1,27,1
08/24/2005 04:37:00,236,11,13,1,27,1
08/24/2005 04:38:00,236,11,13,0,26,1
08/24/2005 04:39:00,236,11,13,0,26,1
08/24/2005 04:40:00,236,11,13,0,26,1
08/24/2005 04:41:00,236,11,13,0,26,1
08/24/2005 04:42:00,236,10,13,0,26,1
08/24/2005 04:43:00,236,11,13,0,27,1
08/24/2005 04:44:00,236,11,13,0,27,1
08/24/2005 04:45:00,236,11,13,0,28,1
08/24/2005 04:46:00,236,11,15,0,29,1
08/24/2005 04:47:00,236,11,15,0,29,1
08/24/2005 04:48:00,236,12,14,0,30,1
08/24/2005 04:49:00,236,12,13,0,30,1
08/24/2005 04:50:00,236,13,13,0,30,1
08/24/2005 04:51:00,236,12,13,0,30,1
08/24/2005 04:52:00,236,12,12,0,29,1
08/24/2005 04:53:00,236,12,12,0,29,1
08/24/2005 04:54:00,236,11,12,0,29,1
08/24/2005 04:55:00,236,12,13,0,28,1
08/24/2005 04:56:00,236,12,13,0,27,1
08/24/2005 04:57:00,236,11,13,0,25,1
08/24/2005 04:58:00,236,11,14,0,23,1
08/24/2005 04:59:00,236,11,15,0,21,1
08/24/2005 05:00:00,236,11,17,0,20,1
08/24/2005 05:01:00,236,12,17,0,19,1
08/24/2005 05:02:00,236,11,16,0,20,1
08/24/2005 05:03:00,236,11,15,0,20,1
08/24/2005 05:04:00,236,10,14,0,22,1
08/24/2005 05:05:00,236,9,13,0,23,1
08/24/2005 05:06:00,236,10,12,-1,25,1
08/24/2005 05:07:00,236,9,12,-1,25,1
08/24/2005 05:08:00,236,9,13,-1,24,1
08/24/2005 05:09:00,236,8,14,-1,23,1
08/24/2005 05:10:00,236,8,15,-1,22,1
08/24/2005 05:11:00,236,9,15,-1,22,1
08/24/2005 05:12:00,236,9,15,-1,22,1
08/24/2005 05:13:00,236,9,14,-1,22,1
08/24/2005 05:14:00,236,9,14,0,22,1
08/24/2005 05:15:00,236,9,13,-1,22,1
08/24/2005 05:16:00,236,9,13,-1,21,1
08/24/2005 05:17:00,236,9,13,-1,21,1
08/24/2005 05:18:00,236,9,13,0,21,1
08/24/2005 05:19:00,236,9,13,0,21,1
08/24/2005 05:20:00,236,9,13,0,20,1
08/24/2005 05:21:00,236,10,13,0,21,1
08/24/2005 05:22:00,236,10,12,0,20,1
08/24/2005 05:23:00,236,10,12,-1,21,1
08/24/2005 05:24:00,236,10,12,-1,21,1
08/24/2005 05:25:00,236,9,12,0,20,1
08/24/2005 05:26:00,236,10,12,0,20,1
08/24/2005 05:27:00,236,9,12,-1,20,1
08/24/2005 05:28:00,236,9,13,0,20,1
08/24/2005 05:29:00,236,9,12,-1,20,1
08/24/2005 05:30:00,236,9,13,0,19,1
08/24/2005 05:31:00,236,9,14,0,19,1
08/24/2005 05:32:00,236,8,14,0,18,1
08/24/2005 05:33:00,236,8,15,0,18,1
08/24/2005 05:34:00,236,8,16,0,17,1
08/24/2005 05:35:00,236,9,16,0,17,1
08/24/2005 05:36:00,236,8,16,0,16,1
08/24/2005 05:37:00,236,8,15,0,17,1
08/24/2005 05:38:00,236,8,16,0,16,1
08/24/2005 05:39:00,236,8,16,0,16,1
08/24/2005 05:40:00,236,8,16,0,16,1
08/24/2005 05:41:00,236,8,16,0,16,1
08/24/2005 05:42:00,236,9,15,0,16,1
08/24/2005 05:43:00,236,9,15,0,16,1
08/24/2005 05:44:00,236,9,15,0,15,1
08/24/2005 05:45:00,236,9,15,0,15,1
08/24/2005 05:46:00,236,9,15,0,16,1
08/24/2005 05:47:00,236,9,15,0,16,1
08/24/2005 05:48:00,236,9,16,0,16,1
08/24/2005 05:49:00,236,9,15,0,16,1
08/24/2005 05:50:00,236,9,15,0,15,1
08/24/2005 05:51:00,236,9,15,0,15,1
08/24/2005 05:52:00,236,8,14,0,15,1
08/24/2005 05:53:00,236,8,15,1,14,1
08/24/2005 05:54:00,236,8,15,1,13,1
08/24/2005 05:55:00,236,9,15,1,13,1
08/24/2005 05:56:00,236,8,15,1,12,1
08/24/2005 05:57:00,236,8,15,1,12,1
08/24/2005 05:58:00,236,8,14,1,13,1
08/24/2005 05:59:00,236,8,14,1,13,1
08/24/2005 06:00:00,236,8,14,1,14,1
08/24/2005 06:01:00,236,9,15,1,14,1
08/24/2005 06:02:00,236,9,16,1,15,1
08/24/2005 06:03:00,236,9,15,1,15,1
08/24/2005 06:04:00,236,9,15,1,15,1
08/24/2005 06:05:00,236,9,15,1,14,1
08/24/2005 06:06:00,236,9,15,1,14,1
08/24/2005 06:07:00,236,9,15,1,14,1
08/24/2005 06:08:00,236,10,14,1,15,1
08/24/2005 06:09:00,236,9,14,1,15,1
08/24/2005 06:10:00,236,10,13,1,15,1
08/24/2005 06:11:00,236,9,13,1,16,1
08/24/2005 06:12:00,236,10,13,1,17,1
08/24/2005 06:13:00,236,12,12,0,18,1
08/24/2005 06:14:00,236,12,15,1,20,1
08/24/2005 06:15:00,236,12,11,0,33,1
08/24/2005 06:16:00,236,10,14,0,46,1
08/24/2005 06:17:00,236,11,19,-1,52,1
08/24/2005 06:18:00,236,12,20,-2,53,1
08/24/2005 06:19:00,236,12,18,-2,51,1
08/24/2005 06:20:00,236,11,17,-2,51,1
08/24/2005 06:21:00,236,12,17,-2,52,1
08/24/2005 06:22:00,236,13,18,-2,52,1
08/24/2005 06:23:00,236,15,18,-2,53,1
08/24/2005 06:24:00,236,17,19,-2,56,1
08/24/2005 06:25:00,236,19,19,-2,56,1
08/24/2005 06:26:00,236,20,17,-2,56,1
08/24/2005 06:27:00,236,20,13,-2,57,1
08/24/2005 06:28:00,236,21,15,-2,58,1
08/24/2005 06:29:00,236,22,20,-2,59,1
08/24/2005 06:30:00,236,22,18,-2,60,1
08/24/2005 06:31:00,236,23,19,-3,61,1
08/24/2005 06:32:00,236,23,20,-3,62,1
08/24/2005 06:33:00,236,23,17,-3,62,1
08/24/2005 06:34:00,236,23,15,-3,61,1
08/24/2005 06:35:00,236,23,16,-3,61,1
08/24/2005 06:36:00,236,25,16,-3,60,1
08/24/2005 06:37:00,236,25,17,-3,60,1
08/24/2005 06:38:00,236,26,15,-3,57,1
08/24/2005 06:39:00,236,25,11,-3,56,1
08/24/2005 06:40:00,236,26,7,-3,58,1
08/24/2005 06:41:00,236,26,12,-4,61,1
08/24/2005 06:42:00,236,26,15,-3,59,1
08/24/2005 06:43:00,236,28,18,-3,58,1
08/24/2005 06:44:00,236,30,24,-3,55,1
08/24/2005 06:45:00,236,33,23,-2,50,1
08/24/2005 06:46:00,236,36,23,-2,48,1
08/24/2005 06:47:00,236,36,21,-1,48,1
08/24/2005 06:48:00,236,38,21,-2,47,1
08/24/2005 06:49:00,236,39,22,-2,47,1
08/24/2005 06:50:00,236,40,21,-2,47,1
08/24/2005 06:51:00,236,40,22,-2,46,1
08/24/2005 06:52:00,236,43,25,-2,47,1
08/24/2005 06:53:00,236,44,27,-2,49,1
08/24/2005 06:54:00,236,45,30,-3,51,1
08/24/2005 06:55:00,236,44,29,-3,50,1
08/24/2005 06:56:00,236,42,24,-3,50,1
08/24/2005 06:57:00,236,41,21,-4,48,1
08/24/2005 06:58:00,236,41,24,-4,48,1
08/24/2005 06:59:00,236,39,27,-3,46,1
08/24/2005 07:00:00,236,37,31,-3,50,1
08/24/2005 07:01:00,236,38,34,-3,51,1
08/24/2005 07:02:00,236,39,28,-3,44,1
08/24/2005 07:03:00,236,40,26,-3,43,1
08/24/2005 07:04:00,236,38,28,-4,44,1
08/24/2005 07:05:00,236,39,30,-4,46,1
08/24/2005 07:06:00,236,41,29,-4,43,1
08/24/2005 07:07:00,236,42,27,-4,37,1
08/24/2005 07:08:00,236,42,27,-4,32,1
08/24/2005 07:09:00,236,41,29,-3,30,1
08/24/2005 07:10:00,236,40,30,-4,29,1
08/24/2005 07:11:00,236,39,34,-4,33,1
08/24/2005 07:12:00,236,41,36,-5,36,1
08/24/2005 07:13:00,236,41,36,-4,29,1
08/24/2005 07:14:00,236,40,35,-4,25,1
08/24/2005 07:15:00,236,39,35,-4,25,1
08/24/2005 07:16:00,236,40,38,-3,26,1
08/24/2005 07:17:00,236,43,36,-4,26,1
08/24/2005 07:18:00,236,48,35,-4,26,1
08/24/2005 07:19:00,236,52,36,-5,26,1
08/24/2005 07:20:00,236,59,38,-6,24,1
08/24/2005 07:21:00,236,66,43,-5,24,1
08/24/2005 07:22:00,236,74,50,-5,25,1
08/24/2005 07:23:00,236,80,59,-5,26,1
08/24/2005 07:24:00,236,85,68,-3,26,1
08/24/2005 07:25:00,236,87,75,-2,28,1
08/24/2005 07:26:00,236,90,84,-2,28,1
08/24/2005 07:27:00,236,93,91,-1,28,1
08/24/2005 07:28:00,236,97,98,0,29,1
08/24/2005 07:29:00,236,98,103,-1,31,1
08/24/2005 07:30:00,236,101,114,0,31,1
08/24/2005 07:31:00,236,101,120,1,31,1
08/24/2005 07:32:00,236,101,124,2,29,1
08/24/2005 07:33:00,236,102,124,1,26,1
08/24/2005 07:34:00,236,101,125,1,24,1
08/24/2005 07:35:00,236,98,127,1,25,1
08/24/2005 07:36:00,236,95,126,0,27,1
08/24/2005 07:37:00,236,93,130,0,28,1
08/24/2005 07:38:00,236,91,129,-1,28,1
08/24/2005 07:39:00,236,87,131,-1,27,1
08/24/2005 07:40:00,236,83,129,-1,27,1
08/24/2005 07:41:00,236,82,126,-1,25,1
08/24/2005 07:42:00,236,76,126,-1,21,1
08/24/2005 07:43:00,236,72,122,-2,22,1
08/24/2005 07:44:00,236,68,123,-1,23,1
08/24/2005 07:45:00,236,65,121,-2,22,1
08/24/2005 07:46:00,236,65,121,-1,18,1
08/24/2005 07:47:00,236,64,117,-1,20,1
08/24/2005 07:48:00,236,61,116,-1,24,1
08/24/2005 07:49:00,236,59,116,-1,23,1
08/24/2005 07:50:00,236,57,112,-1,18,1
08/24/2005 07:51:00,236,59,111,0,17,1
08/24/2005 07:52:00,236,54,105,0,16,1
08/24/2005 07:53:00,236,51,107,1,15,1
08/24/2005 07:54:00,236,48,104,1,14,1
08/24/2005 07:55:00,236,48,101,1,13,1
08/24/2005 07:56:00,236,48,100,2,15,1
08/24/2005 07:57:00,236,50,98,2,14,1
08/24/2005 07:58:00,236,50,100,2,13,1
08/24/2005 07:59:00,236,49,99,2,14,1
08/24/2005 08:00:00,236,48,97,3,16,1
08/24/2005 08:01:00,236,48,95,3,16,1
08/24/2005 08:02:00,236,47,93,2,18,1
08/24/2005 08:03:00,236,50,96,3,19,1
08/24/2005 08:04:00,236,47,93,3,20,1
08/24/2005 08:05:00,236,46,92,3,20,1
08/24/2005 08:06:00,236,48,92,4,18,1
08/24/2005 08:07:00,236,49,92,5,15,1
08/24/2005 08:08:00,236,50,91,6,14,1
08/24/2005 08:09:00,236,51,91,7,14,1
08/24/2005 08:10:00,236,51,88,7,14,1
08/24/2005 08:11:00,236,49,85,7,17,1
08/24/2005 08:12:00,236,50,81,7,17,1
08/24/2005 08:13:00,236,51,83,7,15,1
08/24/2005 08:14:00,236,48,82,7,15,1
08/24/2005 08:15:00,236,46,80,7,15,1
08/24/2005 08:16:00,236,47,78,8,10,1
08/24/2005 08:17:00,236,46,84,9,3,1
08/24/2005 08:18:00,236,38,83,9,6,1
08/24/2005 08:19:00,236,38,74,9,12,1
08/24/2005 08:20:00,236,41,73,9,13,1
08/24/2005 08:21:00,236,42,71,8,15,1
08/24/2005 08:22:00,236,38,79,8,22,1
08/24/2005 08:23:00,236,42,71,6,24,1
08/24/2005 08:24:00,236,44,78,6,26,1
08/24/2005 08:25:00,236,40,79,7,27,1
08/24/2005 08:26:00,236,39,73,7,33,1
08/24/2005 08:27:00,236,42,71,7,35,1
08/24/2005 08:28:00,236,40,70,8,32,1
08/24/2005 08:29:00,236,45,78,10,15,1
08/24/2005 08:30:00,236,51,82,11,17,1
08/24/2005 08:31:00,236,52,78,13,19,1
08/24/2005 08:32:00,236,49,78,14,21,1
08/24/2005 08:33:00,236,47,79,15,23,1
08/24/2005 08:34:00,236,48,78,16,26,1
08/24/2005 08:35:00,236,48,80,17,27,1
08/24/2005 08:36:00,236,50,87,18,32,1
08/24/2005 08:37:00,236,47,84,17,41,1
08/24/2005 08:38:00,236,44,84,17,40,1
08/24/2005 08:39:00,236,44,84,17,38,1
08/24/2005 08:40:00,236,46,81,17,36,1
08/24/2005 08:41:00,236,57,87,18,39,1
08/24/2005 08:42:00,236,53,84,16,51,1
08/24/2005 08:43:00,236,50,80,16,49,1
08/24/2005 08:44:00,236,46,80,15,41,1
08/24/2005 08:45:00,236,49,74,17,24,1
08/24/2005 08:46:00,236,59,82,18,13,1
08/24/2005 08:47:00,236,67,90,17,23,1
08/24/2005 08:48:00,236,54,83,16,25,1
08/24/2005 08:49:00,236,65,76,16,17,1
08/24/2005 08:50:00,236,72,86,16,20,1
08/24/2005 08:51:00,236,68,83,15,22,1
08/24/2005 08:52:00,236,68,80,15,21,1
08/24/2005 08:53:00,236,69,76,14,23,1
08/24/2005 08:54:00,236,70,75,14,24,1
08/24/2005 08:55:00,236,70,72,14,23,1
08/24/2005 08:56:00,236,70,68,13,23,1
08/24/2005 08:57:00,236,71,66,13,19,1
08/24/2005 08:58:00,236,76,69,14,18,1
08/24/2005 08:59:00,236,76,70,14,21,1
08/24/2005 09:00:00,236,87,68,12,23,1
08/24/2005 09:01:00,236,101,89,11,65,1
08/24/2005 09:02:00,236,72,59,6,74,1
08/24/2005 09:03:00,236,77,61,6,62,1
08/24/2005 09:04:00,236,73,65,8,52,1
08/24/2005 09:05:00,236,77,68,9,54,1
08/24/2005 09:06:00,236,76,69,8,59,1
08/24/2005 09:07:00,236,75,71,9,61,1
08/24/2005 09:08:00,236,56,64,10,56,1
08/24/2005 09:09:00,236,69,64,11,35,1
08/24/2005 09:10:00,236,74,81,10,53,1
08/24/2005 09:11:00,236,53,70,10,55,1
08/24/2005 09:12:00,236,39,62,12,33,1
08/24/2005 09:13:00,236,55,75,15,15,1
08/24/2005 09:14:00,236,31,74,13,14,1
08/24/2005 09:15:00,236,32,95,16,-18,1
08/24/2005 09:16:00,236,51,97,15,-16,1
08/24/2005 09:17:00,236,47,76,11,-3,1
08/24/2005 09:18:00,236,33,65,11,-9,1
08/24/2005 09:19:00,236,35,66,12,-10,1
08/24/2005 09:20:00,236,28,63,11,-3,1
08/24/2005 09:21:00,236,25,59,10,-3,1
08/24/2005 09:22:00,236,26,61,10,-1,1
08/24/2005 09:23:00,236,26,60,10,1,1
08/24/2005 09:24:00,236,26,61,9,5,1
08/24/2005 09:25:00,236,27,61,8,8,1
08/24/2005 09:26:00,236,28,62,6,11,1
08/24/2005 09:27:00,236,29,60,6,11,1
08/24/2005 09:28:00,236,32,59,6,9,1
08/24/2005 09:29:00,236,35,58,6,8,1
08/24/2005 09:30:00,236,39,55,5,8,1
08/24/2005 09:31:00,236,43,54,4,12,1
08/24/2005 09:32:00,236,47,53,4,7,1
08/24/2005 09:33:00,236,48,50,5,3,1
08/24/2005 09:34:00,236,52,53,4,2,1
08/24/2005 09:35:00,236,54,54,4,1,1
08/24/2005 09:36:00,236,55,50,4,0,1
08/24/2005 09:37:00,236,54,51,4,-2,1
08/24/2005 09:38:00,236,54,51,4,-4,1
08/24/2005 09:39:00,236,56,55,4,-4,1
08/24/2005 09:40:00,236,57,56,4,-4,1
08/24/2005 09:41:00,236,58,47,3,-2,1
08/24/2005 09:42:00,236,58,42,2,0,1
08/24/2005 09:43:00,236,57,35,0,-1,1
08/24/2005 09:44:00,236,57,34,-2,0,1
08/24/2005 09:45:00,236,58,33,-4,2,1
08/24/2005 09:46:00,236,61,35,-6,4,1
08/24/2005 09:47:00,236,65,48,-9,6,1
08/24/2005 09:48:00,236,69,64,-11,6,1
08/24/2005 09:49:00,236,81,77,-13,5,1
08/24/2005 09:50:00,236,97,91,-15,4,1
08/24/2005 09:51:00,236,109,95,-16,4,1
08/24/2005 09:52:00,236,119,101,-16,1,1
08/24/2005 09:53:00,236,129,113,-16,4,1
08/24/2005 09:54:00,236,133,114,-16,3,1
08/24/2005 09:55:00,236,135,120,-14,-4,1
08/24/2005 09:56:00,236,137,126,-13,-10,1
08/24/2005 09:57:00,236,133,125,-12,-14,1
08/24/2005 09:58:00,236,129,125,-11,-23,1
08/24/2005 09:59:00,236,122,119,-11,-25,1
08/24/2005 10:00:00,236,121,113,-11,-27,1
08/24/2005 10:01:00,236,114,109,-10,-31,1
08/24/2005 10:02:00,236,105,103,-10,-37,1
08/24/2005 10:03:00,236,107,106,-10,-39,1
08/24/2005 10:04:00,236,104,101,-10,-46,1
08/24/2005 10:05:00,236,100,98,-9,-52,1
08/24/2005 10:06:00,236,99,98,-9,-54,1
08/24/2005 10:07:00,236,108,98,-8,-57,1
08/24/2005 10:08:00,236,122,100,-7,-57,1
08/24/2005 10:09:00,236,135,101,-8,-58,1
08/24/2005 10:10:00,236,149,102,-10,-59,1
08/24/2005 10:11:00,236,163,103,-11,-58,1
08/24/2005 10:12:00,236,178,109,-12,-57,1
08/24/2005 10:13:00,236,194,116,-15,-53,1
08/24/2005 10:14:00,236,227,137,-18,-41,1
08/24/2005 10:15:00,236,252,155,-20,-35,1
08/24/2005 10:16:00,236,268,175,-19,-31,1
08/24/2005 10:17:00,236,271,191,-17,-38,1
08/24/2005 10:18:00,236,274,199,-14,-46,1
08/24/2005 10:19:00,236,277,208,-11,-49,1
08/24/2005 10:20:00,236,293,214,-11,-52,1
08/24/2005 10:21:00,236,301,216,-10,-57,1
08/24/2005 10:22:00,236,301,215,-7,-59,1
08/24/2005 10:23:00,236,298,209,-7,-60,1
08/24/2005 10:24:00,236,303,209,-7,-62,1
08/24/2005 10:25:00,236,298,204,-6,-65,1
08/24/2005 10:26:00,236,291,206,-4,-64,1
08/24/2005 10:27:00,236,290,205,-3,-72,1
08/24/2005 10:28:00,236,284,198,-3,-80,1
08/24/2005 10:29:00,236,277,204,0,-86,1
08/24/2005 10:30:00,236,273,210,2,-84,1
08/24/2005 10:31:00,236,274,217,1,-83,1
08/24/2005 10:32:00,236,268,220,1,-83,1
08/24/2005 10:33:00,236,265,225,1,-80,1
08/24/2005 10:34:00,236,261,229,0,-82,1
08/24/2005 10:35:00,236,253,230,1,-85,1
08/24/2005 10:36:00,236,251,234,1,-87,1
08/24/2005 10:37:00,236,245,236,2,-89,1
08/24/2005 10:38:00,236,247,235,0,-93,1
08/24/2005 10:39:00,236,242,237,0,-97,1
08/24/2005 10:40:00,236,241,229,0,-103,1
08/24/2005 10:41:00,236,237,219,0,-117,1
08/24/2005 10:42:00,236,231,216,2,-124,1
08/24/2005 10:43:00,236,224,208,2,-129,1
08/24/2005 10:44:00,236,221,192,1,-134,1
08/24/2005 10:45:00,236,218,183,1,-138,1
08/24/2005 10:46:00,236,217,175,1,-139,1
08/24/2005 10:47:00,236,219,172,0,-140,1
08/24/2005 10:48:00,236,219,168,0,-141,1
08/24/2005 10:49:00,236,217,160,1,-143,1
08/24/2005 10:50:00,236,212,157,3,-145,1
08/24/2005 10:51:00,236,205,153,5,-147,1
08/24/2005 10:52:00,236,198,158,9,-150,1
08/24/2005 10:53:00,236,194,159,13,-153,1
08/24/2005 10:54:00,236,192,159,17,-157,1
08/24/2005 10:55:00,236,192,157,21,-160,1
08/24/2005 10:56:00,236,192,153,23,-163,1
08/24/2005 10:57:00,236,186,146,26,-165,1
08/24/2005 10:58:00,236,180,142,27,-165,1
08/24/2005 10:59:00,236,174,136,27,-165,1
08/24/2005 11:00:00,236,168,135,27,-165,1
08/24/2005 11:01:00,236,166,133,26,-164,1
08/24/2005 11:02:00,236,162,133,27,-164,1
08/24/2005 11:03:00,236,162,126,26,-163,1
08/24/2005 11:04:00,236,162,123,26,-161,1
08/24/2005 11:05:00,236,168,120,23,-162,1
08/24/2005 11:06:00,236,168,122,22,-163,1
08/24/2005 11:07:00,236,163,121,20,-164,1
08/24/2005 11:08:00,236,158,124,20,-166,1
08/24/2005 11:09:00,236,154,122,20,-169,1
08/24/2005 11:10:00,236,145,118,19,-170,1
08/24/2005 11:11:00,236,140,116,18,-169,1
08/24/2005 11:12:00,236,139,114,16,-173,1
08/24/2005 11:13:00,236,128,109,15,-173,1
08/24/2005 11:14:00,236,127,98,14,-167,1
08/24/2005 11:15:00,236,118,90,13,-142,1
08/24/2005 11:16:00,236,119,91,11,-136,1
08/24/2005 11:17:00,236,125,103,12,-138,1
08/24/2005 11:18:00,236,141,112,16,-146,1
08/24/2005 11:19:00,236,145,130,16,-142,1
08/24/2005 11:20:00,236,147,134,14,-146,1
08/24/2005 11:21:00,236,137,133,13,-147,1
08/24/2005 11:22:00,236,132,139,12,-150,1
08/24/2005 11:23:00,236,128,136,13,-154,1
08/24/2005 11:24:00,236,124,139,13,-154,1
08/24/2005 11:25:00,236,120,144,13,-154,1
08/24/2005 11:26:00,236,113,146,13,-154,1
08/24/2005 11:27:00,236,105,152,13,-155,1
08/24/2005 11:28:00,236,105,146,13,-155,1
08/24/2005 11:29:00,236,106,141,12,-157,1
08/24/2005 11:30:00,236,106,152,13,-149,1
08/24/2005 11:31:00,236,107,126,10,-146,1
08/24/2005 11:32:00,236,111,120,9,-145,1
08/24/2005 11:33:00,236,118,123,9,-146,1
08/24/2005 11:34:00,236,126,125,8,-147,1
08/24/2005 11:35:00,236,131,128,8,-145,1
08/24/2005 11:36:00,236,137,150,7,-141,1
08/24/2005 11:37:00,236,142,143,5,-145,1
08/24/2005 11:38:00,236,146,142,4,-147,1
08/24/2005 11:39:00,236,148,144,4,-147,1
08/24/2005 11:40:00,236,149,140,3,-146,1
08/24/2005 11:41:00,236,149,125,0,-146,1
08/24/2005 11:42:00,236,149,116,0,-148,1
08/24/2005 11:43:00,236,152,115,-1,-149,1
08/24/2005 11:44:00,236,153,111,-1,-147,1
08/24/2005 11:45:00,236,152,108,-2,-144,1
08/24/2005 11:46:00,236,147,101,-3,-143,1
08/24/2005 11:47:00,236,148,98,-3,-143,1
08/24/2005 11:48:00,236,142,96,-2,-144,1
08/24/2005 11:49:00,236,137,102,-1,-168,1
08/24/2005 11:50:00,236,155,136,4,-179,1
08/24/2005 11:51:00,236,160,167,5,-173,1
08/24/2005 11:52:00,236,140,145,3,-163,1
08/24/2005 11:53:00,236,123,97,1,-161,1
08/24/2005 11:54:00,236,118,74,2,-155,1
08/24/2005 11:55:00,236,118,63,1,-148,1
08/24/2005 11:56:00,236,123,56,2,-143,1
08/24/2005 11:57:00,236,131,43,2,-140,1
08/24/2005 11:58:00,236,146,50,2,-145,1
08/24/2005 11:59:00,236,163,58,5,-150,1
08/24/2005 12:00:00,236,175,51,8,-151,1
08/24/2005 12:01:00,236,183,44,11,-151,1
08/24/2005 12:02:00,236,189,48,13,-154,1
08/24/2005 12:03:00,236,189,52,15,-156,1
08/24/2005 12:04:00,236,186,56,17,-157,1
08/24/2005 12:05:00,236,173,58,17,-158,1
08/24/2005 12:06:00,236,163,59,17,-159,1
08/24/2005 12:07:00,236,150,57,17,-158,1
08/24/2005 12:08:00,236,142,58,16,-157,1
08/24/2005 12:09:00,236,130,55,15,-158,1
08/24/2005 12:10:00,236,129,56,14,-157,1
08/24/2005 12:11:00,236,127,56,15,-156,1
08/24/2005 12:12:00,236,126,56,14,-156,1
08/24/2005 12:13:00,236,130,60,14,-157,1
08/24/2005 12:14:00,236,135,75,14,-155,1
08/24/2005 12:15:00,236,137,79,13,-156,1
08/24/2005 12:16:00,236,136,66,12,-157,1
08/24/2005 12:17:00,236,135,55,12,-157,1
08/24/2005 12:18:00,236,130,49,10,-153,1
08/24/2005 12:19:00,236,120,49,7,-151,1
08/24/2005 12:20:00,236,115,47,6,-149,1
08/24/2005 12:21:00,236,113,47,4,-149,1
08/24/2005 12:22:00,236,111,51,4,-149,1
08/24/2005 12:23:00,236,108,56,4,-148,1
08/24/2005 12:24:00,236,107,58,3,-151,1
08/24/2005 12:25:00,236,106,56,3,-154,1
08/24/2005 12:26:00,236,104,53,2,-155,1
08/24/2005 12:27:00,236,100,49,2,-158,1
08/24/2005 12:28:00,236,99,47,3,-161,1
08/24/2005 12:29:00,236,96,46,3,-161,1
08/24/2005 12:30:00,236,93,48,3,-165,1
08/24/2005 12:31:00,236,91,54,4,-167,1
08/24/2005 12:32:00,236,92,56,4,-170,1
08/24/2005 12:33:00,236,98,50,4,-171,1
08/24/2005 12:34:00,236,105,51,4,-172,1
08/24/2005 12:35:00,236,107,53,4,-173,1
08/24/2005 12:36:00,236,107,56,6,-174,1
08/24/2005 12:37:00,236,105,66,7,-175,1
08/24/2005 12:38:00,236,99,82,8,-174,1
08/24/2005 12:39:00,236,94,100,8,-173,1
08/24/2005 12:40:00,236,95,117,9,-174,1
08/24/2005 12:41:00,236,104,128,9,-173,1
08/24/2005 12:42:00,236,112,145,9,-173,1
08/24/2005 12:43:00,236,119,158,9,-175,1
08/24/2005 12:44:00,236,123,160,10,-175,1
08/24/2005 12:45:00,236,125,160,12,-175,1
08/24/2005 12:46:00,236,123,139,14,-171,1
08/24/2005 12:47:00,236,122,130,14,-169,1
08/24/2005 12:48:00,236,122,123,14,-168,1
08/24/2005 12:49:00,236,123,116,13,-167,1
08/24/2005 12:50:00,236,126,105,13,-164,1
08/24/2005 12:51:00,236,132,106,12,-163,1
08/24/2005 12:52:00,236,131,108,11,-162,1
08/24/2005 12:53:00,236,133,106,11,-159,1
08/24/2005 12:54:00,236,123,108,11,-160,1
08/24/2005 12:55:00,236,108,104,12,-160,1
08/24/2005 12:56:00,236,105,104,11,-162,1
08/24/2005 12:57:00,236,98,110,13,-163,1
08/24/2005 12:58:00,236,96,113,13,-162,1
08/24/2005 12:59:00,236,94,111,13,-157,1
08/24/2005 13:00:00,236,95,123,14,-155,1
08/24/2005 13:01:00,236,98,131,15,-157,1
08/24/2005 13:02:00,236,96,139,15,-157,1
08/24/2005 13:03:00,236,93,151,15,-153,1
08/24/2005 13:04:00,236,89,153,15,-150,1
08/24/2005 13:05:00,236,84,160,16,-150,1
08/24/2005 13:06:00,236,82,164,17,-147,1
08/24/2005 13:07:00,236,79,164,17,-147,1
08/24/2005 13:08:00,236,75,169,16,-148,1
08/24/2005 13:09:00,236,71,183,16,-146,1
08/24/2005 13:10:00,236,65,189,16,-145,1
08/24/2005 13:11:00,236,61,191,16,-144,1
08/24/2005 13:12:00,236,60,192,15,-143,1
08/24/2005 13:13:00,236,57,192,16,-141,1
08/24/2005 13:14:00,236,52,180,15,-142,1
08/24/2005 13:15:00,236,52,185,15,-140,1
08/24/2005 13:16:00,236,53,181,14,-138,1
08/24/2005 13:17:00,236,56,175,14,-136,1
08/24/2005 13:18:00,236,56,169,14,-136,1
08/24/2005 13:19:00,236,58,166,14,-136,1
08/24/2005 13:20:00,236,59,164,14,-135,1
08/24/2005 13:21:00,236,60,165,14,-134,1
08/24/2005 13:22:00,236,60,166,14,-133,1
08/24/2005 13:23:00,236,59,159,13,-132,1
08/24/2005 13:24:00,236,57,154,13,-131,1
08/24/2005 13:25:00,236,54,151,13,-130,1
08/24/2005 13:26:00,236,51,146,12,-128,1
08/24/2005 13:27:00,236,48,139,11,-128,1
08/24/2005 13:28:00,236,49,138,11,-128,1
08/24/2005 13:29:00,236,49,138,11,-128,1
08/24/2005 13:30:00,236,49,138,12,-127,1
08/24/2005 13:31:00,236,49,139,12,-126,1
08/24/2005 13:32:00,236,48,140,12,-126,1
08/24/2005 13:33:00,236,48,143,12,-125,1
08/24/2005 13:34:00,236,47,139,12,-124,1
08/24/2005 13:35:00,236,47,132,12,-123,1
08/24/2005 13:36:00,236,46,129,11,-123,1
08/24/2005 13:37:00,236,47,127,10,-122,1
08/24/2005 13:38:00,236,49,121,10,-122,1
08/24/2005 13:39:00,236,50,116,9,-122,1
08/24/2005 13:40:00,236,50,111,9,-124,1
08/24/2005 13:41:00,236,51,112,9,-125,1
08/24/2005 13:42:00,236,55,113,9,-124,1
08/24/2005 13:43:00,236,55,104,9,-122,1
08/24/2005 13:44:00,236,54,99,9,-122,1
08/24/2005 13:45:00,236,51,100,9,-122,1
08/24/2005 13:46:00,236,51,100,9,-122,1
08/24/2005 13:47:00,236,50,101,9,-122,1
08/24/2005 13:48:00,236,50,99,9,-121,1
08/24/2005 13:49:00,236,50,93,10,-120,1
08/24/2005 13:50:00,236,51,86,9,-120,1
08/24/2005 13:51:00,236,51,85,9,-122,1
08/24/2005 13:52:00,236,53,86,8,-121,1
08/24/2005 13:53:00,236,56,81,8,-121,1
08/24/2005 13:54:00,236,55,77,8,-119,1
08/24/2005 13:55:00,236,55,70,9,-120,1
08/24/2005 13:56:00,236,56,79,9,-119,1
08/24/2005 13:57:00,236,55,82,9,-118,1
08/24/2005 13:58:00,236,53,73,9,-118,1
08/24/2005 13:59:00,236,55,70,8,-119,1
08/24/2005 14:00:00,236,57,73,8,-119,1
08/24/2005 14:01:00,236,59,73,8,-118,1
08/24/2005 14:02:00,236,58,68,8,-118,1
08/24/2005 14:03:00,236,56,65,8,-118,1
08/24/2005 14:04:00,236,57,64,8,-118,1
08/24/2005 14:05:00,236,53,68,8,-120,1
08/24/2005 14:06:00,236,53,71,8,-122,1
08/24/2005 14:07:00,236,51,80,7,-119,1
08/24/2005 14:08:00,236,47,69,8,-119,1
08/24/2005 14:09:00,236,45,71,7,-120,1
08/24/2005 14:10:00,236,42,71,7,-119,1
08/24/2005 14:11:00,236,41,70,7,-121,1
08/24/2005 14:12:00,236,44,71,6,-122,1
08/24/2005 14:13:00,236,44,67,6,-120,1
08/24/2005 14:14:00,236,48,60,7,-120,1
08/24/2005 14:15:00,236,52,56,7,-120,1
08/24/2005 14:16:00,236,52,56,7,-120,1
08/24/2005 14:17:00,236,57,54,7,-122,1
08/24/2005 14:18:00,236,62,57,7,-123,1
08/24/2005 14:19:00,236,65,60,7,-124,1
08/24/2005 14:20:00,236,68,61,8,-121,1
08/24/2005 14:21:00,236,71,56,8,-117,1
08/24/2005 14:22:00,236,70,44,8,-115,1
08/24/2005 14:23:00,236,73,42,8,-113,1
08/24/2005 14:24:00,236,76,38,8,-113,1
08/24/2005 14:25:00,236,85,36,8,-115,1
08/24/2005 14:26:00,236,92,44,10,-116,1
08/24/2005 14:27:00,236,90,47,10,-117,1
08/24/2005 14:28:00,236,86,50,10,-116,1
08/24/2005 14:29:00,236,85,46,10,-116,1
08/24/2005 14:30:00,236,83,42,10,-116,1
08/24/2005 14:31:00,236,79,40,9,-115,1
08/24/2005 14:32:00,236,80,33,9,-115,1
08/24/2005 14:33:00,236,77,31,9,-116,1
08/24/2005 14:34:00,236,73,32,9,-116,1
08/24/2005 14:35:00,236,66,40,8,-116,1
08/24/2005 14:36:00,236,64,42,8,-118,1
08/24/2005 14:37:00,236,65,46,8,-116,1
08/24/2005 14:38:00,236,77,40,10,-113,1
08/24/2005 14:39:00,236,85,38,10,-113,1
08/24/2005 14:40:00,236,84,28,11,-115,1
08/24/2005 14:41:00,236,75,30,10,-118,1
08/24/2005 14:42:00,236,67,31,10,-119,1
08/24/2005 14:43:00,236,69,27,10,-119,1
08/24/2005 14:44:00,236,72,28,11,-118,1
08/24/2005 14:45:00,236,71,27,10,-118,1
08/24/2005 14:46:00,236,68,28,10,-117,1
08/24/2005 14:47:00,236,61,31,10,-118,1
08/24/2005 14:48:00,236,57,35,9,-120,1
08/24/2005 14:49:00,236,60,38,8,-120,1
08/24/2005 14:50:00,236,61,49,8,-119,1
08/24/2005 14:51:00,236,62,51,9,-119,1
08/24/2005 14:52:00,236,62,50,10,-118,1
08/24/2005 14:53:00,236,65,44,10,-120,1
08/24/2005 14:54:00,236,64,42,9,-122,1
08/24/2005 14:55:00,236,63,45,9,-123,1
08/24/2005 14:56:00,236,61,48,8,-125,1
08/24/2005 14:57:00,236,55,51,9,-127,1
08/24/2005 14:58:00,236,52,54,8,-124,1
08/24/2005 14:59:00,236,51,49,10,-124,1
08/24/2005 15:00:00,236,47,38,10,-126,1
08/24/2005 15:01:00,236,45,37,10,-124,1
08/24/2005 15:02:00,236,43,32,10,-125,1
08/24/2005 15:03:00,236,43,22,11,-127,1
08/24/2005 15:04:00,236,44,25,11,-128,1
08/24/2005 15:05:00,236,48,27,12,-127,1
08/24/2005 15:06:00,236,50,30,13,-127,1
08/24/2005 15:07:00,236,50,40,14,-127,1
08/24/2005 15:08:00,236,51,51,14,-127,1
08/24/2005 15:09:00,236,48,55,14,-127,1
08/24/2005 15:10:00,236,48,55,14,-129,1
08/24/2005 15:11:00,236,46,56,14,-132,1
08/24/2005 15:12:00,236,44,48,13,-132,1
08/24/2005 15:13:00,236,42,41,14,-131,1
08/24/2005 15:14:00,236,39,34,14,-128,1
08/24/2005 15:15:00,236,38,38,15,-129,1
08/24/2005 15:16:00,236,34,41,15,-131,1
08/24/2005 15:17:00,236,31,38,13,-130,1
08/24/2005 15:18:00,236,36,41,14,-127,1
08/24/2005 15:19:00,236,40,48,16,-128,1
08/24/2005 15:20:00,236,39,56,16,-129,1
08/24/2005 15:21:00,236,38,54,16,-130,1
08/24/2005 15:22:00,236,34,49,16,-130,1
08/24/2005 15:23:00,236,30,38,16,-131,1
08/24/2005 15:24:00,236,30,30,16,-131,1
08/24/2005 15:25:00,236,31,28,16,-130,1
08/24/2005 15:26:00,236,31,29,15,-130,1
08/24/2005 15:27:00,236,31,27,16,-131,1
08/24/2005 15:28:00,236,31,27,15,-131,1
08/24/2005 15:29:00,236,35,37,14,-129,1
08/24/2005 15:30:00,236,37,41,15,-129,1
08/24/2005 15:31:00,236,39,41,15,-129,1
08/24/2005 15:32:00,236,41,39,14,-129,1
08/24/2005 15:33:00,236,43,40,14,-130,1
08/24/2005 15:34:00,236,44,41,13,-130,1
08/24/2005 15:35:00,236,45,43,14,-131,1
08/24/2005 15:36:00,236,47,48,13,-130,1
08/24/2005 15:37:00,236,47,49,13,-130,1
08/24/2005 15:38:00,236,47,48,14,-130,1
08/24/2005 15:39:00,236,48,49,14,-130,1
08/24/2005 15:40:00,236,49,52,13,-129,1
08/24/2005 15:41:00,236,51,54,13,-129,1
08/24/2005 15:42:00,236,51,56,14,-129,1
08/24/2005 15:43:00,236,52,56,13,-130,1
08/24/2005 15:44:00,236,52,58,13,-130,1
08/24/2005 15:45:00,236,53,58,13,-133,1
08/24/2005 15:46:00,236,54,65,13,-130,1
08/24/2005 15:47:00,236,52,60,14,-130,1
08/24/2005 15:48:00,236,51,56,14,-132,1
08/24/2005 15:49:00,236,53,59,13,-131,1
08/24/2005 15:50:00,236,57,64,14,-128,1
08/24/2005 15:51:00,236,58,57,14,-127,1
08/24/2005 15:52:00,236,59,52,14,-128,1
08/24/2005 15:53:00,236,60,48,14,-129,1
08/24/2005 15:54:00,236,62,47,14,-129,1
08/24/2005 15:55:00,236,64,48,13,-131,1
08/24/2005 15:56:00,236,64,49,13,-132,1
08/24/2005 15:57:00,236,65,48,13,-132,1
08/24/2005 15:58:00,236,65,47,12,-132,1
08/24/2005 15:59:00,236,65,42,12,-132,1
08/24/2005 16:00:00,236,66,36,11,-133,1
08/24/2005 16:01:00,236,69,35,10,-132,1
08/24/2005 16:02:00,236,71,33,10,-133,1
08/24/2005 16:03:00,236,73,35,9,-133,1
08/24/2005 16:04:00,236,73,36,8,-133,1
08/24/2005 16:05:00,236,72,36,8,-134,1
08/24/2005 16:06:00,236,73,39,8,-134,1
08/24/2005 16:07:00,236,70,39,8,-132,1
08/24/2005 16:08:00,236,68,37,9,-131,1
08/24/2005 16:09:00,236,67,32,9,-131,1
08/24/2005 16:10:00,236,66,34,8,-131,1
08/24/2005 16:11:00,236,63,33,8,-130,1
08/24/2005 16:12:00,236,60,30,8,-132,1
08/24/2005 16:13:00,236,58,34,7,-132,1
08/24/2005 16:14:00,236,57,38,8,-128,1
08/24/2005 16:15:00,236,54,38,9,-127,1
08/24/2005 16:16:00,236,49,36,9,-126,1
08/24/2005 16:17:00,236,46,33,9,-125,1
08/24/2005 16:18:00,236,49,37,9,-124,1
08/24/2005 16:19:00,236,50,38,9,-124,1
08/24/2005 16:20:00,236,51,42,10,-122,1
08/24/2005 16:21:00,236,52,43,10,-124,1
08/24/2005 16:22:00,236,52,52,9,-121,1
08/24/2005 16:23:00,236,50,50,10,-119,1
08/24/2005 16:24:00,236,52,54,9,-120,1
08/24/2005 16:25:00,236,54,60,8,-118,1
08/24/2005 16:26:00,236,52,63,9,-117,1
08/24/2005 16:27:00,236,50,65,8,-118,1
08/24/2005 16:28:00,236,51,66,8,-117,1
08/24/2005 16:29:00,236,49,66,8,-118,1
08/24/2005 16:30:00,236,50,67,8,-119,1
08/24/2005 16:31:00,236,49,67,8,-118,1
08/24/2005 16:32:00,236,47,67,7,-119,1
08/24/2005 16:33:00,236,45,68,6,-120,1
08/24/2005 16:34:00,236,47,67,5,-121,1
08/24/2005 16:35:00,236,51,65,4,-121,1
08/24/2005 16:36:00,236,52,62,4,-121,1
08/24/2005 16:37:00,236,53,59,4,-121,1
08/24/2005 16:38:00,236,54,54,4,-121,1
08/24/2005 16:39:00,236,57,50,4,-122,1
08/24/2005 16:40:00,236,55,47,4,-123,1
08/24/2005 16:41:00,236,54,46,4,-121,1
08/24/2005 16:42:00,236,53,47,4,-122,1
08/24/2005 16:43:00,236,52,46,3,-122,1
08/24/2005 16:44:00,236,54,45,3,-121,1
08/24/2005 16:45:00,236,54,43,3,-121,1
08/24/2005 16:46:00,236,54,41,3,-120,1
08/24/2005 16:47:00,236,55,38,3,-121,1
08/24/2005 16:48:00,236,56,37,3,-119,1
08/24/2005 16:49:00,236,55,35,4,-119,1
08/24/2005 16:50:00,236,53,32,4,-120,1
08/24/2005 16:51:00,236,53,29,3,-121,1
08/24/2005 16:52:00,236,55,31,3,-118,1
08/24/2005 16:53:00,236,55,31,4,-118,1
08/24/2005 16:54:00,236,55,36,4,-116,1
08/24/2005 16:55:00,236,57,37,5,-111,1
08/24/2005 16:56:00,236,52,33,7,-106,1
08/24/2005 16:57:00,236,55,37,6,-109,1
08/24/2005 16:58:00,236,62,33,6,-110,1
08/24/2005 16:59:00,236,61,43,7,-109,1
08/24/2005 17:00:00,236,54,47,8,-110,1
08/24/2005 17:01:00,236,48,45,8,-112,1
08/24/2005 17:02:00,236,43,42,8,-114,1
08/24/2005 17:03:00,236,40,36,8,-115,1
08/24/2005 17:04:00,236,37,38,8,-116,1
08/24/2005 17:05:00,236,34,39,7,-116,1
08/24/2005 17:06:00,236,32,37,7,-117,1
08/24/2005 17:07:00,236,32,37,7,-117,1
08/24/2005 17:08:00,236,29,37,8,-117,1
08/24/2005 17:09:00,236,30,37,7,-117,1
08/24/2005 17:10:00,236,29,38,7,-117,1
08/24/2005 17:11:00,236,29,35,7,-117,1
08/24/2005 17:12:00,236,30,37,7,-116,1
08/24/2005 17:13:00,236,31,38,8,-113,1
08/24/2005 17:14:00,236,31,37,8,-112,1
08/24/2005 17:15:00,236,30,38,8,-111,1
08/24/2005 17:16:00,236,32,38,8,-111,1
08/24/2005 17:17:00,236,35,42,7,-111,1
08/24/2005 17:18:00,236,36,42,8,-112,1
08/24/2005 17:19:00,236,39,42,7,-114,1
08/24/2005 17:20:00,236,40,48,8,-113,1
08/24/2005 17:21:00,236,40,43,8,-115,1
08/24/2005 17:22:00,236,41,47,9,-114,1
08/24/2005 17:23:00,236,39,44,9,-116,1
08/24/2005 17:24:00,236,41,37,9,-117,1
08/24/2005 17:25:00,236,40,36,10,-119,1
08/24/2005 17:26:00,236,38,40,9,-121,1
08/24/2005 17:27:00,236,38,37,8,-122,1
08/24/2005 17:28:00,236,38,29,8,-122,1
08/24/2005 17:29:00,236,36,30,8,-122,1
08/24/2005 17:30:00,236,36,33,9,-121,1
08/24/2005 17:31:00,236,39,35,9,-122,1
08/24/2005 17:32:00,236,40,34,9,-122,1
08/24/2005 17:33:00,236,42,33,9,-122,1
08/24/2005 17:34:00,236,44,33,9,-123,1
08/24/2005 17:35:00,236,47,29,9,-124,1
08/24/2005 17:36:00,236,50,34,9,-122,1
08/24/2005 17:37:00,236,51,40,9,-121,1
08/24/2005 17:38:00,236,52,43,9,-120,1
08/24/2005 17:39:00,236,54,46,10,-119,1
08/24/2005 17:40:00,236,55,40,9,-123,1
08/24/2005 17:41:00,236,56,43,9,-123,1
08/24/2005 17:42:00,236,55,45,9,-123,1
08/24/2005 17:43:00,236,58,43,9,-124,1
08/24/2005 17:44:00,236,58,51,9,-122,1
08/24/2005 17:45:00,236,56,52,10,-121,1
08/24/2005 17:46:00,236,58,50,9,-124,1
08/24/2005 17:47:00,236,58,52,9,-126,1
08/24/2005 17:48:00,236,57,58,9,-126,1
08/24/2005 17:49:00,236,61,55,8,-128,1
08/24/2005 17:50:00,236,62,53,8,-131,1
08/24/2005 17:51:00,236,58,55,8,-132,1
08/24/2005 17:52:00,236,54,58,8,-130,1
08/24/2005 17:53:00,236,53,54,8,-131,1
08/24/2005 17:54:00,236,54,58,9,-130,1
08/24/2005 17:55:00,236,54,58,9,-129,1
08/24/2005 17:56:00,236,57,57,8,-129,1
08/24/2005 17:57:00,236,60,58,8,-129,1
08/24/2005 17:58:00,236,62,59,7,-129,1
08/24/2005 17:59:00,236,62,61,7,-129,1
08/24/2005 18:00:00,236,63,60,7,-129,1
08/24/2005 18:01:00,236,65,60,8,-129,1
08/24/2005 18:02:00,236,68,59,7,-130,1
08/24/2005 18:03:00,236,70,61,7,-128,1
08/24/2005 18:04:00,236,69,60,8,-126,1
08/24/2005 18:05:00,236,67,58,7,-126,1
08/24/2005 18:06:00,236,65,59,7,-125,1
08/24/2005 18:07:00,236,64,63,7,-124,1
08/24/2005 18:08:00,236,64,65,7,-122,1
08/24/2005 18:09:00,236,64,67,7,-122,1
08/24/2005 18:10:00,236,63,68,7,-124,1
08/24/2005 18:11:00,236,65,72,7,-123,1
08/24/2005 18:12:00,236,65,75,9,-118,1
08/24/2005 18:13:00,236,65,75,9,-117,1
08/24/2005 18:14:00,236,63,72,8,-116,1
08/24/2005 18:15:00,236,62,69,8,-116,1
08/24/2005 18:16:00,236,65,73,9,-116,1
08/24/2005 18:17:00,236,68,77,9,-115,1
08/24/2005 18:18:00,236,69,79,9,-115,1
08/24/2005 18:19:00,236,73,78,10,-116,1
08/24/2005 18:20:00,236,74,75,10,-119,1
08/24/2005 18:21:00,236,78,77,10,-121,1
08/24/2005 18:22:00,236,80,78,10,-122,1
08/24/2005 18:23:00,236,83,80,10,-121,1
08/24/2005 18:24:00,236,85,78,10,-121,1
08/24/2005 18:25:00,236,86,78,10,-122,1
08/24/2005 18:26:00,236,89,80,10,-123,1
08/24/2005 18:27:00,236,85,81,10,-123,1
08/24/2005 18:28:00,236,81,82,10,-124,1
08/24/2005 18:29:00,236,79,81,9,-126,1
08/24/2005 18:30:00,236,76,83,9,-127,1
08/24/2005 18:31:00,236,77,91,10,-127,1
08/24/2005 18:32:00,236,82,96,10,-125,1
08/24/2005 18:33:00,236,84,108,11,-123,1
08/24/2005 18:34:00,236,85,107,11,-123,1
08/24/2005 18:35:00,236,85,104,10,-125,1
08/24/2005 18:36:00,236,83,108,9,-124,1
08/24/2005 18:37:00,236,84,112,10,-123,1
08/24/2005 18:38:00,236,82,117,10,-122,1
08/24/2005 18:39:00,236,80,115,10,-123,1
08/24/2005 18:40:00,236,80,116,10,-123,1
08/24/2005 18:41:00,236,79,116,10,-123,1
08/24/2005 18:42:00,236,76,117,9,-123,1
08/24/2005 18:43:00,236,75,122,9,-123,1
08/24/2005 18:44:00,236,74,122,7,-124,1
08/24/2005 18:45:00,236,77,127,6,-123,1
08/24/2005 18:46:00,236,78,133,6,-123,1
08/24/2005 18:47:00,236,79,129,5,-125,1
08/24/2005 18:48:00,236,82,126,4,-127,1
08/24/2005 18:49:00,236,83,126,3,-129,1
08/24/2005 18:50:00,236,85,124,3,-130,1
08/24/2005 18:51:00,236,88,127,2,-131,1
08/24/2005 18:52:00,236,93,128,2,-130,1
08/24/2005 18:53:00,236,96,126,2,-129,1
08/24/2005 18:54:00,236,99,124,2,-130,1
08/24/2005 18:55:00,236,99,121,2,-131,1
08/24/2005 18:56:00,236,100,120,2,-132,1
08/24/2005 18:57:00,236,101,119,1,-134,1
08/24/2005 18:58:00,236,103,123,1,-132,1
08/24/2005 18:59:00,236,105,126,1,-131,1
08/24/2005 19:00:00,236,106,131,1,-129,1
08/24/2005 19:01:00,236,106,132,1,-129,1
08/24/2005 19:02:00,236,110,130,0,-129,1
08/24/2005 19:03:00,236,111,129,0,-130,1
08/24/2005 19:04:00,236,112,127,0,-131,1
08/24/2005 19:05:00,236,111,125,0,-131,1
08/24/2005 19:06:00,236,110,123,0,-131,1
08/24/2005 19:07:00,236,110,124,0,-131,1
08/24/2005 19:08:00,236,110,123,0,-131,1
08/24/2005 19:09:00,236,108,123,0,-131,1
08/24/2005 19:10:00,236,107,122,0,-132,1
08/24/2005 19:11:00,236,105,118,-1,-134,1
08/24/2005 19:12:00,236,102,118,0,-135,1
08/24/2005 19:13:00,236,103,120,-1,-134,1
08/24/2005 19:14:00,236,101,121,-1,-133,1
08/24/2005 19:15:00,236,97,122,-1,-132,1
08/24/2005 19:16:00,236,97,121,-1,-132,1
08/24/2005 19:17:00,236,99,122,-1,-132,1
08/24/2005 19:18:00,236,102,123,-1,-131,1
08/24/2005 19:19:00,236,105,121,-1,-132,1
08/24/2005 19:20:00,236,108,120,-1,-133,1
08/24/2005 19:21:00,236,110,120,-2,-133,1
08/24/2005 19:22:00,236,111,119,-2,-132,1
08/24/2005 19:23:00,236,111,117,-2,-132,1
08/24/2005 19:24:00,236,107,115,-2,-136,1
08/24/2005 19:25:00,236,108,112,-2,-136,1
08/24/2005 19:26:00,236,109,112,-2,-135,1
08/24/2005 19:27:00,236,111,112,-1,-134,1
08/24/2005 19:28:00,236,113,113,-2,-134,1
08/24/2005 19:29:00,236,113,112,-2,-135,1
08/24/2005 19:30:00,236,114,112,-2,-135,1
08/24/2005 19:31:00,236,112,111,-2,-136,1
08/24/2005 19:32:00,236,109,110,-2,-136,1
08/24/2005 19:33:00,236,108,107,-2,-137,1
08/24/2005 19:34:00,236,108,106,-2,-136,1
08/24/2005 19:35:00,236,108,105,-2,-135,1
08/24/2005 19:36:00,236,109,107,-2,-134,1
08/24/2005 19:37:00,236,110,110,-2,-132,1
08/24/2005 19:38:00,236,110,110,-3,-131,1
08/24/2005 19:39:00,236,109,110,-4,-131,1
08/24/2005 19:40:00,236,104,113,-4,-129,1
08/24/2005 19:41:00,236,102,115,-4,-128,1
08/24/2005 19:42:00,236,100,114,-4,-128,1
08/24/2005 19:43:00,236,95,113,-5,-127,1
08/24/2005 19:44:00,236,92,112,-5,-126,1
08/24/2005 19:45:00,236,89,108,-6,-126,1
08/24/2005 19:46:00,236,85,105,-7,-126,1
08/24/2005 19:47:00,236,81,103,-8,-125,1
08/24/2005 19:48:00,236,80,103,-8,-123,1
08/24/2005 19:49:00,236,77,101,-9,-122,1
08/24/2005 19:50:00,236,76,102,-10,-121,1
08/24/2005 19:51:00,236,72,100,-11,-121,1
08/24/2005 19:52:00,236,69,97,-11,-120,1
08/24/2005 19:53:00,236,66,94,-11,-120,1
08/24/2005 19:54:00,236,66,93,-11,-119,1
08/24/2005 19:55:00,236,64,89,-11,-119,1
08/24/2005 19:56:00,236,62,86,-11,-119,1
08/24/2005 19:57:00,236,59,82,-11,-119,1
08/24/2005 19:58:00,236,56,81,-10,-118,1
08/24/2005 19:59:00,236,56,81,-10,-117,1
08/24/2005 20:00:00,236,57,81,-10,-116,1
08/24/2005 20:01:00,236,57,83,-9,-115,1
08/24/2005 20:02:00,236,58,85,-8,-114,1
08/24/2005 20:03:00,236,58,83,-8,-114,1
08/24/2005 20:04:00,236,57,84,-7,-113,1
08/24/2005 20:05:00,236,56,90,-7,-112,1
08/24/2005 20:06:00,236,55,91,-7,-111,1
08/24/2005 20:07:00,236,53,92,-7,-112,1
08/24/2005 20:08:00,236,54,98,-6,-110,1
08/24/2005 20:09:00,236,53,102,-6,-109,1
08/24/2005 20:10:00,236,51,104,-6,-109,1
08/24/2005 20:11:00,236,49,107,-6,-108,1
08/24/2005 20:12:00,236,44,107,-6,-109,1
08/24/2005 20:13:00,236,41,107,-6,-109,1
08/24/2005 20:14:00,236,38,109,-7,-109,1
08/24/2005 20:15:00,236,37,111,-7,-108,1
08/24/2005 20:16:00,236,36,112,-7,-108,1
08/24/2005 20:17:00,236,35,113,-8,-107,1
08/24/2005 20:18:00,236,34,113,-8,-107,1
08/24/2005 20:19:00,236,34,114,-8,-106,1
08/24/2005 20:20:00,236,34,115,-9,-105,1
08/24/2005 20:21:00,236,32,113,-9,-104,1
08/24/2005 20:22:00,236,31,113,-10,-104,1
08/24/2005 20:23:00,236,32,112,-11,-103,1
08/24/2005 20:24:00,236,35,112,-11,-103,1
08/24/2005 20:25:00,236,38,112,-11,-103,1
08/24/2005 20:26:00,236,40,109,-12,-103,1
08/24/2005 20:27:00,236,41,106,-13,-103,1
08/24/2005 20:28:00,236,42,100,-14,-104,1
08/24/2005 20:29:00,236,44,95,-15,-104,1
08/24/2005 20:30:00,236,46,93,-16,-104,1
08/24/2005 20:31:00,236,48,91,-17,-103,1
08/24/2005 20:32:00,236,48,83,-17,-104,1
08/24/2005 20:33:00,236,48,76,-18,-105,1
08/24/2005 20:34:00,236,48,72,-19,-104,1
08/24/2005 20:35:00,236,48,69,-19,-104,1
08/24/2005 20:36:00,236,48,66,-19,-103,1
08/24/2005 20:37:00,236,46,61,-20,-103,1
08/24/2005 20:38:00,236,45,59,-20,-102,1
08/24/2005 20:39:00,236,42,57,-20,-101,1
08/24/2005 20:40:00,236,40,55,-20,-99,1
08/24/2005 20:41:00,236,38,55,-20,-98,1
08/24/2005 20:42:00,236,36,55,-20,-97,1
08/24/2005 20:43:00,236,33,55,-20,-97,1
08/24/2005 20:44:00,236,30,54,-20,-97,1
08/24/2005 20:45:00,236,27,57,-19,-96,1
08/24/2005 20:46:00,236,24,60,-19,-95,1
08/24/2005 20:47:00,236,21,58,-19,-96,1
08/24/2005 20:48:00,236,18,56,-19,-97,1
08/24/2005 20:49:00,236,18,57,-19,-96,1
08/24/2005 20:50:00,236,18,60,-18,-96,1
08/24/2005 20:51:00,236,18,61,-18,-97,1
08/24/2005 20:52:00,236,17,64,-17,-95,1
08/24/2005 20:53:00,236,17,66,-17,-95,1
08/24/2005 20:54:00,236,16,67,-17,-95,1
08/24/2005 20:55:00,236,16,70,-17,-94,1
08/24/2005 20:56:00,236,16,72,-16,-94,1
08/24/2005 20:57:00,236,14,74,-16,-93,1
08/24/2005 20:58:00,236,14,76,-16,-93,1
08/24/2005 20:59:00,236,13,80,-15,-92,1
08/24/2005 21:00:00,236,15,81,-15,-92,1
08/24/2005 21:01:00,236,15,82,-15,-92,1
08/24/2005 21:02:00,236,15,82,-14,-92,1
08/24/2005 21:03:00,236,15,81,-14,-92,1
08/24/2005 21:04:00,236,13,82,-13,-91,1
08/24/2005 21:05:00,236,12,83,-13,-90,1
08/24/2005 21:06:00,236,12,85,-12,-89,1
08/24/2005 21:07:00,236,11,85,-11,-89,1
08/24/2005 21:08:00,236,13,88,-11,-88,1
08/24/2005 21:09:00,236,14,86,-11,-88,1
08/24/2005 21:10:00,236,16,86,-11,-88,1
08/24/2005 21:11:00,236,17,89,-10,-87,1
08/24/2005 21:12:00,236,16,89,-10,-87,1
08/24/2005 21:13:00,236,18,89,-9,-88,1
08/24/2005 21:14:00,236,19,90,-9,-87,1
08/24/2005 21:15:00,236,20,89,-9,-88,1
08/24/2005 21:16:00,236,21,89,-9,-88,1
08/24/2005 21:17:00,236,20,89,-9,-87,1
08/24/2005 21:18:00,236,19,88,-9,-88,1
08/24/2005 21:19:00,236,19,88,-9,-88,1
08/24/2005 21:20:00,236,19,89,-9,-87,1
08/24/2005 21:21:00,236,18,89,-9,-87,1
08/24/2005 21:22:00,236,19,89,-9,-87,1
08/24/2005 21:23:00,236,18,87,-9,-87,1
08/24/2005 21:24:00,236,18,88,-9,-86,1
08/24/2005 21:25:00,236,18,89,-8,-86,1
08/24/2005 21:26:00,236,18,90,-8,-85,1
08/24/2005 21:27:00,236,17,93,-9,-82,1
08/24/2005 21:28:00,236,16,96,-9,-81,1
08/24/2005 21:29:00,236,18,96,-9,-80,1
08/24/2005 21:30:00,236,17,98,-9,-75,1
08/24/2005 21:31:00,236,15,99,-10,-75,1
08/24/2005 21:32:00,236,13,95,-10,-78,1
08/24/2005 21:33:00,236,14,102,-9,-80,1
08/24/2005 21:34:00,236,14,103,-9,-81,1
08/24/2005 21:35:00,236,15,105,-9,-82,1
08/24/2005 21:36:00,236,17,102,-9,-82,1
08/24/2005 21:37:00,236,21,97,-9,-83,1
08/24/2005 21:38:00,236,22,100,-9,-82,1
08/24/2005 21:39:00,236,23,103,-10,-80,1
08/24/2005 21:40:00,236,24,100,-10,-80,1
08/24/2005 21:41:00,236,24,98,-10,-81,1
08/24/2005 21:42:00,236,25,94,-10,-83,1
08/24/2005 21:43:00,236,24,93,-10,-84,1
08/24/2005 21:44:00,236,24,92,-10,-86,1
08/24/2005 21:45:00,236,25,90,-10,-86,1
08/24/2005 21:46:00,236,26,86,-10,-88,1
08/24/2005 21:47:00,236,30,79,-10,-90,1
08/24/2005 21:48:00,236,31,75,-11,-93,1
08/24/2005 21:49:00,236,31,74,-11,-94,1
08/24/2005 21:50:00,236,33,76,-11,-92,1
08/24/2005 21:51:00,236,32,78,-12,-91,1
08/24/2005 21:52:00,236,27,79,-11,-89,1
08/24/2005 21:53:00,236,21,81,-11,-88,1
08/24/2005 21:54:00,236,18,84,-11,-88,1
08/24/2005 21:55:00,236,19,84,-11,-89,1
08/24/2005 21:56:00,236,19,85,-10,-89,1
08/24/2005 21:57:00,236,22,82,-11,-90,1
08/24/2005 21:58:00,236,23,83,-11,-90,1
08/24/2005 21:59:00,236,22,84,-11,-90,1
08/24/2005 22:00:00,236,21,84,-11,-90,1
08/24/2005 22:01:00,236,19,85,-10,-89,1
08/24/2005 22:02:00,236,17,89,-10,-88,1
08/24/2005 22:03:00,236,16,87,-10,-88,1
08/24/2005 22:04:00,236,17,89,-10,-88,1
08/24/2005 22:05:00,236,16,88,-10,-88,1
08/24/2005 22:06:00,236,16,86,-10,-88,1
08/24/2005 22:07:00,236,19,87,-10,-89,1
08/24/2005 22:08:00,236,20,88,-10,-88,1
08/24/2005 22:09:00,236,22,87,-10,-89,1
08/24/2005 22:10:00,236,24,83,-10,-91,1
08/24/2005 22:11:00,236,22,80,-10,-93,1
08/24/2005 22:12:00,236,23,78,-10,-94,1
08/24/2005 22:13:00,236,25,79,-10,-93,1
08/24/2005 22:14:00,236,28,80,-10,-92,1
08/24/2005 22:15:00,236,27,79,-10,-92,1
08/24/2005 22:16:00,236,28,79,-10,-91,1
08/24/2005 22:17:00,236,30,78,-11,-91,1
08/24/2005 22:18:00,236,31,77,-10,-91,1
08/24/2005 22:19:00,236,33,76,-10,-91,1
08/24/2005 22:20:00,236,35,74,-10,-91,1
08/24/2005 22:21:00,236,35,74,-10,-91,1
08/24/2005 22:22:00,236,36,73,-10,-92,1
08/24/2005 22:23:00,236,38,73,-10,-92,1
08/24/2005 22:24:00,236,38,73,-11,-91,1
08/24/2005 22:25:00,236,36,72,-10,-91,1
08/24/2005 22:26:00,236,36,71,-10,-92,1
08/24/2005 22:27:00,236,40,71,-10,-92,1
08/24/2005 22:28:00,236,44,71,-10,-91,1
08/24/2005 22:29:00,236,45,71,-11,-91,1
08/24/2005 22:30:00,236,46,71,-11,-90,1
08/24/2005 22:31:00,236,46,71,-11,-90,1
08/24/2005 22:32:00,236,47,70,-11,-90,1
08/24/2005 22:33:00,236,46,69,-11,-90,1
08/24/2005 22:34:00,236,47,68,-11,-90,1
08/24/2005 22:35:00,236,49,66,-11,-91,1
08/24/2005 22:36:00,236,49,64,-11,-91,1
08/24/2005 22:37:00,236,48,61,-12,-92,1
08/24/2005 22:38:00,236,47,59,-12,-92,1
08/24/2005 22:39:00,236,46,58,-12,-93,1
08/24/2005 22:40:00,236,47,59,-12,-92,1
08/24/2005 22:41:00,236,47,59,-12,-92,1
08/24/2005 22:42:00,236,46,60,-12,-92,1
08/24/2005 22:43:00,236,46,59,-12,-92,1
08/24/2005 22:44:00,236,47,59,-12,-92,1
08/24/2005 22:45:00,236,47,57,-12,-92,1
08/24/2005 22:46:00,236,44,58,-12,-93,1
08/24/2005 22:47:00,236,45,59,-11,-92,1
08/24/2005 22:48:00,236,48,58,-12,-92,1
08/24/2005 22:49:00,236,46,59,-12,-91,1
08/24/2005 22:50:00,236,44,59,-12,-91,1
08/24/2005 22:51:00,236,45,57,-12,-93,1
08/24/2005 22:52:00,236,47,58,-12,-94,1
08/24/2005 22:53:00,236,51,58,-12,-95,1
08/24/2005 22:54:00,236,53,59,-12,-96,1
08/24/2005 22:55:00,236,53,59,-13,-96,1
08/24/2005 22:56:00,236,53,61,-13,-96,1
08/24/2005 22:57:00,236,53,61,-13,-97,1
08/24/2005 22:58:00,236,52,62,-14,-97,1
08/24/2005 22:59:00,236,52,61,-14,-97,1
08/24/2005 23:00:00,236,53,60,-14,-97,1
08/24/2005 23:01:00,236,52,62,-14,-98,1
08/24/2005 23:02:00,236,52,62,-14,-98,1
08/24/2005 23:03:00,236,53,63,-14,-99,1
08/24/2005 23:04:00,236,53,63,-14,-99,1
08/24/2005 23:05:00,236,52,63,-14,-99,1
08/24/2005 23:06:00,236,52,64,-14,-99,1
08/24/2005 23:07:00,236,51,64,-14,-99,1
08/24/2005 23:08:00,236,49,65,-14,-100,1
08/24/2005 23:09:00,236,48,64,-13,-100,1
08/24/2005 23:10:00,236,47,64,-13,-100,1
08/24/2005 23:11:00,236,45,64,-13,-100,1
08/24/2005 23:12:00,236,45,64,-13,-99,1
08/24/2005 23:13:00,236,46,65,-12,-100,1
08/24/2005 23:14:00,236,43,65,-12,-99,1
08/24/2005 23:15:00,236,45,66,-12,-99,1
08/24/2005 23:16:00,236,47,65,-12,-99,1
08/24/2005 23:17:00,236,45,65,-12,-99,1
08/24/2005 23:18:00,236,44,64,-12,-99,1
08/24/2005 23:19:00,236,44,64,-13,-99,1
08/24/2005 23:20:00,236,45,64,-13,-99,1
08/24/2005 23:21:00,236,44,64,-12,-99,1
08/24/2005 23:22:00,236,44,65,-12,-99,1
08/24/2005 23:23:00,236,44,65,-12,-99,1
08/24/2005 23:24:00,236,46,65,-13,-99,1
08/24/2005 23:25:00,236,46,67,-13,-100,1
08/24/2005 23:26:00,236,45,66,-13,-100,1
08/24/2005 23:27:00,236,46,66,-13,-100,1
08/24/2005 23:28:00,236,45,66,-13,-100,1
08/24/2005 23:29:00,236,45,66,-13,-100,1
08/24/2005 23:30:00,236,45,65,-13,-100,1
08/24/2005 23:31:00,236,45,66,-13,-101,1
08/24/2005 23:32:00,236,46,66,-13,-100,1
08/24/2005 23:33:00,236,45,66,-13,-100,1
08/24/2005 23:34:00,236,45,66,-13,-101,1
08/24/2005 23:35:00,236,45,66,-13,-101,1
08/24/2005 23:36:00,236,45,67,-13,-101,1
08/24/2005 23:37:00,236,44,66,-13,-101,1
08/24/2005 23:38:00,236,43,64,-13,-102,1
08/24/2005 23:39:00,236,44,65,-12,-103,1
08/24/2005 23:40:00,236,44,66,-12,-103,1
08/24/2005 23:41:00,236,44,67,-12,-102,1
08/24/2005 23:42:00,236,44,66,-12,-102,1
08/24/2005 23:43:00,236,42,67,-11,-102,1
08/24/2005 23:44:00,236,43,67,-11,-102,1
08/24/2005 23:45:00,236,41,66,-11,-102,1
08/24/2005 23:46:00,236,41,66,-11,-102,1
08/24/2005 23:47:00,236,40,66,-10,-102,1
08/24/2005 23:48:00,236,39,67,-10,-101,1
08/24/2005 23:49:00,236,37,67,-10,-100,1
08/24/2005 23:50:00,236,35,65,-10,-99,1
08/24/2005 23:51:00,236,33,65,-10,-99,1
08/24/2005 23:52:00,236,34,65,-10,-99,1
08/24/2005 23:53:00,236,34,66,-10,-99,1
08/24/2005 23:54:00,236,35,68,-10,-98,1
08/24/2005 23:55:00,236,37,69,-10,-99,1
08/24/2005 23:56:00,236,38,69,-10,-100,1
08/24/2005 23:57:00,236,40,71,-10,-100,1
08/24/2005 23:58:00,236,41,71,-10,-100,1
08/24/2005 23:59:00,236,41,71,-10,-100,1
