DateTime,DOY,ASY_D,ASY_H,SYM_D,SYM_H,Location
10/12/2016 00:00:00,286,12,13,-1,-4,1
10/12/2016 00:01:00,286,12,13,-1,-4,1
10/12/2016 00:02:00,286,12,14,-1,-4,1
10/12/2016 00:03:00,286,12,14,-2,-4,1
10/12/2016 00:04:00,286,12,14,-2,-4,1
10/12/2016 00:05:00,286,12,14,-2,-4,1
10/12/2016 00:06:00,286,11,13,-1,-3,1
10/12/2016 00:07:00,286,11,13,-1,-3,1
10/12/2016 00:08:00,286,11,13,-1,-3,1
10/12/2016 00:09:00,286,11,13,-1,-3,1
10/12/2016 00:10:00,286,11,13,-1,-3,1
10/12/2016 00:11:00,286,10,13,-1,-3,1
10/12/2016 00:12:00,286,10,14,-1,-3,1
10/12/2016 00:13:00,286,10,13,-1,-3,1
10/12/2016 00:14:00,286,10,14,-1,-3,1
10/12/2016 00:15:00,286,10,13,-1,-3,1
10/12/2016 00:16:00,286,10,13,-1,-4,1
10/12/2016 00:17:00,286,10,13,-1,-3,1
10/12/2016 00:18:00,286,10,13,-1,-3,1
10/12/2016 00:19:00,286,11,14,-1,-4,1
10/12/2016 00:20:00,286,11,13,-1,-4,1
10/12/2016 00:21:00,286,11,13,-1,-4,1
10/12/2016 00:22:00,286,11,13,-1,-4,1
10/12/2016 00:23:00,286,11,13,-1,-4,1
10/12/2016 00:24:00,286,10,13,-1,-4,1
10/12/2016 00:25:00,286,10,12,-1,-4,1
10/12/2016 00:26:00,286,10,12,-1,-4,1
10/12/2016 00:27:00,286,10,13,-1,-4,1
10/12/2016 00:28:00,286,11,12,-1,-4,1
10/12/2016 00:29:00,286,11,12,-1,-4,1
10/12/2016 00:30:00,286,11,13,-1,-4,1
10/12/2016 00:31:00,286,11,12,-1,-3,1
10/12/2016 00:32:00,286,12,13,-1,-3,1
10/12/2016 00:33:00,286,12,12,-1,-3,1
10/12/2016 00:34:00,286,12,12,-1,-3,1
10/12/2016 00:35:00,286,11,12,-1,-2,1
10/12/2016 00:36:00,286,11,11,-1,-2,1
10/12/2016 00:37:00,286,12,12,-1,-2,1
10/12/2016 00:38:00,286,12,11,-1,-2,1
10/12/2016 00:39:00,286,11,12,-1,-2,1
10/12/2016 00:40:00,286,11,12,-1,-3,1
10/12/2016 00:41:00,286,11,12,-1,-3,1
10/12/2016 00:42:00,286,12,12,-1,-2,1
10/12/2016 00:43:00,286,11,11,0,-2,1
10/12/2016 00:44:00,286,12,11,0,-2,1
10/12/2016 00:45:00,286,12,11,0,-2,1
10/12/2016 00:46:00,286,12,11,0,-2,1
10/12/2016 00:47:00,286,12,10,0,-2,1
10/12/2016 00:48:00,286,12,11,0,-3,1
10/12/2016 00:49:00,286,12,10,0,-3,1
10/12/2016 00:50:00,286,13,11,0,-3,1
10/12/2016 00:51:00,286,14,11,0,-3,1
10/12/2016 00:52:00,286,14,11,0,-3,1
10/12/2016 00:53:00,286,15,11,0,-3,1
10/12/2016 00:54:00,286,15,11,0,-4,1
10/12/2016 00:55:00,286,16,12,0,-4,1
10/12/2016 00:56:00,286,16,12,0,-4,1
10/12/2016 00:57:00,286,16,11,0,-4,1
10/12/2016 00:58:00,286,15,11,0,-4,1
10/12/2016 00:59:00,286,15,11,0,-4,1
10/12/2016 01:00:00,286,15,11,0,-4,1
10/12/2016 01:01:00,286,15,11,0,-4,1
10/12/2016 01:02:00,286,16,11,0,-4,1
10/12/2016 01:03:00,286,16,11,0,-4,1
10/12/2016 01:04:00,286,16,11,0,-4,1
10/12/2016 01:05:00,286,15,11,0,-4,1
10/12/2016 01:06:00,286,17,10,0,-4,1
10/12/2016 01:07:00,286,17,10,0,-3,1
10/12/2016 01:08:00,286,17,11,1,-3,1
10/12/2016 01:09:00,286,18,11,0,-3,1
10/12/2016 01:10:00,286,18,11,0,-3,1
10/12/2016 01:11:00,286,18,11,1,-3,1
10/12/2016 01:12:00,286,17,10,0,-2,1
10/12/2016 01:13:00,286,18,11,0,-2,1
10/12/2016 01:14:00,286,18,11,0,-2,1
10/12/2016 01:15:00,286,18,10,1,-2,1
10/12/2016 01:16:00,286,16,9,1,-2,1
10/12/2016 01:17:00,286,15,9,1,-2,1
10/12/2016 01:18:00,286,15,10,1,-1,1
10/12/2016 01:19:00,286,16,10,1,-1,1
10/12/2016 01:20:00,286,17,10,1,-1,1
10/12/2016 01:21:00,286,17,10,1,-1,1
10/12/2016 01:22:00,286,15,8,1,-1,1
10/12/2016 01:23:00,286,14,8,1,-1,1
10/12/2016 01:24:00,286,13,8,1,-1,1
10/12/2016 01:25:00,286,13,8,1,-1,1
10/12/2016 01:26:00,286,15,9,1,-1,1
10/12/2016 01:27:00,286,16,10,1,-1,1
10/12/2016 01:28:00,286,17,9,1,-1,1
10/12/2016 01:29:00,286,16,9,1,-1,1
10/12/2016 01:30:00,286,15,9,1,-1,1
10/12/2016 01:31:00,286,16,9,1,-1,1
10/12/2016 01:32:00,286,17,10,1,-2,1
10/12/2016 01:33:00,286,17,10,1,-1,1
10/12/2016 01:34:00,286,17,10,1,-1,1
10/12/2016 01:35:00,286,17,10,1,-1,1
10/12/2016 01:36:00,286,16,8,1,-1,1
10/12/2016 01:37:00,286,16,8,1,-1,1
10/12/2016 01:38:00,286,16,8,1,-1,1
10/12/2016 01:39:00,286,15,8,1,-1,1
10/12/2016 01:40:00,286,16,8,1,-1,1
10/12/2016 01:41:00,286,15,8,1,-1,1
10/12/2016 01:42:00,286,15,8,1,-1,1
10/12/2016 01:43:00,286,16,9,1,-1,1
10/12/2016 01:44:00,286,16,9,1,-1,1
10/12/2016 01:45:00,286,16,8,1,-1,1
10/12/2016 01:46:00,286,17,9,1,-1,1
10/12/2016 01:47:00,286,17,9,1,-2,1
10/12/2016 01:48:00,286,17,8,1,-2,1
10/12/2016 01:49:00,286,17,8,1,-2,1
10/12/2016 01:50:00,286,16,8,1,-2,1
10/12/2016 01:51:00,286,16,9,1,-2,1
10/12/2016 01:52:00,286,15,9,1,-2,1
10/12/2016 01:53:00,286,16,8,1,-2,1
10/12/2016 01:54:00,286,15,8,1,-2,1
10/12/2016 01:55:00,286,16,8,1,-3,1
10/12/2016 01:56:00,286,15,9,1,-3,1
10/12/2016 01:57:00,286,15,8,1,-3,1
10/12/2016 01:58:00,286,15,10,1,-3,1
10/12/2016 01:59:00,286,17,10,1,-4,1
10/12/2016 02:00:00,286,18,11,1,-4,1
10/12/2016 02:01:00,286,17,10,1,-4,1
10/12/2016 02:02:00,286,17,10,1,-4,1
10/12/2016 02:03:00,286,17,9,1,-4,1
10/12/2016 02:04:00,286,16,10,1,-4,1
10/12/2016 02:05:00,286,17,10,1,-4,1
10/12/2016 02:06:00,286,18,11,1,-4,1
10/12/2016 02:07:00,286,19,11,1,-4,1
10/12/2016 02:08:00,286,18,12,1,-4,1
10/12/2016 02:09:00,286,19,12,1,-4,1
10/12/2016 02:10:00,286,18,12,1,-4,1
10/12/2016 02:11:00,286,18,11,1,-5,1
10/12/2016 02:12:00,286,18,11,1,-5,1
10/12/2016 02:13:00,286,18,11,1,-5,1
10/12/2016 02:14:00,286,18,12,1,-5,1
10/12/2016 02:15:00,286,18,13,1,-5,1
10/12/2016 02:16:00,286,18,12,1,-5,1
10/12/2016 02:17:00,286,19,14,1,-5,1
10/12/2016 02:18:00,286,19,13,1,-6,1
10/12/2016 02:19:00,286,18,13,1,-5,1
10/12/2016 02:20:00,286,18,13,1,-5,1
10/12/2016 02:21:00,286,18,14,1,-5,1
10/12/2016 02:22:00,286,19,14,1,-5,1
10/12/2016 02:23:00,286,19,13,1,-5,1
10/12/2016 02:24:00,286,18,13,1,-5,1
10/12/2016 02:25:00,286,19,12,1,-5,1
10/12/2016 02:26:00,286,18,13,1,-6,1
10/12/2016 02:27:00,286,18,13,1,-5,1
10/12/2016 02:28:00,286,18,13,1,-5,1
10/12/2016 02:29:00,286,17,13,1,-5,1
10/12/2016 02:30:00,286,17,12,1,-5,1
10/12/2016 02:31:00,286,16,12,1,-5,1
10/12/2016 02:32:00,286,15,12,1,-5,1
10/12/2016 02:33:00,286,16,13,1,-5,1
10/12/2016 02:34:00,286,17,13,1,-6,1
10/12/2016 02:35:00,286,17,13,1,-6,1
10/12/2016 02:36:00,286,17,12,1,-6,1
10/12/2016 02:37:00,286,17,14,1,-6,1
10/12/2016 02:38:00,286,18,14,1,-6,1
10/12/2016 02:39:00,286,18,14,1,-6,1
10/12/2016 02:40:00,286,17,13,1,-6,1
10/12/2016 02:41:00,286,17,14,1,-6,1
10/12/2016 02:42:00,286,18,15,1,-6,1
10/12/2016 02:43:00,286,17,14,1,-6,1
10/12/2016 02:44:00,286,18,14,1,-6,1
10/12/2016 02:45:00,286,18,13,1,-5,1
10/12/2016 02:46:00,286,17,15,1,-5,1
10/12/2016 02:47:00,286,17,14,1,-5,1
10/12/2016 02:48:00,286,16,13,1,-5,1
10/12/2016 02:49:00,286,15,12,1,-5,1
10/12/2016 02:50:00,286,13,11,1,-5,1
10/12/2016 02:51:00,286,12,11,1,-5,1
10/12/2016 02:52:00,286,11,11,1,-5,1
10/12/2016 02:53:00,286,11,12,1,-5,1
10/12/2016 02:54:00,286,12,13,1,-5,1
10/12/2016 02:55:00,286,13,13,0,-5,1
10/12/2016 02:56:00,286,13,13,0,-5,1
10/12/2016 02:57:00,286,13,12,0,-6,1
10/12/2016 02:58:00,286,13,12,0,-6,1
10/12/2016 02:59:00,286,12,13,1,-6,1
10/12/2016 03:00:00,286,12,12,0,-6,1
10/12/2016 03:01:00,286,13,12,0,-6,1
10/12/2016 03:02:00,286,13,13,0,-6,1
10/12/2016 03:03:00,286,13,13,0,-6,1
10/12/2016 03:04:00,286,12,12,0,-6,1
10/12/2016 03:05:00,286,11,12,0,-6,1
10/12/2016 03:06:00,286,10,11,0,-6,1
10/12/2016 03:07:00,286,11,12,0,-7,1
10/12/2016 03:08:00,286,11,12,0,-7,1
10/12/2016 03:09:00,286,11,13,0,-7,1
10/12/2016 03:10:00,286,12,13,0,-7,1
10/12/2016 03:11:00,286,12,13,0,-7,1
10/12/2016 03:12:00,286,11,11,0,-7,1
10/12/2016 03:13:00,286,11,12,0,-7,1
10/12/2016 03:14:00,286,12,12,0,-7,1
10/12/2016 03:15:00,286,10,11,0,-7,1
10/12/2016 03:16:00,286,10,12,0,-7,1
10/12/2016 03:17:00,286,10,11,0,-7,1
10/12/2016 03:18:00,286,10,11,0,-7,1
10/12/2016 03:19:00,286,9,12,0,-8,1
10/12/2016 03:20:00,286,9,11,0,-7,1
10/12/2016 03:21:00,286,9,11,0,-7,1
10/12/2016 03:22:00,286,9,12,0,-7,1
10/12/2016 03:23:00,286,10,12,0,-7,1
10/12/2016 03:24:00,286,9,12,0,-8,1
10/12/2016 03:25:00,286,10,12,0,-8,1
10/12/2016 03:26:00,286,10,11,0,-8,1
10/12/2016 03:27:00,286,10,13,0,-8,1
10/12/2016 03:28:00,286,9,11,0,-8,1
10/12/2016 03:29:00,286,9,11,0,-8,1
10/12/2016 03:30:00,286,9,11,0,-8,1
10/12/2016 03:31:00,286,8,11,0,-8,1
10/12/2016 03:32:00,286,8,10,0,-7,1
10/12/2016 03:33:00,286,8,11,0,-7,1
10/12/2016 03:34:00,286,9,11,0,-8,1
10/12/2016 03:35:00,286,8,11,0,-8,1
10/12/2016 03:36:00,286,8,10,0,-8,1
10/12/2016 03:37:00,286,8,11,0,-8,1
10/12/2016 03:38:00,286,7,9,0,-7,1
10/12/2016 03:39:00,286,7,10,0,-7,1
10/12/2016 03:40:00,286,6,9,0,-7,1
10/12/2016 03:41:00,286,6,8,0,-7,1
10/12/2016 03:42:00,286,5,9,0,-6,1
10/12/2016 03:43:00,286,5,9,0,-6,1
10/12/2016 03:44:00,286,4,9,0,-6,1
10/12/2016 03:45:00,286,4,9,0,-5,1
10/12/2016 03:46:00,286,5,9,0,-5,1
10/12/2016 03:47:00,286,5,8,0,-6,1
10/12/2016 03:48:00,286,5,9,0,-6,1
10/12/2016 03:49:00,286,5,9,0,-6,1
10/12/2016 03:50:00,286,5,9,0,-6,1
10/12/2016 03:51:00,286,5,10,0,-6,1
10/12/2016 03:52:00,286,5,9,0,-6,1
10/12/2016 03:53:00,286,5,9,0,-7,1
10/12/2016 03:54:00,286,6,9,0,-7,1
10/12/2016 03:55:00,286,7,9,0,-7,1
10/12/2016 03:56:00,286,6,9,0,-7,1
10/12/2016 03:57:00,286,6,9,0,-7,1
10/12/2016 03:58:00,286,6,9,0,-7,1
10/12/2016 03:59:00,286,6,10,0,-7,1
10/12/2016 04:00:00,286,6,10,0,-7,1
10/12/2016 04:01:00,286,7,10,0,-6,1
10/12/2016 04:02:00,286,7,9,0,-7,1
10/12/2016 04:03:00,286,7,9,0,-7,1
10/12/2016 04:04:00,286,8,9,0,-7,1
10/12/2016 04:05:00,286,8,9,0,-7,1
10/12/2016 04:06:00,286,8,9,0,-7,1
10/12/2016 04:07:00,286,8,10,0,-7,1
10/12/2016 04:08:00,286,9,10,0,-7,1
10/12/2016 04:09:00,286,9,10,0,-7,1
10/12/2016 04:10:00,286,9,10,0,-7,1
10/12/2016 04:11:00,286,9,10,0,-7,1
10/12/2016 04:12:00,286,10,9,0,-7,1
10/12/2016 04:13:00,286,9,8,-1,-8,1
10/12/2016 04:14:00,286,10,8,0,-8,1
10/12/2016 04:15:00,286,10,7,0,-8,1
10/12/2016 04:16:00,286,10,8,0,-8,1
10/12/2016 04:17:00,286,10,9,0,-8,1
10/12/2016 04:18:00,286,10,9,0,-8,1
10/12/2016 04:19:00,286,12,9,0,-8,1
10/12/2016 04:20:00,286,11,9,0,-8,1
10/12/2016 04:21:00,286,11,9,0,-8,1
10/12/2016 04:22:00,286,11,9,0,-8,1
10/12/2016 04:23:00,286,11,8,0,-8,1
10/12/2016 04:24:00,286,11,9,0,-8,1
10/12/2016 04:25:00,286,11,8,0,-8,1
10/12/2016 04:26:00,286,11,8,0,-9,1
10/12/2016 04:27:00,286,12,9,0,-8,1
10/12/2016 04:28:00,286,12,9,1,-9,1
10/12/2016 04:29:00,286,12,9,1,-9,1
10/12/2016 04:30:00,286,13,10,1,-8,1
10/12/2016 04:31:00,286,12,9,1,-9,1
10/12/2016 04:32:00,286,13,10,1,-8,1
10/12/2016 04:33:00,286,13,10,1,-8,1
10/12/2016 04:34:00,286,15,10,1,-8,1
10/12/2016 04:35:00,286,14,10,1,-8,1
10/12/2016 04:36:00,286,15,10,1,-8,1
10/12/2016 04:37:00,286,14,10,1,-8,1
10/12/2016 04:38:00,286,16,10,1,-8,1
10/12/2016 04:39:00,286,15,9,1,-8,1
10/12/2016 04:40:00,286,17,9,1,-7,1
10/12/2016 04:41:00,286,17,9,1,-7,1
10/12/2016 04:42:00,286,17,9,1,-7,1
10/12/2016 04:43:00,286,18,9,1,-7,1
10/12/2016 04:44:00,286,18,9,1,-7,1
10/12/2016 04:45:00,286,19,9,1,-7,1
10/12/2016 04:46:00,286,20,9,1,-7,1
10/12/2016 04:47:00,286,19,9,0,-6,1
10/12/2016 04:48:00,286,20,9,0,-7,1
10/12/2016 04:49:00,286,19,9,0,-7,1
10/12/2016 04:50:00,286,19,9,0,-7,1
10/12/2016 04:51:00,286,18,9,0,-7,1
10/12/2016 04:52:00,286,18,9,0,-8,1
10/12/2016 04:53:00,286,19,9,0,-8,1
10/12/2016 04:54:00,286,19,9,0,-8,1
10/12/2016 04:55:00,286,19,8,-1,-7,1
10/12/2016 04:56:00,286,20,9,0,-7,1
10/12/2016 04:57:00,286,20,9,0,-7,1
10/12/2016 04:58:00,286,20,9,0,-7,1
10/12/2016 04:59:00,286,21,10,0,-7,1
10/12/2016 05:00:00,286,21,10,-1,-7,1
10/12/2016 05:01:00,286,21,10,-1,-8,1
10/12/2016 05:02:00,286,21,10,-1,-8,1
10/12/2016 05:03:00,286,21,10,-1,-8,1
10/12/2016 05:04:00,286,21,10,0,-8,1
10/12/2016 05:05:00,286,19,9,-1,-8,1
10/12/2016 05:06:00,286,20,9,-1,-9,1
10/12/2016 05:07:00,286,20,10,-1,-8,1
10/12/2016 05:08:00,286,19,9,-1,-9,1
10/12/2016 05:09:00,286,20,10,0,-8,1
10/12/2016 05:10:00,286,20,9,-1,-8,1
10/12/2016 05:11:00,286,20,9,0,-8,1
10/12/2016 05:12:00,286,20,10,0,-9,1
10/12/2016 05:13:00,286,20,10,0,-9,1
10/12/2016 05:14:00,286,20,10,0,-8,1
10/12/2016 05:15:00,286,21,10,0,-8,1
10/12/2016 05:16:00,286,21,10,0,-8,1
10/12/2016 05:17:00,286,21,10,0,-8,1
10/12/2016 05:18:00,286,21,10,0,-8,1
10/12/2016 05:19:00,286,20,10,0,-8,1
10/12/2016 05:20:00,286,21,10,0,-8,1
10/12/2016 05:21:00,286,21,10,0,-8,1
10/12/2016 05:22:00,286,21,10,0,-8,1
10/12/2016 05:23:00,286,21,10,0,-8,1
10/12/2016 05:24:00,286,21,10,0,-8,1
10/12/2016 05:25:00,286,20,10,0,-8,1
10/12/2016 05:26:00,286,21,11,0,-8,1
10/12/2016 05:27:00,286,21,10,-1,-8,1
10/12/2016 05:28:00,286,21,10,-1,-8,1
10/12/2016 05:29:00,286,21,10,-1,-8,1
10/12/2016 05:30:00,286,21,10,-1,-8,1
10/12/2016 05:31:00,286,21,10,-1,-8,1
10/12/2016 05:32:00,286,21,10,-1,-8,1
10/12/2016 05:33:00,286,21,10,-1,-9,1
10/12/2016 05:34:00,286,21,10,-1,-9,1
10/12/2016 05:35:00,286,21,9,-1,-9,1
10/12/2016 05:36:00,286,20,10,-1,-9,1
10/12/2016 05:37:00,286,21,10,-1,-10,1
10/12/2016 05:38:00,286,21,10,-1,-10,1
10/12/2016 05:39:00,286,21,10,-1,-10,1
10/12/2016 05:40:00,286,21,10,-1,-10,1
10/12/2016 05:41:00,286,21,10,-1,-10,1
10/12/2016 05:42:00,286,21,10,-1,-10,1
10/12/2016 05:43:00,286,22,10,-1,-10,1
10/12/2016 05:44:00,286,22,11,-1,-9,1
10/12/2016 05:45:00,286,22,10,-1,-9,1
10/12/2016 05:46:00,286,22,10,-1,-9,1
10/12/2016 05:47:00,286,21,10,-1,-9,1
10/12/2016 05:48:00,286,21,10,-1,-9,1
10/12/2016 05:49:00,286,20,10,-1,-9,1
10/12/2016 05:50:00,286,19,9,-1,-9,1
10/12/2016 05:51:00,286,19,9,-2,-9,1
10/12/2016 05:52:00,286,20,9,-2,-9,1
10/12/2016 05:53:00,286,19,9,-2,-9,1
10/12/2016 05:54:00,286,19,9,-2,-9,1
10/12/2016 05:55:00,286,19,9,-2,-9,1
10/12/2016 05:56:00,286,19,10,-2,-9,1
10/12/2016 05:57:00,286,19,10,-2,-9,1
10/12/2016 05:58:00,286,19,10,-2,-9,1
10/12/2016 05:59:00,286,19,10,-2,-9,1
10/12/2016 06:00:00,286,19,10,-2,-9,1
10/12/2016 06:01:00,286,19,10,-2,-9,1
10/12/2016 06:02:00,286,18,11,-2,-10,1
10/12/2016 06:03:00,286,18,11,-2,-10,1
10/12/2016 06:04:00,286,19,11,-1,-10,1
10/12/2016 06:05:00,286,18,11,-1,-10,1
10/12/2016 06:06:00,286,18,12,-2,-10,1
10/12/2016 06:07:00,286,17,11,-2,-9,1
10/12/2016 06:08:00,286,18,11,-1,-9,1
10/12/2016 06:09:00,286,17,12,-1,-10,1
10/12/2016 06:10:00,286,17,11,-1,-10,1
10/12/2016 06:11:00,286,16,11,-1,-9,1
10/12/2016 06:12:00,286,17,12,-1,-9,1
10/12/2016 06:13:00,286,17,12,-1,-9,1
10/12/2016 06:14:00,286,17,13,-1,-9,1
10/12/2016 06:15:00,286,17,14,-1,-9,1
10/12/2016 06:16:00,286,16,14,-1,-9,1
10/12/2016 06:17:00,286,16,15,-2,-8,1
10/12/2016 06:18:00,286,16,14,-1,-9,1
10/12/2016 06:19:00,286,16,15,-2,-9,1
10/12/2016 06:20:00,286,16,15,-2,-9,1
10/12/2016 06:21:00,286,15,15,-2,-9,1
10/12/2016 06:22:00,286,15,14,-2,-9,1
10/12/2016 06:23:00,286,16,14,-2,-9,1
10/12/2016 06:24:00,286,15,14,-2,-9,1
10/12/2016 06:25:00,286,14,14,-2,-9,1
10/12/2016 06:26:00,286,15,14,-2,-9,1
10/12/2016 06:27:00,286,15,14,-2,-9,1
10/12/2016 06:28:00,286,14,14,-2,-9,1
10/12/2016 06:29:00,286,14,15,-2,-9,1
10/12/2016 06:30:00,286,14,15,-1,-8,1
10/12/2016 06:31:00,286,13,16,-1,-9,1
10/12/2016 06:32:00,286,13,17,-2,-8,1
10/12/2016 06:33:00,286,13,17,-1,-8,1
10/12/2016 06:34:00,286,13,18,-2,-8,1
10/12/2016 06:35:00,286,13,17,-2,-8,1
10/12/2016 06:36:00,286,13,18,-2,-8,1
10/12/2016 06:37:00,286,12,17,-2,-8,1
10/12/2016 06:38:00,286,12,17,-2,-8,1
10/12/2016 06:39:00,286,11,17,-2,-8,1
10/12/2016 06:40:00,286,12,17,-2,-8,1
10/12/2016 06:41:00,286,12,17,-2,-8,1
10/12/2016 06:42:00,286,12,18,-2,-9,1
10/12/2016 06:43:00,286,12,17,-2,-9,1
10/12/2016 06:44:00,286,12,17,-2,-9,1
10/12/2016 06:45:00,286,12,17,-2,-10,1
10/12/2016 06:46:00,286,13,17,-2,-10,1
10/12/2016 06:47:00,286,12,16,-2,-9,1
10/12/2016 06:48:00,286,12,17,-2,-10,1
10/12/2016 06:49:00,286,12,17,-2,-10,1
10/12/2016 06:50:00,286,13,17,-2,-10,1
10/12/2016 06:51:00,286,13,17,-2,-10,1
10/12/2016 06:52:00,286,12,18,-2,-10,1
10/12/2016 06:53:00,286,12,17,-2,-9,1
10/12/2016 06:54:00,286,12,18,-2,-9,1
10/12/2016 06:55:00,286,12,18,-2,-9,1
10/12/2016 06:56:00,286,11,17,-2,-9,1
10/12/2016 06:57:00,286,10,17,-2,-9,1
10/12/2016 06:58:00,286,10,16,-2,-8,1
10/12/2016 06:59:00,286,9,16,-2,-8,1
10/12/2016 07:00:00,286,9,16,-2,-8,1
10/12/2016 07:01:00,286,9,15,-2,-8,1
10/12/2016 07:02:00,286,9,16,-2,-8,1
10/12/2016 07:03:00,286,9,17,-2,-8,1
10/12/2016 07:04:00,286,9,17,-2,-8,1
10/12/2016 07:05:00,286,9,16,-2,-8,1
10/12/2016 07:06:00,286,9,16,-2,-8,1
10/12/2016 07:07:00,286,9,16,-2,-8,1
10/12/2016 07:08:00,286,9,16,-2,-8,1
10/12/2016 07:09:00,286,9,16,-2,-8,1
10/12/2016 07:10:00,286,9,17,-2,-8,1
10/12/2016 07:11:00,286,8,17,-2,-8,1
10/12/2016 07:12:00,286,8,17,-2,-8,1
10/12/2016 07:13:00,286,8,17,-2,-8,1
10/12/2016 07:14:00,286,8,15,-2,-8,1
10/12/2016 07:15:00,286,7,15,-3,-8,1
10/12/2016 07:16:00,286,8,16,-2,-8,1
10/12/2016 07:17:00,286,7,16,-2,-8,1
10/12/2016 07:18:00,286,7,16,-3,-8,1
10/12/2016 07:19:00,286,7,16,-3,-8,1
10/12/2016 07:20:00,286,7,15,-2,-8,1
10/12/2016 07:21:00,286,7,15,-3,-8,1
10/12/2016 07:22:00,286,7,15,-3,-8,1
10/12/2016 07:23:00,286,7,14,-2,-9,1
10/12/2016 07:24:00,286,7,15,-3,-8,1
10/12/2016 07:25:00,286,7,15,-2,-8,1
10/12/2016 07:26:00,286,7,14,-3,-8,1
10/12/2016 07:27:00,286,6,14,-3,-8,1
10/12/2016 07:28:00,286,6,13,-3,-8,1
10/12/2016 07:29:00,286,6,13,-3,-8,1
10/12/2016 07:30:00,286,6,14,-3,-7,1
10/12/2016 07:31:00,286,6,13,-3,-7,1
10/12/2016 07:32:00,286,5,13,-3,-7,1
10/12/2016 07:33:00,286,5,13,-3,-7,1
10/12/2016 07:34:00,286,6,13,-3,-7,1
10/12/2016 07:35:00,286,6,13,-3,-7,1
10/12/2016 07:36:00,286,6,13,-3,-7,1
10/12/2016 07:37:00,286,6,13,-3,-7,1
10/12/2016 07:38:00,286,7,12,-3,-7,1
10/12/2016 07:39:00,286,7,12,-3,-7,1
10/12/2016 07:40:00,286,7,12,-3,-7,1
10/12/2016 07:41:00,286,8,12,-3,-8,1
10/12/2016 07:42:00,286,8,11,-3,-7,1
10/12/2016 07:43:00,286,9,11,-3,-7,1
10/12/2016 07:44:00,286,9,10,-3,-8,1
10/12/2016 07:45:00,286,10,12,-3,-8,1
10/12/2016 07:46:00,286,9,12,-3,-8,1
10/12/2016 07:47:00,286,9,11,-3,-8,1
10/12/2016 07:48:00,286,9,11,-3,-8,1
10/12/2016 07:49:00,286,9,10,-3,-8,1
10/12/2016 07:50:00,286,9,10,-3,-8,1
10/12/2016 07:51:00,286,9,10,-3,-8,1
10/12/2016 07:52:00,286,9,11,-3,-8,1
10/12/2016 07:53:00,286,9,10,-3,-8,1
10/12/2016 07:54:00,286,10,10,-3,-8,1
10/12/2016 07:55:00,286,9,10,-3,-8,1
10/12/2016 07:56:00,286,9,9,-2,-8,1
10/12/2016 07:57:00,286,9,8,-2,-8,1
10/12/2016 07:58:00,286,9,7,-2,-8,1
10/12/2016 07:59:00,286,10,7,-3,-7,1
10/12/2016 08:00:00,286,10,7,-2,-7,1
10/12/2016 08:01:00,286,10,8,-2,-7,1
10/12/2016 08:02:00,286,10,8,-2,-7,1
10/12/2016 08:03:00,286,9,7,-2,-7,1
10/12/2016 08:04:00,286,9,7,-3,-7,1
10/12/2016 08:05:00,286,9,7,-3,-7,1
10/12/2016 08:06:00,286,9,8,-2,-7,1
10/12/2016 08:07:00,286,9,7,-3,-7,1
10/12/2016 08:08:00,286,9,7,-3,-7,1
10/12/2016 08:09:00,286,9,7,-2,-7,1
10/12/2016 08:10:00,286,9,7,-3,-6,1
10/12/2016 08:11:00,286,9,8,-3,-7,1
10/12/2016 08:12:00,286,9,7,-3,-6,1
10/12/2016 08:13:00,286,10,6,-3,-6,1
10/12/2016 08:14:00,286,9,6,-3,-6,1
10/12/2016 08:15:00,286,10,7,-3,-6,1
10/12/2016 08:16:00,286,9,7,-3,-6,1
10/12/2016 08:17:00,286,9,7,-3,-6,1
10/12/2016 08:18:00,286,11,7,-3,-6,1
10/12/2016 08:19:00,286,11,7,-3,-6,1
10/12/2016 08:20:00,286,11,7,-3,-6,1
10/12/2016 08:21:00,286,11,7,-3,-6,1
10/12/2016 08:22:00,286,11,8,-3,-6,1
10/12/2016 08:23:00,286,11,8,-3,-6,1
10/12/2016 08:24:00,286,11,8,-3,-6,1
10/12/2016 08:25:00,286,12,8,-3,-6,1
10/12/2016 08:26:00,286,12,7,-3,-6,1
10/12/2016 08:27:00,286,12,8,-3,-6,1
10/12/2016 08:28:00,286,11,8,-3,-5,1
10/12/2016 08:29:00,286,12,7,-3,-5,1
10/12/2016 08:30:00,286,12,8,-3,-5,1
10/12/2016 08:31:00,286,12,8,-3,-5,1
10/12/2016 08:32:00,286,12,7,-3,-4,1
10/12/2016 08:33:00,286,13,8,-3,-4,1
10/12/2016 08:34:00,286,13,7,-3,-4,1
10/12/2016 08:35:00,286,14,9,-3,-4,1
10/12/2016 08:36:00,286,14,9,-3,-4,1
10/12/2016 08:37:00,286,14,9,-3,-4,1
10/12/2016 08:38:00,286,14,9,-3,-4,1
10/12/2016 08:39:00,286,15,9,-3,-4,1
10/12/2016 08:40:00,286,15,9,-3,-4,1
10/12/2016 08:41:00,286,15,9,-3,-4,1
10/12/2016 08:42:00,286,15,9,-3,-4,1
10/12/2016 08:43:00,286,15,9,-3,-4,1
10/12/2016 08:44:00,286,15,8,-3,-4,1
10/12/2016 08:45:00,286,15,8,-3,-4,1
10/12/2016 08:46:00,286,15,9,-3,-4,1
10/12/2016 08:47:00,286,15,9,-3,-4,1
10/12/2016 08:48:00,286,15,9,-3,-4,1
10/12/2016 08:49:00,286,15,9,-3,-4,1
10/12/2016 08:50:00,286,15,10,-3,-4,1
10/12/2016 08:51:00,286,14,10,-3,-4,1
10/12/2016 08:52:00,286,14,10,-3,-4,1
10/12/2016 08:53:00,286,14,11,-3,-4,1
10/12/2016 08:54:00,286,15,11,-3,-4,1
10/12/2016 08:55:00,286,14,11,-3,-4,1
10/12/2016 08:56:00,286,15,11,-3,-4,1
10/12/2016 08:57:00,286,13,11,-3,-4,1
10/12/2016 08:58:00,286,14,11,-3,-4,1
10/12/2016 08:59:00,286,14,10,-3,-4,1
10/12/2016 09:00:00,286,13,10,-3,-4,1
10/12/2016 09:01:00,286,13,10,-3,-4,1
10/12/2016 09:02:00,286,14,10,-3,-4,1
10/12/2016 09:03:00,286,14,9,-3,-4,1
10/12/2016 09:04:00,286,14,10,-3,-4,1
10/12/2016 09:05:00,286,14,10,-3,-4,1
10/12/2016 09:06:00,286,15,10,-3,-4,1
10/12/2016 09:07:00,286,14,10,-3,-4,1
10/12/2016 09:08:00,286,14,10,-3,-4,1
10/12/2016 09:09:00,286,15,10,-3,-5,1
10/12/2016 09:10:00,286,15,10,-3,-5,1
10/12/2016 09:11:00,286,14,10,-3,-5,1
10/12/2016 09:12:00,286,14,10,-3,-5,1
10/12/2016 09:13:00,286,14,10,-3,-5,1
10/12/2016 09:14:00,286,14,10,-3,-5,1
10/12/2016 09:15:00,286,14,10,-3,-5,1
10/12/2016 09:16:00,286,13,10,-3,-5,1
10/12/2016 09:17:00,286,14,9,-3,-4,1
10/12/2016 09:18:00,286,14,9,-3,-4,1
10/12/2016 09:19:00,286,14,8,-3,-4,1
10/12/2016 09:20:00,286,13,9,-3,-3,1
10/12/2016 09:21:00,286,14,8,-3,-2,1
10/12/2016 09:22:00,286,14,9,-3,-1,1
10/12/2016 09:23:00,286,14,10,-3,-1,1
10/12/2016 09:24:00,286,14,10,-4,-1,1
10/12/2016 09:25:00,286,14,11,-4,0,1
10/12/2016 09:26:00,286,15,12,-4,0,1
10/12/2016 09:27:00,286,14,12,-4,-1,1
10/12/2016 09:28:00,286,14,12,-4,-1,1
10/12/2016 09:29:00,286,14,12,-3,-1,1
10/12/2016 09:30:00,286,15,12,-3,-2,1
10/12/2016 09:31:00,286,15,11,-3,-2,1
10/12/2016 09:32:00,286,14,11,-3,-2,1
10/12/2016 09:33:00,286,14,10,-3,-2,1
10/12/2016 09:34:00,286,14,11,-3,-2,1
10/12/2016 09:35:00,286,15,10,-3,-2,1
10/12/2016 09:36:00,286,14,10,-3,-2,1
10/12/2016 09:37:00,286,15,10,-3,-2,1
10/12/2016 09:38:00,286,14,10,-3,-2,1
10/12/2016 09:39:00,286,14,9,-3,-2,1
10/12/2016 09:40:00,286,14,9,-3,-2,1
10/12/2016 09:41:00,286,13,8,-3,-3,1
10/12/2016 09:42:00,286,13,8,-4,-3,1
10/12/2016 09:43:00,286,13,8,-4,-3,1
10/12/2016 09:44:00,286,13,8,-4,-3,1
10/12/2016 09:45:00,286,12,8,-4,-3,1
10/12/2016 09:46:00,286,13,7,-4,-3,1
10/12/2016 09:47:00,286,13,7,-4,-3,1
10/12/2016 09:48:00,286,13,7,-4,-3,1
10/12/2016 09:49:00,286,12,8,-4,-2,1
10/12/2016 09:50:00,286,13,8,-4,-2,1
10/12/2016 09:51:00,286,12,8,-4,-2,1
10/12/2016 09:52:00,286,12,8,-4,-2,1
10/12/2016 09:53:00,286,12,8,-4,-2,1
10/12/2016 09:54:00,286,12,7,-4,-2,1
10/12/2016 09:55:00,286,13,7,-4,-2,1
10/12/2016 09:56:00,286,12,7,-4,-2,1
10/12/2016 09:57:00,286,12,7,-4,-2,1
10/12/2016 09:58:00,286,13,7,-4,-2,1
10/12/2016 09:59:00,286,12,8,-4,-2,1
10/12/2016 10:00:00,286,12,8,-4,-2,1
10/12/2016 10:01:00,286,12,8,-4,-2,1
10/12/2016 10:02:00,286,11,7,-4,-2,1
10/12/2016 10:03:00,286,12,7,-4,-2,1
10/12/2016 10:04:00,286,11,7,-4,-2,1
10/12/2016 10:05:00,286,12,7,-4,-2,1
10/12/2016 10:06:00,286,12,6,-4,-2,1
10/12/2016 10:07:00,286,11,6,-3,-2,1
10/12/2016 10:08:00,286,11,7,-3,-2,1
10/12/2016 10:09:00,286,11,6,-3,-2,1
10/12/2016 10:10:00,286,11,6,-3,-2,1
10/12/2016 10:11:00,286,11,6,-4,-2,1
10/12/2016 10:12:00,286,11,5,-4,-2,1
10/12/2016 10:13:00,286,11,5,-4,-2,1
10/12/2016 10:14:00,286,11,5,-3,-2,1
10/12/2016 10:15:00,286,11,5,-4,-2,1
10/12/2016 10:16:00,286,11,5,-4,-2,1
10/12/2016 10:17:00,286,11,7,-4,-2,1
10/12/2016 10:18:00,286,11,6,-4,-2,1
10/12/2016 10:19:00,286,10,6,-3,-2,1
10/12/2016 10:20:00,286,10,6,-3,-2,1
10/12/2016 10:21:00,286,10,6,-3,-2,1
10/12/2016 10:22:00,286,10,5,-3,-2,1
10/12/2016 10:23:00,286,10,5,-3,-2,1
10/12/2016 10:24:00,286,10,6,-3,-2,1
10/12/2016 10:25:00,286,10,6,-3,-2,1
10/12/2016 10:26:00,286,10,7,-3,-2,1
10/12/2016 10:27:00,286,10,7,-3,-2,1
10/12/2016 10:28:00,286,10,6,-3,-2,1
10/12/2016 10:29:00,286,10,6,-3,-2,1
10/12/2016 10:30:00,286,10,6,-3,-2,1
10/12/2016 10:31:00,286,10,5,-3,-2,1
10/12/2016 10:32:00,286,10,6,-3,-1,1
10/12/2016 10:33:00,286,10,7,-3,-2,1
10/12/2016 10:34:00,286,10,7,-3,-2,1
10/12/2016 10:35:00,286,10,7,-3,-2,1
10/12/2016 10:36:00,286,10,7,-3,-2,1
10/12/2016 10:37:00,286,10,7,-3,-2,1
10/12/2016 10:38:00,286,10,7,-3,-2,1
10/12/2016 10:39:00,286,10,8,-3,-2,1
10/12/2016 10:40:00,286,10,8,-3,-2,1
10/12/2016 10:41:00,286,10,8,-3,-2,1
10/12/2016 10:42:00,286,10,8,-2,-2,1
10/12/2016 10:43:00,286,10,8,-2,-2,1
10/12/2016 10:44:00,286,10,7,-2,-2,1
10/12/2016 10:45:00,286,9,7,-2,-2,1
10/12/2016 10:46:00,286,10,7,-2,-2,1
10/12/2016 10:47:00,286,10,7,-2,-2,1
10/12/2016 10:48:00,286,9,7,-2,-2,1
10/12/2016 10:49:00,286,9,7,-2,-2,1
10/12/2016 10:50:00,286,9,6,-2,-2,1
10/12/2016 10:51:00,286,9,6,-2,-3,1
10/12/2016 10:52:00,286,9,6,-2,-3,1
10/12/2016 10:53:00,286,9,5,-2,-3,1
10/12/2016 10:54:00,286,9,5,-2,-3,1
10/12/2016 10:55:00,286,8,5,-2,-3,1
10/12/2016 10:56:00,286,9,4,-2,-3,1
10/12/2016 10:57:00,286,9,4,-2,-3,1
10/12/2016 10:58:00,286,8,4,-2,-3,1
10/12/2016 10:59:00,286,8,4,-2,-3,1
10/12/2016 11:00:00,286,8,4,-2,-3,1
10/12/2016 11:01:00,286,8,5,-2,-3,1
10/12/2016 11:02:00,286,8,5,-2,-3,1
10/12/2016 11:03:00,286,8,5,-2,-3,1
10/12/2016 11:04:00,286,7,4,-2,-3,1
10/12/2016 11:05:00,286,7,4,-2,-3,1
10/12/2016 11:06:00,286,7,4,-2,-3,1
10/12/2016 11:07:00,286,7,5,-2,-3,1
10/12/2016 11:08:00,286,7,5,-2,-3,1
10/12/2016 11:09:00,286,7,5,-2,-4,1
10/12/2016 11:10:00,286,6,5,-2,-4,1
10/12/2016 11:11:00,286,6,3,-2,-3,1
10/12/2016 11:12:00,286,6,3,-2,-4,1
10/12/2016 11:13:00,286,6,3,-2,-4,1
10/12/2016 11:14:00,286,6,3,-2,-3,1
10/12/2016 11:15:00,286,6,3,-2,-3,1
10/12/2016 11:16:00,286,6,3,-2,-3,1
10/12/2016 11:17:00,286,5,3,-2,-3,1
10/12/2016 11:18:00,286,5,3,-2,-3,1
10/12/2016 11:19:00,286,5,2,-2,-3,1
10/12/2016 11:20:00,286,5,3,-2,-3,1
10/12/2016 11:21:00,286,5,3,-2,-3,1
10/12/2016 11:22:00,286,5,3,-2,-3,1
10/12/2016 11:23:00,286,5,3,-2,-3,1
10/12/2016 11:24:00,286,5,4,-2,-3,1
10/12/2016 11:25:00,286,5,4,-2,-3,1
10/12/2016 11:26:00,286,5,4,-2,-3,1
10/12/2016 11:27:00,286,5,4,-2,-4,1
10/12/2016 11:28:00,286,5,4,-2,-3,1
10/12/2016 11:29:00,286,5,4,-2,-3,1
10/12/2016 11:30:00,286,4,4,-2,-3,1
10/12/2016 11:31:00,286,4,5,-2,-4,1
10/12/2016 11:32:00,286,4,5,-2,-4,1
10/12/2016 11:33:00,286,4,5,-2,-4,1
10/12/2016 11:34:00,286,4,5,-2,-3,1
10/12/2016 11:35:00,286,4,4,-2,-3,1
10/12/2016 11:36:00,286,4,5,-2,-4,1
10/12/2016 11:37:00,286,4,5,-2,-4,1
10/12/2016 11:38:00,286,4,6,-2,-3,1
10/12/2016 11:39:00,286,4,6,-2,-4,1
10/12/2016 11:40:00,286,4,7,-2,-3,1
10/12/2016 11:41:00,286,3,6,-2,-4,1
10/12/2016 11:42:00,286,4,5,-1,-4,1
10/12/2016 11:43:00,286,4,6,-1,-4,1
10/12/2016 11:44:00,286,4,6,-1,-4,1
10/12/2016 11:45:00,286,4,6,-1,-4,1
10/12/2016 11:46:00,286,4,7,-1,-4,1
10/12/2016 11:47:00,286,4,7,-1,-4,1
10/12/2016 11:48:00,286,4,7,-1,-4,1
10/12/2016 11:49:00,286,4,7,-2,-4,1
10/12/2016 11:50:00,286,4,7,-1,-4,1
10/12/2016 11:51:00,286,4,7,-1,-4,1
10/12/2016 11:52:00,286,4,7,-1,-3,1
10/12/2016 11:53:00,286,3,8,-1,-4,1
10/12/2016 11:54:00,286,3,7,-1,-4,1
10/12/2016 11:55:00,286,3,7,-1,-4,1
10/12/2016 11:56:00,286,3,7,-1,-4,1
10/12/2016 11:57:00,286,3,7,-1,-4,1
10/12/2016 11:58:00,286,3,8,-1,-4,1
10/12/2016 11:59:00,286,3,8,-1,-4,1
10/12/2016 12:00:00,286,4,8,-1,-4,1
10/12/2016 12:01:00,286,3,8,-1,-4,1
10/12/2016 12:02:00,286,4,8,-1,-4,1
10/12/2016 12:03:00,286,3,8,-1,-4,1
10/12/2016 12:04:00,286,3,9,-1,-4,1
10/12/2016 12:05:00,286,4,9,-1,-4,1
10/12/2016 12:06:00,286,4,9,-1,-4,1
10/12/2016 12:07:00,286,4,9,-1,-4,1
10/12/2016 12:08:00,286,4,10,-1,-4,1
10/12/2016 12:09:00,286,3,10,-1,-5,1
10/12/2016 12:10:00,286,4,10,-1,-4,1
10/12/2016 12:11:00,286,4,9,-1,-4,1
10/12/2016 12:12:00,286,4,9,-1,-4,1
10/12/2016 12:13:00,286,3,8,-1,-4,1
10/12/2016 12:14:00,286,4,10,-1,-4,1
10/12/2016 12:15:00,286,5,10,-1,-4,1
10/12/2016 12:16:00,286,6,10,-2,-5,1
10/12/2016 12:17:00,286,7,10,-2,-4,1
10/12/2016 12:18:00,286,7,10,-2,-4,1
10/12/2016 12:19:00,286,7,10,-2,-4,1
10/12/2016 12:20:00,286,8,10,-2,-4,1
10/12/2016 12:21:00,286,7,10,-1,-3,1
10/12/2016 12:22:00,286,6,10,-1,-3,1
10/12/2016 12:23:00,286,6,10,-2,-3,1
10/12/2016 12:24:00,286,6,11,-2,-3,1
10/12/2016 12:25:00,286,5,11,-1,-3,1
10/12/2016 12:26:00,286,4,11,-1,-4,1
10/12/2016 12:27:00,286,4,12,-1,-4,1
10/12/2016 12:28:00,286,4,12,-1,-4,1
10/12/2016 12:29:00,286,4,11,-1,-4,1
10/12/2016 12:30:00,286,5,11,-1,-4,1
10/12/2016 12:31:00,286,5,12,-2,-4,1
10/12/2016 12:32:00,286,5,12,-2,-4,1
10/12/2016 12:33:00,286,5,12,-2,-4,1
10/12/2016 12:34:00,286,5,12,-2,-4,1
10/12/2016 12:35:00,286,6,12,-2,-4,1
10/12/2016 12:36:00,286,6,13,-2,-4,1
10/12/2016 12:37:00,286,5,13,-2,-4,1
10/12/2016 12:38:00,286,5,13,-2,-4,1
10/12/2016 12:39:00,286,5,13,-2,-4,1
10/12/2016 12:40:00,286,5,13,-2,-4,1
10/12/2016 12:41:00,286,5,13,-2,-4,1
10/12/2016 12:42:00,286,4,14,-2,-4,1
10/12/2016 12:43:00,286,4,12,-2,-4,1
10/12/2016 12:44:00,286,4,15,-2,-4,1
10/12/2016 12:45:00,286,4,13,-2,-4,1
10/12/2016 12:46:00,286,4,14,-2,-4,1
10/12/2016 12:47:00,286,5,15,-2,-4,1
10/12/2016 12:48:00,286,5,15,-2,-4,1
10/12/2016 12:49:00,286,6,15,-2,-4,1
10/12/2016 12:50:00,286,6,15,-2,-4,1
10/12/2016 12:51:00,286,6,16,-2,-4,1
10/12/2016 12:52:00,286,5,14,-2,-4,1
10/12/2016 12:53:00,286,4,14,-2,-3,1
10/12/2016 12:54:00,286,4,13,-2,-3,1
10/12/2016 12:55:00,286,4,13,-2,-3,1
10/12/2016 12:56:00,286,5,13,-2,-4,1
10/12/2016 12:57:00,286,5,14,-2,-4,1
10/12/2016 12:58:00,286,3,14,-2,-4,1
10/12/2016 12:59:00,286,4,15,-2,-4,1
10/12/2016 13:00:00,286,4,14,-2,-4,1
10/12/2016 13:01:00,286,4,15,-2,-4,1
10/12/2016 13:02:00,286,4,14,-2,-4,1
10/12/2016 13:03:00,286,5,14,-2,-5,1
10/12/2016 13:04:00,286,5,14,-2,-4,1
10/12/2016 13:05:00,286,5,14,-2,-4,1
10/12/2016 13:06:00,286,5,15,-2,-4,1
10/12/2016 13:07:00,286,5,15,-2,-4,1
10/12/2016 13:08:00,286,5,15,-2,-4,1
10/12/2016 13:09:00,286,5,14,-2,-4,1
10/12/2016 13:10:00,286,4,14,-2,-3,1
10/12/2016 13:11:00,286,3,13,-2,-4,1
10/12/2016 13:12:00,286,3,13,-2,-3,1
10/12/2016 13:13:00,286,3,13,-2,-3,1
10/12/2016 13:14:00,286,4,12,-1,-3,1
10/12/2016 13:15:00,286,4,11,-1,-3,1
10/12/2016 13:16:00,286,4,12,-1,-3,1
10/12/2016 13:17:00,286,3,13,-2,-3,1
10/12/2016 13:18:00,286,4,13,-2,-3,1
10/12/2016 13:19:00,286,5,14,-2,-3,1
10/12/2016 13:20:00,286,5,15,-2,-3,1
10/12/2016 13:21:00,286,5,16,-2,-3,1
10/12/2016 13:22:00,286,5,16,-2,-3,1
10/12/2016 13:23:00,286,5,15,-2,-3,1
10/12/2016 13:24:00,286,5,15,-2,-3,1
10/12/2016 13:25:00,286,5,15,-2,-3,1
10/12/2016 13:26:00,286,6,16,-2,-3,1
10/12/2016 13:27:00,286,6,16,-2,-3,1
10/12/2016 13:28:00,286,6,16,-2,-3,1
10/12/2016 13:29:00,286,6,15,-2,-3,1
10/12/2016 13:30:00,286,6,15,-2,-3,1
10/12/2016 13:31:00,286,5,15,-2,-3,1
10/12/2016 13:32:00,286,6,16,-3,-3,1
10/12/2016 13:33:00,286,6,16,-3,-3,1
10/12/2016 13:34:00,286,7,16,-3,-3,1
10/12/2016 13:35:00,286,6,16,-3,-3,1
10/12/2016 13:36:00,286,6,15,-3,-3,1
10/12/2016 13:37:00,286,5,15,-2,-3,1
10/12/2016 13:38:00,286,5,15,-2,-3,1
10/12/2016 13:39:00,286,5,14,-2,-3,1
10/12/2016 13:40:00,286,4,15,-2,-3,1
10/12/2016 13:41:00,286,5,15,-2,-3,1
10/12/2016 13:42:00,286,5,15,-2,-3,1
10/12/2016 13:43:00,286,5,15,-3,-3,1
10/12/2016 13:44:00,286,5,15,-2,-3,1
10/12/2016 13:45:00,286,5,14,-3,-2,1
10/12/2016 13:46:00,286,5,15,-3,-2,1
10/12/2016 13:47:00,286,5,15,-3,-2,1
10/12/2016 13:48:00,286,5,14,-3,-3,1
10/12/2016 13:49:00,286,5,14,-3,-3,1
10/12/2016 13:50:00,286,6,14,-3,-3,1
10/12/2016 13:51:00,286,6,15,-3,-3,1
10/12/2016 13:52:00,286,6,15,-3,-3,1
10/12/2016 13:53:00,286,5,15,-3,-2,1
10/12/2016 13:54:00,286,5,15,-3,-2,1
10/12/2016 13:55:00,286,5,15,-3,-2,1
10/12/2016 13:56:00,286,5,15,-3,-2,1
10/12/2016 13:57:00,286,5,15,-3,-2,1
10/12/2016 13:58:00,286,4,14,-3,-2,1
10/12/2016 13:59:00,286,4,14,-3,-2,1
10/12/2016 14:00:00,286,4,14,-2,-2,1
10/12/2016 14:01:00,286,4,14,-2,-2,1
10/12/2016 14:02:00,286,4,14,-2,-2,1
10/12/2016 14:03:00,286,4,14,-2,-2,1
10/12/2016 14:04:00,286,3,14,-2,-2,1
10/12/2016 14:05:00,286,3,14,-2,-2,1
10/12/2016 14:06:00,286,3,14,-2,-1,1
10/12/2016 14:07:00,286,3,13,-2,-1,1
10/12/2016 14:08:00,286,3,13,-2,-1,1
10/12/2016 14:09:00,286,3,13,-2,-2,1
10/12/2016 14:10:00,286,3,13,-2,-1,1
10/12/2016 14:11:00,286,3,13,-2,-1,1
10/12/2016 14:12:00,286,3,14,-2,-1,1
10/12/2016 14:13:00,286,3,14,-2,-1,1
10/12/2016 14:14:00,286,2,14,-2,-1,1
10/12/2016 14:15:00,286,3,14,-2,-1,1
10/12/2016 14:16:00,286,3,14,-2,-1,1
10/12/2016 14:17:00,286,2,14,-2,-1,1
10/12/2016 14:18:00,286,3,14,-2,-1,1
10/12/2016 14:19:00,286,3,13,-2,-1,1
10/12/2016 14:20:00,286,3,13,-2,-1,1
10/12/2016 14:21:00,286,3,13,-2,-1,1
10/12/2016 14:22:00,286,3,14,-2,-1,1
10/12/2016 14:23:00,286,3,14,-2,-1,1
10/12/2016 14:24:00,286,3,14,-2,-1,1
10/12/2016 14:25:00,286,3,14,-2,-1,1
10/12/2016 14:26:00,286,3,14,-2,-1,1
10/12/2016 14:27:00,286,3,15,-2,-1,1
10/12/2016 14:28:00,286,3,15,-2,-1,1
10/12/2016 14:29:00,286,4,15,-2,-1,1
10/12/2016 14:30:00,286,3,14,-2,-2,1
10/12/2016 14:31:00,286,3,14,-2,-1,1
10/12/2016 14:32:00,286,3,14,-2,-1,1
10/12/2016 14:33:00,286,3,14,-2,-1,1
10/12/2016 14:34:00,286,3,14,-2,-1,1
10/12/2016 14:35:00,286,3,14,-2,-1,1
10/12/2016 14:36:00,286,3,14,-2,-1,1
10/12/2016 14:37:00,286,4,14,-2,-1,1
10/12/2016 14:38:00,286,3,14,-1,-2,1
10/12/2016 14:39:00,286,3,14,-2,-2,1
10/12/2016 14:40:00,286,3,14,-2,-1,1
10/12/2016 14:41:00,286,4,14,-2,-1,1
10/12/2016 14:42:00,286,4,15,-2,-1,1
10/12/2016 14:43:00,286,4,15,-1,-1,1
10/12/2016 14:44:00,286,3,15,-1,-1,1
10/12/2016 14:45:00,286,3,14,-2,-1,1
10/12/2016 14:46:00,286,3,14,-1,-1,1
10/12/2016 14:47:00,286,3,14,-1,-1,1
10/12/2016 14:48:00,286,3,13,-1,-1,1
10/12/2016 14:49:00,286,2,13,-1,-1,1
10/12/2016 14:50:00,286,3,14,-1,-1,1
10/12/2016 14:51:00,286,3,14,-1,-1,1
10/12/2016 14:52:00,286,3,14,-1,-1,1
10/12/2016 14:53:00,286,3,14,-1,-1,1
10/12/2016 14:54:00,286,3,14,-1,-1,1
10/12/2016 14:55:00,286,3,15,-1,-1,1
10/12/2016 14:56:00,286,3,15,-1,-1,1
10/12/2016 14:57:00,286,3,14,-1,-1,1
10/12/2016 14:58:00,286,3,14,-1,-1,1
10/12/2016 14:59:00,286,4,14,-1,-1,1
10/12/2016 15:00:00,286,4,15,-1,-2,1
10/12/2016 15:01:00,286,4,15,-1,-2,1
10/12/2016 15:02:00,286,4,16,-1,-1,1
10/12/2016 15:03:00,286,4,16,-1,-1,1
10/12/2016 15:04:00,286,4,15,-1,-2,1
10/12/2016 15:05:00,286,4,15,-1,-1,1
10/12/2016 15:06:00,286,4,15,-1,-2,1
10/12/2016 15:07:00,286,4,14,-1,-2,1
10/12/2016 15:08:00,286,5,14,-1,-2,1
10/12/2016 15:09:00,286,5,13,-1,-2,1
10/12/2016 15:10:00,286,4,13,-1,-2,1
10/12/2016 15:11:00,286,5,13,-1,-2,1
10/12/2016 15:12:00,286,5,12,-1,-2,1
10/12/2016 15:13:00,286,6,11,-1,-2,1
10/12/2016 15:14:00,286,4,14,-1,-2,1
10/12/2016 15:15:00,286,5,15,0,-2,1
10/12/2016 15:16:00,286,5,15,0,-2,1
10/12/2016 15:17:00,286,7,15,0,-2,1
10/12/2016 15:18:00,286,8,15,0,-2,1
10/12/2016 15:19:00,286,8,15,0,-3,1
10/12/2016 15:20:00,286,8,15,0,-2,1
10/12/2016 15:21:00,286,10,15,1,-2,1
10/12/2016 15:22:00,286,10,13,1,-2,1
10/12/2016 15:23:00,286,12,11,1,-2,1
10/12/2016 15:24:00,286,13,10,1,-2,1
10/12/2016 15:25:00,286,13,10,1,-2,1
10/12/2016 15:26:00,286,11,9,1,-2,1
10/12/2016 15:27:00,286,10,9,1,-2,1
10/12/2016 15:28:00,286,8,9,0,-3,1
10/12/2016 15:29:00,286,7,9,0,-3,1
10/12/2016 15:30:00,286,6,11,0,-3,1
10/12/2016 15:31:00,286,7,11,0,-3,1
10/12/2016 15:32:00,286,6,11,0,-3,1
10/12/2016 15:33:00,286,7,12,-1,-2,1
10/12/2016 15:34:00,286,7,12,0,-2,1
10/12/2016 15:35:00,286,7,13,0,-2,1
10/12/2016 15:36:00,286,7,13,0,-2,1
10/12/2016 15:37:00,286,6,13,0,-2,1
10/12/2016 15:38:00,286,7,12,0,-2,1
10/12/2016 15:39:00,286,8,12,0,-3,1
10/12/2016 15:40:00,286,8,11,0,-3,1
10/12/2016 15:41:00,286,6,12,0,-3,1
10/12/2016 15:42:00,286,6,12,0,-3,1
10/12/2016 15:43:00,286,6,12,0,-4,1
10/12/2016 15:44:00,286,5,12,0,-4,1
10/12/2016 15:45:00,286,6,12,0,-4,1
10/12/2016 15:46:00,286,6,14,-1,-4,1
10/12/2016 15:47:00,286,6,13,-1,-4,1
10/12/2016 15:48:00,286,6,13,0,-5,1
10/12/2016 15:49:00,286,6,14,-1,-4,1
10/12/2016 15:50:00,286,7,14,0,-4,1
10/12/2016 15:51:00,286,7,14,-1,-4,1
10/12/2016 15:52:00,286,7,13,-1,-4,1
10/12/2016 15:53:00,286,7,13,0,-4,1
10/12/2016 15:54:00,286,6,12,0,-4,1
10/12/2016 15:55:00,286,6,12,0,-4,1
10/12/2016 15:56:00,286,6,11,0,-4,1
10/12/2016 15:57:00,286,6,11,0,-4,1
10/12/2016 15:58:00,286,6,11,0,-4,1
10/12/2016 15:59:00,286,6,11,0,-4,1
10/12/2016 16:00:00,286,6,11,0,-4,1
10/12/2016 16:01:00,286,5,11,0,-4,1
10/12/2016 16:02:00,286,5,12,0,-4,1
10/12/2016 16:03:00,286,5,13,0,-4,1
10/12/2016 16:04:00,286,5,12,0,-4,1
10/12/2016 16:05:00,286,5,12,0,-4,1
10/12/2016 16:06:00,286,5,12,0,-4,1
10/12/2016 16:07:00,286,5,11,0,-4,1
10/12/2016 16:08:00,286,5,12,0,-5,1
10/12/2016 16:09:00,286,6,13,0,-5,1
10/12/2016 16:10:00,286,5,13,0,-5,1
10/12/2016 16:11:00,286,5,12,0,-5,1
10/12/2016 16:12:00,286,4,10,-1,-5,1
10/12/2016 16:13:00,286,4,12,-1,-5,1
10/12/2016 16:14:00,286,3,12,0,-4,1
10/12/2016 16:15:00,286,3,13,0,-4,1
10/12/2016 16:16:00,286,4,15,0,-4,1
10/12/2016 16:17:00,286,5,16,0,-4,1
10/12/2016 16:18:00,286,4,14,-1,-5,1
10/12/2016 16:19:00,286,4,14,-1,-5,1
10/12/2016 16:20:00,286,3,13,-1,-5,1
10/12/2016 16:21:00,286,4,14,-1,-5,1
10/12/2016 16:22:00,286,3,14,-1,-5,1
10/12/2016 16:23:00,286,3,14,-1,-5,1
10/12/2016 16:24:00,286,3,15,-1,-5,1
10/12/2016 16:25:00,286,4,15,-1,-5,1
10/12/2016 16:26:00,286,5,14,-1,-5,1
10/12/2016 16:27:00,286,6,15,0,-5,1
10/12/2016 16:28:00,286,7,16,0,-5,1
10/12/2016 16:29:00,286,5,14,-1,-6,1
10/12/2016 16:30:00,286,4,14,-1,-7,1
10/12/2016 16:31:00,286,4,15,-1,-7,1
10/12/2016 16:32:00,286,5,17,0,-6,1
10/12/2016 16:33:00,286,5,14,-1,-6,1
10/12/2016 16:34:00,286,5,15,-1,-6,1
10/12/2016 16:35:00,286,5,16,-1,-6,1
10/12/2016 16:36:00,286,5,15,-1,-6,1
10/12/2016 16:37:00,286,6,15,-1,-6,1
10/12/2016 16:38:00,286,6,15,-1,-6,1
10/12/2016 16:39:00,286,7,16,0,-5,1
10/12/2016 16:40:00,286,7,15,-1,-5,1
10/12/2016 16:41:00,286,6,14,-1,-5,1
10/12/2016 16:42:00,286,6,14,-1,-5,1
10/12/2016 16:43:00,286,4,13,-1,-5,1
10/12/2016 16:44:00,286,5,15,-1,-5,1
10/12/2016 16:45:00,286,5,14,-1,-5,1
10/12/2016 16:46:00,286,6,15,-1,-5,1
10/12/2016 16:47:00,286,6,15,-1,-5,1
10/12/2016 16:48:00,286,5,15,-1,-5,1
10/12/2016 16:49:00,286,5,15,-1,-5,1
10/12/2016 16:50:00,286,5,15,-1,-6,1
10/12/2016 16:51:00,286,5,15,-1,-6,1
10/12/2016 16:52:00,286,5,16,-1,-6,1
10/12/2016 16:53:00,286,5,16,-1,-6,1
10/12/2016 16:54:00,286,4,16,-1,-6,1
10/12/2016 16:55:00,286,3,17,-1,-6,1
10/12/2016 16:56:00,286,3,16,-1,-6,1
10/12/2016 16:57:00,286,3,15,-1,-6,1
10/12/2016 16:58:00,286,3,15,-1,-6,1
10/12/2016 16:59:00,286,3,15,-1,-7,1
10/12/2016 17:00:00,286,3,14,-1,-6,1
10/12/2016 17:01:00,286,4,16,-1,-6,1
10/12/2016 17:02:00,286,3,17,-1,-5,1
10/12/2016 17:03:00,286,3,17,-1,-4,1
10/12/2016 17:04:00,286,2,18,-1,-4,1
10/12/2016 17:05:00,286,2,17,-1,-5,1
10/12/2016 17:06:00,286,2,14,-1,-5,1
10/12/2016 17:07:00,286,3,16,-1,-5,1
10/12/2016 17:08:00,286,3,15,-1,-5,1
10/12/2016 17:09:00,286,3,16,-1,-5,1
10/12/2016 17:10:00,286,3,16,-1,-5,1
10/12/2016 17:11:00,286,3,16,-1,-5,1
10/12/2016 17:12:00,286,3,16,-1,-6,1
10/12/2016 17:13:00,286,3,16,-1,-6,1
10/12/2016 17:14:00,286,3,17,-1,-6,1
10/12/2016 17:15:00,286,3,14,-1,-6,1
10/12/2016 17:16:00,286,3,14,-1,-6,1
10/12/2016 17:17:00,286,4,15,-1,-5,1
10/12/2016 17:18:00,286,3,16,-1,-6,1
10/12/2016 17:19:00,286,4,15,-1,-6,1
10/12/2016 17:20:00,286,4,15,-1,-6,1
10/12/2016 17:21:00,286,3,16,0,-6,1
10/12/2016 17:22:00,286,4,16,-1,-6,1
10/12/2016 17:23:00,286,4,15,-1,-6,1
10/12/2016 17:24:00,286,3,15,0,-6,1
10/12/2016 17:25:00,286,4,16,-1,-6,1
10/12/2016 17:26:00,286,3,16,0,-6,1
10/12/2016 17:27:00,286,3,16,-1,-6,1
10/12/2016 17:28:00,286,3,16,-1,-6,1
10/12/2016 17:29:00,286,3,16,0,-7,1
10/12/2016 17:30:00,286,3,16,0,-7,1
10/12/2016 17:31:00,286,3,16,0,-7,1
10/12/2016 17:32:00,286,3,16,0,-7,1
10/12/2016 17:33:00,286,2,15,0,-7,1
10/12/2016 17:34:00,286,3,16,0,-6,1
10/12/2016 17:35:00,286,2,15,0,-7,1
10/12/2016 17:36:00,286,3,16,0,-7,1
10/12/2016 17:37:00,286,2,16,-1,-7,1
10/12/2016 17:38:00,286,2,16,0,-7,1
10/12/2016 17:39:00,286,2,16,0,-7,1
10/12/2016 17:40:00,286,2,16,0,-8,1
10/12/2016 17:41:00,286,1,15,0,-7,1
10/12/2016 17:42:00,286,2,17,0,-7,1
10/12/2016 17:43:00,286,2,15,0,-7,1
10/12/2016 17:44:00,286,2,16,0,-7,1
10/12/2016 17:45:00,286,2,16,0,-7,1
10/12/2016 17:46:00,286,2,16,0,-7,1
10/12/2016 17:47:00,286,3,17,0,-6,1
10/12/2016 17:48:00,286,3,16,0,-6,1
10/12/2016 17:49:00,286,4,16,0,-6,1
10/12/2016 17:50:00,286,3,16,0,-6,1
10/12/2016 17:51:00,286,4,16,0,-5,1
10/12/2016 17:52:00,286,4,16,0,-5,1
10/12/2016 17:53:00,286,4,16,0,-5,1
10/12/2016 17:54:00,286,5,16,0,-5,1
10/12/2016 17:55:00,286,6,17,0,-4,1
10/12/2016 17:56:00,286,6,17,0,-4,1
10/12/2016 17:57:00,286,6,17,0,-5,1
10/12/2016 17:58:00,286,5,16,0,-5,1
10/12/2016 17:59:00,286,5,17,1,-5,1
10/12/2016 18:00:00,286,5,17,1,-5,1
10/12/2016 18:01:00,286,5,16,1,-5,1
10/12/2016 18:02:00,286,5,17,1,-5,1
10/12/2016 18:03:00,286,5,16,0,-6,1
10/12/2016 18:04:00,286,5,16,1,-5,1
10/12/2016 18:05:00,286,5,16,1,-5,1
10/12/2016 18:06:00,286,5,16,1,-5,1
10/12/2016 18:07:00,286,6,16,1,-5,1
10/12/2016 18:08:00,286,5,15,1,-5,1
10/12/2016 18:09:00,286,6,15,1,-5,1
10/12/2016 18:10:00,286,6,15,1,-5,1
10/12/2016 18:11:00,286,6,15,1,-5,1
10/12/2016 18:12:00,286,7,15,1,-5,1
10/12/2016 18:13:00,286,6,15,1,-5,1
10/12/2016 18:14:00,286,6,16,1,-6,1
10/12/2016 18:15:00,286,5,15,1,-6,1
10/12/2016 18:16:00,286,5,16,1,-6,1
10/12/2016 18:17:00,286,5,16,1,-6,1
10/12/2016 18:18:00,286,5,15,1,-6,1
10/12/2016 18:19:00,286,6,15,1,-5,1
10/12/2016 18:20:00,286,6,14,1,-5,1
10/12/2016 18:21:00,286,7,15,1,-5,1
10/12/2016 18:22:00,286,8,15,1,-5,1
10/12/2016 18:23:00,286,7,14,1,-5,1
10/12/2016 18:24:00,286,7,15,1,-5,1
10/12/2016 18:25:00,286,7,15,1,-5,1
10/12/2016 18:26:00,286,7,15,1,-4,1
10/12/2016 18:27:00,286,7,14,1,-4,1
10/12/2016 18:28:00,286,7,14,1,-4,1
10/12/2016 18:29:00,286,8,14,1,-4,1
10/12/2016 18:30:00,286,9,14,1,-3,1
10/12/2016 18:31:00,286,9,14,1,-4,1
10/12/2016 18:32:00,286,8,13,1,-4,1
10/12/2016 18:33:00,286,9,14,1,-4,1
10/12/2016 18:34:00,286,8,13,1,-4,1
10/12/2016 18:35:00,286,9,14,1,-4,1
10/12/2016 18:36:00,286,9,12,1,-4,1
10/12/2016 18:37:00,286,8,13,1,-5,1
10/12/2016 18:38:00,286,9,13,1,-5,1
10/12/2016 18:39:00,286,8,13,1,-5,1
10/12/2016 18:40:00,286,8,13,1,-5,1
10/12/2016 18:41:00,286,8,13,1,-5,1
10/12/2016 18:42:00,286,7,13,1,-6,1
10/12/2016 18:43:00,286,8,14,1,-5,1
10/12/2016 18:44:00,286,8,13,1,-5,1
10/12/2016 18:45:00,286,7,13,1,-5,1
10/12/2016 18:46:00,286,7,14,1,-5,1
10/12/2016 18:47:00,286,8,14,1,-5,1
10/12/2016 18:48:00,286,7,14,1,-5,1
10/12/2016 18:49:00,286,8,14,1,-4,1
10/12/2016 18:50:00,286,8,14,1,-4,1
10/12/2016 18:51:00,286,8,14,1,-4,1
10/12/2016 18:52:00,286,8,15,1,-4,1
10/12/2016 18:53:00,286,8,15,2,-4,1
10/12/2016 18:54:00,286,8,14,2,-4,1
10/12/2016 18:55:00,286,7,14,2,-4,1
10/12/2016 18:56:00,286,7,14,2,-4,1
10/12/2016 18:57:00,286,8,15,2,-4,1
10/12/2016 18:58:00,286,8,15,1,-4,1
10/12/2016 18:59:00,286,8,15,1,-4,1
10/12/2016 19:00:00,286,7,15,1,-4,1
10/12/2016 19:01:00,286,7,14,1,-5,1
10/12/2016 19:02:00,286,7,15,1,-4,1
10/12/2016 19:03:00,286,8,15,1,-4,1
10/12/2016 19:04:00,286,8,15,1,-4,1
10/12/2016 19:05:00,286,8,15,1,-4,1
10/12/2016 19:06:00,286,7,14,1,-5,1
10/12/2016 19:07:00,286,7,15,1,-5,1
10/12/2016 19:08:00,286,7,16,1,-5,1
10/12/2016 19:09:00,286,6,15,2,-5,1
10/12/2016 19:10:00,286,7,15,1,-5,1
10/12/2016 19:11:00,286,7,16,1,-5,1
10/12/2016 19:12:00,286,7,17,1,-5,1
10/12/2016 19:13:00,286,6,17,1,-5,1
10/12/2016 19:14:00,286,7,17,1,-5,1
10/12/2016 19:15:00,286,6,15,1,-5,1
10/12/2016 19:16:00,286,6,16,1,-5,1
10/12/2016 19:17:00,286,6,17,1,-5,1
10/12/2016 19:18:00,286,7,17,1,-5,1
10/12/2016 19:19:00,286,6,15,1,-6,1
10/12/2016 19:20:00,286,6,17,1,-6,1
10/12/2016 19:21:00,286,5,16,2,-6,1
10/12/2016 19:22:00,286,5,16,2,-7,1
10/12/2016 19:23:00,286,5,17,2,-6,1
10/12/2016 19:24:00,286,5,17,2,-7,1
10/12/2016 19:25:00,286,5,18,2,-6,1
10/12/2016 19:26:00,286,5,17,2,-7,1
10/12/2016 19:27:00,286,4,16,2,-8,1
10/12/2016 19:28:00,286,4,18,2,-7,1
10/12/2016 19:29:00,286,4,17,2,-7,1
10/12/2016 19:30:00,286,4,18,2,-7,1
10/12/2016 19:31:00,286,4,19,2,-7,1
10/12/2016 19:32:00,286,5,18,2,-7,1
10/12/2016 19:33:00,286,5,18,2,-7,1
10/12/2016 19:34:00,286,5,20,2,-6,1
10/12/2016 19:35:00,286,5,19,2,-6,1
10/12/2016 19:36:00,286,5,17,2,-7,1
10/12/2016 19:37:00,286,5,18,2,-6,1
10/12/2016 19:38:00,286,4,17,1,-7,1
10/12/2016 19:39:00,286,5,18,2,-7,1
10/12/2016 19:40:00,286,5,18,2,-7,1
10/12/2016 19:41:00,286,6,19,1,-7,1
10/12/2016 19:42:00,286,5,17,1,-7,1
10/12/2016 19:43:00,286,4,19,2,-7,1
10/12/2016 19:44:00,286,5,19,1,-7,1
10/12/2016 19:45:00,286,5,19,1,-6,1
10/12/2016 19:46:00,286,5,19,1,-6,1
10/12/2016 19:47:00,286,5,19,2,-7,1
10/12/2016 19:48:00,286,5,19,1,-7,1
10/12/2016 19:49:00,286,5,19,1,-7,1
10/12/2016 19:50:00,286,5,20,1,-7,1
10/12/2016 19:51:00,286,5,19,1,-7,1
10/12/2016 19:52:00,286,5,20,1,-6,1
10/12/2016 19:53:00,286,5,20,1,-6,1
10/12/2016 19:54:00,286,5,19,1,-5,1
10/12/2016 19:55:00,286,6,20,1,-5,1
10/12/2016 19:56:00,286,5,19,1,-5,1
10/12/2016 19:57:00,286,4,19,1,-5,1
10/12/2016 19:58:00,286,5,19,1,-5,1
10/12/2016 19:59:00,286,5,19,1,-5,1
10/12/2016 20:00:00,286,6,19,1,-5,1
10/12/2016 20:01:00,286,6,19,1,-5,1
10/12/2016 20:02:00,286,5,18,1,-5,1
10/12/2016 20:03:00,286,7,19,0,-5,1
10/12/2016 20:04:00,286,6,20,0,-5,1
10/12/2016 20:05:00,286,6,19,0,-5,1
10/12/2016 20:06:00,286,6,19,0,-5,1
10/12/2016 20:07:00,286,7,19,0,-5,1
10/12/2016 20:08:00,286,7,20,0,-5,1
10/12/2016 20:09:00,286,6,20,0,-5,1
10/12/2016 20:10:00,286,7,21,0,-4,1
10/12/2016 20:11:00,286,6,19,0,-5,1
10/12/2016 20:12:00,286,6,20,0,-5,1
10/12/2016 20:13:00,286,5,20,0,-6,1
10/12/2016 20:14:00,286,6,19,1,-6,1
10/12/2016 20:15:00,286,5,19,1,-6,1
10/12/2016 20:16:00,286,5,20,1,-6,1
10/12/2016 20:17:00,286,5,20,1,-6,1
10/12/2016 20:18:00,286,5,20,1,-6,1
10/12/2016 20:19:00,286,5,19,1,-5,1
10/12/2016 20:20:00,286,4,19,1,-5,1
10/12/2016 20:21:00,286,4,19,0,-5,1
10/12/2016 20:22:00,286,4,18,1,-6,1
10/12/2016 20:23:00,286,4,18,1,-6,1
10/12/2016 20:24:00,286,4,19,1,-6,1
10/12/2016 20:25:00,286,3,19,1,-6,1
10/12/2016 20:26:00,286,4,18,1,-6,1
10/12/2016 20:27:00,286,4,18,1,-6,1
10/12/2016 20:28:00,286,3,18,1,-6,1
10/12/2016 20:29:00,286,4,19,1,-6,1
10/12/2016 20:30:00,286,3,19,1,-6,1
10/12/2016 20:31:00,286,3,19,1,-6,1
10/12/2016 20:32:00,286,4,19,1,-5,1
10/12/2016 20:33:00,286,4,17,1,-6,1
10/12/2016 20:34:00,286,3,19,1,-6,1
10/12/2016 20:35:00,286,4,19,1,-5,1
10/12/2016 20:36:00,286,4,19,1,-5,1
10/12/2016 20:37:00,286,3,18,1,-5,1
10/12/2016 20:38:00,286,3,18,1,-5,1
10/12/2016 20:39:00,286,3,18,1,-6,1
10/12/2016 20:40:00,286,4,17,1,-6,1
10/12/2016 20:41:00,286,3,17,1,-6,1
10/12/2016 20:42:00,286,3,17,1,-6,1
10/12/2016 20:43:00,286,3,17,1,-7,1
10/12/2016 20:44:00,286,3,18,1,-7,1
10/12/2016 20:45:00,286,4,18,1,-7,1
10/12/2016 20:46:00,286,4,18,1,-7,1
10/12/2016 20:47:00,286,4,17,1,-7,1
10/12/2016 20:48:00,286,5,18,0,-6,1
10/12/2016 20:49:00,286,5,17,0,-6,1
10/12/2016 20:50:00,286,6,17,0,-5,1
10/12/2016 20:51:00,286,7,16,-1,-6,1
10/12/2016 20:52:00,286,7,18,-1,-6,1
10/12/2016 20:53:00,286,7,18,-1,-5,1
10/12/2016 20:54:00,286,8,18,-1,-4,1
10/12/2016 20:55:00,286,9,19,-1,-5,1
10/12/2016 20:56:00,286,8,19,-2,-5,1
10/12/2016 20:57:00,286,9,21,-2,-4,1
10/12/2016 20:58:00,286,9,20,-2,-5,1
10/12/2016 20:59:00,286,9,20,-2,-4,1
10/12/2016 21:00:00,286,9,20,-2,-5,1
10/12/2016 21:01:00,286,9,20,-2,-5,1
10/12/2016 21:02:00,286,9,20,-2,-4,1
10/12/2016 21:03:00,286,8,19,-2,-4,1
10/12/2016 21:04:00,286,8,19,-2,-4,1
10/12/2016 21:05:00,286,8,18,-2,-4,1
10/12/2016 21:06:00,286,9,19,-2,-3,1
10/12/2016 21:07:00,286,8,17,-1,-3,1
10/12/2016 21:08:00,286,8,18,-1,-3,1
10/12/2016 21:09:00,286,8,18,-1,-3,1
10/12/2016 21:10:00,286,7,17,-1,-3,1
10/12/2016 21:11:00,286,6,16,-1,-3,1
10/12/2016 21:12:00,286,6,16,-1,-3,1
10/12/2016 21:13:00,286,6,15,-1,-4,1
10/12/2016 21:14:00,286,6,14,-1,-4,1
10/12/2016 21:15:00,286,6,14,-1,-4,1
10/12/2016 21:16:00,286,5,13,0,-4,1
10/12/2016 21:17:00,286,4,13,-1,-4,1
10/12/2016 21:18:00,286,4,12,0,-5,1
10/12/2016 21:19:00,286,4,13,0,-5,1
10/12/2016 21:20:00,286,3,12,0,-5,1
10/12/2016 21:21:00,286,3,13,0,-5,1
10/12/2016 21:22:00,286,4,12,0,-5,1
10/12/2016 21:23:00,286,3,12,0,-5,1
10/12/2016 21:24:00,286,3,12,0,-5,1
10/12/2016 21:25:00,286,3,13,0,-5,1
10/12/2016 21:26:00,286,3,13,0,-4,1
10/12/2016 21:27:00,286,3,12,0,-5,1
10/12/2016 21:28:00,286,2,12,0,-4,1
10/12/2016 21:29:00,286,3,12,0,-4,1
10/12/2016 21:30:00,286,3,12,0,-4,1
10/12/2016 21:31:00,286,3,10,0,-4,1
10/12/2016 21:32:00,286,3,10,0,-4,1
10/12/2016 21:33:00,286,4,11,0,-4,1
10/12/2016 21:34:00,286,3,11,0,-4,1
10/12/2016 21:35:00,286,3,11,0,-4,1
10/12/2016 21:36:00,286,3,11,0,-4,1
10/12/2016 21:37:00,286,5,11,0,-4,1
10/12/2016 21:38:00,286,4,10,0,-4,1
10/12/2016 21:39:00,286,5,10,0,-4,1
10/12/2016 21:40:00,286,5,10,1,-4,1
10/12/2016 21:41:00,286,5,10,1,-5,1
10/12/2016 21:42:00,286,5,10,1,-5,1
10/12/2016 21:43:00,286,5,9,1,-5,1
10/12/2016 21:44:00,286,5,9,0,-5,1
10/12/2016 21:45:00,286,5,8,0,-5,1
10/12/2016 21:46:00,286,5,9,0,-6,1
10/12/2016 21:47:00,286,5,9,0,-5,1
10/12/2016 21:48:00,286,5,10,0,-5,1
10/12/2016 21:49:00,286,5,11,0,-5,1
10/12/2016 21:50:00,286,6,11,0,-6,1
10/12/2016 21:51:00,286,7,11,0,-6,1
10/12/2016 21:52:00,286,7,11,-1,-7,1
10/12/2016 21:53:00,286,7,12,0,-6,1
10/12/2016 21:54:00,286,6,11,0,-7,1
10/12/2016 21:55:00,286,6,11,0,-7,1
10/12/2016 21:56:00,286,6,11,0,-7,1
10/12/2016 21:57:00,286,6,11,0,-7,1
10/12/2016 21:58:00,286,6,11,0,-7,1
10/12/2016 21:59:00,286,7,11,0,-7,1
10/12/2016 22:00:00,286,7,10,0,-7,1
10/12/2016 22:01:00,286,6,10,0,-7,1
10/12/2016 22:02:00,286,6,11,0,-7,1
10/12/2016 22:03:00,286,6,11,0,-8,1
10/12/2016 22:04:00,286,6,11,0,-8,1
10/12/2016 22:05:00,286,9,11,0,-8,1
10/12/2016 22:06:00,286,7,10,0,-8,1
10/12/2016 22:07:00,286,7,10,0,-8,1
10/12/2016 22:08:00,286,7,10,0,-8,1
10/12/2016 22:09:00,286,8,9,0,-8,1
10/12/2016 22:10:00,286,8,9,0,-8,1
10/12/2016 22:11:00,286,8,9,0,-8,1
10/12/2016 22:12:00,286,9,9,0,-8,1
10/12/2016 22:13:00,286,12,9,0,-4,1
10/12/2016 22:14:00,286,8,8,0,3,1
10/12/2016 22:15:00,286,8,10,1,11,1
10/12/2016 22:16:00,286,18,19,3,17,1
10/12/2016 22:17:00,286,27,25,4,20,1
10/12/2016 22:18:00,286,28,23,4,20,1
10/12/2016 22:19:00,286,24,20,3,19,1
10/12/2016 22:20:00,286,20,13,1,17,1
10/12/2016 22:21:00,286,18,12,1,17,1
10/12/2016 22:22:00,286,16,12,1,16,1
10/12/2016 22:23:00,286,16,11,1,17,1
10/12/2016 22:24:00,286,14,9,1,16,1
10/12/2016 22:25:00,286,14,10,0,16,1
10/12/2016 22:26:00,286,12,13,0,14,1
10/12/2016 22:27:00,286,10,15,-1,14,1
10/12/2016 22:28:00,286,9,16,-1,13,1
10/12/2016 22:29:00,286,8,14,-1,12,1
10/12/2016 22:30:00,286,7,15,-1,13,1
10/12/2016 22:31:00,286,8,18,-2,12,1
10/12/2016 22:32:00,286,8,18,-2,12,1
10/12/2016 22:33:00,286,8,16,-1,13,1
10/12/2016 22:34:00,286,9,16,-1,13,1
10/12/2016 22:35:00,286,9,17,-1,13,1
10/12/2016 22:36:00,286,10,20,-1,12,1
10/12/2016 22:37:00,286,10,19,-1,12,1
10/12/2016 22:38:00,286,11,20,-1,12,1
10/12/2016 22:39:00,286,11,19,-1,13,1
10/12/2016 22:40:00,286,10,19,-1,13,1
10/12/2016 22:41:00,286,10,20,-1,13,1
10/12/2016 22:42:00,286,9,20,-1,13,1
10/12/2016 22:43:00,286,9,19,-1,13,1
10/12/2016 22:44:00,286,10,20,-1,12,1
10/12/2016 22:45:00,286,10,21,-1,13,1
10/12/2016 22:46:00,286,9,21,-1,13,1
10/12/2016 22:47:00,286,9,20,-1,14,1
10/12/2016 22:48:00,286,11,19,0,14,1
10/12/2016 22:49:00,286,11,20,0,13,1
10/12/2016 22:50:00,286,10,21,-1,12,1
10/12/2016 22:51:00,286,8,21,-1,12,1
10/12/2016 22:52:00,286,7,21,-1,11,1
10/12/2016 22:53:00,286,7,19,-1,11,1
10/12/2016 22:54:00,286,6,18,0,12,1
10/12/2016 22:55:00,286,6,18,0,12,1
10/12/2016 22:56:00,286,6,17,0,12,1
10/12/2016 22:57:00,286,7,16,0,12,1
10/12/2016 22:58:00,286,7,16,0,13,1
10/12/2016 22:59:00,286,6,15,0,13,1
10/12/2016 23:00:00,286,6,15,0,13,1
10/12/2016 23:01:00,286,6,14,1,13,1
10/12/2016 23:02:00,286,6,14,1,13,1
10/12/2016 23:03:00,286,6,14,1,13,1
10/12/2016 23:04:00,286,6,13,1,13,1
10/12/2016 23:05:00,286,6,12,1,13,1
10/12/2016 23:06:00,286,6,12,1,13,1
10/12/2016 23:07:00,286,6,12,1,13,1
10/12/2016 23:08:00,286,6,12,1,13,1
10/12/2016 23:09:00,286,6,11,1,13,1
10/12/2016 23:10:00,286,6,10,1,13,1
10/12/2016 23:11:00,286,5,10,1,13,1
10/12/2016 23:12:00,286,6,10,1,13,1
10/12/2016 23:13:00,286,5,10,1,14,1
10/12/2016 23:14:00,286,6,10,1,14,1
10/12/2016 23:15:00,286,6,12,1,14,1
10/12/2016 23:16:00,286,5,11,1,15,1
10/12/2016 23:17:00,286,6,10,1,15,1
10/12/2016 23:18:00,286,7,10,2,15,1
10/12/2016 23:19:00,286,9,9,2,15,1
10/12/2016 23:20:00,286,8,9,2,15,1
10/12/2016 23:21:00,286,8,10,2,15,1
10/12/2016 23:22:00,286,8,10,2,15,1
10/12/2016 23:23:00,286,8,11,2,15,1
10/12/2016 23:24:00,286,9,10,2,16,1
10/12/2016 23:25:00,286,10,11,2,17,1
10/12/2016 23:26:00,286,12,9,3,17,1
10/12/2016 23:27:00,286,14,10,3,18,1
10/12/2016 23:28:00,286,15,9,3,17,1
10/12/2016 23:29:00,286,14,10,2,17,1
10/12/2016 23:30:00,286,14,11,2,17,1
10/12/2016 23:31:00,286,13,11,2,17,1
10/12/2016 23:32:00,286,13,11,2,18,1
10/12/2016 23:33:00,286,14,9,2,19,1
10/12/2016 23:34:00,286,14,9,2,19,1
10/12/2016 23:35:00,286,14,9,2,19,1
10/12/2016 23:36:00,286,16,9,2,19,1
10/12/2016 23:37:00,286,16,9,2,20,1
10/12/2016 23:38:00,286,17,9,2,21,1
10/12/2016 23:39:00,286,20,9,2,22,1
10/12/2016 23:40:00,286,21,9,2,23,1
10/12/2016 23:41:00,286,22,10,2,23,1
10/12/2016 23:42:00,286,22,10,2,23,1
10/12/2016 23:43:00,286,19,11,2,22,1
10/12/2016 23:44:00,286,18,11,2,22,1
10/12/2016 23:45:00,286,16,11,2,21,1
10/12/2016 23:46:00,286,14,12,1,21,1
10/12/2016 23:47:00,286,14,11,1,21,1
10/12/2016 23:48:00,286,15,11,2,21,1
10/12/2016 23:49:00,286,16,10,2,20,1
10/12/2016 23:50:00,286,13,10,2,20,1
10/12/2016 23:51:00,286,12,11,1,19,1
10/12/2016 23:52:00,286,10,12,1,18,1
10/12/2016 23:53:00,286,10,12,1,18,1
10/12/2016 23:54:00,286,11,11,1,18,1
10/12/2016 23:55:00,286,10,11,1,17,1
10/12/2016 23:56:00,286,10,11,1,17,1
10/12/2016 23:57:00,286,10,10,1,18,1
10/12/2016 23:58:00,286,11,10,1,18,1
10/12/2016 23:59:00,286,10,11,1,18,1
10/13/2016 00:00:00,287,9,10,1,18,1
10/13/2016 00:01:00,287,9,11,1,18,1
10/13/2016 00:02:00,287,8,11,1,18,1
10/13/2016 00:03:00,287,8,11,1,18,1
10/13/2016 00:04:00,287,9,11,1,19,1
10/13/2016 00:05:00,287,9,10,1,19,1
10/13/2016 00:06:00,287,8,11,1,18,1
10/13/2016 00:07:00,287,7,12,1,18,1
10/13/2016 00:08:00,287,7,12,1,18,1
10/13/2016 00:09:00,287,7,11,1,18,1
10/13/2016 00:10:00,287,7,12,1,19,1
10/13/2016 00:11:00,287,8,11,1,19,1
10/13/2016 00:12:00,287,7,11,1,19,1
10/13/2016 00:13:00,287,6,11,1,18,1
10/13/2016 00:14:00,287,7,11,1,18,1
10/13/2016 00:15:00,287,7,11,1,18,1
10/13/2016 00:16:00,287,8,10,1,18,1
10/13/2016 00:17:00,287,9,10,1,19,1
10/13/2016 00:18:00,287,9,10,1,19,1
10/13/2016 00:19:00,287,7,9,1,19,1
10/13/2016 00:20:00,287,8,10,1,18,1
10/13/2016 00:21:00,287,10,11,1,19,1
10/13/2016 00:22:00,287,10,9,1,19,1
10/13/2016 00:23:00,287,13,8,2,19,1
10/13/2016 00:24:00,287,12,9,2,19,1
10/13/2016 00:25:00,287,12,9,1,18,1
10/13/2016 00:26:00,287,13,9,1,18,1
10/13/2016 00:27:00,287,12,9,1,18,1
10/13/2016 00:28:00,287,13,9,1,18,1
10/13/2016 00:29:00,287,13,9,1,18,1
10/13/2016 00:30:00,287,13,8,1,18,1
10/13/2016 00:31:00,287,13,8,1,17,1
10/13/2016 00:32:00,287,11,9,1,16,1
10/13/2016 00:33:00,287,11,10,1,16,1
10/13/2016 00:34:00,287,11,9,1,16,1
10/13/2016 00:35:00,287,11,9,1,16,1
10/13/2016 00:36:00,287,10,10,1,15,1
10/13/2016 00:37:00,287,8,11,1,15,1
10/13/2016 00:38:00,287,8,10,0,15,1
10/13/2016 00:39:00,287,8,9,1,14,1
10/13/2016 00:40:00,287,9,9,1,13,1
10/13/2016 00:41:00,287,6,9,0,10,1
10/13/2016 00:42:00,287,6,11,0,8,1
10/13/2016 00:43:00,287,6,9,0,8,1
10/13/2016 00:44:00,287,5,10,-1,8,1
10/13/2016 00:45:00,287,5,12,-1,7,1
10/13/2016 00:46:00,287,5,11,-1,8,1
10/13/2016 00:47:00,287,4,10,0,8,1
10/13/2016 00:48:00,287,5,10,0,8,1
10/13/2016 00:49:00,287,4,11,0,9,1
10/13/2016 00:50:00,287,4,11,0,9,1
10/13/2016 00:51:00,287,3,11,0,10,1
10/13/2016 00:52:00,287,3,12,0,10,1
10/13/2016 00:53:00,287,4,11,0,10,1
10/13/2016 00:54:00,287,4,12,0,9,1
10/13/2016 00:55:00,287,5,12,0,9,1
10/13/2016 00:56:00,287,6,10,0,9,1
10/13/2016 00:57:00,287,6,10,0,8,1
10/13/2016 00:58:00,287,5,11,0,8,1
10/13/2016 00:59:00,287,5,11,0,8,1
10/13/2016 01:00:00,287,5,11,0,9,1
10/13/2016 01:01:00,287,5,11,0,9,1
10/13/2016 01:02:00,287,5,10,0,10,1
10/13/2016 01:03:00,287,6,11,0,10,1
10/13/2016 01:04:00,287,6,11,0,10,1
10/13/2016 01:05:00,287,7,11,0,10,1
10/13/2016 01:06:00,287,7,11,1,10,1
10/13/2016 01:07:00,287,7,10,1,10,1
10/13/2016 01:08:00,287,7,10,1,10,1
10/13/2016 01:09:00,287,7,10,1,10,1
10/13/2016 01:10:00,287,6,10,1,10,1
10/13/2016 01:11:00,287,7,9,1,11,1
10/13/2016 01:12:00,287,6,9,1,11,1
10/13/2016 01:13:00,287,6,9,1,11,1
10/13/2016 01:14:00,287,6,9,1,11,1
10/13/2016 01:15:00,287,6,9,1,11,1
10/13/2016 01:16:00,287,5,9,1,11,1
10/13/2016 01:17:00,287,5,10,1,11,1
10/13/2016 01:18:00,287,5,10,1,11,1
10/13/2016 01:19:00,287,5,10,1,11,1
10/13/2016 01:20:00,287,6,9,1,12,1
10/13/2016 01:21:00,287,6,9,1,12,1
10/13/2016 01:22:00,287,6,8,1,12,1
10/13/2016 01:23:00,287,6,9,1,12,1
10/13/2016 01:24:00,287,6,8,1,11,1
10/13/2016 01:25:00,287,6,8,1,12,1
10/13/2016 01:26:00,287,5,9,1,11,1
10/13/2016 01:27:00,287,5,9,1,11,1
10/13/2016 01:28:00,287,5,9,1,11,1
10/13/2016 01:29:00,287,5,9,1,11,1
10/13/2016 01:30:00,287,5,8,1,11,1
10/13/2016 01:31:00,287,4,9,1,11,1
10/13/2016 01:32:00,287,4,9,1,11,1
10/13/2016 01:33:00,287,5,10,1,11,1
10/13/2016 01:34:00,287,5,10,1,11,1
10/13/2016 01:35:00,287,5,9,1,11,1
10/13/2016 01:36:00,287,5,9,1,12,1
10/13/2016 01:37:00,287,5,9,1,12,1
10/13/2016 01:38:00,287,6,9,1,12,1
10/13/2016 01:39:00,287,5,9,1,12,1
10/13/2016 01:40:00,287,6,9,2,12,1
10/13/2016 01:41:00,287,6,8,1,12,1
10/13/2016 01:42:00,287,6,9,1,11,1
10/13/2016 01:43:00,287,5,9,1,11,1
10/13/2016 01:44:00,287,5,9,1,11,1
10/13/2016 01:45:00,287,4,9,1,10,1
10/13/2016 01:46:00,287,4,8,1,11,1
10/13/2016 01:47:00,287,4,9,1,11,1
10/13/2016 01:48:00,287,4,8,1,12,1
10/13/2016 01:49:00,287,4,9,1,13,1
10/13/2016 01:50:00,287,4,9,2,13,1
10/13/2016 01:51:00,287,4,9,2,14,1
10/13/2016 01:52:00,287,4,10,1,14,1
10/13/2016 01:53:00,287,4,9,2,14,1
10/13/2016 01:54:00,287,4,8,2,14,1
10/13/2016 01:55:00,287,4,8,2,12,1
10/13/2016 01:56:00,287,4,8,1,11,1
10/13/2016 01:57:00,287,3,8,1,11,1
10/13/2016 01:58:00,287,3,9,1,12,1
10/13/2016 01:59:00,287,4,10,1,15,1
10/13/2016 02:00:00,287,4,10,1,17,1
10/13/2016 02:01:00,287,4,9,2,18,1
10/13/2016 02:02:00,287,5,10,2,20,1
10/13/2016 02:03:00,287,6,10,2,22,1
10/13/2016 02:04:00,287,5,10,2,24,1
10/13/2016 02:05:00,287,6,10,2,25,1
10/13/2016 02:06:00,287,8,10,2,26,1
10/13/2016 02:07:00,287,8,13,3,26,1
10/13/2016 02:08:00,287,7,12,2,24,1
10/13/2016 02:09:00,287,7,11,2,24,1
10/13/2016 02:10:00,287,5,11,2,25,1
10/13/2016 02:11:00,287,6,11,2,25,1
10/13/2016 02:12:00,287,6,10,2,26,1
10/13/2016 02:13:00,287,6,10,2,26,1
10/13/2016 02:14:00,287,6,10,2,25,1
10/13/2016 02:15:00,287,4,11,1,25,1
10/13/2016 02:16:00,287,4,9,1,23,1
10/13/2016 02:17:00,287,5,10,1,23,1
10/13/2016 02:18:00,287,3,10,1,21,1
10/13/2016 02:19:00,287,2,10,1,21,1
10/13/2016 02:20:00,287,2,9,1,20,1
10/13/2016 02:21:00,287,3,9,1,21,1
10/13/2016 02:22:00,287,3,9,1,21,1
10/13/2016 02:23:00,287,3,9,1,21,1
10/13/2016 02:24:00,287,3,9,1,21,1
10/13/2016 02:25:00,287,3,9,1,21,1
10/13/2016 02:26:00,287,3,9,1,21,1
10/13/2016 02:27:00,287,3,9,1,21,1
10/13/2016 02:28:00,287,3,10,0,21,1
10/13/2016 02:29:00,287,3,10,0,21,1
10/13/2016 02:30:00,287,3,11,0,21,1
10/13/2016 02:31:00,287,3,11,0,21,1
10/13/2016 02:32:00,287,2,11,0,21,1
10/13/2016 02:33:00,287,3,10,0,20,1
10/13/2016 02:34:00,287,3,11,0,21,1
10/13/2016 02:35:00,287,3,9,0,22,1
10/13/2016 02:36:00,287,4,10,0,23,1
10/13/2016 02:37:00,287,5,10,1,23,1
10/13/2016 02:38:00,287,4,12,0,21,1
10/13/2016 02:39:00,287,2,12,0,20,1
10/13/2016 02:40:00,287,3,12,0,19,1
10/13/2016 02:41:00,287,3,13,-1,19,1
10/13/2016 02:42:00,287,3,13,-1,18,1
10/13/2016 02:43:00,287,4,12,-1,19,1
10/13/2016 02:44:00,287,4,13,-1,19,1
10/13/2016 02:45:00,287,3,11,-1,18,1
10/13/2016 02:46:00,287,4,11,0,18,1
10/13/2016 02:47:00,287,3,12,-1,17,1
10/13/2016 02:48:00,287,4,13,-1,17,1
10/13/2016 02:49:00,287,4,14,-1,18,1
10/13/2016 02:50:00,287,4,13,0,17,1
10/13/2016 02:51:00,287,4,13,0,16,1
10/13/2016 02:52:00,287,4,12,-1,14,1
10/13/2016 02:53:00,287,4,14,-1,13,1
10/13/2016 02:54:00,287,3,13,-1,13,1
10/13/2016 02:55:00,287,4,11,-2,14,1
10/13/2016 02:56:00,287,4,11,-1,14,1
10/13/2016 02:57:00,287,4,12,-1,16,1
10/13/2016 02:58:00,287,4,10,-1,18,1
10/13/2016 02:59:00,287,4,10,-1,19,1
10/13/2016 03:00:00,287,6,10,-1,18,1
10/13/2016 03:01:00,287,7,13,-1,18,1
10/13/2016 03:02:00,287,6,13,-1,19,1
10/13/2016 03:03:00,287,7,12,-1,19,1
10/13/2016 03:04:00,287,7,13,-1,18,1
10/13/2016 03:05:00,287,7,14,-1,18,1
10/13/2016 03:06:00,287,7,14,-1,19,1
10/13/2016 03:07:00,287,7,13,-1,19,1
10/13/2016 03:08:00,287,7,13,-1,18,1
10/13/2016 03:09:00,287,7,13,-1,18,1
10/13/2016 03:10:00,287,7,13,-1,18,1
10/13/2016 03:11:00,287,6,12,-1,18,1
10/13/2016 03:12:00,287,7,12,-1,17,1
10/13/2016 03:13:00,287,6,13,-1,16,1
10/13/2016 03:14:00,287,6,12,-1,16,1
10/13/2016 03:15:00,287,6,13,-2,16,1
10/13/2016 03:16:00,287,6,13,-2,15,1
10/13/2016 03:17:00,287,6,12,-1,15,1
10/13/2016 03:18:00,287,6,12,-2,14,1
10/13/2016 03:19:00,287,6,11,-2,14,1
10/13/2016 03:20:00,287,5,12,-2,13,1
10/13/2016 03:21:00,287,5,13,-2,13,1
10/13/2016 03:22:00,287,6,13,-2,12,1
10/13/2016 03:23:00,287,6,12,-2,12,1
10/13/2016 03:24:00,287,7,12,-2,12,1
10/13/2016 03:25:00,287,7,13,-1,11,1
10/13/2016 03:26:00,287,7,14,-2,11,1
10/13/2016 03:27:00,287,8,13,-1,12,1
10/13/2016 03:28:00,287,8,13,-1,12,1
10/13/2016 03:29:00,287,10,13,-1,13,1
10/13/2016 03:30:00,287,11,14,-1,13,1
10/13/2016 03:31:00,287,11,10,-1,13,1
10/13/2016 03:32:00,287,11,12,-1,12,1
10/13/2016 03:33:00,287,10,12,-1,11,1
10/13/2016 03:34:00,287,8,12,-2,10,1
10/13/2016 03:35:00,287,8,12,-2,10,1
10/13/2016 03:36:00,287,7,12,-2,9,1
10/13/2016 03:37:00,287,6,11,-2,10,1
10/13/2016 03:38:00,287,6,13,-3,10,1
10/13/2016 03:39:00,287,7,13,-3,10,1
10/13/2016 03:40:00,287,6,13,-3,10,1
10/13/2016 03:41:00,287,8,12,-3,9,1
10/13/2016 03:42:00,287,7,10,-3,7,1
10/13/2016 03:43:00,287,6,12,-3,6,1
10/13/2016 03:44:00,287,5,13,-3,6,1
10/13/2016 03:45:00,287,6,14,-3,7,1
10/13/2016 03:46:00,287,6,14,-3,7,1
10/13/2016 03:47:00,287,8,14,-3,8,1
10/13/2016 03:48:00,287,8,14,-3,8,1
10/13/2016 03:49:00,287,8,14,-3,8,1
10/13/2016 03:50:00,287,8,15,-3,8,1
10/13/2016 03:51:00,287,9,15,-3,8,1
10/13/2016 03:52:00,287,9,15,-3,8,1
10/13/2016 03:53:00,287,11,15,-3,9,1
10/13/2016 03:54:00,287,12,15,-3,9,1
10/13/2016 03:55:00,287,12,15,-3,9,1
10/13/2016 03:56:00,287,12,14,-3,10,1
10/13/2016 03:57:00,287,13,15,-3,9,1
10/13/2016 03:58:00,287,13,15,-3,9,1
10/13/2016 03:59:00,287,13,15,-3,8,1
10/13/2016 04:00:00,287,13,16,-3,7,1
10/13/2016 04:01:00,287,13,15,-3,7,1
10/13/2016 04:02:00,287,13,16,-3,6,1
10/13/2016 04:03:00,287,13,16,-3,6,1
10/13/2016 04:04:00,287,12,16,-3,6,1
10/13/2016 04:05:00,287,13,16,-3,7,1
10/13/2016 04:06:00,287,12,17,-3,7,1
10/13/2016 04:07:00,287,14,15,-3,8,1
10/13/2016 04:08:00,287,15,14,-3,9,1
10/13/2016 04:09:00,287,15,14,-3,9,1
10/13/2016 04:10:00,287,15,15,-3,8,1
10/13/2016 04:11:00,287,16,14,-3,8,1
10/13/2016 04:12:00,287,14,14,-4,7,1
10/13/2016 04:13:00,287,13,15,-4,7,1
10/13/2016 04:14:00,287,13,17,-4,6,1
10/13/2016 04:15:00,287,13,18,-4,6,1
10/13/2016 04:16:00,287,12,18,-4,6,1
10/13/2016 04:17:00,287,12,19,-4,6,1
10/13/2016 04:18:00,287,12,18,-4,6,1
10/13/2016 04:19:00,287,13,18,-4,6,1
10/13/2016 04:20:00,287,13,18,-4,6,1
10/13/2016 04:21:00,287,13,18,-4,6,1
10/13/2016 04:22:00,287,13,18,-4,6,1
10/13/2016 04:23:00,287,13,18,-4,5,1
10/13/2016 04:24:00,287,12,18,-4,5,1
10/13/2016 04:25:00,287,12,18,-4,5,1
10/13/2016 04:26:00,287,12,19,-4,5,1
10/13/2016 04:27:00,287,13,19,-4,5,1
10/13/2016 04:28:00,287,13,19,-4,5,1
10/13/2016 04:29:00,287,13,17,-4,4,1
10/13/2016 04:30:00,287,12,17,-4,3,1
10/13/2016 04:31:00,287,13,18,-4,3,1
10/13/2016 04:32:00,287,11,19,-4,3,1
10/13/2016 04:33:00,287,12,19,-3,4,1
10/13/2016 04:34:00,287,14,18,-4,4,1
10/13/2016 04:35:00,287,15,17,-3,4,1
10/13/2016 04:36:00,287,14,17,-3,4,1
10/13/2016 04:37:00,287,14,17,-3,4,1
10/13/2016 04:38:00,287,15,17,-3,4,1
10/13/2016 04:39:00,287,14,17,-3,4,1
10/13/2016 04:40:00,287,12,17,-3,3,1
10/13/2016 04:41:00,287,14,18,-3,4,1
10/13/2016 04:42:00,287,15,16,-4,4,1
10/13/2016 04:43:00,287,13,17,-4,3,1
10/13/2016 04:44:00,287,13,18,-4,3,1
10/13/2016 04:45:00,287,12,19,-4,3,1
10/13/2016 04:46:00,287,12,18,-4,3,1
10/13/2016 04:47:00,287,12,19,-4,3,1
10/13/2016 04:48:00,287,13,19,-4,4,1
10/13/2016 04:49:00,287,14,18,-4,4,1
10/13/2016 04:50:00,287,13,18,-4,3,1
10/13/2016 04:51:00,287,14,19,-4,3,1
10/13/2016 04:52:00,287,15,20,-4,4,1
10/13/2016 04:53:00,287,15,20,-4,4,1
10/13/2016 04:54:00,287,14,20,-3,3,1
10/13/2016 04:55:00,287,15,20,-3,3,1
10/13/2016 04:56:00,287,16,20,-4,3,1
10/13/2016 04:57:00,287,17,19,-3,4,1
10/13/2016 04:58:00,287,17,19,-4,4,1
10/13/2016 04:59:00,287,21,18,-3,5,1
10/13/2016 05:00:00,287,23,18,-3,6,1
10/13/2016 05:01:00,287,23,18,-3,6,1
10/13/2016 05:02:00,287,24,19,-3,5,1
10/13/2016 05:03:00,287,23,20,-4,5,1
10/13/2016 05:04:00,287,23,20,-4,4,1
10/13/2016 05:05:00,287,21,21,-4,2,1
10/13/2016 05:06:00,287,20,20,-3,1,1
10/13/2016 05:07:00,287,20,22,-3,1,1
10/13/2016 05:08:00,287,19,21,-4,1,1
10/13/2016 05:09:00,287,18,21,-3,0,1
10/13/2016 05:10:00,287,19,20,-3,0,1
10/13/2016 05:11:00,287,18,21,-3,0,1
10/13/2016 05:12:00,287,18,21,-3,0,1
10/13/2016 05:13:00,287,19,20,-3,1,1
10/13/2016 05:14:00,287,18,19,-3,0,1
10/13/2016 05:15:00,287,17,19,-3,0,1
10/13/2016 05:16:00,287,17,20,-4,0,1
10/13/2016 05:17:00,287,18,21,-4,0,1
10/13/2016 05:18:00,287,15,20,-4,0,1
10/13/2016 05:19:00,287,15,20,-4,2,1
10/13/2016 05:20:00,287,16,18,-3,1,1
10/13/2016 05:21:00,287,15,18,-4,1,1
10/13/2016 05:22:00,287,14,20,-4,0,1
10/13/2016 05:23:00,287,13,20,-4,0,1
10/13/2016 05:24:00,287,12,21,-4,1,1
10/13/2016 05:25:00,287,13,20,-4,1,1
10/13/2016 05:26:00,287,13,17,-4,2,1
10/13/2016 05:27:00,287,12,18,-4,1,1
10/13/2016 05:28:00,287,13,17,-4,1,1
10/13/2016 05:29:00,287,13,19,-4,2,1
10/13/2016 05:30:00,287,13,18,-4,2,1
10/13/2016 05:31:00,287,13,20,-4,1,1
10/13/2016 05:32:00,287,11,19,-4,1,1
10/13/2016 05:33:00,287,12,19,-4,1,1
10/13/2016 05:34:00,287,11,19,-3,1,1
10/13/2016 05:35:00,287,12,19,-3,1,1
10/13/2016 05:36:00,287,12,20,-3,0,1
10/13/2016 05:37:00,287,13,20,-3,0,1
10/13/2016 05:38:00,287,15,21,-3,0,1
10/13/2016 05:39:00,287,17,23,-2,1,1
10/13/2016 05:40:00,287,19,24,-2,1,1
10/13/2016 05:41:00,287,21,23,-2,2,1
10/13/2016 05:42:00,287,22,24,-2,2,1
10/13/2016 05:43:00,287,22,23,-1,1,1
10/13/2016 05:44:00,287,23,23,-1,1,1
10/13/2016 05:45:00,287,25,23,-1,1,1
10/13/2016 05:46:00,287,27,25,-1,1,1
10/13/2016 05:47:00,287,27,25,0,1,1
10/13/2016 05:48:00,287,28,25,0,1,1
10/13/2016 05:49:00,287,28,25,0,0,1
10/13/2016 05:50:00,287,29,25,0,1,1
10/13/2016 05:51:00,287,29,25,0,1,1
10/13/2016 05:52:00,287,28,24,0,1,1
10/13/2016 05:53:00,287,29,26,0,1,1
10/13/2016 05:54:00,287,28,25,0,1,1
10/13/2016 05:55:00,287,28,24,0,1,1
10/13/2016 05:56:00,287,27,25,0,1,1
10/13/2016 05:57:00,287,26,25,0,2,1
10/13/2016 05:58:00,287,28,26,0,2,1
10/13/2016 05:59:00,287,28,26,0,2,1
10/13/2016 06:00:00,287,26,27,0,2,1
10/13/2016 06:01:00,287,27,27,0,2,1
10/13/2016 06:02:00,287,29,27,1,2,1
10/13/2016 06:03:00,287,30,26,2,2,1
10/13/2016 06:04:00,287,30,26,2,2,1
10/13/2016 06:05:00,287,30,27,2,2,1
10/13/2016 06:06:00,287,31,26,3,2,1
10/13/2016 06:07:00,287,30,25,3,3,1
10/13/2016 06:08:00,287,30,26,3,4,1
10/13/2016 06:09:00,287,29,26,3,4,1
10/13/2016 06:10:00,287,30,26,3,5,1
10/13/2016 06:11:00,287,29,26,3,5,1
10/13/2016 06:12:00,287,30,25,3,5,1
10/13/2016 06:13:00,287,29,26,3,6,1
10/13/2016 06:14:00,287,29,27,3,5,1
10/13/2016 06:15:00,287,29,26,3,4,1
10/13/2016 06:16:00,287,29,26,3,2,1
10/13/2016 06:17:00,287,30,27,3,1,1
10/13/2016 06:18:00,287,31,28,3,2,1
10/13/2016 06:19:00,287,31,27,3,3,1
10/13/2016 06:20:00,287,29,26,3,3,1
10/13/2016 06:21:00,287,29,26,3,3,1
10/13/2016 06:22:00,287,28,25,2,1,1
10/13/2016 06:23:00,287,28,24,2,-1,1
10/13/2016 06:24:00,287,29,26,2,-4,1
10/13/2016 06:25:00,287,33,27,2,-4,1
10/13/2016 06:26:00,287,32,27,2,-4,1
10/13/2016 06:27:00,287,31,25,2,-5,1
10/13/2016 06:28:00,287,30,24,3,-5,1
10/13/2016 06:29:00,287,27,24,2,-5,1
10/13/2016 06:30:00,287,27,24,2,-5,1
10/13/2016 06:31:00,287,27,24,2,-5,1
10/13/2016 06:32:00,287,28,23,2,-4,1
10/13/2016 06:33:00,287,28,23,1,-4,1
10/13/2016 06:34:00,287,27,22,0,-6,1
10/13/2016 06:35:00,287,30,23,0,-9,1
10/13/2016 06:36:00,287,33,25,0,-11,1
10/13/2016 06:37:00,287,34,26,0,-13,1
10/13/2016 06:38:00,287,34,29,0,-14,1
10/13/2016 06:39:00,287,32,29,0,-14,1
10/13/2016 06:40:00,287,29,27,0,-14,1
10/13/2016 06:41:00,287,26,26,0,-14,1
10/13/2016 06:42:00,287,24,27,0,-14,1
10/13/2016 06:43:00,287,24,26,1,-13,1
10/13/2016 06:44:00,287,23,27,0,-13,1
10/13/2016 06:45:00,287,23,28,0,-12,1
10/13/2016 06:46:00,287,24,28,0,-11,1
10/13/2016 06:47:00,287,25,28,0,-10,1
10/13/2016 06:48:00,287,26,28,-1,-10,1
10/13/2016 06:49:00,287,27,29,-1,-9,1
10/13/2016 06:50:00,287,29,30,-1,-9,1
10/13/2016 06:51:00,287,30,31,-1,-9,1
10/13/2016 06:52:00,287,30,31,-1,-9,1
10/13/2016 06:53:00,287,31,31,-1,-9,1
10/13/2016 06:54:00,287,31,32,-1,-10,1
10/13/2016 06:55:00,287,31,32,-1,-11,1
10/13/2016 06:56:00,287,30,32,-1,-12,1
10/13/2016 06:57:00,287,30,31,-1,-13,1
10/13/2016 06:58:00,287,30,33,-1,-13,1
10/13/2016 06:59:00,287,30,33,-1,-13,1
10/13/2016 07:00:00,287,29,33,-1,-13,1
10/13/2016 07:01:00,287,29,33,-1,-14,1
10/13/2016 07:02:00,287,30,33,-1,-14,1
10/13/2016 07:03:00,287,29,32,-1,-15,1
10/13/2016 07:04:00,287,27,31,-1,-16,1
10/13/2016 07:05:00,287,24,30,-1,-18,1
10/13/2016 07:06:00,287,22,29,-1,-18,1
10/13/2016 07:07:00,287,22,28,-2,-18,1
10/13/2016 07:08:00,287,20,27,-2,-18,1
10/13/2016 07:09:00,287,18,26,-3,-18,1
10/13/2016 07:10:00,287,16,25,-3,-18,1
10/13/2016 07:11:00,287,15,25,-3,-19,1
10/13/2016 07:12:00,287,15,26,-4,-19,1
10/13/2016 07:13:00,287,18,26,-4,-19,1
10/13/2016 07:14:00,287,21,25,-5,-20,1
10/13/2016 07:15:00,287,24,28,-5,-21,1
10/13/2016 07:16:00,287,26,33,-6,-23,1
10/13/2016 07:17:00,287,30,42,-6,-26,1
10/13/2016 07:18:00,287,31,42,-6,-29,1
10/13/2016 07:19:00,287,32,44,-6,-29,1
10/13/2016 07:20:00,287,32,42,-6,-27,1
10/13/2016 07:21:00,287,32,38,-6,-24,1
10/13/2016 07:22:00,287,34,40,-7,-23,1
10/13/2016 07:23:00,287,34,43,-7,-23,1
10/13/2016 07:24:00,287,38,45,-7,-22,1
10/13/2016 07:25:00,287,41,50,-8,-22,1
10/13/2016 07:26:00,287,43,54,-8,-24,1
10/13/2016 07:27:00,287,47,56,-8,-24,1
10/13/2016 07:28:00,287,47,57,-8,-25,1
10/13/2016 07:29:00,287,47,59,-8,-27,1
10/13/2016 07:30:00,287,48,60,-8,-27,1
10/13/2016 07:31:00,287,47,58,-8,-28,1
10/13/2016 07:32:00,287,48,58,-8,-28,1
10/13/2016 07:33:00,287,48,58,-8,-28,1
10/13/2016 07:34:00,287,48,56,-7,-28,1
10/13/2016 07:35:00,287,49,55,-8,-27,1
10/13/2016 07:36:00,287,49,54,-8,-27,1
10/13/2016 07:37:00,287,47,52,-8,-26,1
10/13/2016 07:38:00,287,46,52,-7,-26,1
10/13/2016 07:39:00,287,46,51,-7,-26,1
10/13/2016 07:40:00,287,45,52,-7,-26,1
10/13/2016 07:41:00,287,43,53,-7,-27,1
10/13/2016 07:42:00,287,40,53,-6,-28,1
10/13/2016 07:43:00,287,38,53,-6,-29,1
10/13/2016 07:44:00,287,37,53,-5,-29,1
10/13/2016 07:45:00,287,36,52,-5,-28,1
10/13/2016 07:46:00,287,35,51,-5,-28,1
10/13/2016 07:47:00,287,35,52,-5,-28,1
10/13/2016 07:48:00,287,33,52,-5,-28,1
10/13/2016 07:49:00,287,33,51,-5,-27,1
10/13/2016 07:50:00,287,31,50,-5,-27,1
10/13/2016 07:51:00,287,31,51,-4,-27,1
10/13/2016 07:52:00,287,31,49,-4,-26,1
10/13/2016 07:53:00,287,30,46,-4,-25,1
10/13/2016 07:54:00,287,30,46,-4,-25,1
10/13/2016 07:55:00,287,29,46,-4,-25,1
10/13/2016 07:56:00,287,31,46,-4,-26,1
10/13/2016 07:57:00,287,30,46,-4,-26,1
10/13/2016 07:58:00,287,31,46,-3,-27,1
10/13/2016 07:59:00,287,30,48,-3,-28,1
10/13/2016 08:00:00,287,30,48,-2,-29,1
10/13/2016 08:01:00,287,31,48,-2,-29,1
10/13/2016 08:02:00,287,32,46,-1,-30,1
10/13/2016 08:03:00,287,35,42,-1,-30,1
10/13/2016 08:04:00,287,36,41,-1,-31,1
10/13/2016 08:05:00,287,38,41,0,-32,1
10/13/2016 08:06:00,287,38,42,1,-33,1
10/13/2016 08:07:00,287,39,40,1,-33,1
10/13/2016 08:08:00,287,39,38,2,-33,1
10/13/2016 08:09:00,287,40,36,2,-33,1
10/13/2016 08:10:00,287,42,34,2,-34,1
10/13/2016 08:11:00,287,43,36,3,-35,1
10/13/2016 08:12:00,287,45,36,3,-35,1
10/13/2016 08:13:00,287,47,35,4,-36,1
10/13/2016 08:14:00,287,49,33,4,-36,1
10/13/2016 08:15:00,287,51,31,5,-36,1
10/13/2016 08:16:00,287,51,33,5,-37,1
10/13/2016 08:17:00,287,51,31,5,-37,1
10/13/2016 08:18:00,287,52,31,5,-37,1
10/13/2016 08:19:00,287,53,31,5,-38,1
10/13/2016 08:20:00,287,53,30,6,-38,1
10/13/2016 08:21:00,287,55,28,6,-39,1
10/13/2016 08:22:00,287,57,30,6,-40,1
10/13/2016 08:23:00,287,60,29,6,-41,1
10/13/2016 08:24:00,287,62,30,6,-41,1
10/13/2016 08:25:00,287,63,32,6,-41,1
10/13/2016 08:26:00,287,63,32,6,-41,1
10/13/2016 08:27:00,287,64,31,5,-42,1
10/13/2016 08:28:00,287,65,32,6,-43,1
10/13/2016 08:29:00,287,65,32,6,-44,1
10/13/2016 08:30:00,287,65,31,6,-44,1
10/13/2016 08:31:00,287,63,30,6,-44,1
10/13/2016 08:32:00,287,61,29,5,-44,1
10/13/2016 08:33:00,287,60,28,6,-45,1
10/13/2016 08:34:00,287,58,28,5,-46,1
10/13/2016 08:35:00,287,58,28,6,-46,1
10/13/2016 08:36:00,287,58,28,5,-46,1
10/13/2016 08:37:00,287,59,27,6,-46,1
10/13/2016 08:38:00,287,59,28,6,-47,1
10/13/2016 08:39:00,287,59,28,6,-47,1
10/13/2016 08:40:00,287,60,28,6,-47,1
10/13/2016 08:41:00,287,58,28,6,-47,1
10/13/2016 08:42:00,287,58,28,5,-47,1
10/13/2016 08:43:00,287,58,28,5,-46,1
10/13/2016 08:44:00,287,59,28,5,-46,1
10/13/2016 08:45:00,287,59,28,5,-47,1
10/13/2016 08:46:00,287,59,27,4,-47,1
10/13/2016 08:47:00,287,59,26,5,-46,1
10/13/2016 08:48:00,287,60,27,5,-47,1
10/13/2016 08:49:00,287,62,27,5,-46,1
10/13/2016 08:50:00,287,62,29,5,-46,1
10/13/2016 08:51:00,287,64,28,4,-46,1
10/13/2016 08:52:00,287,65,29,4,-46,1
10/13/2016 08:53:00,287,65,28,4,-46,1
10/13/2016 08:54:00,287,66,28,4,-46,1
10/13/2016 08:55:00,287,67,27,4,-46,1
10/13/2016 08:56:00,287,67,27,4,-46,1
10/13/2016 08:57:00,287,69,27,4,-46,1
10/13/2016 08:58:00,287,69,29,4,-46,1
10/13/2016 08:59:00,287,70,29,4,-46,1
10/13/2016 09:00:00,287,71,30,4,-46,1
10/13/2016 09:01:00,287,71,32,4,-46,1
10/13/2016 09:02:00,287,72,33,5,-46,1
10/13/2016 09:03:00,287,73,34,5,-46,1
10/13/2016 09:04:00,287,74,36,5,-46,1
10/13/2016 09:05:00,287,73,36,5,-46,1
10/13/2016 09:06:00,287,72,38,5,-47,1
10/13/2016 09:07:00,287,71,39,6,-47,1
10/13/2016 09:08:00,287,70,39,6,-47,1
10/13/2016 09:09:00,287,70,39,6,-47,1
10/13/2016 09:10:00,287,70,40,6,-47,1
10/13/2016 09:11:00,287,69,39,6,-47,1
10/13/2016 09:12:00,287,69,41,6,-47,1
10/13/2016 09:13:00,287,69,41,7,-47,1
10/13/2016 09:14:00,287,71,41,7,-48,1
10/13/2016 09:15:00,287,71,41,7,-48,1
10/13/2016 09:16:00,287,72,40,7,-48,1
10/13/2016 09:17:00,287,73,41,7,-48,1
10/13/2016 09:18:00,287,72,41,7,-48,1
10/13/2016 09:19:00,287,72,40,7,-47,1
10/13/2016 09:20:00,287,73,40,7,-47,1
10/13/2016 09:21:00,287,74,41,7,-47,1
10/13/2016 09:22:00,287,73,41,7,-46,1
10/13/2016 09:23:00,287,73,38,6,-46,1
10/13/2016 09:24:00,287,74,37,7,-46,1
10/13/2016 09:25:00,287,76,39,7,-46,1
10/13/2016 09:26:00,287,77,41,7,-47,1
10/13/2016 09:27:00,287,77,42,7,-47,1
10/13/2016 09:28:00,287,76,43,7,-47,1
10/13/2016 09:29:00,287,76,43,7,-47,1
10/13/2016 09:30:00,287,75,43,7,-47,1
10/13/2016 09:31:00,287,74,42,7,-47,1
10/13/2016 09:32:00,287,74,42,7,-47,1
10/13/2016 09:33:00,287,75,43,7,-48,1
10/13/2016 09:34:00,287,76,43,8,-48,1
10/13/2016 09:35:00,287,76,44,8,-49,1
10/13/2016 09:36:00,287,75,45,8,-51,1
10/13/2016 09:37:00,287,74,46,9,-51,1
10/13/2016 09:38:00,287,72,46,8,-51,1
10/13/2016 09:39:00,287,72,47,8,-52,1
10/13/2016 09:40:00,287,71,46,8,-53,1
10/13/2016 09:41:00,287,70,45,8,-52,1
10/13/2016 09:42:00,287,68,46,8,-52,1
10/13/2016 09:43:00,287,66,46,8,-52,1
10/13/2016 09:44:00,287,65,47,8,-53,1
10/13/2016 09:45:00,287,63,47,8,-53,1
10/13/2016 09:46:00,287,61,46,8,-52,1
10/13/2016 09:47:00,287,59,44,7,-51,1
10/13/2016 09:48:00,287,58,42,7,-51,1
10/13/2016 09:49:00,287,56,43,7,-51,1
10/13/2016 09:50:00,287,55,40,7,-51,1
10/13/2016 09:51:00,287,56,38,7,-51,1
10/13/2016 09:52:00,287,57,37,7,-51,1
10/13/2016 09:53:00,287,57,35,7,-50,1
10/13/2016 09:54:00,287,59,35,7,-51,1
10/13/2016 09:55:00,287,62,36,6,-51,1
10/13/2016 09:56:00,287,64,35,6,-51,1
10/13/2016 09:57:00,287,66,35,6,-51,1
10/13/2016 09:58:00,287,69,37,6,-51,1
10/13/2016 09:59:00,287,70,37,7,-51,1
10/13/2016 10:00:00,287,71,38,7,-52,1
10/13/2016 10:01:00,287,71,38,7,-51,1
10/13/2016 10:02:00,287,72,40,7,-51,1
10/13/2016 10:03:00,287,73,41,7,-52,1
10/13/2016 10:04:00,287,74,41,7,-52,1
10/13/2016 10:05:00,287,76,41,7,-51,1
10/13/2016 10:06:00,287,79,43,7,-52,1
10/13/2016 10:07:00,287,81,44,8,-52,1
10/13/2016 10:08:00,287,81,44,8,-52,1
10/13/2016 10:09:00,287,81,44,8,-52,1
10/13/2016 10:10:00,287,81,44,8,-53,1
10/13/2016 10:11:00,287,80,44,8,-53,1
10/13/2016 10:12:00,287,81,43,8,-53,1
10/13/2016 10:13:00,287,81,43,8,-53,1
10/13/2016 10:14:00,287,81,43,9,-54,1
10/13/2016 10:15:00,287,81,43,8,-54,1
10/13/2016 10:16:00,287,82,42,9,-54,1
10/13/2016 10:17:00,287,82,42,9,-54,1
10/13/2016 10:18:00,287,82,42,9,-54,1
10/13/2016 10:19:00,287,82,41,9,-54,1
10/13/2016 10:20:00,287,81,41,9,-54,1
10/13/2016 10:21:00,287,80,42,9,-54,1
10/13/2016 10:22:00,287,78,42,9,-54,1
10/13/2016 10:23:00,287,77,42,9,-55,1
10/13/2016 10:24:00,287,74,43,9,-54,1
10/13/2016 10:25:00,287,74,43,9,-54,1
10/13/2016 10:26:00,287,73,43,9,-54,1
10/13/2016 10:27:00,287,72,44,9,-54,1
10/13/2016 10:28:00,287,71,46,10,-54,1
10/13/2016 10:29:00,287,69,47,10,-54,1
10/13/2016 10:30:00,287,67,47,9,-54,1
10/13/2016 10:31:00,287,66,47,9,-54,1
10/13/2016 10:32:00,287,65,46,9,-54,1
10/13/2016 10:33:00,287,65,47,9,-54,1
10/13/2016 10:34:00,287,65,48,8,-54,1
10/13/2016 10:35:00,287,64,47,8,-54,1
10/13/2016 10:36:00,287,64,44,8,-55,1
10/13/2016 10:37:00,287,64,43,8,-55,1
10/13/2016 10:38:00,287,64,42,7,-55,1
10/13/2016 10:39:00,287,65,40,7,-55,1
10/13/2016 10:40:00,287,65,38,7,-55,1
10/13/2016 10:41:00,287,65,34,7,-55,1
10/13/2016 10:42:00,287,64,30,7,-55,1
10/13/2016 10:43:00,287,63,27,7,-54,1
10/13/2016 10:44:00,287,63,26,7,-54,1
10/13/2016 10:45:00,287,63,25,7,-54,1
10/13/2016 10:46:00,287,63,24,6,-53,1
10/13/2016 10:47:00,287,62,24,6,-53,1
10/13/2016 10:48:00,287,60,24,5,-53,1
10/13/2016 10:49:00,287,60,23,5,-52,1
10/13/2016 10:50:00,287,60,25,5,-52,1
10/13/2016 10:51:00,287,60,24,4,-51,1
10/13/2016 10:52:00,287,62,24,3,-51,1
10/13/2016 10:53:00,287,64,24,3,-51,1
10/13/2016 10:54:00,287,65,27,3,-52,1
10/13/2016 10:55:00,287,66,29,4,-52,1
10/13/2016 10:56:00,287,65,31,4,-52,1
10/13/2016 10:57:00,287,64,34,4,-53,1
10/13/2016 10:58:00,287,63,33,4,-53,1
10/13/2016 10:59:00,287,63,34,4,-53,1
10/13/2016 11:00:00,287,62,31,4,-53,1
10/13/2016 11:01:00,287,59,32,4,-53,1
10/13/2016 11:02:00,287,58,34,4,-53,1
10/13/2016 11:03:00,287,58,32,5,-54,1
10/13/2016 11:04:00,287,59,35,5,-55,1
10/13/2016 11:05:00,287,59,42,6,-56,1
10/13/2016 11:06:00,287,59,47,7,-57,1
10/13/2016 11:07:00,287,61,47,8,-58,1
10/13/2016 11:08:00,287,62,49,9,-58,1
10/13/2016 11:09:00,287,64,53,10,-58,1
10/13/2016 11:10:00,287,65,60,11,-59,1
10/13/2016 11:11:00,287,68,67,12,-60,1
10/13/2016 11:12:00,287,68,71,12,-61,1
10/13/2016 11:13:00,287,68,73,12,-62,1
10/13/2016 11:14:00,287,67,74,11,-62,1
10/13/2016 11:15:00,287,67,74,11,-62,1
10/13/2016 11:16:00,287,66,73,10,-62,1
10/13/2016 11:17:00,287,65,71,9,-62,1
10/13/2016 11:18:00,287,65,69,9,-62,1
10/13/2016 11:19:00,287,64,68,8,-62,1
10/13/2016 11:20:00,287,63,67,7,-63,1
10/13/2016 11:21:00,287,62,66,7,-63,1
10/13/2016 11:22:00,287,59,67,6,-63,1
10/13/2016 11:23:00,287,57,68,5,-64,1
10/13/2016 11:24:00,287,56,67,5,-64,1
10/13/2016 11:25:00,287,55,67,4,-64,1
10/13/2016 11:26:00,287,54,69,4,-65,1
10/13/2016 11:27:00,287,54,69,3,-65,1
10/13/2016 11:28:00,287,54,69,3,-65,1
10/13/2016 11:29:00,287,54,70,3,-66,1
10/13/2016 11:30:00,287,53,72,3,-66,1
10/13/2016 11:31:00,287,53,73,3,-66,1
10/13/2016 11:32:00,287,54,73,3,-67,1
10/13/2016 11:33:00,287,54,73,3,-67,1
10/13/2016 11:34:00,287,56,75,2,-67,1
10/13/2016 11:35:00,287,59,78,3,-68,1
10/13/2016 11:36:00,287,60,82,2,-68,1
10/13/2016 11:37:00,287,61,83,2,-68,1
10/13/2016 11:38:00,287,62,83,2,-68,1
10/13/2016 11:39:00,287,63,82,2,-68,1
10/13/2016 11:40:00,287,63,85,2,-67,1
10/13/2016 11:41:00,287,64,83,2,-67,1
10/13/2016 11:42:00,287,64,82,2,-68,1
10/13/2016 11:43:00,287,64,83,2,-68,1
10/13/2016 11:44:00,287,65,81,2,-68,1
10/13/2016 11:45:00,287,65,80,2,-68,1
10/13/2016 11:46:00,287,64,77,2,-68,1
10/13/2016 11:47:00,287,63,76,3,-68,1
10/13/2016 11:48:00,287,64,76,3,-67,1
10/13/2016 11:49:00,287,64,74,4,-67,1
10/13/2016 11:50:00,287,65,72,4,-66,1
10/13/2016 11:51:00,287,66,71,4,-66,1
10/13/2016 11:52:00,287,68,70,4,-65,1
10/13/2016 11:53:00,287,69,67,3,-65,1
10/13/2016 11:54:00,287,69,68,3,-65,1
10/13/2016 11:55:00,287,68,63,3,-65,1
10/13/2016 11:56:00,287,67,63,3,-64,1
10/13/2016 11:57:00,287,68,65,3,-65,1
10/13/2016 11:58:00,287,74,73,2,-65,1
10/13/2016 11:59:00,287,76,78,1,-66,1
10/13/2016 12:00:00,287,81,84,0,-67,1
10/13/2016 12:01:00,287,86,88,0,-69,1
10/13/2016 12:02:00,287,90,91,-1,-70,1
10/13/2016 12:03:00,287,89,93,-1,-71,1
10/13/2016 12:04:00,287,87,91,-1,-72,1
10/13/2016 12:05:00,287,85,88,-1,-73,1
10/13/2016 12:06:00,287,83,84,0,-73,1
10/13/2016 12:07:00,287,82,81,0,-73,1
10/13/2016 12:08:00,287,80,80,1,-73,1
10/13/2016 12:09:00,287,79,80,1,-74,1
10/13/2016 12:10:00,287,79,80,0,-74,1
10/13/2016 12:11:00,287,78,79,0,-74,1
10/13/2016 12:12:00,287,75,80,0,-75,1
10/13/2016 12:13:00,287,72,78,1,-75,1
10/13/2016 12:14:00,287,71,80,1,-75,1
10/13/2016 12:15:00,287,69,79,1,-75,1
10/13/2016 12:16:00,287,67,75,1,-75,1
10/13/2016 12:17:00,287,66,73,1,-74,1
10/13/2016 12:18:00,287,63,67,1,-74,1
10/13/2016 12:19:00,287,62,64,1,-74,1
10/13/2016 12:20:00,287,61,58,0,-73,1
10/13/2016 12:21:00,287,59,56,0,-73,1
10/13/2016 12:22:00,287,58,56,-1,-72,1
10/13/2016 12:23:00,287,59,57,-1,-72,1
10/13/2016 12:24:00,287,58,56,-1,-72,1
10/13/2016 12:25:00,287,60,55,-2,-70,1
10/13/2016 12:26:00,287,61,54,-3,-70,1
10/13/2016 12:27:00,287,61,56,-4,-69,1
10/13/2016 12:28:00,287,62,59,-5,-67,1
10/13/2016 12:29:00,287,63,60,-5,-67,1
10/13/2016 12:30:00,287,62,60,-6,-65,1
10/13/2016 12:31:00,287,60,62,-7,-64,1
10/13/2016 12:32:00,287,59,62,-7,-62,1
10/13/2016 12:33:00,287,58,64,-6,-61,1
10/13/2016 12:34:00,287,57,66,-6,-61,1
10/13/2016 12:35:00,287,58,67,-6,-60,1
10/13/2016 12:36:00,287,60,70,-5,-59,1
10/13/2016 12:37:00,287,59,72,-5,-59,1
10/13/2016 12:38:00,287,61,74,-4,-58,1
10/13/2016 12:39:00,287,62,73,-4,-57,1
10/13/2016 12:40:00,287,61,73,-4,-55,1
10/13/2016 12:41:00,287,63,75,-3,-54,1
10/13/2016 12:42:00,287,65,76,-3,-53,1
10/13/2016 12:43:00,287,67,79,-3,-52,1
10/13/2016 12:44:00,287,67,80,-3,-52,1
10/13/2016 12:45:00,287,70,81,-3,-51,1
10/13/2016 12:46:00,287,71,81,-3,-51,1
10/13/2016 12:47:00,287,72,80,-2,-50,1
10/13/2016 12:48:00,287,73,80,-1,-49,1
10/13/2016 12:49:00,287,75,80,-1,-48,1
10/13/2016 12:50:00,287,78,82,0,-48,1
10/13/2016 12:51:00,287,81,82,0,-47,1
10/13/2016 12:52:00,287,83,82,0,-47,1
10/13/2016 12:53:00,287,83,82,1,-48,1
10/13/2016 12:54:00,287,86,85,1,-48,1
10/13/2016 12:55:00,287,89,90,1,-49,1
10/13/2016 12:56:00,287,90,90,1,-51,1
10/13/2016 12:57:00,287,92,91,0,-51,1
10/13/2016 12:58:00,287,92,91,-1,-53,1
10/13/2016 12:59:00,287,92,90,-1,-54,1
10/13/2016 13:00:00,287,93,91,-1,-55,1
10/13/2016 13:01:00,287,99,95,-2,-57,1
10/13/2016 13:02:00,287,101,94,-2,-58,1
10/13/2016 13:03:00,287,103,96,-2,-58,1
10/13/2016 13:04:00,287,104,96,-3,-59,1
10/13/2016 13:05:00,287,105,98,-3,-60,1
10/13/2016 13:06:00,287,106,100,-3,-60,1
10/13/2016 13:07:00,287,107,100,-3,-61,1
10/13/2016 13:08:00,287,105,99,-4,-61,1
10/13/2016 13:09:00,287,105,98,-5,-61,1
10/13/2016 13:10:00,287,103,99,-5,-62,1
10/13/2016 13:11:00,287,101,99,-5,-63,1
10/13/2016 13:12:00,287,100,98,-5,-64,1
10/13/2016 13:13:00,287,101,96,-5,-64,1
10/13/2016 13:14:00,287,100,95,-5,-65,1
10/13/2016 13:15:00,287,102,92,-6,-65,1
10/13/2016 13:16:00,287,103,88,-6,-65,1
10/13/2016 13:17:00,287,104,87,-7,-65,1
10/13/2016 13:18:00,287,104,85,-7,-65,1
10/13/2016 13:19:00,287,104,84,-8,-65,1
10/13/2016 13:20:00,287,106,81,-8,-66,1
10/13/2016 13:21:00,287,107,79,-8,-66,1
10/13/2016 13:22:00,287,106,78,-8,-67,1
10/13/2016 13:23:00,287,105,75,-8,-67,1
10/13/2016 13:24:00,287,105,74,-8,-68,1
10/13/2016 13:25:00,287,105,72,-8,-68,1
10/13/2016 13:26:00,287,105,70,-9,-68,1
10/13/2016 13:27:00,287,104,68,-9,-68,1
10/13/2016 13:28:00,287,104,68,-8,-69,1
10/13/2016 13:29:00,287,105,67,-9,-69,1
10/13/2016 13:30:00,287,106,65,-9,-69,1
10/13/2016 13:31:00,287,107,64,-9,-69,1
10/13/2016 13:32:00,287,108,64,-9,-69,1
10/13/2016 13:33:00,287,108,62,-9,-70,1
10/13/2016 13:34:00,287,108,61,-9,-70,1
10/13/2016 13:35:00,287,108,60,-9,-70,1
10/13/2016 13:36:00,287,108,59,-9,-70,1
10/13/2016 13:37:00,287,108,58,-9,-70,1
10/13/2016 13:38:00,287,107,57,-9,-71,1
10/13/2016 13:39:00,287,106,57,-9,-71,1
10/13/2016 13:40:00,287,106,59,-9,-71,1
10/13/2016 13:41:00,287,106,61,-9,-72,1
10/13/2016 13:42:00,287,104,63,-9,-72,1
10/13/2016 13:43:00,287,104,64,-9,-73,1
10/13/2016 13:44:00,287,105,64,-10,-73,1
10/13/2016 13:45:00,287,106,64,-10,-73,1
10/13/2016 13:46:00,287,105,65,-10,-74,1
10/13/2016 13:47:00,287,104,65,-10,-74,1
10/13/2016 13:48:00,287,103,66,-10,-75,1
10/13/2016 13:49:00,287,102,65,-10,-75,1
10/13/2016 13:50:00,287,103,66,-11,-76,1
10/13/2016 13:51:00,287,104,67,-11,-76,1
10/13/2016 13:52:00,287,106,68,-11,-77,1
10/13/2016 13:53:00,287,105,68,-11,-77,1
10/13/2016 13:54:00,287,104,68,-11,-77,1
10/13/2016 13:55:00,287,103,69,-10,-78,1
10/13/2016 13:56:00,287,102,69,-10,-78,1
10/13/2016 13:57:00,287,104,70,-10,-78,1
10/13/2016 13:58:00,287,106,70,-11,-78,1
10/13/2016 13:59:00,287,110,72,-11,-78,1
10/13/2016 14:00:00,287,111,72,-12,-78,1
10/13/2016 14:01:00,287,112,70,-13,-79,1
10/13/2016 14:02:00,287,112,72,-13,-79,1
10/13/2016 14:03:00,287,113,74,-13,-79,1
10/13/2016 14:04:00,287,114,76,-13,-79,1
10/13/2016 14:05:00,287,115,78,-13,-79,1
10/13/2016 14:06:00,287,115,80,-13,-80,1
10/13/2016 14:07:00,287,113,82,-13,-80,1
10/13/2016 14:08:00,287,113,84,-13,-81,1
10/13/2016 14:09:00,287,112,85,-13,-81,1
10/13/2016 14:10:00,287,110,84,-13,-81,1
10/13/2016 14:11:00,287,111,86,-13,-81,1
10/13/2016 14:12:00,287,111,87,-13,-81,1
10/13/2016 14:13:00,287,111,86,-13,-82,1
10/13/2016 14:14:00,287,112,86,-13,-82,1
10/13/2016 14:15:00,287,112,86,-13,-82,1
10/13/2016 14:16:00,287,111,85,-13,-82,1
10/13/2016 14:17:00,287,111,86,-13,-82,1
10/13/2016 14:18:00,287,112,87,-13,-83,1
10/13/2016 14:19:00,287,111,87,-13,-83,1
10/13/2016 14:20:00,287,111,89,-12,-84,1
10/13/2016 14:21:00,287,112,88,-12,-84,1
10/13/2016 14:22:00,287,112,88,-12,-85,1
10/13/2016 14:23:00,287,113,88,-12,-84,1
10/13/2016 14:24:00,287,113,88,-12,-85,1
10/13/2016 14:25:00,287,112,89,-12,-86,1
10/13/2016 14:26:00,287,111,89,-12,-86,1
10/13/2016 14:27:00,287,112,90,-12,-86,1
10/13/2016 14:28:00,287,113,89,-12,-86,1
10/13/2016 14:29:00,287,114,88,-12,-87,1
10/13/2016 14:30:00,287,115,87,-12,-86,1
10/13/2016 14:31:00,287,115,84,-12,-87,1
10/13/2016 14:32:00,287,114,83,-12,-87,1
10/13/2016 14:33:00,287,114,83,-11,-87,1
10/13/2016 14:34:00,287,115,84,-11,-87,1
10/13/2016 14:35:00,287,115,85,-11,-87,1
10/13/2016 14:36:00,287,116,85,-11,-87,1
10/13/2016 14:37:00,287,118,85,-11,-88,1
10/13/2016 14:38:00,287,119,84,-11,-88,1
10/13/2016 14:39:00,287,120,84,-12,-89,1
10/13/2016 14:40:00,287,120,84,-12,-89,1
10/13/2016 14:41:00,287,120,84,-12,-89,1
10/13/2016 14:42:00,287,121,82,-12,-90,1
10/13/2016 14:43:00,287,123,82,-12,-90,1
10/13/2016 14:44:00,287,123,82,-12,-90,1
10/13/2016 14:45:00,287,122,81,-12,-90,1
10/13/2016 14:46:00,287,120,79,-12,-90,1
10/13/2016 14:47:00,287,121,78,-12,-90,1
10/13/2016 14:48:00,287,121,78,-12,-90,1
10/13/2016 14:49:00,287,121,76,-12,-91,1
10/13/2016 14:50:00,287,122,74,-12,-91,1
10/13/2016 14:51:00,287,122,74,-13,-92,1
10/13/2016 14:52:00,287,121,73,-13,-93,1
10/13/2016 14:53:00,287,123,71,-14,-93,1
10/13/2016 14:54:00,287,123,70,-14,-93,1
10/13/2016 14:55:00,287,122,70,-14,-93,1
10/13/2016 14:56:00,287,121,70,-13,-94,1
10/13/2016 14:57:00,287,122,72,-13,-94,1
10/13/2016 14:58:00,287,121,74,-13,-94,1
10/13/2016 14:59:00,287,120,76,-12,-95,1
10/13/2016 15:00:00,287,120,78,-11,-95,1
10/13/2016 15:01:00,287,120,82,-11,-96,1
10/13/2016 15:02:00,287,120,84,-10,-96,1
10/13/2016 15:03:00,287,120,86,-10,-97,1
10/13/2016 15:04:00,287,121,87,-10,-97,1
10/13/2016 15:05:00,287,120,89,-9,-97,1
10/13/2016 15:06:00,287,122,91,-9,-97,1
10/13/2016 15:07:00,287,122,91,-8,-97,1
10/13/2016 15:08:00,287,125,94,-8,-97,1
10/13/2016 15:09:00,287,127,95,-8,-97,1
10/13/2016 15:10:00,287,129,95,-8,-97,1
10/13/2016 15:11:00,287,130,95,-8,-97,1
10/13/2016 15:12:00,287,131,95,-9,-97,1
10/13/2016 15:13:00,287,135,96,-9,-98,1
10/13/2016 15:14:00,287,134,96,-10,-98,1
10/13/2016 15:15:00,287,133,98,-10,-98,1
10/13/2016 15:16:00,287,132,99,-9,-98,1
10/13/2016 15:17:00,287,131,101,-8,-98,1
10/13/2016 15:18:00,287,130,104,-7,-97,1
10/13/2016 15:19:00,287,128,106,-6,-97,1
10/13/2016 15:20:00,287,129,107,-5,-97,1
10/13/2016 15:21:00,287,128,109,-4,-98,1
10/13/2016 15:22:00,287,128,111,-4,-97,1
10/13/2016 15:23:00,287,126,111,-3,-98,1
10/13/2016 15:24:00,287,126,112,-3,-99,1
10/13/2016 15:25:00,287,127,113,-3,-98,1
10/13/2016 15:26:00,287,128,114,-3,-99,1
10/13/2016 15:27:00,287,128,114,-2,-100,1
10/13/2016 15:28:00,287,129,113,-2,-100,1
10/13/2016 15:29:00,287,131,112,-2,-100,1
10/13/2016 15:30:00,287,132,109,-2,-100,1
10/13/2016 15:31:00,287,134,107,-3,-100,1
10/13/2016 15:32:00,287,133,105,-2,-100,1
10/13/2016 15:33:00,287,133,101,-3,-100,1
10/13/2016 15:34:00,287,135,99,-3,-100,1
10/13/2016 15:35:00,287,137,99,-4,-101,1
10/13/2016 15:36:00,287,139,97,-5,-101,1
10/13/2016 15:37:00,287,142,97,-6,-102,1
10/13/2016 15:38:00,287,143,94,-7,-102,1
10/13/2016 15:39:00,287,145,94,-8,-103,1
10/13/2016 15:40:00,287,148,93,-9,-103,1
10/13/2016 15:41:00,287,147,92,-10,-104,1
10/13/2016 15:42:00,287,148,91,-11,-105,1
10/13/2016 15:43:00,287,148,91,-12,-105,1
10/13/2016 15:44:00,287,147,91,-12,-105,1
10/13/2016 15:45:00,287,147,89,-12,-105,1
10/13/2016 15:46:00,287,147,90,-13,-106,1
10/13/2016 15:47:00,287,148,91,-12,-105,1
10/13/2016 15:48:00,287,148,92,-12,-106,1
10/13/2016 15:49:00,287,149,94,-12,-106,1
10/13/2016 15:50:00,287,149,94,-12,-106,1
10/13/2016 15:51:00,287,149,95,-12,-106,1
10/13/2016 15:52:00,287,150,95,-12,-106,1
10/13/2016 15:53:00,287,150,94,-12,-106,1
10/13/2016 15:54:00,287,149,93,-12,-106,1
10/13/2016 15:55:00,287,149,94,-11,-106,1
10/13/2016 15:56:00,287,149,95,-12,-106,1
10/13/2016 15:57:00,287,149,95,-11,-106,1
10/13/2016 15:58:00,287,147,96,-11,-107,1
10/13/2016 15:59:00,287,145,94,-11,-107,1
10/13/2016 16:00:00,287,145,95,-11,-107,1
10/13/2016 16:01:00,287,144,97,-11,-108,1
10/13/2016 16:02:00,287,141,96,-10,-107,1
10/13/2016 16:03:00,287,138,94,-9,-107,1
10/13/2016 16:04:00,287,135,93,-8,-108,1
10/13/2016 16:05:00,287,134,93,-8,-108,1
10/13/2016 16:06:00,287,133,94,-7,-109,1
10/13/2016 16:07:00,287,131,95,-5,-109,1
10/13/2016 16:08:00,287,131,95,-4,-108,1
10/13/2016 16:09:00,287,131,94,-3,-108,1
10/13/2016 16:10:00,287,130,93,-3,-108,1
10/13/2016 16:11:00,287,127,91,-2,-107,1
10/13/2016 16:12:00,287,126,90,-1,-107,1
10/13/2016 16:13:00,287,125,89,-1,-107,1
10/13/2016 16:14:00,287,125,88,-1,-107,1
10/13/2016 16:15:00,287,125,87,-1,-107,1
10/13/2016 16:16:00,287,125,85,-1,-108,1
10/13/2016 16:17:00,287,124,84,-2,-108,1
10/13/2016 16:18:00,287,124,83,-2,-108,1
10/13/2016 16:19:00,287,126,83,-2,-108,1
10/13/2016 16:20:00,287,127,81,-1,-108,1
10/13/2016 16:21:00,287,128,81,-1,-108,1
10/13/2016 16:22:00,287,129,80,-1,-108,1
10/13/2016 16:23:00,287,128,79,-1,-108,1
10/13/2016 16:24:00,287,126,79,-1,-108,1
10/13/2016 16:25:00,287,127,79,0,-107,1
10/13/2016 16:26:00,287,128,80,-1,-107,1
10/13/2016 16:27:00,287,132,82,-1,-107,1
10/13/2016 16:28:00,287,136,82,-1,-107,1
10/13/2016 16:29:00,287,139,84,-1,-108,1
10/13/2016 16:30:00,287,142,86,-2,-108,1
10/13/2016 16:31:00,287,145,85,-3,-109,1
10/13/2016 16:32:00,287,148,87,-3,-110,1
10/13/2016 16:33:00,287,149,88,-4,-111,1
10/13/2016 16:34:00,287,153,88,-5,-111,1
10/13/2016 16:35:00,287,154,89,-5,-111,1
10/13/2016 16:36:00,287,154,89,-5,-111,1
10/13/2016 16:37:00,287,155,90,-6,-112,1
10/13/2016 16:38:00,287,156,91,-6,-112,1
10/13/2016 16:39:00,287,157,92,-6,-113,1
10/13/2016 16:40:00,287,158,93,-7,-113,1
10/13/2016 16:41:00,287,159,95,-6,-112,1
10/13/2016 16:42:00,287,160,96,-6,-112,1
10/13/2016 16:43:00,287,160,97,-6,-111,1
10/13/2016 16:44:00,287,159,96,-5,-112,1
10/13/2016 16:45:00,287,157,97,-5,-111,1
10/13/2016 16:46:00,287,153,96,-5,-111,1
10/13/2016 16:47:00,287,149,95,-5,-111,1
10/13/2016 16:48:00,287,145,93,-4,-110,1
10/13/2016 16:49:00,287,143,92,-3,-110,1
10/13/2016 16:50:00,287,141,92,-3,-109,1
10/13/2016 16:51:00,287,138,91,-2,-108,1
10/13/2016 16:52:00,287,136,90,0,-108,1
10/13/2016 16:53:00,287,134,89,1,-107,1
10/13/2016 16:54:00,287,131,88,2,-106,1
10/13/2016 16:55:00,287,128,87,3,-106,1
10/13/2016 16:56:00,287,126,85,4,-106,1
10/13/2016 16:57:00,287,125,82,4,-107,1
10/13/2016 16:58:00,287,122,80,4,-107,1
10/13/2016 16:59:00,287,121,78,4,-108,1
10/13/2016 17:00:00,287,121,77,3,-109,1
10/13/2016 17:01:00,287,120,76,3,-109,1
10/13/2016 17:02:00,287,120,75,2,-111,1
10/13/2016 17:03:00,287,120,75,1,-111,1
10/13/2016 17:04:00,287,121,79,1,-113,1
10/13/2016 17:05:00,287,122,81,0,-113,1
10/13/2016 17:06:00,287,123,82,-1,-113,1
10/13/2016 17:07:00,287,123,81,-1,-112,1
10/13/2016 17:08:00,287,126,82,-2,-112,1
10/13/2016 17:09:00,287,126,82,-2,-112,1
10/13/2016 17:10:00,287,126,82,-2,-112,1
10/13/2016 17:11:00,287,127,82,-3,-112,1
10/13/2016 17:12:00,287,129,81,-4,-111,1
10/13/2016 17:13:00,287,130,81,-4,-111,1
10/13/2016 17:14:00,287,131,81,-4,-111,1
10/13/2016 17:15:00,287,132,83,-4,-111,1
10/13/2016 17:16:00,287,134,85,-5,-110,1
10/13/2016 17:17:00,287,134,85,-5,-111,1
10/13/2016 17:18:00,287,134,87,-5,-111,1
10/13/2016 17:19:00,287,134,89,-5,-111,1
10/13/2016 17:20:00,287,134,92,-5,-111,1
10/13/2016 17:21:00,287,134,93,-5,-112,1
10/13/2016 17:22:00,287,133,94,-6,-112,1
10/13/2016 17:23:00,287,131,94,-6,-112,1
10/13/2016 17:24:00,287,129,94,-6,-111,1
10/13/2016 17:25:00,287,127,96,-5,-110,1
10/13/2016 17:26:00,287,127,98,-4,-110,1
10/13/2016 17:27:00,287,126,97,-4,-108,1
10/13/2016 17:28:00,287,124,97,-4,-108,1
10/13/2016 17:29:00,287,123,98,-4,-107,1
10/13/2016 17:30:00,287,122,99,-3,-106,1
10/13/2016 17:31:00,287,120,100,-2,-105,1
10/13/2016 17:32:00,287,120,101,-2,-105,1
10/13/2016 17:33:00,287,117,100,-1,-105,1
10/13/2016 17:34:00,287,115,100,-1,-105,1
10/13/2016 17:35:00,287,113,99,-1,-105,1
10/13/2016 17:36:00,287,112,97,-1,-106,1
10/13/2016 17:37:00,287,110,96,-1,-107,1
10/13/2016 17:38:00,287,110,95,-2,-108,1
10/13/2016 17:39:00,287,109,93,-3,-108,1
10/13/2016 17:40:00,287,108,96,-3,-108,1
10/13/2016 17:41:00,287,108,96,-4,-109,1
10/13/2016 17:42:00,287,107,96,-4,-108,1
10/13/2016 17:43:00,287,106,96,-4,-108,1
10/13/2016 17:44:00,287,104,96,-4,-109,1
10/13/2016 17:45:00,287,103,96,-5,-109,1
10/13/2016 17:46:00,287,102,95,-5,-109,1
10/13/2016 17:47:00,287,101,96,-5,-108,1
10/13/2016 17:48:00,287,99,94,-5,-107,1
10/13/2016 17:49:00,287,98,92,-5,-107,1
10/13/2016 17:50:00,287,98,92,-5,-107,1
10/13/2016 17:51:00,287,98,91,-5,-107,1
10/13/2016 17:52:00,287,98,89,-5,-107,1
10/13/2016 17:53:00,287,97,90,-5,-106,1
10/13/2016 17:54:00,287,97,92,-5,-107,1
10/13/2016 17:55:00,287,97,92,-5,-106,1
10/13/2016 17:56:00,287,94,93,-6,-106,1
10/13/2016 17:57:00,287,92,94,-5,-106,1
10/13/2016 17:58:00,287,91,95,-5,-106,1
10/13/2016 17:59:00,287,90,96,-5,-105,1
10/13/2016 18:00:00,287,88,96,-5,-105,1
10/13/2016 18:01:00,287,88,95,-5,-105,1
10/13/2016 18:02:00,287,90,94,-5,-105,1
10/13/2016 18:03:00,287,91,94,-5,-104,1
10/13/2016 18:04:00,287,92,94,-4,-103,1
10/13/2016 18:05:00,287,93,94,-5,-103,1
10/13/2016 18:06:00,287,91,94,-4,-102,1
10/13/2016 18:07:00,287,90,94,-4,-102,1
10/13/2016 18:08:00,287,89,94,-4,-102,1
10/13/2016 18:09:00,287,87,94,-4,-102,1
10/13/2016 18:10:00,287,87,94,-4,-102,1
10/13/2016 18:11:00,287,86,94,-4,-102,1
10/13/2016 18:12:00,287,87,97,-4,-102,1
10/13/2016 18:13:00,287,86,98,-3,-102,1
10/13/2016 18:14:00,287,86,100,-3,-103,1
10/13/2016 18:15:00,287,86,101,-3,-103,1
10/13/2016 18:16:00,287,89,103,-3,-102,1
10/13/2016 18:17:00,287,90,103,-3,-102,1
10/13/2016 18:18:00,287,89,103,-3,-102,1
10/13/2016 18:19:00,287,91,103,-3,-102,1
10/13/2016 18:20:00,287,91,105,-3,-102,1
10/13/2016 18:21:00,287,91,106,-3,-102,1
10/13/2016 18:22:00,287,91,106,-3,-103,1
10/13/2016 18:23:00,287,92,109,-2,-102,1
10/13/2016 18:24:00,287,93,110,-2,-102,1
10/13/2016 18:25:00,287,93,112,-2,-102,1
10/13/2016 18:26:00,287,93,113,-1,-102,1
10/13/2016 18:27:00,287,93,115,-1,-103,1
10/13/2016 18:28:00,287,93,115,-1,-103,1
10/13/2016 18:29:00,287,94,115,-2,-104,1
10/13/2016 18:30:00,287,95,115,-2,-103,1
10/13/2016 18:31:00,287,96,115,-2,-103,1
10/13/2016 18:32:00,287,97,116,-2,-104,1
10/13/2016 18:33:00,287,98,116,-2,-104,1
10/13/2016 18:34:00,287,99,116,-2,-103,1
10/13/2016 18:35:00,287,97,117,-2,-103,1
10/13/2016 18:36:00,287,96,115,-2,-102,1
10/13/2016 18:37:00,287,94,115,-2,-103,1
10/13/2016 18:38:00,287,93,114,-2,-104,1
10/13/2016 18:39:00,287,92,114,-2,-104,1
10/13/2016 18:40:00,287,91,115,-2,-104,1
10/13/2016 18:41:00,287,92,114,-2,-104,1
10/13/2016 18:42:00,287,92,116,-1,-104,1
10/13/2016 18:43:00,287,93,117,0,-104,1
10/13/2016 18:44:00,287,90,118,0,-103,1
10/13/2016 18:45:00,287,90,118,0,-103,1
10/13/2016 18:46:00,287,90,119,1,-103,1
10/13/2016 18:47:00,287,90,120,1,-103,1
10/13/2016 18:48:00,287,90,119,1,-104,1
10/13/2016 18:49:00,287,88,117,1,-103,1
10/13/2016 18:50:00,287,85,115,1,-103,1
10/13/2016 18:51:00,287,83,113,1,-103,1
10/13/2016 18:52:00,287,81,108,1,-102,1
10/13/2016 18:53:00,287,79,105,0,-102,1
10/13/2016 18:54:00,287,76,101,-1,-101,1
10/13/2016 18:55:00,287,73,101,-2,-99,1
10/13/2016 18:56:00,287,70,102,-2,-99,1
10/13/2016 18:57:00,287,71,102,-3,-99,1
10/13/2016 18:58:00,287,71,103,-3,-98,1
10/13/2016 18:59:00,287,70,104,-4,-97,1
10/13/2016 19:00:00,287,68,103,-5,-96,1
10/13/2016 19:01:00,287,66,103,-6,-95,1
10/13/2016 19:02:00,287,65,103,-7,-95,1
10/13/2016 19:03:00,287,65,102,-8,-94,1
10/13/2016 19:04:00,287,67,103,-9,-94,1
10/13/2016 19:05:00,287,68,102,-11,-94,1
10/13/2016 19:06:00,287,71,103,-12,-94,1
10/13/2016 19:07:00,287,74,107,-13,-94,1
10/13/2016 19:08:00,287,77,109,-13,-94,1
10/13/2016 19:09:00,287,80,112,-14,-92,1
10/13/2016 19:10:00,287,83,116,-15,-92,1
10/13/2016 19:11:00,287,86,118,-15,-92,1
10/13/2016 19:12:00,287,90,121,-16,-92,1
10/13/2016 19:13:00,287,93,123,-16,-92,1
10/13/2016 19:14:00,287,94,123,-16,-92,1
10/13/2016 19:15:00,287,95,123,-17,-92,1
10/13/2016 19:16:00,287,98,124,-17,-93,1
10/13/2016 19:17:00,287,99,125,-17,-94,1
10/13/2016 19:18:00,287,100,125,-17,-94,1
10/13/2016 19:19:00,287,99,124,-17,-94,1
10/13/2016 19:20:00,287,100,123,-17,-94,1
10/13/2016 19:21:00,287,98,122,-17,-94,1
10/13/2016 19:22:00,287,97,120,-17,-95,1
10/13/2016 19:23:00,287,96,119,-16,-96,1
10/13/2016 19:24:00,287,94,117,-16,-97,1
10/13/2016 19:25:00,287,92,115,-16,-97,1
10/13/2016 19:26:00,287,91,113,-16,-97,1
10/13/2016 19:27:00,287,89,109,-16,-97,1
10/13/2016 19:28:00,287,88,106,-16,-98,1
10/13/2016 19:29:00,287,86,102,-16,-98,1
10/13/2016 19:30:00,287,88,98,-15,-98,1
10/13/2016 19:31:00,287,89,94,-15,-99,1
10/13/2016 19:32:00,287,89,94,-15,-99,1
10/13/2016 19:33:00,287,90,92,-15,-99,1
10/13/2016 19:34:00,287,91,91,-14,-99,1
10/13/2016 19:35:00,287,92,90,-14,-99,1
10/13/2016 19:36:00,287,94,89,-14,-99,1
10/13/2016 19:37:00,287,95,89,-14,-100,1
10/13/2016 19:38:00,287,96,88,-13,-100,1
10/13/2016 19:39:00,287,95,88,-13,-101,1
10/13/2016 19:40:00,287,94,87,-12,-101,1
10/13/2016 19:41:00,287,94,86,-12,-101,1
10/13/2016 19:42:00,287,93,85,-12,-101,1
10/13/2016 19:43:00,287,94,82,-11,-101,1
10/13/2016 19:44:00,287,93,80,-10,-101,1
10/13/2016 19:45:00,287,93,78,-10,-100,1
10/13/2016 19:46:00,287,91,76,-9,-100,1
10/13/2016 19:47:00,287,88,73,-9,-100,1
10/13/2016 19:48:00,287,86,70,-10,-99,1
10/13/2016 19:49:00,287,85,69,-9,-100,1
10/13/2016 19:50:00,287,83,68,-9,-99,1
10/13/2016 19:51:00,287,81,67,-9,-99,1
10/13/2016 19:52:00,287,80,64,-9,-99,1
10/13/2016 19:53:00,287,80,62,-9,-98,1
10/13/2016 19:54:00,287,78,59,-9,-97,1
10/13/2016 19:55:00,287,77,57,-9,-96,1
10/13/2016 19:56:00,287,75,56,-9,-96,1
10/13/2016 19:57:00,287,74,53,-9,-94,1
10/13/2016 19:58:00,287,70,52,-10,-94,1
10/13/2016 19:59:00,287,69,51,-10,-94,1
10/13/2016 20:00:00,287,69,51,-11,-94,1
10/13/2016 20:01:00,287,70,52,-11,-95,1
10/13/2016 20:02:00,287,70,53,-11,-96,1
10/13/2016 20:03:00,287,68,52,-11,-96,1
10/13/2016 20:04:00,287,67,52,-11,-97,1
10/13/2016 20:05:00,287,66,51,-10,-97,1
10/13/2016 20:06:00,287,65,49,-10,-96,1
10/13/2016 20:07:00,287,64,48,-10,-96,1
10/13/2016 20:08:00,287,63,49,-9,-96,1
10/13/2016 20:09:00,287,63,48,-9,-95,1
10/13/2016 20:10:00,287,62,47,-10,-96,1
10/13/2016 20:11:00,287,61,45,-9,-96,1
10/13/2016 20:12:00,287,60,46,-9,-96,1
10/13/2016 20:13:00,287,60,46,-9,-96,1
10/13/2016 20:14:00,287,60,46,-9,-96,1
10/13/2016 20:15:00,287,59,44,-9,-96,1
10/13/2016 20:16:00,287,57,44,-9,-96,1
10/13/2016 20:17:00,287,57,45,-9,-96,1
10/13/2016 20:18:00,287,57,46,-8,-97,1
10/13/2016 20:19:00,287,56,46,-8,-97,1
10/13/2016 20:20:00,287,57,47,-8,-98,1
10/13/2016 20:21:00,287,58,47,-8,-98,1
10/13/2016 20:22:00,287,59,47,-8,-98,1
10/13/2016 20:23:00,287,59,47,-8,-98,1
10/13/2016 20:24:00,287,59,47,-8,-98,1
10/13/2016 20:25:00,287,57,48,-8,-98,1
10/13/2016 20:26:00,287,57,48,-8,-98,1
10/13/2016 20:27:00,287,55,47,-8,-98,1
10/13/2016 20:28:00,287,56,46,-8,-97,1
10/13/2016 20:29:00,287,57,45,-7,-97,1
10/13/2016 20:30:00,287,58,44,-7,-97,1
10/13/2016 20:31:00,287,57,44,-7,-95,1
10/13/2016 20:32:00,287,58,44,-7,-96,1
10/13/2016 20:33:00,287,58,45,-7,-96,1
10/13/2016 20:34:00,287,58,45,-7,-96,1
10/13/2016 20:35:00,287,59,45,-7,-95,1
10/13/2016 20:36:00,287,60,44,-7,-95,1
10/13/2016 20:37:00,287,61,45,-8,-95,1
10/13/2016 20:38:00,287,61,44,-7,-95,1
10/13/2016 20:39:00,287,64,43,-7,-94,1
10/13/2016 20:40:00,287,64,45,-7,-95,1
10/13/2016 20:41:00,287,65,45,-6,-96,1
10/13/2016 20:42:00,287,66,46,-6,-95,1
10/13/2016 20:43:00,287,67,45,-5,-95,1
10/13/2016 20:44:00,287,68,45,-5,-95,1
10/13/2016 20:45:00,287,69,45,-4,-95,1
10/13/2016 20:46:00,287,70,44,-4,-95,1
10/13/2016 20:47:00,287,71,44,-3,-95,1
10/13/2016 20:48:00,287,73,43,-3,-94,1
10/13/2016 20:49:00,287,75,43,-2,-94,1
10/13/2016 20:50:00,287,77,44,-2,-94,1
10/13/2016 20:51:00,287,77,45,-2,-93,1
10/13/2016 20:52:00,287,75,47,-2,-93,1
10/13/2016 20:53:00,287,73,48,-3,-92,1
10/13/2016 20:54:00,287,73,48,-3,-91,1
10/13/2016 20:55:00,287,72,50,-4,-91,1
10/13/2016 20:56:00,287,72,50,-5,-91,1
10/13/2016 20:57:00,287,71,52,-5,-90,1
10/13/2016 20:58:00,287,70,51,-6,-90,1
10/13/2016 20:59:00,287,70,51,-7,-90,1
10/13/2016 21:00:00,287,70,52,-7,-90,1
10/13/2016 21:01:00,287,70,52,-7,-91,1
10/13/2016 21:02:00,287,70,52,-7,-91,1
10/13/2016 21:03:00,287,71,52,-8,-91,1
10/13/2016 21:04:00,287,71,51,-8,-91,1
10/13/2016 21:05:00,287,69,51,-7,-92,1
10/13/2016 21:06:00,287,68,50,-8,-91,1
10/13/2016 21:07:00,287,68,50,-7,-91,1
10/13/2016 21:08:00,287,69,49,-8,-92,1
10/13/2016 21:09:00,287,68,49,-7,-92,1
10/13/2016 21:10:00,287,68,49,-7,-92,1
10/13/2016 21:11:00,287,70,49,-7,-92,1
10/13/2016 21:12:00,287,69,49,-7,-93,1
10/13/2016 21:13:00,287,68,49,-7,-93,1
10/13/2016 21:14:00,287,67,49,-7,-93,1
10/13/2016 21:15:00,287,66,48,-7,-93,1
10/13/2016 21:16:00,287,65,48,-7,-93,1
10/13/2016 21:17:00,287,64,48,-7,-93,1
10/13/2016 21:18:00,287,62,48,-7,-92,1
10/13/2016 21:19:00,287,61,48,-7,-92,1
10/13/2016 21:20:00,287,62,48,-8,-92,1
10/13/2016 21:21:00,287,63,49,-8,-92,1
10/13/2016 21:22:00,287,65,49,-8,-92,1
10/13/2016 21:23:00,287,65,48,-8,-92,1
10/13/2016 21:24:00,287,66,48,-8,-92,1
10/13/2016 21:25:00,287,67,47,-8,-93,1
10/13/2016 21:26:00,287,68,49,-8,-93,1
10/13/2016 21:27:00,287,67,49,-8,-93,1
10/13/2016 21:28:00,287,65,48,-8,-94,1
10/13/2016 21:29:00,287,64,48,-8,-93,1
10/13/2016 21:30:00,287,64,49,-9,-93,1
10/13/2016 21:31:00,287,65,48,-9,-93,1
10/13/2016 21:32:00,287,66,48,-9,-93,1
10/13/2016 21:33:00,287,67,47,-9,-93,1
10/13/2016 21:34:00,287,68,47,-10,-93,1
10/13/2016 21:35:00,287,69,46,-10,-93,1
10/13/2016 21:36:00,287,70,45,-10,-94,1
10/13/2016 21:37:00,287,70,46,-10,-94,1
10/13/2016 21:38:00,287,70,45,-10,-95,1
10/13/2016 21:39:00,287,69,45,-10,-96,1
10/13/2016 21:40:00,287,67,44,-10,-96,1
10/13/2016 21:41:00,287,65,44,-10,-96,1
10/13/2016 21:42:00,287,63,43,-9,-96,1
10/13/2016 21:43:00,287,61,43,-9,-96,1
10/13/2016 21:44:00,287,59,41,-9,-96,1
10/13/2016 21:45:00,287,59,41,-9,-96,1
10/13/2016 21:46:00,287,57,40,-9,-96,1
10/13/2016 21:47:00,287,56,40,-9,-96,1
10/13/2016 21:48:00,287,55,40,-9,-95,1
10/13/2016 21:49:00,287,55,40,-9,-96,1
10/13/2016 21:50:00,287,55,39,-9,-96,1
10/13/2016 21:51:00,287,55,40,-9,-96,1
10/13/2016 21:52:00,287,55,38,-9,-96,1
10/13/2016 21:53:00,287,56,38,-9,-95,1
10/13/2016 21:54:00,287,56,38,-9,-95,1
10/13/2016 21:55:00,287,58,39,-9,-94,1
10/13/2016 21:56:00,287,60,39,-10,-94,1
10/13/2016 21:57:00,287,60,39,-10,-93,1
10/13/2016 21:58:00,287,60,37,-10,-93,1
10/13/2016 21:59:00,287,61,38,-10,-93,1
10/13/2016 22:00:00,287,61,38,-10,-93,1
10/13/2016 22:01:00,287,61,38,-10,-93,1
10/13/2016 22:02:00,287,62,39,-10,-93,1
10/13/2016 22:03:00,287,63,38,-10,-93,1
10/13/2016 22:04:00,287,64,39,-10,-93,1
10/13/2016 22:05:00,287,65,39,-10,-93,1
10/13/2016 22:06:00,287,65,39,-10,-93,1
10/13/2016 22:07:00,287,66,39,-11,-93,1
10/13/2016 22:08:00,287,65,38,-11,-93,1
10/13/2016 22:09:00,287,66,38,-11,-93,1
10/13/2016 22:10:00,287,66,38,-11,-93,1
10/13/2016 22:11:00,287,65,38,-12,-94,1
10/13/2016 22:12:00,287,64,38,-12,-94,1
10/13/2016 22:13:00,287,63,38,-12,-95,1
10/13/2016 22:14:00,287,63,38,-12,-95,1
10/13/2016 22:15:00,287,63,38,-12,-95,1
10/13/2016 22:16:00,287,64,38,-13,-95,1
10/13/2016 22:17:00,287,62,37,-13,-95,1
10/13/2016 22:18:00,287,62,37,-13,-95,1
10/13/2016 22:19:00,287,61,36,-13,-95,1
10/13/2016 22:20:00,287,60,36,-13,-96,1
10/13/2016 22:21:00,287,60,36,-13,-96,1
10/13/2016 22:22:00,287,61,37,-13,-95,1
10/13/2016 22:23:00,287,62,37,-13,-95,1
10/13/2016 22:24:00,287,63,37,-14,-95,1
10/13/2016 22:25:00,287,65,37,-14,-95,1
10/13/2016 22:26:00,287,65,37,-14,-95,1
10/13/2016 22:27:00,287,67,37,-14,-96,1
10/13/2016 22:28:00,287,69,37,-14,-96,1
10/13/2016 22:29:00,287,70,39,-14,-96,1
10/13/2016 22:30:00,287,71,38,-14,-96,1
10/13/2016 22:31:00,287,73,38,-14,-97,1
10/13/2016 22:32:00,287,73,37,-14,-97,1
10/13/2016 22:33:00,287,75,36,-14,-97,1
10/13/2016 22:34:00,287,76,37,-14,-98,1
10/13/2016 22:35:00,287,79,38,-14,-98,1
10/13/2016 22:36:00,287,80,38,-13,-98,1
10/13/2016 22:37:00,287,82,38,-13,-98,1
10/13/2016 22:38:00,287,82,39,-13,-99,1
10/13/2016 22:39:00,287,81,38,-13,-99,1
10/13/2016 22:40:00,287,83,38,-13,-99,1
10/13/2016 22:41:00,287,83,38,-13,-99,1
10/13/2016 22:42:00,287,82,38,-13,-99,1
10/13/2016 22:43:00,287,81,39,-13,-98,1
10/13/2016 22:44:00,287,80,38,-13,-98,1
10/13/2016 22:45:00,287,80,38,-14,-98,1
10/13/2016 22:46:00,287,81,38,-15,-99,1
10/13/2016 22:47:00,287,82,39,-15,-99,1
10/13/2016 22:48:00,287,83,38,-16,-99,1
10/13/2016 22:49:00,287,86,38,-17,-98,1
10/13/2016 22:50:00,287,88,38,-18,-98,1
10/13/2016 22:51:00,287,91,38,-19,-98,1
10/13/2016 22:52:00,287,94,38,-20,-98,1
10/13/2016 22:53:00,287,94,37,-21,-99,1
10/13/2016 22:54:00,287,93,38,-22,-100,1
10/13/2016 22:55:00,287,92,38,-22,-100,1
10/13/2016 22:56:00,287,89,38,-22,-101,1
10/13/2016 22:57:00,287,84,39,-22,-102,1
10/13/2016 22:58:00,287,81,40,-22,-102,1
10/13/2016 22:59:00,287,76,42,-22,-103,1
10/13/2016 23:00:00,287,73,44,-22,-104,1
10/13/2016 23:01:00,287,70,46,-21,-104,1
10/13/2016 23:02:00,287,69,47,-21,-104,1
10/13/2016 23:03:00,287,72,50,-20,-105,1
10/13/2016 23:04:00,287,74,50,-20,-105,1
10/13/2016 23:05:00,287,76,49,-20,-106,1
10/13/2016 23:06:00,287,76,50,-19,-106,1
10/13/2016 23:07:00,287,77,50,-19,-107,1
10/13/2016 23:08:00,287,77,51,-19,-107,1
10/13/2016 23:09:00,287,77,53,-18,-108,1
10/13/2016 23:10:00,287,78,55,-18,-109,1
10/13/2016 23:11:00,287,79,56,-17,-109,1
10/13/2016 23:12:00,287,79,57,-16,-109,1
10/13/2016 23:13:00,287,83,58,-16,-109,1
10/13/2016 23:14:00,287,84,59,-15,-109,1
10/13/2016 23:15:00,287,80,57,-15,-109,1
10/13/2016 23:16:00,287,77,57,-16,-109,1
10/13/2016 23:17:00,287,77,55,-16,-109,1
10/13/2016 23:18:00,287,77,55,-16,-108,1
10/13/2016 23:19:00,287,75,55,-16,-108,1
10/13/2016 23:20:00,287,74,56,-17,-107,1
10/13/2016 23:21:00,287,75,55,-17,-108,1
10/13/2016 23:22:00,287,77,56,-18,-107,1
10/13/2016 23:23:00,287,79,58,-19,-108,1
10/13/2016 23:24:00,287,79,60,-20,-108,1
10/13/2016 23:25:00,287,77,60,-20,-108,1
10/13/2016 23:26:00,287,78,60,-21,-108,1
10/13/2016 23:27:00,287,79,60,-22,-108,1
10/13/2016 23:28:00,287,82,63,-23,-109,1
10/13/2016 23:29:00,287,82,65,-24,-109,1
10/13/2016 23:30:00,287,81,67,-24,-109,1
10/13/2016 23:31:00,287,82,69,-24,-110,1
10/13/2016 23:32:00,287,82,71,-25,-110,1
10/13/2016 23:33:00,287,81,71,-25,-111,1
10/13/2016 23:34:00,287,82,71,-25,-111,1
10/13/2016 23:35:00,287,81,70,-25,-112,1
10/13/2016 23:36:00,287,81,71,-25,-112,1
10/13/2016 23:37:00,287,80,69,-24,-112,1
10/13/2016 23:38:00,287,78,67,-25,-112,1
10/13/2016 23:39:00,287,76,69,-25,-112,1
10/13/2016 23:40:00,287,74,72,-25,-112,1
10/13/2016 23:41:00,287,73,75,-25,-112,1
10/13/2016 23:42:00,287,71,76,-24,-112,1
10/13/2016 23:43:00,287,71,78,-24,-113,1
10/13/2016 23:44:00,287,72,79,-23,-113,1
10/13/2016 23:45:00,287,72,80,-23,-114,1
10/13/2016 23:46:00,287,74,79,-22,-114,1
10/13/2016 23:47:00,287,74,78,-21,-114,1
10/13/2016 23:48:00,287,71,79,-20,-114,1
10/13/2016 23:49:00,287,69,80,-19,-114,1
10/13/2016 23:50:00,287,67,80,-19,-114,1
10/13/2016 23:51:00,287,65,80,-18,-114,1
10/13/2016 23:52:00,287,63,80,-18,-114,1
10/13/2016 23:53:00,287,63,80,-17,-113,1
10/13/2016 23:54:00,287,66,80,-17,-114,1
10/13/2016 23:55:00,287,71,80,-16,-113,1
10/13/2016 23:56:00,287,73,79,-15,-113,1
10/13/2016 23:57:00,287,73,78,-15,-113,1
10/13/2016 23:58:00,287,73,77,-15,-113,1
10/13/2016 23:59:00,287,73,75,-14,-113,1
