DateTime,DOY,ASY_D,ASY_H,SYM_D,SYM_H,Location
04/17/2001 00:00:00,107,17,17,1,-8,1
04/17/2001 00:01:00,107,17,17,1,-8,1
04/17/2001 00:02:00,107,17,17,1,-8,1
04/17/2001 00:03:00,107,17,17,1,-8,1
04/17/2001 00:04:00,107,17,17,1,-8,1
04/17/2001 00:05:00,107,18,16,1,-8,1
04/17/2001 00:06:00,107,18,16,1,-8,1
04/17/2001 00:07:00,107,18,16,1,-9,1
04/17/2001 00:08:00,107,17,16,0,-9,1
04/17/2001 00:09:00,107,17,17,0,-9,1
04/17/2001 00:10:00,107,18,17,0,-9,1
04/17/2001 00:11:00,107,18,17,0,-9,1
04/17/2001 00:12:00,107,18,17,0,-9,1
04/17/2001 00:13:00,107,18,17,0,-9,1
04/17/2001 00:14:00,107,18,16,0,-9,1
04/17/2001 00:15:00,107,18,16,0,-10,1
04/17/2001 00:16:00,107,18,16,0,-10,1
04/17/2001 00:17:00,107,18,16,0,-10,1
04/17/2001 00:18:00,107,18,16,0,-10,1
04/17/2001 00:19:00,107,17,17,0,-10,1
04/17/2001 00:20:00,107,18,18,0,-10,1
04/17/2001 00:21:00,107,18,18,0,-10,1
04/17/2001 00:22:00,107,18,18,-1,-10,1
04/17/2001 00:23:00,107,18,18,-1,-10,1
04/17/2001 00:24:00,107,18,18,-1,-10,1
04/17/2001 00:25:00,107,18,18,-1,-11,1
04/17/2001 00:26:00,107,18,18,-1,-11,1
04/17/2001 00:27:00,107,19,18,-1,-11,1
04/17/2001 00:28:00,107,18,18,-1,-11,1
04/17/2001 00:29:00,107,17,18,-1,-11,1
04/17/2001 00:30:00,107,17,18,-1,-11,1
04/17/2001 00:31:00,107,18,18,-1,-11,1
04/17/2001 00:32:00,107,17,18,-1,-11,1
04/17/2001 00:33:00,107,18,18,-1,-11,1
04/17/2001 00:34:00,107,18,18,-1,-11,1
04/17/2001 00:35:00,107,17,18,-1,-11,1
04/17/2001 00:36:00,107,17,19,-1,-12,1
04/17/2001 00:37:00,107,17,19,-1,-12,1
04/17/2001 00:38:00,107,17,19,-1,-12,1
04/17/2001 00:39:00,107,17,19,-1,-12,1
04/17/2001 00:40:00,107,17,20,-1,-12,1
04/17/2001 00:41:00,107,17,19,-1,-13,1
04/17/2001 00:42:00,107,16,19,-1,-13,1
04/17/2001 00:43:00,107,17,19,0,-13,1
04/17/2001 00:44:00,107,17,19,-1,-13,1
04/17/2001 00:45:00,107,17,19,0,-13,1
04/17/2001 00:46:00,107,17,19,-1,-14,1
04/17/2001 00:47:00,107,17,18,-1,-14,1
04/17/2001 00:48:00,107,17,18,-1,-14,1
04/17/2001 00:49:00,107,17,18,-1,-14,1
04/17/2001 00:50:00,107,17,19,-1,-14,1
04/17/2001 00:51:00,107,17,19,0,-14,1
04/17/2001 00:52:00,107,17,17,0,-15,1
04/17/2001 00:53:00,107,16,17,-1,-14,1
04/17/2001 00:54:00,107,16,17,0,-14,1
04/17/2001 00:55:00,107,16,17,0,-14,1
04/17/2001 00:56:00,107,16,17,0,-14,1
04/17/2001 00:57:00,107,16,17,0,-14,1
04/17/2001 00:58:00,107,16,17,0,-14,1
04/17/2001 00:59:00,107,15,18,0,-15,1
04/17/2001 01:00:00,107,14,17,0,-15,1
04/17/2001 01:01:00,107,14,17,0,-15,1
04/17/2001 01:02:00,107,15,16,0,-15,1
04/17/2001 01:03:00,107,14,17,0,-15,1
04/17/2001 01:04:00,107,14,17,0,-15,1
04/17/2001 01:05:00,107,14,18,0,-16,1
04/17/2001 01:06:00,107,13,18,0,-16,1
04/17/2001 01:07:00,107,13,18,0,-16,1
04/17/2001 01:08:00,107,13,19,0,-17,1
04/17/2001 01:09:00,107,13,19,0,-17,1
04/17/2001 01:10:00,107,14,19,0,-17,1
04/17/2001 01:11:00,107,14,19,0,-17,1
04/17/2001 01:12:00,107,13,19,0,-17,1
04/17/2001 01:13:00,107,14,18,1,-17,1
04/17/2001 01:14:00,107,14,18,1,-17,1
04/17/2001 01:15:00,107,14,18,1,-17,1
04/17/2001 01:16:00,107,14,18,1,-17,1
04/17/2001 01:17:00,107,13,18,1,-17,1
04/17/2001 01:18:00,107,13,18,1,-16,1
04/17/2001 01:19:00,107,13,17,1,-17,1
04/17/2001 01:20:00,107,13,17,1,-16,1
04/17/2001 01:21:00,107,13,17,1,-16,1
04/17/2001 01:22:00,107,13,16,0,-17,1
04/17/2001 01:23:00,107,13,17,1,-17,1
04/17/2001 01:24:00,107,13,17,1,-17,1
04/17/2001 01:25:00,107,13,15,1,-17,1
04/17/2001 01:26:00,107,13,15,1,-17,1
04/17/2001 01:27:00,107,13,15,1,-17,1
04/17/2001 01:28:00,107,13,15,1,-17,1
04/17/2001 01:29:00,107,13,16,1,-17,1
04/17/2001 01:30:00,107,12,16,1,-17,1
04/17/2001 01:31:00,107,12,16,1,-17,1
04/17/2001 01:32:00,107,12,15,0,-17,1
04/17/2001 01:33:00,107,12,15,1,-17,1
04/17/2001 01:34:00,107,12,15,0,-17,1
04/17/2001 01:35:00,107,12,15,0,-16,1
04/17/2001 01:36:00,107,12,15,0,-16,1
04/17/2001 01:37:00,107,12,15,0,-16,1
04/17/2001 01:38:00,107,12,15,1,-17,1
04/17/2001 01:39:00,107,12,15,1,-16,1
04/17/2001 01:40:00,107,12,14,1,-16,1
04/17/2001 01:41:00,107,12,15,0,-16,1
04/17/2001 01:42:00,107,12,16,0,-16,1
04/17/2001 01:43:00,107,11,16,0,-16,1
04/17/2001 01:44:00,107,11,16,0,-16,1
04/17/2001 01:45:00,107,11,16,0,-16,1
04/17/2001 01:46:00,107,11,16,1,-16,1
04/17/2001 01:47:00,107,12,16,1,-16,1
04/17/2001 01:48:00,107,11,16,1,-16,1
04/17/2001 01:49:00,107,11,16,1,-16,1
04/17/2001 01:50:00,107,12,15,1,-15,1
04/17/2001 01:51:00,107,11,15,1,-15,1
04/17/2001 01:52:00,107,12,15,1,-15,1
04/17/2001 01:53:00,107,11,15,1,-15,1
04/17/2001 01:54:00,107,11,15,1,-15,1
04/17/2001 01:55:00,107,11,16,1,-14,1
04/17/2001 01:56:00,107,11,16,1,-14,1
04/17/2001 01:57:00,107,11,15,1,-14,1
04/17/2001 01:58:00,107,12,14,1,-14,1
04/17/2001 01:59:00,107,11,14,1,-14,1
04/17/2001 02:00:00,107,11,14,1,-14,1
04/17/2001 02:01:00,107,11,14,1,-15,1
04/17/2001 02:02:00,107,12,15,1,-15,1
04/17/2001 02:03:00,107,11,13,1,-15,1
04/17/2001 02:04:00,107,11,13,1,-15,1
04/17/2001 02:05:00,107,12,13,1,-16,1
04/17/2001 02:06:00,107,11,14,1,-16,1
04/17/2001 02:07:00,107,11,14,1,-16,1
04/17/2001 02:08:00,107,12,13,1,-16,1
04/17/2001 02:09:00,107,12,13,1,-16,1
04/17/2001 02:10:00,107,12,13,1,-15,1
04/17/2001 02:11:00,107,12,13,1,-15,1
04/17/2001 02:12:00,107,12,14,1,-15,1
04/17/2001 02:13:00,107,12,14,1,-15,1
04/17/2001 02:14:00,107,12,14,1,-15,1
04/17/2001 02:15:00,107,12,14,1,-15,1
04/17/2001 02:16:00,107,12,13,1,-15,1
04/17/2001 02:17:00,107,11,15,1,-15,1
04/17/2001 02:18:00,107,11,15,1,-16,1
04/17/2001 02:19:00,107,11,14,1,-15,1
04/17/2001 02:20:00,107,12,15,1,-15,1
04/17/2001 02:21:00,107,12,15,1,-16,1
04/17/2001 02:22:00,107,12,16,1,-15,1
04/17/2001 02:23:00,107,12,15,1,-15,1
04/17/2001 02:24:00,107,12,15,1,-15,1
04/17/2001 02:25:00,107,12,15,1,-15,1
04/17/2001 02:26:00,107,12,16,1,-15,1
04/17/2001 02:27:00,107,12,16,2,-15,1
04/17/2001 02:28:00,107,11,16,2,-15,1
04/17/2001 02:29:00,107,12,16,2,-15,1
04/17/2001 02:30:00,107,11,16,2,-15,1
04/17/2001 02:31:00,107,11,17,2,-15,1
04/17/2001 02:32:00,107,11,17,2,-15,1
04/17/2001 02:33:00,107,11,18,2,-15,1
04/17/2001 02:34:00,107,11,18,3,-16,1
04/17/2001 02:35:00,107,12,18,2,-16,1
04/17/2001 02:36:00,107,12,18,3,-16,1
04/17/2001 02:37:00,107,12,18,3,-16,1
04/17/2001 02:38:00,107,12,19,3,-16,1
04/17/2001 02:39:00,107,12,19,3,-16,1
04/17/2001 02:40:00,107,12,19,3,-16,1
04/17/2001 02:41:00,107,13,19,3,-16,1
04/17/2001 02:42:00,107,13,20,3,-16,1
04/17/2001 02:43:00,107,12,20,3,-16,1
04/17/2001 02:44:00,107,13,21,2,-16,1
04/17/2001 02:45:00,107,13,21,3,-16,1
04/17/2001 02:46:00,107,14,21,3,-16,1
04/17/2001 02:47:00,107,14,21,3,-16,1
04/17/2001 02:48:00,107,14,21,2,-16,1
04/17/2001 02:49:00,107,15,21,2,-16,1
04/17/2001 02:50:00,107,15,22,2,-16,1
04/17/2001 02:51:00,107,14,22,2,-16,1
04/17/2001 02:52:00,107,14,23,3,-16,1
04/17/2001 02:53:00,107,14,24,3,-16,1
04/17/2001 02:54:00,107,14,23,3,-16,1
04/17/2001 02:55:00,107,14,23,3,-16,1
04/17/2001 02:56:00,107,14,24,3,-16,1
04/17/2001 02:57:00,107,13,24,3,-16,1
04/17/2001 02:58:00,107,14,24,3,-16,1
04/17/2001 02:59:00,107,14,24,3,-16,1
04/17/2001 03:00:00,107,13,23,3,-16,1
04/17/2001 03:01:00,107,13,23,4,-16,1
04/17/2001 03:02:00,107,14,23,4,-16,1
04/17/2001 03:03:00,107,14,24,4,-16,1
04/17/2001 03:04:00,107,13,24,4,-16,1
04/17/2001 03:05:00,107,13,24,4,-16,1
04/17/2001 03:06:00,107,13,25,4,-16,1
04/17/2001 03:07:00,107,12,25,4,-16,1
04/17/2001 03:08:00,107,12,27,4,-16,1
04/17/2001 03:09:00,107,12,26,3,-16,1
04/17/2001 03:10:00,107,12,26,3,-16,1
04/17/2001 03:11:00,107,12,27,3,-15,1
04/17/2001 03:12:00,107,14,27,4,-16,1
04/17/2001 03:13:00,107,14,28,4,-16,1
04/17/2001 03:14:00,107,14,29,4,-15,1
04/17/2001 03:15:00,107,14,29,4,-15,1
04/17/2001 03:16:00,107,14,28,4,-15,1
04/17/2001 03:17:00,107,14,28,4,-15,1
04/17/2001 03:18:00,107,14,29,4,-15,1
04/17/2001 03:19:00,107,14,30,4,-15,1
04/17/2001 03:20:00,107,14,30,4,-15,1
04/17/2001 03:21:00,107,14,31,4,-15,1
04/17/2001 03:22:00,107,14,31,4,-15,1
04/17/2001 03:23:00,107,17,32,4,-15,1
04/17/2001 03:24:00,107,17,31,4,-15,1
04/17/2001 03:25:00,107,16,31,4,-15,1
04/17/2001 03:26:00,107,16,31,4,-15,1
04/17/2001 03:27:00,107,16,31,4,-15,1
04/17/2001 03:28:00,107,16,31,4,-15,1
04/17/2001 03:29:00,107,16,32,4,-15,1
04/17/2001 03:30:00,107,15,31,4,-15,1
04/17/2001 03:31:00,107,14,32,4,-15,1
04/17/2001 03:32:00,107,14,32,4,-15,1
04/17/2001 03:33:00,107,15,31,4,-14,1
04/17/2001 03:34:00,107,15,31,5,-15,1
04/17/2001 03:35:00,107,17,31,5,-14,1
04/17/2001 03:36:00,107,16,32,5,-14,1
04/17/2001 03:37:00,107,16,32,5,-15,1
04/17/2001 03:38:00,107,16,32,5,-14,1
04/17/2001 03:39:00,107,16,33,5,-14,1
04/17/2001 03:40:00,107,17,31,5,-14,1
04/17/2001 03:41:00,107,18,33,5,-14,1
04/17/2001 03:42:00,107,18,34,5,-14,1
04/17/2001 03:43:00,107,18,35,5,-14,1
04/17/2001 03:44:00,107,19,35,5,-13,1
04/17/2001 03:45:00,107,20,36,5,-13,1
04/17/2001 03:46:00,107,20,36,5,-13,1
04/17/2001 03:47:00,107,23,36,5,-13,1
04/17/2001 03:48:00,107,23,35,5,-13,1
04/17/2001 03:49:00,107,24,35,5,-13,1
04/17/2001 03:50:00,107,25,34,4,-13,1
04/17/2001 03:51:00,107,24,35,4,-13,1
04/17/2001 03:52:00,107,25,35,4,-13,1
04/17/2001 03:53:00,107,25,35,4,-13,1
04/17/2001 03:54:00,107,25,34,4,-12,1
04/17/2001 03:55:00,107,25,34,4,-12,1
04/17/2001 03:56:00,107,25,34,4,-13,1
04/17/2001 03:57:00,107,25,35,4,-12,1
04/17/2001 03:58:00,107,25,36,3,-12,1
04/17/2001 03:59:00,107,25,36,3,-12,1
04/17/2001 04:00:00,107,27,35,4,-12,1
04/17/2001 04:01:00,107,27,38,4,-11,1
04/17/2001 04:02:00,107,28,39,4,-10,1
04/17/2001 04:03:00,107,28,41,4,-10,1
04/17/2001 04:04:00,107,28,42,4,-10,1
04/17/2001 04:05:00,107,28,42,4,-10,1
04/17/2001 04:06:00,107,28,42,4,-10,1
04/17/2001 04:07:00,107,28,40,4,-10,1
04/17/2001 04:08:00,107,27,41,4,-10,1
04/17/2001 04:09:00,107,27,41,4,-10,1
04/17/2001 04:10:00,107,27,42,4,-10,1
04/17/2001 04:11:00,107,27,42,4,-10,1
04/17/2001 04:12:00,107,28,42,4,-10,1
04/17/2001 04:13:00,107,28,40,4,-10,1
04/17/2001 04:14:00,107,28,41,4,-10,1
04/17/2001 04:15:00,107,27,42,4,-10,1
04/17/2001 04:16:00,107,26,42,4,-10,1
04/17/2001 04:17:00,107,26,42,4,-10,1
04/17/2001 04:18:00,107,26,43,4,-10,1
04/17/2001 04:19:00,107,26,41,4,-10,1
04/17/2001 04:20:00,107,26,40,4,-10,1
04/17/2001 04:21:00,107,25,41,4,-10,1
04/17/2001 04:22:00,107,26,41,4,-10,1
04/17/2001 04:23:00,107,26,39,4,-10,1
04/17/2001 04:24:00,107,25,39,3,-10,1
04/17/2001 04:25:00,107,25,38,3,-10,1
04/17/2001 04:26:00,107,24,38,3,-11,1
04/17/2001 04:27:00,107,23,39,3,-11,1
04/17/2001 04:28:00,107,22,39,3,-11,1
04/17/2001 04:29:00,107,21,37,4,-11,1
04/17/2001 04:30:00,107,21,37,4,-11,1
04/17/2001 04:31:00,107,21,37,3,-11,1
04/17/2001 04:32:00,107,20,35,4,-11,1
04/17/2001 04:33:00,107,20,36,3,-11,1
04/17/2001 04:34:00,107,20,34,4,-11,1
04/17/2001 04:35:00,107,20,31,4,-11,1
04/17/2001 04:36:00,107,21,31,4,-11,1
04/17/2001 04:37:00,107,22,29,4,-11,1
04/17/2001 04:38:00,107,21,30,4,-12,1
04/17/2001 04:39:00,107,21,30,4,-12,1
04/17/2001 04:40:00,107,21,31,4,-12,1
04/17/2001 04:41:00,107,21,31,4,-12,1
04/17/2001 04:42:00,107,21,30,4,-12,1
04/17/2001 04:43:00,107,22,29,4,-12,1
04/17/2001 04:44:00,107,21,30,4,-12,1
04/17/2001 04:45:00,107,21,29,4,-12,1
04/17/2001 04:46:00,107,21,29,4,-13,1
04/17/2001 04:47:00,107,22,29,4,-13,1
04/17/2001 04:48:00,107,22,28,4,-13,1
04/17/2001 04:49:00,107,21,28,4,-13,1
04/17/2001 04:50:00,107,21,29,5,-13,1
04/17/2001 04:51:00,107,20,29,5,-14,1
04/17/2001 04:52:00,107,21,30,5,-14,1
04/17/2001 04:53:00,107,21,31,5,-14,1
04/17/2001 04:54:00,107,20,30,5,-14,1
04/17/2001 04:55:00,107,21,31,5,-15,1
04/17/2001 04:56:00,107,21,33,5,-15,1
04/17/2001 04:57:00,107,20,34,5,-15,1
04/17/2001 04:58:00,107,20,33,5,-15,1
04/17/2001 04:59:00,107,19,34,5,-16,1
04/17/2001 05:00:00,107,20,35,5,-16,1
04/17/2001 05:01:00,107,20,33,5,-16,1
04/17/2001 05:02:00,107,19,33,5,-16,1
04/17/2001 05:03:00,107,20,34,5,-16,1
04/17/2001 05:04:00,107,20,34,5,-16,1
04/17/2001 05:05:00,107,20,33,5,-16,1
04/17/2001 05:06:00,107,20,34,5,-17,1
04/17/2001 05:07:00,107,20,33,5,-17,1
04/17/2001 05:08:00,107,20,33,5,-16,1
04/17/2001 05:09:00,107,20,33,5,-17,1
04/17/2001 05:10:00,107,20,32,5,-17,1
04/17/2001 05:11:00,107,20,32,5,-17,1
04/17/2001 05:12:00,107,20,33,6,-17,1
04/17/2001 05:13:00,107,20,34,6,-18,1
04/17/2001 05:14:00,107,21,32,6,-18,1
04/17/2001 05:15:00,107,20,32,6,-18,1
04/17/2001 05:16:00,107,20,33,6,-18,1
04/17/2001 05:17:00,107,21,33,6,-18,1
04/17/2001 05:18:00,107,22,33,6,-18,1
04/17/2001 05:19:00,107,21,33,6,-18,1
04/17/2001 05:20:00,107,21,33,6,-18,1
04/17/2001 05:21:00,107,22,32,6,-18,1
04/17/2001 05:22:00,107,21,32,6,-18,1
04/17/2001 05:23:00,107,22,31,5,-18,1
04/17/2001 05:24:00,107,23,31,6,-18,1
04/17/2001 05:25:00,107,22,30,5,-18,1
04/17/2001 05:26:00,107,22,30,6,-18,1
04/17/2001 05:27:00,107,23,31,6,-18,1
04/17/2001 05:28:00,107,22,32,5,-18,1
04/17/2001 05:29:00,107,23,31,5,-18,1
04/17/2001 05:30:00,107,23,31,5,-18,1
04/17/2001 05:31:00,107,23,31,5,-18,1
04/17/2001 05:32:00,107,23,31,5,-19,1
04/17/2001 05:33:00,107,22,32,5,-19,1
04/17/2001 05:34:00,107,22,32,5,-19,1
04/17/2001 05:35:00,107,23,33,5,-19,1
04/17/2001 05:36:00,107,22,33,5,-19,1
04/17/2001 05:37:00,107,22,33,5,-19,1
04/17/2001 05:38:00,107,21,33,5,-19,1
04/17/2001 05:39:00,107,22,34,6,-19,1
04/17/2001 05:40:00,107,22,34,5,-20,1
04/17/2001 05:41:00,107,21,34,6,-20,1
04/17/2001 05:42:00,107,22,34,6,-20,1
04/17/2001 05:43:00,107,21,34,6,-20,1
04/17/2001 05:44:00,107,22,34,6,-20,1
04/17/2001 05:45:00,107,22,34,6,-20,1
04/17/2001 05:46:00,107,22,35,6,-20,1
04/17/2001 05:47:00,107,23,34,6,-20,1
04/17/2001 05:48:00,107,22,35,6,-20,1
04/17/2001 05:49:00,107,23,35,6,-20,1
04/17/2001 05:50:00,107,23,34,5,-20,1
04/17/2001 05:51:00,107,23,34,5,-20,1
04/17/2001 05:52:00,107,24,33,5,-20,1
04/17/2001 05:53:00,107,23,34,5,-19,1
04/17/2001 05:54:00,107,24,34,5,-19,1
04/17/2001 05:55:00,107,24,34,5,-19,1
04/17/2001 05:56:00,107,23,34,5,-20,1
04/17/2001 05:57:00,107,23,34,5,-20,1
04/17/2001 05:58:00,107,24,34,5,-20,1
04/17/2001 05:59:00,107,24,34,5,-20,1
04/17/2001 06:00:00,107,24,34,5,-20,1
04/17/2001 06:01:00,107,24,34,5,-20,1
04/17/2001 06:02:00,107,24,34,5,-20,1
04/17/2001 06:03:00,107,24,34,4,-20,1
04/17/2001 06:04:00,107,23,33,4,-20,1
04/17/2001 06:05:00,107,24,34,4,-20,1
04/17/2001 06:06:00,107,24,33,4,-20,1
04/17/2001 06:07:00,107,23,33,4,-20,1
04/17/2001 06:08:00,107,23,34,4,-20,1
04/17/2001 06:09:00,107,23,34,4,-21,1
04/17/2001 06:10:00,107,22,34,4,-21,1
04/17/2001 06:11:00,107,23,34,4,-21,1
04/17/2001 06:12:00,107,22,34,4,-21,1
04/17/2001 06:13:00,107,23,34,4,-21,1
04/17/2001 06:14:00,107,23,33,4,-21,1
04/17/2001 06:15:00,107,23,34,4,-20,1
04/17/2001 06:16:00,107,23,34,4,-21,1
04/17/2001 06:17:00,107,23,34,4,-21,1
04/17/2001 06:18:00,107,23,34,4,-21,1
04/17/2001 06:19:00,107,23,34,4,-21,1
04/17/2001 06:20:00,107,23,34,4,-21,1
04/17/2001 06:21:00,107,23,34,4,-21,1
04/17/2001 06:22:00,107,23,34,4,-21,1
04/17/2001 06:23:00,107,22,33,4,-21,1
04/17/2001 06:24:00,107,22,33,3,-22,1
04/17/2001 06:25:00,107,22,34,4,-21,1
04/17/2001 06:26:00,107,22,35,4,-22,1
04/17/2001 06:27:00,107,21,35,4,-21,1
04/17/2001 06:28:00,107,21,35,4,-21,1
04/17/2001 06:29:00,107,21,35,3,-21,1
04/17/2001 06:30:00,107,21,35,3,-21,1
04/17/2001 06:31:00,107,21,35,3,-21,1
04/17/2001 06:32:00,107,21,34,3,-21,1
04/17/2001 06:33:00,107,20,35,3,-21,1
04/17/2001 06:34:00,107,20,35,3,-21,1
04/17/2001 06:35:00,107,20,35,3,-21,1
04/17/2001 06:36:00,107,19,36,3,-21,1
04/17/2001 06:37:00,107,19,36,3,-21,1
04/17/2001 06:38:00,107,20,35,3,-21,1
04/17/2001 06:39:00,107,18,35,3,-21,1
04/17/2001 06:40:00,107,18,35,3,-21,1
04/17/2001 06:41:00,107,18,35,3,-21,1
04/17/2001 06:42:00,107,18,35,3,-21,1
04/17/2001 06:43:00,107,18,35,3,-21,1
04/17/2001 06:44:00,107,18,35,3,-21,1
04/17/2001 06:45:00,107,18,34,2,-21,1
04/17/2001 06:46:00,107,18,35,3,-21,1
04/17/2001 06:47:00,107,18,34,3,-21,1
04/17/2001 06:48:00,107,18,34,3,-21,1
04/17/2001 06:49:00,107,17,35,3,-21,1
04/17/2001 06:50:00,107,17,35,3,-21,1
04/17/2001 06:51:00,107,18,35,3,-20,1
04/17/2001 06:52:00,107,18,35,3,-20,1
04/17/2001 06:53:00,107,17,34,3,-20,1
04/17/2001 06:54:00,107,17,34,3,-20,1
04/17/2001 06:55:00,107,17,34,3,-20,1
04/17/2001 06:56:00,107,15,34,2,-19,1
04/17/2001 06:57:00,107,15,33,2,-19,1
04/17/2001 06:58:00,107,16,33,2,-19,1
04/17/2001 06:59:00,107,16,34,2,-19,1
04/17/2001 07:00:00,107,16,34,2,-19,1
04/17/2001 07:01:00,107,16,34,2,-19,1
04/17/2001 07:02:00,107,16,34,1,-19,1
04/17/2001 07:03:00,107,16,34,1,-19,1
04/17/2001 07:04:00,107,15,33,1,-18,1
04/17/2001 07:05:00,107,15,33,1,-18,1
04/17/2001 07:06:00,107,15,33,1,-18,1
04/17/2001 07:07:00,107,15,33,2,-18,1
04/17/2001 07:08:00,107,14,34,2,-19,1
04/17/2001 07:09:00,107,13,34,2,-18,1
04/17/2001 07:10:00,107,13,33,2,-18,1
04/17/2001 07:11:00,107,11,34,2,-19,1
04/17/2001 07:12:00,107,11,34,1,-19,1
04/17/2001 07:13:00,107,12,34,2,-19,1
04/17/2001 07:14:00,107,11,34,1,-19,1
04/17/2001 07:15:00,107,12,34,1,-19,1
04/17/2001 07:16:00,107,12,35,1,-19,1
04/17/2001 07:17:00,107,12,35,2,-19,1
04/17/2001 07:18:00,107,13,35,2,-19,1
04/17/2001 07:19:00,107,14,35,2,-19,1
04/17/2001 07:20:00,107,14,35,2,-18,1
04/17/2001 07:21:00,107,14,34,2,-18,1
04/17/2001 07:22:00,107,15,34,2,-18,1
04/17/2001 07:23:00,107,15,33,2,-17,1
04/17/2001 07:24:00,107,15,33,2,-17,1
04/17/2001 07:25:00,107,15,33,2,-17,1
04/17/2001 07:26:00,107,15,32,1,-17,1
04/17/2001 07:27:00,107,15,32,1,-17,1
04/17/2001 07:28:00,107,14,31,1,-17,1
04/17/2001 07:29:00,107,14,30,1,-16,1
04/17/2001 07:30:00,107,14,30,1,-17,1
04/17/2001 07:31:00,107,14,31,1,-17,1
04/17/2001 07:32:00,107,14,31,1,-17,1
04/17/2001 07:33:00,107,14,31,1,-17,1
04/17/2001 07:34:00,107,14,31,1,-17,1
04/17/2001 07:35:00,107,14,31,1,-17,1
04/17/2001 07:36:00,107,14,31,1,-17,1
04/17/2001 07:37:00,107,13,31,1,-17,1
04/17/2001 07:38:00,107,14,32,1,-17,1
04/17/2001 07:39:00,107,14,32,1,-17,1
04/17/2001 07:40:00,107,14,32,1,-17,1
04/17/2001 07:41:00,107,14,31,1,-17,1
04/17/2001 07:42:00,107,14,31,0,-17,1
04/17/2001 07:43:00,107,13,31,1,-16,1
04/17/2001 07:44:00,107,13,33,1,-16,1
04/17/2001 07:45:00,107,14,32,0,-16,1
04/17/2001 07:46:00,107,14,32,0,-15,1
04/17/2001 07:47:00,107,14,32,0,-15,1
04/17/2001 07:48:00,107,15,33,0,-15,1
04/17/2001 07:49:00,107,15,33,0,-15,1
04/17/2001 07:50:00,107,15,32,0,-15,1
04/17/2001 07:51:00,107,15,32,0,-15,1
04/17/2001 07:52:00,107,15,32,0,-14,1
04/17/2001 07:53:00,107,15,32,0,-14,1
04/17/2001 07:54:00,107,15,31,0,-14,1
04/17/2001 07:55:00,107,15,32,0,-14,1
04/17/2001 07:56:00,107,15,32,0,-13,1
04/17/2001 07:57:00,107,15,32,0,-13,1
04/17/2001 07:58:00,107,15,31,-1,-13,1
04/17/2001 07:59:00,107,15,31,-1,-13,1
04/17/2001 08:00:00,107,15,30,-1,-13,1
04/17/2001 08:01:00,107,15,29,-1,-12,1
04/17/2001 08:02:00,107,15,29,-1,-12,1
04/17/2001 08:03:00,107,14,30,-1,-12,1
04/17/2001 08:04:00,107,14,30,-1,-12,1
04/17/2001 08:05:00,107,13,29,-1,-11,1
04/17/2001 08:06:00,107,13,30,-1,-11,1
04/17/2001 08:07:00,107,12,30,-1,-11,1
04/17/2001 08:08:00,107,12,30,-1,-11,1
04/17/2001 08:09:00,107,12,30,-1,-11,1
04/17/2001 08:10:00,107,13,31,-1,-11,1
04/17/2001 08:11:00,107,12,31,-1,-11,1
04/17/2001 08:12:00,107,12,31,-1,-11,1
04/17/2001 08:13:00,107,12,30,-1,-11,1
04/17/2001 08:14:00,107,12,31,-1,-11,1
04/17/2001 08:15:00,107,12,32,-1,-11,1
04/17/2001 08:16:00,107,13,32,-1,-11,1
04/17/2001 08:17:00,107,13,31,-1,-11,1
04/17/2001 08:18:00,107,13,31,-1,-11,1
04/17/2001 08:19:00,107,13,30,-1,-11,1
04/17/2001 08:20:00,107,13,30,-1,-11,1
04/17/2001 08:21:00,107,13,31,-1,-11,1
04/17/2001 08:22:00,107,13,31,-1,-11,1
04/17/2001 08:23:00,107,12,31,-1,-10,1
04/17/2001 08:24:00,107,13,31,-1,-10,1
04/17/2001 08:25:00,107,13,30,-1,-10,1
04/17/2001 08:26:00,107,13,30,-1,-10,1
04/17/2001 08:27:00,107,13,29,-1,-10,1
04/17/2001 08:28:00,107,12,29,-1,-10,1
04/17/2001 08:29:00,107,12,30,-1,-10,1
04/17/2001 08:30:00,107,12,29,-1,-10,1
04/17/2001 08:31:00,107,10,29,-1,-10,1
04/17/2001 08:32:00,107,12,29,-1,-10,1
04/17/2001 08:33:00,107,11,29,-1,-10,1
04/17/2001 08:34:00,107,11,29,-1,-10,1
04/17/2001 08:35:00,107,11,29,-1,-10,1
04/17/2001 08:36:00,107,11,29,-1,-10,1
04/17/2001 08:37:00,107,11,28,-1,-10,1
04/17/2001 08:38:00,107,11,28,-1,-10,1
04/17/2001 08:39:00,107,12,28,-1,-11,1
04/17/2001 08:40:00,107,12,28,-1,-11,1
04/17/2001 08:41:00,107,12,29,-1,-11,1
04/17/2001 08:42:00,107,11,27,-1,-11,1
04/17/2001 08:43:00,107,11,27,-1,-11,1
04/17/2001 08:44:00,107,11,28,-1,-11,1
04/17/2001 08:45:00,107,11,27,-1,-11,1
04/17/2001 08:46:00,107,12,28,-1,-10,1
04/17/2001 08:47:00,107,11,28,-1,-10,1
04/17/2001 08:48:00,107,11,28,-1,-10,1
04/17/2001 08:49:00,107,11,29,-1,-10,1
04/17/2001 08:50:00,107,11,29,-1,-10,1
04/17/2001 08:51:00,107,11,29,-1,-10,1
04/17/2001 08:52:00,107,11,29,-1,-9,1
04/17/2001 08:53:00,107,11,29,-1,-9,1
04/17/2001 08:54:00,107,11,28,-1,-9,1
04/17/2001 08:55:00,107,11,28,-1,-9,1
04/17/2001 08:56:00,107,11,28,-1,-9,1
04/17/2001 08:57:00,107,12,28,-1,-9,1
04/17/2001 08:58:00,107,11,28,-1,-9,1
04/17/2001 08:59:00,107,12,27,-1,-9,1
04/17/2001 09:00:00,107,12,28,-1,-9,1
04/17/2001 09:01:00,107,12,28,0,-9,1
04/17/2001 09:02:00,107,11,27,0,-9,1
04/17/2001 09:03:00,107,11,26,0,-9,1
04/17/2001 09:04:00,107,12,26,0,-9,1
04/17/2001 09:05:00,107,13,26,0,-9,1
04/17/2001 09:06:00,107,13,25,0,-9,1
04/17/2001 09:07:00,107,12,25,0,-9,1
04/17/2001 09:08:00,107,11,25,0,-9,1
04/17/2001 09:09:00,107,11,25,0,-9,1
04/17/2001 09:10:00,107,12,25,0,-9,1
04/17/2001 09:11:00,107,12,25,0,-9,1
04/17/2001 09:12:00,107,12,24,-1,-8,1
04/17/2001 09:13:00,107,11,23,0,-9,1
04/17/2001 09:14:00,107,11,24,0,-9,1
04/17/2001 09:15:00,107,11,23,0,-8,1
04/17/2001 09:16:00,107,12,22,0,-8,1
04/17/2001 09:17:00,107,12,22,0,-8,1
04/17/2001 09:18:00,107,12,21,0,-8,1
04/17/2001 09:19:00,107,11,22,0,-8,1
04/17/2001 09:20:00,107,10,21,0,-8,1
04/17/2001 09:21:00,107,10,21,0,-8,1
04/17/2001 09:22:00,107,10,22,0,-8,1
04/17/2001 09:23:00,107,10,22,0,-7,1
04/17/2001 09:24:00,107,9,22,0,-7,1
04/17/2001 09:25:00,107,9,21,0,-6,1
04/17/2001 09:26:00,107,9,21,0,-6,1
04/17/2001 09:27:00,107,9,21,0,-6,1
04/17/2001 09:28:00,107,8,23,-1,-5,1
04/17/2001 09:29:00,107,8,24,0,-5,1
04/17/2001 09:30:00,107,8,24,0,-5,1
04/17/2001 09:31:00,107,7,23,0,-4,1
04/17/2001 09:32:00,107,7,23,0,-4,1
04/17/2001 09:33:00,107,7,23,0,-4,1
04/17/2001 09:34:00,107,6,23,-1,-4,1
04/17/2001 09:35:00,107,6,23,-1,-4,1
04/17/2001 09:36:00,107,6,23,0,-4,1
04/17/2001 09:37:00,107,7,23,0,-3,1
04/17/2001 09:38:00,107,7,23,0,-3,1
04/17/2001 09:39:00,107,7,23,0,-3,1
04/17/2001 09:40:00,107,6,22,0,-3,1
04/17/2001 09:41:00,107,6,22,0,-3,1
04/17/2001 09:42:00,107,5,23,0,-3,1
04/17/2001 09:43:00,107,5,22,0,-4,1
04/17/2001 09:44:00,107,6,22,0,-4,1
04/17/2001 09:45:00,107,6,21,0,-4,1
04/17/2001 09:46:00,107,5,21,0,-4,1
04/17/2001 09:47:00,107,6,21,0,-4,1
04/17/2001 09:48:00,107,6,21,0,-4,1
04/17/2001 09:49:00,107,6,20,0,-4,1
04/17/2001 09:50:00,107,6,20,0,-4,1
04/17/2001 09:51:00,107,6,21,0,-4,1
04/17/2001 09:52:00,107,6,21,0,-4,1
04/17/2001 09:53:00,107,5,21,0,-4,1
04/17/2001 09:54:00,107,5,21,0,-4,1
04/17/2001 09:55:00,107,5,20,0,-3,1
04/17/2001 09:56:00,107,6,20,0,-3,1
04/17/2001 09:57:00,107,6,21,0,-3,1
04/17/2001 09:58:00,107,5,21,0,-3,1
04/17/2001 09:59:00,107,5,21,0,-3,1
04/17/2001 10:00:00,107,5,20,0,-3,1
04/17/2001 10:01:00,107,5,20,0,-3,1
04/17/2001 10:02:00,107,5,21,0,-3,1
04/17/2001 10:03:00,107,4,21,0,-3,1
04/17/2001 10:04:00,107,4,21,0,-3,1
04/17/2001 10:05:00,107,5,21,0,-3,1
04/17/2001 10:06:00,107,5,22,0,-3,1
04/17/2001 10:07:00,107,5,22,1,-3,1
04/17/2001 10:08:00,107,5,22,1,-4,1
04/17/2001 10:09:00,107,5,22,1,-4,1
04/17/2001 10:10:00,107,4,22,1,-4,1
04/17/2001 10:11:00,107,5,23,1,-4,1
04/17/2001 10:12:00,107,5,22,1,-4,1
04/17/2001 10:13:00,107,5,22,1,-4,1
04/17/2001 10:14:00,107,5,22,1,-3,1
04/17/2001 10:15:00,107,4,22,1,-3,1
04/17/2001 10:16:00,107,4,23,1,-3,1
04/17/2001 10:17:00,107,4,23,1,-3,1
04/17/2001 10:18:00,107,4,23,1,-3,1
04/17/2001 10:19:00,107,4,23,1,-3,1
04/17/2001 10:20:00,107,5,24,1,-3,1
04/17/2001 10:21:00,107,5,23,1,-3,1
04/17/2001 10:22:00,107,5,24,1,-4,1
04/17/2001 10:23:00,107,5,23,1,-4,1
04/17/2001 10:24:00,107,4,23,1,-4,1
04/17/2001 10:25:00,107,5,24,1,-4,1
04/17/2001 10:26:00,107,6,24,1,-4,1
04/17/2001 10:27:00,107,5,23,1,-4,1
04/17/2001 10:28:00,107,6,23,1,-4,1
04/17/2001 10:29:00,107,5,24,2,-4,1
04/17/2001 10:30:00,107,5,23,2,-3,1
04/17/2001 10:31:00,107,4,23,2,-3,1
04/17/2001 10:32:00,107,4,22,2,-3,1
04/17/2001 10:33:00,107,4,21,2,-3,1
04/17/2001 10:34:00,107,4,22,2,-3,1
04/17/2001 10:35:00,107,4,23,2,-3,1
04/17/2001 10:36:00,107,4,24,2,-3,1
04/17/2001 10:37:00,107,4,24,2,-3,1
04/17/2001 10:38:00,107,5,25,2,-3,1
04/17/2001 10:39:00,107,5,25,2,-3,1
04/17/2001 10:40:00,107,5,25,2,-3,1
04/17/2001 10:41:00,107,4,24,2,-3,1
04/17/2001 10:42:00,107,4,24,2,-3,1
04/17/2001 10:43:00,107,4,23,2,-3,1
04/17/2001 10:44:00,107,4,23,2,-3,1
04/17/2001 10:45:00,107,4,23,2,-3,1
04/17/2001 10:46:00,107,3,22,2,-2,1
04/17/2001 10:47:00,107,3,22,2,-2,1
04/17/2001 10:48:00,107,3,22,2,-2,1
04/17/2001 10:49:00,107,4,23,2,-2,1
04/17/2001 10:50:00,107,4,23,2,-2,1
04/17/2001 10:51:00,107,3,23,2,-1,1
04/17/2001 10:52:00,107,4,24,2,-2,1
04/17/2001 10:53:00,107,5,25,3,-2,1
04/17/2001 10:54:00,107,4,25,3,-2,1
04/17/2001 10:55:00,107,5,25,3,-1,1
04/17/2001 10:56:00,107,6,25,3,-1,1
04/17/2001 10:57:00,107,6,26,3,-1,1
04/17/2001 10:58:00,107,5,27,3,-1,1
04/17/2001 10:59:00,107,6,26,3,-1,1
04/17/2001 11:00:00,107,5,26,3,0,1
04/17/2001 11:01:00,107,5,27,3,-1,1
04/17/2001 11:02:00,107,5,27,3,-1,1
04/17/2001 11:03:00,107,5,26,3,0,1
04/17/2001 11:04:00,107,5,26,3,-1,1
04/17/2001 11:05:00,107,5,25,3,-1,1
04/17/2001 11:06:00,107,5,25,3,-1,1
04/17/2001 11:07:00,107,5,25,3,-1,1
04/17/2001 11:08:00,107,4,23,3,-1,1
04/17/2001 11:09:00,107,4,23,3,-2,1
04/17/2001 11:10:00,107,5,23,3,-2,1
04/17/2001 11:11:00,107,4,23,3,-2,1
04/17/2001 11:12:00,107,5,24,3,-2,1
04/17/2001 11:13:00,107,5,24,3,-2,1
04/17/2001 11:14:00,107,5,23,3,-2,1
04/17/2001 11:15:00,107,5,23,4,-2,1
04/17/2001 11:16:00,107,5,23,3,-3,1
04/17/2001 11:17:00,107,5,23,3,-3,1
04/17/2001 11:18:00,107,4,22,3,-3,1
04/17/2001 11:19:00,107,4,22,3,-3,1
04/17/2001 11:20:00,107,4,22,3,-3,1
04/17/2001 11:21:00,107,3,22,3,-3,1
04/17/2001 11:22:00,107,3,22,3,-3,1
04/17/2001 11:23:00,107,3,22,3,-4,1
04/17/2001 11:24:00,107,3,22,3,-4,1
04/17/2001 11:25:00,107,3,22,3,-3,1
04/17/2001 11:26:00,107,3,22,3,-4,1
04/17/2001 11:27:00,107,3,22,3,-4,1
04/17/2001 11:28:00,107,4,21,3,-4,1
04/17/2001 11:29:00,107,3,21,3,-4,1
04/17/2001 11:30:00,107,4,20,3,-4,1
04/17/2001 11:31:00,107,4,21,3,-4,1
04/17/2001 11:32:00,107,3,21,3,-4,1
04/17/2001 11:33:00,107,3,20,3,-4,1
04/17/2001 11:34:00,107,4,20,3,-4,1
04/17/2001 11:35:00,107,4,20,3,-4,1
04/17/2001 11:36:00,107,4,21,3,-4,1
04/17/2001 11:37:00,107,4,20,3,-4,1
04/17/2001 11:38:00,107,4,20,3,-5,1
04/17/2001 11:39:00,107,4,20,3,-5,1
04/17/2001 11:40:00,107,4,20,3,-5,1
04/17/2001 11:41:00,107,5,22,3,-5,1
04/17/2001 11:42:00,107,5,22,3,-5,1
04/17/2001 11:43:00,107,5,21,3,-6,1
04/17/2001 11:44:00,107,5,21,3,-5,1
04/17/2001 11:45:00,107,4,21,3,-5,1
04/17/2001 11:46:00,107,6,19,3,-5,1
04/17/2001 11:47:00,107,5,20,3,-5,1
04/17/2001 11:48:00,107,6,21,3,-5,1
04/17/2001 11:49:00,107,6,21,3,-6,1
04/17/2001 11:50:00,107,7,20,3,-6,1
04/17/2001 11:51:00,107,7,20,3,-6,1
04/17/2001 11:52:00,107,6,20,3,-6,1
04/17/2001 11:53:00,107,6,21,3,-6,1
04/17/2001 11:54:00,107,7,21,3,-6,1
04/17/2001 11:55:00,107,7,21,3,-6,1
04/17/2001 11:56:00,107,7,22,3,-6,1
04/17/2001 11:57:00,107,7,22,3,-6,1
04/17/2001 11:58:00,107,6,22,3,-6,1
04/17/2001 11:59:00,107,6,22,3,-6,1
04/17/2001 12:00:00,107,7,23,3,-6,1
04/17/2001 12:01:00,107,7,23,3,-6,1
04/17/2001 12:02:00,107,7,23,3,-6,1
04/17/2001 12:03:00,107,7,22,3,-6,1
04/17/2001 12:04:00,107,8,21,3,-6,1
04/17/2001 12:05:00,107,8,21,3,-5,1
04/17/2001 12:06:00,107,8,22,3,-5,1
04/17/2001 12:07:00,107,9,22,3,-5,1
04/17/2001 12:08:00,107,10,22,3,-5,1
04/17/2001 12:09:00,107,10,21,3,-5,1
04/17/2001 12:10:00,107,10,21,3,-4,1
04/17/2001 12:11:00,107,10,21,3,-4,1
04/17/2001 12:12:00,107,10,21,4,-3,1
04/17/2001 12:13:00,107,10,21,3,-3,1
04/17/2001 12:14:00,107,11,20,3,-3,1
04/17/2001 12:15:00,107,11,21,3,-3,1
04/17/2001 12:16:00,107,11,21,4,-2,1
04/17/2001 12:17:00,107,11,21,4,-2,1
04/17/2001 12:18:00,107,11,21,4,-2,1
04/17/2001 12:19:00,107,13,21,4,-2,1
04/17/2001 12:20:00,107,12,21,4,-2,1
04/17/2001 12:21:00,107,12,21,4,-2,1
04/17/2001 12:22:00,107,12,21,4,-2,1
04/17/2001 12:23:00,107,12,21,4,-2,1
04/17/2001 12:24:00,107,12,22,4,-2,1
04/17/2001 12:25:00,107,12,22,3,-2,1
04/17/2001 12:26:00,107,12,22,4,-1,1
04/17/2001 12:27:00,107,12,22,4,-1,1
04/17/2001 12:28:00,107,12,22,4,-1,1
04/17/2001 12:29:00,107,13,22,3,-1,1
04/17/2001 12:30:00,107,13,23,4,-1,1
04/17/2001 12:31:00,107,13,23,3,-1,1
04/17/2001 12:32:00,107,13,23,4,-1,1
04/17/2001 12:33:00,107,12,23,4,-1,1
04/17/2001 12:34:00,107,12,23,3,-1,1
04/17/2001 12:35:00,107,12,22,4,-2,1
04/17/2001 12:36:00,107,12,22,3,-1,1
04/17/2001 12:37:00,107,12,22,3,-1,1
04/17/2001 12:38:00,107,12,22,3,-1,1
04/17/2001 12:39:00,107,12,22,3,-1,1
04/17/2001 12:40:00,107,12,22,3,-1,1
04/17/2001 12:41:00,107,12,22,3,-1,1
04/17/2001 12:42:00,107,12,22,3,-1,1
04/17/2001 12:43:00,107,12,21,3,-1,1
04/17/2001 12:44:00,107,12,21,3,-1,1
04/17/2001 12:45:00,107,12,21,3,-1,1
04/17/2001 12:46:00,107,12,20,3,-1,1
04/17/2001 12:47:00,107,12,20,3,-1,1
04/17/2001 12:48:00,107,12,19,3,-1,1
04/17/2001 12:49:00,107,11,19,3,-1,1
04/17/2001 12:50:00,107,11,19,3,-1,1
04/17/2001 12:51:00,107,12,19,3,-1,1
04/17/2001 12:52:00,107,12,19,3,-1,1
04/17/2001 12:53:00,107,12,19,2,-2,1
04/17/2001 12:54:00,107,13,19,3,-2,1
04/17/2001 12:55:00,107,13,18,3,-1,1
04/17/2001 12:56:00,107,13,18,2,-2,1
04/17/2001 12:57:00,107,13,18,2,-2,1
04/17/2001 12:58:00,107,12,17,3,-2,1
04/17/2001 12:59:00,107,13,17,3,-2,1
04/17/2001 13:00:00,107,12,17,3,-2,1
04/17/2001 13:01:00,107,12,17,3,-2,1
04/17/2001 13:02:00,107,12,17,3,-2,1
04/17/2001 13:03:00,107,12,17,3,-2,1
04/17/2001 13:04:00,107,12,17,3,-2,1
04/17/2001 13:05:00,107,12,18,3,-2,1
04/17/2001 13:06:00,107,12,18,3,-2,1
04/17/2001 13:07:00,107,14,18,3,-1,1
04/17/2001 13:08:00,107,12,18,3,-2,1
04/17/2001 13:09:00,107,12,17,3,-2,1
04/17/2001 13:10:00,107,13,17,3,-1,1
04/17/2001 13:11:00,107,12,17,2,-1,1
04/17/2001 13:12:00,107,12,17,2,-1,1
04/17/2001 13:13:00,107,12,17,2,-1,1
04/17/2001 13:14:00,107,13,17,3,-1,1
04/17/2001 13:15:00,107,13,17,2,-1,1
04/17/2001 13:16:00,107,13,18,2,-1,1
04/17/2001 13:17:00,107,11,17,2,-2,1
04/17/2001 13:18:00,107,12,17,2,-2,1
04/17/2001 13:19:00,107,13,17,2,-2,1
04/17/2001 13:20:00,107,12,17,2,-2,1
04/17/2001 13:21:00,107,12,17,2,-2,1
04/17/2001 13:22:00,107,12,17,2,-2,1
04/17/2001 13:23:00,107,12,16,2,-2,1
04/17/2001 13:24:00,107,12,16,2,-2,1
04/17/2001 13:25:00,107,11,16,2,-2,1
04/17/2001 13:26:00,107,11,17,2,-1,1
04/17/2001 13:27:00,107,11,16,2,-1,1
04/17/2001 13:28:00,107,11,16,2,-1,1
04/17/2001 13:29:00,107,11,16,2,-1,1
04/17/2001 13:30:00,107,11,17,2,-1,1
04/17/2001 13:31:00,107,11,17,2,-1,1
04/17/2001 13:32:00,107,9,16,2,-1,1
04/17/2001 13:33:00,107,9,17,2,-1,1
04/17/2001 13:34:00,107,9,17,2,-1,1
04/17/2001 13:35:00,107,9,17,2,-1,1
04/17/2001 13:36:00,107,10,17,2,-1,1
04/17/2001 13:37:00,107,11,18,2,-1,1
04/17/2001 13:38:00,107,11,17,2,-1,1
04/17/2001 13:39:00,107,11,18,2,-1,1
04/17/2001 13:40:00,107,11,18,2,-1,1
04/17/2001 13:41:00,107,11,18,2,-1,1
04/17/2001 13:42:00,107,11,18,2,-1,1
04/17/2001 13:43:00,107,11,18,2,-1,1
04/17/2001 13:44:00,107,10,17,2,-1,1
04/17/2001 13:45:00,107,11,17,1,-1,1
04/17/2001 13:46:00,107,10,17,2,-1,1
04/17/2001 13:47:00,107,9,16,2,-1,1
04/17/2001 13:48:00,107,9,16,2,-1,1
04/17/2001 13:49:00,107,10,17,2,-1,1
04/17/2001 13:50:00,107,10,16,2,0,1
04/17/2001 13:51:00,107,10,16,2,0,1
04/17/2001 13:52:00,107,10,17,2,0,1
04/17/2001 13:53:00,107,9,16,2,0,1
04/17/2001 13:54:00,107,10,16,2,1,1
04/17/2001 13:55:00,107,10,16,2,1,1
04/17/2001 13:56:00,107,10,16,2,2,1
04/17/2001 13:57:00,107,11,16,2,2,1
04/17/2001 13:58:00,107,10,15,2,2,1
04/17/2001 13:59:00,107,10,16,2,2,1
04/17/2001 14:00:00,107,9,16,2,3,1
04/17/2001 14:01:00,107,9,16,2,2,1
04/17/2001 14:02:00,107,9,16,2,2,1
04/17/2001 14:03:00,107,9,16,3,2,1
04/17/2001 14:04:00,107,9,16,3,2,1
04/17/2001 14:05:00,107,9,17,3,2,1
04/17/2001 14:06:00,107,9,17,3,2,1
04/17/2001 14:07:00,107,9,18,3,2,1
04/17/2001 14:08:00,107,9,18,2,2,1
04/17/2001 14:09:00,107,9,17,2,1,1
04/17/2001 14:10:00,107,8,17,2,2,1
04/17/2001 14:11:00,107,8,17,2,1,1
04/17/2001 14:12:00,107,9,17,2,1,1
04/17/2001 14:13:00,107,8,17,2,1,1
04/17/2001 14:14:00,107,9,16,2,2,1
04/17/2001 14:15:00,107,9,17,2,2,1
04/17/2001 14:16:00,107,9,17,2,1,1
04/17/2001 14:17:00,107,9,17,2,1,1
04/17/2001 14:18:00,107,9,18,2,1,1
04/17/2001 14:19:00,107,9,17,2,1,1
04/17/2001 14:20:00,107,9,17,2,1,1
04/17/2001 14:21:00,107,9,18,2,1,1
04/17/2001 14:22:00,107,9,18,2,1,1
04/17/2001 14:23:00,107,9,18,2,1,1
04/17/2001 14:24:00,107,8,18,2,1,1
04/17/2001 14:25:00,107,9,19,2,1,1
04/17/2001 14:26:00,107,9,18,2,1,1
04/17/2001 14:27:00,107,9,18,2,1,1
04/17/2001 14:28:00,107,9,18,2,1,1
04/17/2001 14:29:00,107,9,18,2,1,1
04/17/2001 14:30:00,107,9,18,2,0,1
04/17/2001 14:31:00,107,10,18,2,0,1
04/17/2001 14:32:00,107,9,17,2,0,1
04/17/2001 14:33:00,107,9,17,2,0,1
04/17/2001 14:34:00,107,9,19,2,0,1
04/17/2001 14:35:00,107,9,18,2,0,1
04/17/2001 14:36:00,107,10,17,2,0,1
04/17/2001 14:37:00,107,10,17,2,0,1
04/17/2001 14:38:00,107,10,16,2,0,1
04/17/2001 14:39:00,107,10,16,2,0,1
04/17/2001 14:40:00,107,11,15,2,-1,1
04/17/2001 14:41:00,107,11,14,2,-1,1
04/17/2001 14:42:00,107,11,14,2,0,1
04/17/2001 14:43:00,107,12,14,2,0,1
04/17/2001 14:44:00,107,12,14,2,-1,1
04/17/2001 14:45:00,107,12,14,2,-1,1
04/17/2001 14:46:00,107,13,14,2,-1,1
04/17/2001 14:47:00,107,12,14,2,-1,1
04/17/2001 14:48:00,107,13,14,1,-1,1
04/17/2001 14:49:00,107,13,14,2,-2,1
04/17/2001 14:50:00,107,13,13,2,-2,1
04/17/2001 14:51:00,107,14,13,1,-2,1
04/17/2001 14:52:00,107,14,12,1,-2,1
04/17/2001 14:53:00,107,14,12,1,-2,1
04/17/2001 14:54:00,107,14,13,1,-2,1
04/17/2001 14:55:00,107,14,12,1,-2,1
04/17/2001 14:56:00,107,14,12,1,-2,1
04/17/2001 14:57:00,107,14,12,2,-2,1
04/17/2001 14:58:00,107,13,12,2,-2,1
04/17/2001 14:59:00,107,13,12,2,-2,1
04/17/2001 15:00:00,107,13,11,2,-3,1
04/17/2001 15:01:00,107,13,11,2,-3,1
04/17/2001 15:02:00,107,13,11,2,-3,1
04/17/2001 15:03:00,107,13,11,2,-3,1
04/17/2001 15:04:00,107,13,12,2,-3,1
04/17/2001 15:05:00,107,14,12,1,-3,1
04/17/2001 15:06:00,107,14,10,1,-4,1
04/17/2001 15:07:00,107,14,10,1,-4,1
04/17/2001 15:08:00,107,14,10,1,-4,1
04/17/2001 15:09:00,107,15,10,1,-4,1
04/17/2001 15:10:00,107,15,10,1,-4,1
04/17/2001 15:11:00,107,15,9,1,-4,1
04/17/2001 15:12:00,107,15,9,1,-4,1
04/17/2001 15:13:00,107,15,9,1,-4,1
04/17/2001 15:14:00,107,15,9,1,-4,1
04/17/2001 15:15:00,107,15,9,1,-4,1
04/17/2001 15:16:00,107,16,10,1,-4,1
04/17/2001 15:17:00,107,15,10,1,-4,1
04/17/2001 15:18:00,107,15,8,1,-4,1
04/17/2001 15:19:00,107,15,8,1,-4,1
04/17/2001 15:20:00,107,15,8,1,-4,1
04/17/2001 15:21:00,107,15,8,1,-4,1
04/17/2001 15:22:00,107,14,8,1,-5,1
04/17/2001 15:23:00,107,14,8,1,-5,1
04/17/2001 15:24:00,107,14,8,1,-4,1
04/17/2001 15:25:00,107,14,9,1,-4,1
04/17/2001 15:26:00,107,15,8,1,-4,1
04/17/2001 15:27:00,107,15,10,1,-4,1
04/17/2001 15:28:00,107,15,10,1,-4,1
04/17/2001 15:29:00,107,15,10,1,-4,1
04/17/2001 15:30:00,107,14,9,1,-4,1
04/17/2001 15:31:00,107,14,9,1,-5,1
04/17/2001 15:32:00,107,14,9,1,-5,1
04/17/2001 15:33:00,107,13,9,1,-5,1
04/17/2001 15:34:00,107,13,9,1,-5,1
04/17/2001 15:35:00,107,14,9,1,-5,1
04/17/2001 15:36:00,107,13,9,1,-5,1
04/17/2001 15:37:00,107,13,9,1,-5,1
04/17/2001 15:38:00,107,12,10,1,-5,1
04/17/2001 15:39:00,107,12,10,1,-5,1
04/17/2001 15:40:00,107,12,10,1,-5,1
04/17/2001 15:41:00,107,12,10,1,-5,1
04/17/2001 15:42:00,107,12,10,1,-5,1
04/17/2001 15:43:00,107,12,10,1,-5,1
04/17/2001 15:44:00,107,11,11,1,-5,1
04/17/2001 15:45:00,107,11,10,1,-6,1
04/17/2001 15:46:00,107,11,10,1,-6,1
04/17/2001 15:47:00,107,11,10,1,-6,1
04/17/2001 15:48:00,107,11,11,1,-6,1
04/17/2001 15:49:00,107,11,11,1,-6,1
04/17/2001 15:50:00,107,11,11,1,-6,1
04/17/2001 15:51:00,107,10,11,1,-6,1
04/17/2001 15:52:00,107,10,10,1,-6,1
04/17/2001 15:53:00,107,11,10,1,-6,1
04/17/2001 15:54:00,107,11,10,1,-6,1
04/17/2001 15:55:00,107,11,10,1,-6,1
04/17/2001 15:56:00,107,10,11,1,-6,1
04/17/2001 15:57:00,107,10,11,1,-6,1
04/17/2001 15:58:00,107,10,10,1,-6,1
04/17/2001 15:59:00,107,10,10,1,-6,1
04/17/2001 16:00:00,107,9,11,1,-6,1
04/17/2001 16:01:00,107,9,12,1,-6,1
04/17/2001 16:02:00,107,8,12,1,-6,1
04/17/2001 16:03:00,107,9,12,1,-6,1
04/17/2001 16:04:00,107,8,12,1,-6,1
04/17/2001 16:05:00,107,8,13,1,-6,1
04/17/2001 16:06:00,107,8,13,1,-6,1
04/17/2001 16:07:00,107,7,13,1,-6,1
04/17/2001 16:08:00,107,7,13,1,-6,1
04/17/2001 16:09:00,107,7,13,1,-7,1
04/17/2001 16:10:00,107,7,13,1,-6,1
04/17/2001 16:11:00,107,7,13,1,-6,1
04/17/2001 16:12:00,107,7,14,1,-7,1
04/17/2001 16:13:00,107,8,15,1,-7,1
04/17/2001 16:14:00,107,7,14,1,-7,1
04/17/2001 16:15:00,107,7,15,1,-7,1
04/17/2001 16:16:00,107,8,15,1,-7,1
04/17/2001 16:17:00,107,8,16,0,-7,1
04/17/2001 16:18:00,107,8,16,0,-7,1
04/17/2001 16:19:00,107,8,15,0,-6,1
04/17/2001 16:20:00,107,8,16,0,-7,1
04/17/2001 16:21:00,107,8,16,0,-6,1
04/17/2001 16:22:00,107,9,16,0,-6,1
04/17/2001 16:23:00,107,8,16,1,-6,1
04/17/2001 16:24:00,107,8,17,0,-6,1
04/17/2001 16:25:00,107,8,17,0,-6,1
04/17/2001 16:26:00,107,8,17,0,-6,1
04/17/2001 16:27:00,107,9,16,0,-6,1
04/17/2001 16:28:00,107,8,17,0,-6,1
04/17/2001 16:29:00,107,9,16,0,-6,1
04/17/2001 16:30:00,107,9,17,0,-5,1
04/17/2001 16:31:00,107,9,18,0,-6,1
04/17/2001 16:32:00,107,10,17,0,-5,1
04/17/2001 16:33:00,107,9,17,0,-5,1
04/17/2001 16:34:00,107,10,17,0,-5,1
04/17/2001 16:35:00,107,10,16,0,-5,1
04/17/2001 16:36:00,107,12,16,0,-6,1
04/17/2001 16:37:00,107,12,18,0,-6,1
04/17/2001 16:38:00,107,12,19,-1,-6,1
04/17/2001 16:39:00,107,13,20,-1,-5,1
04/17/2001 16:40:00,107,12,20,-1,-6,1
04/17/2001 16:41:00,107,12,20,-1,-5,1
04/17/2001 16:42:00,107,12,22,-1,-5,1
04/17/2001 16:43:00,107,13,22,-1,-5,1
04/17/2001 16:44:00,107,12,22,-1,-5,1
04/17/2001 16:45:00,107,12,22,-1,-4,1
04/17/2001 16:46:00,107,11,21,-1,-4,1
04/17/2001 16:47:00,107,11,23,-1,-4,1
04/17/2001 16:48:00,107,11,22,-1,-4,1
04/17/2001 16:49:00,107,11,23,-1,-4,1
04/17/2001 16:50:00,107,11,24,-1,-4,1
04/17/2001 16:51:00,107,11,24,-1,-4,1
04/17/2001 16:52:00,107,12,24,-1,-4,1
04/17/2001 16:53:00,107,12,25,-1,-4,1
04/17/2001 16:54:00,107,12,26,-2,-4,1
04/17/2001 16:55:00,107,12,27,-2,-4,1
04/17/2001 16:56:00,107,12,28,-2,-3,1
04/17/2001 16:57:00,107,12,27,-2,-3,1
04/17/2001 16:58:00,107,13,28,-2,-3,1
04/17/2001 16:59:00,107,12,29,-1,-3,1
04/17/2001 17:00:00,107,13,29,-2,-3,1
04/17/2001 17:01:00,107,12,28,-1,-3,1
04/17/2001 17:02:00,107,12,28,-1,-2,1
04/17/2001 17:03:00,107,12,28,-1,-2,1
04/17/2001 17:04:00,107,12,28,-1,-2,1
04/17/2001 17:05:00,107,12,28,-1,-2,1
04/17/2001 17:06:00,107,12,28,-1,-2,1
04/17/2001 17:07:00,107,12,28,-1,-1,1
04/17/2001 17:08:00,107,12,29,-1,-1,1
04/17/2001 17:09:00,107,12,27,-1,-1,1
04/17/2001 17:10:00,107,12,27,-1,-1,1
04/17/2001 17:11:00,107,12,27,0,-1,1
04/17/2001 17:12:00,107,12,26,-1,-1,1
04/17/2001 17:13:00,107,12,26,-1,-1,1
04/17/2001 17:14:00,107,11,25,0,0,1
04/17/2001 17:15:00,107,11,25,0,0,1
04/17/2001 17:16:00,107,12,25,0,0,1
04/17/2001 17:17:00,107,12,24,0,0,1
04/17/2001 17:18:00,107,12,24,0,0,1
04/17/2001 17:19:00,107,13,24,0,0,1
04/17/2001 17:20:00,107,13,24,0,0,1
04/17/2001 17:21:00,107,14,24,0,0,1
04/17/2001 17:22:00,107,15,23,0,0,1
04/17/2001 17:23:00,107,15,23,0,0,1
04/17/2001 17:24:00,107,16,23,0,0,1
04/17/2001 17:25:00,107,16,23,0,0,1
04/17/2001 17:26:00,107,16,22,0,0,1
04/17/2001 17:27:00,107,16,23,0,0,1
04/17/2001 17:28:00,107,17,23,0,0,1
04/17/2001 17:29:00,107,18,22,0,0,1
04/17/2001 17:30:00,107,18,22,0,0,1
04/17/2001 17:31:00,107,18,23,0,0,1
04/17/2001 17:32:00,107,20,23,0,0,1
04/17/2001 17:33:00,107,20,23,0,-1,1
04/17/2001 17:34:00,107,20,23,0,-1,1
04/17/2001 17:35:00,107,21,24,0,-1,1
04/17/2001 17:36:00,107,21,24,0,-1,1
04/17/2001 17:37:00,107,22,24,0,-1,1
04/17/2001 17:38:00,107,22,25,0,-1,1
04/17/2001 17:39:00,107,22,25,0,-1,1
04/17/2001 17:40:00,107,23,25,0,-1,1
04/17/2001 17:41:00,107,23,25,0,-1,1
04/17/2001 17:42:00,107,23,25,0,-1,1
04/17/2001 17:43:00,107,22,24,0,-1,1
04/17/2001 17:44:00,107,23,24,0,-1,1
04/17/2001 17:45:00,107,24,24,0,-1,1
04/17/2001 17:46:00,107,24,24,0,-1,1
04/17/2001 17:47:00,107,24,24,0,-1,1
04/17/2001 17:48:00,107,25,24,0,-1,1
04/17/2001 17:49:00,107,25,25,0,-1,1
04/17/2001 17:50:00,107,25,23,0,-1,1
04/17/2001 17:51:00,107,25,23,0,-1,1
04/17/2001 17:52:00,107,25,23,0,-1,1
04/17/2001 17:53:00,107,24,22,0,-1,1
04/17/2001 17:54:00,107,25,23,0,-1,1
04/17/2001 17:55:00,107,25,23,0,-1,1
04/17/2001 17:56:00,107,25,22,0,-1,1
04/17/2001 17:57:00,107,26,21,0,-1,1
04/17/2001 17:58:00,107,26,22,0,-1,1
04/17/2001 17:59:00,107,27,21,0,-1,1
04/17/2001 18:00:00,107,28,21,0,-1,1
04/17/2001 18:01:00,107,28,21,0,-2,1
04/17/2001 18:02:00,107,28,20,0,-1,1
04/17/2001 18:03:00,107,28,20,0,-2,1
04/17/2001 18:04:00,107,29,21,0,-2,1
04/17/2001 18:05:00,107,28,20,-1,-2,1
04/17/2001 18:06:00,107,28,19,-1,-2,1
04/17/2001 18:07:00,107,28,19,0,-2,1
04/17/2001 18:08:00,107,28,20,-1,-2,1
04/17/2001 18:09:00,107,28,20,-1,-2,1
04/17/2001 18:10:00,107,28,19,-1,-2,1
04/17/2001 18:11:00,107,28,19,-1,-2,1
04/17/2001 18:12:00,107,28,20,-1,-3,1
04/17/2001 18:13:00,107,28,20,-1,-3,1
04/17/2001 18:14:00,107,28,19,-1,-3,1
04/17/2001 18:15:00,107,29,18,-1,-3,1
04/17/2001 18:16:00,107,28,18,-1,-3,1
04/17/2001 18:17:00,107,28,17,-1,-3,1
04/17/2001 18:18:00,107,28,18,-1,-2,1
04/17/2001 18:19:00,107,28,18,-1,-3,1
04/17/2001 18:20:00,107,27,17,-1,-3,1
04/17/2001 18:21:00,107,28,17,-1,-3,1
04/17/2001 18:22:00,107,28,17,-1,-3,1
04/17/2001 18:23:00,107,27,17,-1,-3,1
04/17/2001 18:24:00,107,27,18,-2,-3,1
04/17/2001 18:25:00,107,27,18,-1,-3,1
04/17/2001 18:26:00,107,27,17,-1,-2,1
04/17/2001 18:27:00,107,26,16,-1,-2,1
04/17/2001 18:28:00,107,26,16,-1,-2,1
04/17/2001 18:29:00,107,26,15,-1,-2,1
04/17/2001 18:30:00,107,26,15,-1,-2,1
04/17/2001 18:31:00,107,25,15,-2,-2,1
04/17/2001 18:32:00,107,25,16,-2,-2,1
04/17/2001 18:33:00,107,25,16,-2,-2,1
04/17/2001 18:34:00,107,25,15,-2,-2,1
04/17/2001 18:35:00,107,25,15,-2,-2,1
04/17/2001 18:36:00,107,24,15,-2,-2,1
04/17/2001 18:37:00,107,24,16,-2,-2,1
04/17/2001 18:38:00,107,24,16,-2,-3,1
04/17/2001 18:39:00,107,24,17,-2,-3,1
04/17/2001 18:40:00,107,24,17,-2,-3,1
04/17/2001 18:41:00,107,24,17,-2,-3,1
04/17/2001 18:42:00,107,23,17,-2,-3,1
04/17/2001 18:43:00,107,23,17,-2,-3,1
04/17/2001 18:44:00,107,23,16,-2,-3,1
04/17/2001 18:45:00,107,23,17,-2,-3,1
04/17/2001 18:46:00,107,23,17,-2,-3,1
04/17/2001 18:47:00,107,23,17,-2,-2,1
04/17/2001 18:48:00,107,23,17,-2,-2,1
04/17/2001 18:49:00,107,23,17,-2,-3,1
04/17/2001 18:50:00,107,24,17,-2,-3,1
04/17/2001 18:51:00,107,25,17,-2,-3,1
04/17/2001 18:52:00,107,26,17,-2,-3,1
04/17/2001 18:53:00,107,25,18,-3,-3,1
04/17/2001 18:54:00,107,25,18,-2,-3,1
04/17/2001 18:55:00,107,25,18,-2,-3,1
04/17/2001 18:56:00,107,25,18,-3,-4,1
04/17/2001 18:57:00,107,26,18,-3,-4,1
04/17/2001 18:58:00,107,25,19,-3,-4,1
04/17/2001 18:59:00,107,25,19,-3,-4,1
04/17/2001 19:00:00,107,25,18,-3,-4,1
04/17/2001 19:01:00,107,26,18,-3,-5,1
04/17/2001 19:02:00,107,27,18,-3,-5,1
04/17/2001 19:03:00,107,27,17,-3,-5,1
04/17/2001 19:04:00,107,26,18,-3,-5,1
04/17/2001 19:05:00,107,26,19,-3,-5,1
04/17/2001 19:06:00,107,27,18,-3,-5,1
04/17/2001 19:07:00,107,27,18,-3,-5,1
04/17/2001 19:08:00,107,27,18,-4,-5,1
04/17/2001 19:09:00,107,27,18,-4,-5,1
04/17/2001 19:10:00,107,26,18,-4,-6,1
04/17/2001 19:11:00,107,27,17,-4,-6,1
04/17/2001 19:12:00,107,27,17,-4,-6,1
04/17/2001 19:13:00,107,27,16,-4,-7,1
04/17/2001 19:14:00,107,28,16,-4,-7,1
04/17/2001 19:15:00,107,27,16,-4,-7,1
04/17/2001 19:16:00,107,27,16,-4,-7,1
04/17/2001 19:17:00,107,27,15,-4,-6,1
04/17/2001 19:18:00,107,27,16,-4,-6,1
04/17/2001 19:19:00,107,27,16,-4,-6,1
04/17/2001 19:20:00,107,26,17,-4,-6,1
04/17/2001 19:21:00,107,26,17,-4,-6,1
04/17/2001 19:22:00,107,26,17,-4,-7,1
04/17/2001 19:23:00,107,26,17,-4,-6,1
04/17/2001 19:24:00,107,27,16,-4,-7,1
04/17/2001 19:25:00,107,26,17,-4,-7,1
04/17/2001 19:26:00,107,27,16,-4,-7,1
04/17/2001 19:27:00,107,27,16,-5,-7,1
04/17/2001 19:28:00,107,27,17,-4,-7,1
04/17/2001 19:29:00,107,26,18,-5,-7,1
04/17/2001 19:30:00,107,25,18,-5,-7,1
04/17/2001 19:31:00,107,25,18,-4,-6,1
04/17/2001 19:32:00,107,25,17,-5,-6,1
04/17/2001 19:33:00,107,25,17,-5,-6,1
04/17/2001 19:34:00,107,25,18,-5,-6,1
04/17/2001 19:35:00,107,25,19,-5,-6,1
04/17/2001 19:36:00,107,24,20,-5,-6,1
04/17/2001 19:37:00,107,25,20,-5,-6,1
04/17/2001 19:38:00,107,24,20,-5,-6,1
04/17/2001 19:39:00,107,24,20,-5,-6,1
04/17/2001 19:40:00,107,24,21,-5,-6,1
04/17/2001 19:41:00,107,24,21,-5,-7,1
04/17/2001 19:42:00,107,24,21,-6,-7,1
04/17/2001 19:43:00,107,24,22,-6,-6,1
04/17/2001 19:44:00,107,24,22,-6,-7,1
04/17/2001 19:45:00,107,24,22,-6,-7,1
04/17/2001 19:46:00,107,24,21,-6,-7,1
04/17/2001 19:47:00,107,24,21,-6,-7,1
04/17/2001 19:48:00,107,24,22,-6,-7,1
04/17/2001 19:49:00,107,24,21,-6,-7,1
04/17/2001 19:50:00,107,23,20,-6,-6,1
04/17/2001 19:51:00,107,23,20,-6,-6,1
04/17/2001 19:52:00,107,23,20,-6,-6,1
04/17/2001 19:53:00,107,23,19,-6,-6,1
04/17/2001 19:54:00,107,23,19,-6,-6,1
04/17/2001 19:55:00,107,23,19,-6,-6,1
04/17/2001 19:56:00,107,23,19,-5,-6,1
04/17/2001 19:57:00,107,23,20,-6,-6,1
04/17/2001 19:58:00,107,23,20,-6,-6,1
04/17/2001 19:59:00,107,23,19,-6,-7,1
04/17/2001 20:00:00,107,23,19,-6,-8,1
04/17/2001 20:01:00,107,23,19,-6,-8,1
04/17/2001 20:02:00,107,23,20,-6,-7,1
04/17/2001 20:03:00,107,23,20,-6,-7,1
04/17/2001 20:04:00,107,23,20,-6,-8,1
04/17/2001 20:05:00,107,23,20,-5,-8,1
04/17/2001 20:06:00,107,23,19,-5,-8,1
04/17/2001 20:07:00,107,24,19,-5,-8,1
04/17/2001 20:08:00,107,23,18,-5,-9,1
04/17/2001 20:09:00,107,23,18,-5,-9,1
04/17/2001 20:10:00,107,22,18,-5,-9,1
04/17/2001 20:11:00,107,22,19,-6,-10,1
04/17/2001 20:12:00,107,22,19,-6,-10,1
04/17/2001 20:13:00,107,21,19,-6,-10,1
04/17/2001 20:14:00,107,21,19,-6,-10,1
04/17/2001 20:15:00,107,21,18,-6,-10,1
04/17/2001 20:16:00,107,20,18,-6,-10,1
04/17/2001 20:17:00,107,21,18,-6,-11,1
04/17/2001 20:18:00,107,21,18,-6,-11,1
04/17/2001 20:19:00,107,19,18,-6,-11,1
04/17/2001 20:20:00,107,20,17,-6,-11,1
04/17/2001 20:21:00,107,19,16,-5,-11,1
04/17/2001 20:22:00,107,19,16,-5,-11,1
04/17/2001 20:23:00,107,18,16,-5,-11,1
04/17/2001 20:24:00,107,19,16,-5,-11,1
04/17/2001 20:25:00,107,19,14,-5,-11,1
04/17/2001 20:26:00,107,18,14,-5,-11,1
04/17/2001 20:27:00,107,18,13,-5,-11,1
04/17/2001 20:28:00,107,18,13,-5,-11,1
04/17/2001 20:29:00,107,17,13,-5,-10,1
04/17/2001 20:30:00,107,17,13,-4,-10,1
04/17/2001 20:31:00,107,16,14,-4,-10,1
04/17/2001 20:32:00,107,16,13,-4,-10,1
04/17/2001 20:33:00,107,16,12,-4,-9,1
04/17/2001 20:34:00,107,16,12,-4,-9,1
04/17/2001 20:35:00,107,17,13,-3,-9,1
04/17/2001 20:36:00,107,18,13,-3,-9,1
04/17/2001 20:37:00,107,17,13,-3,-9,1
04/17/2001 20:38:00,107,16,14,-3,-9,1
04/17/2001 20:39:00,107,15,14,-3,-9,1
04/17/2001 20:40:00,107,13,14,-3,-9,1
04/17/2001 20:41:00,107,14,14,-4,-9,1
04/17/2001 20:42:00,107,14,14,-3,-9,1
04/17/2001 20:43:00,107,13,14,-3,-9,1
04/17/2001 20:44:00,107,13,15,-3,-9,1
04/17/2001 20:45:00,107,12,13,-4,-9,1
04/17/2001 20:46:00,107,12,13,-4,-9,1
04/17/2001 20:47:00,107,11,13,-4,-9,1
04/17/2001 20:48:00,107,11,13,-4,-9,1
04/17/2001 20:49:00,107,11,13,-4,-9,1
04/17/2001 20:50:00,107,11,13,-4,-9,1
04/17/2001 20:51:00,107,11,13,-4,-9,1
04/17/2001 20:52:00,107,10,13,-4,-9,1
04/17/2001 20:53:00,107,11,13,-4,-10,1
04/17/2001 20:54:00,107,9,13,-3,-10,1
04/17/2001 20:55:00,107,9,13,-4,-10,1
04/17/2001 20:56:00,107,10,12,-4,-10,1
04/17/2001 20:57:00,107,10,12,-4,-10,1
04/17/2001 20:58:00,107,9,12,-3,-10,1
04/17/2001 20:59:00,107,9,12,-3,-10,1
04/17/2001 21:00:00,107,10,13,-3,-10,1
04/17/2001 21:01:00,107,9,13,-3,-10,1
04/17/2001 21:02:00,107,8,13,-3,-10,1
04/17/2001 21:03:00,107,8,12,-3,-9,1
04/17/2001 21:04:00,107,9,12,-3,-9,1
04/17/2001 21:05:00,107,9,12,-3,-9,1
04/17/2001 21:06:00,107,10,12,-3,-9,1
04/17/2001 21:07:00,107,8,12,-3,-9,1
04/17/2001 21:08:00,107,9,11,-3,-9,1
04/17/2001 21:09:00,107,9,11,-3,-10,1
04/17/2001 21:10:00,107,9,10,-3,-9,1
04/17/2001 21:11:00,107,10,10,-3,-9,1
04/17/2001 21:12:00,107,10,10,-3,-10,1
04/17/2001 21:13:00,107,10,10,-3,-10,1
04/17/2001 21:14:00,107,9,10,-3,-10,1
04/17/2001 21:15:00,107,10,11,-3,-10,1
04/17/2001 21:16:00,107,10,10,-2,-9,1
04/17/2001 21:17:00,107,10,10,-2,-9,1
04/17/2001 21:18:00,107,9,11,-2,-9,1
04/17/2001 21:19:00,107,9,12,-3,-10,1
04/17/2001 21:20:00,107,9,14,-3,-10,1
04/17/2001 21:21:00,107,9,14,-3,-10,1
04/17/2001 21:22:00,107,9,16,-3,-10,1
04/17/2001 21:23:00,107,9,16,-3,-10,1
04/17/2001 21:24:00,107,9,18,-3,-10,1
04/17/2001 21:25:00,107,9,18,-3,-10,1
04/17/2001 21:26:00,107,9,20,-3,-11,1
04/17/2001 21:27:00,107,10,20,-3,-11,1
04/17/2001 21:28:00,107,12,22,-4,-11,1
04/17/2001 21:29:00,107,12,25,-4,-12,1
04/17/2001 21:30:00,107,15,25,-4,-12,1
04/17/2001 21:31:00,107,14,27,-4,-12,1
04/17/2001 21:32:00,107,15,28,-4,-12,1
04/17/2001 21:33:00,107,15,27,-4,-12,1
04/17/2001 21:34:00,107,14,27,-4,-12,1
04/17/2001 21:35:00,107,14,27,-4,-11,1
04/17/2001 21:36:00,107,15,26,-4,-10,1
04/17/2001 21:37:00,107,15,26,-4,-10,1
04/17/2001 21:38:00,107,15,27,-4,-10,1
04/17/2001 21:39:00,107,15,27,-4,-10,1
04/17/2001 21:40:00,107,14,27,-4,-10,1
04/17/2001 21:41:00,107,15,27,-3,-10,1
04/17/2001 21:42:00,107,17,28,-4,-10,1
04/17/2001 21:43:00,107,16,29,-4,-10,1
04/17/2001 21:44:00,107,16,29,-4,-11,1
04/17/2001 21:45:00,107,16,28,-4,-10,1
04/17/2001 21:46:00,107,16,28,-4,-10,1
04/17/2001 21:47:00,107,16,28,-3,-10,1
04/17/2001 21:48:00,107,15,27,-3,-10,1
04/17/2001 21:49:00,107,15,26,-3,-10,1
04/17/2001 21:50:00,107,15,26,-3,-10,1
04/17/2001 21:51:00,107,15,25,-3,-10,1
04/17/2001 21:52:00,107,16,26,-3,-10,1
04/17/2001 21:53:00,107,15,25,-3,-9,1
04/17/2001 21:54:00,107,15,25,-3,-9,1
04/17/2001 21:55:00,107,14,25,-3,-9,1
04/17/2001 21:56:00,107,15,23,-3,-8,1
04/17/2001 21:57:00,107,14,23,-3,-8,1
04/17/2001 21:58:00,107,15,23,-3,-8,1
04/17/2001 21:59:00,107,15,23,-3,-8,1
04/17/2001 22:00:00,107,16,21,-3,-8,1
04/17/2001 22:01:00,107,16,22,-2,-8,1
04/17/2001 22:02:00,107,17,22,-2,-8,1
04/17/2001 22:03:00,107,17,23,-3,-9,1
04/17/2001 22:04:00,107,20,23,-3,-10,1
04/17/2001 22:05:00,107,22,24,-3,-11,1
04/17/2001 22:06:00,107,22,25,-3,-12,1
04/17/2001 22:07:00,107,22,25,-3,-12,1
04/17/2001 22:08:00,107,21,24,-3,-12,1
04/17/2001 22:09:00,107,19,24,-3,-12,1
04/17/2001 22:10:00,107,19,23,-3,-12,1
04/17/2001 22:11:00,107,17,22,-2,-12,1
04/17/2001 22:12:00,107,16,22,-2,-11,1
04/17/2001 22:13:00,107,17,21,-2,-11,1
04/17/2001 22:14:00,107,17,21,-2,-11,1
04/17/2001 22:15:00,107,16,21,-2,-11,1
04/17/2001 22:16:00,107,17,21,-2,-11,1
04/17/2001 22:17:00,107,17,21,-2,-11,1
04/17/2001 22:18:00,107,17,22,-2,-11,1
04/17/2001 22:19:00,107,16,22,-2,-11,1
04/17/2001 22:20:00,107,17,23,-2,-12,1
04/17/2001 22:21:00,107,17,23,-2,-12,1
04/17/2001 22:22:00,107,18,23,-2,-12,1
04/17/2001 22:23:00,107,17,24,-2,-12,1
04/17/2001 22:24:00,107,17,23,-2,-12,1
04/17/2001 22:25:00,107,17,23,-2,-12,1
04/17/2001 22:26:00,107,18,22,-2,-12,1
04/17/2001 22:27:00,107,17,22,-2,-12,1
04/17/2001 22:28:00,107,17,23,-2,-12,1
04/17/2001 22:29:00,107,17,24,-2,-12,1
04/17/2001 22:30:00,107,15,24,-2,-13,1
04/17/2001 22:31:00,107,15,24,-3,-13,1
04/17/2001 22:32:00,107,17,26,-3,-13,1
04/17/2001 22:33:00,107,17,27,-3,-13,1
04/17/2001 22:34:00,107,17,27,-3,-13,1
04/17/2001 22:35:00,107,19,28,-3,-13,1
04/17/2001 22:36:00,107,19,29,-3,-14,1
04/17/2001 22:37:00,107,18,29,-3,-14,1
04/17/2001 22:38:00,107,19,29,-3,-14,1
04/17/2001 22:39:00,107,19,29,-3,-14,1
04/17/2001 22:40:00,107,19,29,-3,-14,1
04/17/2001 22:41:00,107,21,30,-4,-15,1
04/17/2001 22:42:00,107,21,30,-4,-15,1
04/17/2001 22:43:00,107,20,29,-4,-14,1
04/17/2001 22:44:00,107,20,31,-4,-15,1
04/17/2001 22:45:00,107,20,32,-4,-15,1
04/17/2001 22:46:00,107,21,32,-4,-15,1
04/17/2001 22:47:00,107,21,32,-4,-15,1
04/17/2001 22:48:00,107,20,31,-4,-15,1
04/17/2001 22:49:00,107,20,31,-4,-15,1
04/17/2001 22:50:00,107,20,30,-4,-15,1
04/17/2001 22:51:00,107,19,30,-4,-15,1
04/17/2001 22:52:00,107,19,31,-4,-15,1
04/17/2001 22:53:00,107,20,32,-4,-15,1
04/17/2001 22:54:00,107,22,33,-5,-16,1
04/17/2001 22:55:00,107,23,34,-5,-15,1
04/17/2001 22:56:00,107,22,33,-5,-16,1
04/17/2001 22:57:00,107,22,34,-5,-15,1
04/17/2001 22:58:00,107,22,34,-5,-16,1
04/17/2001 22:59:00,107,21,34,-5,-16,1
04/17/2001 23:00:00,107,21,34,-5,-16,1
04/17/2001 23:01:00,107,22,34,-5,-16,1
04/17/2001 23:02:00,107,23,35,-5,-16,1
04/17/2001 23:03:00,107,22,36,-5,-15,1
04/17/2001 23:04:00,107,23,35,-5,-15,1
04/17/2001 23:05:00,107,23,36,-5,-16,1
04/17/2001 23:06:00,107,25,37,-6,-16,1
04/17/2001 23:07:00,107,24,37,-6,-17,1
04/17/2001 23:08:00,107,25,37,-6,-17,1
04/17/2001 23:09:00,107,25,37,-6,-17,1
04/17/2001 23:10:00,107,25,38,-6,-17,1
04/17/2001 23:11:00,107,25,38,-6,-18,1
04/17/2001 23:12:00,107,25,38,-6,-18,1
04/17/2001 23:13:00,107,24,37,-6,-18,1
04/17/2001 23:14:00,107,25,37,-6,-18,1
04/17/2001 23:15:00,107,25,37,-6,-18,1
04/17/2001 23:16:00,107,23,35,-6,-18,1
04/17/2001 23:17:00,107,23,35,-6,-18,1
04/17/2001 23:18:00,107,23,35,-6,-18,1
04/17/2001 23:19:00,107,23,35,-6,-18,1
04/17/2001 23:20:00,107,23,34,-6,-18,1
04/17/2001 23:21:00,107,23,35,-6,-19,1
04/17/2001 23:22:00,107,23,35,-6,-19,1
04/17/2001 23:23:00,107,23,34,-6,-20,1
04/17/2001 23:24:00,107,22,34,-6,-20,1
04/17/2001 23:25:00,107,23,34,-6,-20,1
04/17/2001 23:26:00,107,23,33,-6,-20,1
04/17/2001 23:27:00,107,23,34,-6,-20,1
04/17/2001 23:28:00,107,24,35,-6,-20,1
04/17/2001 23:29:00,107,24,35,-6,-21,1
04/17/2001 23:30:00,107,24,35,-6,-21,1
04/17/2001 23:31:00,107,24,33,-6,-20,1
04/17/2001 23:32:00,107,24,33,-6,-20,1
04/17/2001 23:33:00,107,23,33,-6,-20,1
04/17/2001 23:34:00,107,23,33,-6,-20,1
04/17/2001 23:35:00,107,26,33,-6,-21,1
04/17/2001 23:36:00,107,27,33,-6,-21,1
04/17/2001 23:37:00,107,27,33,-6,-21,1
04/17/2001 23:38:00,107,26,33,-6,-21,1
04/17/2001 23:39:00,107,25,32,-6,-21,1
04/17/2001 23:40:00,107,25,32,-6,-21,1
04/17/2001 23:41:00,107,25,31,-6,-21,1
04/17/2001 23:42:00,107,25,31,-5,-21,1
04/17/2001 23:43:00,107,25,30,-5,-21,1
04/17/2001 23:44:00,107,25,31,-5,-21,1
04/17/2001 23:45:00,107,25,30,-5,-21,1
04/17/2001 23:46:00,107,25,29,-5,-22,1
04/17/2001 23:47:00,107,26,29,-5,-22,1
04/17/2001 23:48:00,107,27,29,-5,-22,1
04/17/2001 23:49:00,107,26,29,-5,-22,1
04/17/2001 23:50:00,107,26,29,-5,-22,1
04/17/2001 23:51:00,107,26,29,-5,-22,1
04/17/2001 23:52:00,107,25,29,-5,-22,1
04/17/2001 23:53:00,107,25,29,-5,-22,1
04/17/2001 23:54:00,107,25,29,-5,-22,1
04/17/2001 23:55:00,107,24,27,-5,-21,1
04/17/2001 23:56:00,107,22,27,-5,-21,1
04/17/2001 23:57:00,107,21,27,-5,-21,1
04/17/2001 23:58:00,107,21,27,-5,-21,1
04/17/2001 23:59:00,107,22,27,-5,-21,1
04/18/2001 00:00:00,108,20,27,-5,-21,1
04/18/2001 00:01:00,108,19,25,-5,-20,1
04/18/2001 00:02:00,108,18,24,-5,-20,1
04/18/2001 00:03:00,108,18,23,-4,-19,1
04/18/2001 00:04:00,108,17,22,-4,-19,1
04/18/2001 00:05:00,108,15,20,-4,-18,1
04/18/2001 00:06:00,108,15,19,-4,-18,1
04/18/2001 00:07:00,108,14,18,-4,-17,1
04/18/2001 00:08:00,108,13,17,-4,-17,1
04/18/2001 00:09:00,108,14,17,-4,-17,1
04/18/2001 00:10:00,108,14,16,-4,-17,1
04/18/2001 00:11:00,108,15,17,-3,-18,1
04/18/2001 00:12:00,108,15,17,-3,-18,1
04/18/2001 00:13:00,108,16,18,-3,-18,1
04/18/2001 00:14:00,108,16,17,-3,-19,1
04/18/2001 00:15:00,108,15,17,-3,-19,1
04/18/2001 00:16:00,108,14,17,-3,-19,1
04/18/2001 00:17:00,108,13,16,-3,-19,1
04/18/2001 00:18:00,108,13,17,-3,-19,1
04/18/2001 00:19:00,108,12,16,-3,-19,1
04/18/2001 00:20:00,108,11,14,-3,-19,1
04/18/2001 00:21:00,108,12,14,-3,-19,1
04/18/2001 00:22:00,108,12,14,-3,-19,1
04/18/2001 00:23:00,108,12,14,-2,-19,1
04/18/2001 00:24:00,108,11,14,-3,-19,1
04/18/2001 00:25:00,108,11,15,-3,-20,1
04/18/2001 00:26:00,108,12,14,-3,-20,1
04/18/2001 00:27:00,108,11,15,-3,-20,1
04/18/2001 00:28:00,108,10,14,-3,-20,1
04/18/2001 00:29:00,108,10,13,-3,-20,1
04/18/2001 00:30:00,108,8,12,-3,-20,1
04/18/2001 00:31:00,108,8,13,-3,-19,1
04/18/2001 00:32:00,108,7,13,-3,-19,1
04/18/2001 00:33:00,108,6,13,-3,-19,1
04/18/2001 00:34:00,108,6,13,-2,-19,1
04/18/2001 00:35:00,108,6,13,-2,-19,1
04/18/2001 00:36:00,108,6,13,-2,-19,1
04/18/2001 00:37:00,108,7,15,-2,-19,1
04/18/2001 00:38:00,108,6,16,-2,-20,1
04/18/2001 00:39:00,108,6,17,-2,-20,1
04/18/2001 00:40:00,108,6,19,-2,-20,1
04/18/2001 00:41:00,108,7,18,-2,-20,1
04/18/2001 00:42:00,108,7,19,-2,-20,1
04/18/2001 00:43:00,108,9,19,-2,-20,1
04/18/2001 00:44:00,108,9,20,-2,-20,1
04/18/2001 00:45:00,108,9,20,-2,-20,1
04/18/2001 00:46:00,108,10,21,-2,-20,1
04/18/2001 00:47:00,108,20,25,-3,-18,1
04/18/2001 00:48:00,108,21,22,-1,1,1
04/18/2001 00:49:00,108,37,61,5,20,1
04/18/2001 00:50:00,108,47,66,8,22,1
04/18/2001 00:51:00,108,48,57,7,20,1
04/18/2001 00:52:00,108,43,55,6,17,1
04/18/2001 00:53:00,108,37,57,6,15,1
04/18/2001 00:54:00,108,36,56,6,13,1
04/18/2001 00:55:00,108,35,57,6,14,1
04/18/2001 00:56:00,108,34,55,4,14,1
04/18/2001 00:57:00,108,35,54,3,13,1
04/18/2001 00:58:00,108,35,58,4,13,1
04/18/2001 00:59:00,108,35,59,3,13,1
04/18/2001 01:00:00,108,34,61,2,12,1
04/18/2001 01:01:00,108,34,62,2,11,1
04/18/2001 01:02:00,108,34,65,2,10,1
04/18/2001 01:03:00,108,35,67,2,8,1
04/18/2001 01:04:00,108,36,66,3,8,1
04/18/2001 01:05:00,108,39,73,4,9,1
04/18/2001 01:06:00,108,42,80,5,8,1
04/18/2001 01:07:00,108,45,85,7,8,1
04/18/2001 01:08:00,108,49,91,7,8,1
04/18/2001 01:09:00,108,50,96,7,8,1
04/18/2001 01:10:00,108,53,99,8,7,1
04/18/2001 01:11:00,108,56,103,9,7,1
04/18/2001 01:12:00,108,58,106,9,7,1
04/18/2001 01:13:00,108,61,112,10,8,1
04/18/2001 01:14:00,108,63,117,10,8,1
04/18/2001 01:15:00,108,64,123,11,8,1
04/18/2001 01:16:00,108,65,129,12,8,1
04/18/2001 01:17:00,108,65,135,13,6,1
04/18/2001 01:18:00,108,64,136,13,5,1
04/18/2001 01:19:00,108,63,137,13,6,1
04/18/2001 01:20:00,108,63,139,13,5,1
04/18/2001 01:21:00,108,58,135,12,4,1
04/18/2001 01:22:00,108,57,133,12,3,1
04/18/2001 01:23:00,108,53,129,11,2,1
04/18/2001 01:24:00,108,51,128,10,3,1
04/18/2001 01:25:00,108,50,126,10,3,1
04/18/2001 01:26:00,108,48,122,9,3,1
04/18/2001 01:27:00,108,47,120,9,3,1
04/18/2001 01:28:00,108,46,118,9,5,1
04/18/2001 01:29:00,108,46,119,9,7,1
04/18/2001 01:30:00,108,47,118,9,8,1
04/18/2001 01:31:00,108,48,117,9,8,1
04/18/2001 01:32:00,108,46,115,9,5,1
04/18/2001 01:33:00,108,44,113,8,3,1
04/18/2001 01:34:00,108,42,110,7,3,1
04/18/2001 01:35:00,108,43,109,7,3,1
04/18/2001 01:36:00,108,45,108,7,3,1
04/18/2001 01:37:00,108,45,108,7,4,1
04/18/2001 01:38:00,108,44,105,7,5,1
04/18/2001 01:39:00,108,42,103,7,5,1
04/18/2001 01:40:00,108,43,101,7,5,1
04/18/2001 01:41:00,108,41,99,7,6,1
04/18/2001 01:42:00,108,41,97,6,5,1
04/18/2001 01:43:00,108,40,95,6,5,1
04/18/2001 01:44:00,108,39,94,5,4,1
04/18/2001 01:45:00,108,38,89,5,3,1
04/18/2001 01:46:00,108,40,89,4,0,1
04/18/2001 01:47:00,108,39,83,2,-1,1
04/18/2001 01:48:00,108,37,81,2,-1,1
04/18/2001 01:49:00,108,35,77,1,-1,1
04/18/2001 01:50:00,108,33,77,2,1,1
04/18/2001 01:51:00,108,33,77,2,1,1
04/18/2001 01:52:00,108,33,76,1,2,1
04/18/2001 01:53:00,108,35,76,1,2,1
04/18/2001 01:54:00,108,34,75,2,3,1
04/18/2001 01:55:00,108,35,76,2,3,1
04/18/2001 01:56:00,108,37,77,2,2,1
04/18/2001 01:57:00,108,38,77,1,2,1
04/18/2001 01:58:00,108,39,78,2,2,1
04/18/2001 01:59:00,108,42,82,3,2,1
04/18/2001 02:00:00,108,42,84,3,2,1
04/18/2001 02:01:00,108,42,86,3,0,1
04/18/2001 02:02:00,108,42,86,2,0,1
04/18/2001 02:03:00,108,41,85,2,0,1
04/18/2001 02:04:00,108,40,86,2,-1,1
04/18/2001 02:05:00,108,41,86,2,-2,1
04/18/2001 02:06:00,108,39,87,2,-4,1
04/18/2001 02:07:00,108,37,87,2,-5,1
04/18/2001 02:08:00,108,37,86,1,-6,1
04/18/2001 02:09:00,108,36,86,1,-6,1
04/18/2001 02:10:00,108,37,86,1,-6,1
04/18/2001 02:11:00,108,37,86,0,-7,1
04/18/2001 02:12:00,108,38,86,1,-8,1
04/18/2001 02:13:00,108,39,86,0,-8,1
04/18/2001 02:14:00,108,37,86,0,-8,1
04/18/2001 02:15:00,108,37,85,0,-8,1
04/18/2001 02:16:00,108,38,84,0,-8,1
04/18/2001 02:17:00,108,38,83,1,-8,1
04/18/2001 02:18:00,108,37,84,0,-8,1
04/18/2001 02:19:00,108,38,85,1,-8,1
04/18/2001 02:20:00,108,38,86,1,-8,1
04/18/2001 02:21:00,108,38,87,1,-9,1
04/18/2001 02:22:00,108,38,87,2,-9,1
04/18/2001 02:23:00,108,38,89,2,-9,1
04/18/2001 02:24:00,108,39,90,1,-10,1
04/18/2001 02:25:00,108,39,91,1,-10,1
04/18/2001 02:26:00,108,39,91,1,-10,1
04/18/2001 02:27:00,108,39,93,1,-11,1
04/18/2001 02:28:00,108,39,95,2,-12,1
04/18/2001 02:29:00,108,39,95,1,-12,1
04/18/2001 02:30:00,108,39,95,2,-12,1
04/18/2001 02:31:00,108,38,96,2,-13,1
04/18/2001 02:32:00,108,37,96,2,-13,1
04/18/2001 02:33:00,108,36,97,1,-14,1
04/18/2001 02:34:00,108,35,98,1,-15,1
04/18/2001 02:35:00,108,32,99,1,-15,1
04/18/2001 02:36:00,108,32,99,0,-14,1
04/18/2001 02:37:00,108,31,100,0,-14,1
04/18/2001 02:38:00,108,31,99,0,-15,1
04/18/2001 02:39:00,108,31,100,0,-15,1
04/18/2001 02:40:00,108,30,99,-1,-15,1
04/18/2001 02:41:00,108,30,100,-1,-15,1
04/18/2001 02:42:00,108,29,99,-1,-15,1
04/18/2001 02:43:00,108,27,99,-1,-16,1
04/18/2001 02:44:00,108,26,99,-1,-17,1
04/18/2001 02:45:00,108,25,99,-1,-18,1
04/18/2001 02:46:00,108,24,98,-1,-19,1
04/18/2001 02:47:00,108,23,97,-1,-20,1
04/18/2001 02:48:00,108,22,96,-1,-20,1
04/18/2001 02:49:00,108,22,95,-2,-21,1
04/18/2001 02:50:00,108,22,95,-2,-22,1
04/18/2001 02:51:00,108,21,93,-2,-23,1
04/18/2001 02:52:00,108,21,92,-3,-24,1
04/18/2001 02:53:00,108,20,90,-3,-25,1
04/18/2001 02:54:00,108,21,88,-3,-25,1
04/18/2001 02:55:00,108,22,86,-3,-25,1
04/18/2001 02:56:00,108,22,87,-3,-25,1
04/18/2001 02:57:00,108,24,87,-3,-26,1
04/18/2001 02:58:00,108,24,88,-2,-25,1
04/18/2001 02:59:00,108,26,88,-2,-25,1
04/18/2001 03:00:00,108,28,89,-2,-25,1
04/18/2001 03:01:00,108,30,88,-2,-25,1
04/18/2001 03:02:00,108,33,87,-2,-26,1
04/18/2001 03:03:00,108,35,87,-2,-28,1
04/18/2001 03:04:00,108,36,86,-2,-29,1
04/18/2001 03:05:00,108,36,86,-2,-29,1
04/18/2001 03:06:00,108,37,85,-2,-29,1
04/18/2001 03:07:00,108,37,85,-2,-29,1
04/18/2001 03:08:00,108,37,84,-3,-29,1
04/18/2001 03:09:00,108,39,86,-2,-29,1
04/18/2001 03:10:00,108,40,83,-3,-27,1
04/18/2001 03:11:00,108,39,82,-3,-27,1
04/18/2001 03:12:00,108,39,80,-2,-27,1
04/18/2001 03:13:00,108,40,80,-2,-27,1
04/18/2001 03:14:00,108,40,79,-3,-26,1
04/18/2001 03:15:00,108,40,79,-4,-26,1
04/18/2001 03:16:00,108,39,79,-4,-24,1
04/18/2001 03:17:00,108,39,79,-3,-24,1
04/18/2001 03:18:00,108,38,79,-4,-25,1
04/18/2001 03:19:00,108,38,79,-4,-24,1
04/18/2001 03:20:00,108,39,80,-4,-24,1
04/18/2001 03:21:00,108,39,81,-5,-24,1
04/18/2001 03:22:00,108,40,81,-5,-24,1
04/18/2001 03:23:00,108,41,83,-5,-24,1
04/18/2001 03:24:00,108,41,86,-5,-25,1
04/18/2001 03:25:00,108,40,88,-5,-26,1
04/18/2001 03:26:00,108,39,91,-6,-26,1
04/18/2001 03:27:00,108,37,91,-7,-27,1
04/18/2001 03:28:00,108,39,93,-8,-27,1
04/18/2001 03:29:00,108,40,94,-8,-28,1
04/18/2001 03:30:00,108,41,93,-8,-28,1
04/18/2001 03:31:00,108,41,96,-8,-29,1
04/18/2001 03:32:00,108,41,100,-7,-32,1
04/18/2001 03:33:00,108,41,99,-7,-33,1
04/18/2001 03:34:00,108,43,100,-6,-34,1
04/18/2001 03:35:00,108,43,100,-6,-36,1
04/18/2001 03:36:00,108,46,99,-6,-36,1
04/18/2001 03:37:00,108,48,101,-6,-37,1
04/18/2001 03:38:00,108,52,103,-5,-39,1
04/18/2001 03:39:00,108,55,106,-4,-39,1
04/18/2001 03:40:00,108,58,111,-3,-41,1
04/18/2001 03:41:00,108,60,112,-2,-42,1
04/18/2001 03:42:00,108,62,113,-1,-44,1
04/18/2001 03:43:00,108,67,116,0,-44,1
04/18/2001 03:44:00,108,68,119,1,-46,1
04/18/2001 03:45:00,108,68,121,2,-49,1
04/18/2001 03:46:00,108,68,123,3,-51,1
04/18/2001 03:47:00,108,68,123,3,-53,1
04/18/2001 03:48:00,108,68,126,4,-54,1
04/18/2001 03:49:00,108,69,128,5,-54,1
04/18/2001 03:50:00,108,70,128,6,-56,1
04/18/2001 03:51:00,108,73,130,7,-57,1
04/18/2001 03:52:00,108,74,131,8,-58,1
04/18/2001 03:53:00,108,76,133,9,-59,1
04/18/2001 03:54:00,108,78,135,10,-60,1
04/18/2001 03:55:00,108,78,138,11,-60,1
04/18/2001 03:56:00,108,79,142,11,-60,1
04/18/2001 03:57:00,108,78,145,12,-60,1
04/18/2001 03:58:00,108,79,145,12,-60,1
04/18/2001 03:59:00,108,78,146,12,-59,1
04/18/2001 04:00:00,108,77,149,12,-59,1
04/18/2001 04:01:00,108,76,150,12,-59,1
04/18/2001 04:02:00,108,74,150,11,-59,1
04/18/2001 04:03:00,108,72,151,11,-60,1
04/18/2001 04:04:00,108,76,152,10,-61,1
04/18/2001 04:05:00,108,79,154,10,-61,1
04/18/2001 04:06:00,108,82,156,9,-63,1
04/18/2001 04:07:00,108,85,158,8,-63,1
04/18/2001 04:08:00,108,88,160,8,-65,1
04/18/2001 04:09:00,108,90,163,7,-66,1
04/18/2001 04:10:00,108,92,164,6,-67,1
04/18/2001 04:11:00,108,94,166,5,-67,1
04/18/2001 04:12:00,108,95,167,5,-71,1
04/18/2001 04:13:00,108,95,168,4,-71,1
04/18/2001 04:14:00,108,96,172,4,-74,1
04/18/2001 04:15:00,108,95,175,4,-78,1
04/18/2001 04:16:00,108,93,174,4,-82,1
04/18/2001 04:17:00,108,92,174,3,-84,1
04/18/2001 04:18:00,108,91,176,3,-87,1
04/18/2001 04:19:00,108,88,178,4,-91,1
04/18/2001 04:20:00,108,86,179,4,-94,1
04/18/2001 04:21:00,108,84,180,4,-97,1
04/18/2001 04:22:00,108,82,180,4,-99,1
04/18/2001 04:23:00,108,80,180,4,-101,1
04/18/2001 04:24:00,108,78,181,4,-103,1
04/18/2001 04:25:00,108,76,183,4,-105,1
04/18/2001 04:26:00,108,72,183,3,-107,1
04/18/2001 04:27:00,108,68,183,3,-110,1
04/18/2001 04:28:00,108,64,182,3,-112,1
04/18/2001 04:29:00,108,59,180,3,-113,1
04/18/2001 04:30:00,108,56,180,3,-113,1
04/18/2001 04:31:00,108,52,181,3,-113,1
04/18/2001 04:32:00,108,50,181,2,-113,1
04/18/2001 04:33:00,108,49,180,2,-114,1
04/18/2001 04:34:00,108,48,181,2,-114,1
04/18/2001 04:35:00,108,48,180,1,-114,1
04/18/2001 04:36:00,108,47,180,1,-114,1
04/18/2001 04:37:00,108,46,178,0,-114,1
04/18/2001 04:38:00,108,45,176,-1,-115,1
04/18/2001 04:39:00,108,43,174,-2,-116,1
04/18/2001 04:40:00,108,41,170,-3,-116,1
04/18/2001 04:41:00,108,42,167,-4,-116,1
04/18/2001 04:42:00,108,41,166,-4,-116,1
04/18/2001 04:43:00,108,40,165,-4,-116,1
04/18/2001 04:44:00,108,40,161,-5,-117,1
04/18/2001 04:45:00,108,41,157,-6,-116,1
04/18/2001 04:46:00,108,42,155,-6,-115,1
04/18/2001 04:47:00,108,45,153,-7,-112,1
04/18/2001 04:48:00,108,49,152,-7,-109,1
04/18/2001 04:49:00,108,49,150,-8,-107,1
04/18/2001 04:50:00,108,48,147,-8,-107,1
04/18/2001 04:51:00,108,45,143,-9,-107,1
04/18/2001 04:52:00,108,42,140,-9,-109,1
04/18/2001 04:53:00,108,42,137,-9,-109,1
04/18/2001 04:54:00,108,42,137,-9,-108,1
04/18/2001 04:55:00,108,43,136,-9,-106,1
04/18/2001 04:56:00,108,44,136,-9,-105,1
04/18/2001 04:57:00,108,45,135,-9,-104,1
04/18/2001 04:58:00,108,46,134,-9,-102,1
04/18/2001 04:59:00,108,50,133,-10,-99,1
04/18/2001 05:00:00,108,50,133,-11,-97,1
04/18/2001 05:01:00,108,51,134,-11,-96,1
04/18/2001 05:02:00,108,52,135,-11,-94,1
04/18/2001 05:03:00,108,61,133,-12,-89,1
04/18/2001 05:04:00,108,61,135,-11,-87,1
04/18/2001 05:05:00,108,63,135,-11,-82,1
04/18/2001 05:06:00,108,61,136,-10,-78,1
04/18/2001 05:07:00,108,62,137,-10,-75,1
04/18/2001 05:08:00,108,56,138,-10,-78,1
04/18/2001 05:09:00,108,52,138,-10,-81,1
04/18/2001 05:10:00,108,52,140,-11,-81,1
04/18/2001 05:11:00,108,51,139,-11,-81,1
04/18/2001 05:12:00,108,51,139,-11,-79,1
04/18/2001 05:13:00,108,52,137,-11,-77,1
04/18/2001 05:14:00,108,54,134,-12,-75,1
04/18/2001 05:15:00,108,59,137,-12,-73,1
04/18/2001 05:16:00,108,61,135,-11,-74,1
04/18/2001 05:17:00,108,53,134,-11,-80,1
04/18/2001 05:18:00,108,52,134,-11,-81,1
04/18/2001 05:19:00,108,51,135,-10,-83,1
04/18/2001 05:20:00,108,49,135,-8,-86,1
04/18/2001 05:21:00,108,50,136,-8,-86,1
04/18/2001 05:22:00,108,52,135,-8,-87,1
04/18/2001 05:23:00,108,47,136,-7,-92,1
04/18/2001 05:24:00,108,48,139,-6,-95,1
04/18/2001 05:25:00,108,50,138,-7,-94,1
04/18/2001 05:26:00,108,51,135,-8,-92,1
04/18/2001 05:27:00,108,52,132,-8,-92,1
04/18/2001 05:28:00,108,54,133,-7,-95,1
04/18/2001 05:29:00,108,55,134,-7,-97,1
04/18/2001 05:30:00,108,56,133,-6,-98,1
04/18/2001 05:31:00,108,57,133,-5,-100,1
04/18/2001 05:32:00,108,58,134,-5,-101,1
04/18/2001 05:33:00,108,57,133,-5,-101,1
04/18/2001 05:34:00,108,58,132,-5,-104,1
04/18/2001 05:35:00,108,59,132,-5,-105,1
04/18/2001 05:36:00,108,58,132,-5,-107,1
04/18/2001 05:37:00,108,57,133,-4,-108,1
04/18/2001 05:38:00,108,57,133,-4,-109,1
04/18/2001 05:39:00,108,58,131,-4,-110,1
04/18/2001 05:40:00,108,60,132,-4,-110,1
04/18/2001 05:41:00,108,60,132,-3,-111,1
04/18/2001 05:42:00,108,61,132,-3,-112,1
04/18/2001 05:43:00,108,63,132,-3,-114,1
04/18/2001 05:44:00,108,66,132,-3,-114,1
04/18/2001 05:45:00,108,66,132,-3,-116,1
04/18/2001 05:46:00,108,66,130,-3,-115,1
04/18/2001 05:47:00,108,65,128,-3,-116,1
04/18/2001 05:48:00,108,66,127,-3,-115,1
04/18/2001 05:49:00,108,64,127,-4,-116,1
04/18/2001 05:50:00,108,63,126,-4,-116,1
04/18/2001 05:51:00,108,62,125,-5,-117,1
04/18/2001 05:52:00,108,61,126,-5,-117,1
04/18/2001 05:53:00,108,61,128,-5,-118,1
04/18/2001 05:54:00,108,62,128,-5,-118,1
04/18/2001 05:55:00,108,62,127,-5,-118,1
04/18/2001 05:56:00,108,63,127,-4,-118,1
04/18/2001 05:57:00,108,64,127,-4,-117,1
04/18/2001 05:58:00,108,66,126,-4,-116,1
04/18/2001 05:59:00,108,66,124,-4,-117,1
04/18/2001 06:00:00,108,67,125,-4,-119,1
04/18/2001 06:01:00,108,65,124,-5,-120,1
04/18/2001 06:02:00,108,58,120,-6,-121,1
04/18/2001 06:03:00,108,64,117,-6,-122,1
04/18/2001 06:04:00,108,70,114,-7,-121,1
04/18/2001 06:05:00,108,70,112,-8,-117,1
04/18/2001 06:06:00,108,70,111,-10,-112,1
04/18/2001 06:07:00,108,68,110,-12,-111,1
04/18/2001 06:08:00,108,68,109,-13,-107,1
04/18/2001 06:09:00,108,64,104,-14,-103,1
04/18/2001 06:10:00,108,62,104,-15,-100,1
04/18/2001 06:11:00,108,62,106,-15,-99,1
04/18/2001 06:12:00,108,63,106,-15,-98,1
04/18/2001 06:13:00,108,67,104,-16,-94,1
04/18/2001 06:14:00,108,71,106,-16,-92,1
04/18/2001 06:15:00,108,78,109,-16,-90,1
04/18/2001 06:16:00,108,78,110,-17,-92,1
04/18/2001 06:17:00,108,74,108,-17,-94,1
04/18/2001 06:18:00,108,76,110,-17,-97,1
04/18/2001 06:19:00,108,74,110,-17,-100,1
04/18/2001 06:20:00,108,78,108,-16,-100,1
04/18/2001 06:21:00,108,81,105,-16,-97,1
04/18/2001 06:22:00,108,86,104,-16,-94,1
04/18/2001 06:23:00,108,88,100,-15,-92,1
04/18/2001 06:24:00,108,83,97,-14,-94,1
04/18/2001 06:25:00,108,73,94,-13,-98,1
04/18/2001 06:26:00,108,69,93,-12,-100,1
04/18/2001 06:27:00,108,69,91,-12,-98,1
04/18/2001 06:28:00,108,67,96,-11,-96,1
04/18/2001 06:29:00,108,65,100,-11,-95,1
04/18/2001 06:30:00,108,61,103,-12,-96,1
04/18/2001 06:31:00,108,56,106,-14,-95,1
04/18/2001 06:32:00,108,52,109,-14,-95,1
04/18/2001 06:33:00,108,53,110,-15,-95,1
04/18/2001 06:34:00,108,55,110,-15,-95,1
04/18/2001 06:35:00,108,57,107,-15,-97,1
04/18/2001 06:36:00,108,58,105,-15,-99,1
04/18/2001 06:37:00,108,60,99,-13,-100,1
04/18/2001 06:38:00,108,62,97,-13,-101,1
04/18/2001 06:39:00,108,66,95,-12,-101,1
04/18/2001 06:40:00,108,70,90,-11,-102,1
04/18/2001 06:41:00,108,73,86,-11,-101,1
04/18/2001 06:42:00,108,72,86,-10,-104,1
04/18/2001 06:43:00,108,72,83,-9,-104,1
04/18/2001 06:44:00,108,71,84,-9,-103,1
04/18/2001 06:45:00,108,71,85,-8,-103,1
04/18/2001 06:46:00,108,70,84,-8,-103,1
04/18/2001 06:47:00,108,68,84,-8,-102,1
04/18/2001 06:48:00,108,67,86,-7,-101,1
04/18/2001 06:49:00,108,66,87,-7,-101,1
04/18/2001 06:50:00,108,64,86,-6,-100,1
04/18/2001 06:51:00,108,63,89,-5,-101,1
04/18/2001 06:52:00,108,68,92,-3,-106,1
04/18/2001 06:53:00,108,73,91,-2,-110,1
04/18/2001 06:54:00,108,73,86,-2,-108,1
04/18/2001 06:55:00,108,67,82,-2,-105,1
04/18/2001 06:56:00,108,62,79,-2,-103,1
04/18/2001 06:57:00,108,60,79,-2,-102,1
04/18/2001 06:58:00,108,58,77,-2,-101,1
04/18/2001 06:59:00,108,58,79,-1,-101,1
04/18/2001 07:00:00,108,58,78,-1,-101,1
04/18/2001 07:01:00,108,57,77,-1,-101,1
04/18/2001 07:02:00,108,55,75,-1,-100,1
04/18/2001 07:03:00,108,51,72,-1,-98,1
04/18/2001 07:04:00,108,49,76,-1,-97,1
04/18/2001 07:05:00,108,48,77,-1,-95,1
04/18/2001 07:06:00,108,52,81,-1,-98,1
04/18/2001 07:07:00,108,54,78,-1,-102,1
04/18/2001 07:08:00,108,50,75,-1,-102,1
04/18/2001 07:09:00,108,48,76,-1,-100,1
04/18/2001 07:10:00,108,48,77,-2,-98,1
04/18/2001 07:11:00,108,47,77,-2,-95,1
04/18/2001 07:12:00,108,47,75,-3,-94,1
04/18/2001 07:13:00,108,49,73,-4,-94,1
04/18/2001 07:14:00,108,51,75,-4,-92,1
04/18/2001 07:15:00,108,48,79,-5,-89,1
04/18/2001 07:16:00,108,46,80,-5,-87,1
04/18/2001 07:17:00,108,45,80,-6,-85,1
04/18/2001 07:18:00,108,43,78,-7,-85,1
04/18/2001 07:19:00,108,41,76,-7,-84,1
04/18/2001 07:20:00,108,39,76,-8,-82,1
04/18/2001 07:21:00,108,38,72,-9,-82,1
04/18/2001 07:22:00,108,40,70,-8,-84,1
04/18/2001 07:23:00,108,41,71,-8,-83,1
04/18/2001 07:24:00,108,43,69,-8,-84,1
04/18/2001 07:25:00,108,45,69,-8,-86,1
04/18/2001 07:26:00,108,47,67,-9,-88,1
04/18/2001 07:27:00,108,50,65,-9,-91,1
04/18/2001 07:28:00,108,55,68,-8,-90,1
04/18/2001 07:29:00,108,58,73,-7,-89,1
04/18/2001 07:30:00,108,58,77,-8,-89,1
04/18/2001 07:31:00,108,56,76,-8,-90,1
04/18/2001 07:32:00,108,54,73,-9,-91,1
04/18/2001 07:33:00,108,54,68,-8,-96,1
04/18/2001 07:34:00,108,52,66,-8,-98,1
04/18/2001 07:35:00,108,54,62,-7,-100,1
04/18/2001 07:36:00,108,55,62,-6,-101,1
04/18/2001 07:37:00,108,57,60,-5,-102,1
04/18/2001 07:38:00,108,59,58,-4,-102,1
04/18/2001 07:39:00,108,61,59,-4,-102,1
04/18/2001 07:40:00,108,63,59,-2,-100,1
04/18/2001 07:41:00,108,68,63,-1,-100,1
04/18/2001 07:42:00,108,67,65,-1,-101,1
04/18/2001 07:43:00,108,68,65,-1,-103,1
04/18/2001 07:44:00,108,67,66,-1,-103,1
04/18/2001 07:45:00,108,67,66,-1,-105,1
04/18/2001 07:46:00,108,66,66,-1,-107,1
04/18/2001 07:47:00,108,68,65,0,-108,1
04/18/2001 07:48:00,108,67,64,0,-108,1
04/18/2001 07:49:00,108,68,62,-1,-107,1
04/18/2001 07:50:00,108,68,61,-1,-107,1
04/18/2001 07:51:00,108,68,59,-1,-107,1
04/18/2001 07:52:00,108,68,57,-1,-107,1
04/18/2001 07:53:00,108,68,58,-1,-105,1
04/18/2001 07:54:00,108,66,58,-1,-103,1
04/18/2001 07:55:00,108,65,58,-1,-103,1
04/18/2001 07:56:00,108,63,59,-1,-102,1
04/18/2001 07:57:00,108,63,60,-2,-101,1
04/18/2001 07:58:00,108,61,60,-2,-102,1
04/18/2001 07:59:00,108,61,63,-2,-100,1
04/18/2001 08:00:00,108,60,65,-3,-99,1
04/18/2001 08:01:00,108,59,66,-3,-99,1
04/18/2001 08:02:00,108,57,65,-3,-99,1
04/18/2001 08:03:00,108,57,63,-3,-98,1
04/18/2001 08:04:00,108,57,63,-4,-98,1
04/18/2001 08:05:00,108,56,62,-4,-97,1
04/18/2001 08:06:00,108,56,60,-5,-98,1
04/18/2001 08:07:00,108,55,57,-4,-98,1
04/18/2001 08:08:00,108,54,57,-4,-98,1
04/18/2001 08:09:00,108,54,59,-4,-97,1
04/18/2001 08:10:00,108,53,59,-5,-95,1
04/18/2001 08:11:00,108,52,60,-5,-94,1
04/18/2001 08:12:00,108,52,59,-5,-94,1
04/18/2001 08:13:00,108,51,58,-5,-93,1
04/18/2001 08:14:00,108,51,57,-6,-93,1
04/18/2001 08:15:00,108,52,58,-6,-92,1
04/18/2001 08:16:00,108,51,60,-6,-90,1
04/18/2001 08:17:00,108,50,60,-6,-89,1
04/18/2001 08:18:00,108,49,60,-6,-87,1
04/18/2001 08:19:00,108,48,59,-6,-87,1
04/18/2001 08:20:00,108,48,57,-6,-88,1
04/18/2001 08:21:00,108,49,56,-6,-88,1
04/18/2001 08:22:00,108,48,57,-6,-88,1
04/18/2001 08:23:00,108,49,58,-6,-87,1
04/18/2001 08:24:00,108,49,57,-6,-87,1
04/18/2001 08:25:00,108,49,57,-6,-87,1
04/18/2001 08:26:00,108,49,58,-6,-86,1
04/18/2001 08:27:00,108,48,60,-6,-85,1
04/18/2001 08:28:00,108,46,59,-7,-85,1
04/18/2001 08:29:00,108,46,58,-7,-85,1
04/18/2001 08:30:00,108,45,58,-7,-85,1
04/18/2001 08:31:00,108,45,57,-7,-84,1
04/18/2001 08:32:00,108,44,55,-7,-84,1
04/18/2001 08:33:00,108,45,53,-7,-83,1
04/18/2001 08:34:00,108,45,49,-7,-85,1
04/18/2001 08:35:00,108,47,48,-7,-86,1
04/18/2001 08:36:00,108,47,48,-7,-86,1
04/18/2001 08:37:00,108,48,44,-7,-87,1
04/18/2001 08:38:00,108,48,44,-7,-86,1
04/18/2001 08:39:00,108,47,44,-6,-85,1
04/18/2001 08:40:00,108,47,45,-6,-85,1
04/18/2001 08:41:00,108,48,45,-6,-84,1
04/18/2001 08:42:00,108,48,43,-6,-85,1
04/18/2001 08:43:00,108,48,44,-6,-85,1
04/18/2001 08:44:00,108,48,44,-6,-84,1
04/18/2001 08:45:00,108,48,44,-6,-84,1
04/18/2001 08:46:00,108,49,43,-6,-84,1
04/18/2001 08:47:00,108,49,45,-5,-85,1
04/18/2001 08:48:00,108,48,46,-5,-84,1
04/18/2001 08:49:00,108,48,45,-5,-85,1
04/18/2001 08:50:00,108,48,46,-5,-84,1
04/18/2001 08:51:00,108,46,46,-5,-82,1
04/18/2001 08:52:00,108,46,47,-5,-81,1
04/18/2001 08:53:00,108,46,48,-5,-82,1
04/18/2001 08:54:00,108,46,46,-5,-83,1
04/18/2001 08:55:00,108,46,45,-4,-83,1
04/18/2001 08:56:00,108,46,45,-4,-82,1
04/18/2001 08:57:00,108,44,47,-4,-82,1
04/18/2001 08:58:00,108,43,48,-4,-81,1
04/18/2001 08:59:00,108,43,46,-4,-81,1
04/18/2001 09:00:00,108,43,46,-3,-81,1
04/18/2001 09:01:00,108,42,45,-3,-80,1
04/18/2001 09:02:00,108,38,42,-4,-76,1
04/18/2001 09:03:00,108,38,43,-4,-75,1
04/18/2001 09:04:00,108,38,41,-4,-76,1
04/18/2001 09:05:00,108,38,40,-3,-77,1
04/18/2001 09:06:00,108,38,39,-3,-77,1
04/18/2001 09:07:00,108,37,40,-3,-76,1
04/18/2001 09:08:00,108,37,38,-3,-76,1
04/18/2001 09:09:00,108,37,38,-3,-75,1
04/18/2001 09:10:00,108,35,37,-3,-74,1
04/18/2001 09:11:00,108,35,35,-3,-74,1
04/18/2001 09:12:00,108,35,34,-3,-73,1
04/18/2001 09:13:00,108,35,35,-3,-73,1
04/18/2001 09:14:00,108,34,34,-3,-72,1
04/18/2001 09:15:00,108,33,34,-3,-72,1
04/18/2001 09:16:00,108,33,33,-3,-72,1
04/18/2001 09:17:00,108,33,33,-3,-71,1
04/18/2001 09:18:00,108,31,34,-3,-70,1
04/18/2001 09:19:00,108,30,34,-3,-70,1
04/18/2001 09:20:00,108,30,35,-3,-69,1
04/18/2001 09:21:00,108,30,35,-3,-69,1
04/18/2001 09:22:00,108,30,36,-3,-69,1
04/18/2001 09:23:00,108,29,36,-2,-68,1
04/18/2001 09:24:00,108,29,36,-2,-68,1
04/18/2001 09:25:00,108,29,37,-2,-68,1
04/18/2001 09:26:00,108,28,38,-2,-68,1
04/18/2001 09:27:00,108,29,38,-2,-68,1
04/18/2001 09:28:00,108,28,38,-2,-69,1
04/18/2001 09:29:00,108,27,38,-2,-69,1
04/18/2001 09:30:00,108,27,39,-2,-69,1
04/18/2001 09:31:00,108,26,39,-2,-69,1
04/18/2001 09:32:00,108,26,38,-1,-68,1
04/18/2001 09:33:00,108,25,38,-1,-68,1
04/18/2001 09:34:00,108,26,38,-1,-68,1
04/18/2001 09:35:00,108,26,39,-1,-67,1
04/18/2001 09:36:00,108,24,39,-1,-67,1
04/18/2001 09:37:00,108,24,39,-1,-67,1
04/18/2001 09:38:00,108,24,39,0,-67,1
04/18/2001 09:39:00,108,24,39,-1,-67,1
04/18/2001 09:40:00,108,23,39,0,-67,1
04/18/2001 09:41:00,108,23,39,0,-67,1
04/18/2001 09:42:00,108,24,40,0,-68,1
04/18/2001 09:43:00,108,24,40,0,-68,1
04/18/2001 09:44:00,108,24,40,0,-66,1
04/18/2001 09:45:00,108,24,41,0,-66,1
04/18/2001 09:46:00,108,24,41,0,-65,1
04/18/2001 09:47:00,108,24,41,1,-65,1
04/18/2001 09:48:00,108,23,42,1,-65,1
04/18/2001 09:49:00,108,23,42,1,-65,1
04/18/2001 09:50:00,108,23,43,1,-65,1
04/18/2001 09:51:00,108,22,43,1,-65,1
04/18/2001 09:52:00,108,22,43,1,-65,1
04/18/2001 09:53:00,108,23,43,1,-65,1
04/18/2001 09:54:00,108,22,43,1,-64,1
04/18/2001 09:55:00,108,21,44,1,-64,1
04/18/2001 09:56:00,108,23,43,1,-65,1
04/18/2001 09:57:00,108,23,43,1,-66,1
04/18/2001 09:58:00,108,24,43,1,-66,1
04/18/2001 09:59:00,108,23,45,1,-65,1
04/18/2001 10:00:00,108,23,45,1,-64,1
04/18/2001 10:01:00,108,22,45,1,-63,1
04/18/2001 10:02:00,108,21,44,1,-63,1
04/18/2001 10:03:00,108,21,44,1,-63,1
04/18/2001 10:04:00,108,22,45,1,-64,1
04/18/2001 10:05:00,108,23,46,1,-64,1
04/18/2001 10:06:00,108,24,46,2,-64,1
04/18/2001 10:07:00,108,24,45,2,-64,1
04/18/2001 10:08:00,108,24,44,2,-64,1
04/18/2001 10:09:00,108,24,44,2,-64,1
04/18/2001 10:10:00,108,24,44,2,-65,1
04/18/2001 10:11:00,108,24,44,2,-65,1
04/18/2001 10:12:00,108,24,45,2,-64,1
04/18/2001 10:13:00,108,24,44,2,-65,1
04/18/2001 10:14:00,108,24,44,2,-64,1
04/18/2001 10:15:00,108,22,45,2,-63,1
04/18/2001 10:16:00,108,21,44,2,-63,1
04/18/2001 10:17:00,108,22,43,2,-63,1
04/18/2001 10:18:00,108,21,43,2,-63,1
04/18/2001 10:19:00,108,19,43,2,-62,1
04/18/2001 10:20:00,108,21,44,3,-65,1
04/18/2001 10:21:00,108,24,43,3,-68,1
04/18/2001 10:22:00,108,24,42,3,-69,1
04/18/2001 10:23:00,108,24,43,3,-67,1
04/18/2001 10:24:00,108,20,43,2,-63,1
04/18/2001 10:25:00,108,16,43,2,-63,1
04/18/2001 10:26:00,108,19,40,3,-65,1
04/18/2001 10:27:00,108,21,42,3,-66,1
04/18/2001 10:28:00,108,23,42,3,-66,1
04/18/2001 10:29:00,108,21,41,3,-64,1
04/18/2001 10:30:00,108,18,41,3,-63,1
04/18/2001 10:31:00,108,17,40,3,-61,1
04/18/2001 10:32:00,108,14,40,2,-60,1
04/18/2001 10:33:00,108,15,40,2,-61,1
04/18/2001 10:34:00,108,18,40,2,-63,1
04/18/2001 10:35:00,108,21,40,3,-64,1
04/18/2001 10:36:00,108,22,40,3,-63,1
04/18/2001 10:37:00,108,19,40,3,-62,1
04/18/2001 10:38:00,108,18,41,3,-62,1
04/18/2001 10:39:00,108,18,39,3,-62,1
04/18/2001 10:40:00,108,18,39,3,-62,1
04/18/2001 10:41:00,108,19,39,3,-62,1
04/18/2001 10:42:00,108,19,39,3,-61,1
04/18/2001 10:43:00,108,18,39,3,-61,1
04/18/2001 10:44:00,108,18,38,3,-60,1
04/18/2001 10:45:00,108,17,38,3,-60,1
04/18/2001 10:46:00,108,17,39,3,-60,1
04/18/2001 10:47:00,108,18,39,3,-59,1
04/18/2001 10:48:00,108,17,39,3,-57,1
04/18/2001 10:49:00,108,12,38,2,-55,1
04/18/2001 10:50:00,108,10,38,2,-54,1
04/18/2001 10:51:00,108,12,39,2,-54,1
04/18/2001 10:52:00,108,15,38,3,-54,1
04/18/2001 10:53:00,108,16,39,2,-54,1
04/18/2001 10:54:00,108,17,39,3,-54,1
04/18/2001 10:55:00,108,18,40,3,-57,1
04/18/2001 10:56:00,108,20,39,3,-58,1
04/18/2001 10:57:00,108,21,39,3,-59,1
04/18/2001 10:58:00,108,22,40,3,-62,1
04/18/2001 10:59:00,108,25,39,3,-63,1
04/18/2001 11:00:00,108,25,39,3,-63,1
04/18/2001 11:01:00,108,20,39,3,-62,1
04/18/2001 11:02:00,108,16,37,3,-62,1
04/18/2001 11:03:00,108,15,37,3,-62,1
04/18/2001 11:04:00,108,16,37,3,-62,1
04/18/2001 11:05:00,108,17,38,3,-63,1
04/18/2001 11:06:00,108,19,37,3,-63,1
04/18/2001 11:07:00,108,19,37,3,-63,1
04/18/2001 11:08:00,108,18,36,3,-63,1
04/18/2001 11:09:00,108,16,35,3,-63,1
04/18/2001 11:10:00,108,14,35,3,-63,1
04/18/2001 11:11:00,108,13,36,3,-63,1
04/18/2001 11:12:00,108,13,36,3,-64,1
04/18/2001 11:13:00,108,14,36,3,-64,1
04/18/2001 11:14:00,108,14,35,3,-64,1
04/18/2001 11:15:00,108,14,35,3,-64,1
04/18/2001 11:16:00,108,15,35,3,-65,1
04/18/2001 11:17:00,108,15,36,3,-65,1
04/18/2001 11:18:00,108,14,36,3,-65,1
04/18/2001 11:19:00,108,13,36,3,-65,1
04/18/2001 11:20:00,108,11,35,3,-65,1
04/18/2001 11:21:00,108,11,34,3,-65,1
04/18/2001 11:22:00,108,11,33,3,-66,1
04/18/2001 11:23:00,108,11,34,3,-67,1
04/18/2001 11:24:00,108,12,34,3,-67,1
04/18/2001 11:25:00,108,11,33,3,-67,1
04/18/2001 11:26:00,108,9,34,3,-65,1
04/18/2001 11:27:00,108,9,33,2,-65,1
04/18/2001 11:28:00,108,9,32,2,-65,1
04/18/2001 11:29:00,108,8,32,2,-65,1
04/18/2001 11:30:00,108,7,32,2,-66,1
04/18/2001 11:31:00,108,8,33,2,-65,1
04/18/2001 11:32:00,108,8,34,2,-64,1
04/18/2001 11:33:00,108,8,33,2,-64,1
04/18/2001 11:34:00,108,8,32,2,-64,1
04/18/2001 11:35:00,108,8,32,2,-64,1
04/18/2001 11:36:00,108,7,32,2,-64,1
04/18/2001 11:37:00,108,7,32,2,-64,1
04/18/2001 11:38:00,108,7,32,2,-64,1
04/18/2001 11:39:00,108,7,33,2,-64,1
04/18/2001 11:40:00,108,7,33,2,-64,1
04/18/2001 11:41:00,108,7,33,2,-64,1
04/18/2001 11:42:00,108,8,33,2,-64,1
04/18/2001 11:43:00,108,9,33,2,-64,1
04/18/2001 11:44:00,108,9,32,2,-64,1
04/18/2001 11:45:00,108,10,32,2,-65,1
04/18/2001 11:46:00,108,11,33,2,-65,1
04/18/2001 11:47:00,108,11,32,2,-65,1
04/18/2001 11:48:00,108,10,32,2,-65,1
04/18/2001 11:49:00,108,11,32,1,-65,1
04/18/2001 11:50:00,108,10,31,1,-65,1
04/18/2001 11:51:00,108,10,32,1,-65,1
04/18/2001 11:52:00,108,11,31,2,-65,1
04/18/2001 11:53:00,108,12,32,2,-65,1
04/18/2001 11:54:00,108,12,32,2,-65,1
04/18/2001 11:55:00,108,11,31,1,-64,1
04/18/2001 11:56:00,108,10,32,1,-63,1
04/18/2001 11:57:00,108,10,32,1,-63,1
04/18/2001 11:58:00,108,10,31,1,-63,1
04/18/2001 11:59:00,108,10,31,1,-63,1
04/18/2001 12:00:00,108,12,31,2,-63,1
04/18/2001 12:01:00,108,15,32,2,-64,1
04/18/2001 12:02:00,108,15,32,2,-64,1
04/18/2001 12:03:00,108,14,31,2,-64,1
04/18/2001 12:04:00,108,13,30,2,-65,1
04/18/2001 12:05:00,108,13,30,2,-64,1
04/18/2001 12:06:00,108,13,30,2,-63,1
04/18/2001 12:07:00,108,13,30,2,-63,1
04/18/2001 12:08:00,108,13,30,2,-63,1
04/18/2001 12:09:00,108,13,30,2,-63,1
04/18/2001 12:10:00,108,13,29,2,-64,1
04/18/2001 12:11:00,108,13,29,2,-64,1
04/18/2001 12:12:00,108,14,28,2,-65,1
04/18/2001 12:13:00,108,14,28,1,-64,1
04/18/2001 12:14:00,108,13,28,1,-64,1
04/18/2001 12:15:00,108,13,29,1,-63,1
04/18/2001 12:16:00,108,13,30,1,-63,1
04/18/2001 12:17:00,108,12,30,1,-62,1
04/18/2001 12:18:00,108,12,30,1,-62,1
04/18/2001 12:19:00,108,13,30,1,-62,1
04/18/2001 12:20:00,108,13,29,1,-63,1
04/18/2001 12:21:00,108,13,29,1,-63,1
04/18/2001 12:22:00,108,13,29,1,-63,1
04/18/2001 12:23:00,108,13,29,1,-63,1
04/18/2001 12:24:00,108,13,29,1,-63,1
04/18/2001 12:25:00,108,13,29,1,-63,1
04/18/2001 12:26:00,108,13,28,1,-63,1
04/18/2001 12:27:00,108,13,28,1,-63,1
04/18/2001 12:28:00,108,13,28,1,-63,1
04/18/2001 12:29:00,108,13,28,1,-63,1
04/18/2001 12:30:00,108,13,27,1,-63,1
04/18/2001 12:31:00,108,13,27,1,-63,1
04/18/2001 12:32:00,108,13,27,1,-63,1
04/18/2001 12:33:00,108,14,27,1,-63,1
04/18/2001 12:34:00,108,14,27,1,-63,1
04/18/2001 12:35:00,108,14,28,1,-62,1
04/18/2001 12:36:00,108,14,27,1,-62,1
04/18/2001 12:37:00,108,14,27,0,-62,1
04/18/2001 12:38:00,108,13,28,0,-62,1
04/18/2001 12:39:00,108,14,28,0,-62,1
04/18/2001 12:40:00,108,14,28,0,-62,1
04/18/2001 12:41:00,108,14,28,0,-62,1
04/18/2001 12:42:00,108,15,27,0,-62,1
04/18/2001 12:43:00,108,15,27,0,-63,1
04/18/2001 12:44:00,108,15,27,0,-62,1
04/18/2001 12:45:00,108,15,28,0,-63,1
04/18/2001 12:46:00,108,15,28,0,-63,1
04/18/2001 12:47:00,108,15,28,0,-63,1
04/18/2001 12:48:00,108,15,27,0,-63,1
04/18/2001 12:49:00,108,16,27,0,-63,1
04/18/2001 12:50:00,108,16,27,-1,-63,1
04/18/2001 12:51:00,108,16,27,-1,-63,1
04/18/2001 12:52:00,108,17,27,-1,-63,1
04/18/2001 12:53:00,108,17,27,-1,-64,1
04/18/2001 12:54:00,108,17,27,-1,-64,1
04/18/2001 12:55:00,108,19,27,-1,-64,1
04/18/2001 12:56:00,108,20,27,-1,-64,1
04/18/2001 12:57:00,108,20,28,-1,-63,1
04/18/2001 12:58:00,108,20,27,-1,-63,1
04/18/2001 12:59:00,108,19,28,-1,-63,1
04/18/2001 13:00:00,108,19,27,-1,-62,1
04/18/2001 13:01:00,108,20,27,-1,-62,1
04/18/2001 13:02:00,108,20,27,-1,-62,1
04/18/2001 13:03:00,108,20,26,-1,-63,1
04/18/2001 13:04:00,108,20,26,-2,-63,1
04/18/2001 13:05:00,108,20,26,-2,-63,1
04/18/2001 13:06:00,108,20,27,-2,-63,1
04/18/2001 13:07:00,108,21,26,-2,-63,1
04/18/2001 13:08:00,108,21,26,-2,-63,1
04/18/2001 13:09:00,108,21,27,-2,-63,1
04/18/2001 13:10:00,108,21,27,-2,-63,1
04/18/2001 13:11:00,108,20,27,-2,-63,1
04/18/2001 13:12:00,108,19,27,-2,-63,1
04/18/2001 13:13:00,108,20,27,-2,-63,1
04/18/2001 13:14:00,108,20,26,-2,-63,1
04/18/2001 13:15:00,108,21,26,-2,-62,1
04/18/2001 13:16:00,108,22,26,-2,-62,1
04/18/2001 13:17:00,108,23,26,-2,-62,1
04/18/2001 13:18:00,108,23,26,-2,-62,1
04/18/2001 13:19:00,108,23,26,-2,-61,1
04/18/2001 13:20:00,108,23,25,-2,-62,1
04/18/2001 13:21:00,108,22,25,-2,-62,1
04/18/2001 13:22:00,108,23,25,-2,-62,1
04/18/2001 13:23:00,108,22,25,-2,-63,1
04/18/2001 13:24:00,108,23,26,-2,-63,1
04/18/2001 13:25:00,108,24,26,-2,-63,1
04/18/2001 13:26:00,108,24,25,-3,-63,1
04/18/2001 13:27:00,108,25,25,-3,-62,1
04/18/2001 13:28:00,108,24,25,-3,-63,1
04/18/2001 13:29:00,108,25,25,-2,-63,1
04/18/2001 13:30:00,108,25,25,-2,-64,1
04/18/2001 13:31:00,108,25,25,-2,-63,1
04/18/2001 13:32:00,108,26,26,-2,-63,1
04/18/2001 13:33:00,108,26,26,-2,-63,1
04/18/2001 13:34:00,108,26,26,-2,-64,1
04/18/2001 13:35:00,108,26,25,-2,-63,1
04/18/2001 13:36:00,108,26,25,-2,-63,1
04/18/2001 13:37:00,108,26,25,-3,-64,1
04/18/2001 13:38:00,108,26,25,-3,-63,1
04/18/2001 13:39:00,108,27,24,-3,-63,1
04/18/2001 13:40:00,108,27,25,-4,-63,1
04/18/2001 13:41:00,108,28,24,-4,-63,1
04/18/2001 13:42:00,108,28,24,-4,-63,1
04/18/2001 13:43:00,108,28,24,-4,-63,1
04/18/2001 13:44:00,108,27,24,-3,-63,1
04/18/2001 13:45:00,108,27,24,-3,-63,1
04/18/2001 13:46:00,108,28,24,-3,-63,1
04/18/2001 13:47:00,108,28,25,-4,-63,1
04/18/2001 13:48:00,108,29,24,-4,-63,1
04/18/2001 13:49:00,108,29,23,-4,-62,1
04/18/2001 13:50:00,108,28,23,-4,-63,1
04/18/2001 13:51:00,108,29,23,-4,-62,1
04/18/2001 13:52:00,108,29,22,-4,-61,1
04/18/2001 13:53:00,108,29,22,-4,-61,1
04/18/2001 13:54:00,108,29,22,-4,-61,1
04/18/2001 13:55:00,108,29,22,-4,-62,1
04/18/2001 13:56:00,108,30,23,-4,-62,1
04/18/2001 13:57:00,108,29,24,-4,-62,1
04/18/2001 13:58:00,108,30,23,-4,-62,1
04/18/2001 13:59:00,108,29,24,-4,-62,1
04/18/2001 14:00:00,108,30,24,-4,-62,1
04/18/2001 14:01:00,108,29,25,-4,-62,1
04/18/2001 14:02:00,108,29,25,-4,-61,1
04/18/2001 14:03:00,108,28,26,-4,-62,1
04/18/2001 14:04:00,108,28,26,-4,-61,1
04/18/2001 14:05:00,108,28,27,-4,-61,1
04/18/2001 14:06:00,108,28,27,-4,-62,1
04/18/2001 14:07:00,108,29,27,-4,-62,1
04/18/2001 14:08:00,108,29,27,-3,-62,1
04/18/2001 14:09:00,108,28,28,-3,-62,1
04/18/2001 14:10:00,108,29,27,-3,-62,1
04/18/2001 14:11:00,108,28,29,-4,-63,1
04/18/2001 14:12:00,108,29,29,-4,-63,1
04/18/2001 14:13:00,108,29,28,-4,-63,1
04/18/2001 14:14:00,108,30,27,-4,-63,1
04/18/2001 14:15:00,108,29,26,-4,-63,1
04/18/2001 14:16:00,108,30,26,-4,-63,1
04/18/2001 14:17:00,108,30,26,-4,-62,1
04/18/2001 14:18:00,108,30,26,-4,-62,1
04/18/2001 14:19:00,108,30,26,-4,-63,1
04/18/2001 14:20:00,108,30,26,-4,-63,1
04/18/2001 14:21:00,108,30,27,-4,-63,1
04/18/2001 14:22:00,108,30,27,-4,-63,1
04/18/2001 14:23:00,108,30,26,-4,-63,1
04/18/2001 14:24:00,108,30,26,-4,-63,1
04/18/2001 14:25:00,108,30,26,-4,-63,1
04/18/2001 14:26:00,108,30,26,-4,-64,1
04/18/2001 14:27:00,108,30,25,-4,-63,1
04/18/2001 14:28:00,108,29,25,-5,-63,1
04/18/2001 14:29:00,108,30,25,-4,-63,1
04/18/2001 14:30:00,108,30,25,-4,-63,1
04/18/2001 14:31:00,108,30,25,-4,-64,1
04/18/2001 14:32:00,108,30,25,-4,-63,1
04/18/2001 14:33:00,108,30,26,-4,-64,1
04/18/2001 14:34:00,108,30,26,-4,-63,1
04/18/2001 14:35:00,108,30,25,-4,-63,1
04/18/2001 14:36:00,108,30,24,-4,-63,1
04/18/2001 14:37:00,108,30,23,-4,-63,1
04/18/2001 14:38:00,108,31,23,-4,-63,1
04/18/2001 14:39:00,108,31,23,-4,-62,1
04/18/2001 14:40:00,108,31,24,-4,-62,1
04/18/2001 14:41:00,108,30,24,-4,-62,1
04/18/2001 14:42:00,108,31,25,-4,-62,1
04/18/2001 14:43:00,108,31,24,-3,-62,1
04/18/2001 14:44:00,108,31,25,-3,-62,1
04/18/2001 14:45:00,108,31,25,-3,-62,1
04/18/2001 14:46:00,108,31,24,-3,-62,1
04/18/2001 14:47:00,108,31,25,-3,-62,1
04/18/2001 14:48:00,108,30,25,-3,-62,1
04/18/2001 14:49:00,108,31,24,-3,-62,1
04/18/2001 14:50:00,108,31,24,-3,-61,1
04/18/2001 14:51:00,108,30,23,-3,-61,1
04/18/2001 14:52:00,108,30,23,-4,-61,1
04/18/2001 14:53:00,108,30,22,-3,-61,1
04/18/2001 14:54:00,108,30,22,-3,-60,1
04/18/2001 14:55:00,108,31,22,-3,-60,1
04/18/2001 14:56:00,108,31,21,-3,-60,1
04/18/2001 14:57:00,108,31,21,-3,-60,1
04/18/2001 14:58:00,108,30,23,-3,-60,1
04/18/2001 14:59:00,108,30,22,-3,-60,1
04/18/2001 15:00:00,108,30,23,-3,-60,1
04/18/2001 15:01:00,108,30,24,-3,-60,1
04/18/2001 15:02:00,108,30,25,-2,-60,1
04/18/2001 15:03:00,108,29,26,-2,-61,1
04/18/2001 15:04:00,108,30,29,-2,-61,1
04/18/2001 15:05:00,108,30,28,-2,-61,1
04/18/2001 15:06:00,108,30,28,-3,-61,1
04/18/2001 15:07:00,108,30,26,-3,-61,1
04/18/2001 15:08:00,108,29,25,-2,-60,1
04/18/2001 15:09:00,108,30,26,-2,-61,1
04/18/2001 15:10:00,108,30,27,-2,-61,1
04/18/2001 15:11:00,108,29,27,-2,-61,1
04/18/2001 15:12:00,108,29,28,-2,-61,1
04/18/2001 15:13:00,108,29,26,-2,-61,1
04/18/2001 15:14:00,108,29,27,-3,-61,1
04/18/2001 15:15:00,108,29,25,-2,-61,1
04/18/2001 15:16:00,108,30,25,-2,-61,1
04/18/2001 15:17:00,108,29,25,-3,-61,1
04/18/2001 15:18:00,108,29,27,-2,-61,1
04/18/2001 15:19:00,108,29,29,-2,-61,1
04/18/2001 15:20:00,108,29,29,-2,-62,1
04/18/2001 15:21:00,108,29,29,-2,-62,1
04/18/2001 15:22:00,108,29,27,-2,-62,1
04/18/2001 15:23:00,108,29,28,-2,-62,1
04/18/2001 15:24:00,108,29,26,-3,-62,1
04/18/2001 15:25:00,108,29,25,-3,-62,1
04/18/2001 15:26:00,108,28,26,-3,-62,1
04/18/2001 15:27:00,108,28,26,-3,-62,1
04/18/2001 15:28:00,108,28,26,-3,-62,1
04/18/2001 15:29:00,108,27,25,-3,-63,1
04/18/2001 15:30:00,108,27,27,-3,-63,1
04/18/2001 15:31:00,108,27,26,-3,-63,1
04/18/2001 15:32:00,108,26,25,-3,-63,1
04/18/2001 15:33:00,108,26,25,-3,-63,1
04/18/2001 15:34:00,108,25,24,-3,-63,1
04/18/2001 15:35:00,108,26,24,-4,-63,1
04/18/2001 15:36:00,108,26,22,-4,-63,1
04/18/2001 15:37:00,108,26,21,-4,-62,1
04/18/2001 15:38:00,108,26,20,-4,-62,1
04/18/2001 15:39:00,108,25,20,-4,-62,1
04/18/2001 15:40:00,108,26,18,-4,-63,1
04/18/2001 15:41:00,108,25,19,-4,-62,1
04/18/2001 15:42:00,108,24,20,-4,-63,1
04/18/2001 15:43:00,108,25,20,-4,-62,1
04/18/2001 15:44:00,108,24,20,-4,-62,1
04/18/2001 15:45:00,108,26,18,-4,-62,1
04/18/2001 15:46:00,108,26,18,-4,-62,1
04/18/2001 15:47:00,108,26,18,-4,-61,1
04/18/2001 15:48:00,108,26,17,-4,-61,1
04/18/2001 15:49:00,108,25,18,-4,-61,1
04/18/2001 15:50:00,108,25,18,-4,-61,1
04/18/2001 15:51:00,108,27,18,-5,-61,1
04/18/2001 15:52:00,108,26,18,-5,-61,1
04/18/2001 15:53:00,108,27,18,-4,-61,1
04/18/2001 15:54:00,108,26,18,-4,-61,1
04/18/2001 15:55:00,108,27,17,-4,-61,1
04/18/2001 15:56:00,108,26,18,-5,-61,1
04/18/2001 15:57:00,108,26,17,-4,-61,1
04/18/2001 15:58:00,108,27,16,-5,-61,1
04/18/2001 15:59:00,108,27,16,-4,-60,1
04/18/2001 16:00:00,108,26,16,-4,-60,1
04/18/2001 16:01:00,108,27,17,-4,-60,1
04/18/2001 16:02:00,108,26,17,-4,-60,1
04/18/2001 16:03:00,108,26,16,-4,-59,1
04/18/2001 16:04:00,108,25,16,-4,-59,1
04/18/2001 16:05:00,108,24,17,-4,-59,1
04/18/2001 16:06:00,108,25,16,-4,-59,1
04/18/2001 16:07:00,108,25,17,-4,-58,1
04/18/2001 16:08:00,108,25,17,-4,-58,1
04/18/2001 16:09:00,108,25,17,-4,-58,1
04/18/2001 16:10:00,108,25,18,-4,-58,1
04/18/2001 16:11:00,108,23,19,-4,-58,1
04/18/2001 16:12:00,108,25,20,-4,-58,1
04/18/2001 16:13:00,108,25,20,-4,-58,1
04/18/2001 16:14:00,108,26,20,-4,-58,1
04/18/2001 16:15:00,108,27,21,-4,-58,1
04/18/2001 16:16:00,108,27,22,-4,-58,1
04/18/2001 16:17:00,108,26,22,-4,-58,1
04/18/2001 16:18:00,108,26,23,-4,-59,1
04/18/2001 16:19:00,108,25,23,-4,-58,1
04/18/2001 16:20:00,108,27,23,-4,-59,1
04/18/2001 16:21:00,108,28,22,-4,-59,1
04/18/2001 16:22:00,108,29,19,-4,-59,1
04/18/2001 16:23:00,108,32,19,-4,-59,1
04/18/2001 16:24:00,108,31,20,-4,-59,1
04/18/2001 16:25:00,108,30,20,-4,-59,1
04/18/2001 16:26:00,108,28,21,-5,-58,1
04/18/2001 16:27:00,108,27,21,-5,-59,1
04/18/2001 16:28:00,108,28,20,-5,-58,1
04/18/2001 16:29:00,108,28,21,-5,-58,1
04/18/2001 16:30:00,108,28,21,-5,-58,1
04/18/2001 16:31:00,108,30,22,-5,-58,1
04/18/2001 16:32:00,108,29,21,-5,-58,1
04/18/2001 16:33:00,108,29,23,-5,-58,1
04/18/2001 16:34:00,108,30,24,-5,-58,1
04/18/2001 16:35:00,108,30,24,-5,-58,1
04/18/2001 16:36:00,108,30,25,-5,-58,1
04/18/2001 16:37:00,108,30,23,-5,-58,1
04/18/2001 16:38:00,108,31,23,-5,-58,1
04/18/2001 16:39:00,108,31,23,-5,-59,1
04/18/2001 16:40:00,108,30,23,-5,-59,1
04/18/2001 16:41:00,108,29,23,-5,-59,1
04/18/2001 16:42:00,108,29,22,-6,-59,1
04/18/2001 16:43:00,108,28,23,-6,-59,1
04/18/2001 16:44:00,108,28,22,-6,-59,1
04/18/2001 16:45:00,108,28,22,-6,-59,1
04/18/2001 16:46:00,108,28,23,-6,-59,1
04/18/2001 16:47:00,108,29,21,-6,-59,1
04/18/2001 16:48:00,108,29,21,-6,-59,1
04/18/2001 16:49:00,108,29,20,-6,-59,1
04/18/2001 16:50:00,108,29,20,-6,-59,1
04/18/2001 16:51:00,108,29,20,-6,-59,1
04/18/2001 16:52:00,108,29,21,-6,-58,1
04/18/2001 16:53:00,108,28,21,-6,-58,1
04/18/2001 16:54:00,108,28,20,-6,-58,1
04/18/2001 16:55:00,108,28,21,-6,-58,1
04/18/2001 16:56:00,108,29,20,-6,-58,1
04/18/2001 16:57:00,108,30,20,-6,-57,1
04/18/2001 16:58:00,108,30,20,-6,-57,1
04/18/2001 16:59:00,108,28,22,-6,-57,1
04/18/2001 17:00:00,108,28,22,-5,-57,1
04/18/2001 17:01:00,108,28,22,-5,-57,1
04/18/2001 17:02:00,108,28,22,-5,-57,1
04/18/2001 17:03:00,108,29,22,-6,-57,1
04/18/2001 17:04:00,108,30,21,-6,-57,1
04/18/2001 17:05:00,108,31,22,-6,-57,1
04/18/2001 17:06:00,108,30,22,-5,-57,1
04/18/2001 17:07:00,108,31,21,-6,-57,1
04/18/2001 17:08:00,108,31,21,-6,-57,1
04/18/2001 17:09:00,108,31,21,-6,-57,1
04/18/2001 17:10:00,108,32,22,-6,-57,1
04/18/2001 17:11:00,108,32,21,-6,-57,1
04/18/2001 17:12:00,108,31,21,-6,-57,1
04/18/2001 17:13:00,108,31,21,-7,-57,1
04/18/2001 17:14:00,108,31,21,-6,-57,1
04/18/2001 17:15:00,108,32,22,-6,-56,1
04/18/2001 17:16:00,108,31,23,-6,-56,1
04/18/2001 17:17:00,108,31,22,-6,-56,1
04/18/2001 17:18:00,108,31,21,-7,-56,1
04/18/2001 17:19:00,108,31,21,-6,-56,1
04/18/2001 17:20:00,108,31,21,-6,-56,1
04/18/2001 17:21:00,108,32,21,-6,-56,1
04/18/2001 17:22:00,108,31,22,-6,-55,1
04/18/2001 17:23:00,108,31,22,-6,-55,1
04/18/2001 17:24:00,108,30,21,-7,-55,1
04/18/2001 17:25:00,108,31,21,-6,-54,1
04/18/2001 17:26:00,108,31,21,-6,-54,1
04/18/2001 17:27:00,108,31,21,-6,-54,1
04/18/2001 17:28:00,108,31,21,-6,-54,1
04/18/2001 17:29:00,108,29,21,-6,-54,1
04/18/2001 17:30:00,108,29,22,-6,-54,1
04/18/2001 17:31:00,108,29,23,-6,-54,1
04/18/2001 17:32:00,108,29,23,-6,-53,1
04/18/2001 17:33:00,108,29,22,-6,-53,1
04/18/2001 17:34:00,108,29,22,-6,-53,1
04/18/2001 17:35:00,108,29,21,-6,-54,1
04/18/2001 17:36:00,108,29,22,-6,-53,1
04/18/2001 17:37:00,108,28,23,-6,-53,1
04/18/2001 17:38:00,108,29,24,-6,-53,1
04/18/2001 17:39:00,108,28,25,-6,-53,1
04/18/2001 17:40:00,108,27,26,-6,-53,1
04/18/2001 17:41:00,108,27,26,-6,-53,1
04/18/2001 17:42:00,108,27,27,-6,-53,1
04/18/2001 17:43:00,108,28,28,-6,-53,1
04/18/2001 17:44:00,108,28,27,-6,-53,1
04/18/2001 17:45:00,108,29,26,-6,-53,1
04/18/2001 17:46:00,108,29,25,-5,-53,1
04/18/2001 17:47:00,108,30,24,-5,-54,1
04/18/2001 17:48:00,108,29,24,-5,-54,1
04/18/2001 17:49:00,108,29,23,-5,-54,1
04/18/2001 17:50:00,108,28,23,-5,-53,1
04/18/2001 17:51:00,108,29,22,-5,-54,1
04/18/2001 17:52:00,108,29,23,-5,-54,1
04/18/2001 17:53:00,108,29,23,-5,-54,1
04/18/2001 17:54:00,108,29,22,-5,-54,1
04/18/2001 17:55:00,108,28,23,-5,-53,1
04/18/2001 17:56:00,108,28,23,-5,-53,1
04/18/2001 17:57:00,108,28,23,-5,-53,1
04/18/2001 17:58:00,108,28,22,-5,-53,1
04/18/2001 17:59:00,108,28,22,-5,-53,1
04/18/2001 18:00:00,108,28,22,-5,-54,1
04/18/2001 18:01:00,108,27,22,-5,-53,1
04/18/2001 18:02:00,108,27,20,-5,-53,1
04/18/2001 18:03:00,108,27,21,-5,-53,1
04/18/2001 18:04:00,108,27,21,-5,-53,1
04/18/2001 18:05:00,108,27,21,-5,-53,1
04/18/2001 18:06:00,108,26,21,-5,-53,1
04/18/2001 18:07:00,108,27,21,-5,-52,1
04/18/2001 18:08:00,108,27,20,-4,-52,1
04/18/2001 18:09:00,108,27,21,-4,-52,1
04/18/2001 18:10:00,108,27,21,-4,-52,1
04/18/2001 18:11:00,108,27,23,-4,-51,1
04/18/2001 18:12:00,108,28,22,-4,-51,1
04/18/2001 18:13:00,108,28,22,-4,-51,1
04/18/2001 18:14:00,108,28,22,-4,-51,1
04/18/2001 18:15:00,108,28,20,-4,-52,1
04/18/2001 18:16:00,108,29,18,-4,-52,1
04/18/2001 18:17:00,108,29,18,-4,-52,1
04/18/2001 18:18:00,108,28,19,-4,-52,1
04/18/2001 18:19:00,108,28,21,-4,-52,1
04/18/2001 18:20:00,108,29,22,-4,-51,1
04/18/2001 18:21:00,108,29,21,-4,-51,1
04/18/2001 18:22:00,108,28,21,-4,-51,1
04/18/2001 18:23:00,108,28,21,-3,-52,1
04/18/2001 18:24:00,108,27,21,-3,-52,1
04/18/2001 18:25:00,108,28,21,-3,-51,1
04/18/2001 18:26:00,108,28,22,-3,-51,1
04/18/2001 18:27:00,108,28,23,-3,-51,1
04/18/2001 18:28:00,108,28,23,-3,-51,1
04/18/2001 18:29:00,108,28,23,-3,-51,1
04/18/2001 18:30:00,108,28,23,-3,-51,1
04/18/2001 18:31:00,108,28,24,-3,-51,1
04/18/2001 18:32:00,108,29,24,-4,-52,1
04/18/2001 18:33:00,108,27,25,-3,-51,1
04/18/2001 18:34:00,108,28,26,-4,-52,1
04/18/2001 18:35:00,108,27,26,-3,-52,1
04/18/2001 18:36:00,108,26,26,-3,-52,1
04/18/2001 18:37:00,108,26,27,-3,-52,1
04/18/2001 18:38:00,108,26,27,-3,-52,1
04/18/2001 18:39:00,108,28,27,-3,-53,1
04/18/2001 18:40:00,108,28,25,-3,-53,1
04/18/2001 18:41:00,108,29,26,-3,-54,1
04/18/2001 18:42:00,108,29,26,-3,-54,1
04/18/2001 18:43:00,108,30,26,-3,-54,1
04/18/2001 18:44:00,108,30,26,-3,-54,1
04/18/2001 18:45:00,108,29,26,-3,-54,1
04/18/2001 18:46:00,108,31,25,-3,-54,1
04/18/2001 18:47:00,108,31,26,-3,-55,1
04/18/2001 18:48:00,108,31,24,-3,-55,1
04/18/2001 18:49:00,108,31,24,-3,-55,1
04/18/2001 18:50:00,108,32,24,-3,-55,1
04/18/2001 18:51:00,108,32,24,-3,-55,1
04/18/2001 18:52:00,108,31,25,-3,-56,1
04/18/2001 18:53:00,108,31,25,-3,-56,1
04/18/2001 18:54:00,108,31,25,-3,-56,1
04/18/2001 18:55:00,108,31,25,-3,-56,1
04/18/2001 18:56:00,108,31,25,-3,-56,1
04/18/2001 18:57:00,108,32,24,-3,-57,1
04/18/2001 18:58:00,108,32,24,-3,-57,1
04/18/2001 18:59:00,108,31,24,-3,-57,1
04/18/2001 19:00:00,108,31,24,-3,-57,1
04/18/2001 19:01:00,108,33,24,-3,-57,1
04/18/2001 19:02:00,108,33,25,-3,-57,1
04/18/2001 19:03:00,108,32,24,-4,-57,1
04/18/2001 19:04:00,108,31,24,-4,-57,1
04/18/2001 19:05:00,108,31,25,-4,-57,1
04/18/2001 19:06:00,108,30,25,-4,-57,1
04/18/2001 19:07:00,108,31,25,-4,-57,1
04/18/2001 19:08:00,108,31,25,-4,-58,1
04/18/2001 19:09:00,108,30,25,-4,-58,1
04/18/2001 19:10:00,108,30,25,-4,-58,1
04/18/2001 19:11:00,108,29,25,-4,-58,1
04/18/2001 19:12:00,108,27,25,-4,-58,1
04/18/2001 19:13:00,108,27,26,-4,-58,1
04/18/2001 19:14:00,108,26,26,-4,-57,1
04/18/2001 19:15:00,108,26,27,-4,-57,1
04/18/2001 19:16:00,108,26,27,-4,-57,1
04/18/2001 19:17:00,108,26,28,-4,-57,1
04/18/2001 19:18:00,108,26,29,-4,-56,1
04/18/2001 19:19:00,108,25,30,-4,-56,1
04/18/2001 19:20:00,108,25,31,-4,-56,1
04/18/2001 19:21:00,108,25,30,-3,-56,1
04/18/2001 19:22:00,108,25,32,-3,-55,1
04/18/2001 19:23:00,108,25,30,-3,-56,1
04/18/2001 19:24:00,108,24,31,-4,-56,1
04/18/2001 19:25:00,108,24,32,-3,-55,1
04/18/2001 19:26:00,108,24,33,-3,-55,1
04/18/2001 19:27:00,108,24,33,-3,-55,1
04/18/2001 19:28:00,108,23,34,-3,-55,1
04/18/2001 19:29:00,108,23,34,-3,-55,1
04/18/2001 19:30:00,108,21,34,-3,-54,1
04/18/2001 19:31:00,108,20,34,-4,-54,1
04/18/2001 19:32:00,108,20,35,-3,-54,1
04/18/2001 19:33:00,108,21,36,-4,-54,1
04/18/2001 19:34:00,108,21,35,-4,-54,1
04/18/2001 19:35:00,108,19,36,-3,-54,1
04/18/2001 19:36:00,108,19,35,-3,-54,1
04/18/2001 19:37:00,108,19,36,-4,-54,1
04/18/2001 19:38:00,108,19,36,-3,-54,1
04/18/2001 19:39:00,108,19,36,-3,-54,1
04/18/2001 19:40:00,108,19,36,-3,-54,1
04/18/2001 19:41:00,108,19,37,-3,-54,1
04/18/2001 19:42:00,108,19,37,-3,-54,1
04/18/2001 19:43:00,108,19,37,-3,-54,1
04/18/2001 19:44:00,108,19,37,-4,-54,1
04/18/2001 19:45:00,108,18,37,-4,-54,1
04/18/2001 19:46:00,108,18,38,-4,-54,1
04/18/2001 19:47:00,108,18,39,-4,-53,1
04/18/2001 19:48:00,108,18,37,-4,-54,1
04/18/2001 19:49:00,108,18,38,-4,-54,1
04/18/2001 19:50:00,108,17,38,-4,-54,1
04/18/2001 19:51:00,108,17,37,-4,-54,1
04/18/2001 19:52:00,108,17,38,-4,-53,1
04/18/2001 19:53:00,108,19,38,-4,-53,1
04/18/2001 19:54:00,108,17,39,-4,-53,1
04/18/2001 19:55:00,108,18,40,-4,-53,1
04/18/2001 19:56:00,108,18,40,-4,-53,1
04/18/2001 19:57:00,108,18,40,-4,-53,1
04/18/2001 19:58:00,108,18,41,-4,-53,1
04/18/2001 19:59:00,108,18,41,-4,-53,1
04/18/2001 20:00:00,108,18,41,-4,-53,1
04/18/2001 20:01:00,108,19,41,-4,-53,1
04/18/2001 20:02:00,108,20,40,-5,-53,1
04/18/2001 20:03:00,108,20,40,-5,-53,1
04/18/2001 20:04:00,108,20,40,-5,-53,1
04/18/2001 20:05:00,108,19,40,-4,-53,1
04/18/2001 20:06:00,108,19,41,-4,-53,1
04/18/2001 20:07:00,108,19,39,-5,-53,1
04/18/2001 20:08:00,108,20,39,-5,-54,1
04/18/2001 20:09:00,108,20,40,-5,-54,1
04/18/2001 20:10:00,108,20,40,-5,-54,1
04/18/2001 20:11:00,108,20,40,-5,-54,1
04/18/2001 20:12:00,108,18,40,-5,-54,1
04/18/2001 20:13:00,108,18,40,-5,-53,1
04/18/2001 20:14:00,108,18,38,-5,-53,1
04/18/2001 20:15:00,108,18,39,-5,-54,1
04/18/2001 20:16:00,108,18,38,-5,-53,1
04/18/2001 20:17:00,108,20,38,-5,-53,1
04/18/2001 20:18:00,108,19,38,-6,-53,1
04/18/2001 20:19:00,108,18,37,-5,-53,1
04/18/2001 20:20:00,108,19,37,-6,-53,1
04/18/2001 20:21:00,108,18,37,-6,-54,1
04/18/2001 20:22:00,108,18,37,-5,-53,1
04/18/2001 20:23:00,108,18,37,-6,-53,1
04/18/2001 20:24:00,108,18,37,-6,-54,1
04/18/2001 20:25:00,108,18,38,-6,-53,1
04/18/2001 20:26:00,108,18,38,-6,-54,1
04/18/2001 20:27:00,108,18,38,-6,-54,1
04/18/2001 20:28:00,108,18,39,-6,-53,1
04/18/2001 20:29:00,108,18,39,-6,-53,1
04/18/2001 20:30:00,108,18,38,-6,-54,1
04/18/2001 20:31:00,108,18,38,-6,-53,1
04/18/2001 20:32:00,108,18,38,-6,-54,1
04/18/2001 20:33:00,108,17,38,-6,-54,1
04/18/2001 20:34:00,108,17,38,-6,-53,1
04/18/2001 20:35:00,108,17,37,-6,-53,1
04/18/2001 20:36:00,108,18,37,-6,-53,1
04/18/2001 20:37:00,108,18,37,-6,-53,1
04/18/2001 20:38:00,108,17,37,-6,-53,1
04/18/2001 20:39:00,108,17,38,-6,-54,1
04/18/2001 20:40:00,108,17,37,-6,-53,1
04/18/2001 20:41:00,108,17,36,-6,-53,1
04/18/2001 20:42:00,108,17,36,-6,-53,1
04/18/2001 20:43:00,108,17,36,-6,-53,1
04/18/2001 20:44:00,108,17,36,-6,-54,1
04/18/2001 20:45:00,108,17,37,-6,-54,1
04/18/2001 20:46:00,108,17,36,-6,-54,1
04/18/2001 20:47:00,108,18,38,-6,-53,1
04/18/2001 20:48:00,108,17,38,-6,-53,1
04/18/2001 20:49:00,108,17,38,-6,-53,1
04/18/2001 20:50:00,108,17,38,-6,-53,1
04/18/2001 20:51:00,108,17,38,-6,-53,1
04/18/2001 20:52:00,108,17,38,-6,-53,1
04/18/2001 20:53:00,108,18,38,-6,-53,1
04/18/2001 20:54:00,108,17,38,-6,-53,1
04/18/2001 20:55:00,108,17,38,-6,-53,1
04/18/2001 20:56:00,108,17,39,-6,-53,1
04/18/2001 20:57:00,108,17,39,-5,-53,1
04/18/2001 20:58:00,108,18,39,-6,-53,1
04/18/2001 20:59:00,108,18,39,-6,-53,1
04/18/2001 21:00:00,108,17,39,-5,-53,1
04/18/2001 21:01:00,108,17,39,-5,-53,1
04/18/2001 21:02:00,108,17,40,-5,-52,1
04/18/2001 21:03:00,108,16,41,-5,-52,1
04/18/2001 21:04:00,108,16,42,-5,-52,1
04/18/2001 21:05:00,108,16,42,-5,-52,1
04/18/2001 21:06:00,108,16,41,-5,-53,1
04/18/2001 21:07:00,108,16,41,-5,-53,1
04/18/2001 21:08:00,108,17,41,-5,-53,1
04/18/2001 21:09:00,108,17,40,-5,-53,1
04/18/2001 21:10:00,108,17,40,-5,-53,1
04/18/2001 21:11:00,108,17,40,-5,-53,1
04/18/2001 21:12:00,108,16,40,-5,-53,1
04/18/2001 21:13:00,108,16,40,-5,-53,1
04/18/2001 21:14:00,108,16,41,-5,-53,1
04/18/2001 21:15:00,108,16,40,-5,-54,1
04/18/2001 21:16:00,108,18,40,-6,-53,1
04/18/2001 21:17:00,108,17,39,-6,-54,1
04/18/2001 21:18:00,108,17,39,-5,-54,1
04/18/2001 21:19:00,108,16,40,-6,-53,1
04/18/2001 21:20:00,108,17,40,-5,-53,1
04/18/2001 21:21:00,108,17,40,-5,-53,1
04/18/2001 21:22:00,108,17,40,-5,-53,1
04/18/2001 21:23:00,108,17,41,-5,-53,1
04/18/2001 21:24:00,108,17,41,-5,-53,1
04/18/2001 21:25:00,108,17,41,-5,-53,1
04/18/2001 21:26:00,108,17,40,-5,-53,1
04/18/2001 21:27:00,108,16,41,-5,-53,1
04/18/2001 21:28:00,108,16,41,-5,-53,1
04/18/2001 21:29:00,108,16,41,-5,-53,1
04/18/2001 21:30:00,108,17,40,-5,-53,1
04/18/2001 21:31:00,108,17,39,-5,-54,1
04/18/2001 21:32:00,108,17,39,-5,-54,1
04/18/2001 21:33:00,108,17,40,-5,-53,1
04/18/2001 21:34:00,108,16,40,-5,-53,1
04/18/2001 21:35:00,108,16,39,-5,-53,1
04/18/2001 21:36:00,108,16,40,-5,-53,1
04/18/2001 21:37:00,108,16,40,-5,-53,1
04/18/2001 21:38:00,108,16,40,-5,-53,1
04/18/2001 21:39:00,108,17,39,-5,-53,1
04/18/2001 21:40:00,108,17,40,-5,-53,1
04/18/2001 21:41:00,108,16,40,-5,-53,1
04/18/2001 21:42:00,108,16,40,-5,-53,1
04/18/2001 21:43:00,108,16,40,-5,-52,1
04/18/2001 21:44:00,108,16,40,-5,-53,1
04/18/2001 21:45:00,108,16,40,-5,-53,1
04/18/2001 21:46:00,108,16,41,-5,-52,1
04/18/2001 21:47:00,108,16,42,-5,-52,1
04/18/2001 21:48:00,108,16,41,-5,-52,1
04/18/2001 21:49:00,108,16,41,-5,-52,1
04/18/2001 21:50:00,108,16,41,-5,-52,1
04/18/2001 21:51:00,108,16,41,-5,-52,1
04/18/2001 21:52:00,108,16,41,-5,-51,1
04/18/2001 21:53:00,108,15,42,-5,-51,1
04/18/2001 21:54:00,108,16,43,-5,-51,1
04/18/2001 21:55:00,108,16,42,-5,-51,1
04/18/2001 21:56:00,108,16,43,-5,-50,1
04/18/2001 21:57:00,108,16,42,-5,-50,1
04/18/2001 21:58:00,108,16,43,-5,-50,1
04/18/2001 21:59:00,108,16,41,-5,-50,1
04/18/2001 22:00:00,108,16,42,-5,-50,1
04/18/2001 22:01:00,108,16,43,-5,-50,1
04/18/2001 22:02:00,108,16,42,-5,-50,1
04/18/2001 22:03:00,108,16,43,-4,-50,1
04/18/2001 22:04:00,108,16,43,-4,-50,1
04/18/2001 22:05:00,108,16,44,-4,-50,1
04/18/2001 22:06:00,108,16,43,-4,-49,1
04/18/2001 22:07:00,108,16,45,-4,-49,1
04/18/2001 22:08:00,108,16,44,-4,-50,1
04/18/2001 22:09:00,108,16,44,-4,-50,1
04/18/2001 22:10:00,108,16,44,-4,-50,1
04/18/2001 22:11:00,108,16,44,-4,-50,1
04/18/2001 22:12:00,108,16,44,-4,-50,1
04/18/2001 22:13:00,108,16,44,-4,-50,1
04/18/2001 22:14:00,108,16,43,-4,-50,1
04/18/2001 22:15:00,108,16,44,-4,-50,1
04/18/2001 22:16:00,108,16,44,-4,-51,1
04/18/2001 22:17:00,108,16,44,-4,-51,1
04/18/2001 22:18:00,108,16,44,-4,-51,1
04/18/2001 22:19:00,108,16,44,-4,-51,1
04/18/2001 22:20:00,108,18,44,-5,-51,1
04/18/2001 22:21:00,108,18,44,-5,-51,1
04/18/2001 22:22:00,108,18,46,-4,-51,1
04/18/2001 22:23:00,108,16,47,-4,-50,1
04/18/2001 22:24:00,108,16,46,-4,-50,1
04/18/2001 22:25:00,108,16,47,-4,-51,1
04/18/2001 22:26:00,108,16,47,-4,-51,1
04/18/2001 22:27:00,108,16,47,-4,-51,1
04/18/2001 22:28:00,108,17,47,-4,-51,1
04/18/2001 22:29:00,108,16,46,-4,-52,1
04/18/2001 22:30:00,108,16,46,-5,-52,1
04/18/2001 22:31:00,108,16,46,-5,-52,1
04/18/2001 22:32:00,108,17,46,-5,-52,1
04/18/2001 22:33:00,108,17,46,-5,-53,1
04/18/2001 22:34:00,108,17,46,-5,-53,1
04/18/2001 22:35:00,108,18,47,-5,-53,1
04/18/2001 22:36:00,108,18,46,-5,-53,1
04/18/2001 22:37:00,108,18,45,-5,-54,1
04/18/2001 22:38:00,108,18,46,-5,-54,1
04/18/2001 22:39:00,108,18,46,-5,-54,1
04/18/2001 22:40:00,108,19,45,-5,-55,1
04/18/2001 22:41:00,108,19,45,-6,-55,1
04/18/2001 22:42:00,108,18,45,-5,-55,1
04/18/2001 22:43:00,108,19,46,-5,-56,1
04/18/2001 22:44:00,108,20,47,-5,-55,1
04/18/2001 22:45:00,108,20,47,-6,-56,1
04/18/2001 22:46:00,108,21,47,-5,-56,1
04/18/2001 22:47:00,108,20,47,-5,-57,1
04/18/2001 22:48:00,108,20,47,-5,-57,1
04/18/2001 22:49:00,108,19,47,-5,-57,1
04/18/2001 22:50:00,108,19,48,-5,-57,1
04/18/2001 22:51:00,108,19,49,-5,-58,1
04/18/2001 22:52:00,108,19,49,-5,-57,1
04/18/2001 22:53:00,108,21,49,-6,-57,1
04/18/2001 22:54:00,108,20,47,-5,-58,1
04/18/2001 22:55:00,108,20,47,-6,-58,1
04/18/2001 22:56:00,108,21,47,-6,-58,1
04/18/2001 22:57:00,108,21,48,-6,-57,1
04/18/2001 22:58:00,108,21,49,-6,-57,1
04/18/2001 22:59:00,108,22,48,-6,-57,1
04/18/2001 23:00:00,108,22,46,-6,-58,1
04/18/2001 23:01:00,108,21,47,-6,-57,1
04/18/2001 23:02:00,108,21,47,-6,-57,1
04/18/2001 23:03:00,108,21,47,-6,-57,1
04/18/2001 23:04:00,108,21,47,-6,-57,1
04/18/2001 23:05:00,108,21,46,-6,-57,1
04/18/2001 23:06:00,108,20,48,-6,-56,1
04/18/2001 23:07:00,108,21,50,-6,-56,1
04/18/2001 23:08:00,108,21,47,-6,-57,1
04/18/2001 23:09:00,108,21,46,-6,-57,1
04/18/2001 23:10:00,108,20,48,-6,-57,1
04/18/2001 23:11:00,108,20,48,-6,-56,1
04/18/2001 23:12:00,108,20,46,-6,-57,1
04/18/2001 23:13:00,108,20,46,-6,-57,1
04/18/2001 23:14:00,108,20,46,-6,-57,1
04/18/2001 23:15:00,108,19,45,-6,-58,1
04/18/2001 23:16:00,108,20,46,-5,-58,1
04/18/2001 23:17:00,108,21,48,-5,-57,1
04/18/2001 23:18:00,108,22,49,-5,-58,1
04/18/2001 23:19:00,108,22,49,-5,-57,1
04/18/2001 23:20:00,108,22,51,-5,-57,1
04/18/2001 23:21:00,108,22,52,-5,-57,1
04/18/2001 23:22:00,108,23,52,-5,-57,1
04/18/2001 23:23:00,108,22,53,-5,-56,1
04/18/2001 23:24:00,108,22,53,-5,-56,1
04/18/2001 23:25:00,108,22,54,-5,-56,1
04/18/2001 23:26:00,108,22,53,-5,-56,1
04/18/2001 23:27:00,108,22,53,-5,-56,1
04/18/2001 23:28:00,108,22,53,-6,-56,1
04/18/2001 23:29:00,108,22,53,-6,-56,1
04/18/2001 23:30:00,108,22,53,-6,-56,1
04/18/2001 23:31:00,108,22,53,-6,-56,1
04/18/2001 23:32:00,108,21,52,-6,-56,1
04/18/2001 23:33:00,108,22,50,-6,-56,1
04/18/2001 23:34:00,108,22,50,-6,-57,1
04/18/2001 23:35:00,108,23,50,-6,-57,1
04/18/2001 23:36:00,108,24,49,-6,-58,1
04/18/2001 23:37:00,108,24,51,-6,-57,1
04/18/2001 23:38:00,108,24,52,-6,-57,1
04/18/2001 23:39:00,108,24,51,-6,-57,1
04/18/2001 23:40:00,108,23,52,-6,-57,1
04/18/2001 23:41:00,108,22,51,-6,-57,1
04/18/2001 23:42:00,108,23,51,-6,-58,1
04/18/2001 23:43:00,108,23,50,-6,-57,1
04/18/2001 23:44:00,108,23,49,-6,-58,1
04/18/2001 23:45:00,108,24,48,-6,-58,1
04/18/2001 23:46:00,108,23,49,-6,-58,1
04/18/2001 23:47:00,108,22,49,-6,-58,1
04/18/2001 23:48:00,108,21,49,-6,-58,1
04/18/2001 23:49:00,108,23,49,-6,-57,1
04/18/2001 23:50:00,108,22,49,-6,-57,1
04/18/2001 23:51:00,108,21,50,-6,-57,1
04/18/2001 23:52:00,108,20,51,-6,-56,1
04/18/2001 23:53:00,108,19,51,-6,-56,1
04/18/2001 23:54:00,108,20,51,-6,-56,1
04/18/2001 23:55:00,108,21,50,-5,-59,1
04/18/2001 23:56:00,108,24,49,-5,-60,1
04/18/2001 23:57:00,108,24,49,-7,-57,1
04/18/2001 23:58:00,108,22,49,-6,-57,1
04/18/2001 23:59:00,108,21,50,-6,-56,1
