DateTime,DOY,ASY_D,ASY_H,SYM_D,SYM_H,Location
08/29/2004 00:00:00,242,27,7,-1,6,1
08/29/2004 00:01:00,242,27,7,-1,6,1
08/29/2004 00:02:00,242,27,7,-1,6,1
08/29/2004 00:03:00,242,27,7,-1,6,1
08/29/2004 00:04:00,242,27,7,-1,6,1
08/29/2004 00:05:00,242,27,7,-1,6,1
08/29/2004 00:06:00,242,27,7,-1,6,1
08/29/2004 00:07:00,242,27,7,-1,6,1
08/29/2004 00:08:00,242,27,7,-1,6,1
08/29/2004 00:09:00,242,27,7,-1,6,1
08/29/2004 00:10:00,242,27,7,-1,6,1
08/29/2004 00:11:00,242,27,7,-1,6,1
08/29/2004 00:12:00,242,27,7,-1,6,1
08/29/2004 00:13:00,242,28,7,-1,7,1
08/29/2004 00:14:00,242,27,7,-1,7,1
08/29/2004 00:15:00,242,27,7,-1,7,1
08/29/2004 00:16:00,242,26,8,-1,7,1
08/29/2004 00:17:00,242,26,8,-1,7,1
08/29/2004 00:18:00,242,26,8,-1,7,1
08/29/2004 00:19:00,242,26,8,-1,7,1
08/29/2004 00:20:00,242,27,8,-1,7,1
08/29/2004 00:21:00,242,27,8,-1,7,1
08/29/2004 00:22:00,242,27,8,-1,7,1
08/29/2004 00:23:00,242,28,8,-1,8,1
08/29/2004 00:24:00,242,28,8,-1,7,1
08/29/2004 00:25:00,242,28,8,-1,8,1
08/29/2004 00:26:00,242,28,8,-1,8,1
08/29/2004 00:27:00,242,28,8,-1,8,1
08/29/2004 00:28:00,242,29,8,-1,9,1
08/29/2004 00:29:00,242,28,8,-1,9,1
08/29/2004 00:30:00,242,28,8,-1,9,1
08/29/2004 00:31:00,242,28,9,-1,8,1
08/29/2004 00:32:00,242,28,9,-1,8,1
08/29/2004 00:33:00,242,29,9,-1,8,1
08/29/2004 00:34:00,242,29,8,-1,8,1
08/29/2004 00:35:00,242,30,8,-1,8,1
08/29/2004 00:36:00,242,29,8,-1,8,1
08/29/2004 00:37:00,242,30,8,-1,8,1
08/29/2004 00:38:00,242,30,8,-1,8,1
08/29/2004 00:39:00,242,31,8,-1,8,1
08/29/2004 00:40:00,242,31,7,-1,9,1
08/29/2004 00:41:00,242,30,7,-1,9,1
08/29/2004 00:42:00,242,32,7,-1,9,1
08/29/2004 00:43:00,242,32,7,-1,9,1
08/29/2004 00:44:00,242,31,8,-1,10,1
08/29/2004 00:45:00,242,30,9,-1,10,1
08/29/2004 00:46:00,242,30,10,-1,10,1
08/29/2004 00:47:00,242,30,10,-1,10,1
08/29/2004 00:48:00,242,30,9,-1,10,1
08/29/2004 00:49:00,242,30,9,-1,10,1
08/29/2004 00:50:00,242,30,9,-1,10,1
08/29/2004 00:51:00,242,30,9,-1,10,1
08/29/2004 00:52:00,242,30,9,-1,10,1
08/29/2004 00:53:00,242,31,10,-1,10,1
08/29/2004 00:54:00,242,30,10,-1,10,1
08/29/2004 00:55:00,242,31,10,-1,10,1
08/29/2004 00:56:00,242,30,10,-1,10,1
08/29/2004 00:57:00,242,30,10,-1,10,1
08/29/2004 00:58:00,242,31,10,-1,10,1
08/29/2004 00:59:00,242,32,9,-1,9,1
08/29/2004 01:00:00,242,31,9,-1,9,1
08/29/2004 01:01:00,242,32,9,-1,10,1
08/29/2004 01:02:00,242,33,9,-1,10,1
08/29/2004 01:03:00,242,32,9,-1,10,1
08/29/2004 01:04:00,242,34,9,-1,10,1
08/29/2004 01:05:00,242,34,9,-1,10,1
08/29/2004 01:06:00,242,33,9,-1,10,1
08/29/2004 01:07:00,242,34,9,-1,10,1
08/29/2004 01:08:00,242,34,9,-1,10,1
08/29/2004 01:09:00,242,34,9,-1,10,1
08/29/2004 01:10:00,242,34,9,-1,10,1
08/29/2004 01:11:00,242,35,9,-1,11,1
08/29/2004 01:12:00,242,35,9,-2,10,1
08/29/2004 01:13:00,242,35,9,-2,10,1
08/29/2004 01:14:00,242,36,9,-2,10,1
08/29/2004 01:15:00,242,35,9,-2,10,1
08/29/2004 01:16:00,242,35,8,-2,10,1
08/29/2004 01:17:00,242,35,9,-2,10,1
08/29/2004 01:18:00,242,36,9,-2,10,1
08/29/2004 01:19:00,242,36,9,-2,10,1
08/29/2004 01:20:00,242,36,8,-2,10,1
08/29/2004 01:21:00,242,35,8,-2,10,1
08/29/2004 01:22:00,242,36,9,-2,10,1
08/29/2004 01:23:00,242,36,10,-2,10,1
08/29/2004 01:24:00,242,36,10,-2,10,1
08/29/2004 01:25:00,242,36,9,-2,10,1
08/29/2004 01:26:00,242,35,9,-2,10,1
08/29/2004 01:27:00,242,36,10,-2,10,1
08/29/2004 01:28:00,242,35,10,-2,10,1
08/29/2004 01:29:00,242,36,10,-2,10,1
08/29/2004 01:30:00,242,36,11,-2,10,1
08/29/2004 01:31:00,242,35,11,-2,10,1
08/29/2004 01:32:00,242,34,11,-2,11,1
08/29/2004 01:33:00,242,34,11,-2,11,1
08/29/2004 01:34:00,242,33,11,-2,11,1
08/29/2004 01:35:00,242,33,13,-2,11,1
08/29/2004 01:36:00,242,33,13,-2,11,1
08/29/2004 01:37:00,242,32,13,-2,11,1
08/29/2004 01:38:00,242,32,12,-1,11,1
08/29/2004 01:39:00,242,31,12,-1,11,1
08/29/2004 01:40:00,242,31,13,-1,11,1
08/29/2004 01:41:00,242,31,13,-1,11,1
08/29/2004 01:42:00,242,31,13,-1,12,1
08/29/2004 01:43:00,242,30,14,-1,11,1
08/29/2004 01:44:00,242,30,14,-1,11,1
08/29/2004 01:45:00,242,30,14,-1,12,1
08/29/2004 01:46:00,242,30,14,-1,12,1
08/29/2004 01:47:00,242,29,15,-1,12,1
08/29/2004 01:48:00,242,29,15,-1,12,1
08/29/2004 01:49:00,242,29,15,-1,11,1
08/29/2004 01:50:00,242,29,14,-1,11,1
08/29/2004 01:51:00,242,28,14,-1,11,1
08/29/2004 01:52:00,242,28,14,-1,11,1
08/29/2004 01:53:00,242,28,15,-1,11,1
08/29/2004 01:54:00,242,27,15,-1,11,1
08/29/2004 01:55:00,242,27,13,-1,11,1
08/29/2004 01:56:00,242,28,14,-1,11,1
08/29/2004 01:57:00,242,28,14,-1,11,1
08/29/2004 01:58:00,242,28,15,-1,11,1
08/29/2004 01:59:00,242,28,15,-1,11,1
08/29/2004 02:00:00,242,26,16,-1,11,1
08/29/2004 02:01:00,242,26,15,-1,11,1
08/29/2004 02:02:00,242,26,15,-1,11,1
08/29/2004 02:03:00,242,26,15,-1,11,1
08/29/2004 02:04:00,242,25,16,-1,10,1
08/29/2004 02:05:00,242,25,16,-1,11,1
08/29/2004 02:06:00,242,25,15,-1,10,1
08/29/2004 02:07:00,242,24,15,-1,10,1
08/29/2004 02:08:00,242,24,14,-1,10,1
08/29/2004 02:09:00,242,23,15,-1,10,1
08/29/2004 02:10:00,242,23,15,-1,9,1
08/29/2004 02:11:00,242,23,14,-1,9,1
08/29/2004 02:12:00,242,22,14,-1,9,1
08/29/2004 02:13:00,242,22,14,-1,9,1
08/29/2004 02:14:00,242,21,15,-1,9,1
08/29/2004 02:15:00,242,21,15,-1,9,1
08/29/2004 02:16:00,242,21,14,-1,9,1
08/29/2004 02:17:00,242,22,14,-1,9,1
08/29/2004 02:18:00,242,21,15,-1,9,1
08/29/2004 02:19:00,242,21,15,-1,8,1
08/29/2004 02:20:00,242,20,14,-1,8,1
08/29/2004 02:21:00,242,20,15,-1,8,1
08/29/2004 02:22:00,242,19,14,-1,7,1
08/29/2004 02:23:00,242,20,14,0,7,1
08/29/2004 02:24:00,242,20,14,0,7,1
08/29/2004 02:25:00,242,20,14,0,7,1
08/29/2004 02:26:00,242,20,14,0,7,1
08/29/2004 02:27:00,242,22,14,1,6,1
08/29/2004 02:28:00,242,21,14,0,6,1
08/29/2004 02:29:00,242,23,14,0,6,1
08/29/2004 02:30:00,242,22,14,0,6,1
08/29/2004 02:31:00,242,23,13,0,5,1
08/29/2004 02:32:00,242,23,13,1,5,1
08/29/2004 02:33:00,242,22,13,1,5,1
08/29/2004 02:34:00,242,22,15,1,5,1
08/29/2004 02:35:00,242,23,14,1,5,1
08/29/2004 02:36:00,242,22,14,1,5,1
08/29/2004 02:37:00,242,23,15,0,4,1
08/29/2004 02:38:00,242,23,15,0,5,1
08/29/2004 02:39:00,242,23,15,0,4,1
08/29/2004 02:40:00,242,22,15,0,4,1
08/29/2004 02:41:00,242,22,16,0,4,1
08/29/2004 02:42:00,242,22,15,1,4,1
08/29/2004 02:43:00,242,22,16,1,4,1
08/29/2004 02:44:00,242,21,16,1,4,1
08/29/2004 02:45:00,242,21,17,0,4,1
08/29/2004 02:46:00,242,22,17,1,4,1
08/29/2004 02:47:00,242,22,17,1,4,1
08/29/2004 02:48:00,242,22,17,1,4,1
08/29/2004 02:49:00,242,23,19,1,4,1
08/29/2004 02:50:00,242,23,18,1,4,1
08/29/2004 02:51:00,242,23,19,1,4,1
08/29/2004 02:52:00,242,24,19,2,4,1
08/29/2004 02:53:00,242,24,20,2,4,1
08/29/2004 02:54:00,242,23,19,2,4,1
08/29/2004 02:55:00,242,24,19,2,4,1
08/29/2004 02:56:00,242,24,19,2,4,1
08/29/2004 02:57:00,242,25,20,2,4,1
08/29/2004 02:58:00,242,24,20,2,3,1
08/29/2004 02:59:00,242,25,20,2,3,1
08/29/2004 03:00:00,242,24,20,2,4,1
08/29/2004 03:01:00,242,24,19,2,4,1
08/29/2004 03:02:00,242,24,19,2,4,1
08/29/2004 03:03:00,242,24,19,2,4,1
08/29/2004 03:04:00,242,24,19,2,4,1
08/29/2004 03:05:00,242,24,19,2,4,1
08/29/2004 03:06:00,242,24,19,2,4,1
08/29/2004 03:07:00,242,25,19,2,4,1
08/29/2004 03:08:00,242,25,20,2,4,1
08/29/2004 03:09:00,242,25,20,2,4,1
08/29/2004 03:10:00,242,25,20,2,4,1
08/29/2004 03:11:00,242,24,20,2,4,1
08/29/2004 03:12:00,242,24,20,2,3,1
08/29/2004 03:13:00,242,24,20,2,4,1
08/29/2004 03:14:00,242,24,19,2,4,1
08/29/2004 03:15:00,242,24,20,2,4,1
08/29/2004 03:16:00,242,23,20,2,4,1
08/29/2004 03:17:00,242,22,20,2,3,1
08/29/2004 03:18:00,242,22,19,2,4,1
08/29/2004 03:19:00,242,22,20,2,3,1
08/29/2004 03:20:00,242,23,19,2,4,1
08/29/2004 03:21:00,242,23,19,2,4,1
08/29/2004 03:22:00,242,23,19,2,4,1
08/29/2004 03:23:00,242,22,19,2,3,1
08/29/2004 03:24:00,242,22,19,2,3,1
08/29/2004 03:25:00,242,22,19,2,3,1
08/29/2004 03:26:00,242,22,19,2,3,1
08/29/2004 03:27:00,242,20,19,2,3,1
08/29/2004 03:28:00,242,20,19,2,3,1
08/29/2004 03:29:00,242,20,19,2,3,1
08/29/2004 03:30:00,242,20,19,2,3,1
08/29/2004 03:31:00,242,20,19,2,3,1
08/29/2004 03:32:00,242,19,19,2,3,1
08/29/2004 03:33:00,242,20,19,2,4,1
08/29/2004 03:34:00,242,21,18,2,4,1
08/29/2004 03:35:00,242,20,18,2,4,1
08/29/2004 03:36:00,242,20,19,2,4,1
08/29/2004 03:37:00,242,19,18,2,3,1
08/29/2004 03:38:00,242,20,19,1,3,1
08/29/2004 03:39:00,242,19,20,2,3,1
08/29/2004 03:40:00,242,19,20,2,3,1
08/29/2004 03:41:00,242,20,20,1,4,1
08/29/2004 03:42:00,242,19,20,1,3,1
08/29/2004 03:43:00,242,19,20,1,3,1
08/29/2004 03:44:00,242,19,19,1,3,1
08/29/2004 03:45:00,242,19,19,1,3,1
08/29/2004 03:46:00,242,18,19,1,3,1
08/29/2004 03:47:00,242,18,18,0,4,1
08/29/2004 03:48:00,242,18,18,0,3,1
08/29/2004 03:49:00,242,17,18,0,4,1
08/29/2004 03:50:00,242,17,18,0,4,1
08/29/2004 03:51:00,242,17,18,0,4,1
08/29/2004 03:52:00,242,16,17,0,4,1
08/29/2004 03:53:00,242,16,17,-1,4,1
08/29/2004 03:54:00,242,16,18,-1,5,1
08/29/2004 03:55:00,242,15,18,-1,5,1
08/29/2004 03:56:00,242,14,16,-1,5,1
08/29/2004 03:57:00,242,14,16,-1,5,1
08/29/2004 03:58:00,242,14,17,-1,6,1
08/29/2004 03:59:00,242,13,16,-1,5,1
08/29/2004 04:00:00,242,14,17,-1,6,1
08/29/2004 04:01:00,242,13,16,-1,5,1
08/29/2004 04:02:00,242,13,16,-1,5,1
08/29/2004 04:03:00,242,13,16,-2,5,1
08/29/2004 04:04:00,242,13,18,-2,5,1
08/29/2004 04:05:00,242,13,17,-2,5,1
08/29/2004 04:06:00,242,13,17,-2,5,1
08/29/2004 04:07:00,242,12,16,-2,5,1
08/29/2004 04:08:00,242,13,16,-2,4,1
08/29/2004 04:09:00,242,13,16,-2,4,1
08/29/2004 04:10:00,242,12,15,-2,4,1
08/29/2004 04:11:00,242,13,16,-2,4,1
08/29/2004 04:12:00,242,13,16,-2,4,1
08/29/2004 04:13:00,242,13,17,-2,4,1
08/29/2004 04:14:00,242,12,15,-2,4,1
08/29/2004 04:15:00,242,12,15,-2,4,1
08/29/2004 04:16:00,242,10,15,-2,4,1
08/29/2004 04:17:00,242,9,14,-2,4,1
08/29/2004 04:18:00,242,10,13,-2,4,1
08/29/2004 04:19:00,242,9,13,-2,4,1
08/29/2004 04:20:00,242,10,14,-2,4,1
08/29/2004 04:21:00,242,11,14,-2,4,1
08/29/2004 04:22:00,242,11,14,-2,4,1
08/29/2004 04:23:00,242,11,15,-2,4,1
08/29/2004 04:24:00,242,12,14,-2,4,1
08/29/2004 04:25:00,242,12,14,-2,4,1
08/29/2004 04:26:00,242,12,13,-2,4,1
08/29/2004 04:27:00,242,12,13,-2,5,1
08/29/2004 04:28:00,242,12,13,-2,5,1
08/29/2004 04:29:00,242,12,13,-2,6,1
08/29/2004 04:30:00,242,12,12,-2,5,1
08/29/2004 04:31:00,242,12,12,-2,5,1
08/29/2004 04:32:00,242,10,12,-2,5,1
08/29/2004 04:33:00,242,12,13,-2,5,1
08/29/2004 04:34:00,242,12,13,-2,6,1
08/29/2004 04:35:00,242,12,13,-2,5,1
08/29/2004 04:36:00,242,13,13,-2,5,1
08/29/2004 04:37:00,242,13,13,-2,5,1
08/29/2004 04:38:00,242,14,13,-2,6,1
08/29/2004 04:39:00,242,13,14,-2,6,1
08/29/2004 04:40:00,242,14,13,-2,6,1
08/29/2004 04:41:00,242,13,13,-2,6,1
08/29/2004 04:42:00,242,13,13,-1,6,1
08/29/2004 04:43:00,242,14,14,-1,6,1
08/29/2004 04:44:00,242,14,14,-1,6,1
08/29/2004 04:45:00,242,14,14,-2,6,1
08/29/2004 04:46:00,242,14,14,-1,6,1
08/29/2004 04:47:00,242,16,15,-1,5,1
08/29/2004 04:48:00,242,15,14,-1,6,1
08/29/2004 04:49:00,242,15,15,-1,6,1
08/29/2004 04:50:00,242,15,15,-1,6,1
08/29/2004 04:51:00,242,15,14,-1,6,1
08/29/2004 04:52:00,242,15,14,-1,7,1
08/29/2004 04:53:00,242,15,14,-1,7,1
08/29/2004 04:54:00,242,15,14,-1,6,1
08/29/2004 04:55:00,242,15,14,-1,6,1
08/29/2004 04:56:00,242,15,14,-1,6,1
08/29/2004 04:57:00,242,16,14,-1,6,1
08/29/2004 04:58:00,242,15,13,-1,6,1
08/29/2004 04:59:00,242,15,13,-1,7,1
08/29/2004 05:00:00,242,15,13,-1,7,1
08/29/2004 05:01:00,242,16,13,-1,7,1
08/29/2004 05:02:00,242,15,15,-1,6,1
08/29/2004 05:03:00,242,15,15,-1,6,1
08/29/2004 05:04:00,242,15,15,-1,7,1
08/29/2004 05:05:00,242,16,15,-1,7,1
08/29/2004 05:06:00,242,16,15,-1,7,1
08/29/2004 05:07:00,242,18,14,-1,6,1
08/29/2004 05:08:00,242,17,14,-1,6,1
08/29/2004 05:09:00,242,17,13,-1,6,1
08/29/2004 05:10:00,242,17,13,-1,6,1
08/29/2004 05:11:00,242,17,13,-1,6,1
08/29/2004 05:12:00,242,17,15,0,6,1
08/29/2004 05:13:00,242,17,15,0,6,1
08/29/2004 05:14:00,242,17,14,0,5,1
08/29/2004 05:15:00,242,18,14,0,5,1
08/29/2004 05:16:00,242,18,14,0,5,1
08/29/2004 05:17:00,242,19,14,0,5,1
08/29/2004 05:18:00,242,19,14,0,5,1
08/29/2004 05:19:00,242,19,15,0,5,1
08/29/2004 05:20:00,242,19,15,0,5,1
08/29/2004 05:21:00,242,20,14,0,5,1
08/29/2004 05:22:00,242,20,14,0,5,1
08/29/2004 05:23:00,242,20,14,0,5,1
08/29/2004 05:24:00,242,20,14,0,5,1
08/29/2004 05:25:00,242,21,14,1,5,1
08/29/2004 05:26:00,242,21,13,1,5,1
08/29/2004 05:27:00,242,22,13,1,5,1
08/29/2004 05:28:00,242,21,13,1,5,1
08/29/2004 05:29:00,242,21,13,1,5,1
08/29/2004 05:30:00,242,22,13,1,5,1
08/29/2004 05:31:00,242,22,12,1,5,1
08/29/2004 05:32:00,242,22,13,1,5,1
08/29/2004 05:33:00,242,22,12,1,5,1
08/29/2004 05:34:00,242,22,12,1,5,1
08/29/2004 05:35:00,242,22,13,1,5,1
08/29/2004 05:36:00,242,22,12,1,5,1
08/29/2004 05:37:00,242,22,12,1,5,1
08/29/2004 05:38:00,242,23,12,2,5,1
08/29/2004 05:39:00,242,22,12,2,5,1
08/29/2004 05:40:00,242,22,12,2,6,1
08/29/2004 05:41:00,242,23,11,2,6,1
08/29/2004 05:42:00,242,23,10,2,6,1
08/29/2004 05:43:00,242,23,10,2,6,1
08/29/2004 05:44:00,242,23,11,2,6,1
08/29/2004 05:45:00,242,22,11,2,6,1
08/29/2004 05:46:00,242,22,11,2,6,1
08/29/2004 05:47:00,242,22,11,2,6,1
08/29/2004 05:48:00,242,22,11,2,6,1
08/29/2004 05:49:00,242,22,11,2,6,1
08/29/2004 05:50:00,242,22,11,2,7,1
08/29/2004 05:51:00,242,22,11,2,7,1
08/29/2004 05:52:00,242,22,10,2,6,1
08/29/2004 05:53:00,242,22,10,2,6,1
08/29/2004 05:54:00,242,22,10,2,6,1
08/29/2004 05:55:00,242,22,10,2,6,1
08/29/2004 05:56:00,242,22,9,2,6,1
08/29/2004 05:57:00,242,22,9,2,6,1
08/29/2004 05:58:00,242,22,10,2,6,1
08/29/2004 05:59:00,242,22,10,2,6,1
08/29/2004 06:00:00,242,22,10,2,6,1
08/29/2004 06:01:00,242,21,10,2,6,1
08/29/2004 06:02:00,242,22,10,2,6,1
08/29/2004 06:03:00,242,22,10,2,6,1
08/29/2004 06:04:00,242,22,9,2,6,1
08/29/2004 06:05:00,242,22,8,2,6,1
08/29/2004 06:06:00,242,22,8,2,6,1
08/29/2004 06:07:00,242,22,9,2,6,1
08/29/2004 06:08:00,242,22,8,2,6,1
08/29/2004 06:09:00,242,22,8,2,6,1
08/29/2004 06:10:00,242,22,8,2,6,1
08/29/2004 06:11:00,242,22,8,2,6,1
08/29/2004 06:12:00,242,22,8,2,6,1
08/29/2004 06:13:00,242,21,8,2,6,1
08/29/2004 06:14:00,242,21,8,2,6,1
08/29/2004 06:15:00,242,21,8,2,6,1
08/29/2004 06:16:00,242,22,7,2,6,1
08/29/2004 06:17:00,242,21,8,2,6,1
08/29/2004 06:18:00,242,21,8,2,6,1
08/29/2004 06:19:00,242,21,8,2,6,1
08/29/2004 06:20:00,242,21,7,2,6,1
08/29/2004 06:21:00,242,21,7,2,6,1
08/29/2004 06:22:00,242,21,7,2,6,1
08/29/2004 06:23:00,242,21,6,2,6,1
08/29/2004 06:24:00,242,21,7,2,6,1
08/29/2004 06:25:00,242,21,7,2,6,1
08/29/2004 06:26:00,242,21,7,2,6,1
08/29/2004 06:27:00,242,20,7,2,6,1
08/29/2004 06:28:00,242,21,7,2,6,1
08/29/2004 06:29:00,242,21,7,2,6,1
08/29/2004 06:30:00,242,21,7,2,6,1
08/29/2004 06:31:00,242,21,8,2,6,1
08/29/2004 06:32:00,242,21,8,2,6,1
08/29/2004 06:33:00,242,21,7,2,6,1
08/29/2004 06:34:00,242,21,7,2,6,1
08/29/2004 06:35:00,242,21,7,2,6,1
08/29/2004 06:36:00,242,21,7,2,6,1
08/29/2004 06:37:00,242,21,7,2,6,1
08/29/2004 06:38:00,242,21,6,2,6,1
08/29/2004 06:39:00,242,22,5,2,6,1
08/29/2004 06:40:00,242,21,6,2,6,1
08/29/2004 06:41:00,242,21,6,2,6,1
08/29/2004 06:42:00,242,22,6,1,6,1
08/29/2004 06:43:00,242,22,6,2,5,1
08/29/2004 06:44:00,242,22,6,2,5,1
08/29/2004 06:45:00,242,22,7,2,5,1
08/29/2004 06:46:00,242,22,7,1,5,1
08/29/2004 06:47:00,242,22,7,1,5,1
08/29/2004 06:48:00,242,22,6,1,5,1
08/29/2004 06:49:00,242,22,6,1,5,1
08/29/2004 06:50:00,242,22,6,1,5,1
08/29/2004 06:51:00,242,22,6,1,5,1
08/29/2004 06:52:00,242,21,6,1,5,1
08/29/2004 06:53:00,242,22,6,1,5,1
08/29/2004 06:54:00,242,22,5,1,5,1
08/29/2004 06:55:00,242,22,5,1,5,1
08/29/2004 06:56:00,242,23,6,1,6,1
08/29/2004 06:57:00,242,23,7,1,5,1
08/29/2004 06:58:00,242,23,7,1,5,1
08/29/2004 06:59:00,242,23,7,1,5,1
08/29/2004 07:00:00,242,23,7,1,5,1
08/29/2004 07:01:00,242,23,7,1,5,1
08/29/2004 07:02:00,242,23,7,1,5,1
08/29/2004 07:03:00,242,23,8,1,5,1
08/29/2004 07:04:00,242,23,7,1,5,1
08/29/2004 07:05:00,242,23,8,1,5,1
08/29/2004 07:06:00,242,24,7,1,5,1
08/29/2004 07:07:00,242,24,7,1,5,1
08/29/2004 07:08:00,242,24,8,1,5,1
08/29/2004 07:09:00,242,24,7,1,5,1
08/29/2004 07:10:00,242,24,8,1,5,1
08/29/2004 07:11:00,242,24,8,0,5,1
08/29/2004 07:12:00,242,24,8,0,5,1
08/29/2004 07:13:00,242,24,8,0,5,1
08/29/2004 07:14:00,242,24,7,0,6,1
08/29/2004 07:15:00,242,24,8,0,6,1
08/29/2004 07:16:00,242,24,9,0,6,1
08/29/2004 07:17:00,242,24,9,0,6,1
08/29/2004 07:18:00,242,25,10,0,6,1
08/29/2004 07:19:00,242,25,10,0,5,1
08/29/2004 07:20:00,242,24,8,0,5,1
08/29/2004 07:21:00,242,24,8,0,5,1
08/29/2004 07:22:00,242,24,8,0,5,1
08/29/2004 07:23:00,242,24,9,0,5,1
08/29/2004 07:24:00,242,25,10,0,5,1
08/29/2004 07:25:00,242,25,10,0,5,1
08/29/2004 07:26:00,242,25,10,0,5,1
08/29/2004 07:27:00,242,25,10,0,5,1
08/29/2004 07:28:00,242,24,9,-1,5,1
08/29/2004 07:29:00,242,25,8,0,5,1
08/29/2004 07:30:00,242,25,9,0,5,1
08/29/2004 07:31:00,242,25,9,0,6,1
08/29/2004 07:32:00,242,24,9,-1,6,1
08/29/2004 07:33:00,242,24,8,-1,6,1
08/29/2004 07:34:00,242,24,8,-1,6,1
08/29/2004 07:35:00,242,24,8,-1,6,1
08/29/2004 07:36:00,242,25,8,-1,6,1
08/29/2004 07:37:00,242,25,8,-1,6,1
08/29/2004 07:38:00,242,25,8,-1,6,1
08/29/2004 07:39:00,242,26,9,-1,6,1
08/29/2004 07:40:00,242,26,10,-1,5,1
08/29/2004 07:41:00,242,26,10,-1,5,1
08/29/2004 07:42:00,242,25,10,-1,5,1
08/29/2004 07:43:00,242,24,8,-1,5,1
08/29/2004 07:44:00,242,24,7,-1,5,1
08/29/2004 07:45:00,242,24,8,-1,6,1
08/29/2004 07:46:00,242,25,8,-1,6,1
08/29/2004 07:47:00,242,25,8,-1,6,1
08/29/2004 07:48:00,242,25,8,-1,6,1
08/29/2004 07:49:00,242,25,8,-1,6,1
08/29/2004 07:50:00,242,25,8,-1,6,1
08/29/2004 07:51:00,242,24,8,-1,6,1
08/29/2004 07:52:00,242,24,8,-1,6,1
08/29/2004 07:53:00,242,24,8,-1,6,1
08/29/2004 07:54:00,242,24,8,-1,6,1
08/29/2004 07:55:00,242,24,8,-1,6,1
08/29/2004 07:56:00,242,24,7,-1,6,1
08/29/2004 07:57:00,242,23,7,-1,6,1
08/29/2004 07:58:00,242,23,7,-1,6,1
08/29/2004 07:59:00,242,24,7,-1,6,1
08/29/2004 08:00:00,242,24,8,-1,7,1
08/29/2004 08:01:00,242,23,7,-1,7,1
08/29/2004 08:02:00,242,24,7,-2,7,1
08/29/2004 08:03:00,242,23,8,-2,7,1
08/29/2004 08:04:00,242,23,8,-2,7,1
08/29/2004 08:05:00,242,23,8,-2,7,1
08/29/2004 08:06:00,242,23,7,-2,7,1
08/29/2004 08:07:00,242,23,7,-2,7,1
08/29/2004 08:08:00,242,23,7,-2,7,1
08/29/2004 08:09:00,242,21,8,-2,7,1
08/29/2004 08:10:00,242,21,8,-2,7,1
08/29/2004 08:11:00,242,21,8,-2,7,1
08/29/2004 08:12:00,242,21,9,-2,7,1
08/29/2004 08:13:00,242,21,9,-2,7,1
08/29/2004 08:14:00,242,21,8,-2,7,1
08/29/2004 08:15:00,242,21,8,-2,7,1
08/29/2004 08:16:00,242,20,9,-2,7,1
08/29/2004 08:17:00,242,20,9,-2,8,1
08/29/2004 08:18:00,242,21,9,-2,8,1
08/29/2004 08:19:00,242,21,10,-2,8,1
08/29/2004 08:20:00,242,21,10,-2,8,1
08/29/2004 08:21:00,242,21,9,-1,8,1
08/29/2004 08:22:00,242,21,9,-2,8,1
08/29/2004 08:23:00,242,21,10,-2,8,1
08/29/2004 08:24:00,242,21,10,-2,8,1
08/29/2004 08:25:00,242,20,10,-1,8,1
08/29/2004 08:26:00,242,20,10,-1,8,1
08/29/2004 08:27:00,242,20,10,-2,8,1
08/29/2004 08:28:00,242,20,10,-2,8,1
08/29/2004 08:29:00,242,20,11,-2,8,1
08/29/2004 08:30:00,242,19,11,-2,8,1
08/29/2004 08:31:00,242,19,11,-2,8,1
08/29/2004 08:32:00,242,19,11,-2,8,1
08/29/2004 08:33:00,242,18,12,-2,8,1
08/29/2004 08:34:00,242,19,12,-2,8,1
08/29/2004 08:35:00,242,19,12,-2,8,1
08/29/2004 08:36:00,242,18,13,-2,8,1
08/29/2004 08:37:00,242,18,13,-2,8,1
08/29/2004 08:38:00,242,18,13,-2,8,1
08/29/2004 08:39:00,242,18,13,-2,8,1
08/29/2004 08:40:00,242,18,13,-2,8,1
08/29/2004 08:41:00,242,18,13,-2,8,1
08/29/2004 08:42:00,242,18,13,-2,8,1
08/29/2004 08:43:00,242,18,13,-2,8,1
08/29/2004 08:44:00,242,17,14,-2,9,1
08/29/2004 08:45:00,242,17,14,-2,9,1
08/29/2004 08:46:00,242,18,14,-2,9,1
08/29/2004 08:47:00,242,17,14,-2,8,1
08/29/2004 08:48:00,242,17,14,-2,8,1
08/29/2004 08:49:00,242,17,14,-2,8,1
08/29/2004 08:50:00,242,16,15,-1,9,1
08/29/2004 08:51:00,242,16,15,-1,9,1
08/29/2004 08:52:00,242,16,15,-2,9,1
08/29/2004 08:53:00,242,16,15,-2,9,1
08/29/2004 08:54:00,242,15,15,-1,9,1
08/29/2004 08:55:00,242,15,14,-1,9,1
08/29/2004 08:56:00,242,15,15,-2,10,1
08/29/2004 08:57:00,242,15,15,-2,10,1
08/29/2004 08:58:00,242,15,15,-2,10,1
08/29/2004 08:59:00,242,15,15,-2,10,1
08/29/2004 09:00:00,242,15,15,-2,10,1
08/29/2004 09:01:00,242,15,15,-2,10,1
08/29/2004 09:02:00,242,14,15,-2,10,1
08/29/2004 09:03:00,242,15,15,-1,10,1
08/29/2004 09:04:00,242,15,15,-1,10,1
08/29/2004 09:05:00,242,14,16,-1,10,1
08/29/2004 09:06:00,242,14,16,-1,9,1
08/29/2004 09:07:00,242,13,16,-1,9,1
08/29/2004 09:08:00,242,13,16,-1,9,1
08/29/2004 09:09:00,242,13,16,-1,9,1
08/29/2004 09:10:00,242,13,16,-1,9,1
08/29/2004 09:11:00,242,13,16,-1,10,1
08/29/2004 09:12:00,242,13,16,-1,10,1
08/29/2004 09:13:00,242,12,16,-1,10,1
08/29/2004 09:14:00,242,13,16,-1,10,1
08/29/2004 09:15:00,242,12,16,-1,10,1
08/29/2004 09:16:00,242,12,16,-1,10,1
08/29/2004 09:17:00,242,12,16,-1,10,1
08/29/2004 09:18:00,242,12,16,-1,10,1
08/29/2004 09:19:00,242,11,16,-1,10,1
08/29/2004 09:20:00,242,12,16,-1,10,1
08/29/2004 09:21:00,242,12,16,-1,10,1
08/29/2004 09:22:00,242,12,16,-1,10,1
08/29/2004 09:23:00,242,11,15,-1,10,1
08/29/2004 09:24:00,242,11,15,-1,10,1
08/29/2004 09:25:00,242,11,14,-1,10,1
08/29/2004 09:26:00,242,11,15,-1,10,1
08/29/2004 09:27:00,242,11,15,-1,10,1
08/29/2004 09:28:00,242,11,15,-1,10,1
08/29/2004 09:29:00,242,11,14,-1,10,1
08/29/2004 09:30:00,242,11,14,-1,10,1
08/29/2004 09:31:00,242,11,14,-1,10,1
08/29/2004 09:32:00,242,11,14,-1,9,1
08/29/2004 09:33:00,242,10,14,-1,9,1
08/29/2004 09:34:00,242,10,13,-1,9,1
08/29/2004 09:35:00,242,10,14,-1,8,1
08/29/2004 09:36:00,242,10,14,-1,8,1
08/29/2004 09:37:00,242,11,14,-1,8,1
08/29/2004 09:38:00,242,10,14,-1,8,1
08/29/2004 09:39:00,242,11,13,-1,9,1
08/29/2004 09:40:00,242,10,13,-1,9,1
08/29/2004 09:41:00,242,10,13,-1,9,1
08/29/2004 09:42:00,242,11,13,-1,9,1
08/29/2004 09:43:00,242,11,13,-1,9,1
08/29/2004 09:44:00,242,10,13,-1,9,1
08/29/2004 09:45:00,242,11,13,-1,10,1
08/29/2004 09:46:00,242,11,12,-1,10,1
08/29/2004 09:47:00,242,11,12,-1,10,1
08/29/2004 09:48:00,242,10,12,-1,11,1
08/29/2004 09:49:00,242,10,12,-1,11,1
08/29/2004 09:50:00,242,11,11,-1,11,1
08/29/2004 09:51:00,242,10,11,-1,11,1
08/29/2004 09:52:00,242,10,11,-1,11,1
08/29/2004 09:53:00,242,11,11,-1,11,1
08/29/2004 09:54:00,242,10,11,-1,11,1
08/29/2004 09:55:00,242,10,10,-1,11,1
08/29/2004 09:56:00,242,10,10,-1,11,1
08/29/2004 09:57:00,242,10,11,-1,11,1
08/29/2004 09:58:00,242,10,11,-1,11,1
08/29/2004 09:59:00,242,10,11,-1,10,1
08/29/2004 10:00:00,242,10,10,-1,10,1
08/29/2004 10:01:00,242,10,11,-1,11,1
08/29/2004 10:02:00,242,11,10,-1,11,1
08/29/2004 10:03:00,242,10,10,-1,11,1
08/29/2004 10:04:00,242,10,10,0,11,1
08/29/2004 10:05:00,242,10,12,0,11,1
08/29/2004 10:06:00,242,10,15,-1,14,1
08/29/2004 10:07:00,242,11,14,-1,19,1
08/29/2004 10:08:00,242,11,13,-1,22,1
08/29/2004 10:09:00,242,10,13,-1,24,1
08/29/2004 10:10:00,242,10,12,-1,24,1
08/29/2004 10:11:00,242,9,12,-1,24,1
08/29/2004 10:12:00,242,9,12,-1,24,1
08/29/2004 10:13:00,242,10,9,-1,24,1
08/29/2004 10:14:00,242,11,10,-1,24,1
08/29/2004 10:15:00,242,11,10,-1,25,1
08/29/2004 10:16:00,242,10,11,-1,25,1
08/29/2004 10:17:00,242,11,11,-1,24,1
08/29/2004 10:18:00,242,11,10,-1,23,1
08/29/2004 10:19:00,242,11,10,0,23,1
08/29/2004 10:20:00,242,11,11,0,22,1
08/29/2004 10:21:00,242,11,10,0,22,1
08/29/2004 10:22:00,242,11,11,0,22,1
08/29/2004 10:23:00,242,11,10,0,22,1
08/29/2004 10:24:00,242,11,11,0,23,1
08/29/2004 10:25:00,242,11,12,0,23,1
08/29/2004 10:26:00,242,11,11,0,23,1
08/29/2004 10:27:00,242,11,11,0,23,1
08/29/2004 10:28:00,242,12,11,0,23,1
08/29/2004 10:29:00,242,12,12,0,23,1
08/29/2004 10:30:00,242,11,12,0,23,1
08/29/2004 10:31:00,242,11,12,0,22,1
08/29/2004 10:32:00,242,11,12,0,23,1
08/29/2004 10:33:00,242,11,11,0,23,1
08/29/2004 10:34:00,242,11,11,0,23,1
08/29/2004 10:35:00,242,10,11,0,23,1
08/29/2004 10:36:00,242,11,12,0,23,1
08/29/2004 10:37:00,242,11,11,0,23,1
08/29/2004 10:38:00,242,11,11,0,23,1
08/29/2004 10:39:00,242,11,12,0,23,1
08/29/2004 10:40:00,242,10,12,0,23,1
08/29/2004 10:41:00,242,10,11,0,22,1
08/29/2004 10:42:00,242,10,11,0,23,1
08/29/2004 10:43:00,242,11,11,0,23,1
08/29/2004 10:44:00,242,11,11,0,23,1
08/29/2004 10:45:00,242,10,12,0,23,1
08/29/2004 10:46:00,242,11,12,0,23,1
08/29/2004 10:47:00,242,11,12,0,23,1
08/29/2004 10:48:00,242,11,11,0,23,1
08/29/2004 10:49:00,242,11,11,0,23,1
08/29/2004 10:50:00,242,11,11,0,23,1
08/29/2004 10:51:00,242,11,11,0,23,1
08/29/2004 10:52:00,242,12,10,1,23,1
08/29/2004 10:53:00,242,11,10,0,23,1
08/29/2004 10:54:00,242,11,11,0,23,1
08/29/2004 10:55:00,242,11,11,0,23,1
08/29/2004 10:56:00,242,11,10,1,23,1
08/29/2004 10:57:00,242,11,10,0,23,1
08/29/2004 10:58:00,242,11,10,0,23,1
08/29/2004 10:59:00,242,11,11,0,23,1
08/29/2004 11:00:00,242,12,11,1,23,1
08/29/2004 11:01:00,242,12,11,0,23,1
08/29/2004 11:02:00,242,11,10,1,23,1
08/29/2004 11:03:00,242,11,11,1,22,1
08/29/2004 11:04:00,242,11,12,1,22,1
08/29/2004 11:05:00,242,11,11,1,22,1
08/29/2004 11:06:00,242,11,11,1,22,1
08/29/2004 11:07:00,242,11,11,1,22,1
08/29/2004 11:08:00,242,11,12,1,22,1
08/29/2004 11:09:00,242,11,11,1,22,1
08/29/2004 11:10:00,242,11,12,1,22,1
08/29/2004 11:11:00,242,11,10,1,22,1
08/29/2004 11:12:00,242,11,10,1,22,1
08/29/2004 11:13:00,242,11,12,1,22,1
08/29/2004 11:14:00,242,11,12,1,22,1
08/29/2004 11:15:00,242,12,12,1,22,1
08/29/2004 11:16:00,242,12,12,1,22,1
08/29/2004 11:17:00,242,12,13,1,22,1
08/29/2004 11:18:00,242,11,12,1,23,1
08/29/2004 11:19:00,242,12,12,1,23,1
08/29/2004 11:20:00,242,11,13,1,23,1
08/29/2004 11:21:00,242,11,13,1,22,1
08/29/2004 11:22:00,242,11,14,1,22,1
08/29/2004 11:23:00,242,11,14,1,22,1
08/29/2004 11:24:00,242,11,14,1,22,1
08/29/2004 11:25:00,242,11,14,1,22,1
08/29/2004 11:26:00,242,11,14,1,22,1
08/29/2004 11:27:00,242,11,13,1,22,1
08/29/2004 11:28:00,242,11,13,1,22,1
08/29/2004 11:29:00,242,11,14,1,22,1
08/29/2004 11:30:00,242,12,14,1,22,1
08/29/2004 11:31:00,242,11,13,1,21,1
08/29/2004 11:32:00,242,11,14,1,21,1
08/29/2004 11:33:00,242,11,14,1,21,1
08/29/2004 11:34:00,242,11,13,1,20,1
08/29/2004 11:35:00,242,11,14,1,21,1
08/29/2004 11:36:00,242,11,14,1,21,1
08/29/2004 11:37:00,242,11,14,1,21,1
08/29/2004 11:38:00,242,11,15,1,21,1
08/29/2004 11:39:00,242,11,15,1,21,1
08/29/2004 11:40:00,242,10,15,1,21,1
08/29/2004 11:41:00,242,10,15,1,21,1
08/29/2004 11:42:00,242,11,16,1,21,1
08/29/2004 11:43:00,242,11,15,1,21,1
08/29/2004 11:44:00,242,10,16,1,20,1
08/29/2004 11:45:00,242,10,15,1,19,1
08/29/2004 11:46:00,242,10,16,1,19,1
08/29/2004 11:47:00,242,10,14,1,19,1
08/29/2004 11:48:00,242,10,15,1,18,1
08/29/2004 11:49:00,242,10,15,1,18,1
08/29/2004 11:50:00,242,10,15,1,18,1
08/29/2004 11:51:00,242,10,14,1,18,1
08/29/2004 11:52:00,242,10,15,1,18,1
08/29/2004 11:53:00,242,10,15,1,18,1
08/29/2004 11:54:00,242,10,14,1,19,1
08/29/2004 11:55:00,242,10,15,1,20,1
08/29/2004 11:56:00,242,11,18,1,21,1
08/29/2004 11:57:00,242,12,17,1,21,1
08/29/2004 11:58:00,242,12,17,1,21,1
08/29/2004 11:59:00,242,11,18,1,20,1
08/29/2004 12:00:00,242,11,18,1,20,1
08/29/2004 12:01:00,242,9,17,2,20,1
08/29/2004 12:02:00,242,9,17,1,20,1
08/29/2004 12:03:00,242,9,17,1,20,1
08/29/2004 12:04:00,242,9,18,1,20,1
08/29/2004 12:05:00,242,9,17,1,20,1
08/29/2004 12:06:00,242,9,18,1,21,1
08/29/2004 12:07:00,242,9,16,1,20,1
08/29/2004 12:08:00,242,9,16,1,20,1
08/29/2004 12:09:00,242,8,15,1,19,1
08/29/2004 12:10:00,242,8,16,1,19,1
08/29/2004 12:11:00,242,9,16,1,19,1
08/29/2004 12:12:00,242,8,15,1,19,1
08/29/2004 12:13:00,242,8,15,1,19,1
08/29/2004 12:14:00,242,8,15,1,19,1
08/29/2004 12:15:00,242,9,16,1,19,1
08/29/2004 12:16:00,242,9,15,1,18,1
08/29/2004 12:17:00,242,8,13,1,18,1
08/29/2004 12:18:00,242,8,14,1,18,1
08/29/2004 12:19:00,242,8,14,1,18,1
08/29/2004 12:20:00,242,8,14,1,17,1
08/29/2004 12:21:00,242,8,14,1,18,1
08/29/2004 12:22:00,242,7,13,1,18,1
08/29/2004 12:23:00,242,8,14,1,18,1
08/29/2004 12:24:00,242,8,13,1,19,1
08/29/2004 12:25:00,242,8,15,1,19,1
08/29/2004 12:26:00,242,8,15,1,19,1
08/29/2004 12:27:00,242,8,15,1,19,1
08/29/2004 12:28:00,242,7,15,1,18,1
08/29/2004 12:29:00,242,7,15,1,19,1
08/29/2004 12:30:00,242,7,15,1,18,1
08/29/2004 12:31:00,242,7,15,1,19,1
08/29/2004 12:32:00,242,7,15,1,19,1
08/29/2004 12:33:00,242,7,15,1,19,1
08/29/2004 12:34:00,242,7,15,1,19,1
08/29/2004 12:35:00,242,7,15,1,20,1
08/29/2004 12:36:00,242,7,15,1,20,1
08/29/2004 12:37:00,242,7,15,1,20,1
08/29/2004 12:38:00,242,7,15,1,20,1
08/29/2004 12:39:00,242,7,15,1,20,1
08/29/2004 12:40:00,242,7,15,1,20,1
08/29/2004 12:41:00,242,6,15,0,20,1
08/29/2004 12:42:00,242,6,14,0,21,1
08/29/2004 12:43:00,242,6,15,0,21,1
08/29/2004 12:44:00,242,6,15,0,21,1
08/29/2004 12:45:00,242,6,15,0,21,1
08/29/2004 12:46:00,242,6,16,0,21,1
08/29/2004 12:47:00,242,6,14,0,21,1
08/29/2004 12:48:00,242,6,15,0,21,1
08/29/2004 12:49:00,242,6,15,0,21,1
08/29/2004 12:50:00,242,6,15,0,21,1
08/29/2004 12:51:00,242,6,14,0,22,1
08/29/2004 12:52:00,242,6,15,0,22,1
08/29/2004 12:53:00,242,6,16,0,23,1
08/29/2004 12:54:00,242,7,15,0,23,1
08/29/2004 12:55:00,242,8,16,0,23,1
08/29/2004 12:56:00,242,8,17,0,23,1
08/29/2004 12:57:00,242,8,17,0,22,1
08/29/2004 12:58:00,242,8,15,0,22,1
08/29/2004 12:59:00,242,8,15,0,22,1
08/29/2004 13:00:00,242,8,15,0,23,1
08/29/2004 13:01:00,242,8,15,0,23,1
08/29/2004 13:02:00,242,9,17,0,23,1
08/29/2004 13:03:00,242,9,17,0,24,1
08/29/2004 13:04:00,242,10,17,0,24,1
08/29/2004 13:05:00,242,10,18,0,24,1
08/29/2004 13:06:00,242,10,17,0,23,1
08/29/2004 13:07:00,242,9,17,0,23,1
08/29/2004 13:08:00,242,10,17,0,23,1
08/29/2004 13:09:00,242,10,17,0,23,1
08/29/2004 13:10:00,242,10,17,0,24,1
08/29/2004 13:11:00,242,11,18,0,25,1
08/29/2004 13:12:00,242,12,17,0,25,1
08/29/2004 13:13:00,242,13,19,0,26,1
08/29/2004 13:14:00,242,13,19,0,26,1
08/29/2004 13:15:00,242,13,20,1,26,1
08/29/2004 13:16:00,242,14,20,1,26,1
08/29/2004 13:17:00,242,13,20,0,25,1
08/29/2004 13:18:00,242,13,21,0,25,1
08/29/2004 13:19:00,242,13,21,1,24,1
08/29/2004 13:20:00,242,12,20,1,24,1
08/29/2004 13:21:00,242,12,20,1,24,1
08/29/2004 13:22:00,242,12,20,1,23,1
08/29/2004 13:23:00,242,12,21,1,23,1
08/29/2004 13:24:00,242,12,21,1,23,1
08/29/2004 13:25:00,242,12,21,1,23,1
08/29/2004 13:26:00,242,12,20,1,23,1
08/29/2004 13:27:00,242,12,22,1,24,1
08/29/2004 13:28:00,242,11,22,1,24,1
08/29/2004 13:29:00,242,11,23,1,23,1
08/29/2004 13:30:00,242,11,22,1,24,1
08/29/2004 13:31:00,242,11,22,1,24,1
08/29/2004 13:32:00,242,11,23,1,23,1
08/29/2004 13:33:00,242,11,22,1,24,1
08/29/2004 13:34:00,242,11,23,1,24,1
08/29/2004 13:35:00,242,12,24,1,24,1
08/29/2004 13:36:00,242,11,24,2,25,1
08/29/2004 13:37:00,242,11,24,2,25,1
08/29/2004 13:38:00,242,12,24,1,24,1
08/29/2004 13:39:00,242,12,25,2,24,1
08/29/2004 13:40:00,242,11,23,2,23,1
08/29/2004 13:41:00,242,11,23,2,22,1
08/29/2004 13:42:00,242,10,23,2,21,1
08/29/2004 13:43:00,242,9,23,1,21,1
08/29/2004 13:44:00,242,8,22,2,21,1
08/29/2004 13:45:00,242,8,22,2,21,1
08/29/2004 13:46:00,242,8,23,2,21,1
08/29/2004 13:47:00,242,8,23,2,22,1
08/29/2004 13:48:00,242,7,23,2,22,1
08/29/2004 13:49:00,242,7,21,2,22,1
08/29/2004 13:50:00,242,7,21,2,22,1
08/29/2004 13:51:00,242,6,21,2,22,1
08/29/2004 13:52:00,242,6,21,2,22,1
08/29/2004 13:53:00,242,6,20,2,22,1
08/29/2004 13:54:00,242,6,20,1,22,1
08/29/2004 13:55:00,242,7,20,1,22,1
08/29/2004 13:56:00,242,7,20,1,22,1
08/29/2004 13:57:00,242,7,20,1,22,1
08/29/2004 13:58:00,242,7,19,1,21,1
08/29/2004 13:59:00,242,7,18,1,22,1
08/29/2004 14:00:00,242,9,18,1,21,1
08/29/2004 14:01:00,242,8,18,1,21,1
08/29/2004 14:02:00,242,8,17,1,20,1
08/29/2004 14:03:00,242,8,16,1,18,1
08/29/2004 14:04:00,242,7,14,1,17,1
08/29/2004 14:05:00,242,7,14,1,17,1
08/29/2004 14:06:00,242,6,16,1,16,1
08/29/2004 14:07:00,242,5,16,1,16,1
08/29/2004 14:08:00,242,4,16,1,15,1
08/29/2004 14:09:00,242,4,15,1,15,1
08/29/2004 14:10:00,242,5,14,1,15,1
08/29/2004 14:11:00,242,6,14,1,16,1
08/29/2004 14:12:00,242,6,14,1,16,1
08/29/2004 14:13:00,242,6,14,1,16,1
08/29/2004 14:14:00,242,4,14,1,16,1
08/29/2004 14:15:00,242,4,14,1,17,1
08/29/2004 14:16:00,242,4,15,1,17,1
08/29/2004 14:17:00,242,6,13,1,16,1
08/29/2004 14:18:00,242,6,13,1,16,1
08/29/2004 14:19:00,242,7,13,1,16,1
08/29/2004 14:20:00,242,7,14,1,16,1
08/29/2004 14:21:00,242,7,14,1,17,1
08/29/2004 14:22:00,242,7,13,1,16,1
08/29/2004 14:23:00,242,7,13,1,17,1
08/29/2004 14:24:00,242,8,13,1,17,1
08/29/2004 14:25:00,242,7,13,1,18,1
08/29/2004 14:26:00,242,8,13,1,18,1
08/29/2004 14:27:00,242,9,13,1,19,1
08/29/2004 14:28:00,242,8,13,1,19,1
08/29/2004 14:29:00,242,8,13,1,18,1
08/29/2004 14:30:00,242,8,13,1,18,1
08/29/2004 14:31:00,242,8,13,1,18,1
08/29/2004 14:32:00,242,9,13,1,18,1
08/29/2004 14:33:00,242,8,13,1,18,1
08/29/2004 14:34:00,242,8,12,1,18,1
08/29/2004 14:35:00,242,9,12,1,18,1
08/29/2004 14:36:00,242,9,12,1,18,1
08/29/2004 14:37:00,242,9,13,0,19,1
08/29/2004 14:38:00,242,9,14,1,18,1
08/29/2004 14:39:00,242,9,13,1,18,1
08/29/2004 14:40:00,242,9,13,1,19,1
08/29/2004 14:41:00,242,9,13,0,18,1
08/29/2004 14:42:00,242,9,13,0,19,1
08/29/2004 14:43:00,242,9,13,0,19,1
08/29/2004 14:44:00,242,9,12,0,19,1
08/29/2004 14:45:00,242,8,12,1,19,1
08/29/2004 14:46:00,242,8,13,1,19,1
08/29/2004 14:47:00,242,8,14,1,19,1
08/29/2004 14:48:00,242,9,13,0,18,1
08/29/2004 14:49:00,242,9,13,0,18,1
08/29/2004 14:50:00,242,10,13,0,18,1
08/29/2004 14:51:00,242,10,13,0,19,1
08/29/2004 14:52:00,242,10,14,1,18,1
08/29/2004 14:53:00,242,10,13,0,18,1
08/29/2004 14:54:00,242,10,13,1,18,1
08/29/2004 14:55:00,242,10,13,0,19,1
08/29/2004 14:56:00,242,10,13,1,19,1
08/29/2004 14:57:00,242,9,13,1,19,1
08/29/2004 14:58:00,242,9,13,1,19,1
08/29/2004 14:59:00,242,9,14,1,20,1
08/29/2004 15:00:00,242,9,14,1,20,1
08/29/2004 15:01:00,242,9,14,1,20,1
08/29/2004 15:02:00,242,9,14,1,20,1
08/29/2004 15:03:00,242,9,14,1,20,1
08/29/2004 15:04:00,242,9,14,1,20,1
08/29/2004 15:05:00,242,10,14,1,20,1
08/29/2004 15:06:00,242,9,14,1,20,1
08/29/2004 15:07:00,242,10,13,1,20,1
08/29/2004 15:08:00,242,9,12,1,22,1
08/29/2004 15:09:00,242,8,12,1,24,1
08/29/2004 15:10:00,242,7,14,1,25,1
08/29/2004 15:11:00,242,7,15,1,25,1
08/29/2004 15:12:00,242,6,14,1,26,1
08/29/2004 15:13:00,242,6,14,1,26,1
08/29/2004 15:14:00,242,6,14,1,25,1
08/29/2004 15:15:00,242,7,14,1,25,1
08/29/2004 15:16:00,242,7,14,1,25,1
08/29/2004 15:17:00,242,7,14,1,25,1
08/29/2004 15:18:00,242,7,13,1,26,1
08/29/2004 15:19:00,242,6,13,1,25,1
08/29/2004 15:20:00,242,6,13,1,25,1
08/29/2004 15:21:00,242,7,13,1,26,1
08/29/2004 15:22:00,242,7,12,1,26,1
08/29/2004 15:23:00,242,6,13,1,26,1
08/29/2004 15:24:00,242,6,12,1,25,1
08/29/2004 15:25:00,242,6,13,1,26,1
08/29/2004 15:26:00,242,8,13,1,26,1
08/29/2004 15:27:00,242,9,12,1,25,1
08/29/2004 15:28:00,242,9,12,1,25,1
08/29/2004 15:29:00,242,9,12,1,25,1
08/29/2004 15:30:00,242,10,13,1,25,1
08/29/2004 15:31:00,242,9,12,1,25,1
08/29/2004 15:32:00,242,9,12,0,24,1
08/29/2004 15:33:00,242,10,14,0,24,1
08/29/2004 15:34:00,242,9,15,0,24,1
08/29/2004 15:35:00,242,9,15,0,23,1
08/29/2004 15:36:00,242,11,16,0,24,1
08/29/2004 15:37:00,242,11,14,0,24,1
08/29/2004 15:38:00,242,11,14,0,24,1
08/29/2004 15:39:00,242,12,13,0,24,1
08/29/2004 15:40:00,242,12,12,0,24,1
08/29/2004 15:41:00,242,12,12,0,24,1
08/29/2004 15:42:00,242,12,14,0,24,1
08/29/2004 15:43:00,242,13,13,0,25,1
08/29/2004 15:44:00,242,13,13,0,25,1
08/29/2004 15:45:00,242,13,13,0,25,1
08/29/2004 15:46:00,242,13,14,0,26,1
08/29/2004 15:47:00,242,13,15,0,26,1
08/29/2004 15:48:00,242,12,14,-1,25,1
08/29/2004 15:49:00,242,12,16,-1,25,1
08/29/2004 15:50:00,242,11,16,-1,25,1
08/29/2004 15:51:00,242,11,17,-1,26,1
08/29/2004 15:52:00,242,12,17,0,25,1
08/29/2004 15:53:00,242,12,17,-1,25,1
08/29/2004 15:54:00,242,12,17,-1,25,1
08/29/2004 15:55:00,242,13,17,-1,24,1
08/29/2004 15:56:00,242,13,18,-1,25,1
08/29/2004 15:57:00,242,12,17,-1,25,1
08/29/2004 15:58:00,242,12,18,-1,25,1
08/29/2004 15:59:00,242,12,18,-1,26,1
08/29/2004 16:00:00,242,12,19,-1,25,1
08/29/2004 16:01:00,242,12,19,-1,25,1
08/29/2004 16:02:00,242,12,19,-1,25,1
08/29/2004 16:03:00,242,12,20,-1,26,1
08/29/2004 16:04:00,242,12,20,-1,26,1
08/29/2004 16:05:00,242,13,18,-1,25,1
08/29/2004 16:06:00,242,13,19,-1,26,1
08/29/2004 16:07:00,242,13,20,-1,26,1
08/29/2004 16:08:00,242,13,20,-1,26,1
08/29/2004 16:09:00,242,13,20,-1,26,1
08/29/2004 16:10:00,242,14,20,-1,26,1
08/29/2004 16:11:00,242,13,20,-2,26,1
08/29/2004 16:12:00,242,13,21,-1,25,1
08/29/2004 16:13:00,242,13,21,-1,25,1
08/29/2004 16:14:00,242,14,22,-2,25,1
08/29/2004 16:15:00,242,13,21,-2,25,1
08/29/2004 16:16:00,242,14,21,-2,25,1
08/29/2004 16:17:00,242,14,22,-2,25,1
08/29/2004 16:18:00,242,14,23,-2,24,1
08/29/2004 16:19:00,242,14,23,-2,24,1
08/29/2004 16:20:00,242,15,22,-1,24,1
08/29/2004 16:21:00,242,15,23,-2,24,1
08/29/2004 16:22:00,242,15,23,-1,24,1
08/29/2004 16:23:00,242,15,23,-1,24,1
08/29/2004 16:24:00,242,15,22,-2,24,1
08/29/2004 16:25:00,242,16,23,-2,23,1
08/29/2004 16:26:00,242,15,23,-2,24,1
08/29/2004 16:27:00,242,16,23,-2,24,1
08/29/2004 16:28:00,242,16,23,-2,23,1
08/29/2004 16:29:00,242,15,23,-1,23,1
08/29/2004 16:30:00,242,15,24,-1,23,1
08/29/2004 16:31:00,242,15,24,-1,23,1
08/29/2004 16:32:00,242,15,24,-1,23,1
08/29/2004 16:33:00,242,15,23,-1,23,1
08/29/2004 16:34:00,242,16,23,-1,24,1
08/29/2004 16:35:00,242,15,23,-1,24,1
08/29/2004 16:36:00,242,15,23,-1,24,1
08/29/2004 16:37:00,242,15,22,-1,24,1
08/29/2004 16:38:00,242,16,23,-1,24,1
08/29/2004 16:39:00,242,16,23,-1,25,1
08/29/2004 16:40:00,242,17,26,-1,25,1
08/29/2004 16:41:00,242,17,24,-1,24,1
08/29/2004 16:42:00,242,18,23,-1,23,1
08/29/2004 16:43:00,242,17,23,-1,23,1
08/29/2004 16:44:00,242,17,22,-1,23,1
08/29/2004 16:45:00,242,16,22,-1,23,1
08/29/2004 16:46:00,242,17,23,0,24,1
08/29/2004 16:47:00,242,17,24,0,24,1
08/29/2004 16:48:00,242,18,23,0,24,1
08/29/2004 16:49:00,242,17,23,0,24,1
08/29/2004 16:50:00,242,18,23,0,25,1
08/29/2004 16:51:00,242,18,24,0,25,1
08/29/2004 16:52:00,242,18,24,0,25,1
08/29/2004 16:53:00,242,19,23,0,25,1
08/29/2004 16:54:00,242,19,22,0,24,1
08/29/2004 16:55:00,242,19,22,0,24,1
08/29/2004 16:56:00,242,19,23,0,25,1
08/29/2004 16:57:00,242,20,23,0,25,1
08/29/2004 16:58:00,242,19,23,0,25,1
08/29/2004 16:59:00,242,19,23,1,25,1
08/29/2004 17:00:00,242,21,22,1,24,1
08/29/2004 17:01:00,242,20,22,1,24,1
08/29/2004 17:02:00,242,20,22,0,24,1
08/29/2004 17:03:00,242,20,22,0,24,1
08/29/2004 17:04:00,242,20,22,1,24,1
08/29/2004 17:05:00,242,20,22,1,24,1
08/29/2004 17:06:00,242,19,21,1,24,1
08/29/2004 17:07:00,242,19,21,1,24,1
08/29/2004 17:08:00,242,19,20,1,24,1
08/29/2004 17:09:00,242,19,21,1,25,1
08/29/2004 17:10:00,242,20,22,1,25,1
08/29/2004 17:11:00,242,21,23,1,25,1
08/29/2004 17:12:00,242,22,22,1,25,1
08/29/2004 17:13:00,242,22,23,1,25,1
08/29/2004 17:14:00,242,23,23,1,25,1
08/29/2004 17:15:00,242,23,23,1,24,1
08/29/2004 17:16:00,242,22,23,1,25,1
08/29/2004 17:17:00,242,22,22,1,25,1
08/29/2004 17:18:00,242,22,21,2,24,1
08/29/2004 17:19:00,242,22,21,2,24,1
08/29/2004 17:20:00,242,21,20,2,24,1
08/29/2004 17:21:00,242,21,20,2,24,1
08/29/2004 17:22:00,242,21,19,2,24,1
08/29/2004 17:23:00,242,20,20,2,24,1
08/29/2004 17:24:00,242,20,19,2,25,1
08/29/2004 17:25:00,242,20,19,2,24,1
08/29/2004 17:26:00,242,19,19,2,24,1
08/29/2004 17:27:00,242,20,19,2,23,1
08/29/2004 17:28:00,242,20,19,2,23,1
08/29/2004 17:29:00,242,19,19,1,23,1
08/29/2004 17:30:00,242,20,19,2,23,1
08/29/2004 17:31:00,242,20,18,2,23,1
08/29/2004 17:32:00,242,19,17,2,24,1
08/29/2004 17:33:00,242,19,16,2,25,1
08/29/2004 17:34:00,242,20,16,2,25,1
08/29/2004 17:35:00,242,18,16,2,25,1
08/29/2004 17:36:00,242,19,16,2,25,1
08/29/2004 17:37:00,242,18,16,2,26,1
08/29/2004 17:38:00,242,18,14,2,26,1
08/29/2004 17:39:00,242,18,15,2,26,1
08/29/2004 17:40:00,242,18,14,2,26,1
08/29/2004 17:41:00,242,19,15,2,26,1
08/29/2004 17:42:00,242,18,14,2,26,1
08/29/2004 17:43:00,242,19,14,2,26,1
08/29/2004 17:44:00,242,18,14,2,27,1
08/29/2004 17:45:00,242,19,14,2,27,1
08/29/2004 17:46:00,242,19,15,2,26,1
08/29/2004 17:47:00,242,19,14,2,27,1
08/29/2004 17:48:00,242,19,14,2,27,1
08/29/2004 17:49:00,242,19,14,2,27,1
08/29/2004 17:50:00,242,19,15,2,27,1
08/29/2004 17:51:00,242,19,15,2,27,1
08/29/2004 17:52:00,242,19,14,2,26,1
08/29/2004 17:53:00,242,18,13,2,27,1
08/29/2004 17:54:00,242,18,13,2,27,1
08/29/2004 17:55:00,242,18,13,2,27,1
08/29/2004 17:56:00,242,18,13,2,27,1
08/29/2004 17:57:00,242,17,12,2,27,1
08/29/2004 17:58:00,242,17,10,2,26,1
08/29/2004 17:59:00,242,17,10,2,26,1
08/29/2004 18:00:00,242,17,10,2,26,1
08/29/2004 18:01:00,242,16,10,2,26,1
08/29/2004 18:02:00,242,16,9,2,26,1
08/29/2004 18:03:00,242,16,9,2,26,1
08/29/2004 18:04:00,242,16,8,2,25,1
08/29/2004 18:05:00,242,15,8,2,25,1
08/29/2004 18:06:00,242,15,9,2,25,1
08/29/2004 18:07:00,242,15,8,2,25,1
08/29/2004 18:08:00,242,15,8,2,24,1
08/29/2004 18:09:00,242,15,7,2,24,1
08/29/2004 18:10:00,242,15,7,2,24,1
08/29/2004 18:11:00,242,15,7,2,23,1
08/29/2004 18:12:00,242,15,8,2,23,1
08/29/2004 18:13:00,242,14,8,2,24,1
08/29/2004 18:14:00,242,15,9,2,24,1
08/29/2004 18:15:00,242,16,8,2,24,1
08/29/2004 18:16:00,242,15,6,2,23,1
08/29/2004 18:17:00,242,14,6,2,23,1
08/29/2004 18:18:00,242,15,7,2,24,1
08/29/2004 18:19:00,242,15,7,2,24,1
08/29/2004 18:20:00,242,15,7,2,24,1
08/29/2004 18:21:00,242,15,7,2,24,1
08/29/2004 18:22:00,242,15,8,2,24,1
08/29/2004 18:23:00,242,14,8,2,25,1
08/29/2004 18:24:00,242,14,8,2,25,1
08/29/2004 18:25:00,242,14,9,2,25,1
08/29/2004 18:26:00,242,14,8,2,25,1
08/29/2004 18:27:00,242,15,8,2,25,1
08/29/2004 18:28:00,242,14,8,2,25,1
08/29/2004 18:29:00,242,14,8,2,25,1
08/29/2004 18:30:00,242,14,8,2,25,1
08/29/2004 18:31:00,242,13,9,1,25,1
08/29/2004 18:32:00,242,13,10,2,25,1
08/29/2004 18:33:00,242,14,9,2,24,1
08/29/2004 18:34:00,242,14,9,2,24,1
08/29/2004 18:35:00,242,13,9,2,24,1
08/29/2004 18:36:00,242,14,8,1,24,1
08/29/2004 18:37:00,242,14,8,2,24,1
08/29/2004 18:38:00,242,13,9,1,24,1
08/29/2004 18:39:00,242,14,9,1,24,1
08/29/2004 18:40:00,242,14,10,1,23,1
08/29/2004 18:41:00,242,14,10,1,23,1
08/29/2004 18:42:00,242,13,9,1,23,1
08/29/2004 18:43:00,242,13,10,1,23,1
08/29/2004 18:44:00,242,14,10,1,23,1
08/29/2004 18:45:00,242,13,10,1,23,1
08/29/2004 18:46:00,242,13,11,1,24,1
08/29/2004 18:47:00,242,13,9,1,24,1
08/29/2004 18:48:00,242,13,10,1,24,1
08/29/2004 18:49:00,242,13,9,1,23,1
08/29/2004 18:50:00,242,14,10,1,24,1
08/29/2004 18:51:00,242,14,10,1,24,1
08/29/2004 18:52:00,242,13,10,1,24,1
08/29/2004 18:53:00,242,13,10,1,23,1
08/29/2004 18:54:00,242,13,10,1,23,1
08/29/2004 18:55:00,242,14,10,1,23,1
08/29/2004 18:56:00,242,14,9,1,23,1
08/29/2004 18:57:00,242,13,9,1,23,1
08/29/2004 18:58:00,242,13,10,1,24,1
08/29/2004 18:59:00,242,14,9,1,24,1
08/29/2004 19:00:00,242,13,10,1,24,1
08/29/2004 19:01:00,242,13,10,1,24,1
08/29/2004 19:02:00,242,13,10,1,24,1
08/29/2004 19:03:00,242,14,10,1,24,1
08/29/2004 19:04:00,242,13,10,1,24,1
08/29/2004 19:05:00,242,13,10,1,24,1
08/29/2004 19:06:00,242,13,10,1,24,1
08/29/2004 19:07:00,242,13,8,1,24,1
08/29/2004 19:08:00,242,13,8,1,23,1
08/29/2004 19:09:00,242,13,8,1,23,1
08/29/2004 19:10:00,242,12,9,1,23,1
08/29/2004 19:11:00,242,13,9,1,23,1
08/29/2004 19:12:00,242,13,9,1,23,1
08/29/2004 19:13:00,242,13,9,1,23,1
08/29/2004 19:14:00,242,13,9,1,23,1
08/29/2004 19:15:00,242,12,9,1,23,1
08/29/2004 19:16:00,242,12,9,1,23,1
08/29/2004 19:17:00,242,12,9,1,23,1
08/29/2004 19:18:00,242,12,8,1,22,1
08/29/2004 19:19:00,242,12,8,1,23,1
08/29/2004 19:20:00,242,12,8,1,23,1
08/29/2004 19:21:00,242,12,8,1,23,1
08/29/2004 19:22:00,242,12,8,1,23,1
08/29/2004 19:23:00,242,12,8,1,23,1
08/29/2004 19:24:00,242,11,8,1,23,1
08/29/2004 19:25:00,242,11,8,1,22,1
08/29/2004 19:26:00,242,11,7,1,22,1
08/29/2004 19:27:00,242,11,7,1,22,1
08/29/2004 19:28:00,242,11,7,1,22,1
08/29/2004 19:29:00,242,11,8,1,21,1
08/29/2004 19:30:00,242,10,8,1,21,1
08/29/2004 19:31:00,242,11,7,1,21,1
08/29/2004 19:32:00,242,11,7,1,21,1
08/29/2004 19:33:00,242,11,7,1,21,1
08/29/2004 19:34:00,242,10,7,1,22,1
08/29/2004 19:35:00,242,10,7,1,22,1
08/29/2004 19:36:00,242,10,7,1,22,1
08/29/2004 19:37:00,242,10,7,1,22,1
08/29/2004 19:38:00,242,10,7,0,22,1
08/29/2004 19:39:00,242,10,7,0,22,1
08/29/2004 19:40:00,242,10,6,1,21,1
08/29/2004 19:41:00,242,10,7,0,21,1
08/29/2004 19:42:00,242,10,7,1,20,1
08/29/2004 19:43:00,242,10,7,1,20,1
08/29/2004 19:44:00,242,10,6,1,20,1
08/29/2004 19:45:00,242,10,7,0,21,1
08/29/2004 19:46:00,242,9,8,0,21,1
08/29/2004 19:47:00,242,9,9,0,22,1
08/29/2004 19:48:00,242,10,9,0,22,1
08/29/2004 19:49:00,242,9,9,0,23,1
08/29/2004 19:50:00,242,9,8,0,23,1
08/29/2004 19:51:00,242,9,7,0,22,1
08/29/2004 19:52:00,242,10,6,0,21,1
08/29/2004 19:53:00,242,12,6,0,21,1
08/29/2004 19:54:00,242,11,6,1,21,1
08/29/2004 19:55:00,242,11,6,1,21,1
08/29/2004 19:56:00,242,11,6,1,20,1
08/29/2004 19:57:00,242,11,6,1,20,1
08/29/2004 19:58:00,242,12,6,0,20,1
08/29/2004 19:59:00,242,10,6,0,20,1
08/29/2004 20:00:00,242,10,6,0,19,1
08/29/2004 20:01:00,242,11,7,0,17,1
08/29/2004 20:02:00,242,12,7,0,16,1
08/29/2004 20:03:00,242,13,6,0,16,1
08/29/2004 20:04:00,242,13,6,0,16,1
08/29/2004 20:05:00,242,13,7,0,16,1
08/29/2004 20:06:00,242,12,6,0,17,1
08/29/2004 20:07:00,242,12,6,0,17,1
08/29/2004 20:08:00,242,12,7,0,16,1
08/29/2004 20:09:00,242,13,8,0,14,1
08/29/2004 20:10:00,242,14,7,0,12,1
08/29/2004 20:11:00,242,15,9,0,11,1
08/29/2004 20:12:00,242,15,9,0,10,1
08/29/2004 20:13:00,242,16,8,0,10,1
08/29/2004 20:14:00,242,16,8,0,10,1
08/29/2004 20:15:00,242,16,8,0,11,1
08/29/2004 20:16:00,242,16,8,0,10,1
08/29/2004 20:17:00,242,17,10,0,9,1
08/29/2004 20:18:00,242,17,9,0,10,1
08/29/2004 20:19:00,242,17,10,0,9,1
08/29/2004 20:20:00,242,17,10,0,8,1
08/29/2004 20:21:00,242,18,12,0,7,1
08/29/2004 20:22:00,242,18,12,0,6,1
08/29/2004 20:23:00,242,19,12,0,6,1
08/29/2004 20:24:00,242,19,12,0,6,1
08/29/2004 20:25:00,242,19,11,0,6,1
08/29/2004 20:26:00,242,19,10,0,7,1
08/29/2004 20:27:00,242,19,10,0,8,1
08/29/2004 20:28:00,242,20,10,0,8,1
08/29/2004 20:29:00,242,20,10,0,8,1
08/29/2004 20:30:00,242,20,9,0,8,1
08/29/2004 20:31:00,242,20,10,0,8,1
08/29/2004 20:32:00,242,20,10,0,8,1
08/29/2004 20:33:00,242,21,9,0,8,1
08/29/2004 20:34:00,242,20,9,0,9,1
08/29/2004 20:35:00,242,20,10,0,9,1
08/29/2004 20:36:00,242,20,9,0,8,1
08/29/2004 20:37:00,242,21,9,0,9,1
08/29/2004 20:38:00,242,22,10,0,8,1
08/29/2004 20:39:00,242,21,10,0,8,1
08/29/2004 20:40:00,242,21,10,0,9,1
08/29/2004 20:41:00,242,21,9,0,9,1
08/29/2004 20:42:00,242,22,10,0,9,1
08/29/2004 20:43:00,242,22,9,0,10,1
08/29/2004 20:44:00,242,22,9,0,10,1
08/29/2004 20:45:00,242,21,10,0,10,1
08/29/2004 20:46:00,242,22,8,0,11,1
08/29/2004 20:47:00,242,22,9,0,11,1
08/29/2004 20:48:00,242,22,9,0,12,1
08/29/2004 20:49:00,242,22,10,0,11,1
08/29/2004 20:50:00,242,22,10,0,11,1
08/29/2004 20:51:00,242,22,10,0,10,1
08/29/2004 20:52:00,242,22,10,0,9,1
08/29/2004 20:53:00,242,23,9,0,9,1
08/29/2004 20:54:00,242,23,10,0,8,1
08/29/2004 20:55:00,242,24,10,0,8,1
08/29/2004 20:56:00,242,23,10,0,8,1
08/29/2004 20:57:00,242,24,11,0,8,1
08/29/2004 20:58:00,242,24,11,0,8,1
08/29/2004 20:59:00,242,24,10,0,8,1
08/29/2004 21:00:00,242,23,10,0,8,1
08/29/2004 21:01:00,242,25,11,0,8,1
08/29/2004 21:02:00,242,24,11,0,8,1
08/29/2004 21:03:00,242,24,11,0,8,1
08/29/2004 21:04:00,242,24,11,0,8,1
08/29/2004 21:05:00,242,25,11,0,8,1
08/29/2004 21:06:00,242,24,12,0,9,1
08/29/2004 21:07:00,242,25,12,0,9,1
08/29/2004 21:08:00,242,24,12,0,9,1
08/29/2004 21:09:00,242,25,11,0,9,1
08/29/2004 21:10:00,242,25,12,0,9,1
08/29/2004 21:11:00,242,25,12,0,9,1
08/29/2004 21:12:00,242,24,11,0,8,1
08/29/2004 21:13:00,242,24,12,0,8,1
08/29/2004 21:14:00,242,25,12,0,8,1
08/29/2004 21:15:00,242,25,12,0,7,1
08/29/2004 21:16:00,242,24,11,0,7,1
08/29/2004 21:17:00,242,25,12,0,7,1
08/29/2004 21:18:00,242,25,13,0,7,1
08/29/2004 21:19:00,242,25,11,0,8,1
08/29/2004 21:20:00,242,24,12,1,9,1
08/29/2004 21:21:00,242,25,11,0,10,1
08/29/2004 21:22:00,242,25,13,1,11,1
08/29/2004 21:23:00,242,24,13,1,12,1
08/29/2004 21:24:00,242,24,13,1,13,1
08/29/2004 21:25:00,242,25,14,0,14,1
08/29/2004 21:26:00,242,24,13,0,15,1
08/29/2004 21:27:00,242,24,14,1,16,1
08/29/2004 21:28:00,242,23,14,1,17,1
08/29/2004 21:29:00,242,23,15,1,17,1
08/29/2004 21:30:00,242,23,15,1,18,1
08/29/2004 21:31:00,242,23,14,0,17,1
08/29/2004 21:32:00,242,24,14,0,17,1
08/29/2004 21:33:00,242,23,13,0,17,1
08/29/2004 21:34:00,242,23,13,0,17,1
08/29/2004 21:35:00,242,23,14,0,18,1
08/29/2004 21:36:00,242,22,14,0,18,1
08/29/2004 21:37:00,242,22,14,0,17,1
08/29/2004 21:38:00,242,23,13,1,17,1
08/29/2004 21:39:00,242,23,14,0,16,1
08/29/2004 21:40:00,242,23,14,1,16,1
08/29/2004 21:41:00,242,23,13,1,16,1
08/29/2004 21:42:00,242,22,14,1,16,1
08/29/2004 21:43:00,242,23,15,1,16,1
08/29/2004 21:44:00,242,23,14,1,15,1
08/29/2004 21:45:00,242,23,14,1,15,1
08/29/2004 21:46:00,242,23,14,1,15,1
08/29/2004 21:47:00,242,22,14,1,14,1
08/29/2004 21:48:00,242,23,15,1,14,1
08/29/2004 21:49:00,242,22,15,1,14,1
08/29/2004 21:50:00,242,22,15,1,14,1
08/29/2004 21:51:00,242,22,15,1,14,1
08/29/2004 21:52:00,242,22,14,1,14,1
08/29/2004 21:53:00,242,22,16,1,14,1
08/29/2004 21:54:00,242,22,14,1,14,1
08/29/2004 21:55:00,242,23,15,1,14,1
08/29/2004 21:56:00,242,22,15,1,14,1
08/29/2004 21:57:00,242,23,15,2,14,1
08/29/2004 21:58:00,242,23,16,2,15,1
08/29/2004 21:59:00,242,22,15,2,15,1
08/29/2004 22:00:00,242,22,16,2,15,1
08/29/2004 22:01:00,242,22,15,2,15,1
08/29/2004 22:02:00,242,22,16,2,15,1
08/29/2004 22:03:00,242,22,15,1,14,1
08/29/2004 22:04:00,242,22,15,1,14,1
08/29/2004 22:05:00,242,22,15,1,13,1
08/29/2004 22:06:00,242,22,15,1,14,1
08/29/2004 22:07:00,242,22,15,1,14,1
08/29/2004 22:08:00,242,21,16,1,15,1
08/29/2004 22:09:00,242,21,16,1,14,1
08/29/2004 22:10:00,242,21,16,2,15,1
08/29/2004 22:11:00,242,21,16,2,15,1
08/29/2004 22:12:00,242,21,16,2,14,1
08/29/2004 22:13:00,242,21,17,2,14,1
08/29/2004 22:14:00,242,21,16,1,14,1
08/29/2004 22:15:00,242,20,16,1,14,1
08/29/2004 22:16:00,242,21,16,1,14,1
08/29/2004 22:17:00,242,21,17,1,14,1
08/29/2004 22:18:00,242,20,17,2,14,1
08/29/2004 22:19:00,242,20,17,1,14,1
08/29/2004 22:20:00,242,20,17,2,13,1
08/29/2004 22:21:00,242,20,17,1,14,1
08/29/2004 22:22:00,242,20,16,1,13,1
08/29/2004 22:23:00,242,20,17,1,13,1
08/29/2004 22:24:00,242,20,17,2,13,1
08/29/2004 22:25:00,242,20,17,1,13,1
08/29/2004 22:26:00,242,20,17,1,13,1
08/29/2004 22:27:00,242,19,17,1,12,1
08/29/2004 22:28:00,242,19,17,1,13,1
08/29/2004 22:29:00,242,19,17,1,13,1
08/29/2004 22:30:00,242,19,17,1,13,1
08/29/2004 22:31:00,242,17,18,2,13,1
08/29/2004 22:32:00,242,17,18,2,13,1
08/29/2004 22:33:00,242,17,18,2,13,1
08/29/2004 22:34:00,242,17,18,2,13,1
08/29/2004 22:35:00,242,17,19,2,14,1
08/29/2004 22:36:00,242,16,19,2,14,1
08/29/2004 22:37:00,242,16,19,2,15,1
08/29/2004 22:38:00,242,17,19,2,16,1
08/29/2004 22:39:00,242,16,20,2,16,1
08/29/2004 22:40:00,242,16,19,2,16,1
08/29/2004 22:41:00,242,15,20,2,16,1
08/29/2004 22:42:00,242,15,20,2,17,1
08/29/2004 22:43:00,242,15,20,2,17,1
08/29/2004 22:44:00,242,15,20,2,17,1
08/29/2004 22:45:00,242,15,21,2,18,1
08/29/2004 22:46:00,242,14,21,2,18,1
08/29/2004 22:47:00,242,14,22,2,19,1
08/29/2004 22:48:00,242,14,22,2,19,1
08/29/2004 22:49:00,242,14,22,2,19,1
08/29/2004 22:50:00,242,14,22,2,19,1
08/29/2004 22:51:00,242,14,21,2,19,1
08/29/2004 22:52:00,242,14,21,2,19,1
08/29/2004 22:53:00,242,13,22,2,19,1
08/29/2004 22:54:00,242,13,22,2,19,1
08/29/2004 22:55:00,242,13,22,1,18,1
08/29/2004 22:56:00,242,13,22,2,18,1
08/29/2004 22:57:00,242,13,21,1,18,1
08/29/2004 22:58:00,242,13,21,1,18,1
08/29/2004 22:59:00,242,13,21,1,18,1
08/29/2004 23:00:00,242,13,22,1,18,1
08/29/2004 23:01:00,242,12,21,1,18,1
08/29/2004 23:02:00,242,12,21,1,19,1
08/29/2004 23:03:00,242,12,22,1,19,1
08/29/2004 23:04:00,242,12,22,1,20,1
08/29/2004 23:05:00,242,11,21,1,21,1
08/29/2004 23:06:00,242,11,24,2,23,1
08/29/2004 23:07:00,242,12,25,2,24,1
08/29/2004 23:08:00,242,12,25,2,25,1
08/29/2004 23:09:00,242,11,26,2,25,1
08/29/2004 23:10:00,242,12,25,2,25,1
08/29/2004 23:11:00,242,12,25,2,24,1
08/29/2004 23:12:00,242,10,22,1,24,1
08/29/2004 23:13:00,242,11,22,1,23,1
08/29/2004 23:14:00,242,11,22,1,22,1
08/29/2004 23:15:00,242,11,21,1,22,1
08/29/2004 23:16:00,242,10,21,1,22,1
08/29/2004 23:17:00,242,10,22,1,22,1
08/29/2004 23:18:00,242,10,21,1,22,1
08/29/2004 23:19:00,242,10,21,1,21,1
08/29/2004 23:20:00,242,9,20,0,22,1
08/29/2004 23:21:00,242,10,20,1,22,1
08/29/2004 23:22:00,242,10,19,1,23,1
08/29/2004 23:23:00,242,10,20,1,23,1
08/29/2004 23:24:00,242,10,19,1,24,1
08/29/2004 23:25:00,242,10,19,1,24,1
08/29/2004 23:26:00,242,10,19,1,24,1
08/29/2004 23:27:00,242,10,19,1,24,1
08/29/2004 23:28:00,242,11,18,0,24,1
08/29/2004 23:29:00,242,12,19,0,24,1
08/29/2004 23:30:00,242,13,17,0,23,1
08/29/2004 23:31:00,242,13,18,0,24,1
08/29/2004 23:32:00,242,14,18,0,24,1
08/29/2004 23:33:00,242,14,17,0,24,1
08/29/2004 23:34:00,242,14,18,0,24,1
08/29/2004 23:35:00,242,14,17,0,24,1
08/29/2004 23:36:00,242,14,16,0,24,1
08/29/2004 23:37:00,242,14,17,0,23,1
08/29/2004 23:38:00,242,15,16,0,23,1
08/29/2004 23:39:00,242,15,15,0,23,1
08/29/2004 23:40:00,242,15,15,0,23,1
08/29/2004 23:41:00,242,16,15,0,22,1
08/29/2004 23:42:00,242,18,14,0,22,1
08/29/2004 23:43:00,242,18,14,0,22,1
08/29/2004 23:44:00,242,18,13,0,22,1
08/29/2004 23:45:00,242,19,13,0,22,1
08/29/2004 23:46:00,242,20,12,0,22,1
08/29/2004 23:47:00,242,20,12,0,23,1
08/29/2004 23:48:00,242,20,12,0,23,1
08/29/2004 23:49:00,242,20,13,0,23,1
08/29/2004 23:50:00,242,20,12,0,23,1
08/29/2004 23:51:00,242,23,11,-1,23,1
08/29/2004 23:52:00,242,22,11,-1,23,1
08/29/2004 23:53:00,242,23,11,-1,22,1
08/29/2004 23:54:00,242,23,11,-1,22,1
08/29/2004 23:55:00,242,24,10,-1,22,1
08/29/2004 23:56:00,242,24,10,-1,22,1
08/29/2004 23:57:00,242,25,10,-1,21,1
08/29/2004 23:58:00,242,25,10,-1,21,1
08/29/2004 23:59:00,242,26,8,-1,21,1
08/30/2004 00:00:00,243,26,9,-1,22,1
08/30/2004 00:01:00,243,27,9,-1,22,1
08/30/2004 00:02:00,243,26,9,-1,22,1
08/30/2004 00:03:00,243,27,8,-1,22,1
08/30/2004 00:04:00,243,27,8,-1,22,1
08/30/2004 00:05:00,243,27,9,-1,22,1
08/30/2004 00:06:00,243,27,8,-1,22,1
08/30/2004 00:07:00,243,28,8,-1,22,1
08/30/2004 00:08:00,243,27,8,-1,22,1
08/30/2004 00:09:00,243,28,8,-1,21,1
08/30/2004 00:10:00,243,28,8,-1,21,1
08/30/2004 00:11:00,243,28,8,-1,22,1
08/30/2004 00:12:00,243,28,8,-1,22,1
08/30/2004 00:13:00,243,29,8,-1,22,1
08/30/2004 00:14:00,243,29,8,-1,22,1
08/30/2004 00:15:00,243,29,8,-1,22,1
08/30/2004 00:16:00,243,29,8,-1,22,1
08/30/2004 00:17:00,243,29,8,-1,21,1
08/30/2004 00:18:00,243,30,8,-1,21,1
08/30/2004 00:19:00,243,29,8,-1,20,1
08/30/2004 00:20:00,243,30,8,-1,20,1
08/30/2004 00:21:00,243,31,7,-1,20,1
08/30/2004 00:22:00,243,32,7,-1,20,1
08/30/2004 00:23:00,243,32,7,-1,20,1
08/30/2004 00:24:00,243,32,7,-1,21,1
08/30/2004 00:25:00,243,32,8,-1,21,1
08/30/2004 00:26:00,243,33,7,-1,22,1
08/30/2004 00:27:00,243,32,8,-1,22,1
08/30/2004 00:28:00,243,32,7,-1,22,1
08/30/2004 00:29:00,243,32,7,-1,22,1
08/30/2004 00:30:00,243,31,8,-1,23,1
08/30/2004 00:31:00,243,32,8,-1,23,1
08/30/2004 00:32:00,243,32,8,0,24,1
08/30/2004 00:33:00,243,32,8,0,24,1
08/30/2004 00:34:00,243,32,8,0,24,1
08/30/2004 00:35:00,243,33,8,0,24,1
08/30/2004 00:36:00,243,32,8,0,24,1
08/30/2004 00:37:00,243,32,8,0,23,1
08/30/2004 00:38:00,243,33,6,-1,24,1
08/30/2004 00:39:00,243,33,7,-1,23,1
08/30/2004 00:40:00,243,33,8,-1,24,1
08/30/2004 00:41:00,243,33,7,-1,24,1
08/30/2004 00:42:00,243,33,6,-1,24,1
08/30/2004 00:43:00,243,35,7,-1,25,1
08/30/2004 00:44:00,243,35,6,-1,26,1
08/30/2004 00:45:00,243,35,7,0,26,1
08/30/2004 00:46:00,243,35,7,0,26,1
08/30/2004 00:47:00,243,35,7,0,26,1
08/30/2004 00:48:00,243,35,7,0,25,1
08/30/2004 00:49:00,243,35,7,0,25,1
08/30/2004 00:50:00,243,35,7,-1,25,1
08/30/2004 00:51:00,243,35,7,-1,25,1
08/30/2004 00:52:00,243,34,7,-1,25,1
08/30/2004 00:53:00,243,35,7,-1,25,1
08/30/2004 00:54:00,243,35,7,-1,25,1
08/30/2004 00:55:00,243,35,7,-1,25,1
08/30/2004 00:56:00,243,36,6,-1,25,1
08/30/2004 00:57:00,243,37,6,-1,25,1
08/30/2004 00:58:00,243,38,6,-1,25,1
08/30/2004 00:59:00,243,37,6,-1,25,1
08/30/2004 01:00:00,243,38,6,-1,26,1
08/30/2004 01:01:00,243,38,6,-1,25,1
08/30/2004 01:02:00,243,38,6,-1,25,1
08/30/2004 01:03:00,243,38,6,-1,25,1
08/30/2004 01:04:00,243,39,5,-1,24,1
08/30/2004 01:05:00,243,39,6,-1,24,1
08/30/2004 01:06:00,243,39,6,-1,24,1
08/30/2004 01:07:00,243,39,6,-2,23,1
08/30/2004 01:08:00,243,38,6,-2,24,1
08/30/2004 01:09:00,243,40,5,-1,23,1
08/30/2004 01:10:00,243,40,5,-1,23,1
08/30/2004 01:11:00,243,38,6,-1,22,1
08/30/2004 01:12:00,243,38,6,-1,22,1
08/30/2004 01:13:00,243,39,7,-1,21,1
08/30/2004 01:14:00,243,38,7,-1,21,1
08/30/2004 01:15:00,243,37,7,-1,20,1
08/30/2004 01:16:00,243,38,8,-2,20,1
08/30/2004 01:17:00,243,39,8,-2,20,1
08/30/2004 01:18:00,243,39,9,-2,19,1
08/30/2004 01:19:00,243,40,8,-2,19,1
08/30/2004 01:20:00,243,41,8,-2,19,1
08/30/2004 01:21:00,243,41,6,-2,19,1
08/30/2004 01:22:00,243,42,6,-2,19,1
08/30/2004 01:23:00,243,42,6,-2,19,1
08/30/2004 01:24:00,243,43,6,-2,20,1
08/30/2004 01:25:00,243,43,6,-2,20,1
08/30/2004 01:26:00,243,44,6,-1,20,1
08/30/2004 01:27:00,243,43,6,-1,20,1
08/30/2004 01:28:00,243,44,6,-1,20,1
08/30/2004 01:29:00,243,44,5,-1,20,1
08/30/2004 01:30:00,243,44,6,-1,20,1
08/30/2004 01:31:00,243,44,5,-2,20,1
08/30/2004 01:32:00,243,44,5,-1,20,1
08/30/2004 01:33:00,243,46,5,-1,21,1
08/30/2004 01:34:00,243,44,5,-1,20,1
08/30/2004 01:35:00,243,44,5,-1,20,1
08/30/2004 01:36:00,243,44,5,-1,21,1
08/30/2004 01:37:00,243,44,6,-2,20,1
08/30/2004 01:38:00,243,44,6,-2,20,1
08/30/2004 01:39:00,243,43,6,-2,20,1
08/30/2004 01:40:00,243,44,6,-2,20,1
08/30/2004 01:41:00,243,45,5,-2,21,1
08/30/2004 01:42:00,243,44,6,-2,20,1
08/30/2004 01:43:00,243,44,7,-2,21,1
08/30/2004 01:44:00,243,45,7,-2,20,1
08/30/2004 01:45:00,243,45,6,-2,20,1
08/30/2004 01:46:00,243,41,7,-2,19,1
08/30/2004 01:47:00,243,40,8,-2,18,1
08/30/2004 01:48:00,243,40,9,-2,18,1
08/30/2004 01:49:00,243,40,10,-2,18,1
08/30/2004 01:50:00,243,41,10,-2,18,1
08/30/2004 01:51:00,243,38,9,-2,17,1
08/30/2004 01:52:00,243,40,9,-2,17,1
08/30/2004 01:53:00,243,42,9,-2,17,1
08/30/2004 01:54:00,243,42,9,-2,17,1
08/30/2004 01:55:00,243,42,7,-2,16,1
08/30/2004 01:56:00,243,41,8,-2,16,1
08/30/2004 01:57:00,243,42,6,-2,16,1
08/30/2004 01:58:00,243,42,6,-2,16,1
08/30/2004 01:59:00,243,42,6,-2,16,1
08/30/2004 02:00:00,243,42,6,-2,16,1
08/30/2004 02:01:00,243,43,6,-1,16,1
08/30/2004 02:02:00,243,44,6,-1,16,1
08/30/2004 02:03:00,243,43,8,-1,16,1
08/30/2004 02:04:00,243,45,8,0,16,1
08/30/2004 02:05:00,243,45,8,0,18,1
08/30/2004 02:06:00,243,46,8,0,18,1
08/30/2004 02:07:00,243,47,8,1,19,1
08/30/2004 02:08:00,243,46,9,1,18,1
08/30/2004 02:09:00,243,47,10,1,18,1
08/30/2004 02:10:00,243,46,10,1,17,1
08/30/2004 02:11:00,243,44,10,1,15,1
08/30/2004 02:12:00,243,43,9,1,14,1
08/30/2004 02:13:00,243,42,8,1,13,1
08/30/2004 02:14:00,243,41,9,1,12,1
08/30/2004 02:15:00,243,41,9,1,12,1
08/30/2004 02:16:00,243,40,9,0,11,1
08/30/2004 02:17:00,243,42,9,0,11,1
08/30/2004 02:18:00,243,45,9,1,11,1
08/30/2004 02:19:00,243,45,8,1,10,1
08/30/2004 02:20:00,243,35,10,0,6,1
08/30/2004 02:21:00,243,33,12,-1,3,1
08/30/2004 02:22:00,243,32,12,-1,2,1
08/30/2004 02:23:00,243,32,12,-1,2,1
08/30/2004 02:24:00,243,35,12,-1,3,1
08/30/2004 02:25:00,243,31,12,-1,2,1
08/30/2004 02:26:00,243,34,12,-1,2,1
08/30/2004 02:27:00,243,36,11,-1,1,1
08/30/2004 02:28:00,243,30,12,-1,0,1
08/30/2004 02:29:00,243,28,13,-2,-2,1
08/30/2004 02:30:00,243,28,13,-2,-2,1
08/30/2004 02:31:00,243,28,13,-2,-3,1
08/30/2004 02:32:00,243,29,14,-2,-2,1
08/30/2004 02:33:00,243,30,13,-2,-2,1
08/30/2004 02:34:00,243,29,13,-2,-2,1
08/30/2004 02:35:00,243,29,13,-2,-2,1
08/30/2004 02:36:00,243,29,13,-1,-1,1
08/30/2004 02:37:00,243,28,13,-1,-2,1
08/30/2004 02:38:00,243,29,13,-1,-1,1
08/30/2004 02:39:00,243,30,13,-1,-1,1
08/30/2004 02:40:00,243,30,14,-1,-1,1
08/30/2004 02:41:00,243,30,15,-1,-1,1
08/30/2004 02:42:00,243,29,13,-1,-1,1
08/30/2004 02:43:00,243,28,14,-1,-1,1
08/30/2004 02:44:00,243,30,13,-1,0,1
08/30/2004 02:45:00,243,31,12,-1,0,1
08/30/2004 02:46:00,243,31,13,-1,1,1
08/30/2004 02:47:00,243,30,13,-1,1,1
08/30/2004 02:48:00,243,30,13,-1,1,1
08/30/2004 02:49:00,243,31,13,-1,1,1
08/30/2004 02:50:00,243,31,13,-1,1,1
08/30/2004 02:51:00,243,29,12,-1,0,1
08/30/2004 02:52:00,243,29,13,-1,0,1
08/30/2004 02:53:00,243,26,14,-1,0,1
08/30/2004 02:54:00,243,27,14,-1,0,1
08/30/2004 02:55:00,243,30,13,-1,1,1
08/30/2004 02:56:00,243,26,13,-1,0,1
08/30/2004 02:57:00,243,25,14,-1,0,1
08/30/2004 02:58:00,243,27,13,-1,0,1
08/30/2004 02:59:00,243,27,12,-1,0,1
08/30/2004 03:00:00,243,26,12,-1,0,1
08/30/2004 03:01:00,243,25,13,-1,0,1
08/30/2004 03:02:00,243,24,13,-1,-1,1
08/30/2004 03:03:00,243,24,14,-1,-1,1
08/30/2004 03:04:00,243,24,14,-1,-1,1
08/30/2004 03:05:00,243,23,15,-1,-1,1
08/30/2004 03:06:00,243,24,16,-1,-1,1
08/30/2004 03:07:00,243,24,16,-1,-2,1
08/30/2004 03:08:00,243,26,15,-1,-2,1
08/30/2004 03:09:00,243,27,16,-1,-2,1
08/30/2004 03:10:00,243,27,15,-2,-2,1
08/30/2004 03:11:00,243,27,15,-1,-2,1
08/30/2004 03:12:00,243,27,16,-2,-1,1
08/30/2004 03:13:00,243,27,16,-2,-1,1
08/30/2004 03:14:00,243,27,16,-2,-1,1
08/30/2004 03:15:00,243,28,16,-2,-1,1
08/30/2004 03:16:00,243,27,16,-1,0,1
08/30/2004 03:17:00,243,27,15,-1,0,1
08/30/2004 03:18:00,243,27,15,-2,0,1
08/30/2004 03:19:00,243,27,15,-1,0,1
08/30/2004 03:20:00,243,26,15,-2,0,1
08/30/2004 03:21:00,243,25,15,-2,0,1
08/30/2004 03:22:00,243,25,16,-1,0,1
08/30/2004 03:23:00,243,24,17,-2,0,1
08/30/2004 03:24:00,243,23,17,-2,-1,1
08/30/2004 03:25:00,243,22,16,-2,-1,1
08/30/2004 03:26:00,243,23,16,-1,-1,1
08/30/2004 03:27:00,243,22,15,-2,-1,1
08/30/2004 03:28:00,243,22,16,-2,-1,1
08/30/2004 03:29:00,243,23,17,-2,-1,1
08/30/2004 03:30:00,243,22,17,-2,-1,1
08/30/2004 03:31:00,243,20,18,-1,-1,1
08/30/2004 03:32:00,243,21,18,-1,-2,1
08/30/2004 03:33:00,243,22,18,-1,-1,1
08/30/2004 03:34:00,243,21,18,-1,-1,1
08/30/2004 03:35:00,243,22,18,-1,-1,1
08/30/2004 03:36:00,243,20,18,-2,-1,1
08/30/2004 03:37:00,243,20,18,-1,-1,1
08/30/2004 03:38:00,243,19,18,-2,-1,1
08/30/2004 03:39:00,243,19,18,-1,-1,1
08/30/2004 03:40:00,243,19,18,-2,-1,1
08/30/2004 03:41:00,243,19,18,-2,0,1
08/30/2004 03:42:00,243,19,19,-2,-1,1
08/30/2004 03:43:00,243,19,19,-2,0,1
08/30/2004 03:44:00,243,19,19,-2,0,1
08/30/2004 03:45:00,243,19,19,-2,0,1
08/30/2004 03:46:00,243,19,19,-2,0,1
08/30/2004 03:47:00,243,19,19,-2,0,1
08/30/2004 03:48:00,243,17,19,-2,-1,1
08/30/2004 03:49:00,243,17,19,-2,-1,1
08/30/2004 03:50:00,243,17,20,-2,0,1
08/30/2004 03:51:00,243,17,21,-2,0,1
08/30/2004 03:52:00,243,18,20,-2,1,1
08/30/2004 03:53:00,243,18,19,-2,1,1
08/30/2004 03:54:00,243,18,19,-2,1,1
08/30/2004 03:55:00,243,17,20,-1,0,1
08/30/2004 03:56:00,243,17,19,-2,0,1
08/30/2004 03:57:00,243,17,20,-1,0,1
08/30/2004 03:58:00,243,16,20,-1,0,1
08/30/2004 03:59:00,243,16,19,-2,0,1
08/30/2004 04:00:00,243,16,19,-1,0,1
08/30/2004 04:01:00,243,16,19,-1,0,1
08/30/2004 04:02:00,243,14,19,-1,0,1
08/30/2004 04:03:00,243,14,19,-1,1,1
08/30/2004 04:04:00,243,13,18,-1,1,1
08/30/2004 04:05:00,243,12,18,-1,1,1
08/30/2004 04:06:00,243,13,18,-1,1,1
08/30/2004 04:07:00,243,13,18,-1,1,1
08/30/2004 04:08:00,243,13,18,-1,1,1
08/30/2004 04:09:00,243,14,18,-1,2,1
08/30/2004 04:10:00,243,13,18,-1,1,1
08/30/2004 04:11:00,243,14,18,-1,1,1
08/30/2004 04:12:00,243,14,18,-1,1,1
08/30/2004 04:13:00,243,14,19,-1,1,1
08/30/2004 04:14:00,243,14,19,-1,1,1
08/30/2004 04:15:00,243,14,20,-1,1,1
08/30/2004 04:16:00,243,15,19,-1,0,1
08/30/2004 04:17:00,243,15,20,-1,1,1
08/30/2004 04:18:00,243,16,19,-1,1,1
08/30/2004 04:19:00,243,16,18,-1,1,1
08/30/2004 04:20:00,243,16,18,-1,1,1
08/30/2004 04:21:00,243,16,19,-1,1,1
08/30/2004 04:22:00,243,16,19,-1,2,1
08/30/2004 04:23:00,243,16,19,-1,2,1
08/30/2004 04:24:00,243,15,19,-1,2,1
08/30/2004 04:25:00,243,16,18,-1,2,1
08/30/2004 04:26:00,243,16,18,-1,1,1
08/30/2004 04:27:00,243,16,18,-1,1,1
08/30/2004 04:28:00,243,16,18,-1,1,1
08/30/2004 04:29:00,243,17,17,-1,1,1
08/30/2004 04:30:00,243,17,17,-1,0,1
08/30/2004 04:31:00,243,17,17,-1,0,1
08/30/2004 04:32:00,243,17,16,-1,0,1
08/30/2004 04:33:00,243,16,17,-1,0,1
08/30/2004 04:34:00,243,17,16,-1,0,1
08/30/2004 04:35:00,243,17,14,-1,0,1
08/30/2004 04:36:00,243,17,14,-1,0,1
08/30/2004 04:37:00,243,16,13,-1,-1,1
08/30/2004 04:38:00,243,16,14,-1,0,1
08/30/2004 04:39:00,243,16,14,-1,0,1
08/30/2004 04:40:00,243,16,14,-1,0,1
08/30/2004 04:41:00,243,17,13,-1,0,1
08/30/2004 04:42:00,243,16,13,-1,0,1
08/30/2004 04:43:00,243,16,14,-1,1,1
08/30/2004 04:44:00,243,15,12,-1,1,1
08/30/2004 04:45:00,243,15,13,-1,1,1
08/30/2004 04:46:00,243,15,13,-1,1,1
08/30/2004 04:47:00,243,14,13,-1,1,1
08/30/2004 04:48:00,243,14,12,-1,1,1
08/30/2004 04:49:00,243,15,12,-1,1,1
08/30/2004 04:50:00,243,15,11,-1,1,1
08/30/2004 04:51:00,243,15,10,-1,1,1
08/30/2004 04:52:00,243,15,10,-1,1,1
08/30/2004 04:53:00,243,15,10,0,2,1
08/30/2004 04:54:00,243,15,11,0,2,1
08/30/2004 04:55:00,243,15,11,0,2,1
08/30/2004 04:56:00,243,15,10,0,3,1
08/30/2004 04:57:00,243,15,10,0,3,1
08/30/2004 04:58:00,243,15,10,0,3,1
08/30/2004 04:59:00,243,15,10,0,3,1
08/30/2004 05:00:00,243,15,10,0,3,1
08/30/2004 05:01:00,243,15,10,0,3,1
08/30/2004 05:02:00,243,14,9,0,3,1
08/30/2004 05:03:00,243,15,9,0,3,1
08/30/2004 05:04:00,243,15,9,0,3,1
08/30/2004 05:05:00,243,16,8,0,3,1
08/30/2004 05:06:00,243,15,8,0,3,1
08/30/2004 05:07:00,243,16,7,0,3,1
08/30/2004 05:08:00,243,17,7,1,3,1
08/30/2004 05:09:00,243,16,7,1,3,1
08/30/2004 05:10:00,243,16,6,1,3,1
08/30/2004 05:11:00,243,17,6,1,3,1
08/30/2004 05:12:00,243,17,7,1,4,1
08/30/2004 05:13:00,243,17,8,1,5,1
08/30/2004 05:14:00,243,16,9,1,6,1
08/30/2004 05:15:00,243,16,8,1,7,1
08/30/2004 05:16:00,243,15,9,1,7,1
08/30/2004 05:17:00,243,16,9,1,8,1
08/30/2004 05:18:00,243,15,9,1,8,1
08/30/2004 05:19:00,243,15,11,1,9,1
08/30/2004 05:20:00,243,15,10,1,9,1
08/30/2004 05:21:00,243,15,11,1,9,1
08/30/2004 05:22:00,243,14,11,1,10,1
08/30/2004 05:23:00,243,13,13,1,10,1
08/30/2004 05:24:00,243,13,12,1,10,1
08/30/2004 05:25:00,243,14,12,1,9,1
08/30/2004 05:26:00,243,14,12,1,9,1
08/30/2004 05:27:00,243,13,12,1,9,1
08/30/2004 05:28:00,243,13,12,1,9,1
08/30/2004 05:29:00,243,13,12,2,8,1
08/30/2004 05:30:00,243,13,11,2,7,1
08/30/2004 05:31:00,243,13,11,2,7,1
08/30/2004 05:32:00,243,13,12,2,7,1
08/30/2004 05:33:00,243,13,12,2,6,1
08/30/2004 05:34:00,243,13,13,2,6,1
08/30/2004 05:35:00,243,13,13,2,5,1
08/30/2004 05:36:00,243,13,13,3,5,1
08/30/2004 05:37:00,243,13,13,3,5,1
08/30/2004 05:38:00,243,14,14,3,5,1
08/30/2004 05:39:00,243,14,15,3,5,1
08/30/2004 05:40:00,243,14,13,3,4,1
08/30/2004 05:41:00,243,14,15,3,4,1
08/30/2004 05:42:00,243,12,16,3,5,1
08/30/2004 05:43:00,243,11,16,3,5,1
08/30/2004 05:44:00,243,12,18,3,5,1
08/30/2004 05:45:00,243,12,18,3,5,1
08/30/2004 05:46:00,243,13,18,3,5,1
08/30/2004 05:47:00,243,14,19,3,5,1
08/30/2004 05:48:00,243,14,19,3,5,1
08/30/2004 05:49:00,243,15,19,3,5,1
08/30/2004 05:50:00,243,14,19,3,5,1
08/30/2004 05:51:00,243,15,19,3,5,1
08/30/2004 05:52:00,243,15,19,3,5,1
08/30/2004 05:53:00,243,15,19,3,5,1
08/30/2004 05:54:00,243,15,20,3,5,1
08/30/2004 05:55:00,243,15,20,3,5,1
08/30/2004 05:56:00,243,15,19,3,4,1
08/30/2004 05:57:00,243,16,19,3,4,1
08/30/2004 05:58:00,243,17,18,3,4,1
08/30/2004 05:59:00,243,17,18,3,3,1
08/30/2004 06:00:00,243,18,18,3,3,1
08/30/2004 06:01:00,243,17,19,3,3,1
08/30/2004 06:02:00,243,18,18,3,3,1
08/30/2004 06:03:00,243,18,17,3,2,1
08/30/2004 06:04:00,243,19,16,3,2,1
08/30/2004 06:05:00,243,19,16,3,1,1
08/30/2004 06:06:00,243,19,16,3,1,1
08/30/2004 06:07:00,243,19,15,3,0,1
08/30/2004 06:08:00,243,20,15,3,0,1
08/30/2004 06:09:00,243,20,14,3,-1,1
08/30/2004 06:10:00,243,20,14,3,-1,1
08/30/2004 06:11:00,243,22,15,3,-1,1
08/30/2004 06:12:00,243,22,15,3,-1,1
08/30/2004 06:13:00,243,21,15,3,-1,1
08/30/2004 06:14:00,243,20,14,2,-1,1
08/30/2004 06:15:00,243,20,14,2,-1,1
08/30/2004 06:16:00,243,20,13,2,-2,1
08/30/2004 06:17:00,243,20,12,2,-2,1
08/30/2004 06:18:00,243,20,12,1,-2,1
08/30/2004 06:19:00,243,18,13,1,-2,1
08/30/2004 06:20:00,243,17,13,1,-3,1
08/30/2004 06:21:00,243,17,13,1,-4,1
08/30/2004 06:22:00,243,15,12,2,-4,1
08/30/2004 06:23:00,243,14,13,2,-5,1
08/30/2004 06:24:00,243,14,12,2,-5,1
08/30/2004 06:25:00,243,14,12,2,-6,1
08/30/2004 06:26:00,243,14,11,2,-7,1
08/30/2004 06:27:00,243,13,13,2,-7,1
08/30/2004 06:28:00,243,14,12,2,-8,1
08/30/2004 06:29:00,243,13,14,2,-8,1
08/30/2004 06:30:00,243,13,15,2,-9,1
08/30/2004 06:31:00,243,13,15,2,-9,1
08/30/2004 06:32:00,243,13,18,2,-9,1
08/30/2004 06:33:00,243,13,19,3,-9,1
08/30/2004 06:34:00,243,14,20,3,-9,1
08/30/2004 06:35:00,243,14,22,3,-10,1
08/30/2004 06:36:00,243,15,25,3,-10,1
08/30/2004 06:37:00,243,17,27,3,-10,1
08/30/2004 06:38:00,243,17,27,3,-10,1
08/30/2004 06:39:00,243,17,28,3,-10,1
08/30/2004 06:40:00,243,19,28,3,-10,1
08/30/2004 06:41:00,243,19,31,3,-11,1
08/30/2004 06:42:00,243,20,31,3,-11,1
08/30/2004 06:43:00,243,20,31,4,-11,1
08/30/2004 06:44:00,243,21,31,4,-12,1
08/30/2004 06:45:00,243,22,32,4,-11,1
08/30/2004 06:46:00,243,23,31,4,-11,1
08/30/2004 06:47:00,243,23,30,4,-12,1
08/30/2004 06:48:00,243,22,30,4,-12,1
08/30/2004 06:49:00,243,23,29,3,-13,1
08/30/2004 06:50:00,243,23,28,3,-12,1
08/30/2004 06:51:00,243,22,29,3,-12,1
08/30/2004 06:52:00,243,22,29,3,-12,1
08/30/2004 06:53:00,243,22,29,3,-12,1
08/30/2004 06:54:00,243,21,28,3,-13,1
08/30/2004 06:55:00,243,21,28,3,-13,1
08/30/2004 06:56:00,243,20,29,3,-14,1
08/30/2004 06:57:00,243,19,28,3,-14,1
08/30/2004 06:58:00,243,19,29,3,-14,1
08/30/2004 06:59:00,243,19,30,3,-13,1
08/30/2004 07:00:00,243,18,30,2,-13,1
08/30/2004 07:01:00,243,18,29,2,-13,1
08/30/2004 07:02:00,243,18,31,2,-14,1
08/30/2004 07:03:00,243,19,30,2,-14,1
08/30/2004 07:04:00,243,18,31,2,-15,1
08/30/2004 07:05:00,243,19,31,2,-15,1
08/30/2004 07:06:00,243,19,31,2,-15,1
08/30/2004 07:07:00,243,20,32,2,-16,1
08/30/2004 07:08:00,243,20,31,2,-16,1
08/30/2004 07:09:00,243,21,32,3,-17,1
08/30/2004 07:10:00,243,21,32,3,-17,1
08/30/2004 07:11:00,243,20,31,3,-18,1
08/30/2004 07:12:00,243,21,31,3,-18,1
08/30/2004 07:13:00,243,21,33,3,-18,1
08/30/2004 07:14:00,243,22,33,3,-18,1
08/30/2004 07:15:00,243,22,33,3,-18,1
08/30/2004 07:16:00,243,22,34,3,-19,1
08/30/2004 07:17:00,243,22,35,3,-18,1
08/30/2004 07:18:00,243,22,35,3,-18,1
08/30/2004 07:19:00,243,22,37,2,-18,1
08/30/2004 07:20:00,243,20,37,2,-18,1
08/30/2004 07:21:00,243,20,39,3,-19,1
08/30/2004 07:22:00,243,20,39,3,-19,1
08/30/2004 07:23:00,243,20,41,3,-19,1
08/30/2004 07:24:00,243,20,42,3,-19,1
08/30/2004 07:25:00,243,17,43,3,-19,1
08/30/2004 07:26:00,243,17,43,3,-19,1
08/30/2004 07:27:00,243,17,44,3,-18,1
08/30/2004 07:28:00,243,16,45,3,-19,1
08/30/2004 07:29:00,243,16,46,3,-20,1
08/30/2004 07:30:00,243,17,46,3,-19,1
08/30/2004 07:31:00,243,17,46,3,-20,1
08/30/2004 07:32:00,243,18,47,3,-20,1
08/30/2004 07:33:00,243,19,48,3,-21,1
08/30/2004 07:34:00,243,20,49,4,-22,1
08/30/2004 07:35:00,243,21,51,4,-23,1
08/30/2004 07:36:00,243,23,51,5,-24,1
08/30/2004 07:37:00,243,24,54,5,-25,1
08/30/2004 07:38:00,243,25,54,6,-26,1
08/30/2004 07:39:00,243,25,53,6,-27,1
08/30/2004 07:40:00,243,27,53,6,-28,1
08/30/2004 07:41:00,243,26,53,6,-29,1
08/30/2004 07:42:00,243,28,53,7,-30,1
08/30/2004 07:43:00,243,28,53,7,-31,1
08/30/2004 07:44:00,243,28,52,7,-31,1
08/30/2004 07:45:00,243,27,51,6,-31,1
08/30/2004 07:46:00,243,26,51,6,-32,1
08/30/2004 07:47:00,243,26,50,6,-32,1
08/30/2004 07:48:00,243,25,48,6,-33,1
08/30/2004 07:49:00,243,22,49,6,-33,1
08/30/2004 07:50:00,243,20,49,6,-33,1
08/30/2004 07:51:00,243,18,49,5,-34,1
08/30/2004 07:52:00,243,17,50,5,-34,1
08/30/2004 07:53:00,243,15,52,5,-34,1
08/30/2004 07:54:00,243,13,53,5,-34,1
08/30/2004 07:55:00,243,12,55,5,-34,1
08/30/2004 07:56:00,243,12,58,5,-34,1
08/30/2004 07:57:00,243,11,59,5,-34,1
08/30/2004 07:58:00,243,12,61,4,-33,1
08/30/2004 07:59:00,243,13,61,4,-33,1
08/30/2004 08:00:00,243,14,62,4,-32,1
08/30/2004 08:01:00,243,16,64,4,-32,1
08/30/2004 08:02:00,243,16,68,3,-32,1
08/30/2004 08:03:00,243,18,72,4,-32,1
08/30/2004 08:04:00,243,18,73,4,-32,1
08/30/2004 08:05:00,243,17,75,4,-32,1
08/30/2004 08:06:00,243,18,76,4,-33,1
08/30/2004 08:07:00,243,17,79,5,-33,1
08/30/2004 08:08:00,243,17,78,5,-33,1
08/30/2004 08:09:00,243,19,78,5,-33,1
08/30/2004 08:10:00,243,21,80,5,-33,1
08/30/2004 08:11:00,243,22,80,5,-33,1
08/30/2004 08:12:00,243,24,80,5,-33,1
08/30/2004 08:13:00,243,25,80,6,-33,1
08/30/2004 08:14:00,243,26,80,6,-33,1
08/30/2004 08:15:00,243,26,79,6,-33,1
08/30/2004 08:16:00,243,26,78,6,-34,1
08/30/2004 08:17:00,243,26,77,6,-34,1
08/30/2004 08:18:00,243,26,76,6,-35,1
08/30/2004 08:19:00,243,26,75,6,-35,1
08/30/2004 08:20:00,243,27,74,6,-36,1
08/30/2004 08:21:00,243,27,73,6,-36,1
08/30/2004 08:22:00,243,27,73,6,-36,1
08/30/2004 08:23:00,243,27,71,6,-38,1
08/30/2004 08:24:00,243,26,69,6,-39,1
08/30/2004 08:25:00,243,26,68,6,-39,1
08/30/2004 08:26:00,243,26,68,6,-40,1
08/30/2004 08:27:00,243,25,68,7,-41,1
08/30/2004 08:28:00,243,24,66,7,-41,1
08/30/2004 08:29:00,243,21,65,7,-41,1
08/30/2004 08:30:00,243,19,64,6,-42,1
08/30/2004 08:31:00,243,18,64,6,-42,1
08/30/2004 08:32:00,243,16,63,6,-42,1
08/30/2004 08:33:00,243,15,61,6,-42,1
08/30/2004 08:34:00,243,14,62,5,-41,1
08/30/2004 08:35:00,243,13,62,5,-40,1
08/30/2004 08:36:00,243,11,59,5,-40,1
08/30/2004 08:37:00,243,10,59,4,-40,1
08/30/2004 08:38:00,243,11,58,4,-39,1
08/30/2004 08:39:00,243,11,58,3,-38,1
08/30/2004 08:40:00,243,12,59,3,-38,1
08/30/2004 08:41:00,243,13,59,2,-37,1
08/30/2004 08:42:00,243,14,60,2,-37,1
08/30/2004 08:43:00,243,15,60,2,-37,1
08/30/2004 08:44:00,243,17,60,1,-37,1
08/30/2004 08:45:00,243,19,61,1,-37,1
08/30/2004 08:46:00,243,21,61,1,-37,1
08/30/2004 08:47:00,243,23,61,1,-37,1
08/30/2004 08:48:00,243,26,58,0,-36,1
08/30/2004 08:49:00,243,27,58,-1,-36,1
08/30/2004 08:50:00,243,30,61,-1,-35,1
08/30/2004 08:51:00,243,31,62,-1,-34,1
08/30/2004 08:52:00,243,32,62,-1,-34,1
08/30/2004 08:53:00,243,32,63,-1,-34,1
08/30/2004 08:54:00,243,33,64,-1,-34,1
08/30/2004 08:55:00,243,33,64,-1,-34,1
08/30/2004 08:56:00,243,34,65,-1,-34,1
08/30/2004 08:57:00,243,34,66,-1,-35,1
08/30/2004 08:58:00,243,35,67,-1,-36,1
08/30/2004 08:59:00,243,36,67,-1,-36,1
08/30/2004 09:00:00,243,36,67,-1,-36,1
08/30/2004 09:01:00,243,36,67,-1,-37,1
08/30/2004 09:02:00,243,37,67,-1,-36,1
08/30/2004 09:03:00,243,38,68,-2,-36,1
08/30/2004 09:04:00,243,40,68,-2,-35,1
08/30/2004 09:05:00,243,40,67,-2,-34,1
08/30/2004 09:06:00,243,41,67,-2,-34,1
08/30/2004 09:07:00,243,42,66,-2,-33,1
08/30/2004 09:08:00,243,42,67,-2,-33,1
08/30/2004 09:09:00,243,41,68,-2,-33,1
08/30/2004 09:10:00,243,40,69,-1,-33,1
08/30/2004 09:11:00,243,40,71,-1,-33,1
08/30/2004 09:12:00,243,37,72,-1,-33,1
08/30/2004 09:13:00,243,34,75,0,-33,1
08/30/2004 09:14:00,243,31,78,0,-33,1
08/30/2004 09:15:00,243,32,79,0,-33,1
08/30/2004 09:16:00,243,31,79,1,-34,1
08/30/2004 09:17:00,243,30,80,1,-34,1
08/30/2004 09:18:00,243,30,81,2,-34,1
08/30/2004 09:19:00,243,31,83,2,-35,1
08/30/2004 09:20:00,243,31,82,2,-35,1
08/30/2004 09:21:00,243,31,81,2,-36,1
08/30/2004 09:22:00,243,31,81,2,-36,1
08/30/2004 09:23:00,243,31,81,3,-36,1
08/30/2004 09:24:00,243,29,80,3,-37,1
08/30/2004 09:25:00,243,29,80,3,-38,1
08/30/2004 09:26:00,243,28,80,3,-38,1
08/30/2004 09:27:00,243,29,79,4,-39,1
08/30/2004 09:28:00,243,30,78,4,-39,1
08/30/2004 09:29:00,243,31,77,4,-40,1
08/30/2004 09:30:00,243,34,75,4,-39,1
08/30/2004 09:31:00,243,37,75,4,-39,1
08/30/2004 09:32:00,243,41,73,4,-39,1
08/30/2004 09:33:00,243,46,73,4,-39,1
08/30/2004 09:34:00,243,49,72,4,-38,1
08/30/2004 09:35:00,243,52,71,4,-38,1
08/30/2004 09:36:00,243,56,73,4,-38,1
08/30/2004 09:37:00,243,61,74,4,-38,1
08/30/2004 09:38:00,243,67,77,4,-37,1
08/30/2004 09:39:00,243,71,79,5,-36,1
08/30/2004 09:40:00,243,74,78,4,-35,1
08/30/2004 09:41:00,243,75,81,4,-34,1
08/30/2004 09:42:00,243,77,87,5,-32,1
08/30/2004 09:43:00,243,77,84,5,-31,1
08/30/2004 09:44:00,243,76,85,5,-29,1
08/30/2004 09:45:00,243,74,85,5,-28,1
08/30/2004 09:46:00,243,74,81,5,-26,1
08/30/2004 09:47:00,243,72,81,5,-24,1
08/30/2004 09:48:00,243,71,82,5,-24,1
08/30/2004 09:49:00,243,70,81,6,-23,1
08/30/2004 09:50:00,243,68,82,6,-23,1
08/30/2004 09:51:00,243,67,81,6,-22,1
08/30/2004 09:52:00,243,66,83,6,-22,1
08/30/2004 09:53:00,243,65,84,7,-22,1
08/30/2004 09:54:00,243,63,85,7,-23,1
08/30/2004 09:55:00,243,61,86,7,-24,1
08/30/2004 09:56:00,243,58,87,8,-25,1
08/30/2004 09:57:00,243,55,90,8,-26,1
08/30/2004 09:58:00,243,52,90,9,-27,1
08/30/2004 09:59:00,243,50,90,9,-26,1
08/30/2004 10:00:00,243,48,89,9,-27,1
08/30/2004 10:01:00,243,46,88,9,-27,1
08/30/2004 10:02:00,243,44,86,9,-27,1
08/30/2004 10:03:00,243,41,86,10,-27,1
08/30/2004 10:04:00,243,39,87,10,-27,1
08/30/2004 10:05:00,243,39,86,10,-27,1
08/30/2004 10:06:00,243,39,85,10,-27,1
08/30/2004 10:07:00,243,38,83,10,-27,1
08/30/2004 10:08:00,243,37,81,10,-26,1
08/30/2004 10:09:00,243,35,81,10,-26,1
08/30/2004 10:10:00,243,33,80,10,-26,1
08/30/2004 10:11:00,243,32,79,10,-26,1
08/30/2004 10:12:00,243,31,77,10,-26,1
08/30/2004 10:13:00,243,31,77,9,-27,1
08/30/2004 10:14:00,243,29,77,10,-28,1
08/30/2004 10:15:00,243,28,75,10,-29,1
08/30/2004 10:16:00,243,29,73,10,-30,1
08/30/2004 10:17:00,243,30,71,10,-30,1
08/30/2004 10:18:00,243,30,70,10,-31,1
08/30/2004 10:19:00,243,31,70,10,-32,1
08/30/2004 10:20:00,243,32,71,10,-32,1
08/30/2004 10:21:00,243,32,70,10,-33,1
08/30/2004 10:22:00,243,32,71,10,-34,1
08/30/2004 10:23:00,243,31,70,9,-34,1
08/30/2004 10:24:00,243,30,69,9,-34,1
08/30/2004 10:25:00,243,29,68,9,-34,1
08/30/2004 10:26:00,243,29,66,8,-35,1
08/30/2004 10:27:00,243,28,64,8,-35,1
08/30/2004 10:28:00,243,28,64,8,-35,1
08/30/2004 10:29:00,243,27,63,8,-35,1
08/30/2004 10:30:00,243,26,61,8,-35,1
08/30/2004 10:31:00,243,25,59,7,-34,1
08/30/2004 10:32:00,243,24,59,7,-34,1
08/30/2004 10:33:00,243,23,57,7,-34,1
08/30/2004 10:34:00,243,21,58,7,-33,1
08/30/2004 10:35:00,243,21,56,7,-32,1
08/30/2004 10:36:00,243,21,53,7,-31,1
08/30/2004 10:37:00,243,18,51,6,-30,1
08/30/2004 10:38:00,243,18,51,6,-30,1
08/30/2004 10:39:00,243,17,51,6,-30,1
08/30/2004 10:40:00,243,17,52,7,-29,1
08/30/2004 10:41:00,243,16,53,6,-29,1
08/30/2004 10:42:00,243,16,53,6,-28,1
08/30/2004 10:43:00,243,15,53,6,-28,1
08/30/2004 10:44:00,243,15,53,6,-27,1
08/30/2004 10:45:00,243,14,52,6,-27,1
08/30/2004 10:46:00,243,14,53,6,-28,1
08/30/2004 10:47:00,243,15,54,6,-27,1
08/30/2004 10:48:00,243,15,56,6,-27,1
08/30/2004 10:49:00,243,16,56,6,-27,1
08/30/2004 10:50:00,243,16,56,6,-27,1
08/30/2004 10:51:00,243,16,56,6,-27,1
08/30/2004 10:52:00,243,17,56,6,-27,1
08/30/2004 10:53:00,243,18,57,6,-28,1
08/30/2004 10:54:00,243,18,57,6,-28,1
08/30/2004 10:55:00,243,19,58,6,-29,1
08/30/2004 10:56:00,243,19,59,6,-29,1
08/30/2004 10:57:00,243,19,61,6,-29,1
08/30/2004 10:58:00,243,20,60,6,-29,1
08/30/2004 10:59:00,243,20,61,6,-29,1
08/30/2004 11:00:00,243,20,60,6,-29,1
08/30/2004 11:01:00,243,20,60,6,-29,1
08/30/2004 11:02:00,243,21,60,6,-29,1
08/30/2004 11:03:00,243,20,61,5,-29,1
08/30/2004 11:04:00,243,19,61,5,-28,1
08/30/2004 11:05:00,243,19,60,5,-27,1
08/30/2004 11:06:00,243,18,60,5,-26,1
08/30/2004 11:07:00,243,19,59,5,-25,1
08/30/2004 11:08:00,243,18,58,5,-25,1
08/30/2004 11:09:00,243,17,57,5,-24,1
08/30/2004 11:10:00,243,16,56,5,-24,1
08/30/2004 11:11:00,243,15,57,5,-23,1
08/30/2004 11:12:00,243,15,57,5,-23,1
08/30/2004 11:13:00,243,15,57,5,-24,1
08/30/2004 11:14:00,243,15,59,5,-25,1
08/30/2004 11:15:00,243,14,59,5,-25,1
08/30/2004 11:16:00,243,14,59,5,-26,1
08/30/2004 11:17:00,243,14,58,5,-26,1
08/30/2004 11:18:00,243,13,59,5,-26,1
08/30/2004 11:19:00,243,13,59,5,-26,1
08/30/2004 11:20:00,243,12,58,5,-26,1
08/30/2004 11:21:00,243,12,58,5,-27,1
08/30/2004 11:22:00,243,12,57,5,-27,1
08/30/2004 11:23:00,243,14,57,5,-27,1
08/30/2004 11:24:00,243,14,57,5,-27,1
08/30/2004 11:25:00,243,15,57,5,-27,1
08/30/2004 11:26:00,243,14,58,5,-27,1
08/30/2004 11:27:00,243,16,59,5,-27,1
08/30/2004 11:28:00,243,15,59,5,-27,1
08/30/2004 11:29:00,243,16,58,5,-27,1
08/30/2004 11:30:00,243,16,58,5,-27,1
08/30/2004 11:31:00,243,16,58,5,-27,1
08/30/2004 11:32:00,243,16,59,5,-27,1
08/30/2004 11:33:00,243,16,60,5,-28,1
08/30/2004 11:34:00,243,16,62,5,-28,1
08/30/2004 11:35:00,243,17,62,5,-29,1
08/30/2004 11:36:00,243,17,63,5,-29,1
08/30/2004 11:37:00,243,18,63,5,-29,1
08/30/2004 11:38:00,243,18,64,5,-29,1
08/30/2004 11:39:00,243,19,65,5,-30,1
08/30/2004 11:40:00,243,19,66,5,-31,1
08/30/2004 11:41:00,243,20,66,5,-30,1
08/30/2004 11:42:00,243,20,64,5,-31,1
08/30/2004 11:43:00,243,20,66,5,-31,1
08/30/2004 11:44:00,243,20,66,5,-32,1
08/30/2004 11:45:00,243,21,66,4,-32,1
08/30/2004 11:46:00,243,21,67,4,-32,1
08/30/2004 11:47:00,243,22,68,4,-32,1
08/30/2004 11:48:00,243,23,70,4,-32,1
08/30/2004 11:49:00,243,24,70,4,-32,1
08/30/2004 11:50:00,243,24,72,4,-32,1
08/30/2004 11:51:00,243,25,73,4,-32,1
08/30/2004 11:52:00,243,26,72,4,-32,1
08/30/2004 11:53:00,243,26,70,4,-32,1
08/30/2004 11:54:00,243,27,71,4,-32,1
08/30/2004 11:55:00,243,27,72,4,-32,1
08/30/2004 11:56:00,243,26,70,4,-33,1
08/30/2004 11:57:00,243,26,69,4,-33,1
08/30/2004 11:58:00,243,26,68,4,-33,1
08/30/2004 11:59:00,243,25,69,4,-34,1
08/30/2004 12:00:00,243,25,69,4,-34,1
08/30/2004 12:01:00,243,25,70,4,-34,1
08/30/2004 12:02:00,243,25,70,4,-34,1
08/30/2004 12:03:00,243,25,70,4,-34,1
08/30/2004 12:04:00,243,25,71,4,-34,1
08/30/2004 12:05:00,243,24,70,4,-34,1
08/30/2004 12:06:00,243,23,70,4,-34,1
08/30/2004 12:07:00,243,23,69,4,-34,1
08/30/2004 12:08:00,243,22,69,4,-35,1
08/30/2004 12:09:00,243,23,69,3,-34,1
08/30/2004 12:10:00,243,23,68,3,-35,1
08/30/2004 12:11:00,243,23,68,3,-35,1
08/30/2004 12:12:00,243,24,69,3,-35,1
08/30/2004 12:13:00,243,24,70,3,-35,1
08/30/2004 12:14:00,243,24,69,3,-35,1
08/30/2004 12:15:00,243,25,68,3,-36,1
08/30/2004 12:16:00,243,24,67,3,-36,1
08/30/2004 12:17:00,243,24,67,3,-36,1
08/30/2004 12:18:00,243,24,66,3,-36,1
08/30/2004 12:19:00,243,24,65,3,-36,1
08/30/2004 12:20:00,243,23,66,2,-36,1
08/30/2004 12:21:00,243,25,65,2,-36,1
08/30/2004 12:22:00,243,24,64,2,-36,1
08/30/2004 12:23:00,243,23,62,2,-35,1
08/30/2004 12:24:00,243,21,60,2,-35,1
08/30/2004 12:25:00,243,21,59,3,-36,1
08/30/2004 12:26:00,243,21,57,2,-36,1
08/30/2004 12:27:00,243,19,57,2,-36,1
08/30/2004 12:28:00,243,18,57,2,-37,1
08/30/2004 12:29:00,243,18,56,2,-38,1
08/30/2004 12:30:00,243,19,55,2,-38,1
08/30/2004 12:31:00,243,19,56,2,-38,1
08/30/2004 12:32:00,243,20,56,2,-39,1
08/30/2004 12:33:00,243,20,54,2,-39,1
08/30/2004 12:34:00,243,20,54,2,-39,1
08/30/2004 12:35:00,243,21,55,2,-39,1
08/30/2004 12:36:00,243,20,55,2,-40,1
08/30/2004 12:37:00,243,21,54,2,-40,1
08/30/2004 12:38:00,243,21,53,2,-40,1
08/30/2004 12:39:00,243,19,53,2,-41,1
08/30/2004 12:40:00,243,19,52,2,-41,1
08/30/2004 12:41:00,243,20,52,2,-40,1
08/30/2004 12:42:00,243,21,51,2,-41,1
08/30/2004 12:43:00,243,21,50,2,-41,1
08/30/2004 12:44:00,243,21,48,1,-42,1
08/30/2004 12:45:00,243,22,47,1,-42,1
08/30/2004 12:46:00,243,24,46,1,-42,1
08/30/2004 12:47:00,243,24,46,1,-42,1
08/30/2004 12:48:00,243,23,44,1,-42,1
08/30/2004 12:49:00,243,22,43,1,-42,1
08/30/2004 12:50:00,243,22,42,1,-42,1
08/30/2004 12:51:00,243,21,41,1,-42,1
08/30/2004 12:52:00,243,21,42,1,-43,1
08/30/2004 12:53:00,243,20,40,1,-43,1
08/30/2004 12:54:00,243,20,38,1,-43,1
08/30/2004 12:55:00,243,19,36,1,-43,1
08/30/2004 12:56:00,243,18,33,1,-43,1
08/30/2004 12:57:00,243,17,31,1,-44,1
08/30/2004 12:58:00,243,17,31,1,-44,1
08/30/2004 12:59:00,243,19,29,1,-44,1
08/30/2004 13:00:00,243,21,28,1,-44,1
08/30/2004 13:01:00,243,21,27,1,-44,1
08/30/2004 13:02:00,243,23,26,1,-44,1
08/30/2004 13:03:00,243,25,25,1,-44,1
08/30/2004 13:04:00,243,25,25,2,-43,1
08/30/2004 13:05:00,243,26,26,2,-43,1
08/30/2004 13:06:00,243,27,27,2,-43,1
08/30/2004 13:07:00,243,28,28,2,-44,1
08/30/2004 13:08:00,243,29,29,2,-43,1
08/30/2004 13:09:00,243,29,30,3,-43,1
08/30/2004 13:10:00,243,30,33,3,-43,1
08/30/2004 13:11:00,243,32,34,3,-44,1
08/30/2004 13:12:00,243,35,35,3,-44,1
08/30/2004 13:13:00,243,36,38,3,-44,1
08/30/2004 13:14:00,243,37,38,3,-45,1
08/30/2004 13:15:00,243,37,39,3,-45,1
08/30/2004 13:16:00,243,38,40,3,-45,1
08/30/2004 13:17:00,243,38,41,3,-46,1
08/30/2004 13:18:00,243,38,41,2,-46,1
08/30/2004 13:19:00,243,38,42,2,-46,1
08/30/2004 13:20:00,243,38,43,2,-46,1
08/30/2004 13:21:00,243,36,43,2,-46,1
08/30/2004 13:22:00,243,35,44,2,-46,1
08/30/2004 13:23:00,243,35,45,2,-46,1
08/30/2004 13:24:00,243,35,46,2,-46,1
08/30/2004 13:25:00,243,36,48,2,-46,1
08/30/2004 13:26:00,243,36,50,2,-47,1
08/30/2004 13:27:00,243,36,52,2,-47,1
08/30/2004 13:28:00,243,36,54,1,-47,1
08/30/2004 13:29:00,243,37,56,1,-47,1
08/30/2004 13:30:00,243,37,58,1,-47,1
08/30/2004 13:31:00,243,37,59,1,-47,1
08/30/2004 13:32:00,243,36,60,1,-48,1
08/30/2004 13:33:00,243,35,61,1,-48,1
08/30/2004 13:34:00,243,35,63,1,-48,1
08/30/2004 13:35:00,243,34,63,1,-48,1
08/30/2004 13:36:00,243,36,66,1,-47,1
08/30/2004 13:37:00,243,35,67,1,-48,1
08/30/2004 13:38:00,243,34,69,1,-48,1
08/30/2004 13:39:00,243,33,70,1,-49,1
08/30/2004 13:40:00,243,31,71,1,-50,1
08/30/2004 13:41:00,243,31,72,1,-50,1
08/30/2004 13:42:00,243,33,74,1,-51,1
08/30/2004 13:43:00,243,34,77,1,-51,1
08/30/2004 13:44:00,243,35,77,2,-51,1
08/30/2004 13:45:00,243,36,78,2,-52,1
08/30/2004 13:46:00,243,37,78,2,-51,1
08/30/2004 13:47:00,243,38,79,2,-52,1
08/30/2004 13:48:00,243,39,80,3,-52,1
08/30/2004 13:49:00,243,39,82,3,-52,1
08/30/2004 13:50:00,243,40,84,3,-52,1
08/30/2004 13:51:00,243,42,84,3,-52,1
08/30/2004 13:52:00,243,43,85,3,-52,1
08/30/2004 13:53:00,243,43,85,4,-52,1
08/30/2004 13:54:00,243,42,86,4,-52,1
08/30/2004 13:55:00,243,43,87,4,-52,1
08/30/2004 13:56:00,243,43,88,4,-52,1
08/30/2004 13:57:00,243,45,89,4,-52,1
08/30/2004 13:58:00,243,45,90,4,-52,1
08/30/2004 13:59:00,243,46,90,4,-52,1
08/30/2004 14:00:00,243,48,90,4,-52,1
08/30/2004 14:01:00,243,47,90,4,-52,1
08/30/2004 14:02:00,243,47,91,5,-52,1
08/30/2004 14:03:00,243,48,91,5,-52,1
08/30/2004 14:04:00,243,47,91,5,-52,1
08/30/2004 14:05:00,243,48,90,5,-53,1
08/30/2004 14:06:00,243,48,90,5,-53,1
08/30/2004 14:07:00,243,49,89,5,-53,1
08/30/2004 14:08:00,243,49,89,5,-53,1
08/30/2004 14:09:00,243,49,90,5,-54,1
08/30/2004 14:10:00,243,49,90,5,-54,1
08/30/2004 14:11:00,243,51,90,6,-54,1
08/30/2004 14:12:00,243,50,89,6,-54,1
08/30/2004 14:13:00,243,50,87,6,-54,1
08/30/2004 14:14:00,243,49,87,6,-54,1
08/30/2004 14:15:00,243,49,86,6,-54,1
08/30/2004 14:16:00,243,49,86,6,-54,1
08/30/2004 14:17:00,243,49,86,6,-54,1
08/30/2004 14:18:00,243,49,85,6,-55,1
08/30/2004 14:19:00,243,51,87,7,-54,1
08/30/2004 14:20:00,243,53,85,7,-55,1
08/30/2004 14:21:00,243,54,84,7,-55,1
08/30/2004 14:22:00,243,54,83,7,-55,1
08/30/2004 14:23:00,243,53,82,7,-56,1
08/30/2004 14:24:00,243,53,80,7,-56,1
08/30/2004 14:25:00,243,55,79,7,-56,1
08/30/2004 14:26:00,243,56,79,7,-56,1
08/30/2004 14:27:00,243,55,78,7,-57,1
08/30/2004 14:28:00,243,56,76,6,-57,1
08/30/2004 14:29:00,243,55,75,6,-57,1
08/30/2004 14:30:00,243,55,72,6,-57,1
08/30/2004 14:31:00,243,54,72,6,-57,1
08/30/2004 14:32:00,243,54,71,6,-58,1
08/30/2004 14:33:00,243,55,70,7,-58,1
08/30/2004 14:34:00,243,56,70,7,-58,1
08/30/2004 14:35:00,243,57,69,7,-58,1
08/30/2004 14:36:00,243,56,68,7,-59,1
08/30/2004 14:37:00,243,56,67,6,-59,1
08/30/2004 14:38:00,243,55,66,7,-59,1
08/30/2004 14:39:00,243,53,65,7,-59,1
08/30/2004 14:40:00,243,53,63,7,-59,1
08/30/2004 14:41:00,243,51,63,7,-59,1
08/30/2004 14:42:00,243,50,63,7,-59,1
08/30/2004 14:43:00,243,49,62,7,-59,1
08/30/2004 14:44:00,243,47,62,7,-59,1
08/30/2004 14:45:00,243,47,61,7,-59,1
08/30/2004 14:46:00,243,47,61,7,-60,1
08/30/2004 14:47:00,243,47,60,7,-60,1
08/30/2004 14:48:00,243,46,58,7,-60,1
08/30/2004 14:49:00,243,44,57,7,-60,1
08/30/2004 14:50:00,243,43,57,7,-60,1
08/30/2004 14:51:00,243,42,55,7,-61,1
08/30/2004 14:52:00,243,42,54,7,-61,1
08/30/2004 14:53:00,243,42,53,7,-61,1
08/30/2004 14:54:00,243,43,52,7,-61,1
08/30/2004 14:55:00,243,43,50,7,-61,1
08/30/2004 14:56:00,243,42,50,7,-61,1
08/30/2004 14:57:00,243,42,50,7,-62,1
08/30/2004 14:58:00,243,42,48,7,-61,1
08/30/2004 14:59:00,243,42,46,7,-62,1
08/30/2004 15:00:00,243,41,46,7,-62,1
08/30/2004 15:01:00,243,43,46,7,-61,1
08/30/2004 15:02:00,243,42,46,7,-61,1
08/30/2004 15:03:00,243,43,45,7,-61,1
08/30/2004 15:04:00,243,43,43,6,-61,1
08/30/2004 15:05:00,243,42,44,7,-61,1
08/30/2004 15:06:00,243,41,43,7,-61,1
08/30/2004 15:07:00,243,42,42,7,-60,1
08/30/2004 15:08:00,243,43,43,8,-60,1
08/30/2004 15:09:00,243,43,42,8,-61,1
08/30/2004 15:10:00,243,42,41,8,-61,1
08/30/2004 15:11:00,243,42,40,7,-61,1
08/30/2004 15:12:00,243,41,40,8,-61,1
08/30/2004 15:13:00,243,41,41,8,-61,1
08/30/2004 15:14:00,243,41,40,8,-61,1
08/30/2004 15:15:00,243,40,39,8,-62,1
08/30/2004 15:16:00,243,41,40,8,-62,1
08/30/2004 15:17:00,243,42,39,8,-62,1
08/30/2004 15:18:00,243,42,40,8,-62,1
08/30/2004 15:19:00,243,42,41,8,-63,1
08/30/2004 15:20:00,243,42,44,8,-63,1
08/30/2004 15:21:00,243,41,45,8,-63,1
08/30/2004 15:22:00,243,41,47,8,-64,1
08/30/2004 15:23:00,243,40,48,8,-64,1
08/30/2004 15:24:00,243,40,49,8,-64,1
08/30/2004 15:25:00,243,40,50,8,-64,1
08/30/2004 15:26:00,243,39,51,8,-64,1
08/30/2004 15:27:00,243,39,52,8,-65,1
08/30/2004 15:28:00,243,38,53,8,-66,1
08/30/2004 15:29:00,243,38,53,8,-65,1
08/30/2004 15:30:00,243,37,52,9,-66,1
08/30/2004 15:31:00,243,35,51,9,-66,1
08/30/2004 15:32:00,243,34,49,9,-65,1
08/30/2004 15:33:00,243,33,50,9,-65,1
08/30/2004 15:34:00,243,31,50,8,-65,1
08/30/2004 15:35:00,243,31,49,8,-65,1
08/30/2004 15:36:00,243,30,49,8,-65,1
08/30/2004 15:37:00,243,31,50,8,-65,1
08/30/2004 15:38:00,243,32,51,8,-65,1
08/30/2004 15:39:00,243,34,52,7,-65,1
08/30/2004 15:40:00,243,35,53,7,-65,1
08/30/2004 15:41:00,243,38,55,7,-65,1
08/30/2004 15:42:00,243,40,57,7,-65,1
08/30/2004 15:43:00,243,43,59,7,-66,1
08/30/2004 15:44:00,243,43,59,7,-65,1
08/30/2004 15:45:00,243,45,61,7,-65,1
08/30/2004 15:46:00,243,47,61,7,-66,1
08/30/2004 15:47:00,243,48,64,7,-67,1
08/30/2004 15:48:00,243,49,64,7,-68,1
08/30/2004 15:49:00,243,49,65,7,-68,1
08/30/2004 15:50:00,243,48,63,7,-68,1
08/30/2004 15:51:00,243,47,63,7,-68,1
08/30/2004 15:52:00,243,48,63,6,-68,1
08/30/2004 15:53:00,243,47,62,6,-68,1
08/30/2004 15:54:00,243,47,63,6,-68,1
08/30/2004 15:55:00,243,45,61,6,-67,1
08/30/2004 15:56:00,243,45,62,6,-67,1
08/30/2004 15:57:00,243,43,62,6,-67,1
08/30/2004 15:58:00,243,41,61,6,-68,1
08/30/2004 15:59:00,243,40,61,6,-67,1
08/30/2004 16:00:00,243,40,62,6,-67,1
08/30/2004 16:01:00,243,41,61,6,-68,1
08/30/2004 16:02:00,243,39,60,6,-67,1
08/30/2004 16:03:00,243,38,60,6,-68,1
08/30/2004 16:04:00,243,37,59,6,-68,1
08/30/2004 16:05:00,243,36,58,6,-68,1
08/30/2004 16:06:00,243,35,58,6,-68,1
08/30/2004 16:07:00,243,34,57,6,-68,1
08/30/2004 16:08:00,243,33,58,7,-68,1
08/30/2004 16:09:00,243,32,58,7,-68,1
08/30/2004 16:10:00,243,32,58,7,-68,1
08/30/2004 16:11:00,243,31,57,7,-68,1
08/30/2004 16:12:00,243,31,57,7,-68,1
08/30/2004 16:13:00,243,30,56,7,-68,1
08/30/2004 16:14:00,243,30,56,7,-68,1
08/30/2004 16:15:00,243,30,55,8,-68,1
08/30/2004 16:16:00,243,30,54,8,-69,1
08/30/2004 16:17:00,243,30,54,8,-69,1
08/30/2004 16:18:00,243,31,54,8,-69,1
08/30/2004 16:19:00,243,31,54,8,-69,1
08/30/2004 16:20:00,243,31,54,7,-70,1
08/30/2004 16:21:00,243,31,54,7,-69,1
08/30/2004 16:22:00,243,30,54,7,-69,1
08/30/2004 16:23:00,243,31,53,7,-70,1
08/30/2004 16:24:00,243,30,52,7,-70,1
08/30/2004 16:25:00,243,29,52,8,-70,1
08/30/2004 16:26:00,243,28,53,8,-70,1
08/30/2004 16:27:00,243,27,53,8,-70,1
08/30/2004 16:28:00,243,27,52,8,-70,1
08/30/2004 16:29:00,243,27,53,8,-70,1
08/30/2004 16:30:00,243,25,53,8,-70,1
08/30/2004 16:31:00,243,27,54,8,-70,1
08/30/2004 16:32:00,243,29,55,8,-71,1
08/30/2004 16:33:00,243,32,56,8,-71,1
08/30/2004 16:34:00,243,34,55,8,-71,1
08/30/2004 16:35:00,243,36,55,8,-72,1
08/30/2004 16:36:00,243,38,55,8,-72,1
08/30/2004 16:37:00,243,40,54,8,-72,1
08/30/2004 16:38:00,243,41,54,9,-72,1
08/30/2004 16:39:00,243,42,53,9,-72,1
08/30/2004 16:40:00,243,44,54,9,-73,1
08/30/2004 16:41:00,243,44,54,9,-72,1
08/30/2004 16:42:00,243,43,53,10,-73,1
08/30/2004 16:43:00,243,43,51,10,-73,1
08/30/2004 16:44:00,243,43,51,9,-72,1
08/30/2004 16:45:00,243,42,51,9,-73,1
08/30/2004 16:46:00,243,40,52,9,-73,1
08/30/2004 16:47:00,243,38,51,9,-73,1
08/30/2004 16:48:00,243,37,51,9,-73,1
08/30/2004 16:49:00,243,36,52,8,-73,1
08/30/2004 16:50:00,243,35,51,8,-74,1
08/30/2004 16:51:00,243,36,51,8,-74,1
08/30/2004 16:52:00,243,35,51,8,-74,1
08/30/2004 16:53:00,243,35,52,8,-74,1
08/30/2004 16:54:00,243,36,53,7,-75,1
08/30/2004 16:55:00,243,38,57,7,-75,1
08/30/2004 16:56:00,243,40,59,7,-75,1
08/30/2004 16:57:00,243,41,62,7,-74,1
08/30/2004 16:58:00,243,43,66,7,-75,1
08/30/2004 16:59:00,243,47,69,6,-75,1
08/30/2004 17:00:00,243,51,71,6,-75,1
08/30/2004 17:01:00,243,56,76,5,-75,1
08/30/2004 17:02:00,243,60,78,5,-75,1
08/30/2004 17:03:00,243,62,80,4,-75,1
08/30/2004 17:04:00,243,64,82,4,-74,1
08/30/2004 17:05:00,243,67,85,4,-74,1
08/30/2004 17:06:00,243,68,86,3,-73,1
08/30/2004 17:07:00,243,68,86,3,-72,1
08/30/2004 17:08:00,243,68,87,3,-72,1
08/30/2004 17:09:00,243,68,88,3,-71,1
08/30/2004 17:10:00,243,67,87,3,-71,1
08/30/2004 17:11:00,243,67,88,3,-71,1
08/30/2004 17:12:00,243,65,89,2,-72,1
08/30/2004 17:13:00,243,62,88,2,-72,1
08/30/2004 17:14:00,243,58,88,2,-72,1
08/30/2004 17:15:00,243,53,87,2,-72,1
08/30/2004 17:16:00,243,50,87,3,-72,1
08/30/2004 17:17:00,243,47,86,3,-72,1
08/30/2004 17:18:00,243,44,86,2,-72,1
08/30/2004 17:19:00,243,41,86,2,-72,1
08/30/2004 17:20:00,243,37,86,2,-73,1
08/30/2004 17:21:00,243,35,86,2,-73,1
08/30/2004 17:22:00,243,32,86,2,-74,1
08/30/2004 17:23:00,243,30,86,2,-74,1
08/30/2004 17:24:00,243,29,85,2,-74,1
08/30/2004 17:25:00,243,27,83,2,-74,1
08/30/2004 17:26:00,243,29,81,2,-74,1
08/30/2004 17:27:00,243,30,78,2,-74,1
08/30/2004 17:28:00,243,31,78,2,-74,1
08/30/2004 17:29:00,243,30,76,1,-75,1
08/30/2004 17:30:00,243,30,74,1,-75,1
08/30/2004 17:31:00,243,31,74,1,-76,1
08/30/2004 17:32:00,243,32,73,0,-76,1
08/30/2004 17:33:00,243,31,72,1,-75,1
08/30/2004 17:34:00,243,33,71,1,-75,1
08/30/2004 17:35:00,243,34,71,1,-74,1
08/30/2004 17:36:00,243,34,72,1,-75,1
08/30/2004 17:37:00,243,34,73,1,-75,1
08/30/2004 17:38:00,243,35,73,1,-75,1
08/30/2004 17:39:00,243,35,73,1,-76,1
08/30/2004 17:40:00,243,36,72,1,-76,1
08/30/2004 17:41:00,243,36,72,0,-77,1
08/30/2004 17:42:00,243,36,71,0,-76,1
08/30/2004 17:43:00,243,36,70,0,-76,1
08/30/2004 17:44:00,243,37,70,0,-77,1
08/30/2004 17:45:00,243,36,69,0,-77,1
08/30/2004 17:46:00,243,37,68,0,-77,1
08/30/2004 17:47:00,243,37,67,0,-76,1
08/30/2004 17:48:00,243,36,66,0,-76,1
08/30/2004 17:49:00,243,36,65,0,-76,1
08/30/2004 17:50:00,243,34,64,1,-75,1
08/30/2004 17:51:00,243,34,63,1,-75,1
08/30/2004 17:52:00,243,34,64,1,-74,1
08/30/2004 17:53:00,243,33,63,1,-74,1
08/30/2004 17:54:00,243,34,64,1,-75,1
08/30/2004 17:55:00,243,34,63,2,-74,1
08/30/2004 17:56:00,243,34,62,2,-74,1
08/30/2004 17:57:00,243,33,63,2,-74,1
08/30/2004 17:58:00,243,33,63,2,-73,1
08/30/2004 17:59:00,243,32,64,2,-74,1
08/30/2004 18:00:00,243,33,65,2,-74,1
08/30/2004 18:01:00,243,34,65,2,-74,1
08/30/2004 18:02:00,243,33,67,2,-75,1
08/30/2004 18:03:00,243,33,67,2,-75,1
08/30/2004 18:04:00,243,32,68,1,-75,1
08/30/2004 18:05:00,243,33,68,1,-75,1
08/30/2004 18:06:00,243,32,70,1,-75,1
08/30/2004 18:07:00,243,31,70,1,-75,1
08/30/2004 18:08:00,243,31,70,1,-75,1
08/30/2004 18:09:00,243,31,71,1,-75,1
08/30/2004 18:10:00,243,30,71,0,-75,1
08/30/2004 18:11:00,243,30,70,0,-76,1
08/30/2004 18:12:00,243,30,69,0,-76,1
08/30/2004 18:13:00,243,31,69,0,-76,1
08/30/2004 18:14:00,243,31,69,0,-76,1
08/30/2004 18:15:00,243,32,69,0,-76,1
08/30/2004 18:16:00,243,33,67,-1,-76,1
08/30/2004 18:17:00,243,33,67,0,-76,1
08/30/2004 18:18:00,243,34,65,0,-76,1
08/30/2004 18:19:00,243,35,64,0,-77,1
08/30/2004 18:20:00,243,36,64,0,-77,1
08/30/2004 18:21:00,243,38,63,1,-77,1
08/30/2004 18:22:00,243,38,63,1,-77,1
08/30/2004 18:23:00,243,37,62,1,-77,1
08/30/2004 18:24:00,243,38,63,1,-78,1
08/30/2004 18:25:00,243,39,63,1,-78,1
08/30/2004 18:26:00,243,41,63,1,-78,1
08/30/2004 18:27:00,243,40,63,1,-78,1
08/30/2004 18:28:00,243,41,63,2,-79,1
08/30/2004 18:29:00,243,41,64,2,-79,1
08/30/2004 18:30:00,243,41,66,2,-80,1
08/30/2004 18:31:00,243,42,67,2,-80,1
08/30/2004 18:32:00,243,43,69,2,-80,1
08/30/2004 18:33:00,243,44,70,3,-80,1
08/30/2004 18:34:00,243,44,72,3,-80,1
08/30/2004 18:35:00,243,45,74,3,-80,1
08/30/2004 18:36:00,243,46,75,3,-80,1
08/30/2004 18:37:00,243,45,77,3,-80,1
08/30/2004 18:38:00,243,46,78,2,-80,1
08/30/2004 18:39:00,243,47,78,2,-81,1
08/30/2004 18:40:00,243,48,80,2,-81,1
08/30/2004 18:41:00,243,48,80,2,-81,1
08/30/2004 18:42:00,243,47,81,2,-81,1
08/30/2004 18:43:00,243,48,81,2,-80,1
08/30/2004 18:44:00,243,49,81,2,-80,1
08/30/2004 18:45:00,243,49,82,2,-80,1
08/30/2004 18:46:00,243,48,81,1,-80,1
08/30/2004 18:47:00,243,47,81,1,-80,1
08/30/2004 18:48:00,243,48,81,1,-80,1
08/30/2004 18:49:00,243,48,82,1,-80,1
08/30/2004 18:50:00,243,47,82,1,-81,1
08/30/2004 18:51:00,243,48,83,1,-80,1
08/30/2004 18:52:00,243,46,82,1,-80,1
08/30/2004 18:53:00,243,45,82,1,-80,1
08/30/2004 18:54:00,243,45,81,0,-80,1
08/30/2004 18:55:00,243,43,80,0,-80,1
08/30/2004 18:56:00,243,44,80,0,-81,1
08/30/2004 18:57:00,243,45,80,0,-82,1
08/30/2004 18:58:00,243,47,82,0,-82,1
08/30/2004 18:59:00,243,48,82,0,-82,1
08/30/2004 19:00:00,243,49,83,0,-83,1
08/30/2004 19:01:00,243,50,85,0,-82,1
08/30/2004 19:02:00,243,50,85,1,-82,1
08/30/2004 19:03:00,243,50,86,1,-82,1
08/30/2004 19:04:00,243,50,87,1,-81,1
08/30/2004 19:05:00,243,51,90,1,-81,1
08/30/2004 19:06:00,243,52,90,2,-81,1
08/30/2004 19:07:00,243,53,92,2,-81,1
08/30/2004 19:08:00,243,54,93,2,-81,1
08/30/2004 19:09:00,243,54,94,2,-81,1
08/30/2004 19:10:00,243,55,95,2,-81,1
08/30/2004 19:11:00,243,56,95,2,-81,1
08/30/2004 19:12:00,243,57,94,2,-82,1
08/30/2004 19:13:00,243,57,95,2,-82,1
08/30/2004 19:14:00,243,57,94,1,-82,1
08/30/2004 19:15:00,243,57,94,1,-82,1
08/30/2004 19:16:00,243,57,94,1,-82,1
08/30/2004 19:17:00,243,56,93,1,-81,1
08/30/2004 19:18:00,243,56,93,0,-82,1
08/30/2004 19:19:00,243,55,92,0,-82,1
08/30/2004 19:20:00,243,53,90,0,-81,1
08/30/2004 19:21:00,243,52,89,0,-81,1
08/30/2004 19:22:00,243,51,89,0,-82,1
08/30/2004 19:23:00,243,51,89,0,-83,1
08/30/2004 19:24:00,243,51,89,-1,-82,1
08/30/2004 19:25:00,243,52,88,-1,-83,1
08/30/2004 19:26:00,243,50,89,-1,-83,1
08/30/2004 19:27:00,243,49,89,-1,-83,1
08/30/2004 19:28:00,243,47,88,-1,-83,1
08/30/2004 19:29:00,243,47,88,-2,-83,1
08/30/2004 19:30:00,243,47,87,-2,-84,1
08/30/2004 19:31:00,243,48,87,-2,-85,1
08/30/2004 19:32:00,243,49,87,-2,-85,1
08/30/2004 19:33:00,243,50,86,-2,-86,1
08/30/2004 19:34:00,243,50,86,-2,-87,1
08/30/2004 19:35:00,243,50,86,-2,-87,1
08/30/2004 19:36:00,243,50,86,-2,-87,1
08/30/2004 19:37:00,243,50,85,-2,-87,1
08/30/2004 19:38:00,243,49,84,-2,-87,1
08/30/2004 19:39:00,243,50,84,-2,-87,1
08/30/2004 19:40:00,243,52,84,-2,-87,1
08/30/2004 19:41:00,243,51,84,-2,-87,1
08/30/2004 19:42:00,243,50,84,-2,-87,1
08/30/2004 19:43:00,243,51,85,-2,-88,1
08/30/2004 19:44:00,243,53,87,-2,-89,1
08/30/2004 19:45:00,243,53,87,-2,-90,1
08/30/2004 19:46:00,243,54,87,-2,-92,1
08/30/2004 19:47:00,243,55,87,-2,-93,1
08/30/2004 19:48:00,243,56,88,-2,-95,1
08/30/2004 19:49:00,243,56,89,-2,-95,1
08/30/2004 19:50:00,243,57,90,-2,-96,1
08/30/2004 19:51:00,243,58,89,-2,-96,1
08/30/2004 19:52:00,243,57,90,-2,-96,1
08/30/2004 19:53:00,243,58,90,-2,-97,1
08/30/2004 19:54:00,243,57,89,-2,-97,1
08/30/2004 19:55:00,243,57,88,-2,-97,1
08/30/2004 19:56:00,243,58,89,-2,-96,1
08/30/2004 19:57:00,243,59,90,-1,-96,1
08/30/2004 19:58:00,243,60,91,-1,-95,1
08/30/2004 19:59:00,243,60,91,-1,-95,1
08/30/2004 20:00:00,243,62,93,-1,-95,1
08/30/2004 20:01:00,243,63,93,-1,-96,1
08/30/2004 20:02:00,243,62,94,-1,-96,1
08/30/2004 20:03:00,243,61,96,-1,-96,1
08/30/2004 20:04:00,243,60,95,-1,-98,1
08/30/2004 20:05:00,243,61,96,-1,-101,1
08/30/2004 20:06:00,243,64,96,-1,-103,1
08/30/2004 20:07:00,243,67,96,-1,-104,1
08/30/2004 20:08:00,243,68,98,-2,-105,1
08/30/2004 20:09:00,243,67,98,-2,-105,1
08/30/2004 20:10:00,243,66,97,-2,-104,1
08/30/2004 20:11:00,243,65,96,-2,-104,1
08/30/2004 20:12:00,243,63,93,-3,-103,1
08/30/2004 20:13:00,243,62,93,-3,-103,1
08/30/2004 20:14:00,243,61,90,-3,-103,1
08/30/2004 20:15:00,243,60,89,-3,-104,1
08/30/2004 20:16:00,243,59,87,-3,-104,1
08/30/2004 20:17:00,243,59,85,-3,-103,1
08/30/2004 20:18:00,243,61,84,-3,-102,1
08/30/2004 20:19:00,243,60,83,-3,-102,1
08/30/2004 20:20:00,243,61,83,-3,-101,1
08/30/2004 20:21:00,243,61,81,-3,-99,1
08/30/2004 20:22:00,243,61,80,-3,-99,1
08/30/2004 20:23:00,243,61,80,-3,-98,1
08/30/2004 20:24:00,243,60,81,-4,-97,1
08/30/2004 20:25:00,243,61,82,-4,-96,1
08/30/2004 20:26:00,243,60,84,-4,-95,1
08/30/2004 20:27:00,243,60,85,-4,-95,1
08/30/2004 20:28:00,243,60,85,-4,-94,1
08/30/2004 20:29:00,243,59,86,-5,-93,1
08/30/2004 20:30:00,243,58,87,-5,-93,1
08/30/2004 20:31:00,243,57,88,-5,-93,1
08/30/2004 20:32:00,243,58,89,-5,-92,1
08/30/2004 20:33:00,243,58,85,-5,-94,1
08/30/2004 20:34:00,243,58,85,-5,-95,1
08/30/2004 20:35:00,243,59,83,-5,-96,1
08/30/2004 20:36:00,243,60,82,-5,-96,1
08/30/2004 20:37:00,243,60,84,-5,-96,1
08/30/2004 20:38:00,243,59,90,-5,-95,1
08/30/2004 20:39:00,243,58,95,-6,-93,1
08/30/2004 20:40:00,243,56,97,-6,-92,1
08/30/2004 20:41:00,243,57,98,-6,-92,1
08/30/2004 20:42:00,243,57,102,-7,-91,1
08/30/2004 20:43:00,243,57,102,-7,-91,1
08/30/2004 20:44:00,243,56,106,-7,-90,1
08/30/2004 20:45:00,243,57,110,-8,-89,1
08/30/2004 20:46:00,243,58,109,-8,-89,1
08/30/2004 20:47:00,243,58,108,-9,-90,1
08/30/2004 20:48:00,243,62,111,-9,-88,1
08/30/2004 20:49:00,243,64,108,-10,-89,1
08/30/2004 20:50:00,243,68,107,-11,-89,1
08/30/2004 20:51:00,243,68,104,-11,-89,1
08/30/2004 20:52:00,243,69,97,-11,-91,1
08/30/2004 20:53:00,243,71,90,-11,-93,1
08/30/2004 20:54:00,243,71,87,-11,-95,1
08/30/2004 20:55:00,243,73,85,-11,-96,1
08/30/2004 20:56:00,243,75,83,-10,-96,1
08/30/2004 20:57:00,243,76,83,-10,-97,1
08/30/2004 20:58:00,243,76,79,-10,-98,1
08/30/2004 20:59:00,243,76,78,-9,-99,1
08/30/2004 21:00:00,243,75,80,-8,-101,1
08/30/2004 21:01:00,243,75,83,-8,-102,1
08/30/2004 21:02:00,243,77,85,-8,-103,1
08/30/2004 21:03:00,243,76,87,-7,-104,1
08/30/2004 21:04:00,243,76,88,-7,-104,1
08/30/2004 21:05:00,243,75,89,-7,-104,1
08/30/2004 21:06:00,243,74,89,-7,-103,1
08/30/2004 21:07:00,243,72,89,-7,-104,1
08/30/2004 21:08:00,243,72,89,-7,-104,1
08/30/2004 21:09:00,243,72,88,-6,-103,1
08/30/2004 21:10:00,243,72,88,-6,-103,1
08/30/2004 21:11:00,243,72,87,-6,-102,1
08/30/2004 21:12:00,243,71,87,-6,-102,1
08/30/2004 21:13:00,243,70,89,-6,-101,1
08/30/2004 21:14:00,243,69,92,-7,-100,1
08/30/2004 21:15:00,243,69,99,-6,-97,1
08/30/2004 21:16:00,243,69,107,-6,-95,1
08/30/2004 21:17:00,243,73,111,-6,-93,1
08/30/2004 21:18:00,243,76,113,-7,-91,1
08/30/2004 21:19:00,243,78,115,-7,-89,1
08/30/2004 21:20:00,243,80,120,-8,-87,1
08/30/2004 21:21:00,243,83,121,-8,-86,1
08/30/2004 21:22:00,243,85,122,-9,-85,1
08/30/2004 21:23:00,243,86,123,-9,-83,1
08/30/2004 21:24:00,243,87,122,-10,-83,1
08/30/2004 21:25:00,243,88,120,-11,-84,1
08/30/2004 21:26:00,243,88,118,-11,-86,1
08/30/2004 21:27:00,243,90,112,-11,-88,1
08/30/2004 21:28:00,243,90,107,-12,-91,1
08/30/2004 21:29:00,243,89,104,-12,-93,1
08/30/2004 21:30:00,243,86,102,-12,-94,1
08/30/2004 21:31:00,243,84,102,-12,-96,1
08/30/2004 21:32:00,243,83,100,-12,-97,1
08/30/2004 21:33:00,243,82,98,-13,-99,1
08/30/2004 21:34:00,243,81,92,-13,-100,1
08/30/2004 21:35:00,243,78,86,-13,-103,1
08/30/2004 21:36:00,243,75,82,-13,-104,1
08/30/2004 21:37:00,243,71,76,-12,-106,1
08/30/2004 21:38:00,243,67,74,-11,-109,1
08/30/2004 21:39:00,243,62,72,-11,-113,1
08/30/2004 21:40:00,243,57,71,-10,-115,1
08/30/2004 21:41:00,243,57,74,-9,-112,1
08/30/2004 21:42:00,243,59,87,-9,-108,1
08/30/2004 21:43:00,243,60,92,-9,-105,1
08/30/2004 21:44:00,243,62,90,-9,-106,1
08/30/2004 21:45:00,243,65,88,-10,-105,1
08/30/2004 21:46:00,243,66,83,-11,-106,1
08/30/2004 21:47:00,243,65,80,-11,-109,1
08/30/2004 21:48:00,243,64,81,-10,-112,1
08/30/2004 21:49:00,243,66,81,-10,-113,1
08/30/2004 21:50:00,243,69,81,-10,-114,1
08/30/2004 21:51:00,243,72,81,-10,-115,1
08/30/2004 21:52:00,243,77,80,-10,-116,1
08/30/2004 21:53:00,243,79,80,-10,-116,1
08/30/2004 21:54:00,243,80,81,-11,-116,1
08/30/2004 21:55:00,243,82,83,-11,-115,1
08/30/2004 21:56:00,243,79,85,-12,-115,1
08/30/2004 21:57:00,243,74,90,-12,-112,1
08/30/2004 21:58:00,243,70,93,-13,-111,1
08/30/2004 21:59:00,243,72,93,-14,-109,1
08/30/2004 22:00:00,243,73,93,-14,-107,1
08/30/2004 22:01:00,243,76,90,-15,-107,1
08/30/2004 22:02:00,243,77,88,-16,-107,1
08/30/2004 22:03:00,243,79,88,-17,-107,1
08/30/2004 22:04:00,243,81,90,-18,-107,1
08/30/2004 22:05:00,243,79,90,-18,-106,1
08/30/2004 22:06:00,243,78,91,-18,-106,1
08/30/2004 22:07:00,243,76,92,-18,-105,1
08/30/2004 22:08:00,243,75,92,-18,-105,1
08/30/2004 22:09:00,243,73,91,-18,-105,1
08/30/2004 22:10:00,243,72,90,-19,-107,1
08/30/2004 22:11:00,243,70,92,-19,-108,1
08/30/2004 22:12:00,243,69,94,-19,-109,1
08/30/2004 22:13:00,243,68,96,-20,-109,1
08/30/2004 22:14:00,243,67,97,-20,-110,1
08/30/2004 22:15:00,243,67,99,-21,-112,1
08/30/2004 22:16:00,243,67,103,-21,-112,1
08/30/2004 22:17:00,243,65,105,-21,-110,1
08/30/2004 22:18:00,243,64,105,-21,-110,1
08/30/2004 22:19:00,243,62,105,-22,-111,1
08/30/2004 22:20:00,243,60,104,-21,-111,1
08/30/2004 22:21:00,243,62,102,-22,-111,1
08/30/2004 22:22:00,243,61,99,-22,-112,1
08/30/2004 22:23:00,243,61,97,-22,-113,1
08/30/2004 22:24:00,243,60,96,-22,-113,1
08/30/2004 22:25:00,243,58,94,-22,-113,1
08/30/2004 22:26:00,243,58,95,-21,-115,1
08/30/2004 22:27:00,243,57,97,-21,-115,1
08/30/2004 22:28:00,243,57,99,-20,-116,1
08/30/2004 22:29:00,243,56,101,-20,-116,1
08/30/2004 22:30:00,243,56,102,-20,-115,1
08/30/2004 22:31:00,243,57,104,-19,-113,1
08/30/2004 22:32:00,243,58,102,-20,-112,1
08/30/2004 22:33:00,243,60,100,-20,-112,1
08/30/2004 22:34:00,243,60,101,-19,-112,1
08/30/2004 22:35:00,243,63,101,-19,-110,1
08/30/2004 22:36:00,243,65,100,-19,-108,1
08/30/2004 22:37:00,243,67,97,-19,-106,1
08/30/2004 22:38:00,243,71,95,-19,-105,1
08/30/2004 22:39:00,243,73,93,-18,-109,1
08/30/2004 22:40:00,243,74,93,-16,-114,1
08/30/2004 22:41:00,243,77,94,-15,-117,1
08/30/2004 22:42:00,243,81,97,-15,-118,1
08/30/2004 22:43:00,243,90,102,-15,-121,1
08/30/2004 22:44:00,243,94,109,-14,-124,1
08/30/2004 22:45:00,243,99,113,-14,-125,1
08/30/2004 22:46:00,243,103,119,-14,-127,1
08/30/2004 22:47:00,243,103,122,-16,-128,1
08/30/2004 22:48:00,243,101,122,-16,-128,1
08/30/2004 22:49:00,243,96,122,-16,-128,1
08/30/2004 22:50:00,243,89,120,-16,-128,1
08/30/2004 22:51:00,243,84,117,-16,-128,1
08/30/2004 22:52:00,243,82,115,-16,-128,1
08/30/2004 22:53:00,243,81,114,-16,-128,1
08/30/2004 22:54:00,243,79,110,-15,-127,1
08/30/2004 22:55:00,243,79,107,-15,-127,1
08/30/2004 22:56:00,243,77,105,-15,-126,1
08/30/2004 22:57:00,243,75,102,-14,-125,1
08/30/2004 22:58:00,243,74,100,-14,-125,1
08/30/2004 22:59:00,243,74,98,-14,-124,1
08/30/2004 23:00:00,243,78,96,-14,-123,1
08/30/2004 23:01:00,243,80,95,-14,-123,1
08/30/2004 23:02:00,243,85,96,-14,-123,1
08/30/2004 23:03:00,243,89,96,-15,-123,1
08/30/2004 23:04:00,243,92,96,-15,-123,1
08/30/2004 23:05:00,243,95,95,-15,-123,1
08/30/2004 23:06:00,243,97,92,-15,-122,1
08/30/2004 23:07:00,243,99,91,-15,-122,1
08/30/2004 23:08:00,243,100,89,-15,-121,1
08/30/2004 23:09:00,243,101,87,-16,-120,1
08/30/2004 23:10:00,243,101,86,-16,-120,1
08/30/2004 23:11:00,243,102,83,-16,-119,1
08/30/2004 23:12:00,243,104,80,-17,-118,1
08/30/2004 23:13:00,243,105,77,-17,-118,1
08/30/2004 23:14:00,243,106,74,-17,-118,1
08/30/2004 23:15:00,243,105,72,-17,-117,1
08/30/2004 23:16:00,243,105,68,-17,-117,1
08/30/2004 23:17:00,243,105,67,-17,-118,1
08/30/2004 23:18:00,243,107,66,-18,-118,1
08/30/2004 23:19:00,243,107,66,-18,-116,1
08/30/2004 23:20:00,243,106,66,-17,-115,1
08/30/2004 23:21:00,243,104,63,-17,-114,1
08/30/2004 23:22:00,243,104,62,-17,-113,1
08/30/2004 23:23:00,243,103,60,-16,-113,1
08/30/2004 23:24:00,243,100,57,-15,-111,1
08/30/2004 23:25:00,243,98,54,-15,-110,1
08/30/2004 23:26:00,243,95,52,-14,-110,1
08/30/2004 23:27:00,243,93,52,-12,-111,1
08/30/2004 23:28:00,243,90,59,-11,-112,1
08/30/2004 23:29:00,243,91,65,-11,-113,1
08/30/2004 23:30:00,243,91,70,-10,-114,1
08/30/2004 23:31:00,243,90,74,-8,-116,1
08/30/2004 23:32:00,243,86,75,-7,-117,1
08/30/2004 23:33:00,243,83,73,-5,-117,1
08/30/2004 23:34:00,243,84,68,-3,-117,1
08/30/2004 23:35:00,243,85,61,-2,-117,1
08/30/2004 23:36:00,243,84,60,0,-116,1
08/30/2004 23:37:00,243,79,56,1,-114,1
08/30/2004 23:38:00,243,75,51,1,-111,1
08/30/2004 23:39:00,243,70,46,1,-110,1
08/30/2004 23:40:00,243,64,44,0,-109,1
08/30/2004 23:41:00,243,61,42,0,-109,1
08/30/2004 23:42:00,243,63,45,-1,-109,1
08/30/2004 23:43:00,243,66,47,-1,-109,1
08/30/2004 23:44:00,243,66,48,-2,-109,1
08/30/2004 23:45:00,243,65,48,-3,-109,1
08/30/2004 23:46:00,243,63,47,-4,-109,1
08/30/2004 23:47:00,243,60,44,-5,-109,1
08/30/2004 23:48:00,243,60,43,-5,-109,1
08/30/2004 23:49:00,243,59,39,-6,-108,1
08/30/2004 23:50:00,243,58,35,-6,-107,1
08/30/2004 23:51:00,243,57,33,-7,-107,1
08/30/2004 23:52:00,243,55,30,-7,-106,1
08/30/2004 23:53:00,243,53,27,-6,-105,1
08/30/2004 23:54:00,243,52,25,-6,-104,1
08/30/2004 23:55:00,243,51,23,-6,-103,1
08/30/2004 23:56:00,243,50,21,-6,-103,1
08/30/2004 23:57:00,243,51,22,-6,-103,1
08/30/2004 23:58:00,243,52,23,-6,-103,1
08/30/2004 23:59:00,243,52,23,-5,-103,1
