DateTime,DOY,ASY_D,ASY_H,SYM_D,SYM_H,Location
04/11/2001 00:00:00,101,13,23,-1,-14,1
04/11/2001 00:01:00,101,13,23,-1,-14,1
04/11/2001 00:02:00,101,13,23,-1,-14,1
04/11/2001 00:03:00,101,13,24,-1,-15,1
04/11/2001 00:04:00,101,13,24,-2,-15,1
04/11/2001 00:05:00,101,13,25,-2,-15,1
04/11/2001 00:06:00,101,12,24,-1,-15,1
04/11/2001 00:07:00,101,12,25,-1,-15,1
04/11/2001 00:08:00,101,12,26,-1,-16,1
04/11/2001 00:09:00,101,12,25,-1,-15,1
04/11/2001 00:10:00,101,12,25,-1,-15,1
04/11/2001 00:11:00,101,12,25,-1,-15,1
04/11/2001 00:12:00,101,11,25,-1,-16,1
04/11/2001 00:13:00,101,11,25,-1,-16,1
04/11/2001 00:14:00,101,12,25,-1,-17,1
04/11/2001 00:15:00,101,11,25,-1,-17,1
04/11/2001 00:16:00,101,11,25,-1,-17,1
04/11/2001 00:17:00,101,12,25,-1,-17,1
04/11/2001 00:18:00,101,12,25,-1,-17,1
04/11/2001 00:19:00,101,12,25,-1,-17,1
04/11/2001 00:20:00,101,12,25,-1,-18,1
04/11/2001 00:21:00,101,12,25,-1,-18,1
04/11/2001 00:22:00,101,12,26,-1,-18,1
04/11/2001 00:23:00,101,13,25,-1,-18,1
04/11/2001 00:24:00,101,12,25,-1,-18,1
04/11/2001 00:25:00,101,13,25,0,-18,1
04/11/2001 00:26:00,101,14,25,0,-17,1
04/11/2001 00:27:00,101,15,25,0,-17,1
04/11/2001 00:28:00,101,16,25,0,-18,1
04/11/2001 00:29:00,101,18,26,0,-17,1
04/11/2001 00:30:00,101,20,26,0,-17,1
04/11/2001 00:31:00,101,20,27,0,-17,1
04/11/2001 00:32:00,101,21,25,0,-17,1
04/11/2001 00:33:00,101,20,25,0,-17,1
04/11/2001 00:34:00,101,20,25,0,-17,1
04/11/2001 00:35:00,101,19,25,0,-17,1
04/11/2001 00:36:00,101,17,25,0,-17,1
04/11/2001 00:37:00,101,16,24,0,-17,1
04/11/2001 00:38:00,101,16,24,0,-17,1
04/11/2001 00:39:00,101,15,24,0,-17,1
04/11/2001 00:40:00,101,14,24,0,-17,1
04/11/2001 00:41:00,101,15,25,0,-18,1
04/11/2001 00:42:00,101,14,24,0,-18,1
04/11/2001 00:43:00,101,14,23,0,-18,1
04/11/2001 00:44:00,101,15,23,0,-18,1
04/11/2001 00:45:00,101,14,23,0,-18,1
04/11/2001 00:46:00,101,14,22,0,-18,1
04/11/2001 00:47:00,101,15,22,0,-18,1
04/11/2001 00:48:00,101,15,22,0,-18,1
04/11/2001 00:49:00,101,16,21,0,-17,1
04/11/2001 00:50:00,101,16,21,1,-17,1
04/11/2001 00:51:00,101,18,22,1,-16,1
04/11/2001 00:52:00,101,18,21,0,-16,1
04/11/2001 00:53:00,101,18,20,1,-16,1
04/11/2001 00:54:00,101,20,21,1,-16,1
04/11/2001 00:55:00,101,20,21,1,-15,1
04/11/2001 00:56:00,101,20,21,0,-15,1
04/11/2001 00:57:00,101,20,20,1,-15,1
04/11/2001 00:58:00,101,21,20,1,-15,1
04/11/2001 00:59:00,101,21,20,1,-16,1
04/11/2001 01:00:00,101,20,21,0,-16,1
04/11/2001 01:01:00,101,20,21,1,-16,1
04/11/2001 01:02:00,101,21,21,1,-16,1
04/11/2001 01:03:00,101,21,20,1,-16,1
04/11/2001 01:04:00,101,21,20,0,-16,1
04/11/2001 01:05:00,101,20,21,1,-16,1
04/11/2001 01:06:00,101,20,21,1,-16,1
04/11/2001 01:07:00,101,20,22,1,-16,1
04/11/2001 01:08:00,101,20,22,1,-17,1
04/11/2001 01:09:00,101,19,22,1,-17,1
04/11/2001 01:10:00,101,21,23,1,-17,1
04/11/2001 01:11:00,101,19,23,1,-17,1
04/11/2001 01:12:00,101,19,23,1,-17,1
04/11/2001 01:13:00,101,18,24,1,-18,1
04/11/2001 01:14:00,101,18,23,1,-18,1
04/11/2001 01:15:00,101,17,23,1,-18,1
04/11/2001 01:16:00,101,17,23,1,-19,1
04/11/2001 01:17:00,101,17,22,1,-19,1
04/11/2001 01:18:00,101,17,22,0,-19,1
04/11/2001 01:19:00,101,17,22,0,-19,1
04/11/2001 01:20:00,101,17,21,0,-19,1
04/11/2001 01:21:00,101,17,21,0,-19,1
04/11/2001 01:22:00,101,16,21,0,-20,1
04/11/2001 01:23:00,101,16,21,0,-20,1
04/11/2001 01:24:00,101,14,20,0,-20,1
04/11/2001 01:25:00,101,15,20,0,-20,1
04/11/2001 01:26:00,101,15,21,0,-20,1
04/11/2001 01:27:00,101,16,20,0,-20,1
04/11/2001 01:28:00,101,16,21,0,-19,1
04/11/2001 01:29:00,101,17,20,0,-20,1
04/11/2001 01:30:00,101,17,20,0,-19,1
04/11/2001 01:31:00,101,18,20,0,-19,1
04/11/2001 01:32:00,101,18,20,0,-19,1
04/11/2001 01:33:00,101,16,19,0,-20,1
04/11/2001 01:34:00,101,17,20,0,-20,1
04/11/2001 01:35:00,101,17,20,0,-20,1
04/11/2001 01:36:00,101,17,20,0,-20,1
04/11/2001 01:37:00,101,16,20,0,-21,1
04/11/2001 01:38:00,101,15,19,0,-21,1
04/11/2001 01:39:00,101,15,19,0,-21,1
04/11/2001 01:40:00,101,14,19,0,-21,1
04/11/2001 01:41:00,101,15,19,0,-21,1
04/11/2001 01:42:00,101,14,19,0,-21,1
04/11/2001 01:43:00,101,13,19,0,-21,1
04/11/2001 01:44:00,101,13,18,0,-21,1
04/11/2001 01:45:00,101,13,19,0,-21,1
04/11/2001 01:46:00,101,12,19,1,-21,1
04/11/2001 01:47:00,101,12,19,1,-21,1
04/11/2001 01:48:00,101,12,18,1,-21,1
04/11/2001 01:49:00,101,11,19,1,-20,1
04/11/2001 01:50:00,101,10,21,1,-20,1
04/11/2001 01:51:00,101,10,22,1,-20,1
04/11/2001 01:52:00,101,9,21,2,-20,1
04/11/2001 01:53:00,101,10,22,2,-20,1
04/11/2001 01:54:00,101,9,22,2,-20,1
04/11/2001 01:55:00,101,9,24,2,-20,1
04/11/2001 01:56:00,101,8,25,2,-20,1
04/11/2001 01:57:00,101,8,26,2,-20,1
04/11/2001 01:58:00,101,9,27,2,-20,1
04/11/2001 01:59:00,101,8,28,2,-20,1
04/11/2001 02:00:00,101,8,28,2,-20,1
04/11/2001 02:01:00,101,8,27,2,-20,1
04/11/2001 02:02:00,101,8,27,2,-20,1
04/11/2001 02:03:00,101,7,25,2,-20,1
04/11/2001 02:04:00,101,7,23,1,-21,1
04/11/2001 02:05:00,101,7,21,2,-21,1
04/11/2001 02:06:00,101,5,21,2,-21,1
04/11/2001 02:07:00,101,5,20,1,-21,1
04/11/2001 02:08:00,101,5,18,1,-22,1
04/11/2001 02:09:00,101,6,17,1,-22,1
04/11/2001 02:10:00,101,7,16,1,-21,1
04/11/2001 02:11:00,101,6,17,1,-20,1
04/11/2001 02:12:00,101,7,20,1,-19,1
04/11/2001 02:13:00,101,6,18,1,-19,1
04/11/2001 02:14:00,101,6,18,2,-18,1
04/11/2001 02:15:00,101,6,19,2,-17,1
04/11/2001 02:16:00,101,7,19,2,-17,1
04/11/2001 02:17:00,101,7,19,2,-17,1
04/11/2001 02:18:00,101,7,18,2,-17,1
04/11/2001 02:19:00,101,6,17,2,-17,1
04/11/2001 02:20:00,101,6,18,2,-18,1
04/11/2001 02:21:00,101,6,18,2,-18,1
04/11/2001 02:22:00,101,5,17,2,-18,1
04/11/2001 02:23:00,101,5,16,2,-18,1
04/11/2001 02:24:00,101,5,16,2,-18,1
04/11/2001 02:25:00,101,6,16,2,-17,1
04/11/2001 02:26:00,101,6,17,2,-17,1
04/11/2001 02:27:00,101,7,15,2,-17,1
04/11/2001 02:28:00,101,7,14,2,-17,1
04/11/2001 02:29:00,101,7,15,1,-17,1
04/11/2001 02:30:00,101,7,14,1,-17,1
04/11/2001 02:31:00,101,7,14,1,-17,1
04/11/2001 02:32:00,101,7,13,1,-18,1
04/11/2001 02:33:00,101,7,13,2,-18,1
04/11/2001 02:34:00,101,7,13,2,-18,1
04/11/2001 02:35:00,101,7,13,2,-18,1
04/11/2001 02:36:00,101,7,15,2,-18,1
04/11/2001 02:37:00,101,5,17,2,-18,1
04/11/2001 02:38:00,101,6,18,3,-18,1
04/11/2001 02:39:00,101,7,19,3,-17,1
04/11/2001 02:40:00,101,7,21,4,-17,1
04/11/2001 02:41:00,101,7,21,4,-16,1
04/11/2001 02:42:00,101,9,24,4,-17,1
04/11/2001 02:43:00,101,9,25,4,-17,1
04/11/2001 02:44:00,101,9,28,4,-17,1
04/11/2001 02:45:00,101,10,28,4,-16,1
04/11/2001 02:46:00,101,10,29,4,-16,1
04/11/2001 02:47:00,101,10,29,4,-16,1
04/11/2001 02:48:00,101,10,31,4,-16,1
04/11/2001 02:49:00,101,8,32,4,-15,1
04/11/2001 02:50:00,101,8,32,4,-15,1
04/11/2001 02:51:00,101,7,31,4,-15,1
04/11/2001 02:52:00,101,6,30,4,-15,1
04/11/2001 02:53:00,101,7,28,4,-15,1
04/11/2001 02:54:00,101,6,30,4,-15,1
04/11/2001 02:55:00,101,7,29,4,-15,1
04/11/2001 02:56:00,101,8,28,3,-14,1
04/11/2001 02:57:00,101,7,28,4,-14,1
04/11/2001 02:58:00,101,8,29,3,-14,1
04/11/2001 02:59:00,101,7,27,3,-14,1
04/11/2001 03:00:00,101,8,26,3,-14,1
04/11/2001 03:01:00,101,8,25,3,-15,1
04/11/2001 03:02:00,101,7,24,3,-15,1
04/11/2001 03:03:00,101,8,24,2,-15,1
04/11/2001 03:04:00,101,9,23,3,-15,1
04/11/2001 03:05:00,101,10,22,2,-15,1
04/11/2001 03:06:00,101,11,21,2,-15,1
04/11/2001 03:07:00,101,11,20,2,-15,1
04/11/2001 03:08:00,101,9,20,2,-15,1
04/11/2001 03:09:00,101,9,20,2,-15,1
04/11/2001 03:10:00,101,9,20,2,-15,1
04/11/2001 03:11:00,101,9,19,2,-14,1
04/11/2001 03:12:00,101,9,19,2,-15,1
04/11/2001 03:13:00,101,10,18,2,-15,1
04/11/2001 03:14:00,101,10,18,2,-15,1
04/11/2001 03:15:00,101,10,19,2,-15,1
04/11/2001 03:16:00,101,10,20,2,-15,1
04/11/2001 03:17:00,101,10,20,2,-15,1
04/11/2001 03:18:00,101,12,20,2,-14,1
04/11/2001 03:19:00,101,12,20,2,-14,1
04/11/2001 03:20:00,101,12,21,2,-14,1
04/11/2001 03:21:00,101,12,22,3,-14,1
04/11/2001 03:22:00,101,12,21,3,-14,1
04/11/2001 03:23:00,101,11,23,3,-15,1
04/11/2001 03:24:00,101,11,23,3,-15,1
04/11/2001 03:25:00,101,11,24,3,-15,1
04/11/2001 03:26:00,101,11,25,3,-15,1
04/11/2001 03:27:00,101,11,25,3,-15,1
04/11/2001 03:28:00,101,12,25,3,-15,1
04/11/2001 03:29:00,101,13,24,3,-15,1
04/11/2001 03:30:00,101,13,21,3,-16,1
04/11/2001 03:31:00,101,13,21,3,-16,1
04/11/2001 03:32:00,101,14,20,3,-17,1
04/11/2001 03:33:00,101,14,18,3,-18,1
04/11/2001 03:34:00,101,14,18,2,-18,1
04/11/2001 03:35:00,101,15,17,3,-18,1
04/11/2001 03:36:00,101,15,16,3,-18,1
04/11/2001 03:37:00,101,15,15,3,-18,1
04/11/2001 03:38:00,101,15,14,3,-19,1
04/11/2001 03:39:00,101,16,13,2,-20,1
04/11/2001 03:40:00,101,16,13,3,-20,1
04/11/2001 03:41:00,101,16,13,3,-20,1
04/11/2001 03:42:00,101,18,13,3,-20,1
04/11/2001 03:43:00,101,18,12,3,-20,1
04/11/2001 03:44:00,101,17,12,3,-20,1
04/11/2001 03:45:00,101,18,12,3,-21,1
04/11/2001 03:46:00,101,18,12,3,-21,1
04/11/2001 03:47:00,101,18,12,3,-21,1
04/11/2001 03:48:00,101,19,13,3,-22,1
04/11/2001 03:49:00,101,19,12,3,-22,1
04/11/2001 03:50:00,101,19,11,3,-22,1
04/11/2001 03:51:00,101,18,12,3,-22,1
04/11/2001 03:52:00,101,18,12,3,-22,1
04/11/2001 03:53:00,101,18,12,3,-22,1
04/11/2001 03:54:00,101,18,12,3,-22,1
04/11/2001 03:55:00,101,18,12,3,-22,1
04/11/2001 03:56:00,101,18,12,3,-22,1
04/11/2001 03:57:00,101,17,13,3,-22,1
04/11/2001 03:58:00,101,17,12,3,-22,1
04/11/2001 03:59:00,101,17,12,3,-23,1
04/11/2001 04:00:00,101,17,12,2,-22,1
04/11/2001 04:01:00,101,18,12,2,-22,1
04/11/2001 04:02:00,101,16,13,2,-21,1
04/11/2001 04:03:00,101,17,11,2,-20,1
04/11/2001 04:04:00,101,17,12,2,-20,1
04/11/2001 04:05:00,101,17,11,1,-20,1
04/11/2001 04:06:00,101,17,12,2,-20,1
04/11/2001 04:07:00,101,16,12,1,-20,1
04/11/2001 04:08:00,101,16,12,1,-20,1
04/11/2001 04:09:00,101,16,13,1,-20,1
04/11/2001 04:10:00,101,16,13,1,-20,1
04/11/2001 04:11:00,101,17,14,1,-20,1
04/11/2001 04:12:00,101,17,14,1,-20,1
04/11/2001 04:13:00,101,16,14,1,-20,1
04/11/2001 04:14:00,101,16,14,1,-20,1
04/11/2001 04:15:00,101,15,14,1,-20,1
04/11/2001 04:16:00,101,14,14,1,-20,1
04/11/2001 04:17:00,101,14,14,1,-20,1
04/11/2001 04:18:00,101,14,14,1,-20,1
04/11/2001 04:19:00,101,15,14,1,-20,1
04/11/2001 04:20:00,101,15,13,1,-20,1
04/11/2001 04:21:00,101,15,13,1,-20,1
04/11/2001 04:22:00,101,15,13,1,-20,1
04/11/2001 04:23:00,101,15,14,1,-20,1
04/11/2001 04:24:00,101,16,14,1,-20,1
04/11/2001 04:25:00,101,16,14,1,-20,1
04/11/2001 04:26:00,101,16,14,1,-20,1
04/11/2001 04:27:00,101,15,14,1,-20,1
04/11/2001 04:28:00,101,15,14,1,-20,1
04/11/2001 04:29:00,101,14,15,1,-21,1
04/11/2001 04:30:00,101,14,14,1,-21,1
04/11/2001 04:31:00,101,15,14,1,-21,1
04/11/2001 04:32:00,101,15,14,1,-20,1
04/11/2001 04:33:00,101,14,15,1,-20,1
04/11/2001 04:34:00,101,14,16,1,-20,1
04/11/2001 04:35:00,101,16,16,1,-20,1
04/11/2001 04:36:00,101,15,16,1,-21,1
04/11/2001 04:37:00,101,15,16,1,-20,1
04/11/2001 04:38:00,101,14,16,1,-20,1
04/11/2001 04:39:00,101,15,16,0,-20,1
04/11/2001 04:40:00,101,14,16,0,-20,1
04/11/2001 04:41:00,101,14,16,0,-20,1
04/11/2001 04:42:00,101,14,16,0,-20,1
04/11/2001 04:43:00,101,13,16,0,-20,1
04/11/2001 04:44:00,101,13,16,0,-20,1
04/11/2001 04:45:00,101,13,16,0,-20,1
04/11/2001 04:46:00,101,12,16,0,-20,1
04/11/2001 04:47:00,101,13,15,0,-20,1
04/11/2001 04:48:00,101,13,15,0,-20,1
04/11/2001 04:49:00,101,12,15,0,-20,1
04/11/2001 04:50:00,101,11,16,0,-20,1
04/11/2001 04:51:00,101,11,17,0,-19,1
04/11/2001 04:52:00,101,10,18,0,-19,1
04/11/2001 04:53:00,101,10,19,0,-19,1
04/11/2001 04:54:00,101,9,18,0,-19,1
04/11/2001 04:55:00,101,10,18,0,-18,1
04/11/2001 04:56:00,101,10,17,0,-18,1
04/11/2001 04:57:00,101,10,19,0,-18,1
04/11/2001 04:58:00,101,9,18,0,-18,1
04/11/2001 04:59:00,101,9,18,0,-18,1
04/11/2001 05:00:00,101,8,17,0,-18,1
04/11/2001 05:01:00,101,8,17,0,-18,1
04/11/2001 05:02:00,101,8,17,0,-18,1
04/11/2001 05:03:00,101,7,17,-1,-18,1
04/11/2001 05:04:00,101,7,17,-1,-17,1
04/11/2001 05:05:00,101,7,18,-1,-17,1
04/11/2001 05:06:00,101,7,17,-1,-18,1
04/11/2001 05:07:00,101,8,17,-1,-18,1
04/11/2001 05:08:00,101,8,17,-1,-18,1
04/11/2001 05:09:00,101,7,17,-1,-17,1
04/11/2001 05:10:00,101,7,17,-1,-17,1
04/11/2001 05:11:00,101,7,17,-1,-17,1
04/11/2001 05:12:00,101,7,16,-1,-18,1
04/11/2001 05:13:00,101,8,17,-1,-18,1
04/11/2001 05:14:00,101,7,16,-1,-17,1
04/11/2001 05:15:00,101,7,16,-1,-17,1
04/11/2001 05:16:00,101,7,17,-1,-17,1
04/11/2001 05:17:00,101,7,16,-1,-18,1
04/11/2001 05:18:00,101,7,15,-1,-18,1
04/11/2001 05:19:00,101,7,15,-1,-18,1
04/11/2001 05:20:00,101,7,16,-1,-18,1
04/11/2001 05:21:00,101,8,16,-1,-18,1
04/11/2001 05:22:00,101,8,16,-1,-18,1
04/11/2001 05:23:00,101,8,16,-1,-18,1
04/11/2001 05:24:00,101,8,17,-1,-18,1
04/11/2001 05:25:00,101,8,18,-1,-18,1
04/11/2001 05:26:00,101,8,18,-2,-17,1
04/11/2001 05:27:00,101,8,18,-2,-18,1
04/11/2001 05:28:00,101,8,17,-2,-17,1
04/11/2001 05:29:00,101,8,18,-2,-17,1
04/11/2001 05:30:00,101,9,19,-2,-17,1
04/11/2001 05:31:00,101,9,19,-2,-17,1
04/11/2001 05:32:00,101,9,20,-2,-17,1
04/11/2001 05:33:00,101,9,19,-2,-16,1
04/11/2001 05:34:00,101,9,19,-2,-16,1
04/11/2001 05:35:00,101,9,19,-2,-15,1
04/11/2001 05:36:00,101,9,19,-2,-15,1
04/11/2001 05:37:00,101,9,19,-3,-15,1
04/11/2001 05:38:00,101,9,19,-3,-15,1
04/11/2001 05:39:00,101,9,19,-2,-15,1
04/11/2001 05:40:00,101,10,20,-3,-15,1
04/11/2001 05:41:00,101,10,19,-3,-15,1
04/11/2001 05:42:00,101,11,19,-3,-15,1
04/11/2001 05:43:00,101,11,19,-3,-15,1
04/11/2001 05:44:00,101,11,20,-3,-15,1
04/11/2001 05:45:00,101,11,21,-3,-15,1
04/11/2001 05:46:00,101,13,22,-3,-15,1
04/11/2001 05:47:00,101,13,22,-3,-14,1
04/11/2001 05:48:00,101,14,23,-3,-14,1
04/11/2001 05:49:00,101,15,24,-3,-13,1
04/11/2001 05:50:00,101,15,25,-3,-13,1
04/11/2001 05:51:00,101,14,26,-3,-13,1
04/11/2001 05:52:00,101,14,27,-3,-12,1
04/11/2001 05:53:00,101,14,28,-3,-12,1
04/11/2001 05:54:00,101,14,27,-3,-12,1
04/11/2001 05:55:00,101,15,29,-3,-11,1
04/11/2001 05:56:00,101,14,29,-3,-11,1
04/11/2001 05:57:00,101,14,30,-3,-11,1
04/11/2001 05:58:00,101,14,30,-4,-11,1
04/11/2001 05:59:00,101,16,31,-3,-10,1
04/11/2001 06:00:00,101,16,32,-4,-10,1
04/11/2001 06:01:00,101,16,31,-3,-10,1
04/11/2001 06:02:00,101,18,31,-4,-10,1
04/11/2001 06:03:00,101,18,31,-4,-10,1
04/11/2001 06:04:00,101,19,31,-4,-10,1
04/11/2001 06:05:00,101,20,32,-4,-10,1
04/11/2001 06:06:00,101,21,33,-4,-10,1
04/11/2001 06:07:00,101,22,33,-4,-10,1
04/11/2001 06:08:00,101,21,33,-4,-10,1
04/11/2001 06:09:00,101,21,33,-4,-10,1
04/11/2001 06:10:00,101,20,32,-4,-10,1
04/11/2001 06:11:00,101,20,31,-4,-10,1
04/11/2001 06:12:00,101,20,32,-4,-10,1
04/11/2001 06:13:00,101,21,32,-4,-10,1
04/11/2001 06:14:00,101,21,32,-4,-10,1
04/11/2001 06:15:00,101,20,32,-4,-10,1
04/11/2001 06:16:00,101,19,31,-4,-9,1
04/11/2001 06:17:00,101,18,30,-4,-9,1
04/11/2001 06:18:00,101,18,29,-4,-9,1
04/11/2001 06:19:00,101,18,29,-4,-9,1
04/11/2001 06:20:00,101,18,29,-4,-9,1
04/11/2001 06:21:00,101,19,28,-4,-9,1
04/11/2001 06:22:00,101,19,27,-4,-10,1
04/11/2001 06:23:00,101,20,26,-4,-10,1
04/11/2001 06:24:00,101,20,25,-4,-11,1
04/11/2001 06:25:00,101,19,25,-4,-11,1
04/11/2001 06:26:00,101,18,24,-4,-11,1
04/11/2001 06:27:00,101,16,22,-4,-11,1
04/11/2001 06:28:00,101,15,21,-3,-11,1
04/11/2001 06:29:00,101,16,21,-3,-11,1
04/11/2001 06:30:00,101,16,20,-3,-11,1
04/11/2001 06:31:00,101,15,18,-3,-11,1
04/11/2001 06:32:00,101,14,17,-3,-12,1
04/11/2001 06:33:00,101,14,17,-3,-12,1
04/11/2001 06:34:00,101,14,16,-3,-12,1
04/11/2001 06:35:00,101,14,16,-3,-12,1
04/11/2001 06:36:00,101,14,16,-3,-12,1
04/11/2001 06:37:00,101,13,16,-2,-12,1
04/11/2001 06:38:00,101,14,15,-3,-12,1
04/11/2001 06:39:00,101,15,16,-3,-12,1
04/11/2001 06:40:00,101,14,15,-2,-12,1
04/11/2001 06:41:00,101,14,15,-2,-12,1
04/11/2001 06:42:00,101,14,15,-2,-11,1
04/11/2001 06:43:00,101,15,15,-2,-12,1
04/11/2001 06:44:00,101,13,14,-2,-12,1
04/11/2001 06:45:00,101,12,14,-2,-11,1
04/11/2001 06:46:00,101,11,14,-2,-12,1
04/11/2001 06:47:00,101,11,15,-2,-12,1
04/11/2001 06:48:00,101,11,14,-2,-12,1
04/11/2001 06:49:00,101,11,15,-2,-12,1
04/11/2001 06:50:00,101,10,14,-2,-12,1
04/11/2001 06:51:00,101,10,14,-2,-12,1
04/11/2001 06:52:00,101,10,14,-2,-12,1
04/11/2001 06:53:00,101,10,14,-1,-12,1
04/11/2001 06:54:00,101,10,14,-1,-12,1
04/11/2001 06:55:00,101,10,14,-1,-12,1
04/11/2001 06:56:00,101,11,15,-1,-12,1
04/11/2001 06:57:00,101,11,15,-1,-12,1
04/11/2001 06:58:00,101,10,14,-1,-11,1
04/11/2001 06:59:00,101,11,14,-1,-12,1
04/11/2001 07:00:00,101,11,14,-1,-11,1
04/11/2001 07:01:00,101,11,13,-1,-11,1
04/11/2001 07:02:00,101,10,14,-1,-11,1
04/11/2001 07:03:00,101,11,14,-1,-12,1
04/11/2001 07:04:00,101,11,14,-1,-12,1
04/11/2001 07:05:00,101,12,13,-1,-12,1
04/11/2001 07:06:00,101,12,13,-1,-12,1
04/11/2001 07:07:00,101,12,13,-1,-13,1
04/11/2001 07:08:00,101,13,13,0,-13,1
04/11/2001 07:09:00,101,13,13,0,-13,1
04/11/2001 07:10:00,101,13,13,0,-13,1
04/11/2001 07:11:00,101,13,14,0,-13,1
04/11/2001 07:12:00,101,13,13,-1,-14,1
04/11/2001 07:13:00,101,13,13,0,-14,1
04/11/2001 07:14:00,101,13,14,0,-14,1
04/11/2001 07:15:00,101,14,13,0,-14,1
04/11/2001 07:16:00,101,15,13,0,-14,1
04/11/2001 07:17:00,101,15,14,0,-14,1
04/11/2001 07:18:00,101,15,13,0,-15,1
04/11/2001 07:19:00,101,15,13,0,-15,1
04/11/2001 07:20:00,101,14,13,0,-15,1
04/11/2001 07:21:00,101,14,14,0,-15,1
04/11/2001 07:22:00,101,14,14,0,-15,1
04/11/2001 07:23:00,101,14,13,0,-15,1
04/11/2001 07:24:00,101,14,13,0,-15,1
04/11/2001 07:25:00,101,14,13,0,-15,1
04/11/2001 07:26:00,101,14,14,0,-15,1
04/11/2001 07:27:00,101,14,13,0,-15,1
04/11/2001 07:28:00,101,14,13,0,-15,1
04/11/2001 07:29:00,101,14,12,0,-16,1
04/11/2001 07:30:00,101,14,13,0,-16,1
04/11/2001 07:31:00,101,14,12,0,-16,1
04/11/2001 07:32:00,101,14,13,0,-16,1
04/11/2001 07:33:00,101,13,13,0,-16,1
04/11/2001 07:34:00,101,13,12,0,-16,1
04/11/2001 07:35:00,101,13,12,0,-16,1
04/11/2001 07:36:00,101,14,12,0,-16,1
04/11/2001 07:37:00,101,14,12,0,-16,1
04/11/2001 07:38:00,101,14,11,0,-16,1
04/11/2001 07:39:00,101,14,11,0,-15,1
04/11/2001 07:40:00,101,13,11,0,-15,1
04/11/2001 07:41:00,101,13,12,0,-16,1
04/11/2001 07:42:00,101,13,12,0,-16,1
04/11/2001 07:43:00,101,13,11,0,-16,1
04/11/2001 07:44:00,101,13,12,0,-16,1
04/11/2001 07:45:00,101,13,12,0,-16,1
04/11/2001 07:46:00,101,13,12,0,-16,1
04/11/2001 07:47:00,101,14,12,0,-15,1
04/11/2001 07:48:00,101,15,11,0,-15,1
04/11/2001 07:49:00,101,15,10,0,-15,1
04/11/2001 07:50:00,101,15,10,0,-15,1
04/11/2001 07:51:00,101,15,10,0,-14,1
04/11/2001 07:52:00,101,15,10,0,-14,1
04/11/2001 07:53:00,101,15,11,-1,-14,1
04/11/2001 07:54:00,101,15,11,-1,-13,1
04/11/2001 07:55:00,101,14,10,0,-14,1
04/11/2001 07:56:00,101,15,11,0,-14,1
04/11/2001 07:57:00,101,15,11,0,-14,1
04/11/2001 07:58:00,101,14,10,0,-14,1
04/11/2001 07:59:00,101,14,11,0,-13,1
04/11/2001 08:00:00,101,15,11,0,-13,1
04/11/2001 08:01:00,101,14,11,0,-13,1
04/11/2001 08:02:00,101,13,11,0,-13,1
04/11/2001 08:03:00,101,13,11,0,-13,1
04/11/2001 08:04:00,101,13,11,0,-13,1
04/11/2001 08:05:00,101,13,11,0,-13,1
04/11/2001 08:06:00,101,13,11,0,-13,1
04/11/2001 08:07:00,101,13,11,0,-13,1
04/11/2001 08:08:00,101,13,11,0,-13,1
04/11/2001 08:09:00,101,13,11,0,-13,1
04/11/2001 08:10:00,101,13,11,0,-13,1
04/11/2001 08:11:00,101,14,11,0,-13,1
04/11/2001 08:12:00,101,13,11,1,-13,1
04/11/2001 08:13:00,101,13,11,1,-13,1
04/11/2001 08:14:00,101,13,13,1,-13,1
04/11/2001 08:15:00,101,13,12,1,-14,1
04/11/2001 08:16:00,101,14,12,1,-14,1
04/11/2001 08:17:00,101,14,12,1,-14,1
04/11/2001 08:18:00,101,14,11,1,-14,1
04/11/2001 08:19:00,101,14,12,1,-14,1
04/11/2001 08:20:00,101,14,12,1,-15,1
04/11/2001 08:21:00,101,15,12,1,-15,1
04/11/2001 08:22:00,101,14,12,1,-15,1
04/11/2001 08:23:00,101,15,12,1,-15,1
04/11/2001 08:24:00,101,15,12,1,-15,1
04/11/2001 08:25:00,101,15,12,1,-15,1
04/11/2001 08:26:00,101,15,12,1,-15,1
04/11/2001 08:27:00,101,15,13,1,-15,1
04/11/2001 08:28:00,101,15,13,1,-15,1
04/11/2001 08:29:00,101,16,13,1,-15,1
04/11/2001 08:30:00,101,15,13,1,-14,1
04/11/2001 08:31:00,101,15,13,1,-14,1
04/11/2001 08:32:00,101,15,14,1,-15,1
04/11/2001 08:33:00,101,15,14,1,-14,1
04/11/2001 08:34:00,101,15,14,1,-14,1
04/11/2001 08:35:00,101,16,15,1,-14,1
04/11/2001 08:36:00,101,15,14,1,-14,1
04/11/2001 08:37:00,101,16,14,1,-14,1
04/11/2001 08:38:00,101,15,16,1,-14,1
04/11/2001 08:39:00,101,15,15,1,-14,1
04/11/2001 08:40:00,101,15,15,1,-14,1
04/11/2001 08:41:00,101,15,16,1,-13,1
04/11/2001 08:42:00,101,16,16,1,-13,1
04/11/2001 08:43:00,101,16,16,1,-13,1
04/11/2001 08:44:00,101,17,16,1,-14,1
04/11/2001 08:45:00,101,17,17,1,-14,1
04/11/2001 08:46:00,101,18,16,1,-15,1
04/11/2001 08:47:00,101,18,17,1,-14,1
04/11/2001 08:48:00,101,17,18,1,-13,1
04/11/2001 08:49:00,101,17,16,1,-13,1
04/11/2001 08:50:00,101,17,17,1,-13,1
04/11/2001 08:51:00,101,16,17,1,-13,1
04/11/2001 08:52:00,101,17,18,1,-13,1
04/11/2001 08:53:00,101,16,18,1,-13,1
04/11/2001 08:54:00,101,16,18,1,-13,1
04/11/2001 08:55:00,101,16,18,1,-12,1
04/11/2001 08:56:00,101,16,18,1,-12,1
04/11/2001 08:57:00,101,15,18,1,-12,1
04/11/2001 08:58:00,101,15,17,1,-12,1
04/11/2001 08:59:00,101,16,17,1,-12,1
04/11/2001 09:00:00,101,16,18,1,-12,1
04/11/2001 09:01:00,101,17,18,1,-12,1
04/11/2001 09:02:00,101,16,17,1,-11,1
04/11/2001 09:03:00,101,16,18,1,-12,1
04/11/2001 09:04:00,101,16,18,1,-12,1
04/11/2001 09:05:00,101,15,19,1,-12,1
04/11/2001 09:06:00,101,14,21,1,-13,1
04/11/2001 09:07:00,101,15,21,1,-13,1
04/11/2001 09:08:00,101,15,21,1,-14,1
04/11/2001 09:09:00,101,15,21,1,-14,1
04/11/2001 09:10:00,101,16,21,1,-14,1
04/11/2001 09:11:00,101,16,21,1,-15,1
04/11/2001 09:12:00,101,17,20,1,-15,1
04/11/2001 09:13:00,101,17,20,1,-15,1
04/11/2001 09:14:00,101,17,19,1,-15,1
04/11/2001 09:15:00,101,18,18,1,-15,1
04/11/2001 09:16:00,101,17,18,1,-15,1
04/11/2001 09:17:00,101,17,18,1,-15,1
04/11/2001 09:18:00,101,17,18,1,-15,1
04/11/2001 09:19:00,101,17,18,1,-15,1
04/11/2001 09:20:00,101,18,19,1,-15,1
04/11/2001 09:21:00,101,18,20,1,-15,1
04/11/2001 09:22:00,101,19,19,1,-14,1
04/11/2001 09:23:00,101,18,21,1,-14,1
04/11/2001 09:24:00,101,17,20,1,-14,1
04/11/2001 09:25:00,101,17,20,1,-14,1
04/11/2001 09:26:00,101,17,21,1,-14,1
04/11/2001 09:27:00,101,17,20,1,-14,1
04/11/2001 09:28:00,101,17,21,1,-13,1
04/11/2001 09:29:00,101,17,21,1,-13,1
04/11/2001 09:30:00,101,16,22,1,-13,1
04/11/2001 09:31:00,101,16,22,1,-12,1
04/11/2001 09:32:00,101,16,22,1,-11,1
04/11/2001 09:33:00,101,16,23,1,-11,1
04/11/2001 09:34:00,101,15,23,1,-11,1
04/11/2001 09:35:00,101,15,24,1,-11,1
04/11/2001 09:36:00,101,16,25,1,-11,1
04/11/2001 09:37:00,101,17,25,1,-12,1
04/11/2001 09:38:00,101,18,24,1,-12,1
04/11/2001 09:39:00,101,17,23,1,-11,1
04/11/2001 09:40:00,101,17,23,1,-11,1
04/11/2001 09:41:00,101,15,24,1,-10,1
04/11/2001 09:42:00,101,15,24,1,-10,1
04/11/2001 09:43:00,101,14,24,1,-10,1
04/11/2001 09:44:00,101,15,25,1,-11,1
04/11/2001 09:45:00,101,15,25,1,-10,1
04/11/2001 09:46:00,101,14,26,1,-10,1
04/11/2001 09:47:00,101,15,27,1,-11,1
04/11/2001 09:48:00,101,15,26,1,-11,1
04/11/2001 09:49:00,101,15,27,1,-11,1
04/11/2001 09:50:00,101,15,26,1,-11,1
04/11/2001 09:51:00,101,15,27,1,-12,1
04/11/2001 09:52:00,101,15,27,1,-11,1
04/11/2001 09:53:00,101,16,26,1,-11,1
04/11/2001 09:54:00,101,16,26,1,-11,1
04/11/2001 09:55:00,101,15,27,1,-11,1
04/11/2001 09:56:00,101,16,27,1,-11,1
04/11/2001 09:57:00,101,16,26,1,-11,1
04/11/2001 09:58:00,101,16,26,1,-11,1
04/11/2001 09:59:00,101,15,27,1,-12,1
04/11/2001 10:00:00,101,15,26,1,-12,1
04/11/2001 10:01:00,101,14,27,1,-12,1
04/11/2001 10:02:00,101,15,27,1,-12,1
04/11/2001 10:03:00,101,16,27,1,-12,1
04/11/2001 10:04:00,101,15,27,1,-13,1
04/11/2001 10:05:00,101,16,27,1,-12,1
04/11/2001 10:06:00,101,17,27,0,-13,1
04/11/2001 10:07:00,101,17,27,1,-13,1
04/11/2001 10:08:00,101,17,26,1,-13,1
04/11/2001 10:09:00,101,17,26,1,-13,1
04/11/2001 10:10:00,101,17,27,1,-13,1
04/11/2001 10:11:00,101,17,27,1,-13,1
04/11/2001 10:12:00,101,17,26,1,-14,1
04/11/2001 10:13:00,101,17,27,1,-14,1
04/11/2001 10:14:00,101,17,26,1,-14,1
04/11/2001 10:15:00,101,17,26,1,-14,1
04/11/2001 10:16:00,101,17,26,1,-14,1
04/11/2001 10:17:00,101,16,27,1,-14,1
04/11/2001 10:18:00,101,16,26,1,-14,1
04/11/2001 10:19:00,101,16,26,1,-14,1
04/11/2001 10:20:00,101,16,26,1,-14,1
04/11/2001 10:21:00,101,16,26,1,-14,1
04/11/2001 10:22:00,101,16,26,1,-14,1
04/11/2001 10:23:00,101,16,26,1,-14,1
04/11/2001 10:24:00,101,16,27,1,-15,1
04/11/2001 10:25:00,101,16,28,1,-14,1
04/11/2001 10:26:00,101,16,28,1,-14,1
04/11/2001 10:27:00,101,16,29,1,-14,1
04/11/2001 10:28:00,101,16,30,1,-14,1
04/11/2001 10:29:00,101,16,30,1,-14,1
04/11/2001 10:30:00,101,16,29,1,-14,1
04/11/2001 10:31:00,101,16,29,1,-14,1
04/11/2001 10:32:00,101,16,29,1,-14,1
04/11/2001 10:33:00,101,16,30,1,-14,1
04/11/2001 10:34:00,101,16,31,1,-14,1
04/11/2001 10:35:00,101,15,31,2,-14,1
04/11/2001 10:36:00,101,15,30,1,-14,1
04/11/2001 10:37:00,101,15,31,1,-14,1
04/11/2001 10:38:00,101,15,31,1,-14,1
04/11/2001 10:39:00,101,15,32,1,-14,1
04/11/2001 10:40:00,101,15,31,2,-14,1
04/11/2001 10:41:00,101,15,31,2,-14,1
04/11/2001 10:42:00,101,14,31,2,-14,1
04/11/2001 10:43:00,101,14,31,2,-14,1
04/11/2001 10:44:00,101,14,31,2,-14,1
04/11/2001 10:45:00,101,14,32,2,-14,1
04/11/2001 10:46:00,101,14,32,2,-14,1
04/11/2001 10:47:00,101,14,31,2,-14,1
04/11/2001 10:48:00,101,14,32,2,-14,1
04/11/2001 10:49:00,101,14,32,2,-14,1
04/11/2001 10:50:00,101,14,33,2,-14,1
04/11/2001 10:51:00,101,14,33,2,-14,1
04/11/2001 10:52:00,101,14,32,2,-15,1
04/11/2001 10:53:00,101,13,34,2,-14,1
04/11/2001 10:54:00,101,13,33,2,-15,1
04/11/2001 10:55:00,101,13,33,2,-14,1
04/11/2001 10:56:00,101,13,34,2,-14,1
04/11/2001 10:57:00,101,12,34,2,-14,1
04/11/2001 10:58:00,101,12,34,2,-14,1
04/11/2001 10:59:00,101,12,34,2,-14,1
04/11/2001 11:00:00,101,13,35,2,-14,1
04/11/2001 11:01:00,101,13,35,2,-14,1
04/11/2001 11:02:00,101,13,35,2,-14,1
04/11/2001 11:03:00,101,12,36,2,-14,1
04/11/2001 11:04:00,101,12,35,2,-14,1
04/11/2001 11:05:00,101,12,34,2,-13,1
04/11/2001 11:06:00,101,12,34,2,-13,1
04/11/2001 11:07:00,101,13,34,2,-14,1
04/11/2001 11:08:00,101,13,34,1,-14,1
04/11/2001 11:09:00,101,12,34,1,-14,1
04/11/2001 11:10:00,101,13,35,1,-14,1
04/11/2001 11:11:00,101,12,35,1,-14,1
04/11/2001 11:12:00,101,12,35,2,-14,1
04/11/2001 11:13:00,101,12,35,1,-14,1
04/11/2001 11:14:00,101,11,35,1,-14,1
04/11/2001 11:15:00,101,11,35,1,-14,1
04/11/2001 11:16:00,101,11,35,1,-14,1
04/11/2001 11:17:00,101,11,36,1,-13,1
04/11/2001 11:18:00,101,11,35,1,-14,1
04/11/2001 11:19:00,101,11,35,1,-14,1
04/11/2001 11:20:00,101,11,35,1,-14,1
04/11/2001 11:21:00,101,11,35,1,-14,1
04/11/2001 11:22:00,101,11,35,1,-14,1
04/11/2001 11:23:00,101,11,36,1,-13,1
04/11/2001 11:24:00,101,11,36,1,-13,1
04/11/2001 11:25:00,101,11,35,1,-13,1
04/11/2001 11:26:00,101,11,34,1,-13,1
04/11/2001 11:27:00,101,11,34,1,-13,1
04/11/2001 11:28:00,101,11,34,1,-13,1
04/11/2001 11:29:00,101,11,35,1,-13,1
04/11/2001 11:30:00,101,10,35,1,-13,1
04/11/2001 11:31:00,101,10,34,1,-13,1
04/11/2001 11:32:00,101,10,35,1,-13,1
04/11/2001 11:33:00,101,10,34,1,-13,1
04/11/2001 11:34:00,101,9,34,1,-13,1
04/11/2001 11:35:00,101,9,34,1,-13,1
04/11/2001 11:36:00,101,9,36,1,-12,1
04/11/2001 11:37:00,101,9,36,1,-12,1
04/11/2001 11:38:00,101,9,36,1,-12,1
04/11/2001 11:39:00,101,10,36,1,-12,1
04/11/2001 11:40:00,101,10,35,1,-11,1
04/11/2001 11:41:00,101,10,35,0,-11,1
04/11/2001 11:42:00,101,10,35,1,-11,1
04/11/2001 11:43:00,101,10,35,1,-11,1
04/11/2001 11:44:00,101,10,36,0,-10,1
04/11/2001 11:45:00,101,10,36,0,-10,1
04/11/2001 11:46:00,101,10,36,0,-10,1
04/11/2001 11:47:00,101,10,35,0,-10,1
04/11/2001 11:48:00,101,10,35,0,-10,1
04/11/2001 11:49:00,101,9,35,1,-10,1
04/11/2001 11:50:00,101,9,35,1,-10,1
04/11/2001 11:51:00,101,9,35,0,-11,1
04/11/2001 11:52:00,101,9,36,0,-10,1
04/11/2001 11:53:00,101,8,35,0,-10,1
04/11/2001 11:54:00,101,8,35,0,-10,1
04/11/2001 11:55:00,101,8,35,0,-10,1
04/11/2001 11:56:00,101,8,35,0,-10,1
04/11/2001 11:57:00,101,9,34,0,-10,1
04/11/2001 11:58:00,101,9,33,0,-10,1
04/11/2001 11:59:00,101,10,33,0,-10,1
04/11/2001 12:00:00,101,10,34,0,-10,1
04/11/2001 12:01:00,101,9,34,0,-10,1
04/11/2001 12:02:00,101,9,34,0,-10,1
04/11/2001 12:03:00,101,9,33,0,-10,1
04/11/2001 12:04:00,101,10,33,0,-10,1
04/11/2001 12:05:00,101,9,33,0,-10,1
04/11/2001 12:06:00,101,10,33,0,-10,1
04/11/2001 12:07:00,101,10,33,0,-10,1
04/11/2001 12:08:00,101,10,33,0,-10,1
04/11/2001 12:09:00,101,9,35,0,-10,1
04/11/2001 12:10:00,101,8,35,0,-10,1
04/11/2001 12:11:00,101,10,35,0,-10,1
04/11/2001 12:12:00,101,10,35,0,-10,1
04/11/2001 12:13:00,101,10,34,0,-10,1
04/11/2001 12:14:00,101,10,34,0,-11,1
04/11/2001 12:15:00,101,10,34,0,-10,1
04/11/2001 12:16:00,101,9,33,0,-11,1
04/11/2001 12:17:00,101,9,33,0,-11,1
04/11/2001 12:18:00,101,9,33,0,-11,1
04/11/2001 12:19:00,101,9,33,0,-11,1
04/11/2001 12:20:00,101,9,33,0,-10,1
04/11/2001 12:21:00,101,10,34,0,-10,1
04/11/2001 12:22:00,101,9,34,0,-10,1
04/11/2001 12:23:00,101,10,33,0,-10,1
04/11/2001 12:24:00,101,10,33,0,-10,1
04/11/2001 12:25:00,101,10,33,0,-10,1
04/11/2001 12:26:00,101,10,33,0,-9,1
04/11/2001 12:27:00,101,10,33,0,-10,1
04/11/2001 12:28:00,101,11,33,0,-10,1
04/11/2001 12:29:00,101,11,33,0,-9,1
04/11/2001 12:30:00,101,11,33,0,-9,1
04/11/2001 12:31:00,101,11,33,0,-9,1
04/11/2001 12:32:00,101,11,32,0,-9,1
04/11/2001 12:33:00,101,11,32,0,-9,1
04/11/2001 12:34:00,101,11,33,0,-9,1
04/11/2001 12:35:00,101,13,33,0,-9,1
04/11/2001 12:36:00,101,13,33,1,-9,1
04/11/2001 12:37:00,101,12,33,1,-9,1
04/11/2001 12:38:00,101,12,33,1,-9,1
04/11/2001 12:39:00,101,12,33,1,-8,1
04/11/2001 12:40:00,101,12,33,1,-8,1
04/11/2001 12:41:00,101,14,34,1,-8,1
04/11/2001 12:42:00,101,14,33,1,-8,1
04/11/2001 12:43:00,101,14,32,1,-8,1
04/11/2001 12:44:00,101,13,33,1,-8,1
04/11/2001 12:45:00,101,13,32,1,-8,1
04/11/2001 12:46:00,101,14,32,1,-7,1
04/11/2001 12:47:00,101,14,31,1,-7,1
04/11/2001 12:48:00,101,14,31,1,-7,1
04/11/2001 12:49:00,101,14,31,1,-6,1
04/11/2001 12:50:00,101,15,31,1,-6,1
04/11/2001 12:51:00,101,15,31,1,-6,1
04/11/2001 12:52:00,101,16,31,1,-6,1
04/11/2001 12:53:00,101,16,31,1,-5,1
04/11/2001 12:54:00,101,16,32,1,-5,1
04/11/2001 12:55:00,101,17,31,1,-4,1
04/11/2001 12:56:00,101,17,32,2,-4,1
04/11/2001 12:57:00,101,17,32,1,-4,1
04/11/2001 12:58:00,101,18,32,2,-4,1
04/11/2001 12:59:00,101,18,32,2,-4,1
04/11/2001 13:00:00,101,18,33,2,-4,1
04/11/2001 13:01:00,101,18,34,2,-3,1
04/11/2001 13:02:00,101,18,35,2,-3,1
04/11/2001 13:03:00,101,18,36,3,-3,1
04/11/2001 13:04:00,101,18,35,3,-3,1
04/11/2001 13:05:00,101,18,35,2,-3,1
04/11/2001 13:06:00,101,18,35,3,-3,1
04/11/2001 13:07:00,101,18,34,3,-3,1
04/11/2001 13:08:00,101,17,35,3,-3,1
04/11/2001 13:09:00,101,17,34,3,-3,1
04/11/2001 13:10:00,101,17,33,3,-3,1
04/11/2001 13:11:00,101,17,34,3,-3,1
04/11/2001 13:12:00,101,17,34,3,-3,1
04/11/2001 13:13:00,101,17,33,3,-4,1
04/11/2001 13:14:00,101,17,33,3,-4,1
04/11/2001 13:15:00,101,16,33,2,-4,1
04/11/2001 13:16:00,101,16,33,2,-4,1
04/11/2001 13:17:00,101,16,32,2,-4,1
04/11/2001 13:18:00,101,15,34,2,-4,1
04/11/2001 13:19:00,101,16,33,2,-5,1
04/11/2001 13:20:00,101,16,33,2,-5,1
04/11/2001 13:21:00,101,15,32,2,-5,1
04/11/2001 13:22:00,101,16,31,2,-5,1
04/11/2001 13:23:00,101,16,32,2,-6,1
04/11/2001 13:24:00,101,16,32,2,-6,1
04/11/2001 13:25:00,101,16,32,2,-7,1
04/11/2001 13:26:00,101,15,32,2,-7,1
04/11/2001 13:27:00,101,15,33,2,-7,1
04/11/2001 13:28:00,101,15,31,2,-7,1
04/11/2001 13:29:00,101,14,28,2,-7,1
04/11/2001 13:30:00,101,15,28,1,-8,1
04/11/2001 13:31:00,101,15,28,1,-7,1
04/11/2001 13:32:00,101,14,28,2,-7,1
04/11/2001 13:33:00,101,15,28,1,-7,1
04/11/2001 13:34:00,101,14,28,2,-7,1
04/11/2001 13:35:00,101,14,27,1,-7,1
04/11/2001 13:36:00,101,14,27,1,-7,1
04/11/2001 13:37:00,101,16,27,1,-8,1
04/11/2001 13:38:00,101,15,26,1,-7,1
04/11/2001 13:39:00,101,15,26,1,-7,1
04/11/2001 13:40:00,101,15,26,1,-7,1
04/11/2001 13:41:00,101,16,25,1,-8,1
04/11/2001 13:42:00,101,15,25,1,-7,1
04/11/2001 13:43:00,101,16,25,1,-7,1
04/11/2001 13:44:00,101,16,24,1,-5,1
04/11/2001 13:45:00,101,19,24,0,-2,1
04/11/2001 13:46:00,101,24,23,0,2,1
04/11/2001 13:47:00,101,26,29,0,5,1
04/11/2001 13:48:00,101,23,33,2,7,1
04/11/2001 13:49:00,101,22,34,3,8,1
04/11/2001 13:50:00,101,22,36,2,7,1
04/11/2001 13:51:00,101,21,34,2,7,1
04/11/2001 13:52:00,101,21,34,3,8,1
04/11/2001 13:53:00,101,21,35,3,7,1
04/11/2001 13:54:00,101,21,34,2,7,1
04/11/2001 13:55:00,101,21,34,2,7,1
04/11/2001 13:56:00,101,22,30,1,7,1
04/11/2001 13:57:00,101,21,29,2,6,1
04/11/2001 13:58:00,101,22,28,1,6,1
04/11/2001 13:59:00,101,23,26,1,6,1
04/11/2001 14:00:00,101,23,25,1,6,1
04/11/2001 14:01:00,101,24,25,0,6,1
04/11/2001 14:02:00,101,25,26,0,6,1
04/11/2001 14:03:00,101,24,25,0,6,1
04/11/2001 14:04:00,101,23,25,0,6,1
04/11/2001 14:05:00,101,25,24,0,6,1
04/11/2001 14:06:00,101,26,25,0,6,1
04/11/2001 14:07:00,101,25,26,0,6,1
04/11/2001 14:08:00,101,25,27,1,5,1
04/11/2001 14:09:00,101,24,27,0,6,1
04/11/2001 14:10:00,101,24,27,1,6,1
04/11/2001 14:11:00,101,25,28,1,6,1
04/11/2001 14:12:00,101,25,28,1,6,1
04/11/2001 14:13:00,101,24,28,1,6,1
04/11/2001 14:14:00,101,23,29,1,6,1
04/11/2001 14:15:00,101,22,32,2,6,1
04/11/2001 14:16:00,101,22,33,2,7,1
04/11/2001 14:17:00,101,22,35,2,7,1
04/11/2001 14:18:00,101,21,36,3,7,1
04/11/2001 14:19:00,101,21,36,3,7,1
04/11/2001 14:20:00,101,22,36,3,7,1
04/11/2001 14:21:00,101,20,39,3,7,1
04/11/2001 14:22:00,101,19,41,3,7,1
04/11/2001 14:23:00,101,18,44,3,7,1
04/11/2001 14:24:00,101,17,47,3,6,1
04/11/2001 14:25:00,101,17,49,3,6,1
04/11/2001 14:26:00,101,17,50,3,7,1
04/11/2001 14:27:00,101,17,54,3,6,1
04/11/2001 14:28:00,101,18,56,3,6,1
04/11/2001 14:29:00,101,19,55,3,6,1
04/11/2001 14:30:00,101,19,52,3,6,1
04/11/2001 14:31:00,101,19,51,2,5,1
04/11/2001 14:32:00,101,19,47,2,5,1
04/11/2001 14:33:00,101,19,40,1,6,1
04/11/2001 14:34:00,101,21,37,1,6,1
04/11/2001 14:35:00,101,21,32,2,6,1
04/11/2001 14:36:00,101,22,33,1,5,1
04/11/2001 14:37:00,101,24,28,1,5,1
04/11/2001 14:38:00,101,24,25,1,5,1
04/11/2001 14:39:00,101,26,22,1,5,1
04/11/2001 14:40:00,101,27,21,1,5,1
04/11/2001 14:41:00,101,27,19,1,5,1
04/11/2001 14:42:00,101,26,18,2,5,1
04/11/2001 14:43:00,101,26,16,2,5,1
04/11/2001 14:44:00,101,26,15,2,5,1
04/11/2001 14:45:00,101,27,14,2,5,1
04/11/2001 14:46:00,101,27,14,2,5,1
04/11/2001 14:47:00,101,27,15,3,5,1
04/11/2001 14:48:00,101,27,14,3,4,1
04/11/2001 14:49:00,101,26,15,3,4,1
04/11/2001 14:50:00,101,28,13,3,4,1
04/11/2001 14:51:00,101,29,13,3,4,1
04/11/2001 14:52:00,101,31,15,3,5,1
04/11/2001 14:53:00,101,31,15,3,4,1
04/11/2001 14:54:00,101,31,14,4,4,1
04/11/2001 14:55:00,101,30,15,4,4,1
04/11/2001 14:56:00,101,30,15,5,3,1
04/11/2001 14:57:00,101,30,15,5,3,1
04/11/2001 14:58:00,101,30,14,5,3,1
04/11/2001 14:59:00,101,31,14,5,2,1
04/11/2001 15:00:00,101,30,14,5,2,1
04/11/2001 15:01:00,101,31,14,4,2,1
04/11/2001 15:02:00,101,33,17,4,2,1
04/11/2001 15:03:00,101,34,18,5,2,1
04/11/2001 15:04:00,101,33,17,5,2,1
04/11/2001 15:05:00,101,33,17,5,1,1
04/11/2001 15:06:00,101,32,16,5,0,1
04/11/2001 15:07:00,101,31,18,5,0,1
04/11/2001 15:08:00,101,32,18,4,0,1
04/11/2001 15:09:00,101,32,18,4,-1,1
04/11/2001 15:10:00,101,32,17,4,0,1
04/11/2001 15:11:00,101,32,16,4,0,1
04/11/2001 15:12:00,101,33,15,4,0,1
04/11/2001 15:13:00,101,32,14,3,1,1
04/11/2001 15:14:00,101,32,13,3,0,1
04/11/2001 15:15:00,101,31,12,4,1,1
04/11/2001 15:16:00,101,31,13,4,1,1
04/11/2001 15:17:00,101,29,12,4,1,1
04/11/2001 15:18:00,101,28,12,4,2,1
04/11/2001 15:19:00,101,28,13,4,5,1
04/11/2001 15:20:00,101,23,17,6,11,1
04/11/2001 15:21:00,101,21,32,8,16,1
04/11/2001 15:22:00,101,19,41,9,16,1
04/11/2001 15:23:00,101,20,39,9,14,1
04/11/2001 15:24:00,101,18,38,9,11,1
04/11/2001 15:25:00,101,19,40,8,10,1
04/11/2001 15:26:00,101,20,36,8,9,1
04/11/2001 15:27:00,101,21,33,7,9,1
04/11/2001 15:28:00,101,22,30,6,8,1
04/11/2001 15:29:00,101,25,30,6,7,1
04/11/2001 15:30:00,101,28,27,5,7,1
04/11/2001 15:31:00,101,30,23,5,6,1
04/11/2001 15:32:00,101,29,22,5,6,1
04/11/2001 15:33:00,101,30,21,5,5,1
04/11/2001 15:34:00,101,30,19,5,5,1
04/11/2001 15:35:00,101,31,20,5,5,1
04/11/2001 15:36:00,101,29,19,5,5,1
04/11/2001 15:37:00,101,29,21,6,4,1
04/11/2001 15:38:00,101,29,19,6,4,1
04/11/2001 15:39:00,101,29,21,6,4,1
04/11/2001 15:40:00,101,29,21,6,3,1
04/11/2001 15:41:00,101,28,23,6,3,1
04/11/2001 15:42:00,101,29,23,6,3,1
04/11/2001 15:43:00,101,30,23,6,2,1
04/11/2001 15:44:00,101,30,26,6,1,1
04/11/2001 15:45:00,101,27,25,6,1,1
04/11/2001 15:46:00,101,27,27,6,0,1
04/11/2001 15:47:00,101,26,28,6,2,1
04/11/2001 15:48:00,101,26,32,7,9,1
04/11/2001 15:49:00,101,31,66,7,15,1
04/11/2001 15:50:00,101,28,93,8,21,1
04/11/2001 15:51:00,101,24,104,9,22,1
04/11/2001 15:52:00,101,24,109,9,24,1
04/11/2001 15:53:00,101,24,121,10,26,1
04/11/2001 15:54:00,101,25,143,12,24,1
04/11/2001 15:55:00,101,22,143,12,22,1
04/11/2001 15:56:00,101,29,162,12,15,1
04/11/2001 15:57:00,101,30,174,11,11,1
04/11/2001 15:58:00,101,28,170,11,13,1
04/11/2001 15:59:00,101,31,182,11,15,1
04/11/2001 16:00:00,101,23,203,11,12,1
04/11/2001 16:01:00,101,27,235,11,7,1
04/11/2001 16:02:00,101,40,262,12,4,1
04/11/2001 16:03:00,101,54,295,13,0,1
04/11/2001 16:04:00,101,66,315,14,-5,1
04/11/2001 16:05:00,101,77,341,14,-10,1
04/11/2001 16:06:00,101,89,365,14,-18,1
04/11/2001 16:07:00,101,93,384,13,-25,1
04/11/2001 16:08:00,101,98,399,12,-30,1
04/11/2001 16:09:00,101,105,413,12,-38,1
04/11/2001 16:10:00,101,115,424,11,-49,1
04/11/2001 16:11:00,101,129,432,12,-57,1
04/11/2001 16:12:00,101,140,439,13,-68,1
04/11/2001 16:13:00,101,139,413,13,-69,1
04/11/2001 16:14:00,101,131,402,13,-70,1
04/11/2001 16:15:00,101,126,393,12,-69,1
04/11/2001 16:16:00,101,127,401,14,-68,1
04/11/2001 16:17:00,101,123,385,15,-70,1
04/11/2001 16:18:00,101,126,320,16,-70,1
04/11/2001 16:19:00,101,119,283,15,-69,1
04/11/2001 16:20:00,101,116,297,16,-72,1
04/11/2001 16:21:00,101,116,311,16,-75,1
04/11/2001 16:22:00,101,107,322,16,-74,1
04/11/2001 16:23:00,101,108,315,18,-76,1
04/11/2001 16:24:00,101,104,287,19,-74,1
04/11/2001 16:25:00,101,93,267,20,-72,1
04/11/2001 16:26:00,101,85,256,20,-70,1
04/11/2001 16:27:00,101,76,243,20,-70,1
04/11/2001 16:28:00,101,67,219,20,-68,1
04/11/2001 16:29:00,101,60,206,20,-68,1
04/11/2001 16:30:00,101,52,197,20,-68,1
04/11/2001 16:31:00,101,45,187,19,-69,1
04/11/2001 16:32:00,101,40,167,18,-68,1
04/11/2001 16:33:00,101,35,159,17,-69,1
04/11/2001 16:34:00,101,29,148,16,-69,1
04/11/2001 16:35:00,101,25,135,14,-69,1
04/11/2001 16:36:00,101,24,122,14,-68,1
04/11/2001 16:37:00,101,27,104,13,-67,1
04/11/2001 16:38:00,101,27,93,12,-65,1
04/11/2001 16:39:00,101,31,79,11,-62,1
04/11/2001 16:40:00,101,37,73,10,-60,1
04/11/2001 16:41:00,101,45,76,10,-59,1
04/11/2001 16:42:00,101,53,84,8,-59,1
04/11/2001 16:43:00,101,59,77,8,-57,1
04/11/2001 16:44:00,101,65,75,7,-55,1
04/11/2001 16:45:00,101,68,73,5,-53,1
04/11/2001 16:46:00,101,69,73,4,-53,1
04/11/2001 16:47:00,101,70,86,3,-55,1
04/11/2001 16:48:00,101,75,89,0,-56,1
04/11/2001 16:49:00,101,79,94,0,-56,1
04/11/2001 16:50:00,101,74,106,1,-55,1
04/11/2001 16:51:00,101,75,107,-1,-55,1
04/11/2001 16:52:00,101,75,111,-2,-57,1
04/11/2001 16:53:00,101,72,117,-2,-59,1
04/11/2001 16:54:00,101,68,110,-3,-57,1
04/11/2001 16:55:00,101,63,104,-4,-57,1
04/11/2001 16:56:00,101,60,99,-4,-59,1
04/11/2001 16:57:00,101,53,87,-3,-55,1
04/11/2001 16:58:00,101,45,109,-3,-57,1
04/11/2001 16:59:00,101,46,105,-2,-58,1
04/11/2001 17:00:00,101,48,112,-2,-65,1
04/11/2001 17:01:00,101,54,109,-2,-68,1
04/11/2001 17:02:00,101,53,95,-1,-67,1
04/11/2001 17:03:00,101,51,96,-1,-71,1
04/11/2001 17:04:00,101,52,98,1,-72,1
04/11/2001 17:05:00,101,55,101,2,-74,1
04/11/2001 17:06:00,101,53,105,4,-75,1
04/11/2001 17:07:00,101,51,104,6,-75,1
04/11/2001 17:08:00,101,51,109,8,-79,1
04/11/2001 17:09:00,101,54,111,10,-83,1
04/11/2001 17:10:00,101,60,117,11,-86,1
04/11/2001 17:11:00,101,63,112,12,-90,1
04/11/2001 17:12:00,101,66,109,14,-93,1
04/11/2001 17:13:00,101,68,104,15,-95,1
04/11/2001 17:14:00,101,72,98,16,-96,1
04/11/2001 17:15:00,101,74,92,18,-99,1
04/11/2001 17:16:00,101,74,93,19,-101,1
04/11/2001 17:17:00,101,76,89,22,-101,1
04/11/2001 17:18:00,101,79,89,23,-103,1
04/11/2001 17:19:00,101,82,87,24,-104,1
04/11/2001 17:20:00,101,86,82,24,-103,1
04/11/2001 17:21:00,101,88,84,24,-102,1
04/11/2001 17:22:00,101,86,84,25,-102,1
04/11/2001 17:23:00,101,84,84,24,-103,1
04/11/2001 17:24:00,101,81,83,24,-105,1
04/11/2001 17:25:00,101,83,85,22,-106,1
04/11/2001 17:26:00,101,82,86,20,-109,1
04/11/2001 17:27:00,101,82,88,18,-110,1
04/11/2001 17:28:00,101,86,95,15,-110,1
04/11/2001 17:29:00,101,86,96,15,-107,1
04/11/2001 17:30:00,101,86,96,15,-102,1
04/11/2001 17:31:00,101,86,98,15,-100,1
04/11/2001 17:32:00,101,88,94,15,-98,1
04/11/2001 17:33:00,101,90,94,14,-98,1
04/11/2001 17:34:00,101,92,93,13,-98,1
04/11/2001 17:35:00,101,94,94,11,-103,1
04/11/2001 17:36:00,101,97,97,10,-104,1
04/11/2001 17:37:00,101,101,98,10,-102,1
04/11/2001 17:38:00,101,101,97,10,-102,1
04/11/2001 17:39:00,101,102,96,9,-102,1
04/11/2001 17:40:00,101,100,94,9,-102,1
04/11/2001 17:41:00,101,101,95,9,-103,1
04/11/2001 17:42:00,101,102,95,9,-104,1
04/11/2001 17:43:00,101,105,97,9,-107,1
04/11/2001 17:44:00,101,104,97,10,-109,1
04/11/2001 17:45:00,101,108,96,11,-112,1
04/11/2001 17:46:00,101,113,96,11,-111,1
04/11/2001 17:47:00,101,114,102,11,-113,1
04/11/2001 17:48:00,101,108,101,10,-114,1
04/11/2001 17:49:00,101,103,101,10,-111,1
04/11/2001 17:50:00,101,97,100,10,-113,1
04/11/2001 17:51:00,101,97,102,10,-113,1
04/11/2001 17:52:00,101,87,105,10,-112,1
04/11/2001 17:53:00,101,80,103,10,-110,1
04/11/2001 17:54:00,101,77,102,10,-111,1
04/11/2001 17:55:00,101,74,106,11,-109,1
04/11/2001 17:56:00,101,70,102,11,-109,1
04/11/2001 17:57:00,101,66,97,11,-107,1
04/11/2001 17:58:00,101,60,92,10,-106,1
04/11/2001 17:59:00,101,54,89,11,-104,1
04/11/2001 18:00:00,101,52,89,10,-103,1
04/11/2001 18:01:00,101,52,89,11,-102,1
04/11/2001 18:02:00,101,53,92,11,-102,1
04/11/2001 18:03:00,101,53,92,11,-101,1
04/11/2001 18:04:00,101,54,97,12,-101,1
04/11/2001 18:05:00,101,52,103,11,-101,1
04/11/2001 18:06:00,101,53,108,11,-101,1
04/11/2001 18:07:00,101,59,110,11,-102,1
04/11/2001 18:08:00,101,59,113,11,-100,1
04/11/2001 18:09:00,101,59,121,11,-99,1
04/11/2001 18:10:00,101,58,124,9,-99,1
04/11/2001 18:11:00,101,54,115,7,-102,1
04/11/2001 18:12:00,101,54,118,6,-103,1
04/11/2001 18:13:00,101,58,123,4,-102,1
04/11/2001 18:14:00,101,59,123,3,-105,1
04/11/2001 18:15:00,101,56,117,1,-105,1
04/11/2001 18:16:00,101,55,116,-3,-106,1
04/11/2001 18:17:00,101,55,119,-4,-104,1
04/11/2001 18:18:00,101,58,113,-4,-104,1
04/11/2001 18:19:00,101,57,110,-4,-104,1
04/11/2001 18:20:00,101,62,108,-4,-105,1
04/11/2001 18:21:00,101,76,108,-5,-98,1
04/11/2001 18:22:00,101,82,103,-6,-96,1
04/11/2001 18:23:00,101,74,94,-6,-100,1
04/11/2001 18:24:00,101,80,96,-6,-100,1
04/11/2001 18:25:00,101,83,97,-6,-98,1
04/11/2001 18:26:00,101,72,92,-7,-95,1
04/11/2001 18:27:00,101,74,90,-9,-93,1
04/11/2001 18:28:00,101,85,96,-8,-90,1
04/11/2001 18:29:00,101,94,99,-7,-85,1
04/11/2001 18:30:00,101,83,92,-8,-81,1
04/11/2001 18:31:00,101,78,90,-6,-79,1
04/11/2001 18:32:00,101,81,88,-5,-79,1
04/11/2001 18:33:00,101,82,85,-4,-77,1
04/11/2001 18:34:00,101,76,78,-4,-78,1
04/11/2001 18:35:00,101,72,74,-3,-81,1
04/11/2001 18:36:00,101,77,72,-1,-81,1
04/11/2001 18:37:00,101,76,69,1,-82,1
04/11/2001 18:38:00,101,76,68,2,-86,1
04/11/2001 18:39:00,101,80,70,1,-85,1
04/11/2001 18:40:00,101,75,71,0,-89,1
04/11/2001 18:41:00,101,74,74,1,-91,1
04/11/2001 18:42:00,101,72,76,1,-94,1
04/11/2001 18:43:00,101,73,79,1,-99,1
04/11/2001 18:44:00,101,74,82,2,-103,1
04/11/2001 18:45:00,101,74,84,2,-106,1
04/11/2001 18:46:00,101,80,88,3,-110,1
04/11/2001 18:47:00,101,82,91,4,-110,1
04/11/2001 18:48:00,101,89,93,5,-113,1
04/11/2001 18:49:00,101,94,96,5,-114,1
04/11/2001 18:50:00,101,99,98,4,-113,1
04/11/2001 18:51:00,101,98,96,3,-114,1
04/11/2001 18:52:00,101,98,95,2,-116,1
04/11/2001 18:53:00,101,100,94,2,-117,1
04/11/2001 18:54:00,101,103,96,2,-118,1
04/11/2001 18:55:00,101,109,96,3,-117,1
04/11/2001 18:56:00,101,113,93,3,-117,1
04/11/2001 18:57:00,101,116,91,2,-117,1
04/11/2001 18:58:00,101,116,89,2,-118,1
04/11/2001 18:59:00,101,123,88,1,-119,1
04/11/2001 19:00:00,101,124,89,0,-118,1
04/11/2001 19:01:00,101,118,91,-1,-115,1
04/11/2001 19:02:00,101,114,95,-2,-112,1
04/11/2001 19:03:00,101,110,95,-2,-109,1
04/11/2001 19:04:00,101,110,92,-2,-107,1
04/11/2001 19:05:00,101,103,91,-2,-105,1
04/11/2001 19:06:00,101,91,94,-2,-97,1
04/11/2001 19:07:00,101,83,90,-2,-96,1
04/11/2001 19:08:00,101,85,90,-3,-99,1
04/11/2001 19:09:00,101,84,99,-2,-98,1
04/11/2001 19:10:00,101,86,99,-1,-101,1
04/11/2001 19:11:00,101,96,99,-1,-105,1
04/11/2001 19:12:00,101,103,100,0,-106,1
04/11/2001 19:13:00,101,104,98,0,-108,1
04/11/2001 19:14:00,101,102,94,-1,-109,1
04/11/2001 19:15:00,101,102,92,-1,-109,1
04/11/2001 19:16:00,101,102,90,-1,-108,1
04/11/2001 19:17:00,101,99,88,-2,-107,1
04/11/2001 19:18:00,101,99,97,-2,-103,1
04/11/2001 19:19:00,101,95,96,-2,-101,1
04/11/2001 19:20:00,101,94,101,-2,-95,1
04/11/2001 19:21:00,101,90,103,-4,-92,1
04/11/2001 19:22:00,101,86,103,-4,-90,1
04/11/2001 19:23:00,101,84,113,-5,-86,1
04/11/2001 19:24:00,101,84,128,-4,-81,1
04/11/2001 19:25:00,101,89,136,-4,-78,1
04/11/2001 19:26:00,101,91,141,-5,-75,1
04/11/2001 19:27:00,101,86,147,-7,-74,1
04/11/2001 19:28:00,101,90,158,-7,-72,1
04/11/2001 19:29:00,101,93,164,-7,-72,1
04/11/2001 19:30:00,101,95,161,-7,-75,1
04/11/2001 19:31:00,101,94,164,-7,-74,1
04/11/2001 19:32:00,101,93,154,-7,-76,1
04/11/2001 19:33:00,101,91,152,-7,-78,1
04/11/2001 19:34:00,101,97,153,-6,-78,1
04/11/2001 19:35:00,101,100,147,-6,-80,1
04/11/2001 19:36:00,101,100,147,-6,-83,1
04/11/2001 19:37:00,101,101,140,-6,-89,1
04/11/2001 19:38:00,101,111,142,-5,-91,1
04/11/2001 19:39:00,101,119,148,-4,-90,1
04/11/2001 19:40:00,101,124,143,-4,-94,1
04/11/2001 19:41:00,101,132,141,-4,-98,1
04/11/2001 19:42:00,101,134,147,-3,-99,1
04/11/2001 19:43:00,101,136,142,-3,-106,1
04/11/2001 19:44:00,101,146,145,-3,-107,1
04/11/2001 19:45:00,101,144,157,-3,-107,1
04/11/2001 19:46:00,101,146,147,-4,-112,1
04/11/2001 19:47:00,101,152,152,-4,-111,1
04/11/2001 19:48:00,101,150,148,-5,-113,1
04/11/2001 19:49:00,101,150,141,-5,-118,1
04/11/2001 19:50:00,101,152,151,-5,-119,1
04/11/2001 19:51:00,101,149,141,-5,-127,1
04/11/2001 19:52:00,101,157,140,-5,-130,1
04/11/2001 19:53:00,101,156,153,-6,-128,1
04/11/2001 19:54:00,101,151,157,-6,-129,1
04/11/2001 19:55:00,101,149,161,-6,-130,1
04/11/2001 19:56:00,101,147,162,-6,-132,1
04/11/2001 19:57:00,101,149,158,-6,-136,1
04/11/2001 19:58:00,101,148,157,-6,-138,1
04/11/2001 19:59:00,101,144,162,-7,-137,1
04/11/2001 20:00:00,101,144,156,-8,-139,1
04/11/2001 20:01:00,101,146,174,-7,-131,1
04/11/2001 20:02:00,101,146,175,-8,-126,1
04/11/2001 20:03:00,101,145,175,-9,-127,1
04/11/2001 20:04:00,101,153,169,-9,-136,1
04/11/2001 20:05:00,101,165,167,-10,-142,1
04/11/2001 20:06:00,101,169,178,-11,-139,1
04/11/2001 20:07:00,101,160,177,-12,-138,1
04/11/2001 20:08:00,101,152,163,-13,-143,1
04/11/2001 20:09:00,101,149,154,-14,-147,1
04/11/2001 20:10:00,101,145,147,-14,-148,1
04/11/2001 20:11:00,101,143,148,-14,-150,1
04/11/2001 20:12:00,101,140,144,-14,-154,1
04/11/2001 20:13:00,101,139,131,-15,-159,1
04/11/2001 20:14:00,101,137,124,-16,-161,1
04/11/2001 20:15:00,101,132,120,-17,-163,1
04/11/2001 20:16:00,101,135,116,-17,-160,1
04/11/2001 20:17:00,101,131,138,-16,-145,1
04/11/2001 20:18:00,101,121,133,-16,-144,1
04/11/2001 20:19:00,101,123,129,-16,-146,1
04/11/2001 20:20:00,101,127,128,-16,-146,1
04/11/2001 20:21:00,101,131,125,-17,-148,1
04/11/2001 20:22:00,101,143,130,-17,-147,1
04/11/2001 20:23:00,101,150,134,-17,-146,1
04/11/2001 20:24:00,101,158,134,-17,-146,1
04/11/2001 20:25:00,101,166,143,-16,-139,1
04/11/2001 20:26:00,101,167,142,-17,-137,1
04/11/2001 20:27:00,101,166,138,-17,-137,1
04/11/2001 20:28:00,101,165,139,-17,-139,1
04/11/2001 20:29:00,101,169,133,-17,-141,1
04/11/2001 20:30:00,101,176,137,-17,-141,1
04/11/2001 20:31:00,101,180,143,-17,-138,1
04/11/2001 20:32:00,101,182,150,-18,-137,1
04/11/2001 20:33:00,101,184,153,-18,-136,1
04/11/2001 20:34:00,101,183,152,-18,-136,1
04/11/2001 20:35:00,101,186,157,-18,-136,1
04/11/2001 20:36:00,101,192,156,-18,-136,1
04/11/2001 20:37:00,101,195,165,-17,-132,1
04/11/2001 20:38:00,101,190,165,-18,-134,1
04/11/2001 20:39:00,101,186,166,-18,-136,1
04/11/2001 20:40:00,101,189,170,-19,-137,1
04/11/2001 20:41:00,101,183,174,-20,-135,1
04/11/2001 20:42:00,101,172,176,-21,-135,1
04/11/2001 20:43:00,101,164,172,-23,-138,1
04/11/2001 20:44:00,101,167,171,-24,-137,1
04/11/2001 20:45:00,101,170,189,-23,-131,1
04/11/2001 20:46:00,101,165,183,-23,-134,1
04/11/2001 20:47:00,101,163,179,-24,-139,1
04/11/2001 20:48:00,101,169,182,-24,-141,1
04/11/2001 20:49:00,101,173,186,-24,-142,1
04/11/2001 20:50:00,101,170,195,-24,-140,1
04/11/2001 20:51:00,101,165,193,-25,-143,1
04/11/2001 20:52:00,101,166,194,-25,-147,1
04/11/2001 20:53:00,101,164,192,-25,-150,1
04/11/2001 20:54:00,101,164,192,-25,-153,1
04/11/2001 20:55:00,101,160,204,-24,-152,1
04/11/2001 20:56:00,101,149,204,-25,-155,1
04/11/2001 20:57:00,101,145,208,-26,-157,1
04/11/2001 20:58:00,101,138,204,-26,-164,1
04/11/2001 20:59:00,101,137,201,-26,-165,1
04/11/2001 21:00:00,101,138,207,-26,-163,1
04/11/2001 21:01:00,101,140,218,-26,-160,1
04/11/2001 21:02:00,101,143,231,-25,-158,1
04/11/2001 21:03:00,101,143,239,-24,-160,1
04/11/2001 21:04:00,101,146,245,-24,-161,1
04/11/2001 21:05:00,101,148,242,-25,-167,1
04/11/2001 21:06:00,101,154,248,-25,-166,1
04/11/2001 21:07:00,101,152,255,-24,-167,1
04/11/2001 21:08:00,101,155,242,-25,-178,1
04/11/2001 21:09:00,101,161,245,-24,-181,1
04/11/2001 21:10:00,101,170,249,-23,-182,1
04/11/2001 21:11:00,101,175,262,-23,-182,1
04/11/2001 21:12:00,101,174,278,-24,-179,1
04/11/2001 21:13:00,101,167,282,-24,-179,1
04/11/2001 21:14:00,101,166,275,-25,-185,1
04/11/2001 21:15:00,101,163,269,-24,-190,1
04/11/2001 21:16:00,101,163,270,-23,-192,1
04/11/2001 21:17:00,101,166,264,-22,-198,1
04/11/2001 21:18:00,101,161,256,-23,-199,1
04/11/2001 21:19:00,101,162,252,-23,-201,1
04/11/2001 21:20:00,101,156,245,-24,-201,1
04/11/2001 21:21:00,101,157,234,-24,-202,1
04/11/2001 21:22:00,101,152,230,-24,-206,1
04/11/2001 21:23:00,101,146,223,-24,-210,1
04/11/2001 21:24:00,101,142,233,-25,-211,1
04/11/2001 21:25:00,101,138,254,-25,-205,1
04/11/2001 21:26:00,101,143,272,-23,-200,1
04/11/2001 21:27:00,101,144,295,-19,-200,1
04/11/2001 21:28:00,101,145,312,-17,-199,1
04/11/2001 21:29:00,101,146,309,-19,-198,1
04/11/2001 21:30:00,101,134,295,-20,-198,1
04/11/2001 21:31:00,101,129,281,-22,-198,1
04/11/2001 21:32:00,101,123,272,-24,-198,1
04/11/2001 21:33:00,101,126,300,-25,-190,1
04/11/2001 21:34:00,101,126,317,-28,-184,1
04/11/2001 21:35:00,101,127,336,-27,-183,1
04/11/2001 21:36:00,101,124,327,-31,-184,1
04/11/2001 21:37:00,101,124,355,-29,-177,1
04/11/2001 21:38:00,101,124,347,-29,-179,1
04/11/2001 21:39:00,101,125,364,-28,-175,1
04/11/2001 21:40:00,101,123,358,-30,-178,1
04/11/2001 21:41:00,101,125,361,-33,-175,1
04/11/2001 21:42:00,101,126,420,-31,-149,1
04/11/2001 21:43:00,101,125,425,-33,-144,1
04/11/2001 21:44:00,101,123,402,-38,-147,1
04/11/2001 21:45:00,101,121,388,-40,-150,1
04/11/2001 21:46:00,101,118,365,-43,-153,1
04/11/2001 21:47:00,101,115,355,-45,-157,1
04/11/2001 21:48:00,101,113,339,-45,-162,1
04/11/2001 21:49:00,101,113,335,-43,-164,1
04/11/2001 21:50:00,101,111,322,-44,-165,1
04/11/2001 21:51:00,101,110,307,-44,-166,1
04/11/2001 21:52:00,101,109,291,-42,-167,1
04/11/2001 21:53:00,101,109,272,-41,-170,1
04/11/2001 21:54:00,101,107,249,-42,-176,1
04/11/2001 21:55:00,101,108,256,-39,-173,1
04/11/2001 21:56:00,101,106,250,-38,-172,1
04/11/2001 21:57:00,101,107,260,-36,-170,1
04/11/2001 21:58:00,101,107,271,-36,-164,1
04/11/2001 21:59:00,101,107,260,-36,-164,1
04/11/2001 22:00:00,101,106,248,-37,-168,1
04/11/2001 22:01:00,101,108,249,-38,-167,1
04/11/2001 22:02:00,101,109,241,-40,-168,1
04/11/2001 22:03:00,101,109,237,-39,-169,1
04/11/2001 22:04:00,101,110,247,-39,-166,1
04/11/2001 22:05:00,101,111,253,-39,-162,1
04/11/2001 22:06:00,101,111,271,-39,-158,1
04/11/2001 22:07:00,101,114,300,-43,-153,1
04/11/2001 22:08:00,101,133,301,-47,-154,1
04/11/2001 22:09:00,101,145,285,-48,-157,1
04/11/2001 22:10:00,101,131,262,-46,-161,1
04/11/2001 22:11:00,101,121,258,-43,-163,1
04/11/2001 22:12:00,101,122,262,-40,-163,1
04/11/2001 22:13:00,101,122,264,-40,-163,1
04/11/2001 22:14:00,101,121,265,-40,-165,1
04/11/2001 22:15:00,101,122,267,-41,-166,1
04/11/2001 22:16:00,101,121,266,-41,-162,1
04/11/2001 22:17:00,101,118,263,-37,-157,1
04/11/2001 22:18:00,101,116,267,-37,-153,1
04/11/2001 22:19:00,101,118,275,-35,-151,1
04/11/2001 22:20:00,101,119,284,-37,-159,1
04/11/2001 22:21:00,101,117,259,-39,-169,1
04/11/2001 22:22:00,101,118,270,-39,-164,1
04/11/2001 22:23:00,101,119,272,-39,-161,1
04/11/2001 22:24:00,101,120,266,-39,-163,1
04/11/2001 22:25:00,101,119,255,-37,-165,1
04/11/2001 22:26:00,101,120,252,-38,-165,1
04/11/2001 22:27:00,101,121,254,-38,-166,1
04/11/2001 22:28:00,101,121,266,-39,-164,1
04/11/2001 22:29:00,101,120,275,-41,-163,1
04/11/2001 22:30:00,101,120,275,-43,-165,1
04/11/2001 22:31:00,101,119,267,-45,-166,1
04/11/2001 22:32:00,101,120,245,-48,-173,1
04/11/2001 22:33:00,101,117,224,-49,-181,1
04/11/2001 22:34:00,101,114,208,-47,-186,1
04/11/2001 22:35:00,101,114,201,-44,-191,1
04/11/2001 22:36:00,101,112,202,-43,-192,1
04/11/2001 22:37:00,101,112,199,-43,-196,1
04/11/2001 22:38:00,101,111,192,-44,-197,1
04/11/2001 22:39:00,101,112,185,-44,-197,1
04/11/2001 22:40:00,101,111,176,-44,-198,1
04/11/2001 22:41:00,101,111,173,-45,-197,1
04/11/2001 22:42:00,101,113,164,-43,-218,1
04/11/2001 22:43:00,101,112,153,-46,-218,1
04/11/2001 22:44:00,101,109,154,-44,-211,1
04/11/2001 22:45:00,101,107,128,-44,-195,1
04/11/2001 22:46:00,101,103,125,-40,-194,1
04/11/2001 22:47:00,101,103,112,-40,-198,1
04/11/2001 22:48:00,101,108,99,-41,-199,1
04/11/2001 22:49:00,101,114,100,-41,-207,1
04/11/2001 22:50:00,101,113,124,-42,-218,1
04/11/2001 22:51:00,101,108,144,-42,-220,1
04/11/2001 22:52:00,101,100,135,-41,-213,1
04/11/2001 22:53:00,101,102,98,-38,-211,1
04/11/2001 22:54:00,101,100,93,-36,-232,1
04/11/2001 22:55:00,101,103,103,-35,-226,1
04/11/2001 22:56:00,101,102,90,-36,-217,1
04/11/2001 22:57:00,101,103,101,-35,-230,1
04/11/2001 22:58:00,101,104,102,-37,-242,1
04/11/2001 22:59:00,101,99,118,-35,-223,1
04/11/2001 23:00:00,101,95,139,-32,-211,1
04/11/2001 23:01:00,101,98,152,-29,-206,1
04/11/2001 23:02:00,101,97,149,-30,-208,1
04/11/2001 23:03:00,101,103,146,-33,-216,1
04/11/2001 23:04:00,101,106,137,-37,-225,1
04/11/2001 23:05:00,101,110,139,-40,-226,1
04/11/2001 23:06:00,101,108,144,-40,-221,1
04/11/2001 23:07:00,101,104,154,-38,-217,1
04/11/2001 23:08:00,101,103,157,-37,-218,1
04/11/2001 23:09:00,101,108,164,-37,-216,1
04/11/2001 23:10:00,101,115,177,-37,-212,1
04/11/2001 23:11:00,101,115,188,-37,-214,1
04/11/2001 23:12:00,101,118,191,-39,-216,1
04/11/2001 23:13:00,101,119,196,-41,-216,1
04/11/2001 23:14:00,101,120,197,-44,-216,1
04/11/2001 23:15:00,101,117,184,-45,-220,1
04/11/2001 23:16:00,101,111,170,-45,-222,1
04/11/2001 23:17:00,101,113,155,-44,-227,1
04/11/2001 23:18:00,101,113,141,-42,-231,1
04/11/2001 23:19:00,101,117,144,-41,-235,1
04/11/2001 23:20:00,101,118,151,-39,-240,1
04/11/2001 23:21:00,101,117,158,-40,-241,1
04/11/2001 23:22:00,101,116,165,-40,-240,1
04/11/2001 23:23:00,101,116,168,-40,-241,1
04/11/2001 23:24:00,101,114,170,-39,-241,1
04/11/2001 23:25:00,101,114,170,-38,-243,1
04/11/2001 23:26:00,101,114,174,-36,-244,1
04/11/2001 23:27:00,101,113,184,-35,-241,1
04/11/2001 23:28:00,101,115,194,-35,-239,1
04/11/2001 23:29:00,101,112,203,-35,-236,1
04/11/2001 23:30:00,101,110,210,-36,-232,1
04/11/2001 23:31:00,101,118,189,-39,-252,1
04/11/2001 23:32:00,101,122,176,-45,-268,1
04/11/2001 23:33:00,101,125,174,-47,-266,1
04/11/2001 23:34:00,101,119,176,-47,-264,1
04/11/2001 23:35:00,101,117,183,-46,-264,1
04/11/2001 23:36:00,101,116,183,-45,-266,1
04/11/2001 23:37:00,101,116,181,-45,-264,1
04/11/2001 23:38:00,101,118,175,-46,-267,1
04/11/2001 23:39:00,101,118,169,-47,-268,1
04/11/2001 23:40:00,101,118,165,-47,-267,1
04/11/2001 23:41:00,101,117,159,-47,-267,1
04/11/2001 23:42:00,101,115,150,-46,-268,1
04/11/2001 23:43:00,101,115,142,-46,-268,1
04/11/2001 23:44:00,101,115,138,-44,-267,1
04/11/2001 23:45:00,101,113,138,-44,-267,1
04/11/2001 23:46:00,101,113,134,-44,-268,1
04/11/2001 23:47:00,101,113,126,-44,-269,1
04/11/2001 23:48:00,101,113,124,-44,-269,1
04/11/2001 23:49:00,101,112,124,-43,-268,1
04/11/2001 23:50:00,101,112,125,-43,-268,1
04/11/2001 23:51:00,101,112,126,-42,-267,1
04/11/2001 23:52:00,101,112,128,-41,-266,1
04/11/2001 23:53:00,101,109,129,-40,-266,1
04/11/2001 23:54:00,101,108,130,-40,-264,1
04/11/2001 23:55:00,101,108,130,-39,-265,1
04/11/2001 23:56:00,101,110,122,-39,-274,1
04/11/2001 23:57:00,101,110,116,-39,-280,1
04/11/2001 23:58:00,101,106,114,-39,-279,1
04/11/2001 23:59:00,101,105,115,-39,-279,1
04/12/2001 00:00:00,102,102,116,-37,-276,1
04/12/2001 00:01:00,102,101,120,-36,-272,1
04/12/2001 00:02:00,102,100,121,-36,-269,1
04/12/2001 00:03:00,102,97,126,-34,-261,1
04/12/2001 00:04:00,102,96,129,-33,-257,1
04/12/2001 00:05:00,102,95,128,-31,-254,1
04/12/2001 00:06:00,102,99,124,-29,-252,1
04/12/2001 00:07:00,102,103,131,-28,-245,1
04/12/2001 00:08:00,102,97,141,-29,-235,1
04/12/2001 00:09:00,102,109,156,-28,-229,1
04/12/2001 00:10:00,102,107,161,-28,-221,1
04/12/2001 00:11:00,102,107,157,-28,-218,1
04/12/2001 00:12:00,102,109,146,-29,-217,1
04/12/2001 00:13:00,102,109,155,-29,-213,1
04/12/2001 00:14:00,102,103,158,-28,-212,1
04/12/2001 00:15:00,102,103,159,-28,-215,1
04/12/2001 00:16:00,102,100,146,-28,-221,1
04/12/2001 00:17:00,102,107,134,-26,-222,1
04/12/2001 00:18:00,102,123,136,-23,-221,1
04/12/2001 00:19:00,102,135,136,-20,-219,1
04/12/2001 00:20:00,102,135,146,-19,-216,1
04/12/2001 00:21:00,102,121,157,-20,-214,1
04/12/2001 00:22:00,102,120,156,-19,-213,1
04/12/2001 00:23:00,102,121,155,-19,-211,1
04/12/2001 00:24:00,102,119,150,-19,-210,1
04/12/2001 00:25:00,102,120,148,-19,-211,1
04/12/2001 00:26:00,102,120,147,-19,-212,1
04/12/2001 00:27:00,102,118,156,-19,-210,1
04/12/2001 00:28:00,102,118,161,-20,-211,1
04/12/2001 00:29:00,102,113,165,-20,-211,1
04/12/2001 00:30:00,102,112,160,-20,-212,1
04/12/2001 00:31:00,102,107,155,-20,-212,1
04/12/2001 00:32:00,102,102,149,-20,-213,1
04/12/2001 00:33:00,102,98,145,-21,-212,1
04/12/2001 00:34:00,102,92,144,-21,-211,1
04/12/2001 00:35:00,102,88,143,-21,-209,1
04/12/2001 00:36:00,102,86,138,-23,-209,1
04/12/2001 00:37:00,102,85,134,-23,-209,1
04/12/2001 00:38:00,102,82,127,-24,-209,1
04/12/2001 00:39:00,102,82,120,-24,-211,1
04/12/2001 00:40:00,102,82,114,-24,-212,1
04/12/2001 00:41:00,102,81,112,-24,-212,1
04/12/2001 00:42:00,102,79,112,-24,-213,1
04/12/2001 00:43:00,102,77,113,-23,-213,1
04/12/2001 00:44:00,102,80,114,-24,-211,1
04/12/2001 00:45:00,102,82,116,-24,-208,1
04/12/2001 00:46:00,102,83,118,-24,-206,1
04/12/2001 00:47:00,102,80,117,-24,-205,1
04/12/2001 00:48:00,102,79,114,-25,-203,1
04/12/2001 00:49:00,102,79,118,-24,-203,1
04/12/2001 00:50:00,102,79,122,-24,-204,1
04/12/2001 00:51:00,102,79,125,-23,-205,1
04/12/2001 00:52:00,102,77,126,-23,-204,1
04/12/2001 00:53:00,102,70,128,-24,-202,1
04/12/2001 00:54:00,102,65,128,-24,-202,1
04/12/2001 00:55:00,102,64,129,-24,-200,1
04/12/2001 00:56:00,102,63,129,-24,-199,1
04/12/2001 00:57:00,102,63,129,-25,-196,1
04/12/2001 00:58:00,102,63,129,-26,-193,1
04/12/2001 00:59:00,102,61,128,-26,-191,1
04/12/2001 01:00:00,102,61,132,-26,-191,1
04/12/2001 01:01:00,102,62,134,-26,-191,1
04/12/2001 01:02:00,102,61,138,-26,-197,1
04/12/2001 01:03:00,102,61,143,-23,-206,1
04/12/2001 01:04:00,102,63,142,-23,-213,1
04/12/2001 01:05:00,102,66,138,-25,-215,1
04/12/2001 01:06:00,102,66,129,-26,-210,1
04/12/2001 01:07:00,102,68,125,-26,-207,1
04/12/2001 01:08:00,102,67,124,-26,-204,1
04/12/2001 01:09:00,102,68,123,-25,-204,1
04/12/2001 01:10:00,102,69,123,-26,-203,1
04/12/2001 01:11:00,102,69,122,-26,-203,1
04/12/2001 01:12:00,102,70,121,-26,-203,1
04/12/2001 01:13:00,102,73,119,-26,-203,1
04/12/2001 01:14:00,102,72,118,-26,-202,1
04/12/2001 01:15:00,102,71,117,-25,-200,1
04/12/2001 01:16:00,102,70,116,-25,-198,1
04/12/2001 01:17:00,102,69,116,-24,-198,1
04/12/2001 01:18:00,102,69,116,-24,-197,1
04/12/2001 01:19:00,102,69,118,-24,-197,1
04/12/2001 01:20:00,102,68,118,-24,-196,1
04/12/2001 01:21:00,102,69,117,-25,-197,1
04/12/2001 01:22:00,102,69,116,-25,-197,1
04/12/2001 01:23:00,102,70,115,-26,-197,1
04/12/2001 01:24:00,102,69,114,-26,-198,1
04/12/2001 01:25:00,102,70,113,-26,-197,1
04/12/2001 01:26:00,102,68,111,-27,-196,1
04/12/2001 01:27:00,102,68,112,-26,-196,1
04/12/2001 01:28:00,102,67,112,-26,-197,1
04/12/2001 01:29:00,102,67,111,-26,-197,1
04/12/2001 01:30:00,102,66,110,-25,-197,1
04/12/2001 01:31:00,102,66,110,-25,-197,1
04/12/2001 01:32:00,102,66,109,-25,-196,1
04/12/2001 01:33:00,102,66,107,-25,-196,1
04/12/2001 01:34:00,102,66,106,-26,-196,1
04/12/2001 01:35:00,102,65,105,-26,-196,1
04/12/2001 01:36:00,102,65,105,-26,-197,1
04/12/2001 01:37:00,102,64,103,-25,-197,1
04/12/2001 01:38:00,102,64,103,-24,-196,1
04/12/2001 01:39:00,102,64,106,-24,-196,1
04/12/2001 01:40:00,102,64,107,-24,-196,1
04/12/2001 01:41:00,102,63,110,-24,-196,1
04/12/2001 01:42:00,102,63,109,-23,-196,1
04/12/2001 01:43:00,102,62,111,-23,-197,1
04/12/2001 01:44:00,102,63,114,-23,-197,1
04/12/2001 01:45:00,102,64,114,-23,-197,1
04/12/2001 01:46:00,102,64,113,-23,-198,1
04/12/2001 01:47:00,102,64,115,-23,-197,1
04/12/2001 01:48:00,102,64,117,-23,-197,1
04/12/2001 01:49:00,102,63,118,-22,-198,1
04/12/2001 01:50:00,102,62,118,-23,-197,1
04/12/2001 01:51:00,102,62,118,-23,-196,1
04/12/2001 01:52:00,102,61,118,-23,-196,1
04/12/2001 01:53:00,102,61,118,-22,-197,1
04/12/2001 01:54:00,102,62,119,-22,-197,1
04/12/2001 01:55:00,102,61,117,-22,-196,1
04/12/2001 01:56:00,102,61,117,-23,-196,1
04/12/2001 01:57:00,102,62,119,-23,-197,1
04/12/2001 01:58:00,102,60,119,-23,-197,1
04/12/2001 01:59:00,102,59,119,-23,-197,1
04/12/2001 02:00:00,102,59,119,-23,-196,1
04/12/2001 02:01:00,102,58,119,-23,-196,1
04/12/2001 02:02:00,102,57,119,-23,-197,1
04/12/2001 02:03:00,102,57,114,-22,-197,1
04/12/2001 02:04:00,102,56,111,-22,-196,1
04/12/2001 02:05:00,102,54,107,-22,-196,1
04/12/2001 02:06:00,102,53,104,-21,-197,1
04/12/2001 02:07:00,102,55,103,-21,-199,1
04/12/2001 02:08:00,102,56,106,-20,-200,1
04/12/2001 02:09:00,102,55,104,-20,-200,1
04/12/2001 02:10:00,102,55,109,-20,-199,1
04/12/2001 02:11:00,102,53,106,-20,-198,1
04/12/2001 02:12:00,102,53,107,-20,-197,1
04/12/2001 02:13:00,102,53,108,-20,-196,1
04/12/2001 02:14:00,102,52,107,-20,-196,1
04/12/2001 02:15:00,102,51,107,-19,-197,1
04/12/2001 02:16:00,102,50,107,-19,-197,1
04/12/2001 02:17:00,102,50,108,-19,-197,1
04/12/2001 02:18:00,102,49,108,-19,-199,1
04/12/2001 02:19:00,102,49,111,-18,-200,1
04/12/2001 02:20:00,102,49,114,-18,-200,1
04/12/2001 02:21:00,102,47,116,-18,-199,1
04/12/2001 02:22:00,102,44,116,-17,-199,1
04/12/2001 02:23:00,102,42,117,-17,-197,1
04/12/2001 02:24:00,102,40,117,-17,-196,1
04/12/2001 02:25:00,102,38,114,-16,-196,1
04/12/2001 02:26:00,102,41,114,-16,-197,1
04/12/2001 02:27:00,102,40,114,-16,-196,1
04/12/2001 02:28:00,102,40,112,-17,-196,1
04/12/2001 02:29:00,102,39,107,-17,-195,1
04/12/2001 02:30:00,102,39,106,-17,-195,1
04/12/2001 02:31:00,102,39,105,-17,-194,1
04/12/2001 02:32:00,102,39,104,-17,-194,1
04/12/2001 02:33:00,102,37,105,-17,-194,1
04/12/2001 02:34:00,102,38,109,-16,-194,1
04/12/2001 02:35:00,102,37,110,-16,-195,1
04/12/2001 02:36:00,102,36,113,-15,-195,1
04/12/2001 02:37:00,102,35,111,-15,-195,1
04/12/2001 02:38:00,102,35,113,-15,-192,1
04/12/2001 02:39:00,102,34,116,-15,-189,1
04/12/2001 02:40:00,102,34,122,-14,-187,1
04/12/2001 02:41:00,102,33,125,-14,-188,1
04/12/2001 02:42:00,102,33,130,-14,-189,1
04/12/2001 02:43:00,102,33,134,-14,-188,1
04/12/2001 02:44:00,102,35,139,-14,-186,1
04/12/2001 02:45:00,102,35,138,-14,-185,1
04/12/2001 02:46:00,102,36,140,-14,-184,1
04/12/2001 02:47:00,102,37,148,-14,-183,1
04/12/2001 02:48:00,102,40,150,-13,-183,1
04/12/2001 02:49:00,102,44,157,-13,-182,1
04/12/2001 02:50:00,102,47,157,-13,-180,1
04/12/2001 02:51:00,102,50,158,-14,-178,1
04/12/2001 02:52:00,102,53,159,-14,-177,1
04/12/2001 02:53:00,102,59,151,-15,-178,1
04/12/2001 02:54:00,102,63,144,-15,-179,1
04/12/2001 02:55:00,102,66,135,-15,-179,1
04/12/2001 02:56:00,102,70,131,-14,-178,1
04/12/2001 02:57:00,102,72,126,-14,-178,1
04/12/2001 02:58:00,102,70,121,-14,-178,1
04/12/2001 02:59:00,102,69,118,-15,-177,1
04/12/2001 03:00:00,102,66,119,-14,-177,1
04/12/2001 03:01:00,102,64,121,-14,-175,1
04/12/2001 03:02:00,102,65,128,-14,-171,1
04/12/2001 03:03:00,102,66,134,-13,-170,1
04/12/2001 03:04:00,102,66,140,-14,-171,1
04/12/2001 03:05:00,102,66,143,-14,-175,1
04/12/2001 03:06:00,102,69,143,-14,-179,1
04/12/2001 03:07:00,102,68,139,-14,-179,1
04/12/2001 03:08:00,102,71,136,-15,-177,1
04/12/2001 03:09:00,102,71,130,-15,-175,1
04/12/2001 03:10:00,102,71,125,-15,-175,1
04/12/2001 03:11:00,102,70,116,-15,-178,1
04/12/2001 03:12:00,102,71,112,-15,-179,1
04/12/2001 03:13:00,102,68,111,-14,-180,1
04/12/2001 03:14:00,102,67,114,-13,-180,1
04/12/2001 03:15:00,102,64,114,-11,-179,1
04/12/2001 03:16:00,102,60,120,-10,-176,1
04/12/2001 03:17:00,102,58,127,-9,-175,1
04/12/2001 03:18:00,102,57,134,-9,-174,1
04/12/2001 03:19:00,102,59,139,-9,-173,1
04/12/2001 03:20:00,102,60,139,-9,-173,1
04/12/2001 03:21:00,102,61,137,-10,-174,1
04/12/2001 03:22:00,102,65,132,-10,-174,1
04/12/2001 03:23:00,102,68,127,-10,-175,1
04/12/2001 03:24:00,102,71,120,-10,-176,1
04/12/2001 03:25:00,102,73,114,-10,-177,1
04/12/2001 03:26:00,102,73,108,-9,-177,1
04/12/2001 03:27:00,102,72,106,-8,-177,1
04/12/2001 03:28:00,102,71,101,-7,-176,1
04/12/2001 03:29:00,102,68,100,-5,-175,1
04/12/2001 03:30:00,102,63,101,-4,-171,1
04/12/2001 03:31:00,102,73,115,-1,-167,1
04/12/2001 03:32:00,102,79,128,1,-165,1
04/12/2001 03:33:00,102,84,141,2,-163,1
04/12/2001 03:34:00,102,85,152,2,-161,1
04/12/2001 03:35:00,102,83,160,2,-161,1
04/12/2001 03:36:00,102,82,157,2,-160,1
04/12/2001 03:37:00,102,81,154,2,-160,1
04/12/2001 03:38:00,102,80,152,2,-160,1
04/12/2001 03:39:00,102,78,149,2,-160,1
04/12/2001 03:40:00,102,76,147,2,-161,1
04/12/2001 03:41:00,102,75,145,2,-161,1
04/12/2001 03:42:00,102,74,144,2,-161,1
04/12/2001 03:43:00,102,72,145,2,-162,1
04/12/2001 03:44:00,102,72,143,2,-162,1
04/12/2001 03:45:00,102,70,142,1,-161,1
04/12/2001 03:46:00,102,68,141,1,-161,1
04/12/2001 03:47:00,102,67,141,1,-162,1
04/12/2001 03:48:00,102,65,139,1,-161,1
04/12/2001 03:49:00,102,66,139,2,-161,1
04/12/2001 03:50:00,102,68,137,1,-161,1
04/12/2001 03:51:00,102,68,137,1,-160,1
04/12/2001 03:52:00,102,68,136,2,-160,1
04/12/2001 03:53:00,102,68,135,2,-160,1
04/12/2001 03:54:00,102,70,135,1,-159,1
04/12/2001 03:55:00,102,69,135,1,-159,1
04/12/2001 03:56:00,102,68,133,1,-159,1
04/12/2001 03:57:00,102,66,134,1,-159,1
04/12/2001 03:58:00,102,65,133,1,-158,1
04/12/2001 03:59:00,102,65,132,0,-158,1
04/12/2001 04:00:00,102,63,132,0,-157,1
04/12/2001 04:01:00,102,62,131,0,-156,1
04/12/2001 04:02:00,102,62,132,-1,-157,1
04/12/2001 04:03:00,102,63,128,-1,-158,1
04/12/2001 04:04:00,102,63,127,-1,-159,1
04/12/2001 04:05:00,102,62,124,0,-160,1
04/12/2001 04:06:00,102,61,124,0,-162,1
04/12/2001 04:07:00,102,60,121,0,-163,1
04/12/2001 04:08:00,102,60,119,1,-168,1
04/12/2001 04:09:00,102,59,117,1,-168,1
04/12/2001 04:10:00,102,57,115,2,-166,1
04/12/2001 04:11:00,102,57,112,2,-164,1
04/12/2001 04:12:00,102,58,113,3,-162,1
04/12/2001 04:13:00,102,60,113,3,-161,1
04/12/2001 04:14:00,102,61,110,2,-165,1
04/12/2001 04:15:00,102,64,113,2,-167,1
04/12/2001 04:16:00,102,61,101,1,-163,1
04/12/2001 04:17:00,102,62,98,2,-162,1
04/12/2001 04:18:00,102,64,100,3,-163,1
04/12/2001 04:19:00,102,62,99,3,-161,1
04/12/2001 04:20:00,102,60,98,4,-160,1
04/12/2001 04:21:00,102,59,100,4,-160,1
04/12/2001 04:22:00,102,55,99,5,-160,1
04/12/2001 04:23:00,102,56,101,4,-159,1
04/12/2001 04:24:00,102,59,103,4,-158,1
04/12/2001 04:25:00,102,59,109,5,-157,1
04/12/2001 04:26:00,102,62,113,5,-154,1
04/12/2001 04:27:00,102,62,119,5,-153,1
04/12/2001 04:28:00,102,64,123,5,-153,1
04/12/2001 04:29:00,102,64,125,5,-153,1
04/12/2001 04:30:00,102,64,129,5,-154,1
04/12/2001 04:31:00,102,61,132,6,-155,1
04/12/2001 04:32:00,102,58,135,5,-156,1
04/12/2001 04:33:00,102,55,136,5,-156,1
04/12/2001 04:34:00,102,54,135,5,-156,1
04/12/2001 04:35:00,102,55,130,5,-157,1
04/12/2001 04:36:00,102,56,129,5,-156,1
04/12/2001 04:37:00,102,58,128,5,-157,1
04/12/2001 04:38:00,102,59,123,4,-157,1
04/12/2001 04:39:00,102,59,120,4,-156,1
04/12/2001 04:40:00,102,60,120,4,-156,1
04/12/2001 04:41:00,102,59,118,4,-155,1
04/12/2001 04:42:00,102,58,116,5,-155,1
04/12/2001 04:43:00,102,57,115,4,-155,1
04/12/2001 04:44:00,102,56,114,4,-154,1
04/12/2001 04:45:00,102,55,110,4,-153,1
04/12/2001 04:46:00,102,54,107,3,-154,1
04/12/2001 04:47:00,102,52,104,2,-155,1
04/12/2001 04:48:00,102,51,103,2,-155,1
04/12/2001 04:49:00,102,50,102,2,-155,1
04/12/2001 04:50:00,102,48,100,2,-155,1
04/12/2001 04:51:00,102,47,96,2,-154,1
04/12/2001 04:52:00,102,46,93,1,-155,1
04/12/2001 04:53:00,102,45,92,1,-154,1
04/12/2001 04:54:00,102,44,91,1,-154,1
04/12/2001 04:55:00,102,43,89,1,-156,1
04/12/2001 04:56:00,102,41,86,0,-155,1
04/12/2001 04:57:00,102,41,82,-1,-154,1
04/12/2001 04:58:00,102,40,79,0,-156,1
04/12/2001 04:59:00,102,41,75,0,-158,1
04/12/2001 05:00:00,102,40,73,-1,-159,1
04/12/2001 05:01:00,102,38,73,-1,-159,1
04/12/2001 05:02:00,102,37,73,-1,-159,1
04/12/2001 05:03:00,102,39,73,-1,-158,1
04/12/2001 05:04:00,102,41,73,-1,-157,1
04/12/2001 05:05:00,102,44,73,0,-156,1
04/12/2001 05:06:00,102,45,73,0,-157,1
04/12/2001 05:07:00,102,46,75,0,-157,1
04/12/2001 05:08:00,102,45,76,0,-156,1
04/12/2001 05:09:00,102,44,77,0,-155,1
04/12/2001 05:10:00,102,44,78,-1,-154,1
04/12/2001 05:11:00,102,43,79,-1,-152,1
04/12/2001 05:12:00,102,41,76,-1,-155,1
04/12/2001 05:13:00,102,41,76,-2,-160,1
04/12/2001 05:14:00,102,39,72,-2,-161,1
04/12/2001 05:15:00,102,38,73,-3,-160,1
04/12/2001 05:16:00,102,40,76,-2,-161,1
04/12/2001 05:17:00,102,40,77,-2,-161,1
04/12/2001 05:18:00,102,39,78,-2,-160,1
04/12/2001 05:19:00,102,38,77,-2,-159,1
04/12/2001 05:20:00,102,38,76,-3,-158,1
04/12/2001 05:21:00,102,37,71,-4,-158,1
04/12/2001 05:22:00,102,36,69,-5,-158,1
04/12/2001 05:23:00,102,35,68,-5,-158,1
04/12/2001 05:24:00,102,35,67,-5,-158,1
04/12/2001 05:25:00,102,35,67,-5,-158,1
04/12/2001 05:26:00,102,35,66,-6,-158,1
04/12/2001 05:27:00,102,35,66,-5,-158,1
04/12/2001 05:28:00,102,35,67,-5,-157,1
04/12/2001 05:29:00,102,36,68,-5,-157,1
04/12/2001 05:30:00,102,36,68,-5,-157,1
04/12/2001 05:31:00,102,36,67,-5,-156,1
04/12/2001 05:32:00,102,37,67,-5,-155,1
04/12/2001 05:33:00,102,38,67,-5,-155,1
04/12/2001 05:34:00,102,37,66,-5,-155,1
04/12/2001 05:35:00,102,37,65,-5,-154,1
04/12/2001 05:36:00,102,36,66,-6,-155,1
04/12/2001 05:37:00,102,36,66,-5,-153,1
04/12/2001 05:38:00,102,37,64,-6,-151,1
04/12/2001 05:39:00,102,38,66,-5,-151,1
04/12/2001 05:40:00,102,39,67,-5,-151,1
04/12/2001 05:41:00,102,39,69,-5,-152,1
04/12/2001 05:42:00,102,40,70,-4,-152,1
04/12/2001 05:43:00,102,40,70,-4,-153,1
04/12/2001 05:44:00,102,41,73,-4,-154,1
04/12/2001 05:45:00,102,41,72,-3,-154,1
04/12/2001 05:46:00,102,41,74,-3,-154,1
04/12/2001 05:47:00,102,41,75,-3,-155,1
04/12/2001 05:48:00,102,41,78,-2,-154,1
04/12/2001 05:49:00,102,41,75,-3,-153,1
04/12/2001 05:50:00,102,40,72,-4,-153,1
04/12/2001 05:51:00,102,39,72,-4,-153,1
04/12/2001 05:52:00,102,40,73,-4,-153,1
04/12/2001 05:53:00,102,40,73,-4,-153,1
04/12/2001 05:54:00,102,41,72,-4,-153,1
04/12/2001 05:55:00,102,41,72,-4,-154,1
04/12/2001 05:56:00,102,42,69,-4,-153,1
04/12/2001 05:57:00,102,41,69,-5,-153,1
04/12/2001 05:58:00,102,42,69,-5,-152,1
04/12/2001 05:59:00,102,42,68,-5,-152,1
04/12/2001 06:00:00,102,42,67,-5,-152,1
04/12/2001 06:01:00,102,42,66,-5,-152,1
04/12/2001 06:02:00,102,43,66,-5,-151,1
04/12/2001 06:03:00,102,44,66,-5,-151,1
04/12/2001 06:04:00,102,45,67,-5,-152,1
04/12/2001 06:05:00,102,46,68,-5,-153,1
04/12/2001 06:06:00,102,46,68,-5,-154,1
04/12/2001 06:07:00,102,48,68,-5,-157,1
04/12/2001 06:08:00,102,48,67,-5,-159,1
04/12/2001 06:09:00,102,48,67,-5,-159,1
04/12/2001 06:10:00,102,46,68,-5,-158,1
04/12/2001 06:11:00,102,45,66,-5,-157,1
04/12/2001 06:12:00,102,44,65,-6,-156,1
04/12/2001 06:13:00,102,44,64,-6,-156,1
04/12/2001 06:14:00,102,44,64,-6,-156,1
04/12/2001 06:15:00,102,43,63,-7,-155,1
04/12/2001 06:16:00,102,43,64,-7,-155,1
04/12/2001 06:17:00,102,43,64,-7,-155,1
04/12/2001 06:18:00,102,42,65,-7,-155,1
04/12/2001 06:19:00,102,43,63,-7,-155,1
04/12/2001 06:20:00,102,43,63,-7,-155,1
04/12/2001 06:21:00,102,42,65,-7,-157,1
04/12/2001 06:22:00,102,42,66,-6,-158,1
04/12/2001 06:23:00,102,43,67,-6,-158,1
04/12/2001 06:24:00,102,43,66,-6,-158,1
04/12/2001 06:25:00,102,43,66,-6,-158,1
04/12/2001 06:26:00,102,43,66,-6,-158,1
04/12/2001 06:27:00,102,42,67,-6,-158,1
04/12/2001 06:28:00,102,41,67,-6,-157,1
04/12/2001 06:29:00,102,40,65,-7,-155,1
04/12/2001 06:30:00,102,38,62,-8,-155,1
04/12/2001 06:31:00,102,37,63,-8,-154,1
04/12/2001 06:32:00,102,37,64,-8,-154,1
04/12/2001 06:33:00,102,36,63,-8,-152,1
04/12/2001 06:34:00,102,36,62,-9,-151,1
04/12/2001 06:35:00,102,36,63,-9,-151,1
04/12/2001 06:36:00,102,37,62,-9,-151,1
04/12/2001 06:37:00,102,37,62,-9,-150,1
04/12/2001 06:38:00,102,36,61,-10,-150,1
04/12/2001 06:39:00,102,35,61,-10,-150,1
04/12/2001 06:40:00,102,37,61,-10,-150,1
04/12/2001 06:41:00,102,37,61,-10,-150,1
04/12/2001 06:42:00,102,38,60,-10,-149,1
04/12/2001 06:43:00,102,39,61,-10,-148,1
04/12/2001 06:44:00,102,40,60,-10,-148,1
04/12/2001 06:45:00,102,40,62,-10,-148,1
04/12/2001 06:46:00,102,40,63,-10,-147,1
04/12/2001 06:47:00,102,39,61,-10,-145,1
04/12/2001 06:48:00,102,38,60,-11,-143,1
04/12/2001 06:49:00,102,37,63,-11,-141,1
04/12/2001 06:50:00,102,38,70,-11,-143,1
04/12/2001 06:51:00,102,40,72,-10,-145,1
04/12/2001 06:52:00,102,42,74,-10,-144,1
04/12/2001 06:53:00,102,42,75,-9,-142,1
04/12/2001 06:54:00,102,40,74,-10,-141,1
04/12/2001 06:55:00,102,39,76,-9,-140,1
04/12/2001 06:56:00,102,40,77,-10,-140,1
04/12/2001 06:57:00,102,39,78,-10,-140,1
04/12/2001 06:58:00,102,38,78,-9,-141,1
04/12/2001 06:59:00,102,38,74,-10,-141,1
04/12/2001 07:00:00,102,38,74,-10,-143,1
04/12/2001 07:01:00,102,39,75,-10,-144,1
04/12/2001 07:02:00,102,42,77,-9,-145,1
04/12/2001 07:03:00,102,43,77,-8,-145,1
04/12/2001 07:04:00,102,44,79,-8,-146,1
04/12/2001 07:05:00,102,46,80,-8,-146,1
04/12/2001 07:06:00,102,48,80,-8,-145,1
04/12/2001 07:07:00,102,50,80,-8,-143,1
04/12/2001 07:08:00,102,51,81,-8,-142,1
04/12/2001 07:09:00,102,51,85,-7,-141,1
04/12/2001 07:10:00,102,53,89,-7,-142,1
04/12/2001 07:11:00,102,55,92,-7,-142,1
04/12/2001 07:12:00,102,58,91,-6,-142,1
04/12/2001 07:13:00,102,59,91,-7,-141,1
04/12/2001 07:14:00,102,60,92,-6,-141,1
04/12/2001 07:15:00,102,62,92,-6,-142,1
04/12/2001 07:16:00,102,63,92,-5,-142,1
04/12/2001 07:17:00,102,65,92,-5,-142,1
04/12/2001 07:18:00,102,66,91,-5,-141,1
04/12/2001 07:19:00,102,66,91,-5,-141,1
04/12/2001 07:20:00,102,66,94,-5,-141,1
04/12/2001 07:21:00,102,67,95,-4,-142,1
04/12/2001 07:22:00,102,66,95,-4,-141,1
04/12/2001 07:23:00,102,67,95,-4,-140,1
04/12/2001 07:24:00,102,66,94,-4,-140,1
04/12/2001 07:25:00,102,66,94,-4,-140,1
04/12/2001 07:26:00,102,64,93,-4,-140,1
04/12/2001 07:27:00,102,63,93,-3,-140,1
04/12/2001 07:28:00,102,61,93,-3,-139,1
04/12/2001 07:29:00,102,60,96,-3,-139,1
04/12/2001 07:30:00,102,59,96,-3,-139,1
04/12/2001 07:31:00,102,59,97,-2,-139,1
04/12/2001 07:32:00,102,58,97,-2,-139,1
04/12/2001 07:33:00,102,57,98,-2,-140,1
04/12/2001 07:34:00,102,56,99,-1,-140,1
04/12/2001 07:35:00,102,57,100,-1,-139,1
04/12/2001 07:36:00,102,56,100,0,-139,1
04/12/2001 07:37:00,102,56,101,0,-139,1
04/12/2001 07:38:00,102,57,100,0,-139,1
04/12/2001 07:39:00,102,57,99,0,-139,1
04/12/2001 07:40:00,102,59,97,0,-138,1
04/12/2001 07:41:00,102,59,93,0,-137,1
04/12/2001 07:42:00,102,60,89,0,-137,1
04/12/2001 07:43:00,102,60,87,0,-137,1
04/12/2001 07:44:00,102,61,83,0,-138,1
04/12/2001 07:45:00,102,60,81,0,-138,1
04/12/2001 07:46:00,102,61,80,1,-139,1
04/12/2001 07:47:00,102,62,77,1,-140,1
04/12/2001 07:48:00,102,63,77,1,-140,1
04/12/2001 07:49:00,102,64,78,1,-139,1
04/12/2001 07:50:00,102,65,77,1,-141,1
04/12/2001 07:51:00,102,65,75,1,-143,1
04/12/2001 07:52:00,102,65,73,1,-145,1
04/12/2001 07:53:00,102,66,74,1,-146,1
04/12/2001 07:54:00,102,66,73,1,-148,1
04/12/2001 07:55:00,102,65,73,1,-150,1
04/12/2001 07:56:00,102,64,73,1,-151,1
04/12/2001 07:57:00,102,64,72,1,-151,1
04/12/2001 07:58:00,102,63,71,1,-152,1
04/12/2001 07:59:00,102,62,71,1,-152,1
04/12/2001 08:00:00,102,62,71,1,-152,1
04/12/2001 08:01:00,102,61,70,1,-152,1
04/12/2001 08:02:00,102,60,70,1,-152,1
04/12/2001 08:03:00,102,60,69,1,-152,1
04/12/2001 08:04:00,102,61,69,1,-153,1
04/12/2001 08:05:00,102,60,68,1,-152,1
04/12/2001 08:06:00,102,59,67,1,-151,1
04/12/2001 08:07:00,102,59,67,1,-151,1
04/12/2001 08:08:00,102,58,67,1,-150,1
04/12/2001 08:09:00,102,58,66,1,-150,1
04/12/2001 08:10:00,102,57,65,1,-150,1
04/12/2001 08:11:00,102,56,65,1,-150,1
04/12/2001 08:12:00,102,55,64,1,-151,1
04/12/2001 08:13:00,102,53,64,1,-151,1
04/12/2001 08:14:00,102,54,64,1,-150,1
04/12/2001 08:15:00,102,53,64,1,-149,1
04/12/2001 08:16:00,102,51,64,1,-147,1
04/12/2001 08:17:00,102,51,63,1,-145,1
04/12/2001 08:18:00,102,52,64,1,-146,1
04/12/2001 08:19:00,102,52,64,1,-149,1
04/12/2001 08:20:00,102,54,64,1,-151,1
04/12/2001 08:21:00,102,55,64,1,-152,1
04/12/2001 08:22:00,102,55,62,1,-151,1
04/12/2001 08:23:00,102,53,62,1,-150,1
04/12/2001 08:24:00,102,51,61,1,-147,1
04/12/2001 08:25:00,102,51,62,1,-145,1
04/12/2001 08:26:00,102,50,61,1,-144,1
04/12/2001 08:27:00,102,51,60,1,-145,1
04/12/2001 08:28:00,102,49,60,0,-145,1
04/12/2001 08:29:00,102,48,60,0,-145,1
04/12/2001 08:30:00,102,46,60,0,-144,1
04/12/2001 08:31:00,102,45,60,-1,-144,1
04/12/2001 08:32:00,102,45,61,-1,-144,1
04/12/2001 08:33:00,102,44,61,-1,-144,1
04/12/2001 08:34:00,102,45,61,-1,-144,1
04/12/2001 08:35:00,102,47,61,-1,-145,1
04/12/2001 08:36:00,102,47,60,-1,-145,1
04/12/2001 08:37:00,102,46,60,-2,-145,1
04/12/2001 08:38:00,102,44,60,-2,-143,1
04/12/2001 08:39:00,102,42,58,-2,-140,1
04/12/2001 08:40:00,102,41,57,-2,-138,1
04/12/2001 08:41:00,102,40,56,-2,-137,1
04/12/2001 08:42:00,102,38,56,-2,-136,1
04/12/2001 08:43:00,102,38,56,-2,-133,1
04/12/2001 08:44:00,102,38,53,-2,-130,1
04/12/2001 08:45:00,102,36,48,-2,-124,1
04/12/2001 08:46:00,102,34,47,-3,-120,1
04/12/2001 08:47:00,102,32,49,-4,-118,1
04/12/2001 08:48:00,102,31,51,-4,-116,1
04/12/2001 08:49:00,102,30,51,-4,-116,1
04/12/2001 08:50:00,102,31,54,-4,-120,1
04/12/2001 08:51:00,102,33,56,-3,-123,1
04/12/2001 08:52:00,102,36,61,-3,-128,1
04/12/2001 08:53:00,102,36,60,-2,-133,1
04/12/2001 08:54:00,102,33,52,-2,-127,1
04/12/2001 08:55:00,102,35,46,-3,-122,1
04/12/2001 08:56:00,102,32,44,-2,-121,1
04/12/2001 08:57:00,102,33,45,-2,-121,1
04/12/2001 08:58:00,102,30,46,-3,-122,1
04/12/2001 08:59:00,102,30,52,-3,-123,1
04/12/2001 09:00:00,102,30,55,-3,-124,1
04/12/2001 09:01:00,102,32,58,-3,-125,1
04/12/2001 09:02:00,102,33,59,-2,-127,1
04/12/2001 09:03:00,102,34,57,-2,-128,1
04/12/2001 09:04:00,102,34,55,-2,-128,1
04/12/2001 09:05:00,102,36,54,-2,-129,1
04/12/2001 09:06:00,102,37,53,-2,-129,1
04/12/2001 09:07:00,102,37,53,-2,-129,1
04/12/2001 09:08:00,102,38,54,-2,-130,1
04/12/2001 09:09:00,102,39,53,-3,-130,1
04/12/2001 09:10:00,102,39,52,-3,-130,1
04/12/2001 09:11:00,102,39,50,-3,-129,1
04/12/2001 09:12:00,102,39,49,-4,-129,1
04/12/2001 09:13:00,102,39,49,-4,-128,1
04/12/2001 09:14:00,102,40,50,-4,-128,1
04/12/2001 09:15:00,102,41,53,-4,-128,1
04/12/2001 09:16:00,102,40,57,-5,-128,1
04/12/2001 09:17:00,102,40,62,-5,-127,1
04/12/2001 09:18:00,102,39,64,-5,-126,1
04/12/2001 09:19:00,102,38,65,-5,-126,1
04/12/2001 09:20:00,102,38,67,-5,-125,1
04/12/2001 09:21:00,102,37,68,-5,-125,1
04/12/2001 09:22:00,102,35,68,-5,-124,1
04/12/2001 09:23:00,102,35,68,-5,-123,1
04/12/2001 09:24:00,102,34,66,-4,-122,1
04/12/2001 09:25:00,102,34,67,-4,-122,1
04/12/2001 09:26:00,102,35,64,-4,-122,1
04/12/2001 09:27:00,102,36,64,-4,-123,1
04/12/2001 09:28:00,102,37,62,-3,-124,1
04/12/2001 09:29:00,102,37,61,-3,-123,1
04/12/2001 09:30:00,102,39,61,-2,-123,1
04/12/2001 09:31:00,102,41,60,-2,-123,1
04/12/2001 09:32:00,102,43,60,-2,-123,1
04/12/2001 09:33:00,102,44,60,-2,-123,1
04/12/2001 09:34:00,102,43,60,-2,-122,1
04/12/2001 09:35:00,102,43,58,-2,-122,1
04/12/2001 09:36:00,102,42,57,-2,-121,1
04/12/2001 09:37:00,102,41,55,-2,-120,1
04/12/2001 09:38:00,102,40,55,-3,-119,1
04/12/2001 09:39:00,102,40,55,-2,-119,1
04/12/2001 09:40:00,102,39,55,-3,-119,1
04/12/2001 09:41:00,102,38,53,-3,-118,1
04/12/2001 09:42:00,102,38,52,-3,-118,1
04/12/2001 09:43:00,102,38,51,-3,-118,1
04/12/2001 09:44:00,102,37,50,-4,-117,1
04/12/2001 09:45:00,102,37,49,-3,-117,1
04/12/2001 09:46:00,102,37,49,-4,-117,1
04/12/2001 09:47:00,102,36,49,-4,-117,1
04/12/2001 09:48:00,102,35,48,-4,-117,1
04/12/2001 09:49:00,102,35,47,-4,-116,1
04/12/2001 09:50:00,102,35,47,-4,-117,1
04/12/2001 09:51:00,102,35,46,-4,-117,1
04/12/2001 09:52:00,102,34,45,-4,-117,1
04/12/2001 09:53:00,102,35,45,-4,-117,1
04/12/2001 09:54:00,102,35,44,-4,-118,1
04/12/2001 09:55:00,102,35,42,-4,-119,1
04/12/2001 09:56:00,102,35,42,-4,-119,1
04/12/2001 09:57:00,102,34,42,-4,-120,1
04/12/2001 09:58:00,102,33,43,-4,-120,1
04/12/2001 09:59:00,102,32,43,-3,-119,1
04/12/2001 10:00:00,102,32,44,-3,-119,1
04/12/2001 10:01:00,102,32,45,-3,-119,1
04/12/2001 10:02:00,102,31,44,-3,-119,1
04/12/2001 10:03:00,102,31,42,-3,-119,1
04/12/2001 10:04:00,102,29,41,-3,-118,1
04/12/2001 10:05:00,102,30,40,-3,-116,1
04/12/2001 10:06:00,102,29,40,-2,-116,1
04/12/2001 10:07:00,102,29,40,-2,-116,1
04/12/2001 10:08:00,102,29,39,-2,-115,1
04/12/2001 10:09:00,102,28,39,-2,-114,1
04/12/2001 10:10:00,102,28,36,-2,-112,1
04/12/2001 10:11:00,102,28,39,-1,-109,1
04/12/2001 10:12:00,102,27,38,-1,-108,1
04/12/2001 10:13:00,102,27,37,-1,-109,1
04/12/2001 10:14:00,102,27,34,-1,-110,1
04/12/2001 10:15:00,102,28,35,-1,-109,1
04/12/2001 10:16:00,102,29,36,-1,-108,1
04/12/2001 10:17:00,102,28,38,-1,-109,1
04/12/2001 10:18:00,102,27,40,-1,-109,1
04/12/2001 10:19:00,102,27,40,-1,-108,1
04/12/2001 10:20:00,102,26,40,-2,-108,1
04/12/2001 10:21:00,102,24,38,-3,-108,1
04/12/2001 10:22:00,102,22,37,-3,-107,1
04/12/2001 10:23:00,102,22,38,-3,-106,1
04/12/2001 10:24:00,102,21,37,-3,-106,1
04/12/2001 10:25:00,102,20,36,-3,-106,1
04/12/2001 10:26:00,102,19,37,-4,-106,1
04/12/2001 10:27:00,102,19,36,-4,-107,1
04/12/2001 10:28:00,102,19,37,-4,-107,1
04/12/2001 10:29:00,102,19,36,-4,-107,1
04/12/2001 10:30:00,102,20,37,-4,-107,1
04/12/2001 10:31:00,102,19,35,-4,-108,1
04/12/2001 10:32:00,102,20,34,-4,-108,1
04/12/2001 10:33:00,102,20,33,-4,-107,1
04/12/2001 10:34:00,102,19,34,-4,-107,1
04/12/2001 10:35:00,102,20,35,-3,-109,1
04/12/2001 10:36:00,102,20,37,-3,-110,1
04/12/2001 10:37:00,102,21,38,-3,-110,1
04/12/2001 10:38:00,102,20,37,-3,-109,1
04/12/2001 10:39:00,102,20,37,-3,-108,1
04/12/2001 10:40:00,102,19,36,-3,-108,1
04/12/2001 10:41:00,102,20,37,-3,-109,1
04/12/2001 10:42:00,102,20,35,-3,-109,1
04/12/2001 10:43:00,102,20,35,-3,-110,1
04/12/2001 10:44:00,102,20,34,-3,-110,1
04/12/2001 10:45:00,102,20,34,-3,-110,1
04/12/2001 10:46:00,102,20,35,-3,-110,1
04/12/2001 10:47:00,102,20,35,-3,-110,1
04/12/2001 10:48:00,102,19,35,-3,-109,1
04/12/2001 10:49:00,102,21,34,-3,-109,1
04/12/2001 10:50:00,102,20,33,-4,-109,1
04/12/2001 10:51:00,102,20,31,-3,-109,1
04/12/2001 10:52:00,102,20,30,-3,-110,1
04/12/2001 10:53:00,102,21,29,-3,-111,1
04/12/2001 10:54:00,102,22,32,-3,-112,1
04/12/2001 10:55:00,102,22,32,-3,-113,1
04/12/2001 10:56:00,102,23,32,-3,-113,1
04/12/2001 10:57:00,102,23,31,-3,-113,1
04/12/2001 10:58:00,102,21,30,-4,-112,1
04/12/2001 10:59:00,102,19,29,-4,-110,1
04/12/2001 11:00:00,102,17,30,-4,-106,1
04/12/2001 11:01:00,102,15,29,-4,-103,1
04/12/2001 11:02:00,102,13,30,-5,-103,1
04/12/2001 11:03:00,102,11,30,-5,-101,1
04/12/2001 11:04:00,102,11,31,-4,-99,1
04/12/2001 11:05:00,102,12,32,-4,-98,1
04/12/2001 11:06:00,102,12,34,-4,-100,1
04/12/2001 11:07:00,102,13,32,-3,-98,1
04/12/2001 11:08:00,102,14,31,-2,-98,1
04/12/2001 11:09:00,102,14,29,-2,-98,1
04/12/2001 11:10:00,102,14,28,-2,-100,1
04/12/2001 11:11:00,102,16,28,-2,-99,1
04/12/2001 11:12:00,102,15,28,-2,-99,1
04/12/2001 11:13:00,102,14,28,-3,-99,1
04/12/2001 11:14:00,102,14,27,-3,-100,1
04/12/2001 11:15:00,102,16,30,-3,-103,1
04/12/2001 11:16:00,102,17,28,-3,-108,1
04/12/2001 11:17:00,102,19,27,-3,-110,1
04/12/2001 11:18:00,102,19,32,-3,-109,1
04/12/2001 11:19:00,102,18,33,-3,-108,1
04/12/2001 11:20:00,102,20,33,-4,-109,1
04/12/2001 11:21:00,102,19,35,-4,-109,1
04/12/2001 11:22:00,102,19,34,-5,-109,1
04/12/2001 11:23:00,102,18,34,-5,-108,1
04/12/2001 11:24:00,102,17,31,-5,-108,1
04/12/2001 11:25:00,102,16,31,-5,-108,1
04/12/2001 11:26:00,102,17,32,-5,-107,1
04/12/2001 11:27:00,102,16,30,-5,-107,1
04/12/2001 11:28:00,102,15,27,-5,-108,1
04/12/2001 11:29:00,102,15,28,-5,-108,1
04/12/2001 11:30:00,102,15,27,-5,-107,1
04/12/2001 11:31:00,102,14,28,-5,-107,1
04/12/2001 11:32:00,102,16,33,-5,-104,1
04/12/2001 11:33:00,102,13,27,-5,-102,1
04/12/2001 11:34:00,102,12,25,-5,-105,1
04/12/2001 11:35:00,102,14,25,-5,-106,1
04/12/2001 11:36:00,102,14,27,-4,-104,1
04/12/2001 11:37:00,102,14,28,-4,-100,1
04/12/2001 11:38:00,102,14,28,-4,-98,1
04/12/2001 11:39:00,102,10,28,-5,-101,1
04/12/2001 11:40:00,102,11,27,-4,-101,1
04/12/2001 11:41:00,102,11,29,-4,-103,1
04/12/2001 11:42:00,102,15,27,-4,-104,1
04/12/2001 11:43:00,102,15,27,-3,-104,1
04/12/2001 11:44:00,102,16,31,-4,-102,1
04/12/2001 11:45:00,102,15,26,-4,-106,1
04/12/2001 11:46:00,102,15,30,-5,-106,1
04/12/2001 11:47:00,102,15,33,-5,-104,1
04/12/2001 11:48:00,102,15,29,-5,-105,1
04/12/2001 11:49:00,102,17,38,-5,-99,1
04/12/2001 11:50:00,102,20,29,-5,-91,1
04/12/2001 11:51:00,102,11,31,-7,-96,1
04/12/2001 11:52:00,102,11,29,-5,-94,1
04/12/2001 11:53:00,102,20,32,-4,-92,1
04/12/2001 11:54:00,102,19,35,-4,-93,1
04/12/2001 11:55:00,102,18,35,-4,-95,1
04/12/2001 11:56:00,102,19,33,-2,-94,1
04/12/2001 11:57:00,102,21,29,-3,-90,1
04/12/2001 11:58:00,102,15,28,-3,-87,1
04/12/2001 11:59:00,102,11,35,-3,-92,1
04/12/2001 12:00:00,102,14,30,-2,-93,1
04/12/2001 12:01:00,102,12,28,-3,-98,1
04/12/2001 12:02:00,102,14,27,-3,-102,1
04/12/2001 12:03:00,102,16,23,-4,-103,1
04/12/2001 12:04:00,102,16,25,-4,-103,1
04/12/2001 12:05:00,102,18,26,-4,-102,1
04/12/2001 12:06:00,102,16,27,-5,-101,1
04/12/2001 12:07:00,102,15,28,-5,-99,1
04/12/2001 12:08:00,102,14,27,-5,-98,1
04/12/2001 12:09:00,102,14,29,-5,-96,1
04/12/2001 12:10:00,102,14,30,-6,-95,1
04/12/2001 12:11:00,102,15,31,-6,-96,1
04/12/2001 12:12:00,102,15,30,-6,-97,1
04/12/2001 12:13:00,102,14,29,-5,-96,1
04/12/2001 12:14:00,102,14,25,-5,-96,1
04/12/2001 12:15:00,102,13,23,-5,-100,1
04/12/2001 12:16:00,102,14,23,-5,-101,1
04/12/2001 12:17:00,102,16,24,-5,-100,1
04/12/2001 12:18:00,102,17,27,-5,-99,1
04/12/2001 12:19:00,102,17,32,-5,-99,1
04/12/2001 12:20:00,102,16,34,-5,-99,1
04/12/2001 12:21:00,102,15,33,-6,-99,1
04/12/2001 12:22:00,102,15,25,-6,-98,1
04/12/2001 12:23:00,102,15,24,-6,-98,1
04/12/2001 12:24:00,102,13,24,-7,-98,1
04/12/2001 12:25:00,102,13,28,-6,-98,1
04/12/2001 12:26:00,102,13,28,-6,-99,1
04/12/2001 12:27:00,102,14,29,-6,-99,1
04/12/2001 12:28:00,102,16,29,-5,-99,1
04/12/2001 12:29:00,102,16,31,-5,-98,1
04/12/2001 12:30:00,102,17,27,-6,-99,1
04/12/2001 12:31:00,102,16,27,-6,-100,1
04/12/2001 12:32:00,102,15,30,-6,-98,1
04/12/2001 12:33:00,102,16,27,-6,-98,1
04/12/2001 12:34:00,102,14,27,-7,-99,1
04/12/2001 12:35:00,102,15,28,-7,-100,1
04/12/2001 12:36:00,102,15,30,-7,-101,1
04/12/2001 12:37:00,102,15,34,-7,-101,1
04/12/2001 12:38:00,102,14,34,-7,-101,1
04/12/2001 12:39:00,102,14,32,-7,-101,1
04/12/2001 12:40:00,102,14,31,-7,-101,1
04/12/2001 12:41:00,102,14,32,-7,-101,1
04/12/2001 12:42:00,102,14,32,-7,-101,1
04/12/2001 12:43:00,102,14,33,-8,-101,1
04/12/2001 12:44:00,102,15,34,-7,-101,1
04/12/2001 12:45:00,102,15,33,-8,-102,1
04/12/2001 12:46:00,102,15,32,-7,-102,1
04/12/2001 12:47:00,102,15,29,-7,-102,1
04/12/2001 12:48:00,102,15,28,-7,-102,1
04/12/2001 12:49:00,102,14,30,-8,-102,1
04/12/2001 12:50:00,102,14,30,-8,-102,1
04/12/2001 12:51:00,102,15,31,-8,-103,1
04/12/2001 12:52:00,102,15,34,-8,-103,1
04/12/2001 12:53:00,102,15,33,-8,-101,1
04/12/2001 12:54:00,102,15,31,-8,-102,1
04/12/2001 12:55:00,102,15,29,-8,-101,1
04/12/2001 12:56:00,102,16,28,-8,-100,1
04/12/2001 12:57:00,102,16,28,-8,-99,1
04/12/2001 12:58:00,102,18,31,-8,-96,1
04/12/2001 12:59:00,102,18,27,-8,-94,1
04/12/2001 13:00:00,102,18,22,-8,-94,1
04/12/2001 13:01:00,102,17,24,-8,-96,1
04/12/2001 13:02:00,102,16,25,-7,-96,1
04/12/2001 13:03:00,102,17,24,-7,-95,1
04/12/2001 13:04:00,102,19,24,-6,-97,1
04/12/2001 13:05:00,102,20,24,-6,-96,1
04/12/2001 13:06:00,102,21,29,-6,-95,1
04/12/2001 13:07:00,102,20,31,-7,-95,1
04/12/2001 13:08:00,102,19,34,-7,-95,1
04/12/2001 13:09:00,102,19,30,-7,-96,1
04/12/2001 13:10:00,102,16,28,-7,-97,1
04/12/2001 13:11:00,102,16,26,-6,-98,1
04/12/2001 13:12:00,102,16,30,-7,-100,1
04/12/2001 13:13:00,102,17,32,-7,-101,1
04/12/2001 13:14:00,102,16,34,-7,-100,1
04/12/2001 13:15:00,102,17,37,-7,-99,1
04/12/2001 13:16:00,102,19,41,-7,-98,1
04/12/2001 13:17:00,102,21,38,-7,-99,1
04/12/2001 13:18:00,102,21,35,-8,-99,1
04/12/2001 13:19:00,102,22,34,-8,-99,1
04/12/2001 13:20:00,102,22,34,-8,-98,1
04/12/2001 13:21:00,102,22,36,-8,-97,1
04/12/2001 13:22:00,102,23,34,-8,-96,1
04/12/2001 13:23:00,102,24,33,-9,-97,1
04/12/2001 13:24:00,102,25,32,-9,-97,1
04/12/2001 13:25:00,102,24,34,-8,-96,1
04/12/2001 13:26:00,102,23,34,-8,-97,1
04/12/2001 13:27:00,102,22,34,-8,-98,1
04/12/2001 13:28:00,102,22,37,-8,-99,1
04/12/2001 13:29:00,102,21,37,-8,-98,1
04/12/2001 13:30:00,102,21,37,-8,-98,1
04/12/2001 13:31:00,102,21,38,-8,-98,1
04/12/2001 13:32:00,102,23,38,-8,-99,1
04/12/2001 13:33:00,102,24,37,-8,-99,1
04/12/2001 13:34:00,102,25,37,-9,-99,1
04/12/2001 13:35:00,102,26,38,-9,-99,1
04/12/2001 13:36:00,102,26,39,-9,-98,1
04/12/2001 13:37:00,102,26,39,-9,-98,1
04/12/2001 13:38:00,102,26,39,-9,-98,1
04/12/2001 13:39:00,102,25,35,-9,-98,1
04/12/2001 13:40:00,102,24,33,-9,-97,1
04/12/2001 13:41:00,102,24,34,-9,-95,1
04/12/2001 13:42:00,102,26,39,-9,-93,1
04/12/2001 13:43:00,102,27,40,-9,-90,1
04/12/2001 13:44:00,102,27,36,-9,-88,1
04/12/2001 13:45:00,102,26,29,-8,-85,1
04/12/2001 13:46:00,102,27,27,-9,-83,1
04/12/2001 13:47:00,102,25,27,-7,-85,1
04/12/2001 13:48:00,102,24,32,-7,-89,1
04/12/2001 13:49:00,102,22,31,-7,-91,1
04/12/2001 13:50:00,102,21,27,-7,-90,1
04/12/2001 13:51:00,102,23,35,-7,-90,1
04/12/2001 13:52:00,102,24,37,-6,-89,1
04/12/2001 13:53:00,102,23,37,-7,-90,1
04/12/2001 13:54:00,102,20,37,-7,-90,1
04/12/2001 13:55:00,102,20,35,-8,-91,1
04/12/2001 13:56:00,102,20,36,-9,-92,1
04/12/2001 13:57:00,102,20,36,-8,-92,1
04/12/2001 13:58:00,102,20,37,-9,-91,1
04/12/2001 13:59:00,102,20,39,-9,-91,1
04/12/2001 14:00:00,102,21,40,-9,-91,1
04/12/2001 14:01:00,102,21,41,-9,-91,1
04/12/2001 14:02:00,102,21,42,-9,-91,1
04/12/2001 14:03:00,102,21,42,-9,-91,1
04/12/2001 14:04:00,102,21,40,-9,-91,1
04/12/2001 14:05:00,102,21,39,-9,-90,1
04/12/2001 14:06:00,102,21,37,-9,-90,1
04/12/2001 14:07:00,102,21,36,-9,-90,1
04/12/2001 14:08:00,102,20,38,-8,-90,1
04/12/2001 14:09:00,102,22,42,-9,-90,1
04/12/2001 14:10:00,102,22,44,-9,-92,1
04/12/2001 14:11:00,102,22,44,-9,-92,1
04/12/2001 14:12:00,102,22,45,-8,-92,1
04/12/2001 14:13:00,102,23,48,-9,-93,1
04/12/2001 14:14:00,102,22,49,-9,-93,1
04/12/2001 14:15:00,102,23,50,-9,-93,1
04/12/2001 14:16:00,102,21,49,-8,-91,1
04/12/2001 14:17:00,102,21,47,-8,-90,1
04/12/2001 14:18:00,102,21,44,-9,-91,1
04/12/2001 14:19:00,102,22,44,-8,-90,1
04/12/2001 14:20:00,102,21,40,-8,-91,1
04/12/2001 14:21:00,102,21,43,-9,-90,1
04/12/2001 14:22:00,102,23,47,-9,-89,1
04/12/2001 14:23:00,102,22,48,-8,-88,1
04/12/2001 14:24:00,102,20,38,-7,-91,1
04/12/2001 14:25:00,102,23,35,-9,-96,1
04/12/2001 14:26:00,102,24,45,-10,-95,1
04/12/2001 14:27:00,102,25,52,-10,-94,1
04/12/2001 14:28:00,102,24,51,-10,-94,1
04/12/2001 14:29:00,102,23,48,-10,-97,1
04/12/2001 14:30:00,102,24,51,-11,-98,1
04/12/2001 14:31:00,102,25,56,-12,-98,1
04/12/2001 14:32:00,102,25,56,-12,-98,1
04/12/2001 14:33:00,102,25,59,-12,-98,1
04/12/2001 14:34:00,102,25,60,-11,-97,1
04/12/2001 14:35:00,102,24,58,-11,-96,1
04/12/2001 14:36:00,102,23,56,-10,-96,1
04/12/2001 14:37:00,102,22,53,-10,-97,1
04/12/2001 14:38:00,102,22,53,-10,-97,1
04/12/2001 14:39:00,102,22,52,-10,-97,1
04/12/2001 14:40:00,102,22,53,-10,-97,1
04/12/2001 14:41:00,102,22,55,-10,-96,1
04/12/2001 14:42:00,102,21,53,-10,-96,1
04/12/2001 14:43:00,102,21,52,-9,-96,1
04/12/2001 14:44:00,102,22,51,-10,-96,1
04/12/2001 14:45:00,102,22,50,-10,-96,1
04/12/2001 14:46:00,102,22,50,-10,-96,1
04/12/2001 14:47:00,102,23,51,-10,-97,1
04/12/2001 14:48:00,102,23,51,-10,-98,1
04/12/2001 14:49:00,102,23,51,-10,-99,1
04/12/2001 14:50:00,102,23,53,-10,-99,1
04/12/2001 14:51:00,102,22,53,-10,-99,1
04/12/2001 14:52:00,102,22,53,-10,-98,1
04/12/2001 14:53:00,102,23,53,-10,-97,1
04/12/2001 14:54:00,102,22,53,-10,-97,1
04/12/2001 14:55:00,102,21,53,-10,-97,1
04/12/2001 14:56:00,102,23,53,-10,-97,1
04/12/2001 14:57:00,102,23,51,-10,-97,1
04/12/2001 14:58:00,102,23,50,-10,-97,1
04/12/2001 14:59:00,102,22,50,-10,-97,1
04/12/2001 15:00:00,102,22,51,-10,-97,1
04/12/2001 15:01:00,102,23,52,-10,-97,1
04/12/2001 15:02:00,102,23,51,-10,-97,1
04/12/2001 15:03:00,102,22,51,-10,-97,1
04/12/2001 15:04:00,102,22,51,-9,-97,1
04/12/2001 15:05:00,102,23,51,-9,-95,1
04/12/2001 15:06:00,102,22,50,-9,-94,1
04/12/2001 15:07:00,102,23,48,-8,-94,1
04/12/2001 15:08:00,102,24,48,-8,-94,1
04/12/2001 15:09:00,102,24,44,-9,-94,1
04/12/2001 15:10:00,102,24,44,-9,-94,1
04/12/2001 15:11:00,102,23,47,-9,-92,1
04/12/2001 15:12:00,102,23,47,-8,-92,1
04/12/2001 15:13:00,102,23,47,-8,-91,1
04/12/2001 15:14:00,102,24,46,-8,-91,1
04/12/2001 15:15:00,102,23,46,-8,-90,1
04/12/2001 15:16:00,102,23,46,-7,-88,1
04/12/2001 15:17:00,102,24,45,-7,-89,1
04/12/2001 15:18:00,102,25,45,-8,-91,1
04/12/2001 15:19:00,102,24,47,-8,-91,1
04/12/2001 15:20:00,102,25,48,-8,-91,1
04/12/2001 15:21:00,102,23,48,-8,-91,1
04/12/2001 15:22:00,102,23,48,-8,-91,1
04/12/2001 15:23:00,102,23,47,-8,-92,1
04/12/2001 15:24:00,102,24,47,-9,-92,1
04/12/2001 15:25:00,102,23,46,-9,-91,1
04/12/2001 15:26:00,102,24,46,-9,-92,1
04/12/2001 15:27:00,102,23,45,-9,-92,1
04/12/2001 15:28:00,102,23,44,-9,-92,1
04/12/2001 15:29:00,102,23,45,-9,-92,1
04/12/2001 15:30:00,102,23,45,-9,-92,1
04/12/2001 15:31:00,102,23,44,-9,-92,1
04/12/2001 15:32:00,102,24,43,-9,-92,1
04/12/2001 15:33:00,102,24,43,-9,-92,1
04/12/2001 15:34:00,102,24,44,-9,-91,1
04/12/2001 15:35:00,102,23,44,-9,-91,1
04/12/2001 15:36:00,102,23,45,-9,-91,1
04/12/2001 15:37:00,102,23,44,-9,-91,1
04/12/2001 15:38:00,102,23,46,-9,-91,1
04/12/2001 15:39:00,102,23,47,-9,-91,1
04/12/2001 15:40:00,102,22,46,-9,-91,1
04/12/2001 15:41:00,102,24,47,-9,-90,1
04/12/2001 15:42:00,102,24,47,-9,-90,1
04/12/2001 15:43:00,102,24,47,-9,-90,1
04/12/2001 15:44:00,102,24,48,-8,-89,1
04/12/2001 15:45:00,102,24,47,-8,-90,1
04/12/2001 15:46:00,102,25,47,-9,-90,1
04/12/2001 15:47:00,102,24,47,-9,-90,1
04/12/2001 15:48:00,102,24,47,-9,-90,1
04/12/2001 15:49:00,102,24,47,-9,-90,1
04/12/2001 15:50:00,102,23,48,-9,-90,1
04/12/2001 15:51:00,102,23,49,-9,-90,1
04/12/2001 15:52:00,102,23,49,-9,-90,1
04/12/2001 15:53:00,102,23,49,-9,-89,1
04/12/2001 15:54:00,102,22,49,-8,-88,1
04/12/2001 15:55:00,102,23,49,-8,-88,1
04/12/2001 15:56:00,102,23,48,-8,-88,1
04/12/2001 15:57:00,102,23,46,-8,-88,1
04/12/2001 15:58:00,102,24,45,-8,-88,1
04/12/2001 15:59:00,102,24,46,-8,-88,1
04/12/2001 16:00:00,102,23,47,-8,-86,1
04/12/2001 16:01:00,102,23,48,-8,-85,1
04/12/2001 16:02:00,102,22,46,-7,-85,1
04/12/2001 16:03:00,102,22,45,-7,-83,1
04/12/2001 16:04:00,102,22,43,-7,-83,1
04/12/2001 16:05:00,102,21,43,-7,-84,1
04/12/2001 16:06:00,102,23,45,-7,-84,1
04/12/2001 16:07:00,102,22,48,-7,-83,1
04/12/2001 16:08:00,102,23,46,-7,-83,1
04/12/2001 16:09:00,102,21,44,-7,-83,1
04/12/2001 16:10:00,102,21,42,-7,-84,1
04/12/2001 16:11:00,102,22,39,-7,-84,1
04/12/2001 16:12:00,102,22,38,-7,-85,1
04/12/2001 16:13:00,102,22,38,-7,-85,1
04/12/2001 16:14:00,102,22,40,-7,-84,1
04/12/2001 16:15:00,102,22,40,-7,-83,1
04/12/2001 16:16:00,102,22,38,-6,-84,1
04/12/2001 16:17:00,102,21,38,-6,-85,1
04/12/2001 16:18:00,102,22,38,-7,-86,1
04/12/2001 16:19:00,102,22,39,-7,-86,1
04/12/2001 16:20:00,102,23,41,-7,-86,1
04/12/2001 16:21:00,102,23,39,-7,-86,1
04/12/2001 16:22:00,102,22,39,-7,-87,1
04/12/2001 16:23:00,102,23,40,-7,-86,1
04/12/2001 16:24:00,102,24,41,-7,-86,1
04/12/2001 16:25:00,102,23,43,-7,-85,1
04/12/2001 16:26:00,102,23,42,-7,-85,1
04/12/2001 16:27:00,102,23,40,-7,-86,1
04/12/2001 16:28:00,102,24,41,-7,-87,1
04/12/2001 16:29:00,102,23,40,-7,-87,1
04/12/2001 16:30:00,102,23,40,-7,-87,1
04/12/2001 16:31:00,102,23,40,-7,-87,1
04/12/2001 16:32:00,102,24,37,-8,-87,1
04/12/2001 16:33:00,102,23,41,-8,-86,1
04/12/2001 16:34:00,102,21,42,-7,-84,1
04/12/2001 16:35:00,102,20,42,-7,-84,1
04/12/2001 16:36:00,102,21,41,-7,-85,1
04/12/2001 16:37:00,102,21,41,-7,-83,1
04/12/2001 16:38:00,102,20,41,-6,-81,1
04/12/2001 16:39:00,102,20,41,-6,-80,1
04/12/2001 16:40:00,102,20,39,-6,-80,1
04/12/2001 16:41:00,102,19,39,-6,-81,1
04/12/2001 16:42:00,102,20,39,-6,-81,1
04/12/2001 16:43:00,102,21,41,-6,-81,1
04/12/2001 16:44:00,102,20,42,-6,-81,1
04/12/2001 16:45:00,102,21,43,-6,-81,1
04/12/2001 16:46:00,102,22,42,-6,-81,1
04/12/2001 16:47:00,102,21,41,-6,-81,1
04/12/2001 16:48:00,102,20,39,-6,-81,1
04/12/2001 16:49:00,102,18,39,-6,-79,1
04/12/2001 16:50:00,102,19,35,-6,-80,1
04/12/2001 16:51:00,102,21,32,-7,-82,1
04/12/2001 16:52:00,102,22,33,-7,-83,1
04/12/2001 16:53:00,102,23,34,-7,-81,1
04/12/2001 16:54:00,102,21,36,-7,-79,1
04/12/2001 16:55:00,102,19,41,-6,-77,1
04/12/2001 16:56:00,102,19,38,-6,-76,1
04/12/2001 16:57:00,102,19,34,-6,-76,1
04/12/2001 16:58:00,102,19,33,-6,-77,1
04/12/2001 16:59:00,102,20,33,-6,-77,1
04/12/2001 17:00:00,102,21,35,-6,-77,1
04/12/2001 17:01:00,102,21,38,-6,-77,1
04/12/2001 17:02:00,102,22,39,-6,-77,1
04/12/2001 17:03:00,102,21,39,-6,-78,1
04/12/2001 17:04:00,102,20,38,-6,-78,1
04/12/2001 17:05:00,102,20,38,-6,-78,1
04/12/2001 17:06:00,102,21,38,-6,-77,1
04/12/2001 17:07:00,102,19,36,-6,-77,1
04/12/2001 17:08:00,102,18,35,-6,-78,1
04/12/2001 17:09:00,102,18,33,-6,-78,1
04/12/2001 17:10:00,102,18,34,-6,-77,1
04/12/2001 17:11:00,102,18,34,-5,-75,1
04/12/2001 17:12:00,102,17,33,-5,-75,1
04/12/2001 17:13:00,102,18,34,-5,-75,1
04/12/2001 17:14:00,102,18,34,-5,-76,1
04/12/2001 17:15:00,102,18,34,-5,-77,1
04/12/2001 17:16:00,102,17,33,-5,-77,1
04/12/2001 17:17:00,102,18,33,-5,-77,1
04/12/2001 17:18:00,102,18,34,-5,-76,1
04/12/2001 17:19:00,102,17,33,-5,-75,1
04/12/2001 17:20:00,102,17,33,-5,-75,1
04/12/2001 17:21:00,102,18,33,-5,-76,1
04/12/2001 17:22:00,102,16,30,-5,-76,1
04/12/2001 17:23:00,102,16,30,-5,-76,1
04/12/2001 17:24:00,102,17,28,-5,-75,1
04/12/2001 17:25:00,102,17,29,-5,-73,1
04/12/2001 17:26:00,102,16,30,-5,-74,1
04/12/2001 17:27:00,102,17,28,-5,-76,1
04/12/2001 17:28:00,102,18,27,-6,-77,1
04/12/2001 17:29:00,102,19,28,-6,-78,1
04/12/2001 17:30:00,102,19,29,-6,-79,1
04/12/2001 17:31:00,102,19,27,-6,-80,1
04/12/2001 17:32:00,102,20,28,-6,-80,1
04/12/2001 17:33:00,102,20,28,-6,-80,1
04/12/2001 17:34:00,102,20,29,-6,-79,1
04/12/2001 17:35:00,102,20,28,-6,-79,1
04/12/2001 17:36:00,102,20,29,-6,-80,1
04/12/2001 17:37:00,102,20,27,-7,-80,1
04/12/2001 17:38:00,102,20,26,-7,-81,1
04/12/2001 17:39:00,102,22,27,-7,-80,1
04/12/2001 17:40:00,102,22,26,-7,-80,1
04/12/2001 17:41:00,102,21,25,-7,-80,1
04/12/2001 17:42:00,102,20,25,-7,-79,1
04/12/2001 17:43:00,102,20,25,-7,-79,1
04/12/2001 17:44:00,102,20,26,-7,-79,1
04/12/2001 17:45:00,102,19,24,-7,-79,1
04/12/2001 17:46:00,102,19,24,-7,-79,1
04/12/2001 17:47:00,102,19,25,-7,-79,1
04/12/2001 17:48:00,102,19,26,-7,-78,1
04/12/2001 17:49:00,102,18,26,-7,-78,1
04/12/2001 17:50:00,102,18,26,-6,-77,1
04/12/2001 17:51:00,102,18,26,-6,-77,1
04/12/2001 17:52:00,102,19,26,-6,-77,1
04/12/2001 17:53:00,102,19,27,-6,-75,1
04/12/2001 17:54:00,102,16,28,-6,-75,1
04/12/2001 17:55:00,102,16,28,-6,-75,1
04/12/2001 17:56:00,102,16,28,-6,-75,1
04/12/2001 17:57:00,102,17,28,-6,-75,1
04/12/2001 17:58:00,102,17,26,-6,-75,1
04/12/2001 17:59:00,102,17,25,-6,-75,1
04/12/2001 18:00:00,102,17,25,-6,-75,1
04/12/2001 18:01:00,102,18,25,-6,-75,1
04/12/2001 18:02:00,102,18,24,-6,-75,1
04/12/2001 18:03:00,102,18,24,-5,-75,1
04/12/2001 18:04:00,102,18,25,-6,-74,1
04/12/2001 18:05:00,102,18,25,-5,-74,1
04/12/2001 18:06:00,102,16,25,-5,-73,1
04/12/2001 18:07:00,102,16,27,-5,-73,1
04/12/2001 18:08:00,102,15,26,-5,-73,1
04/12/2001 18:09:00,102,16,25,-5,-74,1
04/12/2001 18:10:00,102,16,24,-5,-75,1
04/12/2001 18:11:00,102,17,24,-5,-75,1
04/12/2001 18:12:00,102,17,23,-5,-76,1
04/12/2001 18:13:00,102,18,23,-5,-75,1
04/12/2001 18:14:00,102,18,23,-5,-75,1
04/12/2001 18:15:00,102,17,23,-5,-76,1
04/12/2001 18:16:00,102,19,23,-5,-76,1
04/12/2001 18:17:00,102,19,24,-5,-76,1
04/12/2001 18:18:00,102,19,23,-6,-76,1
04/12/2001 18:19:00,102,17,21,-5,-76,1
04/12/2001 18:20:00,102,19,21,-6,-77,1
04/12/2001 18:21:00,102,18,20,-6,-76,1
04/12/2001 18:22:00,102,18,20,-6,-76,1
04/12/2001 18:23:00,102,17,21,-5,-76,1
04/12/2001 18:24:00,102,17,21,-6,-76,1
04/12/2001 18:25:00,102,16,21,-6,-76,1
04/12/2001 18:26:00,102,16,20,-6,-76,1
04/12/2001 18:27:00,102,16,19,-5,-76,1
04/12/2001 18:28:00,102,16,20,-6,-76,1
04/12/2001 18:29:00,102,16,20,-6,-75,1
04/12/2001 18:30:00,102,16,20,-5,-75,1
04/12/2001 18:31:00,102,16,20,-5,-75,1
04/12/2001 18:32:00,102,15,21,-5,-75,1
04/12/2001 18:33:00,102,15,21,-6,-75,1
04/12/2001 18:34:00,102,15,20,-6,-75,1
04/12/2001 18:35:00,102,15,20,-6,-75,1
04/12/2001 18:36:00,102,16,20,-5,-75,1
04/12/2001 18:37:00,102,16,21,-5,-75,1
04/12/2001 18:38:00,102,16,21,-6,-75,1
04/12/2001 18:39:00,102,16,20,-6,-75,1
04/12/2001 18:40:00,102,16,20,-6,-75,1
04/12/2001 18:41:00,102,16,20,-6,-75,1
04/12/2001 18:42:00,102,16,20,-6,-75,1
04/12/2001 18:43:00,102,16,20,-6,-75,1
04/12/2001 18:44:00,102,16,21,-6,-75,1
04/12/2001 18:45:00,102,16,20,-6,-75,1
04/12/2001 18:46:00,102,15,20,-6,-74,1
04/12/2001 18:47:00,102,15,20,-6,-74,1
04/12/2001 18:48:00,102,16,19,-5,-73,1
04/12/2001 18:49:00,102,16,19,-5,-73,1
04/12/2001 18:50:00,102,16,19,-5,-73,1
04/12/2001 18:51:00,102,15,20,-5,-73,1
04/12/2001 18:52:00,102,16,20,-5,-73,1
04/12/2001 18:53:00,102,16,20,-5,-73,1
04/12/2001 18:54:00,102,15,19,-5,-73,1
04/12/2001 18:55:00,102,16,17,-5,-73,1
04/12/2001 18:56:00,102,16,17,-5,-73,1
04/12/2001 18:57:00,102,17,18,-5,-74,1
04/12/2001 18:58:00,102,17,18,-5,-74,1
04/12/2001 18:59:00,102,17,20,-5,-74,1
04/12/2001 19:00:00,102,17,19,-6,-75,1
04/12/2001 19:01:00,102,18,17,-6,-76,1
04/12/2001 19:02:00,102,17,17,-6,-75,1
04/12/2001 19:03:00,102,17,19,-6,-75,1
04/12/2001 19:04:00,102,17,20,-7,-75,1
04/12/2001 19:05:00,102,16,19,-6,-75,1
04/12/2001 19:06:00,102,17,19,-6,-75,1
04/12/2001 19:07:00,102,17,18,-7,-76,1
04/12/2001 19:08:00,102,17,18,-7,-76,1
04/12/2001 19:09:00,102,19,18,-7,-76,1
04/12/2001 19:10:00,102,18,18,-7,-76,1
04/12/2001 19:11:00,102,18,17,-7,-76,1
04/12/2001 19:12:00,102,18,17,-7,-76,1
04/12/2001 19:13:00,102,19,19,-7,-75,1
04/12/2001 19:14:00,102,18,18,-7,-75,1
04/12/2001 19:15:00,102,18,20,-7,-74,1
04/12/2001 19:16:00,102,18,21,-7,-74,1
04/12/2001 19:17:00,102,18,21,-7,-74,1
04/12/2001 19:18:00,102,18,21,-7,-74,1
04/12/2001 19:19:00,102,18,20,-7,-73,1
04/12/2001 19:20:00,102,18,20,-7,-74,1
04/12/2001 19:21:00,102,19,20,-7,-73,1
04/12/2001 19:22:00,102,18,21,-7,-73,1
04/12/2001 19:23:00,102,18,21,-7,-73,1
04/12/2001 19:24:00,102,18,23,-7,-73,1
04/12/2001 19:25:00,102,18,24,-7,-73,1
04/12/2001 19:26:00,102,19,23,-7,-73,1
04/12/2001 19:27:00,102,19,22,-7,-73,1
04/12/2001 19:28:00,102,19,22,-7,-73,1
04/12/2001 19:29:00,102,19,21,-7,-72,1
04/12/2001 19:30:00,102,19,22,-7,-72,1
04/12/2001 19:31:00,102,19,24,-7,-71,1
04/12/2001 19:32:00,102,19,26,-7,-71,1
04/12/2001 19:33:00,102,18,26,-7,-71,1
04/12/2001 19:34:00,102,19,24,-7,-72,1
04/12/2001 19:35:00,102,19,23,-7,-72,1
04/12/2001 19:36:00,102,18,21,-7,-72,1
04/12/2001 19:37:00,102,19,22,-7,-72,1
04/12/2001 19:38:00,102,19,23,-7,-73,1
04/12/2001 19:39:00,102,20,23,-7,-73,1
04/12/2001 19:40:00,102,20,22,-7,-73,1
04/12/2001 19:41:00,102,21,22,-7,-74,1
04/12/2001 19:42:00,102,21,22,-7,-74,1
04/12/2001 19:43:00,102,20,22,-7,-74,1
04/12/2001 19:44:00,102,21,22,-7,-74,1
04/12/2001 19:45:00,102,21,22,-8,-74,1
04/12/2001 19:46:00,102,20,22,-8,-74,1
04/12/2001 19:47:00,102,20,22,-7,-74,1
04/12/2001 19:48:00,102,21,23,-8,-73,1
04/12/2001 19:49:00,102,21,23,-8,-73,1
04/12/2001 19:50:00,102,21,23,-8,-73,1
04/12/2001 19:51:00,102,21,23,-8,-73,1
04/12/2001 19:52:00,102,22,24,-7,-73,1
04/12/2001 19:53:00,102,22,24,-7,-73,1
04/12/2001 19:54:00,102,21,23,-7,-72,1
04/12/2001 19:55:00,102,21,24,-7,-72,1
04/12/2001 19:56:00,102,20,24,-7,-72,1
04/12/2001 19:57:00,102,20,23,-7,-72,1
04/12/2001 19:58:00,102,20,22,-8,-72,1
04/12/2001 19:59:00,102,20,23,-8,-72,1
04/12/2001 20:00:00,102,20,23,-7,-72,1
04/12/2001 20:01:00,102,20,23,-7,-71,1
04/12/2001 20:02:00,102,20,23,-7,-72,1
04/12/2001 20:03:00,102,21,22,-7,-72,1
04/12/2001 20:04:00,102,21,23,-7,-71,1
04/12/2001 20:05:00,102,20,22,-7,-71,1
04/12/2001 20:06:00,102,20,23,-7,-71,1
04/12/2001 20:07:00,102,20,23,-7,-71,1
04/12/2001 20:08:00,102,20,23,-7,-71,1
04/12/2001 20:09:00,102,19,23,-7,-71,1
04/12/2001 20:10:00,102,19,22,-8,-72,1
04/12/2001 20:11:00,102,20,22,-7,-71,1
04/12/2001 20:12:00,102,19,22,-7,-71,1
04/12/2001 20:13:00,102,20,22,-8,-71,1
04/12/2001 20:14:00,102,20,21,-7,-71,1
04/12/2001 20:15:00,102,19,23,-7,-70,1
04/12/2001 20:16:00,102,19,24,-7,-70,1
04/12/2001 20:17:00,102,18,25,-7,-69,1
04/12/2001 20:18:00,102,18,25,-7,-69,1
04/12/2001 20:19:00,102,18,24,-7,-70,1
04/12/2001 20:20:00,102,17,23,-7,-70,1
04/12/2001 20:21:00,102,18,23,-7,-70,1
04/12/2001 20:22:00,102,18,22,-7,-70,1
04/12/2001 20:23:00,102,18,22,-7,-71,1
04/12/2001 20:24:00,102,18,23,-7,-71,1
04/12/2001 20:25:00,102,19,23,-7,-71,1
04/12/2001 20:26:00,102,18,23,-7,-71,1
04/12/2001 20:27:00,102,18,24,-7,-70,1
04/12/2001 20:28:00,102,20,23,-7,-70,1
04/12/2001 20:29:00,102,18,25,-7,-70,1
04/12/2001 20:30:00,102,18,25,-7,-70,1
04/12/2001 20:31:00,102,17,24,-7,-70,1
04/12/2001 20:32:00,102,17,23,-7,-70,1
04/12/2001 20:33:00,102,17,23,-7,-70,1
04/12/2001 20:34:00,102,17,23,-7,-70,1
04/12/2001 20:35:00,102,17,22,-7,-70,1
04/12/2001 20:36:00,102,16,22,-7,-70,1
04/12/2001 20:37:00,102,16,24,-7,-69,1
04/12/2001 20:38:00,102,15,23,-7,-70,1
04/12/2001 20:39:00,102,15,23,-7,-70,1
04/12/2001 20:40:00,102,16,21,-7,-70,1
04/12/2001 20:41:00,102,15,21,-7,-70,1
04/12/2001 20:42:00,102,15,22,-7,-69,1
04/12/2001 20:43:00,102,15,22,-7,-69,1
04/12/2001 20:44:00,102,15,24,-7,-69,1
04/12/2001 20:45:00,102,16,24,-7,-69,1
04/12/2001 20:46:00,102,16,24,-7,-69,1
04/12/2001 20:47:00,102,17,23,-7,-69,1
04/12/2001 20:48:00,102,17,23,-7,-69,1
04/12/2001 20:49:00,102,17,22,-7,-69,1
04/12/2001 20:50:00,102,18,22,-7,-70,1
04/12/2001 20:51:00,102,17,22,-7,-70,1
04/12/2001 20:52:00,102,17,22,-7,-70,1
04/12/2001 20:53:00,102,17,21,-7,-70,1
04/12/2001 20:54:00,102,16,22,-7,-69,1
04/12/2001 20:55:00,102,16,22,-7,-69,1
04/12/2001 20:56:00,102,15,22,-7,-69,1
04/12/2001 20:57:00,102,15,22,-7,-69,1
04/12/2001 20:58:00,102,15,21,-7,-69,1
04/12/2001 20:59:00,102,15,20,-7,-69,1
04/12/2001 21:00:00,102,15,22,-7,-69,1
04/12/2001 21:01:00,102,16,22,-7,-69,1
04/12/2001 21:02:00,102,16,21,-7,-68,1
04/12/2001 21:03:00,102,16,22,-7,-68,1
04/12/2001 21:04:00,102,16,23,-7,-68,1
04/12/2001 21:05:00,102,17,23,-7,-68,1
04/12/2001 21:06:00,102,18,23,-6,-68,1
04/12/2001 21:07:00,102,18,24,-6,-68,1
04/12/2001 21:08:00,102,18,23,-7,-68,1
04/12/2001 21:09:00,102,17,22,-7,-68,1
04/12/2001 21:10:00,102,18,24,-6,-67,1
04/12/2001 21:11:00,102,19,26,-6,-67,1
04/12/2001 21:12:00,102,20,28,-6,-67,1
04/12/2001 21:13:00,102,22,28,-6,-67,1
04/12/2001 21:14:00,102,21,28,-7,-67,1
04/12/2001 21:15:00,102,22,26,-6,-67,1
04/12/2001 21:16:00,102,21,26,-7,-67,1
04/12/2001 21:17:00,102,21,26,-6,-67,1
04/12/2001 21:18:00,102,21,27,-7,-67,1
04/12/2001 21:19:00,102,21,27,-7,-67,1
04/12/2001 21:20:00,102,20,25,-6,-68,1
04/12/2001 21:21:00,102,19,24,-7,-68,1
04/12/2001 21:22:00,102,19,24,-7,-68,1
04/12/2001 21:23:00,102,20,24,-7,-67,1
04/12/2001 21:24:00,102,20,27,-6,-67,1
04/12/2001 21:25:00,102,20,28,-6,-66,1
04/12/2001 21:26:00,102,21,28,-6,-66,1
04/12/2001 21:27:00,102,20,28,-6,-65,1
04/12/2001 21:28:00,102,20,29,-6,-65,1
04/12/2001 21:29:00,102,20,28,-6,-65,1
04/12/2001 21:30:00,102,18,26,-6,-66,1
04/12/2001 21:31:00,102,17,26,-6,-66,1
04/12/2001 21:32:00,102,17,25,-6,-66,1
04/12/2001 21:33:00,102,17,24,-6,-66,1
04/12/2001 21:34:00,102,16,23,-6,-67,1
04/12/2001 21:35:00,102,16,21,-6,-67,1
04/12/2001 21:36:00,102,15,20,-6,-68,1
04/12/2001 21:37:00,102,16,20,-6,-67,1
04/12/2001 21:38:00,102,16,21,-6,-67,1
04/12/2001 21:39:00,102,16,21,-6,-67,1
04/12/2001 21:40:00,102,16,20,-6,-68,1
04/12/2001 21:41:00,102,16,20,-6,-68,1
04/12/2001 21:42:00,102,16,19,-6,-68,1
04/12/2001 21:43:00,102,16,19,-6,-68,1
04/12/2001 21:44:00,102,15,19,-6,-68,1
04/12/2001 21:45:00,102,16,18,-6,-68,1
04/12/2001 21:46:00,102,16,19,-6,-68,1
04/12/2001 21:47:00,102,14,18,-6,-67,1
04/12/2001 21:48:00,102,15,18,-6,-67,1
04/12/2001 21:49:00,102,14,18,-6,-67,1
04/12/2001 21:50:00,102,15,19,-5,-67,1
04/12/2001 21:51:00,102,16,19,-5,-67,1
04/12/2001 21:52:00,102,16,18,-5,-67,1
04/12/2001 21:53:00,102,15,18,-5,-68,1
04/12/2001 21:54:00,102,15,19,-5,-68,1
04/12/2001 21:55:00,102,15,19,-5,-67,1
04/12/2001 21:56:00,102,15,18,-5,-67,1
04/12/2001 21:57:00,102,15,18,-5,-67,1
04/12/2001 21:58:00,102,15,18,-5,-67,1
04/12/2001 21:59:00,102,15,17,-5,-67,1
04/12/2001 22:00:00,102,15,18,-5,-66,1
04/12/2001 22:01:00,102,15,18,-5,-66,1
04/12/2001 22:02:00,102,15,19,-5,-66,1
04/12/2001 22:03:00,102,16,18,-5,-66,1
04/12/2001 22:04:00,102,15,18,-5,-66,1
04/12/2001 22:05:00,102,16,19,-5,-66,1
04/12/2001 22:06:00,102,15,17,-5,-66,1
04/12/2001 22:07:00,102,15,17,-5,-66,1
04/12/2001 22:08:00,102,15,16,-5,-66,1
04/12/2001 22:09:00,102,15,17,-5,-66,1
04/12/2001 22:10:00,102,15,18,-5,-65,1
04/12/2001 22:11:00,102,16,19,-5,-65,1
04/12/2001 22:12:00,102,15,18,-5,-66,1
04/12/2001 22:13:00,102,16,18,-5,-65,1
04/12/2001 22:14:00,102,16,19,-5,-65,1
04/12/2001 22:15:00,102,16,18,-5,-65,1
04/12/2001 22:16:00,102,16,18,-5,-65,1
04/12/2001 22:17:00,102,17,18,-5,-66,1
04/12/2001 22:18:00,102,16,17,-5,-66,1
04/12/2001 22:19:00,102,16,17,-5,-66,1
04/12/2001 22:20:00,102,16,17,-5,-66,1
04/12/2001 22:21:00,102,16,17,-5,-66,1
04/12/2001 22:22:00,102,16,19,-5,-66,1
04/12/2001 22:23:00,102,16,18,-5,-65,1
04/12/2001 22:24:00,102,16,18,-5,-65,1
04/12/2001 22:25:00,102,16,19,-5,-65,1
04/12/2001 22:26:00,102,16,19,-5,-65,1
04/12/2001 22:27:00,102,16,18,-5,-65,1
04/12/2001 22:28:00,102,16,18,-5,-65,1
04/12/2001 22:29:00,102,16,18,-5,-65,1
04/12/2001 22:30:00,102,16,19,-5,-65,1
04/12/2001 22:31:00,102,17,19,-5,-65,1
04/12/2001 22:32:00,102,17,19,-5,-65,1
04/12/2001 22:33:00,102,16,18,-5,-65,1
04/12/2001 22:34:00,102,16,18,-5,-65,1
04/12/2001 22:35:00,102,17,19,-5,-65,1
04/12/2001 22:36:00,102,17,20,-5,-64,1
04/12/2001 22:37:00,102,17,20,-5,-64,1
04/12/2001 22:38:00,102,16,20,-5,-64,1
04/12/2001 22:39:00,102,15,20,-5,-64,1
04/12/2001 22:40:00,102,15,20,-5,-65,1
04/12/2001 22:41:00,102,16,20,-5,-64,1
04/12/2001 22:42:00,102,16,19,-5,-64,1
04/12/2001 22:43:00,102,16,20,-4,-64,1
04/12/2001 22:44:00,102,15,20,-5,-64,1
04/12/2001 22:45:00,102,16,20,-5,-64,1
04/12/2001 22:46:00,102,16,20,-5,-64,1
04/12/2001 22:47:00,102,16,19,-5,-64,1
04/12/2001 22:48:00,102,15,19,-5,-64,1
04/12/2001 22:49:00,102,15,19,-5,-64,1
04/12/2001 22:50:00,102,16,20,-5,-64,1
04/12/2001 22:51:00,102,16,20,-5,-64,1
04/12/2001 22:52:00,102,15,20,-5,-64,1
04/12/2001 22:53:00,102,15,20,-5,-64,1
04/12/2001 22:54:00,102,15,20,-5,-64,1
04/12/2001 22:55:00,102,16,21,-5,-64,1
04/12/2001 22:56:00,102,15,21,-5,-64,1
04/12/2001 22:57:00,102,15,21,-5,-64,1
04/12/2001 22:58:00,102,15,22,-5,-64,1
04/12/2001 22:59:00,102,15,22,-5,-64,1
04/12/2001 23:00:00,102,14,23,-5,-64,1
04/12/2001 23:01:00,102,15,23,-5,-64,1
04/12/2001 23:02:00,102,15,21,-5,-64,1
04/12/2001 23:03:00,102,15,21,-5,-64,1
04/12/2001 23:04:00,102,14,21,-5,-64,1
04/12/2001 23:05:00,102,14,21,-5,-64,1
04/12/2001 23:06:00,102,14,22,-5,-64,1
04/12/2001 23:07:00,102,15,22,-5,-64,1
04/12/2001 23:08:00,102,15,22,-5,-64,1
04/12/2001 23:09:00,102,14,22,-5,-64,1
04/12/2001 23:10:00,102,14,22,-5,-64,1
04/12/2001 23:11:00,102,14,22,-5,-64,1
04/12/2001 23:12:00,102,14,22,-5,-64,1
04/12/2001 23:13:00,102,13,22,-5,-63,1
04/12/2001 23:14:00,102,13,24,-5,-63,1
04/12/2001 23:15:00,102,13,23,-5,-63,1
04/12/2001 23:16:00,102,14,24,-5,-63,1
04/12/2001 23:17:00,102,14,25,-5,-63,1
04/12/2001 23:18:00,102,14,25,-5,-63,1
04/12/2001 23:19:00,102,14,25,-5,-63,1
04/12/2001 23:20:00,102,14,24,-5,-63,1
04/12/2001 23:21:00,102,13,23,-5,-63,1
04/12/2001 23:22:00,102,14,23,-5,-63,1
04/12/2001 23:23:00,102,14,25,-5,-63,1
04/12/2001 23:24:00,102,14,25,-5,-63,1
04/12/2001 23:25:00,102,14,25,-5,-63,1
04/12/2001 23:26:00,102,14,23,-5,-63,1
04/12/2001 23:27:00,102,13,23,-5,-63,1
04/12/2001 23:28:00,102,13,22,-5,-63,1
04/12/2001 23:29:00,102,13,23,-5,-63,1
04/12/2001 23:30:00,102,13,24,-5,-63,1
04/12/2001 23:31:00,102,14,26,-4,-62,1
04/12/2001 23:32:00,102,14,25,-4,-62,1
04/12/2001 23:33:00,102,13,25,-5,-63,1
04/12/2001 23:34:00,102,13,25,-5,-62,1
04/12/2001 23:35:00,102,13,25,-5,-62,1
04/12/2001 23:36:00,102,13,25,-5,-62,1
04/12/2001 23:37:00,102,13,26,-5,-61,1
04/12/2001 23:38:00,102,13,25,-5,-60,1
04/12/2001 23:39:00,102,14,27,-4,-59,1
04/12/2001 23:40:00,102,13,27,-4,-59,1
04/12/2001 23:41:00,102,15,28,-4,-58,1
04/12/2001 23:42:00,102,16,30,-4,-58,1
04/12/2001 23:43:00,102,16,29,-4,-59,1
04/12/2001 23:44:00,102,17,29,-4,-59,1
04/12/2001 23:45:00,102,16,27,-4,-60,1
04/12/2001 23:46:00,102,16,28,-4,-60,1
04/12/2001 23:47:00,102,15,26,-4,-61,1
04/12/2001 23:48:00,102,14,24,-4,-61,1
04/12/2001 23:49:00,102,12,24,-4,-61,1
04/12/2001 23:50:00,102,13,26,-4,-61,1
04/12/2001 23:51:00,102,13,27,-4,-60,1
04/12/2001 23:52:00,102,13,29,-4,-60,1
04/12/2001 23:53:00,102,13,27,-4,-60,1
04/12/2001 23:54:00,102,13,26,-4,-60,1
04/12/2001 23:55:00,102,13,27,-4,-60,1
04/12/2001 23:56:00,102,14,27,-4,-60,1
04/12/2001 23:57:00,102,14,27,-4,-60,1
04/12/2001 23:58:00,102,14,28,-4,-60,1
04/12/2001 23:59:00,102,13,27,-4,-60,1
