DateTime,DOY,ASY_D,ASY_H,SYM_D,SYM_H,Location
03/08/2012 00:00:00,68,79,33,-2,-41,1
03/08/2012 00:01:00,68,79,33,-2,-42,1
03/08/2012 00:02:00,68,82,36,-2,-42,1
03/08/2012 00:03:00,68,82,36,-2,-42,1
03/08/2012 00:04:00,68,83,36,-2,-42,1
03/08/2012 00:05:00,68,82,35,-2,-41,1
03/08/2012 00:06:00,68,80,34,-2,-40,1
03/08/2012 00:07:00,68,80,35,-2,-40,1
03/08/2012 00:08:00,68,80,35,-2,-40,1
03/08/2012 00:09:00,68,81,36,-2,-40,1
03/08/2012 00:10:00,68,81,36,-2,-39,1
03/08/2012 00:11:00,68,81,37,-2,-39,1
03/08/2012 00:12:00,68,81,36,-2,-39,1
03/08/2012 00:13:00,68,80,37,-2,-39,1
03/08/2012 00:14:00,68,80,37,-2,-38,1
03/08/2012 00:15:00,68,80,36,-1,-39,1
03/08/2012 00:16:00,68,79,37,-1,-38,1
03/08/2012 00:17:00,68,80,37,-1,-38,1
03/08/2012 00:18:00,68,79,38,-1,-37,1
03/08/2012 00:19:00,68,80,38,-1,-37,1
03/08/2012 00:20:00,68,82,39,-1,-37,1
03/08/2012 00:21:00,68,81,39,-1,-37,1
03/08/2012 00:22:00,68,82,39,-1,-37,1
03/08/2012 00:23:00,68,80,39,-1,-37,1
03/08/2012 00:24:00,68,80,39,-1,-37,1
03/08/2012 00:25:00,68,80,40,-1,-36,1
03/08/2012 00:26:00,68,81,40,-1,-36,1
03/08/2012 00:27:00,68,81,40,-1,-35,1
03/08/2012 00:28:00,68,81,41,-1,-35,1
03/08/2012 00:29:00,68,81,40,-1,-35,1
03/08/2012 00:30:00,68,82,41,-1,-34,1
03/08/2012 00:31:00,68,81,42,-1,-34,1
03/08/2012 00:32:00,68,81,42,-1,-34,1
03/08/2012 00:33:00,68,82,42,-1,-34,1
03/08/2012 00:34:00,68,82,42,-1,-34,1
03/08/2012 00:35:00,68,82,43,-1,-34,1
03/08/2012 00:36:00,68,82,43,-1,-34,1
03/08/2012 00:37:00,68,83,44,-1,-34,1
03/08/2012 00:38:00,68,83,44,-1,-35,1
03/08/2012 00:39:00,68,83,43,-1,-35,1
03/08/2012 00:40:00,68,82,43,-1,-34,1
03/08/2012 00:41:00,68,82,43,-1,-34,1
03/08/2012 00:42:00,68,82,44,-1,-34,1
03/08/2012 00:43:00,68,82,44,-1,-34,1
03/08/2012 00:44:00,68,82,44,-1,-34,1
03/08/2012 00:45:00,68,82,44,-1,-34,1
03/08/2012 00:46:00,68,82,44,-1,-34,1
03/08/2012 00:47:00,68,82,44,-1,-33,1
03/08/2012 00:48:00,68,83,45,-1,-33,1
03/08/2012 00:49:00,68,83,46,-1,-33,1
03/08/2012 00:50:00,68,83,46,-1,-33,1
03/08/2012 00:51:00,68,83,46,-1,-33,1
03/08/2012 00:52:00,68,82,45,-1,-33,1
03/08/2012 00:53:00,68,82,44,-1,-33,1
03/08/2012 00:54:00,68,82,46,-1,-33,1
03/08/2012 00:55:00,68,81,46,-1,-33,1
03/08/2012 00:56:00,68,81,45,-1,-33,1
03/08/2012 00:57:00,68,82,46,-1,-33,1
03/08/2012 00:58:00,68,82,46,-1,-33,1
03/08/2012 00:59:00,68,83,46,-2,-33,1
03/08/2012 01:00:00,68,82,46,-2,-33,1
03/08/2012 01:01:00,68,81,45,-1,-33,1
03/08/2012 01:02:00,68,82,46,-2,-33,1
03/08/2012 01:03:00,68,82,46,-2,-33,1
03/08/2012 01:04:00,68,82,45,-2,-32,1
03/08/2012 01:05:00,68,81,44,-2,-32,1
03/08/2012 01:06:00,68,81,44,-2,-32,1
03/08/2012 01:07:00,68,81,44,-2,-32,1
03/08/2012 01:08:00,68,80,43,-2,-32,1
03/08/2012 01:09:00,68,80,43,-1,-32,1
03/08/2012 01:10:00,68,80,44,-2,-32,1
03/08/2012 01:11:00,68,79,44,-2,-32,1
03/08/2012 01:12:00,68,79,44,-2,-32,1
03/08/2012 01:13:00,68,79,44,-1,-31,1
03/08/2012 01:14:00,68,79,44,-2,-31,1
03/08/2012 01:15:00,68,79,44,-2,-31,1
03/08/2012 01:16:00,68,79,44,-1,-31,1
03/08/2012 01:17:00,68,79,44,-2,-31,1
03/08/2012 01:18:00,68,78,44,-1,-31,1
03/08/2012 01:19:00,68,78,43,-2,-31,1
03/08/2012 01:20:00,68,78,44,-2,-31,1
03/08/2012 01:21:00,68,78,43,-2,-31,1
03/08/2012 01:22:00,68,78,43,-2,-30,1
03/08/2012 01:23:00,68,77,42,-2,-30,1
03/08/2012 01:24:00,68,77,42,-2,-30,1
03/08/2012 01:25:00,68,77,42,-2,-30,1
03/08/2012 01:26:00,68,77,42,-2,-30,1
03/08/2012 01:27:00,68,77,42,-2,-30,1
03/08/2012 01:28:00,68,77,43,-2,-30,1
03/08/2012 01:29:00,68,77,43,-2,-30,1
03/08/2012 01:30:00,68,77,43,-2,-30,1
03/08/2012 01:31:00,68,76,43,-2,-30,1
03/08/2012 01:32:00,68,75,42,-2,-30,1
03/08/2012 01:33:00,68,76,42,-2,-30,1
03/08/2012 01:34:00,68,75,41,-2,-30,1
03/08/2012 01:35:00,68,75,42,-2,-30,1
03/08/2012 01:36:00,68,74,41,-2,-30,1
03/08/2012 01:37:00,68,74,41,-2,-30,1
03/08/2012 01:38:00,68,74,41,-2,-30,1
03/08/2012 01:39:00,68,74,42,-2,-30,1
03/08/2012 01:40:00,68,76,41,-2,-30,1
03/08/2012 01:41:00,68,76,41,-2,-30,1
03/08/2012 01:42:00,68,75,41,-2,-30,1
03/08/2012 01:43:00,68,74,41,-2,-30,1
03/08/2012 01:44:00,68,73,40,-2,-30,1
03/08/2012 01:45:00,68,72,40,-2,-30,1
03/08/2012 01:46:00,68,71,39,-2,-29,1
03/08/2012 01:47:00,68,72,39,-2,-28,1
03/08/2012 01:48:00,68,72,40,-2,-28,1
03/08/2012 01:49:00,68,74,40,-2,-28,1
03/08/2012 01:50:00,68,73,40,-2,-28,1
03/08/2012 01:51:00,68,70,38,-2,-28,1
03/08/2012 01:52:00,68,70,38,-2,-29,1
03/08/2012 01:53:00,68,70,38,-2,-29,1
03/08/2012 01:54:00,68,71,38,-2,-29,1
03/08/2012 01:55:00,68,70,38,-2,-28,1
03/08/2012 01:56:00,68,70,37,-3,-29,1
03/08/2012 01:57:00,68,71,39,-3,-29,1
03/08/2012 01:58:00,68,70,37,-3,-29,1
03/08/2012 01:59:00,68,68,37,-3,-29,1
03/08/2012 02:00:00,68,68,36,-3,-29,1
03/08/2012 02:01:00,68,68,36,-3,-29,1
03/08/2012 02:02:00,68,69,37,-3,-28,1
03/08/2012 02:03:00,68,69,37,-3,-28,1
03/08/2012 02:04:00,68,68,38,-3,-28,1
03/08/2012 02:05:00,68,67,35,-3,-29,1
03/08/2012 02:06:00,68,67,36,-3,-28,1
03/08/2012 02:07:00,68,67,36,-3,-28,1
03/08/2012 02:08:00,68,66,36,-3,-28,1
03/08/2012 02:09:00,68,66,35,-3,-28,1
03/08/2012 02:10:00,68,65,35,-3,-28,1
03/08/2012 02:11:00,68,65,34,-2,-28,1
03/08/2012 02:12:00,68,65,34,-3,-28,1
03/08/2012 02:13:00,68,65,34,-3,-28,1
03/08/2012 02:14:00,68,64,34,-3,-29,1
03/08/2012 02:15:00,68,63,34,-3,-29,1
03/08/2012 02:16:00,68,62,32,-3,-28,1
03/08/2012 02:17:00,68,62,32,-3,-28,1
03/08/2012 02:18:00,68,63,33,-3,-28,1
03/08/2012 02:19:00,68,62,33,-3,-28,1
03/08/2012 02:20:00,68,63,32,-3,-27,1
03/08/2012 02:21:00,68,62,32,-3,-27,1
03/08/2012 02:22:00,68,62,32,-3,-28,1
03/08/2012 02:23:00,68,61,33,-3,-28,1
03/08/2012 02:24:00,68,61,33,-3,-28,1
03/08/2012 02:25:00,68,61,32,-3,-28,1
03/08/2012 02:26:00,68,61,32,-3,-28,1
03/08/2012 02:27:00,68,60,32,-3,-27,1
03/08/2012 02:28:00,68,60,31,-3,-28,1
03/08/2012 02:29:00,68,60,32,-3,-27,1
03/08/2012 02:30:00,68,59,32,-3,-27,1
03/08/2012 02:31:00,68,59,32,-4,-27,1
03/08/2012 02:32:00,68,60,31,-4,-27,1
03/08/2012 02:33:00,68,59,31,-4,-27,1
03/08/2012 02:34:00,68,58,30,-4,-27,1
03/08/2012 02:35:00,68,58,30,-4,-27,1
03/08/2012 02:36:00,68,57,30,-4,-27,1
03/08/2012 02:37:00,68,57,30,-3,-27,1
03/08/2012 02:38:00,68,56,28,-3,-28,1
03/08/2012 02:39:00,68,56,29,-3,-28,1
03/08/2012 02:40:00,68,56,30,-3,-28,1
03/08/2012 02:41:00,68,56,30,-3,-28,1
03/08/2012 02:42:00,68,55,29,-3,-28,1
03/08/2012 02:43:00,68,54,28,-4,-28,1
03/08/2012 02:44:00,68,53,28,-4,-28,1
03/08/2012 02:45:00,68,53,28,-4,-28,1
03/08/2012 02:46:00,68,53,29,-3,-28,1
03/08/2012 02:47:00,68,53,28,-4,-28,1
03/08/2012 02:48:00,68,52,28,-4,-28,1
03/08/2012 02:49:00,68,52,28,-3,-28,1
03/08/2012 02:50:00,68,52,28,-3,-28,1
03/08/2012 02:51:00,68,51,27,-3,-28,1
03/08/2012 02:52:00,68,51,27,-3,-28,1
03/08/2012 02:53:00,68,53,26,-4,-28,1
03/08/2012 02:54:00,68,52,26,-4,-28,1
03/08/2012 02:55:00,68,51,26,-3,-28,1
03/08/2012 02:56:00,68,51,25,-3,-28,1
03/08/2012 02:57:00,68,50,26,-3,-27,1
03/08/2012 02:58:00,68,49,26,-3,-28,1
03/08/2012 02:59:00,68,48,25,-3,-28,1
03/08/2012 03:00:00,68,47,26,-3,-28,1
03/08/2012 03:01:00,68,47,26,-3,-28,1
03/08/2012 03:02:00,68,47,27,-3,-28,1
03/08/2012 03:03:00,68,47,26,-3,-28,1
03/08/2012 03:04:00,68,46,25,-3,-28,1
03/08/2012 03:05:00,68,45,25,-3,-28,1
03/08/2012 03:06:00,68,45,26,-3,-28,1
03/08/2012 03:07:00,68,45,25,-3,-28,1
03/08/2012 03:08:00,68,45,26,-3,-27,1
03/08/2012 03:09:00,68,44,25,-3,-28,1
03/08/2012 03:10:00,68,44,26,-3,-28,1
03/08/2012 03:11:00,68,44,26,-4,-28,1
03/08/2012 03:12:00,68,43,26,-4,-28,1
03/08/2012 03:13:00,68,42,25,-4,-28,1
03/08/2012 03:14:00,68,42,25,-4,-28,1
03/08/2012 03:15:00,68,42,25,-4,-28,1
03/08/2012 03:16:00,68,41,24,-3,-28,1
03/08/2012 03:17:00,68,41,25,-3,-28,1
03/08/2012 03:18:00,68,40,25,-3,-28,1
03/08/2012 03:19:00,68,40,24,-3,-28,1
03/08/2012 03:20:00,68,39,23,-4,-28,1
03/08/2012 03:21:00,68,39,23,-3,-28,1
03/08/2012 03:22:00,68,38,23,-3,-28,1
03/08/2012 03:23:00,68,37,23,-3,-28,1
03/08/2012 03:24:00,68,38,23,-3,-27,1
03/08/2012 03:25:00,68,37,23,-3,-28,1
03/08/2012 03:26:00,68,37,23,-3,-28,1
03/08/2012 03:27:00,68,36,23,-3,-28,1
03/08/2012 03:28:00,68,36,22,-3,-28,1
03/08/2012 03:29:00,68,35,23,-3,-27,1
03/08/2012 03:30:00,68,33,22,-3,-27,1
03/08/2012 03:31:00,68,35,22,-3,-27,1
03/08/2012 03:32:00,68,34,22,-3,-27,1
03/08/2012 03:33:00,68,32,22,-3,-27,1
03/08/2012 03:34:00,68,32,22,-3,-27,1
03/08/2012 03:35:00,68,32,22,-3,-27,1
03/08/2012 03:36:00,68,32,22,-3,-27,1
03/08/2012 03:37:00,68,33,23,-3,-27,1
03/08/2012 03:38:00,68,32,23,-3,-27,1
03/08/2012 03:39:00,68,31,22,-3,-27,1
03/08/2012 03:40:00,68,30,21,-3,-27,1
03/08/2012 03:41:00,68,30,21,-3,-27,1
03/08/2012 03:42:00,68,29,21,-3,-27,1
03/08/2012 03:43:00,68,28,21,-3,-27,1
03/08/2012 03:44:00,68,28,20,-3,-28,1
03/08/2012 03:45:00,68,27,20,-3,-28,1
03/08/2012 03:46:00,68,27,20,-3,-28,1
03/08/2012 03:47:00,68,26,19,-3,-28,1
03/08/2012 03:48:00,68,25,20,-3,-28,1
03/08/2012 03:49:00,68,24,18,-3,-28,1
03/08/2012 03:50:00,68,24,18,-3,-28,1
03/08/2012 03:51:00,68,24,18,-3,-28,1
03/08/2012 03:52:00,68,23,18,-3,-28,1
03/08/2012 03:53:00,68,23,17,-3,-28,1
03/08/2012 03:54:00,68,23,18,-3,-29,1
03/08/2012 03:55:00,68,23,18,-3,-29,1
03/08/2012 03:56:00,68,22,17,-3,-28,1
03/08/2012 03:57:00,68,22,16,-3,-28,1
03/08/2012 03:58:00,68,20,17,-3,-28,1
03/08/2012 03:59:00,68,20,17,-2,-28,1
03/08/2012 04:00:00,68,20,17,-2,-28,1
03/08/2012 04:01:00,68,20,17,-2,-28,1
03/08/2012 04:02:00,68,20,18,-2,-29,1
03/08/2012 04:03:00,68,19,16,-2,-29,1
03/08/2012 04:04:00,68,18,15,-2,-30,1
03/08/2012 04:05:00,68,17,15,-2,-30,1
03/08/2012 04:06:00,68,18,15,-2,-29,1
03/08/2012 04:07:00,68,18,16,-2,-29,1
03/08/2012 04:08:00,68,18,16,-2,-28,1
03/08/2012 04:09:00,68,17,15,-2,-28,1
03/08/2012 04:10:00,68,16,15,-2,-28,1
03/08/2012 04:11:00,68,16,15,-2,-28,1
03/08/2012 04:12:00,68,17,15,-2,-28,1
03/08/2012 04:13:00,68,16,15,-2,-28,1
03/08/2012 04:14:00,68,16,16,-2,-28,1
03/08/2012 04:15:00,68,15,16,-2,-28,1
03/08/2012 04:16:00,68,15,15,-2,-28,1
03/08/2012 04:17:00,68,15,15,-2,-28,1
03/08/2012 04:18:00,68,15,15,-2,-28,1
03/08/2012 04:19:00,68,14,15,-2,-27,1
03/08/2012 04:20:00,68,15,15,-2,-28,1
03/08/2012 04:21:00,68,15,16,-2,-28,1
03/08/2012 04:22:00,68,15,16,-2,-28,1
03/08/2012 04:23:00,68,15,17,-2,-28,1
03/08/2012 04:24:00,68,15,17,-2,-28,1
03/08/2012 04:25:00,68,14,17,-2,-28,1
03/08/2012 04:26:00,68,14,17,-2,-28,1
03/08/2012 04:27:00,68,14,16,-2,-28,1
03/08/2012 04:28:00,68,13,15,-1,-27,1
03/08/2012 04:29:00,68,13,15,-1,-27,1
03/08/2012 04:30:00,68,13,15,-2,-27,1
03/08/2012 04:31:00,68,13,16,-1,-26,1
03/08/2012 04:32:00,68,13,16,-1,-26,1
03/08/2012 04:33:00,68,14,17,-2,-26,1
03/08/2012 04:34:00,68,14,17,-2,-26,1
03/08/2012 04:35:00,68,14,17,-2,-26,1
03/08/2012 04:36:00,68,14,17,-2,-26,1
03/08/2012 04:37:00,68,14,16,-2,-27,1
03/08/2012 04:38:00,68,14,17,-2,-27,1
03/08/2012 04:39:00,68,14,17,-2,-27,1
03/08/2012 04:40:00,68,14,18,-2,-27,1
03/08/2012 04:41:00,68,13,17,-2,-27,1
03/08/2012 04:42:00,68,13,17,-2,-27,1
03/08/2012 04:43:00,68,14,16,-2,-27,1
03/08/2012 04:44:00,68,13,16,-2,-27,1
03/08/2012 04:45:00,68,14,16,-2,-27,1
03/08/2012 04:46:00,68,14,15,-2,-28,1
03/08/2012 04:47:00,68,13,16,-1,-28,1
03/08/2012 04:48:00,68,13,16,-1,-28,1
03/08/2012 04:49:00,68,13,16,-1,-28,1
03/08/2012 04:50:00,68,13,17,-1,-28,1
03/08/2012 04:51:00,68,13,17,-1,-27,1
03/08/2012 04:52:00,68,14,17,-1,-27,1
03/08/2012 04:53:00,68,13,16,-1,-27,1
03/08/2012 04:54:00,68,14,15,-1,-27,1
03/08/2012 04:55:00,68,14,15,-1,-27,1
03/08/2012 04:56:00,68,14,16,-1,-27,1
03/08/2012 04:57:00,68,14,16,-1,-27,1
03/08/2012 04:58:00,68,14,15,-1,-27,1
03/08/2012 04:59:00,68,14,16,-1,-27,1
03/08/2012 05:00:00,68,14,17,-1,-27,1
03/08/2012 05:01:00,68,13,17,-1,-27,1
03/08/2012 05:02:00,68,13,16,-1,-26,1
03/08/2012 05:03:00,68,13,16,-1,-26,1
03/08/2012 05:04:00,68,13,16,-1,-26,1
03/08/2012 05:05:00,68,12,17,-1,-26,1
03/08/2012 05:06:00,68,13,16,-1,-26,1
03/08/2012 05:07:00,68,12,16,-1,-27,1
03/08/2012 05:08:00,68,12,15,-1,-27,1
03/08/2012 05:09:00,68,12,15,-1,-27,1
03/08/2012 05:10:00,68,12,16,-1,-27,1
03/08/2012 05:11:00,68,12,16,-1,-26,1
03/08/2012 05:12:00,68,12,17,-1,-26,1
03/08/2012 05:13:00,68,12,16,-1,-26,1
03/08/2012 05:14:00,68,13,16,-1,-25,1
03/08/2012 05:15:00,68,13,16,-1,-25,1
03/08/2012 05:16:00,68,13,16,-1,-25,1
03/08/2012 05:17:00,68,13,16,0,-25,1
03/08/2012 05:18:00,68,13,16,0,-26,1
03/08/2012 05:19:00,68,13,16,0,-25,1
03/08/2012 05:20:00,68,13,16,0,-26,1
03/08/2012 05:21:00,68,12,16,0,-26,1
03/08/2012 05:22:00,68,13,16,0,-25,1
03/08/2012 05:23:00,68,13,17,0,-25,1
03/08/2012 05:24:00,68,13,16,0,-25,1
03/08/2012 05:25:00,68,13,16,0,-25,1
03/08/2012 05:26:00,68,14,16,0,-25,1
03/08/2012 05:27:00,68,14,17,0,-25,1
03/08/2012 05:28:00,68,14,19,0,-25,1
03/08/2012 05:29:00,68,13,19,0,-25,1
03/08/2012 05:30:00,68,14,18,0,-25,1
03/08/2012 05:31:00,68,14,17,0,-24,1
03/08/2012 05:32:00,68,15,17,0,-24,1
03/08/2012 05:33:00,68,15,17,0,-24,1
03/08/2012 05:34:00,68,15,18,0,-25,1
03/08/2012 05:35:00,68,16,18,0,-25,1
03/08/2012 05:36:00,68,15,19,0,-24,1
03/08/2012 05:37:00,68,16,19,0,-25,1
03/08/2012 05:38:00,68,16,19,1,-24,1
03/08/2012 05:39:00,68,17,19,1,-24,1
03/08/2012 05:40:00,68,17,18,1,-25,1
03/08/2012 05:41:00,68,18,18,1,-25,1
03/08/2012 05:42:00,68,17,17,1,-25,1
03/08/2012 05:43:00,68,17,18,1,-26,1
03/08/2012 05:44:00,68,18,18,1,-26,1
03/08/2012 05:45:00,68,18,18,1,-26,1
03/08/2012 05:46:00,68,18,19,1,-26,1
03/08/2012 05:47:00,68,19,19,1,-26,1
03/08/2012 05:48:00,68,19,19,1,-26,1
03/08/2012 05:49:00,68,19,19,1,-26,1
03/08/2012 05:50:00,68,19,19,1,-26,1
03/08/2012 05:51:00,68,19,18,1,-26,1
03/08/2012 05:52:00,68,19,19,1,-26,1
03/08/2012 05:53:00,68,18,20,1,-25,1
03/08/2012 05:54:00,68,17,21,1,-24,1
03/08/2012 05:55:00,68,17,20,1,-23,1
03/08/2012 05:56:00,68,18,19,1,-22,1
03/08/2012 05:57:00,68,20,17,1,-22,1
03/08/2012 05:58:00,68,20,17,1,-23,1
03/08/2012 05:59:00,68,20,17,1,-24,1
03/08/2012 06:00:00,68,20,17,1,-24,1
03/08/2012 06:01:00,68,19,16,1,-24,1
03/08/2012 06:02:00,68,20,16,1,-23,1
03/08/2012 06:03:00,68,20,16,1,-23,1
03/08/2012 06:04:00,68,20,16,1,-23,1
03/08/2012 06:05:00,68,20,18,1,-23,1
03/08/2012 06:06:00,68,20,18,1,-23,1
03/08/2012 06:07:00,68,20,17,1,-23,1
03/08/2012 06:08:00,68,20,17,1,-23,1
03/08/2012 06:09:00,68,20,16,1,-23,1
03/08/2012 06:10:00,68,20,16,1,-23,1
03/08/2012 06:11:00,68,21,17,1,-23,1
03/08/2012 06:12:00,68,21,17,1,-23,1
03/08/2012 06:13:00,68,21,17,1,-24,1
03/08/2012 06:14:00,68,21,17,1,-24,1
03/08/2012 06:15:00,68,21,18,1,-23,1
03/08/2012 06:16:00,68,21,19,1,-24,1
03/08/2012 06:17:00,68,20,19,1,-24,1
03/08/2012 06:18:00,68,21,19,1,-24,1
03/08/2012 06:19:00,68,21,19,1,-24,1
03/08/2012 06:20:00,68,21,19,1,-24,1
03/08/2012 06:21:00,68,20,19,1,-24,1
03/08/2012 06:22:00,68,20,18,1,-24,1
03/08/2012 06:23:00,68,21,16,1,-24,1
03/08/2012 06:24:00,68,21,16,1,-23,1
03/08/2012 06:25:00,68,21,16,1,-23,1
03/08/2012 06:26:00,68,21,16,1,-23,1
03/08/2012 06:27:00,68,21,15,1,-23,1
03/08/2012 06:28:00,68,20,15,1,-23,1
03/08/2012 06:29:00,68,21,16,1,-23,1
03/08/2012 06:30:00,68,21,16,1,-23,1
03/08/2012 06:31:00,68,21,16,1,-23,1
03/08/2012 06:32:00,68,21,15,1,-23,1
03/08/2012 06:33:00,68,21,15,1,-22,1
03/08/2012 06:34:00,68,21,14,1,-22,1
03/08/2012 06:35:00,68,21,15,1,-22,1
03/08/2012 06:36:00,68,21,15,1,-22,1
03/08/2012 06:37:00,68,20,16,1,-22,1
03/08/2012 06:38:00,68,21,16,1,-22,1
03/08/2012 06:39:00,68,21,16,1,-22,1
03/08/2012 06:40:00,68,21,16,1,-22,1
03/08/2012 06:41:00,68,20,16,1,-21,1
03/08/2012 06:42:00,68,21,17,1,-21,1
03/08/2012 06:43:00,68,21,17,1,-21,1
03/08/2012 06:44:00,68,21,17,1,-21,1
03/08/2012 06:45:00,68,20,16,1,-21,1
03/08/2012 06:46:00,68,20,16,1,-21,1
03/08/2012 06:47:00,68,20,16,1,-21,1
03/08/2012 06:48:00,68,19,16,1,-21,1
03/08/2012 06:49:00,68,19,17,1,-21,1
03/08/2012 06:50:00,68,19,16,1,-20,1
03/08/2012 06:51:00,68,19,16,1,-20,1
03/08/2012 06:52:00,68,19,15,1,-20,1
03/08/2012 06:53:00,68,18,16,1,-21,1
03/08/2012 06:54:00,68,18,15,1,-21,1
03/08/2012 06:55:00,68,19,15,1,-21,1
03/08/2012 06:56:00,68,18,15,1,-21,1
03/08/2012 06:57:00,68,18,15,1,-21,1
03/08/2012 06:58:00,68,18,15,1,-21,1
03/08/2012 06:59:00,68,18,15,1,-21,1
03/08/2012 07:00:00,68,17,15,1,-21,1
03/08/2012 07:01:00,68,17,15,1,-21,1
03/08/2012 07:02:00,68,18,15,1,-21,1
03/08/2012 07:03:00,68,17,14,1,-21,1
03/08/2012 07:04:00,68,17,14,1,-21,1
03/08/2012 07:05:00,68,17,14,1,-21,1
03/08/2012 07:06:00,68,17,14,1,-21,1
03/08/2012 07:07:00,68,17,14,1,-21,1
03/08/2012 07:08:00,68,16,14,1,-21,1
03/08/2012 07:09:00,68,16,14,1,-22,1
03/08/2012 07:10:00,68,17,14,1,-22,1
03/08/2012 07:11:00,68,16,14,1,-22,1
03/08/2012 07:12:00,68,16,14,1,-22,1
03/08/2012 07:13:00,68,16,15,1,-21,1
03/08/2012 07:14:00,68,15,15,1,-21,1
03/08/2012 07:15:00,68,15,15,1,-21,1
03/08/2012 07:16:00,68,16,14,1,-22,1
03/08/2012 07:17:00,68,15,13,1,-22,1
03/08/2012 07:18:00,68,15,13,1,-22,1
03/08/2012 07:19:00,68,15,13,1,-23,1
03/08/2012 07:20:00,68,14,14,1,-23,1
03/08/2012 07:21:00,68,14,13,1,-23,1
03/08/2012 07:22:00,68,14,13,1,-23,1
03/08/2012 07:23:00,68,15,12,1,-23,1
03/08/2012 07:24:00,68,15,11,1,-23,1
03/08/2012 07:25:00,68,15,11,1,-23,1
03/08/2012 07:26:00,68,14,12,1,-23,1
03/08/2012 07:27:00,68,15,11,1,-22,1
03/08/2012 07:28:00,68,15,10,1,-23,1
03/08/2012 07:29:00,68,15,11,1,-23,1
03/08/2012 07:30:00,68,14,10,1,-24,1
03/08/2012 07:31:00,68,14,12,1,-24,1
03/08/2012 07:32:00,68,14,12,1,-24,1
03/08/2012 07:33:00,68,13,12,1,-25,1
03/08/2012 07:34:00,68,13,14,1,-25,1
03/08/2012 07:35:00,68,13,13,1,-25,1
03/08/2012 07:36:00,68,13,14,1,-26,1
03/08/2012 07:37:00,68,14,14,1,-27,1
03/08/2012 07:38:00,68,13,13,1,-27,1
03/08/2012 07:39:00,68,13,13,1,-28,1
03/08/2012 07:40:00,68,13,12,1,-28,1
03/08/2012 07:41:00,68,14,11,2,-28,1
03/08/2012 07:42:00,68,13,10,2,-28,1
03/08/2012 07:43:00,68,14,11,2,-28,1
03/08/2012 07:44:00,68,14,10,2,-27,1
03/08/2012 07:45:00,68,15,10,2,-27,1
03/08/2012 07:46:00,68,16,11,2,-27,1
03/08/2012 07:47:00,68,17,10,2,-27,1
03/08/2012 07:48:00,68,17,10,1,-27,1
03/08/2012 07:49:00,68,17,10,2,-26,1
03/08/2012 07:50:00,68,17,11,1,-26,1
03/08/2012 07:51:00,68,18,10,1,-25,1
03/08/2012 07:52:00,68,19,10,1,-25,1
03/08/2012 07:53:00,68,19,9,1,-25,1
03/08/2012 07:54:00,68,19,10,0,-25,1
03/08/2012 07:55:00,68,20,10,0,-25,1
03/08/2012 07:56:00,68,20,10,0,-25,1
03/08/2012 07:57:00,68,19,10,0,-25,1
03/08/2012 07:58:00,68,20,10,0,-25,1
03/08/2012 07:59:00,68,19,10,1,-25,1
03/08/2012 08:00:00,68,19,10,0,-25,1
03/08/2012 08:01:00,68,20,9,1,-25,1
03/08/2012 08:02:00,68,20,9,1,-25,1
03/08/2012 08:03:00,68,20,9,1,-25,1
03/08/2012 08:04:00,68,20,9,1,-25,1
03/08/2012 08:05:00,68,19,9,0,-25,1
03/08/2012 08:06:00,68,19,10,0,-25,1
03/08/2012 08:07:00,68,19,10,1,-25,1
03/08/2012 08:08:00,68,19,10,1,-25,1
03/08/2012 08:09:00,68,19,10,1,-25,1
03/08/2012 08:10:00,68,19,10,1,-25,1
03/08/2012 08:11:00,68,19,10,1,-25,1
03/08/2012 08:12:00,68,19,10,1,-25,1
03/08/2012 08:13:00,68,19,10,1,-25,1
03/08/2012 08:14:00,68,19,10,0,-25,1
03/08/2012 08:15:00,68,20,11,0,-25,1
03/08/2012 08:16:00,68,19,11,0,-24,1
03/08/2012 08:17:00,68,19,11,0,-24,1
03/08/2012 08:18:00,68,19,12,0,-25,1
03/08/2012 08:19:00,68,19,12,0,-25,1
03/08/2012 08:20:00,68,19,12,0,-25,1
03/08/2012 08:21:00,68,19,12,0,-25,1
03/08/2012 08:22:00,68,19,12,0,-25,1
03/08/2012 08:23:00,68,19,12,0,-25,1
03/08/2012 08:24:00,68,20,11,0,-25,1
03/08/2012 08:25:00,68,19,12,0,-25,1
03/08/2012 08:26:00,68,19,11,1,-25,1
03/08/2012 08:27:00,68,18,12,0,-25,1
03/08/2012 08:28:00,68,18,11,0,-24,1
03/08/2012 08:29:00,68,18,11,0,-24,1
03/08/2012 08:30:00,68,19,11,0,-24,1
03/08/2012 08:31:00,68,19,11,0,-25,1
03/08/2012 08:32:00,68,18,10,0,-25,1
03/08/2012 08:33:00,68,17,10,0,-25,1
03/08/2012 08:34:00,68,17,11,0,-24,1
03/08/2012 08:35:00,68,17,11,0,-24,1
03/08/2012 08:36:00,68,18,12,0,-24,1
03/08/2012 08:37:00,68,17,11,0,-24,1
03/08/2012 08:38:00,68,17,11,0,-24,1
03/08/2012 08:39:00,68,17,11,0,-24,1
03/08/2012 08:40:00,68,17,11,0,-23,1
03/08/2012 08:41:00,68,16,10,0,-23,1
03/08/2012 08:42:00,68,17,11,0,-23,1
03/08/2012 08:43:00,68,17,11,0,-23,1
03/08/2012 08:44:00,68,18,11,0,-24,1
03/08/2012 08:45:00,68,17,11,0,-24,1
03/08/2012 08:46:00,68,16,10,0,-24,1
03/08/2012 08:47:00,68,16,10,0,-23,1
03/08/2012 08:48:00,68,17,10,0,-22,1
03/08/2012 08:49:00,68,18,9,0,-22,1
03/08/2012 08:50:00,68,19,9,0,-22,1
03/08/2012 08:51:00,68,19,8,0,-24,1
03/08/2012 08:52:00,68,18,9,0,-24,1
03/08/2012 08:53:00,68,17,10,0,-24,1
03/08/2012 08:54:00,68,17,11,0,-24,1
03/08/2012 08:55:00,68,18,11,0,-24,1
03/08/2012 08:56:00,68,18,10,0,-23,1
03/08/2012 08:57:00,68,18,9,0,-24,1
03/08/2012 08:58:00,68,18,10,0,-24,1
03/08/2012 08:59:00,68,17,9,0,-25,1
03/08/2012 09:00:00,68,17,9,0,-25,1
03/08/2012 09:01:00,68,17,10,0,-24,1
03/08/2012 09:02:00,68,17,9,0,-24,1
03/08/2012 09:03:00,68,17,8,0,-24,1
03/08/2012 09:04:00,68,17,8,0,-23,1
03/08/2012 09:05:00,68,17,9,0,-24,1
03/08/2012 09:06:00,68,18,8,0,-25,1
03/08/2012 09:07:00,68,18,9,0,-25,1
03/08/2012 09:08:00,68,18,8,0,-26,1
03/08/2012 09:09:00,68,18,8,0,-25,1
03/08/2012 09:10:00,68,17,9,1,-26,1
03/08/2012 09:11:00,68,17,10,1,-25,1
03/08/2012 09:12:00,68,18,10,0,-25,1
03/08/2012 09:13:00,68,17,10,0,-24,1
03/08/2012 09:14:00,68,19,10,0,-23,1
03/08/2012 09:15:00,68,19,8,-1,-23,1
03/08/2012 09:16:00,68,19,8,-1,-22,1
03/08/2012 09:17:00,68,20,8,-1,-22,1
03/08/2012 09:18:00,68,20,8,-1,-22,1
03/08/2012 09:19:00,68,21,8,-1,-22,1
03/08/2012 09:20:00,68,21,9,-1,-22,1
03/08/2012 09:21:00,68,21,10,-1,-23,1
03/08/2012 09:22:00,68,20,11,-1,-23,1
03/08/2012 09:23:00,68,19,11,-1,-23,1
03/08/2012 09:24:00,68,19,11,-1,-23,1
03/08/2012 09:25:00,68,17,10,0,-22,1
03/08/2012 09:26:00,68,17,11,0,-22,1
03/08/2012 09:27:00,68,17,9,0,-21,1
03/08/2012 09:28:00,68,16,10,0,-20,1
03/08/2012 09:29:00,68,17,9,0,-19,1
03/08/2012 09:30:00,68,18,9,0,-19,1
03/08/2012 09:31:00,68,18,8,-1,-20,1
03/08/2012 09:32:00,68,17,9,-1,-21,1
03/08/2012 09:33:00,68,17,8,0,-21,1
03/08/2012 09:34:00,68,17,9,0,-21,1
03/08/2012 09:35:00,68,16,9,0,-21,1
03/08/2012 09:36:00,68,16,9,0,-21,1
03/08/2012 09:37:00,68,17,8,0,-21,1
03/08/2012 09:38:00,68,19,8,0,-21,1
03/08/2012 09:39:00,68,19,8,0,-22,1
03/08/2012 09:40:00,68,19,8,0,-23,1
03/08/2012 09:41:00,68,19,9,0,-24,1
03/08/2012 09:42:00,68,18,9,0,-24,1
03/08/2012 09:43:00,68,18,10,0,-24,1
03/08/2012 09:44:00,68,17,11,0,-24,1
03/08/2012 09:45:00,68,18,9,0,-24,1
03/08/2012 09:46:00,68,19,8,-1,-23,1
03/08/2012 09:47:00,68,19,7,-1,-24,1
03/08/2012 09:48:00,68,18,7,-1,-22,1
03/08/2012 09:49:00,68,18,10,0,-21,1
03/08/2012 09:50:00,68,18,11,0,-21,1
03/08/2012 09:51:00,68,19,13,0,-21,1
03/08/2012 09:52:00,68,19,11,0,-20,1
03/08/2012 09:53:00,68,20,11,-1,-21,1
03/08/2012 09:54:00,68,19,11,0,-21,1
03/08/2012 09:55:00,68,20,11,0,-21,1
03/08/2012 09:56:00,68,20,11,-1,-20,1
03/08/2012 09:57:00,68,21,8,-1,-20,1
03/08/2012 09:58:00,68,22,9,-2,-21,1
03/08/2012 09:59:00,68,22,9,-2,-21,1
03/08/2012 10:00:00,68,22,9,-1,-22,1
03/08/2012 10:01:00,68,21,10,-1,-22,1
03/08/2012 10:02:00,68,19,10,-1,-22,1
03/08/2012 10:03:00,68,19,10,0,-22,1
03/08/2012 10:04:00,68,18,10,-1,-21,1
03/08/2012 10:05:00,68,18,9,-1,-21,1
03/08/2012 10:06:00,68,19,9,0,-20,1
03/08/2012 10:07:00,68,19,9,0,-20,1
03/08/2012 10:08:00,68,18,10,0,-20,1
03/08/2012 10:09:00,68,17,10,-1,-20,1
03/08/2012 10:10:00,68,18,11,-1,-19,1
03/08/2012 10:11:00,68,18,12,-1,-19,1
03/08/2012 10:12:00,68,18,12,-1,-20,1
03/08/2012 10:13:00,68,18,11,-1,-21,1
03/08/2012 10:14:00,68,17,12,-1,-20,1
03/08/2012 10:15:00,68,17,13,0,-20,1
03/08/2012 10:16:00,68,16,13,0,-20,1
03/08/2012 10:17:00,68,15,13,0,-20,1
03/08/2012 10:18:00,68,15,14,-1,-19,1
03/08/2012 10:19:00,68,15,13,-1,-18,1
03/08/2012 10:20:00,68,15,15,-1,-19,1
03/08/2012 10:21:00,68,15,15,0,-18,1
03/08/2012 10:22:00,68,14,13,0,-18,1
03/08/2012 10:23:00,68,14,12,0,-19,1
03/08/2012 10:24:00,68,14,13,0,-20,1
03/08/2012 10:25:00,68,13,13,-1,-20,1
03/08/2012 10:26:00,68,14,14,-1,-21,1
03/08/2012 10:27:00,68,13,14,0,-20,1
03/08/2012 10:28:00,68,13,13,0,-20,1
03/08/2012 10:29:00,68,13,14,0,-18,1
03/08/2012 10:30:00,68,14,14,-1,-18,1
03/08/2012 10:31:00,68,13,13,-1,-18,1
03/08/2012 10:32:00,68,13,13,-1,-17,1
03/08/2012 10:33:00,68,13,13,-1,-16,1
03/08/2012 10:34:00,68,13,12,-1,-16,1
03/08/2012 10:35:00,68,15,12,-1,-16,1
03/08/2012 10:36:00,68,15,13,-2,-16,1
03/08/2012 10:37:00,68,15,13,-2,-16,1
03/08/2012 10:38:00,68,15,15,-1,-17,1
03/08/2012 10:39:00,68,15,14,-2,-18,1
03/08/2012 10:40:00,68,13,16,-1,-19,1
03/08/2012 10:41:00,68,13,17,-1,-20,1
03/08/2012 10:42:00,68,13,18,-1,-20,1
03/08/2012 10:43:00,68,13,18,-1,-19,1
03/08/2012 10:44:00,68,12,18,-1,-16,1
03/08/2012 10:45:00,68,12,17,-2,-15,1
03/08/2012 10:46:00,68,12,17,-2,-15,1
03/08/2012 10:47:00,68,12,18,-2,-14,1
03/08/2012 10:48:00,68,13,19,-2,-14,1
03/08/2012 10:49:00,68,13,17,-2,-14,1
03/08/2012 10:50:00,68,13,15,-1,-15,1
03/08/2012 10:51:00,68,12,16,-1,-15,1
03/08/2012 10:52:00,68,12,17,-2,-12,1
03/08/2012 10:53:00,68,13,16,-2,-12,1
03/08/2012 10:54:00,68,13,15,-2,-13,1
03/08/2012 10:55:00,68,13,14,-1,-14,1
03/08/2012 10:56:00,68,12,15,-1,-14,1
03/08/2012 10:57:00,68,13,17,-1,-14,1
03/08/2012 10:58:00,68,16,18,-1,-14,1
03/08/2012 10:59:00,68,18,18,0,-10,1
03/08/2012 11:00:00,68,12,17,-1,-7,1
03/08/2012 11:01:00,68,12,17,-2,-6,1
03/08/2012 11:02:00,68,12,17,-2,-5,1
03/08/2012 11:03:00,68,11,18,-2,-5,1
03/08/2012 11:04:00,68,36,32,-4,13,1
03/08/2012 11:05:00,68,31,23,-2,40,1
03/08/2012 11:06:00,68,15,32,-7,54,1
03/08/2012 11:07:00,68,20,43,-9,52,1
03/08/2012 11:08:00,68,31,44,-7,51,1
03/08/2012 11:09:00,68,28,40,-5,47,1
03/08/2012 11:10:00,68,28,45,-5,38,1
03/08/2012 11:11:00,68,42,51,-4,36,1
03/08/2012 11:12:00,68,45,45,-4,39,1
03/08/2012 11:13:00,68,48,50,-4,42,1
03/08/2012 11:14:00,68,50,51,-4,42,1
03/08/2012 11:15:00,68,48,49,-4,38,1
03/08/2012 11:16:00,68,57,54,-3,35,1
03/08/2012 11:17:00,68,61,55,-3,35,1
03/08/2012 11:18:00,68,62,54,-3,42,1
03/08/2012 11:19:00,68,68,60,-3,47,1
03/08/2012 11:20:00,68,71,76,-4,45,1
03/08/2012 11:21:00,68,74,73,-3,48,1
03/08/2012 11:22:00,68,74,73,-4,50,1
03/08/2012 11:23:00,68,73,78,-3,47,1
03/08/2012 11:24:00,68,78,84,-3,43,1
03/08/2012 11:25:00,68,82,81,-3,41,1
03/08/2012 11:26:00,68,80,84,-3,37,1
03/08/2012 11:27:00,68,88,80,-3,39,1
03/08/2012 11:28:00,68,88,76,-4,40,1
03/08/2012 11:29:00,68,94,68,-1,41,1
03/08/2012 11:30:00,68,96,72,-3,43,1
03/08/2012 11:31:00,68,88,61,-2,44,1
03/08/2012 11:32:00,68,84,62,-2,40,1
03/08/2012 11:33:00,68,93,61,-2,41,1
03/08/2012 11:34:00,68,95,61,-1,45,1
03/08/2012 11:35:00,68,87,59,-2,45,1
03/08/2012 11:36:00,68,88,57,-1,45,1
03/08/2012 11:37:00,68,84,56,-1,44,1
03/08/2012 11:38:00,68,82,55,-1,45,1
03/08/2012 11:39:00,68,72,56,-2,43,1
03/08/2012 11:40:00,68,75,56,-1,40,1
03/08/2012 11:41:00,68,67,51,-1,35,1
03/08/2012 11:42:00,68,69,51,0,30,1
03/08/2012 11:43:00,68,75,57,-1,31,1
03/08/2012 11:44:00,68,76,57,-1,32,1
03/08/2012 11:45:00,68,73,56,-1,32,1
03/08/2012 11:46:00,68,71,54,-1,31,1
03/08/2012 11:47:00,68,73,57,-1,33,1
03/08/2012 11:48:00,68,73,54,-1,32,1
03/08/2012 11:49:00,68,65,49,0,31,1
03/08/2012 11:50:00,68,62,48,0,29,1
03/08/2012 11:51:00,68,73,51,0,30,1
03/08/2012 11:52:00,68,80,52,0,33,1
03/08/2012 11:53:00,68,72,54,-1,32,1
03/08/2012 11:54:00,68,75,52,0,33,1
03/08/2012 11:55:00,68,68,56,-2,31,1
03/08/2012 11:56:00,68,75,54,-1,30,1
03/08/2012 11:57:00,68,73,48,-1,31,1
03/08/2012 11:58:00,68,72,49,0,31,1
03/08/2012 11:59:00,68,75,45,0,32,1
03/08/2012 12:00:00,68,76,50,1,33,1
03/08/2012 12:01:00,68,63,47,0,33,1
03/08/2012 12:02:00,68,60,45,0,31,1
03/08/2012 12:03:00,68,61,44,0,30,1
03/08/2012 12:04:00,68,59,47,0,28,1
03/08/2012 12:05:00,68,65,45,1,28,1
03/08/2012 12:06:00,68,60,46,0,27,1
03/08/2012 12:07:00,68,69,48,1,29,1
03/08/2012 12:08:00,68,62,49,0,28,1
03/08/2012 12:09:00,68,62,47,0,27,1
03/08/2012 12:10:00,68,64,48,0,27,1
03/08/2012 12:11:00,68,64,44,0,26,1
03/08/2012 12:12:00,68,64,46,0,26,1
03/08/2012 12:13:00,68,66,45,0,25,1
03/08/2012 12:14:00,68,63,41,0,25,1
03/08/2012 12:15:00,68,59,42,-1,24,1
03/08/2012 12:16:00,68,61,42,0,24,1
03/08/2012 12:17:00,68,60,42,0,24,1
03/08/2012 12:18:00,68,61,43,-1,23,1
03/08/2012 12:19:00,68,62,45,-1,23,1
03/08/2012 12:20:00,68,67,45,0,23,1
03/08/2012 12:21:00,68,68,45,0,25,1
03/08/2012 12:22:00,68,69,45,0,25,1
03/08/2012 12:23:00,68,71,47,0,26,1
03/08/2012 12:24:00,68,72,46,1,27,1
03/08/2012 12:25:00,68,67,47,1,26,1
03/08/2012 12:26:00,68,66,50,0,24,1
03/08/2012 12:27:00,68,59,48,-1,22,1
03/08/2012 12:28:00,68,60,47,-1,21,1
03/08/2012 12:29:00,68,68,46,-1,21,1
03/08/2012 12:30:00,68,75,42,1,25,1
03/08/2012 12:31:00,68,64,35,1,23,1
03/08/2012 12:32:00,68,57,43,0,18,1
03/08/2012 12:33:00,68,53,49,0,13,1
03/08/2012 12:34:00,68,56,53,-1,14,1
03/08/2012 12:35:00,68,65,47,0,18,1
03/08/2012 12:36:00,68,57,34,0,20,1
03/08/2012 12:37:00,68,48,34,-1,18,1
03/08/2012 12:38:00,68,54,31,0,17,1
03/08/2012 12:39:00,68,52,32,1,20,1
03/08/2012 12:40:00,68,42,30,0,17,1
03/08/2012 12:41:00,68,33,28,0,15,1
03/08/2012 12:42:00,68,26,25,0,13,1
03/08/2012 12:43:00,68,29,28,-1,12,1
03/08/2012 12:44:00,68,27,28,-1,11,1
03/08/2012 12:45:00,68,27,27,-1,12,1
03/08/2012 12:46:00,68,25,24,-1,13,1
03/08/2012 12:47:00,68,15,26,-3,13,1
03/08/2012 12:48:00,68,17,30,-3,13,1
03/08/2012 12:49:00,68,32,29,-1,16,1
03/08/2012 12:50:00,68,27,25,-1,18,1
03/08/2012 12:51:00,68,20,28,-1,19,1
03/08/2012 12:52:00,68,26,39,-2,23,1
03/08/2012 12:53:00,68,27,43,-2,25,1
03/08/2012 12:54:00,68,10,54,-6,24,1
03/08/2012 12:55:00,68,21,60,-6,20,1
03/08/2012 12:56:00,68,41,58,-5,20,1
03/08/2012 12:57:00,68,44,58,-5,20,1
03/08/2012 12:58:00,68,54,59,-4,22,1
03/08/2012 12:59:00,68,46,61,-4,21,1
03/08/2012 13:00:00,68,52,46,-3,20,1
03/08/2012 13:01:00,68,55,45,-1,20,1
03/08/2012 13:02:00,68,56,50,-1,19,1
03/08/2012 13:03:00,68,50,44,-1,18,1
03/08/2012 13:04:00,68,40,41,-2,14,1
03/08/2012 13:05:00,68,35,37,-2,10,1
03/08/2012 13:06:00,68,42,35,-1,9,1
03/08/2012 13:07:00,68,47,39,-2,10,1
03/08/2012 13:08:00,68,47,31,-1,11,1
03/08/2012 13:09:00,68,49,32,-1,14,1
03/08/2012 13:10:00,68,56,33,0,17,1
03/08/2012 13:11:00,68,60,33,1,20,1
03/08/2012 13:12:00,68,60,47,0,21,1
03/08/2012 13:13:00,68,52,45,-2,19,1
03/08/2012 13:14:00,68,40,30,-1,13,1
03/08/2012 13:15:00,68,44,30,0,12,1
03/08/2012 13:16:00,68,49,32,0,13,1
03/08/2012 13:17:00,68,49,36,0,14,1
03/08/2012 13:18:00,68,46,36,-1,12,1
03/08/2012 13:19:00,68,49,39,-1,12,1
03/08/2012 13:20:00,68,50,42,-1,11,1
03/08/2012 13:21:00,68,51,39,-1,10,1
03/08/2012 13:22:00,68,59,43,0,10,1
03/08/2012 13:23:00,68,61,49,0,10,1
03/08/2012 13:24:00,68,61,49,0,10,1
03/08/2012 13:25:00,68,62,49,1,9,1
03/08/2012 13:26:00,68,64,53,1,9,1
03/08/2012 13:27:00,68,60,57,1,7,1
03/08/2012 13:28:00,68,57,61,0,7,1
03/08/2012 13:29:00,68,61,63,1,8,1
03/08/2012 13:30:00,68,61,65,1,8,1
03/08/2012 13:31:00,68,55,60,0,7,1
03/08/2012 13:32:00,68,46,57,0,5,1
03/08/2012 13:33:00,68,45,58,0,5,1
03/08/2012 13:34:00,68,39,65,-1,4,1
03/08/2012 13:35:00,68,29,71,-3,2,1
03/08/2012 13:36:00,68,27,73,-3,1,1
03/08/2012 13:37:00,68,29,73,-2,0,1
03/08/2012 13:38:00,68,25,77,-3,-2,1
03/08/2012 13:39:00,68,25,75,-4,-4,1
03/08/2012 13:40:00,68,23,68,-2,-4,1
03/08/2012 13:41:00,68,22,67,-4,-6,1
03/08/2012 13:42:00,68,21,67,-4,-7,1
03/08/2012 13:43:00,68,18,70,-5,-8,1
03/08/2012 13:44:00,68,18,71,-5,-7,1
03/08/2012 13:45:00,68,15,73,-3,-6,1
03/08/2012 13:46:00,68,21,78,-2,-5,1
03/08/2012 13:47:00,68,28,81,-2,-6,1
03/08/2012 13:48:00,68,32,79,-2,-7,1
03/08/2012 13:49:00,68,36,72,-1,-8,1
03/08/2012 13:50:00,68,45,77,0,-8,1
03/08/2012 13:51:00,68,49,75,-1,-9,1
03/08/2012 13:52:00,68,43,67,-1,-11,1
03/08/2012 13:53:00,68,38,60,-1,-13,1
03/08/2012 13:54:00,68,37,59,-1,-14,1
03/08/2012 13:55:00,68,39,55,-2,-14,1
03/08/2012 13:56:00,68,42,50,-1,-14,1
03/08/2012 13:57:00,68,42,53,-1,-15,1
03/08/2012 13:58:00,68,40,48,-1,-15,1
03/08/2012 13:59:00,68,45,43,0,-15,1
03/08/2012 14:00:00,68,41,40,0,-15,1
03/08/2012 14:01:00,68,43,38,0,-14,1
03/08/2012 14:02:00,68,44,43,0,-14,1
03/08/2012 14:03:00,68,43,41,0,-15,1
03/08/2012 14:04:00,68,44,42,1,-16,1
03/08/2012 14:05:00,68,43,40,1,-16,1
03/08/2012 14:06:00,68,46,40,1,-16,1
03/08/2012 14:07:00,68,55,40,2,-14,1
03/08/2012 14:08:00,68,55,40,2,-13,1
03/08/2012 14:09:00,68,53,39,2,-12,1
03/08/2012 14:10:00,68,44,38,2,-14,1
03/08/2012 14:11:00,68,51,38,4,-15,1
03/08/2012 14:12:00,68,52,37,5,-13,1
03/08/2012 14:13:00,68,50,38,4,-13,1
03/08/2012 14:14:00,68,52,37,5,-16,1
03/08/2012 14:15:00,68,55,38,5,-16,1
03/08/2012 14:16:00,68,55,37,5,-17,1
03/08/2012 14:17:00,68,55,35,5,-18,1
03/08/2012 14:18:00,68,57,36,5,-19,1
03/08/2012 14:19:00,68,58,35,5,-17,1
03/08/2012 14:20:00,68,55,34,4,-15,1
03/08/2012 14:21:00,68,52,33,4,-17,1
03/08/2012 14:22:00,68,53,32,4,-17,1
03/08/2012 14:23:00,68,50,30,4,-16,1
03/08/2012 14:24:00,68,43,27,3,-15,1
03/08/2012 14:25:00,68,39,24,3,-14,1
03/08/2012 14:26:00,68,36,25,2,-14,1
03/08/2012 14:27:00,68,32,26,2,-13,1
03/08/2012 14:28:00,68,28,28,2,-12,1
03/08/2012 14:29:00,68,25,27,1,-12,1
03/08/2012 14:30:00,68,21,27,1,-11,1
03/08/2012 14:31:00,68,18,27,1,-12,1
03/08/2012 14:32:00,68,14,28,1,-12,1
03/08/2012 14:33:00,68,13,30,1,-10,1
03/08/2012 14:34:00,68,13,33,0,-9,1
03/08/2012 14:35:00,68,11,34,0,-7,1
03/08/2012 14:36:00,68,10,40,0,-3,1
03/08/2012 14:37:00,68,12,56,0,-4,1
03/08/2012 14:38:00,68,12,60,0,-5,1
03/08/2012 14:39:00,68,11,57,-1,-7,1
03/08/2012 14:40:00,68,10,50,0,-6,1
03/08/2012 14:41:00,68,15,51,0,-8,1
03/08/2012 14:42:00,68,13,55,0,-9,1
03/08/2012 14:43:00,68,22,60,1,-12,1
03/08/2012 14:44:00,68,28,44,2,-13,1
03/08/2012 14:45:00,68,33,32,3,-12,1
03/08/2012 14:46:00,68,33,32,3,-13,1
03/08/2012 14:47:00,68,32,42,3,-15,1
03/08/2012 14:48:00,68,31,44,3,-18,1
03/08/2012 14:49:00,68,26,33,2,-19,1
03/08/2012 14:50:00,68,30,29,3,-20,1
03/08/2012 14:51:00,68,37,29,4,-18,1
03/08/2012 14:52:00,68,31,32,3,-16,1
03/08/2012 14:53:00,68,28,39,3,-16,1
03/08/2012 14:54:00,68,30,41,4,-16,1
03/08/2012 14:55:00,68,27,40,3,-17,1
03/08/2012 14:56:00,68,24,43,3,-18,1
03/08/2012 14:57:00,68,23,44,3,-18,1
03/08/2012 14:58:00,68,24,52,3,-19,1
03/08/2012 14:59:00,68,20,54,2,-20,1
03/08/2012 15:00:00,68,20,53,2,-20,1
03/08/2012 15:01:00,68,23,63,3,-22,1
03/08/2012 15:02:00,68,19,72,2,-25,1
03/08/2012 15:03:00,68,17,59,2,-28,1
03/08/2012 15:04:00,68,21,53,2,-29,1
03/08/2012 15:05:00,68,23,55,2,-29,1
03/08/2012 15:06:00,68,22,54,3,-28,1
03/08/2012 15:07:00,68,21,57,3,-28,1
03/08/2012 15:08:00,68,26,54,4,-30,1
03/08/2012 15:09:00,68,28,48,5,-31,1
03/08/2012 15:10:00,68,31,40,5,-32,1
03/08/2012 15:11:00,68,34,36,6,-31,1
03/08/2012 15:12:00,68,39,34,7,-31,1
03/08/2012 15:13:00,68,48,34,8,-28,1
03/08/2012 15:14:00,68,50,46,8,-28,1
03/08/2012 15:15:00,68,44,44,8,-28,1
03/08/2012 15:16:00,68,43,41,8,-27,1
03/08/2012 15:17:00,68,41,39,8,-27,1
03/08/2012 15:18:00,68,40,35,7,-27,1
03/08/2012 15:19:00,68,40,33,6,-26,1
03/08/2012 15:20:00,68,40,25,5,-24,1
03/08/2012 15:21:00,68,38,27,5,-25,1
03/08/2012 15:22:00,68,35,30,4,-25,1
03/08/2012 15:23:00,68,32,35,4,-29,1
03/08/2012 15:24:00,68,32,23,2,-32,1
03/08/2012 15:25:00,68,37,30,1,-35,1
03/08/2012 15:26:00,68,40,35,0,-35,1
03/08/2012 15:27:00,68,38,35,0,-35,1
03/08/2012 15:28:00,68,36,32,1,-34,1
03/08/2012 15:29:00,68,34,30,1,-35,1
03/08/2012 15:30:00,68,32,28,1,-34,1
03/08/2012 15:31:00,68,30,27,2,-34,1
03/08/2012 15:32:00,68,29,25,2,-34,1
03/08/2012 15:33:00,68,31,25,2,-34,1
03/08/2012 15:34:00,68,31,25,2,-35,1
03/08/2012 15:35:00,68,33,25,2,-34,1
03/08/2012 15:36:00,68,32,24,2,-34,1
03/08/2012 15:37:00,68,34,23,2,-34,1
03/08/2012 15:38:00,68,33,22,2,-33,1
03/08/2012 15:39:00,68,32,20,2,-33,1
03/08/2012 15:40:00,68,33,21,2,-32,1
03/08/2012 15:41:00,68,33,21,2,-32,1
03/08/2012 15:42:00,68,33,21,2,-33,1
03/08/2012 15:43:00,68,34,21,2,-34,1
03/08/2012 15:44:00,68,34,21,2,-34,1
03/08/2012 15:45:00,68,34,22,2,-35,1
03/08/2012 15:46:00,68,33,22,1,-35,1
03/08/2012 15:47:00,68,33,21,2,-36,1
03/08/2012 15:48:00,68,32,21,2,-36,1
03/08/2012 15:49:00,68,31,20,2,-36,1
03/08/2012 15:50:00,68,31,20,2,-37,1
03/08/2012 15:51:00,68,30,19,2,-37,1
03/08/2012 15:52:00,68,30,18,2,-38,1
03/08/2012 15:53:00,68,31,18,2,-37,1
03/08/2012 15:54:00,68,30,19,3,-38,1
03/08/2012 15:55:00,68,31,19,2,-39,1
03/08/2012 15:56:00,68,30,17,3,-39,1
03/08/2012 15:57:00,68,31,17,3,-38,1
03/08/2012 15:58:00,68,31,15,3,-39,1
03/08/2012 15:59:00,68,32,17,3,-36,1
03/08/2012 16:00:00,68,30,17,3,-35,1
03/08/2012 16:01:00,68,32,17,3,-35,1
03/08/2012 16:02:00,68,32,19,2,-35,1
03/08/2012 16:03:00,68,30,19,3,-34,1
03/08/2012 16:04:00,68,34,18,2,-34,1
03/08/2012 16:05:00,68,34,25,2,-37,1
03/08/2012 16:06:00,68,35,20,2,-36,1
03/08/2012 16:07:00,68,39,21,2,-34,1
03/08/2012 16:08:00,68,39,21,2,-33,1
03/08/2012 16:09:00,68,42,19,2,-32,1
03/08/2012 16:10:00,68,41,19,2,-34,1
03/08/2012 16:11:00,68,43,21,2,-34,1
03/08/2012 16:12:00,68,44,26,1,-34,1
03/08/2012 16:13:00,68,43,30,2,-33,1
03/08/2012 16:14:00,68,42,30,2,-32,1
03/08/2012 16:15:00,68,41,30,2,-31,1
03/08/2012 16:16:00,68,41,27,2,-31,1
03/08/2012 16:17:00,68,44,32,2,-31,1
03/08/2012 16:18:00,68,43,33,2,-30,1
03/08/2012 16:19:00,68,44,33,2,-30,1
03/08/2012 16:20:00,68,44,38,2,-30,1
03/08/2012 16:21:00,68,45,44,2,-29,1
03/08/2012 16:22:00,68,46,48,1,-28,1
03/08/2012 16:23:00,68,46,43,1,-28,1
03/08/2012 16:24:00,68,48,40,1,-29,1
03/08/2012 16:25:00,68,47,44,1,-28,1
03/08/2012 16:26:00,68,46,48,1,-28,1
03/08/2012 16:27:00,68,46,44,2,-27,1
03/08/2012 16:28:00,68,47,37,1,-27,1
03/08/2012 16:29:00,68,47,33,1,-27,1
03/08/2012 16:30:00,68,46,32,1,-27,1
03/08/2012 16:31:00,68,46,32,1,-28,1
03/08/2012 16:32:00,68,46,35,0,-27,1
03/08/2012 16:33:00,68,45,36,1,-28,1
03/08/2012 16:34:00,68,50,35,-1,-29,1
03/08/2012 16:35:00,68,47,38,0,-29,1
03/08/2012 16:36:00,68,46,39,0,-28,1
03/08/2012 16:37:00,68,45,44,0,-27,1
03/08/2012 16:38:00,68,46,45,0,-28,1
03/08/2012 16:39:00,68,46,45,0,-27,1
03/08/2012 16:40:00,68,45,37,-1,-28,1
03/08/2012 16:41:00,68,39,29,0,-30,1
03/08/2012 16:42:00,68,41,32,1,-28,1
03/08/2012 16:43:00,68,41,34,0,-28,1
03/08/2012 16:44:00,68,39,30,0,-29,1
03/08/2012 16:45:00,68,38,24,0,-30,1
03/08/2012 16:46:00,68,39,30,0,-29,1
03/08/2012 16:47:00,68,33,28,1,-30,1
03/08/2012 16:48:00,68,31,25,1,-31,1
03/08/2012 16:49:00,68,30,18,2,-30,1
03/08/2012 16:50:00,68,31,17,2,-30,1
03/08/2012 16:51:00,68,28,17,2,-31,1
03/08/2012 16:52:00,68,26,19,3,-31,1
03/08/2012 16:53:00,68,26,19,3,-31,1
03/08/2012 16:54:00,68,24,20,3,-33,1
03/08/2012 16:55:00,68,24,21,4,-32,1
03/08/2012 16:56:00,68,19,30,5,-36,1
03/08/2012 16:57:00,68,22,27,4,-36,1
03/08/2012 16:58:00,68,26,26,3,-36,1
03/08/2012 16:59:00,68,28,28,2,-38,1
03/08/2012 17:00:00,68,29,22,2,-37,1
03/08/2012 17:01:00,68,27,20,3,-38,1
03/08/2012 17:02:00,68,30,21,3,-39,1
03/08/2012 17:03:00,68,28,19,3,-37,1
03/08/2012 17:04:00,68,28,18,2,-37,1
03/08/2012 17:05:00,68,31,19,2,-39,1
03/08/2012 17:06:00,68,30,22,2,-40,1
03/08/2012 17:07:00,68,31,23,1,-40,1
03/08/2012 17:08:00,68,30,21,2,-39,1
03/08/2012 17:09:00,68,33,22,2,-39,1
03/08/2012 17:10:00,68,37,26,1,-39,1
03/08/2012 17:11:00,68,36,26,1,-38,1
03/08/2012 17:12:00,68,35,25,1,-38,1
03/08/2012 17:13:00,68,35,24,1,-38,1
03/08/2012 17:14:00,68,36,24,1,-38,1
03/08/2012 17:15:00,68,38,27,1,-37,1
03/08/2012 17:16:00,68,38,29,1,-37,1
03/08/2012 17:17:00,68,42,29,0,-38,1
03/08/2012 17:18:00,68,42,29,0,-37,1
03/08/2012 17:19:00,68,43,30,1,-37,1
03/08/2012 17:20:00,68,43,30,1,-37,1
03/08/2012 17:21:00,68,42,30,1,-37,1
03/08/2012 17:22:00,68,41,30,2,-35,1
03/08/2012 17:23:00,68,44,30,1,-36,1
03/08/2012 17:24:00,68,48,32,0,-36,1
03/08/2012 17:25:00,68,49,33,0,-35,1
03/08/2012 17:26:00,68,48,34,0,-35,1
03/08/2012 17:27:00,68,47,34,0,-34,1
03/08/2012 17:28:00,68,45,34,1,-35,1
03/08/2012 17:29:00,68,44,34,1,-35,1
03/08/2012 17:30:00,68,45,34,1,-35,1
03/08/2012 17:31:00,68,47,37,0,-34,1
03/08/2012 17:32:00,68,47,37,0,-33,1
03/08/2012 17:33:00,68,47,35,0,-33,1
03/08/2012 17:34:00,68,46,35,0,-32,1
03/08/2012 17:35:00,68,44,35,0,-32,1
03/08/2012 17:36:00,68,39,34,1,-33,1
03/08/2012 17:37:00,68,41,35,1,-32,1
03/08/2012 17:38:00,68,43,36,1,-32,1
03/08/2012 17:39:00,68,43,36,1,-32,1
03/08/2012 17:40:00,68,44,37,1,-33,1
03/08/2012 17:41:00,68,46,38,1,-33,1
03/08/2012 17:42:00,68,46,39,1,-33,1
03/08/2012 17:43:00,68,47,38,0,-33,1
03/08/2012 17:44:00,68,48,39,0,-34,1
03/08/2012 17:45:00,68,46,38,0,-34,1
03/08/2012 17:46:00,68,44,37,1,-33,1
03/08/2012 17:47:00,68,43,36,1,-32,1
03/08/2012 17:48:00,68,42,36,0,-33,1
03/08/2012 17:49:00,68,42,36,0,-34,1
03/08/2012 17:50:00,68,42,36,0,-34,1
03/08/2012 17:51:00,68,42,37,0,-32,1
03/08/2012 17:52:00,68,44,38,-1,-33,1
03/08/2012 17:53:00,68,42,36,-1,-33,1
03/08/2012 17:54:00,68,38,35,0,-32,1
03/08/2012 17:55:00,68,39,35,-1,-31,1
03/08/2012 17:56:00,68,37,35,-1,-30,1
03/08/2012 17:57:00,68,36,35,-1,-30,1
03/08/2012 17:58:00,68,36,34,-1,-30,1
03/08/2012 17:59:00,68,37,35,-1,-29,1
03/08/2012 18:00:00,68,36,36,-1,-29,1
03/08/2012 18:01:00,68,35,35,-1,-28,1
03/08/2012 18:02:00,68,35,34,-1,-28,1
03/08/2012 18:03:00,68,36,36,-1,-28,1
03/08/2012 18:04:00,68,37,36,-1,-28,1
03/08/2012 18:05:00,68,36,37,-1,-27,1
03/08/2012 18:06:00,68,36,37,-1,-26,1
03/08/2012 18:07:00,68,35,36,-1,-26,1
03/08/2012 18:08:00,68,35,35,-1,-26,1
03/08/2012 18:09:00,68,35,36,-1,-26,1
03/08/2012 18:10:00,68,34,36,-1,-25,1
03/08/2012 18:11:00,68,35,37,-1,-24,1
03/08/2012 18:12:00,68,33,36,-1,-24,1
03/08/2012 18:13:00,68,33,36,-1,-23,1
03/08/2012 18:14:00,68,33,36,0,-23,1
03/08/2012 18:15:00,68,33,36,-1,-24,1
03/08/2012 18:16:00,68,37,37,-1,-22,1
03/08/2012 18:17:00,68,35,39,-1,-19,1
03/08/2012 18:18:00,68,34,37,-1,-19,1
03/08/2012 18:19:00,68,34,36,-1,-20,1
03/08/2012 18:20:00,68,36,38,-1,-23,1
03/08/2012 18:21:00,68,38,38,-1,-26,1
03/08/2012 18:22:00,68,45,39,-3,-27,1
03/08/2012 18:23:00,68,48,39,-3,-27,1
03/08/2012 18:24:00,68,50,40,-3,-27,1
03/08/2012 18:25:00,68,49,41,-3,-25,1
03/08/2012 18:26:00,68,44,41,-2,-24,1
03/08/2012 18:27:00,68,42,39,-2,-25,1
03/08/2012 18:28:00,68,44,40,-3,-24,1
03/08/2012 18:29:00,68,44,39,-3,-24,1
03/08/2012 18:30:00,68,43,39,-2,-22,1
03/08/2012 18:31:00,68,43,39,-2,-22,1
03/08/2012 18:32:00,68,44,41,-3,-23,1
03/08/2012 18:33:00,68,48,41,-3,-24,1
03/08/2012 18:34:00,68,48,41,-3,-24,1
03/08/2012 18:35:00,68,48,41,-3,-24,1
03/08/2012 18:36:00,68,47,40,-3,-25,1
03/08/2012 18:37:00,68,45,40,-3,-24,1
03/08/2012 18:38:00,68,44,38,-3,-25,1
03/08/2012 18:39:00,68,45,39,-3,-25,1
03/08/2012 18:40:00,68,47,38,-3,-25,1
03/08/2012 18:41:00,68,48,39,-3,-25,1
03/08/2012 18:42:00,68,48,39,-4,-24,1
03/08/2012 18:43:00,68,48,37,-4,-24,1
03/08/2012 18:44:00,68,49,37,-4,-23,1
03/08/2012 18:45:00,68,46,36,-4,-22,1
03/08/2012 18:46:00,68,46,36,-4,-21,1
03/08/2012 18:47:00,68,45,35,-4,-20,1
03/08/2012 18:48:00,68,44,35,-4,-19,1
03/08/2012 18:49:00,68,45,35,-5,-19,1
03/08/2012 18:50:00,68,46,34,-5,-19,1
03/08/2012 18:51:00,68,43,34,-4,-17,1
03/08/2012 18:52:00,68,42,33,-5,-17,1
03/08/2012 18:53:00,68,41,32,-4,-16,1
03/08/2012 18:54:00,68,41,34,-4,-15,1
03/08/2012 18:55:00,68,40,33,-4,-14,1
03/08/2012 18:56:00,68,40,32,-4,-15,1
03/08/2012 18:57:00,68,38,32,-4,-15,1
03/08/2012 18:58:00,68,37,32,-4,-16,1
03/08/2012 18:59:00,68,35,31,-4,-17,1
03/08/2012 19:00:00,68,34,31,-3,-17,1
03/08/2012 19:01:00,68,33,31,-3,-18,1
03/08/2012 19:02:00,68,32,30,-3,-18,1
03/08/2012 19:03:00,68,30,30,-3,-17,1
03/08/2012 19:04:00,68,28,28,-2,-17,1
03/08/2012 19:05:00,68,26,29,-2,-17,1
03/08/2012 19:06:00,68,25,29,-2,-15,1
03/08/2012 19:07:00,68,25,29,-2,-16,1
03/08/2012 19:08:00,68,26,29,-2,-15,1
03/08/2012 19:09:00,68,27,29,-2,-15,1
03/08/2012 19:10:00,68,29,28,-2,-15,1
03/08/2012 19:11:00,68,27,27,-2,-14,1
03/08/2012 19:12:00,68,25,26,-2,-13,1
03/08/2012 19:13:00,68,24,25,-2,-14,1
03/08/2012 19:14:00,68,26,26,-2,-13,1
03/08/2012 19:15:00,68,27,26,-3,-14,1
03/08/2012 19:16:00,68,28,26,-3,-14,1
03/08/2012 19:17:00,68,27,25,-3,-14,1
03/08/2012 19:18:00,68,29,25,-3,-15,1
03/08/2012 19:19:00,68,30,26,-3,-14,1
03/08/2012 19:20:00,68,30,26,-2,-15,1
03/08/2012 19:21:00,68,30,24,-3,-15,1
03/08/2012 19:22:00,68,31,25,-3,-15,1
03/08/2012 19:23:00,68,35,27,-2,-16,1
03/08/2012 19:24:00,68,35,26,-2,-18,1
03/08/2012 19:25:00,68,36,25,-3,-19,1
03/08/2012 19:26:00,68,37,26,-3,-19,1
03/08/2012 19:27:00,68,37,25,-2,-20,1
03/08/2012 19:28:00,68,37,24,-2,-20,1
03/08/2012 19:29:00,68,41,27,-3,-18,1
03/08/2012 19:30:00,68,38,26,-3,-17,1
03/08/2012 19:31:00,68,31,23,-3,-15,1
03/08/2012 19:32:00,68,31,22,-4,-14,1
03/08/2012 19:33:00,68,35,24,-4,-13,1
03/08/2012 19:34:00,68,34,23,-4,-11,1
03/08/2012 19:35:00,68,32,22,-4,-8,1
03/08/2012 19:36:00,68,30,21,-3,-7,1
03/08/2012 19:37:00,68,32,20,-3,-9,1
03/08/2012 19:38:00,68,34,22,-3,-9,1
03/08/2012 19:39:00,68,36,23,-2,-9,1
03/08/2012 19:40:00,68,39,24,-2,-9,1
03/08/2012 19:41:00,68,39,22,-2,-12,1
03/08/2012 19:42:00,68,39,23,-2,-14,1
03/08/2012 19:43:00,68,43,26,-2,-14,1
03/08/2012 19:44:00,68,43,26,-1,-15,1
03/08/2012 19:45:00,68,43,25,-1,-16,1
03/08/2012 19:46:00,68,44,25,-1,-17,1
03/08/2012 19:47:00,68,48,27,-1,-19,1
03/08/2012 19:48:00,68,47,27,-1,-19,1
03/08/2012 19:49:00,68,45,28,-1,-17,1
03/08/2012 19:50:00,68,44,25,-1,-19,1
03/08/2012 19:51:00,68,46,26,-2,-21,1
03/08/2012 19:52:00,68,46,27,-2,-19,1
03/08/2012 19:53:00,68,40,26,-1,-16,1
03/08/2012 19:54:00,68,36,22,-2,-16,1
03/08/2012 19:55:00,68,35,22,-2,-16,1
03/08/2012 19:56:00,68,36,25,-2,-14,1
03/08/2012 19:57:00,68,34,23,-2,-16,1
03/08/2012 19:58:00,68,33,22,-2,-18,1
03/08/2012 19:59:00,68,37,22,-2,-20,1
03/08/2012 20:00:00,68,41,23,-2,-22,1
03/08/2012 20:01:00,68,40,23,-2,-23,1
03/08/2012 20:02:00,68,39,23,-2,-22,1
03/08/2012 20:03:00,68,38,23,-3,-22,1
03/08/2012 20:04:00,68,35,22,-3,-21,1
03/08/2012 20:05:00,68,35,21,-3,-21,1
03/08/2012 20:06:00,68,37,22,-3,-23,1
03/08/2012 20:07:00,68,37,21,-3,-24,1
03/08/2012 20:08:00,68,38,22,-2,-25,1
03/08/2012 20:09:00,68,38,21,-2,-27,1
03/08/2012 20:10:00,68,38,22,-2,-26,1
03/08/2012 20:11:00,68,37,22,-2,-26,1
03/08/2012 20:12:00,68,36,22,-2,-25,1
03/08/2012 20:13:00,68,34,20,-2,-25,1
03/08/2012 20:14:00,68,32,18,-2,-28,1
03/08/2012 20:15:00,68,35,20,-3,-34,1
03/08/2012 20:16:00,68,42,23,-2,-33,1
03/08/2012 20:17:00,68,42,20,-2,-33,1
03/08/2012 20:18:00,68,40,17,-2,-34,1
03/08/2012 20:19:00,68,40,18,-2,-34,1
03/08/2012 20:20:00,68,40,18,-3,-34,1
03/08/2012 20:21:00,68,39,19,-3,-32,1
03/08/2012 20:22:00,68,36,18,-3,-29,1
03/08/2012 20:23:00,68,32,15,-4,-27,1
03/08/2012 20:24:00,68,33,16,-4,-25,1
03/08/2012 20:25:00,68,30,16,-4,-22,1
03/08/2012 20:26:00,68,27,14,-5,-21,1
03/08/2012 20:27:00,68,27,14,-5,-20,1
03/08/2012 20:28:00,68,27,14,-5,-20,1
03/08/2012 20:29:00,68,25,13,-5,-21,1
03/08/2012 20:30:00,68,29,15,-5,-23,1
03/08/2012 20:31:00,68,32,16,-4,-24,1
03/08/2012 20:32:00,68,36,17,-3,-23,1
03/08/2012 20:33:00,68,26,12,-4,-20,1
03/08/2012 20:34:00,68,27,15,-5,-19,1
03/08/2012 20:35:00,68,29,15,-5,-19,1
03/08/2012 20:36:00,68,31,17,-4,-15,1
03/08/2012 20:37:00,68,24,16,-5,-13,1
03/08/2012 20:38:00,68,21,17,-5,-11,1
03/08/2012 20:39:00,68,24,12,-6,-19,1
03/08/2012 20:40:00,68,34,17,-4,-23,1
03/08/2012 20:41:00,68,38,23,-3,-24,1
03/08/2012 20:42:00,68,33,19,-2,-23,1
03/08/2012 20:43:00,68,29,13,-3,-23,1
03/08/2012 20:44:00,68,30,15,-3,-22,1
03/08/2012 20:45:00,68,34,18,-3,-21,1
03/08/2012 20:46:00,68,33,17,-3,-20,1
03/08/2012 20:47:00,68,31,15,-3,-20,1
03/08/2012 20:48:00,68,29,15,-3,-21,1
03/08/2012 20:49:00,68,31,15,-3,-21,1
03/08/2012 20:50:00,68,33,18,-3,-19,1
03/08/2012 20:51:00,68,31,16,-4,-20,1
03/08/2012 20:52:00,68,34,21,-3,-21,1
03/08/2012 20:53:00,68,37,22,-3,-23,1
03/08/2012 20:54:00,68,35,23,-3,-24,1
03/08/2012 20:55:00,68,34,21,-3,-26,1
03/08/2012 20:56:00,68,36,24,-3,-26,1
03/08/2012 20:57:00,68,35,23,-3,-26,1
03/08/2012 20:58:00,68,34,22,-3,-27,1
03/08/2012 20:59:00,68,35,22,-3,-27,1
03/08/2012 21:00:00,68,34,22,-3,-27,1
03/08/2012 21:01:00,68,33,22,-3,-28,1
03/08/2012 21:02:00,68,34,22,-3,-27,1
03/08/2012 21:03:00,68,35,21,-3,-27,1
03/08/2012 21:04:00,68,36,23,-3,-26,1
03/08/2012 21:05:00,68,37,24,-3,-25,1
03/08/2012 21:06:00,68,37,26,-3,-25,1
03/08/2012 21:07:00,68,38,28,-3,-24,1
03/08/2012 21:08:00,68,40,31,-3,-24,1
03/08/2012 21:09:00,68,39,30,-3,-24,1
03/08/2012 21:10:00,68,39,29,-3,-26,1
03/08/2012 21:11:00,68,39,28,-3,-26,1
03/08/2012 21:12:00,68,39,30,-3,-26,1
03/08/2012 21:13:00,68,40,32,-3,-27,1
03/08/2012 21:14:00,68,42,33,-3,-27,1
03/08/2012 21:15:00,68,45,28,-3,-26,1
03/08/2012 21:16:00,68,40,38,-2,-17,1
03/08/2012 21:17:00,68,40,33,-4,-16,1
03/08/2012 21:18:00,68,49,45,-3,-13,1
03/08/2012 21:19:00,68,49,48,-3,-15,1
03/08/2012 21:20:00,68,41,40,-4,-28,1
03/08/2012 21:21:00,68,40,26,-3,-39,1
03/08/2012 21:22:00,68,38,36,-2,-41,1
03/08/2012 21:23:00,68,40,41,-2,-40,1
03/08/2012 21:24:00,68,38,38,-2,-39,1
03/08/2012 21:25:00,68,37,34,-2,-39,1
03/08/2012 21:26:00,68,35,32,-3,-39,1
03/08/2012 21:27:00,68,33,28,-3,-39,1
03/08/2012 21:28:00,68,31,30,-2,-39,1
03/08/2012 21:29:00,68,31,31,-2,-38,1
03/08/2012 21:30:00,68,33,34,-2,-38,1
03/08/2012 21:31:00,68,35,36,-2,-39,1
03/08/2012 21:32:00,68,36,37,-2,-40,1
03/08/2012 21:33:00,68,38,37,-2,-41,1
03/08/2012 21:34:00,68,39,38,-2,-41,1
03/08/2012 21:35:00,68,36,37,-2,-41,1
03/08/2012 21:36:00,68,38,36,-2,-42,1
03/08/2012 21:37:00,68,38,38,-2,-42,1
03/08/2012 21:38:00,68,41,39,-2,-42,1
03/08/2012 21:39:00,68,40,39,-2,-43,1
03/08/2012 21:40:00,68,42,38,-3,-43,1
03/08/2012 21:41:00,68,41,37,-3,-43,1
03/08/2012 21:42:00,68,40,36,-3,-44,1
03/08/2012 21:43:00,68,38,36,-3,-44,1
03/08/2012 21:44:00,68,38,35,-3,-45,1
03/08/2012 21:45:00,68,37,34,-3,-45,1
03/08/2012 21:46:00,68,37,34,-3,-45,1
03/08/2012 21:47:00,68,36,34,-3,-45,1
03/08/2012 21:48:00,68,37,34,-3,-45,1
03/08/2012 21:49:00,68,37,35,-3,-44,1
03/08/2012 21:50:00,68,38,36,-3,-44,1
03/08/2012 21:51:00,68,40,38,-2,-43,1
03/08/2012 21:52:00,68,42,41,-2,-44,1
03/08/2012 21:53:00,68,43,40,-2,-45,1
03/08/2012 21:54:00,68,44,39,-1,-45,1
03/08/2012 21:55:00,68,45,38,-1,-44,1
03/08/2012 21:56:00,68,46,36,-2,-45,1
03/08/2012 21:57:00,68,46,36,-2,-45,1
03/08/2012 21:58:00,68,47,38,-1,-46,1
03/08/2012 21:59:00,68,48,38,-2,-46,1
03/08/2012 22:00:00,68,48,37,-2,-46,1
03/08/2012 22:01:00,68,49,37,-2,-46,1
03/08/2012 22:02:00,68,48,37,-2,-46,1
03/08/2012 22:03:00,68,48,37,-2,-46,1
03/08/2012 22:04:00,68,48,37,-2,-46,1
03/08/2012 22:05:00,68,48,36,-2,-47,1
03/08/2012 22:06:00,68,47,37,-2,-47,1
03/08/2012 22:07:00,68,46,38,-2,-47,1
03/08/2012 22:08:00,68,45,38,-2,-47,1
03/08/2012 22:09:00,68,45,38,-2,-46,1
03/08/2012 22:10:00,68,44,39,-2,-46,1
03/08/2012 22:11:00,68,44,39,-2,-46,1
03/08/2012 22:12:00,68,44,40,-2,-45,1
03/08/2012 22:13:00,68,45,42,-2,-45,1
03/08/2012 22:14:00,68,44,43,-1,-45,1
03/08/2012 22:15:00,68,44,44,-1,-44,1
03/08/2012 22:16:00,68,45,46,-2,-43,1
03/08/2012 22:17:00,68,44,48,-1,-44,1
03/08/2012 22:18:00,68,43,49,-1,-44,1
03/08/2012 22:19:00,68,43,49,-2,-44,1
03/08/2012 22:20:00,68,42,50,-2,-44,1
03/08/2012 22:21:00,68,42,51,-2,-45,1
03/08/2012 22:22:00,68,40,52,-2,-45,1
03/08/2012 22:23:00,68,40,52,-2,-45,1
03/08/2012 22:24:00,68,39,51,-2,-46,1
03/08/2012 22:25:00,68,38,49,-2,-46,1
03/08/2012 22:26:00,68,37,48,-3,-45,1
03/08/2012 22:27:00,68,37,47,-3,-45,1
03/08/2012 22:28:00,68,35,46,-3,-44,1
03/08/2012 22:29:00,68,35,47,-3,-43,1
03/08/2012 22:30:00,68,34,46,-3,-42,1
03/08/2012 22:31:00,68,34,45,-3,-41,1
03/08/2012 22:32:00,68,34,45,-3,-40,1
03/08/2012 22:33:00,68,35,47,-3,-39,1
03/08/2012 22:34:00,68,35,49,-4,-37,1
03/08/2012 22:35:00,68,33,48,-4,-37,1
03/08/2012 22:36:00,68,35,50,-4,-36,1
03/08/2012 22:37:00,68,34,50,-5,-35,1
03/08/2012 22:38:00,68,33,47,-5,-35,1
03/08/2012 22:39:00,68,31,47,-6,-35,1
03/08/2012 22:40:00,68,31,47,-6,-34,1
03/08/2012 22:41:00,68,31,45,-6,-35,1
03/08/2012 22:42:00,68,28,44,-7,-35,1
03/08/2012 22:43:00,68,27,41,-7,-35,1
03/08/2012 22:44:00,68,26,39,-7,-35,1
03/08/2012 22:45:00,68,27,38,-8,-35,1
03/08/2012 22:46:00,68,27,40,-8,-35,1
03/08/2012 22:47:00,68,28,38,-8,-34,1
03/08/2012 22:48:00,68,27,35,-8,-35,1
03/08/2012 22:49:00,68,26,33,-8,-35,1
03/08/2012 22:50:00,68,26,33,-8,-35,1
03/08/2012 22:51:00,68,26,31,-8,-35,1
03/08/2012 22:52:00,68,26,30,-8,-35,1
03/08/2012 22:53:00,68,25,30,-8,-34,1
03/08/2012 22:54:00,68,25,30,-8,-34,1
03/08/2012 22:55:00,68,25,30,-8,-34,1
03/08/2012 22:56:00,68,25,30,-9,-34,1
03/08/2012 22:57:00,68,24,29,-9,-34,1
03/08/2012 22:58:00,68,24,29,-9,-35,1
03/08/2012 22:59:00,68,24,29,-9,-34,1
03/08/2012 23:00:00,68,24,29,-9,-35,1
03/08/2012 23:01:00,68,24,28,-9,-35,1
03/08/2012 23:02:00,68,24,29,-9,-35,1
03/08/2012 23:03:00,68,23,30,-8,-34,1
03/08/2012 23:04:00,68,23,31,-9,-34,1
03/08/2012 23:05:00,68,24,31,-9,-34,1
03/08/2012 23:06:00,68,24,32,-9,-34,1
03/08/2012 23:07:00,68,24,33,-8,-33,1
03/08/2012 23:08:00,68,25,33,-8,-33,1
03/08/2012 23:09:00,68,26,32,-8,-33,1
03/08/2012 23:10:00,68,24,34,-8,-33,1
03/08/2012 23:11:00,68,23,35,-7,-33,1
03/08/2012 23:12:00,68,23,35,-7,-33,1
03/08/2012 23:13:00,68,23,36,-7,-33,1
03/08/2012 23:14:00,68,23,36,-7,-33,1
03/08/2012 23:15:00,68,23,36,-7,-32,1
03/08/2012 23:16:00,68,22,36,-6,-32,1
03/08/2012 23:17:00,68,22,37,-6,-32,1
03/08/2012 23:18:00,68,23,38,-6,-32,1
03/08/2012 23:19:00,68,23,38,-6,-32,1
03/08/2012 23:20:00,68,23,38,-6,-32,1
03/08/2012 23:21:00,68,23,37,-6,-31,1
03/08/2012 23:22:00,68,23,37,-6,-31,1
03/08/2012 23:23:00,68,23,36,-6,-31,1
03/08/2012 23:24:00,68,23,37,-5,-31,1
03/08/2012 23:25:00,68,23,36,-5,-30,1
03/08/2012 23:26:00,68,24,36,-5,-30,1
03/08/2012 23:27:00,68,23,37,-5,-30,1
03/08/2012 23:28:00,68,24,36,-4,-30,1
03/08/2012 23:29:00,68,24,38,-4,-29,1
03/08/2012 23:30:00,68,24,39,-3,-28,1
03/08/2012 23:31:00,68,25,41,-3,-28,1
03/08/2012 23:32:00,68,26,42,-2,-28,1
03/08/2012 23:33:00,68,27,43,-2,-27,1
03/08/2012 23:34:00,68,26,43,-2,-27,1
03/08/2012 23:35:00,68,27,43,-3,-26,1
03/08/2012 23:36:00,68,28,43,-3,-26,1
03/08/2012 23:37:00,68,27,43,-3,-26,1
03/08/2012 23:38:00,68,27,44,-3,-25,1
03/08/2012 23:39:00,68,27,43,-3,-24,1
03/08/2012 23:40:00,68,25,45,-3,-24,1
03/08/2012 23:41:00,68,25,45,-3,-24,1
03/08/2012 23:42:00,68,25,44,-3,-24,1
03/08/2012 23:43:00,68,25,45,-3,-24,1
03/08/2012 23:44:00,68,24,43,-3,-23,1
03/08/2012 23:45:00,68,24,42,-3,-24,1
03/08/2012 23:46:00,68,24,41,-3,-25,1
03/08/2012 23:47:00,68,23,40,-3,-26,1
03/08/2012 23:48:00,68,23,38,-4,-26,1
03/08/2012 23:49:00,68,22,37,-3,-27,1
03/08/2012 23:50:00,68,23,37,-3,-27,1
03/08/2012 23:51:00,68,23,36,-3,-27,1
03/08/2012 23:52:00,68,24,37,-3,-27,1
03/08/2012 23:53:00,68,25,36,-3,-28,1
03/08/2012 23:54:00,68,26,37,-3,-28,1
03/08/2012 23:55:00,68,27,37,-3,-27,1
03/08/2012 23:56:00,68,28,37,-3,-27,1
03/08/2012 23:57:00,68,28,39,-3,-27,1
03/08/2012 23:58:00,68,29,41,-3,-25,1
03/08/2012 23:59:00,68,28,40,-3,-25,1
03/09/2012 00:00:00,69,27,40,-3,-24,1
03/09/2012 00:01:00,69,26,41,-3,-23,1
03/09/2012 00:02:00,69,24,41,-3,-21,1
03/09/2012 00:03:00,69,23,42,-3,-20,1
03/09/2012 00:04:00,69,23,44,-2,-19,1
03/09/2012 00:05:00,69,23,44,-2,-19,1
03/09/2012 00:06:00,69,24,43,-2,-19,1
03/09/2012 00:07:00,69,25,43,-2,-19,1
03/09/2012 00:08:00,69,27,41,-3,-21,1
03/09/2012 00:09:00,69,27,41,-3,-22,1
03/09/2012 00:10:00,69,28,41,-3,-23,1
03/09/2012 00:11:00,69,29,40,-3,-24,1
03/09/2012 00:12:00,69,28,40,-3,-24,1
03/09/2012 00:13:00,69,29,40,-3,-25,1
03/09/2012 00:14:00,69,28,40,-3,-27,1
03/09/2012 00:15:00,69,31,40,-4,-27,1
03/09/2012 00:16:00,69,33,38,-4,-28,1
03/09/2012 00:17:00,69,34,37,-4,-28,1
03/09/2012 00:18:00,69,34,37,-4,-29,1
03/09/2012 00:19:00,69,32,36,-5,-29,1
03/09/2012 00:20:00,69,31,35,-5,-30,1
03/09/2012 00:21:00,69,29,37,-4,-30,1
03/09/2012 00:22:00,69,29,38,-4,-30,1
03/09/2012 00:23:00,69,28,38,-4,-30,1
03/09/2012 00:24:00,69,28,37,-4,-30,1
03/09/2012 00:25:00,69,27,36,-4,-30,1
03/09/2012 00:26:00,69,27,37,-4,-29,1
03/09/2012 00:27:00,69,27,37,-4,-29,1
03/09/2012 00:28:00,69,27,37,-5,-29,1
03/09/2012 00:29:00,69,27,38,-4,-29,1
03/09/2012 00:30:00,69,27,39,-4,-29,1
03/09/2012 00:31:00,69,27,37,-5,-28,1
03/09/2012 00:32:00,69,26,38,-5,-28,1
03/09/2012 00:33:00,69,26,38,-5,-28,1
03/09/2012 00:34:00,69,26,39,-5,-28,1
03/09/2012 00:35:00,69,26,39,-5,-28,1
03/09/2012 00:36:00,69,25,38,-5,-27,1
03/09/2012 00:37:00,69,25,38,-4,-27,1
03/09/2012 00:38:00,69,24,38,-4,-27,1
03/09/2012 00:39:00,69,22,39,-4,-27,1
03/09/2012 00:40:00,69,22,40,-4,-27,1
03/09/2012 00:41:00,69,22,41,-4,-26,1
03/09/2012 00:42:00,69,22,41,-4,-26,1
03/09/2012 00:43:00,69,22,42,-4,-26,1
03/09/2012 00:44:00,69,22,42,-4,-26,1
03/09/2012 00:45:00,69,23,41,-4,-25,1
03/09/2012 00:46:00,69,22,40,-4,-25,1
03/09/2012 00:47:00,69,22,41,-4,-25,1
03/09/2012 00:48:00,69,21,40,-4,-25,1
03/09/2012 00:49:00,69,21,39,-4,-25,1
03/09/2012 00:50:00,69,21,40,-4,-25,1
03/09/2012 00:51:00,69,21,40,-4,-25,1
03/09/2012 00:52:00,69,22,40,-4,-24,1
03/09/2012 00:53:00,69,24,40,-4,-24,1
03/09/2012 00:54:00,69,24,39,-4,-24,1
03/09/2012 00:55:00,69,23,42,-4,-24,1
03/09/2012 00:56:00,69,22,43,-4,-24,1
03/09/2012 00:57:00,69,23,41,-4,-24,1
03/09/2012 00:58:00,69,24,42,-4,-23,1
03/09/2012 00:59:00,69,25,42,-4,-24,1
03/09/2012 01:00:00,69,24,41,-4,-24,1
03/09/2012 01:01:00,69,22,40,-4,-23,1
03/09/2012 01:02:00,69,19,40,-4,-23,1
03/09/2012 01:03:00,69,19,38,-4,-22,1
03/09/2012 01:04:00,69,19,39,-5,-20,1
03/09/2012 01:05:00,69,20,39,-4,-18,1
03/09/2012 01:06:00,69,21,38,-5,-14,1
03/09/2012 01:07:00,69,19,41,-5,-7,1
03/09/2012 01:08:00,69,23,51,-4,-1,1
03/09/2012 01:09:00,69,27,61,-3,4,1
03/09/2012 01:10:00,69,29,62,-2,4,1
03/09/2012 01:11:00,69,25,49,-1,1,1
03/09/2012 01:12:00,69,21,45,-2,1,1
03/09/2012 01:13:00,69,20,39,-3,3,1
03/09/2012 01:14:00,69,21,33,-3,1,1
03/09/2012 01:15:00,69,19,31,-2,0,1
03/09/2012 01:16:00,69,18,30,-2,-1,1
03/09/2012 01:17:00,69,17,26,-2,-2,1
03/09/2012 01:18:00,69,17,25,-1,-2,1
03/09/2012 01:19:00,69,19,24,-1,-2,1
03/09/2012 01:20:00,69,19,22,-1,-2,1
03/09/2012 01:21:00,69,20,19,-1,-3,1
03/09/2012 01:22:00,69,21,18,-2,-4,1
03/09/2012 01:23:00,69,20,18,-2,-4,1
03/09/2012 01:24:00,69,21,17,-2,-3,1
03/09/2012 01:25:00,69,21,18,-2,-2,1
03/09/2012 01:26:00,69,20,20,-2,-3,1
03/09/2012 01:27:00,69,21,18,-2,-5,1
03/09/2012 01:28:00,69,22,18,-2,-6,1
03/09/2012 01:29:00,69,23,19,-3,-6,1
03/09/2012 01:30:00,69,23,18,-3,-8,1
03/09/2012 01:31:00,69,22,19,-3,-8,1
03/09/2012 01:32:00,69,22,20,-2,-8,1
03/09/2012 01:33:00,69,22,20,-3,-7,1
03/09/2012 01:34:00,69,23,20,-3,-7,1
03/09/2012 01:35:00,69,20,21,-2,-6,1
03/09/2012 01:36:00,69,18,20,-3,-6,1
03/09/2012 01:37:00,69,19,19,-3,-8,1
03/09/2012 01:38:00,69,23,19,-3,-8,1
03/09/2012 01:39:00,69,22,19,-3,-8,1
03/09/2012 01:40:00,69,21,19,-3,-8,1
03/09/2012 01:41:00,69,22,19,-4,-8,1
03/09/2012 01:42:00,69,23,19,-4,-8,1
03/09/2012 01:43:00,69,23,18,-4,-7,1
03/09/2012 01:44:00,69,23,19,-4,-6,1
03/09/2012 01:45:00,69,16,20,-3,-6,1
03/09/2012 01:46:00,69,17,19,-3,-8,1
03/09/2012 01:47:00,69,24,16,-4,-7,1
03/09/2012 01:48:00,69,19,19,-4,-8,1
03/09/2012 01:49:00,69,18,18,-3,-7,1
03/09/2012 01:50:00,69,20,18,-4,-6,1
03/09/2012 01:51:00,69,20,21,-3,-5,1
03/09/2012 01:52:00,69,19,23,-3,-6,1
03/09/2012 01:53:00,69,18,22,-3,-6,1
03/09/2012 01:54:00,69,22,21,-4,-5,1
03/09/2012 01:55:00,69,22,20,-4,-6,1
03/09/2012 01:56:00,69,22,20,-4,-7,1
03/09/2012 01:57:00,69,25,18,-4,-7,1
03/09/2012 01:58:00,69,25,18,-5,-6,1
03/09/2012 01:59:00,69,27,19,-5,-7,1
03/09/2012 02:00:00,69,26,19,-5,-8,1
03/09/2012 02:01:00,69,26,20,-5,-9,1
03/09/2012 02:02:00,69,26,19,-6,-10,1
03/09/2012 02:03:00,69,28,19,-6,-10,1
03/09/2012 02:04:00,69,30,19,-7,-11,1
03/09/2012 02:05:00,69,30,19,-7,-12,1
03/09/2012 02:06:00,69,30,19,-7,-13,1
03/09/2012 02:07:00,69,29,19,-7,-14,1
03/09/2012 02:08:00,69,29,19,-7,-14,1
03/09/2012 02:09:00,69,27,20,-7,-14,1
03/09/2012 02:10:00,69,26,22,-6,-15,1
03/09/2012 02:11:00,69,27,22,-6,-15,1
03/09/2012 02:12:00,69,29,22,-6,-16,1
03/09/2012 02:13:00,69,31,21,-5,-15,1
03/09/2012 02:14:00,69,30,22,-5,-14,1
03/09/2012 02:15:00,69,30,24,-5,-15,1
03/09/2012 02:16:00,69,32,23,-5,-15,1
03/09/2012 02:17:00,69,32,22,-5,-16,1
03/09/2012 02:18:00,69,32,22,-5,-15,1
03/09/2012 02:19:00,69,29,23,-6,-15,1
03/09/2012 02:20:00,69,28,24,-6,-15,1
03/09/2012 02:21:00,69,30,24,-6,-16,1
03/09/2012 02:22:00,69,30,23,-6,-17,1
03/09/2012 02:23:00,69,29,23,-7,-18,1
03/09/2012 02:24:00,69,26,24,-7,-19,1
03/09/2012 02:25:00,69,23,26,-7,-20,1
03/09/2012 02:26:00,69,21,26,-6,-21,1
03/09/2012 02:27:00,69,22,27,-6,-21,1
03/09/2012 02:28:00,69,25,27,-6,-21,1
03/09/2012 02:29:00,69,25,27,-5,-21,1
03/09/2012 02:30:00,69,25,27,-5,-21,1
03/09/2012 02:31:00,69,25,27,-5,-22,1
03/09/2012 02:32:00,69,27,28,-5,-24,1
03/09/2012 02:33:00,69,27,27,-5,-24,1
03/09/2012 02:34:00,69,27,28,-5,-24,1
03/09/2012 02:35:00,69,27,29,-5,-24,1
03/09/2012 02:36:00,69,27,32,-4,-23,1
03/09/2012 02:37:00,69,28,35,-3,-24,1
03/09/2012 02:38:00,69,28,35,-4,-25,1
03/09/2012 02:39:00,69,27,35,-3,-25,1
03/09/2012 02:40:00,69,27,35,-3,-26,1
03/09/2012 02:41:00,69,25,38,-1,-26,1
03/09/2012 02:42:00,69,25,44,0,-25,1
03/09/2012 02:43:00,69,23,47,1,-25,1
03/09/2012 02:44:00,69,24,49,2,-26,1
03/09/2012 02:45:00,69,27,50,4,-26,1
03/09/2012 02:46:00,69,32,51,4,-27,1
03/09/2012 02:47:00,69,38,51,5,-28,1
03/09/2012 02:48:00,69,41,49,5,-28,1
03/09/2012 02:49:00,69,43,48,6,-27,1
03/09/2012 02:50:00,69,47,55,6,-27,1
03/09/2012 02:51:00,69,49,56,7,-28,1
03/09/2012 02:52:00,69,49,59,6,-30,1
03/09/2012 02:53:00,69,47,58,6,-30,1
03/09/2012 02:54:00,69,48,60,6,-32,1
03/09/2012 02:55:00,69,47,63,7,-33,1
03/09/2012 02:56:00,69,47,66,7,-34,1
03/09/2012 02:57:00,69,43,67,7,-36,1
03/09/2012 02:58:00,69,40,67,7,-36,1
03/09/2012 02:59:00,69,37,69,7,-36,1
03/09/2012 03:00:00,69,33,72,7,-37,1
03/09/2012 03:01:00,69,32,74,7,-37,1
03/09/2012 03:02:00,69,32,75,7,-38,1
03/09/2012 03:03:00,69,32,79,6,-39,1
03/09/2012 03:04:00,69,32,79,5,-40,1
03/09/2012 03:05:00,69,30,78,4,-40,1
03/09/2012 03:06:00,69,29,81,4,-41,1
03/09/2012 03:07:00,69,29,79,3,-39,1
03/09/2012 03:08:00,69,27,81,3,-38,1
03/09/2012 03:09:00,69,27,83,2,-39,1
03/09/2012 03:10:00,69,28,83,1,-39,1
03/09/2012 03:11:00,69,26,86,1,-42,1
03/09/2012 03:12:00,69,28,82,0,-44,1
03/09/2012 03:13:00,69,24,82,-1,-44,1
03/09/2012 03:14:00,69,21,82,-1,-45,1
03/09/2012 03:15:00,69,19,85,-1,-44,1
03/09/2012 03:16:00,69,15,87,-1,-43,1
03/09/2012 03:17:00,69,15,89,-1,-44,1
03/09/2012 03:18:00,69,15,90,-1,-44,1
03/09/2012 03:19:00,69,17,91,0,-43,1
03/09/2012 03:20:00,69,18,95,1,-44,1
03/09/2012 03:21:00,69,22,105,3,-44,1
03/09/2012 03:22:00,69,25,112,4,-44,1
03/09/2012 03:23:00,69,28,119,4,-43,1
03/09/2012 03:24:00,69,34,130,5,-42,1
03/09/2012 03:25:00,69,44,138,4,-43,1
03/09/2012 03:26:00,69,46,142,4,-41,1
03/09/2012 03:27:00,69,47,145,4,-41,1
03/09/2012 03:28:00,69,53,144,4,-40,1
03/09/2012 03:29:00,69,56,142,3,-40,1
03/09/2012 03:30:00,69,57,136,2,-42,1
03/09/2012 03:31:00,69,56,127,1,-45,1
03/09/2012 03:32:00,69,54,122,-1,-47,1
03/09/2012 03:33:00,69,55,120,-2,-50,1
03/09/2012 03:34:00,69,55,114,-3,-52,1
03/09/2012 03:35:00,69,55,118,-3,-55,1
03/09/2012 03:36:00,69,53,111,-4,-57,1
03/09/2012 03:37:00,69,51,107,-5,-60,1
03/09/2012 03:38:00,69,50,107,-6,-62,1
03/09/2012 03:39:00,69,46,104,-6,-64,1
03/09/2012 03:40:00,69,42,102,-6,-66,1
03/09/2012 03:41:00,69,38,102,-6,-67,1
03/09/2012 03:42:00,69,33,99,-5,-67,1
03/09/2012 03:43:00,69,30,102,-4,-68,1
03/09/2012 03:44:00,69,25,104,-3,-69,1
03/09/2012 03:45:00,69,22,104,-3,-70,1
03/09/2012 03:46:00,69,19,102,-2,-69,1
03/09/2012 03:47:00,69,16,103,-1,-70,1
03/09/2012 03:48:00,69,14,104,-1,-71,1
03/09/2012 03:49:00,69,12,103,0,-71,1
03/09/2012 03:50:00,69,12,105,0,-72,1
03/09/2012 03:51:00,69,12,105,1,-72,1
03/09/2012 03:52:00,69,13,107,1,-71,1
03/09/2012 03:53:00,69,15,110,2,-71,1
03/09/2012 03:54:00,69,17,110,2,-70,1
03/09/2012 03:55:00,69,18,110,2,-70,1
03/09/2012 03:56:00,69,24,109,2,-70,1
03/09/2012 03:57:00,69,25,107,2,-70,1
03/09/2012 03:58:00,69,22,108,2,-70,1
03/09/2012 03:59:00,69,21,110,1,-71,1
03/09/2012 04:00:00,69,22,109,1,-72,1
03/09/2012 04:01:00,69,25,109,0,-73,1
03/09/2012 04:02:00,69,26,110,-1,-74,1
03/09/2012 04:03:00,69,27,108,-2,-76,1
03/09/2012 04:04:00,69,26,109,-3,-77,1
03/09/2012 04:05:00,69,24,108,-3,-78,1
03/09/2012 04:06:00,69,20,108,-3,-79,1
03/09/2012 04:07:00,69,17,106,-3,-79,1
03/09/2012 04:08:00,69,15,107,-2,-81,1
03/09/2012 04:09:00,69,17,110,-2,-81,1
03/09/2012 04:10:00,69,17,111,-1,-82,1
03/09/2012 04:11:00,69,17,109,-1,-82,1
03/09/2012 04:12:00,69,21,112,0,-81,1
03/09/2012 04:13:00,69,22,121,1,-82,1
03/09/2012 04:14:00,69,22,127,3,-86,1
03/09/2012 04:15:00,69,23,126,4,-85,1
03/09/2012 04:16:00,69,30,131,5,-85,1
03/09/2012 04:17:00,69,33,140,6,-84,1
03/09/2012 04:18:00,69,41,141,6,-83,1
03/09/2012 04:19:00,69,48,146,7,-83,1
03/09/2012 04:20:00,69,50,146,8,-82,1
03/09/2012 04:21:00,69,49,142,8,-83,1
03/09/2012 04:22:00,69,44,139,8,-83,1
03/09/2012 04:23:00,69,41,137,8,-85,1
03/09/2012 04:24:00,69,39,129,7,-85,1
03/09/2012 04:25:00,69,42,125,5,-86,1
03/09/2012 04:26:00,69,42,122,4,-87,1
03/09/2012 04:27:00,69,42,121,2,-88,1
03/09/2012 04:28:00,69,47,126,1,-90,1
03/09/2012 04:29:00,69,53,130,0,-91,1
03/09/2012 04:30:00,69,53,129,-2,-93,1
03/09/2012 04:31:00,69,55,128,-3,-93,1
03/09/2012 04:32:00,69,57,129,-4,-96,1
03/09/2012 04:33:00,69,59,129,-4,-99,1
03/09/2012 04:34:00,69,63,134,-4,-98,1
03/09/2012 04:35:00,69,63,137,-3,-100,1
03/09/2012 04:36:00,69,62,139,-3,-100,1
03/09/2012 04:37:00,69,59,136,-3,-101,1
03/09/2012 04:38:00,69,55,134,-2,-102,1
03/09/2012 04:39:00,69,51,134,-2,-104,1
03/09/2012 04:40:00,69,50,134,-3,-104,1
03/09/2012 04:41:00,69,49,131,-3,-102,1
03/09/2012 04:42:00,69,51,136,-2,-102,1
03/09/2012 04:43:00,69,50,133,-2,-101,1
03/09/2012 04:44:00,69,52,131,-1,-103,1
03/09/2012 04:45:00,69,55,132,-1,-102,1
03/09/2012 04:46:00,69,56,128,-1,-101,1
03/09/2012 04:47:00,69,57,125,-1,-102,1
03/09/2012 04:48:00,69,58,122,0,-102,1
03/09/2012 04:49:00,69,57,118,0,-102,1
03/09/2012 04:50:00,69,55,118,1,-101,1
03/09/2012 04:51:00,69,54,117,1,-101,1
03/09/2012 04:52:00,69,49,113,2,-100,1
03/09/2012 04:53:00,69,44,110,2,-100,1
03/09/2012 04:54:00,69,42,109,3,-100,1
03/09/2012 04:55:00,69,41,107,3,-99,1
03/09/2012 04:56:00,69,40,104,3,-98,1
03/09/2012 04:57:00,69,37,101,3,-98,1
03/09/2012 04:58:00,69,35,98,3,-97,1
03/09/2012 04:59:00,69,33,96,3,-96,1
03/09/2012 05:00:00,69,33,94,3,-95,1
03/09/2012 05:01:00,69,31,92,3,-95,1
03/09/2012 05:02:00,69,28,91,2,-94,1
03/09/2012 05:03:00,69,26,90,2,-92,1
03/09/2012 05:04:00,69,24,87,2,-90,1
03/09/2012 05:05:00,69,22,85,2,-89,1
03/09/2012 05:06:00,69,22,84,3,-88,1
03/09/2012 05:07:00,69,22,82,3,-86,1
03/09/2012 05:08:00,69,22,80,3,-85,1
03/09/2012 05:09:00,69,22,78,2,-83,1
03/09/2012 05:10:00,69,21,75,3,-82,1
03/09/2012 05:11:00,69,23,74,3,-81,1
03/09/2012 05:12:00,69,22,72,2,-79,1
03/09/2012 05:13:00,69,21,68,2,-77,1
03/09/2012 05:14:00,69,21,65,2,-76,1
03/09/2012 05:15:00,69,22,65,2,-75,1
03/09/2012 05:16:00,69,21,61,2,-73,1
03/09/2012 05:17:00,69,21,60,2,-73,1
03/09/2012 05:18:00,69,22,60,2,-73,1
03/09/2012 05:19:00,69,22,57,3,-71,1
03/09/2012 05:20:00,69,23,55,3,-69,1
03/09/2012 05:21:00,69,23,52,3,-67,1
03/09/2012 05:22:00,69,20,51,2,-66,1
03/09/2012 05:23:00,69,20,51,3,-66,1
03/09/2012 05:24:00,69,21,51,3,-66,1
03/09/2012 05:25:00,69,22,50,2,-64,1
03/09/2012 05:26:00,69,21,51,2,-63,1
03/09/2012 05:27:00,69,21,51,2,-63,1
03/09/2012 05:28:00,69,24,50,2,-63,1
03/09/2012 05:29:00,69,27,49,1,-62,1
03/09/2012 05:30:00,69,29,48,0,-60,1
03/09/2012 05:31:00,69,29,48,1,-59,1
03/09/2012 05:32:00,69,27,48,1,-59,1
03/09/2012 05:33:00,69,25,50,1,-60,1
03/09/2012 05:34:00,69,25,49,1,-60,1
03/09/2012 05:35:00,69,25,48,1,-59,1
03/09/2012 05:36:00,69,26,49,1,-60,1
03/09/2012 05:37:00,69,25,50,1,-60,1
03/09/2012 05:38:00,69,26,49,1,-60,1
03/09/2012 05:39:00,69,25,50,2,-60,1
03/09/2012 05:40:00,69,27,48,1,-60,1
03/09/2012 05:41:00,69,27,48,1,-59,1
03/09/2012 05:42:00,69,28,48,2,-59,1
03/09/2012 05:43:00,69,27,48,2,-62,1
03/09/2012 05:44:00,69,30,46,1,-66,1
03/09/2012 05:45:00,69,29,48,-1,-66,1
03/09/2012 05:46:00,69,31,56,-2,-66,1
03/09/2012 05:47:00,69,29,59,-3,-66,1
03/09/2012 05:48:00,69,28,50,-1,-68,1
03/09/2012 05:49:00,69,27,48,0,-70,1
03/09/2012 05:50:00,69,25,46,2,-71,1
03/09/2012 05:51:00,69,23,44,2,-69,1
03/09/2012 05:52:00,69,23,44,2,-67,1
03/09/2012 05:53:00,69,23,43,1,-64,1
03/09/2012 05:54:00,69,26,43,0,-63,1
03/09/2012 05:55:00,69,30,43,-1,-62,1
03/09/2012 05:56:00,69,31,44,-2,-60,1
03/09/2012 05:57:00,69,36,44,-3,-57,1
03/09/2012 05:58:00,69,38,44,-3,-57,1
03/09/2012 05:59:00,69,40,46,-4,-56,1
03/09/2012 06:00:00,69,42,47,-5,-57,1
03/09/2012 06:01:00,69,46,49,-5,-58,1
03/09/2012 06:02:00,69,48,49,-6,-58,1
03/09/2012 06:03:00,69,50,50,-6,-57,1
03/09/2012 06:04:00,69,52,51,-6,-58,1
03/09/2012 06:05:00,69,54,52,-7,-59,1
03/09/2012 06:06:00,69,59,51,-7,-59,1
03/09/2012 06:07:00,69,65,50,-7,-60,1
03/09/2012 06:08:00,69,68,51,-7,-61,1
03/09/2012 06:09:00,69,74,50,-7,-61,1
03/09/2012 06:10:00,69,79,50,-8,-62,1
03/09/2012 06:11:00,69,85,48,-8,-63,1
03/09/2012 06:12:00,69,93,50,-9,-64,1
03/09/2012 06:13:00,69,100,54,-10,-67,1
03/09/2012 06:14:00,69,108,58,-10,-68,1
03/09/2012 06:15:00,69,114,63,-11,-69,1
03/09/2012 06:16:00,69,122,67,-12,-70,1
03/09/2012 06:17:00,69,135,76,-12,-72,1
03/09/2012 06:18:00,69,146,82,-13,-72,1
03/09/2012 06:19:00,69,156,89,-14,-71,1
03/09/2012 06:20:00,69,166,95,-15,-72,1
03/09/2012 06:21:00,69,172,100,-16,-73,1
03/09/2012 06:22:00,69,180,106,-17,-74,1
03/09/2012 06:23:00,69,185,112,-17,-76,1
03/09/2012 06:24:00,69,189,115,-17,-78,1
03/09/2012 06:25:00,69,191,118,-17,-80,1
03/09/2012 06:26:00,69,192,117,-17,-82,1
03/09/2012 06:27:00,69,191,119,-17,-83,1
03/09/2012 06:28:00,69,188,117,-17,-85,1
03/09/2012 06:29:00,69,185,114,-17,-85,1
03/09/2012 06:30:00,69,181,111,-17,-87,1
03/09/2012 06:31:00,69,179,111,-17,-87,1
03/09/2012 06:32:00,69,176,112,-16,-88,1
03/09/2012 06:33:00,69,174,113,-16,-88,1
03/09/2012 06:34:00,69,170,118,-15,-89,1
03/09/2012 06:35:00,69,168,124,-14,-90,1
03/09/2012 06:36:00,69,166,129,-14,-91,1
03/09/2012 06:37:00,69,162,132,-14,-92,1
03/09/2012 06:38:00,69,161,135,-14,-93,1
03/09/2012 06:39:00,69,158,138,-13,-94,1
03/09/2012 06:40:00,69,162,141,-14,-94,1
03/09/2012 06:41:00,69,163,142,-15,-94,1
03/09/2012 06:42:00,69,158,141,-15,-93,1
03/09/2012 06:43:00,69,157,140,-15,-92,1
03/09/2012 06:44:00,69,155,141,-15,-91,1
03/09/2012 06:45:00,69,151,144,-15,-89,1
03/09/2012 06:46:00,69,149,151,-14,-90,1
03/09/2012 06:47:00,69,143,152,-12,-92,1
03/09/2012 06:48:00,69,140,156,-11,-93,1
03/09/2012 06:49:00,69,138,162,-10,-94,1
03/09/2012 06:50:00,69,138,167,-8,-95,1
03/09/2012 06:51:00,69,133,163,-8,-98,1
03/09/2012 06:52:00,69,126,152,-7,-101,1
03/09/2012 06:53:00,69,122,147,-7,-103,1
03/09/2012 06:54:00,69,119,148,-5,-106,1
03/09/2012 06:55:00,69,115,143,-4,-108,1
03/09/2012 06:56:00,69,115,135,-4,-110,1
03/09/2012 06:57:00,69,119,124,-4,-111,1
03/09/2012 06:58:00,69,123,117,-4,-112,1
03/09/2012 06:59:00,69,130,119,-2,-113,1
03/09/2012 07:00:00,69,134,128,-1,-114,1
03/09/2012 07:01:00,69,137,131,-1,-116,1
03/09/2012 07:02:00,69,138,128,-2,-119,1
03/09/2012 07:03:00,69,137,125,-1,-120,1
03/09/2012 07:04:00,69,140,125,-1,-122,1
03/09/2012 07:05:00,69,144,121,0,-125,1
03/09/2012 07:06:00,69,144,116,0,-126,1
03/09/2012 07:07:00,69,139,108,1,-128,1
03/09/2012 07:08:00,69,126,99,2,-128,1
03/09/2012 07:09:00,69,109,89,4,-129,1
03/09/2012 07:10:00,69,91,76,5,-129,1
03/09/2012 07:11:00,69,78,67,7,-129,1
03/09/2012 07:12:00,69,66,77,10,-130,1
03/09/2012 07:13:00,69,57,88,13,-131,1
03/09/2012 07:14:00,69,47,92,15,-131,1
03/09/2012 07:15:00,69,39,92,16,-130,1
03/09/2012 07:16:00,69,35,88,16,-131,1
03/09/2012 07:17:00,69,41,81,17,-130,1
03/09/2012 07:18:00,69,45,81,18,-131,1
03/09/2012 07:19:00,69,49,83,19,-132,1
03/09/2012 07:20:00,69,52,85,20,-133,1
03/09/2012 07:21:00,69,56,94,22,-133,1
03/09/2012 07:22:00,69,59,104,23,-133,1
03/09/2012 07:23:00,69,62,104,24,-135,1
03/09/2012 07:24:00,69,61,107,25,-135,1
03/09/2012 07:25:00,69,60,114,25,-136,1
03/09/2012 07:26:00,69,62,118,26,-137,1
03/09/2012 07:27:00,69,62,117,27,-137,1
03/09/2012 07:28:00,69,58,115,26,-137,1
03/09/2012 07:29:00,69,61,115,26,-138,1
03/09/2012 07:30:00,69,64,110,25,-139,1
03/09/2012 07:31:00,69,68,108,25,-141,1
03/09/2012 07:32:00,69,70,107,24,-142,1
03/09/2012 07:33:00,69,71,110,24,-143,1
03/09/2012 07:34:00,69,70,112,24,-143,1
03/09/2012 07:35:00,69,68,113,23,-144,1
03/09/2012 07:36:00,69,66,117,23,-144,1
03/09/2012 07:37:00,69,65,120,24,-145,1
03/09/2012 07:38:00,69,64,125,24,-144,1
03/09/2012 07:39:00,69,60,131,25,-144,1
03/09/2012 07:40:00,69,54,134,25,-145,1
03/09/2012 07:41:00,69,50,137,25,-146,1
03/09/2012 07:42:00,69,43,142,25,-146,1
03/09/2012 07:43:00,69,36,145,25,-147,1
03/09/2012 07:44:00,69,33,145,25,-148,1
03/09/2012 07:45:00,69,33,144,25,-148,1
03/09/2012 07:46:00,69,35,139,25,-148,1
03/09/2012 07:47:00,69,35,136,25,-147,1
03/09/2012 07:48:00,69,35,133,24,-147,1
03/09/2012 07:49:00,69,34,131,23,-147,1
03/09/2012 07:50:00,69,32,132,22,-147,1
03/09/2012 07:51:00,69,32,133,22,-148,1
03/09/2012 07:52:00,69,31,135,22,-148,1
03/09/2012 07:53:00,69,30,139,22,-148,1
03/09/2012 07:54:00,69,32,144,22,-149,1
03/09/2012 07:55:00,69,33,150,22,-149,1
03/09/2012 07:56:00,69,38,153,21,-149,1
03/09/2012 07:57:00,69,43,156,21,-149,1
03/09/2012 07:58:00,69,48,158,21,-148,1
03/09/2012 07:59:00,69,53,155,21,-148,1
03/09/2012 08:00:00,69,57,155,21,-147,1
03/09/2012 08:01:00,69,60,154,21,-148,1
03/09/2012 08:02:00,69,63,151,20,-147,1
03/09/2012 08:03:00,69,66,148,20,-148,1
03/09/2012 08:04:00,69,69,147,19,-148,1
03/09/2012 08:05:00,69,69,153,19,-147,1
03/09/2012 08:06:00,69,69,155,19,-146,1
03/09/2012 08:07:00,69,69,159,19,-146,1
03/09/2012 08:08:00,69,71,163,19,-145,1
03/09/2012 08:09:00,69,71,166,18,-146,1
03/09/2012 08:10:00,69,69,166,19,-148,1
03/09/2012 08:11:00,69,67,169,20,-148,1
03/09/2012 08:12:00,69,66,171,21,-149,1
03/09/2012 08:13:00,69,64,167,22,-150,1
03/09/2012 08:14:00,69,63,168,21,-150,1
03/09/2012 08:15:00,69,62,165,21,-150,1
03/09/2012 08:16:00,69,63,160,21,-147,1
03/09/2012 08:17:00,69,65,157,20,-145,1
03/09/2012 08:18:00,69,67,164,20,-143,1
03/09/2012 08:19:00,69,68,172,20,-141,1
03/09/2012 08:20:00,69,71,171,19,-138,1
03/09/2012 08:21:00,69,78,171,18,-135,1
03/09/2012 08:22:00,69,84,167,16,-133,1
03/09/2012 08:23:00,69,90,164,15,-130,1
03/09/2012 08:24:00,69,99,159,14,-129,1
03/09/2012 08:25:00,69,105,153,12,-128,1
03/09/2012 08:26:00,69,110,150,11,-128,1
03/09/2012 08:27:00,69,115,147,10,-127,1
03/09/2012 08:28:00,69,118,147,9,-128,1
03/09/2012 08:29:00,69,122,146,8,-129,1
03/09/2012 08:30:00,69,126,143,7,-129,1
03/09/2012 08:31:00,69,128,142,6,-129,1
03/09/2012 08:32:00,69,128,140,5,-130,1
03/09/2012 08:33:00,69,129,138,4,-130,1
03/09/2012 08:34:00,69,130,138,3,-131,1
03/09/2012 08:35:00,69,130,134,2,-134,1
03/09/2012 08:36:00,69,129,129,2,-137,1
03/09/2012 08:37:00,69,129,126,1,-140,1
03/09/2012 08:38:00,69,129,126,1,-142,1
03/09/2012 08:39:00,69,129,126,1,-144,1
03/09/2012 08:40:00,69,128,125,1,-146,1
03/09/2012 08:41:00,69,126,123,1,-147,1
03/09/2012 08:42:00,69,125,119,2,-148,1
03/09/2012 08:43:00,69,122,119,1,-148,1
03/09/2012 08:44:00,69,119,118,1,-148,1
03/09/2012 08:45:00,69,120,120,1,-147,1
03/09/2012 08:46:00,69,124,118,0,-146,1
03/09/2012 08:47:00,69,130,116,-1,-143,1
03/09/2012 08:48:00,69,146,108,-3,-139,1
03/09/2012 08:49:00,69,166,104,-6,-136,1
03/09/2012 08:50:00,69,187,97,-10,-133,1
03/09/2012 08:51:00,69,205,99,-14,-131,1
03/09/2012 08:52:00,69,215,106,-17,-129,1
03/09/2012 08:53:00,69,223,110,-18,-129,1
03/09/2012 08:54:00,69,235,114,-18,-130,1
03/09/2012 08:55:00,69,246,115,-19,-129,1
03/09/2012 08:56:00,69,259,118,-19,-130,1
03/09/2012 08:57:00,69,274,122,-17,-131,1
03/09/2012 08:58:00,69,278,119,-16,-131,1
03/09/2012 08:59:00,69,284,118,-15,-131,1
03/09/2012 09:00:00,69,283,121,-14,-129,1
03/09/2012 09:01:00,69,277,116,-13,-127,1
03/09/2012 09:02:00,69,279,118,-12,-123,1
03/09/2012 09:03:00,69,275,121,-12,-122,1
03/09/2012 09:04:00,69,264,122,-10,-124,1
03/09/2012 09:05:00,69,252,120,-8,-126,1
03/09/2012 09:06:00,69,237,113,-7,-125,1
03/09/2012 09:07:00,69,225,108,-6,-124,1
03/09/2012 09:08:00,69,215,106,-5,-124,1
03/09/2012 09:09:00,69,204,107,-3,-124,1
03/09/2012 09:10:00,69,195,107,-1,-125,1
03/09/2012 09:11:00,69,184,102,-1,-125,1
03/09/2012 09:12:00,69,175,97,0,-125,1
03/09/2012 09:13:00,69,168,93,0,-126,1
03/09/2012 09:14:00,69,169,94,1,-127,1
03/09/2012 09:15:00,69,171,102,2,-127,1
03/09/2012 09:16:00,69,172,108,3,-128,1
03/09/2012 09:17:00,69,171,114,4,-127,1
03/09/2012 09:18:00,69,169,122,5,-126,1
03/09/2012 09:19:00,69,167,126,6,-125,1
03/09/2012 09:20:00,69,164,132,7,-124,1
03/09/2012 09:21:00,69,160,138,8,-124,1
03/09/2012 09:22:00,69,156,138,8,-126,1
03/09/2012 09:23:00,69,151,139,9,-126,1
03/09/2012 09:24:00,69,147,140,9,-125,1
03/09/2012 09:25:00,69,142,138,9,-124,1
03/09/2012 09:26:00,69,138,143,9,-123,1
03/09/2012 09:27:00,69,135,146,9,-122,1
03/09/2012 09:28:00,69,133,147,10,-121,1
03/09/2012 09:29:00,69,128,151,11,-121,1
03/09/2012 09:30:00,69,121,154,12,-121,1
03/09/2012 09:31:00,69,118,159,13,-120,1
03/09/2012 09:32:00,69,114,163,14,-120,1
03/09/2012 09:33:00,69,112,167,15,-119,1
03/09/2012 09:34:00,69,107,172,16,-119,1
03/09/2012 09:35:00,69,104,177,16,-118,1
03/09/2012 09:36:00,69,99,181,17,-118,1
03/09/2012 09:37:00,69,98,188,17,-119,1
03/09/2012 09:38:00,69,95,196,17,-119,1
03/09/2012 09:39:00,69,90,200,18,-119,1
03/09/2012 09:40:00,69,86,205,18,-119,1
03/09/2012 09:41:00,69,81,208,18,-118,1
03/09/2012 09:42:00,69,76,213,18,-118,1
03/09/2012 09:43:00,69,72,214,18,-117,1
03/09/2012 09:44:00,69,69,220,19,-118,1
03/09/2012 09:45:00,69,66,225,19,-117,1
03/09/2012 09:46:00,69,65,227,19,-116,1
03/09/2012 09:47:00,69,67,227,20,-116,1
03/09/2012 09:48:00,69,66,222,19,-115,1
03/09/2012 09:49:00,69,66,218,19,-115,1
03/09/2012 09:50:00,69,66,216,19,-115,1
03/09/2012 09:51:00,69,70,213,19,-116,1
03/09/2012 09:52:00,69,75,220,20,-116,1
03/09/2012 09:53:00,69,80,231,20,-115,1
03/09/2012 09:54:00,69,86,236,20,-113,1
03/09/2012 09:55:00,69,92,236,20,-111,1
03/09/2012 09:56:00,69,99,234,19,-110,1
03/09/2012 09:57:00,69,105,228,18,-111,1
03/09/2012 09:58:00,69,109,225,17,-113,1
03/09/2012 09:59:00,69,113,222,16,-114,1
03/09/2012 10:00:00,69,117,221,16,-115,1
03/09/2012 10:01:00,69,121,219,16,-115,1
03/09/2012 10:02:00,69,126,216,15,-114,1
03/09/2012 10:03:00,69,130,213,15,-113,1
03/09/2012 10:04:00,69,133,211,14,-112,1
03/09/2012 10:05:00,69,135,206,13,-112,1
03/09/2012 10:06:00,69,135,205,12,-113,1
03/09/2012 10:07:00,69,133,204,11,-113,1
03/09/2012 10:08:00,69,132,205,11,-112,1
03/09/2012 10:09:00,69,132,204,10,-112,1
03/09/2012 10:10:00,69,130,198,10,-112,1
03/09/2012 10:11:00,69,127,193,9,-112,1
03/09/2012 10:12:00,69,125,186,8,-112,1
03/09/2012 10:13:00,69,121,179,7,-113,1
03/09/2012 10:14:00,69,116,172,6,-114,1
03/09/2012 10:15:00,69,109,168,5,-114,1
03/09/2012 10:16:00,69,103,163,4,-114,1
03/09/2012 10:17:00,69,102,158,4,-115,1
03/09/2012 10:18:00,69,98,152,4,-117,1
03/09/2012 10:19:00,69,94,152,3,-117,1
03/09/2012 10:20:00,69,89,151,3,-117,1
03/09/2012 10:21:00,69,85,152,3,-116,1
03/09/2012 10:22:00,69,81,155,3,-116,1
03/09/2012 10:23:00,69,79,155,3,-116,1
03/09/2012 10:24:00,69,79,152,2,-116,1
03/09/2012 10:25:00,69,78,150,2,-116,1
03/09/2012 10:26:00,69,77,148,1,-116,1
03/09/2012 10:27:00,69,74,145,2,-117,1
03/09/2012 10:28:00,69,71,143,2,-118,1
03/09/2012 10:29:00,69,68,143,2,-119,1
03/09/2012 10:30:00,69,67,141,2,-118,1
03/09/2012 10:31:00,69,66,139,2,-118,1
03/09/2012 10:32:00,69,65,134,2,-119,1
03/09/2012 10:33:00,69,62,129,2,-120,1
03/09/2012 10:34:00,69,60,126,3,-120,1
03/09/2012 10:35:00,69,61,123,3,-120,1
03/09/2012 10:36:00,69,63,122,4,-118,1
03/09/2012 10:37:00,69,65,120,3,-117,1
03/09/2012 10:38:00,69,65,115,3,-116,1
03/09/2012 10:39:00,69,65,109,2,-116,1
03/09/2012 10:40:00,69,62,104,2,-116,1
03/09/2012 10:41:00,69,58,101,2,-117,1
03/09/2012 10:42:00,69,54,100,3,-118,1
03/09/2012 10:43:00,69,51,99,2,-118,1
03/09/2012 10:44:00,69,48,100,3,-118,1
03/09/2012 10:45:00,69,49,97,2,-116,1
03/09/2012 10:46:00,69,49,102,2,-110,1
03/09/2012 10:47:00,69,52,106,2,-107,1
03/09/2012 10:48:00,69,53,102,2,-108,1
03/09/2012 10:49:00,69,55,95,1,-111,1
03/09/2012 10:50:00,69,53,93,1,-112,1
03/09/2012 10:51:00,69,51,100,2,-112,1
03/09/2012 10:52:00,69,51,106,2,-113,1
03/09/2012 10:53:00,69,53,105,1,-115,1
03/09/2012 10:54:00,69,56,101,1,-118,1
03/09/2012 10:55:00,69,56,105,1,-118,1
03/09/2012 10:56:00,69,56,109,1,-118,1
03/09/2012 10:57:00,69,58,110,1,-118,1
03/09/2012 10:58:00,69,61,107,0,-118,1
03/09/2012 10:59:00,69,61,107,0,-119,1
03/09/2012 11:00:00,69,60,107,0,-118,1
03/09/2012 11:01:00,69,62,109,0,-117,1
03/09/2012 11:02:00,69,63,109,-1,-116,1
03/09/2012 11:03:00,69,61,107,-1,-117,1
03/09/2012 11:04:00,69,60,105,-1,-118,1
03/09/2012 11:05:00,69,59,102,-1,-121,1
03/09/2012 11:06:00,69,57,100,0,-123,1
03/09/2012 11:07:00,69,55,101,0,-123,1
03/09/2012 11:08:00,69,55,104,0,-123,1
03/09/2012 11:09:00,69,58,102,0,-123,1
03/09/2012 11:10:00,69,61,103,0,-123,1
03/09/2012 11:11:00,69,62,105,0,-123,1
03/09/2012 11:12:00,69,67,100,-1,-122,1
03/09/2012 11:13:00,69,70,94,-3,-123,1
03/09/2012 11:14:00,69,69,91,-3,-125,1
03/09/2012 11:15:00,69,68,90,-4,-125,1
03/09/2012 11:16:00,69,68,91,-4,-125,1
03/09/2012 11:17:00,69,69,91,-4,-126,1
03/09/2012 11:18:00,69,69,89,-4,-126,1
03/09/2012 11:19:00,69,70,86,-5,-126,1
03/09/2012 11:20:00,69,74,82,-6,-124,1
03/09/2012 11:21:00,69,78,84,-7,-121,1
03/09/2012 11:22:00,69,78,82,-8,-119,1
03/09/2012 11:23:00,69,74,82,-9,-120,1
03/09/2012 11:24:00,69,70,82,-9,-122,1
03/09/2012 11:25:00,69,70,80,-10,-124,1
03/09/2012 11:26:00,69,65,78,-10,-124,1
03/09/2012 11:27:00,69,57,79,-10,-124,1
03/09/2012 11:28:00,69,54,81,-9,-124,1
03/09/2012 11:29:00,69,55,84,-10,-124,1
03/09/2012 11:30:00,69,61,87,-11,-123,1
03/09/2012 11:31:00,69,71,88,-13,-121,1
03/09/2012 11:32:00,69,83,93,-14,-119,1
03/09/2012 11:33:00,69,98,94,-15,-118,1
03/09/2012 11:34:00,69,112,97,-15,-116,1
03/09/2012 11:35:00,69,118,100,-16,-116,1
03/09/2012 11:36:00,69,121,100,-16,-114,1
03/09/2012 11:37:00,69,127,104,-15,-113,1
03/09/2012 11:38:00,69,129,101,-14,-112,1
03/09/2012 11:39:00,69,137,98,-13,-109,1
03/09/2012 11:40:00,69,144,95,-11,-108,1
03/09/2012 11:41:00,69,151,93,-11,-105,1
03/09/2012 11:42:00,69,156,93,-9,-103,1
03/09/2012 11:43:00,69,159,92,-9,-103,1
03/09/2012 11:44:00,69,154,91,-8,-103,1
03/09/2012 11:45:00,69,162,99,-8,-100,1
03/09/2012 11:46:00,69,172,108,-8,-96,1
03/09/2012 11:47:00,69,177,116,-8,-94,1
03/09/2012 11:48:00,69,181,123,-7,-94,1
03/09/2012 11:49:00,69,184,127,-8,-94,1
03/09/2012 11:50:00,69,177,128,-8,-95,1
03/09/2012 11:51:00,69,174,139,-7,-96,1
03/09/2012 11:52:00,69,172,143,-7,-99,1
03/09/2012 11:53:00,69,173,158,-7,-101,1
03/09/2012 11:54:00,69,172,166,-8,-103,1
03/09/2012 11:55:00,69,177,175,-7,-105,1
03/09/2012 11:56:00,69,184,180,-7,-107,1
03/09/2012 11:57:00,69,189,180,-8,-108,1
03/09/2012 11:58:00,69,192,178,-9,-107,1
03/09/2012 11:59:00,69,196,178,-9,-107,1
03/09/2012 12:00:00,69,199,180,-9,-106,1
03/09/2012 12:01:00,69,198,182,-9,-106,1
03/09/2012 12:02:00,69,201,186,-9,-105,1
03/09/2012 12:03:00,69,204,188,-9,-106,1
03/09/2012 12:04:00,69,207,191,-9,-107,1
03/09/2012 12:05:00,69,209,191,-10,-107,1
03/09/2012 12:06:00,69,210,189,-10,-107,1
03/09/2012 12:07:00,69,213,189,-10,-108,1
03/09/2012 12:08:00,69,213,192,-10,-109,1
03/09/2012 12:09:00,69,209,196,-10,-109,1
03/09/2012 12:10:00,69,210,200,-10,-109,1
03/09/2012 12:11:00,69,215,207,-10,-106,1
03/09/2012 12:12:00,69,219,204,-11,-105,1
03/09/2012 12:13:00,69,218,204,-10,-105,1
03/09/2012 12:14:00,69,226,209,-11,-104,1
03/09/2012 12:15:00,69,225,204,-10,-103,1
03/09/2012 12:16:00,69,226,201,-10,-103,1
03/09/2012 12:17:00,69,219,197,-9,-105,1
03/09/2012 12:18:00,69,216,196,-9,-107,1
03/09/2012 12:19:00,69,214,198,-9,-107,1
03/09/2012 12:20:00,69,214,193,-9,-107,1
03/09/2012 12:21:00,69,211,191,-9,-107,1
03/09/2012 12:22:00,69,208,186,-9,-109,1
03/09/2012 12:23:00,69,204,180,-9,-112,1
03/09/2012 12:24:00,69,202,173,-10,-113,1
03/09/2012 12:25:00,69,194,168,-10,-114,1
03/09/2012 12:26:00,69,186,165,-9,-115,1
03/09/2012 12:27:00,69,182,161,-10,-116,1
03/09/2012 12:28:00,69,175,159,-9,-117,1
03/09/2012 12:29:00,69,174,158,-10,-117,1
03/09/2012 12:30:00,69,170,156,-10,-117,1
03/09/2012 12:31:00,69,169,157,-10,-116,1
03/09/2012 12:32:00,69,169,155,-10,-114,1
03/09/2012 12:33:00,69,168,150,-9,-116,1
03/09/2012 12:34:00,69,163,150,-9,-116,1
03/09/2012 12:35:00,69,159,142,-9,-119,1
03/09/2012 12:36:00,69,153,137,-9,-121,1
03/09/2012 12:37:00,69,151,132,-10,-121,1
03/09/2012 12:38:00,69,149,128,-10,-121,1
03/09/2012 12:39:00,69,150,127,-10,-120,1
03/09/2012 12:40:00,69,151,127,-9,-119,1
03/09/2012 12:41:00,69,153,119,-9,-119,1
03/09/2012 12:42:00,69,154,115,-8,-119,1
03/09/2012 12:43:00,69,154,110,-7,-121,1
03/09/2012 12:44:00,69,150,111,-7,-122,1
03/09/2012 12:45:00,69,147,108,-7,-122,1
03/09/2012 12:46:00,69,142,109,-6,-123,1
03/09/2012 12:47:00,69,140,107,-7,-124,1
03/09/2012 12:48:00,69,138,104,-7,-125,1
03/09/2012 12:49:00,69,138,107,-8,-125,1
03/09/2012 12:50:00,69,138,108,-7,-126,1
03/09/2012 12:51:00,69,139,112,-7,-127,1
03/09/2012 12:52:00,69,142,110,-8,-127,1
03/09/2012 12:53:00,69,140,112,-8,-127,1
03/09/2012 12:54:00,69,142,114,-8,-127,1
03/09/2012 12:55:00,69,144,119,-8,-125,1
03/09/2012 12:56:00,69,149,118,-9,-124,1
03/09/2012 12:57:00,69,151,119,-9,-125,1
03/09/2012 12:58:00,69,155,118,-10,-125,1
03/09/2012 12:59:00,69,155,121,-9,-124,1
03/09/2012 13:00:00,69,151,119,-9,-124,1
03/09/2012 13:01:00,69,149,116,-9,-125,1
03/09/2012 13:02:00,69,150,112,-9,-126,1
03/09/2012 13:03:00,69,147,111,-9,-127,1
03/09/2012 13:04:00,69,146,115,-9,-127,1
03/09/2012 13:05:00,69,145,114,-9,-128,1
03/09/2012 13:06:00,69,145,112,-9,-127,1
03/09/2012 13:07:00,69,146,110,-9,-127,1
03/09/2012 13:08:00,69,149,108,-10,-126,1
03/09/2012 13:09:00,69,150,107,-10,-124,1
03/09/2012 13:10:00,69,153,102,-10,-124,1
03/09/2012 13:11:00,69,148,99,-10,-126,1
03/09/2012 13:12:00,69,144,103,-9,-127,1
03/09/2012 13:13:00,69,140,105,-9,-127,1
03/09/2012 13:14:00,69,140,107,-9,-126,1
03/09/2012 13:15:00,69,138,107,-9,-125,1
03/09/2012 13:16:00,69,139,110,-8,-125,1
03/09/2012 13:17:00,69,140,110,-8,-123,1
03/09/2012 13:18:00,69,140,109,-8,-122,1
03/09/2012 13:19:00,69,138,105,-7,-124,1
03/09/2012 13:20:00,69,134,102,-7,-125,1
03/09/2012 13:21:00,69,135,108,-8,-124,1
03/09/2012 13:22:00,69,140,118,-9,-121,1
03/09/2012 13:23:00,69,142,103,-9,-121,1
03/09/2012 13:24:00,69,135,93,-9,-121,1
03/09/2012 13:25:00,69,127,76,-9,-124,1
03/09/2012 13:26:00,69,119,72,-9,-125,1
03/09/2012 13:27:00,69,115,72,-8,-125,1
03/09/2012 13:28:00,69,113,69,-8,-126,1
03/09/2012 13:29:00,69,116,75,-9,-125,1
03/09/2012 13:30:00,69,120,73,-9,-124,1
03/09/2012 13:31:00,69,119,63,-10,-125,1
03/09/2012 13:32:00,69,116,62,-9,-126,1
03/09/2012 13:33:00,69,118,62,-9,-127,1
03/09/2012 13:34:00,69,116,60,-9,-127,1
03/09/2012 13:35:00,69,114,60,-9,-128,1
03/09/2012 13:36:00,69,107,57,-8,-129,1
03/09/2012 13:37:00,69,103,55,-8,-129,1
03/09/2012 13:38:00,69,104,61,-8,-129,1
03/09/2012 13:39:00,69,105,65,-8,-129,1
03/09/2012 13:40:00,69,108,67,-8,-129,1
03/09/2012 13:41:00,69,108,69,-7,-129,1
03/09/2012 13:42:00,69,106,69,-7,-129,1
03/09/2012 13:43:00,69,101,67,-6,-129,1
03/09/2012 13:44:00,69,99,67,-6,-129,1
03/09/2012 13:45:00,69,97,62,-5,-128,1
03/09/2012 13:46:00,69,102,56,-5,-127,1
03/09/2012 13:47:00,69,105,50,-4,-126,1
03/09/2012 13:48:00,69,105,39,-4,-124,1
03/09/2012 13:49:00,69,103,32,-3,-123,1
03/09/2012 13:50:00,69,109,31,-3,-121,1
03/09/2012 13:51:00,69,118,26,-3,-120,1
03/09/2012 13:52:00,69,120,26,-3,-119,1
03/09/2012 13:53:00,69,115,24,-4,-117,1
03/09/2012 13:54:00,69,108,24,-3,-116,1
03/09/2012 13:55:00,69,102,27,-4,-115,1
03/09/2012 13:56:00,69,96,34,-4,-115,1
03/09/2012 13:57:00,69,90,37,-4,-116,1
03/09/2012 13:58:00,69,81,42,-4,-116,1
03/09/2012 13:59:00,69,73,44,-3,-116,1
03/09/2012 14:00:00,69,68,47,-3,-116,1
03/09/2012 14:01:00,69,68,53,-4,-115,1
03/09/2012 14:02:00,69,66,58,-6,-114,1
03/09/2012 14:03:00,69,66,57,-6,-113,1
03/09/2012 14:04:00,69,67,47,-5,-113,1
03/09/2012 14:05:00,69,72,37,-4,-112,1
03/09/2012 14:06:00,69,76,31,-4,-112,1
03/09/2012 14:07:00,69,80,18,-4,-111,1
03/09/2012 14:08:00,69,79,14,-4,-112,1
03/09/2012 14:09:00,69,78,15,-3,-112,1
03/09/2012 14:10:00,69,82,17,-2,-112,1
03/09/2012 14:11:00,69,84,19,-2,-113,1
03/09/2012 14:12:00,69,84,20,-2,-114,1
03/09/2012 14:13:00,69,86,27,-2,-114,1
03/09/2012 14:14:00,69,88,30,-3,-114,1
03/09/2012 14:15:00,69,86,26,-3,-115,1
03/09/2012 14:16:00,69,88,27,-4,-116,1
03/09/2012 14:17:00,69,93,30,-4,-116,1
03/09/2012 14:18:00,69,92,31,-4,-117,1
03/09/2012 14:19:00,69,88,30,-3,-118,1
03/09/2012 14:20:00,69,86,30,-2,-119,1
03/09/2012 14:21:00,69,92,29,-2,-118,1
03/09/2012 14:22:00,69,98,30,-2,-117,1
03/09/2012 14:23:00,69,98,31,-2,-117,1
03/09/2012 14:24:00,69,100,30,-2,-117,1
03/09/2012 14:25:00,69,101,30,-2,-117,1
03/09/2012 14:26:00,69,93,31,-1,-119,1
03/09/2012 14:27:00,69,91,31,1,-120,1
03/09/2012 14:28:00,69,98,33,0,-120,1
03/09/2012 14:29:00,69,96,36,1,-122,1
03/09/2012 14:30:00,69,99,39,1,-121,1
03/09/2012 14:31:00,69,105,40,0,-121,1
03/09/2012 14:32:00,69,105,41,1,-122,1
03/09/2012 14:33:00,69,104,43,1,-122,1
03/09/2012 14:34:00,69,108,45,2,-122,1
03/09/2012 14:35:00,69,116,50,1,-120,1
03/09/2012 14:36:00,69,118,53,-1,-118,1
03/09/2012 14:37:00,69,116,52,0,-118,1
03/09/2012 14:38:00,69,115,53,0,-119,1
03/09/2012 14:39:00,69,113,51,0,-119,1
03/09/2012 14:40:00,69,113,51,0,-119,1
03/09/2012 14:41:00,69,115,51,-1,-119,1
03/09/2012 14:42:00,69,117,51,-2,-119,1
03/09/2012 14:43:00,69,114,50,-3,-120,1
03/09/2012 14:44:00,69,117,52,-3,-120,1
03/09/2012 14:45:00,69,118,54,-3,-121,1
03/09/2012 14:46:00,69,121,58,-4,-122,1
03/09/2012 14:47:00,69,124,60,-4,-121,1
03/09/2012 14:48:00,69,129,63,-4,-121,1
03/09/2012 14:49:00,69,133,65,-4,-122,1
03/09/2012 14:50:00,69,135,69,-3,-122,1
03/09/2012 14:51:00,69,138,72,-3,-122,1
03/09/2012 14:52:00,69,140,73,-3,-122,1
03/09/2012 14:53:00,69,143,75,-3,-121,1
03/09/2012 14:54:00,69,145,79,-4,-120,1
03/09/2012 14:55:00,69,148,80,-4,-120,1
03/09/2012 14:56:00,69,146,76,-4,-121,1
03/09/2012 14:57:00,69,145,73,-4,-121,1
03/09/2012 14:58:00,69,148,73,-4,-121,1
03/09/2012 14:59:00,69,149,74,-4,-122,1
03/09/2012 15:00:00,69,144,68,-5,-123,1
03/09/2012 15:01:00,69,137,66,-4,-125,1
03/09/2012 15:02:00,69,133,65,-2,-125,1
03/09/2012 15:03:00,69,131,66,-2,-127,1
03/09/2012 15:04:00,69,127,62,-3,-127,1
03/09/2012 15:05:00,69,126,61,-3,-126,1
03/09/2012 15:06:00,69,124,58,-3,-126,1
03/09/2012 15:07:00,69,122,56,-2,-125,1
03/09/2012 15:08:00,69,119,58,-1,-125,1
03/09/2012 15:09:00,69,120,59,-1,-124,1
03/09/2012 15:10:00,69,119,60,-1,-124,1
03/09/2012 15:11:00,69,118,61,-1,-124,1
03/09/2012 15:12:00,69,119,63,0,-124,1
03/09/2012 15:13:00,69,123,69,-1,-123,1
03/09/2012 15:14:00,69,126,73,-2,-121,1
03/09/2012 15:15:00,69,129,72,-3,-121,1
03/09/2012 15:16:00,69,130,71,-3,-120,1
03/09/2012 15:17:00,69,131,71,-4,-121,1
03/09/2012 15:18:00,69,132,72,-4,-120,1
03/09/2012 15:19:00,69,135,76,-5,-120,1
03/09/2012 15:20:00,69,134,75,-7,-119,1
03/09/2012 15:21:00,69,130,73,-8,-119,1
03/09/2012 15:22:00,69,126,72,-8,-119,1
03/09/2012 15:23:00,69,120,69,-7,-119,1
03/09/2012 15:24:00,69,116,69,-6,-119,1
03/09/2012 15:25:00,69,115,65,-4,-119,1
03/09/2012 15:26:00,69,121,62,-3,-117,1
03/09/2012 15:27:00,69,121,57,-3,-116,1
03/09/2012 15:28:00,69,118,52,-3,-114,1
03/09/2012 15:29:00,69,110,49,-4,-113,1
03/09/2012 15:30:00,69,104,49,-4,-111,1
03/09/2012 15:31:00,69,104,50,-5,-111,1
03/09/2012 15:32:00,69,102,49,-5,-111,1
03/09/2012 15:33:00,69,100,48,-6,-111,1
03/09/2012 15:34:00,69,96,45,-7,-111,1
03/09/2012 15:35:00,69,90,43,-7,-110,1
03/09/2012 15:36:00,69,85,42,-7,-109,1
03/09/2012 15:37:00,69,81,43,-8,-109,1
03/09/2012 15:38:00,69,77,40,-7,-109,1
03/09/2012 15:39:00,69,74,38,-6,-109,1
03/09/2012 15:40:00,69,71,39,-6,-109,1
03/09/2012 15:41:00,69,70,37,-5,-109,1
03/09/2012 15:42:00,69,70,34,-4,-109,1
03/09/2012 15:43:00,69,69,34,-4,-108,1
03/09/2012 15:44:00,69,66,33,-5,-108,1
03/09/2012 15:45:00,69,66,30,-6,-107,1
03/09/2012 15:46:00,69,63,32,-6,-106,1
03/09/2012 15:47:00,69,60,28,-6,-106,1
03/09/2012 15:48:00,69,58,27,-5,-106,1
03/09/2012 15:49:00,69,55,28,-5,-105,1
03/09/2012 15:50:00,69,53,29,-4,-105,1
03/09/2012 15:51:00,69,52,29,-4,-104,1
03/09/2012 15:52:00,69,52,28,-5,-104,1
03/09/2012 15:53:00,69,53,26,-4,-103,1
03/09/2012 15:54:00,69,53,25,-4,-102,1
03/09/2012 15:55:00,69,52,24,-4,-102,1
03/09/2012 15:56:00,69,49,24,-3,-101,1
03/09/2012 15:57:00,69,48,25,-4,-100,1
03/09/2012 15:58:00,69,49,27,-4,-100,1
03/09/2012 15:59:00,69,50,29,-4,-98,1
03/09/2012 16:00:00,69,52,31,-5,-97,1
03/09/2012 16:01:00,69,54,28,-5,-97,1
03/09/2012 16:02:00,69,57,29,-5,-97,1
03/09/2012 16:03:00,69,60,32,-5,-96,1
03/09/2012 16:04:00,69,62,34,-6,-97,1
03/09/2012 16:05:00,69,62,34,-6,-97,1
03/09/2012 16:06:00,69,63,39,-5,-97,1
03/09/2012 16:07:00,69,67,45,-5,-96,1
03/09/2012 16:08:00,69,70,49,-5,-96,1
03/09/2012 16:09:00,69,68,50,-5,-97,1
03/09/2012 16:10:00,69,68,53,-5,-97,1
03/09/2012 16:11:00,69,68,53,-5,-97,1
03/09/2012 16:12:00,69,71,54,-4,-97,1
03/09/2012 16:13:00,69,73,52,-4,-97,1
03/09/2012 16:14:00,69,76,54,-4,-96,1
03/09/2012 16:15:00,69,79,52,-3,-96,1
03/09/2012 16:16:00,69,80,52,-3,-95,1
03/09/2012 16:17:00,69,80,49,-3,-94,1
03/09/2012 16:18:00,69,82,47,-3,-94,1
03/09/2012 16:19:00,69,82,50,-3,-94,1
03/09/2012 16:20:00,69,81,50,-3,-93,1
03/09/2012 16:21:00,69,81,51,-3,-93,1
03/09/2012 16:22:00,69,79,51,-4,-92,1
03/09/2012 16:23:00,69,78,50,-4,-93,1
03/09/2012 16:24:00,69,76,51,-4,-93,1
03/09/2012 16:25:00,69,74,51,-4,-93,1
03/09/2012 16:26:00,69,74,51,-4,-93,1
03/09/2012 16:27:00,69,74,52,-4,-93,1
03/09/2012 16:28:00,69,73,52,-4,-93,1
03/09/2012 16:29:00,69,73,52,-4,-94,1
03/09/2012 16:30:00,69,71,53,-4,-94,1
03/09/2012 16:31:00,69,70,52,-4,-93,1
03/09/2012 16:32:00,69,70,52,-4,-93,1
03/09/2012 16:33:00,69,68,51,-4,-93,1
03/09/2012 16:34:00,69,66,49,-4,-93,1
03/09/2012 16:35:00,69,65,49,-4,-94,1
03/09/2012 16:36:00,69,63,48,-4,-93,1
03/09/2012 16:37:00,69,61,47,-4,-93,1
03/09/2012 16:38:00,69,62,45,-4,-93,1
03/09/2012 16:39:00,69,63,43,-4,-92,1
03/09/2012 16:40:00,69,64,43,-4,-92,1
03/09/2012 16:41:00,69,64,42,-4,-92,1
03/09/2012 16:42:00,69,64,41,-4,-92,1
03/09/2012 16:43:00,69,65,41,-4,-92,1
03/09/2012 16:44:00,69,65,41,-4,-92,1
03/09/2012 16:45:00,69,64,40,-4,-92,1
03/09/2012 16:46:00,69,63,41,-4,-91,1
03/09/2012 16:47:00,69,62,40,-4,-91,1
03/09/2012 16:48:00,69,62,40,-4,-91,1
03/09/2012 16:49:00,69,62,39,-4,-90,1
03/09/2012 16:50:00,69,62,38,-4,-90,1
03/09/2012 16:51:00,69,62,38,-4,-91,1
03/09/2012 16:52:00,69,62,37,-4,-90,1
03/09/2012 16:53:00,69,62,39,-4,-90,1
03/09/2012 16:54:00,69,62,37,-4,-90,1
03/09/2012 16:55:00,69,60,35,-4,-90,1
03/09/2012 16:56:00,69,60,35,-4,-90,1
03/09/2012 16:57:00,69,59,34,-4,-90,1
03/09/2012 16:58:00,69,57,35,-4,-90,1
03/09/2012 16:59:00,69,56,34,-4,-90,1
03/09/2012 17:00:00,69,55,34,-4,-90,1
03/09/2012 17:01:00,69,55,35,-5,-90,1
03/09/2012 17:02:00,69,54,34,-5,-89,1
03/09/2012 17:03:00,69,54,33,-4,-90,1
03/09/2012 17:04:00,69,54,34,-5,-90,1
03/09/2012 17:05:00,69,54,34,-5,-89,1
03/09/2012 17:06:00,69,52,34,-5,-89,1
03/09/2012 17:07:00,69,53,33,-5,-89,1
03/09/2012 17:08:00,69,52,30,-5,-90,1
03/09/2012 17:09:00,69,51,29,-5,-89,1
03/09/2012 17:10:00,69,49,30,-5,-89,1
03/09/2012 17:11:00,69,48,30,-5,-89,1
03/09/2012 17:12:00,69,47,30,-5,-89,1
03/09/2012 17:13:00,69,45,31,-5,-89,1
03/09/2012 17:14:00,69,45,30,-5,-89,1
03/09/2012 17:15:00,69,44,32,-5,-89,1
03/09/2012 17:16:00,69,44,32,-5,-88,1
03/09/2012 17:17:00,69,44,29,-5,-88,1
03/09/2012 17:18:00,69,44,29,-5,-88,1
03/09/2012 17:19:00,69,43,28,-5,-88,1
03/09/2012 17:20:00,69,43,28,-5,-88,1
03/09/2012 17:21:00,69,43,29,-5,-88,1
03/09/2012 17:22:00,69,43,29,-5,-88,1
03/09/2012 17:23:00,69,42,28,-5,-88,1
03/09/2012 17:24:00,69,42,28,-5,-88,1
03/09/2012 17:25:00,69,42,27,-5,-88,1
03/09/2012 17:26:00,69,42,27,-5,-88,1
03/09/2012 17:27:00,69,42,26,-5,-88,1
03/09/2012 17:28:00,69,42,25,-5,-88,1
03/09/2012 17:29:00,69,42,26,-5,-88,1
03/09/2012 17:30:00,69,42,27,-5,-88,1
03/09/2012 17:31:00,69,43,27,-5,-88,1
03/09/2012 17:32:00,69,43,25,-5,-88,1
03/09/2012 17:33:00,69,43,24,-5,-88,1
03/09/2012 17:34:00,69,44,23,-4,-88,1
03/09/2012 17:35:00,69,45,22,-4,-87,1
03/09/2012 17:36:00,69,45,21,-4,-87,1
03/09/2012 17:37:00,69,46,21,-4,-87,1
03/09/2012 17:38:00,69,46,20,-4,-86,1
03/09/2012 17:39:00,69,46,19,-4,-86,1
03/09/2012 17:40:00,69,46,19,-5,-87,1
03/09/2012 17:41:00,69,47,18,-4,-87,1
03/09/2012 17:42:00,69,46,18,-4,-87,1
03/09/2012 17:43:00,69,46,18,-4,-86,1
03/09/2012 17:44:00,69,47,17,-4,-87,1
03/09/2012 17:45:00,69,47,17,-4,-87,1
03/09/2012 17:46:00,69,47,17,-5,-87,1
03/09/2012 17:47:00,69,48,15,-5,-87,1
03/09/2012 17:48:00,69,48,15,-4,-87,1
03/09/2012 17:49:00,69,48,15,-5,-86,1
03/09/2012 17:50:00,69,48,15,-4,-86,1
03/09/2012 17:51:00,69,47,15,-4,-87,1
03/09/2012 17:52:00,69,47,15,-5,-86,1
03/09/2012 17:53:00,69,47,15,-5,-87,1
03/09/2012 17:54:00,69,47,16,-5,-87,1
03/09/2012 17:55:00,69,47,16,-4,-87,1
03/09/2012 17:56:00,69,48,16,-5,-87,1
03/09/2012 17:57:00,69,48,15,-4,-86,1
03/09/2012 17:58:00,69,49,15,-4,-86,1
03/09/2012 17:59:00,69,48,15,-4,-86,1
03/09/2012 18:00:00,69,49,15,-4,-87,1
03/09/2012 18:01:00,69,49,15,-5,-87,1
03/09/2012 18:02:00,69,50,15,-5,-87,1
03/09/2012 18:03:00,69,50,15,-5,-87,1
03/09/2012 18:04:00,69,51,15,-5,-86,1
03/09/2012 18:05:00,69,50,16,-5,-87,1
03/09/2012 18:06:00,69,49,16,-5,-87,1
03/09/2012 18:07:00,69,50,16,-5,-87,1
03/09/2012 18:08:00,69,50,16,-5,-87,1
03/09/2012 18:09:00,69,49,15,-4,-87,1
03/09/2012 18:10:00,69,49,15,-4,-87,1
03/09/2012 18:11:00,69,49,15,-4,-86,1
03/09/2012 18:12:00,69,50,15,-4,-86,1
03/09/2012 18:13:00,69,49,15,-5,-87,1
03/09/2012 18:14:00,69,48,16,-5,-86,1
03/09/2012 18:15:00,69,49,15,-5,-86,1
03/09/2012 18:16:00,69,49,15,-4,-86,1
03/09/2012 18:17:00,69,49,15,-4,-86,1
03/09/2012 18:18:00,69,49,14,-4,-86,1
03/09/2012 18:19:00,69,49,14,-4,-86,1
03/09/2012 18:20:00,69,49,14,-4,-86,1
03/09/2012 18:21:00,69,49,14,-4,-86,1
03/09/2012 18:22:00,69,50,12,-4,-86,1
03/09/2012 18:23:00,69,49,12,-4,-86,1
03/09/2012 18:24:00,69,49,14,-4,-86,1
03/09/2012 18:25:00,69,48,14,-4,-86,1
03/09/2012 18:26:00,69,49,13,-4,-86,1
03/09/2012 18:27:00,69,48,13,-4,-86,1
03/09/2012 18:28:00,69,47,14,-4,-86,1
03/09/2012 18:29:00,69,48,14,-4,-87,1
03/09/2012 18:30:00,69,48,13,-4,-87,1
03/09/2012 18:31:00,69,48,14,-4,-86,1
03/09/2012 18:32:00,69,49,14,-4,-86,1
03/09/2012 18:33:00,69,49,14,-4,-86,1
03/09/2012 18:34:00,69,50,14,-4,-85,1
03/09/2012 18:35:00,69,49,14,-4,-86,1
03/09/2012 18:36:00,69,49,14,-5,-86,1
03/09/2012 18:37:00,69,49,15,-4,-86,1
03/09/2012 18:38:00,69,48,16,-4,-86,1
03/09/2012 18:39:00,69,49,16,-4,-86,1
03/09/2012 18:40:00,69,49,16,-4,-85,1
03/09/2012 18:41:00,69,49,15,-4,-85,1
03/09/2012 18:42:00,69,49,14,-5,-85,1
03/09/2012 18:43:00,69,48,15,-4,-86,1
03/09/2012 18:44:00,69,47,15,-5,-86,1
03/09/2012 18:45:00,69,47,15,-5,-86,1
03/09/2012 18:46:00,69,47,14,-5,-86,1
03/09/2012 18:47:00,69,47,14,-5,-86,1
03/09/2012 18:48:00,69,48,14,-5,-86,1
03/09/2012 18:49:00,69,48,15,-5,-86,1
03/09/2012 18:50:00,69,47,14,-5,-85,1
03/09/2012 18:51:00,69,47,15,-5,-84,1
03/09/2012 18:52:00,69,48,16,-5,-84,1
03/09/2012 18:53:00,69,48,16,-4,-85,1
03/09/2012 18:54:00,69,48,16,-4,-84,1
03/09/2012 18:55:00,69,48,15,-4,-84,1
03/09/2012 18:56:00,69,48,14,-4,-84,1
03/09/2012 18:57:00,69,47,14,-5,-83,1
03/09/2012 18:58:00,69,47,15,-5,-84,1
03/09/2012 18:59:00,69,46,14,-5,-85,1
03/09/2012 19:00:00,69,46,14,-5,-85,1
03/09/2012 19:01:00,69,46,14,-5,-85,1
03/09/2012 19:02:00,69,45,15,-5,-85,1
03/09/2012 19:03:00,69,45,14,-5,-84,1
03/09/2012 19:04:00,69,45,15,-5,-84,1
03/09/2012 19:05:00,69,46,14,-5,-84,1
03/09/2012 19:06:00,69,45,14,-5,-84,1
03/09/2012 19:07:00,69,45,15,-5,-84,1
03/09/2012 19:08:00,69,45,16,-5,-85,1
03/09/2012 19:09:00,69,45,15,-5,-85,1
03/09/2012 19:10:00,69,45,15,-5,-85,1
03/09/2012 19:11:00,69,45,14,-5,-84,1
03/09/2012 19:12:00,69,45,14,-5,-85,1
03/09/2012 19:13:00,69,45,15,-5,-86,1
03/09/2012 19:14:00,69,45,15,-5,-86,1
03/09/2012 19:15:00,69,45,15,-5,-85,1
03/09/2012 19:16:00,69,44,15,-5,-85,1
03/09/2012 19:17:00,69,45,14,-5,-85,1
03/09/2012 19:18:00,69,44,14,-5,-85,1
03/09/2012 19:19:00,69,44,14,-6,-85,1
03/09/2012 19:20:00,69,44,15,-5,-85,1
03/09/2012 19:21:00,69,44,16,-5,-85,1
03/09/2012 19:22:00,69,44,16,-5,-85,1
03/09/2012 19:23:00,69,44,15,-5,-85,1
03/09/2012 19:24:00,69,43,15,-5,-85,1
03/09/2012 19:25:00,69,43,14,-5,-84,1
03/09/2012 19:26:00,69,42,14,-5,-84,1
03/09/2012 19:27:00,69,42,14,-5,-84,1
03/09/2012 19:28:00,69,41,14,-5,-85,1
03/09/2012 19:29:00,69,41,15,-5,-85,1
03/09/2012 19:30:00,69,41,15,-5,-85,1
03/09/2012 19:31:00,69,40,14,-5,-85,1
03/09/2012 19:32:00,69,40,15,-5,-85,1
03/09/2012 19:33:00,69,39,15,-5,-85,1
03/09/2012 19:34:00,69,39,15,-5,-86,1
03/09/2012 19:35:00,69,39,15,-5,-86,1
03/09/2012 19:36:00,69,38,14,-5,-87,1
03/09/2012 19:37:00,69,37,15,-5,-87,1
03/09/2012 19:38:00,69,37,16,-5,-88,1
03/09/2012 19:39:00,69,37,17,-5,-88,1
03/09/2012 19:40:00,69,38,17,-5,-87,1
03/09/2012 19:41:00,69,37,17,-5,-87,1
03/09/2012 19:42:00,69,37,16,-5,-87,1
03/09/2012 19:43:00,69,37,17,-5,-86,1
03/09/2012 19:44:00,69,36,17,-5,-87,1
03/09/2012 19:45:00,69,35,17,-5,-88,1
03/09/2012 19:46:00,69,36,16,-5,-88,1
03/09/2012 19:47:00,69,35,17,-5,-89,1
03/09/2012 19:48:00,69,35,17,-4,-89,1
03/09/2012 19:49:00,69,35,18,-5,-89,1
03/09/2012 19:50:00,69,35,18,-5,-90,1
03/09/2012 19:51:00,69,34,18,-5,-90,1
03/09/2012 19:52:00,69,34,19,-5,-90,1
03/09/2012 19:53:00,69,35,20,-4,-91,1
03/09/2012 19:54:00,69,34,21,-4,-91,1
03/09/2012 19:55:00,69,34,22,-4,-91,1
03/09/2012 19:56:00,69,34,23,-4,-91,1
03/09/2012 19:57:00,69,34,23,-4,-90,1
03/09/2012 19:58:00,69,33,23,-4,-90,1
03/09/2012 19:59:00,69,33,24,-4,-90,1
03/09/2012 20:00:00,69,33,23,-4,-89,1
03/09/2012 20:01:00,69,32,23,-5,-90,1
03/09/2012 20:02:00,69,32,24,-5,-90,1
03/09/2012 20:03:00,69,32,26,-5,-90,1
03/09/2012 20:04:00,69,32,26,-5,-90,1
03/09/2012 20:05:00,69,33,29,-5,-90,1
03/09/2012 20:06:00,69,33,31,-5,-90,1
03/09/2012 20:07:00,69,33,32,-6,-90,1
03/09/2012 20:08:00,69,33,35,-6,-90,1
03/09/2012 20:09:00,69,34,35,-6,-90,1
03/09/2012 20:10:00,69,33,35,-6,-90,1
03/09/2012 20:11:00,69,33,37,-6,-90,1
03/09/2012 20:12:00,69,34,37,-6,-91,1
03/09/2012 20:13:00,69,34,38,-6,-91,1
03/09/2012 20:14:00,69,33,38,-6,-91,1
03/09/2012 20:15:00,69,33,39,-6,-90,1
03/09/2012 20:16:00,69,33,39,-6,-91,1
03/09/2012 20:17:00,69,33,39,-6,-91,1
03/09/2012 20:18:00,69,32,40,-6,-91,1
03/09/2012 20:19:00,69,32,40,-6,-91,1
03/09/2012 20:20:00,69,32,39,-6,-91,1
03/09/2012 20:21:00,69,32,39,-5,-91,1
03/09/2012 20:22:00,69,32,39,-5,-91,1
03/09/2012 20:23:00,69,31,40,-5,-90,1
03/09/2012 20:24:00,69,30,39,-5,-90,1
03/09/2012 20:25:00,69,30,42,-4,-90,1
03/09/2012 20:26:00,69,30,42,-4,-89,1
03/09/2012 20:27:00,69,30,43,-4,-88,1
03/09/2012 20:28:00,69,28,42,-4,-87,1
03/09/2012 20:29:00,69,29,39,-5,-86,1
03/09/2012 20:30:00,69,28,39,-4,-85,1
03/09/2012 20:31:00,69,28,40,-4,-85,1
03/09/2012 20:32:00,69,27,41,-4,-86,1
03/09/2012 20:33:00,69,27,39,-4,-88,1
03/09/2012 20:34:00,69,26,36,-3,-89,1
03/09/2012 20:35:00,69,25,36,-3,-90,1
03/09/2012 20:36:00,69,24,37,-2,-90,1
03/09/2012 20:37:00,69,25,38,-2,-89,1
03/09/2012 20:38:00,69,26,38,-2,-88,1
03/09/2012 20:39:00,69,28,38,-2,-88,1
03/09/2012 20:40:00,69,28,37,-2,-88,1
03/09/2012 20:41:00,69,28,36,-1,-88,1
03/09/2012 20:42:00,69,28,38,-1,-89,1
03/09/2012 20:43:00,69,28,40,-1,-89,1
03/09/2012 20:44:00,69,29,39,-1,-89,1
03/09/2012 20:45:00,69,29,40,-1,-89,1
03/09/2012 20:46:00,69,30,38,-1,-88,1
03/09/2012 20:47:00,69,29,39,-1,-87,1
03/09/2012 20:48:00,69,31,39,-1,-86,1
03/09/2012 20:49:00,69,32,39,-1,-86,1
03/09/2012 20:50:00,69,31,37,-1,-86,1
03/09/2012 20:51:00,69,32,36,0,-86,1
03/09/2012 20:52:00,69,32,35,0,-86,1
03/09/2012 20:53:00,69,32,34,0,-86,1
03/09/2012 20:54:00,69,31,33,0,-86,1
03/09/2012 20:55:00,69,31,33,0,-87,1
03/09/2012 20:56:00,69,32,32,0,-86,1
03/09/2012 20:57:00,69,32,33,0,-86,1
03/09/2012 20:58:00,69,32,33,0,-86,1
03/09/2012 20:59:00,69,31,34,0,-86,1
03/09/2012 21:00:00,69,31,34,1,-86,1
03/09/2012 21:01:00,69,32,33,1,-86,1
03/09/2012 21:02:00,69,32,31,1,-86,1
03/09/2012 21:03:00,69,31,31,1,-87,1
03/09/2012 21:04:00,69,31,30,1,-87,1
03/09/2012 21:05:00,69,31,31,1,-88,1
03/09/2012 21:06:00,69,32,32,1,-88,1
03/09/2012 21:07:00,69,31,30,2,-88,1
03/09/2012 21:08:00,69,33,30,1,-88,1
03/09/2012 21:09:00,69,33,29,2,-87,1
03/09/2012 21:10:00,69,34,29,1,-88,1
03/09/2012 21:11:00,69,34,29,2,-88,1
03/09/2012 21:12:00,69,33,29,2,-88,1
03/09/2012 21:13:00,69,34,29,2,-88,1
03/09/2012 21:14:00,69,33,29,2,-88,1
03/09/2012 21:15:00,69,34,30,2,-88,1
03/09/2012 21:16:00,69,34,30,2,-88,1
03/09/2012 21:17:00,69,34,31,2,-88,1
03/09/2012 21:18:00,69,34,31,2,-88,1
03/09/2012 21:19:00,69,35,30,2,-87,1
03/09/2012 21:20:00,69,35,31,2,-87,1
03/09/2012 21:21:00,69,35,31,2,-87,1
03/09/2012 21:22:00,69,36,31,2,-87,1
03/09/2012 21:23:00,69,36,31,3,-87,1
03/09/2012 21:24:00,69,36,31,3,-86,1
03/09/2012 21:25:00,69,36,32,3,-86,1
03/09/2012 21:26:00,69,37,32,3,-86,1
03/09/2012 21:27:00,69,36,32,3,-86,1
03/09/2012 21:28:00,69,36,33,3,-86,1
03/09/2012 21:29:00,69,37,32,3,-87,1
03/09/2012 21:30:00,69,36,32,3,-87,1
03/09/2012 21:31:00,69,36,32,3,-87,1
03/09/2012 21:32:00,69,37,32,3,-87,1
03/09/2012 21:33:00,69,39,33,3,-86,1
03/09/2012 21:34:00,69,40,33,3,-87,1
03/09/2012 21:35:00,69,37,35,3,-86,1
03/09/2012 21:36:00,69,38,35,3,-85,1
03/09/2012 21:37:00,69,37,36,4,-85,1
03/09/2012 21:38:00,69,38,35,4,-84,1
03/09/2012 21:39:00,69,43,35,3,-84,1
03/09/2012 21:40:00,69,45,36,3,-82,1
03/09/2012 21:41:00,69,45,37,3,-81,1
03/09/2012 21:42:00,69,43,38,3,-80,1
03/09/2012 21:43:00,69,40,38,3,-81,1
03/09/2012 21:44:00,69,38,37,4,-81,1
03/09/2012 21:45:00,69,37,38,4,-82,1
03/09/2012 21:46:00,69,37,38,4,-83,1
03/09/2012 21:47:00,69,39,37,4,-84,1
03/09/2012 21:48:00,69,41,36,4,-84,1
03/09/2012 21:49:00,69,42,37,4,-85,1
03/09/2012 21:50:00,69,46,36,3,-84,1
03/09/2012 21:51:00,69,47,36,3,-84,1
03/09/2012 21:52:00,69,48,38,3,-84,1
03/09/2012 21:53:00,69,48,37,3,-84,1
03/09/2012 21:54:00,69,50,38,3,-84,1
03/09/2012 21:55:00,69,50,38,3,-84,1
03/09/2012 21:56:00,69,50,38,3,-84,1
03/09/2012 21:57:00,69,50,39,3,-84,1
03/09/2012 21:58:00,69,49,40,4,-83,1
03/09/2012 21:59:00,69,47,42,4,-83,1
03/09/2012 22:00:00,69,47,42,4,-83,1
03/09/2012 22:01:00,69,47,41,4,-83,1
03/09/2012 22:02:00,69,49,41,4,-83,1
03/09/2012 22:03:00,69,50,41,4,-83,1
03/09/2012 22:04:00,69,52,41,4,-83,1
03/09/2012 22:05:00,69,52,42,4,-83,1
03/09/2012 22:06:00,69,53,43,4,-83,1
03/09/2012 22:07:00,69,53,44,4,-83,1
03/09/2012 22:08:00,69,52,43,4,-83,1
03/09/2012 22:09:00,69,53,44,4,-82,1
03/09/2012 22:10:00,69,53,44,4,-83,1
03/09/2012 22:11:00,69,53,44,4,-82,1
03/09/2012 22:12:00,69,52,45,4,-82,1
03/09/2012 22:13:00,69,54,45,4,-82,1
03/09/2012 22:14:00,69,55,46,4,-82,1
03/09/2012 22:15:00,69,55,46,4,-81,1
03/09/2012 22:16:00,69,56,46,4,-81,1
03/09/2012 22:17:00,69,57,46,4,-81,1
03/09/2012 22:18:00,69,57,47,4,-80,1
03/09/2012 22:19:00,69,57,47,4,-80,1
03/09/2012 22:20:00,69,57,47,4,-79,1
03/09/2012 22:21:00,69,57,48,4,-79,1
03/09/2012 22:22:00,69,57,48,4,-78,1
03/09/2012 22:23:00,69,57,49,4,-78,1
03/09/2012 22:24:00,69,55,49,4,-78,1
03/09/2012 22:25:00,69,55,50,4,-78,1
03/09/2012 22:26:00,69,55,50,4,-77,1
03/09/2012 22:27:00,69,55,51,4,-77,1
03/09/2012 22:28:00,69,56,51,4,-77,1
03/09/2012 22:29:00,69,58,50,4,-76,1
03/09/2012 22:30:00,69,60,50,4,-76,1
03/09/2012 22:31:00,69,60,50,4,-76,1
03/09/2012 22:32:00,69,60,50,4,-75,1
03/09/2012 22:33:00,69,60,51,4,-75,1
03/09/2012 22:34:00,69,61,51,4,-74,1
03/09/2012 22:35:00,69,61,51,4,-74,1
03/09/2012 22:36:00,69,61,51,4,-74,1
03/09/2012 22:37:00,69,60,51,4,-74,1
03/09/2012 22:38:00,69,61,51,4,-74,1
03/09/2012 22:39:00,69,61,50,4,-74,1
03/09/2012 22:40:00,69,62,50,4,-74,1
03/09/2012 22:41:00,69,63,51,4,-74,1
03/09/2012 22:42:00,69,64,51,4,-74,1
03/09/2012 22:43:00,69,64,50,3,-74,1
03/09/2012 22:44:00,69,65,51,3,-74,1
03/09/2012 22:45:00,69,64,51,4,-74,1
03/09/2012 22:46:00,69,65,51,4,-74,1
03/09/2012 22:47:00,69,63,53,4,-74,1
03/09/2012 22:48:00,69,62,53,4,-74,1
03/09/2012 22:49:00,69,63,52,4,-75,1
03/09/2012 22:50:00,69,64,53,4,-75,1
03/09/2012 22:51:00,69,66,52,4,-75,1
03/09/2012 22:52:00,69,68,52,3,-75,1
03/09/2012 22:53:00,69,68,52,3,-75,1
03/09/2012 22:54:00,69,68,54,3,-75,1
03/09/2012 22:55:00,69,67,54,3,-75,1
03/09/2012 22:56:00,69,68,54,3,-74,1
03/09/2012 22:57:00,69,66,54,3,-74,1
03/09/2012 22:58:00,69,67,54,3,-74,1
03/09/2012 22:59:00,69,66,54,3,-74,1
03/09/2012 23:00:00,69,66,54,3,-74,1
03/09/2012 23:01:00,69,67,54,3,-74,1
03/09/2012 23:02:00,69,66,54,3,-73,1
03/09/2012 23:03:00,69,66,54,3,-73,1
03/09/2012 23:04:00,69,67,55,3,-72,1
03/09/2012 23:05:00,69,67,55,3,-72,1
03/09/2012 23:06:00,69,67,54,3,-71,1
03/09/2012 23:07:00,69,65,55,3,-70,1
03/09/2012 23:08:00,69,64,55,3,-70,1
03/09/2012 23:09:00,69,63,55,3,-70,1
03/09/2012 23:10:00,69,63,55,3,-69,1
03/09/2012 23:11:00,69,64,55,3,-69,1
03/09/2012 23:12:00,69,63,55,3,-69,1
03/09/2012 23:13:00,69,64,55,3,-69,1
03/09/2012 23:14:00,69,63,54,3,-69,1
03/09/2012 23:15:00,69,64,54,3,-69,1
03/09/2012 23:16:00,69,64,53,2,-69,1
03/09/2012 23:17:00,69,64,53,2,-69,1
03/09/2012 23:18:00,69,65,53,2,-69,1
03/09/2012 23:19:00,69,63,55,2,-69,1
03/09/2012 23:20:00,69,65,55,2,-69,1
03/09/2012 23:21:00,69,65,54,2,-69,1
03/09/2012 23:22:00,69,65,54,2,-69,1
03/09/2012 23:23:00,69,64,54,2,-69,1
03/09/2012 23:24:00,69,64,54,2,-69,1
03/09/2012 23:25:00,69,64,54,2,-69,1
03/09/2012 23:26:00,69,63,54,2,-68,1
03/09/2012 23:27:00,69,63,55,2,-68,1
03/09/2012 23:28:00,69,63,55,2,-68,1
03/09/2012 23:29:00,69,62,55,2,-68,1
03/09/2012 23:30:00,69,61,56,2,-69,1
03/09/2012 23:31:00,69,62,56,2,-68,1
03/09/2012 23:32:00,69,62,56,1,-69,1
03/09/2012 23:33:00,69,63,55,1,-69,1
03/09/2012 23:34:00,69,65,55,1,-69,1
03/09/2012 23:35:00,69,66,54,1,-69,1
03/09/2012 23:36:00,69,67,55,1,-68,1
03/09/2012 23:37:00,69,65,54,1,-68,1
03/09/2012 23:38:00,69,64,55,1,-68,1
03/09/2012 23:39:00,69,63,55,2,-67,1
03/09/2012 23:40:00,69,61,55,2,-67,1
03/09/2012 23:41:00,69,61,55,2,-67,1
03/09/2012 23:42:00,69,58,56,2,-67,1
03/09/2012 23:43:00,69,59,56,2,-66,1
03/09/2012 23:44:00,69,61,56,2,-66,1
03/09/2012 23:45:00,69,62,55,2,-65,1
03/09/2012 23:46:00,69,61,55,2,-64,1
03/09/2012 23:47:00,69,57,56,2,-64,1
03/09/2012 23:48:00,69,58,55,2,-65,1
03/09/2012 23:49:00,69,57,54,2,-65,1
03/09/2012 23:50:00,69,58,54,2,-65,1
03/09/2012 23:51:00,69,58,54,2,-65,1
03/09/2012 23:52:00,69,58,54,2,-64,1
03/09/2012 23:53:00,69,56,54,2,-64,1
03/09/2012 23:54:00,69,54,56,2,-63,1
03/09/2012 23:55:00,69,52,56,2,-63,1
03/09/2012 23:56:00,69,51,56,2,-63,1
03/09/2012 23:57:00,69,51,55,2,-62,1
03/09/2012 23:58:00,69,51,57,2,-62,1
03/09/2012 23:59:00,69,50,55,2,-62,1
