DateTime,DOY,ASY_D,ASY_H,SYM_D,SYM_H,Location
04/23/2012 00:00:00,114,15,14,3,-5,1
04/23/2012 00:01:00,114,16,14,3,-5,1
04/23/2012 00:02:00,114,15,15,3,-5,1
04/23/2012 00:03:00,114,15,15,3,-5,1
04/23/2012 00:04:00,114,15,15,3,-5,1
04/23/2012 00:05:00,114,15,16,3,-5,1
04/23/2012 00:06:00,114,15,16,3,-5,1
04/23/2012 00:07:00,114,15,16,3,-5,1
04/23/2012 00:08:00,114,15,16,3,-5,1
04/23/2012 00:09:00,114,14,17,3,-5,1
04/23/2012 00:10:00,114,14,18,3,-6,1
04/23/2012 00:11:00,114,15,18,3,-5,1
04/23/2012 00:12:00,114,15,18,3,-6,1
04/23/2012 00:13:00,114,15,18,3,-6,1
04/23/2012 00:14:00,114,15,18,3,-6,1
04/23/2012 00:15:00,114,15,18,3,-6,1
04/23/2012 00:16:00,114,15,18,3,-6,1
04/23/2012 00:17:00,114,15,18,3,-6,1
04/23/2012 00:18:00,114,15,18,3,-7,1
04/23/2012 00:19:00,114,14,20,3,-7,1
04/23/2012 00:20:00,114,14,19,3,-7,1
04/23/2012 00:21:00,114,14,19,3,-7,1
04/23/2012 00:22:00,114,14,19,3,-7,1
04/23/2012 00:23:00,114,14,19,3,-7,1
04/23/2012 00:24:00,114,15,19,3,-7,1
04/23/2012 00:25:00,114,15,20,4,-7,1
04/23/2012 00:26:00,114,15,20,3,-7,1
04/23/2012 00:27:00,114,14,20,4,-7,1
04/23/2012 00:28:00,114,14,20,4,-7,1
04/23/2012 00:29:00,114,13,21,4,-7,1
04/23/2012 00:30:00,114,13,20,4,-6,1
04/23/2012 00:31:00,114,13,21,4,-6,1
04/23/2012 00:32:00,114,14,20,4,-7,1
04/23/2012 00:33:00,114,14,21,4,-6,1
04/23/2012 00:34:00,114,14,20,4,-7,1
04/23/2012 00:35:00,114,14,20,4,-7,1
04/23/2012 00:36:00,114,13,21,4,-7,1
04/23/2012 00:37:00,114,13,21,4,-6,1
04/23/2012 00:38:00,114,14,21,4,-6,1
04/23/2012 00:39:00,114,13,21,4,-6,1
04/23/2012 00:40:00,114,13,21,4,-6,1
04/23/2012 00:41:00,114,13,22,4,-6,1
04/23/2012 00:42:00,114,13,22,4,-6,1
04/23/2012 00:43:00,114,13,22,3,-6,1
04/23/2012 00:44:00,114,14,22,4,-6,1
04/23/2012 00:45:00,114,13,22,4,-6,1
04/23/2012 00:46:00,114,13,22,3,-6,1
04/23/2012 00:47:00,114,13,22,3,-6,1
04/23/2012 00:48:00,114,13,22,3,-6,1
04/23/2012 00:49:00,114,13,22,3,-6,1
04/23/2012 00:50:00,114,14,22,3,-6,1
04/23/2012 00:51:00,114,14,22,3,-6,1
04/23/2012 00:52:00,114,14,22,3,-6,1
04/23/2012 00:53:00,114,13,22,3,-6,1
04/23/2012 00:54:00,114,13,21,3,-6,1
04/23/2012 00:55:00,114,13,21,3,-6,1
04/23/2012 00:56:00,114,13,21,3,-6,1
04/23/2012 00:57:00,114,13,21,3,-6,1
04/23/2012 00:58:00,114,13,21,3,-5,1
04/23/2012 00:59:00,114,13,21,3,-5,1
04/23/2012 01:00:00,114,12,21,3,-5,1
04/23/2012 01:01:00,114,12,22,3,-5,1
04/23/2012 01:02:00,114,13,22,3,-5,1
04/23/2012 01:03:00,114,13,22,3,-5,1
04/23/2012 01:04:00,114,13,22,3,-5,1
04/23/2012 01:05:00,114,13,21,3,-5,1
04/23/2012 01:06:00,114,13,21,3,-4,1
04/23/2012 01:07:00,114,13,21,3,-4,1
04/23/2012 01:08:00,114,13,22,3,-4,1
04/23/2012 01:09:00,114,13,22,3,-4,1
04/23/2012 01:10:00,114,13,22,3,-4,1
04/23/2012 01:11:00,114,13,22,3,-4,1
04/23/2012 01:12:00,114,12,22,3,-4,1
04/23/2012 01:13:00,114,12,22,3,-4,1
04/23/2012 01:14:00,114,12,22,3,-4,1
04/23/2012 01:15:00,114,12,22,3,-4,1
04/23/2012 01:16:00,114,11,22,3,-3,1
04/23/2012 01:17:00,114,12,22,3,-3,1
04/23/2012 01:18:00,114,12,21,3,-3,1
04/23/2012 01:19:00,114,11,21,3,-3,1
04/23/2012 01:20:00,114,12,21,3,-3,1
04/23/2012 01:21:00,114,12,21,3,-3,1
04/23/2012 01:22:00,114,12,21,3,-3,1
04/23/2012 01:23:00,114,12,20,3,-3,1
04/23/2012 01:24:00,114,12,20,3,-3,1
04/23/2012 01:25:00,114,12,20,3,-2,1
04/23/2012 01:26:00,114,13,20,3,-2,1
04/23/2012 01:27:00,114,13,20,3,-2,1
04/23/2012 01:28:00,114,12,19,3,-2,1
04/23/2012 01:29:00,114,12,20,3,-1,1
04/23/2012 01:30:00,114,13,20,3,-1,1
04/23/2012 01:31:00,114,13,20,3,-1,1
04/23/2012 01:32:00,114,13,18,3,-1,1
04/23/2012 01:33:00,114,13,18,3,-1,1
04/23/2012 01:34:00,114,13,19,3,0,1
04/23/2012 01:35:00,114,14,19,3,0,1
04/23/2012 01:36:00,114,13,19,3,0,1
04/23/2012 01:37:00,114,14,18,3,0,1
04/23/2012 01:38:00,114,14,18,3,0,1
04/23/2012 01:39:00,114,14,18,3,0,1
04/23/2012 01:40:00,114,14,18,3,0,1
04/23/2012 01:41:00,114,14,18,3,0,1
04/23/2012 01:42:00,114,14,18,3,0,1
04/23/2012 01:43:00,114,14,17,3,0,1
04/23/2012 01:44:00,114,14,17,3,0,1
04/23/2012 01:45:00,114,14,17,3,0,1
04/23/2012 01:46:00,114,15,17,3,0,1
04/23/2012 01:47:00,114,14,15,3,1,1
04/23/2012 01:48:00,114,14,16,3,1,1
04/23/2012 01:49:00,114,15,16,3,1,1
04/23/2012 01:50:00,114,15,16,3,1,1
04/23/2012 01:51:00,114,15,16,3,1,1
04/23/2012 01:52:00,114,15,16,3,1,1
04/23/2012 01:53:00,114,15,17,3,2,1
04/23/2012 01:54:00,114,16,17,3,2,1
04/23/2012 01:55:00,114,15,16,3,2,1
04/23/2012 01:56:00,114,16,16,3,3,1
04/23/2012 01:57:00,114,16,16,3,3,1
04/23/2012 01:58:00,114,15,16,3,3,1
04/23/2012 01:59:00,114,16,17,3,3,1
04/23/2012 02:00:00,114,16,16,3,3,1
04/23/2012 02:01:00,114,16,16,3,3,1
04/23/2012 02:02:00,114,16,16,3,3,1
04/23/2012 02:03:00,114,16,16,3,3,1
04/23/2012 02:04:00,114,17,16,3,3,1
04/23/2012 02:05:00,114,17,17,3,4,1
04/23/2012 02:06:00,114,16,16,3,4,1
04/23/2012 02:07:00,114,17,15,3,4,1
04/23/2012 02:08:00,114,16,16,3,5,1
04/23/2012 02:09:00,114,16,16,3,5,1
04/23/2012 02:10:00,114,16,15,3,5,1
04/23/2012 02:11:00,114,16,15,3,5,1
04/23/2012 02:12:00,114,16,16,3,5,1
04/23/2012 02:13:00,114,16,16,3,5,1
04/23/2012 02:14:00,114,16,16,3,5,1
04/23/2012 02:15:00,114,16,15,3,5,1
04/23/2012 02:16:00,114,16,15,3,5,1
04/23/2012 02:17:00,114,16,14,3,5,1
04/23/2012 02:18:00,114,16,14,3,5,1
04/23/2012 02:19:00,114,16,13,3,5,1
04/23/2012 02:20:00,114,16,13,3,4,1
04/23/2012 02:21:00,114,16,14,3,4,1
04/23/2012 02:22:00,114,15,14,3,4,1
04/23/2012 02:23:00,114,16,14,3,4,1
04/23/2012 02:24:00,114,15,13,3,4,1
04/23/2012 02:25:00,114,16,13,3,5,1
04/23/2012 02:26:00,114,16,13,3,5,1
04/23/2012 02:27:00,114,16,13,3,4,1
04/23/2012 02:28:00,114,16,13,3,4,1
04/23/2012 02:29:00,114,16,13,3,4,1
04/23/2012 02:30:00,114,17,12,3,4,1
04/23/2012 02:31:00,114,17,12,3,4,1
04/23/2012 02:32:00,114,17,11,3,5,1
04/23/2012 02:33:00,114,16,12,3,5,1
04/23/2012 02:34:00,114,17,12,4,5,1
04/23/2012 02:35:00,114,17,12,4,5,1
04/23/2012 02:36:00,114,17,11,4,5,1
04/23/2012 02:37:00,114,17,12,4,5,1
04/23/2012 02:38:00,114,17,12,3,5,1
04/23/2012 02:39:00,114,17,12,4,5,1
04/23/2012 02:40:00,114,17,11,4,5,1
04/23/2012 02:41:00,114,16,12,4,5,1
04/23/2012 02:42:00,114,17,12,4,5,1
04/23/2012 02:43:00,114,16,12,4,5,1
04/23/2012 02:44:00,114,17,12,4,5,1
04/23/2012 02:45:00,114,17,12,3,5,1
04/23/2012 02:46:00,114,17,12,3,5,1
04/23/2012 02:47:00,114,16,12,3,6,1
04/23/2012 02:48:00,114,17,12,3,6,1
04/23/2012 02:49:00,114,16,12,3,5,1
04/23/2012 02:50:00,114,16,12,3,5,1
04/23/2012 02:51:00,114,15,12,3,5,1
04/23/2012 02:52:00,114,16,13,3,5,1
04/23/2012 02:53:00,114,16,13,3,5,1
04/23/2012 02:54:00,114,16,13,3,5,1
04/23/2012 02:55:00,114,16,13,3,6,1
04/23/2012 02:56:00,114,16,13,3,6,1
04/23/2012 02:57:00,114,16,14,3,6,1
04/23/2012 02:58:00,114,16,14,3,6,1
04/23/2012 02:59:00,114,14,13,3,6,1
04/23/2012 03:00:00,114,15,13,3,6,1
04/23/2012 03:01:00,114,14,14,3,6,1
04/23/2012 03:02:00,114,14,13,3,6,1
04/23/2012 03:03:00,114,14,13,3,6,1
04/23/2012 03:04:00,114,14,13,3,6,1
04/23/2012 03:05:00,114,14,13,2,6,1
04/23/2012 03:06:00,114,15,14,2,6,1
04/23/2012 03:07:00,114,14,14,2,6,1
04/23/2012 03:08:00,114,15,13,2,5,1
04/23/2012 03:09:00,114,14,13,2,5,1
04/23/2012 03:10:00,114,14,14,2,6,1
04/23/2012 03:11:00,114,14,14,2,6,1
04/23/2012 03:12:00,114,14,14,2,5,1
04/23/2012 03:13:00,114,15,14,2,6,1
04/23/2012 03:14:00,114,14,13,2,5,1
04/23/2012 03:15:00,114,14,14,2,5,1
04/23/2012 03:16:00,114,14,14,2,5,1
04/23/2012 03:17:00,114,14,14,2,5,1
04/23/2012 03:18:00,114,14,15,2,5,1
04/23/2012 03:19:00,114,14,14,2,5,1
04/23/2012 03:20:00,114,14,15,1,5,1
04/23/2012 03:21:00,114,14,18,1,7,1
04/23/2012 03:22:00,114,23,13,1,11,1
04/23/2012 03:23:00,114,22,18,2,19,1
04/23/2012 03:24:00,114,21,26,2,26,1
04/23/2012 03:25:00,114,22,27,2,30,1
04/23/2012 03:26:00,114,23,27,2,33,1
04/23/2012 03:27:00,114,24,27,2,34,1
04/23/2012 03:28:00,114,22,27,2,35,1
04/23/2012 03:29:00,114,22,25,1,35,1
04/23/2012 03:30:00,114,22,23,1,33,1
04/23/2012 03:31:00,114,21,23,1,33,1
04/23/2012 03:32:00,114,20,21,1,32,1
04/23/2012 03:33:00,114,20,20,1,31,1
04/23/2012 03:34:00,114,20,20,1,31,1
04/23/2012 03:35:00,114,19,22,0,30,1
04/23/2012 03:36:00,114,20,21,0,31,1
04/23/2012 03:37:00,114,21,21,0,31,1
04/23/2012 03:38:00,114,21,21,0,31,1
04/23/2012 03:39:00,114,19,22,0,30,1
04/23/2012 03:40:00,114,17,24,0,27,1
04/23/2012 03:41:00,114,16,23,-1,25,1
04/23/2012 03:42:00,114,15,23,0,24,1
04/23/2012 03:43:00,114,15,23,0,24,1
04/23/2012 03:44:00,114,15,22,-1,24,1
04/23/2012 03:45:00,114,14,22,-1,24,1
04/23/2012 03:46:00,114,14,21,0,25,1
04/23/2012 03:47:00,114,13,21,-1,25,1
04/23/2012 03:48:00,114,14,21,-1,25,1
04/23/2012 03:49:00,114,13,21,-1,25,1
04/23/2012 03:50:00,114,13,23,-1,26,1
04/23/2012 03:51:00,114,15,21,-1,28,1
04/23/2012 03:52:00,114,15,21,-1,30,1
04/23/2012 03:53:00,114,14,21,-1,32,1
04/23/2012 03:54:00,114,13,22,-1,34,1
04/23/2012 03:55:00,114,13,22,-1,35,1
04/23/2012 03:56:00,114,13,24,-1,35,1
04/23/2012 03:57:00,114,13,23,-1,35,1
04/23/2012 03:58:00,114,14,24,-1,34,1
04/23/2012 03:59:00,114,14,24,-1,34,1
04/23/2012 04:00:00,114,14,23,-1,34,1
04/23/2012 04:01:00,114,15,24,-1,34,1
04/23/2012 04:02:00,114,15,24,-1,34,1
04/23/2012 04:03:00,114,14,24,-1,34,1
04/23/2012 04:04:00,114,15,23,-1,35,1
04/23/2012 04:05:00,114,15,25,-1,36,1
04/23/2012 04:06:00,114,13,25,-2,35,1
04/23/2012 04:07:00,114,13,24,-2,36,1
04/23/2012 04:08:00,114,13,24,-2,36,1
04/23/2012 04:09:00,114,12,24,-2,36,1
04/23/2012 04:10:00,114,11,24,-2,36,1
04/23/2012 04:11:00,114,11,24,-2,36,1
04/23/2012 04:12:00,114,12,25,-2,37,1
04/23/2012 04:13:00,114,12,24,-2,38,1
04/23/2012 04:14:00,114,11,25,-2,38,1
04/23/2012 04:15:00,114,11,25,-2,39,1
04/23/2012 04:16:00,114,11,24,-2,40,1
04/23/2012 04:17:00,114,10,26,-2,39,1
04/23/2012 04:18:00,114,11,26,-2,38,1
04/23/2012 04:19:00,114,14,26,-2,39,1
04/23/2012 04:20:00,114,13,24,-2,41,1
04/23/2012 04:21:00,114,12,24,-2,44,1
04/23/2012 04:22:00,114,13,24,-2,44,1
04/23/2012 04:23:00,114,13,24,-2,45,1
04/23/2012 04:24:00,114,14,24,-2,45,1
04/23/2012 04:25:00,114,14,25,-2,44,1
04/23/2012 04:26:00,114,13,26,-2,43,1
04/23/2012 04:27:00,114,13,26,-2,43,1
04/23/2012 04:28:00,114,12,26,-3,42,1
04/23/2012 04:29:00,114,12,26,-3,42,1
04/23/2012 04:30:00,114,12,26,-3,42,1
04/23/2012 04:31:00,114,13,26,-3,43,1
04/23/2012 04:32:00,114,13,25,-3,44,1
04/23/2012 04:33:00,114,12,25,-3,44,1
04/23/2012 04:34:00,114,12,25,-3,44,1
04/23/2012 04:35:00,114,12,25,-3,44,1
04/23/2012 04:36:00,114,12,25,-3,43,1
04/23/2012 04:37:00,114,12,25,-3,43,1
04/23/2012 04:38:00,114,12,26,-3,43,1
04/23/2012 04:39:00,114,12,26,-3,43,1
04/23/2012 04:40:00,114,11,25,-4,43,1
04/23/2012 04:41:00,114,9,25,-3,41,1
04/23/2012 04:42:00,114,8,25,-3,38,1
04/23/2012 04:43:00,114,10,25,-3,35,1
04/23/2012 04:44:00,114,13,23,-3,33,1
04/23/2012 04:45:00,114,14,23,-3,32,1
04/23/2012 04:46:00,114,13,21,-3,32,1
04/23/2012 04:47:00,114,14,21,-3,30,1
04/23/2012 04:48:00,114,15,20,-3,27,1
04/23/2012 04:49:00,114,16,19,-3,24,1
04/23/2012 04:50:00,114,18,19,-2,22,1
04/23/2012 04:51:00,114,18,18,-2,20,1
04/23/2012 04:52:00,114,19,17,-2,20,1
04/23/2012 04:53:00,114,19,18,-2,19,1
04/23/2012 04:54:00,114,18,17,-2,20,1
04/23/2012 04:55:00,114,17,18,-3,23,1
04/23/2012 04:56:00,114,14,17,-3,24,1
04/23/2012 04:57:00,114,12,16,-3,25,1
04/23/2012 04:58:00,114,13,15,-3,24,1
04/23/2012 04:59:00,114,14,15,-3,22,1
04/23/2012 05:00:00,114,14,15,-3,21,1
04/23/2012 05:01:00,114,15,13,-3,20,1
04/23/2012 05:02:00,114,15,12,-3,18,1
04/23/2012 05:03:00,114,15,12,-3,16,1
04/23/2012 05:04:00,114,14,14,-3,17,1
04/23/2012 05:05:00,114,13,15,-3,20,1
04/23/2012 05:06:00,114,10,15,-4,23,1
04/23/2012 05:07:00,114,8,15,-4,25,1
04/23/2012 05:08:00,114,7,16,-4,26,1
04/23/2012 05:09:00,114,7,15,-4,26,1
04/23/2012 05:10:00,114,6,15,-4,27,1
04/23/2012 05:11:00,114,5,15,-4,26,1
04/23/2012 05:12:00,114,6,14,-4,25,1
04/23/2012 05:13:00,114,5,14,-4,24,1
04/23/2012 05:14:00,114,5,14,-3,23,1
04/23/2012 05:15:00,114,4,13,-3,22,1
04/23/2012 05:16:00,114,4,14,-3,21,1
04/23/2012 05:17:00,114,4,15,-3,21,1
04/23/2012 05:18:00,114,5,15,-3,19,1
04/23/2012 05:19:00,114,3,15,-3,17,1
04/23/2012 05:20:00,114,3,14,-2,14,1
04/23/2012 05:21:00,114,4,13,-1,11,1
04/23/2012 05:22:00,114,5,12,-1,9,1
04/23/2012 05:23:00,114,5,13,-1,7,1
04/23/2012 05:24:00,114,7,14,0,7,1
04/23/2012 05:25:00,114,6,16,-1,8,1
04/23/2012 05:26:00,114,6,18,-1,9,1
04/23/2012 05:27:00,114,6,19,-1,10,1
04/23/2012 05:28:00,114,6,19,-1,9,1
04/23/2012 05:29:00,114,7,20,-1,10,1
04/23/2012 05:30:00,114,8,19,-1,10,1
04/23/2012 05:31:00,114,10,19,-1,10,1
04/23/2012 05:32:00,114,11,19,-1,11,1
04/23/2012 05:33:00,114,13,21,-2,11,1
04/23/2012 05:34:00,114,14,21,-2,12,1
04/23/2012 05:35:00,114,16,22,-2,12,1
04/23/2012 05:36:00,114,18,22,-2,13,1
04/23/2012 05:37:00,114,20,22,-3,14,1
04/23/2012 05:38:00,114,19,21,-3,13,1
04/23/2012 05:39:00,114,20,21,-2,13,1
04/23/2012 05:40:00,114,22,24,-3,15,1
04/23/2012 05:41:00,114,19,26,-3,15,1
04/23/2012 05:42:00,114,20,28,-3,16,1
04/23/2012 05:43:00,114,20,28,-3,14,1
04/23/2012 05:44:00,114,21,33,-2,12,1
04/23/2012 05:45:00,114,22,35,-1,11,1
04/23/2012 05:46:00,114,25,37,-1,9,1
04/23/2012 05:47:00,114,26,40,0,9,1
04/23/2012 05:48:00,114,28,44,1,8,1
04/23/2012 05:49:00,114,29,45,1,8,1
04/23/2012 05:50:00,114,30,49,1,8,1
04/23/2012 05:51:00,114,33,51,1,9,1
04/23/2012 05:52:00,114,37,54,1,10,1
04/23/2012 05:53:00,114,38,56,2,10,1
04/23/2012 05:54:00,114,40,58,2,10,1
04/23/2012 05:55:00,114,42,59,2,10,1
04/23/2012 05:56:00,114,43,63,3,9,1
04/23/2012 05:57:00,114,44,65,3,9,1
04/23/2012 05:58:00,114,46,67,3,9,1
04/23/2012 05:59:00,114,48,68,3,9,1
04/23/2012 06:00:00,114,48,69,3,9,1
04/23/2012 06:01:00,114,50,69,3,9,1
04/23/2012 06:02:00,114,50,71,3,7,1
04/23/2012 06:03:00,114,50,70,4,7,1
04/23/2012 06:04:00,114,50,70,4,6,1
04/23/2012 06:05:00,114,52,70,3,6,1
04/23/2012 06:06:00,114,52,70,3,5,1
04/23/2012 06:07:00,114,50,70,3,5,1
04/23/2012 06:08:00,114,51,70,3,4,1
04/23/2012 06:09:00,114,51,70,3,5,1
04/23/2012 06:10:00,114,51,71,3,4,1
04/23/2012 06:11:00,114,50,70,3,4,1
04/23/2012 06:12:00,114,49,69,3,3,1
04/23/2012 06:13:00,114,48,68,3,3,1
04/23/2012 06:14:00,114,46,67,3,1,1
04/23/2012 06:15:00,114,44,67,4,0,1
04/23/2012 06:16:00,114,41,65,4,-2,1
04/23/2012 06:17:00,114,40,64,4,-3,1
04/23/2012 06:18:00,114,40,63,4,-4,1
04/23/2012 06:19:00,114,40,62,4,-4,1
04/23/2012 06:20:00,114,39,61,3,-4,1
04/23/2012 06:21:00,114,38,60,3,-4,1
04/23/2012 06:22:00,114,37,59,3,-5,1
04/23/2012 06:23:00,114,36,57,3,-6,1
04/23/2012 06:24:00,114,34,54,3,-6,1
04/23/2012 06:25:00,114,33,53,3,-6,1
04/23/2012 06:26:00,114,32,52,3,-6,1
04/23/2012 06:27:00,114,31,51,3,-6,1
04/23/2012 06:28:00,114,31,50,3,-7,1
04/23/2012 06:29:00,114,31,48,3,-7,1
04/23/2012 06:30:00,114,30,47,3,-8,1
04/23/2012 06:31:00,114,31,46,2,-8,1
04/23/2012 06:32:00,114,32,45,2,-9,1
04/23/2012 06:33:00,114,32,43,2,-9,1
04/23/2012 06:34:00,114,32,43,2,-9,1
04/23/2012 06:35:00,114,32,42,2,-9,1
04/23/2012 06:36:00,114,32,40,2,-9,1
04/23/2012 06:37:00,114,32,39,2,-8,1
04/23/2012 06:38:00,114,32,37,2,-8,1
04/23/2012 06:39:00,114,32,37,1,-7,1
04/23/2012 06:40:00,114,33,38,1,-6,1
04/23/2012 06:41:00,114,32,36,1,-6,1
04/23/2012 06:42:00,114,33,36,1,-5,1
04/23/2012 06:43:00,114,32,37,1,-4,1
04/23/2012 06:44:00,114,31,38,1,-4,1
04/23/2012 06:45:00,114,31,38,0,-3,1
04/23/2012 06:46:00,114,30,40,1,-3,1
04/23/2012 06:47:00,114,29,40,1,-4,1
04/23/2012 06:48:00,114,29,40,1,-4,1
04/23/2012 06:49:00,114,28,39,1,-6,1
04/23/2012 06:50:00,114,28,39,1,-5,1
04/23/2012 06:51:00,114,26,40,1,-6,1
04/23/2012 06:52:00,114,26,41,1,-5,1
04/23/2012 06:53:00,114,25,39,1,-6,1
04/23/2012 06:54:00,114,24,40,2,-7,1
04/23/2012 06:55:00,114,23,40,2,-7,1
04/23/2012 06:56:00,114,23,40,2,-8,1
04/23/2012 06:57:00,114,23,41,2,-7,1
04/23/2012 06:58:00,114,22,40,3,-7,1
04/23/2012 06:59:00,114,22,41,3,-7,1
04/23/2012 07:00:00,114,22,40,2,-7,1
04/23/2012 07:01:00,114,23,40,3,-8,1
04/23/2012 07:02:00,114,24,38,3,-9,1
04/23/2012 07:03:00,114,24,37,3,-9,1
04/23/2012 07:04:00,114,25,37,3,-10,1
04/23/2012 07:05:00,114,26,38,3,-11,1
04/23/2012 07:06:00,114,26,38,4,-12,1
04/23/2012 07:07:00,114,27,38,4,-13,1
04/23/2012 07:08:00,114,26,37,4,-13,1
04/23/2012 07:09:00,114,26,38,4,-12,1
04/23/2012 07:10:00,114,23,40,4,-11,1
04/23/2012 07:11:00,114,22,39,3,-10,1
04/23/2012 07:12:00,114,22,40,3,-9,1
04/23/2012 07:13:00,114,23,39,3,-8,1
04/23/2012 07:14:00,114,23,38,3,-8,1
04/23/2012 07:15:00,114,24,37,3,-8,1
04/23/2012 07:16:00,114,25,38,3,-7,1
04/23/2012 07:17:00,114,26,37,3,-7,1
04/23/2012 07:18:00,114,25,36,2,-6,1
04/23/2012 07:19:00,114,25,36,2,-6,1
04/23/2012 07:20:00,114,25,35,2,-7,1
04/23/2012 07:21:00,114,27,34,3,-8,1
04/23/2012 07:22:00,114,27,32,3,-7,1
04/23/2012 07:23:00,114,27,33,3,-6,1
04/23/2012 07:24:00,114,27,34,3,-4,1
04/23/2012 07:25:00,114,26,36,3,-4,1
04/23/2012 07:26:00,114,25,37,3,-3,1
04/23/2012 07:27:00,114,25,36,3,-3,1
04/23/2012 07:28:00,114,24,36,3,-2,1
04/23/2012 07:29:00,114,23,37,3,-1,1
04/23/2012 07:30:00,114,22,35,2,-1,1
04/23/2012 07:31:00,114,22,34,2,0,1
04/23/2012 07:32:00,114,21,33,2,0,1
04/23/2012 07:33:00,114,22,32,2,1,1
04/23/2012 07:34:00,114,22,33,2,1,1
04/23/2012 07:35:00,114,23,33,1,1,1
04/23/2012 07:36:00,114,23,33,1,2,1
04/23/2012 07:37:00,114,24,34,1,2,1
04/23/2012 07:38:00,114,24,34,1,3,1
04/23/2012 07:39:00,114,25,34,1,3,1
04/23/2012 07:40:00,114,25,34,1,3,1
04/23/2012 07:41:00,114,26,33,1,3,1
04/23/2012 07:42:00,114,25,33,2,3,1
04/23/2012 07:43:00,114,25,33,1,3,1
04/23/2012 07:44:00,114,25,32,2,3,1
04/23/2012 07:45:00,114,24,32,2,3,1
04/23/2012 07:46:00,114,23,31,2,2,1
04/23/2012 07:47:00,114,23,31,2,2,1
04/23/2012 07:48:00,114,23,30,2,2,1
04/23/2012 07:49:00,114,24,32,2,2,1
04/23/2012 07:50:00,114,24,30,2,3,1
04/23/2012 07:51:00,114,23,31,1,4,1
04/23/2012 07:52:00,114,22,30,1,4,1
04/23/2012 07:53:00,114,22,31,1,5,1
04/23/2012 07:54:00,114,21,31,1,5,1
04/23/2012 07:55:00,114,21,30,1,4,1
04/23/2012 07:56:00,114,21,30,1,5,1
04/23/2012 07:57:00,114,21,29,1,5,1
04/23/2012 07:58:00,114,22,29,2,6,1
04/23/2012 07:59:00,114,21,30,1,7,1
04/23/2012 08:00:00,114,22,29,1,8,1
04/23/2012 08:01:00,114,21,30,1,8,1
04/23/2012 08:02:00,114,21,29,1,9,1
04/23/2012 08:03:00,114,20,28,1,8,1
04/23/2012 08:04:00,114,19,28,1,6,1
04/23/2012 08:05:00,114,20,28,1,6,1
04/23/2012 08:06:00,114,20,28,1,4,1
04/23/2012 08:07:00,114,19,27,1,4,1
04/23/2012 08:08:00,114,20,27,1,4,1
04/23/2012 08:09:00,114,20,26,1,3,1
04/23/2012 08:10:00,114,20,26,1,4,1
04/23/2012 08:11:00,114,20,25,1,4,1
04/23/2012 08:12:00,114,20,25,1,4,1
04/23/2012 08:13:00,114,19,25,1,4,1
04/23/2012 08:14:00,114,19,24,1,5,1
04/23/2012 08:15:00,114,19,25,1,5,1
04/23/2012 08:16:00,114,19,25,1,5,1
04/23/2012 08:17:00,114,19,25,1,5,1
04/23/2012 08:18:00,114,18,24,1,5,1
04/23/2012 08:19:00,114,18,24,1,5,1
04/23/2012 08:20:00,114,18,24,1,5,1
04/23/2012 08:21:00,114,18,25,1,5,1
04/23/2012 08:22:00,114,18,24,1,6,1
04/23/2012 08:23:00,114,18,24,1,6,1
04/23/2012 08:24:00,114,18,25,1,7,1
04/23/2012 08:25:00,114,18,24,0,7,1
04/23/2012 08:26:00,114,17,24,0,7,1
04/23/2012 08:27:00,114,17,24,0,7,1
04/23/2012 08:28:00,114,17,22,0,6,1
04/23/2012 08:29:00,114,17,23,0,4,1
04/23/2012 08:30:00,114,19,22,0,3,1
04/23/2012 08:31:00,114,19,23,1,3,1
04/23/2012 08:32:00,114,19,23,0,3,1
04/23/2012 08:33:00,114,17,23,0,3,1
04/23/2012 08:34:00,114,17,23,0,3,1
04/23/2012 08:35:00,114,16,23,0,4,1
04/23/2012 08:36:00,114,16,23,0,4,1
04/23/2012 08:37:00,114,14,22,0,5,1
04/23/2012 08:38:00,114,14,22,0,6,1
04/23/2012 08:39:00,114,14,22,0,6,1
04/23/2012 08:40:00,114,15,22,0,6,1
04/23/2012 08:41:00,114,14,21,0,6,1
04/23/2012 08:42:00,114,14,20,0,6,1
04/23/2012 08:43:00,114,14,21,0,6,1
04/23/2012 08:44:00,114,15,21,0,6,1
04/23/2012 08:45:00,114,14,21,0,6,1
04/23/2012 08:46:00,114,14,21,0,6,1
04/23/2012 08:47:00,114,13,21,0,6,1
04/23/2012 08:48:00,114,13,21,0,7,1
04/23/2012 08:49:00,114,13,20,0,6,1
04/23/2012 08:50:00,114,13,21,0,6,1
04/23/2012 08:51:00,114,13,21,0,6,1
04/23/2012 08:52:00,114,14,21,0,6,1
04/23/2012 08:53:00,114,14,20,0,7,1
04/23/2012 08:54:00,114,13,20,0,7,1
04/23/2012 08:55:00,114,13,20,0,7,1
04/23/2012 08:56:00,114,12,20,0,7,1
04/23/2012 08:57:00,114,12,20,0,7,1
04/23/2012 08:58:00,114,12,19,0,7,1
04/23/2012 08:59:00,114,12,19,0,7,1
04/23/2012 09:00:00,114,12,19,0,7,1
04/23/2012 09:01:00,114,12,19,0,7,1
04/23/2012 09:02:00,114,12,20,0,7,1
04/23/2012 09:03:00,114,12,20,0,8,1
04/23/2012 09:04:00,114,12,19,0,8,1
04/23/2012 09:05:00,114,12,19,0,9,1
04/23/2012 09:06:00,114,12,18,-1,9,1
04/23/2012 09:07:00,114,11,18,-1,10,1
04/23/2012 09:08:00,114,10,18,-1,10,1
04/23/2012 09:09:00,114,11,19,-1,10,1
04/23/2012 09:10:00,114,11,19,-1,10,1
04/23/2012 09:11:00,114,11,18,-1,9,1
04/23/2012 09:12:00,114,11,18,-1,10,1
04/23/2012 09:13:00,114,12,19,-1,10,1
04/23/2012 09:14:00,114,12,19,0,9,1
04/23/2012 09:15:00,114,12,19,0,10,1
04/23/2012 09:16:00,114,12,19,0,9,1
04/23/2012 09:17:00,114,12,18,0,10,1
04/23/2012 09:18:00,114,13,19,0,10,1
04/23/2012 09:19:00,114,11,19,-1,10,1
04/23/2012 09:20:00,114,10,19,0,10,1
04/23/2012 09:21:00,114,12,18,0,10,1
04/23/2012 09:22:00,114,13,18,0,10,1
04/23/2012 09:23:00,114,13,19,0,10,1
04/23/2012 09:24:00,114,11,18,0,11,1
04/23/2012 09:25:00,114,11,17,0,11,1
04/23/2012 09:26:00,114,10,18,0,11,1
04/23/2012 09:27:00,114,11,18,0,11,1
04/23/2012 09:28:00,114,12,19,0,11,1
04/23/2012 09:29:00,114,12,19,0,11,1
04/23/2012 09:30:00,114,12,19,0,11,1
04/23/2012 09:31:00,114,12,18,0,11,1
04/23/2012 09:32:00,114,12,18,0,11,1
04/23/2012 09:33:00,114,12,19,0,11,1
04/23/2012 09:34:00,114,11,18,0,10,1
04/23/2012 09:35:00,114,12,18,0,10,1
04/23/2012 09:36:00,114,12,18,0,11,1
04/23/2012 09:37:00,114,13,18,0,10,1
04/23/2012 09:38:00,114,12,18,0,10,1
04/23/2012 09:39:00,114,12,19,0,10,1
04/23/2012 09:40:00,114,13,19,0,10,1
04/23/2012 09:41:00,114,13,19,0,10,1
04/23/2012 09:42:00,114,14,18,0,10,1
04/23/2012 09:43:00,114,14,18,0,10,1
04/23/2012 09:44:00,114,14,19,0,11,1
04/23/2012 09:45:00,114,14,19,0,11,1
04/23/2012 09:46:00,114,14,18,0,11,1
04/23/2012 09:47:00,114,15,20,0,12,1
04/23/2012 09:48:00,114,14,19,0,12,1
04/23/2012 09:49:00,114,15,19,0,13,1
04/23/2012 09:50:00,114,13,19,0,13,1
04/23/2012 09:51:00,114,12,19,0,12,1
04/23/2012 09:52:00,114,14,19,0,12,1
04/23/2012 09:53:00,114,16,18,0,14,1
04/23/2012 09:54:00,114,14,18,0,15,1
04/23/2012 09:55:00,114,12,17,0,17,1
04/23/2012 09:56:00,114,11,17,0,17,1
04/23/2012 09:57:00,114,12,18,0,18,1
04/23/2012 09:58:00,114,12,19,0,18,1
04/23/2012 09:59:00,114,12,19,0,18,1
04/23/2012 10:00:00,114,12,20,0,18,1
04/23/2012 10:01:00,114,13,19,0,18,1
04/23/2012 10:02:00,114,13,18,0,17,1
04/23/2012 10:03:00,114,13,18,0,17,1
04/23/2012 10:04:00,114,12,18,0,16,1
04/23/2012 10:05:00,114,13,19,0,16,1
04/23/2012 10:06:00,114,14,18,0,15,1
04/23/2012 10:07:00,114,14,18,0,15,1
04/23/2012 10:08:00,114,14,17,0,16,1
04/23/2012 10:09:00,114,14,17,0,16,1
04/23/2012 10:10:00,114,14,17,0,16,1
04/23/2012 10:11:00,114,14,17,0,15,1
04/23/2012 10:12:00,114,14,17,0,16,1
04/23/2012 10:13:00,114,13,16,0,16,1
04/23/2012 10:14:00,114,12,17,0,17,1
04/23/2012 10:15:00,114,13,17,0,17,1
04/23/2012 10:16:00,114,12,16,0,18,1
04/23/2012 10:17:00,114,12,16,0,18,1
04/23/2012 10:18:00,114,12,16,0,18,1
04/23/2012 10:19:00,114,12,16,0,18,1
04/23/2012 10:20:00,114,13,16,0,18,1
04/23/2012 10:21:00,114,13,16,0,18,1
04/23/2012 10:22:00,114,13,15,0,17,1
04/23/2012 10:23:00,114,12,16,0,18,1
04/23/2012 10:24:00,114,13,15,0,17,1
04/23/2012 10:25:00,114,12,15,0,18,1
04/23/2012 10:26:00,114,12,15,0,18,1
04/23/2012 10:27:00,114,12,15,0,18,1
04/23/2012 10:28:00,114,12,15,0,18,1
04/23/2012 10:29:00,114,12,14,0,17,1
04/23/2012 10:30:00,114,13,15,0,17,1
04/23/2012 10:31:00,114,13,15,0,17,1
04/23/2012 10:32:00,114,13,16,1,17,1
04/23/2012 10:33:00,114,14,17,1,16,1
04/23/2012 10:34:00,114,12,17,1,16,1
04/23/2012 10:35:00,114,12,17,1,16,1
04/23/2012 10:36:00,114,13,15,1,17,1
04/23/2012 10:37:00,114,13,16,1,17,1
04/23/2012 10:38:00,114,13,16,1,17,1
04/23/2012 10:39:00,114,13,15,1,17,1
04/23/2012 10:40:00,114,13,16,1,17,1
04/23/2012 10:41:00,114,13,16,1,17,1
04/23/2012 10:42:00,114,13,17,1,17,1
04/23/2012 10:43:00,114,13,17,1,17,1
04/23/2012 10:44:00,114,14,16,1,17,1
04/23/2012 10:45:00,114,13,16,1,17,1
04/23/2012 10:46:00,114,13,16,1,17,1
04/23/2012 10:47:00,114,14,15,1,17,1
04/23/2012 10:48:00,114,13,15,1,18,1
04/23/2012 10:49:00,114,14,15,1,18,1
04/23/2012 10:50:00,114,14,15,1,18,1
04/23/2012 10:51:00,114,14,14,1,19,1
04/23/2012 10:52:00,114,15,14,1,19,1
04/23/2012 10:53:00,114,14,14,1,19,1
04/23/2012 10:54:00,114,15,14,1,19,1
04/23/2012 10:55:00,114,15,14,1,19,1
04/23/2012 10:56:00,114,15,13,1,19,1
04/23/2012 10:57:00,114,15,13,1,19,1
04/23/2012 10:58:00,114,15,13,1,19,1
04/23/2012 10:59:00,114,16,14,1,19,1
04/23/2012 11:00:00,114,16,14,1,19,1
04/23/2012 11:01:00,114,16,13,1,18,1
04/23/2012 11:02:00,114,17,13,1,19,1
04/23/2012 11:03:00,114,17,12,1,19,1
04/23/2012 11:04:00,114,17,12,1,19,1
04/23/2012 11:05:00,114,18,12,1,19,1
04/23/2012 11:06:00,114,18,11,1,19,1
04/23/2012 11:07:00,114,19,12,1,19,1
04/23/2012 11:08:00,114,19,12,1,19,1
04/23/2012 11:09:00,114,19,11,1,18,1
04/23/2012 11:10:00,114,19,11,1,18,1
04/23/2012 11:11:00,114,19,12,1,18,1
04/23/2012 11:12:00,114,19,12,1,18,1
04/23/2012 11:13:00,114,20,11,1,17,1
04/23/2012 11:14:00,114,20,11,1,17,1
04/23/2012 11:15:00,114,20,11,1,16,1
04/23/2012 11:16:00,114,20,11,1,16,1
04/23/2012 11:17:00,114,20,11,1,16,1
04/23/2012 11:18:00,114,19,12,1,16,1
04/23/2012 11:19:00,114,19,11,1,16,1
04/23/2012 11:20:00,114,19,11,1,16,1
04/23/2012 11:21:00,114,19,11,1,17,1
04/23/2012 11:22:00,114,20,11,1,17,1
04/23/2012 11:23:00,114,20,11,1,17,1
04/23/2012 11:24:00,114,21,10,1,17,1
04/23/2012 11:25:00,114,21,10,1,17,1
04/23/2012 11:26:00,114,21,11,1,17,1
04/23/2012 11:27:00,114,21,11,1,17,1
04/23/2012 11:28:00,114,20,10,1,17,1
04/23/2012 11:29:00,114,20,11,2,16,1
04/23/2012 11:30:00,114,20,10,2,16,1
04/23/2012 11:31:00,114,20,10,2,15,1
04/23/2012 11:32:00,114,20,10,2,15,1
04/23/2012 11:33:00,114,19,10,2,15,1
04/23/2012 11:34:00,114,19,10,1,14,1
04/23/2012 11:35:00,114,20,11,1,15,1
04/23/2012 11:36:00,114,19,10,2,15,1
04/23/2012 11:37:00,114,19,11,2,16,1
04/23/2012 11:38:00,114,20,10,2,16,1
04/23/2012 11:39:00,114,21,10,2,16,1
04/23/2012 11:40:00,114,21,10,2,16,1
04/23/2012 11:41:00,114,21,9,2,16,1
04/23/2012 11:42:00,114,21,9,2,15,1
04/23/2012 11:43:00,114,20,9,2,15,1
04/23/2012 11:44:00,114,20,10,2,15,1
04/23/2012 11:45:00,114,20,10,2,16,1
04/23/2012 11:46:00,114,20,10,2,16,1
04/23/2012 11:47:00,114,21,10,2,16,1
04/23/2012 11:48:00,114,21,10,2,16,1
04/23/2012 11:49:00,114,20,10,2,15,1
04/23/2012 11:50:00,114,20,10,2,15,1
04/23/2012 11:51:00,114,20,10,2,15,1
04/23/2012 11:52:00,114,20,10,2,15,1
04/23/2012 11:53:00,114,20,10,2,15,1
04/23/2012 11:54:00,114,19,10,2,15,1
04/23/2012 11:55:00,114,20,10,2,15,1
04/23/2012 11:56:00,114,20,10,2,15,1
04/23/2012 11:57:00,114,20,9,2,14,1
04/23/2012 11:58:00,114,21,9,2,14,1
04/23/2012 11:59:00,114,20,9,2,14,1
04/23/2012 12:00:00,114,20,10,2,14,1
04/23/2012 12:01:00,114,20,10,2,14,1
04/23/2012 12:02:00,114,19,9,2,14,1
04/23/2012 12:03:00,114,19,10,2,14,1
04/23/2012 12:04:00,114,19,9,2,14,1
04/23/2012 12:05:00,114,20,9,2,14,1
04/23/2012 12:06:00,114,19,10,2,14,1
04/23/2012 12:07:00,114,19,9,2,13,1
04/23/2012 12:08:00,114,18,9,2,13,1
04/23/2012 12:09:00,114,17,9,2,12,1
04/23/2012 12:10:00,114,18,9,2,12,1
04/23/2012 12:11:00,114,17,9,2,13,1
04/23/2012 12:12:00,114,18,9,2,12,1
04/23/2012 12:13:00,114,18,9,2,12,1
04/23/2012 12:14:00,114,19,9,2,13,1
04/23/2012 12:15:00,114,20,9,2,13,1
04/23/2012 12:16:00,114,21,9,2,13,1
04/23/2012 12:17:00,114,21,8,2,13,1
04/23/2012 12:18:00,114,21,8,3,13,1
04/23/2012 12:19:00,114,21,8,3,13,1
04/23/2012 12:20:00,114,22,9,3,13,1
04/23/2012 12:21:00,114,24,9,3,13,1
04/23/2012 12:22:00,114,23,9,3,13,1
04/23/2012 12:23:00,114,24,10,3,13,1
04/23/2012 12:24:00,114,24,10,3,13,1
04/23/2012 12:25:00,114,23,11,3,12,1
04/23/2012 12:26:00,114,24,10,3,12,1
04/23/2012 12:27:00,114,24,11,3,12,1
04/23/2012 12:28:00,114,23,10,3,12,1
04/23/2012 12:29:00,114,23,10,3,13,1
04/23/2012 12:30:00,114,25,13,3,14,1
04/23/2012 12:31:00,114,25,14,3,14,1
04/23/2012 12:32:00,114,26,13,4,14,1
04/23/2012 12:33:00,114,27,13,4,14,1
04/23/2012 12:34:00,114,27,13,4,15,1
04/23/2012 12:35:00,114,27,15,4,15,1
04/23/2012 12:36:00,114,27,15,4,15,1
04/23/2012 12:37:00,114,27,15,4,15,1
04/23/2012 12:38:00,114,26,16,4,16,1
04/23/2012 12:39:00,114,27,17,4,16,1
04/23/2012 12:40:00,114,27,17,4,16,1
04/23/2012 12:41:00,114,27,16,4,15,1
04/23/2012 12:42:00,114,27,16,4,15,1
04/23/2012 12:43:00,114,25,16,4,15,1
04/23/2012 12:44:00,114,27,17,4,16,1
04/23/2012 12:45:00,114,27,17,4,16,1
04/23/2012 12:46:00,114,26,18,4,17,1
04/23/2012 12:47:00,114,28,19,4,18,1
04/23/2012 12:48:00,114,29,20,4,19,1
04/23/2012 12:49:00,114,29,22,4,19,1
04/23/2012 12:50:00,114,28,21,5,19,1
04/23/2012 12:51:00,114,28,21,4,19,1
04/23/2012 12:52:00,114,26,20,4,18,1
04/23/2012 12:53:00,114,24,19,4,18,1
04/23/2012 12:54:00,114,23,20,4,18,1
04/23/2012 12:55:00,114,20,20,4,16,1
04/23/2012 12:56:00,114,19,18,4,14,1
04/23/2012 12:57:00,114,19,15,3,12,1
04/23/2012 12:58:00,114,21,14,3,11,1
04/23/2012 12:59:00,114,19,15,2,12,1
04/23/2012 13:00:00,114,19,15,3,13,1
04/23/2012 13:01:00,114,19,16,3,13,1
04/23/2012 13:02:00,114,20,17,3,13,1
04/23/2012 13:03:00,114,21,16,3,13,1
04/23/2012 13:04:00,114,21,17,3,14,1
04/23/2012 13:05:00,114,20,18,3,15,1
04/23/2012 13:06:00,114,20,18,4,15,1
04/23/2012 13:07:00,114,22,18,4,14,1
04/23/2012 13:08:00,114,22,18,4,15,1
04/23/2012 13:09:00,114,22,21,4,15,1
04/23/2012 13:10:00,114,23,25,5,16,1
04/23/2012 13:11:00,114,25,24,6,14,1
04/23/2012 13:12:00,114,25,23,6,12,1
04/23/2012 13:13:00,114,28,22,6,11,1
04/23/2012 13:14:00,114,27,20,6,10,1
04/23/2012 13:15:00,114,26,21,6,9,1
04/23/2012 13:16:00,114,24,22,6,9,1
04/23/2012 13:17:00,114,23,21,6,9,1
04/23/2012 13:18:00,114,22,21,6,9,1
04/23/2012 13:19:00,114,21,22,6,10,1
04/23/2012 13:20:00,114,21,23,6,10,1
04/23/2012 13:21:00,114,20,23,6,9,1
04/23/2012 13:22:00,114,20,21,6,8,1
04/23/2012 13:23:00,114,21,20,6,8,1
04/23/2012 13:24:00,114,20,21,5,8,1
04/23/2012 13:25:00,114,19,22,6,8,1
04/23/2012 13:26:00,114,20,23,6,8,1
04/23/2012 13:27:00,114,21,23,6,7,1
04/23/2012 13:28:00,114,23,23,6,6,1
04/23/2012 13:29:00,114,24,20,6,6,1
04/23/2012 13:30:00,114,25,20,6,5,1
04/23/2012 13:31:00,114,24,21,5,5,1
04/23/2012 13:32:00,114,23,20,5,5,1
04/23/2012 13:33:00,114,24,19,5,5,1
04/23/2012 13:34:00,114,22,20,5,4,1
04/23/2012 13:35:00,114,21,20,5,5,1
04/23/2012 13:36:00,114,22,22,5,5,1
04/23/2012 13:37:00,114,22,22,5,5,1
04/23/2012 13:38:00,114,22,21,5,5,1
04/23/2012 13:39:00,114,22,22,5,5,1
04/23/2012 13:40:00,114,23,20,5,5,1
04/23/2012 13:41:00,114,24,22,5,6,1
04/23/2012 13:42:00,114,24,24,6,7,1
04/23/2012 13:43:00,114,26,26,6,6,1
04/23/2012 13:44:00,114,27,26,6,7,1
04/23/2012 13:45:00,114,27,26,6,7,1
04/23/2012 13:46:00,114,28,26,6,7,1
04/23/2012 13:47:00,114,28,26,6,7,1
04/23/2012 13:48:00,114,28,26,6,8,1
04/23/2012 13:49:00,114,29,28,6,8,1
04/23/2012 13:50:00,114,29,29,7,9,1
04/23/2012 13:51:00,114,29,30,7,8,1
04/23/2012 13:52:00,114,30,31,7,9,1
04/23/2012 13:53:00,114,31,32,7,8,1
04/23/2012 13:54:00,114,31,32,7,8,1
04/23/2012 13:55:00,114,31,31,7,8,1
04/23/2012 13:56:00,114,30,30,7,7,1
04/23/2012 13:57:00,114,30,30,7,7,1
04/23/2012 13:58:00,114,30,30,7,7,1
04/23/2012 13:59:00,114,28,30,7,7,1
04/23/2012 14:00:00,114,28,30,7,7,1
04/23/2012 14:01:00,114,27,30,6,7,1
04/23/2012 14:02:00,114,27,32,6,7,1
04/23/2012 14:03:00,114,27,32,6,7,1
04/23/2012 14:04:00,114,27,31,6,7,1
04/23/2012 14:05:00,114,28,31,6,7,1
04/23/2012 14:06:00,114,27,31,7,7,1
04/23/2012 14:07:00,114,28,31,7,7,1
04/23/2012 14:08:00,114,30,32,7,6,1
04/23/2012 14:09:00,114,29,32,7,6,1
04/23/2012 14:10:00,114,30,32,7,6,1
04/23/2012 14:11:00,114,30,32,7,6,1
04/23/2012 14:12:00,114,31,33,7,6,1
04/23/2012 14:13:00,114,32,33,7,6,1
04/23/2012 14:14:00,114,32,33,7,6,1
04/23/2012 14:15:00,114,31,33,7,6,1
04/23/2012 14:16:00,114,30,34,7,6,1
04/23/2012 14:17:00,114,30,34,7,6,1
04/23/2012 14:18:00,114,33,34,7,5,1
04/23/2012 14:19:00,114,33,34,7,5,1
04/23/2012 14:20:00,114,32,35,7,5,1
04/23/2012 14:21:00,114,32,35,7,5,1
04/23/2012 14:22:00,114,32,35,7,4,1
04/23/2012 14:23:00,114,31,34,7,4,1
04/23/2012 14:24:00,114,30,35,7,4,1
04/23/2012 14:25:00,114,32,34,7,4,1
04/23/2012 14:26:00,114,32,35,7,3,1
04/23/2012 14:27:00,114,31,35,7,3,1
04/23/2012 14:28:00,114,34,33,7,3,1
04/23/2012 14:29:00,114,32,33,7,2,1
04/23/2012 14:30:00,114,32,33,7,3,1
04/23/2012 14:31:00,114,32,33,6,2,1
04/23/2012 14:32:00,114,32,33,7,2,1
04/23/2012 14:33:00,114,33,33,7,2,1
04/23/2012 14:34:00,114,33,32,7,2,1
04/23/2012 14:35:00,114,34,32,7,2,1
04/23/2012 14:36:00,114,34,32,7,1,1
04/23/2012 14:37:00,114,32,32,7,2,1
04/23/2012 14:38:00,114,32,32,7,1,1
04/23/2012 14:39:00,114,29,33,7,0,1
04/23/2012 14:40:00,114,31,30,6,-1,1
04/23/2012 14:41:00,114,31,31,6,-1,1
04/23/2012 14:42:00,114,29,31,6,-2,1
04/23/2012 14:43:00,114,27,31,5,-2,1
04/23/2012 14:44:00,114,26,33,5,-1,1
04/23/2012 14:45:00,114,26,32,6,-2,1
04/23/2012 14:46:00,114,25,32,6,-1,1
04/23/2012 14:47:00,114,25,33,6,-1,1
04/23/2012 14:48:00,114,26,33,6,-1,1
04/23/2012 14:49:00,114,27,34,6,0,1
04/23/2012 14:50:00,114,27,32,6,-1,1
04/23/2012 14:51:00,114,26,32,6,-1,1
04/23/2012 14:52:00,114,27,33,6,-2,1
04/23/2012 14:53:00,114,27,32,6,-2,1
04/23/2012 14:54:00,114,27,33,6,-1,1
04/23/2012 14:55:00,114,27,34,6,-1,1
04/23/2012 14:56:00,114,27,35,6,0,1
04/23/2012 14:57:00,114,28,34,6,1,1
04/23/2012 14:58:00,114,29,33,6,2,1
04/23/2012 14:59:00,114,31,31,7,2,1
04/23/2012 15:00:00,114,33,31,8,2,1
04/23/2012 15:01:00,114,33,30,8,3,1
04/23/2012 15:02:00,114,34,33,9,3,1
04/23/2012 15:03:00,114,35,36,9,3,1
04/23/2012 15:04:00,114,36,39,9,3,1
04/23/2012 15:05:00,114,40,35,9,3,1
04/23/2012 15:06:00,114,40,38,10,4,1
04/23/2012 15:07:00,114,39,42,10,4,1
04/23/2012 15:08:00,114,39,46,10,5,1
04/23/2012 15:09:00,114,43,47,11,6,1
04/23/2012 15:10:00,114,44,51,12,7,1
04/23/2012 15:11:00,114,46,54,12,7,1
04/23/2012 15:12:00,114,48,56,12,8,1
04/23/2012 15:13:00,114,49,57,12,8,1
04/23/2012 15:14:00,114,48,57,12,9,1
04/23/2012 15:15:00,114,48,55,12,8,1
04/23/2012 15:16:00,114,46,54,11,8,1
04/23/2012 15:17:00,114,43,48,10,7,1
04/23/2012 15:18:00,114,38,44,9,6,1
04/23/2012 15:19:00,114,35,40,9,5,1
04/23/2012 15:20:00,114,34,42,8,5,1
04/23/2012 15:21:00,114,33,42,8,5,1
04/23/2012 15:22:00,114,31,44,7,5,1
04/23/2012 15:23:00,114,31,46,7,6,1
04/23/2012 15:24:00,114,30,47,7,5,1
04/23/2012 15:25:00,114,30,47,7,3,1
04/23/2012 15:26:00,114,31,45,6,2,1
04/23/2012 15:27:00,114,31,44,6,2,1
04/23/2012 15:28:00,114,30,46,5,1,1
04/23/2012 15:29:00,114,28,47,5,2,1
04/23/2012 15:30:00,114,26,49,5,2,1
04/23/2012 15:31:00,114,26,49,6,3,1
04/23/2012 15:32:00,114,27,48,6,3,1
04/23/2012 15:33:00,114,27,50,6,3,1
04/23/2012 15:34:00,114,27,47,6,4,1
04/23/2012 15:35:00,114,27,46,6,3,1
04/23/2012 15:36:00,114,28,47,6,4,1
04/23/2012 15:37:00,114,30,46,6,4,1
04/23/2012 15:38:00,114,31,44,5,4,1
04/23/2012 15:39:00,114,33,43,5,5,1
04/23/2012 15:40:00,114,34,43,5,5,1
04/23/2012 15:41:00,114,34,43,5,5,1
04/23/2012 15:42:00,114,34,43,5,5,1
04/23/2012 15:43:00,114,34,43,5,5,1
04/23/2012 15:44:00,114,34,44,5,5,1
04/23/2012 15:45:00,114,35,46,5,5,1
04/23/2012 15:46:00,114,36,47,5,6,1
04/23/2012 15:47:00,114,35,49,4,7,1
04/23/2012 15:48:00,114,35,49,4,8,1
04/23/2012 15:49:00,114,33,48,4,9,1
04/23/2012 15:50:00,114,31,47,5,9,1
04/23/2012 15:51:00,114,33,45,5,10,1
04/23/2012 15:52:00,114,35,45,5,12,1
04/23/2012 15:53:00,114,35,44,5,11,1
04/23/2012 15:54:00,114,37,44,5,11,1
04/23/2012 15:55:00,114,38,46,5,10,1
04/23/2012 15:56:00,114,38,50,4,9,1
04/23/2012 15:57:00,114,38,53,4,8,1
04/23/2012 15:58:00,114,37,55,4,8,1
04/23/2012 15:59:00,114,38,57,4,8,1
04/23/2012 16:00:00,114,39,58,4,9,1
04/23/2012 16:01:00,114,39,59,3,9,1
04/23/2012 16:02:00,114,39,58,3,9,1
04/23/2012 16:03:00,114,40,58,3,9,1
04/23/2012 16:04:00,114,38,57,3,10,1
04/23/2012 16:05:00,114,39,58,3,10,1
04/23/2012 16:06:00,114,40,59,3,10,1
04/23/2012 16:07:00,114,42,60,2,10,1
04/23/2012 16:08:00,114,45,62,2,10,1
04/23/2012 16:09:00,114,46,63,2,10,1
04/23/2012 16:10:00,114,48,63,2,9,1
04/23/2012 16:11:00,114,49,64,1,9,1
04/23/2012 16:12:00,114,50,64,1,9,1
04/23/2012 16:13:00,114,51,65,1,10,1
04/23/2012 16:14:00,114,51,64,1,10,1
04/23/2012 16:15:00,114,51,64,1,11,1
04/23/2012 16:16:00,114,51,62,1,11,1
04/23/2012 16:17:00,114,49,62,1,12,1
04/23/2012 16:18:00,114,49,62,1,12,1
04/23/2012 16:19:00,114,47,60,1,12,1
04/23/2012 16:20:00,114,46,59,1,12,1
04/23/2012 16:21:00,114,44,59,2,13,1
04/23/2012 16:22:00,114,42,59,2,13,1
04/23/2012 16:23:00,114,40,57,2,14,1
04/23/2012 16:24:00,114,38,56,2,15,1
04/23/2012 16:25:00,114,36,53,3,16,1
04/23/2012 16:26:00,114,37,53,3,17,1
04/23/2012 16:27:00,114,38,52,4,18,1
04/23/2012 16:28:00,114,39,52,4,19,1
04/23/2012 16:29:00,114,39,51,4,20,1
04/23/2012 16:30:00,114,39,50,5,20,1
04/23/2012 16:31:00,114,41,49,5,21,1
04/23/2012 16:32:00,114,42,50,5,21,1
04/23/2012 16:33:00,114,42,51,5,20,1
04/23/2012 16:34:00,114,42,51,5,19,1
04/23/2012 16:35:00,114,43,51,5,17,1
04/23/2012 16:36:00,114,44,55,4,15,1
04/23/2012 16:37:00,114,43,58,3,13,1
04/23/2012 16:38:00,114,40,61,2,12,1
04/23/2012 16:39:00,114,38,62,2,11,1
04/23/2012 16:40:00,114,37,60,3,10,1
04/23/2012 16:41:00,114,37,59,3,9,1
04/23/2012 16:42:00,114,37,59,3,10,1
04/23/2012 16:43:00,114,38,60,3,10,1
04/23/2012 16:44:00,114,38,60,3,11,1
04/23/2012 16:45:00,114,38,61,3,12,1
04/23/2012 16:46:00,114,38,61,3,12,1
04/23/2012 16:47:00,114,38,61,3,12,1
04/23/2012 16:48:00,114,37,61,2,12,1
04/23/2012 16:49:00,114,37,61,2,13,1
04/23/2012 16:50:00,114,38,62,2,13,1
04/23/2012 16:51:00,114,38,61,2,13,1
04/23/2012 16:52:00,114,38,61,3,13,1
04/23/2012 16:53:00,114,38,60,2,13,1
04/23/2012 16:54:00,114,39,60,2,12,1
04/23/2012 16:55:00,114,41,60,2,11,1
04/23/2012 16:56:00,114,41,60,1,10,1
04/23/2012 16:57:00,114,42,60,1,9,1
04/23/2012 16:58:00,114,42,60,1,8,1
04/23/2012 16:59:00,114,43,60,1,7,1
04/23/2012 17:00:00,114,44,60,1,6,1
04/23/2012 17:01:00,114,44,59,1,6,1
04/23/2012 17:02:00,114,44,58,1,5,1
04/23/2012 17:03:00,114,43,57,1,5,1
04/23/2012 17:04:00,114,43,56,1,5,1
04/23/2012 17:05:00,114,42,57,0,5,1
04/23/2012 17:06:00,114,42,56,0,5,1
04/23/2012 17:07:00,114,42,57,0,6,1
04/23/2012 17:08:00,114,40,55,0,6,1
04/23/2012 17:09:00,114,40,53,0,6,1
04/23/2012 17:10:00,114,39,54,1,7,1
04/23/2012 17:11:00,114,38,53,1,8,1
04/23/2012 17:12:00,114,37,52,1,8,1
04/23/2012 17:13:00,114,37,52,1,9,1
04/23/2012 17:14:00,114,37,52,1,9,1
04/23/2012 17:15:00,114,36,52,0,9,1
04/23/2012 17:16:00,114,36,50,0,9,1
04/23/2012 17:17:00,114,36,50,0,9,1
04/23/2012 17:18:00,114,35,50,1,10,1
04/23/2012 17:19:00,114,34,49,0,10,1
04/23/2012 17:20:00,114,33,49,0,11,1
04/23/2012 17:21:00,114,32,48,0,12,1
04/23/2012 17:22:00,114,31,48,1,12,1
04/23/2012 17:23:00,114,32,47,1,12,1
04/23/2012 17:24:00,114,32,46,1,12,1
04/23/2012 17:25:00,114,32,46,1,11,1
04/23/2012 17:26:00,114,32,47,1,12,1
04/23/2012 17:27:00,114,31,47,1,11,1
04/23/2012 17:28:00,114,30,46,1,11,1
04/23/2012 17:29:00,114,30,45,1,11,1
04/23/2012 17:30:00,114,29,44,1,10,1
04/23/2012 17:31:00,114,31,46,0,10,1
04/23/2012 17:32:00,114,29,46,1,11,1
04/23/2012 17:33:00,114,29,44,1,11,1
04/23/2012 17:34:00,114,29,42,1,12,1
04/23/2012 17:35:00,114,31,44,1,13,1
04/23/2012 17:36:00,114,30,43,2,14,1
04/23/2012 17:37:00,114,30,42,1,15,1
04/23/2012 17:38:00,114,32,43,2,16,1
04/23/2012 17:39:00,114,31,42,2,17,1
04/23/2012 17:40:00,114,31,41,2,17,1
04/23/2012 17:41:00,114,32,42,2,17,1
04/23/2012 17:42:00,114,31,41,2,17,1
04/23/2012 17:43:00,114,31,41,2,17,1
04/23/2012 17:44:00,114,31,41,2,17,1
04/23/2012 17:45:00,114,31,41,2,18,1
04/23/2012 17:46:00,114,32,42,2,18,1
04/23/2012 17:47:00,114,31,42,2,19,1
04/23/2012 17:48:00,114,32,42,2,19,1
04/23/2012 17:49:00,114,31,42,3,17,1
04/23/2012 17:50:00,114,30,41,2,17,1
04/23/2012 17:51:00,114,30,43,2,17,1
04/23/2012 17:52:00,114,31,44,2,18,1
04/23/2012 17:53:00,114,30,43,2,17,1
04/23/2012 17:54:00,114,30,42,3,18,1
04/23/2012 17:55:00,114,30,42,3,17,1
04/23/2012 17:56:00,114,30,43,3,18,1
04/23/2012 17:57:00,114,30,43,3,18,1
04/23/2012 17:58:00,114,30,42,2,17,1
04/23/2012 17:59:00,114,30,43,3,16,1
04/23/2012 18:00:00,114,30,43,2,15,1
04/23/2012 18:01:00,114,29,44,2,14,1
04/23/2012 18:02:00,114,29,45,2,13,1
04/23/2012 18:03:00,114,29,44,2,12,1
04/23/2012 18:04:00,114,28,43,2,11,1
04/23/2012 18:05:00,114,27,42,2,10,1
04/23/2012 18:06:00,114,28,41,3,9,1
04/23/2012 18:07:00,114,27,39,3,9,1
04/23/2012 18:08:00,114,28,39,3,9,1
04/23/2012 18:09:00,114,28,38,3,8,1
04/23/2012 18:10:00,114,28,37,3,8,1
04/23/2012 18:11:00,114,28,36,3,8,1
04/23/2012 18:12:00,114,28,36,3,8,1
04/23/2012 18:13:00,114,28,35,3,8,1
04/23/2012 18:14:00,114,29,35,3,8,1
04/23/2012 18:15:00,114,29,34,3,9,1
04/23/2012 18:16:00,114,29,34,3,9,1
04/23/2012 18:17:00,114,30,34,3,8,1
04/23/2012 18:18:00,114,30,33,3,8,1
04/23/2012 18:19:00,114,30,33,3,8,1
04/23/2012 18:20:00,114,30,35,3,8,1
04/23/2012 18:21:00,114,30,36,2,7,1
04/23/2012 18:22:00,114,30,37,3,6,1
04/23/2012 18:23:00,114,30,38,3,6,1
04/23/2012 18:24:00,114,30,39,3,5,1
04/23/2012 18:25:00,114,30,38,3,4,1
04/23/2012 18:26:00,114,30,39,3,3,1
04/23/2012 18:27:00,114,30,38,3,2,1
04/23/2012 18:28:00,114,30,38,3,1,1
04/23/2012 18:29:00,114,30,38,3,0,1
04/23/2012 18:30:00,114,30,38,3,-2,1
04/23/2012 18:31:00,114,30,40,3,-2,1
04/23/2012 18:32:00,114,30,40,3,-3,1
04/23/2012 18:33:00,114,30,40,3,-3,1
04/23/2012 18:34:00,114,30,40,3,-4,1
04/23/2012 18:35:00,114,31,39,3,-5,1
04/23/2012 18:36:00,114,31,41,3,-4,1
04/23/2012 18:37:00,114,32,42,3,-4,1
04/23/2012 18:38:00,114,34,42,3,-4,1
04/23/2012 18:39:00,114,36,43,3,-4,1
04/23/2012 18:40:00,114,36,44,2,-5,1
04/23/2012 18:41:00,114,37,44,2,-5,1
04/23/2012 18:42:00,114,37,46,2,-5,1
04/23/2012 18:43:00,114,38,45,2,-5,1
04/23/2012 18:44:00,114,39,43,2,-6,1
04/23/2012 18:45:00,114,44,43,3,-7,1
04/23/2012 18:46:00,114,48,48,3,-6,1
04/23/2012 18:47:00,114,53,52,3,-7,1
04/23/2012 18:48:00,114,57,58,3,-7,1
04/23/2012 18:49:00,114,59,60,3,-7,1
04/23/2012 18:50:00,114,62,65,3,-8,1
04/23/2012 18:51:00,114,65,70,3,-8,1
04/23/2012 18:52:00,114,68,75,3,-7,1
04/23/2012 18:53:00,114,68,79,3,-7,1
04/23/2012 18:54:00,114,68,80,3,-7,1
04/23/2012 18:55:00,114,70,83,3,-7,1
04/23/2012 18:56:00,114,70,85,3,-7,1
04/23/2012 18:57:00,114,70,87,2,-7,1
04/23/2012 18:58:00,114,69,89,2,-7,1
04/23/2012 18:59:00,114,69,91,2,-6,1
04/23/2012 19:00:00,114,69,93,2,-7,1
04/23/2012 19:01:00,114,69,93,1,-7,1
04/23/2012 19:02:00,114,67,94,1,-8,1
04/23/2012 19:03:00,114,67,92,0,-8,1
04/23/2012 19:04:00,114,65,93,0,-9,1
04/23/2012 19:05:00,114,65,91,0,-10,1
04/23/2012 19:06:00,114,64,91,0,-10,1
04/23/2012 19:07:00,114,62,90,0,-11,1
04/23/2012 19:08:00,114,61,89,0,-11,1
04/23/2012 19:09:00,114,58,88,0,-11,1
04/23/2012 19:10:00,114,57,88,0,-12,1
04/23/2012 19:11:00,114,55,87,0,-13,1
04/23/2012 19:12:00,114,54,85,0,-14,1
04/23/2012 19:13:00,114,52,84,0,-15,1
04/23/2012 19:14:00,114,52,84,0,-16,1
04/23/2012 19:15:00,114,51,83,0,-16,1
04/23/2012 19:16:00,114,51,84,0,-18,1
04/23/2012 19:17:00,114,50,83,0,-18,1
04/23/2012 19:18:00,114,49,82,0,-19,1
04/23/2012 19:19:00,114,50,80,0,-20,1
04/23/2012 19:20:00,114,51,80,1,-21,1
04/23/2012 19:21:00,114,52,81,1,-22,1
04/23/2012 19:22:00,114,52,80,1,-23,1
04/23/2012 19:23:00,114,52,79,1,-23,1
04/23/2012 19:24:00,114,52,78,1,-24,1
04/23/2012 19:25:00,114,52,77,1,-25,1
04/23/2012 19:26:00,114,52,77,1,-25,1
04/23/2012 19:27:00,114,52,75,0,-26,1
04/23/2012 19:28:00,114,52,74,0,-27,1
04/23/2012 19:29:00,114,52,74,1,-28,1
04/23/2012 19:30:00,114,53,73,1,-28,1
04/23/2012 19:31:00,114,53,71,0,-29,1
04/23/2012 19:32:00,114,54,68,0,-29,1
04/23/2012 19:33:00,114,54,68,0,-29,1
04/23/2012 19:34:00,114,54,67,0,-30,1
04/23/2012 19:35:00,114,55,66,0,-30,1
04/23/2012 19:36:00,114,54,64,0,-29,1
04/23/2012 19:37:00,114,54,64,0,-30,1
04/23/2012 19:38:00,114,53,63,-1,-30,1
04/23/2012 19:39:00,114,53,62,-1,-30,1
04/23/2012 19:40:00,114,53,61,-1,-30,1
04/23/2012 19:41:00,114,51,62,-2,-31,1
04/23/2012 19:42:00,114,52,62,-2,-31,1
04/23/2012 19:43:00,114,51,62,-2,-31,1
04/23/2012 19:44:00,114,50,61,-1,-32,1
04/23/2012 19:45:00,114,50,62,-2,-33,1
04/23/2012 19:46:00,114,50,63,-2,-32,1
04/23/2012 19:47:00,114,50,63,-2,-33,1
04/23/2012 19:48:00,114,51,63,-2,-32,1
04/23/2012 19:49:00,114,51,63,-2,-33,1
04/23/2012 19:50:00,114,50,65,-2,-33,1
04/23/2012 19:51:00,114,50,64,-2,-33,1
04/23/2012 19:52:00,114,51,65,-2,-33,1
04/23/2012 19:53:00,114,50,67,-3,-33,1
04/23/2012 19:54:00,114,48,67,-3,-33,1
04/23/2012 19:55:00,114,48,66,-3,-33,1
04/23/2012 19:56:00,114,47,68,-3,-33,1
04/23/2012 19:57:00,114,47,67,-4,-33,1
04/23/2012 19:58:00,114,48,70,-4,-34,1
04/23/2012 19:59:00,114,48,70,-4,-34,1
04/23/2012 20:00:00,114,48,70,-4,-34,1
04/23/2012 20:01:00,114,48,72,-4,-35,1
04/23/2012 20:02:00,114,49,73,-4,-35,1
04/23/2012 20:03:00,114,49,74,-4,-36,1
04/23/2012 20:04:00,114,49,74,-4,-37,1
04/23/2012 20:05:00,114,49,75,-5,-37,1
04/23/2012 20:06:00,114,50,76,-5,-38,1
04/23/2012 20:07:00,114,50,77,-5,-38,1
04/23/2012 20:08:00,114,50,77,-5,-38,1
04/23/2012 20:09:00,114,52,78,-5,-38,1
04/23/2012 20:10:00,114,53,77,-5,-39,1
04/23/2012 20:11:00,114,52,78,-6,-39,1
04/23/2012 20:12:00,114,54,78,-6,-40,1
04/23/2012 20:13:00,114,54,76,-6,-40,1
04/23/2012 20:14:00,114,55,77,-6,-40,1
04/23/2012 20:15:00,114,55,76,-6,-41,1
04/23/2012 20:16:00,114,56,75,-6,-41,1
04/23/2012 20:17:00,114,55,75,-6,-42,1
04/23/2012 20:18:00,114,57,73,-6,-41,1
04/23/2012 20:19:00,114,58,74,-5,-40,1
04/23/2012 20:20:00,114,58,73,-6,-40,1
04/23/2012 20:21:00,114,58,72,-5,-39,1
04/23/2012 20:22:00,114,61,71,-5,-38,1
04/23/2012 20:23:00,114,64,71,-6,-38,1
04/23/2012 20:24:00,114,67,71,-6,-38,1
04/23/2012 20:25:00,114,67,71,-6,-38,1
04/23/2012 20:26:00,114,68,70,-7,-39,1
04/23/2012 20:27:00,114,70,69,-7,-39,1
04/23/2012 20:28:00,114,70,68,-7,-39,1
04/23/2012 20:29:00,114,69,67,-7,-40,1
04/23/2012 20:30:00,114,69,65,-7,-40,1
04/23/2012 20:31:00,114,68,63,-7,-41,1
04/23/2012 20:32:00,114,67,62,-7,-41,1
04/23/2012 20:33:00,114,67,60,-7,-41,1
04/23/2012 20:34:00,114,67,59,-7,-42,1
04/23/2012 20:35:00,114,69,59,-7,-41,1
04/23/2012 20:36:00,114,70,58,-8,-41,1
04/23/2012 20:37:00,114,71,58,-8,-41,1
04/23/2012 20:38:00,114,70,58,-8,-42,1
04/23/2012 20:39:00,114,70,58,-8,-43,1
04/23/2012 20:40:00,114,70,58,-8,-43,1
04/23/2012 20:41:00,114,70,59,-9,-43,1
04/23/2012 20:42:00,114,70,60,-9,-43,1
04/23/2012 20:43:00,114,71,61,-9,-42,1
04/23/2012 20:44:00,114,70,61,-10,-42,1
04/23/2012 20:45:00,114,70,62,-10,-43,1
04/23/2012 20:46:00,114,70,62,-10,-43,1
04/23/2012 20:47:00,114,68,63,-10,-43,1
04/23/2012 20:48:00,114,68,64,-11,-44,1
04/23/2012 20:49:00,114,68,65,-11,-44,1
04/23/2012 20:50:00,114,68,65,-11,-44,1
04/23/2012 20:51:00,114,68,67,-11,-44,1
04/23/2012 20:52:00,114,69,67,-11,-44,1
04/23/2012 20:53:00,114,69,67,-11,-44,1
04/23/2012 20:54:00,114,69,68,-11,-44,1
04/23/2012 20:55:00,114,69,69,-12,-45,1
04/23/2012 20:56:00,114,70,69,-12,-45,1
04/23/2012 20:57:00,114,71,70,-12,-46,1
04/23/2012 20:58:00,114,71,70,-12,-47,1
04/23/2012 20:59:00,114,71,72,-12,-48,1
04/23/2012 21:00:00,114,71,72,-12,-48,1
04/23/2012 21:01:00,114,71,72,-12,-49,1
04/23/2012 21:02:00,114,72,74,-12,-49,1
04/23/2012 21:03:00,114,73,74,-12,-49,1
04/23/2012 21:04:00,114,73,75,-12,-49,1
04/23/2012 21:05:00,114,73,76,-12,-50,1
04/23/2012 21:06:00,114,74,74,-12,-50,1
04/23/2012 21:07:00,114,74,74,-13,-51,1
04/23/2012 21:08:00,114,75,75,-12,-51,1
04/23/2012 21:09:00,114,76,75,-12,-51,1
04/23/2012 21:10:00,114,76,75,-12,-52,1
04/23/2012 21:11:00,114,74,75,-12,-52,1
04/23/2012 21:12:00,114,74,74,-12,-53,1
04/23/2012 21:13:00,114,75,73,-12,-53,1
04/23/2012 21:14:00,114,77,73,-12,-53,1
04/23/2012 21:15:00,114,77,73,-13,-53,1
04/23/2012 21:16:00,114,77,72,-13,-54,1
04/23/2012 21:17:00,114,76,71,-12,-54,1
04/23/2012 21:18:00,114,76,70,-12,-55,1
04/23/2012 21:19:00,114,77,69,-12,-55,1
04/23/2012 21:20:00,114,76,69,-12,-56,1
04/23/2012 21:21:00,114,75,67,-12,-56,1
04/23/2012 21:22:00,114,76,66,-12,-57,1
04/23/2012 21:23:00,114,76,65,-11,-57,1
04/23/2012 21:24:00,114,77,63,-12,-57,1
04/23/2012 21:25:00,114,78,62,-12,-57,1
04/23/2012 21:26:00,114,80,60,-12,-58,1
04/23/2012 21:27:00,114,81,59,-12,-58,1
04/23/2012 21:28:00,114,81,58,-12,-59,1
04/23/2012 21:29:00,114,82,56,-12,-59,1
04/23/2012 21:30:00,114,80,53,-11,-60,1
04/23/2012 21:31:00,114,80,53,-11,-60,1
04/23/2012 21:32:00,114,82,52,-11,-59,1
04/23/2012 21:33:00,114,83,52,-11,-59,1
04/23/2012 21:34:00,114,85,51,-11,-58,1
04/23/2012 21:35:00,114,84,52,-11,-59,1
04/23/2012 21:36:00,114,84,52,-11,-59,1
04/23/2012 21:37:00,114,85,53,-11,-59,1
04/23/2012 21:38:00,114,85,53,-11,-59,1
04/23/2012 21:39:00,114,84,54,-11,-60,1
04/23/2012 21:40:00,114,83,54,-11,-61,1
04/23/2012 21:41:00,114,82,54,-11,-62,1
04/23/2012 21:42:00,114,82,54,-11,-63,1
04/23/2012 21:43:00,114,82,55,-11,-63,1
04/23/2012 21:44:00,114,82,56,-10,-63,1
04/23/2012 21:45:00,114,82,57,-10,-63,1
04/23/2012 21:46:00,114,82,58,-10,-62,1
04/23/2012 21:47:00,114,83,58,-9,-63,1
04/23/2012 21:48:00,114,85,59,-9,-62,1
04/23/2012 21:49:00,114,86,60,-10,-62,1
04/23/2012 21:50:00,114,87,61,-10,-63,1
04/23/2012 21:51:00,114,89,61,-10,-62,1
04/23/2012 21:52:00,114,91,60,-10,-63,1
04/23/2012 21:53:00,114,92,60,-10,-63,1
04/23/2012 21:54:00,114,95,61,-10,-64,1
04/23/2012 21:55:00,114,97,61,-10,-64,1
04/23/2012 21:56:00,114,99,61,-11,-64,1
04/23/2012 21:57:00,114,101,61,-11,-65,1
04/23/2012 21:58:00,114,102,61,-11,-65,1
04/23/2012 21:59:00,114,104,62,-11,-66,1
04/23/2012 22:00:00,114,106,61,-11,-68,1
04/23/2012 22:01:00,114,106,61,-11,-67,1
04/23/2012 22:02:00,114,104,62,-10,-68,1
04/23/2012 22:03:00,114,103,62,-10,-68,1
04/23/2012 22:04:00,114,102,62,-10,-68,1
04/23/2012 22:05:00,114,99,62,-10,-68,1
04/23/2012 22:06:00,114,98,62,-10,-68,1
04/23/2012 22:07:00,114,98,64,-10,-68,1
04/23/2012 22:08:00,114,96,65,-10,-68,1
04/23/2012 22:09:00,114,92,66,-10,-68,1
04/23/2012 22:10:00,114,91,67,-10,-68,1
04/23/2012 22:11:00,114,92,68,-11,-68,1
04/23/2012 22:12:00,114,91,67,-10,-67,1
04/23/2012 22:13:00,114,91,68,-11,-67,1
04/23/2012 22:14:00,114,91,69,-11,-67,1
04/23/2012 22:15:00,114,90,69,-11,-68,1
04/23/2012 22:16:00,114,89,71,-11,-68,1
04/23/2012 22:17:00,114,88,70,-11,-69,1
04/23/2012 22:18:00,114,87,70,-11,-69,1
04/23/2012 22:19:00,114,85,70,-11,-70,1
04/23/2012 22:20:00,114,85,70,-11,-70,1
04/23/2012 22:21:00,114,83,69,-11,-71,1
04/23/2012 22:22:00,114,81,69,-11,-72,1
04/23/2012 22:23:00,114,81,69,-11,-73,1
04/23/2012 22:24:00,114,83,69,-11,-73,1
04/23/2012 22:25:00,114,82,67,-12,-74,1
04/23/2012 22:26:00,114,82,67,-12,-74,1
04/23/2012 22:27:00,114,85,66,-11,-74,1
04/23/2012 22:28:00,114,87,66,-12,-74,1
04/23/2012 22:29:00,114,87,66,-12,-74,1
04/23/2012 22:30:00,114,89,65,-12,-73,1
04/23/2012 22:31:00,114,90,64,-12,-74,1
04/23/2012 22:32:00,114,91,64,-12,-74,1
04/23/2012 22:33:00,114,93,64,-12,-74,1
04/23/2012 22:34:00,114,95,64,-12,-74,1
04/23/2012 22:35:00,114,97,65,-12,-74,1
04/23/2012 22:36:00,114,97,67,-11,-74,1
04/23/2012 22:37:00,114,98,68,-12,-74,1
04/23/2012 22:38:00,114,97,68,-12,-74,1
04/23/2012 22:39:00,114,96,68,-12,-74,1
04/23/2012 22:40:00,114,94,67,-12,-74,1
04/23/2012 22:41:00,114,93,67,-12,-74,1
04/23/2012 22:42:00,114,92,66,-12,-75,1
04/23/2012 22:43:00,114,94,66,-12,-76,1
04/23/2012 22:44:00,114,93,66,-12,-77,1
04/23/2012 22:45:00,114,94,66,-11,-77,1
04/23/2012 22:46:00,114,97,65,-11,-78,1
04/23/2012 22:47:00,114,99,66,-11,-78,1
04/23/2012 22:48:00,114,98,65,-10,-78,1
04/23/2012 22:49:00,114,100,64,-10,-79,1
04/23/2012 22:50:00,114,100,64,-10,-79,1
04/23/2012 22:51:00,114,100,64,-9,-79,1
04/23/2012 22:52:00,114,102,64,-9,-79,1
04/23/2012 22:53:00,114,101,64,-9,-79,1
04/23/2012 22:54:00,114,99,64,-9,-79,1
04/23/2012 22:55:00,114,97,64,-9,-79,1
04/23/2012 22:56:00,114,94,63,-9,-78,1
04/23/2012 22:57:00,114,93,63,-9,-78,1
04/23/2012 22:58:00,114,91,62,-10,-77,1
04/23/2012 22:59:00,114,90,61,-10,-78,1
04/23/2012 23:00:00,114,88,60,-10,-78,1
04/23/2012 23:01:00,114,84,60,-9,-79,1
04/23/2012 23:02:00,114,83,61,-10,-80,1
04/23/2012 23:03:00,114,82,62,-10,-80,1
04/23/2012 23:04:00,114,80,62,-10,-81,1
04/23/2012 23:05:00,114,77,63,-10,-80,1
04/23/2012 23:06:00,114,76,62,-10,-81,1
04/23/2012 23:07:00,114,75,63,-10,-81,1
04/23/2012 23:08:00,114,70,62,-10,-82,1
04/23/2012 23:09:00,114,67,62,-10,-82,1
04/23/2012 23:10:00,114,63,60,-9,-83,1
04/23/2012 23:11:00,114,60,58,-9,-83,1
04/23/2012 23:12:00,114,57,57,-9,-83,1
04/23/2012 23:13:00,114,55,56,-9,-83,1
04/23/2012 23:14:00,114,54,56,-9,-82,1
04/23/2012 23:15:00,114,53,56,-9,-83,1
04/23/2012 23:16:00,114,51,57,-10,-82,1
04/23/2012 23:17:00,114,49,58,-11,-83,1
04/23/2012 23:18:00,114,49,58,-11,-83,1
04/23/2012 23:19:00,114,48,60,-12,-84,1
04/23/2012 23:20:00,114,46,62,-13,-85,1
04/23/2012 23:21:00,114,43,64,-13,-86,1
04/23/2012 23:22:00,114,42,66,-13,-86,1
04/23/2012 23:23:00,114,41,69,-13,-86,1
04/23/2012 23:24:00,114,42,73,-13,-86,1
04/23/2012 23:25:00,114,45,75,-13,-86,1
04/23/2012 23:26:00,114,49,79,-13,-86,1
04/23/2012 23:27:00,114,48,80,-13,-86,1
04/23/2012 23:28:00,114,49,80,-13,-86,1
04/23/2012 23:29:00,114,50,80,-13,-87,1
04/23/2012 23:30:00,114,51,79,-13,-87,1
04/23/2012 23:31:00,114,52,78,-13,-86,1
04/23/2012 23:32:00,114,52,76,-12,-87,1
04/23/2012 23:33:00,114,54,75,-11,-87,1
04/23/2012 23:34:00,114,55,75,-10,-87,1
04/23/2012 23:35:00,114,55,72,-10,-87,1
04/23/2012 23:36:00,114,56,71,-9,-88,1
04/23/2012 23:37:00,114,57,71,-8,-88,1
04/23/2012 23:38:00,114,57,71,-7,-89,1
04/23/2012 23:39:00,114,53,69,-6,-89,1
04/23/2012 23:40:00,114,55,67,-5,-88,1
04/23/2012 23:41:00,114,57,65,-4,-89,1
04/23/2012 23:42:00,114,57,62,-3,-89,1
04/23/2012 23:43:00,114,60,58,-3,-89,1
04/23/2012 23:44:00,114,63,56,-3,-91,1
04/23/2012 23:45:00,114,65,54,-2,-91,1
04/23/2012 23:46:00,114,70,52,-2,-92,1
04/23/2012 23:47:00,114,78,51,0,-93,1
04/23/2012 23:48:00,114,86,50,1,-92,1
04/23/2012 23:49:00,114,100,55,4,-91,1
04/23/2012 23:50:00,114,112,61,7,-91,1
04/23/2012 23:51:00,114,121,71,9,-90,1
04/23/2012 23:52:00,114,128,84,11,-87,1
04/23/2012 23:53:00,114,136,93,13,-86,1
04/23/2012 23:54:00,114,140,108,14,-84,1
04/23/2012 23:55:00,114,137,117,14,-81,1
04/23/2012 23:56:00,114,132,128,14,-80,1
04/23/2012 23:57:00,114,119,137,12,-78,1
04/23/2012 23:58:00,114,101,137,10,-77,1
04/23/2012 23:59:00,114,83,135,7,-77,1
04/24/2012 00:00:00,115,65,131,4,-77,1
04/24/2012 00:01:00,115,46,120,1,-78,1
04/24/2012 00:02:00,115,37,109,-1,-79,1
04/24/2012 00:03:00,115,34,98,-4,-80,1
04/24/2012 00:04:00,115,31,87,-6,-81,1
04/24/2012 00:05:00,115,30,79,-8,-82,1
04/24/2012 00:06:00,115,32,72,-10,-84,1
04/24/2012 00:07:00,115,34,64,-11,-84,1
04/24/2012 00:08:00,115,35,59,-12,-86,1
04/24/2012 00:09:00,115,34,60,-13,-88,1
04/24/2012 00:10:00,115,33,62,-13,-89,1
04/24/2012 00:11:00,115,32,64,-13,-89,1
04/24/2012 00:12:00,115,30,66,-13,-90,1
04/24/2012 00:13:00,115,28,68,-13,-91,1
04/24/2012 00:14:00,115,26,69,-13,-91,1
04/24/2012 00:15:00,115,24,73,-12,-91,1
04/24/2012 00:16:00,115,23,75,-12,-92,1
04/24/2012 00:17:00,115,23,77,-12,-92,1
04/24/2012 00:18:00,115,32,81,-11,-91,1
04/24/2012 00:19:00,115,40,83,-11,-91,1
04/24/2012 00:20:00,115,44,85,-11,-91,1
04/24/2012 00:21:00,115,45,85,-11,-92,1
04/24/2012 00:22:00,115,47,86,-10,-93,1
04/24/2012 00:23:00,115,46,86,-11,-93,1
04/24/2012 00:24:00,115,42,82,-11,-92,1
04/24/2012 00:25:00,115,40,78,-11,-92,1
04/24/2012 00:26:00,115,39,76,-10,-91,1
04/24/2012 00:27:00,115,39,72,-9,-90,1
04/24/2012 00:28:00,115,37,68,-9,-88,1
04/24/2012 00:29:00,115,35,71,-7,-86,1
04/24/2012 00:30:00,115,36,79,-7,-84,1
04/24/2012 00:31:00,115,39,82,-8,-84,1
04/24/2012 00:32:00,115,41,79,-9,-85,1
04/24/2012 00:33:00,115,46,75,-10,-86,1
04/24/2012 00:34:00,115,55,74,-10,-88,1
04/24/2012 00:35:00,115,64,75,-9,-91,1
04/24/2012 00:36:00,115,65,76,-7,-94,1
04/24/2012 00:37:00,115,65,76,-5,-97,1
04/24/2012 00:38:00,115,66,77,-1,-99,1
04/24/2012 00:39:00,115,66,78,3,-100,1
04/24/2012 00:40:00,115,69,81,5,-100,1
04/24/2012 00:41:00,115,82,84,7,-100,1
04/24/2012 00:42:00,115,96,84,9,-98,1
04/24/2012 00:43:00,115,108,86,11,-98,1
04/24/2012 00:44:00,115,117,86,12,-97,1
04/24/2012 00:45:00,115,126,85,13,-97,1
04/24/2012 00:46:00,115,133,85,14,-97,1
04/24/2012 00:47:00,115,144,88,15,-97,1
04/24/2012 00:48:00,115,154,97,16,-97,1
04/24/2012 00:49:00,115,160,107,17,-96,1
04/24/2012 00:50:00,115,164,115,17,-95,1
04/24/2012 00:51:00,115,165,124,17,-94,1
04/24/2012 00:52:00,115,163,130,17,-93,1
04/24/2012 00:53:00,115,159,133,17,-93,1
04/24/2012 00:54:00,115,152,140,17,-93,1
04/24/2012 00:55:00,115,146,148,16,-92,1
04/24/2012 00:56:00,115,140,151,15,-92,1
04/24/2012 00:57:00,115,132,155,14,-91,1
04/24/2012 00:58:00,115,122,153,13,-91,1
04/24/2012 00:59:00,115,114,149,12,-91,1
04/24/2012 01:00:00,115,107,145,11,-92,1
04/24/2012 01:01:00,115,101,142,10,-93,1
04/24/2012 01:02:00,115,97,141,9,-93,1
04/24/2012 01:03:00,115,90,139,8,-94,1
04/24/2012 01:04:00,115,85,137,8,-94,1
04/24/2012 01:05:00,115,78,135,7,-94,1
04/24/2012 01:06:00,115,75,131,7,-95,1
04/24/2012 01:07:00,115,72,128,6,-94,1
04/24/2012 01:08:00,115,70,127,5,-94,1
04/24/2012 01:09:00,115,68,126,5,-93,1
04/24/2012 01:10:00,115,66,125,4,-94,1
04/24/2012 01:11:00,115,65,124,4,-93,1
04/24/2012 01:12:00,115,62,124,4,-92,1
04/24/2012 01:13:00,115,59,124,3,-92,1
04/24/2012 01:14:00,115,55,122,3,-92,1
04/24/2012 01:15:00,115,52,117,3,-92,1
04/24/2012 01:16:00,115,50,112,3,-92,1
04/24/2012 01:17:00,115,49,107,3,-92,1
04/24/2012 01:18:00,115,51,103,2,-92,1
04/24/2012 01:19:00,115,51,98,1,-92,1
04/24/2012 01:20:00,115,52,94,1,-92,1
04/24/2012 01:21:00,115,54,90,1,-93,1
04/24/2012 01:22:00,115,58,87,1,-92,1
04/24/2012 01:23:00,115,61,87,1,-92,1
04/24/2012 01:24:00,115,66,85,1,-92,1
04/24/2012 01:25:00,115,69,85,1,-92,1
04/24/2012 01:26:00,115,70,86,1,-91,1
04/24/2012 01:27:00,115,71,88,1,-91,1
04/24/2012 01:28:00,115,69,89,1,-91,1
04/24/2012 01:29:00,115,67,90,0,-91,1
04/24/2012 01:30:00,115,64,88,-1,-91,1
04/24/2012 01:31:00,115,61,86,-2,-92,1
04/24/2012 01:32:00,115,58,86,-3,-92,1
04/24/2012 01:33:00,115,56,85,-4,-92,1
04/24/2012 01:34:00,115,55,82,-4,-93,1
04/24/2012 01:35:00,115,55,81,-5,-94,1
04/24/2012 01:36:00,115,52,81,-6,-94,1
04/24/2012 01:37:00,115,51,81,-7,-95,1
04/24/2012 01:38:00,115,50,81,-7,-94,1
04/24/2012 01:39:00,115,48,81,-7,-94,1
04/24/2012 01:40:00,115,48,81,-8,-94,1
04/24/2012 01:41:00,115,49,81,-8,-94,1
04/24/2012 01:42:00,115,51,81,-8,-94,1
04/24/2012 01:43:00,115,50,81,-8,-95,1
04/24/2012 01:44:00,115,52,82,-9,-95,1
04/24/2012 01:45:00,115,53,82,-9,-95,1
04/24/2012 01:46:00,115,53,83,-9,-96,1
04/24/2012 01:47:00,115,54,84,-9,-97,1
04/24/2012 01:48:00,115,55,84,-8,-98,1
04/24/2012 01:49:00,115,57,86,-8,-98,1
04/24/2012 01:50:00,115,59,85,-8,-98,1
04/24/2012 01:51:00,115,60,86,-7,-98,1
04/24/2012 01:52:00,115,63,86,-7,-98,1
04/24/2012 01:53:00,115,64,86,-7,-98,1
04/24/2012 01:54:00,115,64,86,-7,-98,1
04/24/2012 01:55:00,115,63,87,-6,-99,1
04/24/2012 01:56:00,115,62,87,-7,-99,1
04/24/2012 01:57:00,115,61,88,-7,-100,1
04/24/2012 01:58:00,115,60,87,-7,-100,1
04/24/2012 01:59:00,115,58,87,-7,-100,1
04/24/2012 02:00:00,115,58,88,-7,-101,1
04/24/2012 02:01:00,115,56,89,-7,-102,1
04/24/2012 02:02:00,115,57,89,-7,-102,1
04/24/2012 02:03:00,115,58,91,-6,-103,1
04/24/2012 02:04:00,115,59,91,-6,-103,1
04/24/2012 02:05:00,115,62,91,-6,-103,1
04/24/2012 02:06:00,115,62,91,-6,-103,1
04/24/2012 02:07:00,115,64,91,-6,-104,1
04/24/2012 02:08:00,115,65,92,-6,-104,1
04/24/2012 02:09:00,115,66,92,-6,-104,1
04/24/2012 02:10:00,115,66,92,-6,-104,1
04/24/2012 02:11:00,115,66,93,-6,-104,1
04/24/2012 02:12:00,115,66,93,-6,-104,1
04/24/2012 02:13:00,115,65,94,-6,-104,1
04/24/2012 02:14:00,115,65,94,-7,-104,1
04/24/2012 02:15:00,115,64,95,-7,-103,1
04/24/2012 02:16:00,115,64,96,-8,-103,1
04/24/2012 02:17:00,115,62,97,-8,-103,1
04/24/2012 02:18:00,115,59,97,-8,-103,1
04/24/2012 02:19:00,115,56,98,-9,-102,1
04/24/2012 02:20:00,115,53,98,-9,-103,1
04/24/2012 02:21:00,115,51,99,-9,-104,1
04/24/2012 02:22:00,115,50,100,-10,-104,1
04/24/2012 02:23:00,115,51,101,-10,-103,1
04/24/2012 02:24:00,115,52,103,-11,-103,1
04/24/2012 02:25:00,115,53,103,-11,-103,1
04/24/2012 02:26:00,115,53,104,-11,-104,1
04/24/2012 02:27:00,115,55,104,-10,-104,1
04/24/2012 02:28:00,115,56,105,-10,-104,1
04/24/2012 02:29:00,115,59,105,-10,-104,1
04/24/2012 02:30:00,115,62,106,-10,-104,1
04/24/2012 02:31:00,115,64,107,-10,-103,1
04/24/2012 02:32:00,115,67,106,-10,-103,1
04/24/2012 02:33:00,115,70,107,-9,-102,1
04/24/2012 02:34:00,115,74,108,-9,-102,1
04/24/2012 02:35:00,115,74,108,-9,-101,1
04/24/2012 02:36:00,115,75,110,-9,-101,1
04/24/2012 02:37:00,115,77,111,-9,-101,1
04/24/2012 02:38:00,115,77,112,-9,-102,1
04/24/2012 02:39:00,115,77,115,-9,-103,1
04/24/2012 02:40:00,115,76,117,-9,-103,1
04/24/2012 02:41:00,115,77,119,-9,-104,1
04/24/2012 02:42:00,115,75,121,-9,-105,1
04/24/2012 02:43:00,115,73,122,-9,-105,1
04/24/2012 02:44:00,115,72,122,-9,-106,1
04/24/2012 02:45:00,115,70,122,-10,-107,1
04/24/2012 02:46:00,115,68,123,-10,-106,1
04/24/2012 02:47:00,115,66,125,-10,-106,1
04/24/2012 02:48:00,115,65,124,-11,-106,1
04/24/2012 02:49:00,115,64,124,-11,-106,1
04/24/2012 02:50:00,115,64,124,-11,-106,1
04/24/2012 02:51:00,115,66,124,-11,-105,1
04/24/2012 02:52:00,115,68,126,-11,-105,1
04/24/2012 02:53:00,115,70,125,-11,-105,1
04/24/2012 02:54:00,115,74,124,-11,-105,1
04/24/2012 02:55:00,115,75,125,-11,-105,1
04/24/2012 02:56:00,115,77,126,-11,-105,1
04/24/2012 02:57:00,115,79,126,-10,-107,1
04/24/2012 02:58:00,115,80,127,-10,-108,1
04/24/2012 02:59:00,115,80,127,-10,-110,1
04/24/2012 03:00:00,115,84,127,-10,-111,1
04/24/2012 03:01:00,115,86,126,-10,-112,1
04/24/2012 03:02:00,115,87,125,-10,-112,1
04/24/2012 03:03:00,115,85,126,-10,-112,1
04/24/2012 03:04:00,115,83,125,-10,-112,1
04/24/2012 03:05:00,115,81,125,-10,-111,1
04/24/2012 03:06:00,115,79,125,-10,-111,1
04/24/2012 03:07:00,115,78,125,-10,-111,1
04/24/2012 03:08:00,115,77,127,-9,-112,1
04/24/2012 03:09:00,115,77,128,-9,-113,1
04/24/2012 03:10:00,115,79,129,-8,-113,1
04/24/2012 03:11:00,115,80,125,-8,-112,1
04/24/2012 03:12:00,115,81,123,-8,-110,1
04/24/2012 03:13:00,115,82,122,-8,-108,1
04/24/2012 03:14:00,115,83,122,-8,-107,1
04/24/2012 03:15:00,115,82,123,-8,-107,1
04/24/2012 03:16:00,115,81,123,-7,-106,1
04/24/2012 03:17:00,115,80,123,-7,-106,1
04/24/2012 03:18:00,115,79,124,-7,-107,1
04/24/2012 03:19:00,115,78,123,-7,-108,1
04/24/2012 03:20:00,115,75,124,-8,-110,1
04/24/2012 03:21:00,115,73,123,-7,-113,1
04/24/2012 03:22:00,115,70,123,-7,-117,1
04/24/2012 03:23:00,115,67,122,-7,-120,1
04/24/2012 03:24:00,115,68,120,-6,-122,1
04/24/2012 03:25:00,115,69,119,-6,-123,1
04/24/2012 03:26:00,115,70,119,-6,-125,1
04/24/2012 03:27:00,115,71,119,-6,-125,1
04/24/2012 03:28:00,115,71,118,-5,-125,1
04/24/2012 03:29:00,115,72,116,-5,-125,1
04/24/2012 03:30:00,115,71,115,-5,-125,1
04/24/2012 03:31:00,115,70,114,-4,-123,1
04/24/2012 03:32:00,115,69,113,-4,-122,1
04/24/2012 03:33:00,115,69,111,-4,-120,1
04/24/2012 03:34:00,115,70,110,-4,-119,1
04/24/2012 03:35:00,115,71,109,-4,-117,1
04/24/2012 03:36:00,115,72,108,-3,-117,1
04/24/2012 03:37:00,115,72,107,-3,-116,1
04/24/2012 03:38:00,115,72,107,-3,-115,1
04/24/2012 03:39:00,115,72,107,-3,-115,1
04/24/2012 03:40:00,115,72,105,-3,-115,1
04/24/2012 03:41:00,115,71,105,-3,-114,1
04/24/2012 03:42:00,115,71,104,-3,-115,1
04/24/2012 03:43:00,115,69,104,-2,-118,1
04/24/2012 03:44:00,115,67,104,-2,-120,1
04/24/2012 03:45:00,115,70,102,-2,-122,1
04/24/2012 03:46:00,115,72,102,-2,-124,1
04/24/2012 03:47:00,115,73,102,-2,-124,1
04/24/2012 03:48:00,115,71,101,-2,-124,1
04/24/2012 03:49:00,115,71,101,-2,-123,1
04/24/2012 03:50:00,115,70,99,-2,-122,1
04/24/2012 03:51:00,115,69,98,-2,-122,1
04/24/2012 03:52:00,115,67,98,-2,-121,1
04/24/2012 03:53:00,115,65,96,-2,-120,1
04/24/2012 03:54:00,115,64,96,-3,-119,1
04/24/2012 03:55:00,115,63,95,-3,-118,1
04/24/2012 03:56:00,115,63,95,-3,-117,1
04/24/2012 03:57:00,115,63,94,-3,-117,1
04/24/2012 03:58:00,115,63,93,-3,-117,1
04/24/2012 03:59:00,115,63,92,-3,-116,1
04/24/2012 04:00:00,115,64,91,-3,-115,1
04/24/2012 04:01:00,115,64,91,-3,-114,1
04/24/2012 04:02:00,115,64,91,-3,-116,1
04/24/2012 04:03:00,115,61,89,-1,-118,1
04/24/2012 04:04:00,115,59,88,-1,-119,1
04/24/2012 04:05:00,115,57,87,0,-121,1
04/24/2012 04:06:00,115,56,87,0,-121,1
04/24/2012 04:07:00,115,57,86,-1,-122,1
04/24/2012 04:08:00,115,58,86,0,-123,1
04/24/2012 04:09:00,115,57,86,0,-123,1
04/24/2012 04:10:00,115,57,84,-1,-123,1
04/24/2012 04:11:00,115,56,83,-1,-123,1
04/24/2012 04:12:00,115,56,82,-1,-121,1
04/24/2012 04:13:00,115,54,80,-2,-120,1
04/24/2012 04:14:00,115,52,79,-2,-119,1
04/24/2012 04:15:00,115,50,78,-2,-118,1
04/24/2012 04:16:00,115,50,78,-2,-117,1
04/24/2012 04:17:00,115,50,76,-2,-117,1
04/24/2012 04:18:00,115,51,76,-2,-116,1
04/24/2012 04:19:00,115,50,76,-1,-116,1
04/24/2012 04:20:00,115,50,76,-1,-116,1
04/24/2012 04:21:00,115,50,76,-1,-116,1
04/24/2012 04:22:00,115,48,75,0,-116,1
04/24/2012 04:23:00,115,46,75,1,-116,1
04/24/2012 04:24:00,115,46,75,1,-115,1
04/24/2012 04:25:00,115,45,75,1,-115,1
04/24/2012 04:26:00,115,45,75,2,-115,1
04/24/2012 04:27:00,115,44,75,2,-114,1
04/24/2012 04:28:00,115,44,74,2,-114,1
04/24/2012 04:29:00,115,46,75,3,-114,1
04/24/2012 04:30:00,115,47,76,3,-114,1
04/24/2012 04:31:00,115,48,77,3,-114,1
04/24/2012 04:32:00,115,48,78,3,-114,1
04/24/2012 04:33:00,115,48,79,3,-114,1
04/24/2012 04:34:00,115,49,80,3,-115,1
04/24/2012 04:35:00,115,50,81,3,-115,1
04/24/2012 04:36:00,115,53,81,3,-115,1
04/24/2012 04:37:00,115,54,81,3,-115,1
04/24/2012 04:38:00,115,57,80,4,-115,1
04/24/2012 04:39:00,115,60,80,5,-115,1
04/24/2012 04:40:00,115,63,79,5,-114,1
04/24/2012 04:41:00,115,66,78,6,-114,1
04/24/2012 04:42:00,115,68,78,6,-114,1
04/24/2012 04:43:00,115,71,77,7,-113,1
04/24/2012 04:44:00,115,71,77,7,-112,1
04/24/2012 04:45:00,115,70,79,7,-111,1
04/24/2012 04:46:00,115,70,80,7,-111,1
04/24/2012 04:47:00,115,68,81,7,-110,1
04/24/2012 04:48:00,115,65,82,6,-110,1
04/24/2012 04:49:00,115,62,83,6,-109,1
04/24/2012 04:50:00,115,57,83,5,-109,1
04/24/2012 04:51:00,115,54,82,5,-110,1
04/24/2012 04:52:00,115,52,81,5,-110,1
04/24/2012 04:53:00,115,50,81,5,-111,1
04/24/2012 04:54:00,115,49,80,4,-111,1
04/24/2012 04:55:00,115,50,81,4,-111,1
04/24/2012 04:56:00,115,50,81,4,-110,1
04/24/2012 04:57:00,115,51,82,3,-110,1
04/24/2012 04:58:00,115,52,82,3,-109,1
04/24/2012 04:59:00,115,53,82,3,-109,1
04/24/2012 05:00:00,115,53,83,3,-108,1
04/24/2012 05:01:00,115,53,82,3,-108,1
04/24/2012 05:02:00,115,53,83,3,-107,1
04/24/2012 05:03:00,115,53,82,2,-107,1
04/24/2012 05:04:00,115,52,82,2,-106,1
04/24/2012 05:05:00,115,51,82,2,-106,1
04/24/2012 05:06:00,115,50,82,2,-106,1
04/24/2012 05:07:00,115,49,82,2,-106,1
04/24/2012 05:08:00,115,48,82,2,-106,1
04/24/2012 05:09:00,115,47,82,2,-106,1
04/24/2012 05:10:00,115,47,83,3,-106,1
04/24/2012 05:11:00,115,47,83,3,-106,1
04/24/2012 05:12:00,115,46,83,3,-106,1
04/24/2012 05:13:00,115,47,83,3,-106,1
04/24/2012 05:14:00,115,46,83,4,-106,1
04/24/2012 05:15:00,115,45,83,5,-106,1
04/24/2012 05:16:00,115,46,83,5,-106,1
04/24/2012 05:17:00,115,47,83,5,-106,1
04/24/2012 05:18:00,115,47,82,6,-106,1
04/24/2012 05:19:00,115,48,83,6,-106,1
04/24/2012 05:20:00,115,48,83,7,-106,1
04/24/2012 05:21:00,115,49,83,7,-106,1
04/24/2012 05:22:00,115,50,84,7,-106,1
04/24/2012 05:23:00,115,50,86,8,-106,1
04/24/2012 05:24:00,115,50,86,8,-106,1
04/24/2012 05:25:00,115,51,86,8,-106,1
04/24/2012 05:26:00,115,50,86,8,-107,1
04/24/2012 05:27:00,115,49,86,8,-106,1
04/24/2012 05:28:00,115,49,86,8,-107,1
04/24/2012 05:29:00,115,49,85,8,-108,1
04/24/2012 05:30:00,115,50,86,8,-108,1
04/24/2012 05:31:00,115,50,86,8,-108,1
04/24/2012 05:32:00,115,50,86,8,-108,1
04/24/2012 05:33:00,115,49,87,9,-108,1
04/24/2012 05:34:00,115,49,87,8,-108,1
04/24/2012 05:35:00,115,48,86,8,-109,1
04/24/2012 05:36:00,115,47,86,8,-109,1
04/24/2012 05:37:00,115,47,86,8,-110,1
04/24/2012 05:38:00,115,47,87,8,-109,1
04/24/2012 05:39:00,115,46,86,8,-110,1
04/24/2012 05:40:00,115,45,87,8,-110,1
04/24/2012 05:41:00,115,45,87,8,-110,1
04/24/2012 05:42:00,115,45,87,7,-110,1
04/24/2012 05:43:00,115,44,87,7,-110,1
04/24/2012 05:44:00,115,44,87,7,-110,1
04/24/2012 05:45:00,115,45,87,7,-110,1
04/24/2012 05:46:00,115,44,89,7,-109,1
04/24/2012 05:47:00,115,43,88,7,-108,1
04/24/2012 05:48:00,115,43,89,7,-108,1
04/24/2012 05:49:00,115,43,90,6,-107,1
04/24/2012 05:50:00,115,43,90,6,-107,1
04/24/2012 05:51:00,115,43,90,6,-107,1
04/24/2012 05:52:00,115,42,91,6,-107,1
04/24/2012 05:53:00,115,41,90,6,-107,1
04/24/2012 05:54:00,115,40,91,6,-106,1
04/24/2012 05:55:00,115,38,89,6,-106,1
04/24/2012 05:56:00,115,35,86,6,-106,1
04/24/2012 05:57:00,115,32,85,5,-106,1
04/24/2012 05:58:00,115,29,82,5,-105,1
04/24/2012 05:59:00,115,26,80,4,-104,1
04/24/2012 06:00:00,115,24,79,4,-102,1
04/24/2012 06:01:00,115,21,78,3,-101,1
04/24/2012 06:02:00,115,21,78,2,-99,1
04/24/2012 06:03:00,115,22,76,1,-98,1
04/24/2012 06:04:00,115,30,74,0,-99,1
04/24/2012 06:05:00,115,38,73,0,-99,1
04/24/2012 06:06:00,115,44,72,0,-100,1
04/24/2012 06:07:00,115,49,70,-1,-101,1
04/24/2012 06:08:00,115,56,68,-1,-100,1
04/24/2012 06:09:00,115,61,65,-2,-100,1
04/24/2012 06:10:00,115,64,67,-2,-99,1
04/24/2012 06:11:00,115,67,68,-3,-99,1
04/24/2012 06:12:00,115,68,72,-3,-97,1
04/24/2012 06:13:00,115,68,77,-5,-95,1
04/24/2012 06:14:00,115,69,81,-6,-94,1
04/24/2012 06:15:00,115,68,82,-7,-93,1
04/24/2012 06:16:00,115,68,85,-8,-93,1
04/24/2012 06:17:00,115,72,86,-8,-94,1
04/24/2012 06:18:00,115,76,85,-9,-94,1
04/24/2012 06:19:00,115,78,84,-9,-94,1
04/24/2012 06:20:00,115,79,82,-10,-94,1
04/24/2012 06:21:00,115,81,79,-10,-95,1
04/24/2012 06:22:00,115,83,78,-10,-94,1
04/24/2012 06:23:00,115,78,74,-10,-93,1
04/24/2012 06:24:00,115,76,72,-10,-92,1
04/24/2012 06:25:00,115,73,69,-10,-91,1
04/24/2012 06:26:00,115,72,66,-9,-91,1
04/24/2012 06:27:00,115,68,63,-9,-90,1
04/24/2012 06:28:00,115,70,57,-9,-89,1
04/24/2012 06:29:00,115,69,52,-8,-89,1
04/24/2012 06:30:00,115,71,50,-7,-88,1
04/24/2012 06:31:00,115,74,48,-7,-88,1
04/24/2012 06:32:00,115,76,43,-6,-87,1
04/24/2012 06:33:00,115,76,39,-6,-87,1
04/24/2012 06:34:00,115,75,35,-6,-86,1
04/24/2012 06:35:00,115,71,32,-5,-85,1
04/24/2012 06:36:00,115,67,30,-5,-84,1
04/24/2012 06:37:00,115,65,28,-5,-84,1
04/24/2012 06:38:00,115,64,26,-4,-83,1
04/24/2012 06:39:00,115,61,25,-4,-83,1
04/24/2012 06:40:00,115,58,28,-3,-83,1
04/24/2012 06:41:00,115,55,29,-3,-83,1
04/24/2012 06:42:00,115,53,30,-3,-83,1
04/24/2012 06:43:00,115,49,32,-2,-82,1
04/24/2012 06:44:00,115,44,34,-2,-82,1
04/24/2012 06:45:00,115,41,35,-1,-82,1
04/24/2012 06:46:00,115,40,36,-1,-82,1
04/24/2012 06:47:00,115,38,37,0,-82,1
04/24/2012 06:48:00,115,36,37,0,-81,1
04/24/2012 06:49:00,115,35,38,0,-80,1
04/24/2012 06:50:00,115,33,38,0,-79,1
04/24/2012 06:51:00,115,32,38,1,-79,1
04/24/2012 06:52:00,115,30,38,1,-78,1
04/24/2012 06:53:00,115,29,37,1,-77,1
04/24/2012 06:54:00,115,29,37,1,-77,1
04/24/2012 06:55:00,115,28,37,1,-77,1
04/24/2012 06:56:00,115,28,36,1,-77,1
04/24/2012 06:57:00,115,28,35,2,-77,1
04/24/2012 06:58:00,115,27,37,2,-77,1
04/24/2012 06:59:00,115,27,37,2,-77,1
04/24/2012 07:00:00,115,26,37,2,-77,1
04/24/2012 07:01:00,115,26,38,2,-76,1
04/24/2012 07:02:00,115,25,39,2,-75,1
04/24/2012 07:03:00,115,24,39,2,-75,1
04/24/2012 07:04:00,115,24,40,2,-75,1
04/24/2012 07:05:00,115,24,41,2,-74,1
04/24/2012 07:06:00,115,23,40,2,-74,1
04/24/2012 07:07:00,115,23,41,2,-73,1
04/24/2012 07:08:00,115,21,42,2,-72,1
04/24/2012 07:09:00,115,20,43,2,-72,1
04/24/2012 07:10:00,115,19,44,2,-71,1
04/24/2012 07:11:00,115,19,43,2,-70,1
04/24/2012 07:12:00,115,19,44,2,-70,1
04/24/2012 07:13:00,115,18,45,2,-69,1
04/24/2012 07:14:00,115,18,45,2,-69,1
04/24/2012 07:15:00,115,17,44,2,-68,1
04/24/2012 07:16:00,115,17,45,2,-68,1
04/24/2012 07:17:00,115,16,45,1,-67,1
04/24/2012 07:18:00,115,16,44,1,-67,1
04/24/2012 07:19:00,115,16,44,1,-67,1
04/24/2012 07:20:00,115,16,43,1,-67,1
04/24/2012 07:21:00,115,15,44,1,-67,1
04/24/2012 07:22:00,115,15,43,1,-67,1
04/24/2012 07:23:00,115,15,42,1,-67,1
04/24/2012 07:24:00,115,15,42,1,-67,1
04/24/2012 07:25:00,115,14,43,1,-67,1
04/24/2012 07:26:00,115,14,44,1,-66,1
04/24/2012 07:27:00,115,14,45,1,-66,1
04/24/2012 07:28:00,115,14,44,1,-66,1
04/24/2012 07:29:00,115,14,45,0,-66,1
04/24/2012 07:30:00,115,14,45,0,-66,1
04/24/2012 07:31:00,115,14,44,0,-66,1
04/24/2012 07:32:00,115,14,44,0,-66,1
04/24/2012 07:33:00,115,14,44,0,-67,1
04/24/2012 07:34:00,115,13,44,0,-66,1
04/24/2012 07:35:00,115,14,44,0,-67,1
04/24/2012 07:36:00,115,13,44,0,-67,1
04/24/2012 07:37:00,115,14,44,0,-67,1
04/24/2012 07:38:00,115,13,44,0,-67,1
04/24/2012 07:39:00,115,13,44,0,-67,1
04/24/2012 07:40:00,115,13,45,0,-67,1
04/24/2012 07:41:00,115,12,47,0,-67,1
04/24/2012 07:42:00,115,12,47,0,-67,1
04/24/2012 07:43:00,115,11,47,0,-67,1
04/24/2012 07:44:00,115,11,48,0,-66,1
04/24/2012 07:45:00,115,11,48,0,-66,1
04/24/2012 07:46:00,115,11,49,0,-66,1
04/24/2012 07:47:00,115,11,48,0,-66,1
04/24/2012 07:48:00,115,12,48,0,-66,1
04/24/2012 07:49:00,115,12,48,0,-65,1
04/24/2012 07:50:00,115,12,49,0,-65,1
04/24/2012 07:51:00,115,13,49,0,-65,1
04/24/2012 07:52:00,115,13,49,0,-65,1
04/24/2012 07:53:00,115,14,48,0,-67,1
04/24/2012 07:54:00,115,14,46,1,-69,1
04/24/2012 07:55:00,115,13,44,2,-73,1
04/24/2012 07:56:00,115,12,43,3,-75,1
04/24/2012 07:57:00,115,13,43,3,-78,1
04/24/2012 07:58:00,115,13,44,4,-79,1
04/24/2012 07:59:00,115,14,46,5,-81,1
04/24/2012 08:00:00,115,14,49,5,-81,1
04/24/2012 08:01:00,115,15,49,5,-81,1
04/24/2012 08:02:00,115,14,50,4,-80,1
04/24/2012 08:03:00,115,14,50,4,-80,1
04/24/2012 08:04:00,115,13,47,4,-80,1
04/24/2012 08:05:00,115,14,47,3,-80,1
04/24/2012 08:06:00,115,13,44,3,-80,1
04/24/2012 08:07:00,115,13,43,3,-80,1
04/24/2012 08:08:00,115,13,42,3,-80,1
04/24/2012 08:09:00,115,14,41,2,-79,1
04/24/2012 08:10:00,115,13,39,2,-80,1
04/24/2012 08:11:00,115,13,38,2,-80,1
04/24/2012 08:12:00,115,13,38,2,-80,1
04/24/2012 08:13:00,115,13,38,2,-80,1
04/24/2012 08:14:00,115,12,36,2,-80,1
04/24/2012 08:15:00,115,12,36,2,-80,1
04/24/2012 08:16:00,115,12,36,2,-80,1
04/24/2012 08:17:00,115,12,35,2,-79,1
04/24/2012 08:18:00,115,12,36,2,-79,1
04/24/2012 08:19:00,115,12,35,2,-79,1
04/24/2012 08:20:00,115,12,34,2,-79,1
04/24/2012 08:21:00,115,13,34,1,-79,1
04/24/2012 08:22:00,115,13,33,2,-79,1
04/24/2012 08:23:00,115,13,33,2,-79,1
04/24/2012 08:24:00,115,13,34,1,-78,1
04/24/2012 08:25:00,115,13,33,1,-78,1
04/24/2012 08:26:00,115,14,33,1,-78,1
04/24/2012 08:27:00,115,14,32,1,-77,1
04/24/2012 08:28:00,115,14,31,1,-77,1
04/24/2012 08:29:00,115,14,30,1,-77,1
04/24/2012 08:30:00,115,14,30,1,-76,1
04/24/2012 08:31:00,115,15,30,1,-76,1
04/24/2012 08:32:00,115,15,30,1,-75,1
04/24/2012 08:33:00,115,15,31,1,-75,1
04/24/2012 08:34:00,115,14,30,1,-74,1
04/24/2012 08:35:00,115,14,30,1,-74,1
04/24/2012 08:36:00,115,14,31,1,-73,1
04/24/2012 08:37:00,115,14,31,1,-73,1
04/24/2012 08:38:00,115,13,30,1,-73,1
04/24/2012 08:39:00,115,14,31,1,-72,1
04/24/2012 08:40:00,115,14,31,1,-72,1
04/24/2012 08:41:00,115,14,31,1,-72,1
04/24/2012 08:42:00,115,15,30,1,-72,1
04/24/2012 08:43:00,115,14,30,1,-72,1
04/24/2012 08:44:00,115,15,30,1,-72,1
04/24/2012 08:45:00,115,14,30,1,-72,1
04/24/2012 08:46:00,115,14,30,1,-72,1
04/24/2012 08:47:00,115,14,30,1,-72,1
04/24/2012 08:48:00,115,14,31,1,-71,1
04/24/2012 08:49:00,115,14,30,1,-71,1
04/24/2012 08:50:00,115,14,30,1,-71,1
04/24/2012 08:51:00,115,14,30,1,-71,1
04/24/2012 08:52:00,115,14,30,1,-70,1
04/24/2012 08:53:00,115,14,30,1,-71,1
04/24/2012 08:54:00,115,14,29,1,-70,1
04/24/2012 08:55:00,115,14,29,1,-70,1
04/24/2012 08:56:00,115,14,29,1,-70,1
04/24/2012 08:57:00,115,14,29,1,-70,1
04/24/2012 08:58:00,115,14,30,1,-70,1
04/24/2012 08:59:00,115,14,30,1,-69,1
04/24/2012 09:00:00,115,14,29,1,-69,1
04/24/2012 09:01:00,115,13,30,1,-68,1
04/24/2012 09:02:00,115,13,30,1,-68,1
04/24/2012 09:03:00,115,13,30,1,-68,1
04/24/2012 09:04:00,115,13,29,1,-67,1
04/24/2012 09:05:00,115,13,29,1,-67,1
04/24/2012 09:06:00,115,14,28,0,-66,1
04/24/2012 09:07:00,115,14,29,0,-66,1
04/24/2012 09:08:00,115,14,28,0,-66,1
04/24/2012 09:09:00,115,13,28,0,-66,1
04/24/2012 09:10:00,115,13,28,0,-65,1
04/24/2012 09:11:00,115,13,27,1,-65,1
04/24/2012 09:12:00,115,13,27,1,-65,1
04/24/2012 09:13:00,115,13,27,1,-64,1
04/24/2012 09:14:00,115,13,27,1,-64,1
04/24/2012 09:15:00,115,13,27,0,-64,1
04/24/2012 09:16:00,115,12,27,1,-64,1
04/24/2012 09:17:00,115,13,28,1,-64,1
04/24/2012 09:18:00,115,13,27,1,-63,1
04/24/2012 09:19:00,115,13,27,1,-63,1
04/24/2012 09:20:00,115,13,27,1,-63,1
04/24/2012 09:21:00,115,13,27,1,-63,1
04/24/2012 09:22:00,115,13,27,1,-63,1
04/24/2012 09:23:00,115,13,26,0,-62,1
04/24/2012 09:24:00,115,13,26,0,-62,1
04/24/2012 09:25:00,115,13,26,1,-61,1
04/24/2012 09:26:00,115,13,25,1,-61,1
04/24/2012 09:27:00,115,13,25,0,-61,1
04/24/2012 09:28:00,115,12,25,1,-61,1
04/24/2012 09:29:00,115,12,25,1,-61,1
04/24/2012 09:30:00,115,12,25,1,-61,1
04/24/2012 09:31:00,115,12,25,1,-61,1
04/24/2012 09:32:00,115,12,25,1,-61,1
04/24/2012 09:33:00,115,11,25,1,-61,1
04/24/2012 09:34:00,115,11,25,1,-62,1
04/24/2012 09:35:00,115,11,26,1,-61,1
04/24/2012 09:36:00,115,11,25,1,-61,1
04/24/2012 09:37:00,115,11,24,1,-61,1
04/24/2012 09:38:00,115,11,24,1,-61,1
04/24/2012 09:39:00,115,11,24,1,-62,1
04/24/2012 09:40:00,115,12,24,1,-62,1
04/24/2012 09:41:00,115,12,26,1,-62,1
04/24/2012 09:42:00,115,11,26,1,-62,1
04/24/2012 09:43:00,115,11,26,1,-62,1
04/24/2012 09:44:00,115,11,26,1,-62,1
04/24/2012 09:45:00,115,11,26,1,-62,1
04/24/2012 09:46:00,115,11,26,1,-62,1
04/24/2012 09:47:00,115,12,26,2,-61,1
04/24/2012 09:48:00,115,12,26,2,-61,1
04/24/2012 09:49:00,115,12,26,2,-61,1
04/24/2012 09:50:00,115,11,25,1,-61,1
04/24/2012 09:51:00,115,11,25,1,-61,1
04/24/2012 09:52:00,115,11,25,1,-61,1
04/24/2012 09:53:00,115,11,25,1,-61,1
04/24/2012 09:54:00,115,11,25,1,-61,1
04/24/2012 09:55:00,115,11,25,1,-61,1
04/24/2012 09:56:00,115,11,25,1,-61,1
04/24/2012 09:57:00,115,11,25,1,-61,1
04/24/2012 09:58:00,115,12,25,1,-61,1
04/24/2012 09:59:00,115,11,24,1,-60,1
04/24/2012 10:00:00,115,11,25,1,-60,1
04/24/2012 10:01:00,115,11,24,1,-59,1
04/24/2012 10:02:00,115,11,25,1,-58,1
04/24/2012 10:03:00,115,12,26,1,-58,1
04/24/2012 10:04:00,115,11,24,1,-57,1
04/24/2012 10:05:00,115,10,24,1,-56,1
04/24/2012 10:06:00,115,10,24,1,-56,1
04/24/2012 10:07:00,115,10,24,1,-56,1
04/24/2012 10:08:00,115,9,23,1,-56,1
04/24/2012 10:09:00,115,9,23,1,-56,1
04/24/2012 10:10:00,115,9,25,1,-56,1
04/24/2012 10:11:00,115,9,25,1,-56,1
04/24/2012 10:12:00,115,9,24,1,-56,1
04/24/2012 10:13:00,115,9,23,1,-56,1
04/24/2012 10:14:00,115,9,23,1,-56,1
04/24/2012 10:15:00,115,9,23,1,-56,1
04/24/2012 10:16:00,115,9,23,1,-56,1
04/24/2012 10:17:00,115,9,23,1,-56,1
04/24/2012 10:18:00,115,9,24,1,-56,1
04/24/2012 10:19:00,115,9,24,2,-56,1
04/24/2012 10:20:00,115,9,24,2,-55,1
04/24/2012 10:21:00,115,9,24,1,-55,1
04/24/2012 10:22:00,115,8,24,2,-55,1
04/24/2012 10:23:00,115,9,25,2,-55,1
04/24/2012 10:24:00,115,9,23,2,-54,1
04/24/2012 10:25:00,115,9,23,2,-54,1
04/24/2012 10:26:00,115,9,23,2,-54,1
04/24/2012 10:27:00,115,9,22,2,-54,1
04/24/2012 10:28:00,115,8,23,2,-54,1
04/24/2012 10:29:00,115,8,23,2,-55,1
04/24/2012 10:30:00,115,8,23,2,-55,1
04/24/2012 10:31:00,115,8,23,2,-56,1
04/24/2012 10:32:00,115,8,24,2,-56,1
04/24/2012 10:33:00,115,9,24,2,-56,1
04/24/2012 10:34:00,115,9,25,2,-55,1
04/24/2012 10:35:00,115,9,25,2,-55,1
04/24/2012 10:36:00,115,10,25,2,-55,1
04/24/2012 10:37:00,115,11,24,2,-55,1
04/24/2012 10:38:00,115,11,25,2,-54,1
04/24/2012 10:39:00,115,11,24,2,-53,1
04/24/2012 10:40:00,115,11,25,2,-53,1
04/24/2012 10:41:00,115,11,25,2,-53,1
04/24/2012 10:42:00,115,12,25,2,-53,1
04/24/2012 10:43:00,115,12,26,1,-53,1
04/24/2012 10:44:00,115,13,26,2,-53,1
04/24/2012 10:45:00,115,13,26,2,-53,1
04/24/2012 10:46:00,115,13,27,2,-53,1
04/24/2012 10:47:00,115,13,27,2,-53,1
04/24/2012 10:48:00,115,13,27,2,-53,1
04/24/2012 10:49:00,115,14,27,2,-53,1
04/24/2012 10:50:00,115,14,27,2,-53,1
04/24/2012 10:51:00,115,14,26,2,-53,1
04/24/2012 10:52:00,115,14,27,2,-53,1
04/24/2012 10:53:00,115,14,26,2,-53,1
04/24/2012 10:54:00,115,14,26,2,-53,1
04/24/2012 10:55:00,115,15,26,3,-53,1
04/24/2012 10:56:00,115,14,26,3,-53,1
04/24/2012 10:57:00,115,14,26,3,-53,1
04/24/2012 10:58:00,115,14,25,3,-53,1
04/24/2012 10:59:00,115,14,25,3,-54,1
04/24/2012 11:00:00,115,14,27,3,-53,1
04/24/2012 11:01:00,115,12,26,3,-54,1
04/24/2012 11:02:00,115,12,25,3,-54,1
04/24/2012 11:03:00,115,12,24,3,-54,1
04/24/2012 11:04:00,115,13,24,3,-54,1
04/24/2012 11:05:00,115,14,24,4,-55,1
04/24/2012 11:06:00,115,13,24,4,-55,1
04/24/2012 11:07:00,115,12,25,4,-56,1
04/24/2012 11:08:00,115,12,24,4,-56,1
04/24/2012 11:09:00,115,11,25,4,-57,1
04/24/2012 11:10:00,115,10,25,4,-57,1
04/24/2012 11:11:00,115,10,24,4,-57,1
04/24/2012 11:12:00,115,9,23,4,-57,1
04/24/2012 11:13:00,115,9,23,4,-56,1
04/24/2012 11:14:00,115,9,23,4,-56,1
04/24/2012 11:15:00,115,9,22,4,-56,1
04/24/2012 11:16:00,115,9,20,3,-55,1
04/24/2012 11:17:00,115,10,19,4,-55,1
04/24/2012 11:18:00,115,11,18,4,-55,1
04/24/2012 11:19:00,115,11,18,4,-55,1
04/24/2012 11:20:00,115,11,18,4,-55,1
04/24/2012 11:21:00,115,11,18,4,-54,1
04/24/2012 11:22:00,115,10,17,4,-54,1
04/24/2012 11:23:00,115,11,17,4,-54,1
04/24/2012 11:24:00,115,11,19,4,-54,1
04/24/2012 11:25:00,115,12,19,4,-55,1
04/24/2012 11:26:00,115,12,19,4,-56,1
04/24/2012 11:27:00,115,10,20,4,-56,1
04/24/2012 11:28:00,115,9,20,4,-57,1
04/24/2012 11:29:00,115,8,21,3,-57,1
04/24/2012 11:30:00,115,6,22,3,-56,1
04/24/2012 11:31:00,115,6,21,3,-57,1
04/24/2012 11:32:00,115,7,19,3,-57,1
04/24/2012 11:33:00,115,8,19,3,-57,1
04/24/2012 11:34:00,115,9,19,3,-57,1
04/24/2012 11:35:00,115,9,19,3,-56,1
04/24/2012 11:36:00,115,10,18,3,-56,1
04/24/2012 11:37:00,115,10,18,3,-56,1
04/24/2012 11:38:00,115,12,17,4,-56,1
04/24/2012 11:39:00,115,13,17,3,-57,1
04/24/2012 11:40:00,115,13,16,3,-57,1
04/24/2012 11:41:00,115,13,16,4,-56,1
04/24/2012 11:42:00,115,13,17,4,-56,1
04/24/2012 11:43:00,115,13,17,4,-56,1
04/24/2012 11:44:00,115,13,17,4,-56,1
04/24/2012 11:45:00,115,13,16,4,-56,1
04/24/2012 11:46:00,115,13,16,4,-57,1
04/24/2012 11:47:00,115,13,16,4,-56,1
04/24/2012 11:48:00,115,13,16,4,-56,1
04/24/2012 11:49:00,115,14,16,4,-56,1
04/24/2012 11:50:00,115,14,16,4,-57,1
04/24/2012 11:51:00,115,14,17,4,-57,1
04/24/2012 11:52:00,115,14,16,4,-56,1
04/24/2012 11:53:00,115,15,16,4,-56,1
04/24/2012 11:54:00,115,17,16,4,-56,1
04/24/2012 11:55:00,115,17,16,4,-57,1
04/24/2012 11:56:00,115,17,16,4,-57,1
04/24/2012 11:57:00,115,17,16,4,-57,1
04/24/2012 11:58:00,115,17,16,4,-57,1
04/24/2012 11:59:00,115,17,16,4,-57,1
04/24/2012 12:00:00,115,17,17,4,-57,1
04/24/2012 12:01:00,115,17,16,4,-57,1
04/24/2012 12:02:00,115,17,17,4,-57,1
04/24/2012 12:03:00,115,17,17,4,-57,1
04/24/2012 12:04:00,115,18,16,4,-57,1
04/24/2012 12:05:00,115,18,16,4,-57,1
04/24/2012 12:06:00,115,19,17,4,-57,1
04/24/2012 12:07:00,115,19,18,4,-57,1
04/24/2012 12:08:00,115,19,18,4,-57,1
04/24/2012 12:09:00,115,19,18,4,-57,1
04/24/2012 12:10:00,115,19,18,4,-57,1
04/24/2012 12:11:00,115,19,18,4,-57,1
04/24/2012 12:12:00,115,18,17,4,-57,1
04/24/2012 12:13:00,115,18,17,4,-57,1
04/24/2012 12:14:00,115,17,18,4,-56,1
04/24/2012 12:15:00,115,16,18,4,-56,1
04/24/2012 12:16:00,115,17,17,4,-56,1
04/24/2012 12:17:00,115,17,16,4,-56,1
04/24/2012 12:18:00,115,17,16,4,-56,1
04/24/2012 12:19:00,115,17,16,4,-56,1
04/24/2012 12:20:00,115,16,16,4,-55,1
04/24/2012 12:21:00,115,16,18,4,-55,1
04/24/2012 12:22:00,115,16,17,4,-56,1
04/24/2012 12:23:00,115,16,17,4,-56,1
04/24/2012 12:24:00,115,17,16,4,-55,1
04/24/2012 12:25:00,115,16,16,4,-55,1
04/24/2012 12:26:00,115,16,16,4,-55,1
04/24/2012 12:27:00,115,16,17,4,-55,1
04/24/2012 12:28:00,115,16,17,4,-55,1
04/24/2012 12:29:00,115,15,17,4,-55,1
04/24/2012 12:30:00,115,15,16,4,-54,1
04/24/2012 12:31:00,115,14,16,4,-54,1
04/24/2012 12:32:00,115,13,16,4,-54,1
04/24/2012 12:33:00,115,13,16,4,-54,1
04/24/2012 12:34:00,115,12,17,4,-53,1
04/24/2012 12:35:00,115,12,16,4,-53,1
04/24/2012 12:36:00,115,12,17,3,-52,1
04/24/2012 12:37:00,115,12,16,4,-53,1
04/24/2012 12:38:00,115,15,16,4,-52,1
04/24/2012 12:39:00,115,18,16,4,-52,1
04/24/2012 12:40:00,115,22,17,5,-53,1
04/24/2012 12:41:00,115,23,16,5,-54,1
04/24/2012 12:42:00,115,23,17,5,-54,1
04/24/2012 12:43:00,115,21,16,6,-54,1
04/24/2012 12:44:00,115,18,16,5,-54,1
04/24/2012 12:45:00,115,16,17,5,-54,1
04/24/2012 12:46:00,115,13,18,5,-53,1
04/24/2012 12:47:00,115,11,17,4,-53,1
04/24/2012 12:48:00,115,11,17,4,-53,1
04/24/2012 12:49:00,115,12,17,4,-53,1
04/24/2012 12:50:00,115,14,17,5,-53,1
04/24/2012 12:51:00,115,15,17,5,-54,1
04/24/2012 12:52:00,115,14,17,5,-54,1
04/24/2012 12:53:00,115,14,17,5,-54,1
04/24/2012 12:54:00,115,14,18,5,-53,1
04/24/2012 12:55:00,115,14,17,5,-53,1
04/24/2012 12:56:00,115,13,17,5,-53,1
04/24/2012 12:57:00,115,13,17,5,-52,1
04/24/2012 12:58:00,115,14,17,5,-52,1
04/24/2012 12:59:00,115,13,17,5,-51,1
04/24/2012 13:00:00,115,14,18,5,-51,1
04/24/2012 13:01:00,115,14,17,5,-50,1
04/24/2012 13:02:00,115,15,18,5,-49,1
04/24/2012 13:03:00,115,16,19,5,-49,1
04/24/2012 13:04:00,115,17,19,5,-49,1
04/24/2012 13:05:00,115,19,20,6,-48,1
04/24/2012 13:06:00,115,18,20,6,-48,1
04/24/2012 13:07:00,115,21,20,6,-48,1
04/24/2012 13:08:00,115,22,20,6,-48,1
04/24/2012 13:09:00,115,22,20,6,-48,1
04/24/2012 13:10:00,115,23,18,7,-48,1
04/24/2012 13:11:00,115,23,18,7,-48,1
04/24/2012 13:12:00,115,22,18,7,-48,1
04/24/2012 13:13:00,115,22,18,7,-48,1
04/24/2012 13:14:00,115,23,19,7,-48,1
04/24/2012 13:15:00,115,22,19,7,-48,1
04/24/2012 13:16:00,115,23,20,7,-48,1
04/24/2012 13:17:00,115,22,21,7,-48,1
04/24/2012 13:18:00,115,20,22,7,-47,1
04/24/2012 13:19:00,115,20,23,8,-47,1
04/24/2012 13:20:00,115,20,23,7,-47,1
04/24/2012 13:21:00,115,19,23,7,-47,1
04/24/2012 13:22:00,115,19,23,7,-47,1
04/24/2012 13:23:00,115,18,23,7,-48,1
04/24/2012 13:24:00,115,18,23,7,-47,1
04/24/2012 13:25:00,115,19,23,7,-47,1
04/24/2012 13:26:00,115,18,24,7,-47,1
04/24/2012 13:27:00,115,18,24,7,-47,1
04/24/2012 13:28:00,115,17,24,6,-47,1
04/24/2012 13:29:00,115,17,24,6,-47,1
04/24/2012 13:30:00,115,18,25,7,-47,1
04/24/2012 13:31:00,115,19,25,7,-47,1
04/24/2012 13:32:00,115,18,28,7,-47,1
04/24/2012 13:33:00,115,19,28,7,-47,1
04/24/2012 13:34:00,115,19,25,7,-47,1
04/24/2012 13:35:00,115,19,24,8,-46,1
04/24/2012 13:36:00,115,18,23,7,-46,1
04/24/2012 13:37:00,115,18,21,7,-46,1
04/24/2012 13:38:00,115,18,21,7,-46,1
04/24/2012 13:39:00,115,18,21,7,-46,1
04/24/2012 13:40:00,115,17,21,7,-46,1
04/24/2012 13:41:00,115,17,21,7,-46,1
04/24/2012 13:42:00,115,17,21,7,-46,1
04/24/2012 13:43:00,115,17,21,6,-46,1
04/24/2012 13:44:00,115,17,22,7,-46,1
04/24/2012 13:45:00,115,18,22,7,-46,1
04/24/2012 13:46:00,115,18,23,6,-46,1
04/24/2012 13:47:00,115,19,23,6,-46,1
04/24/2012 13:48:00,115,19,24,6,-46,1
04/24/2012 13:49:00,115,20,24,6,-46,1
04/24/2012 13:50:00,115,20,24,6,-46,1
04/24/2012 13:51:00,115,20,24,6,-46,1
04/24/2012 13:52:00,115,21,23,6,-46,1
04/24/2012 13:53:00,115,21,24,6,-46,1
04/24/2012 13:54:00,115,20,24,6,-46,1
04/24/2012 13:55:00,115,21,25,6,-46,1
04/24/2012 13:56:00,115,21,25,6,-45,1
04/24/2012 13:57:00,115,21,25,6,-45,1
04/24/2012 13:58:00,115,20,26,6,-45,1
04/24/2012 13:59:00,115,20,26,6,-45,1
04/24/2012 14:00:00,115,19,27,6,-45,1
04/24/2012 14:01:00,115,19,27,6,-45,1
04/24/2012 14:02:00,115,19,26,6,-45,1
04/24/2012 14:03:00,115,18,26,6,-45,1
04/24/2012 14:04:00,115,18,24,6,-45,1
04/24/2012 14:05:00,115,18,24,6,-45,1
04/24/2012 14:06:00,115,18,24,6,-45,1
04/24/2012 14:07:00,115,18,24,6,-45,1
04/24/2012 14:08:00,115,18,23,6,-45,1
04/24/2012 14:09:00,115,18,23,6,-45,1
04/24/2012 14:10:00,115,18,21,6,-45,1
04/24/2012 14:11:00,115,17,22,6,-44,1
04/24/2012 14:12:00,115,17,21,6,-44,1
04/24/2012 14:13:00,115,17,20,6,-44,1
04/24/2012 14:14:00,115,16,20,6,-44,1
04/24/2012 14:15:00,115,16,19,6,-44,1
04/24/2012 14:16:00,115,16,19,6,-44,1
04/24/2012 14:17:00,115,14,19,6,-44,1
04/24/2012 14:18:00,115,14,19,5,-44,1
04/24/2012 14:19:00,115,14,19,5,-44,1
04/24/2012 14:20:00,115,13,18,5,-44,1
04/24/2012 14:21:00,115,13,18,5,-44,1
04/24/2012 14:22:00,115,13,18,5,-44,1
04/24/2012 14:23:00,115,13,17,5,-44,1
04/24/2012 14:24:00,115,12,17,5,-44,1
04/24/2012 14:25:00,115,11,16,5,-44,1
04/24/2012 14:26:00,115,11,16,5,-43,1
04/24/2012 14:27:00,115,11,16,5,-43,1
04/24/2012 14:28:00,115,11,16,5,-43,1
04/24/2012 14:29:00,115,10,15,5,-43,1
04/24/2012 14:30:00,115,10,15,5,-43,1
04/24/2012 14:31:00,115,11,15,5,-43,1
04/24/2012 14:32:00,115,11,15,5,-43,1
04/24/2012 14:33:00,115,11,15,5,-43,1
04/24/2012 14:34:00,115,11,16,5,-43,1
04/24/2012 14:35:00,115,11,16,5,-43,1
04/24/2012 14:36:00,115,11,16,5,-43,1
04/24/2012 14:37:00,115,11,17,5,-42,1
04/24/2012 14:38:00,115,11,17,5,-42,1
04/24/2012 14:39:00,115,11,17,5,-42,1
04/24/2012 14:40:00,115,11,16,5,-42,1
04/24/2012 14:41:00,115,11,15,5,-42,1
04/24/2012 14:42:00,115,11,17,5,-42,1
04/24/2012 14:43:00,115,10,17,5,-42,1
04/24/2012 14:44:00,115,11,18,5,-42,1
04/24/2012 14:45:00,115,11,17,5,-42,1
04/24/2012 14:46:00,115,10,17,5,-42,1
04/24/2012 14:47:00,115,10,17,4,-42,1
04/24/2012 14:48:00,115,10,18,4,-42,1
04/24/2012 14:49:00,115,10,18,4,-42,1
04/24/2012 14:50:00,115,10,18,4,-42,1
04/24/2012 14:51:00,115,10,18,4,-42,1
04/24/2012 14:52:00,115,10,17,4,-42,1
04/24/2012 14:53:00,115,9,18,4,-42,1
04/24/2012 14:54:00,115,10,18,4,-42,1
04/24/2012 14:55:00,115,10,18,4,-42,1
04/24/2012 14:56:00,115,11,18,4,-42,1
04/24/2012 14:57:00,115,11,19,3,-42,1
04/24/2012 14:58:00,115,11,19,3,-42,1
04/24/2012 14:59:00,115,11,20,3,-42,1
04/24/2012 15:00:00,115,11,20,3,-42,1
04/24/2012 15:01:00,115,11,20,3,-42,1
04/24/2012 15:02:00,115,11,20,3,-42,1
04/24/2012 15:03:00,115,11,20,3,-42,1
04/24/2012 15:04:00,115,12,20,3,-42,1
04/24/2012 15:05:00,115,12,20,3,-43,1
04/24/2012 15:06:00,115,12,21,3,-43,1
04/24/2012 15:07:00,115,13,21,3,-43,1
04/24/2012 15:08:00,115,12,21,3,-42,1
04/24/2012 15:09:00,115,11,20,3,-42,1
04/24/2012 15:10:00,115,11,20,3,-42,1
04/24/2012 15:11:00,115,11,20,3,-41,1
04/24/2012 15:12:00,115,10,20,3,-42,1
04/24/2012 15:13:00,115,10,21,3,-41,1
04/24/2012 15:14:00,115,10,21,3,-41,1
04/24/2012 15:15:00,115,8,20,3,-40,1
04/24/2012 15:16:00,115,8,20,3,-40,1
04/24/2012 15:17:00,115,7,20,3,-39,1
04/24/2012 15:18:00,115,7,19,4,-40,1
04/24/2012 15:19:00,115,7,19,4,-39,1
04/24/2012 15:20:00,115,8,20,3,-39,1
04/24/2012 15:21:00,115,9,20,3,-39,1
04/24/2012 15:22:00,115,10,21,3,-39,1
04/24/2012 15:23:00,115,10,21,3,-39,1
04/24/2012 15:24:00,115,9,21,3,-39,1
04/24/2012 15:25:00,115,8,22,3,-39,1
04/24/2012 15:26:00,115,8,22,3,-39,1
04/24/2012 15:27:00,115,8,22,3,-39,1
04/24/2012 15:28:00,115,8,22,3,-40,1
04/24/2012 15:29:00,115,8,22,3,-39,1
04/24/2012 15:30:00,115,8,23,3,-39,1
04/24/2012 15:31:00,115,9,24,3,-40,1
04/24/2012 15:32:00,115,9,24,3,-40,1
04/24/2012 15:33:00,115,8,23,3,-40,1
04/24/2012 15:34:00,115,8,23,3,-40,1
04/24/2012 15:35:00,115,8,23,3,-40,1
04/24/2012 15:36:00,115,8,23,3,-40,1
04/24/2012 15:37:00,115,8,23,3,-40,1
04/24/2012 15:38:00,115,10,23,3,-40,1
04/24/2012 15:39:00,115,10,23,3,-40,1
04/24/2012 15:40:00,115,11,23,3,-41,1
04/24/2012 15:41:00,115,12,23,3,-41,1
04/24/2012 15:42:00,115,12,23,3,-41,1
04/24/2012 15:43:00,115,13,23,3,-40,1
04/24/2012 15:44:00,115,12,22,3,-40,1
04/24/2012 15:45:00,115,11,21,3,-40,1
04/24/2012 15:46:00,115,9,21,3,-40,1
04/24/2012 15:47:00,115,9,21,3,-39,1
04/24/2012 15:48:00,115,9,21,3,-39,1
04/24/2012 15:49:00,115,8,21,3,-39,1
04/24/2012 15:50:00,115,7,21,3,-38,1
04/24/2012 15:51:00,115,7,21,3,-38,1
04/24/2012 15:52:00,115,7,21,3,-38,1
04/24/2012 15:53:00,115,7,21,3,-38,1
04/24/2012 15:54:00,115,7,22,3,-38,1
04/24/2012 15:55:00,115,6,22,3,-37,1
04/24/2012 15:56:00,115,7,22,3,-37,1
04/24/2012 15:57:00,115,7,22,3,-37,1
04/24/2012 15:58:00,115,7,22,3,-38,1
04/24/2012 15:59:00,115,7,22,3,-38,1
04/24/2012 16:00:00,115,7,22,3,-38,1
04/24/2012 16:01:00,115,7,22,3,-38,1
04/24/2012 16:02:00,115,7,23,3,-37,1
04/24/2012 16:03:00,115,9,23,3,-38,1
04/24/2012 16:04:00,115,8,23,3,-38,1
04/24/2012 16:05:00,115,9,21,3,-38,1
04/24/2012 16:06:00,115,9,21,3,-38,1
04/24/2012 16:07:00,115,8,21,3,-38,1
04/24/2012 16:08:00,115,8,21,3,-37,1
04/24/2012 16:09:00,115,9,21,3,-37,1
04/24/2012 16:10:00,115,8,21,3,-37,1
04/24/2012 16:11:00,115,8,22,3,-36,1
04/24/2012 16:12:00,115,9,23,3,-36,1
04/24/2012 16:13:00,115,9,22,3,-36,1
04/24/2012 16:14:00,115,9,21,3,-36,1
04/24/2012 16:15:00,115,9,20,3,-36,1
04/24/2012 16:16:00,115,7,20,4,-36,1
04/24/2012 16:17:00,115,7,19,4,-35,1
04/24/2012 16:18:00,115,9,20,4,-35,1
04/24/2012 16:19:00,115,12,20,4,-36,1
04/24/2012 16:20:00,115,12,21,4,-36,1
04/24/2012 16:21:00,115,11,20,4,-36,1
04/24/2012 16:22:00,115,12,21,4,-36,1
04/24/2012 16:23:00,115,12,20,4,-37,1
04/24/2012 16:24:00,115,11,19,4,-37,1
04/24/2012 16:25:00,115,11,19,5,-37,1
04/24/2012 16:26:00,115,10,18,5,-37,1
04/24/2012 16:27:00,115,11,17,5,-37,1
04/24/2012 16:28:00,115,13,18,5,-37,1
04/24/2012 16:29:00,115,13,19,5,-38,1
04/24/2012 16:30:00,115,12,18,5,-38,1
04/24/2012 16:31:00,115,12,19,5,-38,1
04/24/2012 16:32:00,115,11,19,5,-39,1
04/24/2012 16:33:00,115,10,19,5,-39,1
04/24/2012 16:34:00,115,9,20,5,-39,1
04/24/2012 16:35:00,115,8,21,5,-39,1
04/24/2012 16:36:00,115,8,21,5,-40,1
04/24/2012 16:37:00,115,9,22,5,-40,1
04/24/2012 16:38:00,115,9,22,5,-41,1
04/24/2012 16:39:00,115,9,22,4,-41,1
04/24/2012 16:40:00,115,10,21,5,-41,1
04/24/2012 16:41:00,115,10,21,5,-41,1
04/24/2012 16:42:00,115,10,22,5,-41,1
04/24/2012 16:43:00,115,11,23,5,-41,1
04/24/2012 16:44:00,115,11,22,5,-41,1
04/24/2012 16:45:00,115,11,22,5,-41,1
04/24/2012 16:46:00,115,12,22,5,-41,1
04/24/2012 16:47:00,115,13,22,5,-41,1
04/24/2012 16:48:00,115,14,22,5,-41,1
04/24/2012 16:49:00,115,13,22,5,-41,1
04/24/2012 16:50:00,115,13,21,5,-41,1
04/24/2012 16:51:00,115,14,21,5,-41,1
04/24/2012 16:52:00,115,14,21,5,-41,1
04/24/2012 16:53:00,115,14,20,5,-41,1
04/24/2012 16:54:00,115,13,20,5,-40,1
04/24/2012 16:55:00,115,13,20,5,-40,1
04/24/2012 16:56:00,115,12,21,5,-40,1
04/24/2012 16:57:00,115,12,20,5,-41,1
04/24/2012 16:58:00,115,13,20,5,-41,1
04/24/2012 16:59:00,115,14,20,5,-41,1
04/24/2012 17:00:00,115,13,21,5,-41,1
04/24/2012 17:01:00,115,13,21,5,-41,1
04/24/2012 17:02:00,115,14,22,5,-41,1
04/24/2012 17:03:00,115,13,23,5,-41,1
04/24/2012 17:04:00,115,13,21,5,-41,1
04/24/2012 17:05:00,115,14,22,5,-41,1
04/24/2012 17:06:00,115,14,22,5,-42,1
04/24/2012 17:07:00,115,15,21,5,-42,1
04/24/2012 17:08:00,115,15,21,5,-42,1
04/24/2012 17:09:00,115,15,20,5,-42,1
04/24/2012 17:10:00,115,15,20,5,-42,1
04/24/2012 17:11:00,115,16,20,5,-42,1
04/24/2012 17:12:00,115,16,20,5,-42,1
04/24/2012 17:13:00,115,15,20,5,-42,1
04/24/2012 17:14:00,115,16,20,5,-43,1
04/24/2012 17:15:00,115,16,20,5,-43,1
04/24/2012 17:16:00,115,17,20,5,-43,1
04/24/2012 17:17:00,115,17,19,5,-43,1
04/24/2012 17:18:00,115,16,19,5,-43,1
04/24/2012 17:19:00,115,16,20,5,-43,1
04/24/2012 17:20:00,115,16,20,5,-43,1
04/24/2012 17:21:00,115,16,21,5,-43,1
04/24/2012 17:22:00,115,16,21,5,-43,1
04/24/2012 17:23:00,115,16,21,5,-43,1
04/24/2012 17:24:00,115,15,20,5,-43,1
04/24/2012 17:25:00,115,15,19,5,-44,1
04/24/2012 17:26:00,115,16,19,5,-44,1
04/24/2012 17:27:00,115,16,17,5,-44,1
04/24/2012 17:28:00,115,16,17,5,-44,1
04/24/2012 17:29:00,115,17,17,5,-45,1
04/24/2012 17:30:00,115,17,18,5,-45,1
04/24/2012 17:31:00,115,18,18,5,-45,1
04/24/2012 17:32:00,115,18,19,5,-45,1
04/24/2012 17:33:00,115,18,19,5,-45,1
04/24/2012 17:34:00,115,18,20,5,-44,1
04/24/2012 17:35:00,115,17,20,5,-44,1
04/24/2012 17:36:00,115,16,21,5,-44,1
04/24/2012 17:37:00,115,16,21,5,-44,1
04/24/2012 17:38:00,115,17,20,5,-44,1
04/24/2012 17:39:00,115,17,19,5,-44,1
04/24/2012 17:40:00,115,17,19,5,-45,1
04/24/2012 17:41:00,115,17,20,5,-45,1
04/24/2012 17:42:00,115,18,20,5,-45,1
04/24/2012 17:43:00,115,17,20,5,-45,1
04/24/2012 17:44:00,115,16,21,5,-46,1
04/24/2012 17:45:00,115,16,21,5,-46,1
04/24/2012 17:46:00,115,16,19,5,-46,1
04/24/2012 17:47:00,115,16,19,5,-46,1
04/24/2012 17:48:00,115,18,20,5,-46,1
04/24/2012 17:49:00,115,20,21,5,-47,1
04/24/2012 17:50:00,115,21,22,5,-46,1
04/24/2012 17:51:00,115,22,24,5,-47,1
04/24/2012 17:52:00,115,24,25,5,-47,1
04/24/2012 17:53:00,115,25,26,5,-47,1
04/24/2012 17:54:00,115,28,28,4,-46,1
04/24/2012 17:55:00,115,28,30,4,-47,1
04/24/2012 17:56:00,115,30,35,4,-46,1
04/24/2012 17:57:00,115,30,39,4,-46,1
04/24/2012 17:58:00,115,30,43,4,-46,1
04/24/2012 17:59:00,115,30,46,3,-45,1
04/24/2012 18:00:00,115,29,49,3,-46,1
04/24/2012 18:01:00,115,30,52,2,-46,1
04/24/2012 18:02:00,115,29,53,2,-46,1
04/24/2012 18:03:00,115,30,54,1,-46,1
04/24/2012 18:04:00,115,29,56,1,-47,1
04/24/2012 18:05:00,115,28,56,0,-47,1
04/24/2012 18:06:00,115,26,58,0,-46,1
04/24/2012 18:07:00,115,24,59,0,-45,1
04/24/2012 18:08:00,115,24,62,-1,-45,1
04/24/2012 18:09:00,115,24,62,-1,-45,1
04/24/2012 18:10:00,115,23,63,-1,-44,1
04/24/2012 18:11:00,115,22,64,-2,-44,1
04/24/2012 18:12:00,115,20,65,-2,-44,1
04/24/2012 18:13:00,115,20,65,-2,-44,1
04/24/2012 18:14:00,115,21,65,-2,-43,1
04/24/2012 18:15:00,115,22,65,-3,-43,1
04/24/2012 18:16:00,115,23,63,-3,-42,1
04/24/2012 18:17:00,115,22,62,-3,-42,1
04/24/2012 18:18:00,115,21,62,-3,-42,1
04/24/2012 18:19:00,115,20,61,-3,-42,1
04/24/2012 18:20:00,115,20,61,-3,-41,1
04/24/2012 18:21:00,115,21,60,-3,-41,1
04/24/2012 18:22:00,115,20,60,-3,-40,1
04/24/2012 18:23:00,115,21,60,-3,-40,1
04/24/2012 18:24:00,115,20,58,-3,-39,1
04/24/2012 18:25:00,115,20,57,-4,-39,1
04/24/2012 18:26:00,115,19,56,-3,-39,1
04/24/2012 18:27:00,115,19,54,-3,-39,1
04/24/2012 18:28:00,115,19,53,-3,-39,1
04/24/2012 18:29:00,115,20,52,-3,-39,1
04/24/2012 18:30:00,115,20,52,-3,-39,1
04/24/2012 18:31:00,115,22,53,-3,-40,1
04/24/2012 18:32:00,115,21,53,-3,-41,1
04/24/2012 18:33:00,115,21,52,-3,-41,1
04/24/2012 18:34:00,115,21,52,-3,-41,1
04/24/2012 18:35:00,115,21,52,-3,-40,1
04/24/2012 18:36:00,115,21,52,-3,-40,1
04/24/2012 18:37:00,115,23,52,-3,-40,1
04/24/2012 18:38:00,115,23,51,-3,-41,1
04/24/2012 18:39:00,115,23,49,-3,-40,1
04/24/2012 18:40:00,115,23,47,-3,-40,1
04/24/2012 18:41:00,115,22,45,-3,-39,1
04/24/2012 18:42:00,115,21,42,-3,-40,1
04/24/2012 18:43:00,115,22,43,-3,-40,1
04/24/2012 18:44:00,115,24,42,-3,-41,1
04/24/2012 18:45:00,115,24,41,-3,-41,1
04/24/2012 18:46:00,115,25,41,-3,-40,1
04/24/2012 18:47:00,115,25,40,-3,-40,1
04/24/2012 18:48:00,115,25,41,-3,-41,1
04/24/2012 18:49:00,115,26,43,-3,-42,1
04/24/2012 18:50:00,115,25,42,-3,-41,1
04/24/2012 18:51:00,115,25,42,-3,-41,1
04/24/2012 18:52:00,115,26,42,-3,-41,1
04/24/2012 18:53:00,115,26,43,-3,-41,1
04/24/2012 18:54:00,115,28,43,-3,-41,1
04/24/2012 18:55:00,115,28,44,-3,-42,1
04/24/2012 18:56:00,115,31,45,-3,-42,1
04/24/2012 18:57:00,115,30,45,-3,-42,1
04/24/2012 18:58:00,115,30,45,-3,-42,1
04/24/2012 18:59:00,115,31,46,-3,-42,1
04/24/2012 19:00:00,115,31,46,-3,-43,1
04/24/2012 19:01:00,115,31,47,-3,-43,1
04/24/2012 19:02:00,115,32,48,-3,-44,1
04/24/2012 19:03:00,115,33,48,-3,-43,1
04/24/2012 19:04:00,115,34,47,-3,-43,1
04/24/2012 19:05:00,115,34,45,-3,-43,1
04/24/2012 19:06:00,115,36,45,-3,-43,1
04/24/2012 19:07:00,115,38,45,-3,-44,1
04/24/2012 19:08:00,115,39,44,-3,-44,1
04/24/2012 19:09:00,115,40,43,-3,-43,1
04/24/2012 19:10:00,115,40,42,-3,-43,1
04/24/2012 19:11:00,115,39,41,-3,-43,1
04/24/2012 19:12:00,115,38,42,-4,-43,1
04/24/2012 19:13:00,115,37,42,-4,-43,1
04/24/2012 19:14:00,115,37,42,-4,-42,1
04/24/2012 19:15:00,115,38,42,-4,-43,1
04/24/2012 19:16:00,115,39,42,-4,-43,1
04/24/2012 19:17:00,115,41,43,-4,-43,1
04/24/2012 19:18:00,115,40,42,-3,-44,1
04/24/2012 19:19:00,115,41,42,-3,-44,1
04/24/2012 19:20:00,115,41,42,-3,-44,1
04/24/2012 19:21:00,115,41,41,-4,-44,1
04/24/2012 19:22:00,115,40,39,-4,-43,1
04/24/2012 19:23:00,115,38,39,-3,-43,1
04/24/2012 19:24:00,115,38,38,-3,-44,1
04/24/2012 19:25:00,115,37,36,-3,-44,1
04/24/2012 19:26:00,115,36,34,-4,-43,1
04/24/2012 19:27:00,115,36,33,-4,-42,1
04/24/2012 19:28:00,115,37,33,-4,-42,1
04/24/2012 19:29:00,115,36,32,-4,-42,1
04/24/2012 19:30:00,115,37,31,-4,-42,1
04/24/2012 19:31:00,115,37,31,-4,-42,1
04/24/2012 19:32:00,115,38,31,-4,-42,1
04/24/2012 19:33:00,115,37,31,-4,-42,1
04/24/2012 19:34:00,115,36,31,-4,-43,1
04/24/2012 19:35:00,115,36,31,-4,-42,1
04/24/2012 19:36:00,115,35,31,-4,-42,1
04/24/2012 19:37:00,115,35,32,-4,-43,1
04/24/2012 19:38:00,115,35,31,-4,-43,1
04/24/2012 19:39:00,115,35,31,-4,-43,1
04/24/2012 19:40:00,115,35,30,-4,-43,1
04/24/2012 19:41:00,115,35,29,-4,-43,1
04/24/2012 19:42:00,115,34,29,-4,-43,1
04/24/2012 19:43:00,115,33,29,-4,-43,1
04/24/2012 19:44:00,115,32,29,-4,-43,1
04/24/2012 19:45:00,115,32,29,-4,-42,1
04/24/2012 19:46:00,115,32,30,-4,-43,1
04/24/2012 19:47:00,115,32,29,-5,-44,1
04/24/2012 19:48:00,115,33,29,-5,-44,1
04/24/2012 19:49:00,115,34,29,-5,-44,1
04/24/2012 19:50:00,115,34,29,-5,-44,1
04/24/2012 19:51:00,115,35,29,-5,-44,1
04/24/2012 19:52:00,115,36,30,-4,-44,1
04/24/2012 19:53:00,115,37,31,-4,-45,1
04/24/2012 19:54:00,115,37,32,-4,-45,1
04/24/2012 19:55:00,115,37,31,-4,-45,1
04/24/2012 19:56:00,115,37,33,-4,-45,1
04/24/2012 19:57:00,115,35,32,-4,-44,1
04/24/2012 19:58:00,115,31,32,-4,-44,1
04/24/2012 19:59:00,115,29,33,-4,-44,1
04/24/2012 20:00:00,115,29,34,-4,-45,1
04/24/2012 20:01:00,115,30,33,-5,-45,1
04/24/2012 20:02:00,115,30,33,-5,-44,1
04/24/2012 20:03:00,115,30,33,-5,-45,1
04/24/2012 20:04:00,115,31,35,-5,-45,1
04/24/2012 20:05:00,115,32,35,-5,-45,1
04/24/2012 20:06:00,115,32,37,-5,-44,1
04/24/2012 20:07:00,115,31,37,-5,-44,1
04/24/2012 20:08:00,115,32,39,-5,-45,1
04/24/2012 20:09:00,115,32,39,-6,-45,1
04/24/2012 20:10:00,115,30,37,-6,-44,1
04/24/2012 20:11:00,115,31,36,-6,-43,1
04/24/2012 20:12:00,115,31,36,-6,-44,1
04/24/2012 20:13:00,115,32,37,-6,-44,1
04/24/2012 20:14:00,115,31,37,-6,-45,1
04/24/2012 20:15:00,115,31,38,-6,-46,1
04/24/2012 20:16:00,115,31,39,-6,-47,1
04/24/2012 20:17:00,115,32,38,-6,-47,1
04/24/2012 20:18:00,115,33,39,-6,-47,1
04/24/2012 20:19:00,115,33,39,-6,-48,1
04/24/2012 20:20:00,115,35,40,-6,-49,1
04/24/2012 20:21:00,115,35,42,-6,-49,1
04/24/2012 20:22:00,115,36,43,-6,-49,1
04/24/2012 20:23:00,115,36,41,-6,-49,1
04/24/2012 20:24:00,115,36,41,-6,-49,1
04/24/2012 20:25:00,115,36,41,-6,-50,1
04/24/2012 20:26:00,115,36,41,-6,-50,1
04/24/2012 20:27:00,115,34,39,-6,-49,1
04/24/2012 20:28:00,115,32,39,-6,-49,1
04/24/2012 20:29:00,115,32,38,-6,-49,1
04/24/2012 20:30:00,115,33,38,-6,-49,1
04/24/2012 20:31:00,115,34,36,-6,-49,1
04/24/2012 20:32:00,115,35,36,-6,-48,1
04/24/2012 20:33:00,115,35,37,-5,-48,1
04/24/2012 20:34:00,115,36,37,-5,-48,1
04/24/2012 20:35:00,115,38,38,-5,-48,1
04/24/2012 20:36:00,115,39,37,-5,-47,1
04/24/2012 20:37:00,115,40,37,-5,-47,1
04/24/2012 20:38:00,115,41,36,-5,-46,1
04/24/2012 20:39:00,115,40,31,-5,-45,1
04/24/2012 20:40:00,115,39,28,-5,-45,1
04/24/2012 20:41:00,115,38,27,-5,-44,1
04/24/2012 20:42:00,115,37,25,-5,-44,1
04/24/2012 20:43:00,115,36,25,-5,-45,1
04/24/2012 20:44:00,115,36,24,-4,-44,1
04/24/2012 20:45:00,115,36,26,-4,-43,1
04/24/2012 20:46:00,115,36,26,-5,-43,1
04/24/2012 20:47:00,115,36,27,-5,-43,1
04/24/2012 20:48:00,115,36,27,-5,-43,1
04/24/2012 20:49:00,115,36,27,-5,-43,1
04/24/2012 20:50:00,115,36,28,-5,-43,1
04/24/2012 20:51:00,115,35,28,-5,-43,1
04/24/2012 20:52:00,115,35,27,-5,-44,1
04/24/2012 20:53:00,115,34,27,-5,-44,1
04/24/2012 20:54:00,115,34,28,-5,-44,1
04/24/2012 20:55:00,115,36,30,-5,-45,1
04/24/2012 20:56:00,115,37,29,-6,-44,1
04/24/2012 20:57:00,115,39,28,-6,-44,1
04/24/2012 20:58:00,115,39,29,-6,-44,1
04/24/2012 20:59:00,115,39,29,-6,-45,1
04/24/2012 21:00:00,115,40,29,-7,-45,1
04/24/2012 21:01:00,115,40,30,-7,-46,1
04/24/2012 21:02:00,115,40,30,-7,-46,1
04/24/2012 21:03:00,115,42,31,-7,-46,1
04/24/2012 21:04:00,115,43,31,-7,-46,1
04/24/2012 21:05:00,115,44,31,-7,-46,1
04/24/2012 21:06:00,115,45,30,-7,-46,1
04/24/2012 21:07:00,115,45,30,-7,-46,1
04/24/2012 21:08:00,115,44,31,-7,-46,1
04/24/2012 21:09:00,115,44,32,-6,-46,1
04/24/2012 21:10:00,115,45,32,-6,-45,1
04/24/2012 21:11:00,115,45,31,-6,-45,1
04/24/2012 21:12:00,115,46,34,-6,-44,1
04/24/2012 21:13:00,115,45,34,-6,-44,1
04/24/2012 21:14:00,115,42,34,-6,-44,1
04/24/2012 21:15:00,115,40,35,-5,-44,1
04/24/2012 21:16:00,115,39,34,-5,-44,1
04/24/2012 21:17:00,115,38,32,-5,-45,1
04/24/2012 21:18:00,115,37,31,-5,-45,1
04/24/2012 21:19:00,115,37,33,-5,-46,1
04/24/2012 21:20:00,115,37,34,-4,-47,1
04/24/2012 21:21:00,115,36,36,-4,-47,1
04/24/2012 21:22:00,115,36,38,-5,-47,1
04/24/2012 21:23:00,115,35,39,-5,-46,1
04/24/2012 21:24:00,115,36,42,-5,-45,1
04/24/2012 21:25:00,115,36,43,-6,-45,1
04/24/2012 21:26:00,115,36,41,-6,-44,1
04/24/2012 21:27:00,115,35,40,-7,-45,1
04/24/2012 21:28:00,115,34,37,-7,-45,1
04/24/2012 21:29:00,115,34,36,-8,-46,1
04/24/2012 21:30:00,115,33,32,-8,-46,1
04/24/2012 21:31:00,115,32,29,-8,-47,1
04/24/2012 21:32:00,115,32,27,-8,-48,1
04/24/2012 21:33:00,115,31,28,-8,-48,1
04/24/2012 21:34:00,115,31,29,-7,-49,1
04/24/2012 21:35:00,115,29,31,-6,-49,1
04/24/2012 21:36:00,115,30,31,-6,-48,1
04/24/2012 21:37:00,115,29,31,-6,-48,1
04/24/2012 21:38:00,115,29,32,-6,-48,1
04/24/2012 21:39:00,115,30,32,-5,-48,1
04/24/2012 21:40:00,115,30,34,-5,-49,1
04/24/2012 21:41:00,115,28,35,-4,-49,1
04/24/2012 21:42:00,115,29,41,-3,-47,1
04/24/2012 21:43:00,115,31,51,-2,-46,1
04/24/2012 21:44:00,115,32,58,-1,-44,1
04/24/2012 21:45:00,115,33,64,-1,-43,1
04/24/2012 21:46:00,115,34,70,-1,-42,1
04/24/2012 21:47:00,115,35,75,-1,-40,1
04/24/2012 21:48:00,115,36,76,-1,-40,1
04/24/2012 21:49:00,115,36,76,-1,-40,1
04/24/2012 21:50:00,115,37,79,-2,-39,1
04/24/2012 21:51:00,115,36,74,-2,-40,1
04/24/2012 21:52:00,115,35,74,-3,-39,1
04/24/2012 21:53:00,115,35,72,-4,-39,1
04/24/2012 21:54:00,115,35,70,-4,-39,1
04/24/2012 21:55:00,115,33,69,-5,-39,1
04/24/2012 21:56:00,115,32,67,-5,-40,1
04/24/2012 21:57:00,115,31,63,-5,-41,1
04/24/2012 21:58:00,115,31,58,-5,-42,1
04/24/2012 21:59:00,115,30,55,-6,-43,1
04/24/2012 22:00:00,115,28,51,-6,-44,1
04/24/2012 22:01:00,115,27,50,-6,-44,1
04/24/2012 22:02:00,115,26,48,-6,-45,1
04/24/2012 22:03:00,115,24,48,-6,-45,1
04/24/2012 22:04:00,115,23,47,-6,-45,1
04/24/2012 22:05:00,115,23,48,-6,-44,1
04/24/2012 22:06:00,115,22,47,-6,-44,1
04/24/2012 22:07:00,115,20,49,-6,-44,1
04/24/2012 22:08:00,115,19,50,-6,-44,1
04/24/2012 22:09:00,115,19,52,-6,-44,1
04/24/2012 22:10:00,115,19,53,-6,-44,1
04/24/2012 22:11:00,115,19,51,-6,-43,1
04/24/2012 22:12:00,115,20,53,-6,-43,1
04/24/2012 22:13:00,115,20,54,-6,-43,1
04/24/2012 22:14:00,115,21,55,-7,-43,1
04/24/2012 22:15:00,115,22,53,-7,-43,1
04/24/2012 22:16:00,115,22,51,-7,-44,1
04/24/2012 22:17:00,115,23,51,-7,-44,1
04/24/2012 22:18:00,115,24,48,-7,-45,1
04/24/2012 22:19:00,115,25,47,-7,-45,1
04/24/2012 22:20:00,115,26,47,-7,-45,1
04/24/2012 22:21:00,115,27,45,-7,-46,1
04/24/2012 22:22:00,115,27,39,-7,-47,1
04/24/2012 22:23:00,115,28,38,-7,-47,1
04/24/2012 22:24:00,115,30,38,-7,-48,1
04/24/2012 22:25:00,115,30,36,-7,-48,1
04/24/2012 22:26:00,115,31,35,-7,-48,1
04/24/2012 22:27:00,115,31,35,-7,-49,1
04/24/2012 22:28:00,115,32,36,-7,-49,1
04/24/2012 22:29:00,115,32,35,-7,-49,1
04/24/2012 22:30:00,115,32,35,-7,-50,1
04/24/2012 22:31:00,115,33,37,-7,-49,1
04/24/2012 22:32:00,115,33,41,-7,-49,1
04/24/2012 22:33:00,115,33,43,-7,-48,1
04/24/2012 22:34:00,115,33,44,-7,-48,1
04/24/2012 22:35:00,115,34,47,-7,-48,1
04/24/2012 22:36:00,115,34,48,-7,-48,1
04/24/2012 22:37:00,115,33,50,-7,-47,1
04/24/2012 22:38:00,115,33,49,-7,-48,1
04/24/2012 22:39:00,115,32,50,-7,-48,1
04/24/2012 22:40:00,115,32,48,-7,-49,1
04/24/2012 22:41:00,115,31,48,-7,-50,1
04/24/2012 22:42:00,115,31,46,-7,-50,1
04/24/2012 22:43:00,115,31,44,-7,-50,1
04/24/2012 22:44:00,115,32,46,-7,-50,1
04/24/2012 22:45:00,115,33,45,-7,-50,1
04/24/2012 22:46:00,115,33,44,-7,-50,1
04/24/2012 22:47:00,115,32,44,-7,-51,1
04/24/2012 22:48:00,115,31,42,-7,-51,1
04/24/2012 22:49:00,115,31,43,-7,-52,1
04/24/2012 22:50:00,115,30,41,-7,-52,1
04/24/2012 22:51:00,115,27,40,-6,-52,1
04/24/2012 22:52:00,115,26,39,-6,-53,1
04/24/2012 22:53:00,115,24,38,-6,-53,1
04/24/2012 22:54:00,115,20,38,-6,-54,1
04/24/2012 22:55:00,115,18,37,-7,-55,1
04/24/2012 22:56:00,115,13,38,-7,-55,1
04/24/2012 22:57:00,115,12,38,-7,-56,1
04/24/2012 22:58:00,115,13,39,-8,-56,1
04/24/2012 22:59:00,115,15,39,-8,-56,1
04/24/2012 23:00:00,115,16,40,-8,-56,1
04/24/2012 23:01:00,115,17,42,-9,-56,1
04/24/2012 23:02:00,115,17,43,-9,-56,1
04/24/2012 23:03:00,115,17,44,-9,-55,1
04/24/2012 23:04:00,115,18,45,-10,-55,1
04/24/2012 23:05:00,115,18,45,-10,-55,1
04/24/2012 23:06:00,115,19,47,-11,-54,1
04/24/2012 23:07:00,115,19,49,-11,-54,1
04/24/2012 23:08:00,115,21,51,-11,-54,1
04/24/2012 23:09:00,115,23,52,-10,-55,1
04/24/2012 23:10:00,115,25,55,-10,-55,1
04/24/2012 23:11:00,115,26,55,-10,-55,1
04/24/2012 23:12:00,115,27,56,-10,-54,1
04/24/2012 23:13:00,115,27,57,-10,-54,1
04/24/2012 23:14:00,115,28,57,-10,-54,1
04/24/2012 23:15:00,115,28,59,-10,-54,1
04/24/2012 23:16:00,115,29,59,-10,-54,1
04/24/2012 23:17:00,115,30,58,-10,-55,1
04/24/2012 23:18:00,115,31,59,-9,-54,1
04/24/2012 23:19:00,115,32,58,-9,-55,1
04/24/2012 23:20:00,115,32,57,-8,-55,1
04/24/2012 23:21:00,115,33,56,-8,-55,1
04/24/2012 23:22:00,115,34,56,-8,-55,1
04/24/2012 23:23:00,115,34,56,-7,-55,1
04/24/2012 23:24:00,115,34,55,-7,-55,1
04/24/2012 23:25:00,115,32,55,-6,-55,1
04/24/2012 23:26:00,115,31,57,-6,-55,1
04/24/2012 23:27:00,115,30,57,-6,-55,1
04/24/2012 23:28:00,115,28,59,-5,-54,1
04/24/2012 23:29:00,115,28,59,-5,-54,1
04/24/2012 23:30:00,115,27,59,-5,-54,1
04/24/2012 23:31:00,115,27,59,-5,-54,1
04/24/2012 23:32:00,115,28,58,-5,-54,1
04/24/2012 23:33:00,115,28,59,-4,-53,1
04/24/2012 23:34:00,115,31,61,-4,-54,1
04/24/2012 23:35:00,115,31,64,-3,-53,1
04/24/2012 23:36:00,115,30,66,-3,-53,1
04/24/2012 23:37:00,115,30,65,-3,-52,1
04/24/2012 23:38:00,115,30,65,-3,-52,1
04/24/2012 23:39:00,115,30,65,-2,-52,1
04/24/2012 23:40:00,115,31,66,-2,-52,1
04/24/2012 23:41:00,115,32,68,-2,-51,1
04/24/2012 23:42:00,115,37,68,-1,-51,1
04/24/2012 23:43:00,115,41,70,0,-50,1
04/24/2012 23:44:00,115,46,69,1,-50,1
04/24/2012 23:45:00,115,51,72,2,-50,1
04/24/2012 23:46:00,115,58,77,3,-49,1
04/24/2012 23:47:00,115,61,82,4,-49,1
04/24/2012 23:48:00,115,63,88,4,-48,1
04/24/2012 23:49:00,115,63,92,5,-48,1
04/24/2012 23:50:00,115,60,95,5,-47,1
04/24/2012 23:51:00,115,58,96,5,-47,1
04/24/2012 23:52:00,115,54,97,5,-46,1
04/24/2012 23:53:00,115,50,99,5,-45,1
04/24/2012 23:54:00,115,46,101,4,-44,1
04/24/2012 23:55:00,115,41,100,4,-43,1
04/24/2012 23:56:00,115,35,98,3,-42,1
04/24/2012 23:57:00,115,32,95,2,-42,1
04/24/2012 23:58:00,115,27,93,1,-42,1
04/24/2012 23:59:00,115,24,91,0,-41,1
