DateTime,DOY,ASY_D,ASY_H,SYM_D,SYM_H,Location
08/17/2001 00:00:00,229,12,11,-1,2,1
08/17/2001 00:01:00,229,12,10,-1,2,1
08/17/2001 00:02:00,229,12,10,-1,2,1
08/17/2001 00:03:00,229,11,10,-1,2,1
08/17/2001 00:04:00,229,11,10,-1,2,1
08/17/2001 00:05:00,229,12,10,-1,2,1
08/17/2001 00:06:00,229,12,10,-1,3,1
08/17/2001 00:07:00,229,12,10,-2,3,1
08/17/2001 00:08:00,229,12,10,-2,3,1
08/17/2001 00:09:00,229,13,10,-2,3,1
08/17/2001 00:10:00,229,13,10,-2,3,1
08/17/2001 00:11:00,229,12,10,-2,3,1
08/17/2001 00:12:00,229,13,10,-2,3,1
08/17/2001 00:13:00,229,13,10,-2,3,1
08/17/2001 00:14:00,229,13,11,-2,3,1
08/17/2001 00:15:00,229,13,11,-2,3,1
08/17/2001 00:16:00,229,13,11,-2,3,1
08/17/2001 00:17:00,229,13,11,-2,3,1
08/17/2001 00:18:00,229,12,11,-2,3,1
08/17/2001 00:19:00,229,12,11,-2,3,1
08/17/2001 00:20:00,229,12,10,-3,3,1
08/17/2001 00:21:00,229,12,10,-3,3,1
08/17/2001 00:22:00,229,13,10,-3,3,1
08/17/2001 00:23:00,229,13,11,-2,3,1
08/17/2001 00:24:00,229,13,11,-3,3,1
08/17/2001 00:25:00,229,13,11,-3,3,1
08/17/2001 00:26:00,229,13,11,-3,3,1
08/17/2001 00:27:00,229,13,11,-3,3,1
08/17/2001 00:28:00,229,13,11,-3,3,1
08/17/2001 00:29:00,229,12,11,-3,3,1
08/17/2001 00:30:00,229,12,11,-3,3,1
08/17/2001 00:31:00,229,12,11,-3,3,1
08/17/2001 00:32:00,229,12,11,-3,3,1
08/17/2001 00:33:00,229,12,11,-3,4,1
08/17/2001 00:34:00,229,12,11,-3,4,1
08/17/2001 00:35:00,229,11,11,-3,4,1
08/17/2001 00:36:00,229,12,11,-3,4,1
08/17/2001 00:37:00,229,12,11,-3,3,1
08/17/2001 00:38:00,229,12,12,-3,3,1
08/17/2001 00:39:00,229,12,12,-3,3,1
08/17/2001 00:40:00,229,11,12,-3,3,1
08/17/2001 00:41:00,229,11,12,-3,3,1
08/17/2001 00:42:00,229,11,12,-3,3,1
08/17/2001 00:43:00,229,11,11,-3,3,1
08/17/2001 00:44:00,229,12,12,-3,3,1
08/17/2001 00:45:00,229,12,12,-3,3,1
08/17/2001 00:46:00,229,11,12,-3,4,1
08/17/2001 00:47:00,229,11,12,-3,4,1
08/17/2001 00:48:00,229,11,12,-3,4,1
08/17/2001 00:49:00,229,11,13,-3,4,1
08/17/2001 00:50:00,229,11,13,-3,4,1
08/17/2001 00:51:00,229,10,14,-3,4,1
08/17/2001 00:52:00,229,10,13,-3,4,1
08/17/2001 00:53:00,229,10,13,-3,4,1
08/17/2001 00:54:00,229,10,14,-3,4,1
08/17/2001 00:55:00,229,10,14,-3,4,1
08/17/2001 00:56:00,229,10,14,-4,4,1
08/17/2001 00:57:00,229,10,14,-4,4,1
08/17/2001 00:58:00,229,8,14,-4,4,1
08/17/2001 00:59:00,229,8,14,-4,4,1
08/17/2001 01:00:00,229,9,14,-4,4,1
08/17/2001 01:01:00,229,8,14,-4,4,1
08/17/2001 01:02:00,229,8,14,-4,4,1
08/17/2001 01:03:00,229,8,14,-4,4,1
08/17/2001 01:04:00,229,7,14,-4,4,1
08/17/2001 01:05:00,229,7,14,-4,4,1
08/17/2001 01:06:00,229,8,14,-4,4,1
08/17/2001 01:07:00,229,8,14,-4,4,1
08/17/2001 01:08:00,229,7,15,-4,4,1
08/17/2001 01:09:00,229,8,15,-4,4,1
08/17/2001 01:10:00,229,8,14,-4,4,1
08/17/2001 01:11:00,229,7,14,-3,4,1
08/17/2001 01:12:00,229,7,15,-4,4,1
08/17/2001 01:13:00,229,7,15,-4,4,1
08/17/2001 01:14:00,229,7,15,-4,4,1
08/17/2001 01:15:00,229,7,15,-4,4,1
08/17/2001 01:16:00,229,6,16,-3,4,1
08/17/2001 01:17:00,229,6,16,-3,4,1
08/17/2001 01:18:00,229,7,16,-3,4,1
08/17/2001 01:19:00,229,7,15,-3,4,1
08/17/2001 01:20:00,229,6,15,-3,4,1
08/17/2001 01:21:00,229,6,15,-3,4,1
08/17/2001 01:22:00,229,6,16,-3,4,1
08/17/2001 01:23:00,229,7,16,-3,4,1
08/17/2001 01:24:00,229,7,16,-3,4,1
08/17/2001 01:25:00,229,6,16,-3,4,1
08/17/2001 01:26:00,229,6,16,-3,5,1
08/17/2001 01:27:00,229,5,16,-3,5,1
08/17/2001 01:28:00,229,5,16,-3,5,1
08/17/2001 01:29:00,229,5,16,-3,5,1
08/17/2001 01:30:00,229,5,16,-3,5,1
08/17/2001 01:31:00,229,5,17,-2,5,1
08/17/2001 01:32:00,229,6,17,-2,5,1
08/17/2001 01:33:00,229,6,17,-2,5,1
08/17/2001 01:34:00,229,5,17,-2,5,1
08/17/2001 01:35:00,229,5,17,-2,6,1
08/17/2001 01:36:00,229,6,16,-2,6,1
08/17/2001 01:37:00,229,6,17,-2,6,1
08/17/2001 01:38:00,229,6,17,-2,6,1
08/17/2001 01:39:00,229,6,17,-2,6,1
08/17/2001 01:40:00,229,6,17,-2,6,1
08/17/2001 01:41:00,229,6,17,-2,6,1
08/17/2001 01:42:00,229,5,18,-2,6,1
08/17/2001 01:43:00,229,5,18,-2,6,1
08/17/2001 01:44:00,229,4,19,-2,6,1
08/17/2001 01:45:00,229,5,18,-2,6,1
08/17/2001 01:46:00,229,5,18,-2,6,1
08/17/2001 01:47:00,229,5,18,-2,6,1
08/17/2001 01:48:00,229,5,18,-2,6,1
08/17/2001 01:49:00,229,4,18,-2,6,1
08/17/2001 01:50:00,229,4,18,-2,7,1
08/17/2001 01:51:00,229,4,18,-1,7,1
08/17/2001 01:52:00,229,4,18,-1,7,1
08/17/2001 01:53:00,229,5,19,-1,7,1
08/17/2001 01:54:00,229,5,19,-1,7,1
08/17/2001 01:55:00,229,5,18,-1,7,1
08/17/2001 01:56:00,229,5,18,-1,8,1
08/17/2001 01:57:00,229,5,18,-1,8,1
08/17/2001 01:58:00,229,4,18,-1,8,1
08/17/2001 01:59:00,229,4,18,-1,8,1
08/17/2001 02:00:00,229,4,19,-1,8,1
08/17/2001 02:01:00,229,4,18,-1,8,1
08/17/2001 02:02:00,229,4,19,-1,8,1
08/17/2001 02:03:00,229,5,19,-1,8,1
08/17/2001 02:04:00,229,4,19,-1,8,1
08/17/2001 02:05:00,229,4,19,-1,8,1
08/17/2001 02:06:00,229,4,19,-1,8,1
08/17/2001 02:07:00,229,4,19,-1,9,1
08/17/2001 02:08:00,229,5,19,0,9,1
08/17/2001 02:09:00,229,5,18,0,9,1
08/17/2001 02:10:00,229,6,17,0,9,1
08/17/2001 02:11:00,229,6,18,0,9,1
08/17/2001 02:12:00,229,6,18,0,9,1
08/17/2001 02:13:00,229,7,18,1,9,1
08/17/2001 02:14:00,229,7,18,0,10,1
08/17/2001 02:15:00,229,7,18,1,10,1
08/17/2001 02:16:00,229,8,18,1,10,1
08/17/2001 02:17:00,229,8,18,1,10,1
08/17/2001 02:18:00,229,8,17,1,10,1
08/17/2001 02:19:00,229,9,16,1,10,1
08/17/2001 02:20:00,229,8,17,1,10,1
08/17/2001 02:21:00,229,8,17,1,10,1
08/17/2001 02:22:00,229,7,17,1,10,1
08/17/2001 02:23:00,229,7,17,1,11,1
08/17/2001 02:24:00,229,8,17,1,11,1
08/17/2001 02:25:00,229,7,16,1,11,1
08/17/2001 02:26:00,229,7,15,1,11,1
08/17/2001 02:27:00,229,6,15,1,11,1
08/17/2001 02:28:00,229,7,15,1,11,1
08/17/2001 02:29:00,229,7,15,2,11,1
08/17/2001 02:30:00,229,6,15,1,11,1
08/17/2001 02:31:00,229,5,15,2,11,1
08/17/2001 02:32:00,229,6,15,2,11,1
08/17/2001 02:33:00,229,6,15,2,11,1
08/17/2001 02:34:00,229,6,14,2,11,1
08/17/2001 02:35:00,229,5,15,2,11,1
08/17/2001 02:36:00,229,5,15,2,11,1
08/17/2001 02:37:00,229,5,14,2,11,1
08/17/2001 02:38:00,229,5,14,2,11,1
08/17/2001 02:39:00,229,4,14,2,11,1
08/17/2001 02:40:00,229,5,14,2,11,1
08/17/2001 02:41:00,229,5,14,2,11,1
08/17/2001 02:42:00,229,5,13,2,11,1
08/17/2001 02:43:00,229,5,14,2,11,1
08/17/2001 02:44:00,229,4,14,2,11,1
08/17/2001 02:45:00,229,4,14,2,11,1
08/17/2001 02:46:00,229,4,13,2,10,1
08/17/2001 02:47:00,229,5,14,2,11,1
08/17/2001 02:48:00,229,4,14,2,11,1
08/17/2001 02:49:00,229,4,13,2,11,1
08/17/2001 02:50:00,229,4,13,2,11,1
08/17/2001 02:51:00,229,6,14,2,11,1
08/17/2001 02:52:00,229,6,13,2,11,1
08/17/2001 02:53:00,229,6,13,2,11,1
08/17/2001 02:54:00,229,5,13,2,11,1
08/17/2001 02:55:00,229,6,13,2,11,1
08/17/2001 02:56:00,229,5,12,2,11,1
08/17/2001 02:57:00,229,6,13,2,11,1
08/17/2001 02:58:00,229,6,13,2,11,1
08/17/2001 02:59:00,229,6,13,2,11,1
08/17/2001 03:00:00,229,6,12,2,10,1
08/17/2001 03:01:00,229,6,13,2,11,1
08/17/2001 03:02:00,229,6,13,2,11,1
08/17/2001 03:03:00,229,6,13,2,11,1
08/17/2001 03:04:00,229,7,13,2,11,1
08/17/2001 03:05:00,229,7,13,2,11,1
08/17/2001 03:06:00,229,7,13,2,11,1
08/17/2001 03:07:00,229,6,12,2,11,1
08/17/2001 03:08:00,229,7,13,2,11,1
08/17/2001 03:09:00,229,7,13,2,11,1
08/17/2001 03:10:00,229,7,14,2,11,1
08/17/2001 03:11:00,229,7,14,2,11,1
08/17/2001 03:12:00,229,8,14,2,10,1
08/17/2001 03:13:00,229,8,14,2,10,1
08/17/2001 03:14:00,229,8,14,2,11,1
08/17/2001 03:15:00,229,8,15,2,11,1
08/17/2001 03:16:00,229,8,14,2,11,1
08/17/2001 03:17:00,229,9,14,2,11,1
08/17/2001 03:18:00,229,9,14,2,10,1
08/17/2001 03:19:00,229,9,14,2,10,1
08/17/2001 03:20:00,229,9,16,2,10,1
08/17/2001 03:21:00,229,10,16,2,10,1
08/17/2001 03:22:00,229,9,15,2,10,1
08/17/2001 03:23:00,229,10,15,2,10,1
08/17/2001 03:24:00,229,9,15,2,10,1
08/17/2001 03:25:00,229,10,15,2,10,1
08/17/2001 03:26:00,229,11,15,2,10,1
08/17/2001 03:27:00,229,11,14,2,10,1
08/17/2001 03:28:00,229,10,14,2,10,1
08/17/2001 03:29:00,229,11,14,2,10,1
08/17/2001 03:30:00,229,11,14,2,10,1
08/17/2001 03:31:00,229,11,13,2,10,1
08/17/2001 03:32:00,229,11,14,2,9,1
08/17/2001 03:33:00,229,12,14,2,9,1
08/17/2001 03:34:00,229,11,14,2,9,1
08/17/2001 03:35:00,229,11,14,2,9,1
08/17/2001 03:36:00,229,11,14,2,9,1
08/17/2001 03:37:00,229,12,13,2,9,1
08/17/2001 03:38:00,229,12,14,2,9,1
08/17/2001 03:39:00,229,11,13,3,9,1
08/17/2001 03:40:00,229,11,13,2,9,1
08/17/2001 03:41:00,229,12,13,3,8,1
08/17/2001 03:42:00,229,11,13,3,9,1
08/17/2001 03:43:00,229,11,14,3,9,1
08/17/2001 03:44:00,229,11,13,2,9,1
08/17/2001 03:45:00,229,12,13,2,8,1
08/17/2001 03:46:00,229,11,14,3,8,1
08/17/2001 03:47:00,229,11,13,3,8,1
08/17/2001 03:48:00,229,11,13,2,8,1
08/17/2001 03:49:00,229,12,14,2,8,1
08/17/2001 03:50:00,229,12,13,2,9,1
08/17/2001 03:51:00,229,11,13,2,8,1
08/17/2001 03:52:00,229,11,13,2,8,1
08/17/2001 03:53:00,229,10,13,2,8,1
08/17/2001 03:54:00,229,11,13,3,8,1
08/17/2001 03:55:00,229,11,14,3,8,1
08/17/2001 03:56:00,229,11,14,3,8,1
08/17/2001 03:57:00,229,10,14,3,8,1
08/17/2001 03:58:00,229,10,13,2,8,1
08/17/2001 03:59:00,229,9,13,2,8,1
08/17/2001 04:00:00,229,9,13,2,9,1
08/17/2001 04:01:00,229,9,14,2,9,1
08/17/2001 04:02:00,229,9,14,2,9,1
08/17/2001 04:03:00,229,10,13,2,8,1
08/17/2001 04:04:00,229,9,13,2,8,1
08/17/2001 04:05:00,229,8,13,2,8,1
08/17/2001 04:06:00,229,9,13,2,8,1
08/17/2001 04:07:00,229,9,13,2,8,1
08/17/2001 04:08:00,229,10,13,2,8,1
08/17/2001 04:09:00,229,10,13,2,8,1
08/17/2001 04:10:00,229,10,13,2,8,1
08/17/2001 04:11:00,229,10,13,2,8,1
08/17/2001 04:12:00,229,10,13,2,8,1
08/17/2001 04:13:00,229,10,14,2,8,1
08/17/2001 04:14:00,229,10,13,2,8,1
08/17/2001 04:15:00,229,10,13,2,8,1
08/17/2001 04:16:00,229,10,13,2,8,1
08/17/2001 04:17:00,229,10,13,2,8,1
08/17/2001 04:18:00,229,10,13,2,8,1
08/17/2001 04:19:00,229,10,13,2,8,1
08/17/2001 04:20:00,229,10,13,2,8,1
08/17/2001 04:21:00,229,10,13,2,8,1
08/17/2001 04:22:00,229,10,14,2,8,1
08/17/2001 04:23:00,229,10,13,1,8,1
08/17/2001 04:24:00,229,10,12,2,8,1
08/17/2001 04:25:00,229,10,12,2,8,1
08/17/2001 04:26:00,229,10,12,2,8,1
08/17/2001 04:27:00,229,10,12,2,8,1
08/17/2001 04:28:00,229,10,12,2,8,1
08/17/2001 04:29:00,229,10,12,2,8,1
08/17/2001 04:30:00,229,10,12,2,8,1
08/17/2001 04:31:00,229,10,12,2,8,1
08/17/2001 04:32:00,229,10,12,2,8,1
08/17/2001 04:33:00,229,10,12,2,8,1
08/17/2001 04:34:00,229,10,11,1,8,1
08/17/2001 04:35:00,229,10,11,1,8,1
08/17/2001 04:36:00,229,10,11,1,7,1
08/17/2001 04:37:00,229,11,11,1,7,1
08/17/2001 04:38:00,229,11,11,1,7,1
08/17/2001 04:39:00,229,11,11,1,7,1
08/17/2001 04:40:00,229,11,12,1,7,1
08/17/2001 04:41:00,229,11,12,1,7,1
08/17/2001 04:42:00,229,11,12,1,7,1
08/17/2001 04:43:00,229,11,12,1,7,1
08/17/2001 04:44:00,229,11,12,1,7,1
08/17/2001 04:45:00,229,10,12,1,7,1
08/17/2001 04:46:00,229,10,12,1,7,1
08/17/2001 04:47:00,229,10,12,1,7,1
08/17/2001 04:48:00,229,11,12,1,7,1
08/17/2001 04:49:00,229,11,12,1,7,1
08/17/2001 04:50:00,229,11,12,1,7,1
08/17/2001 04:51:00,229,11,11,1,7,1
08/17/2001 04:52:00,229,10,11,1,7,1
08/17/2001 04:53:00,229,11,12,1,8,1
08/17/2001 04:54:00,229,11,12,1,8,1
08/17/2001 04:55:00,229,12,12,1,8,1
08/17/2001 04:56:00,229,12,12,1,8,1
08/17/2001 04:57:00,229,13,12,1,8,1
08/17/2001 04:58:00,229,12,12,1,8,1
08/17/2001 04:59:00,229,12,12,1,8,1
08/17/2001 05:00:00,229,13,12,1,8,1
08/17/2001 05:01:00,229,14,12,1,8,1
08/17/2001 05:02:00,229,12,12,1,8,1
08/17/2001 05:03:00,229,12,12,1,8,1
08/17/2001 05:04:00,229,13,12,1,8,1
08/17/2001 05:05:00,229,12,11,1,8,1
08/17/2001 05:06:00,229,13,11,1,8,1
08/17/2001 05:07:00,229,13,11,1,8,1
08/17/2001 05:08:00,229,14,11,1,7,1
08/17/2001 05:09:00,229,14,11,1,7,1
08/17/2001 05:10:00,229,14,10,1,7,1
08/17/2001 05:11:00,229,14,12,1,7,1
08/17/2001 05:12:00,229,14,12,1,7,1
08/17/2001 05:13:00,229,15,12,1,8,1
08/17/2001 05:14:00,229,15,12,1,8,1
08/17/2001 05:15:00,229,16,12,1,8,1
08/17/2001 05:16:00,229,16,12,1,8,1
08/17/2001 05:17:00,229,16,12,1,8,1
08/17/2001 05:18:00,229,16,12,1,8,1
08/17/2001 05:19:00,229,17,11,1,8,1
08/17/2001 05:20:00,229,17,12,1,8,1
08/17/2001 05:21:00,229,18,12,1,8,1
08/17/2001 05:22:00,229,18,12,1,7,1
08/17/2001 05:23:00,229,18,12,1,7,1
08/17/2001 05:24:00,229,18,12,1,7,1
08/17/2001 05:25:00,229,18,12,0,7,1
08/17/2001 05:26:00,229,19,12,0,7,1
08/17/2001 05:27:00,229,19,12,0,7,1
08/17/2001 05:28:00,229,19,12,1,6,1
08/17/2001 05:29:00,229,19,12,1,6,1
08/17/2001 05:30:00,229,20,12,0,7,1
08/17/2001 05:31:00,229,19,12,1,6,1
08/17/2001 05:32:00,229,21,12,0,6,1
08/17/2001 05:33:00,229,20,12,1,6,1
08/17/2001 05:34:00,229,20,12,1,6,1
08/17/2001 05:35:00,229,21,12,0,6,1
08/17/2001 05:36:00,229,21,11,0,6,1
08/17/2001 05:37:00,229,22,12,0,5,1
08/17/2001 05:38:00,229,22,11,0,5,1
08/17/2001 05:39:00,229,24,11,0,6,1
08/17/2001 05:40:00,229,23,12,0,6,1
08/17/2001 05:41:00,229,23,11,0,6,1
08/17/2001 05:42:00,229,24,11,0,6,1
08/17/2001 05:43:00,229,24,11,0,6,1
08/17/2001 05:44:00,229,25,11,0,5,1
08/17/2001 05:45:00,229,24,11,0,5,1
08/17/2001 05:46:00,229,24,11,0,5,1
08/17/2001 05:47:00,229,25,11,0,5,1
08/17/2001 05:48:00,229,25,10,0,5,1
08/17/2001 05:49:00,229,25,10,0,5,1
08/17/2001 05:50:00,229,26,11,0,5,1
08/17/2001 05:51:00,229,26,11,0,6,1
08/17/2001 05:52:00,229,26,11,0,6,1
08/17/2001 05:53:00,229,27,11,0,6,1
08/17/2001 05:54:00,229,26,11,0,6,1
08/17/2001 05:55:00,229,26,11,0,6,1
08/17/2001 05:56:00,229,27,11,0,6,1
08/17/2001 05:57:00,229,27,11,0,6,1
08/17/2001 05:58:00,229,27,11,-1,6,1
08/17/2001 05:59:00,229,28,11,-1,6,1
08/17/2001 06:00:00,229,28,11,-1,6,1
08/17/2001 06:01:00,229,29,11,-1,6,1
08/17/2001 06:02:00,229,28,10,-1,6,1
08/17/2001 06:03:00,229,28,9,0,6,1
08/17/2001 06:04:00,229,28,9,-1,6,1
08/17/2001 06:05:00,229,29,9,-1,6,1
08/17/2001 06:06:00,229,28,9,-1,6,1
08/17/2001 06:07:00,229,27,10,-1,6,1
08/17/2001 06:08:00,229,29,9,-1,6,1
08/17/2001 06:09:00,229,28,9,-1,5,1
08/17/2001 06:10:00,229,28,9,-1,5,1
08/17/2001 06:11:00,229,28,9,-1,5,1
08/17/2001 06:12:00,229,29,9,-1,5,1
08/17/2001 06:13:00,229,29,10,-1,5,1
08/17/2001 06:14:00,229,29,10,-1,5,1
08/17/2001 06:15:00,229,30,10,-1,5,1
08/17/2001 06:16:00,229,29,10,-1,5,1
08/17/2001 06:17:00,229,29,10,-1,4,1
08/17/2001 06:18:00,229,28,11,-1,4,1
08/17/2001 06:19:00,229,28,11,-1,4,1
08/17/2001 06:20:00,229,29,12,-1,4,1
08/17/2001 06:21:00,229,29,11,-1,4,1
08/17/2001 06:22:00,229,29,11,-1,4,1
08/17/2001 06:23:00,229,29,11,-1,4,1
08/17/2001 06:24:00,229,30,11,-1,4,1
08/17/2001 06:25:00,229,30,11,-1,3,1
08/17/2001 06:26:00,229,30,12,-1,3,1
08/17/2001 06:27:00,229,30,12,-1,3,1
08/17/2001 06:28:00,229,31,12,-1,3,1
08/17/2001 06:29:00,229,31,12,-1,3,1
08/17/2001 06:30:00,229,30,12,-1,3,1
08/17/2001 06:31:00,229,30,12,-1,3,1
08/17/2001 06:32:00,229,30,12,-1,3,1
08/17/2001 06:33:00,229,30,13,-1,3,1
08/17/2001 06:34:00,229,31,12,-1,3,1
08/17/2001 06:35:00,229,31,12,-1,3,1
08/17/2001 06:36:00,229,31,12,-1,3,1
08/17/2001 06:37:00,229,31,12,-1,4,1
08/17/2001 06:38:00,229,32,13,-2,4,1
08/17/2001 06:39:00,229,32,13,-1,3,1
08/17/2001 06:40:00,229,32,13,-2,3,1
08/17/2001 06:41:00,229,32,13,-2,3,1
08/17/2001 06:42:00,229,32,14,-2,3,1
08/17/2001 06:43:00,229,33,14,-2,3,1
08/17/2001 06:44:00,229,33,14,-2,3,1
08/17/2001 06:45:00,229,32,14,-2,3,1
08/17/2001 06:46:00,229,32,13,-2,3,1
08/17/2001 06:47:00,229,32,14,-2,3,1
08/17/2001 06:48:00,229,32,14,-2,3,1
08/17/2001 06:49:00,229,32,14,-2,3,1
08/17/2001 06:50:00,229,32,14,-2,3,1
08/17/2001 06:51:00,229,33,14,-2,2,1
08/17/2001 06:52:00,229,33,15,-2,3,1
08/17/2001 06:53:00,229,33,15,-2,3,1
08/17/2001 06:54:00,229,33,15,-2,3,1
08/17/2001 06:55:00,229,33,15,-2,3,1
08/17/2001 06:56:00,229,32,15,-2,3,1
08/17/2001 06:57:00,229,31,15,-2,3,1
08/17/2001 06:58:00,229,31,15,-2,3,1
08/17/2001 06:59:00,229,31,15,-3,3,1
08/17/2001 07:00:00,229,31,15,-2,3,1
08/17/2001 07:01:00,229,32,14,-2,3,1
08/17/2001 07:02:00,229,32,14,-3,3,1
08/17/2001 07:03:00,229,32,14,-3,3,1
08/17/2001 07:04:00,229,31,14,-2,3,1
08/17/2001 07:05:00,229,31,15,-2,3,1
08/17/2001 07:06:00,229,31,15,-3,3,1
08/17/2001 07:07:00,229,31,15,-3,3,1
08/17/2001 07:08:00,229,31,14,-3,3,1
08/17/2001 07:09:00,229,31,14,-3,3,1
08/17/2001 07:10:00,229,31,14,-3,3,1
08/17/2001 07:11:00,229,32,13,-3,3,1
08/17/2001 07:12:00,229,30,13,-4,3,1
08/17/2001 07:13:00,229,30,13,-4,3,1
08/17/2001 07:14:00,229,31,13,-4,2,1
08/17/2001 07:15:00,229,31,13,-4,2,1
08/17/2001 07:16:00,229,31,13,-4,2,1
08/17/2001 07:17:00,229,31,13,-4,2,1
08/17/2001 07:18:00,229,31,14,-4,2,1
08/17/2001 07:19:00,229,30,14,-4,2,1
08/17/2001 07:20:00,229,31,13,-4,2,1
08/17/2001 07:21:00,229,31,14,-4,2,1
08/17/2001 07:22:00,229,30,14,-4,2,1
08/17/2001 07:23:00,229,30,14,-4,2,1
08/17/2001 07:24:00,229,30,14,-3,1,1
08/17/2001 07:25:00,229,30,13,-3,1,1
08/17/2001 07:26:00,229,30,14,-3,1,1
08/17/2001 07:27:00,229,30,14,-3,1,1
08/17/2001 07:28:00,229,30,13,-3,1,1
08/17/2001 07:29:00,229,29,13,-3,1,1
08/17/2001 07:30:00,229,29,14,-3,1,1
08/17/2001 07:31:00,229,29,13,-3,1,1
08/17/2001 07:32:00,229,29,13,-3,1,1
08/17/2001 07:33:00,229,29,13,-3,1,1
08/17/2001 07:34:00,229,29,14,-3,1,1
08/17/2001 07:35:00,229,28,14,-3,1,1
08/17/2001 07:36:00,229,29,13,-3,1,1
08/17/2001 07:37:00,229,28,13,-3,0,1
08/17/2001 07:38:00,229,28,14,-3,0,1
08/17/2001 07:39:00,229,28,14,-3,1,1
08/17/2001 07:40:00,229,28,13,-3,0,1
08/17/2001 07:41:00,229,28,12,-3,0,1
08/17/2001 07:42:00,229,28,12,-3,0,1
08/17/2001 07:43:00,229,28,13,-3,1,1
08/17/2001 07:44:00,229,28,13,-3,1,1
08/17/2001 07:45:00,229,28,13,-3,1,1
08/17/2001 07:46:00,229,27,12,-3,1,1
08/17/2001 07:47:00,229,27,12,-3,2,1
08/17/2001 07:48:00,229,27,12,-3,2,1
08/17/2001 07:49:00,229,27,12,-3,2,1
08/17/2001 07:50:00,229,27,12,-3,2,1
08/17/2001 07:51:00,229,27,12,-3,2,1
08/17/2001 07:52:00,229,27,12,-3,2,1
08/17/2001 07:53:00,229,27,12,-3,2,1
08/17/2001 07:54:00,229,26,12,-3,2,1
08/17/2001 07:55:00,229,26,12,-3,2,1
08/17/2001 07:56:00,229,26,11,-3,2,1
08/17/2001 07:57:00,229,26,12,-3,1,1
08/17/2001 07:58:00,229,26,12,-3,1,1
08/17/2001 07:59:00,229,27,12,-2,1,1
08/17/2001 08:00:00,229,26,12,-3,1,1
08/17/2001 08:01:00,229,27,11,-3,1,1
08/17/2001 08:02:00,229,27,12,-2,1,1
08/17/2001 08:03:00,229,27,11,-2,0,1
08/17/2001 08:04:00,229,27,11,-2,0,1
08/17/2001 08:05:00,229,27,10,-2,1,1
08/17/2001 08:06:00,229,27,10,-2,0,1
08/17/2001 08:07:00,229,26,9,-2,0,1
08/17/2001 08:08:00,229,26,10,-2,-1,1
08/17/2001 08:09:00,229,26,9,-2,-1,1
08/17/2001 08:10:00,229,26,10,-2,0,1
08/17/2001 08:11:00,229,26,10,-2,-1,1
08/17/2001 08:12:00,229,26,10,-2,0,1
08/17/2001 08:13:00,229,26,9,-2,0,1
08/17/2001 08:14:00,229,26,10,-2,0,1
08/17/2001 08:15:00,229,25,10,-2,0,1
08/17/2001 08:16:00,229,25,10,-2,1,1
08/17/2001 08:17:00,229,25,10,-2,0,1
08/17/2001 08:18:00,229,23,10,-2,1,1
08/17/2001 08:19:00,229,23,10,-2,0,1
08/17/2001 08:20:00,229,23,9,-2,1,1
08/17/2001 08:21:00,229,24,9,-2,1,1
08/17/2001 08:22:00,229,23,9,-2,1,1
08/17/2001 08:23:00,229,23,10,-1,2,1
08/17/2001 08:24:00,229,22,9,-2,1,1
08/17/2001 08:25:00,229,23,9,-2,2,1
08/17/2001 08:26:00,229,23,8,-2,1,1
08/17/2001 08:27:00,229,21,9,-1,2,1
08/17/2001 08:28:00,229,21,9,-1,2,1
08/17/2001 08:29:00,229,21,9,-1,2,1
08/17/2001 08:30:00,229,20,9,-1,2,1
08/17/2001 08:31:00,229,19,8,-1,2,1
08/17/2001 08:32:00,229,19,8,-1,2,1
08/17/2001 08:33:00,229,19,8,-1,2,1
08/17/2001 08:34:00,229,20,8,-1,2,1
08/17/2001 08:35:00,229,20,9,-1,2,1
08/17/2001 08:36:00,229,20,9,-1,2,1
08/17/2001 08:37:00,229,20,8,-1,2,1
08/17/2001 08:38:00,229,18,8,-1,2,1
08/17/2001 08:39:00,229,18,7,-1,2,1
08/17/2001 08:40:00,229,18,7,-1,2,1
08/17/2001 08:41:00,229,18,7,-1,2,1
08/17/2001 08:42:00,229,18,6,-1,2,1
08/17/2001 08:43:00,229,16,8,-1,3,1
08/17/2001 08:44:00,229,17,7,-1,3,1
08/17/2001 08:45:00,229,16,7,-1,2,1
08/17/2001 08:46:00,229,16,7,-1,2,1
08/17/2001 08:47:00,229,17,5,-1,2,1
08/17/2001 08:48:00,229,17,6,-1,2,1
08/17/2001 08:49:00,229,17,6,-1,2,1
08/17/2001 08:50:00,229,17,6,-1,2,1
08/17/2001 08:51:00,229,17,6,-1,2,1
08/17/2001 08:52:00,229,17,6,-1,2,1
08/17/2001 08:53:00,229,17,6,-1,2,1
08/17/2001 08:54:00,229,17,6,-1,2,1
08/17/2001 08:55:00,229,16,5,-1,2,1
08/17/2001 08:56:00,229,16,6,-1,1,1
08/17/2001 08:57:00,229,17,6,-1,1,1
08/17/2001 08:58:00,229,17,6,-1,1,1
08/17/2001 08:59:00,229,18,6,-1,1,1
08/17/2001 09:00:00,229,18,6,-1,2,1
08/17/2001 09:01:00,229,18,6,-1,2,1
08/17/2001 09:02:00,229,17,6,-1,1,1
08/17/2001 09:03:00,229,17,6,-1,1,1
08/17/2001 09:04:00,229,18,6,-1,1,1
08/17/2001 09:05:00,229,18,7,-2,1,1
08/17/2001 09:06:00,229,18,8,-2,1,1
08/17/2001 09:07:00,229,18,7,-1,1,1
08/17/2001 09:08:00,229,19,7,-2,1,1
08/17/2001 09:09:00,229,19,7,-2,2,1
08/17/2001 09:10:00,229,19,7,-2,2,1
08/17/2001 09:11:00,229,19,7,-2,2,1
08/17/2001 09:12:00,229,19,7,-2,2,1
08/17/2001 09:13:00,229,20,6,-2,2,1
08/17/2001 09:14:00,229,20,6,-2,2,1
08/17/2001 09:15:00,229,20,6,-2,2,1
08/17/2001 09:16:00,229,19,6,-2,2,1
08/17/2001 09:17:00,229,19,6,-2,2,1
08/17/2001 09:18:00,229,20,6,-2,2,1
08/17/2001 09:19:00,229,20,5,-2,2,1
08/17/2001 09:20:00,229,20,6,-2,2,1
08/17/2001 09:21:00,229,21,6,-2,2,1
08/17/2001 09:22:00,229,20,6,-2,2,1
08/17/2001 09:23:00,229,20,6,-2,2,1
08/17/2001 09:24:00,229,20,6,-2,2,1
08/17/2001 09:25:00,229,20,6,-2,2,1
08/17/2001 09:26:00,229,21,6,-2,2,1
08/17/2001 09:27:00,229,21,6,-2,2,1
08/17/2001 09:28:00,229,21,6,-2,2,1
08/17/2001 09:29:00,229,21,6,-2,2,1
08/17/2001 09:30:00,229,21,6,-2,2,1
08/17/2001 09:31:00,229,22,6,-2,2,1
08/17/2001 09:32:00,229,21,6,-2,2,1
08/17/2001 09:33:00,229,21,6,-2,2,1
08/17/2001 09:34:00,229,22,6,-2,2,1
08/17/2001 09:35:00,229,22,6,-2,2,1
08/17/2001 09:36:00,229,22,5,-2,2,1
08/17/2001 09:37:00,229,22,5,-2,2,1
08/17/2001 09:38:00,229,22,5,-2,2,1
08/17/2001 09:39:00,229,21,6,-2,2,1
08/17/2001 09:40:00,229,23,6,-3,2,1
08/17/2001 09:41:00,229,22,6,-3,2,1
08/17/2001 09:42:00,229,22,5,-2,2,1
08/17/2001 09:43:00,229,22,5,-2,2,1
08/17/2001 09:44:00,229,23,5,-3,3,1
08/17/2001 09:45:00,229,23,5,-3,3,1
08/17/2001 09:46:00,229,23,5,-3,3,1
08/17/2001 09:47:00,229,23,5,-2,3,1
08/17/2001 09:48:00,229,22,5,-2,3,1
08/17/2001 09:49:00,229,22,5,-2,3,1
08/17/2001 09:50:00,229,23,5,-3,3,1
08/17/2001 09:51:00,229,23,5,-3,3,1
08/17/2001 09:52:00,229,23,5,-2,3,1
08/17/2001 09:53:00,229,22,4,-3,3,1
08/17/2001 09:54:00,229,22,4,-3,3,1
08/17/2001 09:55:00,229,23,4,-2,3,1
08/17/2001 09:56:00,229,23,4,-2,3,1
08/17/2001 09:57:00,229,23,4,-2,3,1
08/17/2001 09:58:00,229,24,4,-3,3,1
08/17/2001 09:59:00,229,24,4,-3,3,1
08/17/2001 10:00:00,229,23,4,-3,4,1
08/17/2001 10:01:00,229,23,4,-3,4,1
08/17/2001 10:02:00,229,23,4,-2,4,1
08/17/2001 10:03:00,229,23,4,-3,4,1
08/17/2001 10:04:00,229,23,4,-3,4,1
08/17/2001 10:05:00,229,22,4,-3,4,1
08/17/2001 10:06:00,229,22,4,-3,4,1
08/17/2001 10:07:00,229,22,4,-3,5,1
08/17/2001 10:08:00,229,21,5,-3,4,1
08/17/2001 10:09:00,229,22,4,-2,4,1
08/17/2001 10:10:00,229,23,4,-3,4,1
08/17/2001 10:11:00,229,22,4,-2,4,1
08/17/2001 10:12:00,229,23,4,-2,5,1
08/17/2001 10:13:00,229,22,5,-2,4,1
08/17/2001 10:14:00,229,22,5,-2,5,1
08/17/2001 10:15:00,229,22,4,-2,5,1
08/17/2001 10:16:00,229,22,4,-2,4,1
08/17/2001 10:17:00,229,21,4,-2,5,1
08/17/2001 10:18:00,229,21,4,-2,4,1
08/17/2001 10:19:00,229,21,5,-2,4,1
08/17/2001 10:20:00,229,22,5,-2,5,1
08/17/2001 10:21:00,229,21,5,-2,5,1
08/17/2001 10:22:00,229,21,5,-2,5,1
08/17/2001 10:23:00,229,21,5,-2,5,1
08/17/2001 10:24:00,229,21,5,-2,5,1
08/17/2001 10:25:00,229,22,5,-2,5,1
08/17/2001 10:26:00,229,21,5,-2,5,1
08/17/2001 10:27:00,229,21,5,-2,5,1
08/17/2001 10:28:00,229,21,4,-2,4,1
08/17/2001 10:29:00,229,20,6,-2,5,1
08/17/2001 10:30:00,229,20,5,-2,5,1
08/17/2001 10:31:00,229,20,6,-2,5,1
08/17/2001 10:32:00,229,21,6,-2,5,1
08/17/2001 10:33:00,229,20,5,-2,6,1
08/17/2001 10:34:00,229,20,5,-2,6,1
08/17/2001 10:35:00,229,20,5,-2,6,1
08/17/2001 10:36:00,229,19,5,-1,6,1
08/17/2001 10:37:00,229,19,5,-1,6,1
08/17/2001 10:38:00,229,19,4,-2,6,1
08/17/2001 10:39:00,229,19,5,-2,6,1
08/17/2001 10:40:00,229,19,4,-1,6,1
08/17/2001 10:41:00,229,18,4,-1,6,1
08/17/2001 10:42:00,229,18,4,-1,6,1
08/17/2001 10:43:00,229,17,4,-1,7,1
08/17/2001 10:44:00,229,19,5,-1,7,1
08/17/2001 10:45:00,229,19,4,-1,8,1
08/17/2001 10:46:00,229,19,4,-1,8,1
08/17/2001 10:47:00,229,18,4,-1,8,1
08/17/2001 10:48:00,229,18,3,-1,8,1
08/17/2001 10:49:00,229,18,4,-1,9,1
08/17/2001 10:50:00,229,19,4,-1,9,1
08/17/2001 10:51:00,229,18,4,-1,9,1
08/17/2001 10:52:00,229,18,4,-1,9,1
08/17/2001 10:53:00,229,18,4,-1,9,1
08/17/2001 10:54:00,229,17,4,-1,9,1
08/17/2001 10:55:00,229,17,4,-1,10,1
08/17/2001 10:56:00,229,18,3,-1,11,1
08/17/2001 10:57:00,229,18,3,-1,11,1
08/17/2001 10:58:00,229,17,4,-1,11,1
08/17/2001 10:59:00,229,17,4,-1,11,1
08/17/2001 11:00:00,229,16,4,-1,12,1
08/17/2001 11:01:00,229,16,3,-1,13,1
08/17/2001 11:02:00,229,17,4,-1,13,1
08/17/2001 11:03:00,229,16,6,-1,16,1
08/17/2001 11:04:00,229,8,12,0,36,1
08/17/2001 11:05:00,229,12,18,0,44,1
08/17/2001 11:06:00,229,14,21,1,49,1
08/17/2001 11:07:00,229,17,26,1,48,1
08/17/2001 11:08:00,229,17,22,1,46,1
08/17/2001 11:09:00,229,17,19,1,45,1
08/17/2001 11:10:00,229,17,17,1,44,1
08/17/2001 11:11:00,229,17,16,1,45,1
08/17/2001 11:12:00,229,17,15,1,45,1
08/17/2001 11:13:00,229,15,17,1,47,1
08/17/2001 11:14:00,229,15,17,1,47,1
08/17/2001 11:15:00,229,15,17,1,47,1
08/17/2001 11:16:00,229,15,15,1,45,1
08/17/2001 11:17:00,229,14,13,1,45,1
08/17/2001 11:18:00,229,14,13,2,45,1
08/17/2001 11:19:00,229,13,12,2,46,1
08/17/2001 11:20:00,229,11,14,2,47,1
08/17/2001 11:21:00,229,12,14,2,48,1
08/17/2001 11:22:00,229,12,16,2,47,1
08/17/2001 11:23:00,229,11,12,2,45,1
08/17/2001 11:24:00,229,8,11,3,48,1
08/17/2001 11:25:00,229,9,13,3,51,1
08/17/2001 11:26:00,229,9,16,2,52,1
08/17/2001 11:27:00,229,10,18,2,52,1
08/17/2001 11:28:00,229,9,17,3,52,1
08/17/2001 11:29:00,229,8,15,3,52,1
08/17/2001 11:30:00,229,8,17,3,52,1
08/17/2001 11:31:00,229,8,16,3,52,1
08/17/2001 11:32:00,229,9,17,2,52,1
08/17/2001 11:33:00,229,8,15,3,52,1
08/17/2001 11:34:00,229,8,17,2,52,1
08/17/2001 11:35:00,229,8,17,2,51,1
08/17/2001 11:36:00,229,8,15,3,51,1
08/17/2001 11:37:00,229,8,15,2,51,1
08/17/2001 11:38:00,229,8,16,3,52,1
08/17/2001 11:39:00,229,8,15,2,53,1
08/17/2001 11:40:00,229,8,13,3,52,1
08/17/2001 11:41:00,229,8,13,3,52,1
08/17/2001 11:42:00,229,9,13,3,53,1
08/17/2001 11:43:00,229,9,14,3,53,1
08/17/2001 11:44:00,229,9,14,3,53,1
08/17/2001 11:45:00,229,10,13,3,51,1
08/17/2001 11:46:00,229,9,12,3,51,1
08/17/2001 11:47:00,229,10,12,3,52,1
08/17/2001 11:48:00,229,10,13,3,53,1
08/17/2001 11:49:00,229,11,16,4,61,1
08/17/2001 11:50:00,229,9,23,4,66,1
08/17/2001 11:51:00,229,11,21,4,69,1
08/17/2001 11:52:00,229,12,21,5,69,1
08/17/2001 11:53:00,229,14,20,5,68,1
08/17/2001 11:54:00,229,13,21,5,69,1
08/17/2001 11:55:00,229,15,20,5,67,1
08/17/2001 11:56:00,229,12,22,5,67,1
08/17/2001 11:57:00,229,12,26,5,66,1
08/17/2001 11:58:00,229,11,27,4,67,1
08/17/2001 11:59:00,229,11,29,4,67,1
08/17/2001 12:00:00,229,12,32,3,66,1
08/17/2001 12:01:00,229,16,32,4,67,1
08/17/2001 12:02:00,229,16,33,3,67,1
08/17/2001 12:03:00,229,20,31,4,68,1
08/17/2001 12:04:00,229,20,34,3,68,1
08/17/2001 12:05:00,229,20,36,3,69,1
08/17/2001 12:06:00,229,21,38,3,69,1
08/17/2001 12:07:00,229,23,40,3,71,1
08/17/2001 12:08:00,229,24,41,3,72,1
08/17/2001 12:09:00,229,28,41,4,69,1
08/17/2001 12:10:00,229,29,42,3,64,1
08/17/2001 12:11:00,229,29,40,3,62,1
08/17/2001 12:12:00,229,27,41,2,60,1
08/17/2001 12:13:00,229,28,41,3,59,1
08/17/2001 12:14:00,229,27,42,2,58,1
08/17/2001 12:15:00,229,25,45,2,57,1
08/17/2001 12:16:00,229,25,46,3,57,1
08/17/2001 12:17:00,229,24,47,3,57,1
08/17/2001 12:18:00,229,24,47,3,57,1
08/17/2001 12:19:00,229,23,48,3,57,1
08/17/2001 12:20:00,229,22,49,3,55,1
08/17/2001 12:21:00,229,22,50,3,54,1
08/17/2001 12:22:00,229,23,50,3,52,1
08/17/2001 12:23:00,229,24,51,2,51,1
08/17/2001 12:24:00,229,24,52,3,50,1
08/17/2001 12:25:00,229,24,52,2,48,1
08/17/2001 12:26:00,229,24,52,3,48,1
08/17/2001 12:27:00,229,24,52,3,47,1
08/17/2001 12:28:00,229,23,52,3,46,1
08/17/2001 12:29:00,229,23,52,3,46,1
08/17/2001 12:30:00,229,23,53,3,47,1
08/17/2001 12:31:00,229,22,55,3,47,1
08/17/2001 12:32:00,229,22,58,4,48,1
08/17/2001 12:33:00,229,22,56,4,47,1
08/17/2001 12:34:00,229,22,58,4,47,1
08/17/2001 12:35:00,229,21,54,4,46,1
08/17/2001 12:36:00,229,23,53,4,45,1
08/17/2001 12:37:00,229,22,52,4,44,1
08/17/2001 12:38:00,229,22,52,4,44,1
08/17/2001 12:39:00,229,21,52,4,44,1
08/17/2001 12:40:00,229,21,52,4,42,1
08/17/2001 12:41:00,229,23,53,4,40,1
08/17/2001 12:42:00,229,24,53,4,40,1
08/17/2001 12:43:00,229,23,54,3,40,1
08/17/2001 12:44:00,229,23,55,3,42,1
08/17/2001 12:45:00,229,20,57,5,49,1
08/17/2001 12:46:00,229,20,59,5,50,1
08/17/2001 12:47:00,229,22,60,5,49,1
08/17/2001 12:48:00,229,22,59,5,48,1
08/17/2001 12:49:00,229,22,57,5,46,1
08/17/2001 12:50:00,229,17,52,6,46,1
08/17/2001 12:51:00,229,17,51,5,44,1
08/17/2001 12:52:00,229,16,48,5,40,1
08/17/2001 12:53:00,229,18,45,4,38,1
08/17/2001 12:54:00,229,17,44,4,37,1
08/17/2001 12:55:00,229,17,45,4,38,1
08/17/2001 12:56:00,229,16,44,5,38,1
08/17/2001 12:57:00,229,15,44,5,38,1
08/17/2001 12:58:00,229,15,45,6,38,1
08/17/2001 12:59:00,229,15,45,6,37,1
08/17/2001 13:00:00,229,15,43,7,37,1
08/17/2001 13:01:00,229,15,43,7,36,1
08/17/2001 13:02:00,229,15,43,7,36,1
08/17/2001 13:03:00,229,15,43,7,37,1
08/17/2001 13:04:00,229,15,44,7,38,1
08/17/2001 13:05:00,229,14,46,8,39,1
08/17/2001 13:06:00,229,14,46,8,38,1
08/17/2001 13:07:00,229,14,46,8,36,1
08/17/2001 13:08:00,229,14,44,8,35,1
08/17/2001 13:09:00,229,11,45,8,39,1
08/17/2001 13:10:00,229,12,50,7,42,1
08/17/2001 13:11:00,229,11,53,8,45,1
08/17/2001 13:12:00,229,12,53,8,45,1
08/17/2001 13:13:00,229,12,54,8,45,1
08/17/2001 13:14:00,229,12,53,8,45,1
08/17/2001 13:15:00,229,12,52,8,44,1
08/17/2001 13:16:00,229,13,51,7,41,1
08/17/2001 13:17:00,229,15,50,6,37,1
08/17/2001 13:18:00,229,15,49,5,34,1
08/17/2001 13:19:00,229,16,49,5,33,1
08/17/2001 13:20:00,229,17,49,4,33,1
08/17/2001 13:21:00,229,17,49,4,32,1
08/17/2001 13:22:00,229,16,47,4,35,1
08/17/2001 13:23:00,229,18,48,4,34,1
08/17/2001 13:24:00,229,19,49,4,35,1
08/17/2001 13:25:00,229,21,50,3,35,1
08/17/2001 13:26:00,229,22,51,2,34,1
08/17/2001 13:27:00,229,20,51,3,34,1
08/17/2001 13:28:00,229,22,51,3,35,1
08/17/2001 13:29:00,229,23,53,3,35,1
08/17/2001 13:30:00,229,23,52,3,34,1
08/17/2001 13:31:00,229,24,54,2,32,1
08/17/2001 13:32:00,229,24,53,2,28,1
08/17/2001 13:33:00,229,23,52,2,28,1
08/17/2001 13:34:00,229,21,52,3,28,1
08/17/2001 13:35:00,229,21,51,3,28,1
08/17/2001 13:36:00,229,22,52,3,29,1
08/17/2001 13:37:00,229,22,53,3,30,1
08/17/2001 13:38:00,229,21,52,4,30,1
08/17/2001 13:39:00,229,22,53,4,30,1
08/17/2001 13:40:00,229,22,56,3,29,1
08/17/2001 13:41:00,229,21,57,3,28,1
08/17/2001 13:42:00,229,21,60,4,29,1
08/17/2001 13:43:00,229,22,63,4,29,1
08/17/2001 13:44:00,229,23,67,3,29,1
08/17/2001 13:45:00,229,23,68,3,29,1
08/17/2001 13:46:00,229,26,74,3,30,1
08/17/2001 13:47:00,229,28,75,3,30,1
08/17/2001 13:48:00,229,29,76,3,30,1
08/17/2001 13:49:00,229,29,80,3,31,1
08/17/2001 13:50:00,229,31,81,3,30,1
08/17/2001 13:51:00,229,32,82,3,30,1
08/17/2001 13:52:00,229,30,80,4,30,1
08/17/2001 13:53:00,229,29,79,4,30,1
08/17/2001 13:54:00,229,28,77,4,31,1
08/17/2001 13:55:00,229,27,74,4,30,1
08/17/2001 13:56:00,229,27,74,4,30,1
08/17/2001 13:57:00,229,27,78,4,30,1
08/17/2001 13:58:00,229,25,83,5,30,1
08/17/2001 13:59:00,229,23,84,6,30,1
08/17/2001 14:00:00,229,23,83,6,30,1
08/17/2001 14:01:00,229,23,87,6,31,1
08/17/2001 14:02:00,229,23,87,6,31,1
08/17/2001 14:03:00,229,25,88,6,31,1
08/17/2001 14:04:00,229,25,86,5,30,1
08/17/2001 14:05:00,229,24,86,5,31,1
08/17/2001 14:06:00,229,25,88,6,31,1
08/17/2001 14:07:00,229,25,92,6,31,1
08/17/2001 14:08:00,229,25,93,6,31,1
08/17/2001 14:09:00,229,24,91,7,31,1
08/17/2001 14:10:00,229,23,97,7,32,1
08/17/2001 14:11:00,229,23,96,7,32,1
08/17/2001 14:12:00,229,24,98,6,32,1
08/17/2001 14:13:00,229,24,103,6,33,1
08/17/2001 14:14:00,229,25,109,7,34,1
08/17/2001 14:15:00,229,26,105,6,33,1
08/17/2001 14:16:00,229,25,102,7,32,1
08/17/2001 14:17:00,229,25,103,6,31,1
08/17/2001 14:18:00,229,25,103,6,31,1
08/17/2001 14:19:00,229,24,105,6,32,1
08/17/2001 14:20:00,229,24,106,7,32,1
08/17/2001 14:21:00,229,24,107,7,33,1
08/17/2001 14:22:00,229,25,104,7,34,1
08/17/2001 14:23:00,229,26,102,7,33,1
08/17/2001 14:24:00,229,25,101,7,33,1
08/17/2001 14:25:00,229,25,101,7,32,1
08/17/2001 14:26:00,229,25,100,7,31,1
08/17/2001 14:27:00,229,24,97,7,31,1
08/17/2001 14:28:00,229,24,97,7,32,1
08/17/2001 14:29:00,229,23,105,8,35,1
08/17/2001 14:30:00,229,21,104,9,36,1
08/17/2001 14:31:00,229,23,97,9,34,1
08/17/2001 14:32:00,229,23,92,8,31,1
08/17/2001 14:33:00,229,23,91,8,30,1
08/17/2001 14:34:00,229,24,96,8,29,1
08/17/2001 14:35:00,229,25,98,8,29,1
08/17/2001 14:36:00,229,25,95,8,28,1
08/17/2001 14:37:00,229,26,89,8,27,1
08/17/2001 14:38:00,229,24,90,8,27,1
08/17/2001 14:39:00,229,22,93,9,28,1
08/17/2001 14:40:00,229,22,90,9,29,1
08/17/2001 14:41:00,229,23,90,10,29,1
08/17/2001 14:42:00,229,23,87,10,29,1
08/17/2001 14:43:00,229,23,84,10,29,1
08/17/2001 14:44:00,229,23,85,9,29,1
08/17/2001 14:45:00,229,25,88,10,29,1
08/17/2001 14:46:00,229,25,92,10,30,1
08/17/2001 14:47:00,229,24,92,10,30,1
08/17/2001 14:48:00,229,24,92,10,29,1
08/17/2001 14:49:00,229,24,92,10,29,1
08/17/2001 14:50:00,229,25,88,9,26,1
08/17/2001 14:51:00,229,25,86,8,25,1
08/17/2001 14:52:00,229,26,87,8,24,1
08/17/2001 14:53:00,229,25,88,8,24,1
08/17/2001 14:54:00,229,26,88,8,25,1
08/17/2001 14:55:00,229,27,88,7,24,1
08/17/2001 14:56:00,229,28,90,7,26,1
08/17/2001 14:57:00,229,26,89,8,26,1
08/17/2001 14:58:00,229,25,86,8,26,1
08/17/2001 14:59:00,229,26,86,8,26,1
08/17/2001 15:00:00,229,25,84,7,26,1
08/17/2001 15:01:00,229,25,83,8,25,1
08/17/2001 15:02:00,229,25,81,7,25,1
08/17/2001 15:03:00,229,24,81,8,25,1
08/17/2001 15:04:00,229,25,78,8,25,1
08/17/2001 15:05:00,229,25,77,8,25,1
08/17/2001 15:06:00,229,25,78,8,26,1
08/17/2001 15:07:00,229,26,77,9,26,1
08/17/2001 15:08:00,229,26,75,9,25,1
08/17/2001 15:09:00,229,27,73,9,26,1
08/17/2001 15:10:00,229,28,71,9,25,1
08/17/2001 15:11:00,229,27,72,9,25,1
08/17/2001 15:12:00,229,27,72,9,24,1
08/17/2001 15:13:00,229,27,72,9,23,1
08/17/2001 15:14:00,229,26,75,8,23,1
08/17/2001 15:15:00,229,26,70,8,23,1
08/17/2001 15:16:00,229,23,72,8,23,1
08/17/2001 15:17:00,229,23,70,7,22,1
08/17/2001 15:18:00,229,22,69,7,21,1
08/17/2001 15:19:00,229,21,68,7,19,1
08/17/2001 15:20:00,229,22,69,7,18,1
08/17/2001 15:21:00,229,22,71,7,17,1
08/17/2001 15:22:00,229,22,71,7,17,1
08/17/2001 15:23:00,229,21,72,7,16,1
08/17/2001 15:24:00,229,21,75,7,16,1
08/17/2001 15:25:00,229,21,77,7,16,1
08/17/2001 15:26:00,229,21,79,7,15,1
08/17/2001 15:27:00,229,21,80,7,15,1
08/17/2001 15:28:00,229,21,80,7,15,1
08/17/2001 15:29:00,229,22,82,7,15,1
08/17/2001 15:30:00,229,22,83,7,16,1
08/17/2001 15:31:00,229,24,84,7,17,1
08/17/2001 15:32:00,229,25,83,7,17,1
08/17/2001 15:33:00,229,24,82,7,18,1
08/17/2001 15:34:00,229,23,82,7,18,1
08/17/2001 15:35:00,229,23,80,7,18,1
08/17/2001 15:36:00,229,23,76,7,19,1
08/17/2001 15:37:00,229,22,75,7,19,1
08/17/2001 15:38:00,229,23,74,7,18,1
08/17/2001 15:39:00,229,22,76,7,19,1
08/17/2001 15:40:00,229,21,73,7,18,1
08/17/2001 15:41:00,229,21,73,7,18,1
08/17/2001 15:42:00,229,21,72,6,18,1
08/17/2001 15:43:00,229,19,71,7,19,1
08/17/2001 15:44:00,229,18,70,7,20,1
08/17/2001 15:45:00,229,20,74,7,21,1
08/17/2001 15:46:00,229,20,72,7,21,1
08/17/2001 15:47:00,229,18,69,8,21,1
08/17/2001 15:48:00,229,17,67,8,21,1
08/17/2001 15:49:00,229,17,66,9,23,1
08/17/2001 15:50:00,229,17,66,9,25,1
08/17/2001 15:51:00,229,17,65,9,25,1
08/17/2001 15:52:00,229,19,63,9,24,1
08/17/2001 15:53:00,229,19,64,9,23,1
08/17/2001 15:54:00,229,20,64,9,21,1
08/17/2001 15:55:00,229,19,64,9,21,1
08/17/2001 15:56:00,229,20,62,10,20,1
08/17/2001 15:57:00,229,21,59,9,17,1
08/17/2001 15:58:00,229,21,57,9,15,1
08/17/2001 15:59:00,229,21,60,9,14,1
08/17/2001 16:00:00,229,21,59,9,13,1
08/17/2001 16:01:00,229,18,59,9,10,1
08/17/2001 16:02:00,229,16,59,9,8,1
08/17/2001 16:03:00,229,15,59,9,8,1
08/17/2001 16:04:00,229,16,58,9,8,1
08/17/2001 16:05:00,229,17,56,8,6,1
08/17/2001 16:06:00,229,17,57,8,6,1
08/17/2001 16:07:00,229,16,60,8,7,1
08/17/2001 16:08:00,229,15,59,8,7,1
08/17/2001 16:09:00,229,16,60,9,7,1
08/17/2001 16:10:00,229,17,60,8,7,1
08/17/2001 16:11:00,229,18,59,9,8,1
08/17/2001 16:12:00,229,18,58,9,8,1
08/17/2001 16:13:00,229,18,58,9,7,1
08/17/2001 16:14:00,229,18,56,9,5,1
08/17/2001 16:15:00,229,19,55,9,4,1
08/17/2001 16:16:00,229,21,56,9,4,1
08/17/2001 16:17:00,229,22,57,9,4,1
08/17/2001 16:18:00,229,21,57,9,3,1
08/17/2001 16:19:00,229,20,58,9,3,1
08/17/2001 16:20:00,229,20,59,9,3,1
08/17/2001 16:21:00,229,20,59,8,2,1
08/17/2001 16:22:00,229,21,58,8,2,1
08/17/2001 16:23:00,229,22,59,7,1,1
08/17/2001 16:24:00,229,24,61,7,1,1
08/17/2001 16:25:00,229,25,60,6,2,1
08/17/2001 16:26:00,229,31,62,4,4,1
08/17/2001 16:27:00,229,36,67,3,4,1
08/17/2001 16:28:00,229,37,69,2,4,1
08/17/2001 16:29:00,229,31,74,2,5,1
08/17/2001 16:30:00,229,30,76,1,6,1
08/17/2001 16:31:00,229,28,79,1,6,1
08/17/2001 16:32:00,229,29,82,1,8,1
08/17/2001 16:33:00,229,28,85,1,10,1
08/17/2001 16:34:00,229,23,83,1,11,1
08/17/2001 16:35:00,229,23,83,1,12,1
08/17/2001 16:36:00,229,20,83,1,12,1
08/17/2001 16:37:00,229,19,83,0,12,1
08/17/2001 16:38:00,229,17,82,0,12,1
08/17/2001 16:39:00,229,19,80,0,13,1
08/17/2001 16:40:00,229,20,78,-1,12,1
08/17/2001 16:41:00,229,20,78,-1,12,1
08/17/2001 16:42:00,229,20,75,-1,12,1
08/17/2001 16:43:00,229,20,76,-2,12,1
08/17/2001 16:44:00,229,19,76,-2,12,1
08/17/2001 16:45:00,229,19,76,-3,12,1
08/17/2001 16:46:00,229,19,77,-3,12,1
08/17/2001 16:47:00,229,23,74,-3,12,1
08/17/2001 16:48:00,229,24,75,-3,12,1
08/17/2001 16:49:00,229,26,74,-2,12,1
08/17/2001 16:50:00,229,28,72,-3,12,1
08/17/2001 16:51:00,229,28,72,-2,11,1
08/17/2001 16:52:00,229,29,69,-2,11,1
08/17/2001 16:53:00,229,29,69,-2,11,1
08/17/2001 16:54:00,229,28,66,-2,10,1
08/17/2001 16:55:00,229,28,65,-2,9,1
08/17/2001 16:56:00,229,28,65,-2,9,1
08/17/2001 16:57:00,229,29,63,-2,8,1
08/17/2001 16:58:00,229,29,67,-2,7,1
08/17/2001 16:59:00,229,29,70,-2,7,1
08/17/2001 17:00:00,229,29,73,-2,8,1
08/17/2001 17:01:00,229,29,74,-1,7,1
08/17/2001 17:02:00,229,29,74,-1,8,1
08/17/2001 17:03:00,229,29,73,-1,8,1
08/17/2001 17:04:00,229,29,76,-1,7,1
08/17/2001 17:05:00,229,29,76,-1,5,1
08/17/2001 17:06:00,229,30,79,-2,5,1
08/17/2001 17:07:00,229,29,82,-2,5,1
08/17/2001 17:08:00,229,29,83,-2,5,1
08/17/2001 17:09:00,229,30,82,-3,4,1
08/17/2001 17:10:00,229,31,81,-3,3,1
08/17/2001 17:11:00,229,31,82,-3,3,1
08/17/2001 17:12:00,229,32,83,-3,2,1
08/17/2001 17:13:00,229,31,84,-3,2,1
08/17/2001 17:14:00,229,30,84,-3,2,1
08/17/2001 17:15:00,229,30,82,-2,2,1
08/17/2001 17:16:00,229,29,82,-2,2,1
08/17/2001 17:17:00,229,29,82,-1,1,1
08/17/2001 17:18:00,229,28,78,-1,1,1
08/17/2001 17:19:00,229,29,78,-1,2,1
08/17/2001 17:20:00,229,28,77,0,2,1
08/17/2001 17:21:00,229,28,76,0,2,1
08/17/2001 17:22:00,229,28,75,0,1,1
08/17/2001 17:23:00,229,27,74,0,1,1
08/17/2001 17:24:00,229,28,73,0,1,1
08/17/2001 17:25:00,229,27,73,0,1,1
08/17/2001 17:26:00,229,28,73,0,1,1
08/17/2001 17:27:00,229,29,71,0,0,1
08/17/2001 17:28:00,229,28,70,0,-1,1
08/17/2001 17:29:00,229,28,70,0,-1,1
08/17/2001 17:30:00,229,28,70,1,-2,1
08/17/2001 17:31:00,229,28,69,1,-2,1
08/17/2001 17:32:00,229,28,70,1,-2,1
08/17/2001 17:33:00,229,28,69,1,-2,1
08/17/2001 17:34:00,229,28,70,0,-3,1
08/17/2001 17:35:00,229,28,70,0,-3,1
08/17/2001 17:36:00,229,26,70,0,-4,1
08/17/2001 17:37:00,229,25,70,0,-4,1
08/17/2001 17:38:00,229,24,71,1,-5,1
08/17/2001 17:39:00,229,24,70,0,-6,1
08/17/2001 17:40:00,229,23,71,1,-7,1
08/17/2001 17:41:00,229,23,71,1,-7,1
08/17/2001 17:42:00,229,23,70,1,-7,1
08/17/2001 17:43:00,229,23,69,1,-8,1
08/17/2001 17:44:00,229,24,69,1,-9,1
08/17/2001 17:45:00,229,24,69,2,-9,1
08/17/2001 17:46:00,229,24,71,2,-10,1
08/17/2001 17:47:00,229,25,71,2,-10,1
08/17/2001 17:48:00,229,25,72,2,-10,1
08/17/2001 17:49:00,229,26,73,2,-11,1
08/17/2001 17:50:00,229,26,72,2,-11,1
08/17/2001 17:51:00,229,26,73,2,-12,1
08/17/2001 17:52:00,229,27,73,3,-11,1
08/17/2001 17:53:00,229,26,73,3,-13,1
08/17/2001 17:54:00,229,26,73,3,-13,1
08/17/2001 17:55:00,229,26,73,4,-13,1
08/17/2001 17:56:00,229,25,74,3,-14,1
08/17/2001 17:57:00,229,25,74,3,-16,1
08/17/2001 17:58:00,229,25,74,3,-15,1
08/17/2001 17:59:00,229,27,74,4,-15,1
08/17/2001 18:00:00,229,27,74,4,-16,1
08/17/2001 18:01:00,229,26,73,4,-17,1
08/17/2001 18:02:00,229,26,73,4,-17,1
08/17/2001 18:03:00,229,26,74,4,-18,1
08/17/2001 18:04:00,229,25,75,3,-18,1
08/17/2001 18:05:00,229,26,74,3,-19,1
08/17/2001 18:06:00,229,27,73,3,-20,1
08/17/2001 18:07:00,229,29,72,3,-19,1
08/17/2001 18:08:00,229,30,72,4,-20,1
08/17/2001 18:09:00,229,29,72,3,-22,1
08/17/2001 18:10:00,229,28,71,3,-23,1
08/17/2001 18:11:00,229,27,72,3,-24,1
08/17/2001 18:12:00,229,26,72,2,-25,1
08/17/2001 18:13:00,229,26,70,2,-26,1
08/17/2001 18:14:00,229,25,69,2,-27,1
08/17/2001 18:15:00,229,26,69,2,-27,1
08/17/2001 18:16:00,229,25,69,2,-29,1
08/17/2001 18:17:00,229,25,68,2,-30,1
08/17/2001 18:18:00,229,24,69,2,-31,1
08/17/2001 18:19:00,229,23,67,2,-32,1
08/17/2001 18:20:00,229,24,67,2,-32,1
08/17/2001 18:21:00,229,24,67,1,-33,1
08/17/2001 18:22:00,229,24,67,1,-33,1
08/17/2001 18:23:00,229,24,67,1,-33,1
08/17/2001 18:24:00,229,25,67,0,-34,1
08/17/2001 18:25:00,229,25,67,0,-34,1
08/17/2001 18:26:00,229,25,67,-1,-34,1
08/17/2001 18:27:00,229,26,68,-1,-34,1
08/17/2001 18:28:00,229,27,68,-1,-34,1
08/17/2001 18:29:00,229,27,69,-2,-34,1
08/17/2001 18:30:00,229,28,70,-1,-34,1
08/17/2001 18:31:00,229,29,72,-1,-34,1
08/17/2001 18:32:00,229,30,71,-2,-34,1
08/17/2001 18:33:00,229,30,72,-1,-34,1
08/17/2001 18:34:00,229,31,76,-1,-34,1
08/17/2001 18:35:00,229,32,75,0,-35,1
08/17/2001 18:36:00,229,31,77,0,-36,1
08/17/2001 18:37:00,229,32,79,0,-37,1
08/17/2001 18:38:00,229,33,81,0,-37,1
08/17/2001 18:39:00,229,35,82,1,-38,1
08/17/2001 18:40:00,229,37,84,1,-38,1
08/17/2001 18:41:00,229,36,86,1,-38,1
08/17/2001 18:42:00,229,36,89,2,-38,1
08/17/2001 18:43:00,229,38,91,3,-39,1
08/17/2001 18:44:00,229,38,92,3,-39,1
08/17/2001 18:45:00,229,38,92,4,-39,1
08/17/2001 18:46:00,229,37,90,4,-41,1
08/17/2001 18:47:00,229,36,89,5,-43,1
08/17/2001 18:48:00,229,35,89,6,-44,1
08/17/2001 18:49:00,229,36,90,6,-44,1
08/17/2001 18:50:00,229,37,91,7,-45,1
08/17/2001 18:51:00,229,36,91,7,-46,1
08/17/2001 18:52:00,229,34,93,8,-46,1
08/17/2001 18:53:00,229,32,97,7,-46,1
08/17/2001 18:54:00,229,30,99,7,-46,1
08/17/2001 18:55:00,229,27,102,7,-47,1
08/17/2001 18:56:00,229,27,105,6,-48,1
08/17/2001 18:57:00,229,26,109,6,-48,1
08/17/2001 18:58:00,229,26,112,5,-49,1
08/17/2001 18:59:00,229,25,115,4,-50,1
08/17/2001 19:00:00,229,25,118,4,-51,1
08/17/2001 19:01:00,229,22,120,3,-52,1
08/17/2001 19:02:00,229,20,122,3,-53,1
08/17/2001 19:03:00,229,19,124,2,-54,1
08/17/2001 19:04:00,229,17,123,1,-55,1
08/17/2001 19:05:00,229,16,122,0,-56,1
08/17/2001 19:06:00,229,16,122,0,-58,1
08/17/2001 19:07:00,229,17,123,-1,-59,1
08/17/2001 19:08:00,229,19,125,-2,-58,1
08/17/2001 19:09:00,229,20,127,-2,-57,1
08/17/2001 19:10:00,229,21,129,-2,-57,1
08/17/2001 19:11:00,229,23,130,-3,-57,1
08/17/2001 19:12:00,229,24,129,-3,-58,1
08/17/2001 19:13:00,229,25,128,-3,-58,1
08/17/2001 19:14:00,229,26,130,-3,-58,1
08/17/2001 19:15:00,229,27,131,-3,-57,1
08/17/2001 19:16:00,229,27,133,-4,-55,1
08/17/2001 19:17:00,229,25,131,-4,-54,1
08/17/2001 19:18:00,229,25,132,-4,-55,1
08/17/2001 19:19:00,229,27,132,-4,-54,1
08/17/2001 19:20:00,229,26,129,-4,-55,1
08/17/2001 19:21:00,229,25,126,-4,-56,1
08/17/2001 19:22:00,229,25,126,-5,-57,1
08/17/2001 19:23:00,229,24,125,-4,-57,1
08/17/2001 19:24:00,229,24,124,-4,-57,1
08/17/2001 19:25:00,229,24,122,-5,-56,1
08/17/2001 19:26:00,229,26,119,-4,-56,1
08/17/2001 19:27:00,229,26,117,-4,-56,1
08/17/2001 19:28:00,229,28,116,-4,-54,1
08/17/2001 19:29:00,229,29,124,-3,-45,1
08/17/2001 19:30:00,229,27,125,-3,-42,1
08/17/2001 19:31:00,229,24,120,-3,-41,1
08/17/2001 19:32:00,229,24,111,-1,-43,1
08/17/2001 19:33:00,229,20,107,-1,-44,1
08/17/2001 19:34:00,229,19,105,-2,-45,1
08/17/2001 19:35:00,229,22,105,-2,-45,1
08/17/2001 19:36:00,229,22,101,-2,-43,1
08/17/2001 19:37:00,229,22,102,-2,-43,1
08/17/2001 19:38:00,229,22,112,-2,-40,1
08/17/2001 19:39:00,229,23,116,-2,-39,1
08/17/2001 19:40:00,229,23,110,-3,-42,1
08/17/2001 19:41:00,229,29,105,-4,-45,1
08/17/2001 19:42:00,229,33,103,-5,-47,1
08/17/2001 19:43:00,229,39,109,-4,-46,1
08/17/2001 19:44:00,229,43,116,-4,-44,1
08/17/2001 19:45:00,229,46,121,-4,-42,1
08/17/2001 19:46:00,229,48,120,-4,-42,1
08/17/2001 19:47:00,229,46,109,-4,-45,1
08/17/2001 19:48:00,229,44,102,-4,-48,1
08/17/2001 19:49:00,229,44,102,-3,-49,1
08/17/2001 19:50:00,229,46,101,-3,-53,1
08/17/2001 19:51:00,229,42,99,-3,-55,1
08/17/2001 19:52:00,229,45,104,-3,-54,1
08/17/2001 19:53:00,229,47,115,-2,-52,1
08/17/2001 19:54:00,229,44,120,-1,-52,1
08/17/2001 19:55:00,229,46,123,0,-51,1
08/17/2001 19:56:00,229,55,133,0,-46,1
08/17/2001 19:57:00,229,47,136,0,-44,1
08/17/2001 19:58:00,229,47,128,0,-45,1
08/17/2001 19:59:00,229,46,123,-1,-47,1
08/17/2001 20:00:00,229,49,113,-1,-51,1
08/17/2001 20:01:00,229,47,107,-1,-55,1
08/17/2001 20:02:00,229,42,102,-2,-57,1
08/17/2001 20:03:00,229,42,101,-3,-58,1
08/17/2001 20:04:00,229,43,102,-4,-58,1
08/17/2001 20:05:00,229,39,99,-5,-60,1
08/17/2001 20:06:00,229,37,98,-6,-63,1
08/17/2001 20:07:00,229,37,98,-6,-64,1
08/17/2001 20:08:00,229,39,103,-6,-63,1
08/17/2001 20:09:00,229,40,111,-6,-62,1
08/17/2001 20:10:00,229,42,116,-6,-63,1
08/17/2001 20:11:00,229,44,117,-7,-63,1
08/17/2001 20:12:00,229,47,111,-8,-64,1
08/17/2001 20:13:00,229,51,111,-9,-63,1
08/17/2001 20:14:00,229,52,106,-10,-63,1
08/17/2001 20:15:00,229,50,95,-11,-66,1
08/17/2001 20:16:00,229,54,93,-12,-69,1
08/17/2001 20:17:00,229,56,93,-13,-73,1
08/17/2001 20:18:00,229,53,97,-14,-82,1
08/17/2001 20:19:00,229,55,97,-14,-85,1
08/17/2001 20:20:00,229,60,103,-14,-82,1
08/17/2001 20:21:00,229,56,110,-15,-80,1
08/17/2001 20:22:00,229,49,112,-16,-80,1
08/17/2001 20:23:00,229,45,110,-16,-80,1
08/17/2001 20:24:00,229,45,110,-15,-81,1
08/17/2001 20:25:00,229,46,111,-14,-80,1
08/17/2001 20:26:00,229,44,111,-14,-78,1
08/17/2001 20:27:00,229,45,109,-13,-75,1
08/17/2001 20:28:00,229,45,110,-12,-74,1
08/17/2001 20:29:00,229,43,107,-12,-74,1
08/17/2001 20:30:00,229,40,104,-13,-72,1
08/17/2001 20:31:00,229,39,102,-12,-72,1
08/17/2001 20:32:00,229,41,99,-12,-70,1
08/17/2001 20:33:00,229,41,97,-12,-69,1
08/17/2001 20:34:00,229,41,93,-12,-69,1
08/17/2001 20:35:00,229,42,93,-11,-68,1
08/17/2001 20:36:00,229,46,101,-11,-67,1
08/17/2001 20:37:00,229,50,113,-11,-65,1
08/17/2001 20:38:00,229,58,112,-11,-65,1
08/17/2001 20:39:00,229,63,115,-11,-66,1
08/17/2001 20:40:00,229,66,122,-11,-65,1
08/17/2001 20:41:00,229,70,124,-11,-65,1
08/17/2001 20:42:00,229,68,121,-12,-68,1
08/17/2001 20:43:00,229,65,120,-12,-70,1
08/17/2001 20:44:00,229,69,130,-12,-68,1
08/17/2001 20:45:00,229,73,127,-13,-70,1
08/17/2001 20:46:00,229,74,129,-13,-69,1
08/17/2001 20:47:00,229,71,124,-13,-71,1
08/17/2001 20:48:00,229,71,119,-14,-73,1
08/17/2001 20:49:00,229,66,108,-14,-79,1
08/17/2001 20:50:00,229,52,106,-13,-85,1
08/17/2001 20:51:00,229,45,91,-14,-94,1
08/17/2001 20:52:00,229,45,94,-14,-97,1
08/17/2001 20:53:00,229,42,102,-16,-105,1
08/17/2001 20:54:00,229,44,106,-14,-111,1
08/17/2001 20:55:00,229,45,107,-14,-115,1
08/17/2001 20:56:00,229,48,109,-13,-116,1
08/17/2001 20:57:00,229,50,112,-12,-118,1
08/17/2001 20:58:00,229,49,111,-11,-118,1
08/17/2001 20:59:00,229,46,109,-11,-114,1
08/17/2001 21:00:00,229,44,108,-11,-112,1
08/17/2001 21:01:00,229,42,111,-11,-113,1
08/17/2001 21:02:00,229,41,114,-11,-113,1
08/17/2001 21:03:00,229,39,117,-12,-113,1
08/17/2001 21:04:00,229,37,118,-12,-113,1
08/17/2001 21:05:00,229,34,119,-12,-112,1
08/17/2001 21:06:00,229,34,117,-12,-114,1
08/17/2001 21:07:00,229,39,118,-13,-122,1
08/17/2001 21:08:00,229,40,120,-13,-124,1
08/17/2001 21:09:00,229,39,122,-13,-124,1
08/17/2001 21:10:00,229,38,122,-13,-124,1
08/17/2001 21:11:00,229,37,121,-13,-125,1
08/17/2001 21:12:00,229,34,121,-13,-131,1
08/17/2001 21:13:00,229,32,120,-12,-131,1
08/17/2001 21:14:00,229,29,119,-12,-131,1
08/17/2001 21:15:00,229,27,119,-12,-131,1
08/17/2001 21:16:00,229,25,119,-12,-131,1
08/17/2001 21:17:00,229,22,119,-12,-130,1
08/17/2001 21:18:00,229,20,120,-12,-129,1
08/17/2001 21:19:00,229,21,118,-13,-129,1
08/17/2001 21:20:00,229,22,117,-14,-127,1
08/17/2001 21:21:00,229,21,116,-14,-126,1
08/17/2001 21:22:00,229,22,115,-14,-125,1
08/17/2001 21:23:00,229,23,114,-15,-124,1
08/17/2001 21:24:00,229,23,113,-15,-123,1
08/17/2001 21:25:00,229,21,112,-15,-120,1
08/17/2001 21:26:00,229,19,109,-15,-116,1
08/17/2001 21:27:00,229,19,104,-15,-113,1
08/17/2001 21:28:00,229,20,103,-14,-113,1
08/17/2001 21:29:00,229,22,100,-14,-111,1
08/17/2001 21:30:00,229,22,98,-14,-109,1
08/17/2001 21:31:00,229,22,98,-13,-109,1
08/17/2001 21:32:00,229,23,95,-13,-107,1
08/17/2001 21:33:00,229,24,94,-12,-105,1
08/17/2001 21:34:00,229,25,91,-12,-103,1
08/17/2001 21:35:00,229,24,89,-11,-101,1
08/17/2001 21:36:00,229,25,89,-11,-100,1
08/17/2001 21:37:00,229,24,89,-10,-98,1
08/17/2001 21:38:00,229,26,89,-10,-95,1
08/17/2001 21:39:00,229,25,89,-9,-94,1
08/17/2001 21:40:00,229,24,88,-10,-93,1
08/17/2001 21:41:00,229,21,90,-9,-91,1
08/17/2001 21:42:00,229,19,90,-10,-88,1
08/17/2001 21:43:00,229,17,89,-9,-85,1
08/17/2001 21:44:00,229,15,87,-10,-84,1
08/17/2001 21:45:00,229,16,86,-9,-84,1
08/17/2001 21:46:00,229,14,86,-8,-80,1
08/17/2001 21:47:00,229,14,93,-8,-67,1
08/17/2001 21:48:00,229,12,97,-7,-51,1
08/17/2001 21:49:00,229,15,106,-6,-40,1
08/17/2001 21:50:00,229,17,116,-5,-32,1
08/17/2001 21:51:00,229,14,108,-5,-31,1
08/17/2001 21:52:00,229,15,97,-6,-33,1
08/17/2001 21:53:00,229,12,94,-7,-33,1
08/17/2001 21:54:00,229,12,92,-8,-32,1
08/17/2001 21:55:00,229,8,93,-9,-32,1
08/17/2001 21:56:00,229,5,88,-11,-37,1
08/17/2001 21:57:00,229,5,85,-12,-42,1
08/17/2001 21:58:00,229,7,82,-12,-45,1
08/17/2001 21:59:00,229,8,89,-13,-43,1
08/17/2001 22:00:00,229,9,93,-13,-41,1
08/17/2001 22:01:00,229,9,96,-13,-41,1
08/17/2001 22:02:00,229,11,98,-13,-40,1
08/17/2001 22:03:00,229,12,93,-14,-42,1
08/17/2001 22:04:00,229,13,91,-14,-42,1
08/17/2001 22:05:00,229,12,86,-14,-44,1
08/17/2001 22:06:00,229,13,83,-15,-44,1
08/17/2001 22:07:00,229,14,83,-16,-45,1
08/17/2001 22:08:00,229,14,84,-16,-44,1
08/17/2001 22:09:00,229,16,87,-16,-43,1
08/17/2001 22:10:00,229,19,90,-16,-38,1
08/17/2001 22:11:00,229,17,90,-17,-36,1
08/17/2001 22:12:00,229,16,88,-17,-36,1
08/17/2001 22:13:00,229,17,85,-17,-37,1
08/17/2001 22:14:00,229,19,85,-16,-40,1
08/17/2001 22:15:00,229,21,83,-16,-41,1
08/17/2001 22:16:00,229,20,84,-16,-42,1
08/17/2001 22:17:00,229,19,83,-16,-42,1
08/17/2001 22:18:00,229,18,82,-17,-41,1
08/17/2001 22:19:00,229,16,82,-17,-42,1
08/17/2001 22:20:00,229,16,83,-17,-44,1
08/17/2001 22:21:00,229,16,84,-17,-45,1
08/17/2001 22:22:00,229,12,83,-18,-49,1
08/17/2001 22:23:00,229,12,85,-18,-54,1
08/17/2001 22:24:00,229,12,90,-18,-55,1
08/17/2001 22:25:00,229,12,93,-19,-54,1
08/17/2001 22:26:00,229,12,92,-19,-53,1
08/17/2001 22:27:00,229,12,89,-18,-55,1
08/17/2001 22:28:00,229,22,89,-16,-56,1
08/17/2001 22:29:00,229,22,90,-16,-58,1
08/17/2001 22:30:00,229,23,90,-16,-60,1
08/17/2001 22:31:00,229,22,91,-16,-62,1
08/17/2001 22:32:00,229,22,91,-16,-60,1
08/17/2001 22:33:00,229,21,90,-16,-58,1
08/17/2001 22:34:00,229,21,87,-15,-58,1
08/17/2001 22:35:00,229,20,86,-15,-59,1
08/17/2001 22:36:00,229,21,86,-15,-60,1
08/17/2001 22:37:00,229,21,86,-15,-62,1
08/17/2001 22:38:00,229,20,87,-15,-62,1
08/17/2001 22:39:00,229,20,87,-15,-62,1
08/17/2001 22:40:00,229,22,86,-15,-60,1
08/17/2001 22:41:00,229,22,85,-15,-59,1
08/17/2001 22:42:00,229,21,85,-15,-58,1
08/17/2001 22:43:00,229,21,84,-14,-57,1
08/17/2001 22:44:00,229,21,81,-14,-56,1
08/17/2001 22:45:00,229,23,80,-14,-57,1
08/17/2001 22:46:00,229,23,78,-13,-58,1
08/17/2001 22:47:00,229,23,79,-14,-59,1
08/17/2001 22:48:00,229,25,81,-14,-59,1
08/17/2001 22:49:00,229,24,81,-13,-59,1
08/17/2001 22:50:00,229,24,81,-14,-59,1
08/17/2001 22:51:00,229,26,79,-14,-60,1
08/17/2001 22:52:00,229,25,81,-14,-60,1
08/17/2001 22:53:00,229,24,81,-14,-61,1
08/17/2001 22:54:00,229,24,81,-14,-61,1
08/17/2001 22:55:00,229,24,80,-13,-63,1
08/17/2001 22:56:00,229,25,79,-13,-64,1
08/17/2001 22:57:00,229,25,79,-13,-66,1
08/17/2001 22:58:00,229,26,80,-14,-68,1
08/17/2001 22:59:00,229,34,81,-14,-73,1
08/17/2001 23:00:00,229,44,77,-14,-80,1
08/17/2001 23:01:00,229,52,76,-15,-86,1
08/17/2001 23:02:00,229,59,85,-16,-90,1
08/17/2001 23:03:00,229,54,84,-15,-91,1
08/17/2001 23:04:00,229,48,79,-14,-90,1
08/17/2001 23:05:00,229,39,79,-13,-85,1
08/17/2001 23:06:00,229,33,78,-12,-79,1
08/17/2001 23:07:00,229,34,71,-11,-82,1
08/17/2001 23:08:00,229,35,65,-11,-90,1
08/17/2001 23:09:00,229,39,72,-11,-94,1
08/17/2001 23:10:00,229,43,79,-12,-91,1
08/17/2001 23:11:00,229,29,80,-11,-75,1
08/17/2001 23:12:00,229,23,75,-12,-62,1
08/17/2001 23:13:00,229,17,62,-9,-53,1
08/17/2001 23:14:00,229,14,57,-7,-50,1
08/17/2001 23:15:00,229,16,47,-7,-52,1
08/17/2001 23:16:00,229,19,41,-7,-58,1
08/17/2001 23:17:00,229,21,47,-7,-61,1
08/17/2001 23:18:00,229,21,52,-7,-62,1
08/17/2001 23:19:00,229,20,53,-8,-59,1
08/17/2001 23:20:00,229,21,54,-8,-57,1
08/17/2001 23:21:00,229,20,55,-8,-57,1
08/17/2001 23:22:00,229,20,56,-8,-56,1
08/17/2001 23:23:00,229,22,60,-9,-60,1
08/17/2001 23:24:00,229,29,61,-10,-66,1
08/17/2001 23:25:00,229,39,62,-11,-70,1
08/17/2001 23:26:00,229,47,63,-11,-74,1
08/17/2001 23:27:00,229,53,63,-11,-77,1
08/17/2001 23:28:00,229,56,65,-11,-82,1
08/17/2001 23:29:00,229,54,65,-12,-84,1
08/17/2001 23:30:00,229,45,67,-11,-80,1
08/17/2001 23:31:00,229,31,66,-11,-75,1
08/17/2001 23:32:00,229,24,62,-10,-69,1
08/17/2001 23:33:00,229,24,57,-9,-66,1
08/17/2001 23:34:00,229,23,55,-9,-64,1
08/17/2001 23:35:00,229,23,54,-9,-64,1
08/17/2001 23:36:00,229,24,51,-9,-66,1
08/17/2001 23:37:00,229,29,52,-10,-69,1
08/17/2001 23:38:00,229,34,53,-10,-72,1
08/17/2001 23:39:00,229,39,55,-11,-74,1
08/17/2001 23:40:00,229,39,57,-11,-75,1
08/17/2001 23:41:00,229,38,57,-11,-75,1
08/17/2001 23:42:00,229,35,56,-10,-75,1
08/17/2001 23:43:00,229,33,55,-9,-74,1
08/17/2001 23:44:00,229,33,55,-9,-73,1
08/17/2001 23:45:00,229,34,55,-9,-73,1
08/17/2001 23:46:00,229,37,54,-9,-74,1
08/17/2001 23:47:00,229,37,53,-9,-74,1
08/17/2001 23:48:00,229,35,51,-9,-75,1
08/17/2001 23:49:00,229,34,52,-9,-74,1
08/17/2001 23:50:00,229,33,51,-9,-74,1
08/17/2001 23:51:00,229,33,50,-9,-73,1
08/17/2001 23:52:00,229,36,51,-8,-76,1
08/17/2001 23:53:00,229,41,50,-8,-79,1
08/17/2001 23:54:00,229,45,50,-9,-80,1
08/17/2001 23:55:00,229,45,49,-9,-80,1
08/17/2001 23:56:00,229,43,50,-9,-81,1
08/17/2001 23:57:00,229,42,50,-9,-81,1
08/17/2001 23:58:00,229,42,50,-9,-80,1
08/17/2001 23:59:00,229,40,49,-8,-78,1
08/18/2001 00:00:00,230,37,47,-8,-77,1
08/18/2001 00:01:00,230,35,45,-8,-76,1
08/18/2001 00:02:00,230,34,45,-7,-76,1
08/18/2001 00:03:00,230,34,43,-8,-76,1
08/18/2001 00:04:00,230,33,43,-8,-76,1
08/18/2001 00:05:00,230,34,42,-8,-77,1
08/18/2001 00:06:00,230,35,41,-8,-77,1
08/18/2001 00:07:00,230,34,41,-8,-76,1
08/18/2001 00:08:00,230,32,41,-8,-76,1
08/18/2001 00:09:00,230,33,41,-8,-76,1
08/18/2001 00:10:00,230,32,41,-8,-75,1
08/18/2001 00:11:00,230,31,43,-8,-75,1
08/18/2001 00:12:00,230,33,44,-11,-73,1
08/18/2001 00:13:00,230,30,42,-11,-72,1
08/18/2001 00:14:00,230,27,39,-10,-71,1
08/18/2001 00:15:00,230,25,37,-9,-70,1
08/18/2001 00:16:00,230,25,34,-9,-69,1
08/18/2001 00:17:00,230,24,33,-9,-69,1
08/18/2001 00:18:00,230,23,33,-9,-69,1
08/18/2001 00:19:00,230,22,33,-9,-69,1
08/18/2001 00:20:00,230,23,35,-9,-69,1
08/18/2001 00:21:00,230,24,34,-10,-69,1
08/18/2001 00:22:00,230,24,34,-10,-69,1
08/18/2001 00:23:00,230,26,35,-10,-70,1
08/18/2001 00:24:00,230,25,35,-10,-70,1
08/18/2001 00:25:00,230,26,35,-10,-70,1
08/18/2001 00:26:00,230,28,36,-11,-70,1
08/18/2001 00:27:00,230,27,36,-11,-71,1
08/18/2001 00:28:00,230,27,37,-11,-72,1
08/18/2001 00:29:00,230,28,36,-12,-72,1
08/18/2001 00:30:00,230,28,39,-12,-71,1
08/18/2001 00:31:00,230,28,38,-12,-71,1
08/18/2001 00:32:00,230,28,38,-12,-71,1
08/18/2001 00:33:00,230,27,37,-12,-71,1
08/18/2001 00:34:00,230,27,35,-12,-71,1
08/18/2001 00:35:00,230,27,34,-12,-70,1
08/18/2001 00:36:00,230,26,32,-12,-70,1
08/18/2001 00:37:00,230,27,33,-12,-69,1
08/18/2001 00:38:00,230,28,34,-12,-68,1
08/18/2001 00:39:00,230,29,34,-12,-68,1
08/18/2001 00:40:00,230,30,34,-12,-68,1
08/18/2001 00:41:00,230,30,34,-13,-68,1
08/18/2001 00:42:00,230,31,35,-13,-68,1
08/18/2001 00:43:00,230,30,36,-13,-68,1
08/18/2001 00:44:00,230,31,36,-13,-67,1
08/18/2001 00:45:00,230,32,35,-14,-68,1
08/18/2001 00:46:00,230,32,33,-14,-68,1
08/18/2001 00:47:00,230,33,33,-14,-69,1
08/18/2001 00:48:00,230,41,32,-11,-72,1
08/18/2001 00:49:00,230,40,32,-11,-72,1
08/18/2001 00:50:00,230,41,32,-12,-72,1
08/18/2001 00:51:00,230,41,32,-12,-72,1
08/18/2001 00:52:00,230,41,30,-12,-71,1
08/18/2001 00:53:00,230,42,31,-12,-70,1
08/18/2001 00:54:00,230,42,32,-12,-70,1
08/18/2001 00:55:00,230,41,33,-12,-71,1
08/18/2001 00:56:00,230,41,33,-11,-71,1
08/18/2001 00:57:00,230,41,33,-12,-71,1
08/18/2001 00:58:00,230,41,33,-12,-70,1
08/18/2001 00:59:00,230,41,33,-12,-70,1
08/18/2001 01:00:00,230,41,33,-12,-70,1
08/18/2001 01:01:00,230,40,34,-11,-69,1
08/18/2001 01:02:00,230,41,35,-11,-69,1
08/18/2001 01:03:00,230,40,34,-11,-69,1
08/18/2001 01:04:00,230,40,33,-12,-69,1
08/18/2001 01:05:00,230,39,33,-11,-69,1
08/18/2001 01:06:00,230,39,33,-11,-69,1
08/18/2001 01:07:00,230,38,34,-11,-69,1
08/18/2001 01:08:00,230,39,33,-12,-69,1
08/18/2001 01:09:00,230,39,32,-12,-69,1
08/18/2001 01:10:00,230,39,34,-12,-69,1
08/18/2001 01:11:00,230,39,34,-12,-69,1
08/18/2001 01:12:00,230,39,33,-12,-69,1
08/18/2001 01:13:00,230,40,33,-12,-69,1
08/18/2001 01:14:00,230,39,33,-12,-69,1
08/18/2001 01:15:00,230,39,32,-12,-69,1
08/18/2001 01:16:00,230,38,32,-12,-69,1
08/18/2001 01:17:00,230,39,32,-12,-70,1
08/18/2001 01:18:00,230,37,33,-12,-69,1
08/18/2001 01:19:00,230,37,32,-12,-69,1
08/18/2001 01:20:00,230,37,32,-12,-69,1
08/18/2001 01:21:00,230,36,32,-12,-69,1
08/18/2001 01:22:00,230,37,31,-12,-69,1
08/18/2001 01:23:00,230,36,32,-12,-70,1
08/18/2001 01:24:00,230,36,32,-11,-70,1
08/18/2001 01:25:00,230,35,32,-11,-71,1
08/18/2001 01:26:00,230,34,32,-12,-70,1
08/18/2001 01:27:00,230,35,30,-12,-70,1
08/18/2001 01:28:00,230,35,30,-12,-70,1
08/18/2001 01:29:00,230,34,31,-12,-70,1
08/18/2001 01:30:00,230,33,32,-11,-70,1
08/18/2001 01:31:00,230,34,32,-11,-70,1
08/18/2001 01:32:00,230,33,34,-11,-70,1
08/18/2001 01:33:00,230,34,34,-11,-70,1
08/18/2001 01:34:00,230,33,31,-11,-70,1
08/18/2001 01:35:00,230,33,31,-11,-69,1
08/18/2001 01:36:00,230,32,32,-10,-69,1
08/18/2001 01:37:00,230,32,32,-10,-69,1
08/18/2001 01:38:00,230,31,32,-10,-69,1
08/18/2001 01:39:00,230,32,33,-10,-69,1
08/18/2001 01:40:00,230,34,36,-9,-70,1
08/18/2001 01:41:00,230,30,33,-10,-69,1
08/18/2001 01:42:00,230,29,32,-10,-70,1
08/18/2001 01:43:00,230,29,33,-10,-70,1
08/18/2001 01:44:00,230,30,34,-10,-70,1
08/18/2001 01:45:00,230,29,33,-10,-69,1
08/18/2001 01:46:00,230,28,34,-10,-68,1
08/18/2001 01:47:00,230,29,32,-10,-67,1
08/18/2001 01:48:00,230,28,32,-11,-66,1
08/18/2001 01:49:00,230,29,32,-11,-64,1
08/18/2001 01:50:00,230,29,34,-11,-62,1
08/18/2001 01:51:00,230,28,36,-11,-60,1
08/18/2001 01:52:00,230,28,38,-10,-59,1
08/18/2001 01:53:00,230,26,42,-10,-59,1
08/18/2001 01:54:00,230,24,41,-9,-59,1
08/18/2001 01:55:00,230,24,39,-9,-60,1
08/18/2001 01:56:00,230,23,37,-9,-60,1
08/18/2001 01:57:00,230,23,34,-9,-59,1
08/18/2001 01:58:00,230,22,34,-9,-59,1
08/18/2001 01:59:00,230,23,33,-9,-59,1
08/18/2001 02:00:00,230,21,34,-9,-59,1
08/18/2001 02:01:00,230,21,35,-9,-59,1
08/18/2001 02:02:00,230,19,35,-9,-60,1
08/18/2001 02:03:00,230,20,35,-9,-60,1
08/18/2001 02:04:00,230,19,33,-9,-60,1
08/18/2001 02:05:00,230,19,34,-8,-59,1
08/18/2001 02:06:00,230,18,34,-9,-59,1
08/18/2001 02:07:00,230,18,34,-8,-59,1
08/18/2001 02:08:00,230,19,33,-8,-60,1
08/18/2001 02:09:00,230,17,31,-8,-60,1
08/18/2001 02:10:00,230,17,31,-9,-60,1
08/18/2001 02:11:00,230,18,32,-9,-59,1
08/18/2001 02:12:00,230,17,32,-9,-59,1
08/18/2001 02:13:00,230,18,32,-9,-60,1
08/18/2001 02:14:00,230,19,33,-8,-60,1
08/18/2001 02:15:00,230,19,33,-8,-60,1
08/18/2001 02:16:00,230,18,32,-8,-59,1
08/18/2001 02:17:00,230,17,33,-8,-59,1
08/18/2001 02:18:00,230,17,34,-8,-58,1
08/18/2001 02:19:00,230,18,35,-8,-59,1
08/18/2001 02:20:00,230,20,34,-8,-59,1
08/18/2001 02:21:00,230,19,33,-8,-58,1
08/18/2001 02:22:00,230,18,32,-8,-57,1
08/18/2001 02:23:00,230,18,32,-8,-56,1
08/18/2001 02:24:00,230,17,34,-8,-56,1
08/18/2001 02:25:00,230,16,35,-7,-56,1
08/18/2001 02:26:00,230,16,35,-7,-56,1
08/18/2001 02:27:00,230,17,35,-7,-56,1
08/18/2001 02:28:00,230,17,34,-7,-55,1
08/18/2001 02:29:00,230,16,31,-7,-54,1
08/18/2001 02:30:00,230,15,31,-7,-54,1
08/18/2001 02:31:00,230,15,32,-7,-54,1
08/18/2001 02:32:00,230,14,33,-7,-55,1
08/18/2001 02:33:00,230,15,34,-6,-56,1
08/18/2001 02:34:00,230,14,33,-6,-56,1
08/18/2001 02:35:00,230,14,33,-6,-56,1
08/18/2001 02:36:00,230,14,32,-6,-56,1
08/18/2001 02:37:00,230,14,32,-6,-55,1
08/18/2001 02:38:00,230,14,30,-6,-55,1
08/18/2001 02:39:00,230,14,30,-6,-55,1
08/18/2001 02:40:00,230,14,31,-6,-55,1
08/18/2001 02:41:00,230,15,31,-6,-56,1
08/18/2001 02:42:00,230,16,30,-6,-57,1
08/18/2001 02:43:00,230,15,27,-6,-57,1
08/18/2001 02:44:00,230,15,26,-6,-56,1
08/18/2001 02:45:00,230,15,26,-7,-56,1
08/18/2001 02:46:00,230,15,27,-7,-56,1
08/18/2001 02:47:00,230,15,26,-6,-56,1
08/18/2001 02:48:00,230,14,28,-6,-55,1
08/18/2001 02:49:00,230,14,29,-5,-55,1
08/18/2001 02:50:00,230,13,31,-5,-56,1
08/18/2001 02:51:00,230,13,31,-5,-55,1
08/18/2001 02:52:00,230,13,31,-5,-55,1
08/18/2001 02:53:00,230,14,29,-5,-54,1
08/18/2001 02:54:00,230,13,27,-5,-53,1
08/18/2001 02:55:00,230,14,25,-5,-53,1
08/18/2001 02:56:00,230,14,25,-5,-53,1
08/18/2001 02:57:00,230,14,25,-5,-55,1
08/18/2001 02:58:00,230,14,25,-5,-57,1
08/18/2001 02:59:00,230,15,25,-5,-58,1
08/18/2001 03:00:00,230,12,23,-4,-58,1
08/18/2001 03:01:00,230,12,25,-4,-59,1
08/18/2001 03:02:00,230,13,28,-4,-60,1
08/18/2001 03:03:00,230,14,28,-4,-60,1
08/18/2001 03:04:00,230,15,27,-4,-60,1
08/18/2001 03:05:00,230,16,26,-4,-59,1
08/18/2001 03:06:00,230,17,26,-4,-59,1
08/18/2001 03:07:00,230,17,26,-4,-60,1
08/18/2001 03:08:00,230,18,26,-4,-60,1
08/18/2001 03:09:00,230,19,24,-4,-60,1
08/18/2001 03:10:00,230,21,21,-5,-60,1
08/18/2001 03:11:00,230,20,21,-4,-59,1
08/18/2001 03:12:00,230,20,23,-4,-59,1
08/18/2001 03:13:00,230,20,24,-4,-59,1
08/18/2001 03:14:00,230,20,24,-4,-59,1
08/18/2001 03:15:00,230,20,22,-4,-59,1
08/18/2001 03:16:00,230,19,20,-4,-60,1
08/18/2001 03:17:00,230,20,21,-3,-60,1
08/18/2001 03:18:00,230,22,22,-3,-60,1
08/18/2001 03:19:00,230,22,20,-3,-60,1
08/18/2001 03:20:00,230,22,20,-3,-59,1
08/18/2001 03:21:00,230,22,20,-3,-59,1
08/18/2001 03:22:00,230,22,22,-3,-58,1
08/18/2001 03:23:00,230,22,21,-3,-57,1
08/18/2001 03:24:00,230,21,23,-3,-58,1
08/18/2001 03:25:00,230,21,23,-2,-58,1
08/18/2001 03:26:00,230,22,23,-2,-58,1
08/18/2001 03:27:00,230,23,22,-2,-59,1
08/18/2001 03:28:00,230,22,22,-2,-61,1
08/18/2001 03:29:00,230,22,19,-2,-63,1
08/18/2001 03:30:00,230,22,19,-2,-65,1
08/18/2001 03:31:00,230,21,20,-2,-67,1
08/18/2001 03:32:00,230,22,21,-1,-69,1
08/18/2001 03:33:00,230,23,21,-2,-70,1
08/18/2001 03:34:00,230,25,18,-2,-71,1
08/18/2001 03:35:00,230,25,17,-2,-72,1
08/18/2001 03:36:00,230,26,18,-2,-73,1
08/18/2001 03:37:00,230,27,18,-2,-72,1
08/18/2001 03:38:00,230,27,17,-3,-72,1
08/18/2001 03:39:00,230,26,18,-3,-72,1
08/18/2001 03:40:00,230,26,22,-3,-70,1
08/18/2001 03:41:00,230,23,25,-3,-69,1
08/18/2001 03:42:00,230,22,26,-2,-68,1
08/18/2001 03:43:00,230,22,29,-2,-68,1
08/18/2001 03:44:00,230,20,30,-2,-67,1
08/18/2001 03:45:00,230,22,30,-2,-66,1
08/18/2001 03:46:00,230,20,32,-2,-65,1
08/18/2001 03:47:00,230,21,32,-1,-65,1
08/18/2001 03:48:00,230,20,32,-1,-64,1
08/18/2001 03:49:00,230,20,32,-1,-63,1
08/18/2001 03:50:00,230,21,32,-1,-62,1
08/18/2001 03:51:00,230,21,31,-1,-61,1
08/18/2001 03:52:00,230,21,30,-1,-61,1
08/18/2001 03:53:00,230,20,30,-1,-62,1
08/18/2001 03:54:00,230,20,30,0,-64,1
08/18/2001 03:55:00,230,21,29,0,-66,1
08/18/2001 03:56:00,230,21,29,0,-69,1
08/18/2001 03:57:00,230,23,28,0,-69,1
08/18/2001 03:58:00,230,25,23,-1,-69,1
08/18/2001 03:59:00,230,26,23,-1,-69,1
08/18/2001 04:00:00,230,27,22,-1,-68,1
08/18/2001 04:01:00,230,28,22,-2,-68,1
08/18/2001 04:02:00,230,28,20,-2,-67,1
08/18/2001 04:03:00,230,28,21,-2,-67,1
08/18/2001 04:04:00,230,27,21,-2,-67,1
08/18/2001 04:05:00,230,27,22,-2,-67,1
08/18/2001 04:06:00,230,26,23,-1,-67,1
08/18/2001 04:07:00,230,26,24,-1,-66,1
08/18/2001 04:08:00,230,25,24,-1,-66,1
08/18/2001 04:09:00,230,24,26,-1,-66,1
08/18/2001 04:10:00,230,24,26,-1,-66,1
08/18/2001 04:11:00,230,22,28,-1,-67,1
08/18/2001 04:12:00,230,22,30,-1,-68,1
08/18/2001 04:13:00,230,21,30,-1,-68,1
08/18/2001 04:14:00,230,21,30,-1,-68,1
08/18/2001 04:15:00,230,22,31,-1,-68,1
08/18/2001 04:16:00,230,21,33,-1,-67,1
08/18/2001 04:17:00,230,22,33,-1,-67,1
08/18/2001 04:18:00,230,21,34,-1,-67,1
08/18/2001 04:19:00,230,21,33,-1,-66,1
08/18/2001 04:20:00,230,20,33,-1,-66,1
08/18/2001 04:21:00,230,20,32,-1,-66,1
08/18/2001 04:22:00,230,21,33,-1,-66,1
08/18/2001 04:23:00,230,21,33,-1,-65,1
08/18/2001 04:24:00,230,20,33,-1,-65,1
08/18/2001 04:25:00,230,20,33,-1,-65,1
08/18/2001 04:26:00,230,20,34,-1,-65,1
08/18/2001 04:27:00,230,19,35,-1,-65,1
08/18/2001 04:28:00,230,19,34,-1,-65,1
08/18/2001 04:29:00,230,18,35,-1,-65,1
08/18/2001 04:30:00,230,20,35,-1,-64,1
08/18/2001 04:31:00,230,19,34,-1,-64,1
08/18/2001 04:32:00,230,19,33,-1,-63,1
08/18/2001 04:33:00,230,19,34,-1,-62,1
08/18/2001 04:34:00,230,21,33,-1,-62,1
08/18/2001 04:35:00,230,21,32,-1,-61,1
08/18/2001 04:36:00,230,22,32,-2,-60,1
08/18/2001 04:37:00,230,22,29,-2,-60,1
08/18/2001 04:38:00,230,23,29,-2,-60,1
08/18/2001 04:39:00,230,21,30,-2,-59,1
08/18/2001 04:40:00,230,21,30,-2,-59,1
08/18/2001 04:41:00,230,19,31,-2,-59,1
08/18/2001 04:42:00,230,21,32,-2,-57,1
08/18/2001 04:43:00,230,19,33,-2,-57,1
08/18/2001 04:44:00,230,21,34,-1,-56,1
08/18/2001 04:45:00,230,19,34,-1,-56,1
08/18/2001 04:46:00,230,19,34,-2,-56,1
08/18/2001 04:47:00,230,19,32,-1,-56,1
08/18/2001 04:48:00,230,18,33,-1,-56,1
08/18/2001 04:49:00,230,17,32,-2,-57,1
08/18/2001 04:50:00,230,17,33,-1,-57,1
08/18/2001 04:51:00,230,16,31,-1,-58,1
08/18/2001 04:52:00,230,16,31,-1,-59,1
08/18/2001 04:53:00,230,16,30,-1,-59,1
08/18/2001 04:54:00,230,14,29,-1,-60,1
08/18/2001 04:55:00,230,15,28,-2,-60,1
08/18/2001 04:56:00,230,14,28,-2,-61,1
08/18/2001 04:57:00,230,15,28,-2,-61,1
08/18/2001 04:58:00,230,13,28,-2,-62,1
08/18/2001 04:59:00,230,12,27,-2,-62,1
08/18/2001 05:00:00,230,13,27,-2,-62,1
08/18/2001 05:01:00,230,12,28,-2,-62,1
08/18/2001 05:02:00,230,11,29,-2,-63,1
08/18/2001 05:03:00,230,12,28,-2,-64,1
08/18/2001 05:04:00,230,12,28,-2,-64,1
08/18/2001 05:05:00,230,11,28,-2,-64,1
08/18/2001 05:06:00,230,12,27,-2,-64,1
08/18/2001 05:07:00,230,12,26,-2,-64,1
08/18/2001 05:08:00,230,11,27,-2,-64,1
08/18/2001 05:09:00,230,11,27,-2,-64,1
08/18/2001 05:10:00,230,11,29,-2,-64,1
08/18/2001 05:11:00,230,10,30,-3,-65,1
08/18/2001 05:12:00,230,11,30,-2,-65,1
08/18/2001 05:13:00,230,10,30,-2,-65,1
08/18/2001 05:14:00,230,9,32,-2,-65,1
08/18/2001 05:15:00,230,9,33,-2,-65,1
08/18/2001 05:16:00,230,8,34,-1,-66,1
08/18/2001 05:17:00,230,9,35,-1,-66,1
08/18/2001 05:18:00,230,9,35,-1,-65,1
08/18/2001 05:19:00,230,9,35,-1,-65,1
08/18/2001 05:20:00,230,8,34,-2,-65,1
08/18/2001 05:21:00,230,9,34,-2,-64,1
08/18/2001 05:22:00,230,8,35,-2,-64,1
08/18/2001 05:23:00,230,9,36,-2,-63,1
08/18/2001 05:24:00,230,8,37,-2,-63,1
08/18/2001 05:25:00,230,7,35,-1,-63,1
08/18/2001 05:26:00,230,7,34,-2,-63,1
08/18/2001 05:27:00,230,7,35,-2,-62,1
08/18/2001 05:28:00,230,7,35,-2,-62,1
08/18/2001 05:29:00,230,8,33,-2,-62,1
08/18/2001 05:30:00,230,8,33,-2,-63,1
08/18/2001 05:31:00,230,8,34,-2,-62,1
08/18/2001 05:32:00,230,9,34,-2,-63,1
08/18/2001 05:33:00,230,8,34,-2,-63,1
08/18/2001 05:34:00,230,8,36,-2,-64,1
08/18/2001 05:35:00,230,8,37,-1,-64,1
08/18/2001 05:36:00,230,8,37,-1,-64,1
08/18/2001 05:37:00,230,8,37,-1,-64,1
08/18/2001 05:38:00,230,8,37,-1,-64,1
08/18/2001 05:39:00,230,9,38,-1,-65,1
08/18/2001 05:40:00,230,9,38,-1,-65,1
08/18/2001 05:41:00,230,9,39,-1,-66,1
08/18/2001 05:42:00,230,9,38,-1,-67,1
08/18/2001 05:43:00,230,9,38,-1,-67,1
08/18/2001 05:44:00,230,8,38,-1,-66,1
08/18/2001 05:45:00,230,8,38,-1,-66,1
08/18/2001 05:46:00,230,8,39,-1,-66,1
08/18/2001 05:47:00,230,8,40,-1,-66,1
08/18/2001 05:48:00,230,8,40,-1,-66,1
08/18/2001 05:49:00,230,8,40,-1,-66,1
08/18/2001 05:50:00,230,8,39,-1,-66,1
08/18/2001 05:51:00,230,8,39,-1,-66,1
08/18/2001 05:52:00,230,8,38,-1,-66,1
08/18/2001 05:53:00,230,8,38,-2,-66,1
08/18/2001 05:54:00,230,8,37,-2,-65,1
08/18/2001 05:55:00,230,8,36,-2,-65,1
08/18/2001 05:56:00,230,8,36,-2,-64,1
08/18/2001 05:57:00,230,8,37,-2,-64,1
08/18/2001 05:58:00,230,9,38,-2,-63,1
08/18/2001 05:59:00,230,8,38,-2,-63,1
08/18/2001 06:00:00,230,8,38,-2,-62,1
08/18/2001 06:01:00,230,8,39,-2,-62,1
08/18/2001 06:02:00,230,8,38,-2,-62,1
08/18/2001 06:03:00,230,8,37,-3,-61,1
08/18/2001 06:04:00,230,8,36,-3,-60,1
08/18/2001 06:05:00,230,9,35,-3,-58,1
08/18/2001 06:06:00,230,9,34,-3,-55,1
08/18/2001 06:07:00,230,10,35,-5,-51,1
08/18/2001 06:08:00,230,11,37,-6,-49,1
08/18/2001 06:09:00,230,13,37,-6,-49,1
08/18/2001 06:10:00,230,14,36,-5,-52,1
08/18/2001 06:11:00,230,15,40,-4,-57,1
08/18/2001 06:12:00,230,15,40,-2,-60,1
08/18/2001 06:13:00,230,12,35,-2,-61,1
08/18/2001 06:14:00,230,10,33,-3,-59,1
08/18/2001 06:15:00,230,10,32,-3,-56,1
08/18/2001 06:16:00,230,11,33,-3,-51,1
08/18/2001 06:17:00,230,11,34,-4,-46,1
08/18/2001 06:18:00,230,13,30,-5,-40,1
08/18/2001 06:19:00,230,18,35,-6,-35,1
08/18/2001 06:20:00,230,21,38,-7,-33,1
08/18/2001 06:21:00,230,23,38,-8,-31,1
08/18/2001 06:22:00,230,24,37,-8,-31,1
08/18/2001 06:23:00,230,23,36,-7,-31,1
08/18/2001 06:24:00,230,23,37,-7,-30,1
08/18/2001 06:25:00,230,23,37,-7,-30,1
08/18/2001 06:26:00,230,21,36,-7,-30,1
08/18/2001 06:27:00,230,19,34,-6,-30,1
08/18/2001 06:28:00,230,18,30,-5,-32,1
08/18/2001 06:29:00,230,17,32,-4,-34,1
08/18/2001 06:30:00,230,17,31,-4,-35,1
08/18/2001 06:31:00,230,17,34,-4,-36,1
08/18/2001 06:32:00,230,16,34,-5,-37,1
08/18/2001 06:33:00,230,17,30,-5,-40,1
08/18/2001 06:34:00,230,16,25,-3,-44,1
08/18/2001 06:35:00,230,13,27,-1,-47,1
08/18/2001 06:36:00,230,11,29,0,-48,1
08/18/2001 06:37:00,230,11,27,-1,-47,1
08/18/2001 06:38:00,230,12,26,-1,-46,1
08/18/2001 06:39:00,230,12,26,-2,-47,1
08/18/2001 06:40:00,230,12,25,-2,-47,1
08/18/2001 06:41:00,230,12,25,-2,-48,1
08/18/2001 06:42:00,230,12,25,-2,-49,1
08/18/2001 06:43:00,230,12,25,-2,-49,1
08/18/2001 06:44:00,230,12,25,-2,-49,1
08/18/2001 06:45:00,230,12,24,-2,-49,1
08/18/2001 06:46:00,230,13,24,-2,-49,1
08/18/2001 06:47:00,230,13,24,-2,-50,1
08/18/2001 06:48:00,230,13,22,-2,-51,1
08/18/2001 06:49:00,230,14,21,-2,-53,1
08/18/2001 06:50:00,230,14,22,-2,-54,1
08/18/2001 06:51:00,230,14,22,-2,-56,1
08/18/2001 06:52:00,230,13,22,-1,-56,1
08/18/2001 06:53:00,230,12,23,-1,-56,1
08/18/2001 06:54:00,230,11,22,-1,-55,1
08/18/2001 06:55:00,230,11,22,-1,-55,1
08/18/2001 06:56:00,230,11,22,-1,-55,1
08/18/2001 06:57:00,230,11,22,-2,-56,1
08/18/2001 06:58:00,230,11,22,-1,-56,1
08/18/2001 06:59:00,230,11,22,-1,-56,1
08/18/2001 07:00:00,230,11,22,-1,-56,1
08/18/2001 07:01:00,230,12,23,-2,-55,1
08/18/2001 07:02:00,230,12,23,-2,-56,1
08/18/2001 07:03:00,230,12,24,-2,-56,1
08/18/2001 07:04:00,230,12,25,-2,-57,1
08/18/2001 07:05:00,230,13,24,-2,-58,1
08/18/2001 07:06:00,230,14,24,-2,-58,1
08/18/2001 07:07:00,230,15,24,-2,-59,1
08/18/2001 07:08:00,230,14,24,-2,-59,1
08/18/2001 07:09:00,230,14,25,-2,-60,1
08/18/2001 07:10:00,230,14,25,-2,-60,1
08/18/2001 07:11:00,230,15,25,-1,-60,1
08/18/2001 07:12:00,230,14,26,-2,-60,1
08/18/2001 07:13:00,230,13,27,-2,-60,1
08/18/2001 07:14:00,230,14,28,-2,-60,1
08/18/2001 07:15:00,230,14,27,-2,-61,1
08/18/2001 07:16:00,230,15,27,-2,-61,1
08/18/2001 07:17:00,230,15,27,-2,-61,1
08/18/2001 07:18:00,230,13,28,-2,-61,1
08/18/2001 07:19:00,230,13,29,-2,-60,1
08/18/2001 07:20:00,230,13,29,-2,-60,1
08/18/2001 07:21:00,230,12,29,-2,-59,1
08/18/2001 07:22:00,230,12,29,-2,-59,1
08/18/2001 07:23:00,230,12,29,-2,-59,1
08/18/2001 07:24:00,230,11,27,-2,-58,1
08/18/2001 07:25:00,230,11,27,-3,-58,1
08/18/2001 07:26:00,230,13,27,-3,-58,1
08/18/2001 07:27:00,230,14,28,-3,-58,1
08/18/2001 07:28:00,230,14,29,-3,-59,1
08/18/2001 07:29:00,230,14,30,-3,-60,1
08/18/2001 07:30:00,230,14,30,-3,-60,1
08/18/2001 07:31:00,230,14,28,-3,-60,1
08/18/2001 07:32:00,230,14,29,-3,-60,1
08/18/2001 07:33:00,230,14,29,-3,-60,1
08/18/2001 07:34:00,230,16,29,-3,-61,1
08/18/2001 07:35:00,230,14,29,-2,-61,1
08/18/2001 07:36:00,230,16,29,-3,-61,1
08/18/2001 07:37:00,230,16,29,-3,-61,1
08/18/2001 07:38:00,230,16,29,-3,-62,1
08/18/2001 07:39:00,230,16,28,-3,-62,1
08/18/2001 07:40:00,230,16,28,-3,-62,1
08/18/2001 07:41:00,230,16,30,-3,-62,1
08/18/2001 07:42:00,230,16,30,-3,-61,1
08/18/2001 07:43:00,230,15,30,-3,-61,1
08/18/2001 07:44:00,230,16,31,-3,-62,1
08/18/2001 07:45:00,230,18,30,-3,-62,1
08/18/2001 07:46:00,230,17,30,-3,-62,1
08/18/2001 07:47:00,230,18,30,-3,-62,1
08/18/2001 07:48:00,230,18,31,-3,-62,1
08/18/2001 07:49:00,230,18,31,-3,-62,1
08/18/2001 07:50:00,230,17,31,-3,-61,1
08/18/2001 07:51:00,230,17,31,-3,-61,1
08/18/2001 07:52:00,230,17,31,-3,-61,1
08/18/2001 07:53:00,230,17,31,-3,-61,1
08/18/2001 07:54:00,230,17,32,-3,-61,1
08/18/2001 07:55:00,230,16,32,-3,-60,1
08/18/2001 07:56:00,230,17,32,-3,-60,1
08/18/2001 07:57:00,230,17,32,-3,-60,1
08/18/2001 07:58:00,230,17,32,-3,-60,1
08/18/2001 07:59:00,230,16,32,-3,-60,1
08/18/2001 08:00:00,230,16,32,-3,-60,1
08/18/2001 08:01:00,230,16,32,-3,-60,1
08/18/2001 08:02:00,230,18,32,-3,-60,1
08/18/2001 08:03:00,230,18,32,-3,-60,1
08/18/2001 08:04:00,230,18,30,-3,-60,1
08/18/2001 08:05:00,230,18,31,-3,-60,1
08/18/2001 08:06:00,230,17,30,-3,-60,1
08/18/2001 08:07:00,230,17,30,-3,-60,1
08/18/2001 08:08:00,230,17,31,-3,-60,1
08/18/2001 08:09:00,230,19,32,-3,-60,1
08/18/2001 08:10:00,230,18,32,-3,-60,1
08/18/2001 08:11:00,230,18,30,-3,-59,1
08/18/2001 08:12:00,230,18,32,-3,-59,1
08/18/2001 08:13:00,230,19,32,-3,-59,1
08/18/2001 08:14:00,230,18,32,-3,-59,1
08/18/2001 08:15:00,230,20,32,-3,-59,1
08/18/2001 08:16:00,230,20,32,-3,-59,1
08/18/2001 08:17:00,230,19,31,-3,-59,1
08/18/2001 08:18:00,230,19,31,-3,-59,1
08/18/2001 08:19:00,230,19,31,-3,-59,1
08/18/2001 08:20:00,230,20,31,-3,-58,1
08/18/2001 08:21:00,230,20,31,-3,-58,1
08/18/2001 08:22:00,230,20,31,-3,-59,1
08/18/2001 08:23:00,230,21,32,-3,-59,1
08/18/2001 08:24:00,230,22,32,-3,-59,1
08/18/2001 08:25:00,230,22,32,-3,-59,1
08/18/2001 08:26:00,230,23,34,-3,-59,1
08/18/2001 08:27:00,230,23,34,-3,-60,1
08/18/2001 08:28:00,230,24,33,-3,-60,1
08/18/2001 08:29:00,230,24,32,-3,-59,1
08/18/2001 08:30:00,230,23,32,-3,-59,1
08/18/2001 08:31:00,230,23,31,-3,-59,1
08/18/2001 08:32:00,230,23,30,-3,-59,1
08/18/2001 08:33:00,230,23,31,-3,-60,1
08/18/2001 08:34:00,230,25,32,-3,-60,1
08/18/2001 08:35:00,230,25,32,-3,-60,1
08/18/2001 08:36:00,230,27,33,-3,-61,1
08/18/2001 08:37:00,230,27,34,-3,-61,1
08/18/2001 08:38:00,230,27,35,-3,-61,1
08/18/2001 08:39:00,230,29,34,-3,-62,1
08/18/2001 08:40:00,230,28,33,-3,-62,1
08/18/2001 08:41:00,230,28,33,-3,-62,1
08/18/2001 08:42:00,230,27,32,-3,-62,1
08/18/2001 08:43:00,230,26,31,-3,-62,1
08/18/2001 08:44:00,230,25,31,-3,-62,1
08/18/2001 08:45:00,230,26,29,-3,-61,1
08/18/2001 08:46:00,230,26,29,-4,-61,1
08/18/2001 08:47:00,230,26,29,-3,-61,1
08/18/2001 08:48:00,230,25,29,-3,-61,1
08/18/2001 08:49:00,230,25,29,-3,-61,1
08/18/2001 08:50:00,230,25,29,-3,-60,1
08/18/2001 08:51:00,230,26,29,-4,-60,1
08/18/2001 08:52:00,230,26,28,-4,-60,1
08/18/2001 08:53:00,230,26,28,-4,-60,1
08/18/2001 08:54:00,230,26,28,-4,-60,1
08/18/2001 08:55:00,230,26,29,-4,-59,1
08/18/2001 08:56:00,230,27,29,-4,-59,1
08/18/2001 08:57:00,230,27,28,-4,-59,1
08/18/2001 08:58:00,230,27,29,-4,-58,1
08/18/2001 08:59:00,230,27,28,-4,-59,1
08/18/2001 09:00:00,230,27,28,-4,-59,1
08/18/2001 09:01:00,230,28,28,-4,-59,1
08/18/2001 09:02:00,230,28,28,-4,-59,1
08/18/2001 09:03:00,230,27,28,-4,-59,1
08/18/2001 09:04:00,230,29,27,-4,-58,1
08/18/2001 09:05:00,230,28,27,-4,-58,1
08/18/2001 09:06:00,230,28,27,-4,-58,1
08/18/2001 09:07:00,230,30,27,-4,-58,1
08/18/2001 09:08:00,230,30,27,-4,-58,1
08/18/2001 09:09:00,230,29,26,-4,-58,1
08/18/2001 09:10:00,230,29,26,-4,-58,1
08/18/2001 09:11:00,230,29,25,-4,-58,1
08/18/2001 09:12:00,230,30,25,-4,-58,1
08/18/2001 09:13:00,230,30,25,-4,-58,1
08/18/2001 09:14:00,230,30,25,-4,-58,1
08/18/2001 09:15:00,230,30,25,-4,-58,1
08/18/2001 09:16:00,230,31,27,-4,-58,1
08/18/2001 09:17:00,230,31,27,-4,-58,1
08/18/2001 09:18:00,230,31,27,-4,-58,1
08/18/2001 09:19:00,230,31,26,-4,-57,1
08/18/2001 09:20:00,230,30,26,-4,-57,1
08/18/2001 09:21:00,230,32,26,-4,-57,1
08/18/2001 09:22:00,230,31,26,-4,-57,1
08/18/2001 09:23:00,230,31,26,-4,-57,1
08/18/2001 09:24:00,230,31,26,-4,-57,1
08/18/2001 09:25:00,230,31,26,-4,-57,1
08/18/2001 09:26:00,230,31,24,-4,-56,1
08/18/2001 09:27:00,230,32,24,-4,-56,1
08/18/2001 09:28:00,230,32,24,-4,-56,1
08/18/2001 09:29:00,230,31,24,-4,-56,1
08/18/2001 09:30:00,230,31,24,-4,-56,1
08/18/2001 09:31:00,230,31,25,-4,-56,1
08/18/2001 09:32:00,230,32,25,-4,-56,1
08/18/2001 09:33:00,230,32,25,-4,-56,1
08/18/2001 09:34:00,230,32,24,-4,-57,1
08/18/2001 09:35:00,230,32,24,-4,-57,1
08/18/2001 09:36:00,230,33,25,-4,-56,1
08/18/2001 09:37:00,230,33,25,-4,-57,1
08/18/2001 09:38:00,230,33,25,-4,-56,1
08/18/2001 09:39:00,230,32,25,-4,-56,1
08/18/2001 09:40:00,230,32,25,-4,-56,1
08/18/2001 09:41:00,230,32,25,-4,-56,1
08/18/2001 09:42:00,230,31,25,-4,-56,1
08/18/2001 09:43:00,230,31,24,-4,-56,1
08/18/2001 09:44:00,230,32,25,-4,-55,1
08/18/2001 09:45:00,230,31,25,-4,-55,1
08/18/2001 09:46:00,230,31,25,-4,-55,1
08/18/2001 09:47:00,230,31,25,-4,-54,1
08/18/2001 09:48:00,230,31,25,-4,-54,1
08/18/2001 09:49:00,230,31,24,-4,-54,1
08/18/2001 09:50:00,230,30,24,-4,-54,1
08/18/2001 09:51:00,230,30,24,-4,-54,1
08/18/2001 09:52:00,230,31,25,-4,-53,1
08/18/2001 09:53:00,230,31,25,-4,-54,1
08/18/2001 09:54:00,230,30,25,-4,-54,1
08/18/2001 09:55:00,230,30,25,-4,-54,1
08/18/2001 09:56:00,230,31,24,-4,-54,1
08/18/2001 09:57:00,230,31,24,-4,-54,1
08/18/2001 09:58:00,230,31,24,-4,-54,1
08/18/2001 09:59:00,230,30,24,-4,-54,1
08/18/2001 10:00:00,230,30,24,-4,-54,1
08/18/2001 10:01:00,230,30,24,-4,-53,1
08/18/2001 10:02:00,230,30,25,-4,-53,1
08/18/2001 10:03:00,230,29,24,-4,-53,1
08/18/2001 10:04:00,230,29,24,-4,-53,1
08/18/2001 10:05:00,230,29,24,-3,-52,1
08/18/2001 10:06:00,230,29,24,-3,-52,1
08/18/2001 10:07:00,230,28,24,-3,-52,1
08/18/2001 10:08:00,230,29,24,-4,-52,1
08/18/2001 10:09:00,230,29,24,-3,-52,1
08/18/2001 10:10:00,230,29,24,-3,-52,1
08/18/2001 10:11:00,230,29,24,-3,-52,1
08/18/2001 10:12:00,230,30,25,-3,-53,1
08/18/2001 10:13:00,230,30,23,-3,-53,1
08/18/2001 10:14:00,230,30,23,-3,-53,1
08/18/2001 10:15:00,230,30,24,-3,-54,1
08/18/2001 10:16:00,230,31,24,-3,-54,1
08/18/2001 10:17:00,230,31,24,-3,-54,1
08/18/2001 10:18:00,230,30,25,-3,-53,1
08/18/2001 10:19:00,230,29,25,-3,-53,1
08/18/2001 10:20:00,230,29,25,-3,-53,1
08/18/2001 10:21:00,230,30,25,-3,-53,1
08/18/2001 10:22:00,230,29,24,-3,-53,1
08/18/2001 10:23:00,230,29,24,-3,-53,1
08/18/2001 10:24:00,230,29,24,-3,-52,1
08/18/2001 10:25:00,230,28,24,-3,-52,1
08/18/2001 10:26:00,230,28,23,-3,-53,1
08/18/2001 10:27:00,230,29,23,-3,-53,1
08/18/2001 10:28:00,230,29,23,-3,-53,1
08/18/2001 10:29:00,230,30,23,-3,-53,1
08/18/2001 10:30:00,230,29,23,-3,-53,1
08/18/2001 10:31:00,230,29,23,-3,-53,1
08/18/2001 10:32:00,230,30,23,-3,-53,1
08/18/2001 10:33:00,230,30,24,-3,-53,1
08/18/2001 10:34:00,230,30,24,-3,-53,1
08/18/2001 10:35:00,230,29,23,-3,-53,1
08/18/2001 10:36:00,230,29,23,-3,-53,1
08/18/2001 10:37:00,230,29,23,-3,-53,1
08/18/2001 10:38:00,230,28,24,-3,-52,1
08/18/2001 10:39:00,230,29,24,-3,-52,1
08/18/2001 10:40:00,230,29,24,-3,-52,1
08/18/2001 10:41:00,230,29,24,-3,-52,1
08/18/2001 10:42:00,230,28,24,-3,-52,1
08/18/2001 10:43:00,230,28,24,-3,-52,1
08/18/2001 10:44:00,230,28,23,-2,-52,1
08/18/2001 10:45:00,230,27,24,-2,-52,1
08/18/2001 10:46:00,230,27,24,-2,-52,1
08/18/2001 10:47:00,230,28,24,-2,-52,1
08/18/2001 10:48:00,230,28,24,-3,-52,1
08/18/2001 10:49:00,230,27,24,-3,-52,1
08/18/2001 10:50:00,230,27,24,-2,-52,1
08/18/2001 10:51:00,230,27,23,-2,-52,1
08/18/2001 10:52:00,230,27,23,-2,-52,1
08/18/2001 10:53:00,230,27,23,-2,-51,1
08/18/2001 10:54:00,230,27,24,-2,-52,1
08/18/2001 10:55:00,230,27,24,-2,-51,1
08/18/2001 10:56:00,230,26,24,-2,-51,1
08/18/2001 10:57:00,230,26,23,-2,-52,1
08/18/2001 10:58:00,230,27,23,-2,-52,1
08/18/2001 10:59:00,230,27,23,-2,-52,1
08/18/2001 11:00:00,230,27,23,-2,-52,1
08/18/2001 11:01:00,230,26,25,-2,-51,1
08/18/2001 11:02:00,230,26,25,-2,-51,1
08/18/2001 11:03:00,230,25,24,-2,-50,1
08/18/2001 11:04:00,230,25,24,-2,-50,1
08/18/2001 11:05:00,230,25,24,-2,-49,1
08/18/2001 11:06:00,230,24,24,-2,-49,1
08/18/2001 11:07:00,230,24,24,-2,-48,1
08/18/2001 11:08:00,230,24,24,-2,-47,1
08/18/2001 11:09:00,230,25,24,-2,-47,1
08/18/2001 11:10:00,230,24,24,-2,-47,1
08/18/2001 11:11:00,230,25,23,-1,-47,1
08/18/2001 11:12:00,230,25,23,-1,-47,1
08/18/2001 11:13:00,230,24,23,-1,-47,1
08/18/2001 11:14:00,230,24,23,-1,-46,1
08/18/2001 11:15:00,230,23,23,-1,-46,1
08/18/2001 11:16:00,230,24,23,-1,-46,1
08/18/2001 11:17:00,230,24,23,-1,-46,1
08/18/2001 11:18:00,230,24,23,-1,-46,1
08/18/2001 11:19:00,230,23,23,-1,-46,1
08/18/2001 11:20:00,230,25,24,-1,-46,1
08/18/2001 11:21:00,230,24,24,-1,-46,1
08/18/2001 11:22:00,230,24,24,-1,-46,1
08/18/2001 11:23:00,230,25,24,-1,-46,1
08/18/2001 11:24:00,230,25,24,-2,-46,1
08/18/2001 11:25:00,230,24,24,-1,-46,1
08/18/2001 11:26:00,230,24,24,-1,-46,1
08/18/2001 11:27:00,230,25,25,-1,-46,1
08/18/2001 11:28:00,230,25,24,-1,-46,1
08/18/2001 11:29:00,230,24,24,-1,-46,1
08/18/2001 11:30:00,230,24,23,-1,-46,1
08/18/2001 11:31:00,230,25,23,-1,-46,1
08/18/2001 11:32:00,230,25,23,-1,-46,1
08/18/2001 11:33:00,230,24,24,-1,-46,1
08/18/2001 11:34:00,230,24,24,-1,-46,1
08/18/2001 11:35:00,230,24,23,-1,-46,1
08/18/2001 11:36:00,230,25,23,-1,-46,1
08/18/2001 11:37:00,230,25,23,-1,-45,1
08/18/2001 11:38:00,230,24,22,-1,-46,1
08/18/2001 11:39:00,230,24,23,-1,-46,1
08/18/2001 11:40:00,230,24,23,-1,-45,1
08/18/2001 11:41:00,230,25,22,-1,-46,1
08/18/2001 11:42:00,230,25,22,-1,-46,1
08/18/2001 11:43:00,230,24,22,-1,-46,1
08/18/2001 11:44:00,230,24,21,-1,-46,1
08/18/2001 11:45:00,230,25,22,-2,-46,1
08/18/2001 11:46:00,230,25,22,-2,-46,1
08/18/2001 11:47:00,230,25,22,-1,-46,1
08/18/2001 11:48:00,230,24,21,-1,-46,1
08/18/2001 11:49:00,230,24,21,-1,-46,1
08/18/2001 11:50:00,230,24,22,-1,-45,1
08/18/2001 11:51:00,230,26,21,-1,-45,1
08/18/2001 11:52:00,230,26,21,-1,-45,1
08/18/2001 11:53:00,230,25,20,-1,-45,1
08/18/2001 11:54:00,230,25,20,-1,-45,1
08/18/2001 11:55:00,230,25,20,-1,-45,1
08/18/2001 11:56:00,230,24,21,-1,-45,1
08/18/2001 11:57:00,230,24,20,-1,-45,1
08/18/2001 11:58:00,230,24,21,-1,-45,1
08/18/2001 11:59:00,230,25,21,-1,-45,1
08/18/2001 12:00:00,230,25,21,-1,-44,1
08/18/2001 12:01:00,230,25,21,-1,-44,1
08/18/2001 12:02:00,230,24,22,-1,-44,1
08/18/2001 12:03:00,230,24,22,-2,-44,1
08/18/2001 12:04:00,230,24,22,-1,-44,1
08/18/2001 12:05:00,230,24,23,-1,-44,1
08/18/2001 12:06:00,230,26,23,-2,-45,1
08/18/2001 12:07:00,230,26,23,-2,-44,1
08/18/2001 12:08:00,230,26,22,-2,-45,1
08/18/2001 12:09:00,230,25,23,-2,-45,1
08/18/2001 12:10:00,230,25,23,-1,-45,1
08/18/2001 12:11:00,230,25,23,-2,-44,1
08/18/2001 12:12:00,230,25,23,-2,-44,1
08/18/2001 12:13:00,230,24,23,-2,-44,1
08/18/2001 12:14:00,230,24,23,-2,-44,1
08/18/2001 12:15:00,230,24,23,-1,-44,1
08/18/2001 12:16:00,230,24,23,-1,-44,1
08/18/2001 12:17:00,230,24,24,-1,-43,1
08/18/2001 12:18:00,230,24,24,-2,-43,1
08/18/2001 12:19:00,230,23,24,-1,-43,1
08/18/2001 12:20:00,230,24,24,-2,-43,1
08/18/2001 12:21:00,230,24,24,-2,-43,1
08/18/2001 12:22:00,230,24,24,-2,-42,1
08/18/2001 12:23:00,230,25,24,-1,-42,1
08/18/2001 12:24:00,230,24,24,-1,-42,1
08/18/2001 12:25:00,230,22,24,-1,-41,1
08/18/2001 12:26:00,230,22,25,-1,-41,1
08/18/2001 12:27:00,230,22,25,-1,-41,1
08/18/2001 12:28:00,230,23,24,-1,-41,1
08/18/2001 12:29:00,230,23,23,-1,-40,1
08/18/2001 12:30:00,230,22,24,-1,-40,1
08/18/2001 12:31:00,230,22,25,-1,-40,1
08/18/2001 12:32:00,230,22,25,-1,-40,1
08/18/2001 12:33:00,230,22,24,-1,-39,1
08/18/2001 12:34:00,230,22,24,-1,-40,1
08/18/2001 12:35:00,230,23,24,-2,-40,1
08/18/2001 12:36:00,230,24,24,-2,-40,1
08/18/2001 12:37:00,230,24,23,-2,-41,1
08/18/2001 12:38:00,230,24,23,-2,-41,1
08/18/2001 12:39:00,230,25,23,-2,-42,1
08/18/2001 12:40:00,230,24,24,-2,-42,1
08/18/2001 12:41:00,230,24,23,-2,-42,1
08/18/2001 12:42:00,230,25,24,-2,-43,1
08/18/2001 12:43:00,230,24,23,-2,-43,1
08/18/2001 12:44:00,230,25,24,-2,-43,1
08/18/2001 12:45:00,230,25,23,-2,-44,1
08/18/2001 12:46:00,230,25,22,-2,-44,1
08/18/2001 12:47:00,230,25,22,-2,-44,1
08/18/2001 12:48:00,230,25,23,-2,-44,1
08/18/2001 12:49:00,230,25,22,-2,-45,1
08/18/2001 12:50:00,230,24,22,-2,-44,1
08/18/2001 12:51:00,230,25,21,-2,-44,1
08/18/2001 12:52:00,230,25,21,-2,-44,1
08/18/2001 12:53:00,230,24,22,-2,-44,1
08/18/2001 12:54:00,230,24,22,-2,-44,1
08/18/2001 12:55:00,230,25,21,-3,-44,1
08/18/2001 12:56:00,230,26,21,-3,-45,1
08/18/2001 12:57:00,230,26,21,-3,-45,1
08/18/2001 12:58:00,230,26,20,-3,-45,1
08/18/2001 12:59:00,230,26,21,-3,-45,1
08/18/2001 13:00:00,230,26,21,-3,-45,1
08/18/2001 13:01:00,230,26,21,-3,-44,1
08/18/2001 13:02:00,230,26,21,-3,-44,1
08/18/2001 13:03:00,230,26,21,-3,-44,1
08/18/2001 13:04:00,230,26,21,-3,-45,1
08/18/2001 13:05:00,230,26,20,-3,-44,1
08/18/2001 13:06:00,230,26,20,-3,-45,1
08/18/2001 13:07:00,230,24,20,-3,-45,1
08/18/2001 13:08:00,230,24,21,-3,-45,1
08/18/2001 13:09:00,230,24,21,-3,-45,1
08/18/2001 13:10:00,230,24,21,-3,-45,1
08/18/2001 13:11:00,230,25,21,-3,-46,1
08/18/2001 13:12:00,230,27,21,-4,-46,1
08/18/2001 13:13:00,230,27,22,-4,-46,1
08/18/2001 13:14:00,230,27,21,-4,-47,1
08/18/2001 13:15:00,230,25,21,-4,-47,1
08/18/2001 13:16:00,230,26,21,-4,-47,1
08/18/2001 13:17:00,230,26,21,-4,-47,1
08/18/2001 13:18:00,230,24,20,-3,-47,1
08/18/2001 13:19:00,230,24,21,-3,-47,1
08/18/2001 13:20:00,230,24,22,-3,-47,1
08/18/2001 13:21:00,230,23,22,-3,-47,1
08/18/2001 13:22:00,230,23,22,-3,-47,1
08/18/2001 13:23:00,230,23,22,-2,-46,1
08/18/2001 13:24:00,230,20,21,-2,-46,1
08/18/2001 13:25:00,230,21,22,-2,-46,1
08/18/2001 13:26:00,230,21,23,-2,-46,1
08/18/2001 13:27:00,230,21,23,-2,-46,1
08/18/2001 13:28:00,230,21,23,-2,-46,1
08/18/2001 13:29:00,230,21,23,-2,-46,1
08/18/2001 13:30:00,230,21,22,-2,-47,1
08/18/2001 13:31:00,230,21,22,-2,-47,1
08/18/2001 13:32:00,230,21,22,-3,-47,1
08/18/2001 13:33:00,230,22,22,-3,-47,1
08/18/2001 13:34:00,230,22,22,-3,-47,1
08/18/2001 13:35:00,230,22,22,-3,-47,1
08/18/2001 13:36:00,230,22,22,-3,-47,1
08/18/2001 13:37:00,230,22,22,-3,-47,1
08/18/2001 13:38:00,230,21,23,-3,-47,1
08/18/2001 13:39:00,230,21,23,-3,-47,1
08/18/2001 13:40:00,230,21,23,-3,-47,1
08/18/2001 13:41:00,230,21,23,-3,-47,1
08/18/2001 13:42:00,230,20,23,-3,-48,1
08/18/2001 13:43:00,230,20,23,-3,-48,1
08/18/2001 13:44:00,230,20,23,-3,-48,1
08/18/2001 13:45:00,230,20,23,-3,-49,1
08/18/2001 13:46:00,230,20,23,-3,-49,1
08/18/2001 13:47:00,230,20,23,-3,-49,1
08/18/2001 13:48:00,230,20,23,-3,-49,1
08/18/2001 13:49:00,230,20,22,-3,-49,1
08/18/2001 13:50:00,230,18,22,-2,-49,1
08/18/2001 13:51:00,230,18,23,-2,-48,1
08/18/2001 13:52:00,230,18,22,-2,-48,1
08/18/2001 13:53:00,230,17,22,-2,-47,1
08/18/2001 13:54:00,230,14,23,-1,-47,1
08/18/2001 13:55:00,230,14,22,-1,-47,1
08/18/2001 13:56:00,230,15,23,-1,-47,1
08/18/2001 13:57:00,230,15,22,-1,-46,1
08/18/2001 13:58:00,230,15,22,-1,-46,1
08/18/2001 13:59:00,230,15,21,-1,-46,1
08/18/2001 14:00:00,230,16,21,-1,-46,1
08/18/2001 14:01:00,230,15,21,-1,-45,1
08/18/2001 14:02:00,230,15,21,-1,-44,1
08/18/2001 14:03:00,230,13,22,-1,-44,1
08/18/2001 14:04:00,230,13,23,-1,-44,1
08/18/2001 14:05:00,230,13,24,0,-43,1
08/18/2001 14:06:00,230,13,24,-1,-43,1
08/18/2001 14:07:00,230,14,25,0,-43,1
08/18/2001 14:08:00,230,14,25,0,-43,1
08/18/2001 14:09:00,230,14,25,0,-43,1
08/18/2001 14:10:00,230,14,26,0,-43,1
08/18/2001 14:11:00,230,13,25,0,-44,1
08/18/2001 14:12:00,230,13,24,0,-43,1
08/18/2001 14:13:00,230,13,23,0,-43,1
08/18/2001 14:14:00,230,13,24,0,-43,1
08/18/2001 14:15:00,230,13,25,0,-43,1
08/18/2001 14:16:00,230,13,25,0,-43,1
08/18/2001 14:17:00,230,13,25,0,-43,1
08/18/2001 14:18:00,230,13,23,0,-42,1
08/18/2001 14:19:00,230,14,22,1,-42,1
08/18/2001 14:20:00,230,14,23,1,-43,1
08/18/2001 14:21:00,230,13,24,0,-42,1
08/18/2001 14:22:00,230,13,22,1,-40,1
08/18/2001 14:23:00,230,15,22,1,-38,1
08/18/2001 14:24:00,230,15,24,2,-36,1
08/18/2001 14:25:00,230,17,24,2,-32,1
08/18/2001 14:26:00,230,23,25,4,-30,1
08/18/2001 14:27:00,230,27,29,4,-29,1
08/18/2001 14:28:00,230,28,31,5,-29,1
08/18/2001 14:29:00,230,28,38,5,-29,1
08/18/2001 14:30:00,230,28,42,6,-31,1
08/18/2001 14:31:00,230,25,41,5,-34,1
08/18/2001 14:32:00,230,18,34,3,-34,1
08/18/2001 14:33:00,230,16,31,3,-33,1
08/18/2001 14:34:00,230,14,32,3,-33,1
08/18/2001 14:35:00,230,14,31,3,-33,1
08/18/2001 14:36:00,230,14,31,2,-32,1
08/18/2001 14:37:00,230,15,30,3,-33,1
08/18/2001 14:38:00,230,17,30,2,-33,1
08/18/2001 14:39:00,230,16,29,2,-34,1
08/18/2001 14:40:00,230,17,30,2,-36,1
08/18/2001 14:41:00,230,19,29,1,-39,1
08/18/2001 14:42:00,230,24,25,-1,-41,1
08/18/2001 14:43:00,230,27,22,-2,-42,1
08/18/2001 14:44:00,230,29,23,-3,-43,1
08/18/2001 14:45:00,230,30,23,-3,-43,1
08/18/2001 14:46:00,230,29,23,-2,-44,1
08/18/2001 14:47:00,230,28,22,-2,-43,1
08/18/2001 14:48:00,230,27,21,-2,-43,1
08/18/2001 14:49:00,230,25,21,-1,-43,1
08/18/2001 14:50:00,230,25,19,-1,-43,1
08/18/2001 14:51:00,230,24,19,-1,-43,1
08/18/2001 14:52:00,230,24,19,-1,-44,1
08/18/2001 14:53:00,230,23,19,-1,-43,1
08/18/2001 14:54:00,230,24,19,-1,-43,1
08/18/2001 14:55:00,230,24,18,-1,-43,1
08/18/2001 14:56:00,230,24,19,0,-43,1
08/18/2001 14:57:00,230,23,18,0,-42,1
08/18/2001 14:58:00,230,23,18,0,-41,1
08/18/2001 14:59:00,230,22,18,0,-40,1
08/18/2001 15:00:00,230,21,18,1,-40,1
08/18/2001 15:01:00,230,20,20,0,-40,1
08/18/2001 15:02:00,230,21,18,1,-39,1
08/18/2001 15:03:00,230,19,18,1,-35,1
08/18/2001 15:04:00,230,17,18,3,-31,1
08/18/2001 15:05:00,230,22,21,4,-29,1
08/18/2001 15:06:00,230,24,24,5,-28,1
08/18/2001 15:07:00,230,23,29,5,-27,1
08/18/2001 15:08:00,230,19,30,4,-28,1
08/18/2001 15:09:00,230,17,28,3,-29,1
08/18/2001 15:10:00,230,17,26,3,-30,1
08/18/2001 15:11:00,230,17,25,3,-31,1
08/18/2001 15:12:00,230,15,24,3,-31,1
08/18/2001 15:13:00,230,16,24,3,-30,1
08/18/2001 15:14:00,230,17,22,3,-29,1
08/18/2001 15:15:00,230,17,22,4,-28,1
08/18/2001 15:16:00,230,17,22,4,-28,1
08/18/2001 15:17:00,230,17,23,3,-28,1
08/18/2001 15:18:00,230,18,22,3,-28,1
08/18/2001 15:19:00,230,17,23,3,-29,1
08/18/2001 15:20:00,230,17,22,3,-30,1
08/18/2001 15:21:00,230,19,21,2,-30,1
08/18/2001 15:22:00,230,19,20,3,-30,1
08/18/2001 15:23:00,230,20,20,3,-30,1
08/18/2001 15:24:00,230,20,20,2,-31,1
08/18/2001 15:25:00,230,20,19,2,-31,1
08/18/2001 15:26:00,230,20,20,2,-31,1
08/18/2001 15:27:00,230,20,19,2,-31,1
08/18/2001 15:28:00,230,20,19,2,-32,1
08/18/2001 15:29:00,230,22,19,2,-32,1
08/18/2001 15:30:00,230,21,19,2,-32,1
08/18/2001 15:31:00,230,21,18,2,-32,1
08/18/2001 15:32:00,230,22,18,2,-32,1
08/18/2001 15:33:00,230,21,19,2,-32,1
08/18/2001 15:34:00,230,22,18,2,-33,1
08/18/2001 15:35:00,230,23,18,2,-33,1
08/18/2001 15:36:00,230,23,18,1,-33,1
08/18/2001 15:37:00,230,22,18,1,-33,1
08/18/2001 15:38:00,230,23,18,1,-33,1
08/18/2001 15:39:00,230,22,17,1,-33,1
08/18/2001 15:40:00,230,22,17,1,-33,1
08/18/2001 15:41:00,230,23,17,1,-33,1
08/18/2001 15:42:00,230,22,17,1,-33,1
08/18/2001 15:43:00,230,22,17,1,-33,1
08/18/2001 15:44:00,230,23,17,1,-33,1
08/18/2001 15:45:00,230,23,17,1,-33,1
08/18/2001 15:46:00,230,22,17,1,-33,1
08/18/2001 15:47:00,230,22,18,1,-34,1
08/18/2001 15:48:00,230,22,17,1,-34,1
08/18/2001 15:49:00,230,23,17,1,-34,1
08/18/2001 15:50:00,230,23,17,0,-34,1
08/18/2001 15:51:00,230,23,18,1,-34,1
08/18/2001 15:52:00,230,22,16,1,-33,1
08/18/2001 15:53:00,230,21,17,1,-34,1
08/18/2001 15:54:00,230,23,17,0,-33,1
08/18/2001 15:55:00,230,22,17,1,-33,1
08/18/2001 15:56:00,230,22,18,1,-33,1
08/18/2001 15:57:00,230,22,19,1,-33,1
08/18/2001 15:58:00,230,22,18,1,-33,1
08/18/2001 15:59:00,230,23,16,0,-33,1
08/18/2001 16:00:00,230,21,18,1,-33,1
08/18/2001 16:01:00,230,22,17,1,-32,1
08/18/2001 16:02:00,230,21,18,1,-32,1
08/18/2001 16:03:00,230,22,18,1,-32,1
08/18/2001 16:04:00,230,21,19,1,-32,1
08/18/2001 16:05:00,230,21,18,1,-32,1
08/18/2001 16:06:00,230,22,17,1,-32,1
08/18/2001 16:07:00,230,21,19,0,-32,1
08/18/2001 16:08:00,230,22,18,0,-32,1
08/18/2001 16:09:00,230,23,16,0,-32,1
08/18/2001 16:10:00,230,22,17,0,-32,1
08/18/2001 16:11:00,230,23,15,0,-32,1
08/18/2001 16:12:00,230,21,17,1,-32,1
08/18/2001 16:13:00,230,21,17,0,-32,1
08/18/2001 16:14:00,230,21,20,1,-32,1
08/18/2001 16:15:00,230,22,18,0,-33,1
08/18/2001 16:16:00,230,23,17,0,-32,1
08/18/2001 16:17:00,230,24,16,0,-32,1
08/18/2001 16:18:00,230,23,16,1,-32,1
08/18/2001 16:19:00,230,23,16,1,-33,1
08/18/2001 16:20:00,230,24,15,0,-33,1
08/18/2001 16:21:00,230,24,15,0,-33,1
08/18/2001 16:22:00,230,24,15,0,-33,1
08/18/2001 16:23:00,230,24,17,0,-34,1
08/18/2001 16:24:00,230,26,17,0,-34,1
08/18/2001 16:25:00,230,27,17,-1,-34,1
08/18/2001 16:26:00,230,27,18,0,-33,1
08/18/2001 16:27:00,230,27,18,0,-32,1
08/18/2001 16:28:00,230,26,19,1,-31,1
08/18/2001 16:29:00,230,29,18,1,-30,1
08/18/2001 16:30:00,230,29,18,1,-29,1
08/18/2001 16:31:00,230,31,19,2,-29,1
08/18/2001 16:32:00,230,33,18,2,-27,1
08/18/2001 16:33:00,230,31,18,2,-27,1
08/18/2001 16:34:00,230,30,18,2,-25,1
08/18/2001 16:35:00,230,33,18,2,-24,1
08/18/2001 16:36:00,230,31,19,2,-24,1
08/18/2001 16:37:00,230,31,18,3,-25,1
08/18/2001 16:38:00,230,32,18,3,-25,1
08/18/2001 16:39:00,230,31,17,3,-26,1
08/18/2001 16:40:00,230,32,18,2,-27,1
08/18/2001 16:41:00,230,32,20,2,-27,1
08/18/2001 16:42:00,230,32,17,2,-27,1
08/18/2001 16:43:00,230,33,16,1,-27,1
08/18/2001 16:44:00,230,33,16,1,-28,1
08/18/2001 16:45:00,230,34,16,1,-28,1
08/18/2001 16:46:00,230,34,16,1,-29,1
08/18/2001 16:47:00,230,34,16,1,-29,1
08/18/2001 16:48:00,230,34,16,1,-29,1
08/18/2001 16:49:00,230,34,17,1,-30,1
08/18/2001 16:50:00,230,35,16,1,-31,1
08/18/2001 16:51:00,230,35,16,1,-31,1
08/18/2001 16:52:00,230,37,16,1,-31,1
08/18/2001 16:53:00,230,37,15,1,-30,1
08/18/2001 16:54:00,230,37,16,1,-31,1
08/18/2001 16:55:00,230,38,16,1,-31,1
08/18/2001 16:56:00,230,39,16,1,-31,1
08/18/2001 16:57:00,230,38,16,1,-31,1
08/18/2001 16:58:00,230,38,16,1,-31,1
08/18/2001 16:59:00,230,39,16,1,-31,1
08/18/2001 17:00:00,230,40,15,1,-31,1
08/18/2001 17:01:00,230,40,15,1,-30,1
08/18/2001 17:02:00,230,41,16,1,-30,1
08/18/2001 17:03:00,230,42,17,1,-29,1
08/18/2001 17:04:00,230,42,17,2,-28,1
08/18/2001 17:05:00,230,42,16,2,-28,1
08/18/2001 17:06:00,230,42,16,2,-28,1
08/18/2001 17:07:00,230,42,17,2,-27,1
08/18/2001 17:08:00,230,43,17,2,-27,1
08/18/2001 17:09:00,230,42,17,2,-27,1
08/18/2001 17:10:00,230,43,18,2,-26,1
08/18/2001 17:11:00,230,43,18,2,-26,1
08/18/2001 17:12:00,230,43,17,3,-26,1
08/18/2001 17:13:00,230,44,17,3,-26,1
08/18/2001 17:14:00,230,43,17,3,-26,1
08/18/2001 17:15:00,230,43,17,3,-26,1
08/18/2001 17:16:00,230,43,18,3,-27,1
08/18/2001 17:17:00,230,44,18,3,-27,1
08/18/2001 17:18:00,230,43,17,3,-27,1
08/18/2001 17:19:00,230,44,19,3,-27,1
08/18/2001 17:20:00,230,44,19,3,-27,1
08/18/2001 17:21:00,230,44,18,3,-26,1
08/18/2001 17:22:00,230,44,19,3,-26,1
08/18/2001 17:23:00,230,43,23,3,-26,1
08/18/2001 17:24:00,230,43,24,3,-26,1
08/18/2001 17:25:00,230,42,24,4,-26,1
08/18/2001 17:26:00,230,41,25,4,-25,1
08/18/2001 17:27:00,230,42,24,4,-25,1
08/18/2001 17:28:00,230,43,24,3,-25,1
08/18/2001 17:29:00,230,44,24,4,-25,1
08/18/2001 17:30:00,230,44,22,4,-25,1
08/18/2001 17:31:00,230,45,20,4,-24,1
08/18/2001 17:32:00,230,45,19,4,-23,1
08/18/2001 17:33:00,230,46,21,4,-23,1
08/18/2001 17:34:00,230,46,19,5,-22,1
08/18/2001 17:35:00,230,47,18,5,-22,1
08/18/2001 17:36:00,230,48,18,5,-22,1
08/18/2001 17:37:00,230,46,18,5,-22,1
08/18/2001 17:38:00,230,46,19,5,-22,1
08/18/2001 17:39:00,230,46,19,5,-22,1
08/18/2001 17:40:00,230,46,19,5,-23,1
08/18/2001 17:41:00,230,46,20,5,-22,1
08/18/2001 17:42:00,230,45,19,5,-23,1
08/18/2001 17:43:00,230,47,19,5,-23,1
08/18/2001 17:44:00,230,46,19,5,-22,1
08/18/2001 17:45:00,230,47,19,5,-22,1
08/18/2001 17:46:00,230,47,19,5,-22,1
08/18/2001 17:47:00,230,47,19,5,-22,1
08/18/2001 17:48:00,230,47,19,5,-22,1
08/18/2001 17:49:00,230,45,19,5,-22,1
08/18/2001 17:50:00,230,45,19,5,-22,1
08/18/2001 17:51:00,230,45,19,5,-22,1
08/18/2001 17:52:00,230,46,20,5,-22,1
08/18/2001 17:53:00,230,46,20,5,-22,1
08/18/2001 17:54:00,230,46,19,5,-21,1
08/18/2001 17:55:00,230,45,19,5,-21,1
08/18/2001 17:56:00,230,45,19,5,-21,1
08/18/2001 17:57:00,230,44,19,5,-21,1
08/18/2001 17:58:00,230,45,20,5,-20,1
08/18/2001 17:59:00,230,46,19,5,-20,1
08/18/2001 18:00:00,230,46,19,5,-21,1
08/18/2001 18:01:00,230,47,18,5,-21,1
08/18/2001 18:02:00,230,46,19,5,-21,1
08/18/2001 18:03:00,230,46,19,5,-21,1
08/18/2001 18:04:00,230,46,19,5,-21,1
08/18/2001 18:05:00,230,46,19,5,-21,1
08/18/2001 18:06:00,230,46,19,5,-21,1
08/18/2001 18:07:00,230,46,18,5,-21,1
08/18/2001 18:08:00,230,46,18,5,-21,1
08/18/2001 18:09:00,230,46,18,5,-21,1
08/18/2001 18:10:00,230,44,18,5,-22,1
08/18/2001 18:11:00,230,44,19,5,-22,1
08/18/2001 18:12:00,230,44,19,5,-22,1
08/18/2001 18:13:00,230,43,18,4,-22,1
08/18/2001 18:14:00,230,43,19,5,-23,1
08/18/2001 18:15:00,230,42,18,4,-23,1
08/18/2001 18:16:00,230,41,18,4,-24,1
08/18/2001 18:17:00,230,42,18,4,-25,1
08/18/2001 18:18:00,230,41,18,4,-24,1
08/18/2001 18:19:00,230,42,18,4,-24,1
08/18/2001 18:20:00,230,42,17,4,-25,1
08/18/2001 18:21:00,230,41,17,4,-25,1
08/18/2001 18:22:00,230,41,17,4,-25,1
08/18/2001 18:23:00,230,41,17,4,-25,1
08/18/2001 18:24:00,230,41,17,4,-25,1
08/18/2001 18:25:00,230,41,18,4,-24,1
08/18/2001 18:26:00,230,41,17,4,-23,1
08/18/2001 18:27:00,230,42,17,4,-23,1
08/18/2001 18:28:00,230,42,17,4,-23,1
08/18/2001 18:29:00,230,42,17,4,-22,1
08/18/2001 18:30:00,230,42,17,4,-20,1
08/18/2001 18:31:00,230,42,17,4,-19,1
08/18/2001 18:32:00,230,42,17,5,-19,1
08/18/2001 18:33:00,230,40,18,5,-19,1
08/18/2001 18:34:00,230,40,17,4,-19,1
08/18/2001 18:35:00,230,41,16,4,-19,1
08/18/2001 18:36:00,230,41,17,4,-19,1
08/18/2001 18:37:00,230,41,16,4,-20,1
08/18/2001 18:38:00,230,41,17,4,-20,1
08/18/2001 18:39:00,230,41,16,4,-20,1
08/18/2001 18:40:00,230,41,16,4,-20,1
08/18/2001 18:41:00,230,40,17,4,-21,1
08/18/2001 18:42:00,230,39,17,4,-21,1
08/18/2001 18:43:00,230,40,17,4,-20,1
08/18/2001 18:44:00,230,39,17,4,-20,1
08/18/2001 18:45:00,230,39,17,4,-20,1
08/18/2001 18:46:00,230,39,16,4,-21,1
08/18/2001 18:47:00,230,38,17,4,-21,1
08/18/2001 18:48:00,230,37,16,4,-22,1
08/18/2001 18:49:00,230,37,16,3,-22,1
08/18/2001 18:50:00,230,37,16,3,-22,1
08/18/2001 18:51:00,230,36,15,3,-22,1
08/18/2001 18:52:00,230,37,17,3,-22,1
08/18/2001 18:53:00,230,37,16,3,-22,1
08/18/2001 18:54:00,230,36,16,3,-22,1
08/18/2001 18:55:00,230,36,16,3,-23,1
08/18/2001 18:56:00,230,36,17,3,-22,1
08/18/2001 18:57:00,230,35,17,4,-22,1
08/18/2001 18:58:00,230,35,15,4,-23,1
08/18/2001 18:59:00,230,34,15,3,-24,1
08/18/2001 19:00:00,230,33,15,2,-25,1
08/18/2001 19:01:00,230,33,16,2,-26,1
08/18/2001 19:02:00,230,33,16,2,-26,1
08/18/2001 19:03:00,230,33,16,3,-26,1
08/18/2001 19:04:00,230,31,17,3,-26,1
08/18/2001 19:05:00,230,32,16,3,-27,1
08/18/2001 19:06:00,230,30,16,3,-27,1
08/18/2001 19:07:00,230,30,15,2,-26,1
08/18/2001 19:08:00,230,31,16,2,-25,1
08/18/2001 19:09:00,230,31,16,3,-24,1
08/18/2001 19:10:00,230,32,16,3,-22,1
08/18/2001 19:11:00,230,31,15,3,-21,1
08/18/2001 19:12:00,230,30,16,3,-21,1
08/18/2001 19:13:00,230,29,16,3,-21,1
08/18/2001 19:14:00,230,28,16,2,-22,1
08/18/2001 19:15:00,230,28,15,2,-23,1
08/18/2001 19:16:00,230,28,15,2,-24,1
08/18/2001 19:17:00,230,28,15,2,-24,1
08/18/2001 19:18:00,230,29,15,1,-25,1
08/18/2001 19:19:00,230,30,16,1,-25,1
08/18/2001 19:20:00,230,30,16,1,-24,1
08/18/2001 19:21:00,230,30,16,1,-24,1
08/18/2001 19:22:00,230,30,16,2,-23,1
08/18/2001 19:23:00,230,29,17,1,-23,1
08/18/2001 19:24:00,230,29,17,1,-23,1
08/18/2001 19:25:00,230,28,16,1,-22,1
08/18/2001 19:26:00,230,29,16,1,-23,1
08/18/2001 19:27:00,230,29,16,1,-23,1
08/18/2001 19:28:00,230,30,16,1,-23,1
08/18/2001 19:29:00,230,31,16,1,-22,1
08/18/2001 19:30:00,230,30,15,1,-21,1
08/18/2001 19:31:00,230,31,15,1,-19,1
08/18/2001 19:32:00,230,30,16,1,-19,1
08/18/2001 19:33:00,230,29,15,1,-19,1
08/18/2001 19:34:00,230,28,15,1,-19,1
08/18/2001 19:35:00,230,30,16,1,-19,1
08/18/2001 19:36:00,230,30,15,1,-20,1
08/18/2001 19:37:00,230,30,16,1,-20,1
08/18/2001 19:38:00,230,30,16,1,-21,1
08/18/2001 19:39:00,230,31,16,1,-21,1
08/18/2001 19:40:00,230,30,16,1,-21,1
08/18/2001 19:41:00,230,31,17,1,-20,1
08/18/2001 19:42:00,230,31,17,1,-18,1
08/18/2001 19:43:00,230,33,17,1,-18,1
08/18/2001 19:44:00,230,33,16,1,-18,1
08/18/2001 19:45:00,230,31,16,1,-18,1
08/18/2001 19:46:00,230,30,16,1,-19,1
08/18/2001 19:47:00,230,29,17,0,-19,1
08/18/2001 19:48:00,230,29,17,0,-20,1
08/18/2001 19:49:00,230,30,17,0,-20,1
08/18/2001 19:50:00,230,32,16,1,-21,1
08/18/2001 19:51:00,230,32,17,0,-22,1
08/18/2001 19:52:00,230,32,17,0,-22,1
08/18/2001 19:53:00,230,32,17,0,-21,1
08/18/2001 19:54:00,230,32,17,0,-21,1
08/18/2001 19:55:00,230,33,16,0,-20,1
08/18/2001 19:56:00,230,33,16,0,-19,1
08/18/2001 19:57:00,230,33,17,0,-19,1
08/18/2001 19:58:00,230,32,16,0,-19,1
08/18/2001 19:59:00,230,31,16,0,-19,1
08/18/2001 20:00:00,230,30,17,-1,-19,1
08/18/2001 20:01:00,230,31,16,0,-19,1
08/18/2001 20:02:00,230,32,16,0,-19,1
08/18/2001 20:03:00,230,33,17,0,-19,1
08/18/2001 20:04:00,230,32,17,0,-19,1
08/18/2001 20:05:00,230,33,17,0,-20,1
08/18/2001 20:06:00,230,31,16,-1,-21,1
08/18/2001 20:07:00,230,30,16,-1,-23,1
08/18/2001 20:08:00,230,29,17,-1,-23,1
08/18/2001 20:09:00,230,29,17,-1,-23,1
08/18/2001 20:10:00,230,29,17,-1,-23,1
08/18/2001 20:11:00,230,31,16,-1,-24,1
08/18/2001 20:12:00,230,27,16,-1,-25,1
08/18/2001 20:13:00,230,25,16,-2,-27,1
08/18/2001 20:14:00,230,24,17,-2,-29,1
08/18/2001 20:15:00,230,24,18,-2,-31,1
08/18/2001 20:16:00,230,26,17,-2,-31,1
08/18/2001 20:17:00,230,29,16,-2,-31,1
08/18/2001 20:18:00,230,31,16,-1,-31,1
08/18/2001 20:19:00,230,33,16,-1,-30,1
08/18/2001 20:20:00,230,33,16,-1,-30,1
08/18/2001 20:21:00,230,32,16,-1,-31,1
08/18/2001 20:22:00,230,31,17,-2,-31,1
08/18/2001 20:23:00,230,34,16,-2,-32,1
08/18/2001 20:24:00,230,35,15,-2,-33,1
08/18/2001 20:25:00,230,37,15,-1,-34,1
08/18/2001 20:26:00,230,37,15,-1,-36,1
08/18/2001 20:27:00,230,34,16,-2,-37,1
08/18/2001 20:28:00,230,33,16,-2,-37,1
08/18/2001 20:29:00,230,32,15,-3,-37,1
08/18/2001 20:30:00,230,32,15,-3,-37,1
08/18/2001 20:31:00,230,30,15,-3,-36,1
08/18/2001 20:32:00,230,29,14,-3,-36,1
08/18/2001 20:33:00,230,29,13,-3,-36,1
08/18/2001 20:34:00,230,29,14,-3,-35,1
08/18/2001 20:35:00,230,28,14,-3,-35,1
08/18/2001 20:36:00,230,28,15,-3,-34,1
08/18/2001 20:37:00,230,28,15,-3,-33,1
08/18/2001 20:38:00,230,29,13,-3,-32,1
08/18/2001 20:39:00,230,30,12,-3,-31,1
08/18/2001 20:40:00,230,29,12,-3,-31,1
08/18/2001 20:41:00,230,30,13,-3,-31,1
08/18/2001 20:42:00,230,32,13,-2,-30,1
08/18/2001 20:43:00,230,31,13,-3,-30,1
08/18/2001 20:44:00,230,36,14,-2,-30,1
08/18/2001 20:45:00,230,40,15,-2,-27,1
08/18/2001 20:46:00,230,43,17,-1,-25,1
08/18/2001 20:47:00,230,42,15,-1,-24,1
08/18/2001 20:48:00,230,38,15,-2,-22,1
08/18/2001 20:49:00,230,38,15,-2,-22,1
08/18/2001 20:50:00,230,38,14,-2,-22,1
08/18/2001 20:51:00,230,39,15,-2,-23,1
08/18/2001 20:52:00,230,40,16,-2,-25,1
08/18/2001 20:53:00,230,41,17,-2,-27,1
08/18/2001 20:54:00,230,40,17,-2,-28,1
08/18/2001 20:55:00,230,38,17,-2,-29,1
08/18/2001 20:56:00,230,33,17,-3,-31,1
08/18/2001 20:57:00,230,32,16,-4,-32,1
08/18/2001 20:58:00,230,33,16,-4,-32,1
08/18/2001 20:59:00,230,32,17,-4,-32,1
08/18/2001 21:00:00,230,33,16,-4,-33,1
08/18/2001 21:01:00,230,34,17,-4,-34,1
08/18/2001 21:02:00,230,31,17,-4,-34,1
08/18/2001 21:03:00,230,31,18,-4,-35,1
08/18/2001 21:04:00,230,31,17,-4,-35,1
08/18/2001 21:05:00,230,29,18,-4,-36,1
08/18/2001 21:06:00,230,28,18,-4,-34,1
08/18/2001 21:07:00,230,31,17,-4,-33,1
08/18/2001 21:08:00,230,33,16,-4,-30,1
08/18/2001 21:09:00,230,36,16,-3,-29,1
08/18/2001 21:10:00,230,38,17,-3,-28,1
08/18/2001 21:11:00,230,40,17,-3,-28,1
08/18/2001 21:12:00,230,38,17,-3,-29,1
08/18/2001 21:13:00,230,38,16,-3,-29,1
08/18/2001 21:14:00,230,38,17,-3,-30,1
08/18/2001 21:15:00,230,38,17,-4,-30,1
08/18/2001 21:16:00,230,37,17,-3,-31,1
08/18/2001 21:17:00,230,36,16,-4,-32,1
08/18/2001 21:18:00,230,34,16,-4,-31,1
08/18/2001 21:19:00,230,35,15,-4,-30,1
08/18/2001 21:20:00,230,34,16,-4,-29,1
08/18/2001 21:21:00,230,32,16,-4,-29,1
08/18/2001 21:22:00,230,33,15,-4,-29,1
08/18/2001 21:23:00,230,34,16,-4,-29,1
08/18/2001 21:24:00,230,33,16,-4,-29,1
08/18/2001 21:25:00,230,34,16,-4,-29,1
08/18/2001 21:26:00,230,35,16,-4,-29,1
08/18/2001 21:27:00,230,35,16,-4,-30,1
08/18/2001 21:28:00,230,35,17,-4,-31,1
08/18/2001 21:29:00,230,32,16,-4,-31,1
08/18/2001 21:30:00,230,32,16,-4,-31,1
08/18/2001 21:31:00,230,34,16,-4,-31,1
08/18/2001 21:32:00,230,35,17,-4,-30,1
08/18/2001 21:33:00,230,37,17,-4,-31,1
08/18/2001 21:34:00,230,36,17,-4,-30,1
08/18/2001 21:35:00,230,34,16,-4,-30,1
08/18/2001 21:36:00,230,35,16,-4,-30,1
08/18/2001 21:37:00,230,36,16,-4,-29,1
08/18/2001 21:38:00,230,38,17,-4,-29,1
08/18/2001 21:39:00,230,38,17,-4,-28,1
08/18/2001 21:40:00,230,39,18,-4,-29,1
08/18/2001 21:41:00,230,39,17,-4,-29,1
08/18/2001 21:42:00,230,39,17,-4,-30,1
08/18/2001 21:43:00,230,42,17,-3,-29,1
08/18/2001 21:44:00,230,42,18,-3,-30,1
08/18/2001 21:45:00,230,39,16,-4,-31,1
08/18/2001 21:46:00,230,37,17,-4,-31,1
08/18/2001 21:47:00,230,36,16,-4,-31,1
08/18/2001 21:48:00,230,39,17,-4,-28,1
08/18/2001 21:49:00,230,42,19,-3,-26,1
08/18/2001 21:50:00,230,39,18,-3,-26,1
08/18/2001 21:51:00,230,35,17,-4,-23,1
08/18/2001 21:52:00,230,36,18,-4,-21,1
08/18/2001 21:53:00,230,38,20,-3,-19,1
08/18/2001 21:54:00,230,38,21,-4,-18,1
08/18/2001 21:55:00,230,41,22,-3,-17,1
08/18/2001 21:56:00,230,48,24,-3,-17,1
08/18/2001 21:57:00,230,51,23,-2,-19,1
08/18/2001 21:58:00,230,46,20,-2,-22,1
08/18/2001 21:59:00,230,41,19,-3,-26,1
08/18/2001 22:00:00,230,41,19,-3,-28,1
08/18/2001 22:01:00,230,43,18,-3,-30,1
08/18/2001 22:02:00,230,42,19,-3,-33,1
08/18/2001 22:03:00,230,39,19,-3,-34,1
08/18/2001 22:04:00,230,37,19,-4,-35,1
08/18/2001 22:05:00,230,33,18,-4,-35,1
08/18/2001 22:06:00,230,32,17,-5,-35,1
08/18/2001 22:07:00,230,32,16,-5,-34,1
08/18/2001 22:08:00,230,29,16,-5,-33,1
08/18/2001 22:09:00,230,27,15,-5,-32,1
08/18/2001 22:10:00,230,28,14,-5,-30,1
08/18/2001 22:11:00,230,26,15,-5,-29,1
08/18/2001 22:12:00,230,25,15,-6,-28,1
08/18/2001 22:13:00,230,28,15,-6,-28,1
08/18/2001 22:14:00,230,36,17,-4,-28,1
08/18/2001 22:15:00,230,46,19,-3,-29,1
08/18/2001 22:16:00,230,50,18,-2,-32,1
08/18/2001 22:17:00,230,43,15,-3,-36,1
08/18/2001 22:18:00,230,30,18,-4,-40,1
08/18/2001 22:19:00,230,27,19,-6,-41,1
08/18/2001 22:20:00,230,29,21,-6,-42,1
08/18/2001 22:21:00,230,30,24,-6,-44,1
08/18/2001 22:22:00,230,32,24,-6,-47,1
08/18/2001 22:23:00,230,32,25,-6,-49,1
08/18/2001 22:24:00,230,32,26,-6,-51,1
08/18/2001 22:25:00,230,32,26,-6,-53,1
08/18/2001 22:26:00,230,32,26,-6,-53,1
08/18/2001 22:27:00,230,32,23,-6,-53,1
08/18/2001 22:28:00,230,31,20,-7,-52,1
08/18/2001 22:29:00,230,31,20,-7,-50,1
08/18/2001 22:30:00,230,30,18,-7,-49,1
08/18/2001 22:31:00,230,30,16,-7,-47,1
08/18/2001 22:32:00,230,29,14,-6,-45,1
08/18/2001 22:33:00,230,29,13,-6,-45,1
08/18/2001 22:34:00,230,28,12,-6,-44,1
08/18/2001 22:35:00,230,28,12,-5,-44,1
08/18/2001 22:36:00,230,28,11,-5,-44,1
08/18/2001 22:37:00,230,28,11,-5,-44,1
08/18/2001 22:38:00,230,28,13,-5,-43,1
08/18/2001 22:39:00,230,27,14,-5,-43,1
08/18/2001 22:40:00,230,28,15,-5,-43,1
08/18/2001 22:41:00,230,28,13,-5,-43,1
08/18/2001 22:42:00,230,27,12,-5,-43,1
08/18/2001 22:43:00,230,27,11,-5,-44,1
08/18/2001 22:44:00,230,28,10,-5,-44,1
08/18/2001 22:45:00,230,27,10,-5,-43,1
08/18/2001 22:46:00,230,27,9,-5,-43,1
08/18/2001 22:47:00,230,27,10,-5,-43,1
08/18/2001 22:48:00,230,28,9,-4,-43,1
08/18/2001 22:49:00,230,27,12,-4,-42,1
08/18/2001 22:50:00,230,27,11,-4,-43,1
08/18/2001 22:51:00,230,27,9,-4,-42,1
08/18/2001 22:52:00,230,27,9,-4,-42,1
08/18/2001 22:53:00,230,27,9,-4,-42,1
08/18/2001 22:54:00,230,27,9,-5,-42,1
08/18/2001 22:55:00,230,27,10,-5,-42,1
08/18/2001 22:56:00,230,27,9,-5,-42,1
08/18/2001 22:57:00,230,26,10,-5,-41,1
08/18/2001 22:58:00,230,26,10,-5,-42,1
08/18/2001 22:59:00,230,26,10,-5,-41,1
08/18/2001 23:00:00,230,26,11,-5,-41,1
08/18/2001 23:01:00,230,26,10,-5,-41,1
08/18/2001 23:02:00,230,25,10,-5,-41,1
08/18/2001 23:03:00,230,26,9,-5,-41,1
08/18/2001 23:04:00,230,25,9,-5,-41,1
08/18/2001 23:05:00,230,25,10,-5,-40,1
08/18/2001 23:06:00,230,25,10,-5,-40,1
08/18/2001 23:07:00,230,25,10,-5,-40,1
08/18/2001 23:08:00,230,24,10,-5,-40,1
08/18/2001 23:09:00,230,24,10,-5,-40,1
08/18/2001 23:10:00,230,24,10,-5,-40,1
08/18/2001 23:11:00,230,24,11,-5,-40,1
08/18/2001 23:12:00,230,23,10,-5,-40,1
08/18/2001 23:13:00,230,23,10,-5,-40,1
08/18/2001 23:14:00,230,23,10,-5,-40,1
08/18/2001 23:15:00,230,23,10,-5,-40,1
08/18/2001 23:16:00,230,23,9,-5,-40,1
08/18/2001 23:17:00,230,23,10,-5,-39,1
08/18/2001 23:18:00,230,22,11,-5,-39,1
08/18/2001 23:19:00,230,23,11,-5,-39,1
08/18/2001 23:20:00,230,21,11,-5,-39,1
08/18/2001 23:21:00,230,21,11,-5,-39,1
08/18/2001 23:22:00,230,21,11,-5,-39,1
08/18/2001 23:23:00,230,21,11,-5,-39,1
08/18/2001 23:24:00,230,22,11,-5,-39,1
08/18/2001 23:25:00,230,21,11,-5,-39,1
08/18/2001 23:26:00,230,21,11,-5,-39,1
08/18/2001 23:27:00,230,22,11,-5,-39,1
08/18/2001 23:28:00,230,21,11,-5,-39,1
08/18/2001 23:29:00,230,21,11,-5,-39,1
08/18/2001 23:30:00,230,20,12,-5,-39,1
08/18/2001 23:31:00,230,21,10,-5,-39,1
08/18/2001 23:32:00,230,20,11,-5,-39,1
08/18/2001 23:33:00,230,20,11,-5,-38,1
08/18/2001 23:34:00,230,20,12,-5,-38,1
08/18/2001 23:35:00,230,20,11,-5,-38,1
08/18/2001 23:36:00,230,20,11,-5,-39,1
08/18/2001 23:37:00,230,20,12,-5,-38,1
08/18/2001 23:38:00,230,20,12,-5,-38,1
08/18/2001 23:39:00,230,20,12,-5,-38,1
08/18/2001 23:40:00,230,19,12,-5,-38,1
08/18/2001 23:41:00,230,19,12,-5,-38,1
08/18/2001 23:42:00,230,18,12,-5,-38,1
08/18/2001 23:43:00,230,19,12,-5,-38,1
08/18/2001 23:44:00,230,19,12,-5,-38,1
08/18/2001 23:45:00,230,19,12,-5,-38,1
08/18/2001 23:46:00,230,19,12,-5,-38,1
08/18/2001 23:47:00,230,19,13,-5,-38,1
08/18/2001 23:48:00,230,19,13,-5,-38,1
08/18/2001 23:49:00,230,18,13,-5,-38,1
08/18/2001 23:50:00,230,18,13,-5,-38,1
08/18/2001 23:51:00,230,18,14,-5,-37,1
08/18/2001 23:52:00,230,18,14,-5,-37,1
08/18/2001 23:53:00,230,18,14,-5,-38,1
08/18/2001 23:54:00,230,18,15,-4,-38,1
08/18/2001 23:55:00,230,19,14,-4,-38,1
08/18/2001 23:56:00,230,19,14,-4,-38,1
08/18/2001 23:57:00,230,19,14,-4,-38,1
08/18/2001 23:58:00,230,19,14,-4,-38,1
08/18/2001 23:59:00,230,19,15,-4,-38,1
