DateTime,DOY,ASY_D,ASY_H,SYM_D,SYM_H,Location
03/09/2004 00:00:00,69,7,7,-1,-2,1
03/09/2004 00:01:00,69,7,7,-1,-2,1
03/09/2004 00:02:00,69,7,5,-1,-3,1
03/09/2004 00:03:00,69,7,6,-1,-3,1
03/09/2004 00:04:00,69,7,6,-1,-3,1
03/09/2004 00:05:00,69,7,6,-1,-3,1
03/09/2004 00:06:00,69,7,5,-1,-3,1
03/09/2004 00:07:00,69,7,5,-1,-3,1
03/09/2004 00:08:00,69,8,6,-1,-4,1
03/09/2004 00:09:00,69,8,6,-1,-4,1
03/09/2004 00:10:00,69,8,4,-1,-4,1
03/09/2004 00:11:00,69,9,4,-1,-4,1
03/09/2004 00:12:00,69,9,4,-1,-4,1
03/09/2004 00:13:00,69,9,4,-1,-4,1
03/09/2004 00:14:00,69,9,5,-1,-4,1
03/09/2004 00:15:00,69,9,4,-2,-4,1
03/09/2004 00:16:00,69,9,4,-1,-5,1
03/09/2004 00:17:00,69,10,4,-2,-5,1
03/09/2004 00:18:00,69,16,5,0,-6,1
03/09/2004 00:19:00,69,16,6,0,-5,1
03/09/2004 00:20:00,69,16,6,0,-5,1
03/09/2004 00:21:00,69,16,5,0,-5,1
03/09/2004 00:22:00,69,16,5,0,-6,1
03/09/2004 00:23:00,69,15,5,0,-5,1
03/09/2004 00:24:00,69,16,5,0,-5,1
03/09/2004 00:25:00,69,16,5,0,-5,1
03/09/2004 00:26:00,69,16,6,0,-5,1
03/09/2004 00:27:00,69,16,6,0,-5,1
03/09/2004 00:28:00,69,15,7,0,-5,1
03/09/2004 00:29:00,69,16,7,0,-5,1
03/09/2004 00:30:00,69,16,6,0,-5,1
03/09/2004 00:31:00,69,17,6,0,-5,1
03/09/2004 00:32:00,69,16,6,0,-5,1
03/09/2004 00:33:00,69,16,6,0,-5,1
03/09/2004 00:34:00,69,16,7,0,-4,1
03/09/2004 00:35:00,69,16,7,0,-4,1
03/09/2004 00:36:00,69,16,7,0,-4,1
03/09/2004 00:37:00,69,15,7,0,-4,1
03/09/2004 00:38:00,69,15,7,0,-4,1
03/09/2004 00:39:00,69,15,7,0,-4,1
03/09/2004 00:40:00,69,16,7,0,-4,1
03/09/2004 00:41:00,69,15,7,0,-4,1
03/09/2004 00:42:00,69,15,7,0,-4,1
03/09/2004 00:43:00,69,15,7,0,-4,1
03/09/2004 00:44:00,69,15,7,0,-4,1
03/09/2004 00:45:00,69,16,7,0,-4,1
03/09/2004 00:46:00,69,16,7,0,-4,1
03/09/2004 00:47:00,69,16,7,1,-4,1
03/09/2004 00:48:00,69,16,8,1,-4,1
03/09/2004 00:49:00,69,16,8,1,-4,1
03/09/2004 00:50:00,69,17,8,0,-4,1
03/09/2004 00:51:00,69,17,8,0,-4,1
03/09/2004 00:52:00,69,16,8,0,-4,1
03/09/2004 00:53:00,69,16,8,1,-4,1
03/09/2004 00:54:00,69,16,8,0,-4,1
03/09/2004 00:55:00,69,16,7,0,-4,1
03/09/2004 00:56:00,69,17,8,0,-5,1
03/09/2004 00:57:00,69,17,9,0,-5,1
03/09/2004 00:58:00,69,17,9,0,-5,1
03/09/2004 00:59:00,69,17,9,0,-5,1
03/09/2004 01:00:00,69,17,9,1,-5,1
03/09/2004 01:01:00,69,16,9,1,-5,1
03/09/2004 01:02:00,69,16,8,1,-5,1
03/09/2004 01:03:00,69,17,8,1,-5,1
03/09/2004 01:04:00,69,17,8,1,-5,1
03/09/2004 01:05:00,69,16,8,1,-5,1
03/09/2004 01:06:00,69,16,8,1,-5,1
03/09/2004 01:07:00,69,16,9,1,-5,1
03/09/2004 01:08:00,69,16,9,1,-5,1
03/09/2004 01:09:00,69,16,9,1,-5,1
03/09/2004 01:10:00,69,16,9,1,-5,1
03/09/2004 01:11:00,69,16,9,1,-5,1
03/09/2004 01:12:00,69,16,10,1,-5,1
03/09/2004 01:13:00,69,17,10,1,-5,1
03/09/2004 01:14:00,69,17,10,1,-5,1
03/09/2004 01:15:00,69,17,10,1,-5,1
03/09/2004 01:16:00,69,16,10,1,-5,1
03/09/2004 01:17:00,69,17,10,1,-5,1
03/09/2004 01:18:00,69,16,10,1,-6,1
03/09/2004 01:19:00,69,16,10,0,-6,1
03/09/2004 01:20:00,69,17,10,0,-6,1
03/09/2004 01:21:00,69,16,10,0,-6,1
03/09/2004 01:22:00,69,17,10,0,-6,1
03/09/2004 01:23:00,69,16,10,0,-5,1
03/09/2004 01:24:00,69,16,10,0,-6,1
03/09/2004 01:25:00,69,16,11,0,-6,1
03/09/2004 01:26:00,69,15,11,0,-6,1
03/09/2004 01:27:00,69,15,11,0,-6,1
03/09/2004 01:28:00,69,15,11,0,-6,1
03/09/2004 01:29:00,69,15,12,0,-6,1
03/09/2004 01:30:00,69,14,11,0,-6,1
03/09/2004 01:31:00,69,14,11,0,-6,1
03/09/2004 01:32:00,69,14,11,1,-6,1
03/09/2004 01:33:00,69,14,12,1,-6,1
03/09/2004 01:34:00,69,14,12,0,-7,1
03/09/2004 01:35:00,69,13,12,0,-7,1
03/09/2004 01:36:00,69,14,12,0,-7,1
03/09/2004 01:37:00,69,13,12,0,-7,1
03/09/2004 01:38:00,69,13,12,0,-6,1
03/09/2004 01:39:00,69,13,11,1,-6,1
03/09/2004 01:40:00,69,13,11,1,-6,1
03/09/2004 01:41:00,69,13,13,1,-6,1
03/09/2004 01:42:00,69,13,12,1,-6,1
03/09/2004 01:43:00,69,12,12,1,-6,1
03/09/2004 01:44:00,69,13,13,1,-6,1
03/09/2004 01:45:00,69,12,13,1,-6,1
03/09/2004 01:46:00,69,12,12,1,-6,1
03/09/2004 01:47:00,69,13,13,1,-6,1
03/09/2004 01:48:00,69,12,13,1,-6,1
03/09/2004 01:49:00,69,12,13,1,-6,1
03/09/2004 01:50:00,69,12,13,1,-6,1
03/09/2004 01:51:00,69,11,13,1,-6,1
03/09/2004 01:52:00,69,12,13,1,-6,1
03/09/2004 01:53:00,69,12,13,1,-6,1
03/09/2004 01:54:00,69,12,13,1,-6,1
03/09/2004 01:55:00,69,12,13,1,-6,1
03/09/2004 01:56:00,69,12,13,1,-6,1
03/09/2004 01:57:00,69,11,14,1,-6,1
03/09/2004 01:58:00,69,12,13,1,-7,1
03/09/2004 01:59:00,69,11,14,1,-6,1
03/09/2004 02:00:00,69,12,13,1,-6,1
03/09/2004 02:01:00,69,11,13,1,-6,1
03/09/2004 02:02:00,69,11,13,1,-6,1
03/09/2004 02:03:00,69,11,13,1,-6,1
03/09/2004 02:04:00,69,10,12,1,-6,1
03/09/2004 02:05:00,69,10,14,1,-6,1
03/09/2004 02:06:00,69,10,13,1,-6,1
03/09/2004 02:07:00,69,10,14,1,-6,1
03/09/2004 02:08:00,69,11,13,1,-6,1
03/09/2004 02:09:00,69,10,13,1,-6,1
03/09/2004 02:10:00,69,10,13,1,-6,1
03/09/2004 02:11:00,69,9,14,1,-6,1
03/09/2004 02:12:00,69,10,13,1,-6,1
03/09/2004 02:13:00,69,11,13,1,-6,1
03/09/2004 02:14:00,69,11,14,1,-5,1
03/09/2004 02:15:00,69,11,13,1,-6,1
03/09/2004 02:16:00,69,11,13,1,-6,1
03/09/2004 02:17:00,69,10,14,1,-6,1
03/09/2004 02:18:00,69,10,14,1,-6,1
03/09/2004 02:19:00,69,11,14,1,-6,1
03/09/2004 02:20:00,69,10,14,1,-6,1
03/09/2004 02:21:00,69,10,14,1,-7,1
03/09/2004 02:22:00,69,10,14,1,-7,1
03/09/2004 02:23:00,69,10,14,1,-7,1
03/09/2004 02:24:00,69,11,13,1,-7,1
03/09/2004 02:25:00,69,11,14,1,-8,1
03/09/2004 02:26:00,69,10,14,1,-8,1
03/09/2004 02:27:00,69,11,14,1,-8,1
03/09/2004 02:28:00,69,10,12,1,-8,1
03/09/2004 02:29:00,69,9,12,1,-8,1
03/09/2004 02:30:00,69,10,12,1,-9,1
03/09/2004 02:31:00,69,10,12,1,-9,1
03/09/2004 02:32:00,69,10,11,1,-9,1
03/09/2004 02:33:00,69,10,12,1,-9,1
03/09/2004 02:34:00,69,10,13,1,-9,1
03/09/2004 02:35:00,69,10,12,1,-9,1
03/09/2004 02:36:00,69,10,12,1,-9,1
03/09/2004 02:37:00,69,11,12,1,-9,1
03/09/2004 02:38:00,69,11,11,1,-9,1
03/09/2004 02:39:00,69,11,11,1,-9,1
03/09/2004 02:40:00,69,10,11,1,-9,1
03/09/2004 02:41:00,69,11,12,1,-9,1
03/09/2004 02:42:00,69,11,11,1,-9,1
03/09/2004 02:43:00,69,11,11,1,-9,1
03/09/2004 02:44:00,69,10,12,1,-10,1
03/09/2004 02:45:00,69,10,11,1,-10,1
03/09/2004 02:46:00,69,10,11,1,-9,1
03/09/2004 02:47:00,69,9,12,1,-10,1
03/09/2004 02:48:00,69,9,12,1,-10,1
03/09/2004 02:49:00,69,8,12,1,-10,1
03/09/2004 02:50:00,69,8,11,1,-10,1
03/09/2004 02:51:00,69,7,11,1,-10,1
03/09/2004 02:52:00,69,7,12,1,-10,1
03/09/2004 02:53:00,69,8,12,1,-10,1
03/09/2004 02:54:00,69,7,12,1,-10,1
03/09/2004 02:55:00,69,8,12,1,-10,1
03/09/2004 02:56:00,69,7,11,1,-10,1
03/09/2004 02:57:00,69,7,11,1,-10,1
03/09/2004 02:58:00,69,7,11,1,-9,1
03/09/2004 02:59:00,69,7,11,1,-9,1
03/09/2004 03:00:00,69,7,11,1,-9,1
03/09/2004 03:01:00,69,8,11,1,-9,1
03/09/2004 03:02:00,69,8,11,1,-9,1
03/09/2004 03:03:00,69,7,11,1,-9,1
03/09/2004 03:04:00,69,7,11,1,-9,1
03/09/2004 03:05:00,69,7,12,1,-9,1
03/09/2004 03:06:00,69,7,11,1,-9,1
03/09/2004 03:07:00,69,8,11,1,-9,1
03/09/2004 03:08:00,69,7,12,1,-9,1
03/09/2004 03:09:00,69,7,11,2,-8,1
03/09/2004 03:10:00,69,7,12,1,-8,1
03/09/2004 03:11:00,69,6,12,2,-8,1
03/09/2004 03:12:00,69,6,11,2,-8,1
03/09/2004 03:13:00,69,6,12,2,-7,1
03/09/2004 03:14:00,69,7,12,2,-7,1
03/09/2004 03:15:00,69,8,12,2,-7,1
03/09/2004 03:16:00,69,7,11,2,-7,1
03/09/2004 03:17:00,69,7,12,2,-7,1
03/09/2004 03:18:00,69,7,12,2,-7,1
03/09/2004 03:19:00,69,8,11,2,-7,1
03/09/2004 03:20:00,69,8,12,2,-7,1
03/09/2004 03:21:00,69,8,13,2,-7,1
03/09/2004 03:22:00,69,9,12,2,-7,1
03/09/2004 03:23:00,69,9,12,2,-7,1
03/09/2004 03:24:00,69,9,12,2,-7,1
03/09/2004 03:25:00,69,9,12,2,-7,1
03/09/2004 03:26:00,69,8,12,2,-7,1
03/09/2004 03:27:00,69,8,13,2,-7,1
03/09/2004 03:28:00,69,8,12,2,-7,1
03/09/2004 03:29:00,69,9,12,2,-6,1
03/09/2004 03:30:00,69,9,12,2,-6,1
03/09/2004 03:31:00,69,9,12,2,-6,1
03/09/2004 03:32:00,69,8,13,3,-6,1
03/09/2004 03:33:00,69,9,13,3,-6,1
03/09/2004 03:34:00,69,9,12,3,-6,1
03/09/2004 03:35:00,69,9,12,3,-6,1
03/09/2004 03:36:00,69,9,12,3,-5,1
03/09/2004 03:37:00,69,9,11,3,-5,1
03/09/2004 03:38:00,69,9,12,3,-5,1
03/09/2004 03:39:00,69,9,11,3,-5,1
03/09/2004 03:40:00,69,10,11,3,-5,1
03/09/2004 03:41:00,69,11,12,3,-5,1
03/09/2004 03:42:00,69,11,12,3,-5,1
03/09/2004 03:43:00,69,10,11,3,-5,1
03/09/2004 03:44:00,69,10,11,3,-5,1
03/09/2004 03:45:00,69,10,12,3,-5,1
03/09/2004 03:46:00,69,11,12,3,-5,1
03/09/2004 03:47:00,69,12,12,3,-5,1
03/09/2004 03:48:00,69,12,11,3,-5,1
03/09/2004 03:49:00,69,12,12,3,-6,1
03/09/2004 03:50:00,69,12,11,3,-6,1
03/09/2004 03:51:00,69,12,11,2,-6,1
03/09/2004 03:52:00,69,11,12,2,-6,1
03/09/2004 03:53:00,69,11,11,2,-5,1
03/09/2004 03:54:00,69,11,11,2,-6,1
03/09/2004 03:55:00,69,12,11,2,-5,1
03/09/2004 03:56:00,69,12,11,2,-6,1
03/09/2004 03:57:00,69,13,10,2,-6,1
03/09/2004 03:58:00,69,12,10,2,-6,1
03/09/2004 03:59:00,69,13,11,2,-5,1
03/09/2004 04:00:00,69,13,11,2,-6,1
03/09/2004 04:01:00,69,13,10,2,-6,1
03/09/2004 04:02:00,69,14,10,2,-5,1
03/09/2004 04:03:00,69,14,10,2,-6,1
03/09/2004 04:04:00,69,14,12,2,-6,1
03/09/2004 04:05:00,69,14,11,1,-6,1
03/09/2004 04:06:00,69,14,11,1,-6,1
03/09/2004 04:07:00,69,14,11,1,-6,1
03/09/2004 04:08:00,69,14,12,1,-6,1
03/09/2004 04:09:00,69,15,12,1,-5,1
03/09/2004 04:10:00,69,16,12,1,-5,1
03/09/2004 04:11:00,69,16,12,1,-5,1
03/09/2004 04:12:00,69,16,13,1,-5,1
03/09/2004 04:13:00,69,16,12,1,-6,1
03/09/2004 04:14:00,69,16,12,1,-6,1
03/09/2004 04:15:00,69,15,12,1,-6,1
03/09/2004 04:16:00,69,15,12,1,-6,1
03/09/2004 04:17:00,69,15,12,1,-6,1
03/09/2004 04:18:00,69,15,12,1,-6,1
03/09/2004 04:19:00,69,16,12,1,-6,1
03/09/2004 04:20:00,69,16,12,0,-7,1
03/09/2004 04:21:00,69,16,11,0,-7,1
03/09/2004 04:22:00,69,15,11,0,-7,1
03/09/2004 04:23:00,69,15,11,1,-7,1
03/09/2004 04:24:00,69,15,11,1,-8,1
03/09/2004 04:25:00,69,15,10,1,-8,1
03/09/2004 04:26:00,69,15,10,1,-8,1
03/09/2004 04:27:00,69,15,10,1,-8,1
03/09/2004 04:28:00,69,15,11,1,-9,1
03/09/2004 04:29:00,69,15,10,1,-9,1
03/09/2004 04:30:00,69,15,10,1,-9,1
03/09/2004 04:31:00,69,16,9,1,-9,1
03/09/2004 04:32:00,69,16,10,1,-9,1
03/09/2004 04:33:00,69,16,10,1,-9,1
03/09/2004 04:34:00,69,16,10,1,-9,1
03/09/2004 04:35:00,69,16,9,1,-10,1
03/09/2004 04:36:00,69,16,9,1,-10,1
03/09/2004 04:37:00,69,16,9,1,-10,1
03/09/2004 04:38:00,69,16,9,1,-10,1
03/09/2004 04:39:00,69,16,9,1,-10,1
03/09/2004 04:40:00,69,18,9,1,-11,1
03/09/2004 04:41:00,69,19,9,1,-11,1
03/09/2004 04:42:00,69,18,10,1,-11,1
03/09/2004 04:43:00,69,19,9,1,-11,1
03/09/2004 04:44:00,69,19,9,1,-11,1
03/09/2004 04:45:00,69,19,9,1,-12,1
03/09/2004 04:46:00,69,19,9,1,-12,1
03/09/2004 04:47:00,69,19,9,1,-11,1
03/09/2004 04:48:00,69,19,8,1,-12,1
03/09/2004 04:49:00,69,20,8,1,-12,1
03/09/2004 04:50:00,69,19,8,1,-12,1
03/09/2004 04:51:00,69,20,8,1,-12,1
03/09/2004 04:52:00,69,19,7,1,-12,1
03/09/2004 04:53:00,69,19,8,1,-11,1
03/09/2004 04:54:00,69,20,8,1,-11,1
03/09/2004 04:55:00,69,20,7,1,-11,1
03/09/2004 04:56:00,69,20,8,1,-11,1
03/09/2004 04:57:00,69,20,7,1,-11,1
03/09/2004 04:58:00,69,20,7,1,-11,1
03/09/2004 04:59:00,69,20,7,1,-11,1
03/09/2004 05:00:00,69,20,7,1,-11,1
03/09/2004 05:01:00,69,20,8,1,-10,1
03/09/2004 05:02:00,69,20,8,1,-11,1
03/09/2004 05:03:00,69,20,8,1,-10,1
03/09/2004 05:04:00,69,20,7,1,-10,1
03/09/2004 05:05:00,69,20,8,1,-10,1
03/09/2004 05:06:00,69,20,8,1,-10,1
03/09/2004 05:07:00,69,20,8,1,-10,1
03/09/2004 05:08:00,69,20,8,1,-9,1
03/09/2004 05:09:00,69,20,8,1,-9,1
03/09/2004 05:10:00,69,21,8,1,-9,1
03/09/2004 05:11:00,69,20,9,1,-9,1
03/09/2004 05:12:00,69,20,9,1,-9,1
03/09/2004 05:13:00,69,20,9,1,-9,1
03/09/2004 05:14:00,69,20,8,1,-9,1
03/09/2004 05:15:00,69,20,9,1,-8,1
03/09/2004 05:16:00,69,20,10,1,-8,1
03/09/2004 05:17:00,69,20,10,1,-8,1
03/09/2004 05:18:00,69,21,10,0,-8,1
03/09/2004 05:19:00,69,20,11,0,-8,1
03/09/2004 05:20:00,69,21,10,0,-8,1
03/09/2004 05:21:00,69,21,10,0,-8,1
03/09/2004 05:22:00,69,21,10,0,-7,1
03/09/2004 05:23:00,69,20,10,0,-7,1
03/09/2004 05:24:00,69,21,11,0,-6,1
03/09/2004 05:25:00,69,21,11,0,-6,1
03/09/2004 05:26:00,69,21,11,0,-6,1
03/09/2004 05:27:00,69,20,11,0,-6,1
03/09/2004 05:28:00,69,21,10,0,-7,1
03/09/2004 05:29:00,69,20,12,0,-6,1
03/09/2004 05:30:00,69,21,11,0,-6,1
03/09/2004 05:31:00,69,20,10,0,-6,1
03/09/2004 05:32:00,69,20,10,0,-6,1
03/09/2004 05:33:00,69,20,10,0,-6,1
03/09/2004 05:34:00,69,20,11,0,-5,1
03/09/2004 05:35:00,69,20,11,0,-5,1
03/09/2004 05:36:00,69,19,12,0,-5,1
03/09/2004 05:37:00,69,19,11,0,-5,1
03/09/2004 05:38:00,69,19,11,0,-5,1
03/09/2004 05:39:00,69,19,11,1,-4,1
03/09/2004 05:40:00,69,19,11,0,-4,1
03/09/2004 05:41:00,69,19,11,0,-4,1
03/09/2004 05:42:00,69,18,11,1,-4,1
03/09/2004 05:43:00,69,19,11,1,-3,1
03/09/2004 05:44:00,69,19,12,1,-3,1
03/09/2004 05:45:00,69,19,11,1,-3,1
03/09/2004 05:46:00,69,19,11,1,-3,1
03/09/2004 05:47:00,69,19,11,1,-2,1
03/09/2004 05:48:00,69,18,11,1,-2,1
03/09/2004 05:49:00,69,19,11,0,-1,1
03/09/2004 05:50:00,69,19,10,0,-1,1
03/09/2004 05:51:00,69,19,10,0,0,1
03/09/2004 05:52:00,69,20,10,0,0,1
03/09/2004 05:53:00,69,20,10,0,1,1
03/09/2004 05:54:00,69,20,9,0,1,1
03/09/2004 05:55:00,69,20,9,0,1,1
03/09/2004 05:56:00,69,21,10,0,1,1
03/09/2004 05:57:00,69,22,9,0,1,1
03/09/2004 05:58:00,69,21,9,0,1,1
03/09/2004 05:59:00,69,22,10,0,1,1
03/09/2004 06:00:00,69,21,10,0,1,1
03/09/2004 06:01:00,69,21,10,0,1,1
03/09/2004 06:02:00,69,22,10,0,1,1
03/09/2004 06:03:00,69,21,10,0,0,1
03/09/2004 06:04:00,69,21,11,0,1,1
03/09/2004 06:05:00,69,20,11,1,1,1
03/09/2004 06:06:00,69,21,11,1,1,1
03/09/2004 06:07:00,69,20,10,1,1,1
03/09/2004 06:08:00,69,20,10,1,1,1
03/09/2004 06:09:00,69,20,10,1,1,1
03/09/2004 06:10:00,69,20,9,1,1,1
03/09/2004 06:11:00,69,19,9,1,1,1
03/09/2004 06:12:00,69,19,9,1,1,1
03/09/2004 06:13:00,69,19,10,1,1,1
03/09/2004 06:14:00,69,18,9,1,1,1
03/09/2004 06:15:00,69,19,9,1,1,1
03/09/2004 06:16:00,69,18,8,1,1,1
03/09/2004 06:17:00,69,18,8,1,1,1
03/09/2004 06:18:00,69,18,9,2,1,1
03/09/2004 06:19:00,69,18,9,2,0,1
03/09/2004 06:20:00,69,17,9,2,1,1
03/09/2004 06:21:00,69,17,8,2,1,1
03/09/2004 06:22:00,69,17,8,2,1,1
03/09/2004 06:23:00,69,18,8,2,1,1
03/09/2004 06:24:00,69,18,8,2,0,1
03/09/2004 06:25:00,69,17,9,2,0,1
03/09/2004 06:26:00,69,18,9,2,0,1
03/09/2004 06:27:00,69,18,8,2,0,1
03/09/2004 06:28:00,69,17,10,2,-1,1
03/09/2004 06:29:00,69,17,10,2,-1,1
03/09/2004 06:30:00,69,17,9,2,-1,1
03/09/2004 06:31:00,69,17,9,2,-1,1
03/09/2004 06:32:00,69,16,9,2,-2,1
03/09/2004 06:33:00,69,16,9,3,-2,1
03/09/2004 06:34:00,69,16,8,3,-2,1
03/09/2004 06:35:00,69,16,8,3,-2,1
03/09/2004 06:36:00,69,15,8,3,-2,1
03/09/2004 06:37:00,69,14,9,3,-2,1
03/09/2004 06:38:00,69,14,8,3,-2,1
03/09/2004 06:39:00,69,14,7,3,-1,1
03/09/2004 06:40:00,69,14,8,3,-1,1
03/09/2004 06:41:00,69,14,8,3,-1,1
03/09/2004 06:42:00,69,14,7,3,-1,1
03/09/2004 06:43:00,69,14,8,3,0,1
03/09/2004 06:44:00,69,14,8,3,0,1
03/09/2004 06:45:00,69,14,7,3,0,1
03/09/2004 06:46:00,69,14,7,3,1,1
03/09/2004 06:47:00,69,14,7,3,1,1
03/09/2004 06:48:00,69,14,7,3,1,1
03/09/2004 06:49:00,69,15,7,3,2,1
03/09/2004 06:50:00,69,14,8,3,1,1
03/09/2004 06:51:00,69,14,7,3,1,1
03/09/2004 06:52:00,69,14,6,3,1,1
03/09/2004 06:53:00,69,14,9,3,1,1
03/09/2004 06:54:00,69,13,9,3,2,1
03/09/2004 06:55:00,69,13,9,3,2,1
03/09/2004 06:56:00,69,13,10,3,2,1
03/09/2004 06:57:00,69,13,9,3,2,1
03/09/2004 06:58:00,69,13,9,3,2,1
03/09/2004 06:59:00,69,13,8,3,3,1
03/09/2004 07:00:00,69,13,8,3,3,1
03/09/2004 07:01:00,69,12,8,3,3,1
03/09/2004 07:02:00,69,13,9,3,4,1
03/09/2004 07:03:00,69,13,8,3,3,1
03/09/2004 07:04:00,69,12,8,3,3,1
03/09/2004 07:05:00,69,13,8,3,4,1
03/09/2004 07:06:00,69,12,9,3,4,1
03/09/2004 07:07:00,69,13,9,3,4,1
03/09/2004 07:08:00,69,12,10,3,4,1
03/09/2004 07:09:00,69,13,11,3,4,1
03/09/2004 07:10:00,69,14,10,2,5,1
03/09/2004 07:11:00,69,14,9,2,5,1
03/09/2004 07:12:00,69,14,9,2,5,1
03/09/2004 07:13:00,69,14,9,2,5,1
03/09/2004 07:14:00,69,14,7,2,6,1
03/09/2004 07:15:00,69,13,7,2,6,1
03/09/2004 07:16:00,69,13,7,2,6,1
03/09/2004 07:17:00,69,14,8,2,6,1
03/09/2004 07:18:00,69,14,8,1,6,1
03/09/2004 07:19:00,69,14,8,1,6,1
03/09/2004 07:20:00,69,14,9,1,5,1
03/09/2004 07:21:00,69,13,10,1,5,1
03/09/2004 07:22:00,69,13,10,1,5,1
03/09/2004 07:23:00,69,13,10,1,5,1
03/09/2004 07:24:00,69,13,9,1,4,1
03/09/2004 07:25:00,69,12,9,2,4,1
03/09/2004 07:26:00,69,12,9,2,3,1
03/09/2004 07:27:00,69,12,10,2,3,1
03/09/2004 07:28:00,69,12,10,2,2,1
03/09/2004 07:29:00,69,12,11,2,2,1
03/09/2004 07:30:00,69,11,11,1,2,1
03/09/2004 07:31:00,69,11,12,1,1,1
03/09/2004 07:32:00,69,10,11,2,1,1
03/09/2004 07:33:00,69,10,11,2,0,1
03/09/2004 07:34:00,69,9,12,2,0,1
03/09/2004 07:35:00,69,9,12,2,0,1
03/09/2004 07:36:00,69,9,11,2,-1,1
03/09/2004 07:37:00,69,8,11,2,-1,1
03/09/2004 07:38:00,69,7,11,3,-1,1
03/09/2004 07:39:00,69,7,10,3,-1,1
03/09/2004 07:40:00,69,6,11,3,-1,1
03/09/2004 07:41:00,69,6,11,3,-2,1
03/09/2004 07:42:00,69,7,11,3,-2,1
03/09/2004 07:43:00,69,6,11,3,-2,1
03/09/2004 07:44:00,69,7,12,3,-2,1
03/09/2004 07:45:00,69,7,11,3,-3,1
03/09/2004 07:46:00,69,7,11,3,-3,1
03/09/2004 07:47:00,69,7,11,3,-3,1
03/09/2004 07:48:00,69,8,11,3,-4,1
03/09/2004 07:49:00,69,7,11,3,-4,1
03/09/2004 07:50:00,69,6,10,3,-4,1
03/09/2004 07:51:00,69,6,11,3,-5,1
03/09/2004 07:52:00,69,6,10,3,-5,1
03/09/2004 07:53:00,69,7,10,4,-6,1
03/09/2004 07:54:00,69,7,11,3,-5,1
03/09/2004 07:55:00,69,7,11,4,-6,1
03/09/2004 07:56:00,69,7,10,4,-6,1
03/09/2004 07:57:00,69,6,11,3,-6,1
03/09/2004 07:58:00,69,6,11,3,-6,1
03/09/2004 07:59:00,69,7,11,3,-6,1
03/09/2004 08:00:00,69,8,11,3,-7,1
03/09/2004 08:01:00,69,7,11,4,-7,1
03/09/2004 08:02:00,69,7,11,4,-7,1
03/09/2004 08:03:00,69,6,12,3,-7,1
03/09/2004 08:04:00,69,6,12,3,-7,1
03/09/2004 08:05:00,69,7,12,3,-7,1
03/09/2004 08:06:00,69,7,12,3,-8,1
03/09/2004 08:07:00,69,7,12,4,-7,1
03/09/2004 08:08:00,69,7,11,3,-7,1
03/09/2004 08:09:00,69,6,12,3,-7,1
03/09/2004 08:10:00,69,7,12,3,-7,1
03/09/2004 08:11:00,69,6,12,3,-7,1
03/09/2004 08:12:00,69,6,12,3,-6,1
03/09/2004 08:13:00,69,5,12,3,-7,1
03/09/2004 08:14:00,69,5,12,3,-7,1
03/09/2004 08:15:00,69,6,11,3,-7,1
03/09/2004 08:16:00,69,5,11,3,-7,1
03/09/2004 08:17:00,69,6,12,3,-7,1
03/09/2004 08:18:00,69,7,10,3,-7,1
03/09/2004 08:19:00,69,6,11,3,-8,1
03/09/2004 08:20:00,69,6,10,3,-7,1
03/09/2004 08:21:00,69,6,12,3,-8,1
03/09/2004 08:22:00,69,5,11,3,-7,1
03/09/2004 08:23:00,69,6,11,2,-7,1
03/09/2004 08:24:00,69,6,10,3,-7,1
03/09/2004 08:25:00,69,6,10,3,-8,1
03/09/2004 08:26:00,69,6,9,3,-7,1
03/09/2004 08:27:00,69,6,9,3,-7,1
03/09/2004 08:28:00,69,6,10,3,-7,1
03/09/2004 08:29:00,69,6,10,3,-8,1
03/09/2004 08:30:00,69,6,11,2,-8,1
03/09/2004 08:31:00,69,6,11,2,-8,1
03/09/2004 08:32:00,69,6,11,3,-8,1
03/09/2004 08:33:00,69,6,12,3,-8,1
03/09/2004 08:34:00,69,6,11,3,-8,1
03/09/2004 08:35:00,69,6,11,3,-8,1
03/09/2004 08:36:00,69,7,12,3,-8,1
03/09/2004 08:37:00,69,8,13,3,-8,1
03/09/2004 08:38:00,69,8,13,3,-8,1
03/09/2004 08:39:00,69,8,14,3,-8,1
03/09/2004 08:40:00,69,8,15,3,-8,1
03/09/2004 08:41:00,69,8,14,3,-8,1
03/09/2004 08:42:00,69,7,15,3,-8,1
03/09/2004 08:43:00,69,8,16,3,-9,1
03/09/2004 08:44:00,69,8,16,2,-8,1
03/09/2004 08:45:00,69,7,17,3,-9,1
03/09/2004 08:46:00,69,8,17,3,-9,1
03/09/2004 08:47:00,69,7,18,3,-8,1
03/09/2004 08:48:00,69,8,19,2,-8,1
03/09/2004 08:49:00,69,8,19,2,-7,1
03/09/2004 08:50:00,69,8,20,2,-7,1
03/09/2004 08:51:00,69,9,19,2,-7,1
03/09/2004 08:52:00,69,10,19,2,-7,1
03/09/2004 08:53:00,69,11,19,2,-7,1
03/09/2004 08:54:00,69,12,19,2,-7,1
03/09/2004 08:55:00,69,11,21,2,-7,1
03/09/2004 08:56:00,69,11,20,2,-7,1
03/09/2004 08:57:00,69,12,22,2,-7,1
03/09/2004 08:58:00,69,12,22,2,-7,1
03/09/2004 08:59:00,69,12,23,2,-7,1
03/09/2004 09:00:00,69,11,23,2,-7,1
03/09/2004 09:01:00,69,11,24,2,-6,1
03/09/2004 09:02:00,69,10,26,2,-6,1
03/09/2004 09:03:00,69,10,26,2,-6,1
03/09/2004 09:04:00,69,10,27,2,-6,1
03/09/2004 09:05:00,69,11,26,2,-6,1
03/09/2004 09:06:00,69,11,26,2,-6,1
03/09/2004 09:07:00,69,10,27,3,-7,1
03/09/2004 09:08:00,69,10,27,2,-7,1
03/09/2004 09:09:00,69,11,25,2,-7,1
03/09/2004 09:10:00,69,11,26,2,-7,1
03/09/2004 09:11:00,69,12,26,3,-8,1
03/09/2004 09:12:00,69,12,26,2,-8,1
03/09/2004 09:13:00,69,12,26,2,-9,1
03/09/2004 09:14:00,69,12,24,2,-9,1
03/09/2004 09:15:00,69,12,24,2,-9,1
03/09/2004 09:16:00,69,12,23,2,-10,1
03/09/2004 09:17:00,69,12,24,2,-11,1
03/09/2004 09:18:00,69,12,23,2,-11,1
03/09/2004 09:19:00,69,12,23,3,-11,1
03/09/2004 09:20:00,69,12,22,2,-11,1
03/09/2004 09:21:00,69,12,22,3,-11,1
03/09/2004 09:22:00,69,12,22,3,-11,1
03/09/2004 09:23:00,69,12,22,2,-11,1
03/09/2004 09:24:00,69,12,21,2,-10,1
03/09/2004 09:25:00,69,11,21,2,-10,1
03/09/2004 09:26:00,69,11,21,2,-10,1
03/09/2004 09:27:00,69,10,19,2,-10,1
03/09/2004 09:28:00,69,10,19,2,-10,1
03/09/2004 09:29:00,69,10,19,2,-10,1
03/09/2004 09:30:00,69,9,18,2,-10,1
03/09/2004 09:31:00,69,10,19,1,-9,1
03/09/2004 09:32:00,69,10,19,1,-9,1
03/09/2004 09:33:00,69,10,19,1,-9,1
03/09/2004 09:34:00,69,10,19,1,-10,1
03/09/2004 09:35:00,69,10,19,1,-9,1
03/09/2004 09:36:00,69,10,19,1,-9,1
03/09/2004 09:37:00,69,10,19,1,-9,1
03/09/2004 09:38:00,69,11,19,1,-9,1
03/09/2004 09:39:00,69,10,19,1,-9,1
03/09/2004 09:40:00,69,10,21,1,-9,1
03/09/2004 09:41:00,69,10,20,1,-9,1
03/09/2004 09:42:00,69,10,22,1,-9,1
03/09/2004 09:43:00,69,10,21,1,-9,1
03/09/2004 09:44:00,69,9,22,1,-10,1
03/09/2004 09:45:00,69,10,22,1,-10,1
03/09/2004 09:46:00,69,10,22,1,-10,1
03/09/2004 09:47:00,69,9,21,1,-10,1
03/09/2004 09:48:00,69,9,21,1,-11,1
03/09/2004 09:49:00,69,9,21,1,-10,1
03/09/2004 09:50:00,69,9,21,1,-11,1
03/09/2004 09:51:00,69,9,20,1,-10,1
03/09/2004 09:52:00,69,9,21,1,-10,1
03/09/2004 09:53:00,69,10,22,1,-10,1
03/09/2004 09:54:00,69,10,23,1,-9,1
03/09/2004 09:55:00,69,10,24,1,-8,1
03/09/2004 09:56:00,69,10,24,1,-7,1
03/09/2004 09:57:00,69,10,24,1,-7,1
03/09/2004 09:58:00,69,10,23,1,-7,1
03/09/2004 09:59:00,69,9,23,1,-6,1
03/09/2004 10:00:00,69,10,23,1,-5,1
03/09/2004 10:01:00,69,10,24,0,-5,1
03/09/2004 10:02:00,69,9,24,0,-4,1
03/09/2004 10:03:00,69,9,24,0,-4,1
03/09/2004 10:04:00,69,9,24,0,-4,1
03/09/2004 10:05:00,69,9,24,0,-4,1
03/09/2004 10:06:00,69,8,24,0,-3,1
03/09/2004 10:07:00,69,8,25,0,-3,1
03/09/2004 10:08:00,69,8,27,0,-2,1
03/09/2004 10:09:00,69,7,28,0,-1,1
03/09/2004 10:10:00,69,8,29,0,0,1
03/09/2004 10:11:00,69,7,33,0,-1,1
03/09/2004 10:12:00,69,8,34,0,-1,1
03/09/2004 10:13:00,69,7,35,1,-3,1
03/09/2004 10:14:00,69,6,35,1,-4,1
03/09/2004 10:15:00,69,6,34,1,-6,1
03/09/2004 10:16:00,69,6,34,1,-7,1
03/09/2004 10:17:00,69,6,35,1,-8,1
03/09/2004 10:18:00,69,8,34,1,-8,1
03/09/2004 10:19:00,69,8,33,2,-8,1
03/09/2004 10:20:00,69,8,34,1,-8,1
03/09/2004 10:21:00,69,9,33,2,-8,1
03/09/2004 10:22:00,69,8,33,2,-8,1
03/09/2004 10:23:00,69,8,32,2,-8,1
03/09/2004 10:24:00,69,8,32,2,-8,1
03/09/2004 10:25:00,69,8,31,2,-8,1
03/09/2004 10:26:00,69,7,31,1,-8,1
03/09/2004 10:27:00,69,7,30,1,-8,1
03/09/2004 10:28:00,69,7,30,1,-8,1
03/09/2004 10:29:00,69,7,31,1,-8,1
03/09/2004 10:30:00,69,7,30,1,-9,1
03/09/2004 10:31:00,69,7,30,1,-9,1
03/09/2004 10:32:00,69,7,30,1,-9,1
03/09/2004 10:33:00,69,7,30,1,-9,1
03/09/2004 10:34:00,69,7,30,1,-9,1
03/09/2004 10:35:00,69,7,28,1,-9,1
03/09/2004 10:36:00,69,7,28,1,-9,1
03/09/2004 10:37:00,69,7,28,1,-9,1
03/09/2004 10:38:00,69,7,28,1,-9,1
03/09/2004 10:39:00,69,7,27,1,-9,1
03/09/2004 10:40:00,69,7,26,1,-9,1
03/09/2004 10:41:00,69,7,26,1,-10,1
03/09/2004 10:42:00,69,7,26,1,-10,1
03/09/2004 10:43:00,69,7,27,1,-9,1
03/09/2004 10:44:00,69,8,26,1,-8,1
03/09/2004 10:45:00,69,8,25,1,-7,1
03/09/2004 10:46:00,69,8,25,0,-6,1
03/09/2004 10:47:00,69,9,24,1,-5,1
03/09/2004 10:48:00,69,8,25,1,-4,1
03/09/2004 10:49:00,69,8,26,1,-4,1
03/09/2004 10:50:00,69,7,27,0,-4,1
03/09/2004 10:51:00,69,7,26,0,-4,1
03/09/2004 10:52:00,69,7,26,0,-4,1
03/09/2004 10:53:00,69,7,24,0,-2,1
03/09/2004 10:54:00,69,7,24,0,0,1
03/09/2004 10:55:00,69,7,26,0,2,1
03/09/2004 10:56:00,69,5,29,0,4,1
03/09/2004 10:57:00,69,5,30,0,5,1
03/09/2004 10:58:00,69,5,29,-1,5,1
03/09/2004 10:59:00,69,7,28,-1,5,1
03/09/2004 11:00:00,69,7,25,0,5,1
03/09/2004 11:01:00,69,7,26,0,6,1
03/09/2004 11:02:00,69,7,27,0,8,1
03/09/2004 11:03:00,69,8,29,0,10,1
03/09/2004 11:04:00,69,8,30,0,12,1
03/09/2004 11:05:00,69,8,32,0,13,1
03/09/2004 11:06:00,69,8,33,1,14,1
03/09/2004 11:07:00,69,8,34,1,16,1
03/09/2004 11:08:00,69,7,34,0,16,1
03/09/2004 11:09:00,69,7,32,1,15,1
03/09/2004 11:10:00,69,7,31,0,14,1
03/09/2004 11:11:00,69,7,31,1,14,1
03/09/2004 11:12:00,69,7,31,1,13,1
03/09/2004 11:13:00,69,8,31,1,13,1
03/09/2004 11:14:00,69,8,30,1,13,1
03/09/2004 11:15:00,69,8,30,1,12,1
03/09/2004 11:16:00,69,8,31,1,12,1
03/09/2004 11:17:00,69,9,31,1,12,1
03/09/2004 11:18:00,69,9,31,1,11,1
03/09/2004 11:19:00,69,9,30,1,11,1
03/09/2004 11:20:00,69,9,29,1,10,1
03/09/2004 11:21:00,69,10,28,1,10,1
03/09/2004 11:22:00,69,11,27,1,9,1
03/09/2004 11:23:00,69,11,26,1,9,1
03/09/2004 11:24:00,69,11,26,1,9,1
03/09/2004 11:25:00,69,12,26,1,9,1
03/09/2004 11:26:00,69,12,26,1,9,1
03/09/2004 11:27:00,69,13,26,1,9,1
03/09/2004 11:28:00,69,12,26,1,10,1
03/09/2004 11:29:00,69,13,26,1,10,1
03/09/2004 11:30:00,69,12,28,0,10,1
03/09/2004 11:31:00,69,12,27,0,11,1
03/09/2004 11:32:00,69,12,26,0,10,1
03/09/2004 11:33:00,69,13,27,0,10,1
03/09/2004 11:34:00,69,13,27,0,10,1
03/09/2004 11:35:00,69,12,26,0,10,1
03/09/2004 11:36:00,69,11,25,0,9,1
03/09/2004 11:37:00,69,12,25,0,9,1
03/09/2004 11:38:00,69,12,24,0,8,1
03/09/2004 11:39:00,69,12,25,0,8,1
03/09/2004 11:40:00,69,14,24,0,8,1
03/09/2004 11:41:00,69,14,25,0,8,1
03/09/2004 11:42:00,69,14,23,0,9,1
03/09/2004 11:43:00,69,13,25,0,8,1
03/09/2004 11:44:00,69,13,24,0,8,1
03/09/2004 11:45:00,69,13,23,0,8,1
03/09/2004 11:46:00,69,13,21,0,7,1
03/09/2004 11:47:00,69,14,21,0,7,1
03/09/2004 11:48:00,69,14,23,0,7,1
03/09/2004 11:49:00,69,14,24,0,7,1
03/09/2004 11:50:00,69,14,22,0,7,1
03/09/2004 11:51:00,69,13,23,0,7,1
03/09/2004 11:52:00,69,13,22,0,7,1
03/09/2004 11:53:00,69,13,24,0,7,1
03/09/2004 11:54:00,69,15,22,0,5,1
03/09/2004 11:55:00,69,15,24,0,6,1
03/09/2004 11:56:00,69,13,22,0,6,1
03/09/2004 11:57:00,69,14,21,0,5,1
03/09/2004 11:58:00,69,14,21,0,6,1
03/09/2004 11:59:00,69,15,21,0,5,1
03/09/2004 12:00:00,69,14,23,0,5,1
03/09/2004 12:01:00,69,13,21,0,5,1
03/09/2004 12:02:00,69,13,22,0,5,1
03/09/2004 12:03:00,69,13,21,0,5,1
03/09/2004 12:04:00,69,14,21,0,4,1
03/09/2004 12:05:00,69,15,22,0,5,1
03/09/2004 12:06:00,69,14,21,0,6,1
03/09/2004 12:07:00,69,13,21,0,5,1
03/09/2004 12:08:00,69,13,20,1,5,1
03/09/2004 12:09:00,69,12,20,1,5,1
03/09/2004 12:10:00,69,12,20,1,5,1
03/09/2004 12:11:00,69,11,20,1,5,1
03/09/2004 12:12:00,69,11,20,1,5,1
03/09/2004 12:13:00,69,10,20,1,4,1
03/09/2004 12:14:00,69,10,21,1,5,1
03/09/2004 12:15:00,69,10,21,1,5,1
03/09/2004 12:16:00,69,9,21,1,5,1
03/09/2004 12:17:00,69,8,21,2,5,1
03/09/2004 12:18:00,69,10,22,2,5,1
03/09/2004 12:19:00,69,10,23,2,5,1
03/09/2004 12:20:00,69,10,23,2,5,1
03/09/2004 12:21:00,69,9,23,2,4,1
03/09/2004 12:22:00,69,9,23,2,4,1
03/09/2004 12:23:00,69,9,22,2,3,1
03/09/2004 12:24:00,69,9,22,2,3,1
03/09/2004 12:25:00,69,9,21,2,2,1
03/09/2004 12:26:00,69,11,22,2,2,1
03/09/2004 12:27:00,69,10,23,2,2,1
03/09/2004 12:28:00,69,10,23,3,2,1
03/09/2004 12:29:00,69,10,24,3,2,1
03/09/2004 12:30:00,69,11,24,3,2,1
03/09/2004 12:31:00,69,12,24,3,2,1
03/09/2004 12:32:00,69,11,24,3,2,1
03/09/2004 12:33:00,69,11,23,3,1,1
03/09/2004 12:34:00,69,11,24,4,1,1
03/09/2004 12:35:00,69,11,23,3,1,1
03/09/2004 12:36:00,69,9,23,3,1,1
03/09/2004 12:37:00,69,10,24,3,1,1
03/09/2004 12:38:00,69,11,24,3,0,1
03/09/2004 12:39:00,69,11,24,3,0,1
03/09/2004 12:40:00,69,11,23,3,0,1
03/09/2004 12:41:00,69,11,25,3,0,1
03/09/2004 12:42:00,69,11,25,4,0,1
03/09/2004 12:43:00,69,13,24,4,-1,1
03/09/2004 12:44:00,69,13,24,4,-3,1
03/09/2004 12:45:00,69,15,25,4,-4,1
03/09/2004 12:46:00,69,12,24,4,-4,1
03/09/2004 12:47:00,69,9,26,4,-4,1
03/09/2004 12:48:00,69,10,26,3,-4,1
03/09/2004 12:49:00,69,10,25,3,-4,1
03/09/2004 12:50:00,69,10,26,3,-3,1
03/09/2004 12:51:00,69,9,25,4,-3,1
03/09/2004 12:52:00,69,8,23,4,-3,1
03/09/2004 12:53:00,69,7,24,3,-3,1
03/09/2004 12:54:00,69,8,24,3,-3,1
03/09/2004 12:55:00,69,8,25,3,-4,1
03/09/2004 12:56:00,69,8,24,3,-4,1
03/09/2004 12:57:00,69,8,24,3,-4,1
03/09/2004 12:58:00,69,9,24,3,-4,1
03/09/2004 12:59:00,69,10,23,4,-5,1
03/09/2004 13:00:00,69,11,24,4,-5,1
03/09/2004 13:01:00,69,12,24,4,-5,1
03/09/2004 13:02:00,69,11,24,4,-5,1
03/09/2004 13:03:00,69,12,24,4,-5,1
03/09/2004 13:04:00,69,14,23,4,-5,1
03/09/2004 13:05:00,69,15,24,4,-5,1
03/09/2004 13:06:00,69,16,24,4,-5,1
03/09/2004 13:07:00,69,15,24,4,-5,1
03/09/2004 13:08:00,69,15,24,4,-6,1
03/09/2004 13:09:00,69,16,23,4,-6,1
03/09/2004 13:10:00,69,16,25,4,-6,1
03/09/2004 13:11:00,69,17,24,4,-6,1
03/09/2004 13:12:00,69,17,26,4,-6,1
03/09/2004 13:13:00,69,19,26,5,-6,1
03/09/2004 13:14:00,69,20,26,4,-6,1
03/09/2004 13:15:00,69,21,26,4,-6,1
03/09/2004 13:16:00,69,23,26,4,-6,1
03/09/2004 13:17:00,69,24,26,4,-6,1
03/09/2004 13:18:00,69,25,26,4,-5,1
03/09/2004 13:19:00,69,26,26,5,-5,1
03/09/2004 13:20:00,69,27,27,5,-6,1
03/09/2004 13:21:00,69,29,26,5,-6,1
03/09/2004 13:22:00,69,30,26,5,-6,1
03/09/2004 13:23:00,69,32,26,5,-7,1
03/09/2004 13:24:00,69,33,27,5,-6,1
03/09/2004 13:25:00,69,34,27,6,-6,1
03/09/2004 13:26:00,69,34,27,5,-7,1
03/09/2004 13:27:00,69,36,28,6,-7,1
03/09/2004 13:28:00,69,38,29,6,-7,1
03/09/2004 13:29:00,69,38,30,6,-7,1
03/09/2004 13:30:00,69,41,31,6,-7,1
03/09/2004 13:31:00,69,41,32,6,-8,1
03/09/2004 13:32:00,69,42,33,6,-8,1
03/09/2004 13:33:00,69,43,35,7,-9,1
03/09/2004 13:34:00,69,43,37,7,-9,1
03/09/2004 13:35:00,69,44,37,7,-9,1
03/09/2004 13:36:00,69,45,38,7,-10,1
03/09/2004 13:37:00,69,46,39,7,-10,1
03/09/2004 13:38:00,69,45,39,8,-10,1
03/09/2004 13:39:00,69,45,39,7,-10,1
03/09/2004 13:40:00,69,45,39,8,-9,1
03/09/2004 13:41:00,69,46,41,8,-9,1
03/09/2004 13:42:00,69,46,41,7,-9,1
03/09/2004 13:43:00,69,45,42,8,-8,1
03/09/2004 13:44:00,69,45,43,8,-9,1
03/09/2004 13:45:00,69,46,43,8,-10,1
03/09/2004 13:46:00,69,45,42,8,-11,1
03/09/2004 13:47:00,69,43,43,8,-10,1
03/09/2004 13:48:00,69,43,42,8,-10,1
03/09/2004 13:49:00,69,43,43,8,-11,1
03/09/2004 13:50:00,69,40,42,8,-10,1
03/09/2004 13:51:00,69,42,42,8,-10,1
03/09/2004 13:52:00,69,40,42,8,-10,1
03/09/2004 13:53:00,69,40,41,8,-11,1
03/09/2004 13:54:00,69,39,41,8,-11,1
03/09/2004 13:55:00,69,37,39,8,-11,1
03/09/2004 13:56:00,69,34,38,8,-10,1
03/09/2004 13:57:00,69,35,40,8,-11,1
03/09/2004 13:58:00,69,36,42,8,-11,1
03/09/2004 13:59:00,69,36,40,8,-10,1
03/09/2004 14:00:00,69,33,39,9,-10,1
03/09/2004 14:01:00,69,33,39,9,-10,1
03/09/2004 14:02:00,69,34,39,8,-10,1
03/09/2004 14:03:00,69,34,40,8,-10,1
03/09/2004 14:04:00,69,34,40,9,-10,1
03/09/2004 14:05:00,69,33,40,9,-10,1
03/09/2004 14:06:00,69,32,40,9,-11,1
03/09/2004 14:07:00,69,31,41,9,-11,1
03/09/2004 14:08:00,69,31,41,9,-11,1
03/09/2004 14:09:00,69,31,41,9,-11,1
03/09/2004 14:10:00,69,30,40,9,-11,1
03/09/2004 14:11:00,69,29,41,9,-12,1
03/09/2004 14:12:00,69,27,42,9,-13,1
03/09/2004 14:13:00,69,31,45,8,-15,1
03/09/2004 14:14:00,69,35,45,8,-16,1
03/09/2004 14:15:00,69,34,45,8,-16,1
03/09/2004 14:16:00,69,34,44,7,-16,1
03/09/2004 14:17:00,69,32,43,8,-18,1
03/09/2004 14:18:00,69,32,44,7,-19,1
03/09/2004 14:19:00,69,35,44,7,-20,1
03/09/2004 14:20:00,69,35,44,7,-21,1
03/09/2004 14:21:00,69,38,46,6,-22,1
03/09/2004 14:22:00,69,38,47,6,-23,1
03/09/2004 14:23:00,69,38,46,6,-24,1
03/09/2004 14:24:00,69,37,46,5,-24,1
03/09/2004 14:25:00,69,36,44,6,-24,1
03/09/2004 14:26:00,69,33,43,6,-24,1
03/09/2004 14:27:00,69,31,44,6,-24,1
03/09/2004 14:28:00,69,29,43,6,-23,1
03/09/2004 14:29:00,69,28,43,6,-24,1
03/09/2004 14:30:00,69,27,43,7,-23,1
03/09/2004 14:31:00,69,27,44,7,-22,1
03/09/2004 14:32:00,69,28,44,7,-21,1
03/09/2004 14:33:00,69,28,44,8,-21,1
03/09/2004 14:34:00,69,28,44,9,-21,1
03/09/2004 14:35:00,69,27,46,10,-21,1
03/09/2004 14:36:00,69,27,43,10,-21,1
03/09/2004 14:37:00,69,25,44,10,-22,1
03/09/2004 14:38:00,69,25,44,10,-23,1
03/09/2004 14:39:00,69,24,44,10,-23,1
03/09/2004 14:40:00,69,24,44,10,-23,1
03/09/2004 14:41:00,69,26,45,9,-24,1
03/09/2004 14:42:00,69,26,45,10,-24,1
03/09/2004 14:43:00,69,27,46,10,-24,1
03/09/2004 14:44:00,69,27,46,10,-25,1
03/09/2004 14:45:00,69,26,47,10,-25,1
03/09/2004 14:46:00,69,24,46,10,-26,1
03/09/2004 14:47:00,69,25,46,9,-26,1
03/09/2004 14:48:00,69,25,47,9,-27,1
03/09/2004 14:49:00,69,25,48,9,-27,1
03/09/2004 14:50:00,69,27,48,9,-27,1
03/09/2004 14:51:00,69,27,48,9,-27,1
03/09/2004 14:52:00,69,29,49,8,-28,1
03/09/2004 14:53:00,69,30,48,8,-28,1
03/09/2004 14:54:00,69,31,48,8,-28,1
03/09/2004 14:55:00,69,31,48,9,-28,1
03/09/2004 14:56:00,69,30,48,8,-28,1
03/09/2004 14:57:00,69,30,49,9,-28,1
03/09/2004 14:58:00,69,31,49,9,-28,1
03/09/2004 14:59:00,69,32,49,9,-28,1
03/09/2004 15:00:00,69,33,50,9,-28,1
03/09/2004 15:01:00,69,33,51,9,-28,1
03/09/2004 15:02:00,69,34,52,9,-28,1
03/09/2004 15:03:00,69,34,52,9,-29,1
03/09/2004 15:04:00,69,34,53,9,-29,1
03/09/2004 15:05:00,69,35,53,9,-29,1
03/09/2004 15:06:00,69,35,54,9,-30,1
03/09/2004 15:07:00,69,34,55,10,-30,1
03/09/2004 15:08:00,69,33,56,10,-30,1
03/09/2004 15:09:00,69,34,55,10,-30,1
03/09/2004 15:10:00,69,34,56,10,-30,1
03/09/2004 15:11:00,69,34,57,10,-32,1
03/09/2004 15:12:00,69,33,56,10,-32,1
03/09/2004 15:13:00,69,32,57,11,-33,1
03/09/2004 15:14:00,69,35,58,10,-33,1
03/09/2004 15:15:00,69,37,59,11,-33,1
03/09/2004 15:16:00,69,37,60,11,-32,1
03/09/2004 15:17:00,69,38,58,11,-33,1
03/09/2004 15:18:00,69,37,59,11,-33,1
03/09/2004 15:19:00,69,37,60,11,-35,1
03/09/2004 15:20:00,69,38,60,11,-35,1
03/09/2004 15:21:00,69,41,60,11,-36,1
03/09/2004 15:22:00,69,42,60,10,-37,1
03/09/2004 15:23:00,69,45,61,10,-35,1
03/09/2004 15:24:00,69,46,61,10,-36,1
03/09/2004 15:25:00,69,48,61,10,-36,1
03/09/2004 15:26:00,69,49,62,10,-36,1
03/09/2004 15:27:00,69,50,64,10,-35,1
03/09/2004 15:28:00,69,51,64,10,-35,1
03/09/2004 15:29:00,69,50,65,10,-35,1
03/09/2004 15:30:00,69,50,64,10,-36,1
03/09/2004 15:31:00,69,48,65,10,-36,1
03/09/2004 15:32:00,69,46,64,10,-36,1
03/09/2004 15:33:00,69,47,64,11,-36,1
03/09/2004 15:34:00,69,51,65,11,-35,1
03/09/2004 15:35:00,69,54,66,10,-35,1
03/09/2004 15:36:00,69,52,66,10,-33,1
03/09/2004 15:37:00,69,50,66,11,-33,1
03/09/2004 15:38:00,69,48,66,11,-34,1
03/09/2004 15:39:00,69,46,64,11,-36,1
03/09/2004 15:40:00,69,46,62,10,-36,1
03/09/2004 15:41:00,69,46,63,10,-37,1
03/09/2004 15:42:00,69,46,64,10,-36,1
03/09/2004 15:43:00,69,46,65,11,-34,1
03/09/2004 15:44:00,69,47,66,11,-37,1
03/09/2004 15:45:00,69,46,67,11,-38,1
03/09/2004 15:46:00,69,43,68,12,-37,1
03/09/2004 15:47:00,69,43,68,12,-38,1
03/09/2004 15:48:00,69,45,67,12,-38,1
03/09/2004 15:49:00,69,45,68,12,-38,1
03/09/2004 15:50:00,69,46,69,12,-37,1
03/09/2004 15:51:00,69,45,68,12,-37,1
03/09/2004 15:52:00,69,45,68,12,-37,1
03/09/2004 15:53:00,69,42,67,13,-37,1
03/09/2004 15:54:00,69,42,66,13,-36,1
03/09/2004 15:55:00,69,42,66,13,-37,1
03/09/2004 15:56:00,69,43,66,13,-37,1
03/09/2004 15:57:00,69,41,65,13,-37,1
03/09/2004 15:58:00,69,42,66,14,-37,1
03/09/2004 15:59:00,69,45,65,14,-37,1
03/09/2004 16:00:00,69,45,64,14,-37,1
03/09/2004 16:01:00,69,45,64,15,-37,1
03/09/2004 16:02:00,69,46,63,15,-37,1
03/09/2004 16:03:00,69,46,63,15,-38,1
03/09/2004 16:04:00,69,46,63,15,-37,1
03/09/2004 16:05:00,69,45,62,16,-38,1
03/09/2004 16:06:00,69,45,61,16,-38,1
03/09/2004 16:07:00,69,46,61,16,-38,1
03/09/2004 16:08:00,69,44,60,17,-38,1
03/09/2004 16:09:00,69,43,59,17,-38,1
03/09/2004 16:10:00,69,44,58,17,-40,1
03/09/2004 16:11:00,69,47,59,17,-40,1
03/09/2004 16:12:00,69,50,59,17,-41,1
03/09/2004 16:13:00,69,52,58,17,-42,1
03/09/2004 16:14:00,69,55,58,17,-43,1
03/09/2004 16:15:00,69,58,59,17,-43,1
03/09/2004 16:16:00,69,60,60,17,-43,1
03/09/2004 16:17:00,69,63,61,17,-43,1
03/09/2004 16:18:00,69,67,62,16,-43,1
03/09/2004 16:19:00,69,69,61,16,-41,1
03/09/2004 16:20:00,69,70,60,16,-40,1
03/09/2004 16:21:00,69,71,60,16,-40,1
03/09/2004 16:22:00,69,71,61,16,-39,1
03/09/2004 16:23:00,69,73,60,16,-40,1
03/09/2004 16:24:00,69,74,61,15,-40,1
03/09/2004 16:25:00,69,74,60,15,-40,1
03/09/2004 16:26:00,69,75,60,15,-42,1
03/09/2004 16:27:00,69,75,61,15,-43,1
03/09/2004 16:28:00,69,75,60,14,-44,1
03/09/2004 16:29:00,69,76,61,14,-45,1
03/09/2004 16:30:00,69,76,62,14,-46,1
03/09/2004 16:31:00,69,76,66,14,-46,1
03/09/2004 16:32:00,69,75,68,14,-46,1
03/09/2004 16:33:00,69,73,70,14,-45,1
03/09/2004 16:34:00,69,72,73,13,-45,1
03/09/2004 16:35:00,69,71,74,13,-44,1
03/09/2004 16:36:00,69,69,76,12,-44,1
03/09/2004 16:37:00,69,66,77,12,-44,1
03/09/2004 16:38:00,69,64,78,11,-44,1
03/09/2004 16:39:00,69,62,79,11,-45,1
03/09/2004 16:40:00,69,60,79,11,-45,1
03/09/2004 16:41:00,69,59,80,11,-46,1
03/09/2004 16:42:00,69,59,81,10,-46,1
03/09/2004 16:43:00,69,59,81,10,-47,1
03/09/2004 16:44:00,69,59,80,9,-47,1
03/09/2004 16:45:00,69,61,81,9,-46,1
03/09/2004 16:46:00,69,60,81,8,-47,1
03/09/2004 16:47:00,69,60,80,6,-48,1
03/09/2004 16:48:00,69,56,77,6,-48,1
03/09/2004 16:49:00,69,53,76,5,-49,1
03/09/2004 16:50:00,69,50,75,5,-49,1
03/09/2004 16:51:00,69,48,74,4,-49,1
03/09/2004 16:52:00,69,45,72,3,-50,1
03/09/2004 16:53:00,69,43,71,3,-50,1
03/09/2004 16:54:00,69,41,71,2,-50,1
03/09/2004 16:55:00,69,40,71,2,-50,1
03/09/2004 16:56:00,69,38,71,2,-49,1
03/09/2004 16:57:00,69,39,71,2,-49,1
03/09/2004 16:58:00,69,40,70,1,-48,1
03/09/2004 16:59:00,69,39,69,1,-48,1
03/09/2004 17:00:00,69,36,66,1,-47,1
03/09/2004 17:01:00,69,33,65,1,-46,1
03/09/2004 17:02:00,69,31,63,1,-46,1
03/09/2004 17:03:00,69,28,62,1,-48,1
03/09/2004 17:04:00,69,27,62,1,-48,1
03/09/2004 17:05:00,69,27,61,0,-48,1
03/09/2004 17:06:00,69,26,62,0,-48,1
03/09/2004 17:07:00,69,25,63,0,-48,1
03/09/2004 17:08:00,69,24,64,0,-49,1
03/09/2004 17:09:00,69,24,63,0,-50,1
03/09/2004 17:10:00,69,25,62,1,-51,1
03/09/2004 17:11:00,69,26,59,0,-51,1
03/09/2004 17:12:00,69,27,58,0,-52,1
03/09/2004 17:13:00,69,28,57,0,-52,1
03/09/2004 17:14:00,69,29,56,1,-53,1
03/09/2004 17:15:00,69,31,57,1,-52,1
03/09/2004 17:16:00,69,30,59,1,-52,1
03/09/2004 17:17:00,69,28,59,1,-53,1
03/09/2004 17:18:00,69,29,57,2,-53,1
03/09/2004 17:19:00,69,29,55,3,-54,1
03/09/2004 17:20:00,69,30,55,3,-55,1
03/09/2004 17:21:00,69,32,54,3,-55,1
03/09/2004 17:22:00,69,33,55,3,-56,1
03/09/2004 17:23:00,69,37,55,3,-56,1
03/09/2004 17:24:00,69,38,55,4,-57,1
03/09/2004 17:25:00,69,38,55,5,-56,1
03/09/2004 17:26:00,69,38,55,5,-56,1
03/09/2004 17:27:00,69,40,54,6,-56,1
03/09/2004 17:28:00,69,43,55,6,-58,1
03/09/2004 17:29:00,69,45,56,6,-60,1
03/09/2004 17:30:00,69,47,56,6,-61,1
03/09/2004 17:31:00,69,48,57,6,-61,1
03/09/2004 17:32:00,69,47,59,6,-63,1
03/09/2004 17:33:00,69,49,61,7,-63,1
03/09/2004 17:34:00,69,50,61,7,-63,1
03/09/2004 17:35:00,69,52,63,7,-64,1
03/09/2004 17:36:00,69,52,64,8,-64,1
03/09/2004 17:37:00,69,54,66,8,-65,1
03/09/2004 17:38:00,69,56,66,9,-66,1
03/09/2004 17:39:00,69,58,67,9,-67,1
03/09/2004 17:40:00,69,59,68,9,-67,1
03/09/2004 17:41:00,69,60,71,9,-69,1
03/09/2004 17:42:00,69,61,73,9,-68,1
03/09/2004 17:43:00,69,60,73,10,-69,1
03/09/2004 17:44:00,69,61,73,10,-69,1
03/09/2004 17:45:00,69,60,73,10,-70,1
03/09/2004 17:46:00,69,59,74,10,-70,1
03/09/2004 17:47:00,69,59,75,10,-71,1
03/09/2004 17:48:00,69,60,76,10,-71,1
03/09/2004 17:49:00,69,60,76,10,-71,1
03/09/2004 17:50:00,69,60,76,10,-72,1
03/09/2004 17:51:00,69,60,77,10,-72,1
03/09/2004 17:52:00,69,60,78,10,-72,1
03/09/2004 17:53:00,69,60,79,10,-73,1
03/09/2004 17:54:00,69,60,80,10,-73,1
03/09/2004 17:55:00,69,62,80,9,-74,1
03/09/2004 17:56:00,69,62,81,9,-74,1
03/09/2004 17:57:00,69,62,82,9,-74,1
03/09/2004 17:58:00,69,62,82,9,-74,1
03/09/2004 17:59:00,69,62,82,9,-73,1
03/09/2004 18:00:00,69,61,83,9,-73,1
03/09/2004 18:01:00,69,62,83,9,-73,1
03/09/2004 18:02:00,69,63,85,9,-74,1
03/09/2004 18:03:00,69,63,84,8,-74,1
03/09/2004 18:04:00,69,63,85,8,-74,1
03/09/2004 18:05:00,69,63,85,8,-75,1
03/09/2004 18:06:00,69,62,84,8,-74,1
03/09/2004 18:07:00,69,62,84,7,-75,1
03/09/2004 18:08:00,69,62,82,7,-75,1
03/09/2004 18:09:00,69,63,82,8,-75,1
03/09/2004 18:10:00,69,63,83,7,-76,1
03/09/2004 18:11:00,69,63,83,6,-76,1
03/09/2004 18:12:00,69,62,83,6,-75,1
03/09/2004 18:13:00,69,61,82,6,-76,1
03/09/2004 18:14:00,69,61,82,5,-75,1
03/09/2004 18:15:00,69,60,82,5,-75,1
03/09/2004 18:16:00,69,58,82,5,-75,1
03/09/2004 18:17:00,69,58,81,5,-75,1
03/09/2004 18:18:00,69,55,82,5,-74,1
03/09/2004 18:19:00,69,55,82,6,-72,1
03/09/2004 18:20:00,69,54,82,6,-71,1
03/09/2004 18:21:00,69,53,82,5,-71,1
03/09/2004 18:22:00,69,52,82,5,-71,1
03/09/2004 18:23:00,69,50,82,6,-70,1
03/09/2004 18:24:00,69,49,81,6,-69,1
03/09/2004 18:25:00,69,49,82,6,-67,1
03/09/2004 18:26:00,69,51,81,6,-66,1
03/09/2004 18:27:00,69,52,81,6,-65,1
03/09/2004 18:28:00,69,51,81,5,-66,1
03/09/2004 18:29:00,69,51,79,6,-65,1
03/09/2004 18:30:00,69,53,80,7,-63,1
03/09/2004 18:31:00,69,55,80,6,-63,1
03/09/2004 18:32:00,69,57,79,6,-63,1
03/09/2004 18:33:00,69,59,79,6,-63,1
03/09/2004 18:34:00,69,59,80,7,-63,1
03/09/2004 18:35:00,69,60,79,7,-64,1
03/09/2004 18:36:00,69,62,81,7,-64,1
03/09/2004 18:37:00,69,65,81,7,-65,1
03/09/2004 18:38:00,69,66,81,7,-66,1
03/09/2004 18:39:00,69,67,82,7,-66,1
03/09/2004 18:40:00,69,68,82,7,-67,1
03/09/2004 18:41:00,69,69,83,7,-68,1
03/09/2004 18:42:00,69,69,83,8,-68,1
03/09/2004 18:43:00,69,69,82,8,-68,1
03/09/2004 18:44:00,69,68,83,8,-68,1
03/09/2004 18:45:00,69,68,84,8,-68,1
03/09/2004 18:46:00,69,68,84,8,-68,1
03/09/2004 18:47:00,69,68,85,8,-68,1
03/09/2004 18:48:00,69,64,84,7,-69,1
03/09/2004 18:49:00,69,63,84,7,-70,1
03/09/2004 18:50:00,69,63,84,7,-70,1
03/09/2004 18:51:00,69,64,83,7,-70,1
03/09/2004 18:52:00,69,62,83,6,-70,1
03/09/2004 18:53:00,69,60,82,6,-68,1
03/09/2004 18:54:00,69,59,81,6,-69,1
03/09/2004 18:55:00,69,58,79,6,-67,1
03/09/2004 18:56:00,69,51,77,5,-65,1
03/09/2004 18:57:00,69,46,76,5,-63,1
03/09/2004 18:58:00,69,43,74,4,-62,1
03/09/2004 18:59:00,69,40,72,4,-60,1
03/09/2004 19:00:00,69,38,76,4,-58,1
03/09/2004 19:01:00,69,36,76,4,-57,1
03/09/2004 19:02:00,69,33,73,4,-58,1
03/09/2004 19:03:00,69,30,71,4,-60,1
03/09/2004 19:04:00,69,31,72,3,-61,1
03/09/2004 19:05:00,69,30,73,3,-62,1
03/09/2004 19:06:00,69,28,74,2,-63,1
03/09/2004 19:07:00,69,28,75,2,-63,1
03/09/2004 19:08:00,69,29,74,2,-65,1
03/09/2004 19:09:00,69,32,68,2,-66,1
03/09/2004 19:10:00,69,32,65,2,-66,1
03/09/2004 19:11:00,69,30,63,2,-66,1
03/09/2004 19:12:00,69,27,62,1,-67,1
03/09/2004 19:13:00,69,26,61,1,-67,1
03/09/2004 19:14:00,69,23,64,1,-65,1
03/09/2004 19:15:00,69,21,61,0,-65,1
03/09/2004 19:16:00,69,20,61,0,-65,1
03/09/2004 19:17:00,69,21,58,0,-65,1
03/09/2004 19:18:00,69,20,59,0,-64,1
03/09/2004 19:19:00,69,18,60,0,-63,1
03/09/2004 19:20:00,69,18,60,-1,-62,1
03/09/2004 19:21:00,69,19,62,-1,-61,1
03/09/2004 19:22:00,69,20,61,-1,-60,1
03/09/2004 19:23:00,69,22,60,-1,-60,1
03/09/2004 19:24:00,69,23,61,-1,-60,1
03/09/2004 19:25:00,69,24,61,-1,-59,1
03/09/2004 19:26:00,69,24,60,-1,-58,1
03/09/2004 19:27:00,69,25,58,-1,-58,1
03/09/2004 19:28:00,69,25,58,-1,-57,1
03/09/2004 19:29:00,69,26,58,-1,-57,1
03/09/2004 19:30:00,69,27,59,0,-56,1
03/09/2004 19:31:00,69,28,59,0,-56,1
03/09/2004 19:32:00,69,28,60,0,-55,1
03/09/2004 19:33:00,69,28,60,0,-55,1
03/09/2004 19:34:00,69,28,59,0,-54,1
03/09/2004 19:35:00,69,28,58,0,-54,1
03/09/2004 19:36:00,69,28,54,0,-55,1
03/09/2004 19:37:00,69,29,53,0,-55,1
03/09/2004 19:38:00,69,28,54,0,-55,1
03/09/2004 19:39:00,69,27,53,0,-55,1
03/09/2004 19:40:00,69,28,53,-1,-54,1
03/09/2004 19:41:00,69,28,54,-1,-55,1
03/09/2004 19:42:00,69,28,52,0,-54,1
03/09/2004 19:43:00,69,27,52,0,-55,1
03/09/2004 19:44:00,69,26,51,0,-54,1
03/09/2004 19:45:00,69,27,53,0,-53,1
03/09/2004 19:46:00,69,26,54,-1,-53,1
03/09/2004 19:47:00,69,27,53,-1,-53,1
03/09/2004 19:48:00,69,27,54,-1,-52,1
03/09/2004 19:49:00,69,26,55,-1,-51,1
03/09/2004 19:50:00,69,27,56,-1,-51,1
03/09/2004 19:51:00,69,27,59,-1,-50,1
03/09/2004 19:52:00,69,29,63,-2,-48,1
03/09/2004 19:53:00,69,30,62,-2,-47,1
03/09/2004 19:54:00,69,31,67,-2,-45,1
03/09/2004 19:55:00,69,33,70,-3,-43,1
03/09/2004 19:56:00,69,34,68,-3,-44,1
03/09/2004 19:57:00,69,35,66,-3,-45,1
03/09/2004 19:58:00,69,35,62,-3,-46,1
03/09/2004 19:59:00,69,35,63,-3,-45,1
03/09/2004 20:00:00,69,35,64,-3,-45,1
03/09/2004 20:01:00,69,35,64,-3,-44,1
03/09/2004 20:02:00,69,36,66,-3,-43,1
03/09/2004 20:03:00,69,38,67,-3,-43,1
03/09/2004 20:04:00,69,39,67,-3,-43,1
03/09/2004 20:05:00,69,41,66,-3,-42,1
03/09/2004 20:06:00,69,42,61,-2,-42,1
03/09/2004 20:07:00,69,42,58,-2,-42,1
03/09/2004 20:08:00,69,39,57,-3,-42,1
03/09/2004 20:09:00,69,37,60,-3,-41,1
03/09/2004 20:10:00,69,37,59,-3,-42,1
03/09/2004 20:11:00,69,36,57,-3,-43,1
03/09/2004 20:12:00,69,36,53,-3,-44,1
03/09/2004 20:13:00,69,35,51,-3,-44,1
03/09/2004 20:14:00,69,32,49,-3,-44,1
03/09/2004 20:15:00,69,30,47,-3,-45,1
03/09/2004 20:16:00,69,30,47,-3,-45,1
03/09/2004 20:17:00,69,29,45,-3,-45,1
03/09/2004 20:18:00,69,30,45,-3,-45,1
03/09/2004 20:19:00,69,30,45,-3,-45,1
03/09/2004 20:20:00,69,29,45,-4,-44,1
03/09/2004 20:21:00,69,30,44,-3,-44,1
03/09/2004 20:22:00,69,30,44,-3,-43,1
03/09/2004 20:23:00,69,30,44,-3,-43,1
03/09/2004 20:24:00,69,31,44,-3,-43,1
03/09/2004 20:25:00,69,30,42,-3,-44,1
03/09/2004 20:26:00,69,31,43,-3,-44,1
03/09/2004 20:27:00,69,31,42,-3,-44,1
03/09/2004 20:28:00,69,31,42,-3,-44,1
03/09/2004 20:29:00,69,30,41,-3,-44,1
03/09/2004 20:30:00,69,31,42,-3,-44,1
03/09/2004 20:31:00,69,32,42,-2,-44,1
03/09/2004 20:32:00,69,32,42,-2,-44,1
03/09/2004 20:33:00,69,31,40,-2,-44,1
03/09/2004 20:34:00,69,32,41,-2,-44,1
03/09/2004 20:35:00,69,32,40,-2,-43,1
03/09/2004 20:36:00,69,33,40,-2,-43,1
03/09/2004 20:37:00,69,34,41,-2,-44,1
03/09/2004 20:38:00,69,35,41,-1,-43,1
03/09/2004 20:39:00,69,35,41,-2,-43,1
03/09/2004 20:40:00,69,35,42,-2,-43,1
03/09/2004 20:41:00,69,35,42,-2,-44,1
03/09/2004 20:42:00,69,35,44,-1,-43,1
03/09/2004 20:43:00,69,34,44,-2,-42,1
03/09/2004 20:44:00,69,33,42,-2,-42,1
03/09/2004 20:45:00,69,32,40,-2,-42,1
03/09/2004 20:46:00,69,32,40,-2,-43,1
03/09/2004 20:47:00,69,32,40,-2,-43,1
03/09/2004 20:48:00,69,32,40,-2,-42,1
03/09/2004 20:49:00,69,32,39,-2,-43,1
03/09/2004 20:50:00,69,31,39,-2,-43,1
03/09/2004 20:51:00,69,31,39,-2,-42,1
03/09/2004 20:52:00,69,31,39,-2,-44,1
03/09/2004 20:53:00,69,31,39,-2,-44,1
03/09/2004 20:54:00,69,32,39,-2,-44,1
03/09/2004 20:55:00,69,32,37,-2,-44,1
03/09/2004 20:56:00,69,29,37,-2,-46,1
03/09/2004 20:57:00,69,26,36,-2,-48,1
03/09/2004 20:58:00,69,26,32,-2,-49,1
03/09/2004 20:59:00,69,22,33,-2,-51,1
03/09/2004 21:00:00,69,23,34,-2,-51,1
03/09/2004 21:01:00,69,25,34,-2,-52,1
03/09/2004 21:02:00,69,26,34,-2,-52,1
03/09/2004 21:03:00,69,27,35,-2,-52,1
03/09/2004 21:04:00,69,28,35,-3,-52,1
03/09/2004 21:05:00,69,28,34,-3,-50,1
03/09/2004 21:06:00,69,29,34,-3,-48,1
03/09/2004 21:07:00,69,31,35,-3,-47,1
03/09/2004 21:08:00,69,33,35,-3,-46,1
03/09/2004 21:09:00,69,37,37,-3,-45,1
03/09/2004 21:10:00,69,40,37,-3,-44,1
03/09/2004 21:11:00,69,44,38,-2,-44,1
03/09/2004 21:12:00,69,45,38,-2,-43,1
03/09/2004 21:13:00,69,46,40,-2,-43,1
03/09/2004 21:14:00,69,47,40,-2,-44,1
03/09/2004 21:15:00,69,48,40,-2,-45,1
03/09/2004 21:16:00,69,49,42,-2,-45,1
03/09/2004 21:17:00,69,48,42,-2,-46,1
03/09/2004 21:18:00,69,48,40,-2,-47,1
03/09/2004 21:19:00,69,46,38,-2,-50,1
03/09/2004 21:20:00,69,46,39,-2,-51,1
03/09/2004 21:21:00,69,47,39,-1,-52,1
03/09/2004 21:22:00,69,48,40,-1,-53,1
03/09/2004 21:23:00,69,50,42,-2,-53,1
03/09/2004 21:24:00,69,48,42,-2,-54,1
03/09/2004 21:25:00,69,49,42,-2,-54,1
03/09/2004 21:26:00,69,50,42,-2,-55,1
03/09/2004 21:27:00,69,51,43,-2,-55,1
03/09/2004 21:28:00,69,51,43,-2,-56,1
03/09/2004 21:29:00,69,53,44,-2,-55,1
03/09/2004 21:30:00,69,56,46,-1,-55,1
03/09/2004 21:31:00,69,56,46,-2,-56,1
03/09/2004 21:32:00,69,56,46,-2,-56,1
03/09/2004 21:33:00,69,56,46,-2,-56,1
03/09/2004 21:34:00,69,57,47,-2,-57,1
03/09/2004 21:35:00,69,57,49,-2,-56,1
03/09/2004 21:36:00,69,59,51,-2,-56,1
03/09/2004 21:37:00,69,60,53,-2,-55,1
03/09/2004 21:38:00,69,60,53,-2,-55,1
03/09/2004 21:39:00,69,62,52,-2,-56,1
03/09/2004 21:40:00,69,60,50,-2,-56,1
03/09/2004 21:41:00,69,60,49,-2,-57,1
03/09/2004 21:42:00,69,61,49,-2,-58,1
03/09/2004 21:43:00,69,60,48,-2,-58,1
03/09/2004 21:44:00,69,59,46,-3,-59,1
03/09/2004 21:45:00,69,59,47,-3,-59,1
03/09/2004 21:46:00,69,60,47,-3,-59,1
03/09/2004 21:47:00,69,61,46,-3,-60,1
03/09/2004 21:48:00,69,61,45,-4,-61,1
03/09/2004 21:49:00,69,62,46,-4,-62,1
03/09/2004 21:50:00,69,61,43,-4,-63,1
03/09/2004 21:51:00,69,60,45,-5,-63,1
03/09/2004 21:52:00,69,61,44,-5,-65,1
03/09/2004 21:53:00,69,60,44,-5,-66,1
03/09/2004 21:54:00,69,60,43,-5,-66,1
03/09/2004 21:55:00,69,61,42,-6,-67,1
03/09/2004 21:56:00,69,62,42,-6,-68,1
03/09/2004 21:57:00,69,61,42,-6,-68,1
03/09/2004 21:58:00,69,61,41,-6,-69,1
03/09/2004 21:59:00,69,61,39,-7,-70,1
03/09/2004 22:00:00,69,60,37,-7,-71,1
03/09/2004 22:01:00,69,58,37,-7,-72,1
03/09/2004 22:02:00,69,58,35,-7,-73,1
03/09/2004 22:03:00,69,58,34,-8,-73,1
03/09/2004 22:04:00,69,60,33,-8,-73,1
03/09/2004 22:05:00,69,62,34,-8,-73,1
03/09/2004 22:06:00,69,64,38,-9,-72,1
03/09/2004 22:07:00,69,67,38,-9,-72,1
03/09/2004 22:08:00,69,69,39,-9,-71,1
03/09/2004 22:09:00,69,70,40,-10,-71,1
03/09/2004 22:10:00,69,72,40,-10,-72,1
03/09/2004 22:11:00,69,72,40,-10,-73,1
03/09/2004 22:12:00,69,73,38,-10,-73,1
03/09/2004 22:13:00,69,73,38,-10,-73,1
03/09/2004 22:14:00,69,73,38,-10,-74,1
03/09/2004 22:15:00,69,73,35,-11,-75,1
03/09/2004 22:16:00,69,72,33,-10,-75,1
03/09/2004 22:17:00,69,74,31,-11,-75,1
03/09/2004 22:18:00,69,75,29,-11,-75,1
03/09/2004 22:19:00,69,75,27,-12,-76,1
03/09/2004 22:20:00,69,73,27,-13,-77,1
03/09/2004 22:21:00,69,70,26,-14,-78,1
03/09/2004 22:22:00,69,67,29,-15,-79,1
03/09/2004 22:23:00,69,62,31,-15,-81,1
03/09/2004 22:24:00,69,58,33,-16,-82,1
03/09/2004 22:25:00,69,55,36,-16,-82,1
03/09/2004 22:26:00,69,52,37,-17,-82,1
03/09/2004 22:27:00,69,50,40,-17,-83,1
03/09/2004 22:28:00,69,47,42,-18,-85,1
03/09/2004 22:29:00,69,45,43,-18,-86,1
03/09/2004 22:30:00,69,45,43,-18,-87,1
03/09/2004 22:31:00,69,46,43,-18,-88,1
03/09/2004 22:32:00,69,47,46,-18,-88,1
03/09/2004 22:33:00,69,49,45,-18,-88,1
03/09/2004 22:34:00,69,52,48,-18,-88,1
03/09/2004 22:35:00,69,51,51,-18,-87,1
03/09/2004 22:36:00,69,51,52,-18,-87,1
03/09/2004 22:37:00,69,51,53,-18,-86,1
03/09/2004 22:38:00,69,52,52,-17,-85,1
03/09/2004 22:39:00,69,54,52,-17,-85,1
03/09/2004 22:40:00,69,58,51,-17,-85,1
03/09/2004 22:41:00,69,59,53,-17,-86,1
03/09/2004 22:42:00,69,57,52,-17,-85,1
03/09/2004 22:43:00,69,59,53,-17,-86,1
03/09/2004 22:44:00,69,61,54,-17,-86,1
03/09/2004 22:45:00,69,61,54,-17,-86,1
03/09/2004 22:46:00,69,60,55,-16,-86,1
03/09/2004 22:47:00,69,60,56,-17,-86,1
03/09/2004 22:48:00,69,59,57,-17,-87,1
03/09/2004 22:49:00,69,56,58,-17,-89,1
03/09/2004 22:50:00,69,57,59,-17,-91,1
03/09/2004 22:51:00,69,58,57,-17,-90,1
03/09/2004 22:52:00,69,58,55,-17,-89,1
03/09/2004 22:53:00,69,57,54,-16,-88,1
03/09/2004 22:54:00,69,56,53,-16,-87,1
03/09/2004 22:55:00,69,56,51,-16,-87,1
03/09/2004 22:56:00,69,55,49,-16,-87,1
03/09/2004 22:57:00,69,57,48,-16,-87,1
03/09/2004 22:58:00,69,57,48,-16,-87,1
03/09/2004 22:59:00,69,57,48,-16,-87,1
03/09/2004 23:00:00,69,57,49,-17,-87,1
03/09/2004 23:01:00,69,55,49,-17,-87,1
03/09/2004 23:02:00,69,55,50,-17,-88,1
03/09/2004 23:03:00,69,55,50,-17,-88,1
03/09/2004 23:04:00,69,54,49,-18,-88,1
03/09/2004 23:05:00,69,54,49,-17,-88,1
03/09/2004 23:06:00,69,54,49,-18,-88,1
03/09/2004 23:07:00,69,52,48,-18,-89,1
03/09/2004 23:08:00,69,51,49,-18,-89,1
03/09/2004 23:09:00,69,51,48,-18,-89,1
03/09/2004 23:10:00,69,51,48,-18,-89,1
03/09/2004 23:11:00,69,49,47,-18,-89,1
03/09/2004 23:12:00,69,49,48,-17,-89,1
03/09/2004 23:13:00,69,47,48,-17,-88,1
03/09/2004 23:14:00,69,46,47,-17,-87,1
03/09/2004 23:15:00,69,46,47,-18,-86,1
03/09/2004 23:16:00,69,46,49,-18,-87,1
03/09/2004 23:17:00,69,46,51,-19,-88,1
03/09/2004 23:18:00,69,47,53,-19,-89,1
03/09/2004 23:19:00,69,46,54,-19,-89,1
03/09/2004 23:20:00,69,46,54,-19,-89,1
03/09/2004 23:21:00,69,47,53,-19,-89,1
03/09/2004 23:22:00,69,44,51,-18,-89,1
03/09/2004 23:23:00,69,44,49,-18,-88,1
03/09/2004 23:24:00,69,42,48,-17,-87,1
03/09/2004 23:25:00,69,42,45,-17,-86,1
03/09/2004 23:26:00,69,43,45,-17,-85,1
03/09/2004 23:27:00,69,42,45,-17,-85,1
03/09/2004 23:28:00,69,41,47,-18,-85,1
03/09/2004 23:29:00,69,39,50,-18,-83,1
03/09/2004 23:30:00,69,39,51,-18,-83,1
03/09/2004 23:31:00,69,40,51,-19,-81,1
03/09/2004 23:32:00,69,43,50,-19,-80,1
03/09/2004 23:33:00,69,45,52,-19,-80,1
03/09/2004 23:34:00,69,44,56,-19,-79,1
03/09/2004 23:35:00,69,42,62,-19,-79,1
03/09/2004 23:36:00,69,40,68,-19,-78,1
03/09/2004 23:37:00,69,39,71,-19,-76,1
03/09/2004 23:38:00,69,40,75,-20,-76,1
03/09/2004 23:39:00,69,44,76,-20,-76,1
03/09/2004 23:40:00,69,48,80,-20,-77,1
03/09/2004 23:41:00,69,51,81,-20,-78,1
03/09/2004 23:42:00,69,53,80,-20,-78,1
03/09/2004 23:43:00,69,53,80,-19,-79,1
03/09/2004 23:44:00,69,53,80,-18,-80,1
03/09/2004 23:45:00,69,53,78,-17,-80,1
03/09/2004 23:46:00,69,51,78,-17,-81,1
03/09/2004 23:47:00,69,47,77,-16,-81,1
03/09/2004 23:48:00,69,46,76,-15,-81,1
03/09/2004 23:49:00,69,46,76,-14,-81,1
03/09/2004 23:50:00,69,45,78,-13,-81,1
03/09/2004 23:51:00,69,43,80,-12,-81,1
03/09/2004 23:52:00,69,44,81,-11,-81,1
03/09/2004 23:53:00,69,44,82,-10,-81,1
03/09/2004 23:54:00,69,43,82,-10,-81,1
03/09/2004 23:55:00,69,42,82,-9,-81,1
03/09/2004 23:56:00,69,42,84,-8,-80,1
03/09/2004 23:57:00,69,43,83,-7,-80,1
03/09/2004 23:58:00,69,44,83,-6,-79,1
03/09/2004 23:59:00,69,46,83,-5,-78,1
03/10/2004 00:00:00,70,47,82,-4,-78,1
03/10/2004 00:01:00,70,47,82,-4,-77,1
03/10/2004 00:02:00,70,47,81,-3,-77,1
03/10/2004 00:03:00,70,49,80,-1,-77,1
03/10/2004 00:04:00,70,50,81,0,-77,1
03/10/2004 00:05:00,70,50,80,1,-77,1
03/10/2004 00:06:00,70,55,78,2,-76,1
03/10/2004 00:07:00,70,62,78,4,-76,1
03/10/2004 00:08:00,70,67,79,5,-75,1
03/10/2004 00:09:00,70,72,76,7,-74,1
03/10/2004 00:10:00,70,75,76,7,-72,1
03/10/2004 00:11:00,70,72,76,7,-71,1
03/10/2004 00:12:00,70,68,76,7,-70,1
03/10/2004 00:13:00,70,62,79,6,-70,1
03/10/2004 00:14:00,70,55,77,6,-70,1
03/10/2004 00:15:00,70,53,75,5,-70,1
03/10/2004 00:16:00,70,54,71,4,-71,1
03/10/2004 00:17:00,70,53,68,3,-71,1
03/10/2004 00:18:00,70,52,64,2,-71,1
03/10/2004 00:19:00,70,50,58,1,-72,1
03/10/2004 00:20:00,70,48,54,0,-72,1
03/10/2004 00:21:00,70,45,50,0,-72,1
03/10/2004 00:22:00,70,43,50,-1,-73,1
03/10/2004 00:23:00,70,42,49,-1,-74,1
03/10/2004 00:24:00,70,40,47,-1,-74,1
03/10/2004 00:25:00,70,40,47,0,-74,1
03/10/2004 00:26:00,70,39,47,0,-73,1
03/10/2004 00:27:00,70,38,46,0,-73,1
03/10/2004 00:28:00,70,38,46,0,-73,1
03/10/2004 00:29:00,70,35,46,-1,-72,1
03/10/2004 00:30:00,70,34,45,-1,-71,1
03/10/2004 00:31:00,70,33,45,-2,-70,1
03/10/2004 00:32:00,70,33,44,-2,-70,1
03/10/2004 00:33:00,70,34,44,-2,-70,1
03/10/2004 00:34:00,70,32,45,-3,-69,1
03/10/2004 00:35:00,70,31,44,-4,-69,1
03/10/2004 00:36:00,70,31,43,-4,-70,1
03/10/2004 00:37:00,70,31,43,-4,-69,1
03/10/2004 00:38:00,70,31,44,-5,-70,1
03/10/2004 00:39:00,70,31,43,-5,-69,1
03/10/2004 00:40:00,70,31,42,-5,-70,1
03/10/2004 00:41:00,70,30,42,-5,-69,1
03/10/2004 00:42:00,70,30,42,-5,-69,1
03/10/2004 00:43:00,70,28,42,-5,-69,1
03/10/2004 00:44:00,70,27,43,-5,-70,1
03/10/2004 00:45:00,70,27,43,-5,-70,1
03/10/2004 00:46:00,70,26,42,-6,-70,1
03/10/2004 00:47:00,70,26,42,-5,-70,1
03/10/2004 00:48:00,70,26,43,-5,-70,1
03/10/2004 00:49:00,70,26,43,-6,-70,1
03/10/2004 00:50:00,70,25,43,-6,-70,1
03/10/2004 00:51:00,70,25,43,-7,-70,1
03/10/2004 00:52:00,70,26,41,-7,-71,1
03/10/2004 00:53:00,70,27,40,-7,-71,1
03/10/2004 00:54:00,70,28,39,-7,-72,1
03/10/2004 00:55:00,70,28,39,-6,-72,1
03/10/2004 00:56:00,70,26,38,-6,-73,1
03/10/2004 00:57:00,70,25,38,-6,-72,1
03/10/2004 00:58:00,70,26,37,-5,-72,1
03/10/2004 00:59:00,70,26,37,-5,-72,1
03/10/2004 01:00:00,70,25,36,-5,-73,1
03/10/2004 01:01:00,70,26,37,-4,-72,1
03/10/2004 01:02:00,70,26,36,-3,-71,1
03/10/2004 01:03:00,70,27,36,-4,-71,1
03/10/2004 01:04:00,70,27,36,-4,-71,1
03/10/2004 01:05:00,70,27,36,-4,-72,1
03/10/2004 01:06:00,70,28,37,-4,-72,1
03/10/2004 01:07:00,70,29,38,-4,-71,1
03/10/2004 01:08:00,70,28,38,-4,-72,1
03/10/2004 01:09:00,70,28,40,-5,-72,1
03/10/2004 01:10:00,70,28,41,-5,-73,1
03/10/2004 01:11:00,70,28,40,-5,-73,1
03/10/2004 01:12:00,70,28,41,-6,-72,1
03/10/2004 01:13:00,70,27,41,-6,-72,1
03/10/2004 01:14:00,70,27,40,-6,-72,1
03/10/2004 01:15:00,70,28,41,-7,-73,1
03/10/2004 01:16:00,70,29,43,-7,-73,1
03/10/2004 01:17:00,70,27,42,-8,-74,1
03/10/2004 01:18:00,70,26,44,-8,-74,1
03/10/2004 01:19:00,70,24,44,-8,-74,1
03/10/2004 01:20:00,70,22,45,-9,-74,1
03/10/2004 01:21:00,70,22,46,-9,-74,1
03/10/2004 01:22:00,70,21,47,-9,-73,1
03/10/2004 01:23:00,70,20,47,-10,-74,1
03/10/2004 01:24:00,70,20,50,-10,-73,1
03/10/2004 01:25:00,70,18,52,-10,-73,1
03/10/2004 01:26:00,70,19,53,-10,-73,1
03/10/2004 01:27:00,70,20,54,-11,-73,1
03/10/2004 01:28:00,70,21,55,-12,-74,1
03/10/2004 01:29:00,70,19,56,-11,-73,1
03/10/2004 01:30:00,70,18,57,-11,-74,1
03/10/2004 01:31:00,70,18,58,-11,-73,1
03/10/2004 01:32:00,70,17,58,-11,-73,1
03/10/2004 01:33:00,70,15,60,-12,-73,1
03/10/2004 01:34:00,70,15,62,-12,-73,1
03/10/2004 01:35:00,70,14,63,-12,-73,1
03/10/2004 01:36:00,70,13,62,-12,-73,1
03/10/2004 01:37:00,70,14,63,-12,-73,1
03/10/2004 01:38:00,70,14,62,-12,-73,1
03/10/2004 01:39:00,70,14,63,-11,-74,1
03/10/2004 01:40:00,70,15,61,-11,-73,1
03/10/2004 01:41:00,70,16,62,-11,-73,1
03/10/2004 01:42:00,70,17,61,-10,-73,1
03/10/2004 01:43:00,70,19,62,-11,-73,1
03/10/2004 01:44:00,70,22,66,-11,-74,1
03/10/2004 01:45:00,70,25,68,-10,-74,1
03/10/2004 01:46:00,70,27,69,-11,-74,1
03/10/2004 01:47:00,70,30,71,-11,-74,1
03/10/2004 01:48:00,70,33,73,-11,-75,1
03/10/2004 01:49:00,70,33,75,-11,-74,1
03/10/2004 01:50:00,70,31,77,-11,-75,1
03/10/2004 01:51:00,70,31,79,-11,-75,1
03/10/2004 01:52:00,70,32,81,-12,-76,1
03/10/2004 01:53:00,70,31,82,-12,-76,1
03/10/2004 01:54:00,70,32,84,-12,-76,1
03/10/2004 01:55:00,70,32,87,-12,-76,1
03/10/2004 01:56:00,70,32,87,-12,-76,1
03/10/2004 01:57:00,70,32,88,-12,-76,1
03/10/2004 01:58:00,70,32,88,-12,-77,1
03/10/2004 01:59:00,70,32,88,-12,-76,1
03/10/2004 02:00:00,70,32,90,-12,-78,1
03/10/2004 02:01:00,70,31,92,-11,-78,1
03/10/2004 02:02:00,70,32,92,-11,-78,1
03/10/2004 02:03:00,70,33,94,-11,-78,1
03/10/2004 02:04:00,70,34,96,-11,-78,1
03/10/2004 02:05:00,70,32,96,-11,-77,1
03/10/2004 02:06:00,70,31,96,-10,-77,1
03/10/2004 02:07:00,70,29,96,-10,-77,1
03/10/2004 02:08:00,70,27,96,-11,-78,1
03/10/2004 02:09:00,70,25,95,-10,-78,1
03/10/2004 02:10:00,70,26,96,-10,-77,1
03/10/2004 02:11:00,70,28,96,-10,-77,1
03/10/2004 02:12:00,70,31,97,-10,-76,1
03/10/2004 02:13:00,70,33,97,-10,-75,1
03/10/2004 02:14:00,70,34,97,-10,-75,1
03/10/2004 02:15:00,70,35,95,-9,-74,1
03/10/2004 02:16:00,70,35,93,-9,-74,1
03/10/2004 02:17:00,70,37,93,-8,-74,1
03/10/2004 02:18:00,70,39,93,-8,-74,1
03/10/2004 02:19:00,70,41,92,-7,-73,1
03/10/2004 02:20:00,70,43,90,-7,-73,1
03/10/2004 02:21:00,70,43,89,-7,-73,1
03/10/2004 02:22:00,70,45,88,-6,-74,1
03/10/2004 02:23:00,70,45,86,-6,-74,1
03/10/2004 02:24:00,70,49,87,-6,-74,1
03/10/2004 02:25:00,70,49,88,-6,-75,1
03/10/2004 02:26:00,70,50,86,-5,-76,1
03/10/2004 02:27:00,70,50,87,-5,-76,1
03/10/2004 02:28:00,70,51,86,-5,-76,1
03/10/2004 02:29:00,70,50,85,-5,-76,1
03/10/2004 02:30:00,70,48,85,-5,-76,1
03/10/2004 02:31:00,70,48,85,-5,-75,1
03/10/2004 02:32:00,70,47,83,-5,-75,1
03/10/2004 02:33:00,70,44,82,-5,-75,1
03/10/2004 02:34:00,70,42,79,-5,-74,1
03/10/2004 02:35:00,70,39,76,-5,-74,1
03/10/2004 02:36:00,70,37,74,-5,-74,1
03/10/2004 02:37:00,70,37,73,-6,-75,1
03/10/2004 02:38:00,70,37,72,-6,-75,1
03/10/2004 02:39:00,70,37,72,-7,-76,1
03/10/2004 02:40:00,70,39,73,-7,-75,1
03/10/2004 02:41:00,70,41,73,-7,-76,1
03/10/2004 02:42:00,70,44,72,-7,-76,1
03/10/2004 02:43:00,70,45,73,-7,-77,1
03/10/2004 02:44:00,70,42,74,-6,-78,1
03/10/2004 02:45:00,70,40,74,-7,-78,1
03/10/2004 02:46:00,70,39,75,-7,-78,1
03/10/2004 02:47:00,70,38,74,-7,-78,1
03/10/2004 02:48:00,70,35,74,-7,-79,1
03/10/2004 02:49:00,70,32,75,-8,-79,1
03/10/2004 02:50:00,70,31,74,-7,-80,1
03/10/2004 02:51:00,70,32,75,-7,-80,1
03/10/2004 02:52:00,70,34,76,-8,-80,1
03/10/2004 02:53:00,70,33,76,-8,-80,1
03/10/2004 02:54:00,70,33,77,-8,-80,1
03/10/2004 02:55:00,70,32,77,-9,-80,1
03/10/2004 02:56:00,70,31,78,-8,-81,1
03/10/2004 02:57:00,70,32,78,-9,-81,1
03/10/2004 02:58:00,70,31,79,-9,-81,1
03/10/2004 02:59:00,70,31,79,-9,-81,1
03/10/2004 03:00:00,70,33,79,-8,-81,1
03/10/2004 03:01:00,70,34,80,-8,-81,1
03/10/2004 03:02:00,70,34,81,-7,-80,1
03/10/2004 03:03:00,70,34,82,-7,-80,1
03/10/2004 03:04:00,70,34,82,-6,-80,1
03/10/2004 03:05:00,70,34,84,-6,-80,1
03/10/2004 03:06:00,70,35,84,-5,-80,1
03/10/2004 03:07:00,70,37,85,-5,-80,1
03/10/2004 03:08:00,70,39,86,-5,-80,1
03/10/2004 03:09:00,70,40,87,-5,-80,1
03/10/2004 03:10:00,70,38,88,-4,-80,1
03/10/2004 03:11:00,70,36,90,-4,-79,1
03/10/2004 03:12:00,70,37,92,-4,-80,1
03/10/2004 03:13:00,70,33,93,-3,-81,1
03/10/2004 03:14:00,70,31,93,-4,-81,1
03/10/2004 03:15:00,70,31,93,-4,-82,1
03/10/2004 03:16:00,70,31,92,-4,-83,1
03/10/2004 03:17:00,70,33,93,-4,-84,1
03/10/2004 03:18:00,70,36,93,-5,-85,1
03/10/2004 03:19:00,70,37,95,-5,-86,1
03/10/2004 03:20:00,70,39,97,-5,-87,1
03/10/2004 03:21:00,70,41,98,-5,-87,1
03/10/2004 03:22:00,70,43,99,-6,-87,1
03/10/2004 03:23:00,70,45,99,-6,-88,1
03/10/2004 03:24:00,70,46,101,-6,-88,1
03/10/2004 03:25:00,70,48,103,-6,-88,1
03/10/2004 03:26:00,70,45,101,-5,-89,1
03/10/2004 03:27:00,70,45,98,-6,-90,1
03/10/2004 03:28:00,70,45,97,-6,-89,1
03/10/2004 03:29:00,70,44,98,-7,-88,1
03/10/2004 03:30:00,70,43,98,-7,-88,1
03/10/2004 03:31:00,70,41,97,-6,-88,1
03/10/2004 03:32:00,70,39,98,-6,-88,1
03/10/2004 03:33:00,70,37,96,-6,-88,1
03/10/2004 03:34:00,70,36,93,-7,-88,1
03/10/2004 03:35:00,70,36,91,-7,-88,1
03/10/2004 03:36:00,70,37,90,-8,-88,1
03/10/2004 03:37:00,70,36,91,-8,-89,1
03/10/2004 03:38:00,70,36,90,-8,-89,1
03/10/2004 03:39:00,70,36,89,-8,-89,1
03/10/2004 03:40:00,70,39,88,-8,-89,1
03/10/2004 03:41:00,70,42,88,-8,-89,1
03/10/2004 03:42:00,70,44,89,-8,-90,1
03/10/2004 03:43:00,70,46,89,-8,-91,1
03/10/2004 03:44:00,70,47,90,-7,-91,1
03/10/2004 03:45:00,70,49,89,-7,-91,1
03/10/2004 03:46:00,70,50,89,-7,-92,1
03/10/2004 03:47:00,70,51,90,-7,-93,1
03/10/2004 03:48:00,70,51,90,-7,-93,1
03/10/2004 03:49:00,70,51,90,-6,-94,1
03/10/2004 03:50:00,70,52,90,-6,-93,1
03/10/2004 03:51:00,70,51,91,-6,-91,1
03/10/2004 03:52:00,70,48,94,-5,-90,1
03/10/2004 03:53:00,70,46,92,-4,-89,1
03/10/2004 03:54:00,70,47,89,-5,-89,1
03/10/2004 03:55:00,70,46,89,-5,-90,1
03/10/2004 03:56:00,70,45,88,-5,-89,1
03/10/2004 03:57:00,70,45,91,-5,-89,1
03/10/2004 03:58:00,70,45,93,-5,-89,1
03/10/2004 03:59:00,70,46,95,-5,-89,1
03/10/2004 04:00:00,70,45,96,-5,-89,1
03/10/2004 04:01:00,70,45,95,-5,-88,1
03/10/2004 04:02:00,70,45,93,-5,-87,1
03/10/2004 04:03:00,70,46,93,-4,-86,1
03/10/2004 04:04:00,70,48,93,-3,-85,1
03/10/2004 04:05:00,70,56,93,-2,-83,1
03/10/2004 04:06:00,70,60,94,-1,-81,1
03/10/2004 04:07:00,70,63,94,0,-80,1
03/10/2004 04:08:00,70,67,95,2,-79,1
03/10/2004 04:09:00,70,69,93,3,-79,1
03/10/2004 04:10:00,70,70,93,3,-78,1
03/10/2004 04:11:00,70,68,93,4,-78,1
03/10/2004 04:12:00,70,63,91,3,-77,1
03/10/2004 04:13:00,70,58,92,2,-77,1
03/10/2004 04:14:00,70,51,91,1,-77,1
03/10/2004 04:15:00,70,45,91,0,-77,1
03/10/2004 04:16:00,70,48,90,-1,-76,1
03/10/2004 04:17:00,70,51,93,-1,-76,1
03/10/2004 04:18:00,70,55,93,-2,-74,1
03/10/2004 04:19:00,70,57,92,-2,-74,1
03/10/2004 04:20:00,70,57,92,-3,-73,1
03/10/2004 04:21:00,70,57,92,-3,-73,1
03/10/2004 04:22:00,70,56,91,-4,-72,1
03/10/2004 04:23:00,70,56,90,-4,-72,1
03/10/2004 04:24:00,70,56,88,-4,-73,1
03/10/2004 04:25:00,70,57,86,-4,-72,1
03/10/2004 04:26:00,70,57,82,-4,-72,1
03/10/2004 04:27:00,70,57,80,-4,-72,1
03/10/2004 04:28:00,70,56,78,-4,-72,1
03/10/2004 04:29:00,70,56,76,-4,-72,1
03/10/2004 04:30:00,70,55,76,-4,-72,1
03/10/2004 04:31:00,70,54,76,-3,-72,1
03/10/2004 04:32:00,70,54,76,-4,-71,1
03/10/2004 04:33:00,70,54,76,-4,-71,1
03/10/2004 04:34:00,70,54,77,-4,-71,1
03/10/2004 04:35:00,70,55,77,-4,-71,1
03/10/2004 04:36:00,70,55,77,-4,-71,1
03/10/2004 04:37:00,70,56,76,-5,-70,1
03/10/2004 04:38:00,70,56,76,-4,-71,1
03/10/2004 04:39:00,70,58,75,-5,-71,1
03/10/2004 04:40:00,70,60,75,-5,-72,1
03/10/2004 04:41:00,70,61,75,-5,-73,1
03/10/2004 04:42:00,70,61,76,-4,-73,1
03/10/2004 04:43:00,70,61,75,-4,-73,1
03/10/2004 04:44:00,70,60,75,-5,-74,1
03/10/2004 04:45:00,70,57,75,-5,-75,1
03/10/2004 04:46:00,70,54,75,-4,-75,1
03/10/2004 04:47:00,70,53,76,-4,-76,1
03/10/2004 04:48:00,70,51,76,-3,-77,1
03/10/2004 04:49:00,70,49,76,-3,-78,1
03/10/2004 04:50:00,70,47,75,-2,-80,1
03/10/2004 04:51:00,70,44,76,0,-81,1
03/10/2004 04:52:00,70,41,78,1,-81,1
03/10/2004 04:53:00,70,48,76,2,-81,1
03/10/2004 04:54:00,70,53,75,4,-82,1
03/10/2004 04:55:00,70,59,74,5,-83,1
03/10/2004 04:56:00,70,64,75,6,-83,1
03/10/2004 04:57:00,70,68,73,7,-83,1
03/10/2004 04:58:00,70,69,74,7,-84,1
03/10/2004 04:59:00,70,70,77,7,-84,1
03/10/2004 05:00:00,70,69,80,7,-84,1
03/10/2004 05:01:00,70,69,83,7,-84,1
03/10/2004 05:02:00,70,69,89,7,-84,1
03/10/2004 05:03:00,70,67,93,7,-84,1
03/10/2004 05:04:00,70,64,93,6,-84,1
03/10/2004 05:05:00,70,63,93,6,-84,1
03/10/2004 05:06:00,70,63,93,5,-83,1
03/10/2004 05:07:00,70,61,93,5,-84,1
03/10/2004 05:08:00,70,58,92,4,-84,1
03/10/2004 05:09:00,70,56,91,4,-84,1
03/10/2004 05:10:00,70,53,90,4,-85,1
03/10/2004 05:11:00,70,53,90,3,-85,1
03/10/2004 05:12:00,70,52,88,3,-86,1
03/10/2004 05:13:00,70,53,89,4,-87,1
03/10/2004 05:14:00,70,53,86,4,-88,1
03/10/2004 05:15:00,70,52,86,4,-89,1
03/10/2004 05:16:00,70,53,87,4,-91,1
03/10/2004 05:17:00,70,54,89,4,-91,1
03/10/2004 05:18:00,70,53,92,4,-92,1
03/10/2004 05:19:00,70,56,94,4,-93,1
03/10/2004 05:20:00,70,59,94,4,-93,1
03/10/2004 05:21:00,70,62,96,4,-93,1
03/10/2004 05:22:00,70,63,97,5,-94,1
03/10/2004 05:23:00,70,61,100,6,-96,1
03/10/2004 05:24:00,70,60,102,6,-97,1
03/10/2004 05:25:00,70,63,105,6,-98,1
03/10/2004 05:26:00,70,67,108,6,-99,1
03/10/2004 05:27:00,70,71,109,7,-99,1
03/10/2004 05:28:00,70,74,110,8,-99,1
03/10/2004 05:29:00,70,76,109,9,-100,1
03/10/2004 05:30:00,70,78,108,10,-101,1
03/10/2004 05:31:00,70,78,109,11,-101,1
03/10/2004 05:32:00,70,78,110,12,-101,1
03/10/2004 05:33:00,70,81,111,12,-101,1
03/10/2004 05:34:00,70,79,109,13,-101,1
03/10/2004 05:35:00,70,80,109,13,-100,1
03/10/2004 05:36:00,70,79,110,13,-99,1
03/10/2004 05:37:00,70,81,109,13,-98,1
03/10/2004 05:38:00,70,82,107,13,-97,1
03/10/2004 05:39:00,70,83,106,13,-95,1
03/10/2004 05:40:00,70,83,104,13,-94,1
03/10/2004 05:41:00,70,83,104,13,-94,1
03/10/2004 05:42:00,70,81,103,13,-93,1
03/10/2004 05:43:00,70,78,101,13,-92,1
03/10/2004 05:44:00,70,75,100,12,-92,1
03/10/2004 05:45:00,70,73,98,12,-92,1
03/10/2004 05:46:00,70,69,95,12,-92,1
03/10/2004 05:47:00,70,67,92,11,-91,1
03/10/2004 05:48:00,70,64,91,10,-91,1
03/10/2004 05:49:00,70,60,89,10,-91,1
03/10/2004 05:50:00,70,58,87,10,-91,1
03/10/2004 05:51:00,70,59,86,10,-91,1
03/10/2004 05:52:00,70,59,85,10,-90,1
03/10/2004 05:53:00,70,57,85,9,-89,1
03/10/2004 05:54:00,70,56,84,9,-88,1
03/10/2004 05:55:00,70,56,82,8,-87,1
03/10/2004 05:56:00,70,56,83,7,-85,1
03/10/2004 05:57:00,70,58,80,6,-83,1
03/10/2004 05:58:00,70,58,77,5,-81,1
03/10/2004 05:59:00,70,54,73,4,-79,1
03/10/2004 06:00:00,70,48,70,4,-78,1
03/10/2004 06:01:00,70,48,68,3,-77,1
03/10/2004 06:02:00,70,50,69,3,-77,1
03/10/2004 06:03:00,70,53,70,2,-78,1
03/10/2004 06:04:00,70,52,70,2,-78,1
03/10/2004 06:05:00,70,50,70,3,-78,1
03/10/2004 06:06:00,70,47,68,4,-77,1
03/10/2004 06:07:00,70,46,65,5,-77,1
03/10/2004 06:08:00,70,45,65,4,-76,1
03/10/2004 06:09:00,70,45,66,4,-75,1
03/10/2004 06:10:00,70,44,65,4,-76,1
03/10/2004 06:11:00,70,46,65,3,-77,1
03/10/2004 06:12:00,70,46,66,3,-77,1
03/10/2004 06:13:00,70,44,67,3,-76,1
03/10/2004 06:14:00,70,43,66,2,-75,1
03/10/2004 06:15:00,70,40,64,2,-74,1
03/10/2004 06:16:00,70,39,62,1,-73,1
03/10/2004 06:17:00,70,38,62,1,-72,1
03/10/2004 06:18:00,70,36,61,1,-71,1
03/10/2004 06:19:00,70,34,60,0,-71,1
03/10/2004 06:20:00,70,33,59,0,-71,1
03/10/2004 06:21:00,70,33,59,0,-71,1
03/10/2004 06:22:00,70,32,59,0,-71,1
03/10/2004 06:23:00,70,31,58,0,-72,1
03/10/2004 06:24:00,70,29,58,1,-72,1
03/10/2004 06:25:00,70,29,57,1,-72,1
03/10/2004 06:26:00,70,28,56,1,-71,1
03/10/2004 06:27:00,70,29,56,1,-71,1
03/10/2004 06:28:00,70,29,55,1,-71,1
03/10/2004 06:29:00,70,27,55,1,-71,1
03/10/2004 06:30:00,70,28,54,1,-70,1
03/10/2004 06:31:00,70,29,55,1,-69,1
03/10/2004 06:32:00,70,29,53,1,-68,1
03/10/2004 06:33:00,70,31,54,1,-68,1
03/10/2004 06:34:00,70,32,53,0,-67,1
03/10/2004 06:35:00,70,35,54,0,-66,1
03/10/2004 06:36:00,70,35,55,0,-66,1
03/10/2004 06:37:00,70,34,55,0,-65,1
03/10/2004 06:38:00,70,36,54,0,-64,1
03/10/2004 06:39:00,70,36,54,0,-63,1
03/10/2004 06:40:00,70,37,57,-1,-63,1
03/10/2004 06:41:00,70,38,58,-1,-62,1
03/10/2004 06:42:00,70,38,58,-2,-62,1
03/10/2004 06:43:00,70,37,57,-1,-62,1
03/10/2004 06:44:00,70,36,55,-1,-62,1
03/10/2004 06:45:00,70,36,54,0,-62,1
03/10/2004 06:46:00,70,35,56,0,-61,1
03/10/2004 06:47:00,70,34,57,-1,-61,1
03/10/2004 06:48:00,70,33,58,-1,-61,1
03/10/2004 06:49:00,70,31,58,-1,-60,1
03/10/2004 06:50:00,70,30,56,-1,-60,1
03/10/2004 06:51:00,70,29,56,-1,-61,1
03/10/2004 06:52:00,70,27,56,-1,-62,1
03/10/2004 06:53:00,70,26,56,-1,-63,1
03/10/2004 06:54:00,70,24,55,0,-63,1
03/10/2004 06:55:00,70,23,53,0,-64,1
03/10/2004 06:56:00,70,21,52,1,-64,1
03/10/2004 06:57:00,70,21,52,1,-65,1
03/10/2004 06:58:00,70,21,53,1,-66,1
03/10/2004 06:59:00,70,20,52,1,-65,1
03/10/2004 07:00:00,70,20,50,1,-64,1
03/10/2004 07:01:00,70,19,49,1,-63,1
03/10/2004 07:02:00,70,18,48,1,-62,1
03/10/2004 07:03:00,70,20,47,1,-62,1
03/10/2004 07:04:00,70,23,49,0,-61,1
03/10/2004 07:05:00,70,25,49,0,-61,1
03/10/2004 07:06:00,70,27,49,-1,-58,1
03/10/2004 07:07:00,70,30,48,-1,-57,1
03/10/2004 07:08:00,70,34,51,-2,-55,1
03/10/2004 07:09:00,70,37,53,-3,-55,1
03/10/2004 07:10:00,70,40,57,-4,-56,1
03/10/2004 07:11:00,70,43,59,-4,-56,1
03/10/2004 07:12:00,70,45,57,-4,-56,1
03/10/2004 07:13:00,70,44,57,-3,-57,1
03/10/2004 07:14:00,70,45,58,-3,-58,1
03/10/2004 07:15:00,70,44,59,-2,-59,1
03/10/2004 07:16:00,70,44,58,-2,-60,1
03/10/2004 07:17:00,70,43,58,-1,-59,1
03/10/2004 07:18:00,70,46,60,-2,-58,1
03/10/2004 07:19:00,70,47,62,-2,-58,1
03/10/2004 07:20:00,70,46,61,-2,-60,1
03/10/2004 07:21:00,70,45,61,-1,-61,1
03/10/2004 07:22:00,70,43,60,0,-62,1
03/10/2004 07:23:00,70,42,62,0,-64,1
03/10/2004 07:24:00,70,43,62,0,-64,1
03/10/2004 07:25:00,70,42,63,0,-64,1
03/10/2004 07:26:00,70,43,63,0,-64,1
03/10/2004 07:27:00,70,45,62,-1,-62,1
03/10/2004 07:28:00,70,46,62,-1,-61,1
03/10/2004 07:29:00,70,48,63,-1,-61,1
03/10/2004 07:30:00,70,50,63,-1,-61,1
03/10/2004 07:31:00,70,51,65,-2,-61,1
03/10/2004 07:32:00,70,52,65,-2,-61,1
03/10/2004 07:33:00,70,55,64,-2,-60,1
03/10/2004 07:34:00,70,57,65,-2,-60,1
03/10/2004 07:35:00,70,56,65,-2,-61,1
03/10/2004 07:36:00,70,56,66,-2,-61,1
03/10/2004 07:37:00,70,55,67,-1,-63,1
03/10/2004 07:38:00,70,53,67,-1,-65,1
03/10/2004 07:39:00,70,50,68,0,-67,1
03/10/2004 07:40:00,70,48,66,0,-69,1
03/10/2004 07:41:00,70,47,64,1,-70,1
03/10/2004 07:42:00,70,47,63,1,-71,1
03/10/2004 07:43:00,70,48,63,2,-72,1
03/10/2004 07:44:00,70,48,61,2,-74,1
03/10/2004 07:45:00,70,49,60,3,-75,1
03/10/2004 07:46:00,70,49,60,4,-78,1
03/10/2004 07:47:00,70,51,63,5,-80,1
03/10/2004 07:48:00,70,49,63,5,-80,1
03/10/2004 07:49:00,70,46,65,6,-80,1
03/10/2004 07:50:00,70,45,65,5,-79,1
03/10/2004 07:51:00,70,46,63,5,-79,1
03/10/2004 07:52:00,70,47,66,4,-80,1
03/10/2004 07:53:00,70,49,71,3,-80,1
03/10/2004 07:54:00,70,50,78,3,-80,1
03/10/2004 07:55:00,70,49,83,2,-81,1
03/10/2004 07:56:00,70,47,87,2,-82,1
03/10/2004 07:57:00,70,46,91,2,-84,1
03/10/2004 07:58:00,70,49,94,1,-84,1
03/10/2004 07:59:00,70,51,97,1,-84,1
03/10/2004 08:00:00,70,52,101,0,-83,1
03/10/2004 08:01:00,70,54,107,0,-84,1
03/10/2004 08:02:00,70,53,115,0,-84,1
03/10/2004 08:03:00,70,54,122,0,-85,1
03/10/2004 08:04:00,70,55,128,0,-86,1
03/10/2004 08:05:00,70,57,134,1,-87,1
03/10/2004 08:06:00,70,58,139,2,-87,1
03/10/2004 08:07:00,70,59,140,2,-88,1
03/10/2004 08:08:00,70,59,143,3,-89,1
03/10/2004 08:09:00,70,59,145,4,-90,1
03/10/2004 08:10:00,70,59,146,5,-91,1
03/10/2004 08:11:00,70,59,147,6,-92,1
03/10/2004 08:12:00,70,57,144,7,-92,1
03/10/2004 08:13:00,70,59,141,8,-92,1
03/10/2004 08:14:00,70,63,139,9,-90,1
03/10/2004 08:15:00,70,64,136,10,-89,1
03/10/2004 08:16:00,70,67,131,11,-88,1
03/10/2004 08:17:00,70,67,128,12,-88,1
03/10/2004 08:18:00,70,68,125,13,-89,1
03/10/2004 08:19:00,70,68,121,14,-89,1
03/10/2004 08:20:00,70,67,116,14,-89,1
03/10/2004 08:21:00,70,66,110,15,-88,1
03/10/2004 08:22:00,70,67,103,15,-87,1
03/10/2004 08:23:00,70,65,101,15,-87,1
03/10/2004 08:24:00,70,64,100,15,-87,1
03/10/2004 08:25:00,70,62,99,15,-85,1
03/10/2004 08:26:00,70,61,98,15,-85,1
03/10/2004 08:27:00,70,61,99,16,-85,1
03/10/2004 08:28:00,70,61,96,15,-84,1
03/10/2004 08:29:00,70,60,96,15,-84,1
03/10/2004 08:30:00,70,60,93,15,-82,1
03/10/2004 08:31:00,70,58,91,14,-82,1
03/10/2004 08:32:00,70,59,87,14,-82,1
03/10/2004 08:33:00,70,58,85,14,-81,1
03/10/2004 08:34:00,70,56,84,14,-80,1
03/10/2004 08:35:00,70,54,81,13,-78,1
03/10/2004 08:36:00,70,55,77,12,-77,1
03/10/2004 08:37:00,70,55,68,11,-77,1
03/10/2004 08:38:00,70,53,62,11,-76,1
03/10/2004 08:39:00,70,51,60,10,-75,1
03/10/2004 08:40:00,70,50,58,10,-75,1
03/10/2004 08:41:00,70,49,56,9,-76,1
03/10/2004 08:42:00,70,48,56,10,-77,1
03/10/2004 08:43:00,70,46,61,11,-76,1
03/10/2004 08:44:00,70,45,62,11,-75,1
03/10/2004 08:45:00,70,45,61,11,-74,1
03/10/2004 08:46:00,70,45,57,10,-74,1
03/10/2004 08:47:00,70,44,51,10,-74,1
03/10/2004 08:48:00,70,43,48,10,-73,1
03/10/2004 08:49:00,70,43,48,10,-73,1
03/10/2004 08:50:00,70,42,48,10,-72,1
03/10/2004 08:51:00,70,41,43,10,-72,1
03/10/2004 08:52:00,70,42,40,10,-71,1
03/10/2004 08:53:00,70,41,37,10,-72,1
03/10/2004 08:54:00,70,39,33,10,-71,1
03/10/2004 08:55:00,70,37,32,11,-71,1
03/10/2004 08:56:00,70,34,32,11,-71,1
03/10/2004 08:57:00,70,31,32,11,-71,1
03/10/2004 08:58:00,70,26,34,10,-70,1
03/10/2004 08:59:00,70,25,34,10,-69,1
03/10/2004 09:00:00,70,23,34,10,-69,1
03/10/2004 09:01:00,70,21,32,9,-69,1
03/10/2004 09:02:00,70,20,34,9,-69,1
03/10/2004 09:03:00,70,16,37,9,-69,1
03/10/2004 09:04:00,70,15,41,9,-68,1
03/10/2004 09:05:00,70,14,42,9,-68,1
03/10/2004 09:06:00,70,17,45,9,-66,1
03/10/2004 09:07:00,70,19,44,9,-64,1
03/10/2004 09:08:00,70,18,39,7,-64,1
03/10/2004 09:09:00,70,19,37,7,-63,1
03/10/2004 09:10:00,70,18,35,7,-64,1
03/10/2004 09:11:00,70,19,31,7,-64,1
03/10/2004 09:12:00,70,19,29,7,-64,1
03/10/2004 09:13:00,70,19,29,7,-65,1
03/10/2004 09:14:00,70,19,31,7,-64,1
03/10/2004 09:15:00,70,19,32,7,-63,1
03/10/2004 09:16:00,70,18,32,7,-64,1
03/10/2004 09:17:00,70,19,30,7,-65,1
03/10/2004 09:18:00,70,19,30,7,-66,1
03/10/2004 09:19:00,70,20,32,7,-66,1
03/10/2004 09:20:00,70,22,31,7,-67,1
03/10/2004 09:21:00,70,24,31,7,-68,1
03/10/2004 09:22:00,70,26,33,7,-68,1
03/10/2004 09:23:00,70,28,37,7,-68,1
03/10/2004 09:24:00,70,28,37,7,-69,1
03/10/2004 09:25:00,70,28,39,7,-69,1
03/10/2004 09:26:00,70,28,40,6,-69,1
03/10/2004 09:27:00,70,30,39,6,-70,1
03/10/2004 09:28:00,70,30,40,6,-69,1
03/10/2004 09:29:00,70,31,40,6,-68,1
03/10/2004 09:30:00,70,30,39,5,-68,1
03/10/2004 09:31:00,70,29,36,6,-68,1
03/10/2004 09:32:00,70,29,35,5,-67,1
03/10/2004 09:33:00,70,29,34,5,-67,1
03/10/2004 09:34:00,70,29,35,6,-66,1
03/10/2004 09:35:00,70,29,36,6,-66,1
03/10/2004 09:36:00,70,29,36,5,-66,1
03/10/2004 09:37:00,70,29,33,5,-67,1
03/10/2004 09:38:00,70,29,32,5,-69,1
03/10/2004 09:39:00,70,28,34,5,-69,1
03/10/2004 09:40:00,70,26,37,5,-70,1
03/10/2004 09:41:00,70,25,38,6,-70,1
03/10/2004 09:42:00,70,26,39,6,-70,1
03/10/2004 09:43:00,70,25,38,6,-69,1
03/10/2004 09:44:00,70,25,39,6,-69,1
03/10/2004 09:45:00,70,25,39,6,-68,1
03/10/2004 09:46:00,70,25,37,6,-67,1
03/10/2004 09:47:00,70,25,38,6,-66,1
03/10/2004 09:48:00,70,26,35,5,-66,1
03/10/2004 09:49:00,70,25,34,6,-66,1
03/10/2004 09:50:00,70,24,33,6,-66,1
03/10/2004 09:51:00,70,23,33,6,-68,1
03/10/2004 09:52:00,70,23,34,6,-69,1
03/10/2004 09:53:00,70,24,36,6,-69,1
03/10/2004 09:54:00,70,25,42,6,-68,1
03/10/2004 09:55:00,70,25,44,6,-68,1
03/10/2004 09:56:00,70,25,43,6,-67,1
03/10/2004 09:57:00,70,26,42,6,-67,1
03/10/2004 09:58:00,70,26,44,6,-65,1
03/10/2004 09:59:00,70,27,43,5,-65,1
03/10/2004 10:00:00,70,28,41,5,-65,1
03/10/2004 10:01:00,70,29,40,6,-65,1
03/10/2004 10:02:00,70,30,42,6,-64,1
03/10/2004 10:03:00,70,31,42,6,-64,1
03/10/2004 10:04:00,70,32,42,6,-64,1
03/10/2004 10:05:00,70,33,41,6,-64,1
03/10/2004 10:06:00,70,33,40,6,-64,1
03/10/2004 10:07:00,70,33,39,6,-64,1
03/10/2004 10:08:00,70,33,37,6,-65,1
03/10/2004 10:09:00,70,33,38,6,-64,1
03/10/2004 10:10:00,70,33,40,6,-63,1
03/10/2004 10:11:00,70,34,39,6,-64,1
03/10/2004 10:12:00,70,34,41,6,-64,1
03/10/2004 10:13:00,70,34,40,6,-65,1
03/10/2004 10:14:00,70,33,38,6,-65,1
03/10/2004 10:15:00,70,34,41,6,-65,1
03/10/2004 10:16:00,70,33,42,5,-66,1
03/10/2004 10:17:00,70,34,44,6,-66,1
03/10/2004 10:18:00,70,34,45,5,-66,1
03/10/2004 10:19:00,70,33,44,5,-66,1
03/10/2004 10:20:00,70,32,42,5,-65,1
03/10/2004 10:21:00,70,32,42,5,-65,1
03/10/2004 10:22:00,70,31,41,5,-64,1
03/10/2004 10:23:00,70,30,41,5,-63,1
03/10/2004 10:24:00,70,30,42,5,-62,1
03/10/2004 10:25:00,70,28,41,4,-62,1
03/10/2004 10:26:00,70,28,37,4,-62,1
03/10/2004 10:27:00,70,28,33,4,-63,1
03/10/2004 10:28:00,70,27,32,4,-63,1
03/10/2004 10:29:00,70,28,32,4,-64,1
03/10/2004 10:30:00,70,28,32,4,-65,1
03/10/2004 10:31:00,70,28,32,4,-66,1
03/10/2004 10:32:00,70,28,35,4,-66,1
03/10/2004 10:33:00,70,29,38,4,-65,1
03/10/2004 10:34:00,70,28,38,4,-64,1
03/10/2004 10:35:00,70,28,37,4,-64,1
03/10/2004 10:36:00,70,28,35,4,-65,1
03/10/2004 10:37:00,70,28,34,4,-65,1
03/10/2004 10:38:00,70,28,35,5,-65,1
03/10/2004 10:39:00,70,27,35,5,-65,1
03/10/2004 10:40:00,70,25,32,5,-65,1
03/10/2004 10:41:00,70,23,33,4,-66,1
03/10/2004 10:42:00,70,24,33,4,-66,1
03/10/2004 10:43:00,70,23,35,5,-66,1
03/10/2004 10:44:00,70,23,36,4,-65,1
03/10/2004 10:45:00,70,23,36,4,-65,1
03/10/2004 10:46:00,70,22,34,4,-65,1
03/10/2004 10:47:00,70,22,34,4,-65,1
03/10/2004 10:48:00,70,22,34,4,-64,1
03/10/2004 10:49:00,70,21,34,3,-64,1
03/10/2004 10:50:00,70,20,32,3,-64,1
03/10/2004 10:51:00,70,19,30,3,-64,1
03/10/2004 10:52:00,70,18,28,3,-64,1
03/10/2004 10:53:00,70,17,30,3,-63,1
03/10/2004 10:54:00,70,17,29,3,-63,1
03/10/2004 10:55:00,70,18,29,3,-62,1
03/10/2004 10:56:00,70,18,28,3,-62,1
03/10/2004 10:57:00,70,18,28,3,-61,1
03/10/2004 10:58:00,70,19,27,3,-60,1
03/10/2004 10:59:00,70,20,27,3,-59,1
03/10/2004 11:00:00,70,20,29,3,-58,1
03/10/2004 11:01:00,70,21,30,4,-57,1
03/10/2004 11:02:00,70,21,31,4,-56,1
03/10/2004 11:03:00,70,21,31,4,-57,1
03/10/2004 11:04:00,70,20,31,5,-59,1
03/10/2004 11:05:00,70,20,32,5,-59,1
03/10/2004 11:06:00,70,20,31,5,-59,1
03/10/2004 11:07:00,70,19,29,5,-60,1
03/10/2004 11:08:00,70,19,27,5,-60,1
03/10/2004 11:09:00,70,19,28,5,-58,1
03/10/2004 11:10:00,70,19,31,5,-57,1
03/10/2004 11:11:00,70,19,25,4,-57,1
03/10/2004 11:12:00,70,19,23,4,-58,1
03/10/2004 11:13:00,70,20,26,4,-56,1
03/10/2004 11:14:00,70,19,23,4,-55,1
03/10/2004 11:15:00,70,16,19,3,-58,1
03/10/2004 11:16:00,70,15,17,3,-60,1
03/10/2004 11:17:00,70,17,17,4,-59,1
03/10/2004 11:18:00,70,17,16,3,-58,1
03/10/2004 11:19:00,70,18,16,3,-58,1
03/10/2004 11:20:00,70,17,16,3,-58,1
03/10/2004 11:21:00,70,17,16,3,-57,1
03/10/2004 11:22:00,70,17,16,3,-57,1
03/10/2004 11:23:00,70,18,16,2,-58,1
03/10/2004 11:24:00,70,17,17,2,-57,1
03/10/2004 11:25:00,70,16,17,2,-57,1
03/10/2004 11:26:00,70,16,17,2,-57,1
03/10/2004 11:27:00,70,17,17,2,-57,1
03/10/2004 11:28:00,70,15,18,2,-57,1
03/10/2004 11:29:00,70,15,18,2,-57,1
03/10/2004 11:30:00,70,13,19,2,-57,1
03/10/2004 11:31:00,70,14,18,2,-57,1
03/10/2004 11:32:00,70,13,19,2,-57,1
03/10/2004 11:33:00,70,12,19,2,-56,1
03/10/2004 11:34:00,70,11,20,2,-57,1
03/10/2004 11:35:00,70,11,20,2,-57,1
03/10/2004 11:36:00,70,11,19,2,-57,1
03/10/2004 11:37:00,70,11,18,2,-56,1
03/10/2004 11:38:00,70,10,19,1,-55,1
03/10/2004 11:39:00,70,9,19,1,-54,1
03/10/2004 11:40:00,70,8,19,2,-55,1
03/10/2004 11:41:00,70,9,19,2,-54,1
03/10/2004 11:42:00,70,9,19,1,-54,1
03/10/2004 11:43:00,70,8,18,1,-54,1
03/10/2004 11:44:00,70,8,19,1,-53,1
03/10/2004 11:45:00,70,8,18,1,-54,1
03/10/2004 11:46:00,70,9,17,1,-54,1
03/10/2004 11:47:00,70,9,15,1,-56,1
03/10/2004 11:48:00,70,10,16,1,-56,1
03/10/2004 11:49:00,70,10,18,1,-56,1
03/10/2004 11:50:00,70,10,17,1,-55,1
03/10/2004 11:51:00,70,9,16,1,-55,1
03/10/2004 11:52:00,70,9,16,1,-55,1
03/10/2004 11:53:00,70,10,16,1,-55,1
03/10/2004 11:54:00,70,12,18,1,-53,1
03/10/2004 11:55:00,70,10,18,0,-52,1
03/10/2004 11:56:00,70,9,18,1,-53,1
03/10/2004 11:57:00,70,10,18,1,-53,1
03/10/2004 11:58:00,70,11,20,1,-53,1
03/10/2004 11:59:00,70,11,19,1,-53,1
03/10/2004 12:00:00,70,12,19,1,-53,1
03/10/2004 12:01:00,70,13,18,1,-54,1
03/10/2004 12:02:00,70,13,18,1,-55,1
03/10/2004 12:03:00,70,13,18,1,-55,1
03/10/2004 12:04:00,70,14,17,1,-55,1
03/10/2004 12:05:00,70,14,17,1,-55,1
03/10/2004 12:06:00,70,13,15,1,-55,1
03/10/2004 12:07:00,70,14,15,0,-57,1
03/10/2004 12:08:00,70,14,15,1,-57,1
03/10/2004 12:09:00,70,15,17,0,-55,1
03/10/2004 12:10:00,70,12,16,0,-53,1
03/10/2004 12:11:00,70,11,16,0,-54,1
03/10/2004 12:12:00,70,12,16,1,-55,1
03/10/2004 12:13:00,70,14,16,1,-56,1
03/10/2004 12:14:00,70,14,17,1,-55,1
03/10/2004 12:15:00,70,13,16,0,-53,1
03/10/2004 12:16:00,70,13,14,0,-52,1
03/10/2004 12:17:00,70,12,16,0,-51,1
03/10/2004 12:18:00,70,13,17,1,-51,1
03/10/2004 12:19:00,70,13,17,0,-53,1
03/10/2004 12:20:00,70,14,18,0,-53,1
03/10/2004 12:21:00,70,14,17,0,-53,1
03/10/2004 12:22:00,70,13,17,0,-53,1
03/10/2004 12:23:00,70,13,17,0,-53,1
03/10/2004 12:24:00,70,13,17,0,-53,1
03/10/2004 12:25:00,70,13,17,0,-52,1
03/10/2004 12:26:00,70,13,17,0,-52,1
03/10/2004 12:27:00,70,13,17,0,-53,1
03/10/2004 12:28:00,70,14,16,0,-53,1
03/10/2004 12:29:00,70,14,16,0,-53,1
03/10/2004 12:30:00,70,14,15,0,-52,1
03/10/2004 12:31:00,70,14,15,0,-53,1
03/10/2004 12:32:00,70,14,15,0,-53,1
03/10/2004 12:33:00,70,14,15,0,-53,1
03/10/2004 12:34:00,70,14,16,0,-54,1
03/10/2004 12:35:00,70,14,16,0,-54,1
03/10/2004 12:36:00,70,16,15,0,-54,1
03/10/2004 12:37:00,70,17,15,0,-54,1
03/10/2004 12:38:00,70,16,15,0,-53,1
03/10/2004 12:39:00,70,15,15,0,-54,1
03/10/2004 12:40:00,70,15,16,0,-54,1
03/10/2004 12:41:00,70,16,16,1,-55,1
03/10/2004 12:42:00,70,17,16,1,-55,1
03/10/2004 12:43:00,70,16,17,1,-54,1
03/10/2004 12:44:00,70,15,20,1,-54,1
03/10/2004 12:45:00,70,16,21,1,-54,1
03/10/2004 12:46:00,70,16,19,2,-54,1
03/10/2004 12:47:00,70,16,17,1,-53,1
03/10/2004 12:48:00,70,15,21,1,-54,1
03/10/2004 12:49:00,70,14,21,1,-53,1
03/10/2004 12:50:00,70,14,19,1,-54,1
03/10/2004 12:51:00,70,14,18,1,-54,1
03/10/2004 12:52:00,70,14,18,1,-54,1
03/10/2004 12:53:00,70,13,17,1,-55,1
03/10/2004 12:54:00,70,13,17,0,-54,1
03/10/2004 12:55:00,70,14,16,1,-54,1
03/10/2004 12:56:00,70,12,19,1,-54,1
03/10/2004 12:57:00,70,12,19,2,-55,1
03/10/2004 12:58:00,70,13,15,1,-55,1
03/10/2004 12:59:00,70,13,13,1,-55,1
03/10/2004 13:00:00,70,15,13,1,-55,1
03/10/2004 13:01:00,70,15,14,1,-55,1
03/10/2004 13:02:00,70,15,14,1,-55,1
03/10/2004 13:03:00,70,14,12,1,-56,1
03/10/2004 13:04:00,70,15,12,1,-57,1
03/10/2004 13:05:00,70,15,12,0,-57,1
03/10/2004 13:06:00,70,17,12,0,-57,1
03/10/2004 13:07:00,70,19,11,0,-57,1
03/10/2004 13:08:00,70,18,12,0,-58,1
03/10/2004 13:09:00,70,17,12,1,-58,1
03/10/2004 13:10:00,70,17,12,1,-57,1
03/10/2004 13:11:00,70,18,12,0,-57,1
03/10/2004 13:12:00,70,19,12,0,-58,1
03/10/2004 13:13:00,70,21,11,0,-57,1
03/10/2004 13:14:00,70,21,12,0,-56,1
03/10/2004 13:15:00,70,20,12,0,-56,1
03/10/2004 13:16:00,70,19,14,0,-57,1
03/10/2004 13:17:00,70,19,14,0,-57,1
03/10/2004 13:18:00,70,18,14,0,-56,1
03/10/2004 13:19:00,70,20,14,1,-56,1
03/10/2004 13:20:00,70,20,19,1,-56,1
03/10/2004 13:21:00,70,20,22,1,-56,1
03/10/2004 13:22:00,70,20,19,1,-54,1
03/10/2004 13:23:00,70,21,24,0,-52,1
03/10/2004 13:24:00,70,17,39,2,-54,1
03/10/2004 13:25:00,70,19,39,3,-54,1
03/10/2004 13:26:00,70,21,34,4,-54,1
03/10/2004 13:27:00,70,22,37,5,-54,1
03/10/2004 13:28:00,70,23,42,6,-55,1
03/10/2004 13:29:00,70,24,44,6,-54,1
03/10/2004 13:30:00,70,25,48,6,-54,1
03/10/2004 13:31:00,70,27,44,6,-53,1
03/10/2004 13:32:00,70,27,44,7,-52,1
03/10/2004 13:33:00,70,28,46,7,-52,1
03/10/2004 13:34:00,70,32,48,6,-52,1
03/10/2004 13:35:00,70,35,50,6,-53,1
03/10/2004 13:36:00,70,38,50,6,-53,1
03/10/2004 13:37:00,70,39,50,6,-53,1
03/10/2004 13:38:00,70,40,53,6,-53,1
03/10/2004 13:39:00,70,42,52,6,-53,1
03/10/2004 13:40:00,70,43,51,5,-53,1
03/10/2004 13:41:00,70,45,53,5,-53,1
03/10/2004 13:42:00,70,47,59,5,-55,1
03/10/2004 13:43:00,70,49,55,5,-54,1
03/10/2004 13:44:00,70,50,55,5,-54,1
03/10/2004 13:45:00,70,50,57,5,-54,1
03/10/2004 13:46:00,70,51,58,5,-55,1
03/10/2004 13:47:00,70,50,56,5,-56,1
03/10/2004 13:48:00,70,48,55,5,-58,1
03/10/2004 13:49:00,70,47,54,4,-58,1
03/10/2004 13:50:00,70,46,52,4,-58,1
03/10/2004 13:51:00,70,47,50,3,-58,1
03/10/2004 13:52:00,70,50,51,3,-58,1
03/10/2004 13:53:00,70,49,51,3,-59,1
03/10/2004 13:54:00,70,48,45,2,-60,1
03/10/2004 13:55:00,70,50,47,1,-61,1
03/10/2004 13:56:00,70,51,52,0,-63,1
03/10/2004 13:57:00,70,50,52,-1,-63,1
03/10/2004 13:58:00,70,48,51,0,-64,1
03/10/2004 13:59:00,70,50,46,0,-65,1
03/10/2004 14:00:00,70,52,45,0,-65,1
03/10/2004 14:01:00,70,53,46,-1,-65,1
03/10/2004 14:02:00,70,54,46,-1,-66,1
03/10/2004 14:03:00,70,54,46,0,-66,1
03/10/2004 14:04:00,70,57,44,0,-65,1
03/10/2004 14:05:00,70,57,42,0,-65,1
03/10/2004 14:06:00,70,58,41,0,-65,1
03/10/2004 14:07:00,70,57,49,0,-66,1
03/10/2004 14:08:00,70,57,42,0,-65,1
03/10/2004 14:09:00,70,56,44,0,-66,1
03/10/2004 14:10:00,70,57,45,0,-66,1
03/10/2004 14:11:00,70,57,42,0,-66,1
03/10/2004 14:12:00,70,57,40,-1,-66,1
03/10/2004 14:13:00,70,58,39,-1,-65,1
03/10/2004 14:14:00,70,58,38,-1,-64,1
03/10/2004 14:15:00,70,55,38,-1,-65,1
03/10/2004 14:16:00,70,53,37,-1,-64,1
03/10/2004 14:17:00,70,51,35,-1,-64,1
03/10/2004 14:18:00,70,53,35,-1,-65,1
03/10/2004 14:19:00,70,52,33,-1,-66,1
03/10/2004 14:20:00,70,50,33,-1,-65,1
03/10/2004 14:21:00,70,48,32,-1,-66,1
03/10/2004 14:22:00,70,45,31,-1,-66,1
03/10/2004 14:23:00,70,46,30,-1,-66,1
03/10/2004 14:24:00,70,46,29,-1,-66,1
03/10/2004 14:25:00,70,45,30,-1,-65,1
03/10/2004 14:26:00,70,46,30,-1,-65,1
03/10/2004 14:27:00,70,46,30,-1,-65,1
03/10/2004 14:28:00,70,45,31,-1,-65,1
03/10/2004 14:29:00,70,43,31,-1,-65,1
03/10/2004 14:30:00,70,42,31,-1,-65,1
03/10/2004 14:31:00,70,42,31,-1,-64,1
03/10/2004 14:32:00,70,42,34,0,-64,1
03/10/2004 14:33:00,70,44,35,0,-64,1
03/10/2004 14:34:00,70,48,35,0,-64,1
03/10/2004 14:35:00,70,49,35,-1,-63,1
03/10/2004 14:36:00,70,47,37,0,-64,1
03/10/2004 14:37:00,70,49,36,0,-63,1
03/10/2004 14:38:00,70,50,34,-1,-63,1
03/10/2004 14:39:00,70,48,35,-1,-64,1
03/10/2004 14:40:00,70,47,35,0,-63,1
03/10/2004 14:41:00,70,51,35,-1,-62,1
03/10/2004 14:42:00,70,49,35,-1,-63,1
03/10/2004 14:43:00,70,46,36,-1,-62,1
03/10/2004 14:44:00,70,46,36,0,-61,1
03/10/2004 14:45:00,70,47,35,-1,-61,1
03/10/2004 14:46:00,70,45,34,-1,-61,1
03/10/2004 14:47:00,70,44,34,-1,-62,1
03/10/2004 14:48:00,70,43,34,-1,-61,1
03/10/2004 14:49:00,70,43,33,-2,-61,1
03/10/2004 14:50:00,70,40,33,-2,-61,1
03/10/2004 14:51:00,70,39,33,-1,-62,1
03/10/2004 14:52:00,70,40,33,-2,-63,1
03/10/2004 14:53:00,70,39,28,-2,-62,1
03/10/2004 14:54:00,70,36,28,-2,-61,1
03/10/2004 14:55:00,70,35,27,-2,-62,1
03/10/2004 14:56:00,70,36,26,-3,-61,1
03/10/2004 14:57:00,70,33,27,-2,-61,1
03/10/2004 14:58:00,70,31,27,-1,-61,1
03/10/2004 14:59:00,70,30,26,-2,-61,1
03/10/2004 15:00:00,70,29,23,-2,-61,1
03/10/2004 15:01:00,70,29,22,-2,-61,1
03/10/2004 15:02:00,70,29,20,-1,-61,1
03/10/2004 15:03:00,70,29,19,-1,-61,1
03/10/2004 15:04:00,70,29,19,-2,-61,1
03/10/2004 15:05:00,70,28,18,-1,-61,1
03/10/2004 15:06:00,70,27,18,-1,-61,1
03/10/2004 15:07:00,70,26,19,-1,-61,1
03/10/2004 15:08:00,70,26,19,0,-61,1
03/10/2004 15:09:00,70,27,19,0,-61,1
03/10/2004 15:10:00,70,27,20,0,-61,1
03/10/2004 15:11:00,70,27,20,0,-60,1
03/10/2004 15:12:00,70,26,20,0,-60,1
03/10/2004 15:13:00,70,28,19,0,-59,1
03/10/2004 15:14:00,70,27,21,0,-60,1
03/10/2004 15:15:00,70,29,21,0,-60,1
03/10/2004 15:16:00,70,31,20,-1,-59,1
03/10/2004 15:17:00,70,29,19,0,-59,1
03/10/2004 15:18:00,70,26,20,0,-59,1
03/10/2004 15:19:00,70,24,20,1,-59,1
03/10/2004 15:20:00,70,25,20,1,-59,1
03/10/2004 15:21:00,70,26,19,1,-59,1
03/10/2004 15:22:00,70,25,19,1,-59,1
03/10/2004 15:23:00,70,26,19,1,-59,1
03/10/2004 15:24:00,70,28,18,1,-58,1
03/10/2004 15:25:00,70,28,18,1,-58,1
03/10/2004 15:26:00,70,28,17,1,-59,1
03/10/2004 15:27:00,70,26,16,1,-59,1
03/10/2004 15:28:00,70,28,18,0,-59,1
03/10/2004 15:29:00,70,28,18,0,-58,1
03/10/2004 15:30:00,70,28,15,0,-58,1
03/10/2004 15:31:00,70,28,18,0,-58,1
03/10/2004 15:32:00,70,28,17,0,-58,1
03/10/2004 15:33:00,70,27,18,-1,-58,1
03/10/2004 15:34:00,70,25,17,0,-58,1
03/10/2004 15:35:00,70,23,17,0,-58,1
03/10/2004 15:36:00,70,23,17,0,-57,1
03/10/2004 15:37:00,70,23,16,0,-57,1
03/10/2004 15:38:00,70,23,16,0,-57,1
03/10/2004 15:39:00,70,23,17,0,-56,1
03/10/2004 15:40:00,70,22,15,0,-57,1
03/10/2004 15:41:00,70,21,15,0,-57,1
03/10/2004 15:42:00,70,20,14,0,-57,1
03/10/2004 15:43:00,70,20,17,1,-57,1
03/10/2004 15:44:00,70,20,18,1,-56,1
03/10/2004 15:45:00,70,20,16,1,-57,1
03/10/2004 15:46:00,70,21,17,1,-56,1
03/10/2004 15:47:00,70,20,16,0,-56,1
03/10/2004 15:48:00,70,20,15,0,-57,1
03/10/2004 15:49:00,70,20,14,0,-57,1
03/10/2004 15:50:00,70,19,14,0,-56,1
03/10/2004 15:51:00,70,20,17,1,-56,1
03/10/2004 15:52:00,70,19,16,1,-56,1
03/10/2004 15:53:00,70,19,15,1,-57,1
03/10/2004 15:54:00,70,20,16,1,-57,1
03/10/2004 15:55:00,70,19,14,0,-57,1
03/10/2004 15:56:00,70,19,15,1,-57,1
03/10/2004 15:57:00,70,19,15,1,-57,1
03/10/2004 15:58:00,70,19,19,1,-57,1
03/10/2004 15:59:00,70,20,21,0,-57,1
03/10/2004 16:00:00,70,19,16,0,-58,1
03/10/2004 16:01:00,70,20,16,0,-59,1
03/10/2004 16:02:00,70,20,17,0,-59,1
03/10/2004 16:03:00,70,19,18,-1,-59,1
03/10/2004 16:04:00,70,18,17,-1,-59,1
03/10/2004 16:05:00,70,18,15,-1,-59,1
03/10/2004 16:06:00,70,17,16,-1,-59,1
03/10/2004 16:07:00,70,17,16,-1,-59,1
03/10/2004 16:08:00,70,16,17,-1,-59,1
03/10/2004 16:09:00,70,16,17,-1,-59,1
03/10/2004 16:10:00,70,16,18,-1,-58,1
03/10/2004 16:11:00,70,16,19,0,-58,1
03/10/2004 16:12:00,70,16,19,-1,-57,1
03/10/2004 16:13:00,70,16,17,0,-58,1
03/10/2004 16:14:00,70,15,16,-1,-57,1
03/10/2004 16:15:00,70,15,15,0,-58,1
03/10/2004 16:16:00,70,15,13,-1,-57,1
03/10/2004 16:17:00,70,16,14,-1,-56,1
03/10/2004 16:18:00,70,16,14,-1,-56,1
03/10/2004 16:19:00,70,15,13,-1,-56,1
03/10/2004 16:20:00,70,16,16,0,-56,1
03/10/2004 16:21:00,70,15,17,0,-56,1
03/10/2004 16:22:00,70,15,16,0,-56,1
03/10/2004 16:23:00,70,15,16,-1,-56,1
03/10/2004 16:24:00,70,14,14,-1,-56,1
03/10/2004 16:25:00,70,14,14,0,-56,1
03/10/2004 16:26:00,70,14,17,-1,-55,1
03/10/2004 16:27:00,70,14,17,-1,-55,1
03/10/2004 16:28:00,70,14,18,-1,-55,1
03/10/2004 16:29:00,70,14,17,-1,-55,1
03/10/2004 16:30:00,70,13,16,-1,-55,1
03/10/2004 16:31:00,70,14,16,-1,-55,1
03/10/2004 16:32:00,70,13,14,-1,-56,1
03/10/2004 16:33:00,70,13,17,-1,-56,1
03/10/2004 16:34:00,70,14,15,-1,-56,1
03/10/2004 16:35:00,70,13,13,-1,-56,1
03/10/2004 16:36:00,70,13,14,-1,-56,1
03/10/2004 16:37:00,70,14,15,-1,-56,1
03/10/2004 16:38:00,70,14,16,-1,-56,1
03/10/2004 16:39:00,70,13,14,-1,-55,1
03/10/2004 16:40:00,70,13,15,-1,-56,1
03/10/2004 16:41:00,70,12,14,-1,-55,1
03/10/2004 16:42:00,70,13,19,-1,-54,1
03/10/2004 16:43:00,70,13,19,-1,-54,1
03/10/2004 16:44:00,70,12,20,-1,-53,1
03/10/2004 16:45:00,70,12,21,-1,-53,1
03/10/2004 16:46:00,70,13,20,-1,-53,1
03/10/2004 16:47:00,70,13,20,-1,-53,1
03/10/2004 16:48:00,70,13,20,-1,-53,1
03/10/2004 16:49:00,70,14,18,-2,-53,1
03/10/2004 16:50:00,70,14,14,-2,-53,1
03/10/2004 16:51:00,70,13,14,-2,-53,1
03/10/2004 16:52:00,70,14,14,-2,-53,1
03/10/2004 16:53:00,70,14,14,-2,-52,1
03/10/2004 16:54:00,70,14,16,-2,-51,1
03/10/2004 16:55:00,70,16,19,-1,-50,1
03/10/2004 16:56:00,70,16,20,-1,-51,1
03/10/2004 16:57:00,70,16,19,-1,-50,1
03/10/2004 16:58:00,70,17,19,-2,-50,1
03/10/2004 16:59:00,70,17,16,-1,-50,1
03/10/2004 17:00:00,70,17,15,-2,-51,1
03/10/2004 17:01:00,70,17,13,-2,-51,1
03/10/2004 17:02:00,70,17,13,-2,-51,1
03/10/2004 17:03:00,70,16,12,-2,-51,1
03/10/2004 17:04:00,70,15,12,-2,-51,1
03/10/2004 17:05:00,70,16,12,-2,-52,1
03/10/2004 17:06:00,70,15,12,-2,-51,1
03/10/2004 17:07:00,70,15,12,-2,-51,1
03/10/2004 17:08:00,70,14,13,-2,-51,1
03/10/2004 17:09:00,70,15,13,-2,-52,1
03/10/2004 17:10:00,70,14,14,-2,-52,1
03/10/2004 17:11:00,70,14,12,-2,-53,1
03/10/2004 17:12:00,70,12,13,-2,-52,1
03/10/2004 17:13:00,70,12,13,-2,-52,1
03/10/2004 17:14:00,70,11,13,-2,-52,1
03/10/2004 17:15:00,70,10,15,-2,-52,1
03/10/2004 17:16:00,70,10,15,-2,-52,1
03/10/2004 17:17:00,70,9,16,-2,-52,1
03/10/2004 17:18:00,70,9,18,-2,-51,1
03/10/2004 17:19:00,70,10,16,-2,-52,1
03/10/2004 17:20:00,70,9,15,-2,-52,1
03/10/2004 17:21:00,70,11,15,-2,-52,1
03/10/2004 17:22:00,70,11,16,-2,-53,1
03/10/2004 17:23:00,70,11,15,-2,-52,1
03/10/2004 17:24:00,70,9,17,-1,-52,1
03/10/2004 17:25:00,70,10,16,-2,-52,1
03/10/2004 17:26:00,70,9,17,-1,-52,1
03/10/2004 17:27:00,70,9,17,-2,-52,1
03/10/2004 17:28:00,70,8,18,-1,-51,1
03/10/2004 17:29:00,70,8,17,-1,-51,1
03/10/2004 17:30:00,70,8,16,-2,-51,1
03/10/2004 17:31:00,70,8,15,-2,-51,1
03/10/2004 17:32:00,70,7,16,-1,-51,1
03/10/2004 17:33:00,70,8,13,-2,-51,1
03/10/2004 17:34:00,70,8,14,-2,-51,1
03/10/2004 17:35:00,70,8,14,-2,-51,1
03/10/2004 17:36:00,70,8,14,-1,-51,1
03/10/2004 17:37:00,70,9,14,-1,-51,1
03/10/2004 17:38:00,70,8,16,-1,-50,1
03/10/2004 17:39:00,70,8,15,-1,-50,1
03/10/2004 17:40:00,70,9,14,-1,-50,1
03/10/2004 17:41:00,70,9,15,-1,-49,1
03/10/2004 17:42:00,70,8,13,-1,-49,1
03/10/2004 17:43:00,70,9,13,-1,-49,1
03/10/2004 17:44:00,70,9,13,-1,-49,1
03/10/2004 17:45:00,70,9,13,-1,-49,1
03/10/2004 17:46:00,70,9,13,-1,-48,1
03/10/2004 17:47:00,70,8,15,-1,-47,1
03/10/2004 17:48:00,70,7,14,-1,-47,1
03/10/2004 17:49:00,70,8,12,-1,-48,1
03/10/2004 17:50:00,70,7,12,-1,-48,1
03/10/2004 17:51:00,70,8,11,-1,-48,1
03/10/2004 17:52:00,70,8,12,0,-47,1
03/10/2004 17:53:00,70,9,13,0,-47,1
03/10/2004 17:54:00,70,8,15,-1,-46,1
03/10/2004 17:55:00,70,8,13,0,-47,1
03/10/2004 17:56:00,70,8,13,0,-47,1
03/10/2004 17:57:00,70,8,15,0,-47,1
03/10/2004 17:58:00,70,8,16,0,-47,1
03/10/2004 17:59:00,70,8,16,0,-46,1
03/10/2004 18:00:00,70,8,17,0,-47,1
03/10/2004 18:01:00,70,8,15,0,-48,1
03/10/2004 18:02:00,70,8,15,0,-48,1
03/10/2004 18:03:00,70,8,15,0,-48,1
03/10/2004 18:04:00,70,8,14,0,-48,1
03/10/2004 18:05:00,70,9,13,0,-48,1
03/10/2004 18:06:00,70,8,13,0,-48,1
03/10/2004 18:07:00,70,9,14,0,-48,1
03/10/2004 18:08:00,70,8,14,0,-48,1
03/10/2004 18:09:00,70,8,11,0,-48,1
03/10/2004 18:10:00,70,9,11,0,-48,1
03/10/2004 18:11:00,70,9,12,0,-48,1
03/10/2004 18:12:00,70,10,12,1,-47,1
03/10/2004 18:13:00,70,9,12,0,-47,1
03/10/2004 18:14:00,70,9,12,0,-48,1
03/10/2004 18:15:00,70,9,12,0,-48,1
03/10/2004 18:16:00,70,9,13,0,-47,1
03/10/2004 18:17:00,70,9,13,0,-47,1
03/10/2004 18:18:00,70,10,13,0,-48,1
03/10/2004 18:19:00,70,10,13,0,-48,1
03/10/2004 18:20:00,70,10,13,0,-48,1
03/10/2004 18:21:00,70,10,13,0,-48,1
03/10/2004 18:22:00,70,9,11,0,-48,1
03/10/2004 18:23:00,70,9,13,0,-48,1
03/10/2004 18:24:00,70,9,14,0,-48,1
03/10/2004 18:25:00,70,9,13,0,-49,1
03/10/2004 18:26:00,70,10,12,0,-49,1
03/10/2004 18:27:00,70,10,13,0,-49,1
03/10/2004 18:28:00,70,9,14,0,-49,1
03/10/2004 18:29:00,70,9,14,0,-49,1
03/10/2004 18:30:00,70,10,14,0,-49,1
03/10/2004 18:31:00,70,10,14,0,-49,1
03/10/2004 18:32:00,70,10,15,0,-49,1
03/10/2004 18:33:00,70,11,15,0,-50,1
03/10/2004 18:34:00,70,11,15,0,-50,1
03/10/2004 18:35:00,70,11,15,0,-50,1
03/10/2004 18:36:00,70,11,16,0,-50,1
03/10/2004 18:37:00,70,11,16,0,-50,1
03/10/2004 18:38:00,70,11,16,0,-51,1
03/10/2004 18:39:00,70,11,17,0,-50,1
03/10/2004 18:40:00,70,12,17,0,-50,1
03/10/2004 18:41:00,70,11,17,0,-50,1
03/10/2004 18:42:00,70,11,17,0,-50,1
03/10/2004 18:43:00,70,12,17,0,-50,1
03/10/2004 18:44:00,70,12,17,0,-50,1
03/10/2004 18:45:00,70,12,17,0,-50,1
03/10/2004 18:46:00,70,12,18,0,-51,1
03/10/2004 18:47:00,70,12,19,0,-51,1
03/10/2004 18:48:00,70,11,19,0,-51,1
03/10/2004 18:49:00,70,12,19,0,-51,1
03/10/2004 18:50:00,70,12,19,0,-51,1
03/10/2004 18:51:00,70,13,19,0,-51,1
03/10/2004 18:52:00,70,12,20,0,-52,1
03/10/2004 18:53:00,70,12,20,0,-52,1
03/10/2004 18:54:00,70,12,20,0,-52,1
03/10/2004 18:55:00,70,12,20,0,-52,1
03/10/2004 18:56:00,70,12,20,0,-53,1
03/10/2004 18:57:00,70,12,21,0,-53,1
03/10/2004 18:58:00,70,12,21,0,-53,1
03/10/2004 18:59:00,70,12,20,0,-54,1
03/10/2004 19:00:00,70,12,21,0,-53,1
03/10/2004 19:01:00,70,11,20,0,-53,1
03/10/2004 19:02:00,70,11,20,0,-54,1
03/10/2004 19:03:00,70,10,20,0,-55,1
03/10/2004 19:04:00,70,10,19,0,-55,1
03/10/2004 19:05:00,70,10,19,0,-55,1
03/10/2004 19:06:00,70,10,18,0,-55,1
03/10/2004 19:07:00,70,10,18,0,-55,1
03/10/2004 19:08:00,70,10,18,-1,-55,1
03/10/2004 19:09:00,70,9,17,-1,-55,1
03/10/2004 19:10:00,70,10,17,-1,-56,1
03/10/2004 19:11:00,70,10,16,-1,-56,1
03/10/2004 19:12:00,70,12,17,-1,-57,1
03/10/2004 19:13:00,70,12,18,-2,-56,1
03/10/2004 19:14:00,70,12,20,-2,-55,1
03/10/2004 19:15:00,70,14,23,-2,-56,1
03/10/2004 19:16:00,70,13,26,-3,-56,1
03/10/2004 19:17:00,70,14,29,-3,-55,1
03/10/2004 19:18:00,70,15,32,-4,-55,1
03/10/2004 19:19:00,70,16,33,-4,-54,1
03/10/2004 19:20:00,70,17,36,-5,-54,1
03/10/2004 19:21:00,70,17,38,-5,-54,1
03/10/2004 19:22:00,70,18,38,-6,-55,1
03/10/2004 19:23:00,70,19,40,-6,-54,1
03/10/2004 19:24:00,70,19,40,-6,-54,1
03/10/2004 19:25:00,70,20,39,-7,-54,1
03/10/2004 19:26:00,70,20,40,-7,-54,1
03/10/2004 19:27:00,70,20,40,-7,-54,1
03/10/2004 19:28:00,70,20,40,-8,-54,1
03/10/2004 19:29:00,70,20,38,-8,-54,1
03/10/2004 19:30:00,70,20,36,-8,-54,1
03/10/2004 19:31:00,70,20,36,-8,-54,1
03/10/2004 19:32:00,70,19,35,-8,-53,1
03/10/2004 19:33:00,70,20,35,-8,-54,1
03/10/2004 19:34:00,70,20,35,-8,-54,1
03/10/2004 19:35:00,70,20,34,-7,-54,1
03/10/2004 19:36:00,70,21,33,-7,-54,1
03/10/2004 19:37:00,70,20,32,-7,-53,1
03/10/2004 19:38:00,70,19,30,-7,-53,1
03/10/2004 19:39:00,70,20,31,-7,-53,1
03/10/2004 19:40:00,70,19,31,-6,-53,1
03/10/2004 19:41:00,70,18,30,-6,-52,1
03/10/2004 19:42:00,70,19,30,-6,-52,1
03/10/2004 19:43:00,70,20,30,-6,-52,1
03/10/2004 19:44:00,70,20,30,-6,-52,1
03/10/2004 19:45:00,70,20,31,-6,-52,1
03/10/2004 19:46:00,70,21,30,-6,-52,1
03/10/2004 19:47:00,70,21,30,-6,-52,1
03/10/2004 19:48:00,70,20,30,-6,-52,1
03/10/2004 19:49:00,70,21,30,-6,-51,1
03/10/2004 19:50:00,70,21,30,-6,-51,1
03/10/2004 19:51:00,70,21,30,-6,-51,1
03/10/2004 19:52:00,70,21,29,-6,-51,1
03/10/2004 19:53:00,70,21,29,-6,-51,1
03/10/2004 19:54:00,70,20,29,-6,-51,1
03/10/2004 19:55:00,70,21,28,-6,-51,1
03/10/2004 19:56:00,70,20,28,-6,-51,1
03/10/2004 19:57:00,70,20,26,-6,-51,1
03/10/2004 19:58:00,70,20,26,-6,-51,1
03/10/2004 19:59:00,70,19,26,-6,-51,1
03/10/2004 20:00:00,70,19,24,-6,-51,1
03/10/2004 20:01:00,70,19,24,-6,-50,1
03/10/2004 20:02:00,70,18,24,-6,-51,1
03/10/2004 20:03:00,70,18,25,-5,-51,1
03/10/2004 20:04:00,70,17,24,-5,-51,1
03/10/2004 20:05:00,70,17,22,-5,-50,1
03/10/2004 20:06:00,70,17,21,-5,-50,1
03/10/2004 20:07:00,70,16,21,-5,-50,1
03/10/2004 20:08:00,70,15,21,-5,-50,1
03/10/2004 20:09:00,70,15,21,-4,-50,1
03/10/2004 20:10:00,70,15,22,-4,-50,1
03/10/2004 20:11:00,70,15,22,-4,-50,1
03/10/2004 20:12:00,70,14,21,-4,-50,1
03/10/2004 20:13:00,70,15,21,-5,-50,1
03/10/2004 20:14:00,70,15,21,-4,-50,1
03/10/2004 20:15:00,70,15,23,-4,-50,1
03/10/2004 20:16:00,70,15,24,-4,-50,1
03/10/2004 20:17:00,70,15,23,-4,-50,1
03/10/2004 20:18:00,70,15,23,-4,-49,1
03/10/2004 20:19:00,70,15,22,-4,-48,1
03/10/2004 20:20:00,70,15,23,-4,-49,1
03/10/2004 20:21:00,70,15,22,-4,-48,1
03/10/2004 20:22:00,70,15,22,-4,-48,1
03/10/2004 20:23:00,70,14,22,-4,-48,1
03/10/2004 20:24:00,70,14,22,-4,-48,1
03/10/2004 20:25:00,70,14,22,-3,-48,1
03/10/2004 20:26:00,70,13,23,-4,-47,1
03/10/2004 20:27:00,70,14,24,-3,-46,1
03/10/2004 20:28:00,70,14,26,-3,-46,1
03/10/2004 20:29:00,70,13,26,-4,-46,1
03/10/2004 20:30:00,70,12,25,-4,-45,1
03/10/2004 20:31:00,70,13,26,-4,-45,1
03/10/2004 20:32:00,70,13,25,-4,-46,1
03/10/2004 20:33:00,70,14,24,-4,-45,1
03/10/2004 20:34:00,70,15,23,-4,-45,1
03/10/2004 20:35:00,70,14,23,-4,-45,1
03/10/2004 20:36:00,70,13,23,-4,-45,1
03/10/2004 20:37:00,70,14,23,-4,-45,1
03/10/2004 20:38:00,70,15,23,-4,-45,1
03/10/2004 20:39:00,70,15,23,-4,-44,1
03/10/2004 20:40:00,70,14,23,-4,-44,1
03/10/2004 20:41:00,70,15,22,-4,-45,1
03/10/2004 20:42:00,70,15,23,-4,-45,1
03/10/2004 20:43:00,70,15,24,-4,-46,1
03/10/2004 20:44:00,70,15,24,-4,-46,1
03/10/2004 20:45:00,70,15,25,-4,-47,1
03/10/2004 20:46:00,70,16,26,-4,-47,1
03/10/2004 20:47:00,70,17,27,-4,-48,1
03/10/2004 20:48:00,70,18,27,-4,-48,1
03/10/2004 20:49:00,70,18,27,-5,-49,1
03/10/2004 20:50:00,70,19,28,-5,-49,1
03/10/2004 20:51:00,70,19,29,-5,-49,1
03/10/2004 20:52:00,70,20,29,-5,-49,1
03/10/2004 20:53:00,70,20,29,-5,-50,1
03/10/2004 20:54:00,70,20,30,-4,-50,1
03/10/2004 20:55:00,70,20,30,-4,-50,1
03/10/2004 20:56:00,70,20,31,-5,-50,1
03/10/2004 20:57:00,70,21,31,-5,-50,1
03/10/2004 20:58:00,70,21,32,-4,-50,1
03/10/2004 20:59:00,70,20,34,-5,-51,1
03/10/2004 21:00:00,70,19,37,-5,-51,1
03/10/2004 21:01:00,70,21,36,-5,-51,1
03/10/2004 21:02:00,70,23,37,-5,-50,1
03/10/2004 21:03:00,70,23,38,-5,-50,1
03/10/2004 21:04:00,70,22,40,-6,-51,1
03/10/2004 21:05:00,70,20,42,-6,-51,1
03/10/2004 21:06:00,70,20,42,-6,-51,1
03/10/2004 21:07:00,70,20,42,-6,-52,1
03/10/2004 21:08:00,70,19,45,-7,-53,1
03/10/2004 21:09:00,70,19,46,-7,-53,1
03/10/2004 21:10:00,70,19,49,-7,-55,1
03/10/2004 21:11:00,70,19,49,-7,-55,1
03/10/2004 21:12:00,70,19,51,-7,-55,1
03/10/2004 21:13:00,70,18,50,-7,-54,1
03/10/2004 21:14:00,70,18,51,-7,-55,1
03/10/2004 21:15:00,70,18,51,-7,-56,1
03/10/2004 21:16:00,70,18,52,-8,-56,1
03/10/2004 21:17:00,70,19,54,-8,-56,1
03/10/2004 21:18:00,70,20,55,-8,-57,1
03/10/2004 21:19:00,70,22,58,-9,-57,1
03/10/2004 21:20:00,70,23,60,-9,-58,1
03/10/2004 21:21:00,70,22,59,-9,-58,1
03/10/2004 21:22:00,70,22,59,-9,-57,1
03/10/2004 21:23:00,70,22,58,-9,-58,1
03/10/2004 21:24:00,70,23,59,-9,-58,1
03/10/2004 21:25:00,70,23,57,-9,-58,1
03/10/2004 21:26:00,70,22,56,-9,-58,1
03/10/2004 21:27:00,70,23,57,-8,-58,1
03/10/2004 21:28:00,70,22,55,-8,-58,1
03/10/2004 21:29:00,70,22,53,-8,-58,1
03/10/2004 21:30:00,70,21,52,-8,-57,1
03/10/2004 21:31:00,70,24,52,-8,-57,1
03/10/2004 21:32:00,70,23,53,-8,-58,1
03/10/2004 21:33:00,70,22,52,-8,-58,1
03/10/2004 21:34:00,70,21,51,-7,-58,1
03/10/2004 21:35:00,70,22,50,-7,-58,1
03/10/2004 21:36:00,70,23,50,-7,-59,1
03/10/2004 21:37:00,70,26,50,-7,-58,1
03/10/2004 21:38:00,70,28,51,-7,-58,1
03/10/2004 21:39:00,70,27,51,-7,-58,1
03/10/2004 21:40:00,70,27,50,-7,-58,1
03/10/2004 21:41:00,70,27,51,-7,-59,1
03/10/2004 21:42:00,70,26,51,-6,-58,1
03/10/2004 21:43:00,70,25,51,-6,-58,1
03/10/2004 21:44:00,70,25,50,-6,-59,1
03/10/2004 21:45:00,70,26,50,-6,-59,1
03/10/2004 21:46:00,70,26,49,-6,-58,1
03/10/2004 21:47:00,70,26,46,-6,-58,1
03/10/2004 21:48:00,70,26,45,-6,-57,1
03/10/2004 21:49:00,70,25,45,-6,-57,1
03/10/2004 21:50:00,70,23,44,-6,-57,1
03/10/2004 21:51:00,70,23,45,-6,-58,1
03/10/2004 21:52:00,70,24,46,-6,-58,1
03/10/2004 21:53:00,70,24,45,-6,-58,1
03/10/2004 21:54:00,70,23,44,-5,-58,1
03/10/2004 21:55:00,70,22,44,-5,-58,1
03/10/2004 21:56:00,70,23,43,-5,-58,1
03/10/2004 21:57:00,70,23,44,-6,-58,1
03/10/2004 21:58:00,70,24,45,-6,-59,1
03/10/2004 21:59:00,70,25,46,-5,-58,1
03/10/2004 22:00:00,70,24,46,-5,-58,1
03/10/2004 22:01:00,70,22,45,-5,-57,1
03/10/2004 22:02:00,70,22,45,-4,-57,1
03/10/2004 22:03:00,70,22,44,-4,-57,1
03/10/2004 22:04:00,70,21,45,-4,-56,1
03/10/2004 22:05:00,70,21,45,-4,-57,1
03/10/2004 22:06:00,70,22,44,-4,-56,1
03/10/2004 22:07:00,70,22,44,-3,-56,1
03/10/2004 22:08:00,70,22,44,-3,-57,1
03/10/2004 22:09:00,70,23,44,-4,-57,1
03/10/2004 22:10:00,70,23,44,-4,-58,1
03/10/2004 22:11:00,70,24,45,-4,-59,1
03/10/2004 22:12:00,70,23,44,-3,-58,1
03/10/2004 22:13:00,70,22,43,-3,-58,1
03/10/2004 22:14:00,70,22,42,-3,-57,1
03/10/2004 22:15:00,70,22,42,-3,-57,1
03/10/2004 22:16:00,70,22,42,-3,-57,1
03/10/2004 22:17:00,70,23,40,-2,-55,1
03/10/2004 22:18:00,70,23,38,-3,-55,1
03/10/2004 22:19:00,70,23,36,-2,-54,1
03/10/2004 22:20:00,70,23,35,-3,-54,1
03/10/2004 22:21:00,70,24,35,-3,-54,1
03/10/2004 22:22:00,70,24,35,-3,-53,1
03/10/2004 22:23:00,70,23,35,-3,-52,1
03/10/2004 22:24:00,70,23,34,-3,-52,1
03/10/2004 22:25:00,70,24,34,-2,-52,1
03/10/2004 22:26:00,70,24,33,-2,-51,1
03/10/2004 22:27:00,70,23,32,-2,-50,1
03/10/2004 22:28:00,70,21,31,-2,-49,1
03/10/2004 22:29:00,70,18,32,-2,-48,1
03/10/2004 22:30:00,70,18,33,-2,-49,1
03/10/2004 22:31:00,70,19,34,-2,-49,1
03/10/2004 22:32:00,70,19,34,-2,-49,1
03/10/2004 22:33:00,70,18,32,-2,-48,1
03/10/2004 22:34:00,70,18,31,-2,-47,1
03/10/2004 22:35:00,70,20,31,-2,-48,1
03/10/2004 22:36:00,70,22,32,-2,-49,1
03/10/2004 22:37:00,70,24,33,-2,-49,1
03/10/2004 22:38:00,70,25,33,-2,-48,1
03/10/2004 22:39:00,70,26,35,-2,-48,1
03/10/2004 22:40:00,70,27,36,-2,-48,1
03/10/2004 22:41:00,70,27,39,-2,-49,1
03/10/2004 22:42:00,70,28,42,-1,-50,1
03/10/2004 22:43:00,70,29,44,-1,-51,1
03/10/2004 22:44:00,70,28,47,0,-52,1
03/10/2004 22:45:00,70,27,49,0,-52,1
03/10/2004 22:46:00,70,27,54,1,-53,1
03/10/2004 22:47:00,70,26,60,3,-55,1
03/10/2004 22:48:00,70,31,61,4,-55,1
03/10/2004 22:49:00,70,38,59,6,-55,1
03/10/2004 22:50:00,70,43,58,8,-53,1
03/10/2004 22:51:00,70,47,61,8,-53,1
03/10/2004 22:52:00,70,50,59,9,-52,1
03/10/2004 22:53:00,70,52,57,10,-50,1
03/10/2004 22:54:00,70,50,56,11,-49,1
03/10/2004 22:55:00,70,53,55,11,-48,1
03/10/2004 22:56:00,70,52,53,11,-48,1
03/10/2004 22:57:00,70,51,51,11,-47,1
03/10/2004 22:58:00,70,48,49,11,-46,1
03/10/2004 22:59:00,70,46,45,11,-47,1
03/10/2004 23:00:00,70,44,43,11,-47,1
03/10/2004 23:01:00,70,41,40,10,-48,1
03/10/2004 23:02:00,70,38,38,10,-48,1
03/10/2004 23:03:00,70,34,37,9,-48,1
03/10/2004 23:04:00,70,31,36,9,-48,1
03/10/2004 23:05:00,70,28,35,9,-49,1
03/10/2004 23:06:00,70,26,34,8,-48,1
03/10/2004 23:07:00,70,24,36,8,-47,1
03/10/2004 23:08:00,70,22,37,7,-47,1
03/10/2004 23:09:00,70,20,39,7,-47,1
03/10/2004 23:10:00,70,18,40,6,-47,1
03/10/2004 23:11:00,70,17,38,6,-47,1
03/10/2004 23:12:00,70,15,37,5,-48,1
03/10/2004 23:13:00,70,16,36,4,-49,1
03/10/2004 23:14:00,70,16,36,4,-50,1
03/10/2004 23:15:00,70,14,33,3,-49,1
03/10/2004 23:16:00,70,15,34,2,-49,1
03/10/2004 23:17:00,70,15,31,2,-50,1
03/10/2004 23:18:00,70,14,29,1,-50,1
03/10/2004 23:19:00,70,15,28,1,-51,1
03/10/2004 23:20:00,70,19,29,0,-53,1
03/10/2004 23:21:00,70,19,28,-1,-52,1
03/10/2004 23:22:00,70,17,28,-1,-52,1
03/10/2004 23:23:00,70,19,28,-2,-53,1
03/10/2004 23:24:00,70,22,29,-2,-54,1
03/10/2004 23:25:00,70,23,30,-3,-55,1
03/10/2004 23:26:00,70,23,32,-3,-55,1
03/10/2004 23:27:00,70,21,32,-3,-56,1
03/10/2004 23:28:00,70,20,32,-3,-57,1
03/10/2004 23:29:00,70,19,34,-3,-58,1
03/10/2004 23:30:00,70,20,36,-4,-58,1
03/10/2004 23:31:00,70,25,40,-4,-60,1
03/10/2004 23:32:00,70,28,42,-5,-61,1
03/10/2004 23:33:00,70,25,42,-6,-60,1
03/10/2004 23:34:00,70,24,42,-6,-60,1
03/10/2004 23:35:00,70,24,43,-6,-60,1
03/10/2004 23:36:00,70,23,44,-7,-61,1
03/10/2004 23:37:00,70,24,46,-7,-61,1
03/10/2004 23:38:00,70,23,48,-8,-62,1
03/10/2004 23:39:00,70,23,49,-8,-62,1
03/10/2004 23:40:00,70,22,50,-8,-61,1
03/10/2004 23:41:00,70,23,54,-9,-62,1
03/10/2004 23:42:00,70,23,55,-9,-62,1
03/10/2004 23:43:00,70,25,57,-9,-63,1
03/10/2004 23:44:00,70,22,58,-9,-63,1
03/10/2004 23:45:00,70,22,60,-8,-64,1
03/10/2004 23:46:00,70,21,62,-8,-64,1
03/10/2004 23:47:00,70,23,64,-8,-66,1
03/10/2004 23:48:00,70,27,67,-7,-67,1
03/10/2004 23:49:00,70,30,68,-7,-67,1
03/10/2004 23:50:00,70,30,68,-7,-67,1
03/10/2004 23:51:00,70,31,68,-6,-68,1
03/10/2004 23:52:00,70,33,70,-6,-69,1
03/10/2004 23:53:00,70,34,70,-6,-70,1
03/10/2004 23:54:00,70,35,69,-6,-70,1
03/10/2004 23:55:00,70,34,67,-6,-69,1
03/10/2004 23:56:00,70,34,65,-6,-69,1
03/10/2004 23:57:00,70,32,66,-5,-70,1
03/10/2004 23:58:00,70,28,66,-5,-69,1
03/10/2004 23:59:00,70,29,68,-5,-70,1
