DateTime,DOY,ASY_D,ASY_H,SYM_D,SYM_H,Location
02/27/2014 00:00:00,58,28,17,2,-1,1
02/27/2014 00:01:00,58,28,17,2,-1,1
02/27/2014 00:02:00,58,28,17,2,0,1
02/27/2014 00:03:00,58,27,16,1,0,1
02/27/2014 00:04:00,58,27,17,1,0,1
02/27/2014 00:05:00,58,27,17,1,1,1
02/27/2014 00:06:00,58,26,16,1,1,1
02/27/2014 00:07:00,58,27,17,1,1,1
02/27/2014 00:08:00,58,27,16,1,1,1
02/27/2014 00:09:00,58,27,16,1,1,1
02/27/2014 00:10:00,58,28,16,1,1,1
02/27/2014 00:11:00,58,28,16,1,1,1
02/27/2014 00:12:00,58,27,15,1,1,1
02/27/2014 00:13:00,58,27,16,1,1,1
02/27/2014 00:14:00,58,28,16,1,1,1
02/27/2014 00:15:00,58,28,15,1,0,1
02/27/2014 00:16:00,58,27,15,1,1,1
02/27/2014 00:17:00,58,27,15,1,1,1
02/27/2014 00:18:00,58,27,15,1,1,1
02/27/2014 00:19:00,58,27,15,1,1,1
02/27/2014 00:20:00,58,28,15,1,1,1
02/27/2014 00:21:00,58,28,15,1,1,1
02/27/2014 00:22:00,58,27,14,0,1,1
02/27/2014 00:23:00,58,27,14,0,1,1
02/27/2014 00:24:00,58,27,14,0,1,1
02/27/2014 00:25:00,58,26,15,0,1,1
02/27/2014 00:26:00,58,26,15,0,1,1
02/27/2014 00:27:00,58,26,15,0,2,1
02/27/2014 00:28:00,58,26,15,0,2,1
02/27/2014 00:29:00,58,26,14,0,2,1
02/27/2014 00:30:00,58,26,14,0,2,1
02/27/2014 00:31:00,58,26,14,0,2,1
02/27/2014 00:32:00,58,26,14,0,3,1
02/27/2014 00:33:00,58,26,14,0,3,1
02/27/2014 00:34:00,58,26,15,0,3,1
02/27/2014 00:35:00,58,25,14,0,3,1
02/27/2014 00:36:00,58,25,13,0,3,1
02/27/2014 00:37:00,58,25,13,0,3,1
02/27/2014 00:38:00,58,26,13,0,3,1
02/27/2014 00:39:00,58,26,14,0,3,1
02/27/2014 00:40:00,58,26,14,0,3,1
02/27/2014 00:41:00,58,25,14,0,3,1
02/27/2014 00:42:00,58,25,14,0,3,1
02/27/2014 00:43:00,58,24,14,0,3,1
02/27/2014 00:44:00,58,24,14,0,3,1
02/27/2014 00:45:00,58,24,13,0,3,1
02/27/2014 00:46:00,58,24,13,0,3,1
02/27/2014 00:47:00,58,24,13,0,3,1
02/27/2014 00:48:00,58,24,13,0,3,1
02/27/2014 00:49:00,58,24,14,0,4,1
02/27/2014 00:50:00,58,24,14,0,3,1
02/27/2014 00:51:00,58,24,13,0,4,1
02/27/2014 00:52:00,58,24,13,0,3,1
02/27/2014 00:53:00,58,24,13,0,3,1
02/27/2014 00:54:00,58,24,13,0,4,1
02/27/2014 00:55:00,58,24,12,0,4,1
02/27/2014 00:56:00,58,23,13,0,4,1
02/27/2014 00:57:00,58,24,13,0,4,1
02/27/2014 00:58:00,58,24,14,1,4,1
02/27/2014 00:59:00,58,24,13,1,4,1
02/27/2014 01:00:00,58,23,13,1,4,1
02/27/2014 01:01:00,58,23,13,1,3,1
02/27/2014 01:02:00,58,24,13,1,3,1
02/27/2014 01:03:00,58,24,14,1,3,1
02/27/2014 01:04:00,58,24,14,1,4,1
02/27/2014 01:05:00,58,24,14,1,4,1
02/27/2014 01:06:00,58,23,14,1,3,1
02/27/2014 01:07:00,58,23,14,1,3,1
02/27/2014 01:08:00,58,24,14,1,3,1
02/27/2014 01:09:00,58,24,14,1,3,1
02/27/2014 01:10:00,58,24,14,1,3,1
02/27/2014 01:11:00,58,23,14,1,3,1
02/27/2014 01:12:00,58,23,14,1,3,1
02/27/2014 01:13:00,58,23,13,1,3,1
02/27/2014 01:14:00,58,23,14,1,3,1
02/27/2014 01:15:00,58,22,14,1,3,1
02/27/2014 01:16:00,58,23,13,1,3,1
02/27/2014 01:17:00,58,23,13,1,4,1
02/27/2014 01:18:00,58,22,13,1,4,1
02/27/2014 01:19:00,58,22,13,1,4,1
02/27/2014 01:20:00,58,22,13,1,4,1
02/27/2014 01:21:00,58,22,14,1,4,1
02/27/2014 01:22:00,58,22,14,1,4,1
02/27/2014 01:23:00,58,22,14,1,4,1
02/27/2014 01:24:00,58,22,14,1,4,1
02/27/2014 01:25:00,58,22,14,1,4,1
02/27/2014 01:26:00,58,21,14,1,4,1
02/27/2014 01:27:00,58,21,14,1,4,1
02/27/2014 01:28:00,58,22,14,1,4,1
02/27/2014 01:29:00,58,21,14,1,3,1
02/27/2014 01:30:00,58,20,15,1,4,1
02/27/2014 01:31:00,58,20,15,1,4,1
02/27/2014 01:32:00,58,20,14,1,4,1
02/27/2014 01:33:00,58,20,14,1,3,1
02/27/2014 01:34:00,58,18,15,2,4,1
02/27/2014 01:35:00,58,17,15,2,4,1
02/27/2014 01:36:00,58,18,15,2,3,1
02/27/2014 01:37:00,58,18,15,1,3,1
02/27/2014 01:38:00,58,17,15,2,4,1
02/27/2014 01:39:00,58,17,15,2,3,1
02/27/2014 01:40:00,58,17,15,2,3,1
02/27/2014 01:41:00,58,18,15,2,3,1
02/27/2014 01:42:00,58,18,14,2,3,1
02/27/2014 01:43:00,58,18,14,2,3,1
02/27/2014 01:44:00,58,18,14,2,3,1
02/27/2014 01:45:00,58,18,14,2,3,1
02/27/2014 01:46:00,58,18,14,2,2,1
02/27/2014 01:47:00,58,18,14,2,2,1
02/27/2014 01:48:00,58,19,14,1,2,1
02/27/2014 01:49:00,58,19,14,1,2,1
02/27/2014 01:50:00,58,19,13,2,2,1
02/27/2014 01:51:00,58,19,13,1,2,1
02/27/2014 01:52:00,58,19,13,1,2,1
02/27/2014 01:53:00,58,18,13,1,2,1
02/27/2014 01:54:00,58,18,13,1,1,1
02/27/2014 01:55:00,58,18,13,1,1,1
02/27/2014 01:56:00,58,19,13,1,1,1
02/27/2014 01:57:00,58,18,13,1,1,1
02/27/2014 01:58:00,58,18,13,1,1,1
02/27/2014 01:59:00,58,18,13,1,1,1
02/27/2014 02:00:00,58,17,13,1,1,1
02/27/2014 02:01:00,58,17,13,1,1,1
02/27/2014 02:02:00,58,17,13,1,1,1
02/27/2014 02:03:00,58,17,13,1,0,1
02/27/2014 02:04:00,58,17,13,1,0,1
02/27/2014 02:05:00,58,17,13,1,0,1
02/27/2014 02:06:00,58,17,13,1,0,1
02/27/2014 02:07:00,58,17,13,1,0,1
02/27/2014 02:08:00,58,17,13,1,0,1
02/27/2014 02:09:00,58,17,13,1,0,1
02/27/2014 02:10:00,58,17,13,1,0,1
02/27/2014 02:11:00,58,17,13,1,-1,1
02/27/2014 02:12:00,58,17,13,1,-1,1
02/27/2014 02:13:00,58,16,13,1,-1,1
02/27/2014 02:14:00,58,16,13,1,0,1
02/27/2014 02:15:00,58,16,13,1,0,1
02/27/2014 02:16:00,58,17,13,1,0,1
02/27/2014 02:17:00,58,17,12,1,0,1
02/27/2014 02:18:00,58,17,12,1,-1,1
02/27/2014 02:19:00,58,17,12,1,-1,1
02/27/2014 02:20:00,58,17,13,1,-1,1
02/27/2014 02:21:00,58,18,13,0,-1,1
02/27/2014 02:22:00,58,18,13,0,-1,1
02/27/2014 02:23:00,58,17,13,0,-1,1
02/27/2014 02:24:00,58,18,13,0,-1,1
02/27/2014 02:25:00,58,18,13,0,-1,1
02/27/2014 02:26:00,58,18,13,0,-1,1
02/27/2014 02:27:00,58,18,13,0,-1,1
02/27/2014 02:28:00,58,17,13,0,-1,1
02/27/2014 02:29:00,58,17,13,0,-1,1
02/27/2014 02:30:00,58,17,13,0,-1,1
02/27/2014 02:31:00,58,17,13,0,-1,1
02/27/2014 02:32:00,58,17,13,0,-1,1
02/27/2014 02:33:00,58,17,13,0,-1,1
02/27/2014 02:34:00,58,18,14,0,-1,1
02/27/2014 02:35:00,58,17,14,0,-1,1
02/27/2014 02:36:00,58,17,14,0,-1,1
02/27/2014 02:37:00,58,17,14,0,-1,1
02/27/2014 02:38:00,58,17,13,0,-1,1
02/27/2014 02:39:00,58,17,13,0,-1,1
02/27/2014 02:40:00,58,17,12,0,-1,1
02/27/2014 02:41:00,58,17,12,0,-1,1
02/27/2014 02:42:00,58,17,13,0,-1,1
02/27/2014 02:43:00,58,17,13,-1,-2,1
02/27/2014 02:44:00,58,17,13,0,-2,1
02/27/2014 02:45:00,58,17,13,-1,-2,1
02/27/2014 02:46:00,58,16,13,0,-2,1
02/27/2014 02:47:00,58,17,13,-1,-2,1
02/27/2014 02:48:00,58,17,13,-1,-2,1
02/27/2014 02:49:00,58,16,13,-1,-2,1
02/27/2014 02:50:00,58,16,13,-1,-2,1
02/27/2014 02:51:00,58,17,12,-1,-2,1
02/27/2014 02:52:00,58,17,12,-1,-2,1
02/27/2014 02:53:00,58,17,12,-1,-2,1
02/27/2014 02:54:00,58,17,13,-1,-3,1
02/27/2014 02:55:00,58,16,13,-1,-3,1
02/27/2014 02:56:00,58,16,13,-1,-3,1
02/27/2014 02:57:00,58,16,13,-1,-3,1
02/27/2014 02:58:00,58,16,13,-1,-3,1
02/27/2014 02:59:00,58,16,13,-1,-4,1
02/27/2014 03:00:00,58,16,13,-1,-4,1
02/27/2014 03:01:00,58,15,12,-1,-4,1
02/27/2014 03:02:00,58,15,12,-1,-4,1
02/27/2014 03:03:00,58,15,12,-1,-4,1
02/27/2014 03:04:00,58,15,12,-1,-4,1
02/27/2014 03:05:00,58,15,12,-1,-4,1
02/27/2014 03:06:00,58,15,12,-1,-4,1
02/27/2014 03:07:00,58,15,12,-1,-4,1
02/27/2014 03:08:00,58,15,13,-1,-5,1
02/27/2014 03:09:00,58,15,13,-1,-5,1
02/27/2014 03:10:00,58,15,13,-1,-5,1
02/27/2014 03:11:00,58,15,12,-1,-5,1
02/27/2014 03:12:00,58,15,12,-1,-5,1
02/27/2014 03:13:00,58,15,12,-1,-5,1
02/27/2014 03:14:00,58,15,12,-1,-6,1
02/27/2014 03:15:00,58,15,12,-1,-6,1
02/27/2014 03:16:00,58,15,12,-2,-6,1
02/27/2014 03:17:00,58,14,12,-2,-6,1
02/27/2014 03:18:00,58,15,13,-2,-6,1
02/27/2014 03:19:00,58,15,12,-2,-6,1
02/27/2014 03:20:00,58,15,13,-2,-6,1
02/27/2014 03:21:00,58,15,13,-2,-6,1
02/27/2014 03:22:00,58,15,13,-2,-6,1
02/27/2014 03:23:00,58,15,13,-2,-6,1
02/27/2014 03:24:00,58,15,13,-2,-6,1
02/27/2014 03:25:00,58,15,13,-2,-7,1
02/27/2014 03:26:00,58,15,13,-2,-7,1
02/27/2014 03:27:00,58,15,13,-2,-7,1
02/27/2014 03:28:00,58,14,13,-2,-7,1
02/27/2014 03:29:00,58,13,13,-2,-7,1
02/27/2014 03:30:00,58,14,12,-2,-7,1
02/27/2014 03:31:00,58,14,12,-2,-7,1
02/27/2014 03:32:00,58,14,12,-2,-7,1
02/27/2014 03:33:00,58,14,13,-2,-8,1
02/27/2014 03:34:00,58,14,13,-2,-8,1
02/27/2014 03:35:00,58,14,13,-3,-8,1
02/27/2014 03:36:00,58,14,13,-3,-8,1
02/27/2014 03:37:00,58,14,13,-3,-8,1
02/27/2014 03:38:00,58,14,13,-3,-8,1
02/27/2014 03:39:00,58,14,13,-3,-8,1
02/27/2014 03:40:00,58,13,12,-3,-8,1
02/27/2014 03:41:00,58,13,12,-3,-9,1
02/27/2014 03:42:00,58,14,14,-3,-9,1
02/27/2014 03:43:00,58,14,14,-3,-9,1
02/27/2014 03:44:00,58,13,14,-3,-9,1
02/27/2014 03:45:00,58,13,14,-3,-9,1
02/27/2014 03:46:00,58,13,15,-3,-9,1
02/27/2014 03:47:00,58,13,13,-3,-10,1
02/27/2014 03:48:00,58,13,14,-3,-10,1
02/27/2014 03:49:00,58,14,14,-3,-9,1
02/27/2014 03:50:00,58,13,14,-2,-10,1
02/27/2014 03:51:00,58,14,14,-2,-10,1
02/27/2014 03:52:00,58,13,14,-2,-10,1
02/27/2014 03:53:00,58,13,14,-2,-10,1
02/27/2014 03:54:00,58,14,15,-2,-10,1
02/27/2014 03:55:00,58,14,15,-2,-10,1
02/27/2014 03:56:00,58,14,15,-2,-10,1
02/27/2014 03:57:00,58,14,13,-2,-10,1
02/27/2014 03:58:00,58,14,13,-2,-9,1
02/27/2014 03:59:00,58,14,13,-2,-9,1
02/27/2014 04:00:00,58,14,13,-2,-9,1
02/27/2014 04:01:00,58,14,13,-2,-9,1
02/27/2014 04:02:00,58,14,12,-2,-8,1
02/27/2014 04:03:00,58,15,11,-2,-8,1
02/27/2014 04:04:00,58,14,12,-2,-8,1
02/27/2014 04:05:00,58,13,11,-2,-8,1
02/27/2014 04:06:00,58,13,11,-2,-8,1
02/27/2014 04:07:00,58,13,11,-2,-8,1
02/27/2014 04:08:00,58,14,12,-2,-8,1
02/27/2014 04:09:00,58,12,11,-2,-9,1
02/27/2014 04:10:00,58,12,11,-2,-9,1
02/27/2014 04:11:00,58,12,11,-2,-9,1
02/27/2014 04:12:00,58,12,12,-2,-9,1
02/27/2014 04:13:00,58,12,12,-2,-9,1
02/27/2014 04:14:00,58,13,11,-2,-9,1
02/27/2014 04:15:00,58,14,9,-2,-8,1
02/27/2014 04:16:00,58,13,11,-2,-9,1
02/27/2014 04:17:00,58,13,11,-2,-9,1
02/27/2014 04:18:00,58,13,10,-2,-8,1
02/27/2014 04:19:00,58,14,11,-3,-9,1
02/27/2014 04:20:00,58,13,11,-2,-9,1
02/27/2014 04:21:00,58,14,10,-2,-9,1
02/27/2014 04:22:00,58,13,10,-3,-9,1
02/27/2014 04:23:00,58,13,10,-3,-9,1
02/27/2014 04:24:00,58,13,10,-3,-9,1
02/27/2014 04:25:00,58,13,9,-3,-9,1
02/27/2014 04:26:00,58,13,11,-2,-9,1
02/27/2014 04:27:00,58,13,11,-2,-9,1
02/27/2014 04:28:00,58,13,11,-2,-9,1
02/27/2014 04:29:00,58,13,12,-2,-9,1
02/27/2014 04:30:00,58,13,11,-2,-9,1
02/27/2014 04:31:00,58,13,12,-3,-10,1
02/27/2014 04:32:00,58,14,12,-3,-9,1
02/27/2014 04:33:00,58,13,12,-2,-9,1
02/27/2014 04:34:00,58,12,12,-2,-9,1
02/27/2014 04:35:00,58,13,12,-3,-9,1
02/27/2014 04:36:00,58,13,12,-2,-9,1
02/27/2014 04:37:00,58,13,12,-2,-9,1
02/27/2014 04:38:00,58,13,13,-2,-9,1
02/27/2014 04:39:00,58,14,13,-2,-9,1
02/27/2014 04:40:00,58,13,13,-2,-9,1
02/27/2014 04:41:00,58,13,13,-2,-9,1
02/27/2014 04:42:00,58,14,14,-2,-8,1
02/27/2014 04:43:00,58,13,12,-2,-8,1
02/27/2014 04:44:00,58,13,12,-2,-9,1
02/27/2014 04:45:00,58,13,11,-2,-9,1
02/27/2014 04:46:00,58,13,11,-2,-9,1
02/27/2014 04:47:00,58,13,11,-2,-9,1
02/27/2014 04:48:00,58,13,10,-2,-8,1
02/27/2014 04:49:00,58,13,10,-2,-8,1
02/27/2014 04:50:00,58,13,10,-2,-8,1
02/27/2014 04:51:00,58,12,10,-2,-8,1
02/27/2014 04:52:00,58,13,11,-2,-8,1
02/27/2014 04:53:00,58,13,10,-2,-8,1
02/27/2014 04:54:00,58,13,11,-2,-8,1
02/27/2014 04:55:00,58,13,10,-2,-8,1
02/27/2014 04:56:00,58,13,10,-2,-7,1
02/27/2014 04:57:00,58,13,10,-2,-8,1
02/27/2014 04:58:00,58,13,10,-2,-8,1
02/27/2014 04:59:00,58,13,10,-2,-8,1
02/27/2014 05:00:00,58,13,10,-2,-8,1
02/27/2014 05:01:00,58,13,11,-2,-8,1
02/27/2014 05:02:00,58,13,11,-2,-8,1
02/27/2014 05:03:00,58,13,11,-1,-8,1
02/27/2014 05:04:00,58,13,11,-1,-8,1
02/27/2014 05:05:00,58,13,10,-1,-8,1
02/27/2014 05:06:00,58,13,11,-1,-8,1
02/27/2014 05:07:00,58,13,10,-1,-7,1
02/27/2014 05:08:00,58,14,10,-1,-7,1
02/27/2014 05:09:00,58,14,10,-1,-8,1
02/27/2014 05:10:00,58,14,10,-1,-8,1
02/27/2014 05:11:00,58,14,10,-1,-7,1
02/27/2014 05:12:00,58,14,10,-1,-7,1
02/27/2014 05:13:00,58,14,11,-1,-7,1
02/27/2014 05:14:00,58,13,10,-1,-7,1
02/27/2014 05:15:00,58,13,11,-2,-7,1
02/27/2014 05:16:00,58,13,10,-2,-7,1
02/27/2014 05:17:00,58,14,10,-2,-7,1
02/27/2014 05:18:00,58,14,10,-2,-7,1
02/27/2014 05:19:00,58,14,10,-2,-7,1
02/27/2014 05:20:00,58,14,10,-1,-7,1
02/27/2014 05:21:00,58,14,10,-2,-7,1
02/27/2014 05:22:00,58,14,10,-2,-7,1
02/27/2014 05:23:00,58,14,10,-1,-7,1
02/27/2014 05:24:00,58,14,11,-2,-7,1
02/27/2014 05:25:00,58,14,11,-2,-6,1
02/27/2014 05:26:00,58,14,10,-2,-6,1
02/27/2014 05:27:00,58,15,10,-2,-6,1
02/27/2014 05:28:00,58,15,10,-2,-5,1
02/27/2014 05:29:00,58,16,9,-2,-5,1
02/27/2014 05:30:00,58,16,10,-2,-5,1
02/27/2014 05:31:00,58,16,10,-2,-5,1
02/27/2014 05:32:00,58,16,10,-2,-5,1
02/27/2014 05:33:00,58,16,10,-2,-5,1
02/27/2014 05:34:00,58,16,10,-2,-5,1
02/27/2014 05:35:00,58,16,9,-2,-5,1
02/27/2014 05:36:00,58,16,9,-2,-5,1
02/27/2014 05:37:00,58,16,10,-2,-5,1
02/27/2014 05:38:00,58,16,10,-2,-5,1
02/27/2014 05:39:00,58,16,10,-2,-5,1
02/27/2014 05:40:00,58,16,10,-2,-5,1
02/27/2014 05:41:00,58,16,10,-2,-5,1
02/27/2014 05:42:00,58,16,10,-2,-5,1
02/27/2014 05:43:00,58,15,10,-2,-5,1
02/27/2014 05:44:00,58,15,11,-2,-5,1
02/27/2014 05:45:00,58,15,11,-2,-5,1
02/27/2014 05:46:00,58,15,11,-2,-5,1
02/27/2014 05:47:00,58,15,11,-2,-5,1
02/27/2014 05:48:00,58,16,10,-2,-5,1
02/27/2014 05:49:00,58,16,9,-2,-5,1
02/27/2014 05:50:00,58,16,10,-2,-5,1
02/27/2014 05:51:00,58,16,10,-2,-5,1
02/27/2014 05:52:00,58,16,10,-2,-5,1
02/27/2014 05:53:00,58,15,10,-2,-5,1
02/27/2014 05:54:00,58,15,10,-2,-6,1
02/27/2014 05:55:00,58,16,10,-2,-6,1
02/27/2014 05:56:00,58,16,10,-2,-6,1
02/27/2014 05:57:00,58,17,10,-2,-6,1
02/27/2014 05:58:00,58,17,10,-2,-6,1
02/27/2014 05:59:00,58,17,10,-2,-6,1
02/27/2014 06:00:00,58,17,10,-2,-6,1
02/27/2014 06:01:00,58,17,10,-2,-6,1
02/27/2014 06:02:00,58,17,10,-2,-6,1
02/27/2014 06:03:00,58,17,10,-2,-6,1
02/27/2014 06:04:00,58,17,11,-2,-6,1
02/27/2014 06:05:00,58,19,10,-2,-6,1
02/27/2014 06:06:00,58,18,10,-2,-6,1
02/27/2014 06:07:00,58,18,10,-2,-6,1
02/27/2014 06:08:00,58,19,10,-2,-6,1
02/27/2014 06:09:00,58,18,10,-2,-6,1
02/27/2014 06:10:00,58,18,10,-2,-6,1
02/27/2014 06:11:00,58,19,10,-2,-6,1
02/27/2014 06:12:00,58,18,10,-2,-6,1
02/27/2014 06:13:00,58,18,10,-2,-6,1
02/27/2014 06:14:00,58,18,10,-2,-6,1
02/27/2014 06:15:00,58,18,11,-2,-6,1
02/27/2014 06:16:00,58,18,11,-2,-6,1
02/27/2014 06:17:00,58,18,11,-2,-6,1
02/27/2014 06:18:00,58,19,11,-2,-6,1
02/27/2014 06:19:00,58,19,10,-2,-6,1
02/27/2014 06:20:00,58,19,10,-2,-6,1
02/27/2014 06:21:00,58,19,10,-2,-6,1
02/27/2014 06:22:00,58,20,10,-2,-6,1
02/27/2014 06:23:00,58,20,10,-2,-6,1
02/27/2014 06:24:00,58,19,10,-2,-6,1
02/27/2014 06:25:00,58,20,10,-2,-6,1
02/27/2014 06:26:00,58,20,10,-2,-5,1
02/27/2014 06:27:00,58,19,10,-2,-5,1
02/27/2014 06:28:00,58,20,10,-2,-6,1
02/27/2014 06:29:00,58,20,10,-2,-5,1
02/27/2014 06:30:00,58,19,10,-2,-5,1
02/27/2014 06:31:00,58,19,10,-2,-5,1
02/27/2014 06:32:00,58,19,9,-2,-5,1
02/27/2014 06:33:00,58,19,10,-2,-5,1
02/27/2014 06:34:00,58,20,10,-2,-6,1
02/27/2014 06:35:00,58,20,10,-2,-6,1
02/27/2014 06:36:00,58,20,10,-2,-6,1
02/27/2014 06:37:00,58,20,10,-2,-6,1
02/27/2014 06:38:00,58,20,10,-2,-6,1
02/27/2014 06:39:00,58,20,11,-2,-6,1
02/27/2014 06:40:00,58,19,11,-2,-6,1
02/27/2014 06:41:00,58,20,11,-2,-6,1
02/27/2014 06:42:00,58,20,11,-2,-6,1
02/27/2014 06:43:00,58,20,11,-2,-6,1
02/27/2014 06:44:00,58,21,11,-3,-6,1
02/27/2014 06:45:00,58,20,8,-3,-6,1
02/27/2014 06:46:00,58,20,10,-3,-6,1
02/27/2014 06:47:00,58,21,9,-3,-6,1
02/27/2014 06:48:00,58,21,9,-2,-6,1
02/27/2014 06:49:00,58,20,10,-2,-7,1
02/27/2014 06:50:00,58,20,11,-2,-7,1
02/27/2014 06:51:00,58,20,11,-2,-7,1
02/27/2014 06:52:00,58,20,10,-2,-7,1
02/27/2014 06:53:00,58,20,11,-2,-7,1
02/27/2014 06:54:00,58,20,11,-2,-7,1
02/27/2014 06:55:00,58,20,12,-2,-7,1
02/27/2014 06:56:00,58,20,12,-2,-7,1
02/27/2014 06:57:00,58,20,11,-2,-7,1
02/27/2014 06:58:00,58,20,11,-2,-7,1
02/27/2014 06:59:00,58,20,11,-2,-7,1
02/27/2014 07:00:00,58,20,11,-2,-7,1
02/27/2014 07:01:00,58,20,11,-2,-7,1
02/27/2014 07:02:00,58,20,11,-2,-7,1
02/27/2014 07:03:00,58,19,11,-2,-7,1
02/27/2014 07:04:00,58,19,11,-2,-7,1
02/27/2014 07:05:00,58,20,11,-2,-7,1
02/27/2014 07:06:00,58,19,10,-2,-7,1
02/27/2014 07:07:00,58,19,10,-2,-7,1
02/27/2014 07:08:00,58,20,10,-2,-6,1
02/27/2014 07:09:00,58,19,10,-2,-6,1
02/27/2014 07:10:00,58,19,11,-3,-6,1
02/27/2014 07:11:00,58,20,11,-3,-6,1
02/27/2014 07:12:00,58,19,11,-3,-6,1
02/27/2014 07:13:00,58,19,11,-3,-6,1
02/27/2014 07:14:00,58,20,11,-3,-6,1
02/27/2014 07:15:00,58,19,10,-3,-6,1
02/27/2014 07:16:00,58,19,10,-3,-6,1
02/27/2014 07:17:00,58,19,11,-3,-6,1
02/27/2014 07:18:00,58,19,11,-2,-6,1
02/27/2014 07:19:00,58,19,10,-3,-6,1
02/27/2014 07:20:00,58,19,11,-3,-6,1
02/27/2014 07:21:00,58,19,11,-3,-6,1
02/27/2014 07:22:00,58,19,11,-3,-5,1
02/27/2014 07:23:00,58,18,11,-3,-5,1
02/27/2014 07:24:00,58,18,11,-3,-5,1
02/27/2014 07:25:00,58,19,10,-3,-5,1
02/27/2014 07:26:00,58,18,11,-3,-5,1
02/27/2014 07:27:00,58,18,10,-3,-6,1
02/27/2014 07:28:00,58,18,10,-3,-6,1
02/27/2014 07:29:00,58,19,10,-3,-6,1
02/27/2014 07:30:00,58,19,10,-3,-6,1
02/27/2014 07:31:00,58,19,9,-3,-6,1
02/27/2014 07:32:00,58,19,10,-3,-6,1
02/27/2014 07:33:00,58,19,10,-3,-6,1
02/27/2014 07:34:00,58,19,10,-3,-6,1
02/27/2014 07:35:00,58,19,10,-3,-6,1
02/27/2014 07:36:00,58,19,10,-3,-6,1
02/27/2014 07:37:00,58,19,10,-3,-6,1
02/27/2014 07:38:00,58,19,10,-3,-6,1
02/27/2014 07:39:00,58,19,11,-3,-6,1
02/27/2014 07:40:00,58,19,11,-3,-6,1
02/27/2014 07:41:00,58,18,11,-3,-6,1
02/27/2014 07:42:00,58,18,10,-3,-6,1
02/27/2014 07:43:00,58,18,10,-3,-6,1
02/27/2014 07:44:00,58,18,11,-3,-6,1
02/27/2014 07:45:00,58,19,10,-3,-6,1
02/27/2014 07:46:00,58,19,10,-3,-6,1
02/27/2014 07:47:00,58,19,10,-3,-6,1
02/27/2014 07:48:00,58,19,10,-3,-6,1
02/27/2014 07:49:00,58,19,9,-3,-6,1
02/27/2014 07:50:00,58,19,9,-3,-5,1
02/27/2014 07:51:00,58,18,9,-3,-5,1
02/27/2014 07:52:00,58,18,9,-3,-5,1
02/27/2014 07:53:00,58,19,10,-3,-5,1
02/27/2014 07:54:00,58,19,10,-3,-5,1
02/27/2014 07:55:00,58,19,8,-3,-5,1
02/27/2014 07:56:00,58,19,7,-3,-5,1
02/27/2014 07:57:00,58,19,7,-3,-5,1
02/27/2014 07:58:00,58,18,6,-3,-5,1
02/27/2014 07:59:00,58,18,7,-3,-6,1
02/27/2014 08:00:00,58,18,6,-3,-6,1
02/27/2014 08:01:00,58,18,6,-3,-6,1
02/27/2014 08:02:00,58,18,6,-3,-6,1
02/27/2014 08:03:00,58,18,5,-3,-6,1
02/27/2014 08:04:00,58,18,6,-3,-6,1
02/27/2014 08:05:00,58,17,6,-3,-6,1
02/27/2014 08:06:00,58,17,7,-3,-5,1
02/27/2014 08:07:00,58,18,6,-3,-5,1
02/27/2014 08:08:00,58,18,6,-3,-5,1
02/27/2014 08:09:00,58,18,6,-3,-5,1
02/27/2014 08:10:00,58,17,5,-3,-4,1
02/27/2014 08:11:00,58,18,5,-3,-4,1
02/27/2014 08:12:00,58,18,6,-4,-5,1
02/27/2014 08:13:00,58,18,6,-4,-5,1
02/27/2014 08:14:00,58,18,5,-4,-5,1
02/27/2014 08:15:00,58,18,5,-4,-4,1
02/27/2014 08:16:00,58,18,5,-4,-4,1
02/27/2014 08:17:00,58,18,5,-4,-4,1
02/27/2014 08:18:00,58,18,5,-4,-4,1
02/27/2014 08:19:00,58,19,5,-4,-4,1
02/27/2014 08:20:00,58,19,5,-4,-4,1
02/27/2014 08:21:00,58,19,5,-4,-4,1
02/27/2014 08:22:00,58,19,5,-4,-4,1
02/27/2014 08:23:00,58,19,5,-4,-4,1
02/27/2014 08:24:00,58,19,5,-4,-5,1
02/27/2014 08:25:00,58,19,5,-4,-4,1
02/27/2014 08:26:00,58,19,6,-4,-4,1
02/27/2014 08:27:00,58,19,6,-4,-4,1
02/27/2014 08:28:00,58,19,6,-4,-4,1
02/27/2014 08:29:00,58,20,6,-4,-4,1
02/27/2014 08:30:00,58,19,5,-4,-4,1
02/27/2014 08:31:00,58,20,5,-4,-4,1
02/27/2014 08:32:00,58,19,5,-4,-4,1
02/27/2014 08:33:00,58,19,5,-4,-5,1
02/27/2014 08:34:00,58,19,5,-4,-4,1
02/27/2014 08:35:00,58,19,5,-4,-5,1
02/27/2014 08:36:00,58,19,5,-4,-4,1
02/27/2014 08:37:00,58,19,6,-4,-4,1
02/27/2014 08:38:00,58,19,6,-4,-4,1
02/27/2014 08:39:00,58,19,6,-4,-4,1
02/27/2014 08:40:00,58,20,6,-4,-4,1
02/27/2014 08:41:00,58,19,6,-4,-4,1
02/27/2014 08:42:00,58,19,6,-4,-4,1
02/27/2014 08:43:00,58,19,6,-4,-4,1
02/27/2014 08:44:00,58,19,6,-4,-4,1
02/27/2014 08:45:00,58,19,6,-4,-4,1
02/27/2014 08:46:00,58,19,6,-4,-4,1
02/27/2014 08:47:00,58,19,5,-4,-4,1
02/27/2014 08:48:00,58,19,5,-4,-5,1
02/27/2014 08:49:00,58,19,5,-4,-5,1
02/27/2014 08:50:00,58,19,5,-4,-5,1
02/27/2014 08:51:00,58,19,5,-4,-5,1
02/27/2014 08:52:00,58,19,5,-4,-5,1
02/27/2014 08:53:00,58,20,5,-4,-5,1
02/27/2014 08:54:00,58,20,5,-4,-5,1
02/27/2014 08:55:00,58,19,5,-4,-5,1
02/27/2014 08:56:00,58,20,5,-4,-5,1
02/27/2014 08:57:00,58,19,5,-4,-4,1
02/27/2014 08:58:00,58,20,5,-4,-4,1
02/27/2014 08:59:00,58,20,5,-4,-4,1
02/27/2014 09:00:00,58,20,5,-4,-4,1
02/27/2014 09:01:00,58,20,5,-4,-4,1
02/27/2014 09:02:00,58,20,6,-4,-4,1
02/27/2014 09:03:00,58,20,6,-4,-4,1
02/27/2014 09:04:00,58,20,5,-4,-4,1
02/27/2014 09:05:00,58,21,5,-4,-4,1
02/27/2014 09:06:00,58,21,5,-4,-4,1
02/27/2014 09:07:00,58,21,5,-4,-4,1
02/27/2014 09:08:00,58,20,5,-4,-4,1
02/27/2014 09:09:00,58,21,5,-4,-4,1
02/27/2014 09:10:00,58,21,5,-4,-4,1
02/27/2014 09:11:00,58,20,6,-4,-4,1
02/27/2014 09:12:00,58,20,6,-4,-4,1
02/27/2014 09:13:00,58,20,6,-4,-4,1
02/27/2014 09:14:00,58,20,5,-4,-3,1
02/27/2014 09:15:00,58,20,5,-4,-3,1
02/27/2014 09:16:00,58,21,5,-4,-3,1
02/27/2014 09:17:00,58,21,5,-4,-3,1
02/27/2014 09:18:00,58,21,5,-4,-3,1
02/27/2014 09:19:00,58,21,6,-4,-3,1
02/27/2014 09:20:00,58,21,6,-4,-3,1
02/27/2014 09:21:00,58,21,6,-4,-3,1
02/27/2014 09:22:00,58,21,6,-4,-3,1
02/27/2014 09:23:00,58,21,6,-4,-3,1
02/27/2014 09:24:00,58,21,6,-4,-3,1
02/27/2014 09:25:00,58,21,6,-4,-3,1
02/27/2014 09:26:00,58,21,6,-4,-3,1
02/27/2014 09:27:00,58,20,7,-4,-3,1
02/27/2014 09:28:00,58,20,7,-4,-3,1
02/27/2014 09:29:00,58,20,6,-4,-3,1
02/27/2014 09:30:00,58,20,6,-4,-3,1
02/27/2014 09:31:00,58,20,7,-4,-2,1
02/27/2014 09:32:00,58,20,7,-4,-2,1
02/27/2014 09:33:00,58,20,8,-4,-2,1
02/27/2014 09:34:00,58,20,7,-4,-2,1
02/27/2014 09:35:00,58,19,8,-4,-1,1
02/27/2014 09:36:00,58,19,8,-4,-1,1
02/27/2014 09:37:00,58,19,8,-4,-1,1
02/27/2014 09:38:00,58,20,8,-4,-1,1
02/27/2014 09:39:00,58,20,8,-5,-1,1
02/27/2014 09:40:00,58,19,8,-4,-1,1
02/27/2014 09:41:00,58,19,8,-4,-1,1
02/27/2014 09:42:00,58,19,9,-4,-1,1
02/27/2014 09:43:00,58,19,8,-4,-2,1
02/27/2014 09:44:00,58,19,8,-4,-2,1
02/27/2014 09:45:00,58,19,8,-4,-2,1
02/27/2014 09:46:00,58,19,8,-4,-2,1
02/27/2014 09:47:00,58,19,8,-4,-1,1
02/27/2014 09:48:00,58,19,8,-4,-1,1
02/27/2014 09:49:00,58,19,8,-4,-1,1
02/27/2014 09:50:00,58,18,8,-4,-1,1
02/27/2014 09:51:00,58,18,8,-4,-1,1
02/27/2014 09:52:00,58,18,9,-4,-1,1
02/27/2014 09:53:00,58,18,9,-4,-1,1
02/27/2014 09:54:00,58,18,9,-4,-1,1
02/27/2014 09:55:00,58,18,9,-4,-1,1
02/27/2014 09:56:00,58,18,8,-4,-2,1
02/27/2014 09:57:00,58,18,8,-4,-2,1
02/27/2014 09:58:00,58,18,8,-4,-2,1
02/27/2014 09:59:00,58,18,8,-4,-2,1
02/27/2014 10:00:00,58,18,8,-4,-2,1
02/27/2014 10:01:00,58,18,8,-4,-2,1
02/27/2014 10:02:00,58,17,8,-4,-2,1
02/27/2014 10:03:00,58,17,8,-4,-2,1
02/27/2014 10:04:00,58,18,8,-4,-2,1
02/27/2014 10:05:00,58,18,8,-4,-2,1
02/27/2014 10:06:00,58,17,8,-4,-2,1
02/27/2014 10:07:00,58,17,8,-4,-2,1
02/27/2014 10:08:00,58,17,8,-4,-2,1
02/27/2014 10:09:00,58,17,7,-4,-2,1
02/27/2014 10:10:00,58,17,7,-4,-2,1
02/27/2014 10:11:00,58,17,7,-4,-2,1
02/27/2014 10:12:00,58,18,7,-4,-2,1
02/27/2014 10:13:00,58,18,7,-4,-2,1
02/27/2014 10:14:00,58,18,7,-4,-2,1
02/27/2014 10:15:00,58,18,7,-4,-2,1
02/27/2014 10:16:00,58,17,6,-4,-2,1
02/27/2014 10:17:00,58,18,6,-4,-2,1
02/27/2014 10:18:00,58,18,7,-4,-1,1
02/27/2014 10:19:00,58,18,7,-4,-1,1
02/27/2014 10:20:00,58,18,7,-4,-1,1
02/27/2014 10:21:00,58,18,7,-4,-1,1
02/27/2014 10:22:00,58,18,8,-4,-1,1
02/27/2014 10:23:00,58,17,8,-4,-1,1
02/27/2014 10:24:00,58,17,8,-4,-1,1
02/27/2014 10:25:00,58,17,8,-4,-1,1
02/27/2014 10:26:00,58,18,9,-4,-1,1
02/27/2014 10:27:00,58,18,9,-4,0,1
02/27/2014 10:28:00,58,18,9,-4,0,1
02/27/2014 10:29:00,58,18,9,-4,0,1
02/27/2014 10:30:00,58,19,9,-4,0,1
02/27/2014 10:31:00,58,19,8,-4,0,1
02/27/2014 10:32:00,58,19,8,-4,0,1
02/27/2014 10:33:00,58,19,9,-4,0,1
02/27/2014 10:34:00,58,19,9,-4,0,1
02/27/2014 10:35:00,58,19,8,-4,0,1
02/27/2014 10:36:00,58,19,9,-4,0,1
02/27/2014 10:37:00,58,20,9,-4,-1,1
02/27/2014 10:38:00,58,20,9,-4,-1,1
02/27/2014 10:39:00,58,19,8,-4,-1,1
02/27/2014 10:40:00,58,20,8,-4,-1,1
02/27/2014 10:41:00,58,20,8,-4,-1,1
02/27/2014 10:42:00,58,20,8,-3,-1,1
02/27/2014 10:43:00,58,20,8,-3,0,1
02/27/2014 10:44:00,58,20,8,-3,0,1
02/27/2014 10:45:00,58,20,8,-4,0,1
02/27/2014 10:46:00,58,20,8,-4,0,1
02/27/2014 10:47:00,58,20,8,-4,0,1
02/27/2014 10:48:00,58,20,7,-4,-1,1
02/27/2014 10:49:00,58,20,7,-3,-1,1
02/27/2014 10:50:00,58,20,7,-3,-1,1
02/27/2014 10:51:00,58,20,8,-3,0,1
02/27/2014 10:52:00,58,20,8,-3,0,1
02/27/2014 10:53:00,58,20,8,-3,0,1
02/27/2014 10:54:00,58,20,8,-3,0,1
02/27/2014 10:55:00,58,20,9,-3,0,1
02/27/2014 10:56:00,58,20,9,-3,0,1
02/27/2014 10:57:00,58,20,9,-3,0,1
02/27/2014 10:58:00,58,20,8,-3,0,1
02/27/2014 10:59:00,58,20,8,-3,-1,1
02/27/2014 11:00:00,58,19,8,-3,-1,1
02/27/2014 11:01:00,58,19,8,-3,0,1
02/27/2014 11:02:00,58,19,8,-3,-1,1
02/27/2014 11:03:00,58,20,8,-3,-1,1
02/27/2014 11:04:00,58,20,8,-3,-1,1
02/27/2014 11:05:00,58,19,7,-3,-1,1
02/27/2014 11:06:00,58,20,8,-3,-1,1
02/27/2014 11:07:00,58,20,8,-3,-1,1
02/27/2014 11:08:00,58,20,7,-3,-2,1
02/27/2014 11:09:00,58,20,7,-3,-2,1
02/27/2014 11:10:00,58,20,7,-3,-2,1
02/27/2014 11:11:00,58,20,7,-3,-2,1
02/27/2014 11:12:00,58,19,8,-3,-2,1
02/27/2014 11:13:00,58,20,7,-3,-2,1
02/27/2014 11:14:00,58,19,7,-3,-2,1
02/27/2014 11:15:00,58,19,7,-3,-2,1
02/27/2014 11:16:00,58,19,7,-3,-2,1
02/27/2014 11:17:00,58,19,7,-3,-2,1
02/27/2014 11:18:00,58,19,6,-3,-3,1
02/27/2014 11:19:00,58,18,6,-3,-2,1
02/27/2014 11:20:00,58,19,6,-3,-3,1
02/27/2014 11:21:00,58,19,6,-3,-2,1
02/27/2014 11:22:00,58,18,6,-3,-3,1
02/27/2014 11:23:00,58,18,6,-3,-3,1
02/27/2014 11:24:00,58,18,6,-3,-3,1
02/27/2014 11:25:00,58,18,6,-3,-3,1
02/27/2014 11:26:00,58,18,6,-3,-3,1
02/27/2014 11:27:00,58,18,6,-3,-3,1
02/27/2014 11:28:00,58,18,6,-3,-4,1
02/27/2014 11:29:00,58,18,7,-3,-4,1
02/27/2014 11:30:00,58,18,7,-3,-4,1
02/27/2014 11:31:00,58,18,7,-3,-4,1
02/27/2014 11:32:00,58,18,8,-3,-4,1
02/27/2014 11:33:00,58,18,8,-3,-4,1
02/27/2014 11:34:00,58,18,8,-3,-4,1
02/27/2014 11:35:00,58,18,8,-3,-4,1
02/27/2014 11:36:00,58,19,8,-3,-4,1
02/27/2014 11:37:00,58,19,8,-3,-4,1
02/27/2014 11:38:00,58,18,8,-3,-4,1
02/27/2014 11:39:00,58,18,8,-3,-4,1
02/27/2014 11:40:00,58,18,9,-3,-4,1
02/27/2014 11:41:00,58,18,11,-3,-4,1
02/27/2014 11:42:00,58,18,10,-3,-5,1
02/27/2014 11:43:00,58,18,10,-3,-5,1
02/27/2014 11:44:00,58,18,10,-3,-4,1
02/27/2014 11:45:00,58,18,10,-3,-5,1
02/27/2014 11:46:00,58,18,10,-3,-5,1
02/27/2014 11:47:00,58,18,11,-3,-5,1
02/27/2014 11:48:00,58,18,12,-3,-5,1
02/27/2014 11:49:00,58,18,13,-3,-5,1
02/27/2014 11:50:00,58,18,13,-3,-5,1
02/27/2014 11:51:00,58,18,12,-3,-5,1
02/27/2014 11:52:00,58,18,12,-3,-5,1
02/27/2014 11:53:00,58,18,12,-3,-5,1
02/27/2014 11:54:00,58,18,14,-3,-5,1
02/27/2014 11:55:00,58,18,15,-3,-6,1
02/27/2014 11:56:00,58,18,15,-3,-6,1
02/27/2014 11:57:00,58,18,14,-3,-6,1
02/27/2014 11:58:00,58,18,15,-3,-6,1
02/27/2014 11:59:00,58,18,15,-3,-6,1
02/27/2014 12:00:00,58,17,15,-3,-6,1
02/27/2014 12:01:00,58,17,16,-3,-6,1
02/27/2014 12:02:00,58,18,16,-3,-6,1
02/27/2014 12:03:00,58,18,17,-3,-6,1
02/27/2014 12:04:00,58,17,17,-3,-6,1
02/27/2014 12:05:00,58,17,16,-3,-7,1
02/27/2014 12:06:00,58,17,17,-3,-7,1
02/27/2014 12:07:00,58,17,18,-3,-7,1
02/27/2014 12:08:00,58,17,17,-3,-7,1
02/27/2014 12:09:00,58,17,17,-3,-7,1
02/27/2014 12:10:00,58,17,18,-3,-7,1
02/27/2014 12:11:00,58,17,17,-3,-7,1
02/27/2014 12:12:00,58,17,18,-3,-8,1
02/27/2014 12:13:00,58,16,19,-3,-8,1
02/27/2014 12:14:00,58,16,19,-3,-8,1
02/27/2014 12:15:00,58,16,19,-3,-7,1
02/27/2014 12:16:00,58,16,19,-3,-7,1
02/27/2014 12:17:00,58,16,19,-3,-7,1
02/27/2014 12:18:00,58,16,19,-3,-7,1
02/27/2014 12:19:00,58,16,19,-3,-7,1
02/27/2014 12:20:00,58,16,19,-3,-8,1
02/27/2014 12:21:00,58,17,19,-2,-8,1
02/27/2014 12:22:00,58,16,18,-3,-8,1
02/27/2014 12:23:00,58,16,18,-2,-8,1
02/27/2014 12:24:00,58,16,19,-2,-8,1
02/27/2014 12:25:00,58,16,20,-2,-8,1
02/27/2014 12:26:00,58,15,20,-3,-8,1
02/27/2014 12:27:00,58,16,21,-2,-8,1
02/27/2014 12:28:00,58,16,20,-2,-9,1
02/27/2014 12:29:00,58,16,21,-2,-9,1
02/27/2014 12:30:00,58,16,21,-2,-9,1
02/27/2014 12:31:00,58,16,21,-2,-9,1
02/27/2014 12:32:00,58,17,21,-3,-9,1
02/27/2014 12:33:00,58,17,21,-2,-9,1
02/27/2014 12:34:00,58,17,22,-3,-9,1
02/27/2014 12:35:00,58,18,22,-2,-9,1
02/27/2014 12:36:00,58,18,22,-3,-9,1
02/27/2014 12:37:00,58,18,22,-3,-9,1
02/27/2014 12:38:00,58,19,23,-2,-9,1
02/27/2014 12:39:00,58,19,23,-3,-9,1
02/27/2014 12:40:00,58,19,24,-2,-9,1
02/27/2014 12:41:00,58,20,25,-2,-9,1
02/27/2014 12:42:00,58,20,25,-3,-9,1
02/27/2014 12:43:00,58,20,26,-3,-9,1
02/27/2014 12:44:00,58,20,27,-3,-9,1
02/27/2014 12:45:00,58,20,27,-3,-9,1
02/27/2014 12:46:00,58,20,28,-3,-9,1
02/27/2014 12:47:00,58,20,28,-3,-9,1
02/27/2014 12:48:00,58,20,27,-3,-9,1
02/27/2014 12:49:00,58,21,26,-3,-9,1
02/27/2014 12:50:00,58,21,27,-3,-9,1
02/27/2014 12:51:00,58,21,29,-3,-9,1
02/27/2014 12:52:00,58,22,29,-3,-9,1
02/27/2014 12:53:00,58,23,30,-3,-9,1
02/27/2014 12:54:00,58,22,30,-3,-9,1
02/27/2014 12:55:00,58,22,30,-3,-9,1
02/27/2014 12:56:00,58,23,30,-3,-9,1
02/27/2014 12:57:00,58,24,31,-3,-9,1
02/27/2014 12:58:00,58,24,31,-3,-9,1
02/27/2014 12:59:00,58,25,31,-3,-9,1
02/27/2014 13:00:00,58,25,31,-3,-9,1
02/27/2014 13:01:00,58,25,31,-3,-9,1
02/27/2014 13:02:00,58,24,31,-3,-9,1
02/27/2014 13:03:00,58,24,30,-3,-8,1
02/27/2014 13:04:00,58,22,30,-3,-8,1
02/27/2014 13:05:00,58,22,30,-3,-8,1
02/27/2014 13:06:00,58,22,30,-3,-8,1
02/27/2014 13:07:00,58,21,30,-3,-8,1
02/27/2014 13:08:00,58,21,29,-3,-8,1
02/27/2014 13:09:00,58,20,28,-2,-8,1
02/27/2014 13:10:00,58,20,28,-2,-8,1
02/27/2014 13:11:00,58,21,28,-2,-8,1
02/27/2014 13:12:00,58,20,28,-2,-8,1
02/27/2014 13:13:00,58,20,28,-2,-8,1
02/27/2014 13:14:00,58,20,27,-1,-8,1
02/27/2014 13:15:00,58,19,27,-1,-8,1
02/27/2014 13:16:00,58,19,27,-1,-8,1
02/27/2014 13:17:00,58,19,26,-1,-8,1
02/27/2014 13:18:00,58,19,26,-1,-8,1
02/27/2014 13:19:00,58,19,25,-1,-8,1
02/27/2014 13:20:00,58,18,24,0,-8,1
02/27/2014 13:21:00,58,17,24,0,-8,1
02/27/2014 13:22:00,58,17,24,0,-8,1
02/27/2014 13:23:00,58,17,24,0,-7,1
02/27/2014 13:24:00,58,17,24,0,-7,1
02/27/2014 13:25:00,58,17,24,0,-7,1
02/27/2014 13:26:00,58,18,22,1,-7,1
02/27/2014 13:27:00,58,18,23,1,-7,1
02/27/2014 13:28:00,58,18,23,1,-7,1
02/27/2014 13:29:00,58,16,23,1,-7,1
02/27/2014 13:30:00,58,16,21,1,-7,1
02/27/2014 13:31:00,58,16,21,1,-7,1
02/27/2014 13:32:00,58,16,21,1,-7,1
02/27/2014 13:33:00,58,16,21,1,-7,1
02/27/2014 13:34:00,58,16,20,1,-7,1
02/27/2014 13:35:00,58,16,19,1,-7,1
02/27/2014 13:36:00,58,16,20,1,-7,1
02/27/2014 13:37:00,58,15,20,2,-7,1
02/27/2014 13:38:00,58,15,20,2,-7,1
02/27/2014 13:39:00,58,15,19,2,-7,1
02/27/2014 13:40:00,58,15,19,2,-7,1
02/27/2014 13:41:00,58,15,19,2,-7,1
02/27/2014 13:42:00,58,15,19,2,-7,1
02/27/2014 13:43:00,58,15,18,2,-6,1
02/27/2014 13:44:00,58,15,17,2,-6,1
02/27/2014 13:45:00,58,15,18,3,-6,1
02/27/2014 13:46:00,58,14,17,3,-6,1
02/27/2014 13:47:00,58,15,18,3,-6,1
02/27/2014 13:48:00,58,16,18,3,-6,1
02/27/2014 13:49:00,58,15,17,3,-6,1
02/27/2014 13:50:00,58,15,17,3,-6,1
02/27/2014 13:51:00,58,15,17,3,-6,1
02/27/2014 13:52:00,58,15,18,3,-6,1
02/27/2014 13:53:00,58,16,18,4,-6,1
02/27/2014 13:54:00,58,16,17,4,-6,1
02/27/2014 13:55:00,58,16,17,4,-6,1
02/27/2014 13:56:00,58,16,18,4,-6,1
02/27/2014 13:57:00,58,16,16,4,-6,1
02/27/2014 13:58:00,58,16,18,4,-7,1
02/27/2014 13:59:00,58,17,17,4,-7,1
02/27/2014 14:00:00,58,16,18,4,-7,1
02/27/2014 14:01:00,58,16,17,4,-7,1
02/27/2014 14:02:00,58,17,18,4,-7,1
02/27/2014 14:03:00,58,17,19,5,-7,1
02/27/2014 14:04:00,58,15,19,4,-8,1
02/27/2014 14:05:00,58,15,19,4,-8,1
02/27/2014 14:06:00,58,15,19,4,-7,1
02/27/2014 14:07:00,58,17,17,5,-7,1
02/27/2014 14:08:00,58,18,17,5,-7,1
02/27/2014 14:09:00,58,17,15,5,-7,1
02/27/2014 14:10:00,58,19,14,5,-7,1
02/27/2014 14:11:00,58,18,16,5,-7,1
02/27/2014 14:12:00,58,18,16,5,-7,1
02/27/2014 14:13:00,58,18,15,5,-7,1
02/27/2014 14:14:00,58,18,15,5,-7,1
02/27/2014 14:15:00,58,17,16,5,-7,1
02/27/2014 14:16:00,58,16,16,5,-8,1
02/27/2014 14:17:00,58,16,17,5,-8,1
02/27/2014 14:18:00,58,16,18,5,-8,1
02/27/2014 14:19:00,58,16,17,5,-8,1
02/27/2014 14:20:00,58,17,18,5,-8,1
02/27/2014 14:21:00,58,17,17,5,-8,1
02/27/2014 14:22:00,58,17,19,5,-9,1
02/27/2014 14:23:00,58,17,19,5,-9,1
02/27/2014 14:24:00,58,17,19,5,-10,1
02/27/2014 14:25:00,58,17,19,5,-10,1
02/27/2014 14:26:00,58,17,19,5,-10,1
02/27/2014 14:27:00,58,17,19,4,-10,1
02/27/2014 14:28:00,58,17,19,4,-10,1
02/27/2014 14:29:00,58,17,18,4,-9,1
02/27/2014 14:30:00,58,17,18,4,-9,1
02/27/2014 14:31:00,58,18,18,5,-8,1
02/27/2014 14:32:00,58,17,16,5,-8,1
02/27/2014 14:33:00,58,17,16,5,-8,1
02/27/2014 14:34:00,58,17,16,6,-8,1
02/27/2014 14:35:00,58,17,15,6,-9,1
02/27/2014 14:36:00,58,17,15,7,-10,1
02/27/2014 14:37:00,58,17,15,6,-11,1
02/27/2014 14:38:00,58,17,15,6,-12,1
02/27/2014 14:39:00,58,17,16,6,-13,1
02/27/2014 14:40:00,58,18,16,5,-13,1
02/27/2014 14:41:00,58,20,17,5,-14,1
02/27/2014 14:42:00,58,20,17,5,-15,1
02/27/2014 14:43:00,58,22,18,5,-15,1
02/27/2014 14:44:00,58,21,18,4,-15,1
02/27/2014 14:45:00,58,21,19,4,-15,1
02/27/2014 14:46:00,58,22,20,4,-15,1
02/27/2014 14:47:00,58,22,21,4,-15,1
02/27/2014 14:48:00,58,22,22,3,-16,1
02/27/2014 14:49:00,58,22,23,3,-16,1
02/27/2014 14:50:00,58,23,23,3,-16,1
02/27/2014 14:51:00,58,25,25,2,-16,1
02/27/2014 14:52:00,58,25,24,2,-16,1
02/27/2014 14:53:00,58,25,26,2,-17,1
02/27/2014 14:54:00,58,26,27,2,-17,1
02/27/2014 14:55:00,58,26,26,2,-17,1
02/27/2014 14:56:00,58,26,27,2,-17,1
02/27/2014 14:57:00,58,27,27,1,-17,1
02/27/2014 14:58:00,58,26,27,2,-17,1
02/27/2014 14:59:00,58,25,27,2,-17,1
02/27/2014 15:00:00,58,24,27,2,-17,1
02/27/2014 15:01:00,58,24,27,3,-17,1
02/27/2014 15:02:00,58,23,26,3,-17,1
02/27/2014 15:03:00,58,23,26,3,-17,1
02/27/2014 15:04:00,58,24,26,3,-17,1
02/27/2014 15:05:00,58,24,25,2,-17,1
02/27/2014 15:06:00,58,24,23,3,-16,1
02/27/2014 15:07:00,58,23,21,3,-16,1
02/27/2014 15:08:00,58,22,21,3,-17,1
02/27/2014 15:09:00,58,20,22,3,-16,1
02/27/2014 15:10:00,58,20,21,4,-16,1
02/27/2014 15:11:00,58,19,20,4,-16,1
02/27/2014 15:12:00,58,19,20,4,-15,1
02/27/2014 15:13:00,58,19,20,4,-15,1
02/27/2014 15:14:00,58,18,19,4,-16,1
02/27/2014 15:15:00,58,19,20,4,-16,1
02/27/2014 15:16:00,58,19,20,4,-16,1
02/27/2014 15:17:00,58,19,22,4,-16,1
02/27/2014 15:18:00,58,19,22,4,-16,1
02/27/2014 15:19:00,58,20,23,5,-16,1
02/27/2014 15:20:00,58,21,23,5,-16,1
02/27/2014 15:21:00,58,20,23,5,-16,1
02/27/2014 15:22:00,58,20,24,5,-16,1
02/27/2014 15:23:00,58,19,25,5,-15,1
02/27/2014 15:24:00,58,19,25,5,-15,1
02/27/2014 15:25:00,58,19,26,5,-16,1
02/27/2014 15:26:00,58,19,26,5,-15,1
02/27/2014 15:27:00,58,21,27,5,-16,1
02/27/2014 15:28:00,58,20,28,6,-16,1
02/27/2014 15:29:00,58,21,28,6,-16,1
02/27/2014 15:30:00,58,22,29,6,-15,1
02/27/2014 15:31:00,58,21,30,6,-15,1
02/27/2014 15:32:00,58,22,31,6,-16,1
02/27/2014 15:33:00,58,22,32,6,-15,1
02/27/2014 15:34:00,58,24,33,6,-15,1
02/27/2014 15:35:00,58,25,34,6,-15,1
02/27/2014 15:36:00,58,26,36,6,-16,1
02/27/2014 15:37:00,58,27,36,6,-15,1
02/27/2014 15:38:00,58,27,36,6,-15,1
02/27/2014 15:39:00,58,27,36,6,-16,1
02/27/2014 15:40:00,58,27,37,6,-16,1
02/27/2014 15:41:00,58,28,37,6,-15,1
02/27/2014 15:42:00,58,28,38,6,-15,1
02/27/2014 15:43:00,58,30,38,6,-16,1
02/27/2014 15:44:00,58,30,39,5,-16,1
02/27/2014 15:45:00,58,30,39,6,-16,1
02/27/2014 15:46:00,58,29,40,6,-16,1
02/27/2014 15:47:00,58,28,40,5,-16,1
02/27/2014 15:48:00,58,29,42,5,-16,1
02/27/2014 15:49:00,58,29,42,5,-16,1
02/27/2014 15:50:00,58,29,42,5,-17,1
02/27/2014 15:51:00,58,30,42,5,-16,1
02/27/2014 15:52:00,58,30,44,5,-17,1
02/27/2014 15:53:00,58,30,43,5,-18,1
02/27/2014 15:54:00,58,31,44,5,-18,1
02/27/2014 15:55:00,58,32,45,5,-19,1
02/27/2014 15:56:00,58,34,45,5,-18,1
02/27/2014 15:57:00,58,34,45,5,-18,1
02/27/2014 15:58:00,58,34,45,4,-18,1
02/27/2014 15:59:00,58,33,44,5,-18,1
02/27/2014 16:00:00,58,33,43,5,-18,1
02/27/2014 16:01:00,58,32,43,5,-18,1
02/27/2014 16:02:00,58,31,43,5,-18,1
02/27/2014 16:03:00,58,31,42,5,-18,1
02/27/2014 16:04:00,58,30,42,5,-18,1
02/27/2014 16:05:00,58,30,41,5,-18,1
02/27/2014 16:06:00,58,29,41,5,-18,1
02/27/2014 16:07:00,58,26,40,6,-18,1
02/27/2014 16:08:00,58,27,39,6,-17,1
02/27/2014 16:09:00,58,26,39,6,-17,1
02/27/2014 16:10:00,58,24,38,6,-17,1
02/27/2014 16:11:00,58,22,37,7,-16,1
02/27/2014 16:12:00,58,21,36,7,-16,1
02/27/2014 16:13:00,58,19,36,7,-15,1
02/27/2014 16:14:00,58,18,35,7,-15,1
02/27/2014 16:15:00,58,18,35,7,-15,1
02/27/2014 16:16:00,58,18,35,7,-16,1
02/27/2014 16:17:00,58,19,35,7,-15,1
02/27/2014 16:18:00,58,19,35,7,-15,1
02/27/2014 16:19:00,58,18,34,7,-15,1
02/27/2014 16:20:00,58,17,34,7,-15,1
02/27/2014 16:21:00,58,18,34,7,-14,1
02/27/2014 16:22:00,58,17,33,7,-14,1
02/27/2014 16:23:00,58,16,30,8,-13,1
02/27/2014 16:24:00,58,15,29,8,-12,1
02/27/2014 16:25:00,58,15,28,8,-12,1
02/27/2014 16:26:00,58,14,29,8,-12,1
02/27/2014 16:27:00,58,14,28,8,-12,1
02/27/2014 16:28:00,58,14,28,8,-12,1
02/27/2014 16:29:00,58,14,28,8,-12,1
02/27/2014 16:30:00,58,13,29,8,-12,1
02/27/2014 16:31:00,58,13,30,8,-13,1
02/27/2014 16:32:00,58,13,30,8,-13,1
02/27/2014 16:33:00,58,13,31,8,-13,1
02/27/2014 16:34:00,58,12,31,8,-13,1
02/27/2014 16:35:00,58,12,30,8,-13,1
02/27/2014 16:36:00,58,12,31,8,-13,1
02/27/2014 16:37:00,58,12,31,8,-13,1
02/27/2014 16:38:00,58,12,31,8,-13,1
02/27/2014 16:39:00,58,12,30,8,-14,1
02/27/2014 16:40:00,58,12,29,8,-14,1
02/27/2014 16:41:00,58,12,30,7,-14,1
02/27/2014 16:42:00,58,11,31,7,-15,1
02/27/2014 16:43:00,58,11,30,7,-15,1
02/27/2014 16:44:00,58,11,30,7,-15,1
02/27/2014 16:45:00,58,11,31,7,-15,1
02/27/2014 16:46:00,58,11,31,7,-15,1
02/27/2014 16:47:00,58,11,31,7,-15,1
02/27/2014 16:48:00,58,11,30,7,-16,1
02/27/2014 16:49:00,58,11,30,7,-16,1
02/27/2014 16:50:00,58,11,28,7,-16,1
02/27/2014 16:51:00,58,6,21,9,-9,1
02/27/2014 16:52:00,58,8,29,11,2,1
02/27/2014 16:53:00,58,13,53,12,9,1
02/27/2014 16:54:00,58,26,46,16,18,1
02/27/2014 16:55:00,58,35,54,17,19,1
02/27/2014 16:56:00,58,35,52,16,18,1
02/27/2014 16:57:00,58,34,52,16,16,1
02/27/2014 16:58:00,58,31,48,15,14,1
02/27/2014 16:59:00,58,29,47,14,12,1
02/27/2014 17:00:00,58,27,47,14,10,1
02/27/2014 17:01:00,58,25,47,14,9,1
02/27/2014 17:02:00,58,24,48,14,10,1
02/27/2014 17:03:00,58,23,50,13,9,1
02/27/2014 17:04:00,58,22,51,13,10,1
02/27/2014 17:05:00,58,23,50,13,9,1
02/27/2014 17:06:00,58,23,46,13,6,1
02/27/2014 17:07:00,58,21,38,13,5,1
02/27/2014 17:08:00,58,20,36,12,3,1
02/27/2014 17:09:00,58,19,33,12,0,1
02/27/2014 17:10:00,58,17,27,11,-1,1
02/27/2014 17:11:00,58,16,25,11,-4,1
02/27/2014 17:12:00,58,16,27,11,-6,1
02/27/2014 17:13:00,58,19,31,11,-7,1
02/27/2014 17:14:00,58,20,34,11,-8,1
02/27/2014 17:15:00,58,23,38,11,-9,1
02/27/2014 17:16:00,58,27,39,12,-9,1
02/27/2014 17:17:00,58,27,40,12,-10,1
02/27/2014 17:18:00,58,28,42,12,-10,1
02/27/2014 17:19:00,58,31,43,12,-10,1
02/27/2014 17:20:00,58,33,45,12,-10,1
02/27/2014 17:21:00,58,35,45,13,-10,1
02/27/2014 17:22:00,58,37,45,13,-9,1
02/27/2014 17:23:00,58,37,46,13,-9,1
02/27/2014 17:24:00,58,38,50,13,-6,1
02/27/2014 17:25:00,58,39,53,13,-5,1
02/27/2014 17:26:00,58,37,52,13,-5,1
02/27/2014 17:27:00,58,37,51,13,-7,1
02/27/2014 17:28:00,58,39,53,13,-8,1
02/27/2014 17:29:00,58,44,53,12,-10,1
02/27/2014 17:30:00,58,45,55,12,-11,1
02/27/2014 17:31:00,58,46,56,12,-12,1
02/27/2014 17:32:00,58,50,56,11,-13,1
02/27/2014 17:33:00,58,53,58,11,-12,1
02/27/2014 17:34:00,58,54,59,11,-12,1
02/27/2014 17:35:00,58,54,60,11,-11,1
02/27/2014 17:36:00,58,53,60,11,-10,1
02/27/2014 17:37:00,58,53,61,11,-10,1
02/27/2014 17:38:00,58,52,60,11,-10,1
02/27/2014 17:39:00,58,52,60,12,-10,1
02/27/2014 17:40:00,58,52,62,11,-9,1
02/27/2014 17:41:00,58,51,61,12,-9,1
02/27/2014 17:42:00,58,50,61,12,-9,1
02/27/2014 17:43:00,58,52,62,12,-10,1
02/27/2014 17:44:00,58,53,63,12,-10,1
02/27/2014 17:45:00,58,54,62,11,-10,1
02/27/2014 17:46:00,58,56,61,12,-9,1
02/27/2014 17:47:00,58,57,62,12,-8,1
02/27/2014 17:48:00,58,56,59,11,-8,1
02/27/2014 17:49:00,58,54,58,12,-6,1
02/27/2014 17:50:00,58,50,55,13,-4,1
02/27/2014 17:51:00,58,48,54,13,-4,1
02/27/2014 17:52:00,58,47,56,13,-2,1
02/27/2014 17:53:00,58,47,55,14,-2,1
02/27/2014 17:54:00,58,47,54,14,-2,1
02/27/2014 17:55:00,58,47,56,13,-3,1
02/27/2014 17:56:00,58,49,58,13,-4,1
02/27/2014 17:57:00,58,51,60,13,-6,1
02/27/2014 17:58:00,58,53,63,13,-6,1
02/27/2014 17:59:00,58,53,61,13,-7,1
02/27/2014 18:00:00,58,54,62,13,-7,1
02/27/2014 18:01:00,58,54,63,12,-7,1
02/27/2014 18:02:00,58,53,64,13,-7,1
02/27/2014 18:03:00,58,53,64,13,-7,1
02/27/2014 18:04:00,58,52,64,13,-6,1
02/27/2014 18:05:00,58,52,65,13,-5,1
02/27/2014 18:06:00,58,52,65,13,-4,1
02/27/2014 18:07:00,58,52,66,13,-4,1
02/27/2014 18:08:00,58,52,69,14,-4,1
02/27/2014 18:09:00,58,51,70,14,-2,1
02/27/2014 18:10:00,58,54,68,14,0,1
02/27/2014 18:11:00,58,55,72,15,2,1
02/27/2014 18:12:00,58,54,68,15,3,1
02/27/2014 18:13:00,58,53,65,15,3,1
02/27/2014 18:14:00,58,53,64,14,3,1
02/27/2014 18:15:00,58,55,62,14,2,1
02/27/2014 18:16:00,58,56,64,14,1,1
02/27/2014 18:17:00,58,56,62,13,0,1
02/27/2014 18:18:00,58,57,61,13,-2,1
02/27/2014 18:19:00,58,58,62,13,-3,1
02/27/2014 18:20:00,58,58,63,13,-3,1
02/27/2014 18:21:00,58,57,63,12,-4,1
02/27/2014 18:22:00,58,57,67,12,-6,1
02/27/2014 18:23:00,58,55,70,12,-11,1
02/27/2014 18:24:00,58,56,74,10,-18,1
02/27/2014 18:25:00,58,58,83,11,-20,1
02/27/2014 18:26:00,58,59,85,11,-19,1
02/27/2014 18:27:00,58,57,82,11,-18,1
02/27/2014 18:28:00,58,55,79,11,-17,1
02/27/2014 18:29:00,58,53,78,11,-15,1
02/27/2014 18:30:00,58,50,77,10,-15,1
02/27/2014 18:31:00,58,48,76,10,-15,1
02/27/2014 18:32:00,58,48,77,10,-13,1
02/27/2014 18:33:00,58,47,76,10,-14,1
02/27/2014 18:34:00,58,47,77,10,-14,1
02/27/2014 18:35:00,58,47,81,9,-14,1
02/27/2014 18:36:00,58,49,83,10,-13,1
02/27/2014 18:37:00,58,51,81,10,-11,1
02/27/2014 18:38:00,58,52,78,10,-11,1
02/27/2014 18:39:00,58,51,80,10,-12,1
02/27/2014 18:40:00,58,53,82,10,-12,1
02/27/2014 18:41:00,58,55,80,10,-13,1
02/27/2014 18:42:00,58,56,79,10,-14,1
02/27/2014 18:43:00,58,56,82,10,-14,1
02/27/2014 18:44:00,58,57,83,10,-13,1
02/27/2014 18:45:00,58,57,84,10,-11,1
02/27/2014 18:46:00,58,58,85,11,-10,1
02/27/2014 18:47:00,58,58,91,11,-7,1
02/27/2014 18:48:00,58,58,86,11,-7,1
02/27/2014 18:49:00,58,60,89,11,-4,1
02/27/2014 18:50:00,58,59,91,11,-1,1
02/27/2014 18:51:00,58,60,85,11,-2,1
02/27/2014 18:52:00,58,58,85,11,-1,1
02/27/2014 18:53:00,58,57,83,12,-2,1
02/27/2014 18:54:00,58,58,80,11,-3,1
02/27/2014 18:55:00,58,57,78,11,-5,1
02/27/2014 18:56:00,58,58,75,12,-6,1
02/27/2014 18:57:00,58,58,72,11,-8,1
02/27/2014 18:58:00,58,57,71,11,-8,1
02/27/2014 18:59:00,58,55,70,11,-9,1
02/27/2014 19:00:00,58,55,68,12,-11,1
02/27/2014 19:01:00,58,53,62,11,-15,1
02/27/2014 19:02:00,58,53,63,11,-15,1
02/27/2014 19:03:00,58,54,59,11,-16,1
02/27/2014 19:04:00,58,56,63,11,-15,1
02/27/2014 19:05:00,58,57,61,11,-15,1
02/27/2014 19:06:00,58,59,61,12,-15,1
02/27/2014 19:07:00,58,60,59,11,-16,1
02/27/2014 19:08:00,58,61,57,11,-16,1
02/27/2014 19:09:00,58,64,57,11,-15,1
02/27/2014 19:10:00,58,63,52,10,-15,1
02/27/2014 19:11:00,58,65,48,9,-14,1
02/27/2014 19:12:00,58,66,49,8,-14,1
02/27/2014 19:13:00,58,67,48,8,-15,1
02/27/2014 19:14:00,58,69,49,7,-15,1
02/27/2014 19:15:00,58,69,47,6,-16,1
02/27/2014 19:16:00,58,68,46,6,-17,1
02/27/2014 19:17:00,58,67,46,5,-18,1
02/27/2014 19:18:00,58,65,45,5,-20,1
02/27/2014 19:19:00,58,65,45,5,-21,1
02/27/2014 19:20:00,58,64,46,5,-22,1
02/27/2014 19:21:00,58,65,48,5,-23,1
02/27/2014 19:22:00,58,69,53,4,-23,1
02/27/2014 19:23:00,58,72,56,4,-24,1
02/27/2014 19:24:00,58,75,58,4,-24,1
02/27/2014 19:25:00,58,76,61,4,-25,1
02/27/2014 19:26:00,58,78,63,4,-25,1
02/27/2014 19:27:00,58,81,65,4,-25,1
02/27/2014 19:28:00,58,83,68,4,-24,1
02/27/2014 19:29:00,58,87,72,4,-24,1
02/27/2014 19:30:00,58,90,75,4,-26,1
02/27/2014 19:31:00,58,93,79,4,-27,1
02/27/2014 19:32:00,58,96,81,4,-28,1
02/27/2014 19:33:00,58,98,82,4,-29,1
02/27/2014 19:34:00,58,96,82,4,-30,1
02/27/2014 19:35:00,58,97,83,4,-30,1
02/27/2014 19:36:00,58,97,84,4,-31,1
02/27/2014 19:37:00,58,98,84,4,-31,1
02/27/2014 19:38:00,58,97,83,4,-33,1
02/27/2014 19:39:00,58,96,83,4,-36,1
02/27/2014 19:40:00,58,94,81,4,-40,1
02/27/2014 19:41:00,58,95,82,4,-44,1
02/27/2014 19:42:00,58,93,83,4,-46,1
02/27/2014 19:43:00,58,93,83,3,-46,1
02/27/2014 19:44:00,58,89,83,3,-45,1
02/27/2014 19:45:00,58,88,83,2,-45,1
02/27/2014 19:46:00,58,86,81,2,-45,1
02/27/2014 19:47:00,58,84,80,1,-46,1
02/27/2014 19:48:00,58,82,79,0,-46,1
02/27/2014 19:49:00,58,81,76,0,-45,1
02/27/2014 19:50:00,58,78,75,-1,-44,1
02/27/2014 19:51:00,58,78,74,-1,-44,1
02/27/2014 19:52:00,58,75,72,-2,-45,1
02/27/2014 19:53:00,58,76,72,-2,-44,1
02/27/2014 19:54:00,58,76,73,-3,-41,1
02/27/2014 19:55:00,58,76,76,-4,-37,1
02/27/2014 19:56:00,58,78,76,-5,-35,1
02/27/2014 19:57:00,58,79,79,-5,-33,1
02/27/2014 19:58:00,58,80,81,-4,-33,1
02/27/2014 19:59:00,58,79,77,-4,-32,1
02/27/2014 20:00:00,58,78,79,-5,-31,1
02/27/2014 20:01:00,58,79,76,-5,-30,1
02/27/2014 20:02:00,58,70,75,-4,-35,1
02/27/2014 20:03:00,58,71,76,-4,-37,1
02/27/2014 20:04:00,58,72,76,-4,-40,1
02/27/2014 20:05:00,58,73,69,-4,-42,1
02/27/2014 20:06:00,58,71,64,-4,-45,1
02/27/2014 20:07:00,58,69,65,-4,-46,1
02/27/2014 20:08:00,58,70,58,-4,-50,1
02/27/2014 20:09:00,58,69,55,-4,-54,1
02/27/2014 20:10:00,58,67,55,-3,-57,1
02/27/2014 20:11:00,58,67,57,-3,-56,1
02/27/2014 20:12:00,58,67,59,-3,-56,1
02/27/2014 20:13:00,58,66,59,-3,-57,1
02/27/2014 20:14:00,58,65,58,-3,-56,1
02/27/2014 20:15:00,58,63,57,-2,-53,1
02/27/2014 20:16:00,58,64,56,-2,-51,1
02/27/2014 20:17:00,58,63,53,-2,-47,1
02/27/2014 20:18:00,58,64,49,-3,-44,1
02/27/2014 20:19:00,58,63,46,-4,-44,1
02/27/2014 20:20:00,58,62,49,-4,-44,1
02/27/2014 20:21:00,58,60,44,-4,-46,1
02/27/2014 20:22:00,58,56,42,-3,-47,1
02/27/2014 20:23:00,58,53,39,-3,-50,1
02/27/2014 20:24:00,58,49,41,-2,-54,1
02/27/2014 20:25:00,58,50,43,-1,-56,1
02/27/2014 20:26:00,58,51,45,-1,-59,1
02/27/2014 20:27:00,58,49,44,-1,-60,1
02/27/2014 20:28:00,58,51,43,-1,-60,1
02/27/2014 20:29:00,58,52,43,-1,-61,1
02/27/2014 20:30:00,58,55,42,-1,-63,1
02/27/2014 20:31:00,58,54,44,0,-66,1
02/27/2014 20:32:00,58,55,44,0,-67,1
02/27/2014 20:33:00,58,57,46,-1,-66,1
02/27/2014 20:34:00,58,60,46,-1,-67,1
02/27/2014 20:35:00,58,59,46,-1,-68,1
02/27/2014 20:36:00,58,58,45,-1,-70,1
02/27/2014 20:37:00,58,58,46,-1,-70,1
02/27/2014 20:38:00,58,59,45,-1,-69,1
02/27/2014 20:39:00,58,57,44,-1,-69,1
02/27/2014 20:40:00,58,55,43,-1,-68,1
02/27/2014 20:41:00,58,55,40,-1,-68,1
02/27/2014 20:42:00,58,55,39,-1,-69,1
02/27/2014 20:43:00,58,58,38,-1,-70,1
02/27/2014 20:44:00,58,58,39,-1,-71,1
02/27/2014 20:45:00,58,61,40,-1,-71,1
02/27/2014 20:46:00,58,62,41,-1,-75,1
02/27/2014 20:47:00,58,63,44,-1,-75,1
02/27/2014 20:48:00,58,61,43,-1,-75,1
02/27/2014 20:49:00,58,62,44,-2,-73,1
02/27/2014 20:50:00,58,61,50,-3,-68,1
02/27/2014 20:51:00,58,62,52,-3,-68,1
02/27/2014 20:52:00,58,62,46,-4,-70,1
02/27/2014 20:53:00,58,65,44,-4,-72,1
02/27/2014 20:54:00,58,67,48,-4,-72,1
02/27/2014 20:55:00,58,71,50,-4,-71,1
02/27/2014 20:56:00,58,74,53,-4,-70,1
02/27/2014 20:57:00,58,76,55,-5,-69,1
02/27/2014 20:58:00,58,77,58,-5,-69,1
02/27/2014 20:59:00,58,77,60,-5,-69,1
02/27/2014 21:00:00,58,76,65,-4,-69,1
02/27/2014 21:01:00,58,80,72,-5,-67,1
02/27/2014 21:02:00,58,83,70,-6,-66,1
02/27/2014 21:03:00,58,80,67,-6,-67,1
02/27/2014 21:04:00,58,79,70,-6,-68,1
02/27/2014 21:05:00,58,78,68,-5,-71,1
02/27/2014 21:06:00,58,80,65,-6,-74,1
02/27/2014 21:07:00,58,83,67,-7,-73,1
02/27/2014 21:08:00,58,87,70,-7,-71,1
02/27/2014 21:09:00,58,89,69,-8,-72,1
02/27/2014 21:10:00,58,90,71,-8,-72,1
02/27/2014 21:11:00,58,96,74,-9,-72,1
02/27/2014 21:12:00,58,99,74,-9,-72,1
02/27/2014 21:13:00,58,101,75,-9,-73,1
02/27/2014 21:14:00,58,105,77,-10,-73,1
02/27/2014 21:15:00,58,107,78,-11,-73,1
02/27/2014 21:16:00,58,109,76,-11,-75,1
02/27/2014 21:17:00,58,112,74,-11,-78,1
02/27/2014 21:18:00,58,116,74,-12,-79,1
02/27/2014 21:19:00,58,120,73,-12,-79,1
02/27/2014 21:20:00,58,122,72,-12,-79,1
02/27/2014 21:21:00,58,123,70,-12,-80,1
02/27/2014 21:22:00,58,123,67,-12,-82,1
02/27/2014 21:23:00,58,122,66,-11,-84,1
02/27/2014 21:24:00,58,121,62,-10,-87,1
02/27/2014 21:25:00,58,121,60,-10,-90,1
02/27/2014 21:26:00,58,120,58,-9,-93,1
02/27/2014 21:27:00,58,120,60,-9,-92,1
02/27/2014 21:28:00,58,121,62,-8,-92,1
02/27/2014 21:29:00,58,122,64,-9,-91,1
02/27/2014 21:30:00,58,124,67,-9,-90,1
02/27/2014 21:31:00,58,125,65,-9,-91,1
02/27/2014 21:32:00,58,126,66,-9,-91,1
02/27/2014 21:33:00,58,126,67,-9,-91,1
02/27/2014 21:34:00,58,124,70,-9,-90,1
02/27/2014 21:35:00,58,125,71,-9,-90,1
02/27/2014 21:36:00,58,124,65,-10,-92,1
02/27/2014 21:37:00,58,123,58,-9,-95,1
02/27/2014 21:38:00,58,119,58,-9,-95,1
02/27/2014 21:39:00,58,117,65,-10,-92,1
02/27/2014 21:40:00,58,116,69,-9,-91,1
02/27/2014 21:41:00,58,116,74,-10,-90,1
02/27/2014 21:42:00,58,115,80,-11,-87,1
02/27/2014 21:43:00,58,116,83,-11,-87,1
02/27/2014 21:44:00,58,112,78,-12,-89,1
02/27/2014 21:45:00,58,107,74,-12,-90,1
02/27/2014 21:46:00,58,103,76,-14,-89,1
02/27/2014 21:47:00,58,96,73,-15,-88,1
02/27/2014 21:48:00,58,91,67,-16,-88,1
02/27/2014 21:49:00,58,85,60,-16,-91,1
02/27/2014 21:50:00,58,86,54,-17,-94,1
02/27/2014 21:51:00,58,81,50,-18,-95,1
02/27/2014 21:52:00,58,81,51,-18,-95,1
02/27/2014 21:53:00,58,84,51,-19,-95,1
02/27/2014 21:54:00,58,85,50,-20,-95,1
02/27/2014 21:55:00,58,85,54,-20,-94,1
02/27/2014 21:56:00,58,82,56,-21,-93,1
02/27/2014 21:57:00,58,82,58,-21,-92,1
02/27/2014 21:58:00,58,83,60,-21,-89,1
02/27/2014 21:59:00,58,77,62,-20,-87,1
02/27/2014 22:00:00,58,75,65,-21,-87,1
02/27/2014 22:01:00,58,67,65,-19,-88,1
02/27/2014 22:02:00,58,66,62,-19,-88,1
02/27/2014 22:03:00,58,69,61,-20,-88,1
02/27/2014 22:04:00,58,72,62,-21,-89,1
02/27/2014 22:05:00,58,78,65,-22,-88,1
02/27/2014 22:06:00,58,84,65,-23,-86,1
02/27/2014 22:07:00,58,87,67,-24,-84,1
02/27/2014 22:08:00,58,85,65,-23,-83,1
02/27/2014 22:09:00,58,77,63,-23,-85,1
02/27/2014 22:10:00,58,70,63,-21,-86,1
02/27/2014 22:11:00,58,65,63,-21,-86,1
02/27/2014 22:12:00,58,61,62,-20,-85,1
02/27/2014 22:13:00,58,61,61,-20,-84,1
02/27/2014 22:14:00,58,64,57,-20,-83,1
02/27/2014 22:15:00,58,65,57,-20,-84,1
02/27/2014 22:16:00,58,69,58,-20,-84,1
02/27/2014 22:17:00,58,71,58,-20,-86,1
02/27/2014 22:18:00,58,69,58,-19,-88,1
02/27/2014 22:19:00,58,70,60,-19,-89,1
02/27/2014 22:20:00,58,68,60,-19,-90,1
02/27/2014 22:21:00,58,66,61,-18,-91,1
02/27/2014 22:22:00,58,63,62,-17,-92,1
02/27/2014 22:23:00,58,65,64,-17,-92,1
02/27/2014 22:24:00,58,69,68,-18,-93,1
02/27/2014 22:25:00,58,73,70,-18,-92,1
02/27/2014 22:26:00,58,71,70,-17,-92,1
02/27/2014 22:27:00,58,70,70,-18,-92,1
02/27/2014 22:28:00,58,73,73,-19,-92,1
02/27/2014 22:29:00,58,74,76,-19,-92,1
02/27/2014 22:30:00,58,80,79,-20,-90,1
02/27/2014 22:31:00,58,83,80,-21,-89,1
02/27/2014 22:32:00,58,88,82,-22,-89,1
02/27/2014 22:33:00,58,93,83,-23,-88,1
02/27/2014 22:34:00,58,100,83,-24,-87,1
02/27/2014 22:35:00,58,103,80,-25,-86,1
02/27/2014 22:36:00,58,104,79,-25,-87,1
02/27/2014 22:37:00,58,105,78,-24,-87,1
02/27/2014 22:38:00,58,108,76,-24,-87,1
02/27/2014 22:39:00,58,108,75,-24,-86,1
02/27/2014 22:40:00,58,106,73,-22,-85,1
02/27/2014 22:41:00,58,104,71,-21,-85,1
02/27/2014 22:42:00,58,103,72,-20,-86,1
02/27/2014 22:43:00,58,101,72,-19,-86,1
02/27/2014 22:44:00,58,102,76,-18,-87,1
02/27/2014 22:45:00,58,100,80,-18,-87,1
02/27/2014 22:46:00,58,97,83,-17,-89,1
02/27/2014 22:47:00,58,98,84,-17,-89,1
02/27/2014 22:48:00,58,97,82,-16,-89,1
02/27/2014 22:49:00,58,96,80,-16,-89,1
02/27/2014 22:50:00,58,93,79,-16,-90,1
02/27/2014 22:51:00,58,94,79,-16,-89,1
02/27/2014 22:52:00,58,94,80,-17,-90,1
02/27/2014 22:53:00,58,94,80,-17,-90,1
02/27/2014 22:54:00,58,95,80,-18,-90,1
02/27/2014 22:55:00,58,95,80,-18,-91,1
02/27/2014 22:56:00,58,95,79,-18,-92,1
02/27/2014 22:57:00,58,97,80,-19,-93,1
02/27/2014 22:58:00,58,98,80,-19,-93,1
02/27/2014 22:59:00,58,99,81,-20,-93,1
02/27/2014 23:00:00,58,100,81,-20,-93,1
02/27/2014 23:01:00,58,102,79,-20,-93,1
02/27/2014 23:02:00,58,104,79,-21,-93,1
02/27/2014 23:03:00,58,105,78,-21,-93,1
02/27/2014 23:04:00,58,106,77,-21,-93,1
02/27/2014 23:05:00,58,106,76,-21,-93,1
02/27/2014 23:06:00,58,106,76,-21,-93,1
02/27/2014 23:07:00,58,105,75,-21,-94,1
02/27/2014 23:08:00,58,104,74,-21,-94,1
02/27/2014 23:09:00,58,104,73,-21,-95,1
02/27/2014 23:10:00,58,103,75,-21,-95,1
02/27/2014 23:11:00,58,102,75,-21,-96,1
02/27/2014 23:12:00,58,99,77,-21,-96,1
02/27/2014 23:13:00,58,97,78,-20,-96,1
02/27/2014 23:14:00,58,94,77,-20,-96,1
02/27/2014 23:15:00,58,92,77,-20,-97,1
02/27/2014 23:16:00,58,90,77,-19,-97,1
02/27/2014 23:17:00,58,88,76,-19,-97,1
02/27/2014 23:18:00,58,87,76,-18,-98,1
02/27/2014 23:19:00,58,86,75,-18,-98,1
02/27/2014 23:20:00,58,85,76,-18,-98,1
02/27/2014 23:21:00,58,85,75,-18,-98,1
02/27/2014 23:22:00,58,85,74,-18,-99,1
02/27/2014 23:23:00,58,85,74,-18,-100,1
02/27/2014 23:24:00,58,86,72,-17,-101,1
02/27/2014 23:25:00,58,87,69,-16,-101,1
02/27/2014 23:26:00,58,87,68,-16,-101,1
02/27/2014 23:27:00,58,87,66,-16,-100,1
02/27/2014 23:28:00,58,87,66,-16,-100,1
02/27/2014 23:29:00,58,85,65,-16,-100,1
02/27/2014 23:30:00,58,83,63,-15,-100,1
02/27/2014 23:31:00,58,80,62,-15,-99,1
02/27/2014 23:32:00,58,77,61,-14,-99,1
02/27/2014 23:33:00,58,75,58,-14,-98,1
02/27/2014 23:34:00,58,73,59,-13,-99,1
02/27/2014 23:35:00,58,71,58,-12,-98,1
02/27/2014 23:36:00,58,70,57,-12,-98,1
02/27/2014 23:37:00,58,69,57,-12,-98,1
02/27/2014 23:38:00,58,68,56,-11,-97,1
02/27/2014 23:39:00,58,68,55,-11,-97,1
02/27/2014 23:40:00,58,67,54,-11,-96,1
02/27/2014 23:41:00,58,67,52,-11,-97,1
02/27/2014 23:42:00,58,67,51,-11,-96,1
02/27/2014 23:43:00,58,68,50,-11,-96,1
02/27/2014 23:44:00,58,67,51,-11,-96,1
02/27/2014 23:45:00,58,68,51,-11,-95,1
02/27/2014 23:46:00,58,69,52,-12,-95,1
02/27/2014 23:47:00,58,69,51,-12,-94,1
02/27/2014 23:48:00,58,68,50,-12,-94,1
02/27/2014 23:49:00,58,68,50,-13,-94,1
02/27/2014 23:50:00,58,66,49,-13,-94,1
02/27/2014 23:51:00,58,65,48,-13,-94,1
02/27/2014 23:52:00,58,65,47,-13,-94,1
02/27/2014 23:53:00,58,64,47,-13,-93,1
02/27/2014 23:54:00,58,63,47,-13,-93,1
02/27/2014 23:55:00,58,63,47,-12,-92,1
02/27/2014 23:56:00,58,63,47,-12,-92,1
02/27/2014 23:57:00,58,64,46,-13,-91,1
02/27/2014 23:58:00,58,64,45,-13,-91,1
02/27/2014 23:59:00,58,64,45,-13,-91,1
02/28/2014 00:00:00,59,62,45,-13,-90,1
02/28/2014 00:01:00,59,62,44,-12,-90,1
02/28/2014 00:02:00,59,60,44,-12,-89,1
02/28/2014 00:03:00,59,60,44,-12,-88,1
02/28/2014 00:04:00,59,62,44,-12,-87,1
02/28/2014 00:05:00,59,61,43,-12,-87,1
02/28/2014 00:06:00,59,60,44,-11,-87,1
02/28/2014 00:07:00,59,62,46,-11,-87,1
02/28/2014 00:08:00,59,63,48,-12,-87,1
02/28/2014 00:09:00,59,63,48,-12,-88,1
02/28/2014 00:10:00,59,63,47,-12,-88,1
02/28/2014 00:11:00,59,63,48,-12,-88,1
02/28/2014 00:12:00,59,64,47,-12,-87,1
02/28/2014 00:13:00,59,64,47,-12,-87,1
02/28/2014 00:14:00,59,63,43,-12,-86,1
02/28/2014 00:15:00,59,62,40,-12,-85,1
02/28/2014 00:16:00,59,61,39,-12,-84,1
02/28/2014 00:17:00,59,61,39,-12,-84,1
02/28/2014 00:18:00,59,62,41,-13,-84,1
02/28/2014 00:19:00,59,62,42,-13,-84,1
02/28/2014 00:20:00,59,63,43,-13,-84,1
02/28/2014 00:21:00,59,65,44,-13,-85,1
02/28/2014 00:22:00,59,66,45,-13,-85,1
02/28/2014 00:23:00,59,65,44,-13,-86,1
02/28/2014 00:24:00,59,65,44,-14,-87,1
02/28/2014 00:25:00,59,64,43,-14,-88,1
02/28/2014 00:26:00,59,61,41,-13,-88,1
02/28/2014 00:27:00,59,59,39,-13,-88,1
02/28/2014 00:28:00,59,58,39,-13,-88,1
02/28/2014 00:29:00,59,58,39,-13,-88,1
02/28/2014 00:30:00,59,58,39,-13,-89,1
02/28/2014 00:31:00,59,58,38,-13,-89,1
02/28/2014 00:32:00,59,58,38,-13,-89,1
02/28/2014 00:33:00,59,59,38,-13,-89,1
02/28/2014 00:34:00,59,58,38,-14,-90,1
02/28/2014 00:35:00,59,57,37,-13,-90,1
02/28/2014 00:36:00,59,56,38,-13,-91,1
02/28/2014 00:37:00,59,55,37,-13,-92,1
02/28/2014 00:38:00,59,54,37,-13,-92,1
02/28/2014 00:39:00,59,54,36,-13,-92,1
02/28/2014 00:40:00,59,54,35,-13,-93,1
02/28/2014 00:41:00,59,54,33,-13,-92,1
02/28/2014 00:42:00,59,54,34,-12,-92,1
02/28/2014 00:43:00,59,53,34,-12,-92,1
02/28/2014 00:44:00,59,54,33,-12,-92,1
02/28/2014 00:45:00,59,54,33,-12,-92,1
02/28/2014 00:46:00,59,53,34,-12,-92,1
02/28/2014 00:47:00,59,52,34,-12,-92,1
02/28/2014 00:48:00,59,54,34,-12,-92,1
02/28/2014 00:49:00,59,52,34,-12,-92,1
02/28/2014 00:50:00,59,52,35,-12,-92,1
02/28/2014 00:51:00,59,51,35,-12,-92,1
02/28/2014 00:52:00,59,51,35,-12,-92,1
02/28/2014 00:53:00,59,51,36,-12,-92,1
02/28/2014 00:54:00,59,52,36,-12,-92,1
02/28/2014 00:55:00,59,51,36,-12,-92,1
02/28/2014 00:56:00,59,51,37,-12,-93,1
02/28/2014 00:57:00,59,50,37,-12,-93,1
02/28/2014 00:58:00,59,49,40,-12,-92,1
02/28/2014 00:59:00,59,48,40,-12,-91,1
02/28/2014 01:00:00,59,49,39,-12,-90,1
02/28/2014 01:01:00,59,53,34,-13,-89,1
02/28/2014 01:02:00,59,55,35,-14,-88,1
02/28/2014 01:03:00,59,53,37,-14,-86,1
02/28/2014 01:04:00,59,55,35,-14,-85,1
02/28/2014 01:05:00,59,56,35,-15,-83,1
02/28/2014 01:06:00,59,55,35,-14,-82,1
02/28/2014 01:07:00,59,55,34,-15,-82,1
02/28/2014 01:08:00,59,54,32,-15,-82,1
02/28/2014 01:09:00,59,55,33,-15,-83,1
02/28/2014 01:10:00,59,55,32,-16,-85,1
02/28/2014 01:11:00,59,54,33,-15,-86,1
02/28/2014 01:12:00,59,53,32,-15,-87,1
02/28/2014 01:13:00,59,53,33,-15,-87,1
02/28/2014 01:14:00,59,54,32,-15,-87,1
02/28/2014 01:15:00,59,54,32,-16,-87,1
02/28/2014 01:16:00,59,56,33,-16,-86,1
02/28/2014 01:17:00,59,56,32,-16,-87,1
02/28/2014 01:18:00,59,57,31,-16,-86,1
02/28/2014 01:19:00,59,57,31,-16,-86,1
02/28/2014 01:20:00,59,58,31,-16,-86,1
02/28/2014 01:21:00,59,59,30,-16,-86,1
02/28/2014 01:22:00,59,59,29,-16,-87,1
02/28/2014 01:23:00,59,60,29,-16,-87,1
02/28/2014 01:24:00,59,60,29,-16,-88,1
02/28/2014 01:25:00,59,60,30,-16,-88,1
02/28/2014 01:26:00,59,61,29,-16,-88,1
02/28/2014 01:27:00,59,62,30,-16,-88,1
02/28/2014 01:28:00,59,62,31,-15,-88,1
02/28/2014 01:29:00,59,63,31,-15,-88,1
02/28/2014 01:30:00,59,62,31,-15,-88,1
02/28/2014 01:31:00,59,64,30,-15,-88,1
02/28/2014 01:32:00,59,65,30,-15,-88,1
02/28/2014 01:33:00,59,63,29,-15,-88,1
02/28/2014 01:34:00,59,63,29,-15,-89,1
02/28/2014 01:35:00,59,63,28,-15,-88,1
02/28/2014 01:36:00,59,64,28,-15,-89,1
02/28/2014 01:37:00,59,63,28,-14,-89,1
02/28/2014 01:38:00,59,61,28,-14,-89,1
02/28/2014 01:39:00,59,61,27,-14,-90,1
02/28/2014 01:40:00,59,59,26,-14,-90,1
02/28/2014 01:41:00,59,56,26,-13,-91,1
02/28/2014 01:42:00,59,55,27,-13,-90,1
02/28/2014 01:43:00,59,53,27,-13,-90,1
02/28/2014 01:44:00,59,52,27,-13,-91,1
02/28/2014 01:45:00,59,50,27,-12,-91,1
02/28/2014 01:46:00,59,50,26,-12,-91,1
02/28/2014 01:47:00,59,50,26,-12,-91,1
02/28/2014 01:48:00,59,49,26,-12,-91,1
02/28/2014 01:49:00,59,49,26,-11,-91,1
02/28/2014 01:50:00,59,46,26,-11,-91,1
02/28/2014 01:51:00,59,44,26,-11,-91,1
02/28/2014 01:52:00,59,43,25,-11,-90,1
02/28/2014 01:53:00,59,42,24,-11,-90,1
02/28/2014 01:54:00,59,41,23,-11,-90,1
02/28/2014 01:55:00,59,40,24,-11,-90,1
02/28/2014 01:56:00,59,40,23,-11,-90,1
02/28/2014 01:57:00,59,40,23,-10,-90,1
02/28/2014 01:58:00,59,41,22,-10,-90,1
02/28/2014 01:59:00,59,40,23,-10,-90,1
02/28/2014 02:00:00,59,41,22,-10,-91,1
02/28/2014 02:01:00,59,40,23,-10,-92,1
02/28/2014 02:02:00,59,39,22,-10,-92,1
02/28/2014 02:03:00,59,38,23,-10,-93,1
02/28/2014 02:04:00,59,36,23,-10,-93,1
02/28/2014 02:05:00,59,35,24,-9,-94,1
02/28/2014 02:06:00,59,34,23,-9,-94,1
02/28/2014 02:07:00,59,33,23,-9,-94,1
02/28/2014 02:08:00,59,32,25,-8,-94,1
02/28/2014 02:09:00,59,31,26,-8,-94,1
02/28/2014 02:10:00,59,30,27,-8,-94,1
02/28/2014 02:11:00,59,30,27,-7,-93,1
02/28/2014 02:12:00,59,29,28,-7,-93,1
02/28/2014 02:13:00,59,30,29,-7,-92,1
02/28/2014 02:14:00,59,30,28,-7,-92,1
02/28/2014 02:15:00,59,30,28,-7,-91,1
02/28/2014 02:16:00,59,30,28,-7,-91,1
02/28/2014 02:17:00,59,31,28,-7,-91,1
02/28/2014 02:18:00,59,30,28,-7,-89,1
02/28/2014 02:19:00,59,28,28,-7,-89,1
02/28/2014 02:20:00,59,29,28,-8,-89,1
02/28/2014 02:21:00,59,28,27,-7,-88,1
02/28/2014 02:22:00,59,28,27,-8,-88,1
02/28/2014 02:23:00,59,27,28,-8,-87,1
02/28/2014 02:24:00,59,27,28,-7,-87,1
02/28/2014 02:25:00,59,28,28,-7,-87,1
02/28/2014 02:26:00,59,29,28,-7,-87,1
02/28/2014 02:27:00,59,29,29,-7,-87,1
02/28/2014 02:28:00,59,29,29,-8,-87,1
02/28/2014 02:29:00,59,28,27,-7,-87,1
02/28/2014 02:30:00,59,27,28,-8,-87,1
02/28/2014 02:31:00,59,26,28,-8,-88,1
02/28/2014 02:32:00,59,25,27,-8,-88,1
02/28/2014 02:33:00,59,25,27,-8,-88,1
02/28/2014 02:34:00,59,25,28,-8,-88,1
02/28/2014 02:35:00,59,25,28,-9,-88,1
02/28/2014 02:36:00,59,25,28,-8,-88,1
02/28/2014 02:37:00,59,27,29,-9,-87,1
02/28/2014 02:38:00,59,27,29,-9,-87,1
02/28/2014 02:39:00,59,27,29,-9,-86,1
02/28/2014 02:40:00,59,27,28,-9,-86,1
02/28/2014 02:41:00,59,28,29,-9,-86,1
02/28/2014 02:42:00,59,29,30,-9,-86,1
02/28/2014 02:43:00,59,29,30,-9,-86,1
02/28/2014 02:44:00,59,29,29,-9,-86,1
02/28/2014 02:45:00,59,27,29,-9,-86,1
02/28/2014 02:46:00,59,26,28,-9,-86,1
02/28/2014 02:47:00,59,27,28,-9,-86,1
02/28/2014 02:48:00,59,26,27,-9,-85,1
02/28/2014 02:49:00,59,28,27,-9,-85,1
02/28/2014 02:50:00,59,28,28,-9,-85,1
02/28/2014 02:51:00,59,28,28,-9,-85,1
02/28/2014 02:52:00,59,28,27,-9,-85,1
02/28/2014 02:53:00,59,28,27,-9,-85,1
02/28/2014 02:54:00,59,28,26,-9,-84,1
02/28/2014 02:55:00,59,27,27,-9,-83,1
02/28/2014 02:56:00,59,26,29,-9,-83,1
02/28/2014 02:57:00,59,24,29,-8,-82,1
02/28/2014 02:58:00,59,23,30,-8,-83,1
02/28/2014 02:59:00,59,22,29,-8,-83,1
02/28/2014 03:00:00,59,22,29,-8,-82,1
02/28/2014 03:01:00,59,21,28,-8,-83,1
02/28/2014 03:02:00,59,21,28,-8,-83,1
02/28/2014 03:03:00,59,21,28,-8,-83,1
02/28/2014 03:04:00,59,19,28,-8,-83,1
02/28/2014 03:05:00,59,18,28,-7,-83,1
02/28/2014 03:06:00,59,17,29,-7,-83,1
02/28/2014 03:07:00,59,17,29,-7,-82,1
02/28/2014 03:08:00,59,17,29,-7,-83,1
02/28/2014 03:09:00,59,17,28,-6,-83,1
02/28/2014 03:10:00,59,16,27,-6,-82,1
02/28/2014 03:11:00,59,16,27,-6,-82,1
02/28/2014 03:12:00,59,16,27,-6,-82,1
02/28/2014 03:13:00,59,17,27,-7,-82,1
02/28/2014 03:14:00,59,17,27,-7,-81,1
02/28/2014 03:15:00,59,17,27,-7,-81,1
02/28/2014 03:16:00,59,16,27,-6,-80,1
02/28/2014 03:17:00,59,15,27,-6,-79,1
02/28/2014 03:18:00,59,14,28,-6,-79,1
02/28/2014 03:19:00,59,15,28,-6,-79,1
02/28/2014 03:20:00,59,14,29,-6,-79,1
02/28/2014 03:21:00,59,15,30,-6,-78,1
02/28/2014 03:22:00,59,15,30,-6,-78,1
02/28/2014 03:23:00,59,16,30,-6,-78,1
02/28/2014 03:24:00,59,16,31,-5,-78,1
02/28/2014 03:25:00,59,16,32,-5,-77,1
02/28/2014 03:26:00,59,16,31,-5,-77,1
02/28/2014 03:27:00,59,14,31,-5,-78,1
02/28/2014 03:28:00,59,16,30,-5,-79,1
02/28/2014 03:29:00,59,16,28,-6,-78,1
02/28/2014 03:30:00,59,15,28,-6,-78,1
02/28/2014 03:31:00,59,14,29,-5,-78,1
02/28/2014 03:32:00,59,14,29,-5,-78,1
02/28/2014 03:33:00,59,14,28,-6,-77,1
02/28/2014 03:34:00,59,14,29,-5,-77,1
02/28/2014 03:35:00,59,13,28,-5,-76,1
02/28/2014 03:36:00,59,12,29,-5,-76,1
02/28/2014 03:37:00,59,11,29,-5,-76,1
02/28/2014 03:38:00,59,12,31,-5,-77,1
02/28/2014 03:39:00,59,14,30,-5,-78,1
02/28/2014 03:40:00,59,14,28,-6,-79,1
02/28/2014 03:41:00,59,15,29,-6,-79,1
02/28/2014 03:42:00,59,16,31,-6,-79,1
02/28/2014 03:43:00,59,16,32,-6,-79,1
02/28/2014 03:44:00,59,16,32,-6,-79,1
02/28/2014 03:45:00,59,16,32,-6,-79,1
02/28/2014 03:46:00,59,15,33,-6,-79,1
02/28/2014 03:47:00,59,15,33,-6,-79,1
02/28/2014 03:48:00,59,15,34,-5,-78,1
02/28/2014 03:49:00,59,15,34,-6,-78,1
02/28/2014 03:50:00,59,16,35,-5,-78,1
02/28/2014 03:51:00,59,17,35,-5,-77,1
02/28/2014 03:52:00,59,17,34,-6,-77,1
02/28/2014 03:53:00,59,16,34,-6,-77,1
02/28/2014 03:54:00,59,17,34,-6,-76,1
02/28/2014 03:55:00,59,17,34,-6,-76,1
02/28/2014 03:56:00,59,17,34,-6,-76,1
02/28/2014 03:57:00,59,17,33,-6,-76,1
02/28/2014 03:58:00,59,17,34,-6,-75,1
02/28/2014 03:59:00,59,17,34,-6,-75,1
02/28/2014 04:00:00,59,18,33,-6,-75,1
02/28/2014 04:01:00,59,19,34,-6,-75,1
02/28/2014 04:02:00,59,19,34,-6,-75,1
02/28/2014 04:03:00,59,19,33,-6,-75,1
02/28/2014 04:04:00,59,19,33,-6,-75,1
02/28/2014 04:05:00,59,18,33,-6,-75,1
02/28/2014 04:06:00,59,18,33,-6,-75,1
02/28/2014 04:07:00,59,18,34,-6,-75,1
02/28/2014 04:08:00,59,18,33,-6,-75,1
02/28/2014 04:09:00,59,18,34,-6,-75,1
02/28/2014 04:10:00,59,17,35,-5,-75,1
02/28/2014 04:11:00,59,18,35,-5,-75,1
02/28/2014 04:12:00,59,18,34,-5,-75,1
02/28/2014 04:13:00,59,18,34,-5,-74,1
02/28/2014 04:14:00,59,17,35,-5,-74,1
02/28/2014 04:15:00,59,17,35,-5,-74,1
02/28/2014 04:16:00,59,18,36,-5,-73,1
02/28/2014 04:17:00,59,17,35,-5,-73,1
02/28/2014 04:18:00,59,18,35,-5,-73,1
02/28/2014 04:19:00,59,18,35,-5,-73,1
02/28/2014 04:20:00,59,17,35,-5,-73,1
02/28/2014 04:21:00,59,17,35,-5,-73,1
02/28/2014 04:22:00,59,18,34,-5,-73,1
02/28/2014 04:23:00,59,18,34,-5,-72,1
02/28/2014 04:24:00,59,18,34,-6,-72,1
02/28/2014 04:25:00,59,18,35,-6,-72,1
02/28/2014 04:26:00,59,18,35,-5,-72,1
02/28/2014 04:27:00,59,18,35,-5,-72,1
02/28/2014 04:28:00,59,18,35,-5,-72,1
02/28/2014 04:29:00,59,18,35,-5,-72,1
02/28/2014 04:30:00,59,18,35,-5,-72,1
02/28/2014 04:31:00,59,18,35,-5,-72,1
02/28/2014 04:32:00,59,18,35,-5,-72,1
02/28/2014 04:33:00,59,18,34,-6,-72,1
02/28/2014 04:34:00,59,17,35,-6,-72,1
02/28/2014 04:35:00,59,17,35,-6,-72,1
02/28/2014 04:36:00,59,17,35,-6,-72,1
02/28/2014 04:37:00,59,17,35,-6,-73,1
02/28/2014 04:38:00,59,17,35,-6,-73,1
02/28/2014 04:39:00,59,18,35,-5,-74,1
02/28/2014 04:40:00,59,18,35,-6,-74,1
02/28/2014 04:41:00,59,18,35,-6,-74,1
02/28/2014 04:42:00,59,18,35,-6,-74,1
02/28/2014 04:43:00,59,18,36,-6,-73,1
02/28/2014 04:44:00,59,18,36,-6,-74,1
02/28/2014 04:45:00,59,18,35,-6,-73,1
02/28/2014 04:46:00,59,18,35,-6,-73,1
02/28/2014 04:47:00,59,18,35,-6,-73,1
02/28/2014 04:48:00,59,17,36,-6,-72,1
02/28/2014 04:49:00,59,17,36,-6,-72,1
02/28/2014 04:50:00,59,17,36,-6,-72,1
02/28/2014 04:51:00,59,17,36,-6,-72,1
02/28/2014 04:52:00,59,17,36,-6,-72,1
02/28/2014 04:53:00,59,18,35,-6,-72,1
02/28/2014 04:54:00,59,18,35,-6,-72,1
02/28/2014 04:55:00,59,18,35,-6,-72,1
02/28/2014 04:56:00,59,18,36,-6,-71,1
02/28/2014 04:57:00,59,18,36,-6,-71,1
02/28/2014 04:58:00,59,18,36,-6,-71,1
02/28/2014 04:59:00,59,18,36,-6,-71,1
02/28/2014 05:00:00,59,18,36,-6,-71,1
02/28/2014 05:01:00,59,18,36,-6,-71,1
02/28/2014 05:02:00,59,19,36,-6,-71,1
02/28/2014 05:03:00,59,19,36,-6,-71,1
02/28/2014 05:04:00,59,19,36,-6,-71,1
02/28/2014 05:05:00,59,19,35,-6,-70,1
02/28/2014 05:06:00,59,18,35,-6,-71,1
02/28/2014 05:07:00,59,18,35,-6,-71,1
02/28/2014 05:08:00,59,18,35,-6,-71,1
02/28/2014 05:09:00,59,18,35,-6,-71,1
02/28/2014 05:10:00,59,19,35,-6,-71,1
02/28/2014 05:11:00,59,19,35,-6,-71,1
02/28/2014 05:12:00,59,19,35,-6,-70,1
02/28/2014 05:13:00,59,19,35,-6,-71,1
02/28/2014 05:14:00,59,19,35,-6,-70,1
02/28/2014 05:15:00,59,19,34,-6,-71,1
02/28/2014 05:16:00,59,18,34,-6,-71,1
02/28/2014 05:17:00,59,19,34,-6,-71,1
02/28/2014 05:18:00,59,19,33,-6,-71,1
02/28/2014 05:19:00,59,19,33,-6,-71,1
02/28/2014 05:20:00,59,19,33,-6,-71,1
02/28/2014 05:21:00,59,19,32,-6,-70,1
02/28/2014 05:22:00,59,19,31,-6,-70,1
02/28/2014 05:23:00,59,19,31,-6,-70,1
02/28/2014 05:24:00,59,19,31,-6,-70,1
02/28/2014 05:25:00,59,19,31,-6,-70,1
02/28/2014 05:26:00,59,19,31,-6,-70,1
02/28/2014 05:27:00,59,20,31,-6,-70,1
02/28/2014 05:28:00,59,20,30,-6,-70,1
02/28/2014 05:29:00,59,20,30,-7,-69,1
02/28/2014 05:30:00,59,20,30,-6,-69,1
02/28/2014 05:31:00,59,19,31,-6,-69,1
02/28/2014 05:32:00,59,19,30,-6,-69,1
02/28/2014 05:33:00,59,20,30,-6,-69,1
02/28/2014 05:34:00,59,21,31,-6,-68,1
02/28/2014 05:35:00,59,21,30,-6,-69,1
02/28/2014 05:36:00,59,21,30,-6,-68,1
02/28/2014 05:37:00,59,21,30,-6,-68,1
02/28/2014 05:38:00,59,21,30,-6,-68,1
02/28/2014 05:39:00,59,21,30,-6,-68,1
02/28/2014 05:40:00,59,21,29,-6,-68,1
02/28/2014 05:41:00,59,21,29,-6,-68,1
02/28/2014 05:42:00,59,21,30,-6,-67,1
02/28/2014 05:43:00,59,21,30,-6,-67,1
02/28/2014 05:44:00,59,21,31,-6,-67,1
02/28/2014 05:45:00,59,20,30,-6,-67,1
02/28/2014 05:46:00,59,21,30,-5,-67,1
02/28/2014 05:47:00,59,22,30,-6,-67,1
02/28/2014 05:48:00,59,22,30,-6,-66,1
02/28/2014 05:49:00,59,22,30,-6,-66,1
02/28/2014 05:50:00,59,22,30,-6,-66,1
02/28/2014 05:51:00,59,22,30,-6,-66,1
02/28/2014 05:52:00,59,22,30,-6,-67,1
02/28/2014 05:53:00,59,22,29,-6,-67,1
02/28/2014 05:54:00,59,22,29,-6,-67,1
02/28/2014 05:55:00,59,22,29,-6,-67,1
02/28/2014 05:56:00,59,21,29,-5,-67,1
02/28/2014 05:57:00,59,21,28,-5,-66,1
02/28/2014 05:58:00,59,22,29,-5,-67,1
02/28/2014 05:59:00,59,23,29,-5,-66,1
02/28/2014 06:00:00,59,23,30,-5,-66,1
02/28/2014 06:01:00,59,23,30,-5,-66,1
02/28/2014 06:02:00,59,22,30,-5,-66,1
02/28/2014 06:03:00,59,22,30,-5,-66,1
02/28/2014 06:04:00,59,22,30,-5,-65,1
02/28/2014 06:05:00,59,22,30,-5,-65,1
02/28/2014 06:06:00,59,22,30,-5,-65,1
02/28/2014 06:07:00,59,22,30,-5,-65,1
02/28/2014 06:08:00,59,22,30,-5,-65,1
02/28/2014 06:09:00,59,22,30,-5,-65,1
02/28/2014 06:10:00,59,23,30,-5,-65,1
02/28/2014 06:11:00,59,23,30,-5,-65,1
02/28/2014 06:12:00,59,23,30,-5,-65,1
02/28/2014 06:13:00,59,23,30,-5,-65,1
02/28/2014 06:14:00,59,23,30,-5,-65,1
02/28/2014 06:15:00,59,23,30,-5,-65,1
02/28/2014 06:16:00,59,23,30,-5,-65,1
02/28/2014 06:17:00,59,23,31,-5,-65,1
02/28/2014 06:18:00,59,23,31,-5,-65,1
02/28/2014 06:19:00,59,23,31,-5,-65,1
02/28/2014 06:20:00,59,24,31,-4,-65,1
02/28/2014 06:21:00,59,25,31,-5,-65,1
02/28/2014 06:22:00,59,24,31,-4,-64,1
02/28/2014 06:23:00,59,24,31,-4,-64,1
02/28/2014 06:24:00,59,23,31,-4,-65,1
02/28/2014 06:25:00,59,23,31,-4,-65,1
02/28/2014 06:26:00,59,24,31,-4,-65,1
02/28/2014 06:27:00,59,24,31,-4,-65,1
02/28/2014 06:28:00,59,23,30,-4,-66,1
02/28/2014 06:29:00,59,23,30,-4,-66,1
02/28/2014 06:30:00,59,24,30,-4,-66,1
02/28/2014 06:31:00,59,24,29,-4,-66,1
02/28/2014 06:32:00,59,24,30,-4,-66,1
02/28/2014 06:33:00,59,24,30,-4,-66,1
02/28/2014 06:34:00,59,24,30,-4,-66,1
02/28/2014 06:35:00,59,25,30,-4,-66,1
02/28/2014 06:36:00,59,25,31,-3,-65,1
02/28/2014 06:37:00,59,25,31,-3,-65,1
02/28/2014 06:38:00,59,25,31,-4,-65,1
02/28/2014 06:39:00,59,25,31,-3,-65,1
02/28/2014 06:40:00,59,25,31,-3,-65,1
02/28/2014 06:41:00,59,25,31,-3,-65,1
02/28/2014 06:42:00,59,25,31,-3,-66,1
02/28/2014 06:43:00,59,25,31,-3,-66,1
02/28/2014 06:44:00,59,25,31,-3,-66,1
02/28/2014 06:45:00,59,25,31,-3,-66,1
02/28/2014 06:46:00,59,25,31,-3,-65,1
02/28/2014 06:47:00,59,25,31,-3,-65,1
02/28/2014 06:48:00,59,25,31,-3,-65,1
02/28/2014 06:49:00,59,25,31,-3,-65,1
02/28/2014 06:50:00,59,25,31,-3,-65,1
02/28/2014 06:51:00,59,25,31,-3,-65,1
02/28/2014 06:52:00,59,25,31,-3,-65,1
02/28/2014 06:53:00,59,25,31,-3,-65,1
02/28/2014 06:54:00,59,25,31,-3,-66,1
02/28/2014 06:55:00,59,25,31,-3,-65,1
02/28/2014 06:56:00,59,25,31,-3,-66,1
02/28/2014 06:57:00,59,25,31,-3,-65,1
02/28/2014 06:58:00,59,25,31,-3,-66,1
02/28/2014 06:59:00,59,25,31,-3,-66,1
02/28/2014 07:00:00,59,25,31,-3,-66,1
02/28/2014 07:01:00,59,24,30,-3,-66,1
02/28/2014 07:02:00,59,25,30,-3,-66,1
02/28/2014 07:03:00,59,25,30,-3,-66,1
02/28/2014 07:04:00,59,25,30,-3,-66,1
02/28/2014 07:05:00,59,25,30,-2,-66,1
02/28/2014 07:06:00,59,25,31,-2,-66,1
02/28/2014 07:07:00,59,25,31,-2,-66,1
02/28/2014 07:08:00,59,25,31,-2,-66,1
02/28/2014 07:09:00,59,25,31,-2,-66,1
02/28/2014 07:10:00,59,25,31,-2,-65,1
02/28/2014 07:11:00,59,26,31,-2,-65,1
02/28/2014 07:12:00,59,26,30,-2,-65,1
02/28/2014 07:13:00,59,26,30,-2,-65,1
02/28/2014 07:14:00,59,25,30,-2,-65,1
02/28/2014 07:15:00,59,25,30,-2,-66,1
02/28/2014 07:16:00,59,26,29,-2,-66,1
02/28/2014 07:17:00,59,26,29,-2,-66,1
02/28/2014 07:18:00,59,26,29,-2,-66,1
02/28/2014 07:19:00,59,26,29,-2,-66,1
02/28/2014 07:20:00,59,26,30,-2,-66,1
02/28/2014 07:21:00,59,26,30,-2,-65,1
02/28/2014 07:22:00,59,26,30,-2,-65,1
02/28/2014 07:23:00,59,26,30,-2,-66,1
02/28/2014 07:24:00,59,27,30,-2,-66,1
02/28/2014 07:25:00,59,26,30,-2,-66,1
02/28/2014 07:26:00,59,26,30,-2,-66,1
02/28/2014 07:27:00,59,25,30,-2,-67,1
02/28/2014 07:28:00,59,25,31,-2,-67,1
02/28/2014 07:29:00,59,25,30,-2,-68,1
02/28/2014 07:30:00,59,24,30,-1,-68,1
02/28/2014 07:31:00,59,24,30,-1,-68,1
02/28/2014 07:32:00,59,25,30,-1,-68,1
02/28/2014 07:33:00,59,26,30,-1,-68,1
02/28/2014 07:34:00,59,25,30,-1,-67,1
02/28/2014 07:35:00,59,24,31,-1,-66,1
02/28/2014 07:36:00,59,25,31,-2,-65,1
02/28/2014 07:37:00,59,25,30,-2,-65,1
02/28/2014 07:38:00,59,24,31,-2,-64,1
02/28/2014 07:39:00,59,24,31,-2,-63,1
02/28/2014 07:40:00,59,24,31,-2,-63,1
02/28/2014 07:41:00,59,25,30,-2,-63,1
02/28/2014 07:42:00,59,23,29,-2,-62,1
02/28/2014 07:43:00,59,23,29,-2,-61,1
02/28/2014 07:44:00,59,22,30,-2,-60,1
02/28/2014 07:45:00,59,22,29,-3,-60,1
02/28/2014 07:46:00,59,23,28,-3,-59,1
02/28/2014 07:47:00,59,22,27,-3,-59,1
02/28/2014 07:48:00,59,23,27,-4,-58,1
02/28/2014 07:49:00,59,24,26,-4,-59,1
02/28/2014 07:50:00,59,24,26,-4,-59,1
02/28/2014 07:51:00,59,24,26,-4,-60,1
02/28/2014 07:52:00,59,24,26,-3,-60,1
02/28/2014 07:53:00,59,25,27,-4,-59,1
02/28/2014 07:54:00,59,26,26,-4,-59,1
02/28/2014 07:55:00,59,26,27,-4,-59,1
02/28/2014 07:56:00,59,26,28,-4,-59,1
02/28/2014 07:57:00,59,25,28,-4,-59,1
02/28/2014 07:58:00,59,24,28,-4,-60,1
02/28/2014 07:59:00,59,23,28,-4,-60,1
02/28/2014 08:00:00,59,23,27,-4,-61,1
02/28/2014 08:01:00,59,21,27,-3,-62,1
02/28/2014 08:02:00,59,23,27,-3,-63,1
02/28/2014 08:03:00,59,23,26,-3,-64,1
02/28/2014 08:04:00,59,23,27,-3,-65,1
02/28/2014 08:05:00,59,23,26,-3,-65,1
02/28/2014 08:06:00,59,23,26,-2,-66,1
02/28/2014 08:07:00,59,23,26,-2,-66,1
02/28/2014 08:08:00,59,23,27,-2,-66,1
02/28/2014 08:09:00,59,22,27,-2,-66,1
02/28/2014 08:10:00,59,21,27,-2,-67,1
02/28/2014 08:11:00,59,22,27,-2,-67,1
02/28/2014 08:12:00,59,23,27,-2,-67,1
02/28/2014 08:13:00,59,23,27,-1,-67,1
02/28/2014 08:14:00,59,24,27,-1,-68,1
02/28/2014 08:15:00,59,24,27,-1,-68,1
02/28/2014 08:16:00,59,25,29,-1,-68,1
02/28/2014 08:17:00,59,25,28,-1,-68,1
02/28/2014 08:18:00,59,25,27,-1,-68,1
02/28/2014 08:19:00,59,25,28,-1,-69,1
02/28/2014 08:20:00,59,25,28,-1,-68,1
02/28/2014 08:21:00,59,26,29,-1,-69,1
02/28/2014 08:22:00,59,26,29,-1,-68,1
02/28/2014 08:23:00,59,27,28,-1,-68,1
02/28/2014 08:24:00,59,27,28,-1,-68,1
02/28/2014 08:25:00,59,26,27,-1,-68,1
02/28/2014 08:26:00,59,27,27,-1,-68,1
02/28/2014 08:27:00,59,26,27,-2,-68,1
02/28/2014 08:28:00,59,26,27,-1,-69,1
02/28/2014 08:29:00,59,26,27,-2,-68,1
02/28/2014 08:30:00,59,26,26,-2,-68,1
02/28/2014 08:31:00,59,26,28,-2,-68,1
02/28/2014 08:32:00,59,27,27,-2,-68,1
02/28/2014 08:33:00,59,28,27,-2,-68,1
02/28/2014 08:34:00,59,28,25,-2,-67,1
02/28/2014 08:35:00,59,29,25,-3,-67,1
02/28/2014 08:36:00,59,31,24,-3,-68,1
02/28/2014 08:37:00,59,32,24,-3,-67,1
02/28/2014 08:38:00,59,33,24,-3,-68,1
02/28/2014 08:39:00,59,33,23,-4,-68,1
02/28/2014 08:40:00,59,35,21,-4,-67,1
02/28/2014 08:41:00,59,36,23,-4,-67,1
02/28/2014 08:42:00,59,36,23,-4,-67,1
02/28/2014 08:43:00,59,36,25,-4,-67,1
02/28/2014 08:44:00,59,36,27,-4,-68,1
02/28/2014 08:45:00,59,37,28,-4,-67,1
02/28/2014 08:46:00,59,37,29,-4,-66,1
02/28/2014 08:47:00,59,38,32,-4,-66,1
02/28/2014 08:48:00,59,38,32,-4,-67,1
02/28/2014 08:49:00,59,39,32,-4,-66,1
02/28/2014 08:50:00,59,40,32,-4,-66,1
02/28/2014 08:51:00,59,40,33,-4,-66,1
02/28/2014 08:52:00,59,41,34,-4,-66,1
02/28/2014 08:53:00,59,41,36,-4,-65,1
02/28/2014 08:54:00,59,42,35,-4,-65,1
02/28/2014 08:55:00,59,42,35,-4,-65,1
02/28/2014 08:56:00,59,42,35,-4,-65,1
02/28/2014 08:57:00,59,43,34,-4,-65,1
02/28/2014 08:58:00,59,43,34,-4,-65,1
02/28/2014 08:59:00,59,44,35,-4,-64,1
02/28/2014 09:00:00,59,44,36,-4,-64,1
02/28/2014 09:01:00,59,44,35,-4,-64,1
02/28/2014 09:02:00,59,45,33,-4,-64,1
02/28/2014 09:03:00,59,45,34,-4,-63,1
02/28/2014 09:04:00,59,46,34,-4,-63,1
02/28/2014 09:05:00,59,46,33,-4,-63,1
02/28/2014 09:06:00,59,46,32,-4,-63,1
02/28/2014 09:07:00,59,46,32,-4,-63,1
02/28/2014 09:08:00,59,45,31,-5,-63,1
02/28/2014 09:09:00,59,46,31,-4,-63,1
02/28/2014 09:10:00,59,45,30,-4,-63,1
02/28/2014 09:11:00,59,44,30,-4,-63,1
02/28/2014 09:12:00,59,42,30,-4,-63,1
02/28/2014 09:13:00,59,42,30,-4,-62,1
02/28/2014 09:14:00,59,40,28,-4,-62,1
02/28/2014 09:15:00,59,39,28,-3,-62,1
02/28/2014 09:16:00,59,37,28,-3,-62,1
02/28/2014 09:17:00,59,35,28,-3,-62,1
02/28/2014 09:18:00,59,33,28,-2,-61,1
02/28/2014 09:19:00,59,31,27,-2,-61,1
02/28/2014 09:20:00,59,31,28,-2,-61,1
02/28/2014 09:21:00,59,30,28,-1,-61,1
02/28/2014 09:22:00,59,31,27,-1,-60,1
02/28/2014 09:23:00,59,29,27,-1,-60,1
02/28/2014 09:24:00,59,28,26,-1,-60,1
02/28/2014 09:25:00,59,26,26,-1,-59,1
02/28/2014 09:26:00,59,25,26,-1,-59,1
02/28/2014 09:27:00,59,25,26,-1,-58,1
02/28/2014 09:28:00,59,26,25,-1,-58,1
02/28/2014 09:29:00,59,26,24,-1,-57,1
02/28/2014 09:30:00,59,26,23,-1,-57,1
02/28/2014 09:31:00,59,25,24,-1,-57,1
02/28/2014 09:32:00,59,26,23,-1,-56,1
02/28/2014 09:33:00,59,26,24,-1,-56,1
02/28/2014 09:34:00,59,27,22,-1,-55,1
02/28/2014 09:35:00,59,27,22,-1,-55,1
02/28/2014 09:36:00,59,28,22,-1,-55,1
02/28/2014 09:37:00,59,27,23,-1,-55,1
02/28/2014 09:38:00,59,28,24,-1,-54,1
02/28/2014 09:39:00,59,29,25,-1,-54,1
02/28/2014 09:40:00,59,29,25,-2,-54,1
02/28/2014 09:41:00,59,29,25,-1,-54,1
02/28/2014 09:42:00,59,30,24,-2,-54,1
02/28/2014 09:43:00,59,30,24,-2,-54,1
02/28/2014 09:44:00,59,29,24,-1,-55,1
02/28/2014 09:45:00,59,29,25,-1,-55,1
02/28/2014 09:46:00,59,27,26,-2,-55,1
02/28/2014 09:47:00,59,29,26,-2,-55,1
02/28/2014 09:48:00,59,28,27,-1,-55,1
02/28/2014 09:49:00,59,27,29,-1,-55,1
02/28/2014 09:50:00,59,27,28,-1,-55,1
02/28/2014 09:51:00,59,26,29,-1,-54,1
02/28/2014 09:52:00,59,26,29,-1,-54,1
02/28/2014 09:53:00,59,26,29,-2,-54,1
02/28/2014 09:54:00,59,27,31,-2,-54,1
02/28/2014 09:55:00,59,28,30,-2,-54,1
02/28/2014 09:56:00,59,27,29,-2,-53,1
02/28/2014 09:57:00,59,27,28,-2,-54,1
02/28/2014 09:58:00,59,27,28,-2,-54,1
02/28/2014 09:59:00,59,26,29,-2,-53,1
02/28/2014 10:00:00,59,26,29,-2,-53,1
02/28/2014 10:01:00,59,26,29,-2,-53,1
02/28/2014 10:02:00,59,26,29,-2,-53,1
02/28/2014 10:03:00,59,26,29,-2,-53,1
02/28/2014 10:04:00,59,27,28,-2,-54,1
02/28/2014 10:05:00,59,26,28,-2,-54,1
02/28/2014 10:06:00,59,26,28,-2,-53,1
02/28/2014 10:07:00,59,26,28,-2,-53,1
02/28/2014 10:08:00,59,26,29,-2,-53,1
02/28/2014 10:09:00,59,26,28,-3,-53,1
02/28/2014 10:10:00,59,27,28,-3,-53,1
02/28/2014 10:11:00,59,27,28,-3,-53,1
02/28/2014 10:12:00,59,26,28,-3,-53,1
02/28/2014 10:13:00,59,26,27,-3,-53,1
02/28/2014 10:14:00,59,26,27,-3,-53,1
02/28/2014 10:15:00,59,26,27,-3,-53,1
02/28/2014 10:16:00,59,25,26,-3,-53,1
02/28/2014 10:17:00,59,25,25,-3,-53,1
02/28/2014 10:18:00,59,23,26,-3,-53,1
02/28/2014 10:19:00,59,23,26,-3,-53,1
02/28/2014 10:20:00,59,23,27,-2,-53,1
02/28/2014 10:21:00,59,24,27,-2,-53,1
02/28/2014 10:22:00,59,24,27,-3,-53,1
02/28/2014 10:23:00,59,24,26,-3,-53,1
02/28/2014 10:24:00,59,23,27,-3,-53,1
02/28/2014 10:25:00,59,23,27,-3,-53,1
02/28/2014 10:26:00,59,24,27,-3,-53,1
02/28/2014 10:27:00,59,24,27,-3,-53,1
02/28/2014 10:28:00,59,24,27,-3,-53,1
02/28/2014 10:29:00,59,25,27,-3,-53,1
02/28/2014 10:30:00,59,24,27,-3,-53,1
02/28/2014 10:31:00,59,23,27,-3,-53,1
02/28/2014 10:32:00,59,23,27,-3,-53,1
02/28/2014 10:33:00,59,23,27,-3,-52,1
02/28/2014 10:34:00,59,23,27,-3,-52,1
02/28/2014 10:35:00,59,23,28,-3,-52,1
02/28/2014 10:36:00,59,24,28,-3,-52,1
02/28/2014 10:37:00,59,24,27,-3,-52,1
02/28/2014 10:38:00,59,25,28,-4,-52,1
02/28/2014 10:39:00,59,25,27,-4,-52,1
02/28/2014 10:40:00,59,24,26,-4,-52,1
02/28/2014 10:41:00,59,24,26,-4,-51,1
02/28/2014 10:42:00,59,24,25,-4,-52,1
02/28/2014 10:43:00,59,24,25,-4,-52,1
02/28/2014 10:44:00,59,24,26,-4,-52,1
02/28/2014 10:45:00,59,24,26,-3,-52,1
02/28/2014 10:46:00,59,23,27,-4,-52,1
02/28/2014 10:47:00,59,23,27,-4,-52,1
02/28/2014 10:48:00,59,23,28,-4,-52,1
02/28/2014 10:49:00,59,24,28,-4,-52,1
02/28/2014 10:50:00,59,24,28,-4,-52,1
02/28/2014 10:51:00,59,24,28,-4,-52,1
02/28/2014 10:52:00,59,24,28,-4,-52,1
02/28/2014 10:53:00,59,24,28,-4,-52,1
02/28/2014 10:54:00,59,24,28,-4,-52,1
02/28/2014 10:55:00,59,24,27,-4,-51,1
02/28/2014 10:56:00,59,24,28,-4,-51,1
02/28/2014 10:57:00,59,25,28,-4,-51,1
02/28/2014 10:58:00,59,25,28,-5,-51,1
02/28/2014 10:59:00,59,26,27,-5,-51,1
02/28/2014 11:00:00,59,25,27,-5,-51,1
02/28/2014 11:01:00,59,25,27,-5,-51,1
02/28/2014 11:02:00,59,24,27,-4,-51,1
02/28/2014 11:03:00,59,25,27,-5,-51,1
02/28/2014 11:04:00,59,24,28,-5,-51,1
02/28/2014 11:05:00,59,25,27,-5,-51,1
02/28/2014 11:06:00,59,25,27,-5,-51,1
02/28/2014 11:07:00,59,25,28,-5,-51,1
02/28/2014 11:08:00,59,24,27,-5,-51,1
02/28/2014 11:09:00,59,25,27,-5,-51,1
02/28/2014 11:10:00,59,26,28,-5,-51,1
02/28/2014 11:11:00,59,26,27,-5,-51,1
02/28/2014 11:12:00,59,24,27,-5,-51,1
02/28/2014 11:13:00,59,24,26,-5,-51,1
02/28/2014 11:14:00,59,24,27,-5,-51,1
02/28/2014 11:15:00,59,24,27,-5,-52,1
02/28/2014 11:16:00,59,23,28,-5,-52,1
02/28/2014 11:17:00,59,24,28,-5,-51,1
02/28/2014 11:18:00,59,24,28,-5,-51,1
02/28/2014 11:19:00,59,24,28,-5,-51,1
02/28/2014 11:20:00,59,25,27,-5,-51,1
02/28/2014 11:21:00,59,25,27,-5,-51,1
02/28/2014 11:22:00,59,25,27,-5,-51,1
02/28/2014 11:23:00,59,25,27,-5,-51,1
02/28/2014 11:24:00,59,25,27,-5,-51,1
02/28/2014 11:25:00,59,25,27,-5,-51,1
02/28/2014 11:26:00,59,25,27,-5,-51,1
02/28/2014 11:27:00,59,25,27,-5,-51,1
02/28/2014 11:28:00,59,25,27,-5,-51,1
02/28/2014 11:29:00,59,25,28,-5,-51,1
02/28/2014 11:30:00,59,25,28,-6,-51,1
02/28/2014 11:31:00,59,25,28,-6,-51,1
02/28/2014 11:32:00,59,25,28,-6,-51,1
02/28/2014 11:33:00,59,25,28,-6,-51,1
02/28/2014 11:34:00,59,25,27,-6,-50,1
02/28/2014 11:35:00,59,25,27,-6,-50,1
02/28/2014 11:36:00,59,25,27,-6,-50,1
02/28/2014 11:37:00,59,25,27,-6,-50,1
02/28/2014 11:38:00,59,24,26,-6,-50,1
02/28/2014 11:39:00,59,24,27,-6,-50,1
02/28/2014 11:40:00,59,24,27,-6,-50,1
02/28/2014 11:41:00,59,24,27,-6,-50,1
02/28/2014 11:42:00,59,23,27,-5,-50,1
02/28/2014 11:43:00,59,24,27,-5,-50,1
02/28/2014 11:44:00,59,23,27,-5,-49,1
02/28/2014 11:45:00,59,23,27,-5,-49,1
02/28/2014 11:46:00,59,24,26,-5,-49,1
02/28/2014 11:47:00,59,23,26,-6,-48,1
02/28/2014 11:48:00,59,23,25,-5,-49,1
02/28/2014 11:49:00,59,22,25,-5,-49,1
02/28/2014 11:50:00,59,21,25,-5,-49,1
02/28/2014 11:51:00,59,20,24,-5,-49,1
02/28/2014 11:52:00,59,21,25,-4,-50,1
02/28/2014 11:53:00,59,21,25,-4,-50,1
02/28/2014 11:54:00,59,21,25,-4,-50,1
02/28/2014 11:55:00,59,21,26,-4,-50,1
02/28/2014 11:56:00,59,20,25,-4,-51,1
02/28/2014 11:57:00,59,20,26,-4,-51,1
02/28/2014 11:58:00,59,21,26,-4,-51,1
02/28/2014 11:59:00,59,21,26,-4,-52,1
02/28/2014 12:00:00,59,20,26,-4,-52,1
02/28/2014 12:01:00,59,20,27,-4,-52,1
02/28/2014 12:02:00,59,21,28,-4,-52,1
02/28/2014 12:03:00,59,21,29,-4,-52,1
02/28/2014 12:04:00,59,22,29,-4,-52,1
02/28/2014 12:05:00,59,23,29,-4,-52,1
02/28/2014 12:06:00,59,24,29,-5,-52,1
02/28/2014 12:07:00,59,24,30,-5,-52,1
02/28/2014 12:08:00,59,24,31,-5,-52,1
02/28/2014 12:09:00,59,24,31,-5,-52,1
02/28/2014 12:10:00,59,25,32,-5,-52,1
02/28/2014 12:11:00,59,25,32,-5,-52,1
02/28/2014 12:12:00,59,26,32,-5,-52,1
02/28/2014 12:13:00,59,26,31,-5,-53,1
02/28/2014 12:14:00,59,26,32,-6,-53,1
02/28/2014 12:15:00,59,26,31,-6,-53,1
02/28/2014 12:16:00,59,26,32,-6,-52,1
02/28/2014 12:17:00,59,26,32,-6,-52,1
02/28/2014 12:18:00,59,26,32,-6,-53,1
02/28/2014 12:19:00,59,26,32,-6,-53,1
02/28/2014 12:20:00,59,26,32,-6,-53,1
02/28/2014 12:21:00,59,27,32,-6,-52,1
02/28/2014 12:22:00,59,27,32,-6,-52,1
02/28/2014 12:23:00,59,27,33,-6,-52,1
02/28/2014 12:24:00,59,28,33,-6,-53,1
02/28/2014 12:25:00,59,27,33,-6,-53,1
02/28/2014 12:26:00,59,27,33,-6,-53,1
02/28/2014 12:27:00,59,27,33,-6,-52,1
02/28/2014 12:28:00,59,27,33,-6,-52,1
02/28/2014 12:29:00,59,26,32,-6,-52,1
02/28/2014 12:30:00,59,26,33,-6,-52,1
02/28/2014 12:31:00,59,25,33,-6,-52,1
02/28/2014 12:32:00,59,25,32,-6,-52,1
02/28/2014 12:33:00,59,25,32,-6,-52,1
02/28/2014 12:34:00,59,25,33,-6,-52,1
02/28/2014 12:35:00,59,24,33,-6,-52,1
02/28/2014 12:36:00,59,24,33,-6,-52,1
02/28/2014 12:37:00,59,25,33,-6,-52,1
02/28/2014 12:38:00,59,25,33,-6,-52,1
02/28/2014 12:39:00,59,25,33,-6,-52,1
02/28/2014 12:40:00,59,25,33,-6,-52,1
02/28/2014 12:41:00,59,26,33,-6,-52,1
02/28/2014 12:42:00,59,25,33,-6,-52,1
02/28/2014 12:43:00,59,26,33,-6,-52,1
02/28/2014 12:44:00,59,26,33,-6,-52,1
02/28/2014 12:45:00,59,26,34,-6,-52,1
02/28/2014 12:46:00,59,26,34,-6,-52,1
02/28/2014 12:47:00,59,26,34,-6,-52,1
02/28/2014 12:48:00,59,26,34,-6,-52,1
02/28/2014 12:49:00,59,26,34,-6,-52,1
02/28/2014 12:50:00,59,26,34,-6,-52,1
02/28/2014 12:51:00,59,27,34,-6,-52,1
02/28/2014 12:52:00,59,27,35,-6,-52,1
02/28/2014 12:53:00,59,26,34,-6,-52,1
02/28/2014 12:54:00,59,27,34,-6,-52,1
02/28/2014 12:55:00,59,27,33,-6,-52,1
02/28/2014 12:56:00,59,27,33,-6,-52,1
02/28/2014 12:57:00,59,27,33,-6,-52,1
02/28/2014 12:58:00,59,27,34,-6,-52,1
02/28/2014 12:59:00,59,26,34,-6,-51,1
02/28/2014 13:00:00,59,27,33,-6,-52,1
02/28/2014 13:01:00,59,26,33,-6,-52,1
02/28/2014 13:02:00,59,26,33,-6,-51,1
02/28/2014 13:03:00,59,25,33,-6,-52,1
02/28/2014 13:04:00,59,25,33,-6,-52,1
02/28/2014 13:05:00,59,25,33,-6,-52,1
02/28/2014 13:06:00,59,26,33,-6,-52,1
02/28/2014 13:07:00,59,26,34,-6,-52,1
02/28/2014 13:08:00,59,27,34,-6,-52,1
02/28/2014 13:09:00,59,27,34,-6,-52,1
02/28/2014 13:10:00,59,27,34,-6,-52,1
02/28/2014 13:11:00,59,28,34,-6,-52,1
02/28/2014 13:12:00,59,28,33,-6,-52,1
02/28/2014 13:13:00,59,27,33,-6,-52,1
02/28/2014 13:14:00,59,27,32,-6,-52,1
02/28/2014 13:15:00,59,26,32,-6,-52,1
02/28/2014 13:16:00,59,25,31,-6,-52,1
02/28/2014 13:17:00,59,25,31,-5,-52,1
02/28/2014 13:18:00,59,25,31,-5,-52,1
02/28/2014 13:19:00,59,25,30,-5,-52,1
02/28/2014 13:20:00,59,24,30,-5,-52,1
02/28/2014 13:21:00,59,25,30,-5,-52,1
02/28/2014 13:22:00,59,25,31,-5,-52,1
02/28/2014 13:23:00,59,25,31,-5,-52,1
02/28/2014 13:24:00,59,26,31,-5,-52,1
02/28/2014 13:25:00,59,25,32,-5,-52,1
02/28/2014 13:26:00,59,27,33,-5,-52,1
02/28/2014 13:27:00,59,27,33,-5,-52,1
02/28/2014 13:28:00,59,27,33,-6,-52,1
02/28/2014 13:29:00,59,27,34,-6,-52,1
02/28/2014 13:30:00,59,28,34,-6,-52,1
02/28/2014 13:31:00,59,28,32,-6,-52,1
02/28/2014 13:32:00,59,28,32,-6,-52,1
02/28/2014 13:33:00,59,28,32,-6,-52,1
02/28/2014 13:34:00,59,28,33,-6,-52,1
02/28/2014 13:35:00,59,27,32,-6,-52,1
02/28/2014 13:36:00,59,27,33,-6,-52,1
02/28/2014 13:37:00,59,27,33,-6,-52,1
02/28/2014 13:38:00,59,27,33,-6,-52,1
02/28/2014 13:39:00,59,28,34,-6,-52,1
02/28/2014 13:40:00,59,28,34,-6,-52,1
02/28/2014 13:41:00,59,29,34,-6,-52,1
02/28/2014 13:42:00,59,29,35,-6,-52,1
02/28/2014 13:43:00,59,29,35,-6,-52,1
02/28/2014 13:44:00,59,30,35,-6,-52,1
02/28/2014 13:45:00,59,29,35,-6,-52,1
02/28/2014 13:46:00,59,29,36,-6,-52,1
02/28/2014 13:47:00,59,29,34,-6,-52,1
02/28/2014 13:48:00,59,29,34,-6,-52,1
02/28/2014 13:49:00,59,28,34,-6,-52,1
02/28/2014 13:50:00,59,28,34,-6,-52,1
02/28/2014 13:51:00,59,29,34,-6,-52,1
02/28/2014 13:52:00,59,29,35,-6,-52,1
02/28/2014 13:53:00,59,28,35,-7,-52,1
02/28/2014 13:54:00,59,28,35,-7,-52,1
02/28/2014 13:55:00,59,28,34,-7,-52,1
02/28/2014 13:56:00,59,28,35,-6,-52,1
02/28/2014 13:57:00,59,28,34,-6,-52,1
02/28/2014 13:58:00,59,27,35,-6,-52,1
02/28/2014 13:59:00,59,27,35,-6,-52,1
02/28/2014 14:00:00,59,27,35,-6,-51,1
02/28/2014 14:01:00,59,27,35,-6,-51,1
02/28/2014 14:02:00,59,27,34,-6,-51,1
02/28/2014 14:03:00,59,27,34,-6,-51,1
02/28/2014 14:04:00,59,27,34,-6,-51,1
02/28/2014 14:05:00,59,28,34,-6,-51,1
02/28/2014 14:06:00,59,27,34,-7,-51,1
02/28/2014 14:07:00,59,27,34,-7,-51,1
02/28/2014 14:08:00,59,27,34,-6,-51,1
02/28/2014 14:09:00,59,27,34,-6,-51,1
02/28/2014 14:10:00,59,27,33,-6,-51,1
02/28/2014 14:11:00,59,26,32,-6,-51,1
02/28/2014 14:12:00,59,26,32,-6,-51,1
02/28/2014 14:13:00,59,26,32,-6,-50,1
02/28/2014 14:14:00,59,25,32,-6,-51,1
02/28/2014 14:15:00,59,25,32,-6,-51,1
02/28/2014 14:16:00,59,25,32,-6,-50,1
02/28/2014 14:17:00,59,25,32,-6,-50,1
02/28/2014 14:18:00,59,25,32,-6,-50,1
02/28/2014 14:19:00,59,25,33,-6,-50,1
02/28/2014 14:20:00,59,25,33,-6,-50,1
02/28/2014 14:21:00,59,26,33,-6,-50,1
02/28/2014 14:22:00,59,26,32,-6,-50,1
02/28/2014 14:23:00,59,25,32,-6,-50,1
02/28/2014 14:24:00,59,24,32,-6,-50,1
02/28/2014 14:25:00,59,24,31,-6,-50,1
02/28/2014 14:26:00,59,24,32,-6,-50,1
02/28/2014 14:27:00,59,23,32,-5,-50,1
02/28/2014 14:28:00,59,23,32,-5,-51,1
02/28/2014 14:29:00,59,23,31,-5,-51,1
02/28/2014 14:30:00,59,23,31,-5,-50,1
02/28/2014 14:31:00,59,24,31,-5,-51,1
02/28/2014 14:32:00,59,23,30,-5,-50,1
02/28/2014 14:33:00,59,23,31,-5,-50,1
02/28/2014 14:34:00,59,23,31,-5,-50,1
02/28/2014 14:35:00,59,23,31,-5,-50,1
02/28/2014 14:36:00,59,23,31,-5,-50,1
02/28/2014 14:37:00,59,24,32,-5,-50,1
02/28/2014 14:38:00,59,24,31,-5,-50,1
02/28/2014 14:39:00,59,23,32,-5,-50,1
02/28/2014 14:40:00,59,22,32,-5,-50,1
02/28/2014 14:41:00,59,24,32,-5,-50,1
02/28/2014 14:42:00,59,24,33,-5,-49,1
02/28/2014 14:43:00,59,24,32,-5,-49,1
02/28/2014 14:44:00,59,25,32,-5,-49,1
02/28/2014 14:45:00,59,26,33,-5,-49,1
02/28/2014 14:46:00,59,26,33,-5,-49,1
02/28/2014 14:47:00,59,26,33,-5,-49,1
02/28/2014 14:48:00,59,26,35,-5,-49,1
02/28/2014 14:49:00,59,27,35,-6,-49,1
02/28/2014 14:50:00,59,27,35,-5,-49,1
02/28/2014 14:51:00,59,27,35,-6,-49,1
02/28/2014 14:52:00,59,27,34,-6,-49,1
02/28/2014 14:53:00,59,28,35,-6,-49,1
02/28/2014 14:54:00,59,28,35,-6,-49,1
02/28/2014 14:55:00,59,27,35,-5,-48,1
02/28/2014 14:56:00,59,27,35,-5,-48,1
02/28/2014 14:57:00,59,27,35,-5,-48,1
02/28/2014 14:58:00,59,27,35,-5,-48,1
02/28/2014 14:59:00,59,26,35,-5,-48,1
02/28/2014 15:00:00,59,26,35,-5,-48,1
02/28/2014 15:01:00,59,25,35,-5,-48,1
02/28/2014 15:02:00,59,25,35,-5,-48,1
02/28/2014 15:03:00,59,25,35,-5,-48,1
02/28/2014 15:04:00,59,25,34,-5,-48,1
02/28/2014 15:05:00,59,25,35,-5,-48,1
02/28/2014 15:06:00,59,25,35,-5,-48,1
02/28/2014 15:07:00,59,24,35,-4,-48,1
02/28/2014 15:08:00,59,25,35,-4,-48,1
02/28/2014 15:09:00,59,25,35,-4,-48,1
02/28/2014 15:10:00,59,24,35,-4,-47,1
02/28/2014 15:11:00,59,24,35,-4,-47,1
02/28/2014 15:12:00,59,24,36,-4,-47,1
02/28/2014 15:13:00,59,25,35,-4,-47,1
02/28/2014 15:14:00,59,26,34,-4,-47,1
02/28/2014 15:15:00,59,25,34,-4,-47,1
02/28/2014 15:16:00,59,25,34,-4,-47,1
02/28/2014 15:17:00,59,26,34,-4,-47,1
02/28/2014 15:18:00,59,25,34,-3,-47,1
02/28/2014 15:19:00,59,25,34,-3,-47,1
02/28/2014 15:20:00,59,25,35,-3,-46,1
02/28/2014 15:21:00,59,25,35,-3,-46,1
02/28/2014 15:22:00,59,24,35,-3,-46,1
02/28/2014 15:23:00,59,25,34,-3,-45,1
02/28/2014 15:24:00,59,26,34,-3,-45,1
02/28/2014 15:25:00,59,25,33,-3,-45,1
02/28/2014 15:26:00,59,25,33,-3,-45,1
02/28/2014 15:27:00,59,26,33,-3,-45,1
02/28/2014 15:28:00,59,26,34,-3,-45,1
02/28/2014 15:29:00,59,25,34,-3,-45,1
02/28/2014 15:30:00,59,26,34,-3,-45,1
02/28/2014 15:31:00,59,26,34,-3,-45,1
02/28/2014 15:32:00,59,25,35,-3,-45,1
02/28/2014 15:33:00,59,25,35,-2,-45,1
02/28/2014 15:34:00,59,25,36,-2,-45,1
02/28/2014 15:35:00,59,25,36,-2,-45,1
02/28/2014 15:36:00,59,25,36,-2,-45,1
02/28/2014 15:37:00,59,26,36,-2,-45,1
02/28/2014 15:38:00,59,26,36,-2,-45,1
02/28/2014 15:39:00,59,26,35,-2,-45,1
02/28/2014 15:40:00,59,27,35,-3,-45,1
02/28/2014 15:41:00,59,27,35,-2,-45,1
02/28/2014 15:42:00,59,28,35,-2,-45,1
02/28/2014 15:43:00,59,28,35,-2,-44,1
02/28/2014 15:44:00,59,28,35,-2,-44,1
02/28/2014 15:45:00,59,27,35,-2,-44,1
02/28/2014 15:46:00,59,27,35,-2,-44,1
02/28/2014 15:47:00,59,26,36,-2,-44,1
02/28/2014 15:48:00,59,26,36,-2,-44,1
02/28/2014 15:49:00,59,26,34,-2,-44,1
02/28/2014 15:50:00,59,25,34,-1,-44,1
02/28/2014 15:51:00,59,24,34,-1,-43,1
02/28/2014 15:52:00,59,23,34,-1,-43,1
02/28/2014 15:53:00,59,22,33,-1,-43,1
02/28/2014 15:54:00,59,21,33,0,-43,1
02/28/2014 15:55:00,59,20,33,0,-42,1
02/28/2014 15:56:00,59,20,33,0,-42,1
02/28/2014 15:57:00,59,20,31,0,-42,1
02/28/2014 15:58:00,59,19,31,0,-41,1
02/28/2014 15:59:00,59,18,31,1,-41,1
02/28/2014 16:00:00,59,18,30,1,-41,1
02/28/2014 16:01:00,59,17,29,1,-41,1
02/28/2014 16:02:00,59,16,31,2,-41,1
02/28/2014 16:03:00,59,16,33,2,-41,1
02/28/2014 16:04:00,59,16,35,2,-41,1
02/28/2014 16:05:00,59,17,36,2,-42,1
02/28/2014 16:06:00,59,18,36,2,-42,1
02/28/2014 16:07:00,59,18,35,2,-42,1
02/28/2014 16:08:00,59,17,36,1,-43,1
02/28/2014 16:09:00,59,17,36,1,-43,1
02/28/2014 16:10:00,59,18,34,1,-43,1
02/28/2014 16:11:00,59,18,35,1,-43,1
02/28/2014 16:12:00,59,17,35,1,-43,1
02/28/2014 16:13:00,59,17,33,1,-43,1
02/28/2014 16:14:00,59,17,33,1,-43,1
02/28/2014 16:15:00,59,17,33,1,-43,1
02/28/2014 16:16:00,59,19,34,1,-42,1
02/28/2014 16:17:00,59,20,35,1,-42,1
02/28/2014 16:18:00,59,21,34,0,-42,1
02/28/2014 16:19:00,59,22,35,0,-42,1
02/28/2014 16:20:00,59,24,34,0,-41,1
02/28/2014 16:21:00,59,25,33,0,-41,1
02/28/2014 16:22:00,59,26,33,0,-41,1
02/28/2014 16:23:00,59,25,32,0,-41,1
02/28/2014 16:24:00,59,25,32,0,-41,1
02/28/2014 16:25:00,59,23,34,0,-40,1
02/28/2014 16:26:00,59,22,34,1,-40,1
02/28/2014 16:27:00,59,20,34,1,-40,1
02/28/2014 16:28:00,59,18,35,1,-40,1
02/28/2014 16:29:00,59,18,36,1,-40,1
02/28/2014 16:30:00,59,18,36,1,-40,1
02/28/2014 16:31:00,59,17,35,1,-40,1
02/28/2014 16:32:00,59,15,35,1,-40,1
02/28/2014 16:33:00,59,15,35,1,-40,1
02/28/2014 16:34:00,59,17,35,1,-40,1
02/28/2014 16:35:00,59,18,35,1,-40,1
02/28/2014 16:36:00,59,18,34,1,-40,1
02/28/2014 16:37:00,59,18,34,1,-40,1
02/28/2014 16:38:00,59,17,34,1,-40,1
02/28/2014 16:39:00,59,17,34,1,-40,1
02/28/2014 16:40:00,59,18,35,1,-40,1
02/28/2014 16:41:00,59,16,34,1,-39,1
02/28/2014 16:42:00,59,17,34,1,-39,1
02/28/2014 16:43:00,59,17,34,0,-39,1
02/28/2014 16:44:00,59,16,35,1,-39,1
02/28/2014 16:45:00,59,16,35,0,-39,1
02/28/2014 16:46:00,59,17,34,1,-39,1
02/28/2014 16:47:00,59,15,34,0,-39,1
02/28/2014 16:48:00,59,16,34,0,-39,1
02/28/2014 16:49:00,59,15,34,0,-40,1
02/28/2014 16:50:00,59,16,33,0,-40,1
02/28/2014 16:51:00,59,15,34,0,-40,1
02/28/2014 16:52:00,59,16,33,0,-40,1
02/28/2014 16:53:00,59,15,33,0,-40,1
02/28/2014 16:54:00,59,16,33,0,-40,1
02/28/2014 16:55:00,59,16,33,0,-40,1
02/28/2014 16:56:00,59,16,33,0,-40,1
02/28/2014 16:57:00,59,16,33,0,-40,1
02/28/2014 16:58:00,59,16,33,0,-40,1
02/28/2014 16:59:00,59,17,33,0,-41,1
02/28/2014 17:00:00,59,16,33,0,-41,1
02/28/2014 17:01:00,59,16,33,0,-41,1
02/28/2014 17:02:00,59,16,33,0,-41,1
02/28/2014 17:03:00,59,16,33,0,-41,1
02/28/2014 17:04:00,59,15,33,-1,-42,1
02/28/2014 17:05:00,59,15,32,0,-42,1
02/28/2014 17:06:00,59,14,33,-1,-42,1
02/28/2014 17:07:00,59,14,33,-1,-42,1
02/28/2014 17:08:00,59,15,33,-1,-42,1
02/28/2014 17:09:00,59,15,33,0,-43,1
02/28/2014 17:10:00,59,16,32,-1,-43,1
02/28/2014 17:11:00,59,16,33,-1,-43,1
02/28/2014 17:12:00,59,17,33,-1,-43,1
02/28/2014 17:13:00,59,17,36,-1,-43,1
02/28/2014 17:14:00,59,19,36,-1,-42,1
02/28/2014 17:15:00,59,18,38,-1,-42,1
02/28/2014 17:16:00,59,18,37,-1,-41,1
02/28/2014 17:17:00,59,16,36,-1,-41,1
02/28/2014 17:18:00,59,17,36,-1,-41,1
02/28/2014 17:19:00,59,16,36,-1,-41,1
02/28/2014 17:20:00,59,17,35,-1,-42,1
02/28/2014 17:21:00,59,18,36,-2,-42,1
02/28/2014 17:22:00,59,18,35,-2,-42,1
02/28/2014 17:23:00,59,17,36,-2,-42,1
02/28/2014 17:24:00,59,17,37,-2,-43,1
02/28/2014 17:25:00,59,19,37,-2,-43,1
02/28/2014 17:26:00,59,20,38,-2,-43,1
02/28/2014 17:27:00,59,20,39,-2,-43,1
02/28/2014 17:28:00,59,20,40,-2,-42,1
02/28/2014 17:29:00,59,20,39,-2,-42,1
02/28/2014 17:30:00,59,19,39,-2,-42,1
02/28/2014 17:31:00,59,19,39,-2,-42,1
02/28/2014 17:32:00,59,20,39,-2,-42,1
02/28/2014 17:33:00,59,19,39,-2,-42,1
02/28/2014 17:34:00,59,19,39,-2,-42,1
02/28/2014 17:35:00,59,18,39,-2,-42,1
02/28/2014 17:36:00,59,19,39,-2,-42,1
02/28/2014 17:37:00,59,18,38,-2,-42,1
02/28/2014 17:38:00,59,20,40,-3,-43,1
02/28/2014 17:39:00,59,21,38,-3,-43,1
02/28/2014 17:40:00,59,21,40,-2,-42,1
02/28/2014 17:41:00,59,22,41,-2,-42,1
02/28/2014 17:42:00,59,22,42,-2,-42,1
02/28/2014 17:43:00,59,22,41,-2,-42,1
02/28/2014 17:44:00,59,22,40,-2,-42,1
02/28/2014 17:45:00,59,21,40,-2,-41,1
02/28/2014 17:46:00,59,20,40,-2,-42,1
02/28/2014 17:47:00,59,20,40,-2,-41,1
02/28/2014 17:48:00,59,20,41,-2,-41,1
02/28/2014 17:49:00,59,19,41,-2,-41,1
02/28/2014 17:50:00,59,19,42,-2,-41,1
02/28/2014 17:51:00,59,19,41,-2,-41,1
02/28/2014 17:52:00,59,20,42,-2,-41,1
02/28/2014 17:53:00,59,20,42,-2,-41,1
02/28/2014 17:54:00,59,21,40,-2,-41,1
02/28/2014 17:55:00,59,21,41,-2,-41,1
02/28/2014 17:56:00,59,20,41,-3,-41,1
02/28/2014 17:57:00,59,21,42,-3,-40,1
02/28/2014 17:58:00,59,20,42,-3,-40,1
02/28/2014 17:59:00,59,20,41,-3,-39,1
02/28/2014 18:00:00,59,19,40,-3,-39,1
02/28/2014 18:01:00,59,19,40,-3,-39,1
02/28/2014 18:02:00,59,18,40,-3,-38,1
02/28/2014 18:03:00,59,17,41,-3,-38,1
02/28/2014 18:04:00,59,18,41,-3,-37,1
02/28/2014 18:05:00,59,17,42,-2,-37,1
02/28/2014 18:06:00,59,17,42,-2,-36,1
02/28/2014 18:07:00,59,17,42,-2,-36,1
02/28/2014 18:08:00,59,18,39,-2,-36,1
02/28/2014 18:09:00,59,17,39,-2,-36,1
02/28/2014 18:10:00,59,18,39,-2,-37,1
02/28/2014 18:11:00,59,18,39,-3,-37,1
02/28/2014 18:12:00,59,17,39,-3,-36,1
02/28/2014 18:13:00,59,17,38,-2,-37,1
02/28/2014 18:14:00,59,18,39,-2,-36,1
02/28/2014 18:15:00,59,18,39,-2,-36,1
02/28/2014 18:16:00,59,18,39,-2,-36,1
02/28/2014 18:17:00,59,17,38,-2,-36,1
02/28/2014 18:18:00,59,17,37,-2,-36,1
02/28/2014 18:19:00,59,17,37,-2,-36,1
02/28/2014 18:20:00,59,16,37,-2,-36,1
02/28/2014 18:21:00,59,16,37,-2,-36,1
02/28/2014 18:22:00,59,17,37,-2,-36,1
02/28/2014 18:23:00,59,17,36,-2,-36,1
02/28/2014 18:24:00,59,15,37,-2,-35,1
02/28/2014 18:25:00,59,15,36,-2,-36,1
02/28/2014 18:26:00,59,15,35,-2,-35,1
02/28/2014 18:27:00,59,15,36,-2,-36,1
02/28/2014 18:28:00,59,16,36,-2,-36,1
02/28/2014 18:29:00,59,16,37,-2,-36,1
02/28/2014 18:30:00,59,16,36,-2,-36,1
02/28/2014 18:31:00,59,16,37,-2,-36,1
02/28/2014 18:32:00,59,16,37,-2,-36,1
02/28/2014 18:33:00,59,15,37,-2,-36,1
02/28/2014 18:34:00,59,15,36,-2,-36,1
02/28/2014 18:35:00,59,15,36,-2,-35,1
02/28/2014 18:36:00,59,15,36,-2,-35,1
02/28/2014 18:37:00,59,15,36,-2,-36,1
02/28/2014 18:38:00,59,16,36,-2,-35,1
02/28/2014 18:39:00,59,17,37,-3,-35,1
02/28/2014 18:40:00,59,17,37,-3,-35,1
02/28/2014 18:41:00,59,16,37,-3,-35,1
02/28/2014 18:42:00,59,17,37,-3,-35,1
02/28/2014 18:43:00,59,17,37,-3,-35,1
02/28/2014 18:44:00,59,17,37,-3,-35,1
02/28/2014 18:45:00,59,19,37,-3,-35,1
02/28/2014 18:46:00,59,19,37,-3,-35,1
02/28/2014 18:47:00,59,20,37,-3,-35,1
02/28/2014 18:48:00,59,20,37,-3,-35,1
02/28/2014 18:49:00,59,20,37,-3,-35,1
02/28/2014 18:50:00,59,20,37,-3,-35,1
02/28/2014 18:51:00,59,20,37,-3,-35,1
02/28/2014 18:52:00,59,20,37,-2,-35,1
02/28/2014 18:53:00,59,19,37,-3,-35,1
02/28/2014 18:54:00,59,20,38,-3,-34,1
02/28/2014 18:55:00,59,20,38,-2,-34,1
02/28/2014 18:56:00,59,19,38,-2,-34,1
02/28/2014 18:57:00,59,19,36,-2,-34,1
02/28/2014 18:58:00,59,19,36,-2,-34,1
02/28/2014 18:59:00,59,20,35,-2,-34,1
02/28/2014 19:00:00,59,20,35,-2,-34,1
02/28/2014 19:01:00,59,20,35,-2,-34,1
02/28/2014 19:02:00,59,20,35,-3,-34,1
02/28/2014 19:03:00,59,20,35,-3,-35,1
02/28/2014 19:04:00,59,20,34,-3,-34,1
02/28/2014 19:05:00,59,20,34,-2,-34,1
02/28/2014 19:06:00,59,20,32,-2,-34,1
02/28/2014 19:07:00,59,20,32,-2,-34,1
02/28/2014 19:08:00,59,19,32,-3,-34,1
02/28/2014 19:09:00,59,19,31,-2,-34,1
02/28/2014 19:10:00,59,20,31,-2,-34,1
02/28/2014 19:11:00,59,19,31,-3,-34,1
02/28/2014 19:12:00,59,20,30,-3,-34,1
02/28/2014 19:13:00,59,19,30,-3,-34,1
02/28/2014 19:14:00,59,19,30,-3,-34,1
02/28/2014 19:15:00,59,20,30,-3,-34,1
02/28/2014 19:16:00,59,20,30,-3,-34,1
02/28/2014 19:17:00,59,19,30,-3,-34,1
02/28/2014 19:18:00,59,20,29,-3,-35,1
02/28/2014 19:19:00,59,20,29,-3,-34,1
02/28/2014 19:20:00,59,20,29,-3,-34,1
02/28/2014 19:21:00,59,19,29,-3,-34,1
02/28/2014 19:22:00,59,20,28,-3,-34,1
02/28/2014 19:23:00,59,19,29,-3,-34,1
02/28/2014 19:24:00,59,20,28,-3,-34,1
02/28/2014 19:25:00,59,20,28,-3,-34,1
02/28/2014 19:26:00,59,20,28,-3,-34,1
02/28/2014 19:27:00,59,20,28,-3,-34,1
02/28/2014 19:28:00,59,21,28,-3,-34,1
02/28/2014 19:29:00,59,20,28,-3,-33,1
02/28/2014 19:30:00,59,21,27,-3,-33,1
02/28/2014 19:31:00,59,21,27,-3,-34,1
02/28/2014 19:32:00,59,20,27,-3,-34,1
02/28/2014 19:33:00,59,21,27,-3,-34,1
02/28/2014 19:34:00,59,21,27,-3,-34,1
02/28/2014 19:35:00,59,21,26,-3,-34,1
02/28/2014 19:36:00,59,21,25,-3,-33,1
02/28/2014 19:37:00,59,21,25,-3,-34,1
02/28/2014 19:38:00,59,21,25,-3,-34,1
02/28/2014 19:39:00,59,22,25,-3,-33,1
02/28/2014 19:40:00,59,21,25,-3,-33,1
02/28/2014 19:41:00,59,22,25,-3,-33,1
02/28/2014 19:42:00,59,22,23,-3,-33,1
02/28/2014 19:43:00,59,22,23,-3,-33,1
02/28/2014 19:44:00,59,22,23,-3,-33,1
02/28/2014 19:45:00,59,22,23,-3,-33,1
02/28/2014 19:46:00,59,22,23,-3,-33,1
02/28/2014 19:47:00,59,22,22,-3,-33,1
02/28/2014 19:48:00,59,23,22,-3,-33,1
02/28/2014 19:49:00,59,22,22,-3,-33,1
02/28/2014 19:50:00,59,23,22,-3,-33,1
02/28/2014 19:51:00,59,22,22,-3,-33,1
02/28/2014 19:52:00,59,23,21,-3,-33,1
02/28/2014 19:53:00,59,23,22,-3,-34,1
02/28/2014 19:54:00,59,23,20,-3,-33,1
02/28/2014 19:55:00,59,22,21,-3,-33,1
02/28/2014 19:56:00,59,22,22,-3,-33,1
02/28/2014 19:57:00,59,22,21,-3,-33,1
02/28/2014 19:58:00,59,22,22,-3,-34,1
02/28/2014 19:59:00,59,23,22,-3,-34,1
02/28/2014 20:00:00,59,22,21,-3,-34,1
02/28/2014 20:01:00,59,22,21,-3,-33,1
02/28/2014 20:02:00,59,22,20,-3,-33,1
02/28/2014 20:03:00,59,22,21,-4,-33,1
02/28/2014 20:04:00,59,22,21,-3,-33,1
02/28/2014 20:05:00,59,21,20,-4,-33,1
02/28/2014 20:06:00,59,22,19,-4,-34,1
02/28/2014 20:07:00,59,22,19,-4,-34,1
02/28/2014 20:08:00,59,21,19,-4,-33,1
02/28/2014 20:09:00,59,21,19,-4,-33,1
02/28/2014 20:10:00,59,21,18,-4,-33,1
02/28/2014 20:11:00,59,21,18,-3,-33,1
02/28/2014 20:12:00,59,21,17,-3,-34,1
02/28/2014 20:13:00,59,21,18,-3,-34,1
02/28/2014 20:14:00,59,21,18,-4,-34,1
02/28/2014 20:15:00,59,21,18,-4,-34,1
02/28/2014 20:16:00,59,21,17,-4,-34,1
02/28/2014 20:17:00,59,21,17,-4,-34,1
02/28/2014 20:18:00,59,20,17,-4,-34,1
02/28/2014 20:19:00,59,21,17,-4,-34,1
02/28/2014 20:20:00,59,21,17,-4,-34,1
02/28/2014 20:21:00,59,21,17,-4,-34,1
02/28/2014 20:22:00,59,20,16,-3,-34,1
02/28/2014 20:23:00,59,21,16,-4,-35,1
02/28/2014 20:24:00,59,21,17,-3,-34,1
02/28/2014 20:25:00,59,20,17,-4,-35,1
02/28/2014 20:26:00,59,20,17,-3,-35,1
02/28/2014 20:27:00,59,20,17,-4,-35,1
02/28/2014 20:28:00,59,21,17,-3,-35,1
02/28/2014 20:29:00,59,20,17,-4,-35,1
02/28/2014 20:30:00,59,21,16,-3,-36,1
02/28/2014 20:31:00,59,21,15,-4,-36,1
02/28/2014 20:32:00,59,21,16,-4,-35,1
02/28/2014 20:33:00,59,21,16,-4,-35,1
02/28/2014 20:34:00,59,21,16,-4,-35,1
02/28/2014 20:35:00,59,20,16,-4,-35,1
02/28/2014 20:36:00,59,20,16,-4,-36,1
02/28/2014 20:37:00,59,20,17,-3,-35,1
02/28/2014 20:38:00,59,21,17,-3,-35,1
02/28/2014 20:39:00,59,20,16,-3,-35,1
02/28/2014 20:40:00,59,21,16,-4,-35,1
02/28/2014 20:41:00,59,21,16,-4,-35,1
02/28/2014 20:42:00,59,21,15,-4,-36,1
02/28/2014 20:43:00,59,21,16,-4,-36,1
02/28/2014 20:44:00,59,20,16,-3,-36,1
02/28/2014 20:45:00,59,20,17,-3,-36,1
02/28/2014 20:46:00,59,20,16,-3,-36,1
02/28/2014 20:47:00,59,20,16,-3,-36,1
02/28/2014 20:48:00,59,21,16,-3,-36,1
02/28/2014 20:49:00,59,19,17,-3,-36,1
02/28/2014 20:50:00,59,19,17,-3,-36,1
02/28/2014 20:51:00,59,20,17,-3,-36,1
02/28/2014 20:52:00,59,20,16,-3,-37,1
02/28/2014 20:53:00,59,20,17,-3,-37,1
02/28/2014 20:54:00,59,20,17,-3,-37,1
02/28/2014 20:55:00,59,19,17,-3,-37,1
02/28/2014 20:56:00,59,19,18,-3,-37,1
02/28/2014 20:57:00,59,20,18,-3,-37,1
02/28/2014 20:58:00,59,19,18,-3,-37,1
02/28/2014 20:59:00,59,19,18,-3,-37,1
02/28/2014 21:00:00,59,19,19,-3,-37,1
02/28/2014 21:01:00,59,19,19,-3,-37,1
02/28/2014 21:02:00,59,19,19,-3,-37,1
02/28/2014 21:03:00,59,18,20,-3,-37,1
02/28/2014 21:04:00,59,18,20,-3,-37,1
02/28/2014 21:05:00,59,18,19,-3,-37,1
02/28/2014 21:06:00,59,18,21,-3,-37,1
02/28/2014 21:07:00,59,18,20,-3,-37,1
02/28/2014 21:08:00,59,18,21,-3,-38,1
02/28/2014 21:09:00,59,18,21,-3,-37,1
02/28/2014 21:10:00,59,18,22,-3,-36,1
02/28/2014 21:11:00,59,18,22,-3,-36,1
02/28/2014 21:12:00,59,19,23,-3,-36,1
02/28/2014 21:13:00,59,19,22,-3,-36,1
02/28/2014 21:14:00,59,19,22,-3,-36,1
02/28/2014 21:15:00,59,19,22,-3,-37,1
02/28/2014 21:16:00,59,19,22,-3,-37,1
02/28/2014 21:17:00,59,19,23,-3,-37,1
02/28/2014 21:18:00,59,20,23,-3,-38,1
02/28/2014 21:19:00,59,20,23,-3,-38,1
02/28/2014 21:20:00,59,20,22,-3,-38,1
02/28/2014 21:21:00,59,20,22,-3,-38,1
02/28/2014 21:22:00,59,20,23,-3,-38,1
02/28/2014 21:23:00,59,20,23,-3,-38,1
02/28/2014 21:24:00,59,21,23,-3,-37,1
02/28/2014 21:25:00,59,21,23,-2,-37,1
02/28/2014 21:26:00,59,21,23,-3,-36,1
02/28/2014 21:27:00,59,22,23,-2,-36,1
02/28/2014 21:28:00,59,22,23,-2,-35,1
02/28/2014 21:29:00,59,22,24,-2,-35,1
02/28/2014 21:30:00,59,23,24,-2,-35,1
02/28/2014 21:31:00,59,23,23,-2,-35,1
02/28/2014 21:32:00,59,23,24,-2,-35,1
02/28/2014 21:33:00,59,23,24,-2,-35,1
02/28/2014 21:34:00,59,23,23,-2,-36,1
02/28/2014 21:35:00,59,23,23,-2,-36,1
02/28/2014 21:36:00,59,24,24,-2,-36,1
02/28/2014 21:37:00,59,23,25,-2,-36,1
02/28/2014 21:38:00,59,24,24,-2,-36,1
02/28/2014 21:39:00,59,24,25,-2,-37,1
02/28/2014 21:40:00,59,25,24,-2,-37,1
02/28/2014 21:41:00,59,25,25,-2,-37,1
02/28/2014 21:42:00,59,26,25,-2,-37,1
02/28/2014 21:43:00,59,25,25,-2,-37,1
02/28/2014 21:44:00,59,26,24,-2,-37,1
02/28/2014 21:45:00,59,25,25,-2,-38,1
02/28/2014 21:46:00,59,26,24,-2,-38,1
02/28/2014 21:47:00,59,26,24,-2,-39,1
02/28/2014 21:48:00,59,26,24,-2,-39,1
02/28/2014 21:49:00,59,25,24,-2,-38,1
02/28/2014 21:50:00,59,25,24,-2,-38,1
02/28/2014 21:51:00,59,25,24,-2,-38,1
02/28/2014 21:52:00,59,26,24,-2,-38,1
02/28/2014 21:53:00,59,26,24,-2,-37,1
02/28/2014 21:54:00,59,26,25,-2,-38,1
02/28/2014 21:55:00,59,26,24,-2,-38,1
02/28/2014 21:56:00,59,26,24,-2,-37,1
02/28/2014 21:57:00,59,27,25,-2,-37,1
02/28/2014 21:58:00,59,28,26,-2,-37,1
02/28/2014 21:59:00,59,28,26,-2,-37,1
02/28/2014 22:00:00,59,29,26,-2,-37,1
02/28/2014 22:01:00,59,29,26,-1,-37,1
02/28/2014 22:02:00,59,29,25,-1,-37,1
02/28/2014 22:03:00,59,29,25,-2,-38,1
02/28/2014 22:04:00,59,29,26,-2,-38,1
02/28/2014 22:05:00,59,29,25,-2,-39,1
02/28/2014 22:06:00,59,29,26,-2,-40,1
02/28/2014 22:07:00,59,29,26,-2,-40,1
02/28/2014 22:08:00,59,29,27,-2,-40,1
02/28/2014 22:09:00,59,29,26,-2,-39,1
02/28/2014 22:10:00,59,30,26,-2,-39,1
02/28/2014 22:11:00,59,30,26,-2,-39,1
02/28/2014 22:12:00,59,30,26,-2,-39,1
02/28/2014 22:13:00,59,30,26,-2,-39,1
02/28/2014 22:14:00,59,30,25,-2,-39,1
02/28/2014 22:15:00,59,31,26,-2,-39,1
02/28/2014 22:16:00,59,31,26,-2,-39,1
02/28/2014 22:17:00,59,31,26,-2,-39,1
02/28/2014 22:18:00,59,32,26,-2,-39,1
02/28/2014 22:19:00,59,31,25,-2,-39,1
02/28/2014 22:20:00,59,31,26,-2,-38,1
02/28/2014 22:21:00,59,31,27,-2,-39,1
02/28/2014 22:22:00,59,32,26,-2,-39,1
02/28/2014 22:23:00,59,31,26,-2,-38,1
02/28/2014 22:24:00,59,31,26,-2,-38,1
02/28/2014 22:25:00,59,31,28,-1,-38,1
02/28/2014 22:26:00,59,32,27,-1,-38,1
02/28/2014 22:27:00,59,32,27,-1,-39,1
02/28/2014 22:28:00,59,31,27,-2,-38,1
02/28/2014 22:29:00,59,32,27,-2,-39,1
02/28/2014 22:30:00,59,32,28,-1,-39,1
02/28/2014 22:31:00,59,33,27,-2,-39,1
02/28/2014 22:32:00,59,33,27,-1,-39,1
02/28/2014 22:33:00,59,33,27,-2,-39,1
02/28/2014 22:34:00,59,33,27,-1,-39,1
02/28/2014 22:35:00,59,33,27,-2,-38,1
02/28/2014 22:36:00,59,33,28,-2,-39,1
02/28/2014 22:37:00,59,33,27,-1,-38,1
02/28/2014 22:38:00,59,33,27,-1,-39,1
02/28/2014 22:39:00,59,33,27,-1,-39,1
02/28/2014 22:40:00,59,34,27,-1,-39,1
02/28/2014 22:41:00,59,33,27,-2,-38,1
02/28/2014 22:42:00,59,33,27,-2,-39,1
02/28/2014 22:43:00,59,34,27,-2,-39,1
02/28/2014 22:44:00,59,34,27,-2,-39,1
02/28/2014 22:45:00,59,33,27,-2,-38,1
02/28/2014 22:46:00,59,34,27,-2,-38,1
02/28/2014 22:47:00,59,33,26,-2,-38,1
02/28/2014 22:48:00,59,33,26,-1,-38,1
02/28/2014 22:49:00,59,33,27,-1,-38,1
02/28/2014 22:50:00,59,33,27,-2,-38,1
02/28/2014 22:51:00,59,32,27,-1,-38,1
02/28/2014 22:52:00,59,33,27,-1,-37,1
02/28/2014 22:53:00,59,32,27,-1,-37,1
02/28/2014 22:54:00,59,31,26,-1,-37,1
02/28/2014 22:55:00,59,32,26,-1,-37,1
02/28/2014 22:56:00,59,32,26,-1,-37,1
02/28/2014 22:57:00,59,33,26,-1,-37,1
02/28/2014 22:58:00,59,32,26,-2,-37,1
02/28/2014 22:59:00,59,32,25,-2,-37,1
02/28/2014 23:00:00,59,33,26,-2,-37,1
02/28/2014 23:01:00,59,33,26,-2,-37,1
02/28/2014 23:02:00,59,33,26,-2,-37,1
02/28/2014 23:03:00,59,32,25,-2,-37,1
02/28/2014 23:04:00,59,33,25,-1,-36,1
02/28/2014 23:05:00,59,33,25,-1,-36,1
02/28/2014 23:06:00,59,33,24,-1,-36,1
02/28/2014 23:07:00,59,32,24,-1,-36,1
02/28/2014 23:08:00,59,32,24,-1,-35,1
02/28/2014 23:09:00,59,31,24,-1,-35,1
02/28/2014 23:10:00,59,31,24,-1,-35,1
02/28/2014 23:11:00,59,31,24,-1,-35,1
02/28/2014 23:12:00,59,31,23,-1,-35,1
02/28/2014 23:13:00,59,31,23,-1,-35,1
02/28/2014 23:14:00,59,31,24,-1,-35,1
02/28/2014 23:15:00,59,31,23,-1,-36,1
02/28/2014 23:16:00,59,31,24,-1,-36,1
02/28/2014 23:17:00,59,31,24,-2,-36,1
02/28/2014 23:18:00,59,30,24,-2,-36,1
02/28/2014 23:19:00,59,30,23,-2,-37,1
02/28/2014 23:20:00,59,30,23,-2,-36,1
02/28/2014 23:21:00,59,30,23,-2,-36,1
02/28/2014 23:22:00,59,30,23,-2,-36,1
02/28/2014 23:23:00,59,31,22,-2,-35,1
02/28/2014 23:24:00,59,31,23,-2,-35,1
02/28/2014 23:25:00,59,31,23,-2,-35,1
02/28/2014 23:26:00,59,31,23,-2,-35,1
02/28/2014 23:27:00,59,31,22,-2,-34,1
02/28/2014 23:28:00,59,31,22,-2,-34,1
02/28/2014 23:29:00,59,31,21,-2,-34,1
02/28/2014 23:30:00,59,31,20,-2,-33,1
02/28/2014 23:31:00,59,30,21,-2,-33,1
02/28/2014 23:32:00,59,30,21,-2,-34,1
02/28/2014 23:33:00,59,29,21,-2,-34,1
02/28/2014 23:34:00,59,28,21,-2,-34,1
02/28/2014 23:35:00,59,29,20,-2,-34,1
02/28/2014 23:36:00,59,28,20,-2,-34,1
02/28/2014 23:37:00,59,27,20,-3,-34,1
02/28/2014 23:38:00,59,28,20,-3,-34,1
02/28/2014 23:39:00,59,28,20,-2,-34,1
02/28/2014 23:40:00,59,27,20,-3,-34,1
02/28/2014 23:41:00,59,27,20,-3,-34,1
02/28/2014 23:42:00,59,26,19,-2,-34,1
02/28/2014 23:43:00,59,26,19,-2,-34,1
02/28/2014 23:44:00,59,25,19,-3,-33,1
02/28/2014 23:45:00,59,25,19,-2,-34,1
02/28/2014 23:46:00,59,25,19,-2,-34,1
02/28/2014 23:47:00,59,24,19,-3,-34,1
02/28/2014 23:48:00,59,23,19,-3,-33,1
02/28/2014 23:49:00,59,23,19,-3,-33,1
02/28/2014 23:50:00,59,23,18,-3,-33,1
02/28/2014 23:51:00,59,22,17,-3,-33,1
02/28/2014 23:52:00,59,22,18,-3,-33,1
02/28/2014 23:53:00,59,22,18,-3,-33,1
02/28/2014 23:54:00,59,22,17,-3,-33,1
02/28/2014 23:55:00,59,20,17,-4,-33,1
02/28/2014 23:56:00,59,20,17,-4,-33,1
02/28/2014 23:57:00,59,20,17,-4,-33,1
02/28/2014 23:58:00,59,18,17,-4,-33,1
02/28/2014 23:59:00,59,18,17,-4,-34,1
