DateTime,DOY,ASY_D,ASY_H,SYM_D,SYM_H,Location
09/26/2011 00:00:00,269,18,11,-1,17,1
09/26/2011 00:01:00,269,19,12,-1,17,1
09/26/2011 00:02:00,269,19,11,-1,17,1
09/26/2011 00:03:00,269,18,9,-1,17,1
09/26/2011 00:04:00,269,17,10,-1,18,1
09/26/2011 00:05:00,269,18,9,-1,17,1
09/26/2011 00:06:00,269,16,9,-1,17,1
09/26/2011 00:07:00,269,16,9,-1,17,1
09/26/2011 00:08:00,269,17,9,-1,16,1
09/26/2011 00:09:00,269,15,9,-1,15,1
09/26/2011 00:10:00,269,15,8,-1,14,1
09/26/2011 00:11:00,269,15,8,-1,12,1
09/26/2011 00:12:00,269,16,8,-1,11,1
09/26/2011 00:13:00,269,17,9,-2,11,1
09/26/2011 00:14:00,269,17,8,-2,11,1
09/26/2011 00:15:00,269,17,8,-2,10,1
09/26/2011 00:16:00,269,17,9,-2,11,1
09/26/2011 00:17:00,269,16,9,-2,10,1
09/26/2011 00:18:00,269,16,8,-2,11,1
09/26/2011 00:19:00,269,15,9,-2,11,1
09/26/2011 00:20:00,269,15,9,-1,11,1
09/26/2011 00:21:00,269,14,8,-1,11,1
09/26/2011 00:22:00,269,14,9,-1,11,1
09/26/2011 00:23:00,269,13,9,-1,11,1
09/26/2011 00:24:00,269,14,9,-1,11,1
09/26/2011 00:25:00,269,14,9,-1,11,1
09/26/2011 00:26:00,269,13,9,-1,12,1
09/26/2011 00:27:00,269,13,8,-1,12,1
09/26/2011 00:28:00,269,13,8,-1,12,1
09/26/2011 00:29:00,269,12,8,-1,12,1
09/26/2011 00:30:00,269,13,8,-1,12,1
09/26/2011 00:31:00,269,12,8,-1,12,1
09/26/2011 00:32:00,269,13,7,-1,12,1
09/26/2011 00:33:00,269,13,7,-1,12,1
09/26/2011 00:34:00,269,13,7,-1,12,1
09/26/2011 00:35:00,269,13,7,-1,12,1
09/26/2011 00:36:00,269,13,7,-1,12,1
09/26/2011 00:37:00,269,14,7,-1,12,1
09/26/2011 00:38:00,269,14,8,-1,11,1
09/26/2011 00:39:00,269,14,8,-1,12,1
09/26/2011 00:40:00,269,14,8,-1,12,1
09/26/2011 00:41:00,269,14,8,-1,12,1
09/26/2011 00:42:00,269,14,7,-1,12,1
09/26/2011 00:43:00,269,13,7,-1,12,1
09/26/2011 00:44:00,269,13,7,-1,12,1
09/26/2011 00:45:00,269,13,7,-1,12,1
09/26/2011 00:46:00,269,12,8,-1,13,1
09/26/2011 00:47:00,269,12,8,-1,13,1
09/26/2011 00:48:00,269,12,7,-1,13,1
09/26/2011 00:49:00,269,12,8,-1,14,1
09/26/2011 00:50:00,269,12,8,-1,13,1
09/26/2011 00:51:00,269,13,8,-1,13,1
09/26/2011 00:52:00,269,13,8,-1,13,1
09/26/2011 00:53:00,269,14,7,-1,13,1
09/26/2011 00:54:00,269,13,8,-1,13,1
09/26/2011 00:55:00,269,14,7,-1,13,1
09/26/2011 00:56:00,269,14,7,-1,13,1
09/26/2011 00:57:00,269,13,7,-1,13,1
09/26/2011 00:58:00,269,13,8,-1,13,1
09/26/2011 00:59:00,269,13,8,-1,13,1
09/26/2011 01:00:00,269,13,8,-1,13,1
09/26/2011 01:01:00,269,13,8,-1,13,1
09/26/2011 01:02:00,269,13,8,-1,14,1
09/26/2011 01:03:00,269,13,10,-1,14,1
09/26/2011 01:04:00,269,13,10,-1,14,1
09/26/2011 01:05:00,269,13,10,-1,14,1
09/26/2011 01:06:00,269,13,10,-1,14,1
09/26/2011 01:07:00,269,13,11,-1,14,1
09/26/2011 01:08:00,269,14,10,-1,13,1
09/26/2011 01:09:00,269,14,9,-1,14,1
09/26/2011 01:10:00,269,14,7,-2,14,1
09/26/2011 01:11:00,269,15,6,-2,14,1
09/26/2011 01:12:00,269,15,6,-2,14,1
09/26/2011 01:13:00,269,14,6,-2,14,1
09/26/2011 01:14:00,269,14,7,-2,14,1
09/26/2011 01:15:00,269,14,7,-2,14,1
09/26/2011 01:16:00,269,13,6,-2,14,1
09/26/2011 01:17:00,269,12,8,-1,15,1
09/26/2011 01:18:00,269,13,9,-1,14,1
09/26/2011 01:19:00,269,14,7,-2,15,1
09/26/2011 01:20:00,269,15,8,-2,15,1
09/26/2011 01:21:00,269,15,8,-2,15,1
09/26/2011 01:22:00,269,15,8,-2,15,1
09/26/2011 01:23:00,269,15,8,-2,15,1
09/26/2011 01:24:00,269,15,9,-2,15,1
09/26/2011 01:25:00,269,15,8,-2,15,1
09/26/2011 01:26:00,269,15,9,-2,15,1
09/26/2011 01:27:00,269,15,9,-2,14,1
09/26/2011 01:28:00,269,15,10,-2,14,1
09/26/2011 01:29:00,269,15,10,-2,14,1
09/26/2011 01:30:00,269,15,10,-2,14,1
09/26/2011 01:31:00,269,15,10,-3,13,1
09/26/2011 01:32:00,269,15,10,-3,13,1
09/26/2011 01:33:00,269,15,10,-2,13,1
09/26/2011 01:34:00,269,15,11,-3,12,1
09/26/2011 01:35:00,269,15,11,-3,12,1
09/26/2011 01:36:00,269,15,12,-3,12,1
09/26/2011 01:37:00,269,14,12,-3,12,1
09/26/2011 01:38:00,269,14,11,-3,12,1
09/26/2011 01:39:00,269,14,11,-3,12,1
09/26/2011 01:40:00,269,13,11,-3,12,1
09/26/2011 01:41:00,269,14,11,-3,12,1
09/26/2011 01:42:00,269,14,12,-3,12,1
09/26/2011 01:43:00,269,13,12,-3,12,1
09/26/2011 01:44:00,269,14,11,-3,12,1
09/26/2011 01:45:00,269,14,11,-2,13,1
09/26/2011 01:46:00,269,15,11,-2,12,1
09/26/2011 01:47:00,269,15,11,-2,13,1
09/26/2011 01:48:00,269,13,11,-2,12,1
09/26/2011 01:49:00,269,14,12,-2,12,1
09/26/2011 01:50:00,269,15,10,-2,13,1
09/26/2011 01:51:00,269,13,13,-2,12,1
09/26/2011 01:52:00,269,13,13,-3,12,1
09/26/2011 01:53:00,269,14,13,-2,12,1
09/26/2011 01:54:00,269,14,12,-2,12,1
09/26/2011 01:55:00,269,12,13,-3,12,1
09/26/2011 01:56:00,269,12,14,-3,12,1
09/26/2011 01:57:00,269,13,13,-2,13,1
09/26/2011 01:58:00,269,12,13,-2,14,1
09/26/2011 01:59:00,269,11,14,-3,12,1
09/26/2011 02:00:00,269,12,14,-3,13,1
09/26/2011 02:01:00,269,12,13,-2,14,1
09/26/2011 02:02:00,269,11,13,-2,14,1
09/26/2011 02:03:00,269,10,14,-3,15,1
09/26/2011 02:04:00,269,11,13,-2,16,1
09/26/2011 02:05:00,269,12,13,-2,16,1
09/26/2011 02:06:00,269,11,14,-2,16,1
09/26/2011 02:07:00,269,12,15,-2,17,1
09/26/2011 02:08:00,269,13,16,-2,17,1
09/26/2011 02:09:00,269,14,16,-2,17,1
09/26/2011 02:10:00,269,14,18,-2,17,1
09/26/2011 02:11:00,269,14,18,-2,17,1
09/26/2011 02:12:00,269,14,19,-2,17,1
09/26/2011 02:13:00,269,15,20,-2,17,1
09/26/2011 02:14:00,269,14,21,-2,16,1
09/26/2011 02:15:00,269,13,20,-2,16,1
09/26/2011 02:16:00,269,13,21,-2,15,1
09/26/2011 02:17:00,269,12,21,-2,15,1
09/26/2011 02:18:00,269,12,21,-2,15,1
09/26/2011 02:19:00,269,12,21,-3,15,1
09/26/2011 02:20:00,269,12,21,-3,15,1
09/26/2011 02:21:00,269,11,21,-3,15,1
09/26/2011 02:22:00,269,11,21,-3,15,1
09/26/2011 02:23:00,269,12,21,-2,15,1
09/26/2011 02:24:00,269,11,20,-2,14,1
09/26/2011 02:25:00,269,11,21,-2,14,1
09/26/2011 02:26:00,269,11,21,-2,14,1
09/26/2011 02:27:00,269,11,21,-2,14,1
09/26/2011 02:28:00,269,12,22,-2,14,1
09/26/2011 02:29:00,269,11,21,-2,14,1
09/26/2011 02:30:00,269,11,21,-2,14,1
09/26/2011 02:31:00,269,12,22,-2,14,1
09/26/2011 02:32:00,269,11,22,-2,14,1
09/26/2011 02:33:00,269,11,22,-2,14,1
09/26/2011 02:34:00,269,11,21,-2,14,1
09/26/2011 02:35:00,269,11,22,-2,14,1
09/26/2011 02:36:00,269,12,22,-2,14,1
09/26/2011 02:37:00,269,12,22,-2,14,1
09/26/2011 02:38:00,269,12,23,-2,14,1
09/26/2011 02:39:00,269,11,21,-2,14,1
09/26/2011 02:40:00,269,11,21,-2,14,1
09/26/2011 02:41:00,269,11,21,-2,14,1
09/26/2011 02:42:00,269,12,21,-2,14,1
09/26/2011 02:43:00,269,12,22,-2,14,1
09/26/2011 02:44:00,269,12,22,-2,14,1
09/26/2011 02:45:00,269,11,21,-2,14,1
09/26/2011 02:46:00,269,11,22,-2,15,1
09/26/2011 02:47:00,269,11,22,-2,15,1
09/26/2011 02:48:00,269,11,23,-2,15,1
09/26/2011 02:49:00,269,10,23,-2,15,1
09/26/2011 02:50:00,269,11,23,-2,16,1
09/26/2011 02:51:00,269,12,21,-2,16,1
09/26/2011 02:52:00,269,12,22,-2,16,1
09/26/2011 02:53:00,269,13,23,-2,17,1
09/26/2011 02:54:00,269,14,22,-1,17,1
09/26/2011 02:55:00,269,14,24,-1,17,1
09/26/2011 02:56:00,269,15,25,-2,17,1
09/26/2011 02:57:00,269,15,25,-2,17,1
09/26/2011 02:58:00,269,15,26,-2,17,1
09/26/2011 02:59:00,269,14,26,-2,17,1
09/26/2011 03:00:00,269,13,25,-2,16,1
09/26/2011 03:01:00,269,13,25,-2,17,1
09/26/2011 03:02:00,269,12,25,-2,16,1
09/26/2011 03:03:00,269,11,26,-2,15,1
09/26/2011 03:04:00,269,11,26,-2,15,1
09/26/2011 03:05:00,269,12,26,-3,15,1
09/26/2011 03:06:00,269,11,26,-2,15,1
09/26/2011 03:07:00,269,11,25,-2,15,1
09/26/2011 03:08:00,269,10,26,-3,15,1
09/26/2011 03:09:00,269,10,26,-2,15,1
09/26/2011 03:10:00,269,9,26,-3,15,1
09/26/2011 03:11:00,269,9,26,-3,15,1
09/26/2011 03:12:00,269,9,25,-3,15,1
09/26/2011 03:13:00,269,10,25,-2,15,1
09/26/2011 03:14:00,269,9,26,-2,15,1
09/26/2011 03:15:00,269,9,26,-2,15,1
09/26/2011 03:16:00,269,10,26,-2,15,1
09/26/2011 03:17:00,269,9,26,-2,15,1
09/26/2011 03:18:00,269,10,27,-2,15,1
09/26/2011 03:19:00,269,10,27,-2,15,1
09/26/2011 03:20:00,269,10,26,-2,16,1
09/26/2011 03:21:00,269,10,26,-2,16,1
09/26/2011 03:22:00,269,11,27,-2,16,1
09/26/2011 03:23:00,269,11,27,-2,16,1
09/26/2011 03:24:00,269,11,27,-2,15,1
09/26/2011 03:25:00,269,11,28,-2,16,1
09/26/2011 03:26:00,269,10,28,-2,15,1
09/26/2011 03:27:00,269,10,27,-2,15,1
09/26/2011 03:28:00,269,10,27,-2,15,1
09/26/2011 03:29:00,269,9,27,-2,15,1
09/26/2011 03:30:00,269,9,27,-2,15,1
09/26/2011 03:31:00,269,9,27,-2,15,1
09/26/2011 03:32:00,269,8,27,-2,15,1
09/26/2011 03:33:00,269,8,27,-2,15,1
09/26/2011 03:34:00,269,8,26,-2,15,1
09/26/2011 03:35:00,269,8,27,-2,14,1
09/26/2011 03:36:00,269,8,27,-2,14,1
09/26/2011 03:37:00,269,7,26,-2,14,1
09/26/2011 03:38:00,269,7,27,-2,14,1
09/26/2011 03:39:00,269,7,26,-2,14,1
09/26/2011 03:40:00,269,7,26,-2,14,1
09/26/2011 03:41:00,269,8,26,-2,14,1
09/26/2011 03:42:00,269,7,26,-2,14,1
09/26/2011 03:43:00,269,8,26,-2,14,1
09/26/2011 03:44:00,269,8,25,-2,14,1
09/26/2011 03:45:00,269,8,25,-2,14,1
09/26/2011 03:46:00,269,8,26,-2,14,1
09/26/2011 03:47:00,269,7,26,-2,14,1
09/26/2011 03:48:00,269,7,26,-2,14,1
09/26/2011 03:49:00,269,8,26,-2,14,1
09/26/2011 03:50:00,269,8,26,-2,14,1
09/26/2011 03:51:00,269,8,26,-2,14,1
09/26/2011 03:52:00,269,8,25,-2,14,1
09/26/2011 03:53:00,269,8,25,-1,14,1
09/26/2011 03:54:00,269,8,25,-1,14,1
09/26/2011 03:55:00,269,9,26,-1,14,1
09/26/2011 03:56:00,269,9,25,-1,14,1
09/26/2011 03:57:00,269,8,25,-1,14,1
09/26/2011 03:58:00,269,8,25,-1,14,1
09/26/2011 03:59:00,269,10,25,-1,14,1
09/26/2011 04:00:00,269,10,25,-1,14,1
09/26/2011 04:01:00,269,10,25,-1,14,1
09/26/2011 04:02:00,269,10,26,-1,14,1
09/26/2011 04:03:00,269,10,26,-1,14,1
09/26/2011 04:04:00,269,9,25,-1,14,1
09/26/2011 04:05:00,269,11,24,-1,14,1
09/26/2011 04:06:00,269,10,25,-1,14,1
09/26/2011 04:07:00,269,10,25,-1,14,1
09/26/2011 04:08:00,269,10,25,-1,14,1
09/26/2011 04:09:00,269,10,25,-1,14,1
09/26/2011 04:10:00,269,11,25,-1,14,1
09/26/2011 04:11:00,269,11,25,-1,14,1
09/26/2011 04:12:00,269,11,25,-1,14,1
09/26/2011 04:13:00,269,11,25,-1,14,1
09/26/2011 04:14:00,269,11,26,-1,14,1
09/26/2011 04:15:00,269,11,26,-1,14,1
09/26/2011 04:16:00,269,12,25,-1,14,1
09/26/2011 04:17:00,269,11,25,-1,14,1
09/26/2011 04:18:00,269,11,25,-1,13,1
09/26/2011 04:19:00,269,12,26,-1,13,1
09/26/2011 04:20:00,269,12,26,-1,13,1
09/26/2011 04:21:00,269,12,26,-1,13,1
09/26/2011 04:22:00,269,13,26,-1,13,1
09/26/2011 04:23:00,269,13,26,-1,13,1
09/26/2011 04:24:00,269,13,26,-1,13,1
09/26/2011 04:25:00,269,13,26,-1,13,1
09/26/2011 04:26:00,269,13,25,-1,13,1
09/26/2011 04:27:00,269,13,25,-1,13,1
09/26/2011 04:28:00,269,14,24,0,14,1
09/26/2011 04:29:00,269,13,25,0,14,1
09/26/2011 04:30:00,269,13,25,0,14,1
09/26/2011 04:31:00,269,13,25,-1,14,1
09/26/2011 04:32:00,269,13,25,-1,14,1
09/26/2011 04:33:00,269,13,25,-1,14,1
09/26/2011 04:34:00,269,14,25,-1,14,1
09/26/2011 04:35:00,269,14,25,-1,14,1
09/26/2011 04:36:00,269,14,26,0,14,1
09/26/2011 04:37:00,269,14,25,0,14,1
09/26/2011 04:38:00,269,14,25,-1,14,1
09/26/2011 04:39:00,269,15,24,0,14,1
09/26/2011 04:40:00,269,15,24,0,14,1
09/26/2011 04:41:00,269,14,25,0,14,1
09/26/2011 04:42:00,269,14,24,0,14,1
09/26/2011 04:43:00,269,13,24,0,14,1
09/26/2011 04:44:00,269,14,24,0,14,1
09/26/2011 04:45:00,269,14,25,0,13,1
09/26/2011 04:46:00,269,14,25,0,13,1
09/26/2011 04:47:00,269,15,24,0,13,1
09/26/2011 04:48:00,269,15,23,0,13,1
09/26/2011 04:49:00,269,15,23,0,13,1
09/26/2011 04:50:00,269,15,23,0,13,1
09/26/2011 04:51:00,269,15,23,0,13,1
09/26/2011 04:52:00,269,15,23,0,13,1
09/26/2011 04:53:00,269,16,23,0,13,1
09/26/2011 04:54:00,269,15,23,0,13,1
09/26/2011 04:55:00,269,14,23,0,13,1
09/26/2011 04:56:00,269,15,23,1,13,1
09/26/2011 04:57:00,269,15,23,1,13,1
09/26/2011 04:58:00,269,15,23,1,13,1
09/26/2011 04:59:00,269,14,23,1,13,1
09/26/2011 05:00:00,269,14,23,1,13,1
09/26/2011 05:01:00,269,14,22,1,13,1
09/26/2011 05:02:00,269,14,23,1,13,1
09/26/2011 05:03:00,269,14,22,1,13,1
09/26/2011 05:04:00,269,14,22,1,13,1
09/26/2011 05:05:00,269,15,22,1,13,1
09/26/2011 05:06:00,269,14,22,1,13,1
09/26/2011 05:07:00,269,14,23,1,12,1
09/26/2011 05:08:00,269,12,24,1,12,1
09/26/2011 05:09:00,269,12,23,1,12,1
09/26/2011 05:10:00,269,12,23,1,12,1
09/26/2011 05:11:00,269,12,23,1,12,1
09/26/2011 05:12:00,269,13,24,1,12,1
09/26/2011 05:13:00,269,14,23,1,12,1
09/26/2011 05:14:00,269,14,22,1,12,1
09/26/2011 05:15:00,269,14,22,1,12,1
09/26/2011 05:16:00,269,14,22,1,12,1
09/26/2011 05:17:00,269,14,22,1,12,1
09/26/2011 05:18:00,269,14,22,1,12,1
09/26/2011 05:19:00,269,14,21,1,12,1
09/26/2011 05:20:00,269,14,21,1,13,1
09/26/2011 05:21:00,269,14,21,1,13,1
09/26/2011 05:22:00,269,14,21,1,13,1
09/26/2011 05:23:00,269,14,21,1,13,1
09/26/2011 05:24:00,269,14,21,1,13,1
09/26/2011 05:25:00,269,15,21,1,13,1
09/26/2011 05:26:00,269,14,21,1,13,1
09/26/2011 05:27:00,269,15,21,1,13,1
09/26/2011 05:28:00,269,15,20,1,14,1
09/26/2011 05:29:00,269,15,21,1,13,1
09/26/2011 05:30:00,269,15,21,1,13,1
09/26/2011 05:31:00,269,16,21,1,13,1
09/26/2011 05:32:00,269,15,21,1,13,1
09/26/2011 05:33:00,269,16,20,1,13,1
09/26/2011 05:34:00,269,17,20,1,12,1
09/26/2011 05:35:00,269,17,20,1,12,1
09/26/2011 05:36:00,269,18,20,1,12,1
09/26/2011 05:37:00,269,18,20,1,12,1
09/26/2011 05:38:00,269,18,20,1,12,1
09/26/2011 05:39:00,269,18,20,1,11,1
09/26/2011 05:40:00,269,18,20,1,11,1
09/26/2011 05:41:00,269,17,20,2,11,1
09/26/2011 05:42:00,269,17,19,2,11,1
09/26/2011 05:43:00,269,17,19,2,11,1
09/26/2011 05:44:00,269,17,19,2,11,1
09/26/2011 05:45:00,269,17,19,2,11,1
09/26/2011 05:46:00,269,17,18,2,12,1
09/26/2011 05:47:00,269,18,18,2,12,1
09/26/2011 05:48:00,269,18,18,2,12,1
09/26/2011 05:49:00,269,18,18,2,12,1
09/26/2011 05:50:00,269,18,18,2,12,1
09/26/2011 05:51:00,269,18,17,2,12,1
09/26/2011 05:52:00,269,18,17,2,12,1
09/26/2011 05:53:00,269,19,17,2,12,1
09/26/2011 05:54:00,269,20,17,2,12,1
09/26/2011 05:55:00,269,20,18,1,12,1
09/26/2011 05:56:00,269,20,18,1,12,1
09/26/2011 05:57:00,269,20,18,2,13,1
09/26/2011 05:58:00,269,20,17,2,12,1
09/26/2011 05:59:00,269,21,17,2,12,1
09/26/2011 06:00:00,269,21,16,2,13,1
09/26/2011 06:01:00,269,21,17,2,12,1
09/26/2011 06:02:00,269,21,18,2,13,1
09/26/2011 06:03:00,269,21,17,2,12,1
09/26/2011 06:04:00,269,22,17,2,12,1
09/26/2011 06:05:00,269,21,18,2,12,1
09/26/2011 06:06:00,269,22,18,2,12,1
09/26/2011 06:07:00,269,21,18,2,13,1
09/26/2011 06:08:00,269,22,17,2,13,1
09/26/2011 06:09:00,269,22,17,2,13,1
09/26/2011 06:10:00,269,21,17,2,13,1
09/26/2011 06:11:00,269,22,18,2,13,1
09/26/2011 06:12:00,269,22,17,2,13,1
09/26/2011 06:13:00,269,22,18,2,13,1
09/26/2011 06:14:00,269,22,18,2,12,1
09/26/2011 06:15:00,269,21,18,2,12,1
09/26/2011 06:16:00,269,22,17,3,13,1
09/26/2011 06:17:00,269,21,18,2,12,1
09/26/2011 06:18:00,269,22,18,2,12,1
09/26/2011 06:19:00,269,21,17,2,12,1
09/26/2011 06:20:00,269,22,16,3,11,1
09/26/2011 06:21:00,269,22,17,2,11,1
09/26/2011 06:22:00,269,21,16,2,11,1
09/26/2011 06:23:00,269,21,16,3,11,1
09/26/2011 06:24:00,269,21,16,3,11,1
09/26/2011 06:25:00,269,21,16,3,11,1
09/26/2011 06:26:00,269,21,15,3,11,1
09/26/2011 06:27:00,269,21,16,3,11,1
09/26/2011 06:28:00,269,21,15,3,12,1
09/26/2011 06:29:00,269,20,16,2,12,1
09/26/2011 06:30:00,269,20,15,3,12,1
09/26/2011 06:31:00,269,20,16,3,12,1
09/26/2011 06:32:00,269,20,16,2,12,1
09/26/2011 06:33:00,269,20,16,2,12,1
09/26/2011 06:34:00,269,20,16,2,12,1
09/26/2011 06:35:00,269,20,16,2,12,1
09/26/2011 06:36:00,269,20,17,2,12,1
09/26/2011 06:37:00,269,20,16,2,12,1
09/26/2011 06:38:00,269,20,16,2,12,1
09/26/2011 06:39:00,269,20,17,2,12,1
09/26/2011 06:40:00,269,20,17,2,12,1
09/26/2011 06:41:00,269,20,16,2,12,1
09/26/2011 06:42:00,269,20,16,2,12,1
09/26/2011 06:43:00,269,20,16,2,12,1
09/26/2011 06:44:00,269,21,17,2,11,1
09/26/2011 06:45:00,269,21,16,2,11,1
09/26/2011 06:46:00,269,21,18,2,11,1
09/26/2011 06:47:00,269,21,18,2,11,1
09/26/2011 06:48:00,269,21,18,2,11,1
09/26/2011 06:49:00,269,21,16,2,10,1
09/26/2011 06:50:00,269,21,17,2,10,1
09/26/2011 06:51:00,269,21,17,2,10,1
09/26/2011 06:52:00,269,21,16,2,10,1
09/26/2011 06:53:00,269,21,17,2,9,1
09/26/2011 06:54:00,269,22,17,2,10,1
09/26/2011 06:55:00,269,21,17,2,9,1
09/26/2011 06:56:00,269,21,17,2,9,1
09/26/2011 06:57:00,269,21,16,2,9,1
09/26/2011 06:58:00,269,21,18,2,9,1
09/26/2011 06:59:00,269,21,17,2,9,1
09/26/2011 07:00:00,269,21,16,2,9,1
09/26/2011 07:01:00,269,21,17,2,9,1
09/26/2011 07:02:00,269,21,16,2,9,1
09/26/2011 07:03:00,269,21,16,2,9,1
09/26/2011 07:04:00,269,21,15,2,9,1
09/26/2011 07:05:00,269,21,15,2,9,1
09/26/2011 07:06:00,269,21,15,2,9,1
09/26/2011 07:07:00,269,22,16,2,9,1
09/26/2011 07:08:00,269,22,16,1,9,1
09/26/2011 07:09:00,269,22,15,2,9,1
09/26/2011 07:10:00,269,21,15,1,9,1
09/26/2011 07:11:00,269,21,15,1,9,1
09/26/2011 07:12:00,269,21,16,1,9,1
09/26/2011 07:13:00,269,21,15,1,10,1
09/26/2011 07:14:00,269,21,15,1,9,1
09/26/2011 07:15:00,269,22,16,1,10,1
09/26/2011 07:16:00,269,21,16,1,10,1
09/26/2011 07:17:00,269,22,16,1,10,1
09/26/2011 07:18:00,269,22,16,1,10,1
09/26/2011 07:19:00,269,22,16,1,10,1
09/26/2011 07:20:00,269,21,15,1,10,1
09/26/2011 07:21:00,269,21,16,1,10,1
09/26/2011 07:22:00,269,21,16,1,10,1
09/26/2011 07:23:00,269,21,15,1,11,1
09/26/2011 07:24:00,269,21,16,1,12,1
09/26/2011 07:25:00,269,21,17,1,12,1
09/26/2011 07:26:00,269,20,17,0,13,1
09/26/2011 07:27:00,269,21,18,0,14,1
09/26/2011 07:28:00,269,21,16,0,13,1
09/26/2011 07:29:00,269,22,17,0,13,1
09/26/2011 07:30:00,269,22,17,0,12,1
09/26/2011 07:31:00,269,22,16,0,12,1
09/26/2011 07:32:00,269,22,17,0,12,1
09/26/2011 07:33:00,269,23,16,0,12,1
09/26/2011 07:34:00,269,22,17,0,12,1
09/26/2011 07:35:00,269,23,16,0,11,1
09/26/2011 07:36:00,269,22,17,0,11,1
09/26/2011 07:37:00,269,22,16,0,12,1
09/26/2011 07:38:00,269,22,16,0,12,1
09/26/2011 07:39:00,269,22,16,0,12,1
09/26/2011 07:40:00,269,22,16,0,11,1
09/26/2011 07:41:00,269,22,15,0,12,1
09/26/2011 07:42:00,269,22,14,0,11,1
09/26/2011 07:43:00,269,21,15,0,12,1
09/26/2011 07:44:00,269,22,15,0,12,1
09/26/2011 07:45:00,269,22,14,0,12,1
09/26/2011 07:46:00,269,22,14,0,11,1
09/26/2011 07:47:00,269,22,15,0,11,1
09/26/2011 07:48:00,269,22,15,0,11,1
09/26/2011 07:49:00,269,22,15,0,11,1
09/26/2011 07:50:00,269,22,15,0,11,1
09/26/2011 07:51:00,269,22,15,0,11,1
09/26/2011 07:52:00,269,22,15,0,11,1
09/26/2011 07:53:00,269,22,14,0,12,1
09/26/2011 07:54:00,269,22,15,0,12,1
09/26/2011 07:55:00,269,22,15,0,12,1
09/26/2011 07:56:00,269,22,15,0,12,1
09/26/2011 07:57:00,269,22,14,0,12,1
09/26/2011 07:58:00,269,22,15,0,12,1
09/26/2011 07:59:00,269,22,15,0,12,1
09/26/2011 08:00:00,269,22,15,0,12,1
09/26/2011 08:01:00,269,22,15,0,12,1
09/26/2011 08:02:00,269,22,14,0,12,1
09/26/2011 08:03:00,269,22,14,0,12,1
09/26/2011 08:04:00,269,22,15,0,11,1
09/26/2011 08:05:00,269,22,15,0,11,1
09/26/2011 08:06:00,269,21,15,0,11,1
09/26/2011 08:07:00,269,21,14,0,11,1
09/26/2011 08:08:00,269,21,14,0,11,1
09/26/2011 08:09:00,269,21,14,0,11,1
09/26/2011 08:10:00,269,21,15,-1,11,1
09/26/2011 08:11:00,269,21,14,-1,11,1
09/26/2011 08:12:00,269,21,14,-1,11,1
09/26/2011 08:13:00,269,21,15,-1,11,1
09/26/2011 08:14:00,269,21,15,-1,11,1
09/26/2011 08:15:00,269,21,15,-1,11,1
09/26/2011 08:16:00,269,21,15,-1,11,1
09/26/2011 08:17:00,269,21,14,-1,11,1
09/26/2011 08:18:00,269,21,14,-1,11,1
09/26/2011 08:19:00,269,21,13,-1,10,1
09/26/2011 08:20:00,269,21,13,-1,10,1
09/26/2011 08:21:00,269,21,14,-1,10,1
09/26/2011 08:22:00,269,21,13,-1,10,1
09/26/2011 08:23:00,269,21,13,-1,10,1
09/26/2011 08:24:00,269,21,13,-1,10,1
09/26/2011 08:25:00,269,20,13,-1,10,1
09/26/2011 08:26:00,269,21,13,-1,10,1
09/26/2011 08:27:00,269,20,13,-1,10,1
09/26/2011 08:28:00,269,20,12,-1,10,1
09/26/2011 08:29:00,269,21,13,-1,10,1
09/26/2011 08:30:00,269,20,13,-1,10,1
09/26/2011 08:31:00,269,20,13,-1,10,1
09/26/2011 08:32:00,269,20,13,-2,10,1
09/26/2011 08:33:00,269,20,14,-1,10,1
09/26/2011 08:34:00,269,20,13,-1,10,1
09/26/2011 08:35:00,269,20,13,-1,9,1
09/26/2011 08:36:00,269,20,14,-2,9,1
09/26/2011 08:37:00,269,20,14,-2,9,1
09/26/2011 08:38:00,269,20,14,-1,9,1
09/26/2011 08:39:00,269,20,13,-1,9,1
09/26/2011 08:40:00,269,19,14,-2,9,1
09/26/2011 08:41:00,269,19,13,-2,9,1
09/26/2011 08:42:00,269,20,13,-2,9,1
09/26/2011 08:43:00,269,20,14,-2,9,1
09/26/2011 08:44:00,269,19,13,-2,9,1
09/26/2011 08:45:00,269,20,13,-2,9,1
09/26/2011 08:46:00,269,19,13,-2,9,1
09/26/2011 08:47:00,269,20,12,-2,9,1
09/26/2011 08:48:00,269,20,12,-2,9,1
09/26/2011 08:49:00,269,20,12,-2,8,1
09/26/2011 08:50:00,269,20,11,-2,8,1
09/26/2011 08:51:00,269,20,11,-2,8,1
09/26/2011 08:52:00,269,20,11,-2,8,1
09/26/2011 08:53:00,269,19,12,-2,8,1
09/26/2011 08:54:00,269,20,12,-2,8,1
09/26/2011 08:55:00,269,19,13,-2,9,1
09/26/2011 08:56:00,269,19,12,-2,9,1
09/26/2011 08:57:00,269,20,12,-2,9,1
09/26/2011 08:58:00,269,20,12,-2,9,1
09/26/2011 08:59:00,269,19,12,-2,9,1
09/26/2011 09:00:00,269,19,12,-2,8,1
09/26/2011 09:01:00,269,19,12,-2,9,1
09/26/2011 09:02:00,269,20,14,-2,9,1
09/26/2011 09:03:00,269,19,13,-2,10,1
09/26/2011 09:04:00,269,19,14,-2,10,1
09/26/2011 09:05:00,269,19,14,-2,10,1
09/26/2011 09:06:00,269,20,14,-2,10,1
09/26/2011 09:07:00,269,20,14,-2,10,1
09/26/2011 09:08:00,269,20,14,-2,10,1
09/26/2011 09:09:00,269,20,13,-2,10,1
09/26/2011 09:10:00,269,20,13,-2,10,1
09/26/2011 09:11:00,269,21,13,-2,10,1
09/26/2011 09:12:00,269,21,14,-2,10,1
09/26/2011 09:13:00,269,21,14,-2,10,1
09/26/2011 09:14:00,269,20,14,-2,9,1
09/26/2011 09:15:00,269,20,13,-2,9,1
09/26/2011 09:16:00,269,21,13,-2,9,1
09/26/2011 09:17:00,269,21,12,-1,9,1
09/26/2011 09:18:00,269,21,12,-2,9,1
09/26/2011 09:19:00,269,21,12,-2,9,1
09/26/2011 09:20:00,269,21,13,-2,10,1
09/26/2011 09:21:00,269,20,13,-2,10,1
09/26/2011 09:22:00,269,20,12,-2,10,1
09/26/2011 09:23:00,269,19,13,-2,9,1
09/26/2011 09:24:00,269,18,15,-2,9,1
09/26/2011 09:25:00,269,18,15,-2,8,1
09/26/2011 09:26:00,269,19,15,-2,7,1
09/26/2011 09:27:00,269,20,12,-1,7,1
09/26/2011 09:28:00,269,21,11,-1,7,1
09/26/2011 09:29:00,269,20,11,-1,8,1
09/26/2011 09:30:00,269,20,11,-1,8,1
09/26/2011 09:31:00,269,19,12,-1,8,1
09/26/2011 09:32:00,269,18,15,-2,7,1
09/26/2011 09:33:00,269,18,15,-2,6,1
09/26/2011 09:34:00,269,19,13,-1,7,1
09/26/2011 09:35:00,269,19,13,-1,7,1
09/26/2011 09:36:00,269,19,11,-1,8,1
09/26/2011 09:37:00,269,19,10,-1,7,1
09/26/2011 09:38:00,269,19,10,-1,6,1
09/26/2011 09:39:00,269,19,10,-1,5,1
09/26/2011 09:40:00,269,19,11,-1,6,1
09/26/2011 09:41:00,269,18,10,-1,6,1
09/26/2011 09:42:00,269,18,11,-1,7,1
09/26/2011 09:43:00,269,18,10,-1,7,1
09/26/2011 09:44:00,269,18,10,-1,7,1
09/26/2011 09:45:00,269,18,10,-1,7,1
09/26/2011 09:46:00,269,18,10,-2,7,1
09/26/2011 09:47:00,269,18,10,-1,7,1
09/26/2011 09:48:00,269,17,11,-2,6,1
09/26/2011 09:49:00,269,17,10,-1,6,1
09/26/2011 09:50:00,269,17,10,-1,7,1
09/26/2011 09:51:00,269,17,10,-1,7,1
09/26/2011 09:52:00,269,17,9,-2,6,1
09/26/2011 09:53:00,269,17,10,-2,7,1
09/26/2011 09:54:00,269,17,11,-2,7,1
09/26/2011 09:55:00,269,17,10,-1,7,1
09/26/2011 09:56:00,269,17,10,-1,7,1
09/26/2011 09:57:00,269,17,10,-1,7,1
09/26/2011 09:58:00,269,17,9,-1,7,1
09/26/2011 09:59:00,269,16,9,-2,7,1
09/26/2011 10:00:00,269,17,10,-1,6,1
09/26/2011 10:01:00,269,17,9,-1,7,1
09/26/2011 10:02:00,269,17,9,-1,7,1
09/26/2011 10:03:00,269,17,9,-1,7,1
09/26/2011 10:04:00,269,16,9,-2,7,1
09/26/2011 10:05:00,269,16,10,-1,7,1
09/26/2011 10:06:00,269,16,10,-1,6,1
09/26/2011 10:07:00,269,16,9,-1,6,1
09/26/2011 10:08:00,269,16,9,-1,6,1
09/26/2011 10:09:00,269,16,9,-2,6,1
09/26/2011 10:10:00,269,16,9,-1,6,1
09/26/2011 10:11:00,269,16,9,-2,6,1
09/26/2011 10:12:00,269,16,9,-2,6,1
09/26/2011 10:13:00,269,16,8,-1,5,1
09/26/2011 10:14:00,269,16,8,-2,5,1
09/26/2011 10:15:00,269,16,8,-2,5,1
09/26/2011 10:16:00,269,16,8,-2,5,1
09/26/2011 10:17:00,269,16,9,-1,5,1
09/26/2011 10:18:00,269,16,8,-1,5,1
09/26/2011 10:19:00,269,16,8,-2,4,1
09/26/2011 10:20:00,269,16,8,-2,5,1
09/26/2011 10:21:00,269,16,7,-2,4,1
09/26/2011 10:22:00,269,16,7,-2,4,1
09/26/2011 10:23:00,269,16,6,-2,4,1
09/26/2011 10:24:00,269,15,6,-2,4,1
09/26/2011 10:25:00,269,15,6,-2,4,1
09/26/2011 10:26:00,269,15,7,-2,3,1
09/26/2011 10:27:00,269,16,7,-2,4,1
09/26/2011 10:28:00,269,16,6,-2,4,1
09/26/2011 10:29:00,269,15,6,-2,3,1
09/26/2011 10:30:00,269,15,5,-2,3,1
09/26/2011 10:31:00,269,15,5,-2,3,1
09/26/2011 10:32:00,269,15,6,-2,3,1
09/26/2011 10:33:00,269,15,6,-2,4,1
09/26/2011 10:34:00,269,16,6,-2,3,1
09/26/2011 10:35:00,269,15,5,-2,3,1
09/26/2011 10:36:00,269,16,6,-2,3,1
09/26/2011 10:37:00,269,15,5,-2,3,1
09/26/2011 10:38:00,269,15,6,-2,3,1
09/26/2011 10:39:00,269,15,4,-2,3,1
09/26/2011 10:40:00,269,16,5,-2,3,1
09/26/2011 10:41:00,269,16,5,-2,3,1
09/26/2011 10:42:00,269,15,5,-2,3,1
09/26/2011 10:43:00,269,15,4,-2,3,1
09/26/2011 10:44:00,269,15,4,-2,3,1
09/26/2011 10:45:00,269,15,4,-2,3,1
09/26/2011 10:46:00,269,15,4,-2,3,1
09/26/2011 10:47:00,269,15,4,-2,3,1
09/26/2011 10:48:00,269,14,4,-2,3,1
09/26/2011 10:49:00,269,14,4,-2,3,1
09/26/2011 10:50:00,269,14,3,-2,3,1
09/26/2011 10:51:00,269,14,2,-2,3,1
09/26/2011 10:52:00,269,13,4,-2,3,1
09/26/2011 10:53:00,269,14,2,-2,3,1
09/26/2011 10:54:00,269,14,3,-2,3,1
09/26/2011 10:55:00,269,13,3,-2,3,1
09/26/2011 10:56:00,269,13,1,-2,4,1
09/26/2011 10:57:00,269,13,2,-2,4,1
09/26/2011 10:58:00,269,12,3,-2,4,1
09/26/2011 10:59:00,269,13,2,-2,4,1
09/26/2011 11:00:00,269,13,2,-2,4,1
09/26/2011 11:01:00,269,12,3,-2,5,1
09/26/2011 11:02:00,269,12,3,-2,5,1
09/26/2011 11:03:00,269,12,3,-1,5,1
09/26/2011 11:04:00,269,11,3,-2,6,1
09/26/2011 11:05:00,269,12,3,-1,6,1
09/26/2011 11:06:00,269,11,4,-2,6,1
09/26/2011 11:07:00,269,11,3,-2,7,1
09/26/2011 11:08:00,269,11,3,-1,7,1
09/26/2011 11:09:00,269,11,4,-1,8,1
09/26/2011 11:10:00,269,11,4,-1,8,1
09/26/2011 11:11:00,269,11,4,-1,9,1
09/26/2011 11:12:00,269,11,5,-1,9,1
09/26/2011 11:13:00,269,11,5,-1,10,1
09/26/2011 11:14:00,269,11,5,-1,10,1
09/26/2011 11:15:00,269,11,6,-1,10,1
09/26/2011 11:16:00,269,10,5,-1,11,1
09/26/2011 11:17:00,269,10,5,-1,11,1
09/26/2011 11:18:00,269,10,7,-1,11,1
09/26/2011 11:19:00,269,10,8,0,11,1
09/26/2011 11:20:00,269,9,9,0,10,1
09/26/2011 11:21:00,269,10,9,0,10,1
09/26/2011 11:22:00,269,10,7,0,11,1
09/26/2011 11:23:00,269,9,5,0,11,1
09/26/2011 11:24:00,269,9,5,0,10,1
09/26/2011 11:25:00,269,10,5,0,10,1
09/26/2011 11:26:00,269,9,6,1,9,1
09/26/2011 11:27:00,269,9,7,1,9,1
09/26/2011 11:28:00,269,9,7,1,8,1
09/26/2011 11:29:00,269,9,6,1,9,1
09/26/2011 11:30:00,269,9,5,1,8,1
09/26/2011 11:31:00,269,9,4,1,9,1
09/26/2011 11:32:00,269,8,3,1,9,1
09/26/2011 11:33:00,269,8,3,1,8,1
09/26/2011 11:34:00,269,9,3,1,9,1
09/26/2011 11:35:00,269,8,3,1,8,1
09/26/2011 11:36:00,269,8,4,1,8,1
09/26/2011 11:37:00,269,8,3,1,8,1
09/26/2011 11:38:00,269,8,3,0,8,1
09/26/2011 11:39:00,269,8,3,0,8,1
09/26/2011 11:40:00,269,8,3,0,8,1
09/26/2011 11:41:00,269,8,3,0,8,1
09/26/2011 11:42:00,269,8,2,0,9,1
09/26/2011 11:43:00,269,7,3,0,8,1
09/26/2011 11:44:00,269,7,4,0,9,1
09/26/2011 11:45:00,269,7,3,0,9,1
09/26/2011 11:46:00,269,6,3,0,9,1
09/26/2011 11:47:00,269,7,3,1,10,1
09/26/2011 11:48:00,269,6,4,0,10,1
09/26/2011 11:49:00,269,6,5,0,11,1
09/26/2011 11:50:00,269,6,4,0,12,1
09/26/2011 11:51:00,269,7,4,0,12,1
09/26/2011 11:52:00,269,6,6,0,13,1
09/26/2011 11:53:00,269,5,7,1,13,1
09/26/2011 11:54:00,269,5,8,1,12,1
09/26/2011 11:55:00,269,5,10,1,12,1
09/26/2011 11:56:00,269,5,11,1,11,1
09/26/2011 11:57:00,269,5,12,1,10,1
09/26/2011 11:58:00,269,6,12,2,10,1
09/26/2011 11:59:00,269,6,12,1,10,1
09/26/2011 12:00:00,269,7,11,1,11,1
09/26/2011 12:01:00,269,6,13,1,11,1
09/26/2011 12:02:00,269,6,12,1,11,1
09/26/2011 12:03:00,269,5,14,2,11,1
09/26/2011 12:04:00,269,7,16,2,11,1
09/26/2011 12:05:00,269,6,16,2,12,1
09/26/2011 12:06:00,269,7,16,2,12,1
09/26/2011 12:07:00,269,7,17,2,12,1
09/26/2011 12:08:00,269,7,18,2,13,1
09/26/2011 12:09:00,269,8,20,2,13,1
09/26/2011 12:10:00,269,9,19,2,13,1
09/26/2011 12:11:00,269,9,19,2,13,1
09/26/2011 12:12:00,269,8,19,2,13,1
09/26/2011 12:13:00,269,8,19,2,13,1
09/26/2011 12:14:00,269,9,18,2,13,1
09/26/2011 12:15:00,269,8,17,2,12,1
09/26/2011 12:16:00,269,7,18,2,12,1
09/26/2011 12:17:00,269,8,17,2,11,1
09/26/2011 12:18:00,269,8,15,2,11,1
09/26/2011 12:19:00,269,7,15,2,11,1
09/26/2011 12:20:00,269,7,13,2,12,1
09/26/2011 12:21:00,269,6,13,2,11,1
09/26/2011 12:22:00,269,5,12,1,11,1
09/26/2011 12:23:00,269,4,12,2,11,1
09/26/2011 12:24:00,269,5,15,1,11,1
09/26/2011 12:25:00,269,4,14,2,11,1
09/26/2011 12:26:00,269,5,14,2,11,1
09/26/2011 12:27:00,269,4,15,2,11,1
09/26/2011 12:28:00,269,5,16,2,12,1
09/26/2011 12:29:00,269,5,13,2,12,1
09/26/2011 12:30:00,269,4,13,2,12,1
09/26/2011 12:31:00,269,5,15,2,12,1
09/26/2011 12:32:00,269,6,15,2,13,1
09/26/2011 12:33:00,269,6,16,2,13,1
09/26/2011 12:34:00,269,6,15,2,14,1
09/26/2011 12:35:00,269,9,19,2,15,1
09/26/2011 12:36:00,269,34,14,1,34,1
09/26/2011 12:37:00,269,10,47,2,57,1
09/26/2011 12:38:00,269,18,49,4,62,1
09/26/2011 12:39:00,269,38,62,7,58,1
09/26/2011 12:40:00,269,40,66,7,54,1
09/26/2011 12:41:00,269,34,62,6,54,1
09/26/2011 12:42:00,269,31,60,6,48,1
09/26/2011 12:43:00,269,30,53,6,47,1
09/26/2011 12:44:00,269,31,58,6,47,1
09/26/2011 12:45:00,269,27,59,6,51,1
09/26/2011 12:46:00,269,32,61,6,52,1
09/26/2011 12:47:00,269,36,62,7,52,1
09/26/2011 12:48:00,269,38,63,7,50,1
09/26/2011 12:49:00,269,39,62,8,49,1
09/26/2011 12:50:00,269,39,60,8,49,1
09/26/2011 12:51:00,269,38,58,8,52,1
09/26/2011 12:52:00,269,31,58,8,57,1
09/26/2011 12:53:00,269,42,65,8,44,1
09/26/2011 12:54:00,269,41,53,7,39,1
09/26/2011 12:55:00,269,38,56,6,38,1
09/26/2011 12:56:00,269,31,43,6,39,1
09/26/2011 12:57:00,269,31,38,6,40,1
09/26/2011 12:58:00,269,27,34,5,41,1
09/26/2011 12:59:00,269,34,27,4,45,1
09/26/2011 13:00:00,269,26,26,3,53,1
09/26/2011 13:01:00,269,26,28,4,55,1
09/26/2011 13:02:00,269,33,35,5,46,1
09/26/2011 13:03:00,269,29,29,5,31,1
09/26/2011 13:04:00,269,35,22,4,32,1
09/26/2011 13:05:00,269,23,19,3,36,1
09/26/2011 13:06:00,269,20,20,3,37,1
09/26/2011 13:07:00,269,30,27,4,40,1
09/26/2011 13:08:00,269,24,31,5,54,1
09/26/2011 13:09:00,269,34,35,7,56,1
09/26/2011 13:10:00,269,46,40,9,49,1
09/26/2011 13:11:00,269,46,47,8,40,1
09/26/2011 13:12:00,269,37,33,7,30,1
09/26/2011 13:13:00,269,30,35,6,29,1
09/26/2011 13:14:00,269,23,33,4,32,1
09/26/2011 13:15:00,269,21,34,3,33,1
09/26/2011 13:16:00,269,21,32,4,29,1
09/26/2011 13:17:00,269,21,32,4,25,1
09/26/2011 13:18:00,269,26,31,3,26,1
09/26/2011 13:19:00,269,26,35,2,29,1
09/26/2011 13:20:00,269,23,32,3,33,1
09/26/2011 13:21:00,269,21,29,3,32,1
09/26/2011 13:22:00,269,24,32,2,32,1
09/26/2011 13:23:00,269,24,32,2,31,1
09/26/2011 13:24:00,269,25,34,2,34,1
09/26/2011 13:25:00,269,25,35,2,38,1
09/26/2011 13:26:00,269,22,34,3,41,1
09/26/2011 13:27:00,269,20,29,4,38,1
09/26/2011 13:28:00,269,20,39,3,35,1
09/26/2011 13:29:00,269,21,43,3,35,1
09/26/2011 13:30:00,269,21,41,3,36,1
09/26/2011 13:31:00,269,19,39,3,35,1
09/26/2011 13:32:00,269,21,43,2,29,1
09/26/2011 13:33:00,269,21,54,2,28,1
09/26/2011 13:34:00,269,21,44,3,31,1
09/26/2011 13:35:00,269,24,33,3,32,1
09/26/2011 13:36:00,269,13,30,3,24,1
09/26/2011 13:37:00,269,18,47,3,22,1
09/26/2011 13:38:00,269,24,40,3,23,1
09/26/2011 13:39:00,269,23,39,3,22,1
09/26/2011 13:40:00,269,20,40,2,20,1
09/26/2011 13:41:00,269,23,45,2,20,1
09/26/2011 13:42:00,269,27,47,2,25,1
09/26/2011 13:43:00,269,24,36,2,25,1
09/26/2011 13:44:00,269,20,33,3,25,1
09/26/2011 13:45:00,269,23,31,4,25,1
09/26/2011 13:46:00,269,25,29,4,24,1
09/26/2011 13:47:00,269,26,32,4,23,1
09/26/2011 13:48:00,269,23,31,4,23,1
09/26/2011 13:49:00,269,23,31,4,21,1
09/26/2011 13:50:00,269,22,32,4,21,1
09/26/2011 13:51:00,269,21,35,3,21,1
09/26/2011 13:52:00,269,20,33,3,20,1
09/26/2011 13:53:00,269,20,34,2,18,1
09/26/2011 13:54:00,269,21,36,2,18,1
09/26/2011 13:55:00,269,21,36,3,19,1
09/26/2011 13:56:00,269,21,33,3,21,1
09/26/2011 13:57:00,269,19,36,2,20,1
09/26/2011 13:58:00,269,19,36,2,21,1
09/26/2011 13:59:00,269,19,38,3,23,1
09/26/2011 14:00:00,269,23,36,4,25,1
09/26/2011 14:01:00,269,24,37,4,28,1
09/26/2011 14:02:00,269,22,27,5,28,1
09/26/2011 14:03:00,269,26,24,5,27,1
09/26/2011 14:04:00,269,26,24,5,27,1
09/26/2011 14:05:00,269,23,26,5,24,1
09/26/2011 14:06:00,269,25,30,5,24,1
09/26/2011 14:07:00,269,28,34,6,24,1
09/26/2011 14:08:00,269,24,35,5,24,1
09/26/2011 14:09:00,269,17,33,4,25,1
09/26/2011 14:10:00,269,15,22,4,24,1
09/26/2011 14:11:00,269,19,15,5,22,1
09/26/2011 14:12:00,269,23,11,8,18,1
09/26/2011 14:13:00,269,32,16,10,14,1
09/26/2011 14:14:00,269,37,18,11,14,1
09/26/2011 14:15:00,269,33,15,9,17,1
09/26/2011 14:16:00,269,22,10,7,21,1
09/26/2011 14:17:00,269,16,11,6,23,1
09/26/2011 14:18:00,269,19,7,6,24,1
09/26/2011 14:19:00,269,22,8,7,24,1
09/26/2011 14:20:00,269,26,11,7,25,1
09/26/2011 14:21:00,269,24,14,7,26,1
09/26/2011 14:22:00,269,19,12,5,25,1
09/26/2011 14:23:00,269,22,14,6,22,1
09/26/2011 14:24:00,269,28,19,6,21,1
09/26/2011 14:25:00,269,26,27,5,22,1
09/26/2011 14:26:00,269,21,24,4,24,1
09/26/2011 14:27:00,269,20,24,4,23,1
09/26/2011 14:28:00,269,20,29,4,20,1
09/26/2011 14:29:00,269,22,31,4,19,1
09/26/2011 14:30:00,269,24,39,4,19,1
09/26/2011 14:31:00,269,20,41,3,20,1
09/26/2011 14:32:00,269,21,37,3,21,1
09/26/2011 14:33:00,269,21,39,3,23,1
09/26/2011 14:34:00,269,20,42,3,26,1
09/26/2011 14:35:00,269,20,37,3,25,1
09/26/2011 14:36:00,269,21,39,4,23,1
09/26/2011 14:37:00,269,21,46,4,24,1
09/26/2011 14:38:00,269,21,42,4,24,1
09/26/2011 14:39:00,269,20,42,4,24,1
09/26/2011 14:40:00,269,21,37,4,24,1
09/26/2011 14:41:00,269,21,38,4,22,1
09/26/2011 14:42:00,269,20,37,4,21,1
09/26/2011 14:43:00,269,18,35,4,20,1
09/26/2011 14:44:00,269,18,32,5,20,1
09/26/2011 14:45:00,269,19,32,4,19,1
09/26/2011 14:46:00,269,19,34,4,20,1
09/26/2011 14:47:00,269,20,35,4,21,1
09/26/2011 14:48:00,269,20,30,4,21,1
09/26/2011 14:49:00,269,22,28,5,21,1
09/26/2011 14:50:00,269,23,23,6,20,1
09/26/2011 14:51:00,269,23,20,7,21,1
09/26/2011 14:52:00,269,25,20,8,22,1
09/26/2011 14:53:00,269,26,23,8,23,1
09/26/2011 14:54:00,269,26,24,8,23,1
09/26/2011 14:55:00,269,26,23,7,23,1
09/26/2011 14:56:00,269,26,23,7,23,1
09/26/2011 14:57:00,269,27,25,7,23,1
09/26/2011 14:58:00,269,27,26,7,24,1
09/26/2011 14:59:00,269,27,24,7,24,1
09/26/2011 15:00:00,269,27,24,7,24,1
09/26/2011 15:01:00,269,29,25,8,23,1
09/26/2011 15:02:00,269,31,28,8,23,1
09/26/2011 15:03:00,269,30,24,8,22,1
09/26/2011 15:04:00,269,31,24,8,22,1
09/26/2011 15:05:00,269,30,24,8,22,1
09/26/2011 15:06:00,269,31,24,8,22,1
09/26/2011 15:07:00,269,31,25,8,21,1
09/26/2011 15:08:00,269,32,25,8,21,1
09/26/2011 15:09:00,269,34,26,8,20,1
09/26/2011 15:10:00,269,35,27,8,18,1
09/26/2011 15:11:00,269,35,27,8,18,1
09/26/2011 15:12:00,269,35,27,8,18,1
09/26/2011 15:13:00,269,42,26,9,17,1
09/26/2011 15:14:00,269,44,24,10,17,1
09/26/2011 15:15:00,269,45,25,10,16,1
09/26/2011 15:16:00,269,46,23,10,18,1
09/26/2011 15:17:00,269,46,31,11,18,1
09/26/2011 15:18:00,269,48,33,11,18,1
09/26/2011 15:19:00,269,49,29,12,16,1
09/26/2011 15:20:00,269,48,25,12,16,1
09/26/2011 15:21:00,269,44,26,11,18,1
09/26/2011 15:22:00,269,41,28,11,18,1
09/26/2011 15:23:00,269,40,28,11,16,1
09/26/2011 15:24:00,269,44,26,12,13,1
09/26/2011 15:25:00,269,43,27,13,11,1
09/26/2011 15:26:00,269,44,29,13,9,1
09/26/2011 15:27:00,269,40,31,12,8,1
09/26/2011 15:28:00,269,36,31,11,7,1
09/26/2011 15:29:00,269,37,33,11,7,1
09/26/2011 15:30:00,269,37,34,11,7,1
09/26/2011 15:31:00,269,40,33,11,4,1
09/26/2011 15:32:00,269,41,31,12,0,1
09/26/2011 15:33:00,269,36,32,11,-1,1
09/26/2011 15:34:00,269,30,38,9,-1,1
09/26/2011 15:35:00,269,28,40,9,-1,1
09/26/2011 15:36:00,269,28,39,9,-1,1
09/26/2011 15:37:00,269,28,39,9,-3,1
09/26/2011 15:38:00,269,27,38,9,-4,1
09/26/2011 15:39:00,269,27,39,10,-5,1
09/26/2011 15:40:00,269,28,40,10,-7,1
09/26/2011 15:41:00,269,25,40,10,-8,1
09/26/2011 15:42:00,269,24,42,9,-9,1
09/26/2011 15:43:00,269,25,41,10,-9,1
09/26/2011 15:44:00,269,25,41,9,-9,1
09/26/2011 15:45:00,269,27,41,10,-9,1
09/26/2011 15:46:00,269,31,41,10,-9,1
09/26/2011 15:47:00,269,35,39,10,-8,1
09/26/2011 15:48:00,269,41,38,11,-9,1
09/26/2011 15:49:00,269,43,37,12,-10,1
09/26/2011 15:50:00,269,45,38,12,-11,1
09/26/2011 15:51:00,269,45,38,12,-13,1
09/26/2011 15:52:00,269,47,38,13,-14,1
09/26/2011 15:53:00,269,48,38,13,-16,1
09/26/2011 15:54:00,269,48,39,13,-17,1
09/26/2011 15:55:00,269,49,38,14,-19,1
09/26/2011 15:56:00,269,48,40,13,-21,1
09/26/2011 15:57:00,269,49,41,13,-21,1
09/26/2011 15:58:00,269,47,41,13,-23,1
09/26/2011 15:59:00,269,47,40,13,-25,1
09/26/2011 16:00:00,269,40,44,12,-28,1
09/26/2011 16:01:00,269,34,47,11,-28,1
09/26/2011 16:02:00,269,33,49,11,-29,1
09/26/2011 16:03:00,269,29,50,11,-31,1
09/26/2011 16:04:00,269,28,49,11,-33,1
09/26/2011 16:05:00,269,30,51,12,-34,1
09/26/2011 16:06:00,269,31,52,12,-36,1
09/26/2011 16:07:00,269,33,53,13,-38,1
09/26/2011 16:08:00,269,36,53,13,-38,1
09/26/2011 16:09:00,269,40,55,14,-39,1
09/26/2011 16:10:00,269,45,51,14,-41,1
09/26/2011 16:11:00,269,44,46,14,-44,1
09/26/2011 16:12:00,269,41,48,13,-46,1
09/26/2011 16:13:00,269,36,53,13,-48,1
09/26/2011 16:14:00,269,35,60,12,-49,1
09/26/2011 16:15:00,269,33,61,12,-51,1
09/26/2011 16:16:00,269,30,64,12,-52,1
09/26/2011 16:17:00,269,29,68,12,-53,1
09/26/2011 16:18:00,269,28,70,12,-54,1
09/26/2011 16:19:00,269,27,73,12,-55,1
09/26/2011 16:20:00,269,28,76,12,-56,1
09/26/2011 16:21:00,269,29,76,12,-57,1
09/26/2011 16:22:00,269,28,79,12,-58,1
09/26/2011 16:23:00,269,30,80,13,-59,1
09/26/2011 16:24:00,269,30,79,13,-60,1
09/26/2011 16:25:00,269,30,79,13,-61,1
09/26/2011 16:26:00,269,32,79,13,-61,1
09/26/2011 16:27:00,269,35,79,13,-61,1
09/26/2011 16:28:00,269,35,80,14,-62,1
09/26/2011 16:29:00,269,38,82,15,-62,1
09/26/2011 16:30:00,269,37,80,14,-64,1
09/26/2011 16:31:00,269,35,77,14,-66,1
09/26/2011 16:32:00,269,38,77,13,-69,1
09/26/2011 16:33:00,269,45,80,12,-70,1
09/26/2011 16:34:00,269,50,77,11,-71,1
09/26/2011 16:35:00,269,53,71,11,-72,1
09/26/2011 16:36:00,269,55,59,11,-72,1
09/26/2011 16:37:00,269,62,58,12,-71,1
09/26/2011 16:38:00,269,71,70,13,-71,1
09/26/2011 16:39:00,269,79,78,13,-71,1
09/26/2011 16:40:00,269,85,81,13,-68,1
09/26/2011 16:41:00,269,91,90,14,-68,1
09/26/2011 16:42:00,269,98,93,13,-66,1
09/26/2011 16:43:00,269,104,101,14,-64,1
09/26/2011 16:44:00,269,111,106,14,-64,1
09/26/2011 16:45:00,269,116,106,13,-63,1
09/26/2011 16:46:00,269,117,103,12,-64,1
09/26/2011 16:47:00,269,117,103,12,-65,1
09/26/2011 16:48:00,269,120,105,11,-66,1
09/26/2011 16:49:00,269,124,108,9,-65,1
09/26/2011 16:50:00,269,124,114,8,-67,1
09/26/2011 16:51:00,269,119,114,5,-76,1
09/26/2011 16:52:00,269,111,93,1,-80,1
09/26/2011 16:53:00,269,109,84,1,-82,1
09/26/2011 16:54:00,269,106,89,1,-83,1
09/26/2011 16:55:00,269,107,90,1,-84,1
09/26/2011 16:56:00,269,107,91,1,-83,1
09/26/2011 16:57:00,269,105,92,0,-84,1
09/26/2011 16:58:00,269,101,91,0,-84,1
09/26/2011 16:59:00,269,101,97,-1,-85,1
09/26/2011 17:00:00,269,104,101,-2,-86,1
09/26/2011 17:01:00,269,106,105,-3,-85,1
09/26/2011 17:02:00,269,108,104,-3,-85,1
09/26/2011 17:03:00,269,110,104,-4,-84,1
09/26/2011 17:04:00,269,108,103,-5,-83,1
09/26/2011 17:05:00,269,106,102,-6,-83,1
09/26/2011 17:06:00,269,104,103,-6,-83,1
09/26/2011 17:07:00,269,102,103,-7,-82,1
09/26/2011 17:08:00,269,100,103,-7,-82,1
09/26/2011 17:09:00,269,103,100,-8,-80,1
09/26/2011 17:10:00,269,106,98,-9,-79,1
09/26/2011 17:11:00,269,107,99,-9,-78,1
09/26/2011 17:12:00,269,108,103,-9,-77,1
09/26/2011 17:13:00,269,111,103,-10,-75,1
09/26/2011 17:14:00,269,112,106,-10,-74,1
09/26/2011 17:15:00,269,115,107,-10,-74,1
09/26/2011 17:16:00,269,119,108,-10,-73,1
09/26/2011 17:17:00,269,120,106,-10,-72,1
09/26/2011 17:18:00,269,119,105,-10,-72,1
09/26/2011 17:19:00,269,118,108,-10,-71,1
09/26/2011 17:20:00,269,115,106,-9,-71,1
09/26/2011 17:21:00,269,110,106,-9,-71,1
09/26/2011 17:22:00,269,110,109,-9,-71,1
09/26/2011 17:23:00,269,110,110,-9,-69,1
09/26/2011 17:24:00,269,106,110,-8,-69,1
09/26/2011 17:25:00,269,103,114,-8,-69,1
09/26/2011 17:26:00,269,102,115,-7,-69,1
09/26/2011 17:27:00,269,101,118,-7,-68,1
09/26/2011 17:28:00,269,101,121,-7,-70,1
09/26/2011 17:29:00,269,99,119,-6,-71,1
09/26/2011 17:30:00,269,101,121,-6,-72,1
09/26/2011 17:31:00,269,101,123,-6,-71,1
09/26/2011 17:32:00,269,101,122,-6,-71,1
09/26/2011 17:33:00,269,101,123,-6,-71,1
09/26/2011 17:34:00,269,102,123,-6,-71,1
09/26/2011 17:35:00,269,101,124,-6,-71,1
09/26/2011 17:36:00,269,101,123,-6,-71,1
09/26/2011 17:37:00,269,101,124,-6,-72,1
09/26/2011 17:38:00,269,101,123,-6,-72,1
09/26/2011 17:39:00,269,103,123,-7,-66,1
09/26/2011 17:40:00,269,95,118,-6,-66,1
09/26/2011 17:41:00,269,94,118,-7,-67,1
09/26/2011 17:42:00,269,98,118,-7,-64,1
09/26/2011 17:43:00,269,97,119,-7,-63,1
09/26/2011 17:44:00,269,94,117,-7,-64,1
09/26/2011 17:45:00,269,93,114,-7,-65,1
09/26/2011 17:46:00,269,90,115,-6,-67,1
09/26/2011 17:47:00,269,87,110,-6,-68,1
09/26/2011 17:48:00,269,85,108,-4,-69,1
09/26/2011 17:49:00,269,79,108,-3,-69,1
09/26/2011 17:50:00,269,79,107,-2,-67,1
09/26/2011 17:51:00,269,75,101,-2,-67,1
09/26/2011 17:52:00,269,73,94,-1,-67,1
09/26/2011 17:53:00,269,71,90,0,-66,1
09/26/2011 17:54:00,269,71,87,0,-65,1
09/26/2011 17:55:00,269,69,85,0,-63,1
09/26/2011 17:56:00,269,67,80,0,-64,1
09/26/2011 17:57:00,269,67,80,0,-64,1
09/26/2011 17:58:00,269,66,81,0,-64,1
09/26/2011 17:59:00,269,65,80,1,-66,1
09/26/2011 18:00:00,269,65,83,1,-67,1
09/26/2011 18:01:00,269,64,81,1,-69,1
09/26/2011 18:02:00,269,62,78,2,-69,1
09/26/2011 18:03:00,269,60,79,2,-69,1
09/26/2011 18:04:00,269,58,79,2,-69,1
09/26/2011 18:05:00,269,56,78,2,-71,1
09/26/2011 18:06:00,269,56,78,2,-74,1
09/26/2011 18:07:00,269,54,79,3,-75,1
09/26/2011 18:08:00,269,55,78,3,-77,1
09/26/2011 18:09:00,269,58,79,4,-77,1
09/26/2011 18:10:00,269,54,78,4,-77,1
09/26/2011 18:11:00,269,50,77,4,-78,1
09/26/2011 18:12:00,269,49,77,4,-77,1
09/26/2011 18:13:00,269,49,78,4,-78,1
09/26/2011 18:14:00,269,52,77,3,-79,1
09/26/2011 18:15:00,269,55,79,3,-81,1
09/26/2011 18:16:00,269,57,79,4,-83,1
09/26/2011 18:17:00,269,58,79,3,-84,1
09/26/2011 18:18:00,269,57,80,3,-86,1
09/26/2011 18:19:00,269,58,78,3,-87,1
09/26/2011 18:20:00,269,58,77,2,-88,1
09/26/2011 18:21:00,269,59,77,2,-89,1
09/26/2011 18:22:00,269,59,77,3,-91,1
09/26/2011 18:23:00,269,59,76,2,-92,1
09/26/2011 18:24:00,269,58,76,2,-93,1
09/26/2011 18:25:00,269,54,76,2,-93,1
09/26/2011 18:26:00,269,56,75,2,-93,1
09/26/2011 18:27:00,269,54,74,1,-91,1
09/26/2011 18:28:00,269,52,74,0,-89,1
09/26/2011 18:29:00,269,50,73,0,-87,1
09/26/2011 18:30:00,269,48,71,0,-86,1
09/26/2011 18:31:00,269,46,72,0,-87,1
09/26/2011 18:32:00,269,43,74,-1,-86,1
09/26/2011 18:33:00,269,44,74,-1,-85,1
09/26/2011 18:34:00,269,46,74,-2,-86,1
09/26/2011 18:35:00,269,45,76,-2,-85,1
09/26/2011 18:36:00,269,45,76,-2,-85,1
09/26/2011 18:37:00,269,42,75,-2,-85,1
09/26/2011 18:38:00,269,42,71,-2,-86,1
09/26/2011 18:39:00,269,43,70,-2,-86,1
09/26/2011 18:40:00,269,42,69,-3,-86,1
09/26/2011 18:41:00,269,42,67,-3,-87,1
09/26/2011 18:42:00,269,41,65,-3,-87,1
09/26/2011 18:43:00,269,40,63,-3,-88,1
09/26/2011 18:44:00,269,39,65,-3,-85,1
09/26/2011 18:45:00,269,40,64,-3,-83,1
09/26/2011 18:46:00,269,41,65,-2,-80,1
09/26/2011 18:47:00,269,39,64,-2,-79,1
09/26/2011 18:48:00,269,40,65,-2,-78,1
09/26/2011 18:49:00,269,41,66,-2,-76,1
09/26/2011 18:50:00,269,42,67,-1,-75,1
09/26/2011 18:51:00,269,44,71,-1,-73,1
09/26/2011 18:52:00,269,42,71,0,-72,1
09/26/2011 18:53:00,269,45,72,0,-71,1
09/26/2011 18:54:00,269,48,75,0,-71,1
09/26/2011 18:55:00,269,50,77,0,-71,1
09/26/2011 18:56:00,269,53,78,1,-72,1
09/26/2011 18:57:00,269,54,82,0,-72,1
09/26/2011 18:58:00,269,55,84,0,-73,1
09/26/2011 18:59:00,269,56,86,0,-72,1
09/26/2011 19:00:00,269,56,87,0,-73,1
09/26/2011 19:01:00,269,57,92,0,-74,1
09/26/2011 19:02:00,269,60,94,0,-75,1
09/26/2011 19:03:00,269,61,98,-2,-76,1
09/26/2011 19:04:00,269,58,101,-3,-76,1
09/26/2011 19:05:00,269,55,105,-3,-77,1
09/26/2011 19:06:00,269,53,107,-4,-76,1
09/26/2011 19:07:00,269,54,109,-5,-77,1
09/26/2011 19:08:00,269,52,110,-6,-78,1
09/26/2011 19:09:00,269,48,113,-6,-81,1
09/26/2011 19:10:00,269,45,111,-6,-82,1
09/26/2011 19:11:00,269,45,108,-6,-85,1
09/26/2011 19:12:00,269,45,109,-7,-84,1
09/26/2011 19:13:00,269,38,107,-8,-79,1
09/26/2011 19:14:00,269,34,113,-10,-78,1
09/26/2011 19:15:00,269,34,113,-13,-78,1
09/26/2011 19:16:00,269,28,113,-15,-76,1
09/26/2011 19:17:00,269,29,114,-17,-75,1
09/26/2011 19:18:00,269,35,112,-18,-73,1
09/26/2011 19:19:00,269,33,111,-20,-70,1
09/26/2011 19:20:00,269,33,110,-22,-69,1
09/26/2011 19:21:00,269,39,112,-24,-64,1
09/26/2011 19:22:00,269,43,125,-26,-66,1
09/26/2011 19:23:00,269,45,127,-28,-60,1
09/26/2011 19:24:00,269,50,145,-30,-56,1
09/26/2011 19:25:00,269,52,152,-33,-58,1
09/26/2011 19:26:00,269,48,151,-33,-64,1
09/26/2011 19:27:00,269,47,153,-32,-64,1
09/26/2011 19:28:00,269,48,151,-32,-63,1
09/26/2011 19:29:00,269,49,144,-31,-60,1
09/26/2011 19:30:00,269,52,139,-29,-62,1
09/26/2011 19:31:00,269,57,134,-27,-66,1
09/26/2011 19:32:00,269,70,131,-27,-65,1
09/26/2011 19:33:00,269,85,127,-26,-64,1
09/26/2011 19:34:00,269,98,123,-26,-66,1
09/26/2011 19:35:00,269,101,116,-24,-69,1
09/26/2011 19:36:00,269,100,111,-22,-75,1
09/26/2011 19:37:00,269,105,103,-21,-72,1
09/26/2011 19:38:00,269,97,113,-16,-49,1
09/26/2011 19:39:00,269,109,135,-26,-47,1
09/26/2011 19:40:00,269,93,128,-23,-47,1
09/26/2011 19:41:00,269,85,101,-20,-55,1
09/26/2011 19:42:00,269,82,72,-17,-59,1
09/26/2011 19:43:00,269,79,65,-14,-57,1
09/26/2011 19:44:00,269,82,75,-13,-55,1
09/26/2011 19:45:00,269,83,79,-13,-56,1
09/26/2011 19:46:00,269,86,81,-13,-56,1
09/26/2011 19:47:00,269,87,77,-15,-59,1
09/26/2011 19:48:00,269,83,75,-15,-61,1
09/26/2011 19:49:00,269,79,76,-15,-62,1
09/26/2011 19:50:00,269,73,76,-14,-64,1
09/26/2011 19:51:00,269,74,77,-14,-63,1
09/26/2011 19:52:00,269,72,78,-14,-62,1
09/26/2011 19:53:00,269,62,73,-15,-60,1
09/26/2011 19:54:00,269,56,68,-15,-47,1
09/26/2011 19:55:00,269,48,87,-15,-36,1
09/26/2011 19:56:00,269,49,89,-15,-39,1
09/26/2011 19:57:00,269,63,101,-14,-36,1
09/26/2011 19:58:00,269,75,87,-16,-43,1
09/26/2011 19:59:00,269,83,106,-15,-35,1
09/26/2011 20:00:00,269,93,91,-17,-48,1
09/26/2011 20:01:00,269,101,94,-14,-50,1
09/26/2011 20:02:00,269,105,94,-14,-51,1
09/26/2011 20:03:00,269,108,89,-14,-53,1
09/26/2011 20:04:00,269,112,88,-15,-59,1
09/26/2011 20:05:00,269,114,92,-14,-64,1
09/26/2011 20:06:00,269,113,93,-13,-67,1
09/26/2011 20:07:00,269,111,96,-12,-67,1
09/26/2011 20:08:00,269,114,98,-12,-65,1
09/26/2011 20:09:00,269,116,97,-12,-61,1
09/26/2011 20:10:00,269,113,96,-12,-60,1
09/26/2011 20:11:00,269,116,99,-12,-58,1
09/26/2011 20:12:00,269,120,96,-11,-61,1
09/26/2011 20:13:00,269,106,94,-11,-76,1
09/26/2011 20:14:00,269,107,104,-9,-90,1
09/26/2011 20:15:00,269,113,113,-10,-87,1
09/26/2011 20:16:00,269,111,110,-8,-80,1
09/26/2011 20:17:00,269,106,104,-9,-80,1
09/26/2011 20:18:00,269,107,100,-8,-80,1
09/26/2011 20:19:00,269,108,100,-9,-80,1
09/26/2011 20:20:00,269,108,101,-9,-80,1
09/26/2011 20:21:00,269,109,104,-9,-83,1
09/26/2011 20:22:00,269,107,104,-8,-87,1
09/26/2011 20:23:00,269,104,106,-8,-86,1
09/26/2011 20:24:00,269,104,104,-8,-86,1
09/26/2011 20:25:00,269,105,106,-8,-92,1
09/26/2011 20:26:00,269,104,106,-7,-93,1
09/26/2011 20:27:00,269,106,104,-7,-94,1
09/26/2011 20:28:00,269,104,99,-8,-97,1
09/26/2011 20:29:00,269,105,99,-7,-98,1
09/26/2011 20:30:00,269,105,99,-7,-97,1
09/26/2011 20:31:00,269,102,98,-7,-98,1
09/26/2011 20:32:00,269,98,92,-7,-102,1
09/26/2011 20:33:00,269,96,92,-6,-104,1
09/26/2011 20:34:00,269,94,89,-5,-104,1
09/26/2011 20:35:00,269,92,86,-5,-103,1
09/26/2011 20:36:00,269,89,83,-5,-99,1
09/26/2011 20:37:00,269,86,78,-6,-97,1
09/26/2011 20:38:00,269,85,73,-7,-95,1
09/26/2011 20:39:00,269,81,68,-7,-95,1
09/26/2011 20:40:00,269,81,67,-7,-96,1
09/26/2011 20:41:00,269,80,69,-6,-95,1
09/26/2011 20:42:00,269,81,76,-6,-91,1
09/26/2011 20:43:00,269,83,75,-6,-89,1
09/26/2011 20:44:00,269,86,77,-7,-88,1
09/26/2011 20:45:00,269,86,77,-6,-90,1
09/26/2011 20:46:00,269,81,76,-6,-91,1
09/26/2011 20:47:00,269,77,71,-6,-92,1
09/26/2011 20:48:00,269,76,70,-7,-92,1
09/26/2011 20:49:00,269,77,78,-7,-89,1
09/26/2011 20:50:00,269,82,84,-6,-87,1
09/26/2011 20:51:00,269,87,84,-6,-89,1
09/26/2011 20:52:00,269,92,80,-6,-97,1
09/26/2011 20:53:00,269,83,80,-6,-107,1
09/26/2011 20:54:00,269,90,66,-5,-113,1
09/26/2011 20:55:00,269,92,67,-6,-104,1
09/26/2011 20:56:00,269,84,81,-6,-97,1
09/26/2011 20:57:00,269,81,77,-7,-103,1
09/26/2011 20:58:00,269,83,61,-8,-112,1
09/26/2011 20:59:00,269,85,64,-7,-111,1
09/26/2011 21:00:00,269,86,69,-7,-108,1
09/26/2011 21:01:00,269,86,74,-7,-104,1
09/26/2011 21:02:00,269,84,74,-7,-104,1
09/26/2011 21:03:00,269,82,69,-7,-103,1
09/26/2011 21:04:00,269,85,70,-8,-94,1
09/26/2011 21:05:00,269,96,82,-8,-90,1
09/26/2011 21:06:00,269,92,78,-8,-92,1
09/26/2011 21:07:00,269,85,71,-9,-95,1
09/26/2011 21:08:00,269,87,69,-9,-99,1
09/26/2011 21:09:00,269,90,73,-9,-96,1
09/26/2011 21:10:00,269,90,73,-9,-96,1
09/26/2011 21:11:00,269,90,72,-9,-98,1
09/26/2011 21:12:00,269,85,71,-10,-96,1
09/26/2011 21:13:00,269,84,66,-10,-96,1
09/26/2011 21:14:00,269,82,69,-11,-93,1
09/26/2011 21:15:00,269,79,69,-13,-92,1
09/26/2011 21:16:00,269,86,70,-15,-94,1
09/26/2011 21:17:00,269,97,77,-15,-100,1
09/26/2011 21:18:00,269,93,74,-16,-108,1
09/26/2011 21:19:00,269,76,49,-15,-116,1
09/26/2011 21:20:00,269,74,53,-15,-116,1
09/26/2011 21:21:00,269,77,50,-15,-112,1
09/26/2011 21:22:00,269,74,52,-17,-106,1
09/26/2011 21:23:00,269,68,49,-18,-105,1
09/26/2011 21:24:00,269,66,44,-19,-107,1
09/26/2011 21:25:00,269,66,38,-20,-109,1
09/26/2011 21:26:00,269,64,39,-21,-109,1
09/26/2011 21:27:00,269,62,41,-21,-108,1
09/26/2011 21:28:00,269,61,40,-22,-107,1
09/26/2011 21:29:00,269,60,39,-22,-106,1
09/26/2011 21:30:00,269,60,37,-22,-106,1
09/26/2011 21:31:00,269,59,36,-22,-106,1
09/26/2011 21:32:00,269,57,34,-22,-105,1
09/26/2011 21:33:00,269,57,33,-22,-104,1
09/26/2011 21:34:00,269,59,32,-22,-105,1
09/26/2011 21:35:00,269,59,30,-22,-105,1
09/26/2011 21:36:00,269,59,29,-22,-106,1
09/26/2011 21:37:00,269,58,27,-21,-106,1
09/26/2011 21:38:00,269,57,25,-21,-106,1
09/26/2011 21:39:00,269,56,23,-20,-105,1
09/26/2011 21:40:00,269,55,26,-20,-105,1
09/26/2011 21:41:00,269,55,26,-20,-104,1
09/26/2011 21:42:00,269,55,27,-20,-105,1
09/26/2011 21:43:00,269,55,27,-20,-105,1
09/26/2011 21:44:00,269,55,27,-20,-105,1
09/26/2011 21:45:00,269,55,29,-20,-105,1
09/26/2011 21:46:00,269,54,31,-19,-105,1
09/26/2011 21:47:00,269,54,33,-19,-104,1
09/26/2011 21:48:00,269,54,34,-19,-104,1
09/26/2011 21:49:00,269,53,34,-18,-103,1
09/26/2011 21:50:00,269,52,35,-17,-104,1
09/26/2011 21:51:00,269,53,36,-17,-104,1
09/26/2011 21:52:00,269,54,39,-16,-103,1
09/26/2011 21:53:00,269,55,40,-16,-103,1
09/26/2011 21:54:00,269,56,40,-15,-102,1
09/26/2011 21:55:00,269,59,42,-15,-101,1
09/26/2011 21:56:00,269,63,40,-15,-100,1
09/26/2011 21:57:00,269,64,42,-15,-100,1
09/26/2011 21:58:00,269,64,40,-15,-101,1
09/26/2011 21:59:00,269,64,41,-15,-101,1
09/26/2011 22:00:00,269,64,42,-15,-101,1
09/26/2011 22:01:00,269,65,42,-15,-101,1
09/26/2011 22:02:00,269,67,45,-15,-101,1
09/26/2011 22:03:00,269,68,45,-15,-101,1
09/26/2011 22:04:00,269,69,46,-16,-101,1
09/26/2011 22:05:00,269,72,47,-16,-101,1
09/26/2011 22:06:00,269,76,46,-17,-100,1
09/26/2011 22:07:00,269,79,45,-17,-101,1
09/26/2011 22:08:00,269,82,44,-18,-101,1
09/26/2011 22:09:00,269,85,42,-18,-101,1
09/26/2011 22:10:00,269,85,41,-19,-102,1
09/26/2011 22:11:00,269,86,38,-19,-102,1
09/26/2011 22:12:00,269,86,36,-20,-102,1
09/26/2011 22:13:00,269,87,35,-20,-102,1
09/26/2011 22:14:00,269,88,34,-20,-102,1
09/26/2011 22:15:00,269,89,32,-21,-101,1
09/26/2011 22:16:00,269,89,30,-21,-101,1
09/26/2011 22:17:00,269,90,31,-22,-100,1
09/26/2011 22:18:00,269,92,31,-23,-100,1
09/26/2011 22:19:00,269,91,32,-23,-101,1
09/26/2011 22:20:00,269,88,34,-23,-102,1
09/26/2011 22:21:00,269,83,37,-22,-103,1
09/26/2011 22:22:00,269,79,42,-22,-104,1
09/26/2011 22:23:00,269,78,45,-21,-105,1
09/26/2011 22:24:00,269,76,50,-21,-106,1
09/26/2011 22:25:00,269,74,55,-21,-107,1
09/26/2011 22:26:00,269,74,56,-21,-107,1
09/26/2011 22:27:00,269,73,56,-20,-107,1
09/26/2011 22:28:00,269,73,55,-20,-107,1
09/26/2011 22:29:00,269,73,55,-20,-107,1
09/26/2011 22:30:00,269,72,54,-20,-107,1
09/26/2011 22:31:00,269,71,52,-20,-107,1
09/26/2011 22:32:00,269,71,51,-19,-108,1
09/26/2011 22:33:00,269,69,50,-19,-108,1
09/26/2011 22:34:00,269,68,51,-19,-109,1
09/26/2011 22:35:00,269,67,52,-19,-110,1
09/26/2011 22:36:00,269,63,54,-18,-111,1
09/26/2011 22:37:00,269,60,55,-18,-111,1
09/26/2011 22:38:00,269,60,55,-18,-111,1
09/26/2011 22:39:00,269,59,52,-17,-111,1
09/26/2011 22:40:00,269,59,51,-17,-111,1
09/26/2011 22:41:00,269,58,48,-17,-110,1
09/26/2011 22:42:00,269,58,47,-16,-109,1
09/26/2011 22:43:00,269,56,46,-16,-109,1
09/26/2011 22:44:00,269,56,43,-15,-109,1
09/26/2011 22:45:00,269,56,43,-15,-109,1
09/26/2011 22:46:00,269,55,41,-15,-109,1
09/26/2011 22:47:00,269,55,40,-15,-109,1
09/26/2011 22:48:00,269,55,39,-14,-108,1
09/26/2011 22:49:00,269,55,39,-14,-108,1
09/26/2011 22:50:00,269,54,39,-14,-108,1
09/26/2011 22:51:00,269,54,39,-13,-108,1
09/26/2011 22:52:00,269,51,37,-13,-108,1
09/26/2011 22:53:00,269,50,38,-13,-108,1
09/26/2011 22:54:00,269,50,38,-13,-108,1
09/26/2011 22:55:00,269,49,39,-13,-108,1
09/26/2011 22:56:00,269,49,39,-13,-108,1
09/26/2011 22:57:00,269,49,39,-13,-108,1
09/26/2011 22:58:00,269,50,39,-13,-108,1
09/26/2011 22:59:00,269,50,40,-13,-109,1
09/26/2011 23:00:00,269,50,41,-13,-108,1
09/26/2011 23:01:00,269,49,41,-12,-109,1
09/26/2011 23:02:00,269,49,41,-12,-109,1
09/26/2011 23:03:00,269,48,40,-12,-109,1
09/26/2011 23:04:00,269,47,40,-12,-109,1
09/26/2011 23:05:00,269,46,39,-12,-109,1
09/26/2011 23:06:00,269,45,40,-12,-109,1
09/26/2011 23:07:00,269,45,39,-12,-109,1
09/26/2011 23:08:00,269,45,39,-11,-109,1
09/26/2011 23:09:00,269,46,39,-11,-108,1
09/26/2011 23:10:00,269,48,39,-12,-108,1
09/26/2011 23:11:00,269,50,39,-12,-108,1
09/26/2011 23:12:00,269,51,40,-11,-108,1
09/26/2011 23:13:00,269,53,41,-11,-107,1
09/26/2011 23:14:00,269,54,41,-12,-108,1
09/26/2011 23:15:00,269,56,41,-12,-107,1
09/26/2011 23:16:00,269,57,41,-12,-107,1
09/26/2011 23:17:00,269,58,41,-12,-108,1
09/26/2011 23:18:00,269,57,41,-11,-108,1
09/26/2011 23:19:00,269,57,41,-11,-108,1
09/26/2011 23:20:00,269,55,41,-11,-108,1
09/26/2011 23:21:00,269,56,41,-11,-108,1
09/26/2011 23:22:00,269,54,41,-11,-109,1
09/26/2011 23:23:00,269,54,41,-11,-108,1
09/26/2011 23:24:00,269,53,42,-11,-108,1
09/26/2011 23:25:00,269,54,43,-11,-108,1
09/26/2011 23:26:00,269,54,44,-11,-108,1
09/26/2011 23:27:00,269,55,44,-11,-108,1
09/26/2011 23:28:00,269,55,44,-11,-109,1
09/26/2011 23:29:00,269,56,43,-12,-109,1
09/26/2011 23:30:00,269,57,43,-12,-109,1
09/26/2011 23:31:00,269,57,42,-12,-109,1
09/26/2011 23:32:00,269,56,41,-12,-109,1
09/26/2011 23:33:00,269,56,41,-12,-109,1
09/26/2011 23:34:00,269,56,41,-12,-109,1
09/26/2011 23:35:00,269,55,41,-12,-109,1
09/26/2011 23:36:00,269,55,41,-12,-109,1
09/26/2011 23:37:00,269,54,41,-12,-109,1
09/26/2011 23:38:00,269,54,41,-12,-109,1
09/26/2011 23:39:00,269,52,41,-12,-109,1
09/26/2011 23:40:00,269,51,42,-12,-109,1
09/26/2011 23:41:00,269,52,41,-12,-110,1
09/26/2011 23:42:00,269,51,40,-12,-110,1
09/26/2011 23:43:00,269,50,39,-12,-110,1
09/26/2011 23:44:00,269,50,39,-12,-110,1
09/26/2011 23:45:00,269,50,40,-12,-110,1
09/26/2011 23:46:00,269,49,41,-11,-110,1
09/26/2011 23:47:00,269,49,41,-11,-110,1
09/26/2011 23:48:00,269,47,42,-11,-109,1
09/26/2011 23:49:00,269,46,43,-11,-109,1
09/26/2011 23:50:00,269,45,44,-11,-109,1
09/26/2011 23:51:00,269,44,43,-11,-110,1
09/26/2011 23:52:00,269,42,42,-12,-110,1
09/26/2011 23:53:00,269,42,41,-11,-109,1
09/26/2011 23:54:00,269,41,42,-11,-109,1
09/26/2011 23:55:00,269,39,42,-11,-109,1
09/26/2011 23:56:00,269,39,42,-11,-109,1
09/26/2011 23:57:00,269,38,42,-11,-109,1
09/26/2011 23:58:00,269,38,42,-11,-109,1
09/26/2011 23:59:00,269,37,42,-11,-109,1
09/27/2011 00:00:00,270,35,42,-11,-109,1
09/27/2011 00:01:00,270,35,42,-11,-109,1
09/27/2011 00:02:00,270,34,42,-11,-109,1
09/27/2011 00:03:00,270,34,42,-11,-109,1
09/27/2011 00:04:00,270,33,42,-11,-108,1
09/27/2011 00:05:00,270,33,43,-11,-108,1
09/27/2011 00:06:00,270,33,42,-10,-107,1
09/27/2011 00:07:00,270,32,42,-10,-107,1
09/27/2011 00:08:00,270,32,42,-10,-107,1
09/27/2011 00:09:00,270,31,42,-10,-107,1
09/27/2011 00:10:00,270,30,42,-10,-107,1
09/27/2011 00:11:00,270,29,42,-10,-107,1
09/27/2011 00:12:00,270,29,42,-10,-106,1
09/27/2011 00:13:00,270,28,44,-10,-106,1
09/27/2011 00:14:00,270,28,46,-9,-106,1
09/27/2011 00:15:00,270,27,50,-9,-106,1
09/27/2011 00:16:00,270,28,52,-9,-106,1
09/27/2011 00:17:00,270,26,54,-9,-106,1
09/27/2011 00:18:00,270,27,56,-9,-105,1
09/27/2011 00:19:00,270,28,57,-9,-105,1
09/27/2011 00:20:00,270,27,60,-8,-105,1
09/27/2011 00:21:00,270,27,63,-8,-104,1
09/27/2011 00:22:00,270,28,65,-8,-103,1
09/27/2011 00:23:00,270,27,66,-7,-103,1
09/27/2011 00:24:00,270,26,68,-7,-103,1
09/27/2011 00:25:00,270,25,70,-7,-103,1
09/27/2011 00:26:00,270,25,70,-7,-102,1
09/27/2011 00:27:00,270,24,71,-6,-101,1
09/27/2011 00:28:00,270,23,72,-5,-99,1
09/27/2011 00:29:00,270,20,73,-4,-97,1
09/27/2011 00:30:00,270,20,74,-3,-96,1
09/27/2011 00:31:00,270,21,76,-2,-95,1
09/27/2011 00:32:00,270,23,79,-2,-95,1
09/27/2011 00:33:00,270,24,80,-1,-95,1
09/27/2011 00:34:00,270,24,81,-1,-95,1
09/27/2011 00:35:00,270,25,81,0,-94,1
09/27/2011 00:36:00,270,25,81,0,-93,1
09/27/2011 00:37:00,270,24,80,0,-92,1
09/27/2011 00:38:00,270,24,78,1,-92,1
09/27/2011 00:39:00,270,24,78,1,-91,1
09/27/2011 00:40:00,270,26,79,2,-92,1
09/27/2011 00:41:00,270,26,77,2,-92,1
09/27/2011 00:42:00,270,25,76,2,-91,1
09/27/2011 00:43:00,270,24,74,2,-91,1
09/27/2011 00:44:00,270,25,73,2,-90,1
09/27/2011 00:45:00,270,25,74,3,-91,1
09/27/2011 00:46:00,270,26,73,2,-92,1
09/27/2011 00:47:00,270,26,71,2,-92,1
09/27/2011 00:48:00,270,25,70,2,-92,1
09/27/2011 00:49:00,270,25,69,1,-90,1
09/27/2011 00:50:00,270,22,67,0,-90,1
09/27/2011 00:51:00,270,24,69,0,-90,1
09/27/2011 00:52:00,270,27,68,-1,-89,1
09/27/2011 00:53:00,270,27,69,-1,-88,1
09/27/2011 00:54:00,270,29,68,-1,-89,1
09/27/2011 00:55:00,270,31,68,-1,-88,1
09/27/2011 00:56:00,270,34,67,-2,-88,1
09/27/2011 00:57:00,270,32,65,-2,-87,1
09/27/2011 00:58:00,270,29,64,-2,-88,1
09/27/2011 00:59:00,270,28,64,-3,-87,1
09/27/2011 01:00:00,270,30,64,-2,-86,1
09/27/2011 01:01:00,270,29,65,-3,-85,1
09/27/2011 01:02:00,270,30,66,-3,-86,1
09/27/2011 01:03:00,270,34,66,-3,-87,1
09/27/2011 01:04:00,270,33,64,-3,-86,1
09/27/2011 01:05:00,270,26,62,-3,-86,1
09/27/2011 01:06:00,270,24,60,-3,-84,1
09/27/2011 01:07:00,270,20,59,-3,-82,1
09/27/2011 01:08:00,270,24,60,-2,-83,1
09/27/2011 01:09:00,270,28,59,-3,-84,1
09/27/2011 01:10:00,270,28,56,-3,-83,1
09/27/2011 01:11:00,270,25,55,-3,-84,1
09/27/2011 01:12:00,270,25,56,-3,-84,1
09/27/2011 01:13:00,270,29,57,-4,-83,1
09/27/2011 01:14:00,270,31,55,-4,-84,1
09/27/2011 01:15:00,270,30,56,-4,-84,1
09/27/2011 01:16:00,270,29,52,-4,-86,1
09/27/2011 01:17:00,270,30,52,-5,-86,1
09/27/2011 01:18:00,270,29,51,-6,-85,1
09/27/2011 01:19:00,270,29,50,-6,-85,1
09/27/2011 01:20:00,270,31,49,-6,-84,1
09/27/2011 01:21:00,270,27,49,-6,-84,1
09/27/2011 01:22:00,270,27,48,-6,-82,1
09/27/2011 01:23:00,270,23,47,-7,-80,1
09/27/2011 01:24:00,270,22,49,-6,-79,1
09/27/2011 01:25:00,270,23,50,-6,-80,1
09/27/2011 01:26:00,270,24,48,-6,-80,1
09/27/2011 01:27:00,270,29,46,-6,-80,1
09/27/2011 01:28:00,270,32,46,-6,-79,1
09/27/2011 01:29:00,270,31,46,-7,-78,1
09/27/2011 01:30:00,270,29,48,-6,-78,1
09/27/2011 01:31:00,270,28,49,-7,-79,1
09/27/2011 01:32:00,270,27,48,-7,-78,1
09/27/2011 01:33:00,270,28,46,-7,-78,1
09/27/2011 01:34:00,270,29,48,-6,-77,1
09/27/2011 01:35:00,270,30,48,-6,-78,1
09/27/2011 01:36:00,270,32,45,-6,-77,1
09/27/2011 01:37:00,270,31,45,-5,-76,1
09/27/2011 01:38:00,270,30,45,-5,-76,1
09/27/2011 01:39:00,270,33,43,-4,-76,1
09/27/2011 01:40:00,270,31,44,-3,-75,1
09/27/2011 01:41:00,270,30,44,-2,-75,1
09/27/2011 01:42:00,270,27,43,-1,-74,1
09/27/2011 01:43:00,270,24,45,1,-75,1
09/27/2011 01:44:00,270,32,45,3,-76,1
09/27/2011 01:45:00,270,41,44,4,-76,1
09/27/2011 01:46:00,270,52,44,6,-77,1
09/27/2011 01:47:00,270,63,46,9,-77,1
09/27/2011 01:48:00,270,76,54,12,-76,1
09/27/2011 01:49:00,270,89,61,15,-76,1
09/27/2011 01:50:00,270,92,71,16,-74,1
09/27/2011 01:51:00,270,95,78,18,-73,1
09/27/2011 01:52:00,270,100,85,19,-72,1
09/27/2011 01:53:00,270,101,94,19,-71,1
09/27/2011 01:54:00,270,100,102,20,-69,1
09/27/2011 01:55:00,270,92,112,19,-68,1
09/27/2011 01:56:00,270,82,120,19,-66,1
09/27/2011 01:57:00,270,80,128,19,-64,1
09/27/2011 01:58:00,270,86,132,19,-61,1
09/27/2011 01:59:00,270,89,135,18,-60,1
09/27/2011 02:00:00,270,92,137,18,-58,1
09/27/2011 02:01:00,270,92,139,17,-56,1
09/27/2011 02:02:00,270,91,139,15,-55,1
09/27/2011 02:03:00,270,86,141,13,-53,1
09/27/2011 02:04:00,270,82,141,11,-52,1
09/27/2011 02:05:00,270,82,140,9,-50,1
09/27/2011 02:06:00,270,87,137,7,-48,1
09/27/2011 02:07:00,270,91,133,6,-46,1
09/27/2011 02:08:00,270,94,129,4,-46,1
09/27/2011 02:09:00,270,96,123,2,-47,1
09/27/2011 02:10:00,270,96,114,0,-47,1
09/27/2011 02:11:00,270,96,108,-2,-46,1
09/27/2011 02:12:00,270,93,103,-2,-46,1
09/27/2011 02:13:00,270,90,96,-2,-49,1
09/27/2011 02:14:00,270,85,86,-3,-51,1
09/27/2011 02:15:00,270,78,82,-3,-50,1
09/27/2011 02:16:00,270,72,75,-3,-51,1
09/27/2011 02:17:00,270,64,70,-3,-52,1
09/27/2011 02:18:00,270,55,67,-2,-52,1
09/27/2011 02:19:00,270,46,67,-2,-53,1
09/27/2011 02:20:00,270,41,67,-2,-53,1
09/27/2011 02:21:00,270,38,70,-1,-53,1
09/27/2011 02:22:00,270,36,72,0,-53,1
09/27/2011 02:23:00,270,33,73,0,-53,1
09/27/2011 02:24:00,270,31,73,1,-53,1
09/27/2011 02:25:00,270,30,78,2,-55,1
09/27/2011 02:26:00,270,33,81,2,-55,1
09/27/2011 02:27:00,270,30,77,2,-55,1
09/27/2011 02:28:00,270,27,79,3,-56,1
09/27/2011 02:29:00,270,31,79,3,-58,1
09/27/2011 02:30:00,270,31,78,4,-59,1
09/27/2011 02:31:00,270,33,78,5,-59,1
09/27/2011 02:32:00,270,37,79,6,-59,1
09/27/2011 02:33:00,270,42,81,6,-61,1
09/27/2011 02:34:00,270,46,81,7,-62,1
09/27/2011 02:35:00,270,49,81,8,-62,1
09/27/2011 02:36:00,270,48,80,9,-62,1
09/27/2011 02:37:00,270,50,80,10,-63,1
09/27/2011 02:38:00,270,53,79,11,-65,1
09/27/2011 02:39:00,270,52,77,12,-65,1
09/27/2011 02:40:00,270,55,77,13,-65,1
09/27/2011 02:41:00,270,60,77,14,-67,1
09/27/2011 02:42:00,270,62,78,15,-67,1
09/27/2011 02:43:00,270,63,75,16,-68,1
09/27/2011 02:44:00,270,65,83,17,-69,1
09/27/2011 02:45:00,270,66,85,17,-69,1
09/27/2011 02:46:00,270,67,86,16,-69,1
09/27/2011 02:47:00,270,68,90,16,-67,1
09/27/2011 02:48:00,270,67,95,16,-67,1
09/27/2011 02:49:00,270,65,98,16,-68,1
09/27/2011 02:50:00,270,64,97,15,-68,1
09/27/2011 02:51:00,270,61,95,13,-69,1
09/27/2011 02:52:00,270,58,93,12,-69,1
09/27/2011 02:53:00,270,59,91,11,-69,1
09/27/2011 02:54:00,270,57,91,10,-69,1
09/27/2011 02:55:00,270,56,89,9,-70,1
09/27/2011 02:56:00,270,56,87,8,-70,1
09/27/2011 02:57:00,270,51,86,7,-71,1
09/27/2011 02:58:00,270,50,84,6,-72,1
09/27/2011 02:59:00,270,48,79,5,-71,1
09/27/2011 03:00:00,270,46,76,4,-72,1
09/27/2011 03:01:00,270,43,72,3,-72,1
09/27/2011 03:02:00,270,42,68,3,-72,1
09/27/2011 03:03:00,270,41,64,2,-72,1
09/27/2011 03:04:00,270,39,62,2,-72,1
09/27/2011 03:05:00,270,37,60,2,-72,1
09/27/2011 03:06:00,270,37,58,2,-72,1
09/27/2011 03:07:00,270,36,56,1,-71,1
09/27/2011 03:08:00,270,36,55,1,-71,1
09/27/2011 03:09:00,270,36,57,2,-70,1
09/27/2011 03:10:00,270,36,58,1,-70,1
09/27/2011 03:11:00,270,37,59,-1,-68,1
09/27/2011 03:12:00,270,36,62,-1,-68,1
09/27/2011 03:13:00,270,36,67,-1,-68,1
09/27/2011 03:14:00,270,37,69,-1,-70,1
09/27/2011 03:15:00,270,36,69,-2,-72,1
09/27/2011 03:16:00,270,36,62,-2,-72,1
09/27/2011 03:17:00,270,34,57,-3,-72,1
09/27/2011 03:18:00,270,36,55,-4,-73,1
09/27/2011 03:19:00,270,38,56,-4,-75,1
09/27/2011 03:20:00,270,41,55,-5,-77,1
09/27/2011 03:21:00,270,41,53,-5,-78,1
09/27/2011 03:22:00,270,42,55,-6,-79,1
09/27/2011 03:23:00,270,41,55,-6,-80,1
09/27/2011 03:24:00,270,40,52,-7,-80,1
09/27/2011 03:25:00,270,37,49,-7,-79,1
09/27/2011 03:26:00,270,35,48,-7,-79,1
09/27/2011 03:27:00,270,32,47,-7,-79,1
09/27/2011 03:28:00,270,29,47,-7,-78,1
09/27/2011 03:29:00,270,27,46,-7,-78,1
09/27/2011 03:30:00,270,24,47,-7,-77,1
09/27/2011 03:31:00,270,21,46,-7,-77,1
09/27/2011 03:32:00,270,18,46,-6,-76,1
09/27/2011 03:33:00,270,16,44,-6,-75,1
09/27/2011 03:34:00,270,15,44,-6,-75,1
09/27/2011 03:35:00,270,15,44,-6,-75,1
09/27/2011 03:36:00,270,15,45,-6,-76,1
09/27/2011 03:37:00,270,15,45,-6,-77,1
09/27/2011 03:38:00,270,15,46,-6,-77,1
09/27/2011 03:39:00,270,15,45,-6,-77,1
09/27/2011 03:40:00,270,15,44,-6,-77,1
09/27/2011 03:41:00,270,15,43,-6,-77,1
09/27/2011 03:42:00,270,16,43,-6,-77,1
09/27/2011 03:43:00,270,17,43,-6,-77,1
09/27/2011 03:44:00,270,16,44,-6,-77,1
09/27/2011 03:45:00,270,16,42,-6,-77,1
09/27/2011 03:46:00,270,16,42,-6,-77,1
09/27/2011 03:47:00,270,17,42,-6,-77,1
09/27/2011 03:48:00,270,17,41,-5,-77,1
09/27/2011 03:49:00,270,17,40,-5,-77,1
09/27/2011 03:50:00,270,16,39,-5,-77,1
09/27/2011 03:51:00,270,15,41,-5,-77,1
09/27/2011 03:52:00,270,15,41,-5,-77,1
09/27/2011 03:53:00,270,15,41,-5,-78,1
09/27/2011 03:54:00,270,14,42,-6,-77,1
09/27/2011 03:55:00,270,14,41,-6,-77,1
09/27/2011 03:56:00,270,14,41,-6,-77,1
09/27/2011 03:57:00,270,14,41,-6,-77,1
09/27/2011 03:58:00,270,15,40,-6,-77,1
09/27/2011 03:59:00,270,14,39,-6,-77,1
09/27/2011 04:00:00,270,15,39,-6,-77,1
09/27/2011 04:01:00,270,15,39,-6,-77,1
09/27/2011 04:02:00,270,15,40,-6,-76,1
09/27/2011 04:03:00,270,15,38,-6,-76,1
09/27/2011 04:04:00,270,16,38,-6,-76,1
09/27/2011 04:05:00,270,16,39,-6,-75,1
09/27/2011 04:06:00,270,16,40,-6,-75,1
09/27/2011 04:07:00,270,16,38,-6,-75,1
09/27/2011 04:08:00,270,17,38,-6,-74,1
09/27/2011 04:09:00,270,17,37,-6,-75,1
09/27/2011 04:10:00,270,16,38,-6,-74,1
09/27/2011 04:11:00,270,16,36,-6,-74,1
09/27/2011 04:12:00,270,17,39,-5,-74,1
09/27/2011 04:13:00,270,17,38,-5,-73,1
09/27/2011 04:14:00,270,17,39,-5,-73,1
09/27/2011 04:15:00,270,17,39,-5,-72,1
09/27/2011 04:16:00,270,17,40,-5,-72,1
09/27/2011 04:17:00,270,17,39,-5,-71,1
09/27/2011 04:18:00,270,17,39,-5,-71,1
09/27/2011 04:19:00,270,17,39,-5,-71,1
09/27/2011 04:20:00,270,17,40,-5,-70,1
09/27/2011 04:21:00,270,16,39,-5,-70,1
09/27/2011 04:22:00,270,16,38,-5,-70,1
09/27/2011 04:23:00,270,16,38,-5,-69,1
09/27/2011 04:24:00,270,16,37,-5,-69,1
09/27/2011 04:25:00,270,16,37,-5,-69,1
09/27/2011 04:26:00,270,17,37,-5,-70,1
09/27/2011 04:27:00,270,18,36,-6,-70,1
09/27/2011 04:28:00,270,18,36,-5,-70,1
09/27/2011 04:29:00,270,18,36,-5,-70,1
09/27/2011 04:30:00,270,18,36,-5,-70,1
09/27/2011 04:31:00,270,18,35,-5,-70,1
09/27/2011 04:32:00,270,19,36,-5,-69,1
09/27/2011 04:33:00,270,19,36,-5,-69,1
09/27/2011 04:34:00,270,20,37,-5,-69,1
09/27/2011 04:35:00,270,20,38,-5,-68,1
09/27/2011 04:36:00,270,21,37,-5,-68,1
09/27/2011 04:37:00,270,21,37,-5,-68,1
09/27/2011 04:38:00,270,20,38,-5,-68,1
09/27/2011 04:39:00,270,21,37,-5,-68,1
09/27/2011 04:40:00,270,22,37,-5,-67,1
09/27/2011 04:41:00,270,22,38,-5,-67,1
09/27/2011 04:42:00,270,23,37,-5,-66,1
09/27/2011 04:43:00,270,22,37,-5,-65,1
09/27/2011 04:44:00,270,21,36,-5,-65,1
09/27/2011 04:45:00,270,21,37,-5,-64,1
09/27/2011 04:46:00,270,20,38,-5,-64,1
09/27/2011 04:47:00,270,21,38,-5,-64,1
09/27/2011 04:48:00,270,21,36,-5,-64,1
09/27/2011 04:49:00,270,22,36,-5,-64,1
09/27/2011 04:50:00,270,22,37,-5,-64,1
09/27/2011 04:51:00,270,22,36,-5,-64,1
09/27/2011 04:52:00,270,22,36,-5,-64,1
09/27/2011 04:53:00,270,23,36,-5,-64,1
09/27/2011 04:54:00,270,22,36,-4,-63,1
09/27/2011 04:55:00,270,23,36,-4,-63,1
09/27/2011 04:56:00,270,24,37,-4,-63,1
09/27/2011 04:57:00,270,25,37,-4,-63,1
09/27/2011 04:58:00,270,26,38,-4,-63,1
09/27/2011 04:59:00,270,24,37,-4,-63,1
09/27/2011 05:00:00,270,23,37,-4,-63,1
09/27/2011 05:01:00,270,23,36,-5,-63,1
09/27/2011 05:02:00,270,24,36,-5,-64,1
09/27/2011 05:03:00,270,25,36,-5,-64,1
09/27/2011 05:04:00,270,25,36,-5,-65,1
09/27/2011 05:05:00,270,26,36,-5,-66,1
09/27/2011 05:06:00,270,26,36,-4,-68,1
09/27/2011 05:07:00,270,27,37,-4,-68,1
09/27/2011 05:08:00,270,26,37,-5,-68,1
09/27/2011 05:09:00,270,28,37,-5,-68,1
09/27/2011 05:10:00,270,27,37,-5,-68,1
09/27/2011 05:11:00,270,26,38,-5,-68,1
09/27/2011 05:12:00,270,24,39,-6,-68,1
09/27/2011 05:13:00,270,24,39,-6,-67,1
09/27/2011 05:14:00,270,23,38,-6,-67,1
09/27/2011 05:15:00,270,24,37,-5,-67,1
09/27/2011 05:16:00,270,25,35,-5,-67,1
09/27/2011 05:17:00,270,26,35,-5,-67,1
09/27/2011 05:18:00,270,27,35,-5,-68,1
09/27/2011 05:19:00,270,28,35,-5,-68,1
09/27/2011 05:20:00,270,28,34,-4,-67,1
09/27/2011 05:21:00,270,27,34,-5,-67,1
09/27/2011 05:22:00,270,27,35,-5,-67,1
09/27/2011 05:23:00,270,27,34,-5,-67,1
09/27/2011 05:24:00,270,27,35,-4,-66,1
09/27/2011 05:25:00,270,28,34,-4,-66,1
09/27/2011 05:26:00,270,28,34,-5,-66,1
09/27/2011 05:27:00,270,28,34,-4,-66,1
09/27/2011 05:28:00,270,28,34,-4,-67,1
09/27/2011 05:29:00,270,29,34,-4,-67,1
09/27/2011 05:30:00,270,28,33,-4,-67,1
09/27/2011 05:31:00,270,28,34,-4,-67,1
09/27/2011 05:32:00,270,27,35,-5,-67,1
09/27/2011 05:33:00,270,28,35,-5,-66,1
09/27/2011 05:34:00,270,28,34,-5,-66,1
09/27/2011 05:35:00,270,27,35,-5,-66,1
09/27/2011 05:36:00,270,27,36,-5,-66,1
09/27/2011 05:37:00,270,27,37,-5,-66,1
09/27/2011 05:38:00,270,26,37,-5,-67,1
09/27/2011 05:39:00,270,25,35,-5,-67,1
09/27/2011 05:40:00,270,26,35,-4,-67,1
09/27/2011 05:41:00,270,26,35,-4,-67,1
09/27/2011 05:42:00,270,26,34,-4,-66,1
09/27/2011 05:43:00,270,25,34,-4,-66,1
09/27/2011 05:44:00,270,25,34,-4,-66,1
09/27/2011 05:45:00,270,24,34,-4,-67,1
09/27/2011 05:46:00,270,25,35,-4,-67,1
09/27/2011 05:47:00,270,24,35,-4,-67,1
09/27/2011 05:48:00,270,25,34,-4,-67,1
09/27/2011 05:49:00,270,25,33,-4,-67,1
09/27/2011 05:50:00,270,26,34,-4,-67,1
09/27/2011 05:51:00,270,25,35,-4,-66,1
09/27/2011 05:52:00,270,26,35,-4,-66,1
09/27/2011 05:53:00,270,25,34,-4,-66,1
09/27/2011 05:54:00,270,25,34,-4,-65,1
09/27/2011 05:55:00,270,25,34,-4,-65,1
09/27/2011 05:56:00,270,25,33,-4,-64,1
09/27/2011 05:57:00,270,25,33,-4,-64,1
09/27/2011 05:58:00,270,26,33,-4,-63,1
09/27/2011 05:59:00,270,25,32,-4,-63,1
09/27/2011 06:00:00,270,25,31,-3,-62,1
09/27/2011 06:01:00,270,25,32,-3,-61,1
09/27/2011 06:02:00,270,25,32,-4,-60,1
09/27/2011 06:03:00,270,26,32,-3,-59,1
09/27/2011 06:04:00,270,27,32,-4,-58,1
09/27/2011 06:05:00,270,28,32,-4,-57,1
09/27/2011 06:06:00,270,28,32,-4,-56,1
09/27/2011 06:07:00,270,27,33,-4,-56,1
09/27/2011 06:08:00,270,27,33,-4,-57,1
09/27/2011 06:09:00,270,26,33,-4,-57,1
09/27/2011 06:10:00,270,27,33,-4,-58,1
09/27/2011 06:11:00,270,24,34,-4,-58,1
09/27/2011 06:12:00,270,24,33,-4,-57,1
09/27/2011 06:13:00,270,23,32,-4,-56,1
09/27/2011 06:14:00,270,24,32,-4,-56,1
09/27/2011 06:15:00,270,24,32,-4,-57,1
09/27/2011 06:16:00,270,24,33,-4,-57,1
09/27/2011 06:17:00,270,23,34,-4,-57,1
09/27/2011 06:18:00,270,23,33,-4,-57,1
09/27/2011 06:19:00,270,22,34,-4,-57,1
09/27/2011 06:20:00,270,22,34,-4,-58,1
09/27/2011 06:21:00,270,21,34,-4,-58,1
09/27/2011 06:22:00,270,21,34,-4,-58,1
09/27/2011 06:23:00,270,20,35,-4,-58,1
09/27/2011 06:24:00,270,21,35,-4,-58,1
09/27/2011 06:25:00,270,19,34,-4,-59,1
09/27/2011 06:26:00,270,19,32,-4,-58,1
09/27/2011 06:27:00,270,18,34,-4,-58,1
09/27/2011 06:28:00,270,17,34,-4,-59,1
09/27/2011 06:29:00,270,17,33,-4,-59,1
09/27/2011 06:30:00,270,17,36,-3,-59,1
09/27/2011 06:31:00,270,17,32,-3,-59,1
09/27/2011 06:32:00,270,17,33,-3,-59,1
09/27/2011 06:33:00,270,18,34,-3,-59,1
09/27/2011 06:34:00,270,18,33,-3,-60,1
09/27/2011 06:35:00,270,18,32,-3,-60,1
09/27/2011 06:36:00,270,18,34,-3,-61,1
09/27/2011 06:37:00,270,18,36,-3,-60,1
09/27/2011 06:38:00,270,18,35,-3,-60,1
09/27/2011 06:39:00,270,19,32,-3,-62,1
09/27/2011 06:40:00,270,18,31,-2,-63,1
09/27/2011 06:41:00,270,17,31,-2,-64,1
09/27/2011 06:42:00,270,17,33,-2,-64,1
09/27/2011 06:43:00,270,18,37,-2,-63,1
09/27/2011 06:44:00,270,20,40,-3,-62,1
09/27/2011 06:45:00,270,22,38,-3,-62,1
09/27/2011 06:46:00,270,22,37,-3,-62,1
09/27/2011 06:47:00,270,23,38,-3,-61,1
09/27/2011 06:48:00,270,24,34,-2,-61,1
09/27/2011 06:49:00,270,24,32,-2,-62,1
09/27/2011 06:50:00,270,24,35,-2,-61,1
09/27/2011 06:51:00,270,24,37,-2,-59,1
09/27/2011 06:52:00,270,25,37,-3,-58,1
09/27/2011 06:53:00,270,26,35,-2,-57,1
09/27/2011 06:54:00,270,28,32,-2,-58,1
09/27/2011 06:55:00,270,28,35,-3,-57,1
09/27/2011 06:56:00,270,29,34,-2,-56,1
09/27/2011 06:57:00,270,32,33,-2,-56,1
09/27/2011 06:58:00,270,33,33,-3,-55,1
09/27/2011 06:59:00,270,33,37,-3,-53,1
09/27/2011 07:00:00,270,33,37,-3,-51,1
09/27/2011 07:01:00,270,33,37,-3,-50,1
09/27/2011 07:02:00,270,32,37,-3,-49,1
09/27/2011 07:03:00,270,31,35,-4,-48,1
09/27/2011 07:04:00,270,32,36,-4,-49,1
09/27/2011 07:05:00,270,31,37,-4,-51,1
09/27/2011 07:06:00,270,29,37,-4,-53,1
09/27/2011 07:07:00,270,30,36,-3,-55,1
09/27/2011 07:08:00,270,29,35,-3,-55,1
09/27/2011 07:09:00,270,29,34,-3,-56,1
09/27/2011 07:10:00,270,29,35,-3,-56,1
09/27/2011 07:11:00,270,29,35,-3,-56,1
09/27/2011 07:12:00,270,30,34,-3,-56,1
09/27/2011 07:13:00,270,30,34,-3,-58,1
09/27/2011 07:14:00,270,30,35,-3,-59,1
09/27/2011 07:15:00,270,28,35,-3,-59,1
09/27/2011 07:16:00,270,28,33,-3,-61,1
09/27/2011 07:17:00,270,28,33,-2,-62,1
09/27/2011 07:18:00,270,29,35,-2,-62,1
09/27/2011 07:19:00,270,33,34,-2,-63,1
09/27/2011 07:20:00,270,35,34,-2,-62,1
09/27/2011 07:21:00,270,38,33,-2,-63,1
09/27/2011 07:22:00,270,42,34,-2,-64,1
09/27/2011 07:23:00,270,42,31,-2,-65,1
09/27/2011 07:24:00,270,41,34,-2,-65,1
09/27/2011 07:25:00,270,39,35,-2,-65,1
09/27/2011 07:26:00,270,36,36,-2,-65,1
09/27/2011 07:27:00,270,34,36,-2,-65,1
09/27/2011 07:28:00,270,36,35,-2,-64,1
09/27/2011 07:29:00,270,37,33,-2,-65,1
09/27/2011 07:30:00,270,35,34,-2,-65,1
09/27/2011 07:31:00,270,33,35,-2,-65,1
09/27/2011 07:32:00,270,32,36,-2,-65,1
09/27/2011 07:33:00,270,34,35,-2,-66,1
09/27/2011 07:34:00,270,36,33,-3,-67,1
09/27/2011 07:35:00,270,36,34,-2,-69,1
09/27/2011 07:36:00,270,35,37,-1,-69,1
09/27/2011 07:37:00,270,36,40,-2,-67,1
09/27/2011 07:38:00,270,38,41,-3,-65,1
09/27/2011 07:39:00,270,40,41,-3,-64,1
09/27/2011 07:40:00,270,43,44,-3,-64,1
09/27/2011 07:41:00,270,44,46,-3,-63,1
09/27/2011 07:42:00,270,45,49,-3,-63,1
09/27/2011 07:43:00,270,49,54,-3,-63,1
09/27/2011 07:44:00,270,52,54,-3,-63,1
09/27/2011 07:45:00,270,56,56,-3,-63,1
09/27/2011 07:46:00,270,57,59,-3,-63,1
09/27/2011 07:47:00,270,57,61,-3,-63,1
09/27/2011 07:48:00,270,58,62,-3,-62,1
09/27/2011 07:49:00,270,60,62,-4,-63,1
09/27/2011 07:50:00,270,62,64,-4,-65,1
09/27/2011 07:51:00,270,63,64,-4,-65,1
09/27/2011 07:52:00,270,63,64,-5,-64,1
09/27/2011 07:53:00,270,63,62,-5,-62,1
09/27/2011 07:54:00,270,66,60,-6,-62,1
09/27/2011 07:55:00,270,65,61,-6,-62,1
09/27/2011 07:56:00,270,65,60,-6,-62,1
09/27/2011 07:57:00,270,64,61,-6,-62,1
09/27/2011 07:58:00,270,68,62,-6,-63,1
09/27/2011 07:59:00,270,73,66,-6,-65,1
09/27/2011 08:00:00,270,75,65,-5,-66,1
09/27/2011 08:01:00,270,76,66,-5,-67,1
09/27/2011 08:02:00,270,77,67,-5,-68,1
09/27/2011 08:03:00,270,80,69,-5,-69,1
09/27/2011 08:04:00,270,82,69,-5,-69,1
09/27/2011 08:05:00,270,83,66,-5,-69,1
09/27/2011 08:06:00,270,83,66,-5,-72,1
09/27/2011 08:07:00,270,81,66,-5,-74,1
09/27/2011 08:08:00,270,77,65,-5,-74,1
09/27/2011 08:09:00,270,74,65,-5,-74,1
09/27/2011 08:10:00,270,72,60,-4,-74,1
09/27/2011 08:11:00,270,67,58,-4,-75,1
09/27/2011 08:12:00,270,63,58,-4,-75,1
09/27/2011 08:13:00,270,62,59,-3,-76,1
09/27/2011 08:14:00,270,60,57,-3,-77,1
09/27/2011 08:15:00,270,59,59,-3,-77,1
09/27/2011 08:16:00,270,59,61,-3,-79,1
09/27/2011 08:17:00,270,58,61,-2,-79,1
09/27/2011 08:18:00,270,58,61,-2,-79,1
09/27/2011 08:19:00,270,57,61,-2,-79,1
09/27/2011 08:20:00,270,56,58,-2,-79,1
09/27/2011 08:21:00,270,55,58,-3,-79,1
09/27/2011 08:22:00,270,55,57,-3,-78,1
09/27/2011 08:23:00,270,55,57,-3,-78,1
09/27/2011 08:24:00,270,55,56,-3,-78,1
09/27/2011 08:25:00,270,56,57,-3,-78,1
09/27/2011 08:26:00,270,56,57,-3,-78,1
09/27/2011 08:27:00,270,56,56,-3,-78,1
09/27/2011 08:28:00,270,55,54,-4,-77,1
09/27/2011 08:29:00,270,56,55,-4,-77,1
09/27/2011 08:30:00,270,57,54,-4,-77,1
09/27/2011 08:31:00,270,56,54,-4,-76,1
09/27/2011 08:32:00,270,56,53,-4,-76,1
09/27/2011 08:33:00,270,57,52,-4,-75,1
09/27/2011 08:34:00,270,58,51,-5,-75,1
09/27/2011 08:35:00,270,57,51,-5,-74,1
09/27/2011 08:36:00,270,58,50,-5,-74,1
09/27/2011 08:37:00,270,57,49,-5,-74,1
09/27/2011 08:38:00,270,57,49,-5,-73,1
09/27/2011 08:39:00,270,57,49,-5,-73,1
09/27/2011 08:40:00,270,56,49,-5,-72,1
09/27/2011 08:41:00,270,55,47,-5,-72,1
09/27/2011 08:42:00,270,53,48,-5,-71,1
09/27/2011 08:43:00,270,53,47,-5,-71,1
09/27/2011 08:44:00,270,51,47,-5,-71,1
09/27/2011 08:45:00,270,49,46,-5,-71,1
09/27/2011 08:46:00,270,49,46,-5,-70,1
09/27/2011 08:47:00,270,47,46,-5,-70,1
09/27/2011 08:48:00,270,45,45,-5,-70,1
09/27/2011 08:49:00,270,44,46,-5,-70,1
09/27/2011 08:50:00,270,43,46,-4,-69,1
09/27/2011 08:51:00,270,42,46,-4,-69,1
09/27/2011 08:52:00,270,42,46,-4,-69,1
09/27/2011 08:53:00,270,41,47,-4,-69,1
09/27/2011 08:54:00,270,40,46,-4,-68,1
09/27/2011 08:55:00,270,40,46,-4,-68,1
09/27/2011 08:56:00,270,38,44,-4,-68,1
09/27/2011 08:57:00,270,37,45,-3,-68,1
09/27/2011 08:58:00,270,37,45,-3,-68,1
09/27/2011 08:59:00,270,36,45,-3,-68,1
09/27/2011 09:00:00,270,36,46,-3,-68,1
09/27/2011 09:01:00,270,36,46,-3,-67,1
09/27/2011 09:02:00,270,35,47,-3,-67,1
09/27/2011 09:03:00,270,35,45,-3,-67,1
09/27/2011 09:04:00,270,34,45,-3,-67,1
09/27/2011 09:05:00,270,35,44,-3,-67,1
09/27/2011 09:06:00,270,34,44,-3,-67,1
09/27/2011 09:07:00,270,34,44,-2,-67,1
09/27/2011 09:08:00,270,33,43,-2,-67,1
09/27/2011 09:09:00,270,32,44,-2,-66,1
09/27/2011 09:10:00,270,32,44,-2,-66,1
09/27/2011 09:11:00,270,31,43,-2,-66,1
09/27/2011 09:12:00,270,31,42,-2,-66,1
09/27/2011 09:13:00,270,30,42,-2,-66,1
09/27/2011 09:14:00,270,30,42,-2,-66,1
09/27/2011 09:15:00,270,30,42,-2,-66,1
09/27/2011 09:16:00,270,29,42,-1,-65,1
09/27/2011 09:17:00,270,29,43,-1,-65,1
09/27/2011 09:18:00,270,29,42,-1,-65,1
09/27/2011 09:19:00,270,29,42,-1,-65,1
09/27/2011 09:20:00,270,29,42,-1,-65,1
09/27/2011 09:21:00,270,29,40,-1,-65,1
09/27/2011 09:22:00,270,29,39,-1,-65,1
09/27/2011 09:23:00,270,29,39,-1,-65,1
09/27/2011 09:24:00,270,28,39,-1,-65,1
09/27/2011 09:25:00,270,27,39,-1,-64,1
09/27/2011 09:26:00,270,27,38,-1,-64,1
09/27/2011 09:27:00,270,27,38,-1,-64,1
09/27/2011 09:28:00,270,25,38,-1,-65,1
09/27/2011 09:29:00,270,24,39,0,-64,1
09/27/2011 09:30:00,270,24,39,0,-64,1
09/27/2011 09:31:00,270,24,39,0,-64,1
09/27/2011 09:32:00,270,23,39,0,-64,1
09/27/2011 09:33:00,270,23,39,0,-64,1
09/27/2011 09:34:00,270,23,39,0,-64,1
09/27/2011 09:35:00,270,24,39,0,-64,1
09/27/2011 09:36:00,270,24,39,0,-64,1
09/27/2011 09:37:00,270,24,39,0,-64,1
09/27/2011 09:38:00,270,24,40,0,-64,1
09/27/2011 09:39:00,270,25,41,0,-64,1
09/27/2011 09:40:00,270,26,40,0,-64,1
09/27/2011 09:41:00,270,26,39,0,-64,1
09/27/2011 09:42:00,270,26,39,0,-63,1
09/27/2011 09:43:00,270,26,39,0,-63,1
09/27/2011 09:44:00,270,27,39,0,-63,1
09/27/2011 09:45:00,270,27,39,0,-63,1
09/27/2011 09:46:00,270,27,39,0,-64,1
09/27/2011 09:47:00,270,27,38,0,-63,1
09/27/2011 09:48:00,270,27,38,0,-63,1
09/27/2011 09:49:00,270,27,37,0,-63,1
09/27/2011 09:50:00,270,28,37,0,-63,1
09/27/2011 09:51:00,270,28,37,0,-63,1
09/27/2011 09:52:00,270,29,37,0,-62,1
09/27/2011 09:53:00,270,30,37,0,-62,1
09/27/2011 09:54:00,270,30,37,0,-62,1
09/27/2011 09:55:00,270,30,37,0,-62,1
09/27/2011 09:56:00,270,30,37,0,-62,1
09/27/2011 09:57:00,270,31,37,0,-62,1
09/27/2011 09:58:00,270,31,37,0,-62,1
09/27/2011 09:59:00,270,31,36,0,-62,1
09/27/2011 10:00:00,270,32,36,0,-62,1
09/27/2011 10:01:00,270,32,37,0,-61,1
09/27/2011 10:02:00,270,32,37,0,-61,1
09/27/2011 10:03:00,270,33,37,0,-61,1
09/27/2011 10:04:00,270,32,37,0,-61,1
09/27/2011 10:05:00,270,32,34,0,-61,1
09/27/2011 10:06:00,270,33,35,0,-61,1
09/27/2011 10:07:00,270,33,35,0,-61,1
09/27/2011 10:08:00,270,34,35,0,-61,1
09/27/2011 10:09:00,270,33,35,0,-61,1
09/27/2011 10:10:00,270,33,34,0,-60,1
09/27/2011 10:11:00,270,32,33,0,-60,1
09/27/2011 10:12:00,270,33,33,0,-60,1
09/27/2011 10:13:00,270,32,33,0,-60,1
09/27/2011 10:14:00,270,31,32,-1,-60,1
09/27/2011 10:15:00,270,31,32,0,-59,1
09/27/2011 10:16:00,270,31,31,0,-59,1
09/27/2011 10:17:00,270,31,31,0,-59,1
09/27/2011 10:18:00,270,31,31,0,-59,1
09/27/2011 10:19:00,270,31,31,0,-59,1
09/27/2011 10:20:00,270,31,31,0,-60,1
09/27/2011 10:21:00,270,30,31,0,-59,1
09/27/2011 10:22:00,270,30,31,-1,-59,1
09/27/2011 10:23:00,270,30,30,-1,-59,1
09/27/2011 10:24:00,270,31,30,0,-59,1
09/27/2011 10:25:00,270,31,30,0,-59,1
09/27/2011 10:26:00,270,31,30,-1,-59,1
09/27/2011 10:27:00,270,32,30,-1,-59,1
09/27/2011 10:28:00,270,33,30,0,-59,1
09/27/2011 10:29:00,270,33,28,-1,-59,1
09/27/2011 10:30:00,270,33,29,-1,-59,1
09/27/2011 10:31:00,270,33,28,0,-59,1
09/27/2011 10:32:00,270,34,28,-1,-59,1
09/27/2011 10:33:00,270,34,30,0,-60,1
09/27/2011 10:34:00,270,34,29,-1,-59,1
09/27/2011 10:35:00,270,34,29,-1,-59,1
09/27/2011 10:36:00,270,35,29,-1,-59,1
09/27/2011 10:37:00,270,35,29,-1,-59,1
09/27/2011 10:38:00,270,36,28,-1,-59,1
09/27/2011 10:39:00,270,35,28,-1,-58,1
09/27/2011 10:40:00,270,36,26,-1,-59,1
09/27/2011 10:41:00,270,35,27,-1,-59,1
09/27/2011 10:42:00,270,35,27,-1,-59,1
09/27/2011 10:43:00,270,36,28,-1,-59,1
09/27/2011 10:44:00,270,37,27,-1,-59,1
09/27/2011 10:45:00,270,37,29,-1,-59,1
09/27/2011 10:46:00,270,38,31,-1,-59,1
09/27/2011 10:47:00,270,38,31,-1,-59,1
09/27/2011 10:48:00,270,39,32,-1,-58,1
09/27/2011 10:49:00,270,39,32,-1,-58,1
09/27/2011 10:50:00,270,39,31,-1,-58,1
09/27/2011 10:51:00,270,40,30,-1,-58,1
09/27/2011 10:52:00,270,40,30,-1,-58,1
09/27/2011 10:53:00,270,40,29,-1,-58,1
09/27/2011 10:54:00,270,40,29,-1,-59,1
09/27/2011 10:55:00,270,40,31,0,-59,1
09/27/2011 10:56:00,270,41,32,0,-59,1
09/27/2011 10:57:00,270,42,35,-1,-58,1
09/27/2011 10:58:00,270,44,34,-1,-58,1
09/27/2011 10:59:00,270,42,34,-1,-58,1
09/27/2011 11:00:00,270,43,35,-1,-58,1
09/27/2011 11:01:00,270,44,35,0,-58,1
09/27/2011 11:02:00,270,44,35,0,-59,1
09/27/2011 11:03:00,270,45,35,0,-59,1
09/27/2011 11:04:00,270,47,37,0,-59,1
09/27/2011 11:05:00,270,49,39,0,-59,1
09/27/2011 11:06:00,270,50,39,0,-59,1
09/27/2011 11:07:00,270,52,39,0,-58,1
09/27/2011 11:08:00,270,52,40,0,-58,1
09/27/2011 11:09:00,270,54,43,0,-58,1
09/27/2011 11:10:00,270,56,44,0,-58,1
09/27/2011 11:11:00,270,58,43,0,-58,1
09/27/2011 11:12:00,270,60,45,0,-58,1
09/27/2011 11:13:00,270,60,43,-1,-58,1
09/27/2011 11:14:00,270,63,43,-1,-57,1
09/27/2011 11:15:00,270,65,44,-1,-58,1
09/27/2011 11:16:00,270,66,44,-1,-57,1
09/27/2011 11:17:00,270,67,45,-1,-57,1
09/27/2011 11:18:00,270,64,44,-1,-57,1
09/27/2011 11:19:00,270,63,43,-1,-57,1
09/27/2011 11:20:00,270,61,43,-1,-57,1
09/27/2011 11:21:00,270,62,43,-1,-57,1
09/27/2011 11:22:00,270,62,43,-1,-57,1
09/27/2011 11:23:00,270,63,44,-1,-56,1
09/27/2011 11:24:00,270,63,44,-1,-56,1
09/27/2011 11:25:00,270,63,44,-1,-56,1
09/27/2011 11:26:00,270,62,44,-1,-56,1
09/27/2011 11:27:00,270,63,44,-2,-56,1
09/27/2011 11:28:00,270,64,43,-2,-56,1
09/27/2011 11:29:00,270,66,42,-2,-56,1
09/27/2011 11:30:00,270,66,40,-2,-56,1
09/27/2011 11:31:00,270,65,39,-2,-55,1
09/27/2011 11:32:00,270,65,38,-2,-55,1
09/27/2011 11:33:00,270,65,36,-2,-55,1
09/27/2011 11:34:00,270,64,36,-2,-54,1
09/27/2011 11:35:00,270,64,36,-2,-54,1
09/27/2011 11:36:00,270,65,34,-2,-54,1
09/27/2011 11:37:00,270,66,35,-2,-54,1
09/27/2011 11:38:00,270,66,35,-2,-54,1
09/27/2011 11:39:00,270,66,36,-2,-53,1
09/27/2011 11:40:00,270,66,35,-3,-53,1
09/27/2011 11:41:00,270,67,35,-3,-52,1
09/27/2011 11:42:00,270,66,34,-3,-52,1
09/27/2011 11:43:00,270,65,35,-2,-52,1
09/27/2011 11:44:00,270,65,36,-2,-51,1
09/27/2011 11:45:00,270,65,36,-2,-50,1
09/27/2011 11:46:00,270,64,36,-2,-51,1
09/27/2011 11:47:00,270,62,37,-1,-51,1
09/27/2011 11:48:00,270,61,36,-1,-51,1
09/27/2011 11:49:00,270,60,36,-1,-51,1
09/27/2011 11:50:00,270,61,35,-1,-50,1
09/27/2011 11:51:00,270,62,35,-1,-50,1
09/27/2011 11:52:00,270,62,35,-1,-50,1
09/27/2011 11:53:00,270,63,35,-1,-50,1
09/27/2011 11:54:00,270,63,35,-1,-49,1
09/27/2011 11:55:00,270,63,35,-1,-49,1
09/27/2011 11:56:00,270,64,35,-1,-49,1
09/27/2011 11:57:00,270,63,35,-1,-49,1
09/27/2011 11:58:00,270,62,35,-1,-50,1
09/27/2011 11:59:00,270,61,35,0,-49,1
09/27/2011 12:00:00,270,63,35,-1,-49,1
09/27/2011 12:01:00,270,65,36,-1,-49,1
09/27/2011 12:02:00,270,67,35,-2,-48,1
09/27/2011 12:03:00,270,65,34,-2,-48,1
09/27/2011 12:04:00,270,64,34,-1,-48,1
09/27/2011 12:05:00,270,63,33,-1,-48,1
09/27/2011 12:06:00,270,62,33,-1,-48,1
09/27/2011 12:07:00,270,63,34,-1,-48,1
09/27/2011 12:08:00,270,64,35,-1,-48,1
09/27/2011 12:09:00,270,66,36,-2,-48,1
09/27/2011 12:10:00,270,65,36,-2,-48,1
09/27/2011 12:11:00,270,66,35,-2,-48,1
09/27/2011 12:12:00,270,64,35,-2,-48,1
09/27/2011 12:13:00,270,65,35,-2,-47,1
09/27/2011 12:14:00,270,65,35,-2,-47,1
09/27/2011 12:15:00,270,63,35,-2,-47,1
09/27/2011 12:16:00,270,61,35,-1,-47,1
09/27/2011 12:17:00,270,60,36,-1,-47,1
09/27/2011 12:18:00,270,60,37,-1,-47,1
09/27/2011 12:19:00,270,59,37,-1,-47,1
09/27/2011 12:20:00,270,61,39,-1,-47,1
09/27/2011 12:21:00,270,62,41,-2,-47,1
09/27/2011 12:22:00,270,62,42,-2,-47,1
09/27/2011 12:23:00,270,61,42,-2,-47,1
09/27/2011 12:24:00,270,61,41,-2,-47,1
09/27/2011 12:25:00,270,61,41,-2,-47,1
09/27/2011 12:26:00,270,60,42,-2,-47,1
09/27/2011 12:27:00,270,62,44,-2,-47,1
09/27/2011 12:28:00,270,63,44,-2,-47,1
09/27/2011 12:29:00,270,64,46,-2,-47,1
09/27/2011 12:30:00,270,64,46,-3,-47,1
09/27/2011 12:31:00,270,63,46,-2,-47,1
09/27/2011 12:32:00,270,64,44,-3,-46,1
09/27/2011 12:33:00,270,65,46,-2,-46,1
09/27/2011 12:34:00,270,65,45,-3,-46,1
09/27/2011 12:35:00,270,64,44,-3,-47,1
09/27/2011 12:36:00,270,65,43,-3,-46,1
09/27/2011 12:37:00,270,64,43,-3,-47,1
09/27/2011 12:38:00,270,65,42,-3,-47,1
09/27/2011 12:39:00,270,65,42,-3,-47,1
09/27/2011 12:40:00,270,64,41,-3,-47,1
09/27/2011 12:41:00,270,63,39,-2,-47,1
09/27/2011 12:42:00,270,60,39,-2,-48,1
09/27/2011 12:43:00,270,59,39,-2,-48,1
09/27/2011 12:44:00,270,59,39,-2,-48,1
09/27/2011 12:45:00,270,60,40,-2,-48,1
09/27/2011 12:46:00,270,59,41,-2,-47,1
09/27/2011 12:47:00,270,59,41,-2,-48,1
09/27/2011 12:48:00,270,59,41,-2,-48,1
09/27/2011 12:49:00,270,59,42,-2,-48,1
09/27/2011 12:50:00,270,58,44,-2,-48,1
09/27/2011 12:51:00,270,59,43,-3,-48,1
09/27/2011 12:52:00,270,59,44,-3,-48,1
09/27/2011 12:53:00,270,58,45,-3,-48,1
09/27/2011 12:54:00,270,56,47,-3,-48,1
09/27/2011 12:55:00,270,59,47,-3,-49,1
09/27/2011 12:56:00,270,59,50,-3,-49,1
09/27/2011 12:57:00,270,62,51,-4,-49,1
09/27/2011 12:58:00,270,62,50,-4,-49,1
09/27/2011 12:59:00,270,61,50,-4,-49,1
09/27/2011 13:00:00,270,62,49,-4,-49,1
09/27/2011 13:01:00,270,63,48,-4,-49,1
09/27/2011 13:02:00,270,63,48,-5,-49,1
09/27/2011 13:03:00,270,63,48,-4,-49,1
09/27/2011 13:04:00,270,63,48,-5,-49,1
09/27/2011 13:05:00,270,62,47,-4,-49,1
09/27/2011 13:06:00,270,61,47,-4,-49,1
09/27/2011 13:07:00,270,61,47,-4,-49,1
09/27/2011 13:08:00,270,60,46,-4,-49,1
09/27/2011 13:09:00,270,60,47,-5,-49,1
09/27/2011 13:10:00,270,60,48,-5,-50,1
09/27/2011 13:11:00,270,60,48,-5,-49,1
09/27/2011 13:12:00,270,60,46,-5,-49,1
09/27/2011 13:13:00,270,60,47,-5,-49,1
09/27/2011 13:14:00,270,60,47,-5,-49,1
09/27/2011 13:15:00,270,59,48,-5,-49,1
09/27/2011 13:16:00,270,58,48,-4,-49,1
09/27/2011 13:17:00,270,57,48,-4,-49,1
09/27/2011 13:18:00,270,56,48,-4,-49,1
09/27/2011 13:19:00,270,57,47,-4,-49,1
09/27/2011 13:20:00,270,59,48,-4,-49,1
09/27/2011 13:21:00,270,56,47,-4,-49,1
09/27/2011 13:22:00,270,53,48,-4,-49,1
09/27/2011 13:23:00,270,53,48,-3,-49,1
09/27/2011 13:24:00,270,54,47,-4,-49,1
09/27/2011 13:25:00,270,54,47,-4,-48,1
09/27/2011 13:26:00,270,55,47,-4,-49,1
09/27/2011 13:27:00,270,54,49,-4,-49,1
09/27/2011 13:28:00,270,55,48,-4,-49,1
09/27/2011 13:29:00,270,56,49,-4,-49,1
09/27/2011 13:30:00,270,56,49,-4,-49,1
09/27/2011 13:31:00,270,55,51,-4,-49,1
09/27/2011 13:32:00,270,55,51,-3,-49,1
09/27/2011 13:33:00,270,55,51,-3,-49,1
09/27/2011 13:34:00,270,55,51,-3,-49,1
09/27/2011 13:35:00,270,57,51,-3,-49,1
09/27/2011 13:36:00,270,58,51,-4,-49,1
09/27/2011 13:37:00,270,62,52,-4,-49,1
09/27/2011 13:38:00,270,63,52,-4,-49,1
09/27/2011 13:39:00,270,64,53,-4,-48,1
09/27/2011 13:40:00,270,64,50,-4,-48,1
09/27/2011 13:41:00,270,65,51,-4,-47,1
09/27/2011 13:42:00,270,65,51,-5,-47,1
09/27/2011 13:43:00,270,64,54,-4,-46,1
09/27/2011 13:44:00,270,63,51,-4,-46,1
09/27/2011 13:45:00,270,64,49,-4,-46,1
09/27/2011 13:46:00,270,64,48,-4,-46,1
09/27/2011 13:47:00,270,64,43,-3,-45,1
09/27/2011 13:48:00,270,65,46,-3,-46,1
09/27/2011 13:49:00,270,67,51,-3,-46,1
09/27/2011 13:50:00,270,67,50,-3,-45,1
09/27/2011 13:51:00,270,65,51,-3,-45,1
09/27/2011 13:52:00,270,66,48,-3,-45,1
09/27/2011 13:53:00,270,64,49,-3,-45,1
09/27/2011 13:54:00,270,64,49,-3,-45,1
09/27/2011 13:55:00,270,63,49,-3,-45,1
09/27/2011 13:56:00,270,62,50,-3,-46,1
09/27/2011 13:57:00,270,61,52,-3,-46,1
09/27/2011 13:58:00,270,61,55,-3,-46,1
09/27/2011 13:59:00,270,62,55,-4,-46,1
09/27/2011 14:00:00,270,64,55,-4,-46,1
09/27/2011 14:01:00,270,63,56,-4,-46,1
09/27/2011 14:02:00,270,62,59,-4,-46,1
09/27/2011 14:03:00,270,63,60,-4,-46,1
09/27/2011 14:04:00,270,62,57,-5,-46,1
09/27/2011 14:05:00,270,62,61,-5,-46,1
09/27/2011 14:06:00,270,62,62,-5,-45,1
09/27/2011 14:07:00,270,65,60,-6,-45,1
09/27/2011 14:08:00,270,62,61,-5,-44,1
09/27/2011 14:09:00,270,58,55,-5,-44,1
09/27/2011 14:10:00,270,58,55,-5,-43,1
09/27/2011 14:11:00,270,57,53,-5,-43,1
09/27/2011 14:12:00,270,57,51,-5,-42,1
09/27/2011 14:13:00,270,57,43,-5,-43,1
09/27/2011 14:14:00,270,57,50,-4,-43,1
09/27/2011 14:15:00,270,59,51,-5,-43,1
09/27/2011 14:16:00,270,58,55,-5,-44,1
09/27/2011 14:17:00,270,56,59,-4,-44,1
09/27/2011 14:18:00,270,54,57,-5,-44,1
09/27/2011 14:19:00,270,53,57,-5,-44,1
09/27/2011 14:20:00,270,51,57,-4,-44,1
09/27/2011 14:21:00,270,50,53,-5,-43,1
09/27/2011 14:22:00,270,47,53,-5,-43,1
09/27/2011 14:23:00,270,46,52,-5,-43,1
09/27/2011 14:24:00,270,43,52,-5,-44,1
09/27/2011 14:25:00,270,41,52,-5,-43,1
09/27/2011 14:26:00,270,40,50,-5,-43,1
09/27/2011 14:27:00,270,41,51,-5,-43,1
09/27/2011 14:28:00,270,37,52,-4,-43,1
09/27/2011 14:29:00,270,36,51,-4,-42,1
09/27/2011 14:30:00,270,34,48,-4,-42,1
09/27/2011 14:31:00,270,32,48,-4,-42,1
09/27/2011 14:32:00,270,31,45,-4,-42,1
09/27/2011 14:33:00,270,30,45,-4,-42,1
09/27/2011 14:34:00,270,29,44,-4,-41,1
09/27/2011 14:35:00,270,28,41,-4,-41,1
09/27/2011 14:36:00,270,27,41,-4,-41,1
09/27/2011 14:37:00,270,26,42,-4,-41,1
09/27/2011 14:38:00,270,26,44,-4,-40,1
09/27/2011 14:39:00,270,26,43,-4,-40,1
09/27/2011 14:40:00,270,25,43,-4,-40,1
09/27/2011 14:41:00,270,24,44,-3,-40,1
09/27/2011 14:42:00,270,23,43,-3,-40,1
09/27/2011 14:43:00,270,23,42,-3,-39,1
09/27/2011 14:44:00,270,24,42,-3,-39,1
09/27/2011 14:45:00,270,24,43,-3,-39,1
09/27/2011 14:46:00,270,24,44,-3,-39,1
09/27/2011 14:47:00,270,24,44,-3,-39,1
09/27/2011 14:48:00,270,24,46,-3,-39,1
09/27/2011 14:49:00,270,25,45,-3,-39,1
09/27/2011 14:50:00,270,25,45,-3,-39,1
09/27/2011 14:51:00,270,23,45,-3,-39,1
09/27/2011 14:52:00,270,23,44,-3,-38,1
09/27/2011 14:53:00,270,22,42,-4,-38,1
09/27/2011 14:54:00,270,21,42,-3,-37,1
09/27/2011 14:55:00,270,21,39,-3,-37,1
09/27/2011 14:56:00,270,21,39,-3,-37,1
09/27/2011 14:57:00,270,21,40,-3,-37,1
09/27/2011 14:58:00,270,23,42,-3,-37,1
09/27/2011 14:59:00,270,21,43,-3,-37,1
09/27/2011 15:00:00,270,20,41,-3,-37,1
09/27/2011 15:01:00,270,20,42,-3,-37,1
09/27/2011 15:02:00,270,19,41,-3,-37,1
09/27/2011 15:03:00,270,20,41,-3,-36,1
09/27/2011 15:04:00,270,17,38,-2,-35,1
09/27/2011 15:05:00,270,17,39,-2,-34,1
09/27/2011 15:06:00,270,19,36,-3,-35,1
09/27/2011 15:07:00,270,21,37,-3,-34,1
09/27/2011 15:08:00,270,21,38,-3,-34,1
09/27/2011 15:09:00,270,22,37,-3,-35,1
09/27/2011 15:10:00,270,22,40,-3,-36,1
09/27/2011 15:11:00,270,20,45,-3,-36,1
09/27/2011 15:12:00,270,21,45,-3,-37,1
09/27/2011 15:13:00,270,21,44,-3,-37,1
09/27/2011 15:14:00,270,21,44,-3,-37,1
09/27/2011 15:15:00,270,21,43,-4,-37,1
09/27/2011 15:16:00,270,22,42,-4,-37,1
09/27/2011 15:17:00,270,22,43,-4,-36,1
09/27/2011 15:18:00,270,20,41,-4,-36,1
09/27/2011 15:19:00,270,21,41,-4,-36,1
09/27/2011 15:20:00,270,20,40,-4,-35,1
09/27/2011 15:21:00,270,19,38,-4,-35,1
09/27/2011 15:22:00,270,19,38,-3,-35,1
09/27/2011 15:23:00,270,19,38,-3,-34,1
09/27/2011 15:24:00,270,19,37,-3,-34,1
09/27/2011 15:25:00,270,19,38,-3,-34,1
09/27/2011 15:26:00,270,20,37,-3,-33,1
09/27/2011 15:27:00,270,18,39,-3,-32,1
09/27/2011 15:28:00,270,15,36,-2,-31,1
09/27/2011 15:29:00,270,15,34,-3,-30,1
09/27/2011 15:30:00,270,14,32,-2,-30,1
09/27/2011 15:31:00,270,14,33,-2,-28,1
09/27/2011 15:32:00,270,13,32,-2,-29,1
09/27/2011 15:33:00,270,17,35,-3,-29,1
09/27/2011 15:34:00,270,17,34,-3,-29,1
09/27/2011 15:35:00,270,16,32,-2,-29,1
09/27/2011 15:36:00,270,15,31,-2,-28,1
09/27/2011 15:37:00,270,14,31,-2,-27,1
09/27/2011 15:38:00,270,14,31,-2,-27,1
09/27/2011 15:39:00,270,13,31,-2,-28,1
09/27/2011 15:40:00,270,17,31,-3,-29,1
09/27/2011 15:41:00,270,19,33,-3,-30,1
09/27/2011 15:42:00,270,20,34,-3,-29,1
09/27/2011 15:43:00,270,19,35,-3,-29,1
09/27/2011 15:44:00,270,15,33,-2,-27,1
09/27/2011 15:45:00,270,14,29,-2,-26,1
09/27/2011 15:46:00,270,13,31,-2,-24,1
09/27/2011 15:47:00,270,12,31,-1,-24,1
09/27/2011 15:48:00,270,11,30,-2,-24,1
09/27/2011 15:49:00,270,11,32,-2,-25,1
09/27/2011 15:50:00,270,17,32,-3,-27,1
09/27/2011 15:51:00,270,20,35,-3,-28,1
09/27/2011 15:52:00,270,22,38,-3,-29,1
09/27/2011 15:53:00,270,22,37,-4,-30,1
09/27/2011 15:54:00,270,20,36,-4,-30,1
09/27/2011 15:55:00,270,19,35,-3,-31,1
09/27/2011 15:56:00,270,21,37,-4,-31,1
09/27/2011 15:57:00,270,22,39,-4,-31,1
09/27/2011 15:58:00,270,22,38,-4,-31,1
09/27/2011 15:59:00,270,22,36,-4,-31,1
09/27/2011 16:00:00,270,22,34,-4,-30,1
09/27/2011 16:01:00,270,22,34,-4,-29,1
09/27/2011 16:02:00,270,22,34,-4,-30,1
09/27/2011 16:03:00,270,22,33,-4,-30,1
09/27/2011 16:04:00,270,21,32,-4,-29,1
09/27/2011 16:05:00,270,21,32,-4,-29,1
09/27/2011 16:06:00,270,21,32,-4,-30,1
09/27/2011 16:07:00,270,20,31,-4,-29,1
09/27/2011 16:08:00,270,20,30,-4,-29,1
09/27/2011 16:09:00,270,20,30,-4,-29,1
09/27/2011 16:10:00,270,20,30,-4,-29,1
09/27/2011 16:11:00,270,19,31,-4,-29,1
09/27/2011 16:12:00,270,19,31,-3,-29,1
09/27/2011 16:13:00,270,19,30,-4,-28,1
09/27/2011 16:14:00,270,20,30,-3,-28,1
09/27/2011 16:15:00,270,20,30,-4,-29,1
09/27/2011 16:16:00,270,20,30,-4,-28,1
09/27/2011 16:17:00,270,21,29,-4,-29,1
09/27/2011 16:18:00,270,21,28,-4,-29,1
09/27/2011 16:19:00,270,21,28,-3,-28,1
09/27/2011 16:20:00,270,21,28,-3,-28,1
09/27/2011 16:21:00,270,21,28,-3,-28,1
09/27/2011 16:22:00,270,21,28,-4,-28,1
09/27/2011 16:23:00,270,20,26,-3,-29,1
09/27/2011 16:24:00,270,21,26,-4,-30,1
09/27/2011 16:25:00,270,22,27,-4,-32,1
09/27/2011 16:26:00,270,22,30,-4,-32,1
09/27/2011 16:27:00,270,23,30,-4,-32,1
09/27/2011 16:28:00,270,21,29,-4,-32,1
09/27/2011 16:29:00,270,21,27,-4,-32,1
09/27/2011 16:30:00,270,21,26,-4,-32,1
09/27/2011 16:31:00,270,21,27,-4,-31,1
09/27/2011 16:32:00,270,21,26,-4,-31,1
09/27/2011 16:33:00,270,21,27,-4,-31,1
09/27/2011 16:34:00,270,20,26,-4,-31,1
09/27/2011 16:35:00,270,20,26,-4,-31,1
09/27/2011 16:36:00,270,20,26,-4,-31,1
09/27/2011 16:37:00,270,20,26,-4,-31,1
09/27/2011 16:38:00,270,20,25,-4,-30,1
09/27/2011 16:39:00,270,20,25,-3,-30,1
09/27/2011 16:40:00,270,20,25,-4,-30,1
09/27/2011 16:41:00,270,19,25,-3,-30,1
09/27/2011 16:42:00,270,19,25,-4,-30,1
09/27/2011 16:43:00,270,20,23,-4,-31,1
09/27/2011 16:44:00,270,20,23,-4,-32,1
09/27/2011 16:45:00,270,19,25,-4,-32,1
09/27/2011 16:46:00,270,20,25,-4,-32,1
09/27/2011 16:47:00,270,20,24,-4,-32,1
09/27/2011 16:48:00,270,20,25,-4,-32,1
09/27/2011 16:49:00,270,19,22,-4,-31,1
09/27/2011 16:50:00,270,19,22,-3,-31,1
09/27/2011 16:51:00,270,18,22,-3,-31,1
09/27/2011 16:52:00,270,18,23,-3,-31,1
09/27/2011 16:53:00,270,19,23,-4,-32,1
09/27/2011 16:54:00,270,20,23,-4,-32,1
09/27/2011 16:55:00,270,19,21,-4,-33,1
09/27/2011 16:56:00,270,19,22,-4,-33,1
09/27/2011 16:57:00,270,18,23,-4,-33,1
09/27/2011 16:58:00,270,17,22,-4,-33,1
09/27/2011 16:59:00,270,17,21,-4,-34,1
09/27/2011 17:00:00,270,17,22,-4,-34,1
09/27/2011 17:01:00,270,17,23,-4,-34,1
09/27/2011 17:02:00,270,18,23,-4,-35,1
09/27/2011 17:03:00,270,18,25,-4,-35,1
09/27/2011 17:04:00,270,19,25,-4,-36,1
09/27/2011 17:05:00,270,19,26,-4,-36,1
09/27/2011 17:06:00,270,19,26,-4,-37,1
09/27/2011 17:07:00,270,19,23,-4,-38,1
09/27/2011 17:08:00,270,18,23,-4,-38,1
09/27/2011 17:09:00,270,19,22,-4,-38,1
09/27/2011 17:10:00,270,18,21,-4,-39,1
09/27/2011 17:11:00,270,17,21,-4,-38,1
09/27/2011 17:12:00,270,17,20,-4,-38,1
09/27/2011 17:13:00,270,16,19,-4,-37,1
09/27/2011 17:14:00,270,15,18,-4,-38,1
09/27/2011 17:15:00,270,15,18,-4,-37,1
09/27/2011 17:16:00,270,16,19,-4,-38,1
09/27/2011 17:17:00,270,16,19,-4,-38,1
09/27/2011 17:18:00,270,16,20,-4,-38,1
09/27/2011 17:19:00,270,16,19,-4,-38,1
09/27/2011 17:20:00,270,15,19,-4,-39,1
09/27/2011 17:21:00,270,15,19,-4,-39,1
09/27/2011 17:22:00,270,14,18,-4,-39,1
09/27/2011 17:23:00,270,14,18,-4,-39,1
09/27/2011 17:24:00,270,14,19,-4,-39,1
09/27/2011 17:25:00,270,14,19,-4,-39,1
09/27/2011 17:26:00,270,14,20,-4,-39,1
09/27/2011 17:27:00,270,15,20,-4,-39,1
09/27/2011 17:28:00,270,14,20,-4,-39,1
09/27/2011 17:29:00,270,14,20,-4,-40,1
09/27/2011 17:30:00,270,14,20,-4,-40,1
09/27/2011 17:31:00,270,15,20,-4,-40,1
09/27/2011 17:32:00,270,16,20,-4,-40,1
09/27/2011 17:33:00,270,16,19,-4,-40,1
09/27/2011 17:34:00,270,16,20,-4,-41,1
09/27/2011 17:35:00,270,16,19,-4,-41,1
09/27/2011 17:36:00,270,16,19,-4,-41,1
09/27/2011 17:37:00,270,16,19,-4,-42,1
09/27/2011 17:38:00,270,17,17,-4,-42,1
09/27/2011 17:39:00,270,17,17,-4,-43,1
09/27/2011 17:40:00,270,17,17,-4,-43,1
09/27/2011 17:41:00,270,17,16,-4,-43,1
09/27/2011 17:42:00,270,17,16,-4,-43,1
09/27/2011 17:43:00,270,16,16,-4,-43,1
09/27/2011 17:44:00,270,16,15,-4,-43,1
09/27/2011 17:45:00,270,16,15,-4,-43,1
09/27/2011 17:46:00,270,16,14,-4,-43,1
09/27/2011 17:47:00,270,16,14,-4,-43,1
09/27/2011 17:48:00,270,15,14,-3,-43,1
09/27/2011 17:49:00,270,15,14,-3,-43,1
09/27/2011 17:50:00,270,15,14,-3,-43,1
09/27/2011 17:51:00,270,15,14,-3,-43,1
09/27/2011 17:52:00,270,14,13,-3,-43,1
09/27/2011 17:53:00,270,14,13,-3,-43,1
09/27/2011 17:54:00,270,14,13,-3,-43,1
09/27/2011 17:55:00,270,15,13,-3,-43,1
09/27/2011 17:56:00,270,14,12,-3,-43,1
09/27/2011 17:57:00,270,14,13,-3,-43,1
09/27/2011 17:58:00,270,14,12,-3,-43,1
09/27/2011 17:59:00,270,14,12,-3,-43,1
09/27/2011 18:00:00,270,13,12,-3,-43,1
09/27/2011 18:01:00,270,13,11,-3,-43,1
09/27/2011 18:02:00,270,13,11,-3,-42,1
09/27/2011 18:03:00,270,13,11,-3,-43,1
09/27/2011 18:04:00,270,13,11,-3,-43,1
09/27/2011 18:05:00,270,12,10,-3,-43,1
09/27/2011 18:06:00,270,12,11,-3,-42,1
09/27/2011 18:07:00,270,13,11,-3,-42,1
09/27/2011 18:08:00,270,12,11,-3,-42,1
09/27/2011 18:09:00,270,12,10,-3,-42,1
09/27/2011 18:10:00,270,13,10,-3,-42,1
09/27/2011 18:11:00,270,13,10,-3,-42,1
09/27/2011 18:12:00,270,14,11,-3,-42,1
09/27/2011 18:13:00,270,13,11,-3,-42,1
09/27/2011 18:14:00,270,12,11,-2,-42,1
09/27/2011 18:15:00,270,12,10,-2,-42,1
09/27/2011 18:16:00,270,12,9,-2,-42,1
09/27/2011 18:17:00,270,12,9,-2,-42,1
09/27/2011 18:18:00,270,12,10,-2,-42,1
09/27/2011 18:19:00,270,12,10,-3,-42,1
09/27/2011 18:20:00,270,12,9,-2,-42,1
09/27/2011 18:21:00,270,12,8,-2,-41,1
09/27/2011 18:22:00,270,12,8,-2,-41,1
09/27/2011 18:23:00,270,12,7,-2,-41,1
09/27/2011 18:24:00,270,13,6,-2,-41,1
09/27/2011 18:25:00,270,13,5,-2,-41,1
09/27/2011 18:26:00,270,13,5,-2,-40,1
09/27/2011 18:27:00,270,13,5,-2,-40,1
09/27/2011 18:28:00,270,14,5,-1,-40,1
09/27/2011 18:29:00,270,13,4,-2,-39,1
09/27/2011 18:30:00,270,14,4,-1,-39,1
09/27/2011 18:31:00,270,13,4,-1,-38,1
09/27/2011 18:32:00,270,14,5,-1,-37,1
09/27/2011 18:33:00,270,13,6,-1,-36,1
09/27/2011 18:34:00,270,13,7,-1,-35,1
09/27/2011 18:35:00,270,13,7,-1,-34,1
09/27/2011 18:36:00,270,12,9,-1,-33,1
09/27/2011 18:37:00,270,12,11,-1,-31,1
09/27/2011 18:38:00,270,10,16,-1,-31,1
09/27/2011 18:39:00,270,9,19,0,-29,1
09/27/2011 18:40:00,270,9,22,0,-27,1
09/27/2011 18:41:00,270,10,28,0,-26,1
09/27/2011 18:42:00,270,10,26,1,-25,1
09/27/2011 18:43:00,270,14,24,1,-23,1
09/27/2011 18:44:00,270,18,21,0,-21,1
09/27/2011 18:45:00,270,22,16,-1,-18,1
09/27/2011 18:46:00,270,26,15,-1,-17,1
09/27/2011 18:47:00,270,26,15,-1,-17,1
09/27/2011 18:48:00,270,27,13,-1,-17,1
09/27/2011 18:49:00,270,28,12,-1,-16,1
09/27/2011 18:50:00,270,27,10,-1,-17,1
09/27/2011 18:51:00,270,26,8,-1,-18,1
09/27/2011 18:52:00,270,25,7,-1,-19,1
09/27/2011 18:53:00,270,25,6,0,-19,1
09/27/2011 18:54:00,270,25,6,0,-20,1
09/27/2011 18:55:00,270,22,6,0,-21,1
09/27/2011 18:56:00,270,23,6,0,-21,1
09/27/2011 18:57:00,270,21,6,0,-23,1
09/27/2011 18:58:00,270,18,5,1,-24,1
09/27/2011 18:59:00,270,19,4,0,-24,1
09/27/2011 19:00:00,270,20,5,0,-26,1
09/27/2011 19:01:00,270,18,6,0,-29,1
09/27/2011 19:02:00,270,16,6,0,-32,1
09/27/2011 19:03:00,270,15,11,1,-32,1
09/27/2011 19:04:00,270,14,11,1,-32,1
09/27/2011 19:05:00,270,16,9,0,-31,1
09/27/2011 19:06:00,270,16,7,0,-30,1
09/27/2011 19:07:00,270,17,8,0,-29,1
09/27/2011 19:08:00,270,19,8,-1,-30,1
09/27/2011 19:09:00,270,19,8,0,-30,1
09/27/2011 19:10:00,270,20,10,-1,-30,1
09/27/2011 19:11:00,270,20,11,-1,-31,1
09/27/2011 19:12:00,270,19,12,-1,-32,1
09/27/2011 19:13:00,270,19,11,-1,-32,1
09/27/2011 19:14:00,270,20,11,-1,-32,1
09/27/2011 19:15:00,270,19,11,-1,-32,1
09/27/2011 19:16:00,270,18,13,-1,-33,1
09/27/2011 19:17:00,270,18,15,-1,-33,1
09/27/2011 19:18:00,270,20,13,-1,-32,1
09/27/2011 19:19:00,270,21,14,-2,-34,1
09/27/2011 19:20:00,270,21,14,-2,-36,1
09/27/2011 19:21:00,270,18,12,-2,-37,1
09/27/2011 19:22:00,270,18,11,-2,-37,1
09/27/2011 19:23:00,270,18,12,-2,-37,1
09/27/2011 19:24:00,270,18,14,-2,-36,1
09/27/2011 19:25:00,270,19,17,-2,-36,1
09/27/2011 19:26:00,270,18,17,-2,-36,1
09/27/2011 19:27:00,270,17,16,-2,-35,1
09/27/2011 19:28:00,270,16,16,-2,-34,1
09/27/2011 19:29:00,270,17,15,-2,-33,1
09/27/2011 19:30:00,270,18,13,-2,-31,1
09/27/2011 19:31:00,270,18,12,-2,-30,1
09/27/2011 19:32:00,270,21,10,-3,-30,1
09/27/2011 19:33:00,270,23,8,-4,-30,1
09/27/2011 19:34:00,270,23,8,-4,-31,1
09/27/2011 19:35:00,270,23,9,-3,-33,1
09/27/2011 19:36:00,270,21,10,-3,-34,1
09/27/2011 19:37:00,270,22,10,-3,-34,1
09/27/2011 19:38:00,270,21,14,-3,-33,1
09/27/2011 19:39:00,270,22,14,-3,-32,1
09/27/2011 19:40:00,270,21,14,-3,-31,1
09/27/2011 19:41:00,270,21,13,-3,-32,1
09/27/2011 19:42:00,270,21,11,-3,-32,1
09/27/2011 19:43:00,270,21,11,-3,-33,1
09/27/2011 19:44:00,270,20,11,-3,-34,1
09/27/2011 19:45:00,270,19,13,-3,-35,1
09/27/2011 19:46:00,270,18,15,-3,-35,1
09/27/2011 19:47:00,270,17,17,-3,-35,1
09/27/2011 19:48:00,270,15,18,-2,-34,1
09/27/2011 19:49:00,270,16,18,-2,-33,1
09/27/2011 19:50:00,270,17,16,-2,-31,1
09/27/2011 19:51:00,270,18,15,-3,-30,1
09/27/2011 19:52:00,270,17,14,-2,-30,1
09/27/2011 19:53:00,270,17,15,-3,-30,1
09/27/2011 19:54:00,270,16,13,-2,-30,1
09/27/2011 19:55:00,270,16,12,-3,-30,1
09/27/2011 19:56:00,270,16,12,-2,-30,1
09/27/2011 19:57:00,270,15,13,-2,-31,1
09/27/2011 19:58:00,270,15,12,-2,-32,1
09/27/2011 19:59:00,270,15,12,-2,-32,1
09/27/2011 20:00:00,270,15,13,-2,-32,1
09/27/2011 20:01:00,270,15,13,-2,-32,1
09/27/2011 20:02:00,270,14,13,-2,-32,1
09/27/2011 20:03:00,270,14,13,-2,-32,1
09/27/2011 20:04:00,270,14,13,-2,-32,1
09/27/2011 20:05:00,270,14,14,-2,-32,1
09/27/2011 20:06:00,270,14,13,-2,-32,1
09/27/2011 20:07:00,270,14,14,-2,-32,1
09/27/2011 20:08:00,270,14,15,-2,-32,1
09/27/2011 20:09:00,270,14,15,-2,-32,1
09/27/2011 20:10:00,270,14,15,-2,-33,1
09/27/2011 20:11:00,270,14,14,-2,-32,1
09/27/2011 20:12:00,270,14,12,-2,-32,1
09/27/2011 20:13:00,270,14,12,-2,-32,1
09/27/2011 20:14:00,270,15,13,-2,-32,1
09/27/2011 20:15:00,270,15,14,-2,-31,1
09/27/2011 20:16:00,270,15,14,-2,-31,1
09/27/2011 20:17:00,270,16,14,-2,-29,1
09/27/2011 20:18:00,270,16,12,-2,-29,1
09/27/2011 20:19:00,270,17,12,-2,-28,1
09/27/2011 20:20:00,270,15,12,-2,-29,1
09/27/2011 20:21:00,270,15,13,-2,-30,1
09/27/2011 20:22:00,270,14,13,-2,-31,1
09/27/2011 20:23:00,270,14,13,-2,-30,1
09/27/2011 20:24:00,270,14,13,-2,-30,1
09/27/2011 20:25:00,270,15,12,-2,-29,1
09/27/2011 20:26:00,270,16,13,-2,-28,1
09/27/2011 20:27:00,270,16,12,-2,-27,1
09/27/2011 20:28:00,270,15,12,-2,-27,1
09/27/2011 20:29:00,270,15,12,-2,-27,1
09/27/2011 20:30:00,270,14,12,-2,-27,1
09/27/2011 20:31:00,270,14,13,-2,-27,1
09/27/2011 20:32:00,270,14,12,-2,-26,1
09/27/2011 20:33:00,270,14,11,-2,-25,1
09/27/2011 20:34:00,270,14,12,-2,-25,1
09/27/2011 20:35:00,270,14,13,-2,-24,1
09/27/2011 20:36:00,270,13,13,-2,-24,1
09/27/2011 20:37:00,270,12,13,-2,-25,1
09/27/2011 20:38:00,270,13,13,-2,-24,1
09/27/2011 20:39:00,270,12,14,-2,-24,1
09/27/2011 20:40:00,270,12,14,-2,-23,1
09/27/2011 20:41:00,270,12,14,-2,-23,1
09/27/2011 20:42:00,270,12,13,-2,-22,1
09/27/2011 20:43:00,270,11,13,-2,-23,1
09/27/2011 20:44:00,270,12,13,-2,-23,1
09/27/2011 20:45:00,270,13,14,-2,-24,1
09/27/2011 20:46:00,270,11,15,-2,-25,1
09/27/2011 20:47:00,270,11,14,-2,-25,1
09/27/2011 20:48:00,270,12,14,-2,-25,1
09/27/2011 20:49:00,270,12,15,-2,-25,1
09/27/2011 20:50:00,270,13,14,-2,-24,1
09/27/2011 20:51:00,270,13,15,-2,-23,1
09/27/2011 20:52:00,270,12,14,-3,-23,1
09/27/2011 20:53:00,270,12,14,-2,-22,1
09/27/2011 20:54:00,270,11,15,-3,-20,1
09/27/2011 20:55:00,270,13,15,-3,-20,1
09/27/2011 20:56:00,270,12,15,-3,-19,1
09/27/2011 20:57:00,270,11,15,-3,-17,1
09/27/2011 20:58:00,270,10,16,-3,-16,1
09/27/2011 20:59:00,270,10,16,-3,-14,1
09/27/2011 21:00:00,270,9,16,-3,-11,1
09/27/2011 21:01:00,270,9,16,-3,-8,1
09/27/2011 21:02:00,270,9,14,-4,-6,1
09/27/2011 21:03:00,270,8,13,-3,-6,1
09/27/2011 21:04:00,270,13,13,-3,-4,1
09/27/2011 21:05:00,270,15,17,-4,-1,1
09/27/2011 21:06:00,270,18,18,-4,0,1
09/27/2011 21:07:00,270,21,20,-3,1,1
09/27/2011 21:08:00,270,22,20,-3,3,1
09/27/2011 21:09:00,270,23,22,-4,4,1
09/27/2011 21:10:00,270,25,22,-3,7,1
09/27/2011 21:11:00,270,30,25,-4,8,1
09/27/2011 21:12:00,270,34,28,-4,7,1
09/27/2011 21:13:00,270,34,26,-4,6,1
09/27/2011 21:14:00,270,32,24,-4,4,1
09/27/2011 21:15:00,270,31,23,-4,5,1
09/27/2011 21:16:00,270,30,21,-4,5,1
09/27/2011 21:17:00,270,29,22,-4,5,1
09/27/2011 21:18:00,270,28,21,-4,5,1
09/27/2011 21:19:00,270,25,19,-4,5,1
09/27/2011 21:20:00,270,23,20,-4,3,1
09/27/2011 21:21:00,270,22,22,-4,3,1
09/27/2011 21:22:00,270,20,22,-3,2,1
09/27/2011 21:23:00,270,17,23,-3,1,1
09/27/2011 21:24:00,270,14,23,-3,1,1
09/27/2011 21:25:00,270,18,22,-3,-1,1
09/27/2011 21:26:00,270,19,22,-4,-7,1
09/27/2011 21:27:00,270,22,23,-4,-9,1
09/27/2011 21:28:00,270,22,21,-4,-8,1
09/27/2011 21:29:00,270,23,21,-4,-9,1
09/27/2011 21:30:00,270,24,23,-4,-7,1
09/27/2011 21:31:00,270,21,22,-4,-6,1
09/27/2011 21:32:00,270,24,23,-4,-5,1
09/27/2011 21:33:00,270,22,21,-4,-3,1
09/27/2011 21:34:00,270,20,22,-4,-4,1
09/27/2011 21:35:00,270,20,23,-5,-7,1
09/27/2011 21:36:00,270,21,24,-5,-9,1
09/27/2011 21:37:00,270,21,24,-5,-8,1
09/27/2011 21:38:00,270,20,25,-5,-9,1
09/27/2011 21:39:00,270,18,24,-5,-8,1
09/27/2011 21:40:00,270,16,22,-5,-9,1
09/27/2011 21:41:00,270,17,23,-5,-9,1
09/27/2011 21:42:00,270,18,23,-5,-9,1
09/27/2011 21:43:00,270,18,23,-5,-9,1
09/27/2011 21:44:00,270,18,23,-5,-10,1
09/27/2011 21:45:00,270,16,23,-5,-10,1
09/27/2011 21:46:00,270,17,22,-5,-10,1
09/27/2011 21:47:00,270,16,22,-5,-10,1
09/27/2011 21:48:00,270,18,22,-5,-9,1
09/27/2011 21:49:00,270,19,22,-5,-8,1
09/27/2011 21:50:00,270,19,21,-5,-7,1
09/27/2011 21:51:00,270,19,22,-5,-7,1
09/27/2011 21:52:00,270,19,22,-5,-8,1
09/27/2011 21:53:00,270,19,24,-6,-10,1
09/27/2011 21:54:00,270,19,23,-6,-10,1
09/27/2011 21:55:00,270,18,24,-7,-10,1
09/27/2011 21:56:00,270,19,23,-7,-8,1
09/27/2011 21:57:00,270,21,25,-7,-7,1
09/27/2011 21:58:00,270,21,27,-7,-7,1
09/27/2011 21:59:00,270,22,26,-8,-8,1
09/27/2011 22:00:00,270,20,28,-8,-8,1
09/27/2011 22:01:00,270,20,29,-8,-9,1
09/27/2011 22:02:00,270,18,32,-9,-9,1
09/27/2011 22:03:00,270,16,36,-9,-9,1
09/27/2011 22:04:00,270,16,39,-10,-8,1
09/27/2011 22:05:00,270,12,44,-10,-7,1
09/27/2011 22:06:00,270,13,43,-10,-5,1
09/27/2011 22:07:00,270,16,46,-10,-4,1
09/27/2011 22:08:00,270,20,52,-10,-7,1
09/27/2011 22:09:00,270,20,51,-10,-8,1
09/27/2011 22:10:00,270,19,55,-10,-10,1
09/27/2011 22:11:00,270,17,56,-10,-9,1
09/27/2011 22:12:00,270,18,58,-10,-7,1
09/27/2011 22:13:00,270,19,60,-9,-5,1
09/27/2011 22:14:00,270,21,62,-9,-5,1
09/27/2011 22:15:00,270,24,63,-8,-5,1
09/27/2011 22:16:00,270,26,64,-8,-6,1
09/27/2011 22:17:00,270,27,65,-8,-5,1
09/27/2011 22:18:00,270,30,65,-7,-5,1
09/27/2011 22:19:00,270,32,64,-7,-5,1
09/27/2011 22:20:00,270,33,65,-7,-5,1
09/27/2011 22:21:00,270,35,68,-6,-6,1
09/27/2011 22:22:00,270,36,66,-5,-6,1
09/27/2011 22:23:00,270,34,63,-5,-4,1
09/27/2011 22:24:00,270,37,63,-4,-4,1
09/27/2011 22:25:00,270,37,64,-4,-5,1
09/27/2011 22:26:00,270,36,65,-3,-6,1
09/27/2011 22:27:00,270,35,67,-3,-7,1
09/27/2011 22:28:00,270,35,68,-3,-9,1
09/27/2011 22:29:00,270,39,68,-3,-9,1
09/27/2011 22:30:00,270,39,68,-3,-9,1
09/27/2011 22:31:00,270,43,74,-3,-10,1
09/27/2011 22:32:00,270,49,74,-1,-10,1
09/27/2011 22:33:00,270,49,77,-1,-10,1
09/27/2011 22:34:00,270,45,72,-1,-9,1
09/27/2011 22:35:00,270,50,73,-1,-11,1
09/27/2011 22:36:00,270,46,80,-2,-14,1
09/27/2011 22:37:00,270,41,79,-2,-12,1
09/27/2011 22:38:00,270,44,75,0,-12,1
09/27/2011 22:39:00,270,53,73,1,-12,1
09/27/2011 22:40:00,270,56,83,2,-15,1
09/27/2011 22:41:00,270,47,80,0,-14,1
09/27/2011 22:42:00,270,55,77,2,-13,1
09/27/2011 22:43:00,270,62,75,3,-15,1
09/27/2011 22:44:00,270,60,76,3,-15,1
09/27/2011 22:45:00,270,55,82,1,-17,1
09/27/2011 22:46:00,270,58,76,2,-17,1
09/27/2011 22:47:00,270,59,78,4,-18,1
09/27/2011 22:48:00,270,60,80,3,-17,1
09/27/2011 22:49:00,270,62,78,3,-18,1
09/27/2011 22:50:00,270,57,75,3,-16,1
09/27/2011 22:51:00,270,56,74,4,-15,1
09/27/2011 22:52:00,270,60,72,5,-14,1
09/27/2011 22:53:00,270,63,75,5,-17,1
09/27/2011 22:54:00,270,63,78,4,-18,1
09/27/2011 22:55:00,270,64,77,4,-22,1
09/27/2011 22:56:00,270,59,75,4,-22,1
09/27/2011 22:57:00,270,54,74,3,-23,1
09/27/2011 22:58:00,270,52,72,3,-22,1
09/27/2011 22:59:00,270,49,69,2,-22,1
09/27/2011 23:00:00,270,53,70,2,-22,1
09/27/2011 23:01:00,270,54,70,2,-22,1
09/27/2011 23:02:00,270,57,71,3,-22,1
09/27/2011 23:03:00,270,55,71,3,-23,1
09/27/2011 23:04:00,270,52,70,2,-24,1
09/27/2011 23:05:00,270,49,67,2,-21,1
09/27/2011 23:06:00,270,50,65,3,-20,1
09/27/2011 23:07:00,270,50,67,2,-20,1
09/27/2011 23:08:00,270,48,66,1,-19,1
09/27/2011 23:09:00,270,50,67,1,-19,1
09/27/2011 23:10:00,270,50,69,1,-22,1
09/27/2011 23:11:00,270,47,68,0,-23,1
09/27/2011 23:12:00,270,44,67,0,-21,1
09/27/2011 23:13:00,270,42,68,-1,-22,1
09/27/2011 23:14:00,270,39,67,-1,-20,1
09/27/2011 23:15:00,270,35,65,-1,-21,1
09/27/2011 23:16:00,270,35,64,-1,-21,1
09/27/2011 23:17:00,270,36,66,-1,-19,1
09/27/2011 23:18:00,270,36,64,-1,-19,1
09/27/2011 23:19:00,270,35,61,-1,-19,1
09/27/2011 23:20:00,270,33,60,-2,-18,1
09/27/2011 23:21:00,270,33,60,-2,-18,1
09/27/2011 23:22:00,270,34,58,-2,-19,1
09/27/2011 23:23:00,270,32,59,-2,-18,1
09/27/2011 23:24:00,270,32,59,-2,-18,1
09/27/2011 23:25:00,270,32,57,-2,-20,1
09/27/2011 23:26:00,270,29,55,-2,-17,1
09/27/2011 23:27:00,270,28,51,-3,-16,1
09/27/2011 23:28:00,270,30,51,-3,-16,1
09/27/2011 23:29:00,270,32,51,-2,-16,1
09/27/2011 23:30:00,270,32,51,-2,-16,1
09/27/2011 23:31:00,270,33,51,-3,-19,1
09/27/2011 23:32:00,270,37,52,-2,-19,1
09/27/2011 23:33:00,270,34,50,-3,-17,1
09/27/2011 23:34:00,270,33,49,-3,-16,1
09/27/2011 23:35:00,270,35,52,-2,-18,1
09/27/2011 23:36:00,270,40,53,-2,-18,1
09/27/2011 23:37:00,270,41,51,-2,-20,1
09/27/2011 23:38:00,270,33,47,-3,-17,1
09/27/2011 23:39:00,270,33,45,-3,-17,1
09/27/2011 23:40:00,270,32,45,-4,-17,1
09/27/2011 23:41:00,270,29,43,-4,-16,1
09/27/2011 23:42:00,270,32,40,-5,-18,1
09/27/2011 23:43:00,270,26,39,-5,-17,1
09/27/2011 23:44:00,270,26,37,-6,-17,1
09/27/2011 23:45:00,270,25,41,-6,-20,1
09/27/2011 23:46:00,270,24,44,-7,-21,1
09/27/2011 23:47:00,270,20,42,-7,-22,1
09/27/2011 23:48:00,270,20,39,-7,-23,1
09/27/2011 23:49:00,270,19,39,-8,-23,1
09/27/2011 23:50:00,270,18,39,-8,-24,1
09/27/2011 23:51:00,270,19,41,-8,-23,1
09/27/2011 23:52:00,270,19,42,-8,-24,1
09/27/2011 23:53:00,270,17,40,-9,-25,1
09/27/2011 23:54:00,270,16,41,-9,-25,1
09/27/2011 23:55:00,270,14,41,-10,-24,1
09/27/2011 23:56:00,270,15,39,-10,-22,1
09/27/2011 23:57:00,270,16,40,-10,-22,1
09/27/2011 23:58:00,270,17,40,-9,-22,1
09/27/2011 23:59:00,270,18,40,-9,-22,1
