DateTime,DOY,D_TEC,ASY_H,SYM_D,SYM_H,Location
02/12/2000 00:00:00,43,0,75,-9,0,1
02/12/2000 00:01:00,43,0,76,-9,-1,1
02/12/2000 00:02:00,43,8.853679516,76,-10,-2,1
02/12/2000 00:03:00,43,9.339411061,78,-10,-2,1
02/12/2000 00:04:00,43,9.825142606,79,-11,-5,1
02/12/2000 00:05:00,43,10.31087415,73,-12,-6,1
02/12/2000 00:06:00,43,10.7966057,67,-13,-7,1
02/12/2000 00:07:00,43,11.28233724,66,-13,-7,1
02/12/2000 00:08:00,43,11.28255019,67,-14,-8,1
02/12/2000 00:09:00,43,11.28276314,70,-14,-9,1
02/12/2000 00:10:00,43,11.28297609,74,-15,-11,1
02/12/2000 00:11:00,43,11.28318904,76,-15,-14,1
02/12/2000 00:12:00,43,11.28340199,80,-16,-16,1
02/12/2000 00:13:00,43,11.43097377,81,-16,-18,1
02/12/2000 00:14:00,43,11.57854555,83,-16,-18,1
02/12/2000 00:15:00,43,11.72611734,84,-15,-19,1
02/12/2000 00:16:00,43,11.87368912,84,-15,-20,1
02/12/2000 00:17:00,43,12.0212609,84,-15,-21,1
02/12/2000 00:18:00,43,12.21931334,83,-15,-22,1
02/12/2000 00:19:00,43,12.41736578,84,-15,-23,1
02/12/2000 00:20:00,43,12.61541822,84,-15,-23,1
02/12/2000 00:21:00,43,12.81347066,83,-14,-24,1
02/12/2000 00:22:00,43,13.0115231,78,-14,-25,1
02/12/2000 00:23:00,43,13.07715715,77,-14,-27,1
02/12/2000 00:24:00,43,13.1427912,77,-14,-27,1
02/12/2000 00:25:00,43,13.20842525,79,-14,-27,1
02/12/2000 00:26:00,43,13.2740593,79,-14,-27,1
02/12/2000 00:27:00,43,13.33969336,80,-14,-27,1
02/12/2000 00:28:00,43,13.36215636,81,-14,-27,1
02/12/2000 00:29:00,43,13.38461936,80,-14,-26,1
02/12/2000 00:30:00,43,13.40708237,82,-13,-26,1
02/12/2000 00:31:00,43,13.42954537,88,-14,-25,1
02/12/2000 00:32:00,43,13.45200837,91,-14,-24,1
02/12/2000 00:33:00,43,13.45214516,93,-13,-23,1
02/12/2000 00:34:00,43,13.45228195,94,-14,-24,1
02/12/2000 00:35:00,43,13.45241874,95,-14,-24,1
02/12/2000 00:36:00,43,13.45255554,96,-14,-25,1
02/12/2000 00:37:00,43,13.45269233,99,-14,-25,1
02/12/2000 00:38:00,43,13.44435206,99,-13,-25,1
02/12/2000 00:39:00,43,13.43601179,100,-13,-26,1
02/12/2000 00:40:00,43,13.42767153,101,-12,-27,1
02/12/2000 00:41:00,43,13.41933126,102,-12,-27,1
02/12/2000 00:42:00,43,13.410991,103,-11,-27,1
02/12/2000 00:43:00,43,13.32792277,105,-10,-29,1
02/12/2000 00:44:00,43,13.24485455,103,-10,-29,1
02/12/2000 00:45:00,43,13.16178633,103,-9,-31,1
02/12/2000 00:46:00,43,13.07871811,102,-9,-32,1
02/12/2000 00:47:00,43,12.99564988,100,-9,-34,1
02/12/2000 00:48:00,43,12.82035291,100,-9,-37,1
02/12/2000 00:49:00,43,12.64505594,97,-8,-37,1
02/12/2000 00:50:00,43,12.46975897,98,-8,-39,1
02/12/2000 00:51:00,43,12.294462,96,-9,-41,1
02/12/2000 00:52:00,43,12.11916502,95,-9,-43,1
02/12/2000 00:53:00,43,12.07662021,92,-9,-44,1
02/12/2000 00:54:00,43,12.0340754,91,-9,-44,1
02/12/2000 00:55:00,43,11.99153058,90,-9,-45,1
02/12/2000 00:56:00,43,11.94898577,90,-9,-45,1
02/12/2000 00:57:00,43,11.90644095,89,-10,-45,1
02/12/2000 00:58:00,43,11.88143281,86,-10,-44,1
02/12/2000 00:59:00,43,11.85642466,88,-10,-41,1
02/12/2000 01:00:00,43,11.83141651,89,-11,-41,1
02/12/2000 01:01:00,43,11.80640837,88,-11,-40,1
02/12/2000 01:02:00,43,11.78140022,85,-12,-40,1
02/12/2000 01:03:00,43,11.74015571,83,-13,-42,1
02/12/2000 01:04:00,43,11.69891121,80,-14,-43,1
02/12/2000 01:05:00,43,11.6576667,77,-16,-46,1
02/12/2000 01:06:00,43,11.61642219,73,-16,-46,1
02/12/2000 01:07:00,43,11.57517769,71,-17,-45,1
02/12/2000 01:08:00,43,11.5725737,71,-17,-46,1
02/12/2000 01:09:00,43,11.56996971,70,-17,-46,1
02/12/2000 01:10:00,43,11.56736573,68,-17,-46,1
02/12/2000 01:11:00,43,11.56476174,68,-17,-46,1
02/12/2000 01:12:00,43,11.56215776,68,-16,-45,1
02/12/2000 01:13:00,43,11.64222039,67,-16,-45,1
02/12/2000 01:14:00,43,11.72228302,66,-16,-44,1
02/12/2000 01:15:00,43,11.80234565,66,-16,-43,1
02/12/2000 01:16:00,43,11.88240828,66,-16,-42,1
02/12/2000 01:17:00,43,11.96247091,66,-15,-42,1
02/12/2000 01:18:00,43,11.99825186,65,-16,-42,1
02/12/2000 01:19:00,43,12.0340328,62,-16,-42,1
02/12/2000 01:20:00,43,12.06981375,61,-16,-42,1
02/12/2000 01:21:00,43,12.10559469,62,-16,-42,1
02/12/2000 01:22:00,43,12.14137563,62,-16,-41,1
02/12/2000 01:23:00,43,12.34081852,62,-16,-41,1
02/12/2000 01:24:00,43,12.54026141,62,-15,-41,1
02/12/2000 01:25:00,43,12.73970429,61,-15,-42,1
02/12/2000 01:26:00,43,12.93914718,58,-14,-41,1
02/12/2000 01:27:00,43,13.13859007,59,-14,-42,1
02/12/2000 01:28:00,43,13.2144633,57,-14,-44,1
02/12/2000 01:29:00,43,13.29033654,53,-13,-41,1
02/12/2000 01:30:00,43,13.36620977,54,-13,-41,1
02/12/2000 01:31:00,43,13.44208301,55,-11,-40,1
02/12/2000 01:32:00,43,13.51795624,55,-11,-39,1
02/12/2000 01:33:00,43,13.54628843,55,-10,-37,1
02/12/2000 01:34:00,43,13.57462061,57,-10,-36,1
02/12/2000 01:35:00,43,13.60295279,58,-9,-34,1
02/12/2000 01:36:00,43,13.63128497,58,-9,-33,1
02/12/2000 01:37:00,43,13.65961715,59,-8,-33,1
02/12/2000 01:38:00,43,13.68976597,59,-8,-33,1
02/12/2000 01:39:00,43,13.71991478,59,-8,-34,1
02/12/2000 01:40:00,43,13.75006359,58,-8,-34,1
02/12/2000 01:41:00,43,13.7802124,56,-8,-35,1
02/12/2000 01:42:00,43,13.81036121,56,-7,-35,1
02/12/2000 01:43:00,43,13.71053532,56,-7,-35,1
02/12/2000 01:44:00,43,13.61070943,56,-6,-33,1
02/12/2000 01:45:00,43,13.51088353,57,-6,-32,1
02/12/2000 01:46:00,43,13.41105764,58,-5,-31,1
02/12/2000 01:47:00,43,13.31123175,59,-5,-31,1
02/12/2000 01:48:00,43,13.20626279,58,-5,-30,1
02/12/2000 01:49:00,43,13.10129383,59,-5,-29,1
02/12/2000 01:50:00,43,12.99632487,62,-4,-28,1
02/12/2000 01:51:00,43,12.89135592,64,-4,-27,1
02/12/2000 01:52:00,43,12.78638696,66,-4,-27,1
02/12/2000 01:53:00,43,12.57702003,66,-5,-27,1
02/12/2000 01:54:00,43,12.36765309,66,-5,-26,1
02/12/2000 01:55:00,43,12.15828616,66,-5,-26,1
02/12/2000 01:56:00,43,11.94891923,66,-5,-25,1
02/12/2000 01:57:00,43,11.7395523,66,-5,-25,1
02/12/2000 01:58:00,43,11.65363005,67,-5,-26,1
02/12/2000 01:59:00,43,11.5677078,67,-6,-25,1
02/12/2000 02:00:00,43,11.48178556,68,-6,-27,1
02/12/2000 02:01:00,43,11.39586331,67,-6,-28,1
02/12/2000 02:02:00,43,11.30994106,67,-7,-29,1
02/12/2000 02:03:00,43,11.24444759,69,-7,-30,1
02/12/2000 02:04:00,43,11.17895412,69,-7,-31,1
02/12/2000 02:05:00,43,11.11346065,68,-7,-31,1
02/12/2000 02:06:00,43,11.04796717,69,-7,-31,1
02/12/2000 02:07:00,43,10.9824737,70,-7,-31,1
02/12/2000 02:08:00,43,10.99967538,68,-8,-30,1
02/12/2000 02:09:00,43,11.01687706,69,-8,-30,1
02/12/2000 02:10:00,43,11.03407874,69,-8,-31,1
02/12/2000 02:11:00,43,11.05128042,68,-9,-31,1
02/12/2000 02:12:00,43,11.0684821,67,-9,-32,1
02/12/2000 02:13:00,43,11.04385077,67,-9,-32,1
02/12/2000 02:14:00,43,11.01921944,66,-10,-33,1
02/12/2000 02:15:00,43,10.99458811,67,-10,-33,1
02/12/2000 02:16:00,43,10.96995678,67,-10,-34,1
02/12/2000 02:17:00,43,10.94532545,68,-10,-35,1
02/12/2000 02:18:00,43,10.83991265,68,-11,-36,1
02/12/2000 02:19:00,43,10.73449985,68,-11,-37,1
02/12/2000 02:20:00,43,10.62908705,69,-11,-38,1
02/12/2000 02:21:00,43,10.52367425,69,-12,-41,1
02/12/2000 02:22:00,43,10.41826145,67,-11,-44,1
02/12/2000 02:23:00,43,10.35160785,66,-11,-44,1
02/12/2000 02:24:00,43,10.28495425,67,-10,-45,1
02/12/2000 02:25:00,43,10.21830065,67,-10,-46,1
02/12/2000 02:26:00,43,10.15164705,68,-9,-47,1
02/12/2000 02:27:00,43,10.08499345,69,-9,-47,1
02/12/2000 02:28:00,43,9.977107609,69,-9,-47,1
02/12/2000 02:29:00,43,9.869221765,69,-10,-46,1
02/12/2000 02:30:00,43,9.761335922,69,-11,-46,1
02/12/2000 02:31:00,43,9.653450079,69,-11,-44,1
02/12/2000 02:32:00,43,9.545564235,71,-11,-45,1
02/12/2000 02:33:00,43,9.487494074,71,-12,-46,1
02/12/2000 02:34:00,43,9.429423913,70,-13,-47,1
02/12/2000 02:35:00,43,9.371353752,70,-13,-47,1
02/12/2000 02:36:00,43,9.313283591,72,-13,-47,1
02/12/2000 02:37:00,43,9.255213429,73,-13,-49,1
02/12/2000 02:38:00,43,9.084016574,73,-14,-49,1
02/12/2000 02:39:00,43,8.912819719,74,-15,-49,1
02/12/2000 02:40:00,43,8.741622864,75,-15,-50,1
02/12/2000 02:41:00,43,8.570426009,77,-14,-50,1
02/12/2000 02:42:00,43,8.399229154,80,-14,-48,1
02/12/2000 02:43:00,43,8.353611622,84,-13,-48,1
02/12/2000 02:44:00,43,8.307994091,85,-12,-47,1
02/12/2000 02:45:00,43,8.262376559,87,-11,-48,1
02/12/2000 02:46:00,43,8.216759028,86,-11,-50,1
02/12/2000 02:47:00,43,8.171141496,86,-11,-52,1
02/12/2000 02:48:00,43,8.062920178,87,-11,-55,1
02/12/2000 02:49:00,43,7.95469886,87,-11,-57,1
02/12/2000 02:50:00,43,7.846477542,88,-12,-59,1
02/12/2000 02:51:00,43,7.738256224,91,-11,-60,1
02/12/2000 02:52:00,43,7.630034906,91,-11,-62,1
02/12/2000 02:53:00,43,7.620798368,93,-10,-62,1
02/12/2000 02:54:00,43,7.61156183,95,-9,-63,1
02/12/2000 02:55:00,43,7.602325292,97,-8,-63,1
02/12/2000 02:56:00,43,7.593088754,97,-7,-62,1
02/12/2000 02:57:00,43,7.583852216,99,-6,-62,1
02/12/2000 02:58:00,43,7.517767859,100,-6,-61,1
02/12/2000 02:59:00,43,7.451683502,100,-6,-62,1
02/12/2000 03:00:00,43,7.385599145,98,-7,-62,1
02/12/2000 03:01:00,43,7.319514788,98,-7,-62,1
02/12/2000 03:02:00,43,7.253430431,97,-7,-63,1
02/12/2000 03:03:00,43,7.291684504,98,-7,-63,1
02/12/2000 03:04:00,43,7.329938577,97,-8,-63,1
02/12/2000 03:05:00,43,7.36819265,95,-8,-63,1
02/12/2000 03:06:00,43,7.406446723,95,-8,-62,1
02/12/2000 03:07:00,43,7.444700796,96,-7,-63,1
02/12/2000 03:08:00,43,7.554678281,95,-6,-64,1
02/12/2000 03:09:00,43,7.664655766,92,-6,-63,1
02/12/2000 03:10:00,43,7.774633251,92,-6,-62,1
02/12/2000 03:11:00,43,7.884610736,91,-5,-61,1
02/12/2000 03:12:00,43,7.994588221,91,-4,-61,1
02/12/2000 03:13:00,43,8.046234212,88,-4,-65,1
02/12/2000 03:14:00,43,8.097880203,81,-4,-67,1
02/12/2000 03:15:00,43,8.149526194,75,-4,-70,1
02/12/2000 03:16:00,43,8.201172184,69,-4,-71,1
02/12/2000 03:17:00,43,8.252818175,68,-4,-71,1
02/12/2000 03:18:00,43,8.299684175,67,-3,-71,1
02/12/2000 03:19:00,43,8.346550175,67,-2,-71,1
02/12/2000 03:20:00,43,8.393416175,66,-3,-69,1
02/12/2000 03:21:00,43,8.440282175,69,-2,-68,1
02/12/2000 03:22:00,43,8.487148175,70,-1,-68,1
02/12/2000 03:23:00,43,8.680961435,72,-1,-67,1
02/12/2000 03:24:00,43,8.874774696,72,-1,-64,1
02/12/2000 03:25:00,43,9.068587957,71,-1,-64,1
02/12/2000 03:26:00,43,9.262401218,72,-1,-63,1
02/12/2000 03:27:00,43,9.456214478,71,-1,-64,1
02/12/2000 03:28:00,43,9.543910516,70,-2,-64,1
02/12/2000 03:29:00,43,9.631606554,70,-3,-63,1
02/12/2000 03:30:00,43,9.719302592,69,-3,-62,1
02/12/2000 03:31:00,43,9.80699863,68,-3,-62,1
02/12/2000 03:32:00,43,9.894694668,67,-3,-62,1
02/12/2000 03:33:00,43,9.960721825,67,-3,-60,1
02/12/2000 03:34:00,43,10.02674898,66,-3,-60,1
02/12/2000 03:35:00,43,10.09277614,65,-3,-61,1
02/12/2000 03:36:00,43,10.1588033,64,-3,-61,1
02/12/2000 03:37:00,43,10.22483045,63,-2,-62,1
02/12/2000 03:38:00,43,10.32412333,62,-2,-64,1
02/12/2000 03:39:00,43,10.42341621,61,-2,-64,1
02/12/2000 03:40:00,43,10.52270908,61,-2,-64,1
02/12/2000 03:41:00,43,10.62200196,61,-2,-64,1
02/12/2000 03:42:00,43,10.72129484,60,-1,-64,1
02/12/2000 03:43:00,43,10.79659015,59,0,-65,1
02/12/2000 03:44:00,43,10.87188547,58,0,-66,1
02/12/2000 03:45:00,43,10.94718078,56,1,-66,1
02/12/2000 03:46:00,43,11.0224761,56,0,-66,1
02/12/2000 03:47:00,43,11.09777141,55,0,-66,1
02/12/2000 03:48:00,43,11.18477932,55,0,-66,1
02/12/2000 03:49:00,43,11.27178723,55,-1,-65,1
02/12/2000 03:50:00,43,11.35879514,55,-1,-65,1
02/12/2000 03:51:00,43,11.44580304,54,0,-64,1
02/12/2000 03:52:00,43,11.53281095,54,0,-63,1
02/12/2000 03:53:00,43,11.48168774,53,0,-62,1
02/12/2000 03:54:00,43,11.43056454,52,0,-61,1
02/12/2000 03:55:00,43,11.37944133,52,0,-61,1
02/12/2000 03:56:00,43,11.32831812,53,0,-61,1
02/12/2000 03:57:00,43,11.27719491,53,-1,-60,1
02/12/2000 03:58:00,43,11.2850312,54,0,-60,1
02/12/2000 03:59:00,43,11.29286748,54,0,-60,1
02/12/2000 04:00:00,43,11.30070376,55,0,-60,1
02/12/2000 04:01:00,43,11.30854005,55,0,-58,1
02/12/2000 04:02:00,43,11.31637633,55,1,-58,1
02/12/2000 04:03:00,43,11.27433665,53,1,-59,1
02/12/2000 04:04:00,43,11.23229697,53,1,-60,1
02/12/2000 04:05:00,43,11.19025729,53,1,-61,1
02/12/2000 04:06:00,43,11.14821762,54,1,-61,1
02/12/2000 04:07:00,43,11.10617794,55,1,-62,1
02/12/2000 04:08:00,43,11.0297938,55,1,-61,1
02/12/2000 04:09:00,43,10.95340966,54,1,-62,1
02/12/2000 04:10:00,43,10.87702553,54,1,-62,1
02/12/2000 04:11:00,43,10.80064139,54,1,-62,1
02/12/2000 04:12:00,43,10.72425725,55,1,-62,1
02/12/2000 04:13:00,43,10.6705158,55,1,-59,1
02/12/2000 04:14:00,43,10.61677434,55,0,-58,1
02/12/2000 04:15:00,43,10.56303289,55,0,-57,1
02/12/2000 04:16:00,43,10.50929143,54,1,-58,1
02/12/2000 04:17:00,43,10.45554997,53,1,-58,1
02/12/2000 04:18:00,43,10.35119995,54,1,-59,1
02/12/2000 04:19:00,43,10.24684993,55,1,-59,1
02/12/2000 04:20:00,43,10.14249991,55,2,-59,1
02/12/2000 04:21:00,43,10.03814989,55,2,-59,1
02/12/2000 04:22:00,43,9.933799866,55,1,-59,1
02/12/2000 04:23:00,43,9.926391405,54,1,-59,1
02/12/2000 04:24:00,43,9.918982944,55,1,-59,1
02/12/2000 04:25:00,43,9.911574484,54,1,-58,1
02/12/2000 04:26:00,43,9.904166023,53,1,-59,1
02/12/2000 04:27:00,43,9.896757562,53,2,-59,1
02/12/2000 04:28:00,43,9.929868178,52,2,-60,1
02/12/2000 04:29:00,43,9.962978794,52,2,-59,1
02/12/2000 04:30:00,43,9.99608941,52,2,-59,1
02/12/2000 04:31:00,43,10.02920003,51,2,-58,1
02/12/2000 04:32:00,43,10.06231064,52,2,-57,1
02/12/2000 04:33:00,43,10.04857872,51,2,-56,1
02/12/2000 04:34:00,43,10.03484681,50,2,-55,1
02/12/2000 04:35:00,43,10.02111489,50,2,-56,1
02/12/2000 04:36:00,43,10.00738297,50,2,-57,1
02/12/2000 04:37:00,43,9.993651054,51,2,-57,1
02/12/2000 04:38:00,43,10.02807821,52,2,-56,1
02/12/2000 04:39:00,43,10.06250537,52,2,-55,1
02/12/2000 04:40:00,43,10.09693253,51,3,-54,1
02/12/2000 04:41:00,43,10.13135969,51,2,-55,1
02/12/2000 04:42:00,43,10.16578685,51,2,-55,1
02/12/2000 04:43:00,43,10.16517758,52,3,-54,1
02/12/2000 04:44:00,43,10.16456832,51,3,-53,1
02/12/2000 04:45:00,43,10.16395906,51,3,-53,1
02/12/2000 04:46:00,43,10.1633498,51,3,-53,1
02/12/2000 04:47:00,43,10.16274053,51,2,-52,1
02/12/2000 04:48:00,43,10.09075708,51,2,-51,1
02/12/2000 04:49:00,43,10.01877363,50,2,-51,1
02/12/2000 04:50:00,43,9.946790174,50,2,-49,1
02/12/2000 04:51:00,43,9.874806721,50,2,-47,1
02/12/2000 04:52:00,43,9.802823268,50,2,-47,1
02/12/2000 04:53:00,43,9.693308319,49,2,-44,1
02/12/2000 04:54:00,43,9.583793369,47,2,-43,1
02/12/2000 04:55:00,43,9.474278419,46,2,-41,1
02/12/2000 04:56:00,43,9.36476347,45,2,-41,1
02/12/2000 04:57:00,43,9.25524852,46,2,-41,1
02/12/2000 04:58:00,43,9.184298009,48,3,-42,1
02/12/2000 04:59:00,43,9.113347499,49,3,-41,1
02/12/2000 05:00:00,43,9.042396989,51,3,-39,1
02/12/2000 05:01:00,43,8.971446478,52,3,-38,1
02/12/2000 05:02:00,43,8.900495968,51,3,-37,1
02/12/2000 05:03:00,43,8.899407331,51,3,-37,1
02/12/2000 05:04:00,43,8.898318694,53,3,-37,1
02/12/2000 05:05:00,43,8.897230058,54,3,-36,1
02/12/2000 05:06:00,43,8.896141421,54,3,-35,1
02/12/2000 05:07:00,43,8.895052784,54,3,-37,1
02/12/2000 05:08:00,43,8.881578385,54,3,-39,1
02/12/2000 05:09:00,43,8.868103986,56,3,-38,1
02/12/2000 05:10:00,43,8.854629587,57,3,-34,1
02/12/2000 05:11:00,43,8.841155188,57,4,-33,1
02/12/2000 05:12:00,43,8.827680789,55,4,-33,1
02/12/2000 05:13:00,43,8.788220777,55,4,-33,1
02/12/2000 05:14:00,43,8.748760765,57,3,-32,1
02/12/2000 05:15:00,43,8.709300753,57,3,-34,1
02/12/2000 05:16:00,43,8.669840741,59,4,-35,1
02/12/2000 05:17:00,43,8.630380729,60,4,-34,1
02/12/2000 05:18:00,43,8.626180163,61,4,-33,1
02/12/2000 05:19:00,43,8.621979598,60,3,-32,1
02/12/2000 05:20:00,43,8.617779032,59,4,-31,1
02/12/2000 05:21:00,43,8.613578466,59,3,-31,1
02/12/2000 05:22:00,43,8.609377901,59,4,-32,1
02/12/2000 05:23:00,43,8.66361815,59,4,-33,1
02/12/2000 05:24:00,43,8.717858399,59,3,-34,1
02/12/2000 05:25:00,43,8.772098647,60,3,-35,1
02/12/2000 05:26:00,43,8.826338896,61,3,-36,1
02/12/2000 05:27:00,43,8.880579145,62,3,-35,1
02/12/2000 05:28:00,43,8.798846702,62,2,-35,1
02/12/2000 05:29:00,43,8.717114258,62,2,-35,1
02/12/2000 05:30:00,43,8.635381814,63,2,-33,1
02/12/2000 05:31:00,43,8.55364937,61,2,-32,1
02/12/2000 05:32:00,43,8.471916927,61,2,-32,1
02/12/2000 05:33:00,43,8.501986552,60,2,-33,1
02/12/2000 05:34:00,43,8.532056177,61,2,-33,1
02/12/2000 05:35:00,43,8.562125803,62,2,-34,1
02/12/2000 05:36:00,43,8.592195428,61,2,-33,1
02/12/2000 05:37:00,43,8.622265053,60,2,-33,1
02/12/2000 05:38:00,43,8.695946315,60,2,-34,1
02/12/2000 05:39:00,43,8.769627576,57,3,-34,1
02/12/2000 05:40:00,43,8.843308838,58,3,-35,1
02/12/2000 05:41:00,43,8.916990099,57,3,-34,1
02/12/2000 05:42:00,43,8.990671361,58,3,-33,1
02/12/2000 05:43:00,43,8.940551934,59,3,-32,1
02/12/2000 05:44:00,43,8.890432507,58,2,-32,1
02/12/2000 05:45:00,43,8.84031308,58,2,-32,1
02/12/2000 05:46:00,43,8.790193653,58,2,-33,1
02/12/2000 05:47:00,43,8.740074227,59,3,-31,1
02/12/2000 05:48:00,43,8.763156051,58,2,-29,1
02/12/2000 05:49:00,43,8.786237875,57,2,-27,1
02/12/2000 05:50:00,43,8.8093197,56,2,-28,1
02/12/2000 05:51:00,43,8.832401524,56,2,-28,1
02/12/2000 05:52:00,43,8.855483349,57,1,-28,1
02/12/2000 05:53:00,43,8.748884345,56,1,-31,1
02/12/2000 05:54:00,43,8.642285342,59,3,-34,1
02/12/2000 05:55:00,43,8.535686338,58,3,-34,1
02/12/2000 05:56:00,43,8.429087335,61,3,-32,1
02/12/2000 05:57:00,43,8.322488331,60,2,-30,1
02/12/2000 05:58:00,43,8.218459342,61,2,-31,1
02/12/2000 05:59:00,43,8.114430352,60,2,-31,1
02/12/2000 06:00:00,43,8.010401363,61,2,-31,1
02/12/2000 06:01:00,43,7.906372373,59,2,-33,1
02/12/2000 06:02:00,43,7.802343383,58,2,-40,1
02/12/2000 06:03:00,43,7.785756158,61,3,-45,1
02/12/2000 06:04:00,43,7.769168933,65,3,-42,1
02/12/2000 06:05:00,43,7.752581708,63,3,-41,1
02/12/2000 06:06:00,43,7.735994483,62,4,-36,1
02/12/2000 06:07:00,43,7.719407258,56,5,-32,1
02/12/2000 06:08:00,43,7.688410278,53,4,-30,1
02/12/2000 06:09:00,43,7.657413298,53,4,-34,1
02/12/2000 06:10:00,43,7.626416317,55,3,-37,1
02/12/2000 06:11:00,43,7.595419337,59,3,-37,1
02/12/2000 06:12:00,43,7.564422357,60,2,-36,1
02/12/2000 06:13:00,43,7.470817487,59,2,-36,1
02/12/2000 06:14:00,43,7.377212616,57,2,-38,1
02/12/2000 06:15:00,43,7.283607746,57,3,-41,1
02/12/2000 06:16:00,43,7.190002875,57,3,-43,1
02/12/2000 06:17:00,43,7.096398005,58,4,-42,1
02/12/2000 06:18:00,43,7.060931356,57,3,-43,1
02/12/2000 06:19:00,43,7.025464708,54,3,-48,1
02/12/2000 06:20:00,43,6.989998059,57,4,-48,1
02/12/2000 06:21:00,43,6.95453141,56,4,-46,1
02/12/2000 06:22:00,43,6.919064762,54,4,-47,1
02/12/2000 06:23:00,43,6.87338958,56,4,-42,1
02/12/2000 06:24:00,43,6.827714397,52,4,-36,1
02/12/2000 06:25:00,43,6.782039215,49,4,-34,1
02/12/2000 06:26:00,43,6.736364033,47,5,-35,1
02/12/2000 06:27:00,43,6.690688851,45,5,-36,1
02/12/2000 06:28:00,43,6.714437018,43,6,-39,1
02/12/2000 06:29:00,43,6.738185186,43,7,-43,1
02/12/2000 06:30:00,43,6.761933353,45,7,-46,1
02/12/2000 06:31:00,43,6.78568152,45,7,-46,1
02/12/2000 06:32:00,43,6.809429688,43,7,-48,1
02/12/2000 06:33:00,43,6.771337845,41,7,-50,1
02/12/2000 06:34:00,43,6.733246002,41,7,-51,1
02/12/2000 06:35:00,43,6.695154159,38,7,-51,1
02/12/2000 06:36:00,43,6.657062317,38,7,-50,1
02/12/2000 06:37:00,43,6.618970474,37,7,-50,1
02/12/2000 06:38:00,43,6.587845709,36,7,-50,1
02/12/2000 06:39:00,43,6.556720944,35,7,-50,1
02/12/2000 06:40:00,43,6.525596179,36,7,-49,1
02/12/2000 06:41:00,43,6.494471415,36,7,-48,1
02/12/2000 06:42:00,43,6.46334665,35,7,-46,1
02/12/2000 06:43:00,43,6.492098251,35,7,-45,1
02/12/2000 06:44:00,43,6.520849853,36,6,-44,1
02/12/2000 06:45:00,43,6.549601454,34,6,-45,1
02/12/2000 06:46:00,43,6.578353056,33,7,-45,1
02/12/2000 06:47:00,43,6.607104658,31,7,-46,1
02/12/2000 06:48:00,43,6.596971457,31,7,-45,1
02/12/2000 06:49:00,43,6.586838257,34,7,-45,1
02/12/2000 06:50:00,43,6.576705057,35,6,-43,1
02/12/2000 06:51:00,43,6.566571856,38,6,-41,1
02/12/2000 06:52:00,43,6.556438656,38,6,-39,1
02/12/2000 06:53:00,43,6.526153532,40,5,-38,1
02/12/2000 06:54:00,43,6.495868407,40,5,-35,1
02/12/2000 06:55:00,43,6.465583283,39,5,-32,1
02/12/2000 06:56:00,43,6.435298159,36,4,-35,1
02/12/2000 06:57:00,43,6.405013034,37,4,-42,1
02/12/2000 06:58:00,43,6.391228355,36,5,-44,1
02/12/2000 06:59:00,43,6.377443675,33,5,-43,1
02/12/2000 07:00:00,43,6.363658996,32,5,-41,1
02/12/2000 07:01:00,43,6.349874316,33,4,-41,1
02/12/2000 07:02:00,43,6.336089637,32,4,-40,1
02/12/2000 07:03:00,43,6.283174093,32,4,-39,1
02/12/2000 07:04:00,43,6.230258549,31,3,-39,1
02/12/2000 07:05:00,43,6.177343005,28,4,-40,1
02/12/2000 07:06:00,43,6.124427461,27,4,-41,1
02/12/2000 07:07:00,43,6.071511917,27,4,-42,1
02/12/2000 07:08:00,43,6.050391709,28,4,-42,1
02/12/2000 07:09:00,43,6.029271502,28,3,-42,1
02/12/2000 07:10:00,43,6.008151295,26,3,-42,1
02/12/2000 07:11:00,43,5.987031087,25,3,-42,1
02/12/2000 07:12:00,43,5.96591088,24,3,-41,1
02/12/2000 07:13:00,43,5.930342844,23,3,-41,1
02/12/2000 07:14:00,43,5.894774809,22,3,-41,1
02/12/2000 07:15:00,43,5.859206773,21,3,-41,1
02/12/2000 07:16:00,43,5.823638737,19,3,-40,1
02/12/2000 07:17:00,43,5.788070701,19,3,-40,1
02/12/2000 07:18:00,43,5.77605059,19,3,-41,1
02/12/2000 07:19:00,43,5.764030479,18,3,-41,1
02/12/2000 07:20:00,43,5.752010368,20,3,-41,1
02/12/2000 07:21:00,43,5.739990256,21,3,-41,1
02/12/2000 07:22:00,43,5.727970145,21,3,-42,1
02/12/2000 07:23:00,43,5.725268852,25,4,-39,1
02/12/2000 07:24:00,43,5.722567558,23,4,-37,1
02/12/2000 07:25:00,43,5.719866265,24,3,-39,1
02/12/2000 07:26:00,43,5.717164971,22,4,-41,1
02/12/2000 07:27:00,43,5.714463678,20,4,-42,1
02/12/2000 07:28:00,43,5.686445258,21,5,-43,1
02/12/2000 07:29:00,43,5.658426838,22,5,-41,1
02/12/2000 07:30:00,43,5.630408418,22,5,-39,1
02/12/2000 07:31:00,43,5.602389998,22,5,-39,1
02/12/2000 07:32:00,43,5.574371578,22,5,-39,1
02/12/2000 07:33:00,43,5.59577911,23,5,-39,1
02/12/2000 07:34:00,43,5.617186642,24,5,-39,1
02/12/2000 07:35:00,43,5.638594174,24,6,-38,1
02/12/2000 07:36:00,43,5.660001705,24,6,-39,1
02/12/2000 07:37:00,43,5.681409237,25,6,-39,1
02/12/2000 07:38:00,43,5.679271801,27,7,-33,1
02/12/2000 07:39:00,43,5.677134364,25,6,-31,1
02/12/2000 07:40:00,43,5.674996927,27,6,-31,1
02/12/2000 07:41:00,43,5.672859491,27,6,-32,1
02/12/2000 07:42:00,43,5.670722054,29,6,-32,1
02/12/2000 07:43:00,43,5.658143985,30,6,-32,1
02/12/2000 07:44:00,43,5.645565917,31,6,-31,1
02/12/2000 07:45:00,43,5.632987848,31,6,-31,1
02/12/2000 07:46:00,43,5.62040978,30,6,-31,1
02/12/2000 07:47:00,43,5.607831711,30,6,-35,1
02/12/2000 07:48:00,43,5.533797182,32,6,-38,1
02/12/2000 07:49:00,43,5.459762653,31,6,-39,1
02/12/2000 07:50:00,43,5.385728124,33,6,-44,1
02/12/2000 07:51:00,43,5.311693594,34,6,-45,1
02/12/2000 07:52:00,43,5.237659065,35,6,-43,1
02/12/2000 07:53:00,43,5.240099965,33,6,-41,1
02/12/2000 07:54:00,43,5.242540865,31,6,-39,1
02/12/2000 07:55:00,43,5.244981765,32,6,-38,1
02/12/2000 07:56:00,43,5.247422665,37,5,-38,1
02/12/2000 07:57:00,43,5.249863565,39,5,-37,1
02/12/2000 07:58:00,43,5.255232277,38,5,-40,1
02/12/2000 07:59:00,43,5.260600988,48,4,-44,1
02/12/2000 08:00:00,43,5.265969699,42,5,-40,1
02/12/2000 08:01:00,43,5.271338411,34,4,-38,1
02/12/2000 08:02:00,43,5.276707122,35,3,-32,1
02/12/2000 08:03:00,43,5.24060603,31,3,-29,1
02/12/2000 08:04:00,43,5.204504938,34,2,-29,1
02/12/2000 08:05:00,43,5.168403846,34,3,-26,1
02/12/2000 08:06:00,43,5.132302755,34,2,-22,1
02/12/2000 08:07:00,43,5.096201663,37,2,-18,1
02/12/2000 08:08:00,43,5.082679215,39,2,-17,1
02/12/2000 08:09:00,43,5.069156766,44,2,-18,1
02/12/2000 08:10:00,43,5.055634318,50,2,-19,1
02/12/2000 08:11:00,43,5.042111869,51,2,-20,1
02/12/2000 08:12:00,43,5.028589421,49,1,-23,1
02/12/2000 08:13:00,43,4.953830278,50,1,-26,1
02/12/2000 08:14:00,43,4.879071136,48,1,-26,1
02/12/2000 08:15:00,43,4.804311993,48,1,-27,1
02/12/2000 08:16:00,43,4.729552851,51,0,-27,1
02/12/2000 08:17:00,43,4.654793708,47,0,-27,1
02/12/2000 08:18:00,43,4.661154047,47,0,-28,1
02/12/2000 08:19:00,43,4.667514386,49,0,-29,1
02/12/2000 08:20:00,43,4.673874725,51,0,-30,1
02/12/2000 08:21:00,43,4.680235064,51,0,-30,1
02/12/2000 08:22:00,43,4.686595403,49,0,-31,1
02/12/2000 08:23:00,43,4.687599437,48,0,-33,1
02/12/2000 08:24:00,43,4.688603471,50,0,-35,1
02/12/2000 08:25:00,43,4.689607504,46,0,-37,1
02/12/2000 08:26:00,43,4.690611538,44,0,-35,1
02/12/2000 08:27:00,43,4.691615572,43,0,-36,1
02/12/2000 08:28:00,43,4.661809931,42,0,-37,1
02/12/2000 08:29:00,43,4.632004291,42,0,-37,1
02/12/2000 08:30:00,43,4.602198651,47,-2,-34,1
02/12/2000 08:31:00,43,4.572393011,42,-2,-34,1
02/12/2000 08:32:00,43,4.542587371,37,-1,-35,1
02/12/2000 08:33:00,43,4.495772724,40,0,-35,1
02/12/2000 08:34:00,43,4.448958077,47,-1,-32,1
02/12/2000 08:35:00,43,4.402143431,46,-1,-30,1
02/12/2000 08:36:00,43,4.355328784,54,-1,-35,1
02/12/2000 08:37:00,43,4.308514137,55,-1,-37,1
02/12/2000 08:38:00,43,4.348200852,61,-1,-39,1
02/12/2000 08:39:00,43,4.387887568,62,-1,-42,1
02/12/2000 08:40:00,43,4.427574283,62,-1,-43,1
02/12/2000 08:41:00,43,4.467260998,62,0,-45,1
02/12/2000 08:42:00,43,4.506947713,64,0,-48,1
02/12/2000 08:43:00,43,4.535032847,62,0,-49,1
02/12/2000 08:44:00,43,4.563117981,62,-1,-51,1
02/12/2000 08:45:00,43,4.591203115,61,-1,-52,1
02/12/2000 08:46:00,43,4.619288249,59,-2,-52,1
02/12/2000 08:47:00,43,4.647373383,59,-2,-53,1
02/12/2000 08:48:00,43,4.885665536,59,-3,-53,1
02/12/2000 08:49:00,43,5.123957688,58,-5,-52,1
02/12/2000 08:50:00,43,5.36224984,58,-6,-51,1
02/12/2000 08:51:00,43,5.600541992,67,-8,-50,1
02/12/2000 08:52:00,43,5.838834144,70,-9,-50,1
02/12/2000 08:53:00,43,5.818457413,74,-10,-52,1
02/12/2000 08:54:00,43,5.798080683,79,-11,-53,1
02/12/2000 08:55:00,43,5.777703952,83,-12,-55,1
02/12/2000 08:56:00,43,5.757327221,83,-12,-59,1
02/12/2000 08:57:00,43,5.73695049,85,-13,-62,1
02/12/2000 08:58:00,43,5.65845574,87,-12,-63,1
02/12/2000 08:59:00,43,5.579960989,90,-12,-65,1
02/12/2000 09:00:00,43,5.501466239,90,-11,-67,1
02/12/2000 09:01:00,43,5.422971488,89,-11,-69,1
02/12/2000 09:02:00,43,5.344476738,92,-10,-70,1
02/12/2000 09:03:00,43,5.277943721,94,-9,-72,1
02/12/2000 09:04:00,43,5.211410704,96,-9,-73,1
02/12/2000 09:05:00,43,5.144877687,102,-8,-73,1
02/12/2000 09:06:00,43,5.07834467,103,-7,-73,1
02/12/2000 09:07:00,43,5.011811653,107,-7,-72,1
02/12/2000 09:08:00,43,4.935517458,110,-5,-69,1
02/12/2000 09:09:00,43,4.859223263,112,-6,-70,1
02/12/2000 09:10:00,43,4.782929068,114,-5,-73,1
02/12/2000 09:11:00,43,4.706634873,111,-5,-75,1
02/12/2000 09:12:00,43,4.630340677,115,-4,-76,1
02/12/2000 09:13:00,43,4.568597913,116,-4,-72,1
02/12/2000 09:14:00,43,4.506855149,115,-4,-70,1
02/12/2000 09:15:00,43,4.445112385,116,-4,-73,1
02/12/2000 09:16:00,43,4.383369621,118,-4,-74,1
02/12/2000 09:17:00,43,4.321626856,121,-4,-75,1
02/12/2000 09:18:00,43,4.276015388,122,-4,-76,1
02/12/2000 09:19:00,43,4.23040392,123,-4,-75,1
02/12/2000 09:20:00,43,4.184792452,123,-4,-75,1
02/12/2000 09:21:00,43,4.139180983,120,-4,-75,1
02/12/2000 09:22:00,43,4.093569515,119,-4,-76,1
02/12/2000 09:23:00,43,4.006494888,118,-3,-76,1
02/12/2000 09:24:00,43,3.919420261,115,-4,-76,1
02/12/2000 09:25:00,43,3.832345635,114,-3,-75,1
02/12/2000 09:26:00,43,3.745271008,114,-4,-75,1
02/12/2000 09:27:00,43,3.658196381,112,-4,-75,1
02/12/2000 09:28:00,43,3.614327325,109,-4,-75,1
02/12/2000 09:29:00,43,3.570458269,108,-4,-76,1
02/12/2000 09:30:00,43,3.526589212,106,-4,-78,1
02/12/2000 09:31:00,43,3.482720156,103,-5,-79,1
02/12/2000 09:32:00,43,3.4388511,98,-5,-78,1
02/12/2000 09:33:00,43,3.358707998,96,-5,-79,1
02/12/2000 09:34:00,43,3.278564895,92,-5,-80,1
02/12/2000 09:35:00,43,3.198421793,92,-5,-80,1
02/12/2000 09:36:00,43,3.11827869,92,-4,-80,1
02/12/2000 09:37:00,43,3.038135588,93,-4,-80,1
02/12/2000 09:38:00,43,2.984662637,93,-4,-80,1
02/12/2000 09:39:00,43,2.931189686,93,-3,-79,1
02/12/2000 09:40:00,43,2.877716735,93,-3,-79,1
02/12/2000 09:41:00,43,2.824243784,93,-3,-79,1
02/12/2000 09:42:00,43,2.770770833,97,-2,-80,1
02/12/2000 09:43:00,43,2.722672378,100,-1,-80,1
02/12/2000 09:44:00,43,2.674573923,99,0,-81,1
02/12/2000 09:45:00,43,2.626475468,102,1,-81,1
02/12/2000 09:46:00,43,2.578377013,102,1,-80,1
02/12/2000 09:47:00,43,2.530278558,102,2,-80,1
02/12/2000 09:48:00,43,2.509735222,103,2,-81,1
02/12/2000 09:49:00,43,2.489191886,103,3,-81,1
02/12/2000 09:50:00,43,2.468648549,103,2,-81,1
02/12/2000 09:51:00,43,2.448105213,100,3,-77,1
02/12/2000 09:52:00,43,2.427561877,104,3,-75,1
02/12/2000 09:53:00,43,2.421517024,104,3,-75,1
02/12/2000 09:54:00,43,2.41547217,107,3,-77,1
02/12/2000 09:55:00,43,2.409427316,106,3,-78,1
02/12/2000 09:56:00,43,2.403382463,108,4,-79,1
02/12/2000 09:57:00,43,2.397337609,114,4,-81,1
02/12/2000 09:58:00,43,2.395478214,116,5,-82,1
02/12/2000 09:59:00,43,2.39361882,118,5,-84,1
02/12/2000 10:00:00,43,2.391759425,120,5,-87,1
02/12/2000 10:01:00,43,2.38990003,121,5,-91,1
02/12/2000 10:02:00,43,2.388040635,123,6,-93,1
02/12/2000 10:03:00,43,2.348438126,125,6,-95,1
02/12/2000 10:04:00,43,2.308835618,128,7,-97,1
02/12/2000 10:05:00,43,2.269233109,133,7,-103,1
02/12/2000 10:06:00,43,2.229630601,131,8,-107,1
02/12/2000 10:07:00,43,2.190028092,131,9,-109,1
02/12/2000 10:08:00,43,2.202091055,132,10,-111,1
02/12/2000 10:09:00,43,2.214154019,132,10,-111,1
02/12/2000 10:10:00,43,2.226216982,133,12,-111,1
02/12/2000 10:11:00,43,2.238279945,131,12,-110,1
02/12/2000 10:12:00,43,2.250342909,129,12,-109,1
02/12/2000 10:13:00,43,2.27517781,131,13,-110,1
02/12/2000 10:14:00,43,2.300012711,132,13,-111,1
02/12/2000 10:15:00,43,2.324847611,133,14,-111,1
02/12/2000 10:16:00,43,2.349682512,134,15,-110,1
02/12/2000 10:17:00,43,2.374517413,133,16,-108,1
02/12/2000 10:18:00,43,2.444854616,134,17,-106,1
02/12/2000 10:19:00,43,2.515191818,135,18,-104,1
02/12/2000 10:20:00,43,2.58552902,139,18,-103,1
02/12/2000 10:21:00,43,2.655866223,143,19,-103,1
02/12/2000 10:22:00,43,2.726203425,146,19,-102,1
02/12/2000 10:23:00,43,2.717193495,147,19,-102,1
02/12/2000 10:24:00,43,2.708183565,149,17,-103,1
02/12/2000 10:25:00,43,2.699173634,152,16,-106,1
02/12/2000 10:26:00,43,2.690163704,158,16,-109,1
02/12/2000 10:27:00,43,2.681153774,164,15,-110,1
02/12/2000 10:28:00,43,2.718286087,167,15,-111,1
02/12/2000 10:29:00,43,2.7554184,168,15,-113,1
02/12/2000 10:30:00,43,2.792550713,170,15,-116,1
02/12/2000 10:31:00,43,2.829683026,170,15,-117,1
02/12/2000 10:32:00,43,2.866815339,169,15,-119,1
02/12/2000 10:33:00,43,2.932320807,169,15,-121,1
02/12/2000 10:34:00,43,2.997826275,165,15,-121,1
02/12/2000 10:35:00,43,3.063331743,165,15,-123,1
02/12/2000 10:36:00,43,3.12883721,165,14,-125,1
02/12/2000 10:37:00,43,3.194342678,166,14,-127,1
02/12/2000 10:38:00,43,3.213632797,165,13,-129,1
02/12/2000 10:39:00,43,3.232922916,161,13,-130,1
02/12/2000 10:40:00,43,3.252213035,157,12,-132,1
02/12/2000 10:41:00,43,3.271503154,152,11,-134,1
02/12/2000 10:42:00,43,3.290793273,154,10,-138,1
02/12/2000 10:43:00,43,3.27718778,150,10,-139,1
02/12/2000 10:44:00,43,3.263582288,150,10,-140,1
02/12/2000 10:45:00,43,3.249976795,151,9,-141,1
02/12/2000 10:46:00,43,3.236371303,150,9,-142,1
02/12/2000 10:47:00,43,3.22276581,149,8,-143,1
02/12/2000 10:48:00,43,3.261203198,148,6,-143,1
02/12/2000 10:49:00,43,3.299640585,146,5,-145,1
02/12/2000 10:50:00,43,3.338077973,145,5,-146,1
02/12/2000 10:51:00,43,3.37651536,145,5,-147,1
02/12/2000 10:52:00,43,3.414952747,145,4,-148,1
02/12/2000 10:53:00,43,3.401494448,142,3,-149,1
02/12/2000 10:54:00,43,3.388036148,144,3,-151,1
02/12/2000 10:55:00,43,3.374577849,144,2,-153,1
02/12/2000 10:56:00,43,3.361119549,142,2,-153,1
02/12/2000 10:57:00,43,3.34766125,140,1,-153,1
02/12/2000 10:58:00,43,3.390348577,139,0,-155,1
02/12/2000 10:59:00,43,3.433035904,138,-1,-155,1
02/12/2000 11:00:00,43,3.47572323,135,-2,-155,1
02/12/2000 11:01:00,43,3.518410557,133,-3,-154,1
02/12/2000 11:02:00,43,3.561097884,131,-4,-155,1
02/12/2000 11:03:00,43,3.576623717,127,-5,-154,1
02/12/2000 11:04:00,43,3.59214955,126,-5,-155,1
02/12/2000 11:05:00,43,3.607675383,128,-6,-155,1
02/12/2000 11:06:00,43,3.623201216,133,-7,-155,1
02/12/2000 11:07:00,43,3.638727049,137,-8,-154,1
02/12/2000 11:08:00,43,3.596473757,139,-8,-153,1
02/12/2000 11:09:00,43,3.554220465,138,-8,-152,1
02/12/2000 11:10:00,43,3.511967173,136,-8,-150,1
02/12/2000 11:11:00,43,3.469713882,135,-8,-150,1
02/12/2000 11:12:00,43,3.42746059,138,-9,-149,1
02/12/2000 11:13:00,43,3.557128127,139,-8,-149,1
02/12/2000 11:14:00,43,3.686795664,139,-8,-149,1
02/12/2000 11:15:00,43,3.8164632,138,-7,-149,1
02/12/2000 11:16:00,43,3.946130737,138,-6,-149,1
02/12/2000 11:17:00,43,4.075798274,139,-5,-151,1
02/12/2000 11:18:00,43,4.123030219,137,-4,-152,1
02/12/2000 11:19:00,43,4.170262164,139,-3,-153,1
02/12/2000 11:20:00,43,4.21749411,141,-3,-154,1
02/12/2000 11:21:00,43,4.264726055,143,-2,-154,1
02/12/2000 11:22:00,43,4.311958,146,-1,-153,1
02/12/2000 11:23:00,43,4.337252195,147,0,-154,1
02/12/2000 11:24:00,43,4.362546391,147,0,-154,1
02/12/2000 11:25:00,43,4.387840586,147,0,-153,1
02/12/2000 11:26:00,43,4.413134781,147,0,-153,1
02/12/2000 11:27:00,43,4.438428977,145,0,-154,1
02/12/2000 11:28:00,43,4.422676582,143,1,-155,1
02/12/2000 11:29:00,43,4.406924186,140,2,-155,1
02/12/2000 11:30:00,43,4.391171791,136,2,-157,1
02/12/2000 11:31:00,43,4.375419396,132,3,-158,1
02/12/2000 11:32:00,43,4.359667001,126,3,-160,1
02/12/2000 11:33:00,43,4.467379699,125,4,-162,1
02/12/2000 11:34:00,43,4.575092398,126,5,-165,1
02/12/2000 11:35:00,43,4.682805096,127,6,-165,1
02/12/2000 11:36:00,43,4.790517794,129,8,-164,1
02/12/2000 11:37:00,43,4.898230493,131,8,-164,1
02/12/2000 11:38:00,43,4.998006091,131,9,-164,1
02/12/2000 11:39:00,43,5.09778169,132,10,-161,1
02/12/2000 11:40:00,43,5.197557288,131,11,-161,1
02/12/2000 11:41:00,43,5.297332887,129,12,-161,1
02/12/2000 11:42:00,43,5.397108485,133,13,-160,1
02/12/2000 11:43:00,43,5.529560149,135,13,-160,1
02/12/2000 11:44:00,43,5.662011813,138,14,-160,1
02/12/2000 11:45:00,43,5.794463476,139,14,-159,1
02/12/2000 11:46:00,43,5.92691514,140,15,-158,1
02/12/2000 11:47:00,43,6.059366804,140,13,-159,1
02/12/2000 11:48:00,43,6.043798797,139,12,-163,1
02/12/2000 11:49:00,43,6.028230791,141,11,-162,1
02/12/2000 11:50:00,43,6.012662785,147,10,-160,1
02/12/2000 11:51:00,43,5.997094779,150,8,-160,1
02/12/2000 11:52:00,43,5.981526773,152,6,-157,1
02/12/2000 11:53:00,43,5.998055851,154,6,-153,1
02/12/2000 11:54:00,43,6.014584928,155,6,-148,1
02/12/2000 11:55:00,43,6.031114005,155,4,-145,1
02/12/2000 11:56:00,43,6.047643083,157,2,-148,1
02/12/2000 11:57:00,43,6.06417216,159,1,-150,1
02/12/2000 11:58:00,43,6.071549194,165,0,-150,1
02/12/2000 11:59:00,43,6.078926227,171,0,-149,1
02/12/2000 12:00:00,43,6.086303261,173,0,-146,1
02/12/2000 12:01:00,43,6.093680294,170,-1,-145,1
02/12/2000 12:02:00,43,6.101057328,170,-1,-143,1
02/12/2000 12:03:00,43,6.052146641,174,-1,-142,1
02/12/2000 12:04:00,43,6.003235955,177,-1,-141,1
02/12/2000 12:05:00,43,5.954325269,176,-1,-141,1
02/12/2000 12:06:00,43,5.905414583,176,-1,-142,1
02/12/2000 12:07:00,43,5.856503896,176,-2,-143,1
02/12/2000 12:08:00,43,5.805859957,177,-2,-142,1
02/12/2000 12:09:00,43,5.755216017,175,-2,-140,1
02/12/2000 12:10:00,43,5.704572077,174,-3,-138,1
02/12/2000 12:11:00,43,5.653928137,172,-3,-136,1
02/12/2000 12:12:00,43,5.603284198,170,-4,-135,1
02/12/2000 12:13:00,43,5.657702625,171,-4,-133,1
02/12/2000 12:14:00,43,5.712121052,169,-5,-132,1
02/12/2000 12:15:00,43,5.766539479,166,-5,-131,1
02/12/2000 12:16:00,43,5.820957906,162,-6,-129,1
02/12/2000 12:17:00,43,5.875376333,157,-6,-129,1
02/12/2000 12:18:00,43,5.876488875,154,-6,-128,1
02/12/2000 12:19:00,43,5.877601417,152,-6,-128,1
02/12/2000 12:20:00,43,5.87871396,150,-6,-127,1
02/12/2000 12:21:00,43,5.879826502,149,-7,-127,1
02/12/2000 12:22:00,43,5.880939044,148,-7,-127,1
02/12/2000 12:23:00,43,5.87508004,146,-8,-127,1
02/12/2000 12:24:00,43,5.869221035,143,-8,-127,1
02/12/2000 12:25:00,43,5.863362031,140,-7,-127,1
02/12/2000 12:26:00,43,5.857503027,138,-7,-127,1
02/12/2000 12:27:00,43,5.851644022,136,-7,-126,1
02/12/2000 12:28:00,43,5.793552122,134,-7,-124,1
02/12/2000 12:29:00,43,5.735460222,131,-6,-124,1
02/12/2000 12:30:00,43,5.677368321,127,-6,-123,1
02/12/2000 12:31:00,43,5.619276421,125,-6,-123,1
02/12/2000 12:32:00,43,5.561184521,123,-6,-122,1
02/12/2000 12:33:00,43,5.52151608,123,-6,-122,1
02/12/2000 12:34:00,43,5.481847639,121,-6,-123,1
02/12/2000 12:35:00,43,5.442179198,120,-6,-124,1
02/12/2000 12:36:00,43,5.402510757,121,-6,-123,1
02/12/2000 12:37:00,43,5.362842316,122,-6,-122,1
02/12/2000 12:38:00,43,5.334085405,120,-6,-122,1
02/12/2000 12:39:00,43,5.305328494,117,-6,-120,1
02/12/2000 12:40:00,43,5.276571583,117,-6,-118,1
02/12/2000 12:41:00,43,5.247814672,114,-6,-117,1
02/12/2000 12:42:00,43,5.219057761,109,-6,-116,1
02/12/2000 12:43:00,43,5.165304932,105,-6,-115,1
02/12/2000 12:44:00,43,5.111552103,103,-6,-112,1
02/12/2000 12:45:00,43,5.057799274,98,-6,-110,1
02/12/2000 12:46:00,43,5.004046445,100,-6,-109,1
02/12/2000 12:47:00,43,4.950293616,100,-6,-110,1
02/12/2000 12:48:00,43,4.942189602,98,-5,-110,1
02/12/2000 12:49:00,43,4.934085588,99,-5,-109,1
02/12/2000 12:50:00,43,4.925981574,99,-5,-108,1
02/12/2000 12:51:00,43,4.917877559,99,-5,-108,1
02/12/2000 12:52:00,43,4.909773545,98,-5,-106,1
02/12/2000 12:53:00,43,4.79446465,99,-5,-107,1
02/12/2000 12:54:00,43,4.679155755,99,-5,-108,1
02/12/2000 12:55:00,43,4.56384686,101,-5,-113,1
02/12/2000 12:56:00,43,4.448537965,98,-4,-112,1
02/12/2000 12:57:00,43,4.333229071,99,-5,-109,1
02/12/2000 12:58:00,43,4.29062728,102,-5,-107,1
02/12/2000 12:59:00,43,4.248025489,105,-5,-108,1
02/12/2000 13:00:00,43,4.205423698,104,-5,-110,1
02/12/2000 13:01:00,43,4.162821907,103,-5,-113,1
02/12/2000 13:02:00,43,4.120220117,106,-5,-113,1
02/12/2000 13:03:00,43,4.105144852,110,-5,-114,1
02/12/2000 13:04:00,43,4.090069587,110,-5,-114,1
02/12/2000 13:05:00,43,4.074994322,111,-5,-113,1
02/12/2000 13:06:00,43,4.059919058,109,-5,-112,1
02/12/2000 13:07:00,43,4.044843793,107,-4,-111,1
02/12/2000 13:08:00,43,3.910533819,106,-4,-110,1
02/12/2000 13:09:00,43,3.776223845,103,-3,-110,1
02/12/2000 13:10:00,43,3.641913871,102,-3,-109,1
02/12/2000 13:11:00,43,3.507603897,101,-2,-108,1
02/12/2000 13:12:00,43,3.373293923,101,-1,-109,1
02/12/2000 13:13:00,43,3.30505521,102,-1,-109,1
02/12/2000 13:14:00,43,3.236816497,103,-1,-110,1
02/12/2000 13:15:00,43,3.168577784,103,0,-110,1
02/12/2000 13:16:00,43,3.100339072,105,1,-109,1
02/12/2000 13:17:00,43,3.032100359,107,1,-107,1
02/12/2000 13:18:00,43,2.955458861,105,2,-106,1
02/12/2000 13:19:00,43,2.878817362,105,3,-106,1
02/12/2000 13:20:00,43,2.802175864,106,4,-105,1
02/12/2000 13:21:00,43,2.725534366,105,4,-104,1
02/12/2000 13:22:00,43,2.648892868,107,5,-102,1
02/12/2000 13:23:00,43,2.579424304,107,6,-101,1
02/12/2000 13:24:00,43,2.50995574,109,6,-103,1
02/12/2000 13:25:00,43,2.440487177,112,6,-107,1
02/12/2000 13:26:00,43,2.371018613,116,6,-108,1
02/12/2000 13:27:00,43,2.301550049,117,5,-111,1
02/12/2000 13:28:00,43,2.279135416,118,5,-112,1
02/12/2000 13:29:00,43,2.256720783,120,5,-113,1
02/12/2000 13:30:00,43,2.23430615,121,4,-114,1
02/12/2000 13:31:00,43,2.211891517,123,5,-113,1
02/12/2000 13:32:00,43,2.189476884,122,5,-110,1
02/12/2000 13:33:00,43,2.137074149,121,5,-110,1
02/12/2000 13:34:00,43,2.084671414,121,5,-110,1
02/12/2000 13:35:00,43,2.032268679,122,5,-109,1
02/12/2000 13:36:00,43,1.979865944,121,6,-108,1
02/12/2000 13:37:00,43,1.927463209,121,6,-107,1
02/12/2000 13:38:00,43,1.865998036,121,6,-110,1
02/12/2000 13:39:00,43,1.804532863,122,6,-115,1
02/12/2000 13:40:00,43,1.74306769,124,6,-116,1
02/12/2000 13:41:00,43,1.681602517,126,6,-115,1
02/12/2000 13:42:00,43,1.620137344,125,6,-115,1
02/12/2000 13:43:00,43,1.564998191,126,6,-116,1
02/12/2000 13:44:00,43,1.509859038,126,6,-117,1
02/12/2000 13:45:00,43,1.454719885,127,6,-119,1
02/12/2000 13:46:00,43,1.399580732,128,7,-119,1
02/12/2000 13:47:00,43,1.344441579,129,7,-119,1
02/12/2000 13:48:00,43,1.284848903,129,7,-119,1
02/12/2000 13:49:00,43,1.225256227,129,7,-119,1
02/12/2000 13:50:00,43,1.16566355,129,7,-119,1
02/12/2000 13:51:00,43,1.106070874,128,7,-118,1
02/12/2000 13:52:00,43,1.046478197,127,7,-118,1
02/12/2000 13:53:00,43,0.97798002,124,5,-115,1
02/12/2000 13:54:00,43,0.909481843,121,4,-114,1
02/12/2000 13:55:00,43,0.840983666,118,2,-114,1
02/12/2000 13:56:00,43,0.772485489,118,2,-114,1
02/12/2000 13:57:00,43,0.703987312,120,1,-112,1
02/12/2000 13:58:00,43,0.657987897,116,1,-112,1
02/12/2000 13:59:00,43,0.611988482,113,0,-111,1
02/12/2000 14:00:00,43,0.565989068,111,-1,-111,1
02/12/2000 14:01:00,43,0.519989653,107,-2,-111,1
02/12/2000 14:02:00,43,0.473990238,106,-2,-112,1
02/12/2000 14:03:00,43,0.433631824,102,-3,-112,1
02/12/2000 14:04:00,43,0.39327341,101,-3,-115,1
02/12/2000 14:05:00,43,0.352914996,99,-4,-118,1
02/12/2000 14:06:00,43,0.312556583,100,-3,-118,1
02/12/2000 14:07:00,43,0.272198169,99,-3,-119,1
02/12/2000 14:08:00,43,0.256104602,96,-3,-119,1
02/12/2000 14:09:00,43,0.240011035,93,-3,-118,1
02/12/2000 14:10:00,43,0.223917468,92,-4,-119,1
02/12/2000 14:11:00,43,0.207823902,89,-4,-120,1
02/12/2000 14:12:00,43,0.191730335,88,-5,-120,1
02/12/2000 14:13:00,43,0.152853866,84,-6,-120,1
02/12/2000 14:14:00,43,0.113977397,81,-6,-119,1
02/12/2000 14:15:00,43,0.075100928,79,-6,-120,1
02/12/2000 14:16:00,43,0.036224459,74,-6,-120,1
02/12/2000 14:17:00,43,-0.00265201,73,-6,-120,1
02/12/2000 14:18:00,43,-0.038662317,71,-7,-120,1
02/12/2000 14:19:00,43,-0.074672623,69,-7,-122,1
02/12/2000 14:20:00,43,-0.11068293,68,-8,-121,1
02/12/2000 14:21:00,43,-0.146693236,69,-7,-121,1
02/12/2000 14:22:00,43,-0.182703543,68,-7,-119,1
02/12/2000 14:23:00,43,-0.20553484,66,-7,-119,1
02/12/2000 14:24:00,43,-0.228366138,65,-8,-119,1
02/12/2000 14:25:00,43,-0.251197435,63,-8,-116,1
02/12/2000 14:26:00,43,-0.274028733,62,-7,-114,1
02/12/2000 14:27:00,43,-0.29686003,62,-6,-112,1
02/12/2000 14:28:00,43,-0.293031112,61,-6,-111,1
02/12/2000 14:29:00,43,-0.289202194,63,-6,-112,1
02/12/2000 14:30:00,43,-0.285373276,63,-6,-112,1
02/12/2000 14:31:00,43,-0.281544358,64,-6,-112,1
02/12/2000 14:32:00,43,-0.27771544,68,-6,-113,1
02/12/2000 14:33:00,43,-0.310746108,73,-6,-114,1
02/12/2000 14:34:00,43,-0.343776775,76,-7,-114,1
02/12/2000 14:35:00,43,-0.376807442,80,-7,-115,1
02/12/2000 14:36:00,43,-0.40983811,83,-7,-116,1
02/12/2000 14:37:00,43,-0.442868777,85,-7,-115,1
02/12/2000 14:38:00,43,-0.528723691,89,-7,-114,1
02/12/2000 14:39:00,43,-0.614578606,90,-6,-113,1
02/12/2000 14:40:00,43,-0.70043352,91,-6,-114,1
02/12/2000 14:41:00,43,-0.786288434,89,-6,-113,1
02/12/2000 14:42:00,43,-0.872143349,89,-5,-112,1
02/12/2000 14:43:00,43,-0.938966804,89,-5,-111,1
02/12/2000 14:44:00,43,-1.00579026,90,-4,-111,1
02/12/2000 14:45:00,43,-1.072613715,90,-4,-112,1
02/12/2000 14:46:00,43,-1.139437171,89,-3,-114,1
02/12/2000 14:47:00,43,-1.206260626,89,-3,-114,1
02/12/2000 14:48:00,43,-1.256872056,88,-2,-114,1
02/12/2000 14:49:00,43,-1.307483486,88,-2,-114,1
02/12/2000 14:50:00,43,-1.358094917,88,-2,-114,1
02/12/2000 14:51:00,43,-1.408706347,89,-2,-114,1
02/12/2000 14:52:00,43,-1.459317777,89,-1,-113,1
02/12/2000 14:53:00,43,-1.595611392,88,0,-112,1
02/12/2000 14:54:00,43,-1.731905007,88,0,-110,1
02/12/2000 14:55:00,43,-1.868198622,88,0,-110,1
02/12/2000 14:56:00,43,-2.004492237,89,0,-111,1
02/12/2000 14:57:00,43,-2.140785851,91,1,-110,1
02/12/2000 14:58:00,43,-2.232102961,92,1,-109,1
02/12/2000 14:59:00,43,-2.32342007,93,1,-107,1
02/12/2000 15:00:00,43,-2.414737179,94,1,-107,1
02/12/2000 15:01:00,43,-2.506054288,95,2,-105,1
02/12/2000 15:02:00,43,-2.597371397,97,2,-104,1
02/12/2000 15:03:00,43,-2.68936996,96,1,-102,1
02/12/2000 15:04:00,43,-2.781368523,95,0,-101,1
02/12/2000 15:05:00,43,-2.873367085,93,-1,-102,1
02/12/2000 15:06:00,43,-2.965365648,93,-1,-102,1
02/12/2000 15:07:00,43,-3.057364211,94,-1,-102,1
02/12/2000 15:08:00,43,-3.196892111,96,-1,-101,1
02/12/2000 15:09:00,43,-3.33642001,97,-1,-101,1
02/12/2000 15:10:00,43,-3.47594791,97,-1,-100,1
02/12/2000 15:11:00,43,-3.61547581,97,-1,-101,1
02/12/2000 15:12:00,43,-3.75500371,98,-1,-101,1
02/12/2000 15:13:00,43,-3.831359883,98,-1,-100,1
02/12/2000 15:14:00,43,-3.907716055,99,-1,-100,1
02/12/2000 15:15:00,43,-3.984072228,100,-1,-100,1
02/12/2000 15:16:00,43,-4.060428401,103,0,-100,1
02/12/2000 15:17:00,43,-4.136784573,105,0,-100,1
02/12/2000 15:18:00,43,-4.226296627,104,0,-101,1
02/12/2000 15:19:00,43,-4.31580868,104,1,-101,1
02/12/2000 15:20:00,43,-4.405320734,106,1,-100,1
02/12/2000 15:21:00,43,-4.494832788,105,2,-100,1
02/12/2000 15:22:00,43,-4.584344841,109,2,-100,1
02/12/2000 15:23:00,43,-4.643639121,107,3,-101,1
02/12/2000 15:24:00,43,-4.702933401,109,3,-101,1
02/12/2000 15:25:00,43,-4.76222768,114,3,-100,1
02/12/2000 15:26:00,43,-4.82152196,114,3,-101,1
02/12/2000 15:27:00,43,-4.88081624,115,4,-100,1
02/12/2000 15:28:00,43,-4.954354649,115,4,-100,1
02/12/2000 15:29:00,43,-5.027893058,114,4,-99,1
02/12/2000 15:30:00,43,-5.101431468,118,4,-97,1
02/12/2000 15:31:00,43,-5.174969877,116,4,-96,1
02/12/2000 15:32:00,43,-5.248508287,114,4,-96,1
02/12/2000 15:33:00,43,-5.311972204,114,4,-95,1
02/12/2000 15:34:00,43,-5.375436121,115,4,-96,1
02/12/2000 15:35:00,43,-5.438900039,116,3,-96,1
02/12/2000 15:36:00,43,-5.502363956,120,3,-97,1
02/12/2000 15:37:00,43,-5.565827873,122,3,-97,1
02/12/2000 15:38:00,43,-5.656234676,122,3,-97,1
02/12/2000 15:39:00,43,-5.746641478,124,3,-97,1
02/12/2000 15:40:00,43,-5.83704828,126,2,-97,1
02/12/2000 15:41:00,43,-5.927455083,125,2,-98,1
02/12/2000 15:42:00,43,-6.017861885,124,1,-98,1
02/12/2000 15:43:00,43,-6.106390642,120,2,-99,1
02/12/2000 15:44:00,43,-6.194919398,124,2,-99,1
02/12/2000 15:45:00,43,-6.283448155,126,2,-98,1
02/12/2000 15:46:00,43,-6.371976912,125,2,-98,1
02/12/2000 15:47:00,43,-6.460505668,124,1,-99,1
02/12/2000 15:48:00,43,-6.555441166,123,1,-99,1
02/12/2000 15:49:00,43,-6.650376663,123,1,-99,1
02/12/2000 15:50:00,43,-6.74531216,122,1,-100,1
02/12/2000 15:51:00,43,-6.840247658,121,1,-100,1
02/12/2000 15:52:00,43,-6.935183155,123,1,-100,1
02/12/2000 15:53:00,43,-6.98741297,122,1,-99,1
02/12/2000 15:54:00,43,-7.039642785,117,1,-100,1
02/12/2000 15:55:00,43,-7.0918726,115,1,-101,1
02/12/2000 15:56:00,43,-7.144102415,115,0,-101,1
02/12/2000 15:57:00,43,-7.19633223,115,0,-101,1
02/12/2000 15:58:00,43,-7.242895914,119,0,-102,1
02/12/2000 15:59:00,43,-7.289459598,120,0,-103,1
02/12/2000 16:00:00,43,-7.336023282,118,0,-102,1
02/12/2000 16:01:00,43,-7.382586966,119,1,-102,1
02/12/2000 16:02:00,43,-7.42915065,118,1,-102,1
02/12/2000 16:03:00,43,-7.509316747,117,0,-103,1
02/12/2000 16:04:00,43,-7.589482844,117,1,-103,1
02/12/2000 16:05:00,43,-7.669648941,115,0,-103,1
02/12/2000 16:06:00,43,-7.749815038,114,1,-104,1
02/12/2000 16:07:00,43,-7.829981134,113,0,-104,1
02/12/2000 16:08:00,43,-7.800682524,111,1,-104,1
02/12/2000 16:09:00,43,-7.771383913,113,1,-104,1
02/12/2000 16:10:00,43,-7.742085303,113,1,-104,1
02/12/2000 16:11:00,43,-7.712786693,113,1,-104,1
02/12/2000 16:12:00,43,-7.683488082,111,2,-104,1
02/12/2000 16:13:00,43,-7.73782156,109,2,-104,1
02/12/2000 16:14:00,43,-7.792155038,111,1,-105,1
02/12/2000 16:15:00,43,-7.846488516,109,1,-105,1
02/12/2000 16:16:00,43,-7.900821993,107,1,-105,1
02/12/2000 16:17:00,43,-7.955155471,107,1,-105,1
02/12/2000 16:18:00,43,-7.957473578,106,1,-106,1
02/12/2000 16:19:00,43,-7.959791684,104,2,-106,1
02/12/2000 16:20:00,43,-7.96210979,103,2,-106,1
02/12/2000 16:21:00,43,-7.964427897,104,3,-106,1
02/12/2000 16:22:00,43,-7.966746003,105,3,-106,1
02/12/2000 16:23:00,43,-8.031669466,103,3,-106,1
02/12/2000 16:24:00,43,-8.096592928,105,3,-107,1
02/12/2000 16:25:00,43,-8.16151639,104,3,-108,1
02/12/2000 16:26:00,43,-8.226439853,103,3,-108,1
02/12/2000 16:27:00,43,-8.291363315,104,3,-109,1
02/12/2000 16:28:00,43,-8.372350337,105,3,-109,1
02/12/2000 16:29:00,43,-8.453337359,104,3,-110,1
02/12/2000 16:30:00,43,-8.53432438,104,3,-109,1
02/12/2000 16:31:00,43,-8.615311402,107,3,-109,1
02/12/2000 16:32:00,43,-8.696298424,107,3,-109,1
02/12/2000 16:33:00,43,-8.703837675,104,3,-109,1
02/12/2000 16:34:00,43,-8.711376927,103,4,-109,1
02/12/2000 16:35:00,43,-8.718916178,104,4,-109,1
02/12/2000 16:36:00,43,-8.726455429,103,4,-108,1
02/12/2000 16:37:00,43,-8.733994681,102,4,-108,1
02/12/2000 16:38:00,43,-8.792066127,99,5,-108,1
02/12/2000 16:39:00,43,-8.850137572,101,4,-108,1
02/12/2000 16:40:00,43,-8.908209018,100,5,-108,1
02/12/2000 16:41:00,43,-8.966280464,99,5,-109,1
02/12/2000 16:42:00,43,-9.02435191,102,5,-109,1
02/12/2000 16:43:00,43,-9.043206814,104,5,-110,1
02/12/2000 16:44:00,43,-9.062061719,107,5,-109,1
02/12/2000 16:45:00,43,-9.080916623,106,5,-109,1
02/12/2000 16:46:00,43,-9.099771527,106,6,-110,1
02/12/2000 16:47:00,43,-9.118626432,104,6,-110,1
02/12/2000 16:48:00,43,-9.190717651,104,6,-110,1
02/12/2000 16:49:00,43,-9.26280887,105,6,-110,1
02/12/2000 16:50:00,43,-9.33490009,108,5,-110,1
02/12/2000 16:51:00,43,-9.406991309,107,6,-110,1
02/12/2000 16:52:00,43,-9.479082529,105,5,-110,1
02/12/2000 16:53:00,43,-9.490637577,107,5,-110,1
02/12/2000 16:54:00,43,-9.502192625,108,4,-110,1
02/12/2000 16:55:00,43,-9.513747674,108,4,-110,1
02/12/2000 16:56:00,43,-9.525302722,109,3,-110,1
02/12/2000 16:57:00,43,-9.53685777,108,2,-110,1
02/12/2000 16:58:00,43,-9.526537207,109,2,-110,1
02/12/2000 16:59:00,43,-9.516216643,109,2,-110,1
02/12/2000 17:00:00,43,-9.50589608,111,2,-110,1
02/12/2000 17:01:00,43,-9.495575516,117,2,-109,1
02/12/2000 17:02:00,43,-9.485254952,116,2,-109,1
02/12/2000 17:03:00,43,-9.513093443,115,1,-110,1
02/12/2000 17:04:00,43,-9.540931933,118,1,-109,1
02/12/2000 17:05:00,43,-9.568770423,118,1,-108,1
02/12/2000 17:06:00,43,-9.596608914,119,1,-108,1
02/12/2000 17:07:00,43,-9.624447404,121,1,-108,1
02/12/2000 17:08:00,43,-9.665984325,121,1,-108,1
02/12/2000 17:09:00,43,-9.707521247,123,1,-108,1
02/12/2000 17:10:00,43,-9.749058168,125,1,-107,1
02/12/2000 17:11:00,43,-9.790595089,127,1,-106,1
02/12/2000 17:12:00,43,-9.83213201,128,1,-105,1
02/12/2000 17:13:00,43,-9.818215386,126,1,-104,1
02/12/2000 17:14:00,43,-9.804298762,126,1,-103,1
02/12/2000 17:15:00,43,-9.790382137,125,1,-103,1
02/12/2000 17:16:00,43,-9.776465513,122,2,-101,1
02/12/2000 17:17:00,43,-9.762548888,121,2,-100,1
02/12/2000 17:18:00,43,-9.736540548,119,2,-100,1
02/12/2000 17:19:00,43,-9.710532208,112,2,-99,1
02/12/2000 17:20:00,43,-9.684523868,104,2,-100,1
02/12/2000 17:21:00,43,-9.658515527,103,1,-101,1
02/12/2000 17:22:00,43,-9.632507187,107,1,-101,1
02/12/2000 17:23:00,43,-9.56112178,111,1,-100,1
02/12/2000 17:24:00,43,-9.489736372,116,0,-99,1
02/12/2000 17:25:00,43,-9.418350965,113,0,-99,1
02/12/2000 17:26:00,43,-9.346965558,110,0,-99,1
02/12/2000 17:27:00,43,-9.27558015,110,0,-99,1
02/12/2000 17:28:00,43,-9.258520809,111,-1,-99,1
02/12/2000 17:29:00,43,-9.241461467,112,-1,-100,1
02/12/2000 17:30:00,43,-9.224402126,111,-1,-100,1
02/12/2000 17:31:00,43,-9.207342785,109,-1,-100,1
02/12/2000 17:32:00,43,-9.190283443,109,-1,-100,1
02/12/2000 17:33:00,43,-9.167119883,106,-1,-101,1
02/12/2000 17:34:00,43,-9.143956323,105,-1,-102,1
02/12/2000 17:35:00,43,-9.120792762,107,-1,-101,1
02/12/2000 17:36:00,43,-9.097629202,111,-1,-101,1
02/12/2000 17:37:00,43,-9.074465642,112,0,-101,1
02/12/2000 17:38:00,43,-9.001721521,110,0,-102,1
02/12/2000 17:39:00,43,-8.9289774,109,-1,-103,1
02/12/2000 17:40:00,43,-8.85623328,109,-1,-103,1
02/12/2000 17:41:00,43,-8.783489159,112,-1,-104,1
02/12/2000 17:42:00,43,-8.710745038,115,-1,-104,1
02/12/2000 17:43:00,43,-8.759593035,116,-1,-104,1
02/12/2000 17:44:00,43,-8.808441031,120,-1,-104,1
02/12/2000 17:45:00,43,-8.857289027,123,-1,-103,1
02/12/2000 17:46:00,43,-8.906137024,126,-1,-103,1
02/12/2000 17:47:00,43,-8.95498502,126,-1,-104,1
02/12/2000 17:48:00,43,-9.062511051,125,-1,-105,1
02/12/2000 17:49:00,43,-9.170037082,123,-2,-106,1
02/12/2000 17:50:00,43,-9.277563113,123,-1,-106,1
02/12/2000 17:51:00,43,-9.385089144,123,-1,-107,1
02/12/2000 17:52:00,43,-9.492615176,122,-1,-107,1
02/12/2000 17:53:00,43,-9.543754721,120,-1,-107,1
02/12/2000 17:54:00,43,-9.594894266,125,-1,-108,1
02/12/2000 17:55:00,43,-9.646033811,127,-1,-108,1
02/12/2000 17:56:00,43,-9.697173356,128,-1,-109,1
02/12/2000 17:57:00,43,-9.748312901,129,-1,-110,1
02/12/2000 17:58:00,43,-9.90715366,129,-2,-109,1
02/12/2000 17:59:00,43,-10.06599442,130,-2,-109,1
02/12/2000 18:00:00,43,-10.22483518,132,-1,-108,1
02/12/2000 18:01:00,43,-10.38367594,129,-1,-107,1
02/12/2000 18:02:00,43,-10.5425167,126,-1,-106,1
02/12/2000 18:03:00,43,-10.6522617,124,0,-106,1
02/12/2000 18:04:00,43,-10.76200671,123,0,-105,1
02/12/2000 18:05:00,43,-10.87175171,121,0,-104,1
02/12/2000 18:06:00,43,-10.98149672,121,0,-103,1
02/12/2000 18:07:00,43,-11.09124172,120,0,-102,1
02/12/2000 18:08:00,43,-11.16662315,119,0,-102,1
02/12/2000 18:09:00,43,-11.24200458,117,0,-102,1
02/12/2000 18:10:00,43,-11.31738601,116,-1,-102,1
02/12/2000 18:11:00,43,-11.39276744,116,-1,-102,1
02/12/2000 18:12:00,43,-11.46814887,114,-1,-102,1
02/12/2000 18:13:00,43,-11.51567401,112,-1,-101,1
02/12/2000 18:14:00,43,-11.56319916,110,-1,-101,1
02/12/2000 18:15:00,43,-11.6107243,108,-1,-102,1
02/12/2000 18:16:00,43,-11.65824945,105,-1,-102,1
02/12/2000 18:17:00,43,-11.70577459,105,-2,-102,1
02/12/2000 18:18:00,43,-11.7955078,104,-2,-101,1
02/12/2000 18:19:00,43,-11.88524101,103,-2,-101,1
02/12/2000 18:20:00,43,-11.97497422,103,-1,-101,1
02/12/2000 18:21:00,43,-12.06470743,102,-1,-102,1
02/12/2000 18:22:00,43,-12.15444064,102,-1,-101,1
02/12/2000 18:23:00,43,-12.16151082,100,-1,-101,1
02/12/2000 18:24:00,43,-12.168581,100,-1,-101,1
02/12/2000 18:25:00,43,-12.17565117,100,-1,-101,1
02/12/2000 18:26:00,43,-12.18272135,99,-1,-101,1
02/12/2000 18:27:00,43,-12.18979152,98,-1,-101,1
02/12/2000 18:28:00,43,-12.22051868,98,-1,-101,1
02/12/2000 18:29:00,43,-12.25124584,98,-1,-101,1
02/12/2000 18:30:00,43,-12.281973,97,-1,-101,1
02/12/2000 18:31:00,43,-12.31270016,98,-1,-100,1
02/12/2000 18:32:00,43,-12.34342732,98,-1,-100,1
02/12/2000 18:33:00,43,-12.44830322,99,-1,-99,1
02/12/2000 18:34:00,43,-12.55317912,97,-1,-99,1
02/12/2000 18:35:00,43,-12.65805502,94,-1,-99,1
02/12/2000 18:36:00,43,-12.76293093,92,-2,-99,1
02/12/2000 18:37:00,43,-12.86780683,92,-2,-99,1
02/12/2000 18:38:00,43,-12.81608099,92,-2,-99,1
02/12/2000 18:39:00,43,-12.76435515,93,-2,-98,1
02/12/2000 18:40:00,43,-12.71262931,93,-2,-98,1
02/12/2000 18:41:00,43,-12.66090348,92,-2,-98,1
02/12/2000 18:42:00,43,-12.60917764,91,-2,-98,1
02/12/2000 18:43:00,43,-12.58412621,89,-2,-98,1
02/12/2000 18:44:00,43,-12.55907478,88,-2,-97,1
02/12/2000 18:45:00,43,-12.53402335,87,-2,-98,1
02/12/2000 18:46:00,43,-12.50897192,87,-2,-98,1
02/12/2000 18:47:00,43,-12.48392049,87,-2,-97,1
02/12/2000 18:48:00,43,-12.44757202,87,-2,-97,1
02/12/2000 18:49:00,43,-12.41122355,87,-2,-97,1
02/12/2000 18:50:00,43,-12.37487507,85,-2,-97,1
02/12/2000 18:51:00,43,-12.3385266,84,-3,-97,1
02/12/2000 18:52:00,43,-12.30217813,84,-3,-97,1
02/12/2000 18:53:00,43,-12.37004554,83,-3,-98,1
02/12/2000 18:54:00,43,-12.43791294,84,-3,-97,1
02/12/2000 18:55:00,43,-12.50578035,85,-3,-97,1
02/12/2000 18:56:00,43,-12.57364776,86,-3,-97,1
02/12/2000 18:57:00,43,-12.64151517,85,-3,-97,1
02/12/2000 18:58:00,43,-12.69169342,84,-3,-97,1
02/12/2000 18:59:00,43,-12.74187168,84,-3,-97,1
02/12/2000 19:00:00,43,-12.79204994,85,-4,-97,1
02/12/2000 19:01:00,43,-12.84222819,85,-3,-97,1
02/12/2000 19:02:00,43,-12.89240645,86,-3,-96,1
02/12/2000 19:03:00,43,-12.91482684,86,-3,-96,1
02/12/2000 19:04:00,43,-12.93724724,86,-3,-96,1
02/12/2000 19:05:00,43,-12.95966763,85,-3,-96,1
02/12/2000 19:06:00,43,-12.98208802,85,-3,-96,1
02/12/2000 19:07:00,43,-13.00450842,85,-3,-95,1
02/12/2000 19:08:00,43,-12.9894697,84,-3,-95,1
02/12/2000 19:09:00,43,-12.97443098,85,-3,-95,1
02/12/2000 19:10:00,43,-12.95939226,84,-3,-96,1
02/12/2000 19:11:00,43,-12.94435354,84,-3,-96,1
02/12/2000 19:12:00,43,-12.92931482,84,-3,-96,1
02/12/2000 19:13:00,43,-12.85657826,84,-3,-95,1
02/12/2000 19:14:00,43,-12.7838417,83,-3,-96,1
02/12/2000 19:15:00,43,-12.71110515,82,-3,-96,1
02/12/2000 19:16:00,43,-12.63836859,81,-3,-96,1
02/12/2000 19:17:00,43,-12.56563203,80,-3,-95,1
02/12/2000 19:18:00,43,-12.48939236,81,-3,-95,1
02/12/2000 19:19:00,43,-12.41315268,79,-3,-95,1
02/12/2000 19:20:00,43,-12.33691301,79,-3,-95,1
02/12/2000 19:21:00,43,-12.26067334,77,-3,-95,1
02/12/2000 19:22:00,43,-12.18443367,77,-3,-95,1
02/12/2000 19:23:00,43,-12.16301656,77,-3,-95,1
02/12/2000 19:24:00,43,-12.14159944,77,-3,-95,1
02/12/2000 19:25:00,43,-12.12018233,77,-3,-95,1
02/12/2000 19:26:00,43,-12.09876521,77,-3,-95,1
02/12/2000 19:27:00,43,-12.0773481,77,-3,-94,1
02/12/2000 19:28:00,43,-12.03412721,77,-3,-94,1
02/12/2000 19:29:00,43,-11.99090632,77,-3,-94,1
02/12/2000 19:30:00,43,-11.94768543,77,-3,-94,1
02/12/2000 19:31:00,43,-11.90446453,78,-3,-94,1
02/12/2000 19:32:00,43,-11.86124364,78,-3,-94,1
02/12/2000 19:33:00,43,-11.76697634,79,-3,-93,1
02/12/2000 19:34:00,43,-11.67270904,79,-3,-93,1
02/12/2000 19:35:00,43,-11.57844174,79,-3,-93,1
02/12/2000 19:36:00,43,-11.48417444,79,-3,-93,1
02/12/2000 19:37:00,43,-11.38990714,79,-3,-93,1
02/12/2000 19:38:00,43,-11.24618065,79,-3,-93,1
02/12/2000 19:39:00,43,-11.10245417,79,-3,-93,1
02/12/2000 19:40:00,43,-10.95872768,77,-3,-93,1
02/12/2000 19:41:00,43,-10.81500119,77,-3,-93,1
02/12/2000 19:42:00,43,-10.6712747,75,-3,-93,1
02/12/2000 19:43:00,43,-10.70893304,75,-3,-93,1
02/12/2000 19:44:00,43,-10.74659138,74,-3,-94,1
02/12/2000 19:45:00,43,-10.78424971,73,-3,-93,1
02/12/2000 19:46:00,43,-10.82190805,73,-3,-93,1
02/12/2000 19:47:00,43,-10.85956639,74,-3,-93,1
02/12/2000 19:48:00,43,-10.72483481,74,-3,-93,1
02/12/2000 19:49:00,43,-10.59010324,74,-3,-93,1
02/12/2000 19:50:00,43,-10.45537166,73,-3,-92,1
02/12/2000 19:51:00,43,-10.32064009,73,-3,-92,1
02/12/2000 19:52:00,43,-10.18590851,73,-3,-92,1
02/12/2000 19:53:00,43,-10.21999713,72,-4,-92,1
02/12/2000 19:54:00,43,-10.25408575,73,-3,-92,1
02/12/2000 19:55:00,43,-10.28817437,71,-3,-92,1
02/12/2000 19:56:00,43,-10.32226299,71,-3,-92,1
02/12/2000 19:57:00,43,-10.35635161,70,-3,-92,1
02/12/2000 19:58:00,43,-10.19200622,70,-3,-92,1
02/12/2000 19:59:00,43,-10.02766082,71,-3,-91,1
02/12/2000 20:00:00,43,-9.863315423,71,-3,-91,1
02/12/2000 20:01:00,43,-9.698970026,70,-3,-91,1
02/12/2000 20:02:00,43,-9.53462463,70,-3,-91,1
02/12/2000 20:03:00,43,-9.587277786,72,-3,-90,1
02/12/2000 20:04:00,43,-9.639930942,71,-3,-91,1
02/12/2000 20:05:00,43,-9.692584098,70,-3,-91,1
02/12/2000 20:06:00,43,-9.745237254,70,-3,-91,1
02/12/2000 20:07:00,43,-9.79789041,70,-3,-90,1
02/12/2000 20:08:00,43,-9.778417788,71,-3,-90,1
02/12/2000 20:09:00,43,-9.758945166,71,-3,-90,1
02/12/2000 20:10:00,43,-9.739472544,71,-3,-90,1
02/12/2000 20:11:00,43,-9.719999922,70,-3,-90,1
02/12/2000 20:12:00,43,-9.7005273,69,-3,-90,1
02/12/2000 20:13:00,43,-9.855960855,67,-3,-90,1
02/12/2000 20:14:00,43,-10.01139441,66,-3,-90,1
02/12/2000 20:15:00,43,-10.16682796,66,-3,-90,1
02/12/2000 20:16:00,43,-10.32226152,65,-3,-89,1
02/12/2000 20:17:00,43,-10.47769507,65,-3,-89,1
02/12/2000 20:18:00,43,-10.48883689,65,-3,-89,1
02/12/2000 20:19:00,43,-10.49997871,65,-3,-89,1
02/12/2000 20:20:00,43,-10.51112053,64,-3,-88,1
02/12/2000 20:21:00,43,-10.52226235,61,-3,-88,1
02/12/2000 20:22:00,43,-10.53340417,59,-3,-88,1
02/12/2000 20:23:00,43,-10.73338255,58,-4,-88,1
02/12/2000 20:24:00,43,-10.93336094,58,-4,-88,1
02/12/2000 20:25:00,43,-11.13333932,57,-3,-88,1
02/12/2000 20:26:00,43,-11.3333177,56,-4,-88,1
02/12/2000 20:27:00,43,-11.53329608,55,-4,-88,1
02/12/2000 20:28:00,43,-11.52484842,54,-4,-88,1
02/12/2000 20:29:00,43,-11.51640076,54,-4,-88,1
02/12/2000 20:30:00,43,-11.5079531,54,-4,-88,1
02/12/2000 20:31:00,43,-11.49950545,55,-4,-87,1
02/12/2000 20:32:00,43,-11.49105779,54,-4,-88,1
02/12/2000 20:33:00,43,-11.61860028,54,-4,-88,1
02/12/2000 20:34:00,43,-11.74614276,54,-4,-88,1
02/12/2000 20:35:00,43,-11.87368525,54,-4,-88,1
02/12/2000 20:36:00,43,-12.00122774,54,-4,-88,1
02/12/2000 20:37:00,43,-12.12877023,55,-4,-88,1
02/12/2000 20:38:00,43,-12.13979824,53,-4,-88,1
02/12/2000 20:39:00,43,-12.15082625,53,-4,-88,1
02/12/2000 20:40:00,43,-12.16185426,53,-4,-88,1
02/12/2000 20:41:00,43,-12.17288228,53,-4,-88,1
02/12/2000 20:42:00,43,-12.18391029,53,-4,-88,1
02/12/2000 20:43:00,43,-12.24419216,53,-4,-88,1
02/12/2000 20:44:00,43,-12.30447403,53,-4,-87,1
02/12/2000 20:45:00,43,-12.3647559,53,-4,-87,1
02/12/2000 20:46:00,43,-12.42503776,51,-4,-87,1
02/12/2000 20:47:00,43,-12.48531963,50,-4,-87,1
02/12/2000 20:48:00,43,-12.52182915,50,-4,-87,1
02/12/2000 20:49:00,43,-12.55833866,50,-3,-87,1
02/12/2000 20:50:00,43,-12.59484817,51,-3,-86,1
02/12/2000 20:51:00,43,-12.63135768,52,-3,-85,1
02/12/2000 20:52:00,43,-12.6678672,51,-3,-85,1
02/12/2000 20:53:00,43,-12.6712388,51,-3,-85,1
02/12/2000 20:54:00,43,-12.6746104,51,-3,-85,1
02/12/2000 20:55:00,43,-12.677982,51,-3,-85,1
02/12/2000 20:56:00,43,-12.6813536,52,-3,-85,1
02/12/2000 20:57:00,43,-12.6847252,52,-3,-85,1
02/12/2000 20:58:00,43,-12.62984284,53,-3,-84,1
02/12/2000 20:59:00,43,-12.57496048,53,-3,-84,1
02/12/2000 21:00:00,43,-12.52007812,53,-3,-85,1
02/12/2000 21:01:00,43,-12.46519576,54,-3,-85,1
02/12/2000 21:02:00,43,-12.41031341,53,-3,-85,1
02/12/2000 21:03:00,43,-12.35120157,53,-3,-85,1
02/12/2000 21:04:00,43,-12.29208974,54,-3,-86,1
02/12/2000 21:05:00,43,-12.2329779,53,-3,-86,1
02/12/2000 21:06:00,43,-12.17386607,51,-3,-86,1
02/12/2000 21:07:00,43,-12.11475423,50,-3,-87,1
02/12/2000 21:08:00,43,-12.10315787,50,-3,-87,1
02/12/2000 21:09:00,43,-12.09156151,50,-3,-87,1
02/12/2000 21:10:00,43,-12.07996515,50,-3,-88,1
02/12/2000 21:11:00,43,-12.06836879,50,-3,-88,1
02/12/2000 21:12:00,43,-12.05677243,50,-3,-88,1
02/12/2000 21:13:00,43,-12.02145521,50,-3,-88,1
02/12/2000 21:14:00,43,-11.98613799,51,-3,-88,1
02/12/2000 21:15:00,43,-11.95082077,50,-3,-88,1
02/12/2000 21:16:00,43,-11.91550356,49,-3,-88,1
02/12/2000 21:17:00,43,-11.88018634,49,-3,-88,1
02/12/2000 21:18:00,43,-11.89348641,49,-3,-88,1
02/12/2000 21:19:00,43,-11.90678648,49,-3,-88,1
02/12/2000 21:20:00,43,-11.92008654,49,-3,-88,1
02/12/2000 21:21:00,43,-11.93338661,49,-3,-88,1
02/12/2000 21:22:00,43,-11.94668668,49,-3,-88,1
02/12/2000 21:23:00,43,-11.85949893,49,-3,-88,1
02/12/2000 21:24:00,43,-11.77231117,49,-3,-88,1
02/12/2000 21:25:00,43,-11.68512342,48,-3,-88,1
02/12/2000 21:26:00,43,-11.59793566,49,-3,-88,1
02/12/2000 21:27:00,43,-11.5107479,49,-3,-88,1
02/12/2000 21:28:00,43,-11.55086383,50,-3,-87,1
02/12/2000 21:29:00,43,-11.59097975,50,-3,-87,1
02/12/2000 21:30:00,43,-11.63109567,50,-3,-87,1
02/12/2000 21:31:00,43,-11.6712116,50,-3,-87,1
02/12/2000 21:32:00,43,-11.71132752,50,-3,-86,1
02/12/2000 21:33:00,43,-11.73343202,50,-3,-87,1
02/12/2000 21:34:00,43,-11.75553652,50,-3,-87,1
02/12/2000 21:35:00,43,-11.77764101,49,-3,-86,1
02/12/2000 21:36:00,43,-11.79974551,50,-3,-86,1
02/12/2000 21:37:00,43,-11.82185001,48,-3,-86,1
02/12/2000 21:38:00,43,-11.86375841,49,-3,-86,1
02/12/2000 21:39:00,43,-11.90566681,49,-3,-86,1
02/12/2000 21:40:00,43,-11.94757521,49,-3,-86,1
02/12/2000 21:41:00,43,-11.98948361,49,-3,-86,1
02/12/2000 21:42:00,43,-12.03139201,49,-2,-86,1
02/12/2000 21:43:00,43,-12.06864707,49,-3,-86,1
02/12/2000 21:44:00,43,-12.10590212,49,-3,-86,1
02/12/2000 21:45:00,43,-12.14315718,48,-2,-85,1
02/12/2000 21:46:00,43,-12.18041223,48,-2,-86,1
02/12/2000 21:47:00,43,-12.21766729,48,-2,-86,1
02/12/2000 21:48:00,43,-12.24379723,47,-2,-85,1
02/12/2000 21:49:00,43,-12.26992717,48,-2,-85,1
02/12/2000 21:50:00,43,-12.29605711,48,-2,-85,1
02/12/2000 21:51:00,43,-12.32218704,48,-2,-85,1
02/12/2000 21:52:00,43,-12.34831698,47,-2,-85,1
02/12/2000 21:53:00,43,-12.33938141,48,-1,-85,1
02/12/2000 21:54:00,43,-12.33044584,48,-1,-85,1
02/12/2000 21:55:00,43,-12.32151027,48,-1,-85,1
02/12/2000 21:56:00,43,-12.3125747,48,-1,-85,1
02/12/2000 21:57:00,43,-12.30363912,49,-1,-84,1
02/12/2000 21:58:00,43,-12.38346788,48,-1,-84,1
02/12/2000 21:59:00,43,-12.46329664,48,-1,-84,1
02/12/2000 22:00:00,43,-12.5431254,49,-1,-84,1
02/12/2000 22:01:00,43,-12.62295416,49,-1,-84,1
02/12/2000 22:02:00,43,-12.70278292,48,-1,-84,1
02/12/2000 22:03:00,43,-12.66809878,48,-1,-84,1
02/12/2000 22:04:00,43,-12.63341465,48,-1,-84,1
02/12/2000 22:05:00,43,-12.59873051,46,-1,-84,1
02/12/2000 22:06:00,43,-12.56404638,47,-1,-84,1
02/12/2000 22:07:00,43,-12.52936224,47,-1,-84,1
02/12/2000 22:08:00,43,-12.49189066,46,-1,-84,1
02/12/2000 22:09:00,43,-12.45441907,46,-1,-84,1
02/12/2000 22:10:00,43,-12.41694748,46,-1,-84,1
02/12/2000 22:11:00,43,-12.37947589,47,-1,-84,1
02/12/2000 22:12:00,43,-12.34200431,47,-1,-84,1
02/12/2000 22:13:00,43,-12.37310372,48,-1,-84,1
02/12/2000 22:14:00,43,-12.40420312,47,-1,-84,1
02/12/2000 22:15:00,43,-12.43530253,48,-1,-84,1
02/12/2000 22:16:00,43,-12.46640194,47,-1,-84,1
02/12/2000 22:17:00,43,-12.49750135,47,-1,-84,1
02/12/2000 22:18:00,43,-12.41571434,46,-1,-84,1
02/12/2000 22:19:00,43,-12.33392734,46,-1,-84,1
02/12/2000 22:20:00,43,-12.25214033,46,-1,-85,1
02/12/2000 22:21:00,43,-12.17035333,46,-1,-85,1
02/12/2000 22:22:00,43,-12.08856632,46,-1,-85,1
02/12/2000 22:23:00,43,-12.05291089,46,-1,-85,1
02/12/2000 22:24:00,43,-12.01725545,46,-1,-85,1
02/12/2000 22:25:00,43,-11.98160001,47,-1,-85,1
02/12/2000 22:26:00,43,-11.94594458,47,-1,-84,1
02/12/2000 22:27:00,43,-11.91028914,47,-1,-85,1
02/12/2000 22:28:00,43,-11.82852646,46,-1,-85,1
02/12/2000 22:29:00,43,-11.74676377,46,-1,-85,1
02/12/2000 22:30:00,43,-11.66500109,46,-1,-85,1
02/12/2000 22:31:00,43,-11.5832384,47,-1,-85,1
02/12/2000 22:32:00,43,-11.50147572,47,-1,-85,1
02/12/2000 22:33:00,43,-11.40173354,47,-1,-85,1
02/12/2000 22:34:00,43,-11.30199136,47,-1,-85,1
02/12/2000 22:35:00,43,-11.20224918,47,-1,-85,1
02/12/2000 22:36:00,43,-11.10250701,46,-1,-85,1
02/12/2000 22:37:00,43,-11.00276483,47,-1,-85,1
02/12/2000 22:38:00,43,-10.92206222,45,-1,-85,1
02/12/2000 22:39:00,43,-10.84135961,45,-1,-85,1
02/12/2000 22:40:00,43,-10.760657,45,-1,-85,1
02/12/2000 22:41:00,43,-10.67995439,45,-1,-85,1
02/12/2000 22:42:00,43,-10.59925178,44,-1,-85,1
02/12/2000 22:43:00,43,-10.50445344,44,-1,-85,1
02/12/2000 22:44:00,43,-10.40965511,44,-1,-85,1
02/12/2000 22:45:00,43,-10.31485677,44,-1,-85,1
02/12/2000 22:46:00,43,-10.22005843,45,-1,-85,1
02/12/2000 22:47:00,43,-10.1252601,45,-1,-85,1
02/12/2000 22:48:00,43,-10.00445599,44,-1,-85,1
02/12/2000 22:49:00,43,-9.883651878,44,-1,-86,1
02/12/2000 22:50:00,43,-9.762847767,44,-1,-86,1
02/12/2000 22:51:00,43,-9.642043657,44,-1,-85,1
02/12/2000 22:52:00,43,-9.521239546,44,-1,-85,1
02/12/2000 22:53:00,43,-9.449156609,44,-1,-85,1
02/12/2000 22:54:00,43,-9.377073672,44,-1,-85,1
02/12/2000 22:55:00,43,-9.304990735,44,-1,-85,1
02/12/2000 22:56:00,43,-9.232907798,43,-1,-85,1
02/12/2000 22:57:00,43,-9.160824861,43,-1,-85,1
02/12/2000 22:58:00,43,-9.122174535,44,0,-85,1
02/12/2000 22:59:00,43,-9.083524209,43,0,-85,1
02/12/2000 23:00:00,43,-9.044873883,43,0,-85,1
02/12/2000 23:01:00,43,-9.006223557,42,-1,-85,1
02/12/2000 23:02:00,43,-8.967573231,42,-1,-85,1
02/12/2000 23:03:00,43,-8.900414637,41,-1,-85,1
02/12/2000 23:04:00,43,-8.833256042,41,-1,-85,1
02/12/2000 23:05:00,43,-8.766097448,42,-1,-85,1
02/12/2000 23:06:00,43,-8.698938854,42,-1,-84,1
02/12/2000 23:07:00,43,-8.63178026,44,-1,-84,1
02/12/2000 23:08:00,43,-8.633680182,43,0,-83,1
02/12/2000 23:09:00,43,-8.635580103,42,0,-83,1
02/12/2000 23:10:00,43,-8.637480025,40,0,-83,1
02/12/2000 23:11:00,43,-8.639379946,39,0,-84,1
02/12/2000 23:12:00,43,-8.641279868,41,-1,-83,1
02/12/2000 23:13:00,43,-8.585540367,40,-1,-83,1
02/12/2000 23:14:00,43,-8.529800866,40,-1,-83,1
02/12/2000 23:15:00,43,-8.474061365,40,-1,-83,1
02/12/2000 23:16:00,43,-8.418321864,40,-1,-83,1
02/12/2000 23:17:00,43,-8.362582363,41,-1,-83,1
02/12/2000 23:18:00,43,-8.320465804,41,-1,-83,1
02/12/2000 23:19:00,43,-8.278349246,39,-1,-83,1
02/12/2000 23:20:00,43,-8.236232688,38,-1,-83,1
02/12/2000 23:21:00,43,-8.19411613,38,-1,-83,1
02/12/2000 23:22:00,43,-8.151999571,37,-1,-82,1
02/12/2000 23:23:00,43,-8.130431725,37,-1,-82,1
02/12/2000 23:24:00,43,-8.108863878,38,-1,-82,1
02/12/2000 23:25:00,43,-8.087296031,38,-1,-82,1
02/12/2000 23:26:00,43,-8.065728185,37,-1,-82,1
02/12/2000 23:27:00,43,-8.044160338,37,-1,-82,1
02/12/2000 23:28:00,43,-8.032723289,37,-1,-82,1
02/12/2000 23:29:00,43,-8.02128624,37,-1,-82,1
02/12/2000 23:30:00,43,-8.009849191,37,-1,-82,1
02/12/2000 23:31:00,43,-7.998412142,37,-1,-82,1
02/12/2000 23:32:00,43,-7.986975093,36,-1,-82,1
02/12/2000 23:33:00,43,-7.943808896,36,-1,-82,1
02/12/2000 23:34:00,43,-7.9006427,36,-1,-82,1
02/12/2000 23:35:00,43,-7.857476504,36,-1,-82,1
02/12/2000 23:36:00,43,-7.814310307,36,-1,-82,1
02/12/2000 23:37:00,43,-7.771144111,35,-1,-82,1
02/12/2000 23:38:00,43,-7.851246048,36,-1,-82,1
02/12/2000 23:39:00,43,-7.931347985,36,-1,-82,1
02/12/2000 23:40:00,43,-8.011449923,35,-1,-82,1
02/12/2000 23:41:00,43,-8.09155186,35,-1,-82,1
02/12/2000 23:42:00,43,-8.171653797,35,-1,-82,1
02/12/2000 23:43:00,43,-8.192035791,35,-1,-82,1
02/12/2000 23:44:00,43,-8.212417786,35,-1,-82,1
02/12/2000 23:45:00,43,-8.23279978,35,-1,-83,1
02/12/2000 23:46:00,43,-8.253181775,36,-1,-83,1
02/12/2000 23:47:00,43,-8.273563769,36,-2,-83,1
02/12/2000 23:48:00,43,-8.280748203,36,-2,-83,1
02/12/2000 23:49:00,43,-8.287932638,36,-2,-83,1
02/12/2000 23:50:00,43,-8.295117072,35,-2,-83,1
02/12/2000 23:51:00,43,-8.302301506,36,-2,-82,1
02/12/2000 23:52:00,43,-8.309485941,36,-2,-82,1
02/12/2000 23:53:00,43,-8.260764493,35,-2,-82,1
02/12/2000 23:54:00,43,-8.212043046,34,-2,-82,1
02/12/2000 23:55:00,43,-8.163321598,35,-2,-81,1
02/12/2000 23:56:00,43,-8.114600151,33,-1,-81,1
02/12/2000 23:57:00,43,-8.065878703,34,-1,-81,1
02/12/2000 23:58:00,43,0,35,-1,-80,1
02/12/2000 23:59:00,43,0,35,-1,-79,1
02/13/2000 00:00:00,44,0,35,-1,-79,1
02/13/2000 00:01:00,44,0,35,-1,-78,1
02/13/2000 00:02:00,44,0,35,-2,-77,1
02/13/2000 00:03:00,44,0,35,-2,-77,1
02/13/2000 00:04:00,44,0,37,-1,-76,1
02/13/2000 00:05:00,44,0,37,-1,-76,1
02/13/2000 00:06:00,44,0,37,-1,-76,1
02/13/2000 00:07:00,44,0,37,-1,-75,1
02/13/2000 00:08:00,44,0,40,-2,-72,1
02/13/2000 00:09:00,44,0,36,-2,-70,1
02/13/2000 00:10:00,44,0,34,-1,-70,1
02/13/2000 00:11:00,44,0,35,0,-69,1
02/13/2000 00:12:00,44,0,36,1,-68,1
02/13/2000 00:13:00,44,0,42,1,-66,1
02/13/2000 00:14:00,44,0,40,0,-64,1
02/13/2000 00:15:00,44,0,37,-1,-64,1
02/13/2000 00:16:00,44,0,36,0,-64,1
02/13/2000 00:17:00,44,0,39,1,-64,1
02/13/2000 00:18:00,44,0,41,0,-64,1
02/13/2000 00:19:00,44,0,41,0,-64,1
02/13/2000 00:20:00,44,0,40,-2,-65,1
02/13/2000 00:21:00,44,0,38,-3,-66,1
02/13/2000 00:22:00,44,0,37,-2,-66,1
02/13/2000 00:23:00,44,0,37,-2,-67,1
02/13/2000 00:24:00,44,0,36,-2,-67,1
02/13/2000 00:25:00,44,0,35,-3,-67,1
02/13/2000 00:26:00,44,0,35,-3,-68,1
02/13/2000 00:27:00,44,0,33,-3,-68,1
02/13/2000 00:28:00,44,0,33,-2,-68,1
02/13/2000 00:29:00,44,0,32,-2,-67,1
02/13/2000 00:30:00,44,0,31,-3,-67,1
02/13/2000 00:31:00,44,0,31,-3,-67,1
02/13/2000 00:32:00,44,0,31,-2,-67,1
02/13/2000 00:33:00,44,0,32,-3,-68,1
02/13/2000 00:34:00,44,0,34,-3,-68,1
02/13/2000 00:35:00,44,0,32,-3,-69,1
02/13/2000 00:36:00,44,0,32,-4,-69,1
02/13/2000 00:37:00,44,0,33,-4,-68,1
02/13/2000 00:38:00,44,0,31,-3,-68,1
02/13/2000 00:39:00,44,0,31,-3,-67,1
02/13/2000 00:40:00,44,0,32,-2,-67,1
02/13/2000 00:41:00,44,0,33,-2,-67,1
02/13/2000 00:42:00,44,0,34,-2,-67,1
02/13/2000 00:43:00,44,0,35,-3,-66,1
02/13/2000 00:44:00,44,0,35,-3,-66,1
02/13/2000 00:45:00,44,0,34,-2,-66,1
02/13/2000 00:46:00,44,0,33,-2,-66,1
02/13/2000 00:47:00,44,0,34,-2,-65,1
02/13/2000 00:48:00,44,0,34,-2,-65,1
02/13/2000 00:49:00,44,0,33,-2,-65,1
02/13/2000 00:50:00,44,0,33,-2,-64,1
02/13/2000 00:51:00,44,0,32,-2,-64,1
02/13/2000 00:52:00,44,0,31,-2,-64,1
02/13/2000 00:53:00,44,0,31,-3,-64,1
02/13/2000 00:54:00,44,0,30,-3,-63,1
02/13/2000 00:55:00,44,0,32,-2,-61,1
02/13/2000 00:56:00,44,0,30,-1,-60,1
02/13/2000 00:57:00,44,0,28,0,-59,1
02/13/2000 00:58:00,44,0,29,-1,-59,1
02/13/2000 00:59:00,44,0,31,-2,-56,1
02/13/2000 01:00:00,44,0,31,-1,-55,1
02/13/2000 01:01:00,44,0,30,0,-55,1
02/13/2000 01:02:00,44,0,31,0,-55,1
02/13/2000 01:03:00,44,0,29,0,-55,1
02/13/2000 01:04:00,44,0,31,-1,-53,1
02/13/2000 01:05:00,44,0,31,-1,-53,1
02/13/2000 01:06:00,44,0,31,-1,-53,1
02/13/2000 01:07:00,44,0,29,-1,-53,1
02/13/2000 01:08:00,44,0,28,-1,-54,1
02/13/2000 01:09:00,44,0,28,-1,-54,1
02/13/2000 01:10:00,44,0,29,-1,-53,1
02/13/2000 01:11:00,44,0,29,-1,-53,1
02/13/2000 01:12:00,44,0,29,-1,-53,1
02/13/2000 01:13:00,44,0,28,-1,-52,1
02/13/2000 01:14:00,44,0,28,-2,-53,1
02/13/2000 01:15:00,44,0,27,-2,-53,1
02/13/2000 01:16:00,44,0,29,-3,-54,1
02/13/2000 01:17:00,44,0,28,-3,-54,1
02/13/2000 01:18:00,44,0,28,-2,-54,1
02/13/2000 01:19:00,44,0,28,-2,-55,1
02/13/2000 01:20:00,44,0,28,-2,-55,1
02/13/2000 01:21:00,44,0,28,-3,-55,1
02/13/2000 01:22:00,44,0,28,-3,-56,1
02/13/2000 01:23:00,44,0,28,-3,-56,1
02/13/2000 01:24:00,44,0,29,-2,-56,1
02/13/2000 01:25:00,44,0,28,-2,-56,1
02/13/2000 01:26:00,44,0,27,-2,-57,1
02/13/2000 01:27:00,44,0,28,-3,-56,1
02/13/2000 01:28:00,44,0,28,-2,-56,1
02/13/2000 01:29:00,44,0,27,-3,-56,1
02/13/2000 01:30:00,44,0,26,-3,-57,1
02/13/2000 01:31:00,44,0,25,-3,-57,1
02/13/2000 01:32:00,44,0,26,-2,-56,1
02/13/2000 01:33:00,44,0,28,-2,-56,1
02/13/2000 01:34:00,44,0,27,-2,-56,1
02/13/2000 01:35:00,44,0,26,-2,-56,1
02/13/2000 01:36:00,44,0,26,-2,-56,1
02/13/2000 01:37:00,44,0,27,-2,-55,1
02/13/2000 01:38:00,44,0,26,-1,-54,1
02/13/2000 01:39:00,44,0,24,-1,-55,1
02/13/2000 01:40:00,44,0,24,-2,-55,1
02/13/2000 01:41:00,44,0,24,-2,-55,1
02/13/2000 01:42:00,44,0,25,-2,-55,1
02/13/2000 01:43:00,44,0,27,-2,-55,1
02/13/2000 01:44:00,44,0,27,-2,-56,1
02/13/2000 01:45:00,44,0,25,-2,-57,1
02/13/2000 01:46:00,44,0,24,-2,-57,1
02/13/2000 01:47:00,44,0,24,-3,-58,1
02/13/2000 01:48:00,44,0,25,-3,-58,1
02/13/2000 01:49:00,44,0,26,-2,-58,1
02/13/2000 01:50:00,44,0,25,-2,-58,1
02/13/2000 01:51:00,44,0,24,-2,-59,1
02/13/2000 01:52:00,44,0,24,-2,-59,1
02/13/2000 01:53:00,44,0,24,-3,-58,1
02/13/2000 01:54:00,44,0,25,-2,-58,1
02/13/2000 01:55:00,44,0,24,-2,-58,1
02/13/2000 01:56:00,44,0,25,-2,-57,1
02/13/2000 01:57:00,44,0,24,-2,-57,1
02/13/2000 01:58:00,44,0,25,-2,-55,1
02/13/2000 01:59:00,44,0,25,-2,-55,1
02/13/2000 02:00:00,44,0,25,-2,-54,1
02/13/2000 02:01:00,44,0,26,-2,-53,1
02/13/2000 02:02:00,44,0,27,-2,-52,1
02/13/2000 02:03:00,44,0,27,-2,-52,1
02/13/2000 02:04:00,44,0,26,-2,-53,1
02/13/2000 02:05:00,44,0,25,-3,-55,1
02/13/2000 02:06:00,44,0,27,-3,-56,1
02/13/2000 02:07:00,44,0,27,-3,-58,1
02/13/2000 02:08:00,44,0,27,-3,-60,1
02/13/2000 02:09:00,44,0,25,-3,-60,1
02/13/2000 02:10:00,44,0,25,-3,-62,1
02/13/2000 02:11:00,44,0,25,-2,-63,1
02/13/2000 02:12:00,44,0,24,-3,-64,1
02/13/2000 02:13:00,44,0,25,-3,-65,1
02/13/2000 02:14:00,44,0,25,-3,-66,1
02/13/2000 02:15:00,44,0,24,-3,-67,1
02/13/2000 02:16:00,44,0,26,-4,-67,1
02/13/2000 02:17:00,44,0,26,-4,-68,1
02/13/2000 02:18:00,44,0,25,-4,-68,1
02/13/2000 02:19:00,44,0,26,-3,-67,1
02/13/2000 02:20:00,44,0,25,-3,-66,1
02/13/2000 02:21:00,44,0,23,-3,-67,1
02/13/2000 02:22:00,44,0,24,-3,-66,1
02/13/2000 02:23:00,44,0,25,-3,-65,1
02/13/2000 02:24:00,44,0,25,-3,-65,1
02/13/2000 02:25:00,44,0,25,-3,-65,1
02/13/2000 02:26:00,44,0,26,-3,-66,1
02/13/2000 02:27:00,44,0,26,-3,-67,1
02/13/2000 02:28:00,44,0,26,-2,-67,1
02/13/2000 02:29:00,44,0,24,-2,-67,1
02/13/2000 02:30:00,44,0,24,-2,-66,1
02/13/2000 02:31:00,44,0,24,-2,-66,1
02/13/2000 02:32:00,44,0,24,-2,-66,1
02/13/2000 02:33:00,44,0,24,-1,-67,1
02/13/2000 02:34:00,44,0,24,-2,-67,1
02/13/2000 02:35:00,44,0,23,-1,-67,1
02/13/2000 02:36:00,44,0,24,-1,-66,1
02/13/2000 02:37:00,44,0,24,-1,-66,1
02/13/2000 02:38:00,44,0,24,-1,-66,1
02/13/2000 02:39:00,44,0,23,-1,-67,1
02/13/2000 02:40:00,44,0,23,-1,-68,1
02/13/2000 02:41:00,44,0,23,-1,-68,1
02/13/2000 02:42:00,44,0,24,-1,-68,1
02/13/2000 02:43:00,44,0,24,-1,-68,1
02/13/2000 02:44:00,44,0,24,-1,-69,1
02/13/2000 02:45:00,44,0,26,-1,-68,1
02/13/2000 02:46:00,44,0,26,-1,-68,1
02/13/2000 02:47:00,44,0,27,-1,-68,1
02/13/2000 02:48:00,44,0,26,-1,-68,1
02/13/2000 02:49:00,44,0,27,-1,-68,1
02/13/2000 02:50:00,44,0,27,-1,-67,1
02/13/2000 02:51:00,44,0,28,-1,-67,1
02/13/2000 02:52:00,44,0,28,-1,-67,1
02/13/2000 02:53:00,44,0,28,-1,-67,1
02/13/2000 02:54:00,44,0,28,-1,-67,1
02/13/2000 02:55:00,44,0,29,-1,-67,1
02/13/2000 02:56:00,44,0,29,-1,-67,1
02/13/2000 02:57:00,44,0,28,-1,-67,1
02/13/2000 02:58:00,44,0,29,-1,-67,1
02/13/2000 02:59:00,44,0,29,-1,-67,1
02/13/2000 03:00:00,44,0,29,-1,-66,1
02/13/2000 03:01:00,44,0,30,-1,-66,1
02/13/2000 03:02:00,44,0,30,0,-66,1
02/13/2000 03:03:00,44,0,29,0,-66,1
02/13/2000 03:04:00,44,0,30,0,-66,1
02/13/2000 03:05:00,44,0,29,0,-65,1
02/13/2000 03:06:00,44,0,30,0,-65,1
02/13/2000 03:07:00,44,0,29,0,-64,1
02/13/2000 03:08:00,44,0,28,0,-63,1
02/13/2000 03:09:00,44,0,29,0,-62,1
02/13/2000 03:10:00,44,0,29,0,-61,1
02/13/2000 03:11:00,44,0,29,0,-61,1
02/13/2000 03:12:00,44,0,30,0,-61,1
02/13/2000 03:13:00,44,0,30,0,-61,1
02/13/2000 03:14:00,44,0,30,0,-61,1
02/13/2000 03:15:00,44,0,29,0,-61,1
02/13/2000 03:16:00,44,0,29,0,-62,1
02/13/2000 03:17:00,44,0,29,0,-63,1
02/13/2000 03:18:00,44,0,29,0,-63,1
02/13/2000 03:19:00,44,0,29,0,-63,1
02/13/2000 03:20:00,44,0,29,1,-63,1
02/13/2000 03:21:00,44,0,29,0,-63,1
02/13/2000 03:22:00,44,0,28,0,-63,1
02/13/2000 03:23:00,44,0,28,1,-63,1
02/13/2000 03:24:00,44,0,28,0,-63,1
02/13/2000 03:25:00,44,0,29,0,-64,1
02/13/2000 03:26:00,44,0,28,0,-64,1
02/13/2000 03:27:00,44,0,28,1,-63,1
02/13/2000 03:28:00,44,0,27,1,-63,1
02/13/2000 03:29:00,44,0,27,1,-63,1
02/13/2000 03:30:00,44,0,28,1,-63,1
02/13/2000 03:31:00,44,0,29,1,-63,1
02/13/2000 03:32:00,44,0,29,0,-62,1
02/13/2000 03:33:00,44,0,29,1,-63,1
02/13/2000 03:34:00,44,0,28,1,-63,1
02/13/2000 03:35:00,44,0,29,1,-63,1
02/13/2000 03:36:00,44,0,28,1,-63,1
02/13/2000 03:37:00,44,0,29,2,-63,1
02/13/2000 03:38:00,44,0,29,2,-63,1
02/13/2000 03:39:00,44,0,29,2,-63,1
02/13/2000 03:40:00,44,0,30,2,-63,1
02/13/2000 03:41:00,44,0,30,2,-63,1
02/13/2000 03:42:00,44,0,29,2,-63,1
02/13/2000 03:43:00,44,0,29,2,-63,1
02/13/2000 03:44:00,44,0,29,2,-63,1
02/13/2000 03:45:00,44,0,30,2,-63,1
02/13/2000 03:46:00,44,0,30,2,-63,1
02/13/2000 03:47:00,44,0,30,2,-62,1
02/13/2000 03:48:00,44,0,29,3,-62,1
02/13/2000 03:49:00,44,0,29,2,-62,1
02/13/2000 03:50:00,44,0,30,2,-62,1
02/13/2000 03:51:00,44,0,30,2,-62,1
02/13/2000 03:52:00,44,0,29,3,-62,1
02/13/2000 03:53:00,44,0,29,3,-62,1
02/13/2000 03:54:00,44,0,29,3,-62,1
02/13/2000 03:55:00,44,0,31,3,-61,1
02/13/2000 03:56:00,44,0,31,3,-61,1
02/13/2000 03:57:00,44,0,33,3,-61,1
02/13/2000 03:58:00,44,0,33,3,-62,1
02/13/2000 03:59:00,44,0,32,3,-62,1
02/13/2000 04:00:00,44,0,32,3,-61,1
02/13/2000 04:01:00,44,0,33,3,-61,1
02/13/2000 04:02:00,44,0,33,3,-61,1
02/13/2000 04:03:00,44,0,33,3,-61,1
02/13/2000 04:04:00,44,0,34,3,-61,1
02/13/2000 04:05:00,44,0,35,3,-61,1
02/13/2000 04:06:00,44,0,33,3,-61,1
02/13/2000 04:07:00,44,0,35,3,-61,1
02/13/2000 04:08:00,44,0,36,3,-61,1
02/13/2000 04:09:00,44,0,36,3,-61,1
02/13/2000 04:10:00,44,0,36,3,-61,1
02/13/2000 04:11:00,44,0,36,3,-61,1
02/13/2000 04:12:00,44,0,37,3,-61,1
02/13/2000 04:13:00,44,0,36,3,-61,1
02/13/2000 04:14:00,44,0,36,2,-61,1
02/13/2000 04:15:00,44,0,35,3,-61,1
02/13/2000 04:16:00,44,0,36,3,-61,1
02/13/2000 04:17:00,44,0,36,2,-61,1
02/13/2000 04:18:00,44,0,35,2,-61,1
02/13/2000 04:19:00,44,0,35,2,-61,1
02/13/2000 04:20:00,44,0,34,3,-61,1
02/13/2000 04:21:00,44,0,35,2,-61,1
02/13/2000 04:22:00,44,0,35,2,-61,1
02/13/2000 04:23:00,44,0,35,3,-61,1
02/13/2000 04:24:00,44,0,36,3,-62,1
02/13/2000 04:25:00,44,0,37,2,-62,1
02/13/2000 04:26:00,44,0,37,2,-62,1
02/13/2000 04:27:00,44,0,35,2,-63,1
02/13/2000 04:28:00,44,0,36,3,-63,1
02/13/2000 04:29:00,44,0,37,2,-63,1
02/13/2000 04:30:00,44,0,38,3,-63,1
02/13/2000 04:31:00,44,0,38,3,-63,1
02/13/2000 04:32:00,44,0,38,3,-63,1
02/13/2000 04:33:00,44,0,39,3,-63,1
02/13/2000 04:34:00,44,0,39,2,-63,1
02/13/2000 04:35:00,44,0,38,2,-63,1
02/13/2000 04:36:00,44,0,38,2,-62,1
02/13/2000 04:37:00,44,0,39,2,-63,1
02/13/2000 04:38:00,44,0,38,2,-63,1
02/13/2000 04:39:00,44,0,38,2,-63,1
02/13/2000 04:40:00,44,0,38,2,-63,1
02/13/2000 04:41:00,44,0,39,2,-63,1
02/13/2000 04:42:00,44,0,39,2,-63,1
02/13/2000 04:43:00,44,0,38,3,-64,1
02/13/2000 04:44:00,44,0,38,2,-64,1
02/13/2000 04:45:00,44,0,38,3,-64,1
02/13/2000 04:46:00,44,0,39,2,-64,1
02/13/2000 04:47:00,44,0,39,3,-63,1
02/13/2000 04:48:00,44,0,39,3,-63,1
02/13/2000 04:49:00,44,0,38,3,-63,1
02/13/2000 04:50:00,44,0,39,3,-63,1
02/13/2000 04:51:00,44,0,41,3,-63,1
02/13/2000 04:52:00,44,0,41,3,-63,1
02/13/2000 04:53:00,44,0,42,3,-63,1
02/13/2000 04:54:00,44,0,41,3,-62,1
02/13/2000 04:55:00,44,0,43,3,-62,1
02/13/2000 04:56:00,44,0,43,3,-62,1
02/13/2000 04:57:00,44,0,43,3,-62,1
02/13/2000 04:58:00,44,0,42,3,-62,1
02/13/2000 04:59:00,44,0,44,3,-61,1
02/13/2000 05:00:00,44,0,44,3,-61,1
02/13/2000 05:01:00,44,0,43,3,-61,1
02/13/2000 05:02:00,44,0,43,3,-60,1
02/13/2000 05:03:00,44,0,42,2,-60,1
02/13/2000 05:04:00,44,0,44,2,-60,1
02/13/2000 05:05:00,44,0,43,2,-59,1
02/13/2000 05:06:00,44,0,43,2,-59,1
02/13/2000 05:07:00,44,0,42,2,-59,1
02/13/2000 05:08:00,44,0,43,2,-59,1
02/13/2000 05:09:00,44,0,42,2,-59,1
02/13/2000 05:10:00,44,0,40,2,-60,1
02/13/2000 05:11:00,44,0,42,3,-60,1
02/13/2000 05:12:00,44,0,42,3,-60,1
02/13/2000 05:13:00,44,0,43,3,-59,1
02/13/2000 05:14:00,44,0,42,3,-59,1
02/13/2000 05:15:00,44,0,43,3,-59,1
02/13/2000 05:16:00,44,0,44,3,-59,1
02/13/2000 05:17:00,44,0,43,3,-59,1
02/13/2000 05:18:00,44,0,45,2,-59,1
02/13/2000 05:19:00,44,0,45,2,-59,1
02/13/2000 05:20:00,44,0,45,2,-60,1
02/13/2000 05:21:00,44,0,44,2,-60,1
02/13/2000 05:22:00,44,0,43,2,-60,1
02/13/2000 05:23:00,44,0,43,2,-60,1
02/13/2000 05:24:00,44,0,44,2,-59,1
02/13/2000 05:25:00,44,0,44,2,-59,1
02/13/2000 05:26:00,44,0,43,2,-60,1
02/13/2000 05:27:00,44,0,42,2,-60,1
02/13/2000 05:28:00,44,0,42,2,-60,1
02/13/2000 05:29:00,44,0,42,2,-60,1
02/13/2000 05:30:00,44,0,43,2,-60,1
02/13/2000 05:31:00,44,0,42,2,-60,1
02/13/2000 05:32:00,44,0,41,2,-60,1
02/13/2000 05:33:00,44,0,41,2,-60,1
02/13/2000 05:34:00,44,0,41,2,-60,1
02/13/2000 05:35:00,44,0,41,2,-60,1
02/13/2000 05:36:00,44,0,41,2,-60,1
02/13/2000 05:37:00,44,0,42,2,-60,1
02/13/2000 05:38:00,44,0,42,2,-60,1
02/13/2000 05:39:00,44,0,42,2,-60,1
02/13/2000 05:40:00,44,0,40,2,-60,1
02/13/2000 05:41:00,44,0,40,2,-60,1
02/13/2000 05:42:00,44,0,40,2,-60,1
02/13/2000 05:43:00,44,0,40,2,-60,1
02/13/2000 05:44:00,44,0,39,2,-60,1
02/13/2000 05:45:00,44,0,40,2,-59,1
02/13/2000 05:46:00,44,0,40,2,-59,1
02/13/2000 05:47:00,44,0,40,2,-59,1
02/13/2000 05:48:00,44,0,40,2,-59,1
02/13/2000 05:49:00,44,0,40,2,-59,1
02/13/2000 05:50:00,44,0,41,2,-59,1
02/13/2000 05:51:00,44,0,41,2,-59,1
02/13/2000 05:52:00,44,0,40,2,-59,1
02/13/2000 05:53:00,44,0,40,2,-59,1
02/13/2000 05:54:00,44,0,40,2,-59,1
02/13/2000 05:55:00,44,0,40,2,-59,1
02/13/2000 05:56:00,44,0,41,2,-60,1
02/13/2000 05:57:00,44,0,40,2,-60,1
02/13/2000 05:58:00,44,0,40,2,-60,1
02/13/2000 05:59:00,44,0,41,2,-60,1
02/13/2000 06:00:00,44,0,42,2,-61,1
02/13/2000 06:01:00,44,0,41,2,-60,1
02/13/2000 06:02:00,44,0,42,2,-60,1
02/13/2000 06:03:00,44,0,42,2,-60,1
02/13/2000 06:04:00,44,0,41,2,-60,1
02/13/2000 06:05:00,44,0,41,2,-59,1
02/13/2000 06:06:00,44,0,40,2,-60,1
02/13/2000 06:07:00,44,0,40,2,-59,1
02/13/2000 06:08:00,44,0,41,2,-59,1
02/13/2000 06:09:00,44,0,41,2,-59,1
02/13/2000 06:10:00,44,0,41,2,-59,1
02/13/2000 06:11:00,44,0,41,2,-59,1
02/13/2000 06:12:00,44,0,40,2,-59,1
02/13/2000 06:13:00,44,0,40,2,-59,1
02/13/2000 06:14:00,44,0,40,1,-59,1
02/13/2000 06:15:00,44,0,41,1,-60,1
02/13/2000 06:16:00,44,0,41,1,-60,1
02/13/2000 06:17:00,44,0,41,1,-60,1
02/13/2000 06:18:00,44,0,41,1,-60,1
02/13/2000 06:19:00,44,0,41,1,-60,1
02/13/2000 06:20:00,44,0,42,2,-60,1
02/13/2000 06:21:00,44,0,42,2,-60,1
02/13/2000 06:22:00,44,0,42,1,-60,1
02/13/2000 06:23:00,44,0,42,1,-60,1
02/13/2000 06:24:00,44,0,43,1,-60,1
02/13/2000 06:25:00,44,0,43,1,-60,1
02/13/2000 06:26:00,44,0,42,1,-60,1
02/13/2000 06:27:00,44,0,41,1,-59,1
02/13/2000 06:28:00,44,0,40,1,-59,1
02/13/2000 06:29:00,44,0,40,1,-59,1
02/13/2000 06:30:00,44,0,40,1,-59,1
02/13/2000 06:31:00,44,0,39,1,-59,1
02/13/2000 06:32:00,44,0,39,1,-59,1
02/13/2000 06:33:00,44,0,40,1,-58,1
02/13/2000 06:34:00,44,0,40,1,-58,1
02/13/2000 06:35:00,44,0,40,1,-58,1
02/13/2000 06:36:00,44,0,41,1,-59,1
02/13/2000 06:37:00,44,0,41,1,-59,1
02/13/2000 06:38:00,44,0,39,1,-59,1
02/13/2000 06:39:00,44,0,39,1,-59,1
02/13/2000 06:40:00,44,0,41,1,-59,1
02/13/2000 06:41:00,44,0,41,1,-59,1
02/13/2000 06:42:00,44,0,41,1,-59,1
02/13/2000 06:43:00,44,0,39,1,-59,1
02/13/2000 06:44:00,44,0,41,1,-58,1
02/13/2000 06:45:00,44,0,42,1,-58,1
02/13/2000 06:46:00,44,0,42,1,-58,1
02/13/2000 06:47:00,44,0,42,1,-58,1
02/13/2000 06:48:00,44,0,41,1,-58,1
02/13/2000 06:49:00,44,0,42,1,-57,1
02/13/2000 06:50:00,44,0,42,1,-57,1
02/13/2000 06:51:00,44,0,42,1,-57,1
02/13/2000 06:52:00,44,0,41,1,-58,1
02/13/2000 06:53:00,44,0,41,1,-57,1
02/13/2000 06:54:00,44,0,41,1,-57,1
02/13/2000 06:55:00,44,0,41,1,-57,1
02/13/2000 06:56:00,44,0,41,1,-57,1
02/13/2000 06:57:00,44,0,41,1,-57,1
02/13/2000 06:58:00,44,0,40,1,-57,1
02/13/2000 06:59:00,44,0,38,1,-58,1
02/13/2000 07:00:00,44,0,38,1,-58,1
02/13/2000 07:01:00,44,0,38,1,-57,1
02/13/2000 07:02:00,44,0,38,1,-57,1
02/13/2000 07:03:00,44,0,38,1,-57,1
02/13/2000 07:04:00,44,0,37,1,-58,1
02/13/2000 07:05:00,44,0,37,1,-58,1
02/13/2000 07:06:00,44,0,37,1,-58,1
02/13/2000 07:07:00,44,0,37,2,-58,1
02/13/2000 07:08:00,44,0,37,2,-57,1
02/13/2000 07:09:00,44,0,38,2,-58,1
02/13/2000 07:10:00,44,0,38,2,-58,1
02/13/2000 07:11:00,44,0,39,2,-57,1
02/13/2000 07:12:00,44,0,39,2,-57,1
02/13/2000 07:13:00,44,0,38,2,-57,1
02/13/2000 07:14:00,44,0,36,1,-57,1
02/13/2000 07:15:00,44,0,36,1,-57,1
02/13/2000 07:16:00,44,0,36,1,-57,1
02/13/2000 07:17:00,44,0,35,1,-57,1
02/13/2000 07:18:00,44,0,35,1,-56,1
02/13/2000 07:19:00,44,0,34,1,-56,1
02/13/2000 07:20:00,44,0,34,1,-56,1
02/13/2000 07:21:00,44,0,34,1,-56,1
02/13/2000 07:22:00,44,0,34,1,-55,1
02/13/2000 07:23:00,44,0,33,1,-56,1
02/13/2000 07:24:00,44,0,33,1,-56,1
02/13/2000 07:25:00,44,0,33,1,-56,1
02/13/2000 07:26:00,44,0,33,1,-56,1
02/13/2000 07:27:00,44,0,33,1,-57,1
02/13/2000 07:28:00,44,0,34,1,-57,1
02/13/2000 07:29:00,44,0,34,1,-57,1
02/13/2000 07:30:00,44,0,35,1,-57,1
02/13/2000 07:31:00,44,0,34,1,-57,1
02/13/2000 07:32:00,44,0,34,1,-57,1
02/13/2000 07:33:00,44,0,34,1,-57,1
02/13/2000 07:34:00,44,0,34,1,-56,1
02/13/2000 07:35:00,44,0,34,0,-56,1
02/13/2000 07:36:00,44,0,35,1,-55,1
02/13/2000 07:37:00,44,0,35,1,-55,1
02/13/2000 07:38:00,44,0,35,1,-55,1
02/13/2000 07:39:00,44,0,36,1,-55,1
02/13/2000 07:40:00,44,0,35,0,-56,1
02/13/2000 07:41:00,44,0,35,0,-55,1
02/13/2000 07:42:00,44,0,34,0,-56,1
02/13/2000 07:43:00,44,0,34,1,-56,1
02/13/2000 07:44:00,44,0,34,0,-55,1
02/13/2000 07:45:00,44,0,33,1,-56,1
02/13/2000 07:46:00,44,0,33,1,-56,1
02/13/2000 07:47:00,44,0,32,1,-56,1
02/13/2000 07:48:00,44,0,33,1,-56,1
02/13/2000 07:49:00,44,0,33,1,-56,1
02/13/2000 07:50:00,44,0,33,1,-56,1
02/13/2000 07:51:00,44,0,33,1,-56,1
02/13/2000 07:52:00,44,0,32,1,-56,1
02/13/2000 07:53:00,44,0,33,1,-56,1
02/13/2000 07:54:00,44,0,32,1,-56,1
02/13/2000 07:55:00,44,0,32,1,-56,1
02/13/2000 07:56:00,44,0,33,1,-56,1
02/13/2000 07:57:00,44,0,32,1,-56,1
02/13/2000 07:58:00,44,0,33,1,-56,1
02/13/2000 07:59:00,44,0,32,1,-56,1
02/13/2000 08:00:00,44,0,32,1,-56,1
02/13/2000 08:01:00,44,0,32,1,-56,1
02/13/2000 08:02:00,44,0,32,1,-57,1
02/13/2000 08:03:00,44,0,32,1,-57,1
02/13/2000 08:04:00,44,0,31,1,-57,1
02/13/2000 08:05:00,44,0,32,1,-57,1
02/13/2000 08:06:00,44,0,33,1,-57,1
02/13/2000 08:07:00,44,0,33,1,-57,1
02/13/2000 08:08:00,44,0,33,1,-57,1
02/13/2000 08:09:00,44,0,34,1,-57,1
02/13/2000 08:10:00,44,0,34,1,-57,1
02/13/2000 08:11:00,44,0,34,1,-57,1
02/13/2000 08:12:00,44,0,34,1,-57,1
02/13/2000 08:13:00,44,0,34,1,-57,1
02/13/2000 08:14:00,44,0,34,1,-57,1
02/13/2000 08:15:00,44,0,33,1,-57,1
02/13/2000 08:16:00,44,0,33,1,-57,1
02/13/2000 08:17:00,44,0,32,1,-56,1
02/13/2000 08:18:00,44,0,33,1,-56,1
02/13/2000 08:19:00,44,0,33,1,-56,1
02/13/2000 08:20:00,44,0,34,1,-57,1
02/13/2000 08:21:00,44,0,33,1,-57,1
02/13/2000 08:22:00,44,0,33,1,-57,1
02/13/2000 08:23:00,44,0,34,1,-58,1
02/13/2000 08:24:00,44,0,35,1,-58,1
02/13/2000 08:25:00,44,0,36,1,-58,1
02/13/2000 08:26:00,44,0,35,1,-58,1
02/13/2000 08:27:00,44,0,35,1,-58,1
02/13/2000 08:28:00,44,0,35,1,-58,1
02/13/2000 08:29:00,44,0,36,1,-58,1
02/13/2000 08:30:00,44,0,37,1,-57,1
02/13/2000 08:31:00,44,0,39,1,-57,1
02/13/2000 08:32:00,44,0,39,0,-57,1
02/13/2000 08:33:00,44,0,41,0,-57,1
02/13/2000 08:34:00,44,0,40,1,-57,1
02/13/2000 08:35:00,44,0,42,0,-57,1
02/13/2000 08:36:00,44,0,43,1,-57,1
02/13/2000 08:37:00,44,0,44,1,-57,1
02/13/2000 08:38:00,44,0,46,1,-57,1
02/13/2000 08:39:00,44,0,48,0,-57,1
02/13/2000 08:40:00,44,0,50,0,-56,1
02/13/2000 08:41:00,44,0,51,0,-57,1
02/13/2000 08:42:00,44,0,50,0,-56,1
02/13/2000 08:43:00,44,0,52,0,-56,1
02/13/2000 08:44:00,44,0,54,0,-57,1
02/13/2000 08:45:00,44,0,55,0,-57,1
02/13/2000 08:46:00,44,0,57,-1,-57,1
02/13/2000 08:47:00,44,0,57,-1,-57,1
02/13/2000 08:48:00,44,0,59,-1,-57,1
02/13/2000 08:49:00,44,0,59,-1,-57,1
02/13/2000 08:50:00,44,0,59,-1,-57,1
02/13/2000 08:51:00,44,0,59,-1,-57,1
02/13/2000 08:52:00,44,0,59,-1,-57,1
02/13/2000 08:53:00,44,0,59,-1,-57,1
02/13/2000 08:54:00,44,0,57,-1,-57,1
02/13/2000 08:55:00,44,0,56,-2,-58,1
02/13/2000 08:56:00,44,0,55,-1,-58,1
02/13/2000 08:57:00,44,0,54,-1,-58,1
02/13/2000 08:58:00,44,0,54,-1,-59,1
02/13/2000 08:59:00,44,0,52,-1,-59,1
02/13/2000 09:00:00,44,0,51,-1,-59,1
02/13/2000 09:01:00,44,0,50,0,-59,1
02/13/2000 09:02:00,44,0,48,0,-59,1
02/13/2000 09:03:00,44,0,49,0,-59,1
02/13/2000 09:04:00,44,0,49,0,-58,1
02/13/2000 09:05:00,44,0,49,1,-58,1
02/13/2000 09:06:00,44,0,48,0,-58,1
02/13/2000 09:07:00,44,0,48,0,-58,1
02/13/2000 09:08:00,44,0,47,1,-58,1
02/13/2000 09:09:00,44,0,46,1,-57,1
02/13/2000 09:10:00,44,0,46,1,-57,1
02/13/2000 09:11:00,44,0,45,1,-57,1
02/13/2000 09:12:00,44,0,44,1,-57,1
02/13/2000 09:13:00,44,0,45,1,-56,1
02/13/2000 09:14:00,44,0,46,1,-56,1
02/13/2000 09:15:00,44,0,47,1,-56,1
02/13/2000 09:16:00,44,0,48,1,-55,1
02/13/2000 09:17:00,44,0,49,1,-55,1
02/13/2000 09:18:00,44,0,47,2,-54,1
02/13/2000 09:19:00,44,0,48,2,-54,1
02/13/2000 09:20:00,44,0,49,2,-54,1
02/13/2000 09:21:00,44,0,48,2,-53,1
02/13/2000 09:22:00,44,0,49,2,-53,1
02/13/2000 09:23:00,44,0,49,2,-53,1
02/13/2000 09:24:00,44,0,49,2,-53,1
02/13/2000 09:25:00,44,0,48,2,-52,1
02/13/2000 09:26:00,44,0,48,2,-52,1
02/13/2000 09:27:00,44,0,49,2,-52,1
02/13/2000 09:28:00,44,0,48,2,-52,1
02/13/2000 09:29:00,44,0,47,2,-52,1
02/13/2000 09:30:00,44,0,48,2,-52,1
02/13/2000 09:31:00,44,0,47,1,-51,1
02/13/2000 09:32:00,44,0,47,2,-51,1
02/13/2000 09:33:00,44,0,47,1,-51,1
02/13/2000 09:34:00,44,0,48,1,-51,1
02/13/2000 09:35:00,44,0,47,1,-51,1
02/13/2000 09:36:00,44,0,46,2,-51,1
02/13/2000 09:37:00,44,0,47,2,-51,1
02/13/2000 09:38:00,44,0,47,2,-51,1
02/13/2000 09:39:00,44,0,47,3,-51,1
02/13/2000 09:40:00,44,0,46,3,-51,1
02/13/2000 09:41:00,44,0,48,3,-50,1
02/13/2000 09:42:00,44,0,48,3,-50,1
02/13/2000 09:43:00,44,0,48,3,-50,1
02/13/2000 09:44:00,44,0,47,3,-50,1
02/13/2000 09:45:00,44,0,45,3,-51,1
02/13/2000 09:46:00,44,0,44,2,-51,1
02/13/2000 09:47:00,44,0,45,2,-51,1
02/13/2000 09:48:00,44,0,43,2,-51,1
02/13/2000 09:49:00,44,0,43,2,-51,1
02/13/2000 09:50:00,44,0,44,3,-51,1
02/13/2000 09:51:00,44,0,43,3,-52,1
02/13/2000 09:52:00,44,0,43,3,-52,1
02/13/2000 09:53:00,44,0,43,3,-52,1
02/13/2000 09:54:00,44,0,42,4,-52,1
02/13/2000 09:55:00,44,0,41,4,-52,1
02/13/2000 09:56:00,44,0,41,4,-52,1
02/13/2000 09:57:00,44,0,41,4,-52,1
02/13/2000 09:58:00,44,0,41,4,-52,1
02/13/2000 09:59:00,44,0,40,5,-52,1
02/13/2000 10:00:00,44,0,39,5,-53,1
02/13/2000 10:01:00,44,0,39,5,-53,1
02/13/2000 10:02:00,44,0,40,5,-54,1
02/13/2000 10:03:00,44,0,40,5,-54,1
02/13/2000 10:04:00,44,0,39,5,-55,1
02/13/2000 10:05:00,44,0,39,5,-55,1
02/13/2000 10:06:00,44,0,39,5,-55,1
02/13/2000 10:07:00,44,0,41,5,-54,1
02/13/2000 10:08:00,44,0,43,4,-55,1
02/13/2000 10:09:00,44,0,43,4,-55,1
02/13/2000 10:10:00,44,0,40,4,-55,1
02/13/2000 10:11:00,44,0,36,4,-55,1
02/13/2000 10:12:00,44,0,36,5,-54,1
02/13/2000 10:13:00,44,0,38,5,-54,1
02/13/2000 10:14:00,44,0,39,4,-53,1
02/13/2000 10:15:00,44,0,37,4,-53,1
02/13/2000 10:16:00,44,0,37,4,-54,1
02/13/2000 10:17:00,44,0,35,4,-55,1
02/13/2000 10:18:00,44,0,34,4,-55,1
02/13/2000 10:19:00,44,0,34,4,-55,1
02/13/2000 10:20:00,44,0,34,4,-54,1
02/13/2000 10:21:00,44,0,34,4,-54,1
02/13/2000 10:22:00,44,0,33,4,-53,1
02/13/2000 10:23:00,44,0,31,4,-54,1
02/13/2000 10:24:00,44,0,30,4,-54,1
02/13/2000 10:25:00,44,0,29,4,-54,1
02/13/2000 10:26:00,44,0,28,3,-54,1
02/13/2000 10:27:00,44,0,29,3,-54,1
02/13/2000 10:28:00,44,0,28,3,-55,1
02/13/2000 10:29:00,44,0,28,3,-55,1
02/13/2000 10:30:00,44,0,28,3,-55,1
02/13/2000 10:31:00,44,0,29,2,-55,1
02/13/2000 10:32:00,44,0,29,2,-54,1
02/13/2000 10:33:00,44,0,29,2,-54,1
02/13/2000 10:34:00,44,0,30,2,-55,1
02/13/2000 10:35:00,44,0,30,2,-55,1
02/13/2000 10:36:00,44,0,30,2,-54,1
02/13/2000 10:37:00,44,0,32,1,-54,1
02/13/2000 10:38:00,44,0,31,1,-54,1
02/13/2000 10:39:00,44,0,31,1,-54,1
02/13/2000 10:40:00,44,0,30,1,-55,1
02/13/2000 10:41:00,44,0,30,1,-55,1
02/13/2000 10:42:00,44,0,31,1,-55,1
02/13/2000 10:43:00,44,0,32,1,-55,1
02/13/2000 10:44:00,44,0,34,0,-55,1
02/13/2000 10:45:00,44,0,33,0,-55,1
02/13/2000 10:46:00,44,0,34,0,-55,1
02/13/2000 10:47:00,44,0,34,0,-55,1
02/13/2000 10:48:00,44,0,34,0,-55,1
02/13/2000 10:49:00,44,0,33,0,-55,1
02/13/2000 10:50:00,44,0,34,0,-55,1
02/13/2000 10:51:00,44,0,34,0,-55,1
02/13/2000 10:52:00,44,0,35,0,-54,1
02/13/2000 10:53:00,44,0,35,1,-54,1
02/13/2000 10:54:00,44,0,33,1,-54,1
02/13/2000 10:55:00,44,0,32,1,-54,1
02/13/2000 10:56:00,44,0,31,1,-53,1
02/13/2000 10:57:00,44,0,29,2,-53,1
02/13/2000 10:58:00,44,0,29,2,-53,1
02/13/2000 10:59:00,44,0,28,3,-53,1
02/13/2000 11:00:00,44,0,28,3,-53,1
02/13/2000 11:01:00,44,0,29,3,-53,1
02/13/2000 11:02:00,44,0,30,3,-53,1
02/13/2000 11:03:00,44,0,31,3,-52,1
02/13/2000 11:04:00,44,0,30,3,-51,1
02/13/2000 11:05:00,44,0,29,4,-51,1
02/13/2000 11:06:00,44,0,28,4,-52,1
02/13/2000 11:07:00,44,0,27,5,-52,1
02/13/2000 11:08:00,44,0,27,5,-51,1
02/13/2000 11:09:00,44,0,28,5,-51,1
02/13/2000 11:10:00,44,0,30,5,-51,1
02/13/2000 11:11:00,44,0,33,5,-51,1
02/13/2000 11:12:00,44,0,33,5,-50,1
02/13/2000 11:13:00,44,0,32,5,-50,1
02/13/2000 11:14:00,44,0,32,5,-50,1
02/13/2000 11:15:00,44,0,30,5,-50,1
02/13/2000 11:16:00,44,0,32,5,-51,1
02/13/2000 11:17:00,44,0,33,5,-52,1
02/13/2000 11:18:00,44,0,33,5,-52,1
02/13/2000 11:19:00,44,0,34,5,-52,1
02/13/2000 11:20:00,44,0,34,5,-52,1
02/13/2000 11:21:00,44,0,35,5,-52,1
02/13/2000 11:22:00,44,0,36,5,-53,1
02/13/2000 11:23:00,44,0,35,5,-54,1
02/13/2000 11:24:00,44,0,32,5,-54,1
02/13/2000 11:25:00,44,0,34,5,-54,1
02/13/2000 11:26:00,44,0,34,4,-54,1
02/13/2000 11:27:00,44,0,35,4,-55,1
02/13/2000 11:28:00,44,0,34,4,-56,1
02/13/2000 11:29:00,44,0,34,4,-56,1
02/13/2000 11:30:00,44,0,34,4,-56,1
02/13/2000 11:31:00,44,0,33,3,-56,1
02/13/2000 11:32:00,44,0,36,3,-57,1
02/13/2000 11:33:00,44,0,35,3,-56,1
02/13/2000 11:34:00,44,0,35,3,-56,1
02/13/2000 11:35:00,44,0,35,3,-56,1
02/13/2000 11:36:00,44,0,33,3,-57,1
02/13/2000 11:37:00,44,0,33,3,-57,1
02/13/2000 11:38:00,44,0,33,3,-56,1
02/13/2000 11:39:00,44,0,33,3,-56,1
02/13/2000 11:40:00,44,0,33,4,-57,1
02/13/2000 11:41:00,44,0,34,4,-56,1
02/13/2000 11:42:00,44,0,35,4,-56,1
02/13/2000 11:43:00,44,0,35,4,-56,1
02/13/2000 11:44:00,44,0,33,4,-56,1
02/13/2000 11:45:00,44,0,35,4,-56,1
02/13/2000 11:46:00,44,0,34,4,-56,1
02/13/2000 11:47:00,44,0,36,4,-56,1
02/13/2000 11:48:00,44,0,35,3,-56,1
02/13/2000 11:49:00,44,0,35,3,-57,1
02/13/2000 11:50:00,44,0,35,3,-57,1
02/13/2000 11:51:00,44,0,36,3,-58,1
02/13/2000 11:52:00,44,0,35,3,-58,1
02/13/2000 11:53:00,44,0,36,3,-58,1
02/13/2000 11:54:00,44,0,36,3,-58,1
02/13/2000 11:55:00,44,0,36,3,-58,1
02/13/2000 11:56:00,44,0,37,3,-57,1
02/13/2000 11:57:00,44,0,39,3,-57,1
02/13/2000 11:58:00,44,0,38,3,-57,1
02/13/2000 11:59:00,44,0,38,4,-58,1
02/13/2000 12:00:00,44,0,39,3,-58,1
02/13/2000 12:01:00,44,0,40,4,-58,1
02/13/2000 12:02:00,44,0,39,3,-58,1
02/13/2000 12:03:00,44,0,39,3,-57,1
02/13/2000 12:04:00,44,0,39,3,-57,1
02/13/2000 12:05:00,44,0,39,3,-57,1
02/13/2000 12:06:00,44,0,40,3,-57,1
02/13/2000 12:07:00,44,0,41,4,-58,1
02/13/2000 12:08:00,44,0,42,4,-58,1
02/13/2000 12:09:00,44,0,40,4,-58,1
02/13/2000 12:10:00,44,0,41,4,-58,1
02/13/2000 12:11:00,44,0,40,3,-58,1
02/13/2000 12:12:00,44,0,40,3,-57,1
02/13/2000 12:13:00,44,0,40,3,-57,1
02/13/2000 12:14:00,44,0,41,3,-57,1
02/13/2000 12:15:00,44,0,43,3,-57,1
02/13/2000 12:16:00,44,0,43,3,-57,1
02/13/2000 12:17:00,44,0,42,3,-57,1
02/13/2000 12:18:00,44,0,42,3,-58,1
02/13/2000 12:19:00,44,0,45,3,-58,1
02/13/2000 12:20:00,44,0,44,2,-56,1
02/13/2000 12:21:00,44,0,44,2,-57,1
02/13/2000 12:22:00,44,0,44,2,-57,1
02/13/2000 12:23:00,44,0,43,1,-56,1
02/13/2000 12:24:00,44,0,44,1,-55,1
02/13/2000 12:25:00,44,0,46,1,-55,1
02/13/2000 12:26:00,44,0,47,0,-55,1
02/13/2000 12:27:00,44,0,47,0,-55,1
02/13/2000 12:28:00,44,0,47,0,-54,1
02/13/2000 12:29:00,44,0,46,-1,-54,1
02/13/2000 12:30:00,44,0,45,-1,-54,1
02/13/2000 12:31:00,44,0,44,-1,-55,1
02/13/2000 12:32:00,44,0,43,-1,-55,1
02/13/2000 12:33:00,44,0,41,-1,-55,1
02/13/2000 12:34:00,44,0,41,-1,-56,1
02/13/2000 12:35:00,44,0,41,-1,-55,1
02/13/2000 12:36:00,44,0,39,-1,-55,1
02/13/2000 12:37:00,44,0,40,-1,-56,1
02/13/2000 12:38:00,44,0,42,-1,-54,1
02/13/2000 12:39:00,44,0,40,-1,-53,1
02/13/2000 12:40:00,44,0,40,0,-52,1
02/13/2000 12:41:00,44,0,38,0,-53,1
02/13/2000 12:42:00,44,0,37,0,-53,1
02/13/2000 12:43:00,44,0,36,0,-54,1
02/13/2000 12:44:00,44,0,37,0,-54,1
02/13/2000 12:45:00,44,0,38,1,-54,1
02/13/2000 12:46:00,44,0,37,0,-54,1
02/13/2000 12:47:00,44,0,37,1,-54,1
02/13/2000 12:48:00,44,0,36,1,-54,1
02/13/2000 12:49:00,44,0,35,1,-54,1
02/13/2000 12:50:00,44,0,35,1,-54,1
02/13/2000 12:51:00,44,0,35,1,-54,1
02/13/2000 12:52:00,44,0,35,1,-54,1
02/13/2000 12:53:00,44,0,34,1,-54,1
02/13/2000 12:54:00,44,0,33,1,-53,1
02/13/2000 12:55:00,44,0,32,1,-54,1
02/13/2000 12:56:00,44,0,32,1,-54,1
02/13/2000 12:57:00,44,0,31,2,-53,1
02/13/2000 12:58:00,44,0,32,2,-53,1
02/13/2000 12:59:00,44,0,32,2,-53,1
02/13/2000 13:00:00,44,0,32,2,-53,1
02/13/2000 13:01:00,44,0,32,2,-53,1
02/13/2000 13:02:00,44,0,33,3,-53,1
02/13/2000 13:03:00,44,0,34,3,-53,1
02/13/2000 13:04:00,44,0,35,3,-53,1
02/13/2000 13:05:00,44,0,35,3,-53,1
02/13/2000 13:06:00,44,0,35,3,-53,1
02/13/2000 13:07:00,44,0,35,3,-53,1
02/13/2000 13:08:00,44,0,34,3,-53,1
02/13/2000 13:09:00,44,0,35,3,-53,1
02/13/2000 13:10:00,44,0,38,3,-53,1
02/13/2000 13:11:00,44,0,39,3,-53,1
02/13/2000 13:12:00,44,0,38,3,-53,1
02/13/2000 13:13:00,44,0,38,4,-53,1
02/13/2000 13:14:00,44,0,38,4,-53,1
02/13/2000 13:15:00,44,0,39,4,-52,1
02/13/2000 13:16:00,44,0,39,4,-52,1
02/13/2000 13:17:00,44,0,40,4,-52,1
02/13/2000 13:18:00,44,0,40,4,-53,1
02/13/2000 13:19:00,44,0,40,4,-52,1
02/13/2000 13:20:00,44,0,41,4,-53,1
02/13/2000 13:21:00,44,0,41,5,-53,1
02/13/2000 13:22:00,44,0,41,5,-53,1
02/13/2000 13:23:00,44,0,41,5,-53,1
02/13/2000 13:24:00,44,0,42,5,-53,1
02/13/2000 13:25:00,44,0,43,5,-53,1
02/13/2000 13:26:00,44,0,44,6,-53,1
02/13/2000 13:27:00,44,0,47,6,-53,1
02/13/2000 13:28:00,44,0,49,5,-53,1
02/13/2000 13:29:00,44,0,50,5,-53,1
02/13/2000 13:30:00,44,0,50,6,-54,1
02/13/2000 13:31:00,44,0,50,6,-54,1
02/13/2000 13:32:00,44,0,50,6,-55,1
02/13/2000 13:33:00,44,0,51,5,-55,1
02/13/2000 13:34:00,44,0,53,5,-55,1
02/13/2000 13:35:00,44,0,54,5,-55,1
02/13/2000 13:36:00,44,0,55,5,-54,1
02/13/2000 13:37:00,44,0,56,5,-55,1
02/13/2000 13:38:00,44,0,55,5,-55,1
02/13/2000 13:39:00,44,0,55,5,-55,1
02/13/2000 13:40:00,44,0,55,4,-55,1
02/13/2000 13:41:00,44,0,56,4,-55,1
02/13/2000 13:42:00,44,0,55,4,-55,1
02/13/2000 13:43:00,44,0,53,4,-55,1
02/13/2000 13:44:00,44,0,52,5,-56,1
02/13/2000 13:45:00,44,0,52,5,-56,1
02/13/2000 13:46:00,44,0,53,5,-56,1
02/13/2000 13:47:00,44,0,53,5,-56,1
02/13/2000 13:48:00,44,0,53,5,-56,1
02/13/2000 13:49:00,44,0,53,5,-57,1
02/13/2000 13:50:00,44,0,53,5,-57,1
02/13/2000 13:51:00,44,0,53,5,-58,1
02/13/2000 13:52:00,44,0,53,5,-58,1
02/13/2000 13:53:00,44,0,53,4,-58,1
02/13/2000 13:54:00,44,0,54,4,-58,1
02/13/2000 13:55:00,44,0,53,4,-58,1
02/13/2000 13:56:00,44,0,52,4,-58,1
02/13/2000 13:57:00,44,0,51,3,-58,1
02/13/2000 13:58:00,44,0,51,3,-58,1
02/13/2000 13:59:00,44,0,51,2,-58,1
02/13/2000 14:00:00,44,0,47,2,-59,1
02/13/2000 14:01:00,44,0,46,2,-59,1
02/13/2000 14:02:00,44,0,45,2,-59,1
02/13/2000 14:03:00,44,0,45,1,-59,1
02/13/2000 14:04:00,44,0,44,1,-58,1
02/13/2000 14:05:00,44,0,43,1,-59,1
02/13/2000 14:06:00,44,0,42,1,-59,1
02/13/2000 14:07:00,44,0,45,1,-59,1
02/13/2000 14:08:00,44,0,46,1,-58,1
02/13/2000 14:09:00,44,0,45,1,-59,1
02/13/2000 14:10:00,44,0,43,1,-59,1
02/13/2000 14:11:00,44,0,44,1,-58,1
02/13/2000 14:12:00,44,0,46,1,-58,1
02/13/2000 14:13:00,44,0,46,1,-58,1
02/13/2000 14:14:00,44,0,45,1,-59,1
02/13/2000 14:15:00,44,0,44,2,-59,1
02/13/2000 14:16:00,44,0,46,1,-58,1
02/13/2000 14:17:00,44,0,46,2,-58,1
02/13/2000 14:18:00,44,0,43,2,-57,1
02/13/2000 14:19:00,44,0,43,2,-56,1
02/13/2000 14:20:00,44,0,43,2,-57,1
02/13/2000 14:21:00,44,0,41,3,-56,1
02/13/2000 14:22:00,44,0,40,3,-56,1
02/13/2000 14:23:00,44,0,39,3,-57,1
02/13/2000 14:24:00,44,0,40,4,-56,1
02/13/2000 14:25:00,44,0,42,4,-56,1
02/13/2000 14:26:00,44,0,43,4,-56,1
02/13/2000 14:27:00,44,0,41,4,-56,1
02/13/2000 14:28:00,44,0,40,4,-56,1
02/13/2000 14:29:00,44,0,41,5,-56,1
02/13/2000 14:30:00,44,0,43,4,-56,1
02/13/2000 14:31:00,44,0,44,4,-56,1
02/13/2000 14:32:00,44,0,44,4,-56,1
02/13/2000 14:33:00,44,0,45,4,-56,1
02/13/2000 14:34:00,44,0,45,5,-56,1
02/13/2000 14:35:00,44,0,46,5,-56,1
02/13/2000 14:36:00,44,0,46,5,-56,1
02/13/2000 14:37:00,44,0,47,5,-56,1
02/13/2000 14:38:00,44,0,49,5,-56,1
02/13/2000 14:39:00,44,0,49,5,-56,1
02/13/2000 14:40:00,44,0,50,5,-56,1
02/13/2000 14:41:00,44,0,51,4,-56,1
02/13/2000 14:42:00,44,0,50,4,-56,1
02/13/2000 14:43:00,44,0,51,4,-56,1
02/13/2000 14:44:00,44,0,51,4,-56,1
02/13/2000 14:45:00,44,0,50,3,-57,1
02/13/2000 14:46:00,44,0,50,3,-57,1
02/13/2000 14:47:00,44,0,49,3,-57,1
02/13/2000 14:48:00,44,0,49,3,-57,1
02/13/2000 14:49:00,44,0,49,3,-57,1
02/13/2000 14:50:00,44,0,48,3,-57,1
02/13/2000 14:51:00,44,0,48,3,-56,1
02/13/2000 14:52:00,44,0,48,2,-56,1
02/13/2000 14:53:00,44,0,48,2,-57,1
02/13/2000 14:54:00,44,0,49,2,-57,1
02/13/2000 14:55:00,44,0,48,2,-56,1
02/13/2000 14:56:00,44,0,47,2,-56,1
02/13/2000 14:57:00,44,0,45,2,-57,1
02/13/2000 14:58:00,44,0,45,2,-57,1
02/13/2000 14:59:00,44,0,46,2,-56,1
02/13/2000 15:00:00,44,0,46,2,-56,1
02/13/2000 15:01:00,44,0,45,2,-56,1
02/13/2000 15:02:00,44,0,45,2,-56,1
02/13/2000 15:03:00,44,0,45,2,-56,1
02/13/2000 15:04:00,44,0,45,2,-56,1
02/13/2000 15:05:00,44,0,44,2,-56,1
02/13/2000 15:06:00,44,0,44,2,-56,1
02/13/2000 15:07:00,44,0,43,2,-56,1
02/13/2000 15:08:00,44,0,43,2,-56,1
02/13/2000 15:09:00,44,0,43,2,-56,1
02/13/2000 15:10:00,44,0,42,2,-57,1
02/13/2000 15:11:00,44,0,43,2,-57,1
02/13/2000 15:12:00,44,0,43,2,-56,1
02/13/2000 15:13:00,44,0,42,3,-56,1
02/13/2000 15:14:00,44,0,41,3,-56,1
02/13/2000 15:15:00,44,0,41,3,-56,1
02/13/2000 15:16:00,44,0,41,3,-55,1
02/13/2000 15:17:00,44,0,40,3,-55,1
02/13/2000 15:18:00,44,0,37,3,-54,1
02/13/2000 15:19:00,44,0,38,3,-54,1
02/13/2000 15:20:00,44,0,37,4,-54,1
02/13/2000 15:21:00,44,0,35,4,-53,1
02/13/2000 15:22:00,44,0,36,4,-54,1
02/13/2000 15:23:00,44,0,36,4,-53,1
02/13/2000 15:24:00,44,0,37,4,-53,1
02/13/2000 15:25:00,44,0,38,4,-53,1
02/13/2000 15:26:00,44,0,35,4,-52,1
02/13/2000 15:27:00,44,0,36,4,-52,1
02/13/2000 15:28:00,44,0,35,4,-53,1
02/13/2000 15:29:00,44,0,36,3,-53,1
02/13/2000 15:30:00,44,0,36,3,-52,1
02/13/2000 15:31:00,44,0,35,3,-52,1
02/13/2000 15:32:00,44,0,35,3,-52,1
02/13/2000 15:33:00,44,0,36,3,-51,1
02/13/2000 15:34:00,44,0,37,3,-51,1
02/13/2000 15:35:00,44,0,37,3,-51,1
02/13/2000 15:36:00,44,0,38,3,-51,1
02/13/2000 15:37:00,44,0,38,3,-51,1
02/13/2000 15:38:00,44,0,38,3,-51,1
02/13/2000 15:39:00,44,0,38,3,-51,1
02/13/2000 15:40:00,44,0,36,3,-50,1
02/13/2000 15:41:00,44,0,35,3,-50,1
02/13/2000 15:42:00,44,0,36,3,-50,1
02/13/2000 15:43:00,44,0,36,3,-50,1
02/13/2000 15:44:00,44,0,36,3,-50,1
02/13/2000 15:45:00,44,0,34,3,-50,1
02/13/2000 15:46:00,44,0,34,3,-50,1
02/13/2000 15:47:00,44,0,34,3,-50,1
02/13/2000 15:48:00,44,0,35,2,-50,1
02/13/2000 15:49:00,44,0,37,2,-50,1
02/13/2000 15:50:00,44,0,31,3,-50,1
02/13/2000 15:51:00,44,0,31,3,-50,1
02/13/2000 15:52:00,44,0,31,3,-49,1
02/13/2000 15:53:00,44,0,31,3,-49,1
02/13/2000 15:54:00,44,0,30,3,-49,1
02/13/2000 15:55:00,44,0,30,2,-49,1
02/13/2000 15:56:00,44,0,31,2,-49,1
02/13/2000 15:57:00,44,0,31,2,-50,1
02/13/2000 15:58:00,44,0,30,2,-50,1
02/13/2000 15:59:00,44,0,29,2,-50,1
02/13/2000 16:00:00,44,0,29,2,-50,1
02/13/2000 16:01:00,44,0,29,3,-50,1
02/13/2000 16:02:00,44,0,27,3,-50,1
02/13/2000 16:03:00,44,0,27,3,-50,1
02/13/2000 16:04:00,44,0,27,3,-49,1
02/13/2000 16:05:00,44,0,28,3,-50,1
02/13/2000 16:06:00,44,0,29,3,-49,1
02/13/2000 16:07:00,44,0,28,3,-49,1
02/13/2000 16:08:00,44,0,26,3,-48,1
02/13/2000 16:09:00,44,0,26,3,-49,1
02/13/2000 16:10:00,44,0,26,3,-48,1
02/13/2000 16:11:00,44,0,26,2,-49,1
02/13/2000 16:12:00,44,0,25,2,-48,1
02/13/2000 16:13:00,44,0,24,2,-49,1
02/13/2000 16:14:00,44,0,24,2,-49,1
02/13/2000 16:15:00,44,0,25,1,-49,1
02/13/2000 16:16:00,44,0,26,1,-49,1
02/13/2000 16:17:00,44,0,27,-1,-49,1
02/13/2000 16:18:00,44,0,28,-1,-49,1
02/13/2000 16:19:00,44,0,30,-1,-49,1
02/13/2000 16:20:00,44,0,31,-1,-49,1
02/13/2000 16:21:00,44,0,32,-1,-49,1
02/13/2000 16:22:00,44,0,32,-1,-49,1
02/13/2000 16:23:00,44,0,33,-1,-48,1
02/13/2000 16:24:00,44,0,34,-2,-48,1
02/13/2000 16:25:00,44,0,34,-2,-48,1
02/13/2000 16:26:00,44,0,35,-2,-48,1
02/13/2000 16:27:00,44,0,35,-2,-48,1
02/13/2000 16:28:00,44,0,34,-2,-48,1
02/13/2000 16:29:00,44,0,34,-2,-48,1
02/13/2000 16:30:00,44,0,35,-2,-47,1
02/13/2000 16:31:00,44,0,33,-2,-47,1
02/13/2000 16:32:00,44,0,33,-2,-47,1
02/13/2000 16:33:00,44,0,33,-2,-47,1
02/13/2000 16:34:00,44,0,32,-2,-47,1
02/13/2000 16:35:00,44,0,32,-2,-47,1
02/13/2000 16:36:00,44,0,31,-3,-46,1
02/13/2000 16:37:00,44,0,31,-2,-47,1
02/13/2000 16:38:00,44,0,31,-3,-47,1
02/13/2000 16:39:00,44,0,30,-3,-47,1
02/13/2000 16:40:00,44,0,29,-3,-46,1
02/13/2000 16:41:00,44,0,28,-3,-46,1
02/13/2000 16:42:00,44,0,28,-3,-46,1
02/13/2000 16:43:00,44,0,29,-3,-46,1
02/13/2000 16:44:00,44,0,29,-3,-45,1
02/13/2000 16:45:00,44,0,28,-3,-45,1
02/13/2000 16:46:00,44,0,29,-3,-45,1
02/13/2000 16:47:00,44,0,28,-3,-45,1
02/13/2000 16:48:00,44,0,27,-3,-45,1
02/13/2000 16:49:00,44,0,27,-3,-45,1
02/13/2000 16:50:00,44,0,28,-3,-45,1
02/13/2000 16:51:00,44,0,28,-3,-45,1
02/13/2000 16:52:00,44,0,29,-3,-45,1
02/13/2000 16:53:00,44,0,29,-3,-45,1
02/13/2000 16:54:00,44,0,29,-3,-44,1
02/13/2000 16:55:00,44,0,29,-2,-44,1
02/13/2000 16:56:00,44,0,29,-3,-44,1
02/13/2000 16:57:00,44,0,30,-3,-44,1
02/13/2000 16:58:00,44,0,31,-3,-43,1
02/13/2000 16:59:00,44,0,30,-3,-44,1
02/13/2000 17:00:00,44,0,31,-3,-44,1
02/13/2000 17:01:00,44,0,31,-4,-43,1
02/13/2000 17:02:00,44,0,32,-4,-43,1
02/13/2000 17:03:00,44,0,32,-4,-43,1
02/13/2000 17:04:00,44,0,33,-4,-43,1
02/13/2000 17:05:00,44,0,33,-5,-43,1
02/13/2000 17:06:00,44,0,33,-5,-42,1
02/13/2000 17:07:00,44,0,32,-6,-42,1
02/13/2000 17:08:00,44,0,32,-6,-42,1
02/13/2000 17:09:00,44,0,32,-6,-42,1
02/13/2000 17:10:00,44,0,31,-6,-42,1
02/13/2000 17:11:00,44,0,29,-6,-42,1
02/13/2000 17:12:00,44,0,29,-6,-42,1
02/13/2000 17:13:00,44,0,29,-6,-42,1
02/13/2000 17:14:00,44,0,26,-6,-42,1
02/13/2000 17:15:00,44,0,26,-6,-42,1
02/13/2000 17:16:00,44,0,26,-6,-42,1
02/13/2000 17:17:00,44,0,24,-6,-42,1
02/13/2000 17:18:00,44,0,23,-6,-41,1
02/13/2000 17:19:00,44,0,23,-6,-41,1
02/13/2000 17:20:00,44,0,22,-6,-41,1
02/13/2000 17:21:00,44,0,22,-5,-41,1
02/13/2000 17:22:00,44,0,22,-5,-41,1
02/13/2000 17:23:00,44,0,21,-5,-41,1
02/13/2000 17:24:00,44,0,22,-5,-41,1
02/13/2000 17:25:00,44,0,22,-5,-41,1
02/13/2000 17:26:00,44,0,22,-5,-40,1
02/13/2000 17:27:00,44,0,22,-5,-41,1
02/13/2000 17:28:00,44,0,23,-4,-40,1
02/13/2000 17:29:00,44,0,23,-5,-40,1
02/13/2000 17:30:00,44,0,24,-4,-40,1
02/13/2000 17:31:00,44,0,23,-4,-40,1
02/13/2000 17:32:00,44,0,24,-4,-39,1
02/13/2000 17:33:00,44,0,24,-4,-39,1
02/13/2000 17:34:00,44,0,26,-4,-39,1
02/13/2000 17:35:00,44,0,26,-4,-39,1
02/13/2000 17:36:00,44,0,28,-4,-38,1
02/13/2000 17:37:00,44,0,28,-4,-39,1
02/13/2000 17:38:00,44,0,28,-4,-39,1
02/13/2000 17:39:00,44,0,28,-4,-39,1
02/13/2000 17:40:00,44,0,28,-4,-39,1
02/13/2000 17:41:00,44,0,28,-4,-39,1
02/13/2000 17:42:00,44,0,28,-4,-39,1
02/13/2000 17:43:00,44,0,28,-4,-39,1
02/13/2000 17:44:00,44,0,29,-4,-39,1
02/13/2000 17:45:00,44,0,30,-4,-39,1
02/13/2000 17:46:00,44,0,31,-3,-39,1
02/13/2000 17:47:00,44,0,31,-4,-39,1
02/13/2000 17:48:00,44,0,30,-4,-39,1
02/13/2000 17:49:00,44,0,30,-4,-40,1
02/13/2000 17:50:00,44,0,29,-4,-40,1
02/13/2000 17:51:00,44,0,29,-4,-40,1
02/13/2000 17:52:00,44,0,27,-3,-40,1
02/13/2000 17:53:00,44,0,29,-3,-40,1
02/13/2000 17:54:00,44,0,30,-3,-39,1
02/13/2000 17:55:00,44,0,30,-3,-39,1
02/13/2000 17:56:00,44,0,30,-3,-39,1
02/13/2000 17:57:00,44,0,26,-3,-39,1
02/13/2000 17:58:00,44,0,27,-4,-38,1
02/13/2000 17:59:00,44,0,28,-3,-37,1
02/13/2000 18:00:00,44,0,27,-4,-37,1
02/13/2000 18:01:00,44,0,27,-3,-37,1
02/13/2000 18:02:00,44,0,29,-3,-37,1
02/13/2000 18:03:00,44,0,29,-3,-37,1
02/13/2000 18:04:00,44,0,29,-3,-37,1
02/13/2000 18:05:00,44,0,28,-3,-37,1
02/13/2000 18:06:00,44,0,28,-3,-37,1
02/13/2000 18:07:00,44,0,27,-3,-36,1
02/13/2000 18:08:00,44,0,27,-3,-36,1
02/13/2000 18:09:00,44,0,28,-3,-36,1
02/13/2000 18:10:00,44,0,28,-3,-36,1
02/13/2000 18:11:00,44,0,29,-3,-36,1
02/13/2000 18:12:00,44,0,29,-3,-36,1
02/13/2000 18:13:00,44,0,28,-3,-37,1
02/13/2000 18:14:00,44,0,28,-3,-37,1
02/13/2000 18:15:00,44,0,29,-3,-38,1
02/13/2000 18:16:00,44,0,29,-2,-38,1
02/13/2000 18:17:00,44,0,28,-2,-38,1
02/13/2000 18:18:00,44,0,27,-2,-38,1
02/13/2000 18:19:00,44,0,28,-2,-38,1
02/13/2000 18:20:00,44,0,28,-2,-37,1
02/13/2000 18:21:00,44,0,25,-2,-37,1
02/13/2000 18:22:00,44,0,26,-2,-36,1
02/13/2000 18:23:00,44,0,26,-2,-36,1
02/13/2000 18:24:00,44,0,27,-2,-35,1
02/13/2000 18:25:00,44,0,27,-2,-35,1
02/13/2000 18:26:00,44,0,27,-3,-34,1
02/13/2000 18:27:00,44,0,27,-2,-34,1
02/13/2000 18:28:00,44,0,26,-3,-34,1
02/13/2000 18:29:00,44,0,26,-3,-35,1
02/13/2000 18:30:00,44,0,26,-2,-35,1
02/13/2000 18:31:00,44,0,26,-3,-35,1
02/13/2000 18:32:00,44,0,26,-3,-35,1
02/13/2000 18:33:00,44,0,27,-2,-35,1
02/13/2000 18:34:00,44,0,27,-2,-35,1
02/13/2000 18:35:00,44,0,27,-2,-35,1
02/13/2000 18:36:00,44,0,28,-2,-36,1
02/13/2000 18:37:00,44,0,28,-2,-36,1
02/13/2000 18:38:00,44,0,28,-2,-36,1
02/13/2000 18:39:00,44,0,28,-2,-36,1
02/13/2000 18:40:00,44,0,27,-2,-36,1
02/13/2000 18:41:00,44,0,26,-2,-36,1
02/13/2000 18:42:00,44,0,27,-2,-36,1
02/13/2000 18:43:00,44,0,28,-3,-35,1
02/13/2000 18:44:00,44,0,26,-3,-36,1
02/13/2000 18:45:00,44,0,26,-2,-36,1
02/13/2000 18:46:00,44,0,25,-2,-36,1
02/13/2000 18:47:00,44,0,23,-2,-36,1
02/13/2000 18:48:00,44,0,23,-2,-36,1
02/13/2000 18:49:00,44,0,24,-2,-36,1
02/13/2000 18:50:00,44,0,25,-2,-35,1
02/13/2000 18:51:00,44,0,25,-2,-35,1
02/13/2000 18:52:00,44,0,26,-2,-35,1
02/13/2000 18:53:00,44,0,26,-2,-35,1
02/13/2000 18:54:00,44,0,26,-2,-35,1
02/13/2000 18:55:00,44,0,27,-2,-36,1
02/13/2000 18:56:00,44,0,28,-3,-36,1
02/13/2000 18:57:00,44,0,28,-2,-36,1
02/13/2000 18:58:00,44,0,26,-2,-37,1
02/13/2000 18:59:00,44,0,25,-2,-38,1
02/13/2000 19:00:00,44,0,24,-2,-38,1
02/13/2000 19:01:00,44,0,24,-2,-37,1
02/13/2000 19:02:00,44,0,25,-2,-37,1
02/13/2000 19:03:00,44,0,25,-2,-37,1
02/13/2000 19:04:00,44,0,25,-2,-37,1
02/13/2000 19:05:00,44,0,25,-2,-37,1
02/13/2000 19:06:00,44,0,24,-2,-38,1
02/13/2000 19:07:00,44,0,24,-2,-38,1
02/13/2000 19:08:00,44,0,25,-2,-37,1
02/13/2000 19:09:00,44,0,25,-3,-37,1
02/13/2000 19:10:00,44,0,25,-3,-38,1
02/13/2000 19:11:00,44,0,25,-2,-39,1
02/13/2000 19:12:00,44,0,24,-2,-39,1
02/13/2000 19:13:00,44,0,24,-2,-39,1
02/13/2000 19:14:00,44,0,23,-2,-40,1
02/13/2000 19:15:00,44,0,24,-2,-40,1
02/13/2000 19:16:00,44,0,24,-2,-40,1
02/13/2000 19:17:00,44,0,24,-2,-40,1
02/13/2000 19:18:00,44,0,24,-2,-40,1
02/13/2000 19:19:00,44,0,25,-2,-40,1
02/13/2000 19:20:00,44,0,25,-2,-40,1
02/13/2000 19:21:00,44,0,24,-3,-40,1
02/13/2000 19:22:00,44,0,24,-2,-40,1
02/13/2000 19:23:00,44,0,25,-2,-40,1
02/13/2000 19:24:00,44,0,25,-2,-40,1
02/13/2000 19:25:00,44,0,25,-2,-40,1
02/13/2000 19:26:00,44,0,25,-3,-40,1
02/13/2000 19:27:00,44,0,25,-3,-40,1
02/13/2000 19:28:00,44,0,24,-3,-40,1
02/13/2000 19:29:00,44,0,24,-3,-40,1
02/13/2000 19:30:00,44,0,24,-3,-41,1
02/13/2000 19:31:00,44,0,25,-3,-41,1
02/13/2000 19:32:00,44,0,25,-3,-41,1
02/13/2000 19:33:00,44,0,25,-3,-41,1
02/13/2000 19:34:00,44,0,26,-3,-41,1
02/13/2000 19:35:00,44,0,26,-3,-41,1
02/13/2000 19:36:00,44,0,24,-3,-42,1
02/13/2000 19:37:00,44,0,24,-2,-42,1
02/13/2000 19:38:00,44,0,24,-2,-42,1
02/13/2000 19:39:00,44,0,23,-2,-42,1
02/13/2000 19:40:00,44,0,23,-2,-41,1
02/13/2000 19:41:00,44,0,24,-3,-41,1
02/13/2000 19:42:00,44,0,23,-3,-41,1
02/13/2000 19:43:00,44,0,22,-3,-42,1
02/13/2000 19:44:00,44,0,22,-3,-42,1
02/13/2000 19:45:00,44,0,23,-3,-42,1
02/13/2000 19:46:00,44,0,22,-3,-43,1
02/13/2000 19:47:00,44,0,23,-2,-43,1
02/13/2000 19:48:00,44,0,22,-2,-43,1
02/13/2000 19:49:00,44,0,21,-2,-44,1
02/13/2000 19:50:00,44,0,22,-2,-43,1
02/13/2000 19:51:00,44,0,24,-2,-44,1
02/13/2000 19:52:00,44,0,24,-2,-44,1
02/13/2000 19:53:00,44,0,24,-3,-44,1
02/13/2000 19:54:00,44,0,24,-3,-44,1
02/13/2000 19:55:00,44,0,24,-3,-44,1
02/13/2000 19:56:00,44,0,24,-3,-44,1
02/13/2000 19:57:00,44,0,22,-3,-45,1
02/13/2000 19:58:00,44,0,22,-3,-44,1
02/13/2000 19:59:00,44,0,21,-3,-44,1
02/13/2000 20:00:00,44,0,22,-3,-44,1
02/13/2000 20:01:00,44,0,23,-3,-44,1
02/13/2000 20:02:00,44,0,23,-3,-44,1
02/13/2000 20:03:00,44,0,24,-3,-44,1
02/13/2000 20:04:00,44,0,21,-3,-44,1
02/13/2000 20:05:00,44,0,22,-3,-44,1
02/13/2000 20:06:00,44,0,23,-3,-43,1
02/13/2000 20:07:00,44,0,24,-3,-43,1
02/13/2000 20:08:00,44,0,26,-3,-42,1
02/13/2000 20:09:00,44,0,28,-3,-43,1
02/13/2000 20:10:00,44,0,28,-3,-43,1
02/13/2000 20:11:00,44,0,29,-3,-43,1
02/13/2000 20:12:00,44,0,30,-3,-43,1
02/13/2000 20:13:00,44,0,30,-3,-43,1
02/13/2000 20:14:00,44,0,30,-3,-43,1
02/13/2000 20:15:00,44,0,31,-3,-42,1
02/13/2000 20:16:00,44,0,30,-3,-43,1
02/13/2000 20:17:00,44,0,30,-3,-43,1
02/13/2000 20:18:00,44,0,30,-3,-43,1
02/13/2000 20:19:00,44,0,29,-3,-43,1
02/13/2000 20:20:00,44,0,27,-3,-44,1
02/13/2000 20:21:00,44,0,25,-2,-44,1
02/13/2000 20:22:00,44,0,26,-2,-44,1
02/13/2000 20:23:00,44,0,27,-3,-43,1
02/13/2000 20:24:00,44,0,27,-3,-43,1
02/13/2000 20:25:00,44,0,27,-3,-44,1
02/13/2000 20:26:00,44,0,26,-3,-44,1
02/13/2000 20:27:00,44,0,25,-3,-45,1
02/13/2000 20:28:00,44,0,25,-3,-45,1
02/13/2000 20:29:00,44,0,24,-3,-45,1
02/13/2000 20:30:00,44,0,25,-4,-45,1
02/13/2000 20:31:00,44,0,25,-4,-45,1
02/13/2000 20:32:00,44,0,21,-4,-45,1
02/13/2000 20:33:00,44,0,19,-4,-46,1
02/13/2000 20:34:00,44,0,21,-4,-46,1
02/13/2000 20:35:00,44,0,18,-4,-46,1
02/13/2000 20:36:00,44,0,12,-4,-47,1
02/13/2000 20:37:00,44,0,12,-5,-47,1
02/13/2000 20:38:00,44,0,17,-5,-46,1
02/13/2000 20:39:00,44,0,18,-5,-45,1
02/13/2000 20:40:00,44,0,16,-5,-45,1
02/13/2000 20:41:00,44,0,15,-5,-45,1
02/13/2000 20:42:00,44,0,15,-5,-46,1
02/13/2000 20:43:00,44,0,14,-5,-46,1
02/13/2000 20:44:00,44,0,13,-4,-45,1
02/13/2000 20:45:00,44,0,12,-4,-44,1
02/13/2000 20:46:00,44,0,13,-4,-44,1
02/13/2000 20:47:00,44,0,15,-4,-44,1
02/13/2000 20:48:00,44,0,15,-4,-45,1
02/13/2000 20:49:00,44,0,16,-4,-45,1
02/13/2000 20:50:00,44,0,13,-3,-46,1
02/13/2000 20:51:00,44,0,12,-3,-46,1
02/13/2000 20:52:00,44,0,16,-4,-46,1
02/13/2000 20:53:00,44,0,18,-4,-45,1
02/13/2000 20:54:00,44,0,21,-4,-45,1
02/13/2000 20:55:00,44,0,19,-4,-45,1
02/13/2000 20:56:00,44,0,19,-4,-44,1
02/13/2000 20:57:00,44,0,21,-4,-43,1
02/13/2000 20:58:00,44,0,23,-4,-43,1
02/13/2000 20:59:00,44,0,25,-4,-43,1
02/13/2000 21:00:00,44,0,25,-4,-43,1
02/13/2000 21:01:00,44,0,25,-4,-43,1
02/13/2000 21:02:00,44,0,26,-4,-42,1
02/13/2000 21:03:00,44,0,26,-4,-42,1
02/13/2000 21:04:00,44,0,27,-4,-42,1
02/13/2000 21:05:00,44,0,27,-4,-42,1
02/13/2000 21:06:00,44,0,27,-4,-42,1
02/13/2000 21:07:00,44,0,27,-4,-42,1
02/13/2000 21:08:00,44,0,28,-4,-41,1
02/13/2000 21:09:00,44,0,28,-4,-41,1
02/13/2000 21:10:00,44,0,28,-5,-41,1
02/13/2000 21:11:00,44,0,27,-4,-41,1
02/13/2000 21:12:00,44,0,27,-4,-41,1
02/13/2000 21:13:00,44,0,27,-4,-41,1
02/13/2000 21:14:00,44,0,27,-4,-42,1
02/13/2000 21:15:00,44,0,27,-4,-41,1
02/13/2000 21:16:00,44,0,27,-4,-41,1
02/13/2000 21:17:00,44,0,28,-4,-41,1
02/13/2000 21:18:00,44,0,28,-4,-41,1
02/13/2000 21:19:00,44,0,28,-4,-41,1
02/13/2000 21:20:00,44,0,28,-4,-41,1
02/13/2000 21:21:00,44,0,29,-3,-40,1
02/13/2000 21:22:00,44,0,29,-3,-40,1
02/13/2000 21:23:00,44,0,29,-3,-40,1
02/13/2000 21:24:00,44,0,30,-3,-40,1
02/13/2000 21:25:00,44,0,29,-3,-39,1
02/13/2000 21:26:00,44,0,29,-3,-39,1
02/13/2000 21:27:00,44,0,28,-3,-39,1
02/13/2000 21:28:00,44,0,28,-3,-39,1
02/13/2000 21:29:00,44,0,28,-3,-39,1
02/13/2000 21:30:00,44,0,28,-3,-39,1
02/13/2000 21:31:00,44,0,28,-3,-39,1
02/13/2000 21:32:00,44,0,27,-3,-39,1
02/13/2000 21:33:00,44,0,29,-3,-39,1
02/13/2000 21:34:00,44,0,30,-3,-38,1
02/13/2000 21:35:00,44,0,30,-3,-38,1
02/13/2000 21:36:00,44,0,29,-3,-39,1
02/13/2000 21:37:00,44,0,29,-3,-39,1
02/13/2000 21:38:00,44,0,31,-3,-39,1
02/13/2000 21:39:00,44,0,31,-3,-39,1
02/13/2000 21:40:00,44,0,30,-3,-39,1
02/13/2000 21:41:00,44,0,30,-3,-39,1
02/13/2000 21:42:00,44,0,29,-3,-39,1
02/13/2000 21:43:00,44,0,28,-3,-39,1
02/13/2000 21:44:00,44,0,28,-3,-39,1
02/13/2000 21:45:00,44,0,26,-3,-39,1
02/13/2000 21:46:00,44,0,26,-2,-39,1
02/13/2000 21:47:00,44,0,25,-2,-39,1
02/13/2000 21:48:00,44,0,25,-2,-38,1
02/13/2000 21:49:00,44,0,25,-2,-38,1
02/13/2000 21:50:00,44,0,25,-2,-38,1
02/13/2000 21:51:00,44,0,25,-2,-38,1
02/13/2000 21:52:00,44,0,26,-2,-37,1
02/13/2000 21:53:00,44,0,27,-2,-37,1
02/13/2000 21:54:00,44,0,27,-2,-37,1
02/13/2000 21:55:00,44,0,27,-2,-37,1
02/13/2000 21:56:00,44,0,29,-2,-36,1
02/13/2000 21:57:00,44,0,30,-2,-36,1
02/13/2000 21:58:00,44,0,31,-2,-36,1
02/13/2000 21:59:00,44,0,31,-2,-36,1
02/13/2000 22:00:00,44,0,30,-2,-36,1
02/13/2000 22:01:00,44,0,30,-3,-36,1
02/13/2000 22:02:00,44,0,30,-3,-35,1
02/13/2000 22:03:00,44,0,31,-3,-35,1
02/13/2000 22:04:00,44,0,31,-3,-35,1
02/13/2000 22:05:00,44,0,32,-3,-35,1
02/13/2000 22:06:00,44,0,32,-3,-35,1
02/13/2000 22:07:00,44,0,32,-3,-35,1
02/13/2000 22:08:00,44,0,31,-3,-35,1
02/13/2000 22:09:00,44,0,30,-3,-35,1
02/13/2000 22:10:00,44,0,29,-3,-35,1
02/13/2000 22:11:00,44,0,29,-4,-35,1
02/13/2000 22:12:00,44,0,29,-4,-35,1
02/13/2000 22:13:00,44,0,28,-3,-35,1
02/13/2000 22:14:00,44,0,28,-3,-35,1
02/13/2000 22:15:00,44,0,28,-3,-35,1
02/13/2000 22:16:00,44,0,28,-3,-35,1
02/13/2000 22:17:00,44,0,27,-3,-35,1
02/13/2000 22:18:00,44,0,27,-3,-36,1
02/13/2000 22:19:00,44,0,26,-3,-36,1
02/13/2000 22:20:00,44,0,26,-3,-36,1
02/13/2000 22:21:00,44,0,24,-3,-36,1
02/13/2000 22:22:00,44,0,24,-3,-36,1
02/13/2000 22:23:00,44,0,24,-3,-37,1
02/13/2000 22:24:00,44,0,22,-3,-37,1
02/13/2000 22:25:00,44,0,21,-3,-37,1
02/13/2000 22:26:00,44,0,22,-3,-37,1
02/13/2000 22:27:00,44,0,22,-3,-38,1
02/13/2000 22:28:00,44,0,24,-3,-37,1
02/13/2000 22:29:00,44,0,23,-3,-37,1
02/13/2000 22:30:00,44,0,25,-3,-37,1
02/13/2000 22:31:00,44,0,26,-3,-37,1
02/13/2000 22:32:00,44,0,25,-3,-37,1
02/13/2000 22:33:00,44,0,25,-3,-37,1
02/13/2000 22:34:00,44,0,24,-3,-37,1
02/13/2000 22:35:00,44,0,23,-4,-37,1
02/13/2000 22:36:00,44,0,23,-4,-37,1
02/13/2000 22:37:00,44,0,23,-3,-37,1
02/13/2000 22:38:00,44,0,24,-4,-36,1
02/13/2000 22:39:00,44,0,26,-4,-35,1
02/13/2000 22:40:00,44,0,26,-4,-34,1
02/13/2000 22:41:00,44,0,26,-4,-33,1
02/13/2000 22:42:00,44,0,25,-4,-33,1
02/13/2000 22:43:00,44,0,27,-4,-33,1
02/13/2000 22:44:00,44,0,26,-4,-33,1
02/13/2000 22:45:00,44,0,26,-4,-34,1
02/13/2000 22:46:00,44,0,26,-4,-34,1
02/13/2000 22:47:00,44,0,26,-4,-35,1
02/13/2000 22:48:00,44,0,26,-4,-35,1
02/13/2000 22:49:00,44,0,25,-4,-36,1
02/13/2000 22:50:00,44,0,25,-4,-36,1
02/13/2000 22:51:00,44,0,25,-4,-36,1
02/13/2000 22:52:00,44,0,24,-4,-36,1
02/13/2000 22:53:00,44,0,25,-4,-36,1
02/13/2000 22:54:00,44,0,25,-4,-37,1
02/13/2000 22:55:00,44,0,24,-4,-37,1
02/13/2000 22:56:00,44,0,24,-4,-37,1
02/13/2000 22:57:00,44,0,25,-4,-38,1
02/13/2000 22:58:00,44,0,24,-4,-38,1
02/13/2000 22:59:00,44,0,25,-4,-39,1
02/13/2000 23:00:00,44,0,25,-4,-39,1
02/13/2000 23:01:00,44,0,24,-4,-39,1
02/13/2000 23:02:00,44,0,24,-4,-39,1
02/13/2000 23:03:00,44,0,25,-4,-39,1
02/13/2000 23:04:00,44,0,26,-4,-39,1
02/13/2000 23:05:00,44,0,25,-4,-39,1
02/13/2000 23:06:00,44,0,24,-4,-39,1
02/13/2000 23:07:00,44,0,26,-5,-38,1
02/13/2000 23:08:00,44,0,26,-4,-38,1
02/13/2000 23:09:00,44,0,25,-5,-38,1
02/13/2000 23:10:00,44,0,26,-5,-37,1
02/13/2000 23:11:00,44,0,26,-4,-37,1
02/13/2000 23:12:00,44,0,26,-4,-37,1
02/13/2000 23:13:00,44,0,26,-4,-37,1
02/13/2000 23:14:00,44,0,26,-4,-37,1
02/13/2000 23:15:00,44,0,27,-5,-37,1
02/13/2000 23:16:00,44,0,27,-5,-37,1
02/13/2000 23:17:00,44,0,26,-5,-37,1
02/13/2000 23:18:00,44,0,26,-5,-37,1
02/13/2000 23:19:00,44,0,26,-5,-37,1
02/13/2000 23:20:00,44,0,25,-5,-37,1
02/13/2000 23:21:00,44,0,26,-5,-37,1
02/13/2000 23:22:00,44,0,26,-5,-37,1
02/13/2000 23:23:00,44,0,26,-5,-37,1
02/13/2000 23:24:00,44,0,26,-5,-37,1
02/13/2000 23:25:00,44,0,26,-5,-37,1
02/13/2000 23:26:00,44,0,26,-5,-36,1
02/13/2000 23:27:00,44,0,26,-5,-36,1
02/13/2000 23:28:00,44,0,26,-5,-37,1
02/13/2000 23:29:00,44,0,24,-5,-36,1
02/13/2000 23:30:00,44,0,26,-5,-36,1
02/13/2000 23:31:00,44,0,24,-5,-37,1
02/13/2000 23:32:00,44,0,24,-5,-37,1
02/13/2000 23:33:00,44,0,24,-5,-37,1
02/13/2000 23:34:00,44,0,24,-5,-37,1
02/13/2000 23:35:00,44,0,25,-6,-37,1
02/13/2000 23:36:00,44,0,24,-5,-38,1
02/13/2000 23:37:00,44,0,24,-5,-38,1
02/13/2000 23:38:00,44,0,24,-5,-38,1
02/13/2000 23:39:00,44,0,24,-5,-38,1
02/13/2000 23:40:00,44,0,23,-6,-37,1
02/13/2000 23:41:00,44,0,22,-6,-37,1
02/13/2000 23:42:00,44,0,23,-6,-37,1
02/13/2000 23:43:00,44,0,21,-6,-37,1
02/13/2000 23:44:00,44,0,19,-6,-38,1
02/13/2000 23:45:00,44,0,19,-6,-37,1
02/13/2000 23:46:00,44,0,19,-6,-37,1
02/13/2000 23:47:00,44,0,18,-6,-37,1
02/13/2000 23:48:00,44,0,17,-6,-37,1
02/13/2000 23:49:00,44,0,17,-6,-37,1
02/13/2000 23:50:00,44,0,16,-6,-36,1
02/13/2000 23:51:00,44,0,16,-6,-36,1
02/13/2000 23:52:00,44,0,17,-7,-36,1
02/13/2000 23:53:00,44,0,17,-7,-36,1
02/13/2000 23:54:00,44,0,16,-7,-35,1
02/13/2000 23:55:00,44,0,16,-7,-35,1
02/13/2000 23:56:00,44,0,16,-7,-35,1
02/13/2000 23:57:00,44,0,16,-7,-35,1
02/13/2000 23:58:00,44,0,16,-7,-35,1
02/13/2000 23:59:00,44,0,16,-7,-35,1
