DateTime,DOY,D_TEC,ASY_H,SYM_D,SYM_H,Location
03/17/2015 00:00:00,76,0,20,3,15,1
03/17/2015 00:01:00,76,0,20,3,15,1
03/17/2015 00:02:00,76,0,19,3,15,1
03/17/2015 00:03:00,76,0,20,3,14,1
03/17/2015 00:04:00,76,0,20,3,14,1
03/17/2015 00:05:00,76,0,20,3,14,1
03/17/2015 00:06:00,76,0,20,3,14,1
03/17/2015 00:07:00,76,0,19,3,15,1
03/17/2015 00:08:00,76,0,19,3,15,1
03/17/2015 00:09:00,76,0,19,3,16,1
03/17/2015 00:10:00,76,0,18,3,18,1
03/17/2015 00:11:00,76,0,17,3,18,1
03/17/2015 00:12:00,76,0,17,3,18,1
03/17/2015 00:13:00,76,0,17,3,17,1
03/17/2015 00:14:00,76,0,17,3,17,1
03/17/2015 00:15:00,76,0,17,3,17,1
03/17/2015 00:16:00,76,0,18,3,17,1
03/17/2015 00:17:00,76,0,19,3,16,1
03/17/2015 00:18:00,76,0,18,3,15,1
03/17/2015 00:19:00,76,0,19,3,15,1
03/17/2015 00:20:00,76,0,18,3,15,1
03/17/2015 00:21:00,76,0,19,2,14,1
03/17/2015 00:22:00,76,0,19,2,15,1
03/17/2015 00:23:00,76,0,18,3,15,1
03/17/2015 00:24:00,76,0,18,3,15,1
03/17/2015 00:25:00,76,0,17,2,15,1
03/17/2015 00:26:00,76,0,18,2,15,1
03/17/2015 00:27:00,76,0,17,2,15,1
03/17/2015 00:28:00,76,0,17,2,15,1
03/17/2015 00:29:00,76,0,17,2,15,1
03/17/2015 00:30:00,76,0,17,2,16,1
03/17/2015 00:31:00,76,0,17,2,16,1
03/17/2015 00:32:00,76,0,17,2,16,1
03/17/2015 00:33:00,76,0,16,3,17,1
03/17/2015 00:34:00,76,0,16,3,16,1
03/17/2015 00:35:00,76,0,17,3,16,1
03/17/2015 00:36:00,76,0,18,2,15,1
03/17/2015 00:37:00,76,0,17,2,14,1
03/17/2015 00:38:00,76,0,17,2,14,1
03/17/2015 00:39:00,76,0,17,2,13,1
03/17/2015 00:40:00,76,0,17,2,13,1
03/17/2015 00:41:00,76,0,17,2,13,1
03/17/2015 00:42:00,76,0,16,2,12,1
03/17/2015 00:43:00,76,0,16,2,12,1
03/17/2015 00:44:00,76,0,16,2,11,1
03/17/2015 00:45:00,76,0,16,2,12,1
03/17/2015 00:46:00,76,0,16,2,11,1
03/17/2015 00:47:00,76,0,17,2,11,1
03/17/2015 00:48:00,76,0,16,3,11,1
03/17/2015 00:49:00,76,0,16,2,11,1
03/17/2015 00:50:00,76,0,16,2,12,1
03/17/2015 00:51:00,76,0,15,3,11,1
03/17/2015 00:52:00,76,0,15,3,11,1
03/17/2015 00:53:00,76,0,16,3,11,1
03/17/2015 00:54:00,76,0,15,3,11,1
03/17/2015 00:55:00,76,0,15,3,11,1
03/17/2015 00:56:00,76,0,15,3,12,1
03/17/2015 00:57:00,76,0,15,3,11,1
03/17/2015 00:58:00,76,0,15,3,12,1
03/17/2015 00:59:00,76,0,15,3,12,1
03/17/2015 01:00:00,76,0,15,3,12,1
03/17/2015 01:01:00,76,0,15,3,12,1
03/17/2015 01:02:00,76,0,15,3,12,1
03/17/2015 01:03:00,76,0,15,3,12,1
03/17/2015 01:04:00,76,0,15,3,12,1
03/17/2015 01:05:00,76,0,15,3,13,1
03/17/2015 01:06:00,76,0,15,3,13,1
03/17/2015 01:07:00,76,0,15,3,13,1
03/17/2015 01:08:00,76,0,15,3,13,1
03/17/2015 01:09:00,76,0,14,3,13,1
03/17/2015 01:10:00,76,0,14,3,14,1
03/17/2015 01:11:00,76,0,14,3,14,1
03/17/2015 01:12:00,76,0,14,3,14,1
03/17/2015 01:13:00,76,0,13,3,15,1
03/17/2015 01:14:00,76,0,13,3,15,1
03/17/2015 01:15:00,76,0,13,3,15,1
03/17/2015 01:16:00,76,0,15,3,15,1
03/17/2015 01:17:00,76,0,14,3,15,1
03/17/2015 01:18:00,76,0,14,3,15,1
03/17/2015 01:19:00,76,0,13,3,14,1
03/17/2015 01:20:00,76,0,13,3,14,1
03/17/2015 01:21:00,76,0,14,3,14,1
03/17/2015 01:22:00,76,0,14,3,14,1
03/17/2015 01:23:00,76,0,13,3,14,1
03/17/2015 01:24:00,76,0,13,3,14,1
03/17/2015 01:25:00,76,0,13,3,14,1
03/17/2015 01:26:00,76,0,12,3,14,1
03/17/2015 01:27:00,76,0,13,3,13,1
03/17/2015 01:28:00,76,0,13,3,13,1
03/17/2015 01:29:00,76,0,13,3,13,1
03/17/2015 01:30:00,76,0,13,3,13,1
03/17/2015 01:31:00,76,0,13,3,13,1
03/17/2015 01:32:00,76,0,12,3,13,1
03/17/2015 01:33:00,76,0,12,3,13,1
03/17/2015 01:34:00,76,0,13,3,13,1
03/17/2015 01:35:00,76,0,12,3,13,1
03/17/2015 01:36:00,76,0,13,3,13,1
03/17/2015 01:37:00,76,0,12,3,13,1
03/17/2015 01:38:00,76,0,12,3,13,1
03/17/2015 01:39:00,76,0,11,3,13,1
03/17/2015 01:40:00,76,0,11,3,13,1
03/17/2015 01:41:00,76,0,10,3,13,1
03/17/2015 01:42:00,76,0,10,3,13,1
03/17/2015 01:43:00,76,0,10,3,13,1
03/17/2015 01:44:00,76,0,11,3,13,1
03/17/2015 01:45:00,76,0,10,3,13,1
03/17/2015 01:46:00,76,0,10,3,13,1
03/17/2015 01:47:00,76,0,11,3,13,1
03/17/2015 01:48:00,76,0,9,3,13,1
03/17/2015 01:49:00,76,0,9,3,13,1
03/17/2015 01:50:00,76,0,10,3,13,1
03/17/2015 01:51:00,76,0,10,3,13,1
03/17/2015 01:52:00,76,0,11,3,14,1
03/17/2015 01:53:00,76,0,10,3,14,1
03/17/2015 01:54:00,76,0,11,3,15,1
03/17/2015 01:55:00,76,0,11,3,16,1
03/17/2015 01:56:00,76,0,12,3,17,1
03/17/2015 01:57:00,76,0,11,4,18,1
03/17/2015 01:58:00,76,0,10,4,18,1
03/17/2015 01:59:00,76,0,9,4,17,1
03/17/2015 02:00:00,76,0,8,4,15,1
03/17/2015 02:01:00,76,0,8,4,14,1
03/17/2015 02:02:00,76,0,8,3,13,1
03/17/2015 02:03:00,76,0,8,3,13,1
03/17/2015 02:04:00,76,0,7,3,13,1
03/17/2015 02:05:00,76,0,6,3,13,1
03/17/2015 02:06:00,76,0,7,3,13,1
03/17/2015 02:07:00,76,0,7,3,13,1
03/17/2015 02:08:00,76,0,7,3,13,1
03/17/2015 02:09:00,76,0,7,3,13,1
03/17/2015 02:10:00,76,0,7,3,13,1
03/17/2015 02:11:00,76,0,6,4,13,1
03/17/2015 02:12:00,76,0,6,3,13,1
03/17/2015 02:13:00,76,0,7,4,13,1
03/17/2015 02:14:00,76,0,7,4,13,1
03/17/2015 02:15:00,76,0,8,3,13,1
03/17/2015 02:16:00,76,0,8,3,14,1
03/17/2015 02:17:00,76,0,8,3,15,1
03/17/2015 02:18:00,76,0,9,3,15,1
03/17/2015 02:19:00,76,0,9,4,16,1
03/17/2015 02:20:00,76,0,10,4,16,1
03/17/2015 02:21:00,76,0,9,4,16,1
03/17/2015 02:22:00,76,0,9,4,16,1
03/17/2015 02:23:00,76,0,9,4,16,1
03/17/2015 02:24:00,76,0,10,5,16,1
03/17/2015 02:25:00,76,0,10,5,16,1
03/17/2015 02:26:00,76,0,8,4,16,1
03/17/2015 02:27:00,76,0,8,4,16,1
03/17/2015 02:28:00,76,0,8,4,17,1
03/17/2015 02:29:00,76,0,10,4,17,1
03/17/2015 02:30:00,76,0,11,4,17,1
03/17/2015 02:31:00,76,0,11,4,16,1
03/17/2015 02:32:00,76,0,9,4,15,1
03/17/2015 02:33:00,76,0,9,4,15,1
03/17/2015 02:34:00,76,0,8,4,14,1
03/17/2015 02:35:00,76,0,7,3,14,1
03/17/2015 02:36:00,76,0,7,3,14,1
03/17/2015 02:37:00,76,0,7,3,14,1
03/17/2015 02:38:00,76,0,6,3,13,1
03/17/2015 02:39:00,76,0,5,3,13,1
03/17/2015 02:40:00,76,0,5,2,13,1
03/17/2015 02:41:00,76,0,5,2,13,1
03/17/2015 02:42:00,76,0,6,2,13,1
03/17/2015 02:43:00,76,0,6,2,13,1
03/17/2015 02:44:00,76,0,6,2,14,1
03/17/2015 02:45:00,76,0,7,3,14,1
03/17/2015 02:46:00,76,0,6,3,15,1
03/17/2015 02:47:00,76,0,6,3,15,1
03/17/2015 02:48:00,76,0,7,3,15,1
03/17/2015 02:49:00,76,0,7,3,15,1
03/17/2015 02:50:00,76,0,6,2,15,1
03/17/2015 02:51:00,76,0,6,2,15,1
03/17/2015 02:52:00,76,0,6,3,14,1
03/17/2015 02:53:00,76,0,5,3,13,1
03/17/2015 02:54:00,76,0,5,2,13,1
03/17/2015 02:55:00,76,0,5,2,13,1
03/17/2015 02:56:00,76,0,5,3,13,1
03/17/2015 02:57:00,76,0,5,3,14,1
03/17/2015 02:58:00,76,0,5,2,14,1
03/17/2015 02:59:00,76,0,5,3,13,1
03/17/2015 03:00:00,76,0,6,2,13,1
03/17/2015 03:01:00,76,0,5,2,13,1
03/17/2015 03:02:00,76,0,6,2,14,1
03/17/2015 03:03:00,76,0,6,2,14,1
03/17/2015 03:04:00,76,0,5,2,13,1
03/17/2015 03:05:00,76,0,5,2,13,1
03/17/2015 03:06:00,76,0,6,2,13,1
03/17/2015 03:07:00,76,0,6,2,13,1
03/17/2015 03:08:00,76,0,6,2,12,1
03/17/2015 03:09:00,76,0,6,2,12,1
03/17/2015 03:10:00,76,0,6,2,12,1
03/17/2015 03:11:00,76,0,7,2,12,1
03/17/2015 03:12:00,76,0,7,2,12,1
03/17/2015 03:13:00,76,0,7,2,12,1
03/17/2015 03:14:00,76,0,7,2,12,1
03/17/2015 03:15:00,76,0,7,2,12,1
03/17/2015 03:16:00,76,0,7,2,12,1
03/17/2015 03:17:00,76,0,8,2,11,1
03/17/2015 03:18:00,76,0,8,2,11,1
03/17/2015 03:19:00,76,0,7,2,10,1
03/17/2015 03:20:00,76,0,8,2,11,1
03/17/2015 03:21:00,76,0,7,2,11,1
03/17/2015 03:22:00,76,0,8,2,11,1
03/17/2015 03:23:00,76,0,9,2,12,1
03/17/2015 03:24:00,76,0,8,2,12,1
03/17/2015 03:25:00,76,0,9,2,12,1
03/17/2015 03:26:00,76,0,9,2,12,1
03/17/2015 03:27:00,76,0,8,2,13,1
03/17/2015 03:28:00,76,0,8,2,13,1
03/17/2015 03:29:00,76,0,8,2,12,1
03/17/2015 03:30:00,76,0,9,2,11,1
03/17/2015 03:31:00,76,0,9,2,11,1
03/17/2015 03:32:00,76,0,9,2,11,1
03/17/2015 03:33:00,76,0,9,2,11,1
03/17/2015 03:34:00,76,0,10,1,12,1
03/17/2015 03:35:00,76,0,9,2,12,1
03/17/2015 03:36:00,76,0,9,2,12,1
03/17/2015 03:37:00,76,0,9,2,12,1
03/17/2015 03:38:00,76,0,9,2,12,1
03/17/2015 03:39:00,76,0,10,2,11,1
03/17/2015 03:40:00,76,0,10,1,11,1
03/17/2015 03:41:00,76,0,10,2,12,1
03/17/2015 03:42:00,76,0,10,2,12,1
03/17/2015 03:43:00,76,0,9,2,12,1
03/17/2015 03:44:00,76,0,11,2,13,1
03/17/2015 03:45:00,76,0,10,1,13,1
03/17/2015 03:46:00,76,0,10,2,13,1
03/17/2015 03:47:00,76,0,10,2,13,1
03/17/2015 03:48:00,76,0,9,2,14,1
03/17/2015 03:49:00,76,0,10,2,14,1
03/17/2015 03:50:00,76,0,10,2,14,1
03/17/2015 03:51:00,76,0,11,2,14,1
03/17/2015 03:52:00,76,0,11,1,14,1
03/17/2015 03:53:00,76,0,12,2,14,1
03/17/2015 03:54:00,76,0,12,2,14,1
03/17/2015 03:55:00,76,0,11,2,13,1
03/17/2015 03:56:00,76,0,11,2,12,1
03/17/2015 03:57:00,76,0,12,2,12,1
03/17/2015 03:58:00,76,0,10,2,13,1
03/17/2015 03:59:00,76,0,11,1,13,1
03/17/2015 04:00:00,76,0,11,1,14,1
03/17/2015 04:01:00,76,0,11,2,14,1
03/17/2015 04:02:00,76,0,12,2,14,1
03/17/2015 04:03:00,76,0,13,2,13,1
03/17/2015 04:04:00,76,0,12,2,12,1
03/17/2015 04:05:00,76,0,12,2,12,1
03/17/2015 04:06:00,76,0,12,1,13,1
03/17/2015 04:07:00,76,0,12,1,13,1
03/17/2015 04:08:00,76,0,13,2,12,1
03/17/2015 04:09:00,76,0,13,1,12,1
03/17/2015 04:10:00,76,0,14,1,12,1
03/17/2015 04:11:00,76,0,14,2,11,1
03/17/2015 04:12:00,76,0,14,2,11,1
03/17/2015 04:13:00,76,0,13,2,11,1
03/17/2015 04:14:00,76,0,13,1,12,1
03/17/2015 04:15:00,76,0,13,1,12,1
03/17/2015 04:16:00,76,0,14,1,12,1
03/17/2015 04:17:00,76,0,13,1,13,1
03/17/2015 04:18:00,76,0,13,2,13,1
03/17/2015 04:19:00,76,0,12,1,13,1
03/17/2015 04:20:00,76,0,14,2,12,1
03/17/2015 04:21:00,76,0,13,2,12,1
03/17/2015 04:22:00,76,0,14,2,12,1
03/17/2015 04:23:00,76,0,12,2,12,1
03/17/2015 04:24:00,76,0,13,1,12,1
03/17/2015 04:25:00,76,0,14,2,11,1
03/17/2015 04:26:00,76,0,12,2,12,1
03/17/2015 04:27:00,76,0,13,2,12,1
03/17/2015 04:28:00,76,0,13,2,12,1
03/17/2015 04:29:00,76,0,15,2,12,1
03/17/2015 04:30:00,76,0,14,2,13,1
03/17/2015 04:31:00,76,0,15,2,13,1
03/17/2015 04:32:00,76,0,15,2,13,1
03/17/2015 04:33:00,76,0,15,2,14,1
03/17/2015 04:34:00,76,0,15,3,13,1
03/17/2015 04:35:00,76,0,16,2,13,1
03/17/2015 04:36:00,76,0,14,2,15,1
03/17/2015 04:37:00,76,0,14,2,15,1
03/17/2015 04:38:00,76,0,16,2,16,1
03/17/2015 04:39:00,76,0,15,2,16,1
03/17/2015 04:40:00,76,0,14,2,15,1
03/17/2015 04:41:00,76,0,15,2,15,1
03/17/2015 04:42:00,76,0,14,2,15,1
03/17/2015 04:43:00,76,0,14,2,15,1
03/17/2015 04:44:00,76,0,12,2,15,1
03/17/2015 04:45:00,76,0,13,2,17,1
03/17/2015 04:46:00,76,0,33,1,32,1
03/17/2015 04:47:00,76,0,10,4,60,1
03/17/2015 04:48:00,76,0,27,9,67,1
03/17/2015 04:49:00,76,0,37,9,63,1
03/17/2015 04:50:00,76,0,22,5,59,1
03/17/2015 04:51:00,76,0,15,2,57,1
03/17/2015 04:52:00,76,0,19,2,57,1
03/17/2015 04:53:00,76,0,18,1,58,1
03/17/2015 04:54:00,76,0,17,1,57,1
03/17/2015 04:55:00,76,0,17,1,54,1
03/17/2015 04:56:00,76,0,22,1,54,1
03/17/2015 04:57:00,76,0,23,0,53,1
03/17/2015 04:58:00,76,0,23,1,53,1
03/17/2015 04:59:00,76,0,24,1,52,1
03/17/2015 05:00:00,76,0,24,1,51,1
03/17/2015 05:01:00,76,0,25,1,50,1
03/17/2015 05:02:00,76,0,26,1,52,1
03/17/2015 05:03:00,76,0,23,2,53,1
03/17/2015 05:04:00,76,0,22,2,55,1
03/17/2015 05:05:00,76,0,22,2,57,1
03/17/2015 05:06:00,76,0,24,2,59,1
03/17/2015 05:07:00,76,0,23,2,60,1
03/17/2015 05:08:00,76,0,23,2,60,1
03/17/2015 05:09:00,76,0,23,2,60,1
03/17/2015 05:10:00,76,0,25,2,60,1
03/17/2015 05:11:00,76,0,25,2,61,1
03/17/2015 05:12:00,76,0,26,1,63,1
03/17/2015 05:13:00,76,0,27,1,63,1
03/17/2015 05:14:00,76,0,26,1,63,1
03/17/2015 05:15:00,76,0,24,2,60,1
03/17/2015 05:16:00,76,0,28,1,59,1
03/17/2015 05:17:00,76,0,30,0,59,1
03/17/2015 05:18:00,76,0,29,1,60,1
03/17/2015 05:19:00,76,0,28,2,60,1
03/17/2015 05:20:00,76,0,28,2,61,1
03/17/2015 05:21:00,76,0,22,3,58,1
03/17/2015 05:22:00,76,0,25,3,54,1
03/17/2015 05:23:00,76,0,29,2,51,1
03/17/2015 05:24:00,76,0,32,1,50,1
03/17/2015 05:25:00,76,0,32,1,52,1
03/17/2015 05:26:00,76,0,29,1,52,1
03/17/2015 05:27:00,76,0,29,2,52,1
03/17/2015 05:28:00,76,0,28,2,53,1
03/17/2015 05:29:00,76,0,28,2,53,1
03/17/2015 05:30:00,76,0,28,2,52,1
03/17/2015 05:31:00,76,0,30,2,52,1
03/17/2015 05:32:00,76,0,30,2,51,1
03/17/2015 05:33:00,76,0,30,2,51,1
03/17/2015 05:34:00,76,0,31,2,52,1
03/17/2015 05:35:00,76,0,32,1,53,1
03/17/2015 05:36:00,76,0,30,1,54,1
03/17/2015 05:37:00,76,0,28,2,54,1
03/17/2015 05:38:00,76,0,27,2,54,1
03/17/2015 05:39:00,76,0,24,3,52,1
03/17/2015 05:40:00,76,0,24,3,48,1
03/17/2015 05:41:00,76,0,28,3,47,1
03/17/2015 05:42:00,76,0,34,2,50,1
03/17/2015 05:43:00,76,0,34,1,54,1
03/17/2015 05:44:00,76,0,29,2,56,1
03/17/2015 05:45:00,76,0,26,3,55,1
03/17/2015 05:46:00,76,0,29,2,54,1
03/17/2015 05:47:00,76,0,33,1,57,1
03/17/2015 05:48:00,76,0,28,2,58,1
03/17/2015 05:49:00,76,0,29,3,58,1
03/17/2015 05:50:00,76,0,29,3,60,1
03/17/2015 05:51:00,76,0,29,3,62,1
03/17/2015 05:52:00,76,0,25,2,61,1
03/17/2015 05:53:00,76,0,25,3,55,1
03/17/2015 05:54:00,76,0,31,3,52,1
03/17/2015 05:55:00,76,0,31,3,49,1
03/17/2015 05:56:00,76,0,32,4,46,1
03/17/2015 05:57:00,76,0,36,4,46,1
03/17/2015 05:58:00,76,0,39,3,51,1
03/17/2015 05:59:00,76,0,35,2,52,1
03/17/2015 06:00:00,76,0,31,3,50,1
03/17/2015 06:01:00,76,0,33,3,48,1
03/17/2015 06:02:00,76,0,39,2,48,1
03/17/2015 06:03:00,76,0,39,2,49,1
03/17/2015 06:04:00,76,0,36,3,49,1
03/17/2015 06:05:00,76,0,35,3,49,1
03/17/2015 06:06:00,76,0,33,4,49,1
03/17/2015 06:07:00,76,0,33,4,50,1
03/17/2015 06:08:00,76,0,33,5,50,1
03/17/2015 06:09:00,76,0,32,5,49,1
03/17/2015 06:10:00,76,0,28,5,47,1
03/17/2015 06:11:00,76,0,30,4,47,1
03/17/2015 06:12:00,76,0,32,4,48,1
03/17/2015 06:13:00,76,0,31,3,50,1
03/17/2015 06:14:00,76,0,28,3,48,1
03/17/2015 06:15:00,76,0,25,3,46,1
03/17/2015 06:16:00,76,0,26,3,46,1
03/17/2015 06:17:00,76,0,36,4,48,1
03/17/2015 06:18:00,76,0,43,4,46,1
03/17/2015 06:19:00,76,0,47,4,47,1
03/17/2015 06:20:00,76,0,47,4,46,1
03/17/2015 06:21:00,76,0,43,3,47,1
03/17/2015 06:22:00,76,0,46,3,47,1
03/17/2015 06:23:00,76,0,47,2,45,1
03/17/2015 06:24:00,76,0,48,1,43,1
03/17/2015 06:25:00,76,0,47,1,43,1
03/17/2015 06:26:00,76,0,45,0,42,1
03/17/2015 06:27:00,76,0,49,0,40,1
03/17/2015 06:28:00,76,0,49,0,38,1
03/17/2015 06:29:00,76,0,47,-1,38,1
03/17/2015 06:30:00,76,0,48,-1,36,1
03/17/2015 06:31:00,76,0,49,-1,35,1
03/17/2015 06:32:00,76,0,47,-2,35,1
03/17/2015 06:33:00,76,0,52,-2,32,1
03/17/2015 06:34:00,76,0,51,-3,29,1
03/17/2015 06:35:00,76,0,50,-3,26,1
03/17/2015 06:36:00,76,0,49,-3,25,1
03/17/2015 06:37:00,76,0,48,-3,24,1
03/17/2015 06:38:00,76,0,49,-3,21,1
03/17/2015 06:39:00,76,0,49,-3,18,1
03/17/2015 06:40:00,76,0,47,-3,17,1
03/17/2015 06:41:00,76,0,45,-3,16,1
03/17/2015 06:42:00,76,0,45,-4,15,1
03/17/2015 06:43:00,76,0,45,-3,14,1
03/17/2015 06:44:00,76,0,43,-2,11,1
03/17/2015 06:45:00,76,0,41,-2,10,1
03/17/2015 06:46:00,76,0,39,-2,8,1
03/17/2015 06:47:00,76,0,38,-2,7,1
03/17/2015 06:48:00,76,0,36,-2,6,1
03/17/2015 06:49:00,76,0,33,-2,4,1
03/17/2015 06:50:00,76,0,37,-2,5,1
03/17/2015 06:51:00,76,0,39,-3,10,1
03/17/2015 06:52:00,76,0.407270389,31,-2,4,1
03/17/2015 06:53:00,76,0.446574159,36,-1,-1,1
03/17/2015 06:54:00,76,0.485877928,42,-1,-2,1
03/17/2015 06:55:00,76,0.525181697,45,0,-2,1
03/17/2015 06:56:00,76,0.564485466,45,0,-1,1
03/17/2015 06:57:00,76,0.603789235,46,0,-2,1
03/17/2015 06:58:00,76,0.652404938,49,1,-5,1
03/17/2015 06:59:00,76,0.701020642,51,1,-6,1
03/17/2015 07:00:00,76,0.749636345,53,2,-8,1
03/17/2015 07:01:00,76,0.798252048,56,3,-13,1
03/17/2015 07:02:00,76,0.846867751,55,3,-11,1
03/17/2015 07:03:00,76,0.869084969,57,2,-8,1
03/17/2015 07:04:00,76,0.891302188,58,3,-8,1
03/17/2015 07:05:00,76,0.913519406,52,4,-9,1
03/17/2015 07:06:00,76,0.935736624,52,5,-11,1
03/17/2015 07:07:00,76,0.957953843,52,5,-11,1
03/17/2015 07:08:00,76,0.977083786,53,5,-11,1
03/17/2015 07:09:00,76,0.996213729,52,6,-12,1
03/17/2015 07:10:00,76,1.015343671,53,6,-12,1
03/17/2015 07:11:00,76,1.034473614,54,6,-11,1
03/17/2015 07:12:00,76,1.053603557,53,7,-12,1
03/17/2015 07:13:00,76,1.050208715,53,7,-13,1
03/17/2015 07:14:00,76,1.046813872,54,7,-13,1
03/17/2015 07:15:00,76,1.043419029,54,8,-13,1
03/17/2015 07:16:00,76,1.040024187,53,8,-14,1
03/17/2015 07:17:00,76,1.036629344,52,8,-14,1
03/17/2015 07:18:00,76,1.044029462,51,9,-14,1
03/17/2015 07:19:00,76,1.05142958,47,9,-13,1
03/17/2015 07:20:00,76,1.058829699,44,8,-14,1
03/17/2015 07:21:00,76,1.066229817,44,8,-15,1
03/17/2015 07:22:00,76,1.073629935,44,8,-16,1
03/17/2015 07:23:00,76,1.091605176,43,8,-17,1
03/17/2015 07:24:00,76,1.109580416,41,8,-18,1
03/17/2015 07:25:00,76,1.127555656,41,8,-19,1
03/17/2015 07:26:00,76,1.145530897,42,8,-19,1
03/17/2015 07:27:00,76,1.163506137,41,9,-20,1
03/17/2015 07:28:00,76,1.163547242,42,8,-20,1
03/17/2015 07:29:00,76,1.163588348,43,8,-20,1
03/17/2015 07:30:00,76,1.163629453,46,9,-21,1
03/17/2015 07:31:00,76,1.163670558,50,9,-21,1
03/17/2015 07:32:00,76,1.163711663,50,9,-21,1
03/17/2015 07:33:00,76,1.169692053,50,10,-24,1
03/17/2015 07:34:00,76,1.175672443,55,9,-27,1
03/17/2015 07:35:00,76,1.181652833,64,9,-28,1
03/17/2015 07:36:00,76,1.187633223,66,9,-29,1
03/17/2015 07:37:00,76,1.193613612,67,10,-32,1
03/17/2015 07:38:00,76,1.197223815,68,10,-32,1
03/17/2015 07:39:00,76,1.200834018,66,11,-31,1
03/17/2015 07:40:00,76,1.20444422,62,13,-31,1
03/17/2015 07:41:00,76,1.208054423,57,12,-31,1
03/17/2015 07:42:00,76,1.211664625,56,13,-31,1
03/17/2015 07:43:00,76,1.233952587,54,13,-29,1
03/17/2015 07:44:00,76,1.256240549,51,13,-28,1
03/17/2015 07:45:00,76,1.278528511,47,13,-27,1
03/17/2015 07:46:00,76,1.300816473,42,12,-27,1
03/17/2015 07:47:00,76,1.323104435,39,11,-27,1
03/17/2015 07:48:00,76,1.359023965,40,11,-28,1
03/17/2015 07:49:00,76,1.394943495,39,11,-28,1
03/17/2015 07:50:00,76,1.430863024,37,11,-28,1
03/17/2015 07:51:00,76,1.466782554,37,10,-29,1
03/17/2015 07:52:00,76,1.502702084,37,10,-30,1
03/17/2015 07:53:00,76,1.555352257,38,10,-30,1
03/17/2015 07:54:00,76,1.608002431,37,10,-32,1
03/17/2015 07:55:00,76,1.660652604,37,10,-33,1
03/17/2015 07:56:00,76,1.713302778,37,9,-33,1
03/17/2015 07:57:00,76,1.765952951,38,10,-35,1
03/17/2015 07:58:00,76,1.840229026,40,10,-37,1
03/17/2015 07:59:00,76,1.914505101,39,10,-38,1
03/17/2015 08:00:00,76,1.988781175,43,11,-38,1
03/17/2015 08:01:00,76,2.06305725,45,11,-39,1
03/17/2015 08:02:00,76,2.137333325,47,12,-40,1
03/17/2015 08:03:00,76,2.189321629,49,12,-39,1
03/17/2015 08:04:00,76,2.241309933,51,12,-40,1
03/17/2015 08:05:00,76,2.293298237,51,12,-42,1
03/17/2015 08:06:00,76,2.345286541,51,13,-44,1
03/17/2015 08:07:00,76,2.397274846,53,13,-44,1
03/17/2015 08:08:00,76,2.437238185,56,12,-42,1
03/17/2015 08:09:00,76,2.477201524,57,12,-41,1
03/17/2015 08:10:00,76,2.517164864,58,12,-41,1
03/17/2015 08:11:00,76,2.557128203,57,12,-43,1
03/17/2015 08:12:00,76,2.597091542,60,13,-44,1
03/17/2015 08:13:00,76,2.63997911,61,13,-45,1
03/17/2015 08:14:00,76,2.682866677,61,12,-42,1
03/17/2015 08:15:00,76,2.725754245,60,12,-42,1
03/17/2015 08:16:00,76,2.768641812,58,11,-41,1
03/17/2015 08:17:00,76,2.811529379,57,10,-39,1
03/17/2015 08:18:00,76,2.876131807,57,9,-39,1
03/17/2015 08:19:00,76,2.940734235,57,9,-39,1
03/17/2015 08:20:00,76,3.005336663,57,8,-40,1
03/17/2015 08:21:00,76,3.069939091,58,8,-40,1
03/17/2015 08:22:00,76,3.134541519,59,9,-42,1
03/17/2015 08:23:00,76,3.20445529,60,9,-44,1
03/17/2015 08:24:00,76,3.274369061,60,8,-45,1
03/17/2015 08:25:00,76,3.344282831,58,8,-47,1
03/17/2015 08:26:00,76,3.414196602,59,8,-48,1
03/17/2015 08:27:00,76,3.484110372,60,8,-50,1
03/17/2015 08:28:00,76,3.547071143,59,9,-52,1
03/17/2015 08:29:00,76,3.610031913,59,9,-53,1
03/17/2015 08:30:00,76,3.672992683,60,9,-54,1
03/17/2015 08:31:00,76,3.735953454,61,10,-53,1
03/17/2015 08:32:00,76,3.798914224,63,11,-54,1
03/17/2015 08:33:00,76,3.853775544,64,11,-54,1
03/17/2015 08:34:00,76,3.908636864,63,11,-56,1
03/17/2015 08:35:00,76,3.963498184,66,11,-58,1
03/17/2015 08:36:00,76,4.018359504,67,11,-59,1
03/17/2015 08:37:00,76,4.073220823,68,11,-60,1
03/17/2015 08:38:00,76,4.106936417,70,11,-61,1
03/17/2015 08:39:00,76,4.140652011,71,11,-63,1
03/17/2015 08:40:00,76,4.174367604,73,11,-64,1
03/17/2015 08:41:00,76,4.208083198,71,11,-67,1
03/17/2015 08:42:00,76,4.241798791,71,12,-69,1
03/17/2015 08:43:00,76,4.263935979,72,13,-71,1
03/17/2015 08:44:00,76,4.286073167,73,12,-71,1
03/17/2015 08:45:00,76,4.308210355,71,13,-72,1
03/17/2015 08:46:00,76,4.330347542,68,13,-73,1
03/17/2015 08:47:00,76,4.35248473,68,13,-73,1
03/17/2015 08:48:00,76,4.371125772,66,12,-73,1
03/17/2015 08:49:00,76,4.389766814,67,12,-72,1
03/17/2015 08:50:00,76,4.408407856,68,11,-70,1
03/17/2015 08:51:00,76,4.427048898,66,11,-69,1
03/17/2015 08:52:00,76,4.44568994,64,10,-70,1
03/17/2015 08:53:00,76,4.470529688,64,9,-69,1
03/17/2015 08:54:00,76,4.495369436,65,9,-69,1
03/17/2015 08:55:00,76,4.520209185,65,8,-69,1
03/17/2015 08:56:00,76,4.545048933,62,7,-70,1
03/17/2015 08:57:00,76,4.569888682,60,6,-72,1
03/17/2015 08:58:00,76,4.553229014,58,6,-76,1
03/17/2015 08:59:00,76,4.536569346,59,5,-78,1
03/17/2015 09:00:00,76,4.519909677,59,5,-78,1
03/17/2015 09:01:00,76,4.503250009,59,4,-78,1
03/17/2015 09:02:00,76,4.486590341,60,3,-80,1
03/17/2015 09:03:00,76,4.46113092,64,2,-80,1
03/17/2015 09:04:00,76,4.435671498,66,2,-80,1
03/17/2015 09:05:00,76,4.410212077,66,1,-80,1
03/17/2015 09:06:00,76,4.384752656,66,0,-82,1
03/17/2015 09:07:00,76,4.359293234,64,-1,-84,1
03/17/2015 09:08:00,76,4.34112025,63,-1,-85,1
03/17/2015 09:09:00,76,4.322947265,62,-2,-87,1
03/17/2015 09:10:00,76,4.304774281,63,-2,-90,1
03/17/2015 09:11:00,76,4.286601296,64,-1,-92,1
03/17/2015 09:12:00,76,4.268428312,65,-2,-91,1
03/17/2015 09:13:00,76,4.275572756,68,-2,-90,1
03/17/2015 09:14:00,76,4.282717201,71,-1,-92,1
03/17/2015 09:15:00,76,4.289861646,70,-1,-93,1
03/17/2015 09:16:00,76,4.297006091,66,0,-94,1
03/17/2015 09:17:00,76,4.304150535,64,0,-95,1
03/17/2015 09:18:00,76,4.377227936,62,1,-95,1
03/17/2015 09:19:00,76,4.450305336,59,1,-97,1
03/17/2015 09:20:00,76,4.523382736,57,2,-96,1
03/17/2015 09:21:00,76,4.596460136,56,2,-94,1
03/17/2015 09:22:00,76,4.669537537,58,2,-93,1
03/17/2015 09:23:00,76,4.696757858,57,3,-92,1
03/17/2015 09:24:00,76,4.723978179,56,3,-93,1
03/17/2015 09:25:00,76,4.7511985,54,4,-95,1
03/17/2015 09:26:00,76,4.778418821,53,5,-96,1
03/17/2015 09:27:00,76,4.805639142,55,6,-96,1
03/17/2015 09:28:00,76,4.805853494,53,7,-97,1
03/17/2015 09:29:00,76,4.806067845,54,7,-98,1
03/17/2015 09:30:00,76,4.806282197,54,8,-97,1
03/17/2015 09:31:00,76,4.806496548,54,9,-97,1
03/17/2015 09:32:00,76,4.806710899,56,9,-97,1
03/17/2015 09:33:00,76,4.786487553,58,10,-98,1
03/17/2015 09:34:00,76,4.766264206,57,10,-98,1
03/17/2015 09:35:00,76,4.746040859,59,10,-97,1
03/17/2015 09:36:00,76,4.725817512,62,12,-100,1
03/17/2015 09:37:00,76,4.705594165,64,13,-101,1
03/17/2015 09:38:00,76,4.666491889,60,14,-100,1
03/17/2015 09:39:00,76,4.627389612,59,14,-99,1
03/17/2015 09:40:00,76,4.588287336,56,14,-98,1
03/17/2015 09:41:00,76,4.54918506,62,16,-98,1
03/17/2015 09:42:00,76,4.510082784,62,15,-96,1
03/17/2015 09:43:00,76,4.477126996,64,14,-93,1
03/17/2015 09:44:00,76,4.444171209,62,13,-92,1
03/17/2015 09:45:00,76,4.411215422,58,14,-94,1
03/17/2015 09:46:00,76,4.378259635,58,15,-94,1
03/17/2015 09:47:00,76,4.345303848,57,15,-93,1
03/17/2015 09:48:00,76,4.311117401,56,16,-93,1
03/17/2015 09:49:00,76,4.276930954,57,16,-93,1
03/17/2015 09:50:00,76,4.242744507,61,16,-93,1
03/17/2015 09:51:00,76,4.20855806,60,16,-92,1
03/17/2015 09:52:00,76,4.174371613,59,16,-91,1
03/17/2015 09:53:00,76,4.098969976,60,16,-89,1
03/17/2015 09:54:00,76,4.023568339,59,15,-87,1
03/17/2015 09:55:00,76,3.948166701,58,15,-86,1
03/17/2015 09:56:00,76,3.872765064,55,14,-85,1
03/17/2015 09:57:00,76,3.797363427,54,14,-85,1
03/17/2015 09:58:00,76,3.740375156,51,14,-84,1
03/17/2015 09:59:00,76,3.683386885,49,14,-84,1
03/17/2015 10:00:00,76,3.626398615,49,13,-84,1
03/17/2015 10:01:00,76,3.569410344,50,13,-83,1
03/17/2015 10:02:00,76,3.512422073,52,13,-83,1
03/17/2015 10:03:00,76,3.473505305,52,12,-82,1
03/17/2015 10:04:00,76,3.434588536,53,11,-81,1
03/17/2015 10:05:00,76,3.395671768,54,10,-80,1
03/17/2015 10:06:00,76,3.356754999,50,9,-78,1
03/17/2015 10:07:00,76,3.31783823,46,9,-78,1
03/17/2015 10:08:00,76,3.281924238,44,8,-77,1
03/17/2015 10:09:00,76,3.246010245,44,8,-76,1
03/17/2015 10:10:00,76,3.210096252,44,8,-75,1
03/17/2015 10:11:00,76,3.17418226,45,8,-74,1
03/17/2015 10:12:00,76,3.138268267,41,7,-73,1
03/17/2015 10:13:00,76,3.124827293,42,8,-72,1
03/17/2015 10:14:00,76,3.11138632,43,7,-71,1
03/17/2015 10:15:00,76,3.097945347,43,7,-71,1
03/17/2015 10:16:00,76,3.084504373,43,7,-72,1
03/17/2015 10:17:00,76,3.0710634,44,7,-71,1
03/17/2015 10:18:00,76,3.063344199,45,7,-70,1
03/17/2015 10:19:00,76,3.055624998,45,7,-69,1
03/17/2015 10:20:00,76,3.047905798,45,7,-70,1
03/17/2015 10:21:00,76,3.040186597,45,7,-70,1
03/17/2015 10:22:00,76,3.032467397,45,7,-69,1
03/17/2015 10:23:00,76,3.040299657,43,7,-69,1
03/17/2015 10:24:00,76,3.048131918,43,6,-70,1
03/17/2015 10:25:00,76,3.055964179,45,6,-71,1
03/17/2015 10:26:00,76,3.06379644,45,7,-72,1
03/17/2015 10:27:00,76,3.071628701,43,8,-72,1
03/17/2015 10:28:00,76,3.09805328,45,7,-71,1
03/17/2015 10:29:00,76,3.124477858,45,8,-71,1
03/17/2015 10:30:00,76,3.150902437,45,7,-71,1
03/17/2015 10:31:00,76,3.177327016,45,7,-71,1
03/17/2015 10:32:00,76,3.203751595,46,8,-71,1
03/17/2015 10:33:00,76,3.198055387,47,8,-70,1
03/17/2015 10:34:00,76,3.192359178,46,7,-69,1
03/17/2015 10:35:00,76,3.18666297,45,7,-70,1
03/17/2015 10:36:00,76,3.180966761,44,7,-70,1
03/17/2015 10:37:00,76,3.175270553,43,7,-70,1
03/17/2015 10:38:00,76,3.176518931,45,7,-70,1
03/17/2015 10:39:00,76,3.177767309,46,7,-70,1
03/17/2015 10:40:00,76,3.179015687,46,7,-68,1
03/17/2015 10:41:00,76,3.180264066,43,7,-67,1
03/17/2015 10:42:00,76,3.181512444,45,6,-67,1
03/17/2015 10:43:00,76,3.189169398,45,6,-67,1
03/17/2015 10:44:00,76,3.196826352,46,6,-67,1
03/17/2015 10:45:00,76,3.204483306,46,6,-67,1
03/17/2015 10:46:00,76,3.21214026,48,5,-66,1
03/17/2015 10:47:00,76,3.219797214,49,5,-66,1
03/17/2015 10:48:00,76,3.19860797,49,5,-65,1
03/17/2015 10:49:00,76,3.177418727,48,5,-65,1
03/17/2015 10:50:00,76,3.156229483,48,5,-63,1
03/17/2015 10:51:00,76,3.135040239,49,5,-62,1
03/17/2015 10:52:00,76,3.113850995,49,4,-61,1
03/17/2015 10:53:00,76,3.109582536,49,4,-61,1
03/17/2015 10:54:00,76,3.105314076,50,4,-61,1
03/17/2015 10:55:00,76,3.101045617,51,4,-62,1
03/17/2015 10:56:00,76,3.096777157,54,5,-63,1
03/17/2015 10:57:00,76,3.092508698,54,5,-64,1
03/17/2015 10:58:00,76,3.074407138,53,5,-64,1
03/17/2015 10:59:00,76,3.056305578,53,5,-63,1
03/17/2015 11:00:00,76,3.038204017,53,5,-62,1
03/17/2015 11:01:00,76,3.020102457,53,4,-60,1
03/17/2015 11:02:00,76,3.002000897,51,4,-59,1
03/17/2015 11:03:00,76,2.987405694,52,4,-58,1
03/17/2015 11:04:00,76,2.972810491,52,3,-57,1
03/17/2015 11:05:00,76,2.958215287,51,3,-57,1
03/17/2015 11:06:00,76,2.943620084,50,3,-58,1
03/17/2015 11:07:00,76,2.929024881,52,4,-60,1
03/17/2015 11:08:00,76,2.919105058,54,5,-61,1
03/17/2015 11:09:00,76,2.909185235,55,4,-59,1
03/17/2015 11:10:00,76,2.899265411,54,4,-60,1
03/17/2015 11:11:00,76,2.889345588,55,5,-60,1
03/17/2015 11:12:00,76,2.879425765,55,5,-60,1
03/17/2015 11:13:00,76,2.877309875,55,5,-59,1
03/17/2015 11:14:00,76,2.875193985,55,5,-58,1
03/17/2015 11:15:00,76,2.873078096,57,5,-55,1
03/17/2015 11:16:00,76,2.870962206,56,4,-52,1
03/17/2015 11:17:00,76,2.868846317,56,3,-52,1
03/17/2015 11:18:00,76,2.883642507,56,3,-54,1
03/17/2015 11:19:00,76,2.898438697,58,4,-54,1
03/17/2015 11:20:00,76,2.913234887,59,4,-52,1
03/17/2015 11:21:00,76,2.928031077,60,3,-51,1
03/17/2015 11:22:00,76,2.942827267,59,3,-50,1
03/17/2015 11:23:00,76,2.95097276,59,3,-49,1
03/17/2015 11:24:00,76,2.959118253,58,3,-50,1
03/17/2015 11:25:00,76,2.967263745,57,3,-50,1
03/17/2015 11:26:00,76,2.975409238,57,3,-50,1
03/17/2015 11:27:00,76,2.983554731,57,4,-50,1
03/17/2015 11:28:00,76,3.00431493,57,3,-49,1
03/17/2015 11:29:00,76,3.025075129,56,4,-49,1
03/17/2015 11:30:00,76,3.045835327,57,4,-49,1
03/17/2015 11:31:00,76,3.066595526,55,4,-48,1
03/17/2015 11:32:00,76,3.087355725,55,4,-47,1
03/17/2015 11:33:00,76,3.10654457,55,4,-47,1
03/17/2015 11:34:00,76,3.125733414,56,5,-45,1
03/17/2015 11:35:00,76,3.144922259,55,4,-44,1
03/17/2015 11:36:00,76,3.164111104,55,5,-43,1
03/17/2015 11:37:00,76,3.183299949,56,4,-41,1
03/17/2015 11:38:00,76,3.190821721,54,4,-42,1
03/17/2015 11:39:00,76,3.198343493,52,4,-43,1
03/17/2015 11:40:00,76,3.205865265,52,4,-43,1
03/17/2015 11:41:00,76,3.213387037,52,4,-41,1
03/17/2015 11:42:00,76,3.220908809,51,4,-42,1
03/17/2015 11:43:00,76,3.230866982,50,3,-42,1
03/17/2015 11:44:00,76,3.240825155,49,3,-43,1
03/17/2015 11:45:00,76,3.250783328,49,3,-44,1
03/17/2015 11:46:00,76,3.260741501,48,4,-44,1
03/17/2015 11:47:00,76,3.270699673,50,4,-42,1
03/17/2015 11:48:00,76,3.289159225,48,2,-44,1
03/17/2015 11:49:00,76,3.307618777,47,3,-45,1
03/17/2015 11:50:00,76,3.326078329,47,3,-45,1
03/17/2015 11:51:00,76,3.344537881,46,3,-45,1
03/17/2015 11:52:00,76,3.362997433,45,3,-44,1
03/17/2015 11:53:00,76,3.351109275,45,2,-45,1
03/17/2015 11:54:00,76,3.339221118,44,2,-45,1
03/17/2015 11:55:00,76,3.327332961,45,2,-45,1
03/17/2015 11:56:00,76,3.315444804,44,2,-44,1
03/17/2015 11:57:00,76,3.303556647,43,2,-44,1
03/17/2015 11:58:00,76,3.293681812,43,1,-45,1
03/17/2015 11:59:00,76,3.283806977,42,2,-47,1
03/17/2015 12:00:00,76,3.273932142,42,3,-47,1
03/17/2015 12:01:00,76,3.264057307,43,3,-46,1
03/17/2015 12:02:00,76,3.254182472,44,3,-43,1
03/17/2015 12:03:00,76,3.242212976,44,3,-41,1
03/17/2015 12:04:00,76,3.23024348,44,3,-40,1
03/17/2015 12:05:00,76,3.218273984,45,3,-39,1
03/17/2015 12:06:00,76,3.206304489,46,3,-38,1
03/17/2015 12:07:00,76,3.194334993,44,3,-39,1
03/17/2015 12:08:00,76,3.155906234,44,4,-45,1
03/17/2015 12:09:00,76,3.117477475,42,5,-52,1
03/17/2015 12:10:00,76,3.079048716,39,4,-55,1
03/17/2015 12:11:00,76,3.040619957,40,5,-51,1
03/17/2015 12:12:00,76,3.002191198,43,4,-43,1
03/17/2015 12:13:00,76,2.986116085,36,3,-46,1
03/17/2015 12:14:00,76,2.970040972,35,2,-47,1
03/17/2015 12:15:00,76,2.953965859,40,3,-44,1
03/17/2015 12:16:00,76,2.937890747,43,5,-41,1
03/17/2015 12:17:00,76,2.921815634,44,5,-43,1
03/17/2015 12:18:00,76,2.902864578,44,5,-45,1
03/17/2015 12:19:00,76,2.883913522,43,6,-47,1
03/17/2015 12:20:00,76,2.864962466,43,6,-47,1
03/17/2015 12:21:00,76,2.846011409,42,6,-48,1
03/17/2015 12:22:00,76,2.827060353,42,6,-48,1
03/17/2015 12:23:00,76,2.817769149,41,5,-47,1
03/17/2015 12:24:00,76,2.808477945,41,5,-46,1
03/17/2015 12:25:00,76,2.799186741,41,5,-44,1
03/17/2015 12:26:00,76,2.789895537,42,4,-44,1
03/17/2015 12:27:00,76,2.780604333,42,5,-45,1
03/17/2015 12:28:00,76,2.76725836,43,5,-43,1
03/17/2015 12:29:00,76,2.753912388,41,6,-44,1
03/17/2015 12:30:00,76,2.740566416,41,6,-44,1
03/17/2015 12:31:00,76,2.727220444,42,6,-45,1
03/17/2015 12:32:00,76,2.713874472,39,7,-50,1
03/17/2015 12:33:00,76,2.703743697,35,6,-55,1
03/17/2015 12:34:00,76,2.693612923,50,5,-54,1
03/17/2015 12:35:00,76,2.683482148,55,5,-52,1
03/17/2015 12:36:00,76,2.673351373,48,4,-51,1
03/17/2015 12:37:00,76,2.663220599,41,3,-53,1
03/17/2015 12:38:00,76,2.648932284,41,2,-55,1
03/17/2015 12:39:00,76,2.63464397,45,2,-55,1
03/17/2015 12:40:00,76,2.620355655,46,2,-56,1
03/17/2015 12:41:00,76,2.606067341,44,3,-58,1
03/17/2015 12:42:00,76,2.591779026,42,3,-61,1
03/17/2015 12:43:00,76,2.565708441,42,3,-63,1
03/17/2015 12:44:00,76,2.539637855,43,2,-63,1
03/17/2015 12:45:00,76,2.513567269,45,3,-63,1
03/17/2015 12:46:00,76,2.487496683,47,2,-63,1
03/17/2015 12:47:00,76,2.461426098,49,2,-64,1
03/17/2015 12:48:00,76,2.441414048,49,2,-67,1
03/17/2015 12:49:00,76,2.421401999,51,2,-67,1
03/17/2015 12:50:00,76,2.40138995,51,2,-66,1
03/17/2015 12:51:00,76,2.3813779,51,2,-65,1
03/17/2015 12:52:00,76,2.361365851,53,1,-67,1
03/17/2015 12:53:00,76,2.330173758,53,2,-69,1
03/17/2015 12:54:00,76,2.298981665,52,2,-72,1
03/17/2015 12:55:00,76,2.267789572,52,3,-74,1
03/17/2015 12:56:00,76,2.236597479,52,3,-75,1
03/17/2015 12:57:00,76,2.205405386,55,3,-74,1
03/17/2015 12:58:00,76,2.165595801,53,3,-77,1
03/17/2015 12:59:00,76,2.125786215,54,4,-79,1
03/17/2015 13:00:00,76,2.08597663,55,4,-80,1
03/17/2015 13:01:00,76,2.046167044,54,4,-81,1
03/17/2015 13:02:00,76,2.006357459,54,4,-83,1
03/17/2015 13:03:00,76,1.9469204,55,4,-84,1
03/17/2015 13:04:00,76,1.887483342,58,4,-82,1
03/17/2015 13:05:00,76,1.828046283,58,3,-83,1
03/17/2015 13:06:00,76,1.768609224,57,4,-84,1
03/17/2015 13:07:00,76,1.709172166,56,4,-86,1
03/17/2015 13:08:00,76,1.637839249,54,4,-85,1
03/17/2015 13:09:00,76,1.566506332,55,3,-87,1
03/17/2015 13:10:00,76,1.495173414,55,3,-87,1
03/17/2015 13:11:00,76,1.423840497,58,2,-86,1
03/17/2015 13:12:00,76,1.35250758,60,2,-87,1
03/17/2015 13:13:00,76,1.280403743,64,2,-89,1
03/17/2015 13:14:00,76,1.208299905,68,2,-90,1
03/17/2015 13:15:00,76,1.136196068,76,2,-89,1
03/17/2015 13:16:00,76,1.06409223,89,1,-91,1
03/17/2015 13:17:00,76,0.991988393,100,2,-92,1
03/17/2015 13:18:00,76,0.899218262,95,4,-92,1
03/17/2015 13:19:00,76,0.806448132,91,3,-92,1
03/17/2015 13:20:00,76,0.713678001,87,3,-93,1
03/17/2015 13:21:00,76,0.62090787,78,3,-94,1
03/17/2015 13:22:00,76,0.528137739,76,2,-93,1
03/17/2015 13:23:00,76,0.476186976,80,3,-93,1
03/17/2015 13:24:00,76,0.424236212,84,2,-93,1
03/17/2015 13:25:00,76,0.372285448,86,2,-93,1
03/17/2015 13:26:00,76,0.320334685,91,2,-94,1
03/17/2015 13:27:00,76,0.268383921,102,2,-94,1
03/17/2015 13:28:00,76,0.238503062,124,6,-82,1
03/17/2015 13:29:00,76,0.208622203,134,4,-76,1
03/17/2015 13:30:00,76,0.178741344,126,2,-73,1
03/17/2015 13:31:00,76,0.148860485,117,0,-76,1
03/17/2015 13:32:00,76,0.118979626,126,2,-74,1
03/17/2015 13:33:00,76,0.099116964,138,0,-73,1
03/17/2015 13:34:00,76,0.079254302,136,-2,-75,1
03/17/2015 13:35:00,76,0.05939164,137,-3,-78,1
03/17/2015 13:36:00,76,0.039528978,143,-1,-75,1
03/17/2015 13:37:00,76,0.019666315,142,-1,-80,1
03/17/2015 13:38:00,76,-0.007189265,160,0,-70,1
03/17/2015 13:39:00,76,-0.034044845,156,-1,-73,1
03/17/2015 13:40:00,76,-0.060900425,149,-3,-78,1
03/17/2015 13:41:00,76,-0.087756006,160,-2,-77,1
03/17/2015 13:42:00,76,-0.114611586,168,-2,-77,1
03/17/2015 13:43:00,76,-0.150731108,172,-3,-76,1
03/17/2015 13:44:00,76,-0.18685063,174,-3,-77,1
03/17/2015 13:45:00,76,-0.222970152,182,-2,-75,1
03/17/2015 13:46:00,76,-0.259089674,182,-2,-77,1
03/17/2015 13:47:00,76,-0.295209196,184,-3,-79,1
03/17/2015 13:48:00,76,-0.317932221,195,-2,-77,1
03/17/2015 13:49:00,76,-0.340655247,200,0,-76,1
03/17/2015 13:50:00,76,-0.363378273,220,1,-70,1
03/17/2015 13:51:00,76,-0.386101299,220,2,-68,1
03/17/2015 13:52:00,76,-0.408824325,225,3,-64,1
03/17/2015 13:53:00,76,-0.450492572,230,6,-53,1
03/17/2015 13:54:00,76,-0.492160819,222,0,-58,1
03/17/2015 13:55:00,76,-0.533829066,211,-7,-69,1
03/17/2015 13:56:00,76,-0.575497313,240,-7,-73,1
03/17/2015 13:57:00,76,-0.617165561,272,-7,-75,1
03/17/2015 13:58:00,76,-0.659298984,265,-8,-77,1
03/17/2015 13:59:00,76,-0.701432407,263,-6,-76,1
03/17/2015 14:00:00,76,-0.743565831,251,-5,-78,1
03/17/2015 14:01:00,76,-0.785699254,236,-6,-82,1
03/17/2015 14:02:00,76,-0.827832678,236,-6,-80,1
03/17/2015 14:03:00,76,-0.877685628,237,-7,-80,1
03/17/2015 14:04:00,76,-0.927538578,232,-7,-82,1
03/17/2015 14:05:00,76,-0.977391529,226,-8,-88,1
03/17/2015 14:06:00,76,-1.027244479,258,-5,-88,1
03/17/2015 14:07:00,76,-1.077097429,273,-3,-79,1
03/17/2015 14:08:00,76,-1.123183188,215,-4,-83,1
03/17/2015 14:09:00,76,-1.169268946,221,0,-82,1
03/17/2015 14:10:00,76,-1.215354704,208,2,-79,1
03/17/2015 14:11:00,76,-1.261440463,183,1,-83,1
03/17/2015 14:12:00,76,-1.307526221,189,2,-83,1
03/17/2015 14:13:00,76,-1.357382295,188,2,-84,1
03/17/2015 14:14:00,76,-1.407238369,174,2,-89,1
03/17/2015 14:15:00,76,-1.457094444,180,4,-88,1
03/17/2015 14:16:00,76,-1.506950518,182,5,-88,1
03/17/2015 14:17:00,76,-1.556806592,166,4,-90,1
03/17/2015 14:18:00,76,-1.60340723,161,3,-95,1
03/17/2015 14:19:00,76,-1.650007868,162,0,-98,1
03/17/2015 14:20:00,76,-1.696608506,192,1,-95,1
03/17/2015 14:21:00,76,-1.743209144,188,2,-92,1
03/17/2015 14:22:00,76,-1.789809781,181,4,-90,1
03/17/2015 14:23:00,76,-1.84653544,171,6,-90,1
03/17/2015 14:24:00,76,-1.903261098,168,6,-89,1
03/17/2015 14:25:00,76,-1.959986757,171,7,-86,1
03/17/2015 14:26:00,76,-2.016712415,174,6,-86,1
03/17/2015 14:27:00,76,-2.073438074,173,6,-87,1
03/17/2015 14:28:00,76,-2.134849801,184,6,-83,1
03/17/2015 14:29:00,76,-2.196261527,182,6,-81,1
03/17/2015 14:30:00,76,-2.257673254,181,6,-82,1
03/17/2015 14:31:00,76,-2.319084981,186,7,-83,1
03/17/2015 14:32:00,76,-2.380496707,185,6,-83,1
03/17/2015 14:33:00,76,-2.444218023,188,7,-84,1
03/17/2015 14:34:00,76,-2.507939339,190,6,-86,1
03/17/2015 14:35:00,76,-2.571660654,187,5,-87,1
03/17/2015 14:36:00,76,-2.63538197,182,5,-89,1
03/17/2015 14:37:00,76,-2.699103285,184,7,-90,1
03/17/2015 14:38:00,76,-2.744706247,182,8,-88,1
03/17/2015 14:39:00,76,-2.790309208,183,9,-86,1
03/17/2015 14:40:00,76,-2.835912169,183,12,-77,1
03/17/2015 14:41:00,76,-2.88151513,171,14,-77,1
03/17/2015 14:42:00,76,-2.927118091,155,17,-79,1
03/17/2015 14:43:00,76,-2.985824416,148,19,-79,1
03/17/2015 14:44:00,76,-3.044530741,149,16,-83,1
03/17/2015 14:45:00,76,-3.103237066,147,15,-85,1
03/17/2015 14:46:00,76,-3.161943391,147,14,-86,1
03/17/2015 14:47:00,76,-3.220649716,147,12,-89,1
03/17/2015 14:48:00,76,-3.292096405,148,12,-89,1
03/17/2015 14:49:00,76,-3.363543095,156,11,-89,1
03/17/2015 14:50:00,76,-3.434989784,160,11,-91,1
03/17/2015 14:51:00,76,-3.506436473,162,11,-91,1
03/17/2015 14:52:00,76,-3.577883163,163,11,-92,1
03/17/2015 14:53:00,76,-3.672784376,158,12,-94,1
03/17/2015 14:54:00,76,-3.767685589,162,11,-95,1
03/17/2015 14:55:00,76,-3.862586802,162,10,-97,1
03/17/2015 14:56:00,76,-3.957488015,162,8,-99,1
03/17/2015 14:57:00,76,-4.052389228,162,8,-100,1
03/17/2015 14:58:00,76,-4.15703417,174,8,-98,1
03/17/2015 14:59:00,76,-4.261679111,174,8,-100,1
03/17/2015 15:00:00,76,-4.366324052,180,7,-99,1
03/17/2015 15:01:00,76,-4.470968993,181,7,-100,1
03/17/2015 15:02:00,76,-4.575613935,187,7,-99,1
03/17/2015 15:03:00,76,-4.67875861,177,7,-99,1
03/17/2015 15:04:00,76,-4.781903285,157,8,-105,1
03/17/2015 15:05:00,76,-4.885047961,158,7,-106,1
03/17/2015 15:06:00,76,-4.988192636,185,5,-103,1
03/17/2015 15:07:00,76,-5.091337311,206,6,-100,1
03/17/2015 15:08:00,76,-5.179298963,187,6,-102,1
03/17/2015 15:09:00,76,-5.267260614,183,7,-103,1
03/17/2015 15:10:00,76,-5.355222265,181,6,-101,1
03/17/2015 15:11:00,76,-5.443183917,164,8,-104,1
03/17/2015 15:12:00,76,-5.531145568,163,9,-104,1
03/17/2015 15:13:00,76,-5.623183405,159,11,-105,1
03/17/2015 15:14:00,76,-5.715221243,150,11,-108,1
03/17/2015 15:15:00,76,-5.80725908,149,11,-109,1
03/17/2015 15:16:00,76,-5.899296917,141,11,-113,1
03/17/2015 15:17:00,76,-5.991334754,135,13,-115,1
03/17/2015 15:18:00,76,-6.075172739,142,15,-116,1
03/17/2015 15:19:00,76,-6.159010724,132,16,-119,1
03/17/2015 15:20:00,76,-6.242848709,133,16,-118,1
03/17/2015 15:21:00,76,-6.326686694,125,17,-119,1
03/17/2015 15:22:00,76,-6.410524679,114,19,-121,1
03/17/2015 15:23:00,76,-6.490406522,105,21,-125,1
03/17/2015 15:24:00,76,-6.570288364,101,21,-129,1
03/17/2015 15:25:00,76,-6.650170207,97,19,-134,1
03/17/2015 15:26:00,76,-6.730052049,117,14,-132,1
03/17/2015 15:27:00,76,-6.809933892,165,10,-123,1
03/17/2015 15:28:00,76,-6.860841103,174,11,-124,1
03/17/2015 15:29:00,76,-6.911748314,169,11,-123,1
03/17/2015 15:30:00,76,-6.962655525,158,12,-124,1
03/17/2015 15:31:00,76,-7.013562736,163,13,-122,1
03/17/2015 15:32:00,76,-7.064469947,163,15,-122,1
03/17/2015 15:33:00,76,-7.111106156,157,17,-125,1
03/17/2015 15:34:00,76,-7.157742365,153,18,-126,1
03/17/2015 15:35:00,76,-7.204378574,150,19,-130,1
03/17/2015 15:36:00,76,-7.251014783,147,19,-133,1
03/17/2015 15:37:00,76,-7.297650992,150,21,-134,1
03/17/2015 15:38:00,76,-7.34566461,159,21,-133,1
03/17/2015 15:39:00,76,-7.393678228,153,22,-134,1
03/17/2015 15:40:00,76,-7.441691847,140,22,-137,1
03/17/2015 15:41:00,76,-7.489705465,130,22,-138,1
03/17/2015 15:42:00,76,-7.537719083,131,22,-138,1
03/17/2015 15:43:00,76,-7.593682135,136,22,-140,1
03/17/2015 15:44:00,76,-7.649645187,136,20,-140,1
03/17/2015 15:45:00,76,-7.705608239,135,20,-140,1
03/17/2015 15:46:00,76,-7.761571291,136,21,-140,1
03/17/2015 15:47:00,76,-7.817534342,136,22,-137,1
03/17/2015 15:48:00,76,-7.83473455,135,20,-136,1
03/17/2015 15:49:00,76,-7.851934757,131,21,-137,1
03/17/2015 15:50:00,76,-7.869134964,132,21,-137,1
03/17/2015 15:51:00,76,-7.886335172,135,21,-137,1
03/17/2015 15:52:00,76,-7.903535379,140,20,-136,1
03/17/2015 15:53:00,76,-7.931031777,140,21,-138,1
03/17/2015 15:54:00,76,-7.958528176,138,21,-139,1
03/17/2015 15:55:00,76,-7.986024574,122,20,-142,1
03/17/2015 15:56:00,76,-8.013520973,128,20,-141,1
03/17/2015 15:57:00,76,-8.041017371,125,19,-142,1
03/17/2015 15:58:00,76,-8.107333603,111,19,-144,1
03/17/2015 15:59:00,76,-8.173649835,104,16,-144,1
03/17/2015 16:00:00,76,-8.239966067,105,16,-143,1
03/17/2015 16:01:00,76,-8.306282299,103,14,-142,1
03/17/2015 16:02:00,76,-8.37259853,92,14,-144,1
03/17/2015 16:03:00,76,-8.431166444,78,14,-146,1
03/17/2015 16:04:00,76,-8.489734358,75,13,-147,1
03/17/2015 16:05:00,76,-8.548302272,87,11,-146,1
03/17/2015 16:06:00,76,-8.606870186,98,10,-145,1
03/17/2015 16:07:00,76,-8.6654381,108,9,-146,1
03/17/2015 16:08:00,76,-8.737627099,104,8,-149,1
03/17/2015 16:09:00,76,-8.809816098,107,6,-151,1
03/17/2015 16:10:00,76,-8.882005097,113,5,-152,1
03/17/2015 16:11:00,76,-8.954194097,120,4,-152,1
03/17/2015 16:12:00,76,-9.026383096,122,4,-153,1
03/17/2015 16:13:00,76,-9.099922743,119,5,-155,1
03/17/2015 16:14:00,76,-9.17346239,113,6,-156,1
03/17/2015 16:15:00,76,-9.247002036,111,7,-156,1
03/17/2015 16:16:00,76,-9.320541683,106,8,-157,1
03/17/2015 16:17:00,76,-9.39408133,108,9,-157,1
03/17/2015 16:18:00,76,-9.475254754,109,11,-157,1
03/17/2015 16:19:00,76,-9.556428179,113,11,-156,1
03/17/2015 16:20:00,76,-9.637601603,115,12,-155,1
03/17/2015 16:21:00,76,-9.718775027,116,13,-155,1
03/17/2015 16:22:00,76,-9.799948452,125,14,-154,1
03/17/2015 16:23:00,76,-9.886198272,125,14,-154,1
03/17/2015 16:24:00,76,-9.972448091,129,14,-154,1
03/17/2015 16:25:00,76,-10.05869791,131,16,-155,1
03/17/2015 16:26:00,76,-10.14494773,130,16,-156,1
03/17/2015 16:27:00,76,-10.23119755,130,17,-156,1
03/17/2015 16:28:00,76,-10.30243379,137,16,-154,1
03/17/2015 16:29:00,76,-10.37367003,144,14,-152,1
03/17/2015 16:30:00,76,-10.44490627,154,13,-149,1
03/17/2015 16:31:00,76,-10.5161425,164,12,-146,1
03/17/2015 16:32:00,76,-10.58737874,175,12,-144,1
03/17/2015 16:33:00,76,-10.64220709,180,12,-143,1
03/17/2015 16:34:00,76,-10.69703544,175,11,-144,1
03/17/2015 16:35:00,76,-10.75186379,180,11,-145,1
03/17/2015 16:36:00,76,-10.80669214,187,10,-145,1
03/17/2015 16:37:00,76,-10.86152049,192,9,-146,1
03/17/2015 16:38:00,76,-10.91991626,199,8,-146,1
03/17/2015 16:39:00,76,-10.97831202,203,7,-146,1
03/17/2015 16:40:00,76,-11.03670778,206,7,-146,1
03/17/2015 16:41:00,76,-11.09510354,209,7,-145,1
03/17/2015 16:42:00,76,-11.1534993,212,6,-145,1
03/17/2015 16:43:00,76,-11.22038263,212,7,-145,1
03/17/2015 16:44:00,76,-11.28726595,209,7,-146,1
03/17/2015 16:45:00,76,-11.35414928,205,7,-147,1
03/17/2015 16:46:00,76,-11.4210326,204,7,-148,1
03/17/2015 16:47:00,76,-11.48791593,196,8,-152,1
03/17/2015 16:48:00,76,-11.58058756,189,7,-152,1
03/17/2015 16:49:00,76,-11.67325919,191,5,-152,1
03/17/2015 16:50:00,76,-11.76593082,189,3,-153,1
03/17/2015 16:51:00,76,-11.85860245,186,2,-153,1
03/17/2015 16:52:00,76,-11.95127407,185,1,-152,1
03/17/2015 16:53:00,76,-12.04825126,179,0,-152,1
03/17/2015 16:54:00,76,-12.14522844,173,-1,-151,1
03/17/2015 16:55:00,76,-12.24220562,167,-2,-150,1
03/17/2015 16:56:00,76,-12.33918281,163,-3,-151,1
03/17/2015 16:57:00,76,-12.43615999,161,-5,-151,1
03/17/2015 16:58:00,76,-12.53173295,160,-6,-151,1
03/17/2015 16:59:00,76,-12.62730592,159,-7,-151,1
03/17/2015 17:00:00,76,-12.72287888,156,-7,-150,1
03/17/2015 17:01:00,76,-12.81845184,155,-8,-150,1
03/17/2015 17:02:00,76,-12.9140248,157,-8,-151,1
03/17/2015 17:03:00,76,-13.01493983,153,-8,-152,1
03/17/2015 17:04:00,76,-13.11585485,151,-7,-153,1
03/17/2015 17:05:00,76,-13.21676987,148,-7,-152,1
03/17/2015 17:06:00,76,-13.31768489,147,-8,-152,1
03/17/2015 17:07:00,76,-13.41859991,144,-7,-154,1
03/17/2015 17:08:00,76,-13.48619464,141,-7,-155,1
03/17/2015 17:09:00,76,-13.55378938,140,-7,-154,1
03/17/2015 17:10:00,76,-13.62138411,139,-7,-155,1
03/17/2015 17:11:00,76,-13.68897885,138,-8,-158,1
03/17/2015 17:12:00,76,-13.75657358,134,-9,-159,1
03/17/2015 17:13:00,76,-13.8234336,132,-9,-160,1
03/17/2015 17:14:00,76,-13.89029361,131,-10,-161,1
03/17/2015 17:15:00,76,-13.95715362,131,-10,-162,1
03/17/2015 17:16:00,76,-14.02401364,129,-9,-162,1
03/17/2015 17:17:00,76,-14.09087365,127,-8,-163,1
03/17/2015 17:18:00,76,-14.16352629,129,-9,-163,1
03/17/2015 17:19:00,76,-14.23617893,130,-7,-163,1
03/17/2015 17:20:00,76,-14.30883157,125,-6,-164,1
03/17/2015 17:21:00,76,-14.38148421,125,-5,-164,1
03/17/2015 17:22:00,76,-14.45413685,122,-3,-165,1
03/17/2015 17:23:00,76,-14.51745913,123,-2,-167,1
03/17/2015 17:24:00,76,-14.58078141,125,-2,-169,1
03/17/2015 17:25:00,76,-14.64410369,125,-1,-171,1
03/17/2015 17:26:00,76,-14.70742598,128,0,-171,1
03/17/2015 17:27:00,76,-14.77074826,127,0,-175,1
03/17/2015 17:28:00,76,-14.80940025,136,-2,-177,1
03/17/2015 17:29:00,76,-14.84805223,143,-2,-176,1
03/17/2015 17:30:00,76,-14.88670422,146,-2,-173,1
03/17/2015 17:31:00,76,-14.92535621,145,-2,-172,1
03/17/2015 17:32:00,76,-14.9640082,153,-2,-171,1
03/17/2015 17:33:00,76,-14.99613543,156,0,-167,1
03/17/2015 17:34:00,76,-15.02826266,141,-1,-165,1
03/17/2015 17:35:00,76,-15.06038989,129,-1,-164,1
03/17/2015 17:36:00,76,-15.09251713,120,1,-162,1
03/17/2015 17:37:00,76,-15.12464436,108,2,-163,1
03/17/2015 17:38:00,76,-15.17294202,96,3,-164,1
03/17/2015 17:39:00,76,-15.22123968,95,5,-164,1
03/17/2015 17:40:00,76,-15.26953734,85,6,-162,1
03/17/2015 17:41:00,76,-15.317835,74,7,-159,1
03/17/2015 17:42:00,76,-15.36613266,70,8,-157,1
03/17/2015 17:43:00,76,-15.39444101,69,7,-154,1
03/17/2015 17:44:00,76,-15.42274936,61,7,-151,1
03/17/2015 17:45:00,76,-15.45105771,59,7,-147,1
03/17/2015 17:46:00,76,-15.47936607,59,6,-144,1
03/17/2015 17:47:00,76,-15.50767442,53,5,-142,1
03/17/2015 17:48:00,76,-15.52400188,49,4,-139,1
03/17/2015 17:49:00,76,-15.54032934,47,3,-136,1
03/17/2015 17:50:00,76,-15.5566568,48,2,-135,1
03/17/2015 17:51:00,76,-15.57298426,49,0,-136,1
03/17/2015 17:52:00,76,-15.58931172,54,-2,-136,1
03/17/2015 17:53:00,76,-15.58304394,59,-5,-136,1
03/17/2015 17:54:00,76,-15.57677615,62,-7,-135,1
03/17/2015 17:55:00,76,-15.57050836,66,-9,-136,1
03/17/2015 17:56:00,76,-15.56424057,69,-12,-136,1
03/17/2015 17:57:00,76,-15.55797278,70,-14,-136,1
03/17/2015 17:58:00,76,-15.56471164,75,-17,-138,1
03/17/2015 17:59:00,76,-15.57145049,76,-20,-139,1
03/17/2015 18:00:00,76,-15.57818934,74,-23,-139,1
03/17/2015 18:01:00,76,-15.5849282,67,-26,-139,1
03/17/2015 18:02:00,76,-15.59166705,60,-26,-140,1
03/17/2015 18:03:00,76,-15.59849557,62,-26,-140,1
03/17/2015 18:04:00,76,-15.60532409,63,-25,-139,1
03/17/2015 18:05:00,76,-15.61215261,62,-23,-140,1
03/17/2015 18:06:00,76,-15.61898112,65,-22,-140,1
03/17/2015 18:07:00,76,-15.62580964,66,-21,-140,1
03/17/2015 18:08:00,76,-15.64765238,63,-20,-141,1
03/17/2015 18:09:00,76,-15.66949512,61,-19,-141,1
03/17/2015 18:10:00,76,-15.69133786,62,-18,-141,1
03/17/2015 18:11:00,76,-15.7131806,64,-17,-142,1
03/17/2015 18:12:00,76,-15.73502334,64,-17,-144,1
03/17/2015 18:13:00,76,-15.7194418,63,-16,-145,1
03/17/2015 18:14:00,76,-15.70386025,62,-16,-144,1
03/17/2015 18:15:00,76,-15.68827871,62,-14,-144,1
03/17/2015 18:16:00,76,-15.67269717,63,-13,-144,1
03/17/2015 18:17:00,76,-15.65711563,63,-12,-145,1
03/17/2015 18:18:00,76,-15.68314362,64,-12,-146,1
03/17/2015 18:19:00,76,-15.7091716,64,-11,-147,1
03/17/2015 18:20:00,76,-15.73519959,65,-10,-146,1
03/17/2015 18:21:00,76,-15.76122758,66,-8,-146,1
03/17/2015 18:22:00,76,-15.78725557,67,-8,-145,1
03/17/2015 18:23:00,76,-15.79786435,68,-7,-146,1
03/17/2015 18:24:00,76,-15.80847312,69,-6,-146,1
03/17/2015 18:25:00,76,-15.8190819,68,-6,-146,1
03/17/2015 18:26:00,76,-15.82969068,69,-5,-145,1
03/17/2015 18:27:00,76,-15.84029946,71,-5,-144,1
03/17/2015 18:28:00,76,-15.86041285,72,-6,-144,1
03/17/2015 18:29:00,76,-15.88052624,71,-5,-143,1
03/17/2015 18:30:00,76,-15.90063963,72,-6,-141,1
03/17/2015 18:31:00,76,-15.92075302,76,-5,-140,1
03/17/2015 18:32:00,76,-15.94086641,79,-5,-140,1
03/17/2015 18:33:00,76,-15.94122261,82,-5,-139,1
03/17/2015 18:34:00,76,-15.9415788,83,-5,-139,1
03/17/2015 18:35:00,76,-15.941935,86,-5,-139,1
03/17/2015 18:36:00,76,-15.9422912,88,-5,-137,1
03/17/2015 18:37:00,76,-15.9426474,91,-5,-136,1
03/17/2015 18:38:00,76,-15.94252457,94,-6,-137,1
03/17/2015 18:39:00,76,-15.94240173,100,-5,-136,1
03/17/2015 18:40:00,76,-15.94227889,104,-4,-137,1
03/17/2015 18:41:00,76,-15.94215606,108,-3,-138,1
03/17/2015 18:42:00,76,-15.94203322,112,-2,-139,1
03/17/2015 18:43:00,76,-15.9533985,115,-2,-141,1
03/17/2015 18:44:00,76,-15.96476379,119,-1,-140,1
03/17/2015 18:45:00,76,-15.97612907,122,-1,-139,1
03/17/2015 18:46:00,76,-15.98749435,126,-1,-140,1
03/17/2015 18:47:00,76,-15.99885964,127,-2,-141,1
03/17/2015 18:48:00,76,-16.00771394,128,-2,-142,1
03/17/2015 18:49:00,76,-16.01656824,132,-2,-141,1
03/17/2015 18:50:00,76,-16.02542254,134,-1,-142,1
03/17/2015 18:51:00,76,-16.03427685,135,-1,-141,1
03/17/2015 18:52:00,76,-16.04313115,135,-1,-142,1
03/17/2015 18:53:00,76,-16.03411501,135,-1,-143,1
03/17/2015 18:54:00,76,-16.02509887,133,-1,-147,1
03/17/2015 18:55:00,76,-16.01608272,132,0,-149,1
03/17/2015 18:56:00,76,-16.00706658,133,0,-149,1
03/17/2015 18:57:00,76,-15.99805044,131,0,-150,1
03/17/2015 18:58:00,76,-15.99121136,132,0,-149,1
03/17/2015 18:59:00,76,-15.98437228,133,-1,-146,1
03/17/2015 19:00:00,76,-15.9775332,134,-2,-143,1
03/17/2015 19:01:00,76,-15.97069412,133,-2,-143,1
03/17/2015 19:02:00,76,-15.96385504,131,-2,-144,1
03/17/2015 19:03:00,76,-15.96769695,126,-3,-144,1
03/17/2015 19:04:00,76,-15.97153886,124,-2,-145,1
03/17/2015 19:05:00,76,-15.97538077,125,-1,-146,1
03/17/2015 19:06:00,76,-15.97922268,127,-1,-147,1
03/17/2015 19:07:00,76,-15.98306459,128,-1,-145,1
03/17/2015 19:08:00,76,-15.99196604,133,-1,-144,1
03/17/2015 19:09:00,76,-16.00086749,136,-1,-145,1
03/17/2015 19:10:00,76,-16.00976894,137,-2,-146,1
03/17/2015 19:11:00,76,-16.01867038,139,-2,-147,1
03/17/2015 19:12:00,76,-16.02757183,142,-2,-150,1
03/17/2015 19:13:00,76,-16.04111849,146,-3,-152,1
03/17/2015 19:14:00,76,-16.05466515,147,-3,-156,1
03/17/2015 19:15:00,76,-16.06821181,147,-3,-159,1
03/17/2015 19:16:00,76,-16.08175847,148,-4,-160,1
03/17/2015 19:17:00,76,-16.09530513,150,-5,-159,1
03/17/2015 19:18:00,76,-16.11539917,149,-6,-160,1
03/17/2015 19:19:00,76,-16.13549321,145,-7,-161,1
03/17/2015 19:20:00,76,-16.15558725,141,-7,-162,1
03/17/2015 19:21:00,76,-16.17568129,137,-8,-164,1
03/17/2015 19:22:00,76,-16.19577533,133,-8,-165,1
03/17/2015 19:23:00,76,-16.23150749,127,-8,-166,1
03/17/2015 19:24:00,76,-16.26723964,125,-9,-166,1
03/17/2015 19:25:00,76,-16.3029718,121,-9,-166,1
03/17/2015 19:26:00,76,-16.33870395,120,-9,-164,1
03/17/2015 19:27:00,76,-16.37443611,113,-8,-163,1
03/17/2015 19:28:00,76,-16.40144222,109,-7,-165,1
03/17/2015 19:29:00,76,-16.42844833,103,-7,-170,1
03/17/2015 19:30:00,76,-16.45545443,105,-7,-171,1
03/17/2015 19:31:00,76,-16.48246054,105,-7,-171,1
03/17/2015 19:32:00,76,-16.50946665,105,-7,-169,1
03/17/2015 19:33:00,76,-16.52598279,112,-6,-167,1
03/17/2015 19:34:00,76,-16.54249893,111,-7,-167,1
03/17/2015 19:35:00,76,-16.55901507,115,-7,-166,1
03/17/2015 19:36:00,76,-16.57553121,117,-7,-167,1
03/17/2015 19:37:00,76,-16.59204735,109,-7,-172,1
03/17/2015 19:38:00,76,-16.6057343,111,-7,-173,1
03/17/2015 19:39:00,76,-16.61942125,110,-7,-172,1
03/17/2015 19:40:00,76,-16.6331082,111,-7,-172,1
03/17/2015 19:41:00,76,-16.64679515,111,-7,-171,1
03/17/2015 19:42:00,76,-16.66048209,109,-8,-169,1
03/17/2015 19:43:00,76,-16.66156495,109,-8,-168,1
03/17/2015 19:44:00,76,-16.66264781,108,-9,-167,1
03/17/2015 19:45:00,76,-16.66373066,103,-9,-167,1
03/17/2015 19:46:00,76,-16.66481352,101,-8,-169,1
03/17/2015 19:47:00,76,-16.66589638,98,-7,-173,1
03/17/2015 19:48:00,76,-16.66782669,92,-7,-173,1
03/17/2015 19:49:00,76,-16.66975699,89,-8,-169,1
03/17/2015 19:50:00,76,-16.6716873,107,-9,-163,1
03/17/2015 19:51:00,76,-16.6736176,107,-8,-165,1
03/17/2015 19:52:00,76,-16.67554791,94,-8,-167,1
03/17/2015 19:53:00,76,-16.67686664,92,-8,-167,1
03/17/2015 19:54:00,76,-16.67818537,90,-9,-165,1
03/17/2015 19:55:00,76,-16.6795041,92,-9,-165,1
03/17/2015 19:56:00,76,-16.68082283,93,-9,-165,1
03/17/2015 19:57:00,76,-16.68214156,95,-9,-164,1
03/17/2015 19:58:00,76,-16.67180328,98,-10,-161,1
03/17/2015 19:59:00,76,-16.661465,101,-9,-161,1
03/17/2015 20:00:00,76,-16.65112672,101,-10,-161,1
03/17/2015 20:01:00,76,-16.64078844,101,-10,-160,1
03/17/2015 20:02:00,76,-16.63045016,100,-11,-160,1
03/17/2015 20:03:00,76,-16.62502976,103,-11,-160,1
03/17/2015 20:04:00,76,-16.61960936,104,-11,-158,1
03/17/2015 20:05:00,76,-16.61418896,107,-11,-158,1
03/17/2015 20:06:00,76,-16.60876855,108,-11,-157,1
03/17/2015 20:07:00,76,-16.60334815,111,-11,-157,1
03/17/2015 20:08:00,76,-16.58722145,113,-10,-156,1
03/17/2015 20:09:00,76,-16.57109475,116,-9,-154,1
03/17/2015 20:10:00,76,-16.55496805,117,-9,-153,1
03/17/2015 20:11:00,76,-16.53884134,116,-9,-154,1
03/17/2015 20:12:00,76,-16.52271464,118,-9,-155,1
03/17/2015 20:13:00,76,-16.47665864,118,-8,-158,1
03/17/2015 20:14:00,76,-16.43060264,119,-8,-160,1
03/17/2015 20:15:00,76,-16.38454664,121,-9,-162,1
03/17/2015 20:16:00,76,-16.33849064,118,-9,-162,1
03/17/2015 20:17:00,76,-16.29243464,114,-9,-164,1
03/17/2015 20:18:00,76,-16.25520284,112,-9,-164,1
03/17/2015 20:19:00,76,-16.21797104,110,-10,-163,1
03/17/2015 20:20:00,76,-16.18073923,106,-10,-163,1
03/17/2015 20:21:00,76,-16.14350743,105,-10,-164,1
03/17/2015 20:22:00,76,-16.10627563,104,-10,-165,1
03/17/2015 20:23:00,76,-16.06723696,106,-11,-165,1
03/17/2015 20:24:00,76,-16.0281983,108,-11,-164,1
03/17/2015 20:25:00,76,-15.98915963,107,-12,-164,1
03/17/2015 20:26:00,76,-15.95012096,107,-13,-165,1
03/17/2015 20:27:00,76,-15.91108229,110,-13,-167,1
03/17/2015 20:28:00,76,-15.91371666,113,-12,-168,1
03/17/2015 20:29:00,76,-15.91635104,114,-12,-169,1
03/17/2015 20:30:00,76,-15.91898541,116,-11,-170,1
03/17/2015 20:31:00,76,-15.92161978,117,-10,-170,1
03/17/2015 20:32:00,76,-15.92425415,119,-10,-169,1
03/17/2015 20:33:00,76,-15.91479947,120,-10,-170,1
03/17/2015 20:34:00,76,-15.9053448,120,-11,-168,1
03/17/2015 20:35:00,76,-15.89589012,118,-12,-168,1
03/17/2015 20:36:00,76,-15.88643544,118,-13,-167,1
03/17/2015 20:37:00,76,-15.87698077,117,-13,-167,1
03/17/2015 20:38:00,76,-15.88974779,114,-13,-167,1
03/17/2015 20:39:00,76,-15.9025148,115,-13,-168,1
03/17/2015 20:40:00,76,-15.91528182,116,-13,-170,1
03/17/2015 20:41:00,76,-15.92804884,117,-13,-172,1
03/17/2015 20:42:00,76,-15.94081586,117,-13,-173,1
03/17/2015 20:43:00,76,-15.93550003,117,-13,-173,1
03/17/2015 20:44:00,76,-15.9301842,116,-12,-172,1
03/17/2015 20:45:00,76,-15.92486838,116,-13,-171,1
03/17/2015 20:46:00,76,-15.91955255,113,-13,-169,1
03/17/2015 20:47:00,76,-15.91423672,110,-14,-166,1
03/17/2015 20:48:00,76,-15.90379878,115,-14,-163,1
03/17/2015 20:49:00,76,-15.89336085,118,-15,-162,1
03/17/2015 20:50:00,76,-15.88292291,120,-15,-162,1
03/17/2015 20:51:00,76,-15.87248497,119,-15,-162,1
03/17/2015 20:52:00,76,-15.86204704,120,-16,-164,1
03/17/2015 20:53:00,76,-15.81113032,115,-17,-165,1
03/17/2015 20:54:00,76,-15.76021361,111,-18,-164,1
03/17/2015 20:55:00,76,-15.70929689,104,-19,-165,1
03/17/2015 20:56:00,76,-15.65838018,97,-21,-166,1
03/17/2015 20:57:00,76,-15.60746346,91,-22,-165,1
03/17/2015 20:58:00,76,-15.51342669,88,-22,-167,1
03/17/2015 20:59:00,76,-15.41938992,90,-22,-169,1
03/17/2015 21:00:00,76,-15.32535315,94,-21,-171,1
03/17/2015 21:01:00,76,-15.23131638,96,-20,-171,1
03/17/2015 21:02:00,76,-15.13727961,101,-18,-172,1
03/17/2015 21:03:00,76,-15.08709758,100,-18,-171,1
03/17/2015 21:04:00,76,-15.03691555,99,-17,-169,1
03/17/2015 21:05:00,76,-14.98673352,94,-17,-166,1
03/17/2015 21:06:00,76,-14.9365515,90,-17,-164,1
03/17/2015 21:07:00,76,-14.88636947,93,-16,-164,1
03/17/2015 21:08:00,76,-14.83227322,98,-16,-165,1
03/17/2015 21:09:00,76,-14.77817697,101,-16,-165,1
03/17/2015 21:10:00,76,-14.72408072,105,-16,-166,1
03/17/2015 21:11:00,76,-14.66998448,109,-16,-166,1
03/17/2015 21:12:00,76,-14.61588823,110,-16,-167,1
03/17/2015 21:13:00,76,-14.61608335,112,-16,-167,1
03/17/2015 21:14:00,76,-14.61627848,115,-15,-171,1
03/17/2015 21:15:00,76,-14.6164736,117,-14,-172,1
03/17/2015 21:16:00,76,-14.61666872,118,-14,-173,1
03/17/2015 21:17:00,76,-14.61686385,118,-14,-175,1
03/17/2015 21:18:00,76,-14.58761611,118,-14,-176,1
03/17/2015 21:19:00,76,-14.55836838,115,-14,-176,1
03/17/2015 21:20:00,76,-14.52912064,110,-14,-174,1
03/17/2015 21:21:00,76,-14.49987291,106,-16,-174,1
03/17/2015 21:22:00,76,-14.47062517,102,-18,-175,1
03/17/2015 21:23:00,76,-14.4538127,102,-19,-177,1
03/17/2015 21:24:00,76,-14.43700023,102,-20,-180,1
03/17/2015 21:25:00,76,-14.42018776,99,-21,-180,1
03/17/2015 21:26:00,76,-14.40337529,96,-22,-180,1
03/17/2015 21:27:00,76,-14.38656282,91,-23,-179,1
03/17/2015 21:28:00,76,-14.34419892,86,-23,-178,1
03/17/2015 21:29:00,76,-14.30183502,83,-24,-178,1
03/17/2015 21:30:00,76,-14.25947112,83,-24,-177,1
03/17/2015 21:31:00,76,-14.21710723,82,-25,-177,1
03/17/2015 21:32:00,76,-14.17474333,86,-26,-177,1
03/17/2015 21:33:00,76,-14.13993732,87,-26,-177,1
03/17/2015 21:34:00,76,-14.1051313,85,-26,-179,1
03/17/2015 21:35:00,76,-14.07032529,82,-27,-180,1
03/17/2015 21:36:00,76,-14.03551928,78,-26,-182,1
03/17/2015 21:37:00,76,-14.00071327,78,-25,-183,1
03/17/2015 21:38:00,76,-13.95960134,80,-24,-183,1
03/17/2015 21:39:00,76,-13.91848942,87,-23,-184,1
03/17/2015 21:40:00,76,-13.87737749,94,-23,-183,1
03/17/2015 21:41:00,76,-13.83626557,100,-24,-183,1
03/17/2015 21:42:00,76,-13.79515364,98,-25,-184,1
03/17/2015 21:43:00,76,-13.76911311,94,-26,-186,1
03/17/2015 21:44:00,76,-13.74307258,90,-27,-187,1
03/17/2015 21:45:00,76,-13.71703206,84,-26,-189,1
03/17/2015 21:46:00,76,-13.69099153,80,-26,-190,1
03/17/2015 21:47:00,76,-13.664951,77,-25,-191,1
03/17/2015 21:48:00,76,-13.61460631,79,-25,-193,1
03/17/2015 21:49:00,76,-13.56426162,80,-24,-194,1
03/17/2015 21:50:00,76,-13.51391693,79,-22,-194,1
03/17/2015 21:51:00,76,-13.46357225,77,-21,-194,1
03/17/2015 21:52:00,76,-13.41322756,78,-20,-193,1
03/17/2015 21:53:00,76,-13.36492089,81,-18,-194,1
03/17/2015 21:54:00,76,-13.31661423,82,-17,-194,1
03/17/2015 21:55:00,76,-13.26830756,85,-17,-192,1
03/17/2015 21:56:00,76,-13.2200009,85,-17,-192,1
03/17/2015 21:57:00,76,-13.17169423,85,-17,-192,1
03/17/2015 21:58:00,76,-13.14569562,84,-17,-193,1
03/17/2015 21:59:00,76,-13.119697,78,-17,-195,1
03/17/2015 22:00:00,76,-13.09369838,74,-16,-196,1
03/17/2015 22:01:00,76,-13.06769977,70,-16,-197,1
03/17/2015 22:02:00,76,-13.04170115,66,-14,-199,1
03/17/2015 22:03:00,76,-12.98830104,65,-13,-199,1
03/17/2015 22:04:00,76,-12.93490093,63,-12,-199,1
03/17/2015 22:05:00,76,-12.88150082,62,-11,-200,1
03/17/2015 22:06:00,76,-12.82810071,64,-10,-200,1
03/17/2015 22:07:00,76,-12.7747006,66,-10,-201,1
03/17/2015 22:08:00,76,-12.74734905,70,-10,-201,1
03/17/2015 22:09:00,76,-12.7199975,76,-11,-201,1
03/17/2015 22:10:00,76,-12.69264595,84,-13,-201,1
03/17/2015 22:11:00,76,-12.66529439,89,-13,-202,1
03/17/2015 22:12:00,76,-12.63794284,92,-14,-202,1
03/17/2015 22:13:00,76,-12.61508881,93,-15,-202,1
03/17/2015 22:14:00,76,-12.59223478,92,-16,-203,1
03/17/2015 22:15:00,76,-12.56938075,91,-18,-204,1
03/17/2015 22:16:00,76,-12.54652672,90,-18,-206,1
03/17/2015 22:17:00,76,-12.52367269,87,-19,-207,1
03/17/2015 22:18:00,76,-12.53949229,83,-19,-209,1
03/17/2015 22:19:00,76,-12.5553119,78,-20,-211,1
03/17/2015 22:20:00,76,-12.5711315,74,-20,-212,1
03/17/2015 22:21:00,76,-12.58695111,73,-19,-213,1
03/17/2015 22:22:00,76,-12.60277072,70,-18,-213,1
03/17/2015 22:23:00,76,-12.60160847,71,-18,-212,1
03/17/2015 22:24:00,76,-12.60044623,73,-17,-213,1
03/17/2015 22:25:00,76,-12.59928398,75,-17,-212,1
03/17/2015 22:26:00,76,-12.59812174,79,-16,-212,1
03/17/2015 22:27:00,76,-12.59695949,81,-16,-212,1
03/17/2015 22:28:00,76,-12.63615713,82,-17,-212,1
03/17/2015 22:29:00,76,-12.67535477,82,-17,-213,1
03/17/2015 22:30:00,76,-12.71455241,81,-17,-215,1
03/17/2015 22:31:00,76,-12.75375006,82,-17,-214,1
03/17/2015 22:32:00,76,-12.7929477,85,-18,-215,1
03/17/2015 22:33:00,76,-12.80401777,86,-17,-215,1
03/17/2015 22:34:00,76,-12.81508784,88,-18,-216,1
03/17/2015 22:35:00,76,-12.82615792,90,-18,-217,1
03/17/2015 22:36:00,76,-12.83722799,92,-19,-218,1
03/17/2015 22:37:00,76,-12.84829806,91,-19,-219,1
03/17/2015 22:38:00,76,-12.844275,93,-19,-221,1
03/17/2015 22:39:00,76,-12.84025194,92,-20,-222,1
03/17/2015 22:40:00,76,-12.83622889,94,-20,-224,1
03/17/2015 22:41:00,76,-12.83220583,94,-21,-225,1
03/17/2015 22:42:00,76,-12.82818277,91,-20,-224,1
03/17/2015 22:43:00,76,-12.81114955,91,-20,-227,1
03/17/2015 22:44:00,76,-12.79411634,90,-20,-231,1
03/17/2015 22:45:00,76,-12.77708312,85,-19,-233,1
03/17/2015 22:46:00,76,-12.76004991,85,-19,-233,1
03/17/2015 22:47:00,76,-12.74301669,86,-18,-234,1
03/17/2015 22:48:00,76,-12.72741744,88,-19,-233,1
03/17/2015 22:49:00,76,-12.71181818,89,-19,-231,1
03/17/2015 22:50:00,76,-12.69621892,92,-19,-231,1
03/17/2015 22:51:00,76,-12.68061966,96,-19,-231,1
03/17/2015 22:52:00,76,-12.6650204,98,-19,-230,1
03/17/2015 22:53:00,76,-12.6391278,99,-20,-230,1
03/17/2015 22:54:00,76,-12.6132352,102,-21,-229,1
03/17/2015 22:55:00,76,-12.5873426,104,-22,-229,1
03/17/2015 22:56:00,76,-12.56144999,106,-24,-228,1
03/17/2015 22:57:00,76,-12.53555739,105,-25,-229,1
03/17/2015 22:58:00,76,-12.47572788,105,-27,-229,1
03/17/2015 22:59:00,76,-12.41589836,102,-28,-230,1
03/17/2015 23:00:00,76,-12.35606885,97,-30,-231,1
03/17/2015 23:01:00,76,-12.29623933,91,-30,-230,1
03/17/2015 23:02:00,76,-12.23640982,87,-31,-230,1
03/17/2015 23:03:00,76,-12.19981047,88,-31,-230,1
03/17/2015 23:04:00,76,-12.16321112,92,-31,-231,1
03/17/2015 23:05:00,76,-12.12661177,89,-31,-232,1
03/17/2015 23:06:00,76,-12.09001242,90,-32,-231,1
03/17/2015 23:07:00,76,-12.05341308,90,-31,-228,1
03/17/2015 23:08:00,76,-11.96365471,98,-33,-219,1
03/17/2015 23:09:00,76,-11.87389635,87,-34,-219,1
03/17/2015 23:10:00,76,-11.78413799,89,-36,-215,1
03/17/2015 23:11:00,76,-11.69437963,87,-38,-214,1
03/17/2015 23:12:00,76,-11.60462127,93,-43,-211,1
03/17/2015 23:13:00,76,-11.55230152,89,-46,-211,1
03/17/2015 23:14:00,76,-11.49998177,97,-50,-213,1
03/17/2015 23:15:00,76,-11.44766203,101,-53,-215,1
03/17/2015 23:16:00,76,-11.39534228,109,-53,-219,1
03/17/2015 23:17:00,76,-11.34302253,117,-51,-223,1
03/17/2015 23:18:00,76,-11.41254349,138,-48,-224,1
03/17/2015 23:19:00,76,-11.48206444,144,-44,-222,1
03/17/2015 23:20:00,76,-11.5515854,149,-43,-219,1
03/17/2015 23:21:00,76,-11.62110636,154,-39,-218,1
03/17/2015 23:22:00,76,-11.69062731,145,-37,-215,1
03/17/2015 23:23:00,76,-11.76080641,148,-37,-212,1
03/17/2015 23:24:00,76,-11.83098551,151,-37,-209,1
03/17/2015 23:25:00,76,-11.9011646,153,-38,-207,1
03/17/2015 23:26:00,76,-11.9713437,153,-40,-203,1
03/17/2015 23:27:00,76,-12.0415228,148,-41,-199,1
03/17/2015 23:28:00,76,-12.10130468,149,-43,-198,1
03/17/2015 23:29:00,76,-12.16108656,147,-43,-198,1
03/17/2015 23:30:00,76,-12.22086844,147,-44,-199,1
03/17/2015 23:31:00,76,-12.28065032,148,-45,-199,1
03/17/2015 23:32:00,76,-12.3404322,146,-44,-199,1
03/17/2015 23:33:00,76,-12.30711565,145,-43,-198,1
03/17/2015 23:34:00,76,-12.2737991,145,-41,-198,1
03/17/2015 23:35:00,76,-12.24048254,151,-40,-199,1
03/17/2015 23:36:00,76,-12.20716599,156,-39,-200,1
03/17/2015 23:37:00,76,-12.17384943,158,-37,-199,1
03/17/2015 23:38:00,76,-12.17182495,162,-36,-199,1
03/17/2015 23:39:00,76,-12.16980047,160,-34,-198,1
03/17/2015 23:40:00,76,-12.16777599,163,-31,-198,1
03/17/2015 23:41:00,76,-12.16575151,164,-29,-199,1
03/17/2015 23:42:00,76,-12.16372702,165,-28,-198,1
03/17/2015 23:43:00,76,-12.16508353,165,-27,-197,1
03/17/2015 23:44:00,76,-12.16644004,163,-26,-197,1
03/17/2015 23:45:00,76,-12.16779655,162,-25,-198,1
03/17/2015 23:46:00,76,-12.16915306,157,-25,-198,1
03/17/2015 23:47:00,76,-12.17050957,151,-25,-197,1
03/17/2015 23:48:00,76,-12.1553704,148,-24,-197,1
03/17/2015 23:49:00,76,-12.14023124,148,-23,-197,1
03/17/2015 23:50:00,76,-12.12509207,148,-22,-198,1
03/17/2015 23:51:00,76,-12.1099529,144,-22,-197,1
03/17/2015 23:52:00,76,-12.09481374,136,-22,-198,1
03/17/2015 23:53:00,76,-12.09749617,130,-22,-198,1
03/17/2015 23:54:00,76,-12.10017859,127,-22,-199,1
03/17/2015 23:55:00,76,-12.10286102,124,-22,-200,1
03/17/2015 23:56:00,76,-12.10554345,119,-22,-199,1
03/17/2015 23:57:00,76,-12.10822587,115,-22,-200,1
03/17/2015 23:58:00,76,-11.65309019,111,-22,-200,1
03/17/2015 23:59:00,76,-11.1979545,110,-21,-200,1
03/18/2015 00:00:00,77,-10.74281881,174,-18,-185,1
03/18/2015 00:01:00,77,-10.28768312,172,-19,-185,1
03/18/2015 00:02:00,77,-9.832547437,167,-19,-185,1
03/18/2015 00:03:00,77,-9.87467014,163,-20,-184,1
03/18/2015 00:04:00,77,-9.916792843,160,-21,-185,1
03/18/2015 00:05:00,77,-9.958915545,157,-22,-185,1
03/18/2015 00:06:00,77,-10.00103825,155,-23,-186,1
03/18/2015 00:07:00,77,-10.04316095,153,-23,-186,1
03/18/2015 00:08:00,77,-10.03952139,151,-24,-187,1
03/18/2015 00:09:00,77,-10.03588182,149,-23,-186,1
03/18/2015 00:10:00,77,-10.03224226,146,-23,-184,1
03/18/2015 00:11:00,77,-10.0286027,145,-23,-183,1
03/18/2015 00:12:00,77,-10.02496314,144,-22,-179,1
03/18/2015 00:13:00,77,-10.06326657,149,-22,-174,1
03/18/2015 00:14:00,77,-10.10157001,146,-22,-172,1
03/18/2015 00:15:00,77,-10.13987345,141,-22,-170,1
03/18/2015 00:16:00,77,-10.17817688,137,-21,-169,1
03/18/2015 00:17:00,77,-10.21648032,134,-21,-170,1
03/18/2015 00:18:00,77,-10.18344938,131,-22,-170,1
03/18/2015 00:19:00,77,-10.15041844,130,-23,-170,1
03/18/2015 00:20:00,77,-10.1173875,130,-23,-171,1
03/18/2015 00:21:00,77,-10.08435655,129,-23,-171,1
03/18/2015 00:22:00,77,-10.05132561,132,-21,-170,1
03/18/2015 00:23:00,77,-10.03973587,135,-20,-173,1
03/18/2015 00:24:00,77,-10.02814612,136,-20,-172,1
03/18/2015 00:25:00,77,-10.01655637,139,-19,-170,1
03/18/2015 00:26:00,77,-10.00496662,141,-17,-169,1
03/18/2015 00:27:00,77,-9.993376872,140,-16,-168,1
03/18/2015 00:28:00,77,-9.974665398,140,-15,-168,1
03/18/2015 00:29:00,77,-9.955953924,139,-15,-169,1
03/18/2015 00:30:00,77,-9.93724245,138,-15,-169,1
03/18/2015 00:31:00,77,-9.918530976,139,-15,-170,1
03/18/2015 00:32:00,77,-9.899819501,140,-15,-170,1
03/18/2015 00:33:00,77,-9.880738768,144,-15,-171,1
03/18/2015 00:34:00,77,-9.861658034,145,-15,-171,1
03/18/2015 00:35:00,77,-9.8425773,145,-14,-170,1
03/18/2015 00:36:00,77,-9.823496567,146,-15,-171,1
03/18/2015 00:37:00,77,-9.804415833,144,-15,-172,1
03/18/2015 00:38:00,77,-9.770325745,144,-16,-173,1
03/18/2015 00:39:00,77,-9.736235657,145,-17,-174,1
03/18/2015 00:40:00,77,-9.70214557,148,-17,-175,1
03/18/2015 00:41:00,77,-9.668055482,146,-18,-174,1
03/18/2015 00:42:00,77,-9.633965394,147,-18,-174,1
03/18/2015 00:43:00,77,-9.58426606,149,-19,-174,1
03/18/2015 00:44:00,77,-9.534566726,147,-20,-175,1
03/18/2015 00:45:00,77,-9.484867391,145,-20,-177,1
03/18/2015 00:46:00,77,-9.435168057,141,-20,-178,1
03/18/2015 00:47:00,77,-9.385468723,141,-21,-178,1
03/18/2015 00:48:00,77,-9.331766766,139,-20,-177,1
03/18/2015 00:49:00,77,-9.27806481,137,-20,-176,1
03/18/2015 00:50:00,77,-9.224362853,134,-19,-176,1
03/18/2015 00:51:00,77,-9.170660897,132,-18,-175,1
03/18/2015 00:52:00,77,-9.11695894,129,-17,-174,1
03/18/2015 00:53:00,77,-9.092558234,127,-17,-173,1
03/18/2015 00:54:00,77,-9.068157527,126,-16,-173,1
03/18/2015 00:55:00,77,-9.043756821,124,-15,-173,1
03/18/2015 00:56:00,77,-9.019356114,122,-15,-173,1
03/18/2015 00:57:00,77,-8.994955408,120,-14,-173,1
03/18/2015 00:58:00,77,-8.987452399,120,-14,-173,1
03/18/2015 00:59:00,77,-8.97994939,118,-14,-173,1
03/18/2015 01:00:00,77,-8.972446381,118,-13,-173,1
03/18/2015 01:01:00,77,-8.964943372,118,-13,-172,1
03/18/2015 01:02:00,77,-8.957440363,117,-13,-171,1
03/18/2015 01:03:00,77,-8.958162391,116,-12,-171,1
03/18/2015 01:04:00,77,-8.95888442,113,-12,-170,1
03/18/2015 01:05:00,77,-8.959606449,112,-12,-169,1
03/18/2015 01:06:00,77,-8.960328477,112,-12,-169,1
03/18/2015 01:07:00,77,-8.961050506,110,-13,-169,1
03/18/2015 01:08:00,77,-8.966414465,109,-13,-169,1
03/18/2015 01:09:00,77,-8.971778425,108,-13,-169,1
03/18/2015 01:10:00,77,-8.977142385,108,-13,-169,1
03/18/2015 01:11:00,77,-8.982506345,109,-13,-169,1
03/18/2015 01:12:00,77,-8.987870304,108,-13,-169,1
03/18/2015 01:13:00,77,-8.980862246,108,-13,-169,1
03/18/2015 01:14:00,77,-8.973854188,108,-13,-170,1
03/18/2015 01:15:00,77,-8.96684613,107,-13,-169,1
03/18/2015 01:16:00,77,-8.959838072,108,-13,-169,1
03/18/2015 01:17:00,77,-8.952830014,108,-13,-168,1
03/18/2015 01:18:00,77,-8.949796968,107,-13,-168,1
03/18/2015 01:19:00,77,-8.946763921,108,-13,-167,1
03/18/2015 01:20:00,77,-8.943730875,107,-13,-166,1
03/18/2015 01:21:00,77,-8.940697829,106,-13,-166,1
03/18/2015 01:22:00,77,-8.937664783,106,-13,-166,1
03/18/2015 01:23:00,77,-8.93610663,104,-13,-165,1
03/18/2015 01:24:00,77,-8.934548477,105,-13,-165,1
03/18/2015 01:25:00,77,-8.932990323,104,-14,-164,1
03/18/2015 01:26:00,77,-8.93143217,104,-14,-164,1
03/18/2015 01:27:00,77,-8.929874017,103,-14,-164,1
03/18/2015 01:28:00,77,-8.925336846,102,-13,-164,1
03/18/2015 01:29:00,77,-8.920799674,101,-13,-164,1
03/18/2015 01:30:00,77,-8.916262503,102,-13,-164,1
03/18/2015 01:31:00,77,-8.911725331,102,-13,-164,1
03/18/2015 01:32:00,77,-8.90718816,100,-13,-163,1
03/18/2015 01:33:00,77,-8.89711237,100,-12,-163,1
03/18/2015 01:34:00,77,-8.887036579,98,-12,-162,1
03/18/2015 01:35:00,77,-8.876960789,97,-12,-162,1
03/18/2015 01:36:00,77,-8.866884999,97,-12,-162,1
03/18/2015 01:37:00,77,-8.856809208,96,-12,-162,1
03/18/2015 01:38:00,77,-8.818778603,96,-12,-162,1
03/18/2015 01:39:00,77,-8.780747998,94,-11,-162,1
03/18/2015 01:40:00,77,-8.742717392,93,-11,-162,1
03/18/2015 01:41:00,77,-8.704686787,93,-10,-161,1
03/18/2015 01:42:00,77,-8.666656182,91,-10,-161,1
03/18/2015 01:43:00,77,-8.623673762,90,-10,-161,1
03/18/2015 01:44:00,77,-8.580691343,90,-10,-161,1
03/18/2015 01:45:00,77,-8.537708923,90,-10,-160,1
03/18/2015 01:46:00,77,-8.494726504,90,-10,-160,1
03/18/2015 01:47:00,77,-8.451744084,89,-10,-160,1
03/18/2015 01:48:00,77,-8.396668928,89,-10,-160,1
03/18/2015 01:49:00,77,-8.341593771,91,-10,-160,1
03/18/2015 01:50:00,77,-8.286518614,91,-10,-160,1
03/18/2015 01:51:00,77,-8.231443457,91,-10,-160,1
03/18/2015 01:52:00,77,-8.176368301,92,-10,-159,1
03/18/2015 01:53:00,77,-8.121231215,92,-10,-159,1
03/18/2015 01:54:00,77,-8.06609413,92,-10,-159,1
03/18/2015 01:55:00,77,-8.010957044,93,-11,-160,1
03/18/2015 01:56:00,77,-7.955819958,93,-11,-159,1
03/18/2015 01:57:00,77,-7.900682873,92,-11,-160,1
03/18/2015 01:58:00,77,-7.850445643,93,-11,-160,1
03/18/2015 01:59:00,77,-7.800208413,93,-11,-159,1
03/18/2015 02:00:00,77,-7.749971183,95,-12,-159,1
03/18/2015 02:01:00,77,-7.699733953,95,-12,-158,1
03/18/2015 02:02:00,77,-7.649496723,94,-12,-157,1
03/18/2015 02:03:00,77,-7.610390361,92,-13,-157,1
03/18/2015 02:04:00,77,-7.571283999,90,-13,-157,1
03/18/2015 02:05:00,77,-7.532177637,87,-13,-157,1
03/18/2015 02:06:00,77,-7.493071275,86,-13,-157,1
03/18/2015 02:07:00,77,-7.453964912,86,-13,-157,1
03/18/2015 02:08:00,77,-7.414139988,88,-12,-157,1
03/18/2015 02:09:00,77,-7.374315063,90,-11,-156,1
03/18/2015 02:10:00,77,-7.334490138,94,-10,-155,1
03/18/2015 02:11:00,77,-7.294665214,96,-9,-154,1
03/18/2015 02:12:00,77,-7.254840289,98,-9,-153,1
03/18/2015 02:13:00,77,-7.232598661,99,-9,-152,1
03/18/2015 02:14:00,77,-7.210357033,100,-9,-151,1
03/18/2015 02:15:00,77,-7.188115404,99,-8,-151,1
03/18/2015 02:16:00,77,-7.165873776,100,-8,-150,1
03/18/2015 02:17:00,77,-7.143632148,100,-8,-150,1
03/18/2015 02:18:00,77,-7.109664734,101,-8,-150,1
03/18/2015 02:19:00,77,-7.075697319,101,-8,-149,1
03/18/2015 02:20:00,77,-7.041729905,98,-9,-148,1
03/18/2015 02:21:00,77,-7.007762491,94,-9,-148,1
03/18/2015 02:22:00,77,-6.973795077,92,-9,-148,1
03/18/2015 02:23:00,77,-6.953640402,94,-9,-148,1
03/18/2015 02:24:00,77,-6.933485726,95,-9,-148,1
03/18/2015 02:25:00,77,-6.913331051,97,-8,-147,1
03/18/2015 02:26:00,77,-6.893176375,98,-7,-147,1
03/18/2015 02:27:00,77,-6.8730217,99,-7,-147,1
03/18/2015 02:28:00,77,-6.857088949,101,-7,-146,1
03/18/2015 02:29:00,77,-6.841156199,103,-7,-145,1
03/18/2015 02:30:00,77,-6.825223449,105,-8,-145,1
03/18/2015 02:31:00,77,-6.809290698,106,-9,-144,1
03/18/2015 02:32:00,77,-6.793357948,106,-10,-143,1
03/18/2015 02:33:00,77,-6.775648711,105,-11,-143,1
03/18/2015 02:34:00,77,-6.757939475,106,-12,-143,1
03/18/2015 02:35:00,77,-6.740230238,106,-13,-143,1
03/18/2015 02:36:00,77,-6.722521002,105,-13,-143,1
03/18/2015 02:37:00,77,-6.704811765,107,-14,-143,1
03/18/2015 02:38:00,77,-6.696247392,107,-14,-144,1
03/18/2015 02:39:00,77,-6.687683019,107,-14,-144,1
03/18/2015 02:40:00,77,-6.679118646,105,-14,-144,1
03/18/2015 02:41:00,77,-6.670554273,106,-13,-145,1
03/18/2015 02:42:00,77,-6.6619899,105,-13,-144,1
03/18/2015 02:43:00,77,-6.634810114,106,-13,-144,1
03/18/2015 02:44:00,77,-6.607630328,105,-12,-144,1
03/18/2015 02:45:00,77,-6.580450541,105,-11,-144,1
03/18/2015 02:46:00,77,-6.553270755,104,-10,-144,1
03/18/2015 02:47:00,77,-6.526090969,103,-10,-144,1
03/18/2015 02:48:00,77,-6.4914613,103,-10,-144,1
03/18/2015 02:49:00,77,-6.456831632,102,-9,-143,1
03/18/2015 02:50:00,77,-6.422201963,99,-8,-144,1
03/18/2015 02:51:00,77,-6.387572295,98,-6,-144,1
03/18/2015 02:52:00,77,-6.352942626,99,-6,-144,1
03/18/2015 02:53:00,77,-6.335680712,99,-6,-144,1
03/18/2015 02:54:00,77,-6.318418798,100,-5,-144,1
03/18/2015 02:55:00,77,-6.301156883,99,-5,-144,1
03/18/2015 02:56:00,77,-6.283894969,98,-5,-144,1
03/18/2015 02:57:00,77,-6.266633055,97,-5,-144,1
03/18/2015 02:58:00,77,-6.233610304,97,-4,-143,1
03/18/2015 02:59:00,77,-6.200587553,97,-4,-143,1
03/18/2015 03:00:00,77,-6.167564802,97,-4,-142,1
03/18/2015 03:01:00,77,-6.134542051,97,-3,-142,1
03/18/2015 03:02:00,77,-6.1015193,97,-4,-141,1
03/18/2015 03:03:00,77,-6.075302948,96,-4,-141,1
03/18/2015 03:04:00,77,-6.049086596,96,-4,-141,1
03/18/2015 03:05:00,77,-6.022870245,93,-4,-140,1
03/18/2015 03:06:00,77,-5.996653893,94,-4,-140,1
03/18/2015 03:07:00,77,-5.970437541,92,-4,-139,1
03/18/2015 03:08:00,77,-5.949362137,92,-4,-137,1
03/18/2015 03:09:00,77,-5.928286733,93,-4,-136,1
03/18/2015 03:10:00,77,-5.907211328,91,-4,-136,1
03/18/2015 03:11:00,77,-5.886135924,92,-4,-135,1
03/18/2015 03:12:00,77,-5.86506052,91,-4,-134,1
03/18/2015 03:13:00,77,-5.84094153,91,-4,-134,1
03/18/2015 03:14:00,77,-5.816822541,91,-4,-134,1
03/18/2015 03:15:00,77,-5.792703552,91,-5,-135,1
03/18/2015 03:16:00,77,-5.768584563,91,-4,-135,1
03/18/2015 03:17:00,77,-5.744465573,91,-4,-135,1
03/18/2015 03:18:00,77,-5.716721284,91,-4,-135,1
03/18/2015 03:19:00,77,-5.688976995,90,-3,-135,1
03/18/2015 03:20:00,77,-5.661232705,88,-3,-136,1
03/18/2015 03:21:00,77,-5.633488416,86,-3,-135,1
03/18/2015 03:22:00,77,-5.605744127,86,-2,-134,1
03/18/2015 03:23:00,77,-5.568076854,87,-2,-133,1
03/18/2015 03:24:00,77,-5.530409581,86,-1,-133,1
03/18/2015 03:25:00,77,-5.492742308,84,-1,-132,1
03/18/2015 03:26:00,77,-5.455075035,84,-1,-131,1
03/18/2015 03:27:00,77,-5.417407762,84,-1,-131,1
03/18/2015 03:28:00,77,-5.389722966,84,-1,-130,1
03/18/2015 03:29:00,77,-5.362038169,83,-1,-129,1
03/18/2015 03:30:00,77,-5.334353373,82,-1,-130,1
03/18/2015 03:31:00,77,-5.306668576,84,-2,-130,1
03/18/2015 03:32:00,77,-5.27898378,83,-3,-130,1
03/18/2015 03:33:00,77,-5.25750113,83,-4,-130,1
03/18/2015 03:34:00,77,-5.236018481,85,-5,-130,1
03/18/2015 03:35:00,77,-5.214535831,86,-6,-130,1
03/18/2015 03:36:00,77,-5.193053182,87,-6,-130,1
03/18/2015 03:37:00,77,-5.171570532,86,-6,-130,1
03/18/2015 03:38:00,77,-5.15929981,84,-6,-130,1
03/18/2015 03:39:00,77,-5.147029088,83,-6,-130,1
03/18/2015 03:40:00,77,-5.134758366,83,-7,-130,1
03/18/2015 03:41:00,77,-5.122487644,83,-7,-130,1
03/18/2015 03:42:00,77,-5.110216922,83,-8,-129,1
03/18/2015 03:43:00,77,-5.076988055,83,-8,-129,1
03/18/2015 03:44:00,77,-5.043759189,82,-8,-129,1
03/18/2015 03:45:00,77,-5.010530323,81,-8,-129,1
03/18/2015 03:46:00,77,-4.977301456,80,-8,-128,1
03/18/2015 03:47:00,77,-4.94407259,80,-8,-128,1
03/18/2015 03:48:00,77,-4.913069612,79,-8,-128,1
03/18/2015 03:49:00,77,-4.882066633,79,-9,-128,1
03/18/2015 03:50:00,77,-4.851063655,79,-9,-128,1
03/18/2015 03:51:00,77,-4.820060677,79,-9,-128,1
03/18/2015 03:52:00,77,-4.789057699,78,-9,-128,1
03/18/2015 03:53:00,77,-4.766267781,79,-9,-128,1
03/18/2015 03:54:00,77,-4.743477864,79,-9,-128,1
03/18/2015 03:55:00,77,-4.720687946,79,-9,-129,1
03/18/2015 03:56:00,77,-4.697898028,78,-10,-129,1
03/18/2015 03:57:00,77,-4.675108111,77,-9,-129,1
03/18/2015 03:58:00,77,-4.663157953,76,-9,-129,1
03/18/2015 03:59:00,77,-4.651207794,75,-9,-128,1
03/18/2015 04:00:00,77,-4.639257636,75,-9,-128,1
03/18/2015 04:01:00,77,-4.627307477,76,-9,-127,1
03/18/2015 04:02:00,77,-4.615357319,76,-8,-127,1
03/18/2015 04:03:00,77,-4.588973121,77,-8,-128,1
03/18/2015 04:04:00,77,-4.562588924,77,-8,-128,1
03/18/2015 04:05:00,77,-4.536204726,76,-8,-128,1
03/18/2015 04:06:00,77,-4.509820528,76,-7,-128,1
03/18/2015 04:07:00,77,-4.483436331,76,-7,-128,1
03/18/2015 04:08:00,77,-4.454405484,75,-7,-127,1
03/18/2015 04:09:00,77,-4.425374637,74,-7,-127,1
03/18/2015 04:10:00,77,-4.39634379,73,-6,-127,1
03/18/2015 04:11:00,77,-4.367312942,73,-6,-126,1
03/18/2015 04:12:00,77,-4.338282095,72,-6,-127,1
03/18/2015 04:13:00,77,-4.29353661,72,-6,-127,1
03/18/2015 04:14:00,77,-4.248791125,72,-6,-128,1
03/18/2015 04:15:00,77,-4.204045639,73,-6,-128,1
03/18/2015 04:16:00,77,-4.159300154,73,-6,-128,1
03/18/2015 04:17:00,77,-4.114554669,72,-6,-129,1
03/18/2015 04:18:00,77,-4.066807263,71,-6,-128,1
03/18/2015 04:19:00,77,-4.019059857,72,-6,-128,1
03/18/2015 04:20:00,77,-3.971312451,72,-6,-128,1
03/18/2015 04:21:00,77,-3.923565045,72,-6,-128,1
03/18/2015 04:22:00,77,-3.87581764,71,-7,-127,1
03/18/2015 04:23:00,77,-3.837725686,71,-7,-126,1
03/18/2015 04:24:00,77,-3.799633733,71,-7,-126,1
03/18/2015 04:25:00,77,-3.761541779,71,-7,-126,1
03/18/2015 04:26:00,77,-3.723449826,71,-7,-126,1
03/18/2015 04:27:00,77,-3.685357872,70,-7,-127,1
03/18/2015 04:28:00,77,-3.664884861,71,-7,-127,1
03/18/2015 04:29:00,77,-3.644411851,71,-7,-126,1
03/18/2015 04:30:00,77,-3.62393884,71,-7,-126,1
03/18/2015 04:31:00,77,-3.603465829,70,-7,-126,1
03/18/2015 04:32:00,77,-3.582992819,70,-7,-126,1
03/18/2015 04:33:00,77,-3.561046106,70,-7,-125,1
03/18/2015 04:34:00,77,-3.539099394,70,-7,-125,1
03/18/2015 04:35:00,77,-3.517152681,71,-7,-125,1
03/18/2015 04:36:00,77,-3.495205969,70,-7,-124,1
03/18/2015 04:37:00,77,-3.473259256,69,-7,-125,1
03/18/2015 04:38:00,77,-3.468463566,69,-7,-124,1
03/18/2015 04:39:00,77,-3.463667875,68,-8,-124,1
03/18/2015 04:40:00,77,-3.458872184,69,-7,-124,1
03/18/2015 04:41:00,77,-3.454076494,69,-8,-124,1
03/18/2015 04:42:00,77,-3.449280803,69,-8,-124,1
03/18/2015 04:43:00,77,-3.438942838,68,-8,-123,1
03/18/2015 04:44:00,77,-3.428604874,68,-7,-122,1
03/18/2015 04:45:00,77,-3.418266909,66,-7,-122,1
03/18/2015 04:46:00,77,-3.407928944,67,-7,-121,1
03/18/2015 04:47:00,77,-3.39759098,66,-7,-121,1
03/18/2015 04:48:00,77,-3.405356443,65,-7,-120,1
03/18/2015 04:49:00,77,-3.413121907,65,-7,-120,1
03/18/2015 04:50:00,77,-3.420887371,66,-7,-120,1
03/18/2015 04:51:00,77,-3.428652834,68,-8,-120,1
03/18/2015 04:52:00,77,-3.436418298,66,-8,-119,1
03/18/2015 04:53:00,77,-3.437494693,63,-7,-119,1
03/18/2015 04:54:00,77,-3.438571089,65,-7,-119,1
03/18/2015 04:55:00,77,-3.439647485,66,-7,-118,1
03/18/2015 04:56:00,77,-3.44072388,65,-7,-118,1
03/18/2015 04:57:00,77,-3.441800276,63,-7,-117,1
03/18/2015 04:58:00,77,-3.435541718,63,-7,-117,1
03/18/2015 04:59:00,77,-3.429283161,63,-6,-115,1
03/18/2015 05:00:00,77,-3.423024603,62,-6,-114,1
03/18/2015 05:01:00,77,-3.416766045,62,-6,-113,1
03/18/2015 05:02:00,77,-3.410507487,62,-6,-113,1
03/18/2015 05:03:00,77,-3.406487047,62,-6,-112,1
03/18/2015 05:04:00,77,-3.402466607,61,-6,-111,1
03/18/2015 05:05:00,77,-3.398446167,60,-7,-111,1
03/18/2015 05:06:00,77,-3.394425727,62,-7,-112,1
03/18/2015 05:07:00,77,-3.390405287,65,-7,-112,1
03/18/2015 05:08:00,77,-3.392670964,68,-7,-112,1
03/18/2015 05:09:00,77,-3.394936642,67,-6,-112,1
03/18/2015 05:10:00,77,-3.397202319,66,-6,-113,1
03/18/2015 05:11:00,77,-3.399467996,66,-6,-113,1
03/18/2015 05:12:00,77,-3.401733674,66,-5,-113,1
03/18/2015 05:13:00,77,-3.389248828,66,-5,-113,1
03/18/2015 05:14:00,77,-3.376763982,67,-5,-112,1
03/18/2015 05:15:00,77,-3.364279137,68,-5,-112,1
03/18/2015 05:16:00,77,-3.351794291,71,-5,-111,1
03/18/2015 05:17:00,77,-3.339309445,74,-6,-111,1
03/18/2015 05:18:00,77,-3.321407828,75,-6,-110,1
03/18/2015 05:19:00,77,-3.303506212,75,-6,-111,1
03/18/2015 05:20:00,77,-3.285604595,76,-6,-111,1
03/18/2015 05:21:00,77,-3.267702978,76,-6,-111,1
03/18/2015 05:22:00,77,-3.249801361,76,-6,-110,1
03/18/2015 05:23:00,77,-3.234907414,74,-6,-110,1
03/18/2015 05:24:00,77,-3.220013467,73,-6,-109,1
03/18/2015 05:25:00,77,-3.20511952,71,-5,-108,1
03/18/2015 05:26:00,77,-3.190225572,69,-5,-106,1
03/18/2015 05:27:00,77,-3.175331625,69,-5,-103,1
03/18/2015 05:28:00,77,-3.161919351,70,-5,-101,1
03/18/2015 05:29:00,77,-3.148507076,74,-6,-100,1
03/18/2015 05:30:00,77,-3.135094802,75,-6,-100,1
03/18/2015 05:31:00,77,-3.121682527,75,-6,-100,1
03/18/2015 05:32:00,77,-3.108270252,75,-7,-102,1
03/18/2015 05:33:00,77,-3.087044192,77,-7,-102,1
03/18/2015 05:34:00,77,-3.065818132,78,-7,-102,1
03/18/2015 05:35:00,77,-3.044592071,78,-6,-102,1
03/18/2015 05:36:00,77,-3.023366011,76,-6,-102,1
03/18/2015 05:37:00,77,-3.00213995,76,-6,-102,1
03/18/2015 05:38:00,77,-2.978821024,77,-6,-103,1
03/18/2015 05:39:00,77,-2.955502097,80,-6,-103,1
03/18/2015 05:40:00,77,-2.93218317,82,-6,-103,1
03/18/2015 05:41:00,77,-2.908864243,80,-5,-104,1
03/18/2015 05:42:00,77,-2.885545316,82,-5,-104,1
03/18/2015 05:43:00,77,-2.871960157,83,-5,-104,1
03/18/2015 05:44:00,77,-2.858374997,87,-5,-105,1
03/18/2015 05:45:00,77,-2.844789838,82,-5,-106,1
03/18/2015 05:46:00,77,-2.831204679,82,-4,-106,1
03/18/2015 05:47:00,77,-2.817619519,83,-4,-107,1
03/18/2015 05:48:00,77,-2.804980479,84,-4,-107,1
03/18/2015 05:49:00,77,-2.792341439,85,-3,-107,1
03/18/2015 05:50:00,77,-2.779702398,85,-3,-108,1
03/18/2015 05:51:00,77,-2.767063358,85,-2,-109,1
03/18/2015 05:52:00,77,-2.754424317,85,-2,-109,1
03/18/2015 05:53:00,77,-2.755313336,86,-2,-110,1
03/18/2015 05:54:00,77,-2.756202354,86,-2,-111,1
03/18/2015 05:55:00,77,-2.757091372,85,-1,-112,1
03/18/2015 05:56:00,77,-2.757980391,86,-1,-112,1
03/18/2015 05:57:00,77,-2.758869409,86,-1,-112,1
03/18/2015 05:58:00,77,-2.768850795,86,0,-112,1
03/18/2015 05:59:00,77,-2.77883218,86,0,-113,1
03/18/2015 06:00:00,77,-2.788813566,87,0,-113,1
03/18/2015 06:01:00,77,-2.798794952,88,0,-112,1
03/18/2015 06:02:00,77,-2.808776338,88,0,-112,1
03/18/2015 06:03:00,77,-2.83215303,89,0,-112,1
03/18/2015 06:04:00,77,-2.855529722,90,0,-111,1
03/18/2015 06:05:00,77,-2.878906415,89,0,-111,1
03/18/2015 06:06:00,77,-2.902283107,89,0,-111,1
03/18/2015 06:07:00,77,-2.925659799,89,0,-111,1
03/18/2015 06:08:00,77,-2.944001208,89,0,-110,1
03/18/2015 06:09:00,77,-2.962342617,90,0,-110,1
03/18/2015 06:10:00,77,-2.980684025,90,0,-109,1
03/18/2015 06:11:00,77,-2.999025434,89,0,-109,1
03/18/2015 06:12:00,77,-3.017366843,88,0,-109,1
03/18/2015 06:13:00,77,-3.021439499,89,0,-109,1
03/18/2015 06:14:00,77,-3.025512155,89,-1,-108,1
03/18/2015 06:15:00,77,-3.02958481,89,-1,-108,1
03/18/2015 06:16:00,77,-3.033657466,90,-1,-108,1
03/18/2015 06:17:00,77,-3.037730122,89,-1,-107,1
03/18/2015 06:18:00,77,-3.046295823,90,-1,-107,1
03/18/2015 06:19:00,77,-3.054861525,90,-1,-106,1
03/18/2015 06:20:00,77,-3.063427226,90,-1,-106,1
03/18/2015 06:21:00,77,-3.071992927,91,-1,-106,1
03/18/2015 06:22:00,77,-3.080558628,91,-1,-105,1
03/18/2015 06:23:00,77,-3.093023383,92,-1,-105,1
03/18/2015 06:24:00,77,-3.105488137,93,-1,-104,1
03/18/2015 06:25:00,77,-3.117952892,93,-2,-104,1
03/18/2015 06:26:00,77,-3.130417646,93,-2,-104,1
03/18/2015 06:27:00,77,-3.142882401,93,-2,-104,1
03/18/2015 06:28:00,77,-3.134166656,94,-2,-104,1
03/18/2015 06:29:00,77,-3.125450912,94,-2,-104,1
03/18/2015 06:30:00,77,-3.116735167,95,-2,-105,1
03/18/2015 06:31:00,77,-3.108019423,96,-2,-104,1
03/18/2015 06:32:00,77,-3.099303678,95,-2,-104,1
03/18/2015 06:33:00,77,-3.088914764,94,-2,-105,1
03/18/2015 06:34:00,77,-3.07852585,93,-2,-105,1
03/18/2015 06:35:00,77,-3.068136935,92,-2,-105,1
03/18/2015 06:36:00,77,-3.057748021,92,-2,-105,1
03/18/2015 06:37:00,77,-3.047359107,92,-2,-104,1
03/18/2015 06:38:00,77,-3.030296382,91,-2,-104,1
03/18/2015 06:39:00,77,-3.013233658,91,-2,-104,1
03/18/2015 06:40:00,77,-2.996170934,90,-2,-103,1
03/18/2015 06:41:00,77,-2.97910821,91,-1,-103,1
03/18/2015 06:42:00,77,-2.962045486,90,-1,-102,1
03/18/2015 06:43:00,77,-2.942735731,89,-1,-102,1
03/18/2015 06:44:00,77,-2.923425976,90,-1,-101,1
03/18/2015 06:45:00,77,-2.904116221,90,-2,-101,1
03/18/2015 06:46:00,77,-2.884806466,92,-2,-100,1
03/18/2015 06:47:00,77,-2.865496711,94,-3,-100,1
03/18/2015 06:48:00,77,0,94,-3,-100,1
03/18/2015 06:49:00,77,0,92,-3,-100,1
03/18/2015 06:50:00,77,0,92,-3,-101,1
03/18/2015 06:51:00,77,0,91,-3,-100,1
03/18/2015 06:52:00,77,0,92,-3,-101,1
03/18/2015 06:53:00,77,0,92,-3,-100,1
03/18/2015 06:54:00,77,0,91,-2,-100,1
03/18/2015 06:55:00,77,0,91,-2,-99,1
03/18/2015 06:56:00,77,0,91,-3,-99,1
03/18/2015 06:57:00,77,0,91,-2,-98,1
03/18/2015 06:58:00,77,0,91,-2,-99,1
03/18/2015 06:59:00,77,0,91,-2,-98,1
03/18/2015 07:00:00,77,0,90,-2,-99,1
03/18/2015 07:01:00,77,0,90,-2,-98,1
03/18/2015 07:02:00,77,0,91,-2,-97,1
03/18/2015 07:03:00,77,0,93,-2,-96,1
03/18/2015 07:04:00,77,0,93,-3,-96,1
03/18/2015 07:05:00,77,0,94,-3,-95,1
03/18/2015 07:06:00,77,0,93,-2,-95,1
03/18/2015 07:07:00,77,0,93,-2,-94,1
03/18/2015 07:08:00,77,0,93,-2,-93,1
03/18/2015 07:09:00,77,0,96,-3,-93,1
03/18/2015 07:10:00,77,0,97,-3,-92,1
03/18/2015 07:11:00,77,0,100,-3,-93,1
03/18/2015 07:12:00,77,0,99,-3,-93,1
03/18/2015 07:13:00,77,0,98,-2,-93,1
03/18/2015 07:14:00,77,0,98,-2,-93,1
03/18/2015 07:15:00,77,0,99,-2,-94,1
03/18/2015 07:16:00,77,0,97,-2,-94,1
03/18/2015 07:17:00,77,0,98,-1,-95,1
03/18/2015 07:18:00,77,0,98,-1,-95,1
03/18/2015 07:19:00,77,0,97,-1,-95,1
03/18/2015 07:20:00,77,0,98,-1,-96,1
03/18/2015 07:21:00,77,0,96,0,-95,1
03/18/2015 07:22:00,77,0,96,0,-95,1
03/18/2015 07:23:00,77,0,96,0,-94,1
03/18/2015 07:24:00,77,0,98,0,-93,1
03/18/2015 07:25:00,77,0,98,0,-93,1
03/18/2015 07:26:00,77,0,98,-1,-92,1
03/18/2015 07:27:00,77,0,98,-1,-92,1
03/18/2015 07:28:00,77,0,99,-1,-91,1
03/18/2015 07:29:00,77,0,97,-1,-92,1
03/18/2015 07:30:00,77,0,97,-1,-92,1
03/18/2015 07:31:00,77,0,99,-1,-92,1
03/18/2015 07:32:00,77,0,98,-1,-92,1
03/18/2015 07:33:00,77,0,98,-1,-93,1
03/18/2015 07:34:00,77,0,98,-1,-93,1
03/18/2015 07:35:00,77,0,98,-1,-93,1
03/18/2015 07:36:00,77,0,97,0,-92,1
03/18/2015 07:37:00,77,0,96,0,-92,1
03/18/2015 07:38:00,77,0,95,0,-91,1
03/18/2015 07:39:00,77,0,95,0,-90,1
03/18/2015 07:40:00,77,0,96,0,-90,1
03/18/2015 07:41:00,77,0,97,-1,-89,1
03/18/2015 07:42:00,77,0,95,-1,-90,1
03/18/2015 07:43:00,77,0,96,-1,-89,1
03/18/2015 07:44:00,77,0,96,-2,-88,1
03/18/2015 07:45:00,77,0,95,-2,-88,1
03/18/2015 07:46:00,77,0,91,-2,-88,1
03/18/2015 07:47:00,77,0,91,-2,-88,1
03/18/2015 07:48:00,77,0,94,-2,-88,1
03/18/2015 07:49:00,77,0,92,-2,-90,1
03/18/2015 07:50:00,77,0,89,-1,-92,1
03/18/2015 07:51:00,77,0,88,0,-94,1
03/18/2015 07:52:00,77,0,88,0,-94,1
03/18/2015 07:53:00,77,0,87,1,-94,1
03/18/2015 07:54:00,77,0,85,1,-95,1
03/18/2015 07:55:00,77,0,86,1,-95,1
03/18/2015 07:56:00,77,0,86,1,-95,1
03/18/2015 07:57:00,77,0,86,1,-95,1
03/18/2015 07:58:00,77,0,86,1,-96,1
03/18/2015 07:59:00,77,0,86,1,-96,1
03/18/2015 08:00:00,77,0,86,2,-97,1
03/18/2015 08:01:00,77,0,87,2,-97,1
03/18/2015 08:02:00,77,0,86,2,-97,1
03/18/2015 08:03:00,77,0,86,2,-97,1
03/18/2015 08:04:00,77,0,86,2,-97,1
03/18/2015 08:05:00,77,0,87,2,-97,1
03/18/2015 08:06:00,77,0,86,2,-97,1
03/18/2015 08:07:00,77,0,87,2,-98,1
03/18/2015 08:08:00,77,0,87,2,-98,1
03/18/2015 08:09:00,77,0,86,2,-99,1
03/18/2015 08:10:00,77,0,85,3,-99,1
03/18/2015 08:11:00,77,0,86,3,-99,1
03/18/2015 08:12:00,77,0,86,2,-100,1
03/18/2015 08:13:00,77,0,86,3,-100,1
03/18/2015 08:14:00,77,0,83,3,-101,1
03/18/2015 08:15:00,77,0,83,3,-102,1
03/18/2015 08:16:00,77,0,81,3,-103,1
03/18/2015 08:17:00,77,0,82,3,-103,1
03/18/2015 08:18:00,77,0,81,3,-104,1
03/18/2015 08:19:00,77,0,81,2,-103,1
03/18/2015 08:20:00,77,0,83,2,-103,1
03/18/2015 08:21:00,77,0,82,2,-102,1
03/18/2015 08:22:00,77,0,79,2,-102,1
03/18/2015 08:23:00,77,0,77,2,-102,1
03/18/2015 08:24:00,77,0,75,1,-102,1
03/18/2015 08:25:00,77,0,73,1,-101,1
03/18/2015 08:26:00,77,0,69,1,-101,1
03/18/2015 08:27:00,77,0,70,1,-100,1
03/18/2015 08:28:00,77,0,71,0,-100,1
03/18/2015 08:29:00,77,0,71,0,-100,1
03/18/2015 08:30:00,77,0,71,0,-99,1
03/18/2015 08:31:00,77,0,73,-1,-99,1
03/18/2015 08:32:00,77,0,72,-1,-98,1
03/18/2015 08:33:00,77,0,70,0,-98,1
03/18/2015 08:34:00,77,0,70,0,-97,1
03/18/2015 08:35:00,77,0,70,0,-97,1
03/18/2015 08:36:00,77,0,67,0,-96,1
03/18/2015 08:37:00,77,0,66,0,-96,1
03/18/2015 08:38:00,77,0,66,0,-96,1
03/18/2015 08:39:00,77,0,65,1,-96,1
03/18/2015 08:40:00,77,0,65,1,-97,1
03/18/2015 08:41:00,77,0,64,1,-97,1
03/18/2015 08:42:00,77,0,64,1,-97,1
03/18/2015 08:43:00,77,0,62,1,-97,1
03/18/2015 08:44:00,77,0,63,2,-97,1
03/18/2015 08:45:00,77,0,64,2,-96,1
03/18/2015 08:46:00,77,0,65,2,-96,1
03/18/2015 08:47:00,77,0,66,2,-95,1
03/18/2015 08:48:00,77,0,66,2,-94,1
03/18/2015 08:49:00,77,0,67,3,-93,1
03/18/2015 08:50:00,77,0,68,2,-93,1
03/18/2015 08:51:00,77,0,68,2,-92,1
03/18/2015 08:52:00,77,0,67,2,-92,1
03/18/2015 08:53:00,77,0,68,2,-91,1
03/18/2015 08:54:00,77,0,69,2,-90,1
03/18/2015 08:55:00,77,0,69,2,-90,1
03/18/2015 08:56:00,77,0,69,2,-90,1
03/18/2015 08:57:00,77,0,67,1,-90,1
03/18/2015 08:58:00,77,0,68,2,-89,1
03/18/2015 08:59:00,77,0,68,2,-89,1
03/18/2015 09:00:00,77,0,68,1,-89,1
03/18/2015 09:01:00,77,0,68,2,-89,1
03/18/2015 09:02:00,77,0,69,2,-89,1
03/18/2015 09:03:00,77,0,69,2,-89,1
03/18/2015 09:04:00,77,0,69,2,-90,1
03/18/2015 09:05:00,77,0,68,2,-90,1
03/18/2015 09:06:00,77,0,67,2,-91,1
03/18/2015 09:07:00,77,0,68,2,-91,1
03/18/2015 09:08:00,77,0,67,2,-91,1
03/18/2015 09:09:00,77,0,67,2,-91,1
03/18/2015 09:10:00,77,0,68,2,-91,1
03/18/2015 09:11:00,77,0,68,2,-91,1
03/18/2015 09:12:00,77,0,69,2,-90,1
03/18/2015 09:13:00,77,0,70,2,-90,1
03/18/2015 09:14:00,77,0,70,2,-90,1
03/18/2015 09:15:00,77,0,71,2,-90,1
03/18/2015 09:16:00,77,0,71,2,-89,1
03/18/2015 09:17:00,77,0,71,2,-89,1
03/18/2015 09:18:00,77,0,72,2,-89,1
03/18/2015 09:19:00,77,0,73,2,-88,1
03/18/2015 09:20:00,77,0,72,2,-88,1
03/18/2015 09:21:00,77,0,72,2,-88,1
03/18/2015 09:22:00,77,0,73,2,-88,1
03/18/2015 09:23:00,77,0,74,3,-88,1
03/18/2015 09:24:00,77,0,73,3,-89,1
03/18/2015 09:25:00,77,0,73,4,-89,1
03/18/2015 09:26:00,77,0,73,4,-89,1
03/18/2015 09:27:00,77,0,73,5,-89,1
03/18/2015 09:28:00,77,0,73,5,-89,1
03/18/2015 09:29:00,77,0,72,6,-89,1
03/18/2015 09:30:00,77,0,73,6,-89,1
03/18/2015 09:31:00,77,0,74,6,-88,1
03/18/2015 09:32:00,77,0,75,6,-89,1
03/18/2015 09:33:00,77,0,77,7,-89,1
03/18/2015 09:34:00,77,0,76,7,-90,1
03/18/2015 09:35:00,77,0,75,8,-90,1
03/18/2015 09:36:00,77,0,78,8,-91,1
03/18/2015 09:37:00,77,0,78,8,-91,1
03/18/2015 09:38:00,77,0,78,8,-91,1
03/18/2015 09:39:00,77,0,79,9,-91,1
03/18/2015 09:40:00,77,0,81,9,-91,1
03/18/2015 09:41:00,77,0,82,8,-91,1
03/18/2015 09:42:00,77,0,84,8,-91,1
03/18/2015 09:43:00,77,0,85,8,-91,1
03/18/2015 09:44:00,77,0,86,8,-90,1
03/18/2015 09:45:00,77,0,86,8,-90,1
03/18/2015 09:46:00,77,0,87,8,-91,1
03/18/2015 09:47:00,77,0,89,8,-90,1
03/18/2015 09:48:00,77,0,89,8,-91,1
03/18/2015 09:49:00,77,0,90,7,-90,1
03/18/2015 09:50:00,77,0,92,8,-90,1
03/18/2015 09:51:00,77,0,92,8,-90,1
03/18/2015 09:52:00,77,0,93,8,-89,1
03/18/2015 09:53:00,77,0,95,7,-89,1
03/18/2015 09:54:00,77,0,96,7,-88,1
03/18/2015 09:55:00,77,0,97,7,-88,1
03/18/2015 09:56:00,77,0,96,7,-89,1
03/18/2015 09:57:00,77,0,96,7,-89,1
03/18/2015 09:58:00,77,0,97,7,-90,1
03/18/2015 09:59:00,77,0,97,8,-91,1
03/18/2015 10:00:00,77,0,96,8,-91,1
03/18/2015 10:01:00,77,0,96,9,-92,1
03/18/2015 10:02:00,77,0,96,9,-91,1
03/18/2015 10:03:00,77,0,96,9,-91,1
03/18/2015 10:04:00,77,0,97,9,-91,1
03/18/2015 10:05:00,77,0,97,9,-92,1
03/18/2015 10:06:00,77,0,96,9,-91,1
03/18/2015 10:07:00,77,0,96,9,-91,1
03/18/2015 10:08:00,77,0,96,9,-91,1
03/18/2015 10:09:00,77,0,96,8,-91,1
03/18/2015 10:10:00,77,0,96,8,-92,1
03/18/2015 10:11:00,77,0,96,8,-92,1
03/18/2015 10:12:00,77,0,96,8,-93,1
03/18/2015 10:13:00,77,0,95,7,-93,1
03/18/2015 10:14:00,77,0,96,7,-93,1
03/18/2015 10:15:00,77,0,96,7,-93,1
03/18/2015 10:16:00,77,0,96,8,-92,1
03/18/2015 10:17:00,77,0,96,7,-91,1
03/18/2015 10:18:00,77,0,96,7,-89,1
03/18/2015 10:19:00,77,0,96,7,-89,1
03/18/2015 10:20:00,77,0,97,6,-90,1
03/18/2015 10:21:00,77,0,97,6,-90,1
03/18/2015 10:22:00,77,0,97,6,-90,1
03/18/2015 10:23:00,77,0,96,5,-90,1
03/18/2015 10:24:00,77,0,96,5,-90,1
03/18/2015 10:25:00,77,0,96,5,-90,1
03/18/2015 10:26:00,77,0,96,6,-90,1
03/18/2015 10:27:00,77,0,96,6,-90,1
03/18/2015 10:28:00,77,0,95,6,-91,1
03/18/2015 10:29:00,77,0,96,6,-90,1
03/18/2015 10:30:00,77,0,95,6,-90,1
03/18/2015 10:31:00,77,0,94,6,-89,1
03/18/2015 10:32:00,77,0,93,6,-89,1
03/18/2015 10:33:00,77,0,91,6,-88,1
03/18/2015 10:34:00,77,0,91,5,-87,1
03/18/2015 10:35:00,77,0,89,5,-87,1
03/18/2015 10:36:00,77,0,88,5,-87,1
03/18/2015 10:37:00,77,0,86,4,-87,1
03/18/2015 10:38:00,77,0,84,4,-86,1
03/18/2015 10:39:00,77,0,82,4,-85,1
03/18/2015 10:40:00,77,0,81,4,-84,1
03/18/2015 10:41:00,77,0,79,4,-83,1
03/18/2015 10:42:00,77,0,81,4,-82,1
03/18/2015 10:43:00,77,0,80,4,-82,1
03/18/2015 10:44:00,77,0,79,4,-81,1
03/18/2015 10:45:00,77,0,79,4,-81,1
03/18/2015 10:46:00,77,0,78,5,-81,1
03/18/2015 10:47:00,77,0,77,4,-80,1
03/18/2015 10:48:00,77,0,78,4,-79,1
03/18/2015 10:49:00,77,0,78,5,-78,1
03/18/2015 10:50:00,77,0,79,4,-77,1
03/18/2015 10:51:00,77,0,78,4,-75,1
03/18/2015 10:52:00,77,0,78,3,-74,1
03/18/2015 10:53:00,77,0,77,3,-74,1
03/18/2015 10:54:00,77,0,75,3,-73,1
03/18/2015 10:55:00,77,0,74,3,-73,1
03/18/2015 10:56:00,77,0,76,4,-72,1
03/18/2015 10:57:00,77,0,75,4,-71,1
03/18/2015 10:58:00,77,0,74,5,-70,1
03/18/2015 10:59:00,77,0,75,4,-69,1
03/18/2015 11:00:00,77,0,73,5,-69,1
03/18/2015 11:01:00,77,0,72,5,-69,1
03/18/2015 11:02:00,77,0,73,5,-69,1
03/18/2015 11:03:00,77,0,76,5,-69,1
03/18/2015 11:04:00,77,0,76,5,-70,1
03/18/2015 11:05:00,77,0,74,5,-71,1
03/18/2015 11:06:00,77,0,78,5,-70,1
03/18/2015 11:07:00,77,0,77,6,-69,1
03/18/2015 11:08:00,77,0,77,6,-68,1
03/18/2015 11:09:00,77,0,79,7,-67,1
03/18/2015 11:10:00,77,0,79,6,-67,1
03/18/2015 11:11:00,77,0,78,6,-67,1
03/18/2015 11:12:00,77,0,79,6,-68,1
03/18/2015 11:13:00,77,0,77,7,-69,1
03/18/2015 11:14:00,77,0,75,7,-70,1
03/18/2015 11:15:00,77,0,73,6,-70,1
03/18/2015 11:16:00,77,0,72,6,-71,1
03/18/2015 11:17:00,77,0,72,6,-72,1
03/18/2015 11:18:00,77,0,73,6,-73,1
03/18/2015 11:19:00,77,0,72,5,-73,1
03/18/2015 11:20:00,77,0,72,5,-74,1
03/18/2015 11:21:00,77,0,72,5,-75,1
03/18/2015 11:22:00,77,0,72,5,-75,1
03/18/2015 11:23:00,77,0,71,5,-76,1
03/18/2015 11:24:00,77,0,73,4,-76,1
03/18/2015 11:25:00,77,0,74,4,-77,1
03/18/2015 11:26:00,77,0,74,3,-78,1
03/18/2015 11:27:00,77,0,75,3,-79,1
03/18/2015 11:28:00,77,0,76,3,-78,1
03/18/2015 11:29:00,77,0,76,3,-78,1
03/18/2015 11:30:00,77,0,77,3,-78,1
03/18/2015 11:31:00,77,0,77,3,-79,1
03/18/2015 11:32:00,77,0,79,2,-80,1
03/18/2015 11:33:00,77,0,81,2,-80,1
03/18/2015 11:34:00,77,0,81,2,-80,1
03/18/2015 11:35:00,77,0,81,2,-80,1
03/18/2015 11:36:00,77,0,81,1,-80,1
03/18/2015 11:37:00,77,0,83,1,-80,1
03/18/2015 11:38:00,77,0,83,1,-79,1
03/18/2015 11:39:00,77,0,82,1,-79,1
03/18/2015 11:40:00,77,0,82,1,-79,1
03/18/2015 11:41:00,77,0,82,2,-80,1
03/18/2015 11:42:00,77,0,82,2,-80,1
03/18/2015 11:43:00,77,0,81,3,-79,1
03/18/2015 11:44:00,77,0,82,2,-79,1
03/18/2015 11:45:00,77,0,82,2,-78,1
03/18/2015 11:46:00,77,0,82,2,-78,1
03/18/2015 11:47:00,77,0,80,2,-77,1
03/18/2015 11:48:00,77,0,78,2,-78,1
03/18/2015 11:49:00,77,0,76,2,-78,1
03/18/2015 11:50:00,77,0,76,2,-78,1
03/18/2015 11:51:00,77,0,76,2,-78,1
03/18/2015 11:52:00,77,0,76,2,-78,1
03/18/2015 11:53:00,77,0,75,2,-78,1
03/18/2015 11:54:00,77,0,75,2,-79,1
03/18/2015 11:55:00,77,0,75,2,-79,1
03/18/2015 11:56:00,77,0,76,2,-79,1
03/18/2015 11:57:00,77,0,76,1,-79,1
03/18/2015 11:58:00,77,0,76,2,-79,1
03/18/2015 11:59:00,77,0,76,2,-79,1
03/18/2015 12:00:00,77,0,76,2,-78,1
03/18/2015 12:01:00,77,0,76,2,-77,1
03/18/2015 12:02:00,77,0,77,2,-76,1
03/18/2015 12:03:00,77,0,76,2,-76,1
03/18/2015 12:04:00,77,0,75,1,-76,1
03/18/2015 12:05:00,77,0,76,1,-75,1
03/18/2015 12:06:00,77,0,76,1,-74,1
03/18/2015 12:07:00,77,0,75,1,-74,1
03/18/2015 12:08:00,77,0,75,2,-73,1
03/18/2015 12:09:00,77,0,75,2,-73,1
03/18/2015 12:10:00,77,0,76,3,-73,1
03/18/2015 12:11:00,77,0,76,3,-73,1
03/18/2015 12:12:00,77,0,77,3,-74,1
03/18/2015 12:13:00,77,0,78,4,-74,1
03/18/2015 12:14:00,77,0,79,4,-74,1
03/18/2015 12:15:00,77,0,77,3,-75,1
03/18/2015 12:16:00,77,0,78,3,-75,1
03/18/2015 12:17:00,77,0,78,3,-76,1
03/18/2015 12:18:00,77,0,78,2,-76,1
03/18/2015 12:19:00,77,0,78,2,-75,1
03/18/2015 12:20:00,77,0,78,2,-76,1
03/18/2015 12:21:00,77,0,79,2,-75,1
03/18/2015 12:22:00,77,0,80,1,-75,1
03/18/2015 12:23:00,77,0,78,1,-75,1
03/18/2015 12:24:00,77,0,79,1,-75,1
03/18/2015 12:25:00,77,0,80,1,-75,1
03/18/2015 12:26:00,77,0,79,1,-75,1
03/18/2015 12:27:00,77,0,79,1,-76,1
03/18/2015 12:28:00,77,0,79,1,-75,1
03/18/2015 12:29:00,77,0,80,1,-75,1
03/18/2015 12:30:00,77,0,80,1,-75,1
03/18/2015 12:31:00,77,0,80,1,-75,1
03/18/2015 12:32:00,77,0,81,1,-75,1
03/18/2015 12:33:00,77,0,81,1,-75,1
03/18/2015 12:34:00,77,0,81,1,-75,1
03/18/2015 12:35:00,77,0,82,1,-76,1
03/18/2015 12:36:00,77,0,82,1,-75,1
03/18/2015 12:37:00,77,0,82,1,-76,1
03/18/2015 12:38:00,77,0,83,1,-76,1
03/18/2015 12:39:00,77,0,84,1,-76,1
03/18/2015 12:40:00,77,0,84,1,-75,1
03/18/2015 12:41:00,77,0,84,1,-75,1
03/18/2015 12:42:00,77,0,84,1,-76,1
03/18/2015 12:43:00,77,0,84,1,-76,1
03/18/2015 12:44:00,77,0,85,1,-75,1
03/18/2015 12:45:00,77,0,85,1,-75,1
03/18/2015 12:46:00,77,0,86,1,-75,1
03/18/2015 12:47:00,77,0,87,1,-75,1
03/18/2015 12:48:00,77,0,88,1,-74,1
03/18/2015 12:49:00,77,0,87,1,-74,1
03/18/2015 12:50:00,77,0,88,1,-74,1
03/18/2015 12:51:00,77,0,89,1,-73,1
03/18/2015 12:52:00,77,0,88,0,-74,1
03/18/2015 12:53:00,77,0,88,1,-72,1
03/18/2015 12:54:00,77,0,90,0,-72,1
03/18/2015 12:55:00,77,0,90,0,-71,1
03/18/2015 12:56:00,77,0,90,0,-70,1
03/18/2015 12:57:00,77,0,91,0,-70,1
03/18/2015 12:58:00,77,0,91,1,-69,1
03/18/2015 12:59:00,77,0,92,1,-69,1
03/18/2015 13:00:00,77,0,92,1,-69,1
03/18/2015 13:01:00,77,0,93,2,-69,1
03/18/2015 13:02:00,77,0,93,3,-70,1
03/18/2015 13:03:00,77,0,93,4,-71,1
03/18/2015 13:04:00,77,0,93,5,-72,1
03/18/2015 13:05:00,77,0,92,6,-72,1
03/18/2015 13:06:00,77,0,91,6,-73,1
03/18/2015 13:07:00,77,0,90,7,-73,1
03/18/2015 13:08:00,77,0,88,7,-73,1
03/18/2015 13:09:00,77,0,86,7,-72,1
03/18/2015 13:10:00,77,0,85,6,-71,1
03/18/2015 13:11:00,77,0,83,5,-70,1
03/18/2015 13:12:00,77,0,81,4,-71,1
03/18/2015 13:13:00,77,0,81,4,-71,1
03/18/2015 13:14:00,77,0,79,4,-71,1
03/18/2015 13:15:00,77,0,79,4,-70,1
03/18/2015 13:16:00,77,0,79,4,-70,1
03/18/2015 13:17:00,77,0,79,3,-71,1
03/18/2015 13:18:00,77,0,79,3,-71,1
03/18/2015 13:19:00,77,0,80,3,-72,1
03/18/2015 13:20:00,77,0,81,2,-72,1
03/18/2015 13:21:00,77,0,81,2,-72,1
03/18/2015 13:22:00,77,0,80,1,-72,1
03/18/2015 13:23:00,77,0,80,1,-72,1
03/18/2015 13:24:00,77,0,80,1,-72,1
03/18/2015 13:25:00,77,0,79,1,-71,1
03/18/2015 13:26:00,77,0,79,0,-70,1
03/18/2015 13:27:00,77,0,79,1,-70,1
03/18/2015 13:28:00,77,0,80,1,-70,1
03/18/2015 13:29:00,77,0,81,1,-70,1
03/18/2015 13:30:00,77,0,82,2,-70,1
03/18/2015 13:31:00,77,0,83,3,-69,1
03/18/2015 13:32:00,77,0,83,2,-69,1
03/18/2015 13:33:00,77,0,83,2,-69,1
03/18/2015 13:34:00,77,0,82,2,-68,1
03/18/2015 13:35:00,77,0,81,2,-69,1
03/18/2015 13:36:00,77,0,80,2,-69,1
03/18/2015 13:37:00,77,0,80,2,-70,1
03/18/2015 13:38:00,77,0,80,2,-70,1
03/18/2015 13:39:00,77,0,80,2,-70,1
03/18/2015 13:40:00,77,0,80,2,-70,1
03/18/2015 13:41:00,77,0,80,1,-70,1
03/18/2015 13:42:00,77,0,81,1,-69,1
03/18/2015 13:43:00,77,0,79,1,-69,1
03/18/2015 13:44:00,77,0,78,1,-69,1
03/18/2015 13:45:00,77,0,77,1,-70,1
03/18/2015 13:46:00,77,0,77,1,-70,1
03/18/2015 13:47:00,77,0,77,1,-70,1
03/18/2015 13:48:00,77,0,77,1,-70,1
03/18/2015 13:49:00,77,0,78,1,-70,1
03/18/2015 13:50:00,77,0,77,1,-69,1
03/18/2015 13:51:00,77,0,77,1,-69,1
03/18/2015 13:52:00,77,0,78,1,-69,1
03/18/2015 13:53:00,77,0,77,1,-69,1
03/18/2015 13:54:00,77,0,77,1,-69,1
03/18/2015 13:55:00,77,0,77,1,-69,1
03/18/2015 13:56:00,77,0,77,1,-69,1
03/18/2015 13:57:00,77,0,76,1,-69,1
03/18/2015 13:58:00,77,0,76,1,-69,1
03/18/2015 13:59:00,77,0,76,1,-69,1
03/18/2015 14:00:00,77,0,77,0,-68,1
03/18/2015 14:01:00,77,0,76,0,-68,1
03/18/2015 14:02:00,77,0,74,0,-69,1
03/18/2015 14:03:00,77,0,75,0,-68,1
03/18/2015 14:04:00,77,0,75,0,-68,1
03/18/2015 14:05:00,77,0,74,-1,-68,1
03/18/2015 14:06:00,77,0,74,-1,-68,1
03/18/2015 14:07:00,77,0,74,-1,-68,1
03/18/2015 14:08:00,77,0,75,0,-67,1
03/18/2015 14:09:00,77,0,77,1,-67,1
03/18/2015 14:10:00,77,0,77,2,-66,1
03/18/2015 14:11:00,77,0,77,2,-66,1
03/18/2015 14:12:00,77,0,77,3,-66,1
03/18/2015 14:13:00,77,0,77,3,-67,1
03/18/2015 14:14:00,77,0,78,4,-67,1
03/18/2015 14:15:00,77,0,78,5,-66,1
03/18/2015 14:16:00,77,0,78,6,-66,1
03/18/2015 14:17:00,77,0,79,7,-66,1
03/18/2015 14:18:00,77,0,80,7,-66,1
03/18/2015 14:19:00,77,0,80,8,-66,1
03/18/2015 14:20:00,77,0,79,9,-67,1
03/18/2015 14:21:00,77,0,80,9,-67,1
03/18/2015 14:22:00,77,0,79,9,-68,1
03/18/2015 14:23:00,77,0,79,10,-68,1
03/18/2015 14:24:00,77,0,79,10,-69,1
03/18/2015 14:25:00,77,0,78,10,-70,1
03/18/2015 14:26:00,77,0,76,9,-71,1
03/18/2015 14:27:00,77,0,76,9,-71,1
03/18/2015 14:28:00,77,0,75,9,-71,1
03/18/2015 14:29:00,77,0,78,8,-72,1
03/18/2015 14:30:00,77,0,75,7,-74,1
03/18/2015 14:31:00,77,0,71,6,-75,1
03/18/2015 14:32:00,77,0,69,5,-75,1
03/18/2015 14:33:00,77,0,69,5,-75,1
03/18/2015 14:34:00,77,0,66,4,-74,1
03/18/2015 14:35:00,77,0,65,4,-75,1
03/18/2015 14:36:00,77,0,64,5,-76,1
03/18/2015 14:37:00,77,0,60,5,-76,1
03/18/2015 14:38:00,77,0,57,5,-76,1
03/18/2015 14:39:00,77,0,56,6,-77,1
03/18/2015 14:40:00,77,0,61,6,-78,1
03/18/2015 14:41:00,77,0,65,6,-77,1
03/18/2015 14:42:00,77,0,70,7,-77,1
03/18/2015 14:43:00,77,0,74,7,-78,1
03/18/2015 14:44:00,77,0,77,7,-79,1
03/18/2015 14:45:00,77,0,80,7,-80,1
03/18/2015 14:46:00,77,0,81,7,-80,1
03/18/2015 14:47:00,77,0,83,7,-80,1
03/18/2015 14:48:00,77,0,85,7,-80,1
03/18/2015 14:49:00,77,0,86,7,-81,1
03/18/2015 14:50:00,77,0,88,6,-81,1
03/18/2015 14:51:00,77,0,90,5,-81,1
03/18/2015 14:52:00,77,0,95,4,-82,1
03/18/2015 14:53:00,77,0,100,2,-82,1
03/18/2015 14:54:00,77,0,105,2,-83,1
03/18/2015 14:55:00,77,0,109,1,-82,1
03/18/2015 14:56:00,77,0,114,0,-83,1
03/18/2015 14:57:00,77,0,119,-1,-83,1
03/18/2015 14:58:00,77,0,125,-1,-83,1
03/18/2015 14:59:00,77,0,129,-3,-83,1
03/18/2015 15:00:00,77,0,133,-4,-83,1
03/18/2015 15:01:00,77,0,134,-3,-81,1
03/18/2015 15:02:00,77,0,137,-5,-81,1
03/18/2015 15:03:00,77,0,138,-6,-80,1
03/18/2015 15:04:00,77,0,139,-6,-80,1
03/18/2015 15:05:00,77,0,138,-6,-78,1
03/18/2015 15:06:00,77,0,137,-6,-77,1
03/18/2015 15:07:00,77,0,135,-7,-75,1
03/18/2015 15:08:00,77,0,132,-7,-74,1
03/18/2015 15:09:00,77,0,129,-7,-73,1
03/18/2015 15:10:00,77,0,128,-7,-73,1
03/18/2015 15:11:00,77,0,132,-7,-72,1
03/18/2015 15:12:00,77,0,135,-7,-71,1
03/18/2015 15:13:00,77,0,136,-6,-69,1
03/18/2015 15:14:00,77,0,136,-6,-68,1
03/18/2015 15:15:00,77,0,136,-6,-67,1
03/18/2015 15:16:00,77,0,134,-5,-66,1
03/18/2015 15:17:00,77,0,132,-5,-66,1
03/18/2015 15:18:00,77,0,130,-4,-66,1
03/18/2015 15:19:00,77,0,126,-4,-65,1
03/18/2015 15:20:00,77,0,124,-5,-65,1
03/18/2015 15:21:00,77,0,120,-6,-65,1
03/18/2015 15:22:00,77,0,118,-6,-65,1
03/18/2015 15:23:00,77,0,115,-6,-65,1
03/18/2015 15:24:00,77,0,114,-6,-65,1
03/18/2015 15:25:00,77,0,112,-5,-65,1
03/18/2015 15:26:00,77,0,112,-5,-65,1
03/18/2015 15:27:00,77,0,111,-5,-65,1
03/18/2015 15:28:00,77,0,112,-5,-65,1
03/18/2015 15:29:00,77,0,113,-4,-64,1
03/18/2015 15:30:00,77,0,114,-4,-63,1
03/18/2015 15:31:00,77,0,114,-4,-63,1
03/18/2015 15:32:00,77,0,114,-3,-63,1
03/18/2015 15:33:00,77,0,114,-2,-63,1
03/18/2015 15:34:00,77,0,113,-3,-63,1
03/18/2015 15:35:00,77,0,113,-3,-63,1
03/18/2015 15:36:00,77,0,112,-3,-64,1
03/18/2015 15:37:00,77,0,111,-3,-64,1
03/18/2015 15:38:00,77,0,111,-3,-64,1
03/18/2015 15:39:00,77,0,111,-3,-63,1
03/18/2015 15:40:00,77,0,110,-3,-63,1
03/18/2015 15:41:00,77,0,109,-3,-63,1
03/18/2015 15:42:00,77,0,107,-3,-63,1
03/18/2015 15:43:00,77,0,105,-4,-64,1
03/18/2015 15:44:00,77,0,104,-5,-64,1
03/18/2015 15:45:00,77,0,103,-5,-64,1
03/18/2015 15:46:00,77,0,101,-5,-66,1
03/18/2015 15:47:00,77,0,99,-5,-66,1
03/18/2015 15:48:00,77,0,95,-5,-65,1
03/18/2015 15:49:00,77,0,91,-7,-65,1
03/18/2015 15:50:00,77,0,90,-7,-65,1
03/18/2015 15:51:00,77,0,89,-7,-65,1
03/18/2015 15:52:00,77,0,86,-8,-63,1
03/18/2015 15:53:00,77,0,84,-8,-63,1
03/18/2015 15:54:00,77,0,81,-7,-63,1
03/18/2015 15:55:00,77,0,79,-7,-63,1
03/18/2015 15:56:00,77,0,77,-8,-62,1
03/18/2015 15:57:00,77,0,77,-8,-62,1
03/18/2015 15:58:00,77,0,76,-8,-62,1
03/18/2015 15:59:00,77,0,76,-8,-62,1
03/18/2015 16:00:00,77,0,74,-8,-61,1
03/18/2015 16:01:00,77,0,71,-9,-61,1
03/18/2015 16:02:00,77,0,70,-8,-61,1
03/18/2015 16:03:00,77,0,70,-9,-61,1
03/18/2015 16:04:00,77,0,70,-9,-61,1
03/18/2015 16:05:00,77,0,69,-8,-60,1
03/18/2015 16:06:00,77,0,70,-9,-60,1
03/18/2015 16:07:00,77,0,71,-8,-60,1
03/18/2015 16:08:00,77,0,71,-8,-59,1
03/18/2015 16:09:00,77,0,72,-8,-59,1
03/18/2015 16:10:00,77,0,73,-8,-59,1
03/18/2015 16:11:00,77,0,76,-8,-59,1
03/18/2015 16:12:00,77,0,76,-8,-58,1
03/18/2015 16:13:00,77,0,76,-8,-58,1
03/18/2015 16:14:00,77,0,76,-7,-58,1
03/18/2015 16:15:00,77,0,77,-7,-58,1
03/18/2015 16:16:00,77,0,78,-6,-58,1
03/18/2015 16:17:00,77,0,78,-6,-58,1
03/18/2015 16:18:00,77,0,79,-6,-59,1
03/18/2015 16:19:00,77,0,78,-5,-59,1
03/18/2015 16:20:00,77,0,78,-6,-60,1
03/18/2015 16:21:00,77,0,78,-6,-58,1
03/18/2015 16:22:00,77,0,76,-6,-57,1
03/18/2015 16:23:00,77,0,75,-6,-57,1
03/18/2015 16:24:00,77,0,76,-6,-57,1
03/18/2015 16:25:00,77,0,78,-6,-56,1
03/18/2015 16:26:00,77,0,80,-6,-56,1
03/18/2015 16:27:00,77,0,81,-7,-56,1
03/18/2015 16:28:00,77,0,80,-7,-57,1
03/18/2015 16:29:00,77,0,79,-7,-58,1
03/18/2015 16:30:00,77,0,79,-7,-58,1
03/18/2015 16:31:00,77,0,79,-7,-58,1
03/18/2015 16:32:00,77,0,80,-7,-59,1
03/18/2015 16:33:00,77,0,80,-8,-58,1
03/18/2015 16:34:00,77,0,80,-8,-58,1
03/18/2015 16:35:00,77,0,79,-8,-58,1
03/18/2015 16:36:00,77,0,79,-8,-57,1
03/18/2015 16:37:00,77,0,80,-8,-56,1
03/18/2015 16:38:00,77,0,81,-8,-55,1
03/18/2015 16:39:00,77,0,81,-7,-53,1
03/18/2015 16:40:00,77,0,82,-7,-53,1
03/18/2015 16:41:00,77,0,83,-7,-53,1
03/18/2015 16:42:00,77,0,84,-6,-53,1
03/18/2015 16:43:00,77,0,84,-6,-52,1
03/18/2015 16:44:00,77,0,83,-5,-52,1
03/18/2015 16:45:00,77,0,83,-5,-52,1
03/18/2015 16:46:00,77,0,82,-5,-53,1
03/18/2015 16:47:00,77,0,81,-5,-54,1
03/18/2015 16:48:00,77,0,80,-6,-54,1
03/18/2015 16:49:00,77,0,78,-6,-54,1
03/18/2015 16:50:00,77,0,78,-5,-54,1
03/18/2015 16:51:00,77,0,76,-5,-54,1
03/18/2015 16:52:00,77,0,76,-5,-54,1
03/18/2015 16:53:00,77,0,75,-5,-54,1
03/18/2015 16:54:00,77,0,74,-5,-55,1
03/18/2015 16:55:00,77,0,74,-5,-55,1
03/18/2015 16:56:00,77,0,73,-4,-55,1
03/18/2015 16:57:00,77,0,71,-4,-55,1
03/18/2015 16:58:00,77,0,71,-4,-55,1
03/18/2015 16:59:00,77,0,71,-4,-55,1
03/18/2015 17:00:00,77,0,72,-4,-54,1
03/18/2015 17:01:00,77,0,72,-4,-54,1
03/18/2015 17:02:00,77,0,71,-4,-54,1
03/18/2015 17:03:00,77,0,71,-4,-54,1
03/18/2015 17:04:00,77,0,70,-3,-53,1
03/18/2015 17:05:00,77,0,71,-3,-53,1
03/18/2015 17:06:00,77,0,72,-3,-53,1
03/18/2015 17:07:00,77,0,72,-2,-52,1
03/18/2015 17:08:00,77,0,71,-2,-52,1
03/18/2015 17:09:00,77,0,71,-2,-53,1
03/18/2015 17:10:00,77,0,72,-2,-53,1
03/18/2015 17:11:00,77,0,72,-1,-52,1
03/18/2015 17:12:00,77,0,72,-1,-52,1
03/18/2015 17:13:00,77,0,72,-1,-52,1
03/18/2015 17:14:00,77,0,72,-1,-52,1
03/18/2015 17:15:00,77,0,72,-1,-53,1
03/18/2015 17:16:00,77,0,72,-1,-53,1
03/18/2015 17:17:00,77,0,71,-1,-54,1
03/18/2015 17:18:00,77,0,71,-1,-55,1
03/18/2015 17:19:00,77,0,71,-1,-54,1
03/18/2015 17:20:00,77,0,70,-1,-53,1
03/18/2015 17:21:00,77,0,71,-1,-52,1
03/18/2015 17:22:00,77,0,71,-1,-53,1
03/18/2015 17:23:00,77,0,72,-1,-54,1
03/18/2015 17:24:00,77,0,71,-1,-54,1
03/18/2015 17:25:00,77,0,70,-1,-54,1
03/18/2015 17:26:00,77,0,70,-1,-54,1
03/18/2015 17:27:00,77,0,70,-1,-54,1
03/18/2015 17:28:00,77,0,69,-1,-55,1
03/18/2015 17:29:00,77,0,69,-1,-54,1
03/18/2015 17:30:00,77,0,69,0,-54,1
03/18/2015 17:31:00,77,0,69,0,-53,1
03/18/2015 17:32:00,77,0,69,0,-53,1
03/18/2015 17:33:00,77,0,69,0,-53,1
03/18/2015 17:34:00,77,0,70,0,-53,1
03/18/2015 17:35:00,77,0,69,0,-52,1
03/18/2015 17:36:00,77,0,70,0,-51,1
03/18/2015 17:37:00,77,0,70,0,-52,1
03/18/2015 17:38:00,77,0,69,0,-51,1
03/18/2015 17:39:00,77,0,69,1,-51,1
03/18/2015 17:40:00,77,0,70,1,-51,1
03/18/2015 17:41:00,77,0,69,0,-51,1
03/18/2015 17:42:00,77,0,68,0,-52,1
03/18/2015 17:43:00,77,0,67,0,-53,1
03/18/2015 17:44:00,77,0,68,0,-53,1
03/18/2015 17:45:00,77,0,69,0,-52,1
03/18/2015 17:46:00,77,0,70,0,-54,1
03/18/2015 17:47:00,77,0,71,0,-56,1
03/18/2015 17:48:00,77,0,70,0,-55,1
03/18/2015 17:49:00,77,0,70,0,-54,1
03/18/2015 17:50:00,77,0,70,0,-52,1
03/18/2015 17:51:00,77,0,70,0,-51,1
03/18/2015 17:52:00,77,0,72,1,-50,1
03/18/2015 17:53:00,77,0,73,1,-50,1
03/18/2015 17:54:00,77,0,73,1,-49,1
03/18/2015 17:55:00,77,0,73,0,-49,1
03/18/2015 17:56:00,77,0,73,1,-49,1
03/18/2015 17:57:00,77,0,73,1,-48,1
03/18/2015 17:58:00,77,0,73,1,-48,1
03/18/2015 17:59:00,77,0,72,1,-49,1
03/18/2015 18:00:00,77,0,72,2,-50,1
03/18/2015 18:01:00,77,0,70,2,-51,1
03/18/2015 18:02:00,77,0,67,1,-53,1
03/18/2015 18:03:00,77,0,66,2,-55,1
03/18/2015 18:04:00,77,0,64,2,-57,1
03/18/2015 18:05:00,77,0,62,2,-58,1
03/18/2015 18:06:00,77,0,63,2,-59,1
03/18/2015 18:07:00,77,0,64,2,-60,1
03/18/2015 18:08:00,77,0,65,2,-60,1
03/18/2015 18:09:00,77,0,66,2,-61,1
03/18/2015 18:10:00,77,0,67,1,-61,1
03/18/2015 18:11:00,77,0,67,1,-61,1
03/18/2015 18:12:00,77,0,67,1,-62,1
03/18/2015 18:13:00,77,0,67,1,-62,1
03/18/2015 18:14:00,77,0,68,1,-62,1
03/18/2015 18:15:00,77,0,69,1,-62,1
03/18/2015 18:16:00,77,0,69,1,-62,1
03/18/2015 18:17:00,77,0,67,1,-62,1
03/18/2015 18:18:00,77,0,67,1,-62,1
03/18/2015 18:19:00,77,0,67,1,-62,1
03/18/2015 18:20:00,77,0,68,1,-62,1
03/18/2015 18:21:00,77,0,68,1,-61,1
03/18/2015 18:22:00,77,0,68,1,-62,1
03/18/2015 18:23:00,77,0,68,1,-62,1
03/18/2015 18:24:00,77,0,68,1,-61,1
03/18/2015 18:25:00,77,0,69,1,-61,1
03/18/2015 18:26:00,77,0,69,1,-62,1
03/18/2015 18:27:00,77,0,69,0,-61,1
03/18/2015 18:28:00,77,0,72,0,-60,1
03/18/2015 18:29:00,77,0,74,0,-59,1
03/18/2015 18:30:00,77,0,76,0,-59,1
03/18/2015 18:31:00,77,0,80,0,-59,1
03/18/2015 18:32:00,77,0,82,-1,-59,1
03/18/2015 18:33:00,77,0,84,-1,-59,1
03/18/2015 18:34:00,77,0,85,-1,-59,1
03/18/2015 18:35:00,77,0,87,-1,-59,1
03/18/2015 18:36:00,77,0,89,-1,-59,1
03/18/2015 18:37:00,77,0,90,-1,-59,1
03/18/2015 18:38:00,77,0,91,-2,-59,1
03/18/2015 18:39:00,77,0,92,-2,-59,1
03/18/2015 18:40:00,77,0,92,-1,-58,1
03/18/2015 18:41:00,77,0,92,-2,-58,1
03/18/2015 18:42:00,77,0,93,-2,-58,1
03/18/2015 18:43:00,77,0,94,-3,-57,1
03/18/2015 18:44:00,77,0,93,-2,-59,1
03/18/2015 18:45:00,77,0,95,-2,-59,1
03/18/2015 18:46:00,77,0,95,-2,-57,1
03/18/2015 18:47:00,77,0,97,-3,-57,1
03/18/2015 18:48:00,77,0,96,-3,-58,1
03/18/2015 18:49:00,77,0,95,-3,-59,1
03/18/2015 18:50:00,77,0,96,-3,-60,1
03/18/2015 18:51:00,77,0,96,-3,-60,1
03/18/2015 18:52:00,77,0,97,-3,-59,1
03/18/2015 18:53:00,77,0,99,-3,-58,1
03/18/2015 18:54:00,77,0,99,-4,-58,1
03/18/2015 18:55:00,77,0,99,-4,-58,1
03/18/2015 18:56:00,77,0,98,-4,-59,1
03/18/2015 18:57:00,77,0,99,-3,-59,1
03/18/2015 18:58:00,77,0,101,-4,-59,1
03/18/2015 18:59:00,77,0,103,-4,-59,1
03/18/2015 19:00:00,77,0,104,-4,-58,1
03/18/2015 19:01:00,77,0,105,-4,-58,1
03/18/2015 19:02:00,77,0,105,-4,-59,1
03/18/2015 19:03:00,77,0,105,-4,-59,1
03/18/2015 19:04:00,77,0,106,-4,-59,1
03/18/2015 19:05:00,77,0,106,-4,-60,1
03/18/2015 19:06:00,77,0,108,-5,-60,1
03/18/2015 19:07:00,77,0,107,-5,-61,1
03/18/2015 19:08:00,77,0,107,-5,-61,1
03/18/2015 19:09:00,77,0,108,-6,-61,1
03/18/2015 19:10:00,77,0,108,-6,-61,1
03/18/2015 19:11:00,77,0,109,-6,-61,1
03/18/2015 19:12:00,77,0,109,-6,-61,1
03/18/2015 19:13:00,77,0,109,-7,-61,1
03/18/2015 19:14:00,77,0,110,-7,-62,1
03/18/2015 19:15:00,77,0,113,-8,-63,1
03/18/2015 19:16:00,77,0,114,-9,-63,1
03/18/2015 19:17:00,77,0,115,-10,-64,1
03/18/2015 19:18:00,77,0,118,-10,-64,1
03/18/2015 19:19:00,77,0,119,-11,-64,1
03/18/2015 19:20:00,77,0,120,-11,-63,1
03/18/2015 19:21:00,77,0,121,-12,-63,1
03/18/2015 19:22:00,77,0,123,-13,-64,1
03/18/2015 19:23:00,77,0,124,-14,-64,1
03/18/2015 19:24:00,77,0,125,-14,-63,1
03/18/2015 19:25:00,77,0,127,-14,-63,1
03/18/2015 19:26:00,77,0,127,-15,-63,1
03/18/2015 19:27:00,77,0,128,-15,-64,1
03/18/2015 19:28:00,77,0,127,-16,-64,1
03/18/2015 19:29:00,77,0,127,-16,-66,1
03/18/2015 19:30:00,77,0,126,-16,-64,1
03/18/2015 19:31:00,77,0,125,-16,-64,1
03/18/2015 19:32:00,77,0,125,-17,-65,1
03/18/2015 19:33:00,77,0,125,-17,-65,1
03/18/2015 19:34:00,77,0,127,-17,-64,1
03/18/2015 19:35:00,77,0,127,-17,-64,1
03/18/2015 19:36:00,77,0,125,-17,-65,1
03/18/2015 19:37:00,77,0,125,-17,-66,1
03/18/2015 19:38:00,77,0,124,-17,-67,1
03/18/2015 19:39:00,77,0,121,-16,-68,1
03/18/2015 19:40:00,77,0,123,-16,-69,1
03/18/2015 19:41:00,77,0,122,-16,-68,1
03/18/2015 19:42:00,77,0,121,-15,-67,1
03/18/2015 19:43:00,77,0,120,-15,-67,1
03/18/2015 19:44:00,77,0,119,-15,-67,1
03/18/2015 19:45:00,77,0,118,-15,-67,1
03/18/2015 19:46:00,77,0,116,-15,-67,1
03/18/2015 19:47:00,77,0,115,-14,-67,1
03/18/2015 19:48:00,77,0,115,-13,-70,1
03/18/2015 19:49:00,77,0,118,-13,-74,1
03/18/2015 19:50:00,77,0,114,-12,-72,1
03/18/2015 19:51:00,77,0,112,-11,-68,1
03/18/2015 19:52:00,77,0,112,-11,-68,1
03/18/2015 19:53:00,77,0,111,-12,-69,1
03/18/2015 19:54:00,77,0,111,-12,-68,1
03/18/2015 19:55:00,77,0,109,-12,-68,1
03/18/2015 19:56:00,77,0,109,-11,-70,1
03/18/2015 19:57:00,77,0,111,-10,-70,1
03/18/2015 19:58:00,77,0,110,-10,-69,1
03/18/2015 19:59:00,77,0,110,-10,-69,1
03/18/2015 20:00:00,77,0,110,-10,-68,1
03/18/2015 20:01:00,77,0,111,-10,-68,1
03/18/2015 20:02:00,77,0,111,-10,-69,1
03/18/2015 20:03:00,77,0,111,-9,-68,1
03/18/2015 20:04:00,77,0,111,-9,-68,1
03/18/2015 20:05:00,77,0,109,-9,-68,1
03/18/2015 20:06:00,77,0,108,-8,-69,1
03/18/2015 20:07:00,77,0,107,-8,-69,1
03/18/2015 20:08:00,77,0,105,-8,-69,1
03/18/2015 20:09:00,77,0,105,-8,-68,1
03/18/2015 20:10:00,77,0,105,-8,-69,1
03/18/2015 20:11:00,77,0,107,-9,-69,1
03/18/2015 20:12:00,77,0,108,-9,-69,1
03/18/2015 20:13:00,77,0,110,-8,-69,1
03/18/2015 20:14:00,77,0,109,-9,-68,1
03/18/2015 20:15:00,77,0,110,-8,-67,1
03/18/2015 20:16:00,77,0,109,-8,-67,1
03/18/2015 20:17:00,77,0,107,-8,-66,1
03/18/2015 20:18:00,77,0,106,-9,-65,1
03/18/2015 20:19:00,77,0,105,-9,-65,1
03/18/2015 20:20:00,77,0,104,-9,-65,1
03/18/2015 20:21:00,77,0,103,-9,-66,1
03/18/2015 20:22:00,77,0,100,-9,-66,1
03/18/2015 20:23:00,77,0,99,-9,-65,1
03/18/2015 20:24:00,77,0,97,-9,-65,1
03/18/2015 20:25:00,77,0,96,-9,-65,1
03/18/2015 20:26:00,77,0,95,-9,-66,1
03/18/2015 20:27:00,77,0,95,-9,-65,1
03/18/2015 20:28:00,77,0,94,-9,-65,1
03/18/2015 20:29:00,77,0,93,-9,-65,1
03/18/2015 20:30:00,77,0,93,-9,-66,1
03/18/2015 20:31:00,77,0,93,-8,-67,1
03/18/2015 20:32:00,77,0,92,-8,-68,1
03/18/2015 20:33:00,77,0,92,-8,-69,1
03/18/2015 20:34:00,77,0,92,-7,-69,1
03/18/2015 20:35:00,77,0,91,-7,-69,1
03/18/2015 20:36:00,77,0,90,-7,-69,1
03/18/2015 20:37:00,77,0,90,-7,-69,1
03/18/2015 20:38:00,77,0,89,-6,-69,1
03/18/2015 20:39:00,77,0,88,-6,-69,1
03/18/2015 20:40:00,77,0,87,-6,-69,1
03/18/2015 20:41:00,77,0,85,-6,-70,1
03/18/2015 20:42:00,77,0,84,-5,-70,1
03/18/2015 20:43:00,77,0,83,-5,-70,1
03/18/2015 20:44:00,77,0,83,-4,-70,1
03/18/2015 20:45:00,77,0,82,-4,-70,1
03/18/2015 20:46:00,77,0,82,-4,-70,1
03/18/2015 20:47:00,77,0,81,-4,-70,1
03/18/2015 20:48:00,77,0,81,-4,-70,1
03/18/2015 20:49:00,77,0,80,-4,-70,1
03/18/2015 20:50:00,77,0,81,-4,-70,1
03/18/2015 20:51:00,77,0,80,-4,-70,1
03/18/2015 20:52:00,77,0,80,-4,-70,1
03/18/2015 20:53:00,77,0,79,-4,-70,1
03/18/2015 20:54:00,77,0,80,-4,-70,1
03/18/2015 20:55:00,77,0,80,-4,-70,1
03/18/2015 20:56:00,77,0,81,-4,-70,1
03/18/2015 20:57:00,77,0,80,-4,-68,1
03/18/2015 20:58:00,77,0,80,-3,-68,1
03/18/2015 20:59:00,77,0,80,-4,-67,1
03/18/2015 21:00:00,77,0,80,-4,-67,1
03/18/2015 21:01:00,77,0,80,-4,-67,1
03/18/2015 21:02:00,77,0,81,-5,-67,1
03/18/2015 21:03:00,77,0,81,-5,-66,1
03/18/2015 21:04:00,77,0,81,-4,-67,1
03/18/2015 21:05:00,77,0,82,-5,-67,1
03/18/2015 21:06:00,77,0,82,-5,-67,1
03/18/2015 21:07:00,77,0,82,-5,-67,1
03/18/2015 21:08:00,77,0,82,-5,-68,1
03/18/2015 21:09:00,77,0,83,-5,-68,1
03/18/2015 21:10:00,77,0,86,-6,-69,1
03/18/2015 21:11:00,77,0,87,-6,-69,1
03/18/2015 21:12:00,77,0,88,-6,-69,1
03/18/2015 21:13:00,77,0,88,-6,-69,1
03/18/2015 21:14:00,77,0,90,-6,-70,1
03/18/2015 21:15:00,77,0,91,-7,-70,1
03/18/2015 21:16:00,77,0,91,-7,-70,1
03/18/2015 21:17:00,77,0,91,-7,-69,1
03/18/2015 21:18:00,77,0,91,-7,-70,1
03/18/2015 21:19:00,77,0,90,-7,-70,1
03/18/2015 21:20:00,77,0,91,-7,-71,1
03/18/2015 21:21:00,77,0,90,-7,-71,1
03/18/2015 21:22:00,77,0,90,-7,-71,1
03/18/2015 21:23:00,77,0,90,-7,-71,1
03/18/2015 21:24:00,77,0,90,-7,-70,1
03/18/2015 21:25:00,77,0,90,-7,-70,1
03/18/2015 21:26:00,77,0,90,-7,-70,1
03/18/2015 21:27:00,77,0,89,-7,-69,1
03/18/2015 21:28:00,77,0,90,-7,-69,1
03/18/2015 21:29:00,77,0,90,-7,-68,1
03/18/2015 21:30:00,77,0,91,-7,-68,1
03/18/2015 21:31:00,77,0,91,-7,-68,1
03/18/2015 21:32:00,77,0,92,-7,-68,1
03/18/2015 21:33:00,77,0,93,-7,-68,1
03/18/2015 21:34:00,77,0,95,-7,-68,1
03/18/2015 21:35:00,77,0,96,-7,-69,1
03/18/2015 21:36:00,77,0,96,-7,-69,1
03/18/2015 21:37:00,77,0,97,-7,-69,1
03/18/2015 21:38:00,77,0,96,-7,-69,1
03/18/2015 21:39:00,77,0,97,-7,-69,1
03/18/2015 21:40:00,77,0,97,-7,-68,1
03/18/2015 21:41:00,77,0,96,-7,-67,1
03/18/2015 21:42:00,77,0,97,-7,-67,1
03/18/2015 21:43:00,77,0,98,-7,-68,1
03/18/2015 21:44:00,77,0,97,-7,-68,1
03/18/2015 21:45:00,77,0,96,-7,-68,1
03/18/2015 21:46:00,77,0,97,-7,-67,1
03/18/2015 21:47:00,77,0,97,-7,-67,1
03/18/2015 21:48:00,77,0,96,-8,-68,1
03/18/2015 21:49:00,77,0,95,-8,-67,1
03/18/2015 21:50:00,77,0,95,-8,-67,1
03/18/2015 21:51:00,77,0,95,-8,-67,1
03/18/2015 21:52:00,77,0,95,-7,-66,1
03/18/2015 21:53:00,77,0,94,-8,-66,1
03/18/2015 21:54:00,77,0,93,-7,-66,1
03/18/2015 21:55:00,77,0,92,-7,-65,1
03/18/2015 21:56:00,77,0,91,-7,-65,1
03/18/2015 21:57:00,77,0,91,-7,-65,1
03/18/2015 21:58:00,77,0,90,-7,-65,1
03/18/2015 21:59:00,77,0,91,-6,-65,1
03/18/2015 22:00:00,77,0,91,-6,-65,1
03/18/2015 22:01:00,77,0,91,-6,-66,1
03/18/2015 22:02:00,77,0,91,-5,-66,1
03/18/2015 22:03:00,77,0,90,-5,-66,1
03/18/2015 22:04:00,77,0,89,-4,-66,1
03/18/2015 22:05:00,77,0,89,-4,-66,1
03/18/2015 22:06:00,77,0,87,-3,-65,1
03/18/2015 22:07:00,77,0,87,-3,-65,1
03/18/2015 22:08:00,77,0,86,-2,-65,1
03/18/2015 22:09:00,77,0,86,-2,-65,1
03/18/2015 22:10:00,77,0,85,-2,-64,1
03/18/2015 22:11:00,77,0,84,-2,-65,1
03/18/2015 22:12:00,77,0,84,-2,-64,1
03/18/2015 22:13:00,77,0,85,-2,-64,1
03/18/2015 22:14:00,77,0,86,-2,-63,1
03/18/2015 22:15:00,77,0,86,-3,-63,1
03/18/2015 22:16:00,77,0,87,-3,-65,1
03/18/2015 22:17:00,77,0,88,-3,-65,1
03/18/2015 22:18:00,77,0,88,-4,-65,1
03/18/2015 22:19:00,77,0,88,-4,-66,1
03/18/2015 22:20:00,77,0,91,-4,-67,1
03/18/2015 22:21:00,77,0,93,-5,-67,1
03/18/2015 22:22:00,77,0,94,-6,-67,1
03/18/2015 22:23:00,77,0,97,-6,-67,1
03/18/2015 22:24:00,77,0,99,-7,-66,1
03/18/2015 22:25:00,77,0,101,-7,-67,1
03/18/2015 22:26:00,77,0,102,-7,-66,1
03/18/2015 22:27:00,77,0,103,-8,-66,1
03/18/2015 22:28:00,77,0,106,-9,-66,1
03/18/2015 22:29:00,77,0,109,-9,-66,1
03/18/2015 22:30:00,77,0,111,-9,-67,1
03/18/2015 22:31:00,77,0,113,-9,-68,1
03/18/2015 22:32:00,77,0,118,-10,-68,1
03/18/2015 22:33:00,77,0,120,-10,-68,1
03/18/2015 22:34:00,77,0,122,-10,-69,1
03/18/2015 22:35:00,77,0,125,-10,-70,1
03/18/2015 22:36:00,77,0,126,-10,-70,1
03/18/2015 22:37:00,77,0,126,-10,-70,1
03/18/2015 22:38:00,77,0,128,-10,-71,1
03/18/2015 22:39:00,77,0,130,-10,-71,1
03/18/2015 22:40:00,77,0,133,-10,-73,1
03/18/2015 22:41:00,77,0,134,-9,-73,1
03/18/2015 22:42:00,77,0,135,-9,-73,1
03/18/2015 22:43:00,77,0,138,-9,-73,1
03/18/2015 22:44:00,77,0,139,-8,-72,1
03/18/2015 22:45:00,77,0,139,-8,-71,1
03/18/2015 22:46:00,77,0,137,-8,-71,1
03/18/2015 22:47:00,77,0,139,-8,-71,1
03/18/2015 22:48:00,77,0,139,-7,-71,1
03/18/2015 22:49:00,77,0,138,-7,-72,1
03/18/2015 22:50:00,77,0,138,-7,-71,1
03/18/2015 22:51:00,77,0,137,-6,-71,1
03/18/2015 22:52:00,77,0,137,-6,-70,1
03/18/2015 22:53:00,77,0,136,-6,-70,1
03/18/2015 22:54:00,77,0,136,-6,-69,1
03/18/2015 22:55:00,77,0,135,-5,-69,1
03/18/2015 22:56:00,77,0,132,-5,-69,1
03/18/2015 22:57:00,77,0,130,-5,-69,1
03/18/2015 22:58:00,77,0,129,-5,-70,1
03/18/2015 22:59:00,77,0,129,-4,-69,1
03/18/2015 23:00:00,77,0,128,-3,-69,1
03/18/2015 23:01:00,77,0,127,-3,-68,1
03/18/2015 23:02:00,77,0,126,-2,-68,1
03/18/2015 23:03:00,77,0,126,-2,-68,1
03/18/2015 23:04:00,77,0,124,-1,-68,1
03/18/2015 23:05:00,77,0,123,0,-68,1
03/18/2015 23:06:00,77,0,123,1,-68,1
03/18/2015 23:07:00,77,0,124,2,-69,1
03/18/2015 23:08:00,77,0,123,3,-69,1
03/18/2015 23:09:00,77,0,125,3,-68,1
03/18/2015 23:10:00,77,0,126,4,-68,1
03/18/2015 23:11:00,77,0,126,4,-68,1
03/18/2015 23:12:00,77,0,125,5,-67,1
03/18/2015 23:13:00,77,0,125,5,-67,1
03/18/2015 23:14:00,77,0,124,5,-67,1
03/18/2015 23:15:00,77,0,124,5,-67,1
03/18/2015 23:16:00,77,0,122,5,-67,1
03/18/2015 23:17:00,77,0,122,5,-66,1
03/18/2015 23:18:00,77,0,121,6,-66,1
03/18/2015 23:19:00,77,0,121,5,-66,1
03/18/2015 23:20:00,77,0,121,6,-66,1
03/18/2015 23:21:00,77,0,122,5,-66,1
03/18/2015 23:22:00,77,0,124,5,-67,1
03/18/2015 23:23:00,77,0,124,5,-67,1
03/18/2015 23:24:00,77,0,124,5,-68,1
03/18/2015 23:25:00,77,0,125,5,-67,1
03/18/2015 23:26:00,77,0,124,5,-67,1
03/18/2015 23:27:00,77,0,124,4,-67,1
03/18/2015 23:28:00,77,0,125,4,-67,1
03/18/2015 23:29:00,77,0,126,4,-67,1
03/18/2015 23:30:00,77,0,126,4,-67,1
03/18/2015 23:31:00,77,0,127,3,-67,1
03/18/2015 23:32:00,77,0,128,3,-67,1
03/18/2015 23:33:00,77,0,129,3,-67,1
03/18/2015 23:34:00,77,0,130,3,-67,1
03/18/2015 23:35:00,77,0,130,3,-67,1
03/18/2015 23:36:00,77,0,131,2,-68,1
03/18/2015 23:37:00,77,0,132,1,-68,1
03/18/2015 23:38:00,77,0,133,1,-67,1
03/18/2015 23:39:00,77,0,134,0,-67,1
03/18/2015 23:40:00,77,0,134,-1,-68,1
03/18/2015 23:41:00,77,0,135,-2,-68,1
03/18/2015 23:42:00,77,0,137,-2,-68,1
03/18/2015 23:43:00,77,0,137,-2,-68,1
03/18/2015 23:44:00,77,0,138,-3,-68,1
03/18/2015 23:45:00,77,0,138,-3,-68,1
03/18/2015 23:46:00,77,0,138,-3,-69,1
03/18/2015 23:47:00,77,0,139,-4,-69,1
03/18/2015 23:48:00,77,0,139,-4,-69,1
03/18/2015 23:49:00,77,0,141,-4,-70,1
03/18/2015 23:50:00,77,0,140,-5,-69,1
03/18/2015 23:51:00,77,0,141,-5,-70,1
03/18/2015 23:52:00,77,0,141,-6,-70,1
03/18/2015 23:53:00,77,0,140,-6,-70,1
03/18/2015 23:54:00,77,0,139,-6,-70,1
03/18/2015 23:55:00,77,0,139,-6,-70,1
03/18/2015 23:56:00,77,0,138,-6,-70,1
03/18/2015 23:57:00,77,0,138,-6,-71,1
03/18/2015 23:58:00,77,0,137,-6,-71,1
03/18/2015 23:59:00,77,0,137,-6,-71,1
