DateTime,DOY,D_TEC,ASY_H,SYM_D,SYM_H,Location
03/17/2013 00:00:00,76,0,12,-1,-14,1
03/17/2013 00:01:00,76,0,11,-1,-14,1
03/17/2013 00:02:00,76,0,11,-1,-14,1
03/17/2013 00:03:00,76,0,11,-1,-14,1
03/17/2013 00:04:00,76,0,11,-1,-14,1
03/17/2013 00:05:00,76,0,12,-1,-14,1
03/17/2013 00:06:00,76,0,13,-1,-14,1
03/17/2013 00:07:00,76,0,13,-1,-14,1
03/17/2013 00:08:00,76,0,13,-1,-14,1
03/17/2013 00:09:00,76,0,14,-1,-14,1
03/17/2013 00:10:00,76,0,13,-1,-14,1
03/17/2013 00:11:00,76,0,13,-1,-14,1
03/17/2013 00:12:00,76,0,15,-1,-15,1
03/17/2013 00:13:00,76,0,15,-1,-15,1
03/17/2013 00:14:00,76,0,15,-1,-15,1
03/17/2013 00:15:00,76,0,16,-1,-15,1
03/17/2013 00:16:00,76,0,15,-1,-15,1
03/17/2013 00:17:00,76,0,16,-1,-15,1
03/17/2013 00:18:00,76,0,16,-1,-15,1
03/17/2013 00:19:00,76,0,16,-1,-15,1
03/17/2013 00:20:00,76,0,16,-1,-14,1
03/17/2013 00:21:00,76,0,16,-1,-14,1
03/17/2013 00:22:00,76,0,17,-1,-14,1
03/17/2013 00:23:00,76,0,15,-1,-14,1
03/17/2013 00:24:00,76,0,14,-1,-13,1
03/17/2013 00:25:00,76,0,14,-1,-13,1
03/17/2013 00:26:00,76,0,15,0,-13,1
03/17/2013 00:27:00,76,0,15,-1,-13,1
03/17/2013 00:28:00,76,0,14,-1,-14,1
03/17/2013 00:29:00,76,0,15,-1,-14,1
03/17/2013 00:30:00,76,0,15,-1,-14,1
03/17/2013 00:31:00,76,0,13,-1,-14,1
03/17/2013 00:32:00,76,0,13,-1,-14,1
03/17/2013 00:33:00,76,0,13,0,-14,1
03/17/2013 00:34:00,76,0,14,-1,-14,1
03/17/2013 00:35:00,76,0,14,-1,-14,1
03/17/2013 00:36:00,76,0,14,0,-14,1
03/17/2013 00:37:00,76,0,14,0,-14,1
03/17/2013 00:38:00,76,0,15,0,-15,1
03/17/2013 00:39:00,76,0,15,0,-15,1
03/17/2013 00:40:00,76,0,15,0,-15,1
03/17/2013 00:41:00,76,0,15,0,-15,1
03/17/2013 00:42:00,76,0,15,1,-15,1
03/17/2013 00:43:00,76,0,15,1,-16,1
03/17/2013 00:44:00,76,0,14,1,-16,1
03/17/2013 00:45:00,76,0,14,1,-16,1
03/17/2013 00:46:00,76,0,15,1,-16,1
03/17/2013 00:47:00,76,0,15,2,-16,1
03/17/2013 00:48:00,76,0,14,2,-16,1
03/17/2013 00:49:00,76,0,15,2,-17,1
03/17/2013 00:50:00,76,0,15,2,-17,1
03/17/2013 00:51:00,76,0,16,2,-17,1
03/17/2013 00:52:00,76,0,16,2,-17,1
03/17/2013 00:53:00,76,0,16,2,-17,1
03/17/2013 00:54:00,76,0,16,3,-16,1
03/17/2013 00:55:00,76,0,16,3,-16,1
03/17/2013 00:56:00,76,0,15,2,-16,1
03/17/2013 00:57:00,76,0,16,2,-15,1
03/17/2013 00:58:00,76,0,16,2,-15,1
03/17/2013 00:59:00,76,0,17,2,-16,1
03/17/2013 01:00:00,76,0,17,2,-16,1
03/17/2013 01:01:00,76,0,18,2,-16,1
03/17/2013 01:02:00,76,0,18,2,-15,1
03/17/2013 01:03:00,76,0,17,2,-16,1
03/17/2013 01:04:00,76,0,17,2,-16,1
03/17/2013 01:05:00,76,0,18,2,-15,1
03/17/2013 01:06:00,76,0,18,2,-15,1
03/17/2013 01:07:00,76,0,18,2,-15,1
03/17/2013 01:08:00,76,0,19,2,-15,1
03/17/2013 01:09:00,76,0,19,2,-14,1
03/17/2013 01:10:00,76,0,19,2,-14,1
03/17/2013 01:11:00,76,0,20,2,-14,1
03/17/2013 01:12:00,76,0,19,1,-14,1
03/17/2013 01:13:00,76,0,19,1,-14,1
03/17/2013 01:14:00,76,0,19,1,-14,1
03/17/2013 01:15:00,76,0,20,1,-14,1
03/17/2013 01:16:00,76,0,20,2,-14,1
03/17/2013 01:17:00,76,0,20,1,-15,1
03/17/2013 01:18:00,76,0,20,1,-14,1
03/17/2013 01:19:00,76,0,20,1,-14,1
03/17/2013 01:20:00,76,0,19,1,-14,1
03/17/2013 01:21:00,76,0,19,1,-14,1
03/17/2013 01:22:00,76,0,20,1,-14,1
03/17/2013 01:23:00,76,0,21,1,-14,1
03/17/2013 01:24:00,76,0,21,2,-14,1
03/17/2013 01:25:00,76,0,21,1,-14,1
03/17/2013 01:26:00,76,0,21,1,-14,1
03/17/2013 01:27:00,76,0,21,2,-14,1
03/17/2013 01:28:00,76,0,20,2,-14,1
03/17/2013 01:29:00,76,0,19,2,-14,1
03/17/2013 01:30:00,76,0,20,2,-14,1
03/17/2013 01:31:00,76,0,20,2,-14,1
03/17/2013 01:32:00,76,0,21,2,-15,1
03/17/2013 01:33:00,76,0,21,2,-15,1
03/17/2013 01:34:00,76,0,21,2,-15,1
03/17/2013 01:35:00,76,0,19,1,-15,1
03/17/2013 01:36:00,76,0,20,2,-15,1
03/17/2013 01:37:00,76,0,20,2,-15,1
03/17/2013 01:38:00,76,0,20,2,-15,1
03/17/2013 01:39:00,76,0,20,2,-15,1
03/17/2013 01:40:00,76,0,19,2,-15,1
03/17/2013 01:41:00,76,0,20,2,-14,1
03/17/2013 01:42:00,76,0,19,2,-13,1
03/17/2013 01:43:00,76,0,20,2,-14,1
03/17/2013 01:44:00,76,0,19,2,-14,1
03/17/2013 01:45:00,76,0,19,2,-13,1
03/17/2013 01:46:00,76,0,18,2,-12,1
03/17/2013 01:47:00,76,0,18,2,-12,1
03/17/2013 01:48:00,76,0,18,3,-12,1
03/17/2013 01:49:00,76,0,18,3,-11,1
03/17/2013 01:50:00,76,0,18,3,-11,1
03/17/2013 01:51:00,76,0,17,3,-12,1
03/17/2013 01:52:00,76,0,18,3,-12,1
03/17/2013 01:53:00,76,0,18,3,-12,1
03/17/2013 01:54:00,76,0,17,3,-12,1
03/17/2013 01:55:00,76,0,17,3,-12,1
03/17/2013 01:56:00,76,0,17,3,-11,1
03/17/2013 01:57:00,76,0,17,2,-11,1
03/17/2013 01:58:00,76,0,19,2,-11,1
03/17/2013 01:59:00,76,0,18,2,-11,1
03/17/2013 02:00:00,76,0,18,2,-11,1
03/17/2013 02:01:00,76,0,18,2,-11,1
03/17/2013 02:02:00,76,0,19,3,-11,1
03/17/2013 02:03:00,76,0,19,2,-11,1
03/17/2013 02:04:00,76,0,19,2,-11,1
03/17/2013 02:05:00,76,0,19,3,-11,1
03/17/2013 02:06:00,76,0,19,3,-11,1
03/17/2013 02:07:00,76,0,17,3,-10,1
03/17/2013 02:08:00,76,0,18,3,-10,1
03/17/2013 02:09:00,76,0,18,3,-10,1
03/17/2013 02:10:00,76,0,19,3,-10,1
03/17/2013 02:11:00,76,0,19,3,-10,1
03/17/2013 02:12:00,76,0,19,3,-10,1
03/17/2013 02:13:00,76,0,19,3,-10,1
03/17/2013 02:14:00,76,0,19,3,-11,1
03/17/2013 02:15:00,76,0,19,3,-11,1
03/17/2013 02:16:00,76,0,19,3,-10,1
03/17/2013 02:17:00,76,0,19,3,-10,1
03/17/2013 02:18:00,76,0,19,3,-11,1
03/17/2013 02:19:00,76,0,19,3,-10,1
03/17/2013 02:20:00,76,0,19,3,-10,1
03/17/2013 02:21:00,76,0,18,3,-10,1
03/17/2013 02:22:00,76,0,18,3,-10,1
03/17/2013 02:23:00,76,0,18,3,-10,1
03/17/2013 02:24:00,76,0,18,3,-10,1
03/17/2013 02:25:00,76,0,18,3,-10,1
03/17/2013 02:26:00,76,0,18,3,-10,1
03/17/2013 02:27:00,76,0,18,3,-9,1
03/17/2013 02:28:00,76,0,18,2,-10,1
03/17/2013 02:29:00,76,0,17,2,-10,1
03/17/2013 02:30:00,76,0,17,2,-10,1
03/17/2013 02:31:00,76,0,17,2,-10,1
03/17/2013 02:32:00,76,0,16,2,-10,1
03/17/2013 02:33:00,76,0,17,2,-10,1
03/17/2013 02:34:00,76,0,17,2,-10,1
03/17/2013 02:35:00,76,0,17,2,-10,1
03/17/2013 02:36:00,76,0,17,2,-11,1
03/17/2013 02:37:00,76,0,17,2,-11,1
03/17/2013 02:38:00,76,0,17,2,-11,1
03/17/2013 02:39:00,76,0,17,2,-11,1
03/17/2013 02:40:00,76,0,16,2,-11,1
03/17/2013 02:41:00,76,0,16,2,-11,1
03/17/2013 02:42:00,76,0,16,2,-11,1
03/17/2013 02:43:00,76,0,16,2,-11,1
03/17/2013 02:44:00,76,0,16,2,-11,1
03/17/2013 02:45:00,76,0,16,2,-11,1
03/17/2013 02:46:00,76,0,16,2,-11,1
03/17/2013 02:47:00,76,0,16,2,-11,1
03/17/2013 02:48:00,76,0,16,2,-11,1
03/17/2013 02:49:00,76,0,16,1,-11,1
03/17/2013 02:50:00,76,0,16,2,-11,1
03/17/2013 02:51:00,76,0,16,2,-11,1
03/17/2013 02:52:00,76,0,16,2,-10,1
03/17/2013 02:53:00,76,0,16,2,-11,1
03/17/2013 02:54:00,76,0,16,1,-10,1
03/17/2013 02:55:00,76,0,16,1,-10,1
03/17/2013 02:56:00,76,0,16,2,-9,1
03/17/2013 02:57:00,76,0,16,2,-9,1
03/17/2013 02:58:00,76,0,16,2,-9,1
03/17/2013 02:59:00,76,0,16,2,-9,1
03/17/2013 03:00:00,76,0,17,2,-9,1
03/17/2013 03:01:00,76,0,17,2,-9,1
03/17/2013 03:02:00,76,0,17,1,-9,1
03/17/2013 03:03:00,76,0,16,1,-9,1
03/17/2013 03:04:00,76,0,16,2,-9,1
03/17/2013 03:05:00,76,0,16,1,-9,1
03/17/2013 03:06:00,76,0,16,2,-9,1
03/17/2013 03:07:00,76,0,17,2,-8,1
03/17/2013 03:08:00,76,0,16,1,-9,1
03/17/2013 03:09:00,76,0,15,1,-9,1
03/17/2013 03:10:00,76,0,15,1,-9,1
03/17/2013 03:11:00,76,0,15,1,-9,1
03/17/2013 03:12:00,76,0,15,1,-9,1
03/17/2013 03:13:00,76,0,15,1,-9,1
03/17/2013 03:14:00,76,0,15,1,-9,1
03/17/2013 03:15:00,76,0,15,1,-9,1
03/17/2013 03:16:00,76,0,15,1,-9,1
03/17/2013 03:17:00,76,0,13,1,-8,1
03/17/2013 03:18:00,76,0,14,1,-8,1
03/17/2013 03:19:00,76,0,14,1,-8,1
03/17/2013 03:20:00,76,0,13,1,-8,1
03/17/2013 03:21:00,76,0,13,0,-8,1
03/17/2013 03:22:00,76,0,13,1,-8,1
03/17/2013 03:23:00,76,0,13,1,-8,1
03/17/2013 03:24:00,76,0,13,1,-8,1
03/17/2013 03:25:00,76,0,14,1,-8,1
03/17/2013 03:26:00,76,0,14,1,-8,1
03/17/2013 03:27:00,76,0,14,1,-7,1
03/17/2013 03:28:00,76,0,14,1,-7,1
03/17/2013 03:29:00,76,0,14,1,-7,1
03/17/2013 03:30:00,76,0,13,1,-7,1
03/17/2013 03:31:00,76,0,12,1,-8,1
03/17/2013 03:32:00,76,0,12,1,-8,1
03/17/2013 03:33:00,76,0,12,1,-8,1
03/17/2013 03:34:00,76,0,13,1,-8,1
03/17/2013 03:35:00,76,0,13,1,-8,1
03/17/2013 03:36:00,76,0,13,0,-8,1
03/17/2013 03:37:00,76,0,13,1,-8,1
03/17/2013 03:38:00,76,0,13,0,-8,1
03/17/2013 03:39:00,76,0,12,1,-8,1
03/17/2013 03:40:00,76,0,12,0,-9,1
03/17/2013 03:41:00,76,0,13,1,-8,1
03/17/2013 03:42:00,76,0,13,0,-8,1
03/17/2013 03:43:00,76,0,13,0,-8,1
03/17/2013 03:44:00,76,0,13,0,-8,1
03/17/2013 03:45:00,76,0,13,0,-8,1
03/17/2013 03:46:00,76,0,13,1,-8,1
03/17/2013 03:47:00,76,0,13,1,-8,1
03/17/2013 03:48:00,76,0,13,0,-8,1
03/17/2013 03:49:00,76,0,13,1,-8,1
03/17/2013 03:50:00,76,0,11,0,-8,1
03/17/2013 03:51:00,76,0,11,0,-9,1
03/17/2013 03:52:00,76,0,11,0,-8,1
03/17/2013 03:53:00,76,0,11,0,-8,1
03/17/2013 03:54:00,76,0,11,0,-8,1
03/17/2013 03:55:00,76,0,11,0,-8,1
03/17/2013 03:56:00,76,0,11,0,-8,1
03/17/2013 03:57:00,76,0,11,0,-8,1
03/17/2013 03:58:00,76,0,10,0,-9,1
03/17/2013 03:59:00,76,0,10,0,-9,1
03/17/2013 04:00:00,76,0,10,0,-9,1
03/17/2013 04:01:00,76,0,10,0,-9,1
03/17/2013 04:02:00,76,0,10,0,-9,1
03/17/2013 04:03:00,76,0,11,0,-9,1
03/17/2013 04:04:00,76,0,11,0,-9,1
03/17/2013 04:05:00,76,0,12,0,-9,1
03/17/2013 04:06:00,76,0,12,0,-9,1
03/17/2013 04:07:00,76,0,12,0,-9,1
03/17/2013 04:08:00,76,0,11,0,-9,1
03/17/2013 04:09:00,76,0,12,0,-9,1
03/17/2013 04:10:00,76,0,12,0,-9,1
03/17/2013 04:11:00,76,0,12,0,-9,1
03/17/2013 04:12:00,76,0,12,0,-9,1
03/17/2013 04:13:00,76,0,12,0,-9,1
03/17/2013 04:14:00,76,0,12,0,-9,1
03/17/2013 04:15:00,76,0,11,1,-9,1
03/17/2013 04:16:00,76,0,11,0,-9,1
03/17/2013 04:17:00,76,0,11,0,-9,1
03/17/2013 04:18:00,76,0,12,0,-9,1
03/17/2013 04:19:00,76,0,13,0,-8,1
03/17/2013 04:20:00,76,0,12,0,-8,1
03/17/2013 04:21:00,76,0,11,0,-8,1
03/17/2013 04:22:00,76,0,11,0,-8,1
03/17/2013 04:23:00,76,0,11,0,-8,1
03/17/2013 04:24:00,76,0,11,0,-8,1
03/17/2013 04:25:00,76,0,11,0,-8,1
03/17/2013 04:26:00,76,0,10,0,-9,1
03/17/2013 04:27:00,76,0,10,0,-9,1
03/17/2013 04:28:00,76,0,10,-1,-9,1
03/17/2013 04:29:00,76,0,10,-1,-9,1
03/17/2013 04:30:00,76,0,10,0,-9,1
03/17/2013 04:31:00,76,0,10,0,-9,1
03/17/2013 04:32:00,76,0,11,0,-8,1
03/17/2013 04:33:00,76,0,11,0,-8,1
03/17/2013 04:34:00,76,0,11,0,-8,1
03/17/2013 04:35:00,76,0,11,0,-8,1
03/17/2013 04:36:00,76,0,11,0,-8,1
03/17/2013 04:37:00,76,0,11,-1,-8,1
03/17/2013 04:38:00,76,0,11,0,-8,1
03/17/2013 04:39:00,76,0,11,0,-9,1
03/17/2013 04:40:00,76,0,11,-1,-9,1
03/17/2013 04:41:00,76,0,10,-1,-9,1
03/17/2013 04:42:00,76,0,10,-1,-9,1
03/17/2013 04:43:00,76,0,11,-1,-9,1
03/17/2013 04:44:00,76,0,11,-1,-9,1
03/17/2013 04:45:00,76,0,11,-1,-9,1
03/17/2013 04:46:00,76,0,11,-1,-9,1
03/17/2013 04:47:00,76,0,11,-1,-9,1
03/17/2013 04:48:00,76,0,11,-1,-8,1
03/17/2013 04:49:00,76,0,10,-1,-8,1
03/17/2013 04:50:00,76,0,11,-1,-8,1
03/17/2013 04:51:00,76,0,11,-1,-8,1
03/17/2013 04:52:00,76,0,11,0,-7,1
03/17/2013 04:53:00,76,0,11,0,-7,1
03/17/2013 04:54:00,76,0,11,-1,-7,1
03/17/2013 04:55:00,76,0,11,-1,-7,1
03/17/2013 04:56:00,76,0,11,-1,-7,1
03/17/2013 04:57:00,76,0,11,-1,-7,1
03/17/2013 04:58:00,76,0,11,-1,-7,1
03/17/2013 04:59:00,76,0,11,-1,-7,1
03/17/2013 05:00:00,76,0,11,-1,-7,1
03/17/2013 05:01:00,76,0,12,-1,-8,1
03/17/2013 05:02:00,76,0,12,-1,-7,1
03/17/2013 05:03:00,76,0,13,-1,-7,1
03/17/2013 05:04:00,76,0,12,-1,-8,1
03/17/2013 05:05:00,76,0,13,-1,-7,1
03/17/2013 05:06:00,76,0,13,-1,-7,1
03/17/2013 05:07:00,76,0,13,-1,-7,1
03/17/2013 05:08:00,76,0,13,-1,-7,1
03/17/2013 05:09:00,76,0,13,-1,-7,1
03/17/2013 05:10:00,76,0,13,-1,-7,1
03/17/2013 05:11:00,76,0,13,-1,-8,1
03/17/2013 05:12:00,76,0,12,-1,-8,1
03/17/2013 05:13:00,76,0,12,-1,-8,1
03/17/2013 05:14:00,76,0,13,-1,-8,1
03/17/2013 05:15:00,76,0,13,-1,-8,1
03/17/2013 05:16:00,76,0,13,-1,-8,1
03/17/2013 05:17:00,76,0,13,-1,-7,1
03/17/2013 05:18:00,76,0,13,-1,-8,1
03/17/2013 05:19:00,76,0,17,0,-7,1
03/17/2013 05:20:00,76,0,16,0,-8,1
03/17/2013 05:21:00,76,0,18,0,-8,1
03/17/2013 05:22:00,76,0,18,0,-7,1
03/17/2013 05:23:00,76,0,18,1,-8,1
03/17/2013 05:24:00,76,0,20,0,-8,1
03/17/2013 05:25:00,76,0,20,1,-8,1
03/17/2013 05:26:00,76,0,19,1,-9,1
03/17/2013 05:27:00,76,0,19,0,-9,1
03/17/2013 05:28:00,76,0,18,0,-10,1
03/17/2013 05:29:00,76,0,18,0,-10,1
03/17/2013 05:30:00,76,0,17,0,-10,1
03/17/2013 05:31:00,76,0,17,0,-11,1
03/17/2013 05:32:00,76,0,17,0,-10,1
03/17/2013 05:33:00,76,0,17,0,-10,1
03/17/2013 05:34:00,76,0,17,0,-11,1
03/17/2013 05:35:00,76,0,16,0,-10,1
03/17/2013 05:36:00,76,0,16,0,-11,1
03/17/2013 05:37:00,76,0,16,0,-10,1
03/17/2013 05:38:00,76,0,15,0,-11,1
03/17/2013 05:39:00,76,0,15,-1,-11,1
03/17/2013 05:40:00,76,0,14,-1,-11,1
03/17/2013 05:41:00,76,0,13,-1,-10,1
03/17/2013 05:42:00,76,0,13,-1,-11,1
03/17/2013 05:43:00,76,0,12,-1,-11,1
03/17/2013 05:44:00,76,0,12,-1,-11,1
03/17/2013 05:45:00,76,0,11,-1,-11,1
03/17/2013 05:46:00,76,0,12,-1,-11,1
03/17/2013 05:47:00,76,0,12,-1,-10,1
03/17/2013 05:48:00,76,0,12,-1,-10,1
03/17/2013 05:49:00,76,0,12,-1,-10,1
03/17/2013 05:50:00,76,0,11,-1,-11,1
03/17/2013 05:51:00,76,0,12,-1,-11,1
03/17/2013 05:52:00,76,0,12,-1,-10,1
03/17/2013 05:53:00,76,0,11,-1,-10,1
03/17/2013 05:54:00,76,0,12,-1,-10,1
03/17/2013 05:55:00,76,0,12,-1,-10,1
03/17/2013 05:56:00,76,0,13,0,-9,1
03/17/2013 05:57:00,76,0,14,0,-8,1
03/17/2013 05:58:00,76,0,14,0,-9,1
03/17/2013 05:59:00,76,0,14,0,-7,1
03/17/2013 06:00:00,76,0,14,1,-7,1
03/17/2013 06:01:00,76,0,13,3,7,1
03/17/2013 06:02:00,76,0,32,4,25,1
03/17/2013 06:03:00,76,0,47,6,31,1
03/17/2013 06:04:00,76,0,45,6,33,1
03/17/2013 06:05:00,76,0,44,5,33,1
03/17/2013 06:06:00,76,0,43,6,31,1
03/17/2013 06:07:00,76,0,48,6,30,1
03/17/2013 06:08:00,76,0,44,5,30,1
03/17/2013 06:09:00,76,0,42,3,32,1
03/17/2013 06:10:00,76,0,44,3,33,1
03/17/2013 06:11:00,76,0,42,3,29,1
03/17/2013 06:12:00,76,0,42,3,29,1
03/17/2013 06:13:00,76,0,39,2,29,1
03/17/2013 06:14:00,76,0,42,3,25,1
03/17/2013 06:15:00,76,0,38,2,25,1
03/17/2013 06:16:00,76,0,37,1,25,1
03/17/2013 06:17:00,76,0,36,1,24,1
03/17/2013 06:18:00,76,0,38,3,20,1
03/17/2013 06:19:00,76,0,38,3,18,1
03/17/2013 06:20:00,76,0,37,2,18,1
03/17/2013 06:21:00,76,0,37,3,18,1
03/17/2013 06:22:00,76,0,37,3,18,1
03/17/2013 06:23:00,76,0,36,3,17,1
03/17/2013 06:24:00,76,0,38,4,18,1
03/17/2013 06:25:00,76,0,40,5,20,1
03/17/2013 06:26:00,76,0,40,4,23,1
03/17/2013 06:27:00,76,0,49,6,19,1
03/17/2013 06:28:00,76,0,46,7,17,1
03/17/2013 06:29:00,76,0,42,5,20,1
03/17/2013 06:30:00,76,0,46,6,19,1
03/17/2013 06:31:00,76,0,51,7,17,1
03/17/2013 06:32:00,76,0,48,6,19,1
03/17/2013 06:33:00,76,0,52,6,19,1
03/17/2013 06:34:00,76,0,57,7,18,1
03/17/2013 06:35:00,76,0,58,7,19,1
03/17/2013 06:36:00,76,0,64,7,21,1
03/17/2013 06:37:00,76,0,75,8,19,1
03/17/2013 06:38:00,76,0,75,8,22,1
03/17/2013 06:39:00,76,0,78,8,23,1
03/17/2013 06:40:00,76,0,88,10,22,1
03/17/2013 06:41:00,76,0,96,11,20,1
03/17/2013 06:42:00,76,0,97,11,21,1
03/17/2013 06:43:00,76,0,104,11,21,1
03/17/2013 06:44:00,76,0,108,12,21,1
03/17/2013 06:45:00,76,0,115,13,20,1
03/17/2013 06:46:00,76,0,120,13,19,1
03/17/2013 06:47:00,76,0,126,14,16,1
03/17/2013 06:48:00,76,0,129,14,14,1
03/17/2013 06:49:00,76,0,127,14,14,1
03/17/2013 06:50:00,76,0,127,13,14,1
03/17/2013 06:51:00,76,0,127,13,15,1
03/17/2013 06:52:00,76,0,129,13,13,1
03/17/2013 06:53:00,76,0,125,12,14,1
03/17/2013 06:54:00,76,0,129,13,12,1
03/17/2013 06:55:00,76,0,132,13,11,1
03/17/2013 06:56:00,76,0,133,14,11,1
03/17/2013 06:57:00,76,0,134,14,12,1
03/17/2013 06:58:00,76,0,140,14,10,1
03/17/2013 06:59:00,76,0,138,14,10,1
03/17/2013 07:00:00,76,0,137,14,9,1
03/17/2013 07:01:00,76,0,135,15,4,1
03/17/2013 07:02:00,76,0,124,12,10,1
03/17/2013 07:03:00,76,0,124,12,10,1
03/17/2013 07:04:00,76,0,127,13,8,1
03/17/2013 07:05:00,76,0,125,13,6,1
03/17/2013 07:06:00,76,0,123,13,4,1
03/17/2013 07:07:00,76,0,119,13,4,1
03/17/2013 07:08:00,76,0,120,13,3,1
03/17/2013 07:09:00,76,0,120,14,3,1
03/17/2013 07:10:00,76,0,117,13,7,1
03/17/2013 07:11:00,76,0,125,15,5,1
03/17/2013 07:12:00,76,0,125,16,3,1
03/17/2013 07:13:00,76,0,125,16,3,1
03/17/2013 07:14:00,76,0,124,17,2,1
03/17/2013 07:15:00,76,0,124,17,1,1
03/17/2013 07:16:00,76,0,123,17,-1,1
03/17/2013 07:17:00,76,0,123,18,-1,1
03/17/2013 07:18:00,76,0,124,18,-2,1
03/17/2013 07:19:00,76,0,124,18,-3,1
03/17/2013 07:20:00,76,0,124,18,-5,1
03/17/2013 07:21:00,76,0,124,19,-6,1
03/17/2013 07:22:00,76,0,125,19,-7,1
03/17/2013 07:23:00,76,0,121,18,-7,1
03/17/2013 07:24:00,76,0,121,19,-8,1
03/17/2013 07:25:00,76,0,120,19,-9,1
03/17/2013 07:26:00,76,0,117,18,-10,1
03/17/2013 07:27:00,76,0,115,18,-11,1
03/17/2013 07:28:00,76,0,110,17,-12,1
03/17/2013 07:29:00,76,0,106,17,-13,1
03/17/2013 07:30:00,76,0,102,16,-14,1
03/17/2013 07:31:00,76,0,98,16,-13,1
03/17/2013 07:32:00,76,0,97,16,-13,1
03/17/2013 07:33:00,76,0,95,15,-13,1
03/17/2013 07:34:00,76,0,92,15,-15,1
03/17/2013 07:35:00,76,0,86,14,-16,1
03/17/2013 07:36:00,76,0,87,14,-18,1
03/17/2013 07:37:00,76,0,86,14,-19,1
03/17/2013 07:38:00,76,0,85,14,-19,1
03/17/2013 07:39:00,76,0,81,13,-16,1
03/17/2013 07:40:00,76,0,81,13,-14,1
03/17/2013 07:41:00,76,0,84,13,-13,1
03/17/2013 07:42:00,76,0,80,13,-8,1
03/17/2013 07:43:00,76,0,76,13,5,1
03/17/2013 07:44:00,76,0,89,14,7,1
03/17/2013 07:45:00,76,0,80,12,7,1
03/17/2013 07:46:00,76,0,72,11,1,1
03/17/2013 07:47:00,76,-0.055961058,72,12,-14,1
03/17/2013 07:48:00,76,-0.048778326,58,12,-23,1
03/17/2013 07:49:00,76,-0.041595593,55,12,-22,1
03/17/2013 07:50:00,76,-0.034412861,57,14,-23,1
03/17/2013 07:51:00,76,-0.027230129,58,15,-22,1
03/17/2013 07:52:00,76,-0.020047397,56,15,-21,1
03/17/2013 07:53:00,76,-0.025312952,53,15,-22,1
03/17/2013 07:54:00,76,-0.030578506,53,14,-22,1
03/17/2013 07:55:00,76,-0.035844061,53,15,-23,1
03/17/2013 07:56:00,76,-0.041109616,54,16,-23,1
03/17/2013 07:57:00,76,-0.046375171,55,17,-23,1
03/17/2013 07:58:00,76,-0.042092401,56,17,-21,1
03/17/2013 07:59:00,76,-0.037809632,57,17,-15,1
03/17/2013 08:00:00,76,-0.033526862,56,18,-16,1
03/17/2013 08:01:00,76,-0.029244093,52,17,-18,1
03/17/2013 08:02:00,76,-0.024961323,54,17,-21,1
03/17/2013 08:03:00,76,-0.009607674,57,19,-18,1
03/17/2013 08:04:00,76,0.005745975,56,18,-15,1
03/17/2013 08:05:00,76,0.021099625,52,17,-16,1
03/17/2013 08:06:00,76,0.036453274,50,16,-23,1
03/17/2013 08:07:00,76,0.051806923,46,16,-35,1
03/17/2013 08:08:00,76,0.051589579,51,16,-38,1
03/17/2013 08:09:00,76,0.051372235,57,16,-32,1
03/17/2013 08:10:00,76,0.05115489,54,17,-34,1
03/17/2013 08:11:00,76,0.050937546,52,17,-35,1
03/17/2013 08:12:00,76,0.050720201,52,17,-35,1
03/17/2013 08:13:00,76,0.053703409,53,16,-34,1
03/17/2013 08:14:00,76,0.056686616,54,16,-37,1
03/17/2013 08:15:00,76,0.059669823,56,16,-40,1
03/17/2013 08:16:00,76,0.062653031,58,16,-40,1
03/17/2013 08:17:00,76,0.065636238,60,16,-40,1
03/17/2013 08:18:00,76,0.050276406,59,15,-40,1
03/17/2013 08:19:00,76,0.034916575,59,15,-41,1
03/17/2013 08:20:00,76,0.019556743,60,15,-39,1
03/17/2013 08:21:00,76,0.004196911,65,14,-23,1
03/17/2013 08:22:00,76,-0.011162921,63,13,-17,1
03/17/2013 08:23:00,76,-0.008592414,61,13,-19,1
03/17/2013 08:24:00,76,-0.006021907,61,12,-20,1
03/17/2013 08:25:00,76,-0.003451399,60,11,-22,1
03/17/2013 08:26:00,76,-0.000880892,61,10,-21,1
03/17/2013 08:27:00,76,0.001689615,57,10,-23,1
03/17/2013 08:28:00,76,0.02735603,56,10,-22,1
03/17/2013 08:29:00,76,0.053022445,54,11,-23,1
03/17/2013 08:30:00,76,0.07868886,52,11,-23,1
03/17/2013 08:31:00,76,0.104355275,56,10,-23,1
03/17/2013 08:32:00,76,0.13002169,55,10,-24,1
03/17/2013 08:33:00,76,0.144266997,53,9,-27,1
03/17/2013 08:34:00,76,0.158512303,53,10,-26,1
03/17/2013 08:35:00,76,0.17275761,55,10,-26,1
03/17/2013 08:36:00,76,0.187002917,54,9,-27,1
03/17/2013 08:37:00,76,0.201248223,54,9,-31,1
03/17/2013 08:38:00,76,0.225276027,56,9,-31,1
03/17/2013 08:39:00,76,0.249303831,56,9,-34,1
03/17/2013 08:40:00,76,0.273331635,54,10,-38,1
03/17/2013 08:41:00,76,0.297359439,57,10,-39,1
03/17/2013 08:42:00,76,0.321387243,57,11,-38,1
03/17/2013 08:43:00,76,0.37102206,57,10,-37,1
03/17/2013 08:44:00,76,0.420656877,58,9,-35,1
03/17/2013 08:45:00,76,0.470291693,56,8,-35,1
03/17/2013 08:46:00,76,0.51992651,61,7,-33,1
03/17/2013 08:47:00,76,0.569561327,61,5,-30,1
03/17/2013 08:48:00,76,0.652089588,57,6,-35,1
03/17/2013 08:49:00,76,0.73461785,62,5,-33,1
03/17/2013 08:50:00,76,0.817146111,62,5,-30,1
03/17/2013 08:51:00,76,0.899674373,60,3,-30,1
03/17/2013 08:52:00,76,0.982202635,62,3,-27,1
03/17/2013 08:53:00,76,1.072740085,58,2,-26,1
03/17/2013 08:54:00,76,1.163277536,56,1,-30,1
03/17/2013 08:55:00,76,1.253814987,57,1,-32,1
03/17/2013 08:56:00,76,1.344352437,54,1,-37,1
03/17/2013 08:57:00,76,1.434889888,54,0,-38,1
03/17/2013 08:58:00,76,1.527691177,53,-1,-46,1
03/17/2013 08:59:00,76,1.620492467,53,1,-59,1
03/17/2013 09:00:00,76,1.713293756,58,2,-57,1
03/17/2013 09:01:00,76,1.806095045,62,2,-57,1
03/17/2013 09:02:00,76,1.898896335,63,2,-59,1
03/17/2013 09:03:00,76,2.009083957,62,-1,-56,1
03/17/2013 09:04:00,76,2.119271579,63,-3,-52,1
03/17/2013 09:05:00,76,2.229459201,57,-4,-51,1
03/17/2013 09:06:00,76,2.339646823,65,-6,-53,1
03/17/2013 09:07:00,76,2.449834445,68,-6,-59,1
03/17/2013 09:08:00,76,2.585622672,75,-6,-60,1
03/17/2013 09:09:00,76,2.7214109,78,-6,-59,1
03/17/2013 09:10:00,76,2.857199128,79,-7,-57,1
03/17/2013 09:11:00,76,2.992987356,81,-7,-56,1
03/17/2013 09:12:00,76,3.128775583,84,-7,-56,1
03/17/2013 09:13:00,76,3.272766748,87,-6,-58,1
03/17/2013 09:14:00,76,3.416757913,93,-5,-59,1
03/17/2013 09:15:00,76,3.560749078,97,-4,-61,1
03/17/2013 09:16:00,76,3.704740243,99,-4,-61,1
03/17/2013 09:17:00,76,3.848731408,100,-4,-60,1
03/17/2013 09:18:00,76,3.932461966,103,-3,-61,1
03/17/2013 09:19:00,76,4.016192524,104,-3,-63,1
03/17/2013 09:20:00,76,4.099923082,101,-3,-64,1
03/17/2013 09:21:00,76,4.18365364,96,-3,-65,1
03/17/2013 09:22:00,76,4.267384198,87,-4,-67,1
03/17/2013 09:23:00,76,4.346317453,82,-4,-68,1
03/17/2013 09:24:00,76,4.425250708,79,-4,-68,1
03/17/2013 09:25:00,76,4.504183963,81,-3,-69,1
03/17/2013 09:26:00,76,4.583117218,78,-3,-69,1
03/17/2013 09:27:00,76,4.662050474,76,-2,-70,1
03/17/2013 09:28:00,76,4.684434627,74,-1,-72,1
03/17/2013 09:29:00,76,4.70681878,72,-1,-73,1
03/17/2013 09:30:00,76,4.729202933,72,0,-74,1
03/17/2013 09:31:00,76,4.751587087,73,1,-73,1
03/17/2013 09:32:00,76,4.77397124,74,2,-73,1
03/17/2013 09:33:00,76,4.746706326,76,2,-75,1
03/17/2013 09:34:00,76,4.719441412,77,3,-77,1
03/17/2013 09:35:00,76,4.692176498,76,3,-77,1
03/17/2013 09:36:00,76,4.664911584,75,3,-78,1
03/17/2013 09:37:00,76,4.637646671,77,4,-78,1
03/17/2013 09:38:00,76,4.631763224,75,4,-77,1
03/17/2013 09:39:00,76,4.625879777,75,4,-76,1
03/17/2013 09:40:00,76,4.619996331,79,4,-75,1
03/17/2013 09:41:00,76,4.614112884,81,4,-75,1
03/17/2013 09:42:00,76,4.608229437,83,4,-76,1
03/17/2013 09:43:00,76,4.603431829,81,4,-77,1
03/17/2013 09:44:00,76,4.598634221,81,3,-76,1
03/17/2013 09:45:00,76,4.593836613,81,3,-75,1
03/17/2013 09:46:00,76,4.589039005,82,3,-77,1
03/17/2013 09:47:00,76,4.584241396,83,3,-78,1
03/17/2013 09:48:00,76,4.568095343,80,4,-79,1
03/17/2013 09:49:00,76,4.55194929,76,3,-78,1
03/17/2013 09:50:00,76,4.535803237,72,4,-79,1
03/17/2013 09:51:00,76,4.519657184,70,4,-79,1
03/17/2013 09:52:00,76,4.50351113,67,4,-79,1
03/17/2013 09:53:00,76,4.486086846,68,5,-81,1
03/17/2013 09:54:00,76,4.468662562,65,5,-82,1
03/17/2013 09:55:00,76,4.451238277,64,6,-82,1
03/17/2013 09:56:00,76,4.433813993,58,7,-83,1
03/17/2013 09:57:00,76,4.416389709,54,7,-84,1
03/17/2013 09:58:00,76,4.402726481,53,8,-86,1
03/17/2013 09:59:00,76,4.389063254,52,10,-87,1
03/17/2013 10:00:00,76,4.375400027,54,11,-89,1
03/17/2013 10:01:00,76,4.361736799,57,12,-90,1
03/17/2013 10:02:00,76,4.348073572,58,12,-90,1
03/17/2013 10:03:00,76,4.347121137,56,13,-91,1
03/17/2013 10:04:00,76,4.346168701,56,14,-92,1
03/17/2013 10:05:00,76,4.345216266,56,14,-92,1
03/17/2013 10:06:00,76,4.34426383,56,14,-92,1
03/17/2013 10:07:00,76,4.343311395,56,14,-92,1
03/17/2013 10:08:00,76,4.3457064,56,14,-94,1
03/17/2013 10:09:00,76,4.348101405,59,14,-96,1
03/17/2013 10:10:00,76,4.35049641,61,14,-96,1
03/17/2013 10:11:00,76,4.352891415,63,13,-97,1
03/17/2013 10:12:00,76,4.35528642,64,14,-99,1
03/17/2013 10:13:00,76,4.372403154,66,14,-100,1
03/17/2013 10:14:00,76,4.389519888,69,15,-101,1
03/17/2013 10:15:00,76,4.406636622,71,15,-102,1
03/17/2013 10:16:00,76,4.423753356,71,16,-103,1
03/17/2013 10:17:00,76,4.44087009,72,17,-103,1
03/17/2013 10:18:00,76,4.473733246,68,17,-101,1
03/17/2013 10:19:00,76,4.506596403,65,17,-102,1
03/17/2013 10:20:00,76,4.539459559,63,17,-104,1
03/17/2013 10:21:00,76,4.572322716,60,17,-104,1
03/17/2013 10:22:00,76,4.605185872,57,16,-104,1
03/17/2013 10:23:00,76,4.633284306,56,15,-104,1
03/17/2013 10:24:00,76,4.66138274,56,14,-104,1
03/17/2013 10:25:00,76,4.689481174,55,14,-106,1
03/17/2013 10:26:00,76,4.717579608,55,13,-106,1
03/17/2013 10:27:00,76,4.745678042,54,13,-107,1
03/17/2013 10:28:00,76,4.760913134,55,12,-106,1
03/17/2013 10:29:00,76,4.776148225,55,12,-105,1
03/17/2013 10:30:00,76,4.791383317,54,11,-104,1
03/17/2013 10:31:00,76,4.806618409,54,10,-103,1
03/17/2013 10:32:00,76,4.821853501,54,10,-103,1
03/17/2013 10:33:00,76,4.816059778,55,10,-102,1
03/17/2013 10:34:00,76,4.810266056,54,10,-101,1
03/17/2013 10:35:00,76,4.804472334,55,9,-101,1
03/17/2013 10:36:00,76,4.798678611,56,8,-100,1
03/17/2013 10:37:00,76,4.792884889,57,8,-99,1
03/17/2013 10:38:00,76,4.788431765,59,8,-99,1
03/17/2013 10:39:00,76,4.78397864,61,8,-100,1
03/17/2013 10:40:00,76,4.779525515,61,8,-100,1
03/17/2013 10:41:00,76,4.775072391,61,7,-98,1
03/17/2013 10:42:00,76,4.770619266,60,7,-98,1
03/17/2013 10:43:00,76,4.77866345,59,6,-98,1
03/17/2013 10:44:00,76,4.786707634,61,6,-97,1
03/17/2013 10:45:00,76,4.794751819,61,6,-97,1
03/17/2013 10:46:00,76,4.802796003,60,5,-97,1
03/17/2013 10:47:00,76,4.810840187,59,5,-97,1
03/17/2013 10:48:00,76,4.76979053,59,4,-97,1
03/17/2013 10:49:00,76,4.728740872,59,5,-97,1
03/17/2013 10:50:00,76,4.687691215,60,4,-96,1
03/17/2013 10:51:00,76,4.646641557,59,4,-95,1
03/17/2013 10:52:00,76,4.6055919,58,4,-95,1
03/17/2013 10:53:00,76,4.549973934,57,4,-94,1
03/17/2013 10:54:00,76,4.494355968,58,4,-94,1
03/17/2013 10:55:00,76,4.438738002,57,4,-93,1
03/17/2013 10:56:00,76,4.383120036,58,4,-92,1
03/17/2013 10:57:00,76,4.327502071,58,4,-91,1
03/17/2013 10:58:00,76,4.269955277,58,3,-90,1
03/17/2013 10:59:00,76,4.212408483,57,3,-91,1
03/17/2013 11:00:00,76,4.154861689,57,2,-91,1
03/17/2013 11:01:00,76,4.097314895,59,2,-90,1
03/17/2013 11:02:00,76,4.039768101,59,2,-87,1
03/17/2013 11:03:00,76,3.996789821,58,1,-86,1
03/17/2013 11:04:00,76,3.953811541,59,1,-85,1
03/17/2013 11:05:00,76,3.910833261,57,0,-83,1
03/17/2013 11:06:00,76,3.86785498,58,-1,-79,1
03/17/2013 11:07:00,76,3.8248767,54,-2,-77,1
03/17/2013 11:08:00,76,3.813633361,52,-2,-74,1
03/17/2013 11:09:00,76,3.802390022,52,-3,-72,1
03/17/2013 11:10:00,76,3.791146683,56,-3,-70,1
03/17/2013 11:11:00,76,3.779903345,56,-4,-69,1
03/17/2013 11:12:00,76,3.768660006,57,-4,-70,1
03/17/2013 11:13:00,76,3.770047481,61,-3,-70,1
03/17/2013 11:14:00,76,3.771434957,62,-3,-70,1
03/17/2013 11:15:00,76,3.772822433,60,-2,-70,1
03/17/2013 11:16:00,76,3.774209909,62,-3,-71,1
03/17/2013 11:17:00,76,3.775597384,62,-2,-72,1
03/17/2013 11:18:00,76,3.807569228,61,-1,-73,1
03/17/2013 11:19:00,76,3.839541071,61,-1,-74,1
03/17/2013 11:20:00,76,3.871512915,62,-1,-75,1
03/17/2013 11:21:00,76,3.903484759,63,0,-76,1
03/17/2013 11:22:00,76,3.935456602,65,0,-76,1
03/17/2013 11:23:00,76,3.989484288,65,0,-77,1
03/17/2013 11:24:00,76,4.043511974,63,0,-78,1
03/17/2013 11:25:00,76,4.09753966,64,1,-79,1
03/17/2013 11:26:00,76,4.151567346,64,1,-80,1
03/17/2013 11:27:00,76,4.205595032,65,1,-81,1
03/17/2013 11:28:00,76,4.231990766,66,0,-81,1
03/17/2013 11:29:00,76,4.2583865,67,0,-82,1
03/17/2013 11:30:00,76,4.284782233,69,0,-82,1
03/17/2013 11:31:00,76,4.311177967,69,-1,-83,1
03/17/2013 11:32:00,76,4.337573701,70,-1,-84,1
03/17/2013 11:33:00,76,4.358533747,71,-2,-85,1
03/17/2013 11:34:00,76,4.379493792,72,-2,-86,1
03/17/2013 11:35:00,76,4.400453838,72,-3,-86,1
03/17/2013 11:36:00,76,4.421413883,73,-3,-86,1
03/17/2013 11:37:00,76,4.442373929,74,-4,-87,1
03/17/2013 11:38:00,76,4.480619438,72,-4,-88,1
03/17/2013 11:39:00,76,4.518864947,71,-5,-90,1
03/17/2013 11:40:00,76,4.557110457,72,-6,-91,1
03/17/2013 11:41:00,76,4.595355966,73,-6,-91,1
03/17/2013 11:42:00,76,4.633601475,74,-7,-89,1
03/17/2013 11:43:00,76,4.655596732,74,-8,-88,1
03/17/2013 11:44:00,76,4.677591989,75,-9,-89,1
03/17/2013 11:45:00,76,4.699587246,76,-10,-91,1
03/17/2013 11:46:00,76,4.721582502,78,-10,-93,1
03/17/2013 11:47:00,76,4.743577759,84,-10,-95,1
03/17/2013 11:48:00,76,4.757162668,83,-9,-96,1
03/17/2013 11:49:00,76,4.770747577,89,-8,-96,1
03/17/2013 11:50:00,76,4.784332486,91,-8,-97,1
03/17/2013 11:51:00,76,4.797917395,98,-9,-98,1
03/17/2013 11:52:00,76,4.811502304,104,-9,-100,1
03/17/2013 11:53:00,76,4.789666465,108,-9,-104,1
03/17/2013 11:54:00,76,4.767830626,109,-9,-105,1
03/17/2013 11:55:00,76,4.745994787,108,-9,-107,1
03/17/2013 11:56:00,76,4.724158948,106,-8,-107,1
03/17/2013 11:57:00,76,4.702323109,105,-7,-107,1
03/17/2013 11:58:00,76,4.694050248,103,-6,-106,1
03/17/2013 11:59:00,76,4.685777387,99,-5,-105,1
03/17/2013 12:00:00,76,4.677504525,97,-5,-104,1
03/17/2013 12:01:00,76,4.669231664,94,-4,-102,1
03/17/2013 12:02:00,76,4.660958802,89,-4,-100,1
03/17/2013 12:03:00,76,4.641180703,85,-3,-97,1
03/17/2013 12:04:00,76,4.621402603,86,-4,-95,1
03/17/2013 12:05:00,76,4.601624503,92,-4,-93,1
03/17/2013 12:06:00,76,4.581846403,98,-4,-94,1
03/17/2013 12:07:00,76,4.562068303,108,-4,-94,1
03/17/2013 12:08:00,76,4.554895723,119,-5,-94,1
03/17/2013 12:09:00,76,4.547723142,121,-5,-94,1
03/17/2013 12:10:00,76,4.540550561,123,-5,-93,1
03/17/2013 12:11:00,76,4.533377981,126,-4,-92,1
03/17/2013 12:12:00,76,4.5262054,135,-3,-91,1
03/17/2013 12:13:00,76,4.509003342,141,-2,-90,1
03/17/2013 12:14:00,76,4.491801284,148,-1,-88,1
03/17/2013 12:15:00,76,4.474599226,148,-1,-86,1
03/17/2013 12:16:00,76,4.457397168,150,-1,-85,1
03/17/2013 12:17:00,76,4.440195109,156,-1,-86,1
03/17/2013 12:18:00,76,4.419672451,163,-1,-87,1
03/17/2013 12:19:00,76,4.399149793,168,0,-87,1
03/17/2013 12:20:00,76,4.378627135,168,1,-86,1
03/17/2013 12:21:00,76,4.358104477,170,1,-85,1
03/17/2013 12:22:00,76,4.337581819,172,2,-85,1
03/17/2013 12:23:00,76,4.280945972,173,2,-84,1
03/17/2013 12:24:00,76,4.224310125,171,2,-84,1
03/17/2013 12:25:00,76,4.167674278,168,2,-83,1
03/17/2013 12:26:00,76,4.111038431,166,3,-83,1
03/17/2013 12:27:00,76,4.054402584,165,4,-83,1
03/17/2013 12:28:00,76,4.031642994,171,4,-83,1
03/17/2013 12:29:00,76,4.008883403,170,4,-82,1
03/17/2013 12:30:00,76,3.986123812,168,3,-80,1
03/17/2013 12:31:00,76,3.963364221,157,2,-81,1
03/17/2013 12:32:00,76,3.940604631,153,2,-81,1
03/17/2013 12:33:00,76,3.889136757,153,2,-81,1
03/17/2013 12:34:00,76,3.837668884,147,2,-82,1
03/17/2013 12:35:00,76,3.786201011,143,3,-82,1
03/17/2013 12:36:00,76,3.734733137,142,3,-81,1
03/17/2013 12:37:00,76,3.683265264,138,3,-81,1
03/17/2013 12:38:00,76,3.6520388,134,3,-82,1
03/17/2013 12:39:00,76,3.620812336,126,3,-82,1
03/17/2013 12:40:00,76,3.589585872,118,4,-82,1
03/17/2013 12:41:00,76,3.558359408,122,5,-85,1
03/17/2013 12:42:00,76,3.527132944,127,5,-86,1
03/17/2013 12:43:00,76,3.478498138,128,5,-86,1
03/17/2013 12:44:00,76,3.429863331,135,4,-85,1
03/17/2013 12:45:00,76,3.381228524,134,3,-86,1
03/17/2013 12:46:00,76,3.332593717,141,3,-84,1
03/17/2013 12:47:00,76,3.28395891,148,1,-83,1
03/17/2013 12:48:00,76,3.243688175,150,1,-83,1
03/17/2013 12:49:00,76,3.203417439,148,1,-85,1
03/17/2013 12:50:00,76,3.163146704,150,0,-84,1
03/17/2013 12:51:00,76,3.122875969,150,-2,-85,1
03/17/2013 12:52:00,76,3.082605233,145,-1,-87,1
03/17/2013 12:53:00,76,3.042725707,145,0,-88,1
03/17/2013 12:54:00,76,3.002846181,148,0,-89,1
03/17/2013 12:55:00,76,2.962966654,155,-2,-87,1
03/17/2013 12:56:00,76,2.923087128,151,-2,-88,1
03/17/2013 12:57:00,76,2.883207601,150,-3,-88,1
03/17/2013 12:58:00,76,2.827993343,147,-3,-89,1
03/17/2013 12:59:00,76,2.772779084,146,-3,-89,1
03/17/2013 13:00:00,76,2.717564826,144,-4,-89,1
03/17/2013 13:01:00,76,2.662350567,140,-4,-89,1
03/17/2013 13:02:00,76,2.607136309,140,-5,-88,1
03/17/2013 13:03:00,76,2.566660634,133,-6,-88,1
03/17/2013 13:04:00,76,2.526184959,129,-6,-88,1
03/17/2013 13:05:00,76,2.485709284,127,-5,-88,1
03/17/2013 13:06:00,76,2.445233609,124,-5,-88,1
03/17/2013 13:07:00,76,2.404757934,117,-5,-89,1
03/17/2013 13:08:00,76,2.351676623,114,-5,-90,1
03/17/2013 13:09:00,76,2.298595311,115,-5,-89,1
03/17/2013 13:10:00,76,2.245513999,108,-5,-90,1
03/17/2013 13:11:00,76,2.192432687,108,-5,-90,1
03/17/2013 13:12:00,76,2.139351376,112,-4,-89,1
03/17/2013 13:13:00,76,2.101185714,106,-5,-89,1
03/17/2013 13:14:00,76,2.063020052,105,-5,-89,1
03/17/2013 13:15:00,76,2.02485439,102,-4,-90,1
03/17/2013 13:16:00,76,1.986688728,102,-4,-89,1
03/17/2013 13:17:00,76,1.948523066,99,-4,-88,1
03/17/2013 13:18:00,76,1.890739581,94,-4,-89,1
03/17/2013 13:19:00,76,1.832956097,92,-4,-89,1
03/17/2013 13:20:00,76,1.775172612,93,-4,-90,1
03/17/2013 13:21:00,76,1.717389127,92,-3,-89,1
03/17/2013 13:22:00,76,1.659605642,89,-3,-89,1
03/17/2013 13:23:00,76,1.635153292,88,-3,-89,1
03/17/2013 13:24:00,76,1.610700942,85,-2,-88,1
03/17/2013 13:25:00,76,1.586248592,82,-3,-88,1
03/17/2013 13:26:00,76,1.561796242,81,-2,-88,1
03/17/2013 13:27:00,76,1.537343892,78,-2,-88,1
03/17/2013 13:28:00,76,1.503637362,78,-1,-88,1
03/17/2013 13:29:00,76,1.469930833,78,-1,-88,1
03/17/2013 13:30:00,76,1.436224304,74,-1,-87,1
03/17/2013 13:31:00,76,1.402517774,74,-1,-87,1
03/17/2013 13:32:00,76,1.368811245,73,0,-86,1
03/17/2013 13:33:00,76,1.319723612,73,-1,-86,1
03/17/2013 13:34:00,76,1.270635979,70,0,-85,1
03/17/2013 13:35:00,76,1.221548347,65,1,-85,1
03/17/2013 13:36:00,76,1.172460714,63,2,-83,1
03/17/2013 13:37:00,76,1.123373081,53,2,-81,1
03/17/2013 13:38:00,76,1.084253857,36,2,-80,1
03/17/2013 13:39:00,76,1.045134634,34,3,-80,1
03/17/2013 13:40:00,76,1.00601541,42,4,-80,1
03/17/2013 13:41:00,76,0.966896186,48,5,-80,1
03/17/2013 13:42:00,76,0.927776962,52,5,-80,1
03/17/2013 13:43:00,76,0.852000469,53,5,-79,1
03/17/2013 13:44:00,76,0.776223976,51,4,-79,1
03/17/2013 13:45:00,76,0.700447483,51,4,-79,1
03/17/2013 13:46:00,76,0.62467099,53,4,-79,1
03/17/2013 13:47:00,76,0.548894497,56,4,-80,1
03/17/2013 13:48:00,76,0.497357392,58,3,-81,1
03/17/2013 13:49:00,76,0.445820287,64,3,-81,1
03/17/2013 13:50:00,76,0.394283182,65,3,-81,1
03/17/2013 13:51:00,76,0.342746077,66,2,-82,1
03/17/2013 13:52:00,76,0.291208972,69,2,-82,1
03/17/2013 13:53:00,76,0.237763799,69,2,-82,1
03/17/2013 13:54:00,76,0.184318625,69,2,-82,1
03/17/2013 13:55:00,76,0.130873451,69,1,-83,1
03/17/2013 13:56:00,76,0.077428277,70,1,-84,1
03/17/2013 13:57:00,76,0.023983103,69,0,-84,1
03/17/2013 13:58:00,76,-0.028012301,70,0,-85,1
03/17/2013 13:59:00,76,-0.080007706,73,-1,-85,1
03/17/2013 14:00:00,76,-0.13200311,72,-1,-85,1
03/17/2013 14:01:00,76,-0.183998515,70,-2,-86,1
03/17/2013 14:02:00,76,-0.235993919,71,-3,-86,1
03/17/2013 14:03:00,76,-0.301902438,72,-3,-87,1
03/17/2013 14:04:00,76,-0.367810956,76,-4,-87,1
03/17/2013 14:05:00,76,-0.433719475,76,-4,-88,1
03/17/2013 14:06:00,76,-0.499627993,74,-5,-88,1
03/17/2013 14:07:00,76,-0.565536511,71,-5,-88,1
03/17/2013 14:08:00,76,-0.647457631,70,-5,-89,1
03/17/2013 14:09:00,76,-0.729378751,70,-5,-89,1
03/17/2013 14:10:00,76,-0.811299871,62,-4,-89,1
03/17/2013 14:11:00,76,-0.893220991,58,-4,-89,1
03/17/2013 14:12:00,76,-0.975142111,56,-3,-89,1
03/17/2013 14:13:00,76,-1.037810765,50,-3,-88,1
03/17/2013 14:14:00,76,-1.100479419,49,-2,-88,1
03/17/2013 14:15:00,76,-1.163148072,43,-1,-88,1
03/17/2013 14:16:00,76,-1.225816726,42,0,-88,1
03/17/2013 14:17:00,76,-1.288485379,40,0,-88,1
03/17/2013 14:18:00,76,-1.333932153,34,0,-88,1
03/17/2013 14:19:00,76,-1.379378927,33,-1,-88,1
03/17/2013 14:20:00,76,-1.4248257,32,-2,-88,1
03/17/2013 14:21:00,76,-1.470272474,31,-2,-88,1
03/17/2013 14:22:00,76,-1.515719247,29,-2,-90,1
03/17/2013 14:23:00,76,-1.561023193,29,-1,-89,1
03/17/2013 14:24:00,76,-1.606327138,29,-1,-89,1
03/17/2013 14:25:00,76,-1.651631084,30,0,-90,1
03/17/2013 14:26:00,76,-1.69693503,37,0,-91,1
03/17/2013 14:27:00,76,-1.742238975,39,0,-91,1
03/17/2013 14:28:00,76,-1.769866844,40,-1,-92,1
03/17/2013 14:29:00,76,-1.797494713,41,-2,-93,1
03/17/2013 14:30:00,76,-1.825122582,41,-3,-94,1
03/17/2013 14:31:00,76,-1.852750451,45,-4,-94,1
03/17/2013 14:32:00,76,-1.88037832,43,-4,-95,1
03/17/2013 14:33:00,76,-1.905482936,46,-4,-95,1
03/17/2013 14:34:00,76,-1.930587551,52,-3,-95,1
03/17/2013 14:35:00,76,-1.955692167,51,-4,-96,1
03/17/2013 14:36:00,76,-1.980796783,49,-4,-96,1
03/17/2013 14:37:00,76,-2.005901398,50,-5,-96,1
03/17/2013 14:38:00,76,-2.040771135,52,-5,-96,1
03/17/2013 14:39:00,76,-2.075640872,58,-6,-95,1
03/17/2013 14:40:00,76,-2.11051061,55,-7,-94,1
03/17/2013 14:41:00,76,-2.145380347,55,-7,-93,1
03/17/2013 14:42:00,76,-2.180250084,49,-7,-93,1
03/17/2013 14:43:00,76,-2.205581464,46,-6,-94,1
03/17/2013 14:44:00,76,-2.230912843,57,-6,-93,1
03/17/2013 14:45:00,76,-2.256244223,62,-7,-91,1
03/17/2013 14:46:00,76,-2.281575603,61,-9,-91,1
03/17/2013 14:47:00,76,-2.306906983,55,-9,-91,1
03/17/2013 14:48:00,76,-2.3316059,54,-8,-93,1
03/17/2013 14:49:00,76,-2.356304816,58,-7,-93,1
03/17/2013 14:50:00,76,-2.381003733,59,-6,-93,1
03/17/2013 14:51:00,76,-2.40570265,57,-6,-93,1
03/17/2013 14:52:00,76,-2.430401567,56,-6,-93,1
03/17/2013 14:53:00,76,-2.45099419,53,-6,-94,1
03/17/2013 14:54:00,76,-2.471586812,54,-5,-94,1
03/17/2013 14:55:00,76,-2.492179435,57,-5,-94,1
03/17/2013 14:56:00,76,-2.512772058,60,-5,-92,1
03/17/2013 14:57:00,76,-2.53336468,58,-5,-92,1
03/17/2013 14:58:00,76,-2.55015268,56,-4,-92,1
03/17/2013 14:59:00,76,-2.566940679,53,-4,-92,1
03/17/2013 15:00:00,76,-2.583728679,57,-3,-92,1
03/17/2013 15:01:00,76,-2.600516679,62,-3,-91,1
03/17/2013 15:02:00,76,-2.617304678,64,-3,-90,1
03/17/2013 15:03:00,76,-2.639981013,65,-3,-89,1
03/17/2013 15:04:00,76,-2.662657347,68,-3,-87,1
03/17/2013 15:05:00,76,-2.685333682,67,-3,-87,1
03/17/2013 15:06:00,76,-2.708010016,65,-3,-86,1
03/17/2013 15:07:00,76,-2.73068635,65,-2,-86,1
03/17/2013 15:08:00,76,-2.742141276,69,-2,-85,1
03/17/2013 15:09:00,76,-2.753596201,70,-2,-85,1
03/17/2013 15:10:00,76,-2.765051127,70,-2,-85,1
03/17/2013 15:11:00,76,-2.776506052,71,-2,-85,1
03/17/2013 15:12:00,76,-2.787960978,71,-1,-85,1
03/17/2013 15:13:00,76,-2.79268581,76,-1,-84,1
03/17/2013 15:14:00,76,-2.797410643,77,0,-84,1
03/17/2013 15:15:00,76,-2.802135475,77,0,-84,1
03/17/2013 15:16:00,76,-2.806860308,75,0,-84,1
03/17/2013 15:17:00,76,-2.81158514,76,0,-85,1
03/17/2013 15:18:00,76,-2.825482439,75,1,-85,1
03/17/2013 15:19:00,76,-2.839379738,74,1,-84,1
03/17/2013 15:20:00,76,-2.853277037,71,1,-85,1
03/17/2013 15:21:00,76,-2.867174336,67,1,-85,1
03/17/2013 15:22:00,76,-2.881071636,66,2,-85,1
03/17/2013 15:23:00,76,-2.910039885,64,2,-85,1
03/17/2013 15:24:00,76,-2.939008134,64,2,-85,1
03/17/2013 15:25:00,76,-2.967976384,65,2,-85,1
03/17/2013 15:26:00,76,-2.996944633,64,2,-86,1
03/17/2013 15:27:00,76,-3.025912882,60,2,-85,1
03/17/2013 15:28:00,76,-3.032593579,58,3,-85,1
03/17/2013 15:29:00,76,-3.039274275,56,3,-85,1
03/17/2013 15:30:00,76,-3.045954972,55,4,-86,1
03/17/2013 15:31:00,76,-3.052635668,54,3,-86,1
03/17/2013 15:32:00,76,-3.059316365,53,4,-86,1
03/17/2013 15:33:00,76,-3.070475051,52,3,-86,1
03/17/2013 15:34:00,76,-3.081633737,52,3,-87,1
03/17/2013 15:35:00,76,-3.092792423,52,3,-87,1
03/17/2013 15:36:00,76,-3.103951109,51,3,-88,1
03/17/2013 15:37:00,76,-3.115109795,50,3,-88,1
03/17/2013 15:38:00,76,-3.125217222,51,3,-88,1
03/17/2013 15:39:00,76,-3.135324649,52,3,-88,1
03/17/2013 15:40:00,76,-3.145432075,51,3,-89,1
03/17/2013 15:41:00,76,-3.155539502,49,3,-90,1
03/17/2013 15:42:00,76,-3.165646929,51,3,-90,1
03/17/2013 15:43:00,76,-3.174601572,51,3,-90,1
03/17/2013 15:44:00,76,-3.183556215,48,3,-90,1
03/17/2013 15:45:00,76,-3.192510857,48,4,-91,1
03/17/2013 15:46:00,76,-3.2014655,48,4,-91,1
03/17/2013 15:47:00,76,-3.210420143,51,4,-92,1
03/17/2013 15:48:00,76,-3.220046443,55,4,-92,1
03/17/2013 15:49:00,76,-3.229672742,60,3,-91,1
03/17/2013 15:50:00,76,-3.239299041,64,3,-90,1
03/17/2013 15:51:00,76,-3.24892534,68,4,-89,1
03/17/2013 15:52:00,76,-3.258551639,73,5,-89,1
03/17/2013 15:53:00,76,-3.263559988,75,6,-88,1
03/17/2013 15:54:00,76,-3.268568338,77,8,-88,1
03/17/2013 15:55:00,76,-3.273576688,78,9,-87,1
03/17/2013 15:56:00,76,-3.278585037,77,9,-86,1
03/17/2013 15:57:00,76,-3.283593387,77,9,-85,1
03/17/2013 15:58:00,76,-3.281810684,79,8,-84,1
03/17/2013 15:59:00,76,-3.280027981,79,7,-83,1
03/17/2013 16:00:00,76,-3.278245279,83,6,-83,1
03/17/2013 16:01:00,76,-3.276462576,85,5,-82,1
03/17/2013 16:02:00,76,-3.274679873,87,4,-81,1
03/17/2013 16:03:00,76,-3.269209529,91,3,-81,1
03/17/2013 16:04:00,76,-3.263739185,96,2,-82,1
03/17/2013 16:05:00,76,-3.258268842,99,-1,-82,1
03/17/2013 16:06:00,76,-3.252798498,100,-2,-82,1
03/17/2013 16:07:00,76,-3.247328154,100,-3,-83,1
03/17/2013 16:08:00,76,-3.260748367,101,-3,-84,1
03/17/2013 16:09:00,76,-3.27416858,103,-4,-85,1
03/17/2013 16:10:00,76,-3.287588792,103,-5,-87,1
03/17/2013 16:11:00,76,-3.301009005,101,-6,-87,1
03/17/2013 16:12:00,76,-3.314429218,98,-6,-88,1
03/17/2013 16:13:00,76,-3.318901652,96,-6,-88,1
03/17/2013 16:14:00,76,-3.323374085,93,-6,-87,1
03/17/2013 16:15:00,76,-3.327846518,94,-6,-87,1
03/17/2013 16:16:00,76,-3.332318952,94,-6,-87,1
03/17/2013 16:17:00,76,-3.336791385,88,-7,-86,1
03/17/2013 16:18:00,76,-3.375147263,87,-7,-85,1
03/17/2013 16:19:00,76,-3.413503141,85,-9,-85,1
03/17/2013 16:20:00,76,-3.451859018,82,-10,-85,1
03/17/2013 16:21:00,76,-3.490214896,84,-11,-86,1
03/17/2013 16:22:00,76,-3.528570774,87,-11,-86,1
03/17/2013 16:23:00,76,-3.575464289,88,-11,-87,1
03/17/2013 16:24:00,76,-3.622357803,88,-11,-87,1
03/17/2013 16:25:00,76,-3.669251318,86,-11,-87,1
03/17/2013 16:26:00,76,-3.716144833,85,-10,-87,1
03/17/2013 16:27:00,76,-3.763038348,84,-9,-87,1
03/17/2013 16:28:00,76,-3.795125879,84,-9,-87,1
03/17/2013 16:29:00,76,-3.827213409,87,-8,-87,1
03/17/2013 16:30:00,76,-3.859300939,89,-8,-87,1
03/17/2013 16:31:00,76,-3.89138847,90,-8,-87,1
03/17/2013 16:32:00,76,-3.923476,92,-8,-87,1
03/17/2013 16:33:00,76,-3.948947812,94,-7,-87,1
03/17/2013 16:34:00,76,-3.974419623,94,-8,-86,1
03/17/2013 16:35:00,76,-3.999891435,95,-9,-86,1
03/17/2013 16:36:00,76,-4.025363246,95,-9,-86,1
03/17/2013 16:37:00,76,-4.050835058,96,-9,-86,1
03/17/2013 16:38:00,76,-4.10752378,97,-9,-86,1
03/17/2013 16:39:00,76,-4.164212502,99,-9,-86,1
03/17/2013 16:40:00,76,-4.220901224,100,-9,-87,1
03/17/2013 16:41:00,76,-4.277589946,102,-9,-88,1
03/17/2013 16:42:00,76,-4.334278668,104,-10,-88,1
03/17/2013 16:43:00,76,-4.381938685,105,-10,-88,1
03/17/2013 16:44:00,76,-4.429598702,107,-10,-89,1
03/17/2013 16:45:00,76,-4.477258719,109,-10,-89,1
03/17/2013 16:46:00,76,-4.524918737,109,-10,-90,1
03/17/2013 16:47:00,76,-4.572578754,109,-10,-90,1
03/17/2013 16:48:00,76,-4.60410702,109,-10,-90,1
03/17/2013 16:49:00,76,-4.635635286,109,-10,-90,1
03/17/2013 16:50:00,76,-4.667163551,109,-10,-89,1
03/17/2013 16:51:00,76,-4.698691817,109,-10,-90,1
03/17/2013 16:52:00,76,-4.730220083,109,-10,-90,1
03/17/2013 16:53:00,76,-4.783941579,110,-10,-90,1
03/17/2013 16:54:00,76,-4.837663075,110,-10,-90,1
03/17/2013 16:55:00,76,-4.89138457,109,-10,-90,1
03/17/2013 16:56:00,76,-4.945106066,109,-10,-91,1
03/17/2013 16:57:00,76,-4.998827562,107,-10,-92,1
03/17/2013 16:58:00,76,-5.025409754,108,-10,-91,1
03/17/2013 16:59:00,76,-5.051991945,110,-11,-91,1
03/17/2013 17:00:00,76,-5.078574137,114,-10,-90,1
03/17/2013 17:01:00,76,-5.105156329,113,-10,-90,1
03/17/2013 17:02:00,76,-5.131738521,112,-10,-90,1
03/17/2013 17:03:00,76,-5.189424014,111,-10,-91,1
03/17/2013 17:04:00,76,-5.247109507,112,-10,-92,1
03/17/2013 17:05:00,76,-5.304795,114,-10,-91,1
03/17/2013 17:06:00,76,-5.362480493,114,-10,-92,1
03/17/2013 17:07:00,76,-5.420165986,115,-10,-93,1
03/17/2013 17:08:00,76,-5.472909824,113,-10,-94,1
03/17/2013 17:09:00,76,-5.525653662,114,-9,-95,1
03/17/2013 17:10:00,76,-5.5783975,113,-10,-95,1
03/17/2013 17:11:00,76,-5.631141337,114,-10,-96,1
03/17/2013 17:12:00,76,-5.683885175,114,-10,-97,1
03/17/2013 17:13:00,76,-5.711598042,114,-10,-96,1
03/17/2013 17:14:00,76,-5.73931091,112,-9,-96,1
03/17/2013 17:15:00,76,-5.767023777,111,-9,-96,1
03/17/2013 17:16:00,76,-5.794736644,112,-8,-94,1
03/17/2013 17:17:00,76,-5.822449511,111,-8,-94,1
03/17/2013 17:18:00,76,-5.849892733,110,-7,-94,1
03/17/2013 17:19:00,76,-5.877335955,107,-7,-94,1
03/17/2013 17:20:00,76,-5.904779177,106,-7,-94,1
03/17/2013 17:21:00,76,-5.932222399,105,-7,-94,1
03/17/2013 17:22:00,76,-5.959665621,103,-7,-95,1
03/17/2013 17:23:00,76,-5.956588428,102,-7,-95,1
03/17/2013 17:24:00,76,-5.953511235,99,-7,-95,1
03/17/2013 17:25:00,76,-5.950434042,99,-7,-95,1
03/17/2013 17:26:00,76,-5.94735685,98,-7,-96,1
03/17/2013 17:27:00,76,-5.944279657,96,-7,-97,1
03/17/2013 17:28:00,76,-5.95552875,96,-7,-97,1
03/17/2013 17:29:00,76,-5.966777844,95,-7,-98,1
03/17/2013 17:30:00,76,-5.978026938,96,-7,-98,1
03/17/2013 17:31:00,76,-5.989276031,95,-6,-99,1
03/17/2013 17:32:00,76,-6.000525125,93,-6,-99,1
03/17/2013 17:33:00,76,-6.031066655,92,-6,-99,1
03/17/2013 17:34:00,76,-6.061608184,92,-5,-99,1
03/17/2013 17:35:00,76,-6.092149714,91,-5,-99,1
03/17/2013 17:36:00,76,-6.122691244,90,-4,-99,1
03/17/2013 17:37:00,76,-6.153232773,90,-4,-99,1
03/17/2013 17:38:00,76,-6.187767249,89,-4,-100,1
03/17/2013 17:39:00,76,-6.222301724,89,-4,-100,1
03/17/2013 17:40:00,76,-6.256836199,90,-4,-101,1
03/17/2013 17:41:00,76,-6.291370675,89,-4,-102,1
03/17/2013 17:42:00,76,-6.32590515,91,-3,-103,1
03/17/2013 17:43:00,76,-6.365769311,91,-3,-104,1
03/17/2013 17:44:00,76,-6.405633473,92,-3,-104,1
03/17/2013 17:45:00,76,-6.445497634,93,-3,-103,1
03/17/2013 17:46:00,76,-6.485361796,95,-3,-104,1
03/17/2013 17:47:00,76,-6.525225957,96,-3,-104,1
03/17/2013 17:48:00,76,-6.561092634,97,-3,-104,1
03/17/2013 17:49:00,76,-6.596959311,96,-3,-104,1
03/17/2013 17:50:00,76,-6.632825988,97,-3,-105,1
03/17/2013 17:51:00,76,-6.668692665,99,-3,-106,1
03/17/2013 17:52:00,76,-6.704559343,100,-3,-105,1
03/17/2013 17:53:00,76,-6.720405485,103,-3,-105,1
03/17/2013 17:54:00,76,-6.736251627,103,-3,-104,1
03/17/2013 17:55:00,76,-6.752097769,105,-3,-104,1
03/17/2013 17:56:00,76,-6.767943911,107,-3,-104,1
03/17/2013 17:57:00,76,-6.783790054,108,-3,-104,1
03/17/2013 17:58:00,76,-6.81355538,111,-3,-103,1
03/17/2013 17:59:00,76,-6.843320706,113,-3,-104,1
03/17/2013 18:00:00,76,-6.873086032,116,-3,-104,1
03/17/2013 18:01:00,76,-6.902851359,116,-3,-103,1
03/17/2013 18:02:00,76,-6.932616685,114,-2,-101,1
03/17/2013 18:03:00,76,-6.932934621,109,-3,-98,1
03/17/2013 18:04:00,76,-6.933252557,102,-3,-96,1
03/17/2013 18:05:00,76,-6.933570494,97,-3,-95,1
03/17/2013 18:06:00,76,-6.93388843,94,-2,-93,1
03/17/2013 18:07:00,76,-6.934206366,94,-3,-93,1
03/17/2013 18:08:00,76,-6.89545926,92,-3,-94,1
03/17/2013 18:09:00,76,-6.856712153,88,-2,-94,1
03/17/2013 18:10:00,76,-6.817965047,85,0,-94,1
03/17/2013 18:11:00,76,-6.77921794,82,1,-94,1
03/17/2013 18:12:00,76,-6.740470834,80,2,-94,1
03/17/2013 18:13:00,76,-6.700248698,79,2,-93,1
03/17/2013 18:14:00,76,-6.660026562,79,3,-94,1
03/17/2013 18:15:00,76,-6.619804426,78,3,-94,1
03/17/2013 18:16:00,76,-6.57958229,78,3,-95,1
03/17/2013 18:17:00,76,-6.539360155,79,3,-96,1
03/17/2013 18:18:00,76,-6.462071097,81,3,-96,1
03/17/2013 18:19:00,76,-6.38478204,83,3,-98,1
03/17/2013 18:20:00,76,-6.307492982,84,3,-99,1
03/17/2013 18:21:00,76,-6.230203925,87,3,-100,1
03/17/2013 18:22:00,76,-6.152914868,88,3,-101,1
03/17/2013 18:23:00,76,-6.085464,85,4,-101,1
03/17/2013 18:24:00,76,-6.018013133,87,4,-101,1
03/17/2013 18:25:00,76,-5.950562266,86,4,-100,1
03/17/2013 18:26:00,76,-5.883111398,83,3,-99,1
03/17/2013 18:27:00,76,-5.815660531,78,3,-99,1
03/17/2013 18:28:00,76,-5.741438946,72,3,-97,1
03/17/2013 18:29:00,76,-5.667217361,65,4,-97,1
03/17/2013 18:30:00,76,-5.592995776,61,3,-96,1
03/17/2013 18:31:00,76,-5.518774191,61,3,-95,1
03/17/2013 18:32:00,76,-5.444552606,58,3,-94,1
03/17/2013 18:33:00,76,-5.383941199,56,3,-95,1
03/17/2013 18:34:00,76,-5.323329791,54,3,-94,1
03/17/2013 18:35:00,76,-5.262718383,55,3,-94,1
03/17/2013 18:36:00,76,-5.202106975,55,3,-94,1
03/17/2013 18:37:00,76,-5.141495567,57,3,-96,1
03/17/2013 18:38:00,76,-5.107712988,58,3,-96,1
03/17/2013 18:39:00,76,-5.073930409,59,3,-97,1
03/17/2013 18:40:00,76,-5.04014783,59,3,-96,1
03/17/2013 18:41:00,76,-5.006365251,58,3,-96,1
03/17/2013 18:42:00,76,-4.972582672,58,4,-96,1
03/17/2013 18:43:00,76,-4.908839553,58,3,-96,1
03/17/2013 18:44:00,76,-4.845096435,59,3,-96,1
03/17/2013 18:45:00,76,-4.781353317,61,2,-95,1
03/17/2013 18:46:00,76,-4.717610199,65,1,-96,1
03/17/2013 18:47:00,76,-4.65386708,65,1,-97,1
03/17/2013 18:48:00,76,-4.602466552,65,1,-97,1
03/17/2013 18:49:00,76,-4.551066024,67,0,-98,1
03/17/2013 18:50:00,76,-4.499665495,71,0,-97,1
03/17/2013 18:51:00,76,-4.448264967,71,-1,-96,1
03/17/2013 18:52:00,76,-4.396864438,72,0,-95,1
03/17/2013 18:53:00,76,-4.379422148,72,0,-95,1
03/17/2013 18:54:00,76,-4.361979859,72,0,-95,1
03/17/2013 18:55:00,76,-4.344537569,71,0,-95,1
03/17/2013 18:56:00,76,-4.327095279,72,1,-96,1
03/17/2013 18:57:00,76,-4.30965299,75,0,-96,1
03/17/2013 18:58:00,76,-4.289457007,77,0,-97,1
03/17/2013 18:59:00,76,-4.269261024,79,0,-99,1
03/17/2013 19:00:00,76,-4.24906504,82,-1,-99,1
03/17/2013 19:01:00,76,-4.228869057,84,-1,-100,1
03/17/2013 19:02:00,76,-4.208673074,85,-1,-101,1
03/17/2013 19:03:00,76,-4.206523729,87,-2,-103,1
03/17/2013 19:04:00,76,-4.204374384,88,-3,-104,1
03/17/2013 19:05:00,76,-4.202225039,89,-3,-106,1
03/17/2013 19:06:00,76,-4.200075694,90,-4,-106,1
03/17/2013 19:07:00,76,-4.197926349,88,-4,-108,1
03/17/2013 19:08:00,76,-4.195044666,88,-5,-109,1
03/17/2013 19:09:00,76,-4.192162983,87,-5,-109,1
03/17/2013 19:10:00,76,-4.1892813,87,-5,-110,1
03/17/2013 19:11:00,76,-4.186399617,86,-5,-110,1
03/17/2013 19:12:00,76,-4.183517935,87,-5,-111,1
03/17/2013 19:13:00,76,-4.161247864,88,-5,-111,1
03/17/2013 19:14:00,76,-4.138977794,90,-5,-111,1
03/17/2013 19:15:00,76,-4.116707723,90,-5,-111,1
03/17/2013 19:16:00,76,-4.094437653,94,-5,-111,1
03/17/2013 19:17:00,76,-4.072167583,95,-5,-110,1
03/17/2013 19:18:00,76,-4.095497728,98,-6,-110,1
03/17/2013 19:19:00,76,-4.118827872,100,-6,-110,1
03/17/2013 19:20:00,76,-4.142158017,104,-7,-109,1
03/17/2013 19:21:00,76,-4.165488162,105,-7,-109,1
03/17/2013 19:22:00,76,-4.188818307,108,-8,-109,1
03/17/2013 19:23:00,76,-4.188804332,112,-8,-110,1
03/17/2013 19:24:00,76,-4.188790357,114,-9,-110,1
03/17/2013 19:25:00,76,-4.188776382,116,-9,-109,1
03/17/2013 19:26:00,76,-4.188762407,119,-8,-108,1
03/17/2013 19:27:00,76,-4.188748432,119,-9,-107,1
03/17/2013 19:28:00,76,-4.180176719,119,-9,-107,1
03/17/2013 19:29:00,76,-4.171605006,119,-10,-108,1
03/17/2013 19:30:00,76,-4.163033293,117,-10,-109,1
03/17/2013 19:31:00,76,-4.15446158,117,-11,-109,1
03/17/2013 19:32:00,76,-4.145889867,116,-11,-110,1
03/17/2013 19:33:00,76,-4.127344244,115,-12,-111,1
03/17/2013 19:34:00,76,-4.108798621,115,-12,-113,1
03/17/2013 19:35:00,76,-4.090252998,114,-12,-113,1
03/17/2013 19:36:00,76,-4.071707376,113,-13,-113,1
03/17/2013 19:37:00,76,-4.053161753,110,-13,-114,1
03/17/2013 19:38:00,76,-4.078923896,108,-13,-114,1
03/17/2013 19:39:00,76,-4.104686039,105,-12,-115,1
03/17/2013 19:40:00,76,-4.130448182,102,-12,-116,1
03/17/2013 19:41:00,76,-4.156210325,101,-11,-117,1
03/17/2013 19:42:00,76,-4.181972467,101,-10,-119,1
03/17/2013 19:43:00,76,-4.184522575,101,-9,-120,1
03/17/2013 19:44:00,76,-4.187072682,103,-9,-119,1
03/17/2013 19:45:00,76,-4.189622789,105,-9,-118,1
03/17/2013 19:46:00,76,-4.192172897,108,-8,-118,1
03/17/2013 19:47:00,76,-4.194723004,111,-8,-117,1
03/17/2013 19:48:00,76,-4.22968944,113,-8,-117,1
03/17/2013 19:49:00,76,-4.264655877,114,-7,-116,1
03/17/2013 19:50:00,76,-4.299622313,115,-7,-116,1
03/17/2013 19:51:00,76,-4.33458875,115,-7,-116,1
03/17/2013 19:52:00,76,-4.369555186,114,-7,-116,1
03/17/2013 19:53:00,76,-4.386459845,113,-7,-117,1
03/17/2013 19:54:00,76,-4.403364505,111,-8,-117,1
03/17/2013 19:55:00,76,-4.420269164,111,-8,-118,1
03/17/2013 19:56:00,76,-4.437173824,111,-8,-119,1
03/17/2013 19:57:00,76,-4.454078483,112,-8,-120,1
03/17/2013 19:58:00,76,-4.479142089,113,-8,-120,1
03/17/2013 19:59:00,76,-4.504205694,114,-8,-121,1
03/17/2013 20:00:00,76,-4.5292693,114,-8,-121,1
03/17/2013 20:01:00,76,-4.554332905,113,-8,-122,1
03/17/2013 20:02:00,76,-4.579396511,112,-7,-122,1
03/17/2013 20:03:00,76,-4.583308816,111,-7,-123,1
03/17/2013 20:04:00,76,-4.587221121,108,-7,-124,1
03/17/2013 20:05:00,76,-4.591133426,107,-7,-124,1
03/17/2013 20:06:00,76,-4.595045731,106,-7,-124,1
03/17/2013 20:07:00,76,-4.598958036,105,-7,-125,1
03/17/2013 20:08:00,76,-4.608971298,105,-7,-124,1
03/17/2013 20:09:00,76,-4.61898456,104,-7,-125,1
03/17/2013 20:10:00,76,-4.628997822,101,-7,-125,1
03/17/2013 20:11:00,76,-4.639011084,98,-7,-125,1
03/17/2013 20:12:00,76,-4.649024346,96,-6,-125,1
03/17/2013 20:13:00,76,-4.659568884,93,-6,-125,1
03/17/2013 20:14:00,76,-4.670113421,92,-6,-126,1
03/17/2013 20:15:00,76,-4.680657959,88,-6,-126,1
03/17/2013 20:16:00,76,-4.691202497,87,-6,-126,1
03/17/2013 20:17:00,76,-4.701747035,85,-6,-126,1
03/17/2013 20:18:00,76,-4.712453365,84,-6,-127,1
03/17/2013 20:19:00,76,-4.723159696,81,-7,-127,1
03/17/2013 20:20:00,76,-4.733866027,80,-7,-128,1
03/17/2013 20:21:00,76,-4.744572358,79,-7,-128,1
03/17/2013 20:22:00,76,-4.755278689,78,-7,-129,1
03/17/2013 20:23:00,76,-4.761427175,77,-7,-129,1
03/17/2013 20:24:00,76,-4.767575662,77,-7,-130,1
03/17/2013 20:25:00,76,-4.773724148,77,-7,-130,1
03/17/2013 20:26:00,76,-4.779872634,75,-7,-131,1
03/17/2013 20:27:00,76,-4.78602112,75,-7,-131,1
03/17/2013 20:28:00,76,-4.802278661,73,-7,-132,1
03/17/2013 20:29:00,76,-4.818536201,73,-7,-131,1
03/17/2013 20:30:00,76,-4.834793742,72,-7,-131,1
03/17/2013 20:31:00,76,-4.851051283,72,-7,-131,1
03/17/2013 20:32:00,76,-4.867308823,72,-7,-131,1
03/17/2013 20:33:00,76,-4.883824564,70,-7,-131,1
03/17/2013 20:34:00,76,-4.900340304,70,-7,-131,1
03/17/2013 20:35:00,76,-4.916856045,68,-7,-131,1
03/17/2013 20:36:00,76,-4.933371786,67,-7,-131,1
03/17/2013 20:37:00,76,-4.949887526,67,-7,-131,1
03/17/2013 20:38:00,76,-4.9704837,66,-7,-131,1
03/17/2013 20:39:00,76,-4.991079873,66,-7,-131,1
03/17/2013 20:40:00,76,-5.011676047,65,-7,-131,1
03/17/2013 20:41:00,76,-5.03227222,67,-7,-130,1
03/17/2013 20:42:00,76,-5.052868394,69,-7,-130,1
03/17/2013 20:43:00,76,-5.074727474,68,-7,-130,1
03/17/2013 20:44:00,76,-5.096586555,70,-6,-129,1
03/17/2013 20:45:00,76,-5.118445635,70,-7,-129,1
03/17/2013 20:46:00,76,-5.140304716,72,-6,-129,1
03/17/2013 20:47:00,76,-5.162163797,74,-6,-128,1
03/17/2013 20:48:00,76,-5.147905062,74,-6,-128,1
03/17/2013 20:49:00,76,-5.133646328,74,-6,-128,1
03/17/2013 20:50:00,76,-5.119387594,73,-6,-129,1
03/17/2013 20:51:00,76,-5.10512886,72,-6,-130,1
03/17/2013 20:52:00,76,-5.090870125,72,-6,-129,1
03/17/2013 20:53:00,76,-5.124428981,72,-6,-130,1
03/17/2013 20:54:00,76,-5.157987837,72,-6,-130,1
03/17/2013 20:55:00,76,-5.191546693,70,-7,-130,1
03/17/2013 20:56:00,76,-5.225105549,73,-7,-130,1
03/17/2013 20:57:00,76,-5.258664405,72,-7,-129,1
03/17/2013 20:58:00,76,-5.282171531,72,-7,-129,1
03/17/2013 20:59:00,76,-5.305678658,77,-6,-127,1
03/17/2013 21:00:00,76,-5.329185784,84,-6,-125,1
03/17/2013 21:01:00,76,-5.352692911,84,-6,-125,1
03/17/2013 21:02:00,76,-5.376200037,83,-7,-125,1
03/17/2013 21:03:00,76,-5.41235152,84,-7,-124,1
03/17/2013 21:04:00,76,-5.448503003,86,-7,-124,1
03/17/2013 21:05:00,76,-5.484654486,85,-7,-123,1
03/17/2013 21:06:00,76,-5.520805969,88,-7,-122,1
03/17/2013 21:07:00,76,-5.556957452,88,-8,-122,1
03/17/2013 21:08:00,76,-5.591672288,88,-8,-122,1
03/17/2013 21:09:00,76,-5.626387123,84,-8,-123,1
03/17/2013 21:10:00,76,-5.661101958,83,-9,-124,1
03/17/2013 21:11:00,76,-5.695816793,81,-9,-125,1
03/17/2013 21:12:00,76,-5.730531628,79,-9,-125,1
03/17/2013 21:13:00,76,-5.771769016,75,-9,-126,1
03/17/2013 21:14:00,76,-5.813006404,76,-9,-126,1
03/17/2013 21:15:00,76,-5.854243791,78,-9,-126,1
03/17/2013 21:16:00,76,-5.895481179,79,-9,-126,1
03/17/2013 21:17:00,76,-5.936718567,80,-9,-126,1
03/17/2013 21:18:00,76,-5.938848391,80,-9,-126,1
03/17/2013 21:19:00,76,-5.940978214,79,-10,-126,1
03/17/2013 21:20:00,76,-5.943108038,78,-10,-126,1
03/17/2013 21:21:00,76,-5.945237862,78,-11,-126,1
03/17/2013 21:22:00,76,-5.947367685,77,-11,-126,1
03/17/2013 21:23:00,76,-5.967960001,74,-11,-125,1
03/17/2013 21:24:00,76,-5.988552317,73,-12,-125,1
03/17/2013 21:25:00,76,-6.009144633,72,-12,-125,1
03/17/2013 21:26:00,76,-6.029736949,70,-12,-124,1
03/17/2013 21:27:00,76,-6.050329265,73,-12,-123,1
03/17/2013 21:28:00,76,-6.066157161,74,-13,-122,1
03/17/2013 21:29:00,76,-6.081985057,71,-13,-122,1
03/17/2013 21:30:00,76,-6.097812953,67,-14,-122,1
03/17/2013 21:31:00,76,-6.113640849,62,-14,-123,1
03/17/2013 21:32:00,76,-6.129468745,60,-15,-123,1
03/17/2013 21:33:00,76,-6.163518273,58,-15,-123,1
03/17/2013 21:34:00,76,-6.197567802,56,-15,-123,1
03/17/2013 21:35:00,76,-6.23161733,56,-15,-123,1
03/17/2013 21:36:00,76,-6.265666858,54,-15,-123,1
03/17/2013 21:37:00,76,-6.299716387,55,-16,-122,1
03/17/2013 21:38:00,76,-6.326072007,54,-16,-122,1
03/17/2013 21:39:00,76,-6.352427628,52,-16,-122,1
03/17/2013 21:40:00,76,-6.378783249,51,-16,-121,1
03/17/2013 21:41:00,76,-6.405138869,51,-16,-121,1
03/17/2013 21:42:00,76,-6.43149449,48,-17,-121,1
03/17/2013 21:43:00,76,-6.44493519,46,-17,-120,1
03/17/2013 21:44:00,76,-6.458375889,46,-17,-120,1
03/17/2013 21:45:00,76,-6.471816589,46,-17,-120,1
03/17/2013 21:46:00,76,-6.485257289,45,-17,-120,1
03/17/2013 21:47:00,76,-6.498697989,44,-17,-120,1
03/17/2013 21:48:00,76,-6.484525663,44,-17,-119,1
03/17/2013 21:49:00,76,-6.470353337,45,-17,-119,1
03/17/2013 21:50:00,76,-6.456181011,44,-17,-119,1
03/17/2013 21:51:00,76,-6.442008685,43,-17,-118,1
03/17/2013 21:52:00,76,-6.427836359,43,-17,-118,1
03/17/2013 21:53:00,76,-6.426517505,42,-17,-118,1
03/17/2013 21:54:00,76,-6.42519865,40,-16,-119,1
03/17/2013 21:55:00,76,-6.423879795,38,-16,-119,1
03/17/2013 21:56:00,76,-6.422560941,37,-15,-120,1
03/17/2013 21:57:00,76,-6.421242086,37,-15,-120,1
03/17/2013 21:58:00,76,-6.430573508,35,-14,-121,1
03/17/2013 21:59:00,76,-6.43990493,34,-14,-121,1
03/17/2013 22:00:00,76,-6.449236352,33,-13,-122,1
03/17/2013 22:01:00,76,-6.458567774,33,-13,-122,1
03/17/2013 22:02:00,76,-6.467899196,33,-13,-123,1
03/17/2013 22:03:00,76,-6.471239735,33,-13,-123,1
03/17/2013 22:04:00,76,-6.474580274,32,-12,-124,1
03/17/2013 22:05:00,76,-6.477920813,33,-12,-124,1
03/17/2013 22:06:00,76,-6.481261352,32,-12,-125,1
03/17/2013 22:07:00,76,-6.484601892,32,-12,-124,1
03/17/2013 22:08:00,76,-6.512307169,33,-12,-125,1
03/17/2013 22:09:00,76,-6.540012447,34,-12,-125,1
03/17/2013 22:10:00,76,-6.567717725,34,-13,-125,1
03/17/2013 22:11:00,76,-6.595423002,38,-13,-125,1
03/17/2013 22:12:00,76,-6.62312828,40,-14,-125,1
03/17/2013 22:13:00,76,-6.62587741,43,-14,-124,1
03/17/2013 22:14:00,76,-6.62862654,46,-15,-124,1
03/17/2013 22:15:00,76,-6.631375669,47,-15,-124,1
03/17/2013 22:16:00,76,-6.634124799,49,-16,-123,1
03/17/2013 22:17:00,76,-6.636873929,50,-17,-121,1
03/17/2013 22:18:00,76,-6.638606141,51,-18,-120,1
03/17/2013 22:19:00,76,-6.640338353,52,-19,-118,1
03/17/2013 22:20:00,76,-6.642070565,52,-20,-117,1
03/17/2013 22:21:00,76,-6.643802777,56,-21,-116,1
03/17/2013 22:22:00,76,-6.645534989,57,-21,-116,1
03/17/2013 22:23:00,76,-6.610746855,58,-22,-115,1
03/17/2013 22:24:00,76,-6.575958722,57,-22,-113,1
03/17/2013 22:25:00,76,-6.541170588,59,-22,-112,1
03/17/2013 22:26:00,76,-6.506382454,58,-24,-111,1
03/17/2013 22:27:00,76,-6.471594321,57,-24,-110,1
03/17/2013 22:28:00,76,-6.471992345,58,-24,-110,1
03/17/2013 22:29:00,76,-6.472390369,61,-23,-111,1
03/17/2013 22:30:00,76,-6.472788393,66,-22,-112,1
03/17/2013 22:31:00,76,-6.473186417,69,-21,-112,1
03/17/2013 22:32:00,76,-6.473584441,73,-20,-113,1
03/17/2013 22:33:00,76,-6.418471805,75,-19,-114,1
03/17/2013 22:34:00,76,-6.363359169,76,-17,-113,1
03/17/2013 22:35:00,76,-6.308246534,77,-16,-112,1
03/17/2013 22:36:00,76,-6.253133898,78,-16,-112,1
03/17/2013 22:37:00,76,-6.198021262,78,-14,-112,1
03/17/2013 22:38:00,76,-6.17175596,76,-13,-112,1
03/17/2013 22:39:00,76,-6.145490658,77,-12,-112,1
03/17/2013 22:40:00,76,-6.119225357,77,-11,-112,1
03/17/2013 22:41:00,76,-6.092960055,76,-10,-112,1
03/17/2013 22:42:00,76,-6.066694753,75,-9,-113,1
03/17/2013 22:43:00,76,-6.041144008,74,-8,-113,1
03/17/2013 22:44:00,76,-6.015593264,72,-7,-114,1
03/17/2013 22:45:00,76,-5.990042519,70,-7,-114,1
03/17/2013 22:46:00,76,-5.964491774,68,-6,-114,1
03/17/2013 22:47:00,76,-5.93894103,66,-6,-114,1
03/17/2013 22:48:00,76,-5.904467485,63,-6,-115,1
03/17/2013 22:49:00,76,-5.869993941,62,-5,-115,1
03/17/2013 22:50:00,76,-5.835520397,61,-5,-115,1
03/17/2013 22:51:00,76,-5.801046852,62,-5,-115,1
03/17/2013 22:52:00,76,-5.766573308,62,-6,-114,1
03/17/2013 22:53:00,76,-5.723558583,63,-6,-113,1
03/17/2013 22:54:00,76,-5.680543859,64,-6,-113,1
03/17/2013 22:55:00,76,-5.637529134,64,-6,-113,1
03/17/2013 22:56:00,76,-5.594514409,66,-6,-112,1
03/17/2013 22:57:00,76,-5.551499685,67,-7,-111,1
03/17/2013 22:58:00,76,-5.496683374,69,-7,-110,1
03/17/2013 22:59:00,76,-5.441867063,70,-8,-109,1
03/17/2013 23:00:00,76,-5.387050752,72,-8,-109,1
03/17/2013 23:01:00,76,-5.332234442,73,-9,-108,1
03/17/2013 23:02:00,76,-5.277418131,72,-9,-108,1
03/17/2013 23:03:00,76,-5.242846137,69,-10,-108,1
03/17/2013 23:04:00,76,-5.208274143,69,-10,-108,1
03/17/2013 23:05:00,76,-5.173702149,66,-11,-108,1
03/17/2013 23:06:00,76,-5.139130155,66,-11,-108,1
03/17/2013 23:07:00,76,-5.104558161,66,-11,-109,1
03/17/2013 23:08:00,76,-5.105853913,65,-12,-109,1
03/17/2013 23:09:00,76,-5.107149665,65,-12,-110,1
03/17/2013 23:10:00,76,-5.108445416,65,-12,-110,1
03/17/2013 23:11:00,76,-5.109741168,65,-13,-110,1
03/17/2013 23:12:00,76,-5.111036919,66,-13,-109,1
03/17/2013 23:13:00,76,-5.116094295,66,-13,-109,1
03/17/2013 23:14:00,76,-5.121151671,66,-13,-110,1
03/17/2013 23:15:00,76,-5.126209046,67,-13,-109,1
03/17/2013 23:16:00,76,-5.131266422,69,-12,-110,1
03/17/2013 23:17:00,76,-5.136323797,69,-12,-110,1
03/17/2013 23:18:00,76,-5.141674144,69,-12,-109,1
03/17/2013 23:19:00,76,-5.147024491,69,-11,-110,1
03/17/2013 23:20:00,76,-5.152374838,69,-11,-110,1
03/17/2013 23:21:00,76,-5.157725185,68,-11,-110,1
03/17/2013 23:22:00,76,-5.163075532,67,-10,-110,1
03/17/2013 23:23:00,76,-5.151785401,67,-9,-111,1
03/17/2013 23:24:00,76,-5.140495269,66,-9,-111,1
03/17/2013 23:25:00,76,-5.129205137,65,-8,-111,1
03/17/2013 23:26:00,76,-5.117915005,65,-8,-111,1
03/17/2013 23:27:00,76,-5.106624873,64,-7,-111,1
03/17/2013 23:28:00,76,-5.097524527,62,-7,-110,1
03/17/2013 23:29:00,76,-5.088424181,61,-7,-110,1
03/17/2013 23:30:00,76,-5.079323835,63,-7,-109,1
03/17/2013 23:31:00,76,-5.070223489,65,-7,-109,1
03/17/2013 23:32:00,76,-5.061123143,66,-7,-108,1
03/17/2013 23:33:00,76,-5.029469178,67,-7,-107,1
03/17/2013 23:34:00,76,-4.997815214,70,-7,-107,1
03/17/2013 23:35:00,76,-4.966161249,71,-7,-106,1
03/17/2013 23:36:00,76,-4.934507284,72,-7,-105,1
03/17/2013 23:37:00,76,-4.902853319,74,-7,-105,1
03/17/2013 23:38:00,76,-4.877153138,75,-8,-104,1
03/17/2013 23:39:00,76,-4.851452957,75,-8,-104,1
03/17/2013 23:40:00,76,-4.825752777,73,-9,-104,1
03/17/2013 23:41:00,76,-4.800052596,72,-9,-104,1
03/17/2013 23:42:00,76,-4.774352416,71,-9,-104,1
03/17/2013 23:43:00,76,-4.76067847,70,-10,-104,1
03/17/2013 23:44:00,76,-4.747004524,69,-10,-104,1
03/17/2013 23:45:00,76,-4.733330578,69,-10,-104,1
03/17/2013 23:46:00,76,-4.719656632,69,-10,-103,1
03/17/2013 23:47:00,76,-4.705982686,69,-10,-103,1
03/17/2013 23:48:00,76,-4.692983823,68,-10,-103,1
03/17/2013 23:49:00,76,-4.67998496,68,-10,-102,1
03/17/2013 23:50:00,76,-4.666986097,68,-10,-102,1
03/17/2013 23:51:00,76,-4.653987234,67,-10,-102,1
03/17/2013 23:52:00,76,-4.640988371,65,-10,-102,1
03/17/2013 23:53:00,76,-4.606034056,65,-10,-102,1
03/17/2013 23:54:00,76,-4.571079741,65,-10,-102,1
03/17/2013 23:55:00,76,-4.536125426,63,-9,-102,1
03/17/2013 23:56:00,76,-4.501171112,63,-9,-102,1
03/17/2013 23:57:00,76,-4.466216797,64,-9,-102,1
03/17/2013 23:58:00,76,-4.639353849,64,-9,-102,1
03/17/2013 23:59:00,76,-4.812490902,64,-9,-101,1
03/18/2013 00:00:00,77,-4.985627954,66,-8,-101,1
03/18/2013 00:01:00,77,-5.158765007,65,-8,-101,1
03/18/2013 00:02:00,77,-5.331902059,66,-8,-101,1
03/18/2013 00:03:00,77,-5.313066052,66,-8,-100,1
03/18/2013 00:04:00,77,-5.294230044,66,-8,-101,1
03/18/2013 00:05:00,77,-5.275394036,66,-8,-100,1
03/18/2013 00:06:00,77,-5.256558028,66,-8,-100,1
03/18/2013 00:07:00,77,-5.23772202,64,-8,-101,1
03/18/2013 00:08:00,77,-5.178620747,63,-9,-100,1
03/18/2013 00:09:00,77,-5.119519474,61,-9,-100,1
03/18/2013 00:10:00,77,-5.060418201,62,-9,-100,1
03/18/2013 00:11:00,77,-5.001316928,62,-9,-100,1
03/18/2013 00:12:00,77,-4.942215654,62,-9,-100,1
03/18/2013 00:13:00,77,-4.904022421,62,-9,-101,1
03/18/2013 00:14:00,77,-4.865829188,61,-9,-101,1
03/18/2013 00:15:00,77,-4.827635955,61,-9,-101,1
03/18/2013 00:16:00,77,-4.789442722,60,-9,-101,1
03/18/2013 00:17:00,77,-4.751249488,61,-9,-101,1
03/18/2013 00:18:00,77,-4.707318851,61,-9,-101,1
03/18/2013 00:19:00,77,-4.663388214,60,-9,-101,1
03/18/2013 00:20:00,77,-4.619457577,61,-9,-100,1
03/18/2013 00:21:00,77,-4.57552694,59,-9,-100,1
03/18/2013 00:22:00,77,-4.531596303,60,-9,-100,1
03/18/2013 00:23:00,77,-4.493383358,60,-9,-100,1
03/18/2013 00:24:00,77,-4.455170413,59,-8,-100,1
03/18/2013 00:25:00,77,-4.416957469,58,-8,-100,1
03/18/2013 00:26:00,77,-4.378744524,57,-8,-100,1
03/18/2013 00:27:00,77,-4.340531579,57,-8,-100,1
03/18/2013 00:28:00,77,-4.331922403,56,-8,-100,1
03/18/2013 00:29:00,77,-4.323313226,56,-8,-99,1
03/18/2013 00:30:00,77,-4.31470405,57,-8,-99,1
03/18/2013 00:31:00,77,-4.306094873,57,-7,-99,1
03/18/2013 00:32:00,77,-4.297485697,59,-7,-99,1
03/18/2013 00:33:00,77,-4.26993245,59,-7,-99,1
03/18/2013 00:34:00,77,-4.242379203,60,-7,-99,1
03/18/2013 00:35:00,77,-4.214825956,61,-7,-98,1
03/18/2013 00:36:00,77,-4.18727271,60,-7,-98,1
03/18/2013 00:37:00,77,-4.159719463,59,-6,-98,1
03/18/2013 00:38:00,77,-4.148852729,59,-6,-98,1
03/18/2013 00:39:00,77,-4.137985995,57,-6,-97,1
03/18/2013 00:40:00,77,-4.127119261,57,-6,-97,1
03/18/2013 00:41:00,77,-4.116252528,57,-6,-98,1
03/18/2013 00:42:00,77,-4.105385794,57,-6,-98,1
03/18/2013 00:43:00,77,-4.109697165,58,-6,-97,1
03/18/2013 00:44:00,77,-4.114008536,57,-6,-97,1
03/18/2013 00:45:00,77,-4.118319907,57,-6,-97,1
03/18/2013 00:46:00,77,-4.122631278,58,-6,-96,1
03/18/2013 00:47:00,77,-4.126942649,58,-6,-96,1
03/18/2013 00:48:00,77,-4.122912372,58,-5,-96,1
03/18/2013 00:49:00,77,-4.118882095,58,-5,-96,1
03/18/2013 00:50:00,77,-4.114851817,58,-5,-95,1
03/18/2013 00:51:00,77,-4.11082154,59,-5,-95,1
03/18/2013 00:52:00,77,-4.106791263,59,-5,-94,1
03/18/2013 00:53:00,77,-4.109178846,58,-5,-94,1
03/18/2013 00:54:00,77,-4.111566429,59,-5,-93,1
03/18/2013 00:55:00,77,-4.113954012,58,-5,-93,1
03/18/2013 00:56:00,77,-4.116341595,57,-5,-93,1
03/18/2013 00:57:00,77,-4.118729178,57,-4,-93,1
03/18/2013 00:58:00,77,-4.093613273,56,-4,-93,1
03/18/2013 00:59:00,77,-4.068497367,56,-4,-93,1
03/18/2013 01:00:00,77,-4.043381462,56,-4,-93,1
03/18/2013 01:01:00,77,-4.018265557,55,-4,-93,1
03/18/2013 01:02:00,77,-3.993149651,55,-4,-93,1
03/18/2013 01:03:00,77,-3.982481125,55,-4,-92,1
03/18/2013 01:04:00,77,-3.971812599,54,-4,-92,1
03/18/2013 01:05:00,77,-3.961144072,55,-4,-92,1
03/18/2013 01:06:00,77,-3.950475546,56,-4,-92,1
03/18/2013 01:07:00,77,-3.93980702,56,-4,-91,1
03/18/2013 01:08:00,77,-3.92104053,55,-4,-91,1
03/18/2013 01:09:00,77,-3.90227404,55,-4,-91,1
03/18/2013 01:10:00,77,-3.88350755,56,-3,-90,1
03/18/2013 01:11:00,77,-3.86474106,56,-4,-90,1
03/18/2013 01:12:00,77,-3.84597457,56,-4,-89,1
03/18/2013 01:13:00,77,-3.82410573,58,-4,-88,1
03/18/2013 01:14:00,77,-3.80223689,59,-4,-88,1
03/18/2013 01:15:00,77,-3.78036805,60,-4,-86,1
03/18/2013 01:16:00,77,-3.75849921,63,-3,-85,1
03/18/2013 01:17:00,77,-3.73663037,66,-3,-85,1
03/18/2013 01:18:00,77,-3.701892553,66,-2,-84,1
03/18/2013 01:19:00,77,-3.667154735,63,-2,-83,1
03/18/2013 01:20:00,77,-3.632416917,60,-2,-83,1
03/18/2013 01:21:00,77,-3.597679099,57,-2,-83,1
03/18/2013 01:22:00,77,-3.562941281,56,-2,-83,1
03/18/2013 01:23:00,77,-3.517187513,56,-2,-83,1
03/18/2013 01:24:00,77,-3.471433744,54,-2,-83,1
03/18/2013 01:25:00,77,-3.425679976,53,-2,-84,1
03/18/2013 01:26:00,77,-3.379926208,53,-2,-85,1
03/18/2013 01:27:00,77,-3.33417244,52,-2,-85,1
03/18/2013 01:28:00,77,-3.275617146,49,-2,-85,1
03/18/2013 01:29:00,77,-3.217061852,48,-2,-85,1
03/18/2013 01:30:00,77,-3.158506558,46,-2,-86,1
03/18/2013 01:31:00,77,-3.099951264,47,-3,-86,1
03/18/2013 01:32:00,77,-3.04139597,49,-3,-86,1
03/18/2013 01:33:00,77,-2.987594743,51,-2,-85,1
03/18/2013 01:34:00,77,-2.933793517,51,-2,-84,1
03/18/2013 01:35:00,77,-2.87999229,51,-2,-84,1
03/18/2013 01:36:00,77,-2.826191064,51,-1,-84,1
03/18/2013 01:37:00,77,-2.772389838,49,-2,-83,1
03/18/2013 01:38:00,77,-2.740875239,49,-2,-83,1
03/18/2013 01:39:00,77,-2.70936064,48,-2,-83,1
03/18/2013 01:40:00,77,-2.677846041,48,-2,-83,1
03/18/2013 01:41:00,77,-2.646331442,48,-2,-83,1
03/18/2013 01:42:00,77,-2.614816843,48,-2,-83,1
03/18/2013 01:43:00,77,-2.606887967,49,-2,-82,1
03/18/2013 01:44:00,77,-2.598959091,49,-2,-83,1
03/18/2013 01:45:00,77,-2.591030215,49,-2,-83,1
03/18/2013 01:46:00,77,-2.583101339,49,-1,-83,1
03/18/2013 01:47:00,77,-2.575172463,48,-1,-83,1
03/18/2013 01:48:00,77,-2.540770267,48,-1,-83,1
03/18/2013 01:49:00,77,-2.506368072,49,-1,-83,1
03/18/2013 01:50:00,77,-2.471965877,49,-1,-83,1
03/18/2013 01:51:00,77,-2.437563681,51,-1,-83,1
03/18/2013 01:52:00,77,-2.403161486,51,-1,-83,1
03/18/2013 01:53:00,77,-2.365808724,52,-1,-82,1
03/18/2013 01:54:00,77,-2.328455962,52,-1,-82,1
03/18/2013 01:55:00,77,-2.291103201,52,-1,-82,1
03/18/2013 01:56:00,77,-2.253750439,51,-1,-82,1
03/18/2013 01:57:00,77,-2.216397677,52,-1,-82,1
03/18/2013 01:58:00,77,-2.192813274,53,-1,-81,1
03/18/2013 01:59:00,77,-2.169228871,53,-1,-81,1
03/18/2013 02:00:00,77,-2.145644468,53,-1,-81,1
03/18/2013 02:01:00,77,-2.122060065,52,-1,-81,1
03/18/2013 02:02:00,77,-2.098475662,52,-1,-81,1
03/18/2013 02:03:00,77,-2.072913682,52,-1,-81,1
03/18/2013 02:04:00,77,-2.047351703,53,-1,-81,1
03/18/2013 02:05:00,77,-2.021789723,52,-1,-81,1
03/18/2013 02:06:00,77,-1.996227744,52,-1,-81,1
03/18/2013 02:07:00,77,-1.970665764,52,-1,-81,1
03/18/2013 02:08:00,77,-1.943634756,52,-1,-81,1
03/18/2013 02:09:00,77,-1.916603748,52,-1,-81,1
03/18/2013 02:10:00,77,-1.88957274,55,-1,-80,1
03/18/2013 02:11:00,77,-1.862541732,55,-1,-80,1
03/18/2013 02:12:00,77,-1.835510724,55,-1,-80,1
03/18/2013 02:13:00,77,-1.796483914,55,-1,-80,1
03/18/2013 02:14:00,77,-1.757457104,54,-1,-80,1
03/18/2013 02:15:00,77,-1.718430293,54,-1,-80,1
03/18/2013 02:16:00,77,-1.679403483,54,-1,-80,1
03/18/2013 02:17:00,77,-1.640376672,54,-1,-80,1
03/18/2013 02:18:00,77,-1.619734206,55,-1,-80,1
03/18/2013 02:19:00,77,-1.599091739,55,-1,-80,1
03/18/2013 02:20:00,77,-1.578449273,55,-1,-80,1
03/18/2013 02:21:00,77,-1.557806806,55,-1,-80,1
03/18/2013 02:22:00,77,-1.53716434,55,-1,-80,1
03/18/2013 02:23:00,77,-1.519756475,55,-1,-80,1
03/18/2013 02:24:00,77,-1.502348611,53,-1,-81,1
03/18/2013 02:25:00,77,-1.484940746,53,-1,-81,1
03/18/2013 02:26:00,77,-1.467532882,53,-1,-81,1
03/18/2013 02:27:00,77,-1.450125017,53,-1,-80,1
03/18/2013 02:28:00,77,-1.451912679,55,-1,-81,1
03/18/2013 02:29:00,77,-1.45370034,55,-1,-81,1
03/18/2013 02:30:00,77,-1.455488002,55,-1,-81,1
03/18/2013 02:31:00,77,-1.457275664,54,-1,-81,1
03/18/2013 02:32:00,77,-1.459063326,53,-1,-81,1
03/18/2013 02:33:00,77,-1.43829367,54,-1,-81,1
03/18/2013 02:34:00,77,-1.417524014,54,-1,-81,1
03/18/2013 02:35:00,77,-1.396754358,55,-1,-81,1
03/18/2013 02:36:00,77,-1.375984703,57,-1,-80,1
03/18/2013 02:37:00,77,-1.355215047,58,-1,-80,1
03/18/2013 02:38:00,77,-1.301646033,56,-1,-80,1
03/18/2013 02:39:00,77,-1.24807702,56,-1,-80,1
03/18/2013 02:40:00,77,-1.194508006,54,-1,-79,1
03/18/2013 02:41:00,77,-1.140938993,54,-1,-79,1
03/18/2013 02:42:00,77,-1.087369979,55,-1,-79,1
03/18/2013 02:43:00,77,-1.047193954,56,-1,-79,1
03/18/2013 02:44:00,77,-1.007017929,56,-1,-79,1
03/18/2013 02:45:00,77,-0.966841903,56,-1,-79,1
03/18/2013 02:46:00,77,-0.926665878,56,-1,-78,1
03/18/2013 02:47:00,77,-0.886489852,56,-1,-78,1
03/18/2013 02:48:00,77,-0.871720927,55,-1,-78,1
03/18/2013 02:49:00,77,-0.856952001,54,-1,-78,1
03/18/2013 02:50:00,77,-0.842183075,56,-1,-78,1
03/18/2013 02:51:00,77,-0.82741415,56,-1,-78,1
03/18/2013 02:52:00,77,-0.812645224,55,-1,-78,1
03/18/2013 02:53:00,77,-0.770495213,55,-1,-78,1
03/18/2013 02:54:00,77,-0.728345202,54,-1,-78,1
03/18/2013 02:55:00,77,-0.68619519,54,-2,-78,1
03/18/2013 02:56:00,77,-0.644045179,53,-2,-78,1
03/18/2013 02:57:00,77,-0.601895168,53,-2,-78,1
03/18/2013 02:58:00,77,-0.569587893,55,-2,-77,1
03/18/2013 02:59:00,77,-0.537280619,56,-1,-77,1
03/18/2013 03:00:00,77,-0.504973344,56,-1,-77,1
03/18/2013 03:01:00,77,-0.472666069,56,-1,-76,1
03/18/2013 03:02:00,77,-0.440358794,56,-1,-75,1
03/18/2013 03:03:00,77,-0.435062243,56,-1,-75,1
03/18/2013 03:04:00,77,-0.429765691,55,-1,-75,1
03/18/2013 03:05:00,77,-0.424469139,54,-2,-74,1
03/18/2013 03:06:00,77,-0.419172587,55,-1,-74,1
03/18/2013 03:07:00,77,-0.413876036,55,-1,-74,1
03/18/2013 03:08:00,77,-0.426202845,56,-1,-73,1
03/18/2013 03:09:00,77,-0.438529655,55,-1,-73,1
03/18/2013 03:10:00,77,-0.450856465,54,-2,-73,1
03/18/2013 03:11:00,77,-0.463183275,54,-2,-73,1
03/18/2013 03:12:00,77,-0.475510084,53,-2,-74,1
03/18/2013 03:13:00,77,-0.488864689,53,-2,-73,1
03/18/2013 03:14:00,77,-0.502219294,54,-2,-73,1
03/18/2013 03:15:00,77,-0.515573899,54,-2,-73,1
03/18/2013 03:16:00,77,-0.528928505,54,-2,-73,1
03/18/2013 03:17:00,77,-0.54228311,53,-2,-72,1
03/18/2013 03:18:00,77,-0.569798335,53,-2,-73,1
03/18/2013 03:19:00,77,-0.597313561,52,-2,-73,1
03/18/2013 03:20:00,77,-0.624828787,51,-2,-73,1
03/18/2013 03:21:00,77,-0.652344013,52,-3,-73,1
03/18/2013 03:22:00,77,-0.679859239,51,-3,-73,1
03/18/2013 03:23:00,77,-0.701471419,51,-3,-74,1
03/18/2013 03:24:00,77,-0.723083598,51,-3,-74,1
03/18/2013 03:25:00,77,-0.744695778,50,-3,-74,1
03/18/2013 03:26:00,77,-0.766307957,51,-3,-74,1
03/18/2013 03:27:00,77,-0.787920137,51,-3,-73,1
03/18/2013 03:28:00,77,-0.782838877,51,-3,-73,1
03/18/2013 03:29:00,77,-0.777757617,51,-3,-73,1
03/18/2013 03:30:00,77,-0.772676358,51,-3,-73,1
03/18/2013 03:31:00,77,-0.767595098,51,-3,-73,1
03/18/2013 03:32:00,77,-0.762513838,51,-3,-72,1
03/18/2013 03:33:00,77,-0.757391838,50,-3,-72,1
03/18/2013 03:34:00,77,-0.752269837,51,-3,-72,1
03/18/2013 03:35:00,77,-0.747147837,52,-3,-72,1
03/18/2013 03:36:00,77,-0.742025837,52,-3,-71,1
03/18/2013 03:37:00,77,-0.736903836,53,-3,-71,1
03/18/2013 03:38:00,77,-0.738754861,51,-3,-71,1
03/18/2013 03:39:00,77,-0.740605887,50,-3,-71,1
03/18/2013 03:40:00,77,-0.742456912,50,-3,-71,1
03/18/2013 03:41:00,77,-0.744307937,50,-3,-71,1
03/18/2013 03:42:00,77,-0.746158962,50,-3,-71,1
03/18/2013 03:43:00,77,-0.722379677,49,-3,-71,1
03/18/2013 03:44:00,77,-0.698600393,49,-3,-71,1
03/18/2013 03:45:00,77,-0.674821108,48,-4,-71,1
03/18/2013 03:46:00,77,-0.651041824,49,-3,-72,1
03/18/2013 03:47:00,77,-0.627262539,48,-4,-72,1
03/18/2013 03:48:00,77,-0.597070195,47,-4,-72,1
03/18/2013 03:49:00,77,-0.566877851,48,-4,-72,1
03/18/2013 03:50:00,77,-0.536685507,50,-3,-70,1
03/18/2013 03:51:00,77,-0.506493164,51,-3,-69,1
03/18/2013 03:52:00,77,-0.47630082,50,-3,-68,1
03/18/2013 03:53:00,77,-0.450005309,49,-4,-68,1
03/18/2013 03:54:00,77,-0.423709798,49,-3,-68,1
03/18/2013 03:55:00,77,-0.397414287,49,-4,-68,1
03/18/2013 03:56:00,77,-0.371118776,48,-4,-68,1
03/18/2013 03:57:00,77,-0.344823265,47,-4,-69,1
03/18/2013 03:58:00,77,-0.32931008,46,-4,-68,1
03/18/2013 03:59:00,77,-0.313796894,47,-4,-67,1
03/18/2013 04:00:00,77,-0.298283708,48,-4,-67,1
03/18/2013 04:01:00,77,-0.282770522,47,-4,-67,1
03/18/2013 04:02:00,77,-0.267257336,47,-4,-67,1
03/18/2013 04:03:00,77,-0.26700263,47,-4,-67,1
03/18/2013 04:04:00,77,-0.266747924,48,-4,-67,1
03/18/2013 04:05:00,77,-0.266493217,46,-4,-68,1
03/18/2013 04:06:00,77,-0.266238511,44,-4,-67,1
03/18/2013 04:07:00,77,-0.265983805,44,-4,-67,1
03/18/2013 04:08:00,77,-0.276124075,46,-4,-67,1
03/18/2013 04:09:00,77,-0.286264346,46,-4,-67,1
03/18/2013 04:10:00,77,-0.296404616,45,-4,-67,1
03/18/2013 04:11:00,77,-0.306544886,45,-4,-67,1
03/18/2013 04:12:00,77,-0.316685157,44,-4,-66,1
03/18/2013 04:13:00,77,-0.320089176,43,-4,-66,1
03/18/2013 04:14:00,77,-0.323493195,43,-4,-66,1
03/18/2013 04:15:00,77,-0.326897214,43,-4,-66,1
03/18/2013 04:16:00,77,-0.330301233,43,-4,-67,1
03/18/2013 04:17:00,77,-0.333705252,42,-4,-67,1
03/18/2013 04:18:00,77,-0.343931254,42,-4,-68,1
03/18/2013 04:19:00,77,-0.354157255,42,-4,-70,1
03/18/2013 04:20:00,77,-0.364383257,42,-5,-71,1
03/18/2013 04:21:00,77,-0.374609259,39,-5,-72,1
03/18/2013 04:22:00,77,-0.38483526,40,-5,-71,1
03/18/2013 04:23:00,77,-0.397679147,41,-5,-70,1
03/18/2013 04:24:00,77,-0.410523033,43,-4,-69,1
03/18/2013 04:25:00,77,-0.423366919,44,-5,-68,1
03/18/2013 04:26:00,77,-0.436210805,43,-4,-67,1
03/18/2013 04:27:00,77,-0.449054692,41,-5,-67,1
03/18/2013 04:28:00,77,-0.466802244,39,-5,-68,1
03/18/2013 04:29:00,77,-0.484549796,38,-5,-69,1
03/18/2013 04:30:00,77,-0.502297348,38,-5,-71,1
03/18/2013 04:31:00,77,-0.520044901,39,-5,-72,1
03/18/2013 04:32:00,77,-0.537792453,42,-4,-72,1
03/18/2013 04:33:00,77,-0.561658181,42,-4,-72,1
03/18/2013 04:34:00,77,-0.58552391,41,-4,-72,1
03/18/2013 04:35:00,77,-0.609389639,40,-4,-70,1
03/18/2013 04:36:00,77,-0.633255368,40,-4,-68,1
03/18/2013 04:37:00,77,-0.657121096,42,-5,-68,1
03/18/2013 04:38:00,77,-0.656880245,41,-4,-68,1
03/18/2013 04:39:00,77,-0.656639393,41,-4,-69,1
03/18/2013 04:40:00,77,-0.656398542,40,-4,-71,1
03/18/2013 04:41:00,77,-0.656157691,40,-4,-73,1
03/18/2013 04:42:00,77,-0.655916839,39,-4,-74,1
03/18/2013 04:43:00,77,-0.664404029,39,-4,-74,1
03/18/2013 04:44:00,77,-0.672891218,40,-4,-74,1
03/18/2013 04:45:00,77,-0.681378408,39,-5,-73,1
03/18/2013 04:46:00,77,-0.689865597,39,-5,-72,1
03/18/2013 04:47:00,77,-0.698352787,38,-5,-71,1
03/18/2013 04:48:00,77,-0.712276428,36,-5,-71,1
03/18/2013 04:49:00,77,-0.726200069,37,-5,-70,1
03/18/2013 04:50:00,77,-0.740123711,36,-5,-70,1
03/18/2013 04:51:00,77,-0.754047352,36,-5,-70,1
03/18/2013 04:52:00,77,-0.767970993,35,-5,-70,1
03/18/2013 04:53:00,77,-0.770847026,35,-5,-69,1
03/18/2013 04:54:00,77,-0.773723059,36,-5,-70,1
03/18/2013 04:55:00,77,-0.776599092,37,-5,-69,1
03/18/2013 04:56:00,77,-0.779475124,37,-5,-69,1
03/18/2013 04:57:00,77,-0.782351157,38,-5,-69,1
03/18/2013 04:58:00,77,-0.7645595,37,-5,-69,1
03/18/2013 04:59:00,77,-0.746767842,37,-5,-68,1
03/18/2013 05:00:00,77,-0.728976185,37,-5,-68,1
03/18/2013 05:01:00,77,-0.711184528,36,-5,-67,1
03/18/2013 05:02:00,77,-0.69339287,37,-5,-67,1
03/18/2013 05:03:00,77,-0.680919373,36,-5,-66,1
03/18/2013 05:04:00,77,-0.668445877,35,-5,-65,1
03/18/2013 05:05:00,77,-0.65597238,35,-5,-66,1
03/18/2013 05:06:00,77,-0.643498884,36,-4,-66,1
03/18/2013 05:07:00,77,-0.631025387,35,-4,-66,1
03/18/2013 05:08:00,77,-0.609055295,34,-5,-65,1
03/18/2013 05:09:00,77,-0.587085203,34,-5,-65,1
03/18/2013 05:10:00,77,-0.565115111,34,-5,-64,1
03/18/2013 05:11:00,77,-0.543145019,34,-5,-64,1
03/18/2013 05:12:00,77,-0.521174927,34,-5,-63,1
03/18/2013 05:13:00,77,-0.522383117,34,-5,-62,1
03/18/2013 05:14:00,77,-0.523591308,35,-5,-62,1
03/18/2013 05:15:00,77,-0.524799498,33,-5,-65,1
03/18/2013 05:16:00,77,-0.526007688,30,-5,-68,1
03/18/2013 05:17:00,77,-0.527215879,27,-6,-70,1
03/18/2013 05:18:00,77,-0.529007593,27,-5,-71,1
03/18/2013 05:19:00,77,-0.530799307,30,-5,-71,1
03/18/2013 05:20:00,77,-0.532591021,30,-5,-70,1
03/18/2013 05:21:00,77,-0.534382735,32,-5,-70,1
03/18/2013 05:22:00,77,-0.536174449,32,-4,-69,1
03/18/2013 05:23:00,77,-0.535199486,33,-5,-69,1
03/18/2013 05:24:00,77,-0.534224523,34,-4,-68,1
03/18/2013 05:25:00,77,-0.533249561,34,-5,-68,1
03/18/2013 05:26:00,77,-0.532274598,34,-5,-68,1
03/18/2013 05:27:00,77,-0.531299635,33,-5,-68,1
03/18/2013 05:28:00,77,-0.511278185,33,-5,-68,1
03/18/2013 05:29:00,77,-0.491256735,33,-5,-67,1
03/18/2013 05:30:00,77,-0.471235285,33,-5,-68,1
03/18/2013 05:31:00,77,-0.451213835,33,-5,-68,1
03/18/2013 05:32:00,77,-0.431192386,33,-4,-68,1
03/18/2013 05:33:00,77,-0.434850867,33,-5,-68,1
03/18/2013 05:34:00,77,-0.438509349,33,-5,-68,1
03/18/2013 05:35:00,77,-0.442167831,33,-5,-67,1
03/18/2013 05:36:00,77,-0.445826312,33,-5,-67,1
03/18/2013 05:37:00,77,-0.449484794,32,-5,-67,1
03/18/2013 05:38:00,77,-0.466882971,33,-5,-67,1
03/18/2013 05:39:00,77,-0.484281149,31,-5,-67,1
03/18/2013 05:40:00,77,-0.501679327,32,-5,-67,1
03/18/2013 05:41:00,77,-0.519077504,32,-5,-67,1
03/18/2013 05:42:00,77,-0.536475682,32,-5,-67,1
03/18/2013 05:43:00,77,-0.550684764,33,-5,-68,1
03/18/2013 05:44:00,77,-0.564893847,33,-4,-68,1
03/18/2013 05:45:00,77,-0.57910293,33,-4,-68,1
03/18/2013 05:46:00,77,-0.593312012,32,-4,-67,1
03/18/2013 05:47:00,77,-0.607521095,32,-4,-67,1
03/18/2013 05:48:00,77,-0.625430881,32,-4,-67,1
03/18/2013 05:49:00,77,-0.643340668,32,-4,-67,1
03/18/2013 05:50:00,77,-0.661250454,32,-4,-67,1
03/18/2013 05:51:00,77,-0.679160241,32,-4,-67,1
03/18/2013 05:52:00,77,-0.697070028,32,-4,-67,1
03/18/2013 05:53:00,77,-0.687630426,32,-4,-67,1
03/18/2013 05:54:00,77,-0.678190824,32,-4,-67,1
03/18/2013 05:55:00,77,-0.668751222,31,-4,-67,1
03/18/2013 05:56:00,77,-0.65931162,31,-4,-67,1
03/18/2013 05:57:00,77,-0.649872018,32,-4,-67,1
03/18/2013 05:58:00,77,-0.640532885,32,-4,-66,1
03/18/2013 05:59:00,77,-0.631193753,32,-4,-66,1
03/18/2013 06:00:00,77,-0.62185462,32,-4,-66,1
03/18/2013 06:01:00,77,-0.612515488,33,-4,-66,1
03/18/2013 06:02:00,77,-0.603176355,33,-4,-66,1
03/18/2013 06:03:00,77,-0.589658182,33,-4,-65,1
03/18/2013 06:04:00,77,-0.576140009,32,-4,-65,1
03/18/2013 06:05:00,77,-0.562621837,32,-4,-65,1
03/18/2013 06:06:00,77,-0.549103664,32,-4,-65,1
03/18/2013 06:07:00,77,-0.535585491,32,-4,-66,1
03/18/2013 06:08:00,77,-0.539090052,32,-4,-66,1
03/18/2013 06:09:00,77,-0.542594613,32,-3,-67,1
03/18/2013 06:10:00,77,-0.546099174,31,-3,-67,1
03/18/2013 06:11:00,77,-0.549603736,31,-3,-67,1
03/18/2013 06:12:00,77,-0.553108297,32,-2,-67,1
03/18/2013 06:13:00,77,-0.550143667,33,-3,-63,1
03/18/2013 06:14:00,77,-0.547179038,31,-4,-60,1
03/18/2013 06:15:00,77,-0.544214408,30,-5,-58,1
03/18/2013 06:16:00,77,-0.541249779,30,-5,-56,1
03/18/2013 06:17:00,77,-0.538285149,31,-5,-54,1
03/18/2013 06:18:00,77,-0.517950287,33,-5,-53,1
03/18/2013 06:19:00,77,-0.497615425,33,-5,-53,1
03/18/2013 06:20:00,77,-0.477280562,34,-4,-54,1
03/18/2013 06:21:00,77,-0.4569457,34,-4,-55,1
03/18/2013 06:22:00,77,-0.436610838,34,-4,-55,1
03/18/2013 06:23:00,77,-0.442114745,33,-4,-55,1
03/18/2013 06:24:00,77,-0.447618652,33,-3,-55,1
03/18/2013 06:25:00,77,-0.453122559,32,-3,-56,1
03/18/2013 06:26:00,77,-0.458626466,33,-3,-56,1
03/18/2013 06:27:00,77,-0.464130373,32,-3,-57,1
03/18/2013 06:28:00,77,-0.461156647,32,-3,-57,1
03/18/2013 06:29:00,77,-0.458182922,31,-3,-57,1
03/18/2013 06:30:00,77,-0.455209196,31,-3,-57,1
03/18/2013 06:31:00,77,-0.452235471,30,-3,-58,1
03/18/2013 06:32:00,77,-0.449261745,30,-2,-58,1
03/18/2013 06:33:00,77,-0.459242336,30,-3,-58,1
03/18/2013 06:34:00,77,-0.469222927,31,-3,-57,1
03/18/2013 06:35:00,77,-0.479203518,31,-2,-57,1
03/18/2013 06:36:00,77,-0.489184108,31,-2,-57,1
03/18/2013 06:37:00,77,-0.499164699,31,-2,-58,1
03/18/2013 06:38:00,77,-0.50949013,31,-2,-58,1
03/18/2013 06:39:00,77,-0.519815561,30,-2,-59,1
03/18/2013 06:40:00,77,-0.530140991,31,-2,-59,1
03/18/2013 06:41:00,77,-0.540466422,30,-2,-59,1
03/18/2013 06:42:00,77,-0.550791853,30,-2,-59,1
03/18/2013 06:43:00,77,-0.555017992,30,-2,-59,1
03/18/2013 06:44:00,77,-0.559244131,28,-2,-59,1
03/18/2013 06:45:00,77,-0.56347027,28,-2,-59,1
03/18/2013 06:46:00,77,-0.567696409,28,-2,-59,1
03/18/2013 06:47:00,77,-0.571922548,28,-2,-59,1
03/18/2013 06:48:00,77,-0.603351174,29,-2,-58,1
03/18/2013 06:49:00,77,-0.634779801,29,-2,-59,1
03/18/2013 06:50:00,77,-0.666208427,29,-2,-59,1
03/18/2013 06:51:00,77,-0.697637054,29,-1,-58,1
03/18/2013 06:52:00,77,-0.729065681,29,-1,-58,1
03/18/2013 06:53:00,77,-0.730099216,29,-2,-57,1
03/18/2013 06:54:00,77,-0.731132752,29,-2,-57,1
03/18/2013 06:55:00,77,-0.732166287,29,-2,-57,1
03/18/2013 06:56:00,77,-0.733199822,29,-1,-57,1
03/18/2013 06:57:00,77,-0.734233358,29,-1,-57,1
03/18/2013 06:58:00,77,-0.741326649,29,-1,-57,1
03/18/2013 06:59:00,77,-0.748419941,29,-1,-57,1
03/18/2013 07:00:00,77,-0.755513232,28,-1,-57,1
03/18/2013 07:01:00,77,-0.762606524,28,-1,-56,1
03/18/2013 07:02:00,77,-0.769699815,28,-1,-56,1
03/18/2013 07:03:00,77,-0.795943285,28,-1,-56,1
03/18/2013 07:04:00,77,-0.822186755,28,-1,-56,1
03/18/2013 07:05:00,77,-0.848430226,28,-1,-56,1
03/18/2013 07:06:00,77,-0.874673696,28,-1,-56,1
03/18/2013 07:07:00,77,-0.900917166,28,-1,-56,1
03/18/2013 07:08:00,77,-0.890543529,29,0,-56,1
03/18/2013 07:09:00,77,-0.880169892,29,0,-56,1
03/18/2013 07:10:00,77,-0.869796255,29,0,-56,1
03/18/2013 07:11:00,77,-0.859422618,30,0,-56,1
03/18/2013 07:12:00,77,-0.849048981,29,0,-56,1
03/18/2013 07:13:00,77,-0.84633964,29,0,-56,1
03/18/2013 07:14:00,77,-0.843630299,28,0,-56,1
03/18/2013 07:15:00,77,-0.840920958,29,0,-56,1
03/18/2013 07:16:00,77,-0.838211617,28,0,-56,1
03/18/2013 07:17:00,77,-0.835502276,29,0,-56,1
03/18/2013 07:18:00,77,-0.841532336,29,0,-56,1
03/18/2013 07:19:00,77,-0.847562397,28,0,-55,1
03/18/2013 07:20:00,77,-0.853592457,29,0,-55,1
03/18/2013 07:21:00,77,-0.859622517,30,0,-55,1
03/18/2013 07:22:00,77,-0.865652577,29,0,-54,1
03/18/2013 07:23:00,77,-0.867245189,30,0,-54,1
03/18/2013 07:24:00,77,-0.868837801,30,0,-54,1
03/18/2013 07:25:00,77,-0.870430413,28,0,-54,1
03/18/2013 07:26:00,77,-0.872023025,28,0,-54,1
03/18/2013 07:27:00,77,-0.873615637,27,1,-55,1
03/18/2013 07:28:00,77,-0.876770127,27,1,-55,1
03/18/2013 07:29:00,77,-0.879924617,28,1,-55,1
03/18/2013 07:30:00,77,-0.883079107,29,1,-56,1
03/18/2013 07:31:00,77,-0.886233596,29,1,-55,1
03/18/2013 07:32:00,77,-0.889388086,29,1,-56,1
03/18/2013 07:33:00,77,-0.895629672,29,1,-56,1
03/18/2013 07:34:00,77,-0.901871257,30,1,-56,1
03/18/2013 07:35:00,77,-0.908112843,28,1,-55,1
03/18/2013 07:36:00,77,-0.914354428,28,1,-55,1
03/18/2013 07:37:00,77,-0.920596014,28,1,-55,1
03/18/2013 07:38:00,77,-0.90460448,28,1,-54,1
03/18/2013 07:39:00,77,-0.888612947,28,1,-54,1
03/18/2013 07:40:00,77,-0.872621413,28,1,-54,1
03/18/2013 07:41:00,77,-0.856629879,28,1,-55,1
03/18/2013 07:42:00,77,-0.840638346,28,1,-55,1
03/18/2013 07:43:00,77,0,28,1,-55,1
03/18/2013 07:44:00,77,0,28,1,-55,1
03/18/2013 07:45:00,77,0,30,2,-55,1
03/18/2013 07:46:00,77,0,29,1,-55,1
03/18/2013 07:47:00,77,0,30,2,-55,1
03/18/2013 07:48:00,77,0,29,2,-55,1
03/18/2013 07:49:00,77,0,29,1,-54,1
03/18/2013 07:50:00,77,0,29,1,-54,1
03/18/2013 07:51:00,77,0,29,1,-54,1
03/18/2013 07:52:00,77,0,28,1,-54,1
03/18/2013 07:53:00,77,0,28,1,-53,1
03/18/2013 07:54:00,77,0,28,1,-54,1
03/18/2013 07:55:00,77,0,28,1,-54,1
03/18/2013 07:56:00,77,0,29,1,-54,1
03/18/2013 07:57:00,77,0,29,1,-54,1
03/18/2013 07:58:00,77,0,30,1,-53,1
03/18/2013 07:59:00,77,0,29,2,-53,1
03/18/2013 08:00:00,77,0,28,2,-52,1
03/18/2013 08:01:00,77,0,28,1,-52,1
03/18/2013 08:02:00,77,0,28,1,-52,1
03/18/2013 08:03:00,77,0,27,1,-52,1
03/18/2013 08:04:00,77,0,28,2,-53,1
03/18/2013 08:05:00,77,0,28,2,-54,1
03/18/2013 08:06:00,77,0,27,2,-54,1
03/18/2013 08:07:00,77,0,28,2,-54,1
03/18/2013 08:08:00,77,0,27,2,-55,1
03/18/2013 08:09:00,77,0,27,2,-55,1
03/18/2013 08:10:00,77,0,28,2,-56,1
03/18/2013 08:11:00,77,0,28,2,-56,1
03/18/2013 08:12:00,77,0,26,2,-57,1
03/18/2013 08:13:00,77,0,26,2,-57,1
03/18/2013 08:14:00,77,0,28,2,-57,1
03/18/2013 08:15:00,77,0,28,2,-57,1
03/18/2013 08:16:00,77,0,28,2,-57,1
03/18/2013 08:17:00,77,0,28,2,-58,1
03/18/2013 08:18:00,77,0,29,2,-58,1
03/18/2013 08:19:00,77,0,29,2,-58,1
03/18/2013 08:20:00,77,0,29,2,-57,1
03/18/2013 08:21:00,77,0,30,2,-58,1
03/18/2013 08:22:00,77,0,30,2,-58,1
03/18/2013 08:23:00,77,0,29,2,-58,1
03/18/2013 08:24:00,77,0,29,2,-58,1
03/18/2013 08:25:00,77,0,30,2,-58,1
03/18/2013 08:26:00,77,0,29,2,-58,1
03/18/2013 08:27:00,77,0,29,2,-58,1
03/18/2013 08:28:00,77,0,30,2,-58,1
03/18/2013 08:29:00,77,0,30,2,-58,1
03/18/2013 08:30:00,77,0,30,2,-57,1
03/18/2013 08:31:00,77,0,30,2,-57,1
03/18/2013 08:32:00,77,0,28,1,-56,1
03/18/2013 08:33:00,77,0,27,1,-57,1
03/18/2013 08:34:00,77,0,28,1,-57,1
03/18/2013 08:35:00,77,0,27,1,-57,1
03/18/2013 08:36:00,77,0,27,1,-56,1
03/18/2013 08:37:00,77,0,27,1,-56,1
03/18/2013 08:38:00,77,0,28,1,-55,1
03/18/2013 08:39:00,77,0,28,1,-55,1
03/18/2013 08:40:00,77,0,28,1,-56,1
03/18/2013 08:41:00,77,0,28,1,-56,1
03/18/2013 08:42:00,77,0,28,1,-56,1
03/18/2013 08:43:00,77,0,28,1,-56,1
03/18/2013 08:44:00,77,0,27,1,-56,1
03/18/2013 08:45:00,77,0,28,1,-56,1
03/18/2013 08:46:00,77,0,28,1,-56,1
03/18/2013 08:47:00,77,0,28,1,-55,1
03/18/2013 08:48:00,77,0,29,1,-54,1
03/18/2013 08:49:00,77,0,30,1,-54,1
03/18/2013 08:50:00,77,0,31,1,-53,1
03/18/2013 08:51:00,77,0,30,0,-53,1
03/18/2013 08:52:00,77,0,30,0,-53,1
03/18/2013 08:53:00,77,0,31,0,-54,1
03/18/2013 08:54:00,77,0,30,0,-55,1
03/18/2013 08:55:00,77,0,29,1,-55,1
03/18/2013 08:56:00,77,0,29,1,-55,1
03/18/2013 08:57:00,77,0,30,1,-55,1
03/18/2013 08:58:00,77,0,29,1,-55,1
03/18/2013 08:59:00,77,0,30,1,-54,1
03/18/2013 09:00:00,77,0,30,1,-53,1
03/18/2013 09:01:00,77,0,31,1,-52,1
03/18/2013 09:02:00,77,0,31,0,-52,1
03/18/2013 09:03:00,77,0,31,0,-51,1
03/18/2013 09:04:00,77,0,31,0,-51,1
03/18/2013 09:05:00,77,0,31,0,-51,1
03/18/2013 09:06:00,77,0,32,0,-52,1
03/18/2013 09:07:00,77,0,31,0,-52,1
03/18/2013 09:08:00,77,0,31,0,-53,1
03/18/2013 09:09:00,77,0,30,0,-53,1
03/18/2013 09:10:00,77,0,30,0,-52,1
03/18/2013 09:11:00,77,0,30,0,-52,1
03/18/2013 09:12:00,77,0,31,0,-51,1
03/18/2013 09:13:00,77,0,31,0,-51,1
03/18/2013 09:14:00,77,0,31,0,-51,1
03/18/2013 09:15:00,77,0,31,0,-51,1
03/18/2013 09:16:00,77,0,31,0,-51,1
03/18/2013 09:17:00,77,0,31,0,-52,1
03/18/2013 09:18:00,77,0,30,0,-52,1
03/18/2013 09:19:00,77,0,30,0,-52,1
03/18/2013 09:20:00,77,0,30,0,-52,1
03/18/2013 09:21:00,77,0,30,0,-52,1
03/18/2013 09:22:00,77,0,30,0,-52,1
03/18/2013 09:23:00,77,0,30,0,-52,1
03/18/2013 09:24:00,77,0,30,0,-52,1
03/18/2013 09:25:00,77,0,30,0,-52,1
03/18/2013 09:26:00,77,0,29,-1,-53,1
03/18/2013 09:27:00,77,0,29,0,-53,1
03/18/2013 09:28:00,77,0,31,0,-53,1
03/18/2013 09:29:00,77,0,31,0,-53,1
03/18/2013 09:30:00,77,0,30,0,-53,1
03/18/2013 09:31:00,77,0,30,-1,-53,1
03/18/2013 09:32:00,77,0,30,0,-53,1
03/18/2013 09:33:00,77,0,30,0,-53,1
03/18/2013 09:34:00,77,0,30,-1,-53,1
03/18/2013 09:35:00,77,0,30,-1,-53,1
03/18/2013 09:36:00,77,0,30,-1,-52,1
03/18/2013 09:37:00,77,0,30,-1,-52,1
03/18/2013 09:38:00,77,0,31,-1,-52,1
03/18/2013 09:39:00,77,0,30,-1,-52,1
03/18/2013 09:40:00,77,0,30,-1,-52,1
03/18/2013 09:41:00,77,0,30,-1,-52,1
03/18/2013 09:42:00,77,0,30,-1,-52,1
03/18/2013 09:43:00,77,0,30,-1,-52,1
03/18/2013 09:44:00,77,0,31,-1,-52,1
03/18/2013 09:45:00,77,0,31,-1,-52,1
03/18/2013 09:46:00,77,0,31,-1,-52,1
03/18/2013 09:47:00,77,0,30,-1,-51,1
03/18/2013 09:48:00,77,0,31,-1,-51,1
03/18/2013 09:49:00,77,0,31,-1,-51,1
03/18/2013 09:50:00,77,0,31,-1,-51,1
03/18/2013 09:51:00,77,0,32,-1,-51,1
03/18/2013 09:52:00,77,0,33,-1,-50,1
03/18/2013 09:53:00,77,0,32,-1,-49,1
03/18/2013 09:54:00,77,0,31,-1,-48,1
03/18/2013 09:55:00,77,0,30,-1,-47,1
03/18/2013 09:56:00,77,0,31,-1,-46,1
03/18/2013 09:57:00,77,0,32,-2,-45,1
03/18/2013 09:58:00,77,0,33,-2,-45,1
03/18/2013 09:59:00,77,0,35,-2,-44,1
03/18/2013 10:00:00,77,0,36,-2,-44,1
03/18/2013 10:01:00,77,0,35,-2,-44,1
03/18/2013 10:02:00,77,0,35,-2,-44,1
03/18/2013 10:03:00,77,0,35,-2,-45,1
03/18/2013 10:04:00,77,0,35,-2,-45,1
03/18/2013 10:05:00,77,0,35,-2,-46,1
03/18/2013 10:06:00,77,0,34,-1,-50,1
03/18/2013 10:07:00,77,0,33,-1,-53,1
03/18/2013 10:08:00,77,0,33,0,-53,1
03/18/2013 10:09:00,77,0,32,0,-51,1
03/18/2013 10:10:00,77,0,31,-1,-51,1
03/18/2013 10:11:00,77,0,30,-1,-52,1
03/18/2013 10:12:00,77,0,31,-1,-52,1
03/18/2013 10:13:00,77,0,32,-1,-47,1
03/18/2013 10:14:00,77,0,34,-2,-44,1
03/18/2013 10:15:00,77,0,33,-2,-43,1
03/18/2013 10:16:00,77,0,33,-2,-43,1
03/18/2013 10:17:00,77,0,33,-2,-43,1
03/18/2013 10:18:00,77,0,34,-2,-44,1
03/18/2013 10:19:00,77,0,35,-2,-44,1
03/18/2013 10:20:00,77,0,35,-2,-45,1
03/18/2013 10:21:00,77,0,34,-1,-45,1
03/18/2013 10:22:00,77,0,34,-1,-46,1
03/18/2013 10:23:00,77,0,34,-1,-45,1
03/18/2013 10:24:00,77,0,32,-1,-45,1
03/18/2013 10:25:00,77,0,33,-2,-46,1
03/18/2013 10:26:00,77,0,33,-2,-45,1
03/18/2013 10:27:00,77,0,33,-2,-45,1
03/18/2013 10:28:00,77,0,34,-2,-46,1
03/18/2013 10:29:00,77,0,33,-2,-47,1
03/18/2013 10:30:00,77,0,33,-2,-47,1
03/18/2013 10:31:00,77,0,33,-2,-47,1
03/18/2013 10:32:00,77,0,32,-2,-47,1
03/18/2013 10:33:00,77,0,32,-2,-46,1
03/18/2013 10:34:00,77,0,32,-2,-46,1
03/18/2013 10:35:00,77,0,32,-2,-45,1
03/18/2013 10:36:00,77,0,31,-2,-45,1
03/18/2013 10:37:00,77,0,31,-2,-45,1
03/18/2013 10:38:00,77,0,30,-2,-46,1
03/18/2013 10:39:00,77,0,31,-2,-46,1
03/18/2013 10:40:00,77,0,30,-1,-46,1
03/18/2013 10:41:00,77,0,31,-1,-46,1
03/18/2013 10:42:00,77,0,30,-1,-45,1
03/18/2013 10:43:00,77,0,30,-2,-44,1
03/18/2013 10:44:00,77,0,31,-2,-43,1
03/18/2013 10:45:00,77,0,30,-2,-42,1
03/18/2013 10:46:00,77,0,31,-2,-43,1
03/18/2013 10:47:00,77,0,30,-2,-44,1
03/18/2013 10:48:00,77,0,31,-2,-44,1
03/18/2013 10:49:00,77,0,30,-2,-45,1
03/18/2013 10:50:00,77,0,30,-2,-45,1
03/18/2013 10:51:00,77,0,30,-2,-46,1
03/18/2013 10:52:00,77,0,30,-2,-46,1
03/18/2013 10:53:00,77,0,30,-2,-47,1
03/18/2013 10:54:00,77,0,29,-1,-48,1
03/18/2013 10:55:00,77,0,27,-1,-49,1
03/18/2013 10:56:00,77,0,27,-1,-49,1
03/18/2013 10:57:00,77,0,28,-1,-48,1
03/18/2013 10:58:00,77,0,29,-1,-46,1
03/18/2013 10:59:00,77,0,30,-2,-45,1
03/18/2013 11:00:00,77,0,28,-2,-44,1
03/18/2013 11:01:00,77,0,26,-2,-43,1
03/18/2013 11:02:00,77,0,27,-2,-44,1
03/18/2013 11:03:00,77,0,27,-2,-46,1
03/18/2013 11:04:00,77,0,29,-2,-46,1
03/18/2013 11:05:00,77,0,29,-2,-45,1
03/18/2013 11:06:00,77,0,29,-2,-44,1
03/18/2013 11:07:00,77,0,28,-2,-44,1
03/18/2013 11:08:00,77,0,28,-2,-45,1
03/18/2013 11:09:00,77,0,28,-2,-45,1
03/18/2013 11:10:00,77,0,28,-2,-45,1
03/18/2013 11:11:00,77,0,29,-2,-44,1
03/18/2013 11:12:00,77,0,29,-2,-44,1
03/18/2013 11:13:00,77,0,29,-2,-44,1
03/18/2013 11:14:00,77,0,27,-2,-44,1
03/18/2013 11:15:00,77,0,27,-2,-45,1
03/18/2013 11:16:00,77,0,27,-2,-45,1
03/18/2013 11:17:00,77,0,26,-2,-46,1
03/18/2013 11:18:00,77,0,26,-2,-48,1
03/18/2013 11:19:00,77,0,27,-2,-49,1
03/18/2013 11:20:00,77,0,29,-2,-49,1
03/18/2013 11:21:00,77,0,31,-2,-48,1
03/18/2013 11:22:00,77,0,31,-2,-47,1
03/18/2013 11:23:00,77,0,30,-2,-46,1
03/18/2013 11:24:00,77,0,29,-3,-46,1
03/18/2013 11:25:00,77,0,27,-2,-46,1
03/18/2013 11:26:00,77,0,28,-2,-46,1
03/18/2013 11:27:00,77,0,28,-2,-45,1
03/18/2013 11:28:00,77,0,28,-2,-45,1
03/18/2013 11:29:00,77,0,29,-2,-43,1
03/18/2013 11:30:00,77,0,28,-2,-42,1
03/18/2013 11:31:00,77,0,27,-2,-43,1
03/18/2013 11:32:00,77,0,28,-2,-43,1
03/18/2013 11:33:00,77,0,29,-2,-44,1
03/18/2013 11:34:00,77,0,30,-2,-44,1
03/18/2013 11:35:00,77,0,31,-2,-44,1
03/18/2013 11:36:00,77,0,31,-2,-44,1
03/18/2013 11:37:00,77,0,31,-2,-43,1
03/18/2013 11:38:00,77,0,28,-2,-42,1
03/18/2013 11:39:00,77,0,27,-2,-42,1
03/18/2013 11:40:00,77,0,28,-2,-43,1
03/18/2013 11:41:00,77,0,28,-2,-43,1
03/18/2013 11:42:00,77,0,27,-2,-44,1
03/18/2013 11:43:00,77,0,28,-2,-45,1
03/18/2013 11:44:00,77,0,29,-2,-45,1
03/18/2013 11:45:00,77,0,29,-2,-45,1
03/18/2013 11:46:00,77,0,29,-2,-45,1
03/18/2013 11:47:00,77,0,29,-2,-44,1
03/18/2013 11:48:00,77,0,28,-2,-44,1
03/18/2013 11:49:00,77,0,27,-2,-44,1
03/18/2013 11:50:00,77,0,27,-2,-45,1
03/18/2013 11:51:00,77,0,25,-3,-47,1
03/18/2013 11:52:00,77,0,27,-3,-49,1
03/18/2013 11:53:00,77,0,30,-3,-50,1
03/18/2013 11:54:00,77,0,33,-3,-50,1
03/18/2013 11:55:00,77,0,33,-3,-50,1
03/18/2013 11:56:00,77,0,32,-3,-49,1
03/18/2013 11:57:00,77,0,32,-3,-49,1
03/18/2013 11:58:00,77,0,30,-3,-49,1
03/18/2013 11:59:00,77,0,28,-3,-49,1
03/18/2013 12:00:00,77,0,28,-3,-50,1
03/18/2013 12:01:00,77,0,28,-3,-50,1
03/18/2013 12:02:00,77,0,30,-3,-50,1
03/18/2013 12:03:00,77,0,30,-3,-50,1
03/18/2013 12:04:00,77,0,30,-3,-50,1
03/18/2013 12:05:00,77,0,30,-3,-50,1
03/18/2013 12:06:00,77,0,30,-3,-50,1
03/18/2013 12:07:00,77,0,30,-3,-49,1
03/18/2013 12:08:00,77,0,29,-3,-49,1
03/18/2013 12:09:00,77,0,29,-3,-49,1
03/18/2013 12:10:00,77,0,30,-3,-48,1
03/18/2013 12:11:00,77,0,30,-3,-48,1
03/18/2013 12:12:00,77,0,30,-3,-48,1
03/18/2013 12:13:00,77,0,30,-3,-47,1
03/18/2013 12:14:00,77,0,29,-3,-47,1
03/18/2013 12:15:00,77,0,29,-3,-47,1
03/18/2013 12:16:00,77,0,28,-3,-47,1
03/18/2013 12:17:00,77,0,28,-3,-47,1
03/18/2013 12:18:00,77,0,28,-3,-46,1
03/18/2013 12:19:00,77,0,28,-2,-46,1
03/18/2013 12:20:00,77,0,27,-2,-46,1
03/18/2013 12:21:00,77,0,27,-2,-47,1
03/18/2013 12:22:00,77,0,27,-3,-46,1
03/18/2013 12:23:00,77,0,27,-2,-46,1
03/18/2013 12:24:00,77,0,27,-2,-47,1
03/18/2013 12:25:00,77,0,28,-2,-47,1
03/18/2013 12:26:00,77,0,29,-3,-46,1
03/18/2013 12:27:00,77,0,29,-3,-46,1
03/18/2013 12:28:00,77,0,28,-3,-46,1
03/18/2013 12:29:00,77,0,28,-3,-46,1
03/18/2013 12:30:00,77,0,28,-3,-45,1
03/18/2013 12:31:00,77,0,27,-3,-46,1
03/18/2013 12:32:00,77,0,27,-2,-45,1
03/18/2013 12:33:00,77,0,27,-2,-45,1
03/18/2013 12:34:00,77,0,27,-2,-45,1
03/18/2013 12:35:00,77,0,27,-2,-46,1
03/18/2013 12:36:00,77,0,28,-2,-46,1
03/18/2013 12:37:00,77,0,28,-2,-46,1
03/18/2013 12:38:00,77,0,28,-2,-46,1
03/18/2013 12:39:00,77,0,28,-2,-46,1
03/18/2013 12:40:00,77,0,28,-2,-46,1
03/18/2013 12:41:00,77,0,27,-2,-46,1
03/18/2013 12:42:00,77,0,27,-2,-46,1
03/18/2013 12:43:00,77,0,28,-2,-46,1
03/18/2013 12:44:00,77,0,28,-2,-47,1
03/18/2013 12:45:00,77,0,28,-2,-47,1
03/18/2013 12:46:00,77,0,30,-2,-47,1
03/18/2013 12:47:00,77,0,29,-2,-46,1
03/18/2013 12:48:00,77,0,29,-2,-46,1
03/18/2013 12:49:00,77,0,29,-2,-46,1
03/18/2013 12:50:00,77,0,29,-3,-46,1
03/18/2013 12:51:00,77,0,28,-2,-46,1
03/18/2013 12:52:00,77,0,28,-2,-46,1
03/18/2013 12:53:00,77,0,29,-2,-46,1
03/18/2013 12:54:00,77,0,29,-2,-46,1
03/18/2013 12:55:00,77,0,29,-2,-45,1
03/18/2013 12:56:00,77,0,29,-2,-45,1
03/18/2013 12:57:00,77,0,28,-2,-45,1
03/18/2013 12:58:00,77,0,28,-2,-45,1
03/18/2013 12:59:00,77,0,28,-2,-45,1
03/18/2013 13:00:00,77,0,27,-2,-46,1
03/18/2013 13:01:00,77,0,29,-2,-46,1
03/18/2013 13:02:00,77,0,29,-2,-46,1
03/18/2013 13:03:00,77,0,29,-2,-46,1
03/18/2013 13:04:00,77,0,31,-2,-46,1
03/18/2013 13:05:00,77,0,31,-3,-46,1
03/18/2013 13:06:00,77,0,31,-2,-46,1
03/18/2013 13:07:00,77,0,31,-3,-46,1
03/18/2013 13:08:00,77,0,30,-3,-45,1
03/18/2013 13:09:00,77,0,31,-3,-45,1
03/18/2013 13:10:00,77,0,31,-3,-45,1
03/18/2013 13:11:00,77,0,31,-2,-45,1
03/18/2013 13:12:00,77,0,31,-2,-45,1
03/18/2013 13:13:00,77,0,31,-3,-45,1
03/18/2013 13:14:00,77,0,30,-2,-45,1
03/18/2013 13:15:00,77,0,29,-2,-45,1
03/18/2013 13:16:00,77,0,29,-2,-44,1
03/18/2013 13:17:00,77,0,29,-3,-44,1
03/18/2013 13:18:00,77,0,30,-3,-45,1
03/18/2013 13:19:00,77,0,30,-3,-45,1
03/18/2013 13:20:00,77,0,30,-3,-45,1
03/18/2013 13:21:00,77,0,31,-3,-45,1
03/18/2013 13:22:00,77,0,30,-3,-45,1
03/18/2013 13:23:00,77,0,30,-3,-45,1
03/18/2013 13:24:00,77,0,30,-3,-45,1
03/18/2013 13:25:00,77,0,30,-3,-45,1
03/18/2013 13:26:00,77,0,29,-3,-46,1
03/18/2013 13:27:00,77,0,31,-3,-46,1
03/18/2013 13:28:00,77,0,31,-3,-46,1
03/18/2013 13:29:00,77,0,30,-3,-46,1
03/18/2013 13:30:00,77,0,30,-3,-46,1
03/18/2013 13:31:00,77,0,29,-3,-46,1
03/18/2013 13:32:00,77,0,28,-3,-46,1
03/18/2013 13:33:00,77,0,29,-3,-47,1
03/18/2013 13:34:00,77,0,29,-3,-47,1
03/18/2013 13:35:00,77,0,30,-3,-46,1
03/18/2013 13:36:00,77,0,30,-3,-46,1
03/18/2013 13:37:00,77,0,30,-3,-46,1
03/18/2013 13:38:00,77,0,30,-3,-46,1
03/18/2013 13:39:00,77,0,29,-4,-46,1
03/18/2013 13:40:00,77,0,29,-3,-46,1
03/18/2013 13:41:00,77,0,29,-3,-46,1
03/18/2013 13:42:00,77,0,30,-3,-46,1
03/18/2013 13:43:00,77,0,30,-3,-45,1
03/18/2013 13:44:00,77,0,30,-3,-45,1
03/18/2013 13:45:00,77,0,30,-3,-45,1
03/18/2013 13:46:00,77,0,29,-3,-46,1
03/18/2013 13:47:00,77,0,29,-3,-45,1
03/18/2013 13:48:00,77,0,29,-3,-45,1
03/18/2013 13:49:00,77,0,29,-3,-45,1
03/18/2013 13:50:00,77,0,29,-3,-44,1
03/18/2013 13:51:00,77,0,29,-3,-44,1
03/18/2013 13:52:00,77,0,27,-3,-45,1
03/18/2013 13:53:00,77,0,26,-3,-45,1
03/18/2013 13:54:00,77,0,27,-3,-45,1
03/18/2013 13:55:00,77,0,27,-3,-45,1
03/18/2013 13:56:00,77,0,27,-3,-46,1
03/18/2013 13:57:00,77,0,26,-3,-47,1
03/18/2013 13:58:00,77,0,27,-3,-47,1
03/18/2013 13:59:00,77,0,27,-3,-48,1
03/18/2013 14:00:00,77,0,27,-3,-48,1
03/18/2013 14:01:00,77,0,28,-4,-49,1
03/18/2013 14:02:00,77,0,30,-4,-49,1
03/18/2013 14:03:00,77,0,31,-4,-49,1
03/18/2013 14:04:00,77,0,31,-4,-49,1
03/18/2013 14:05:00,77,0,32,-4,-49,1
03/18/2013 14:06:00,77,0,30,-4,-49,1
03/18/2013 14:07:00,77,0,31,-4,-49,1
03/18/2013 14:08:00,77,0,30,-4,-49,1
03/18/2013 14:09:00,77,0,30,-4,-48,1
03/18/2013 14:10:00,77,0,29,-4,-49,1
03/18/2013 14:11:00,77,0,29,-4,-49,1
03/18/2013 14:12:00,77,0,29,-4,-49,1
03/18/2013 14:13:00,77,0,29,-4,-48,1
03/18/2013 14:14:00,77,0,29,-4,-48,1
03/18/2013 14:15:00,77,0,29,-4,-48,1
03/18/2013 14:16:00,77,0,28,-3,-48,1
03/18/2013 14:17:00,77,0,28,-3,-47,1
03/18/2013 14:18:00,77,0,26,-3,-47,1
03/18/2013 14:19:00,77,0,24,-3,-47,1
03/18/2013 14:20:00,77,0,25,-3,-47,1
03/18/2013 14:21:00,77,0,24,-3,-47,1
03/18/2013 14:22:00,77,0,24,-3,-48,1
03/18/2013 14:23:00,77,0,23,-3,-48,1
03/18/2013 14:24:00,77,0,24,-3,-48,1
03/18/2013 14:25:00,77,0,24,-3,-48,1
03/18/2013 14:26:00,77,0,24,-3,-48,1
03/18/2013 14:27:00,77,0,24,-3,-49,1
03/18/2013 14:28:00,77,0,24,-4,-49,1
03/18/2013 14:29:00,77,0,24,-4,-49,1
03/18/2013 14:30:00,77,0,24,-4,-49,1
03/18/2013 14:31:00,77,0,25,-4,-48,1
03/18/2013 14:32:00,77,0,25,-4,-48,1
03/18/2013 14:33:00,77,0,24,-3,-48,1
03/18/2013 14:34:00,77,0,24,-4,-47,1
03/18/2013 14:35:00,77,0,24,-3,-47,1
03/18/2013 14:36:00,77,0,23,-3,-47,1
03/18/2013 14:37:00,77,0,23,-3,-47,1
03/18/2013 14:38:00,77,0,23,-3,-47,1
03/18/2013 14:39:00,77,0,23,-3,-47,1
03/18/2013 14:40:00,77,0,22,-3,-47,1
03/18/2013 14:41:00,77,0,23,-3,-46,1
03/18/2013 14:42:00,77,0,23,-3,-46,1
03/18/2013 14:43:00,77,0,21,-2,-46,1
03/18/2013 14:44:00,77,0,20,-2,-47,1
03/18/2013 14:45:00,77,0,20,-2,-47,1
03/18/2013 14:46:00,77,0,21,-2,-47,1
03/18/2013 14:47:00,77,0,21,-3,-48,1
03/18/2013 14:48:00,77,0,23,-4,-48,1
03/18/2013 14:49:00,77,0,23,-4,-47,1
03/18/2013 14:50:00,77,0,23,-3,-46,1
03/18/2013 14:51:00,77,0,23,-3,-46,1
03/18/2013 14:52:00,77,0,23,-3,-46,1
03/18/2013 14:53:00,77,0,22,-3,-46,1
03/18/2013 14:54:00,77,0,22,-3,-46,1
03/18/2013 14:55:00,77,0,20,-3,-46,1
03/18/2013 14:56:00,77,0,21,-3,-46,1
03/18/2013 14:57:00,77,0,21,-3,-46,1
03/18/2013 14:58:00,77,0,21,-3,-46,1
03/18/2013 14:59:00,77,0,21,-3,-46,1
03/18/2013 15:00:00,77,0,20,-3,-46,1
03/18/2013 15:01:00,77,0,22,-3,-47,1
03/18/2013 15:02:00,77,0,22,-3,-46,1
03/18/2013 15:03:00,77,0,22,-3,-46,1
03/18/2013 15:04:00,77,0,22,-3,-46,1
03/18/2013 15:05:00,77,0,22,-3,-47,1
03/18/2013 15:06:00,77,0,23,-3,-46,1
03/18/2013 15:07:00,77,0,23,-3,-46,1
03/18/2013 15:08:00,77,0,23,-3,-46,1
03/18/2013 15:09:00,77,0,24,-3,-46,1
03/18/2013 15:10:00,77,0,23,-3,-46,1
03/18/2013 15:11:00,77,0,23,-3,-45,1
03/18/2013 15:12:00,77,0,23,-3,-45,1
03/18/2013 15:13:00,77,0,23,-3,-46,1
03/18/2013 15:14:00,77,0,23,-3,-46,1
03/18/2013 15:15:00,77,0,22,-3,-46,1
03/18/2013 15:16:00,77,0,22,-3,-47,1
03/18/2013 15:17:00,77,0,22,-3,-46,1
03/18/2013 15:18:00,77,0,22,-3,-46,1
03/18/2013 15:19:00,77,0,23,-4,-46,1
03/18/2013 15:20:00,77,0,22,-3,-46,1
03/18/2013 15:21:00,77,0,23,-4,-45,1
03/18/2013 15:22:00,77,0,22,-4,-45,1
03/18/2013 15:23:00,77,0,22,-3,-45,1
03/18/2013 15:24:00,77,0,22,-3,-45,1
03/18/2013 15:25:00,77,0,22,-3,-45,1
03/18/2013 15:26:00,77,0,21,-3,-46,1
03/18/2013 15:27:00,77,0,21,-3,-46,1
03/18/2013 15:28:00,77,0,22,-4,-46,1
03/18/2013 15:29:00,77,0,22,-4,-46,1
03/18/2013 15:30:00,77,0,22,-3,-46,1
03/18/2013 15:31:00,77,0,22,-4,-46,1
03/18/2013 15:32:00,77,0,22,-4,-46,1
03/18/2013 15:33:00,77,0,22,-4,-46,1
03/18/2013 15:34:00,77,0,22,-4,-46,1
03/18/2013 15:35:00,77,0,23,-4,-46,1
03/18/2013 15:36:00,77,0,23,-4,-46,1
03/18/2013 15:37:00,77,0,23,-4,-46,1
03/18/2013 15:38:00,77,0,23,-4,-46,1
03/18/2013 15:39:00,77,0,22,-4,-46,1
03/18/2013 15:40:00,77,0,23,-4,-47,1
03/18/2013 15:41:00,77,0,24,-4,-47,1
03/18/2013 15:42:00,77,0,24,-4,-47,1
03/18/2013 15:43:00,77,0,25,-4,-47,1
03/18/2013 15:44:00,77,0,24,-4,-47,1
03/18/2013 15:45:00,77,0,24,-4,-47,1
03/18/2013 15:46:00,77,0,23,-4,-46,1
03/18/2013 15:47:00,77,0,23,-4,-46,1
03/18/2013 15:48:00,77,0,23,-4,-46,1
03/18/2013 15:49:00,77,0,23,-4,-46,1
03/18/2013 15:50:00,77,0,23,-4,-46,1
03/18/2013 15:51:00,77,0,22,-4,-46,1
03/18/2013 15:52:00,77,0,23,-4,-45,1
03/18/2013 15:53:00,77,0,22,-4,-45,1
03/18/2013 15:54:00,77,0,22,-4,-45,1
03/18/2013 15:55:00,77,0,21,-4,-44,1
03/18/2013 15:56:00,77,0,21,-3,-44,1
03/18/2013 15:57:00,77,0,23,-4,-45,1
03/18/2013 15:58:00,77,0,23,-4,-45,1
03/18/2013 15:59:00,77,0,23,-4,-45,1
03/18/2013 16:00:00,77,0,24,-4,-46,1
03/18/2013 16:01:00,77,0,24,-4,-46,1
03/18/2013 16:02:00,77,0,24,-5,-46,1
03/18/2013 16:03:00,77,0,23,-4,-46,1
03/18/2013 16:04:00,77,0,23,-5,-46,1
03/18/2013 16:05:00,77,0,23,-5,-46,1
03/18/2013 16:06:00,77,0,24,-5,-45,1
03/18/2013 16:07:00,77,0,23,-5,-45,1
03/18/2013 16:08:00,77,0,22,-5,-45,1
03/18/2013 16:09:00,77,0,22,-5,-45,1
03/18/2013 16:10:00,77,0,21,-5,-46,1
03/18/2013 16:11:00,77,0,21,-5,-46,1
03/18/2013 16:12:00,77,0,22,-5,-46,1
03/18/2013 16:13:00,77,0,22,-5,-46,1
03/18/2013 16:14:00,77,0,22,-5,-46,1
03/18/2013 16:15:00,77,0,23,-5,-46,1
03/18/2013 16:16:00,77,0,23,-5,-46,1
03/18/2013 16:17:00,77,0,23,-5,-46,1
03/18/2013 16:18:00,77,0,22,-5,-46,1
03/18/2013 16:19:00,77,0,21,-5,-46,1
03/18/2013 16:20:00,77,0,21,-5,-46,1
03/18/2013 16:21:00,77,0,21,-5,-46,1
03/18/2013 16:22:00,77,0,21,-5,-47,1
03/18/2013 16:23:00,77,0,21,-5,-47,1
03/18/2013 16:24:00,77,0,21,-5,-47,1
03/18/2013 16:25:00,77,0,21,-5,-47,1
03/18/2013 16:26:00,77,0,21,-5,-47,1
03/18/2013 16:27:00,77,0,21,-5,-47,1
03/18/2013 16:28:00,77,0,21,-5,-47,1
03/18/2013 16:29:00,77,0,21,-5,-47,1
03/18/2013 16:30:00,77,0,21,-5,-47,1
03/18/2013 16:31:00,77,0,23,-5,-46,1
03/18/2013 16:32:00,77,0,23,-5,-46,1
03/18/2013 16:33:00,77,0,23,-5,-46,1
03/18/2013 16:34:00,77,0,23,-5,-46,1
03/18/2013 16:35:00,77,0,23,-5,-46,1
03/18/2013 16:36:00,77,0,22,-5,-46,1
03/18/2013 16:37:00,77,0,22,-5,-46,1
03/18/2013 16:38:00,77,0,22,-5,-46,1
03/18/2013 16:39:00,77,0,21,-5,-46,1
03/18/2013 16:40:00,77,0,21,-5,-46,1
03/18/2013 16:41:00,77,0,21,-5,-46,1
03/18/2013 16:42:00,77,0,21,-5,-46,1
03/18/2013 16:43:00,77,0,21,-5,-46,1
03/18/2013 16:44:00,77,0,22,-5,-46,1
03/18/2013 16:45:00,77,0,22,-5,-46,1
03/18/2013 16:46:00,77,0,22,-5,-46,1
03/18/2013 16:47:00,77,0,22,-5,-46,1
03/18/2013 16:48:00,77,0,22,-5,-46,1
03/18/2013 16:49:00,77,0,22,-5,-46,1
03/18/2013 16:50:00,77,0,22,-5,-46,1
03/18/2013 16:51:00,77,0,21,-5,-46,1
03/18/2013 16:52:00,77,0,21,-5,-46,1
03/18/2013 16:53:00,77,0,20,-5,-47,1
03/18/2013 16:54:00,77,0,21,-5,-46,1
03/18/2013 16:55:00,77,0,21,-5,-46,1
03/18/2013 16:56:00,77,0,21,-5,-46,1
03/18/2013 16:57:00,77,0,21,-5,-46,1
03/18/2013 16:58:00,77,0,21,-5,-45,1
03/18/2013 16:59:00,77,0,20,-4,-45,1
03/18/2013 17:00:00,77,0,21,-4,-45,1
03/18/2013 17:01:00,77,0,21,-4,-44,1
03/18/2013 17:02:00,77,0,21,-4,-44,1
03/18/2013 17:03:00,77,0,21,-4,-45,1
03/18/2013 17:04:00,77,0,21,-4,-45,1
03/18/2013 17:05:00,77,0,21,-4,-45,1
03/18/2013 17:06:00,77,0,21,-4,-44,1
03/18/2013 17:07:00,77,0,21,-4,-44,1
03/18/2013 17:08:00,77,0,21,-4,-44,1
03/18/2013 17:09:00,77,0,21,-4,-45,1
03/18/2013 17:10:00,77,0,22,-4,-44,1
03/18/2013 17:11:00,77,0,22,-4,-44,1
03/18/2013 17:12:00,77,0,22,-4,-45,1
03/18/2013 17:13:00,77,0,22,-4,-45,1
03/18/2013 17:14:00,77,0,22,-4,-45,1
03/18/2013 17:15:00,77,0,22,-4,-45,1
03/18/2013 17:16:00,77,0,22,-4,-45,1
03/18/2013 17:17:00,77,0,21,-4,-46,1
03/18/2013 17:18:00,77,0,21,-4,-46,1
03/18/2013 17:19:00,77,0,21,-4,-46,1
03/18/2013 17:20:00,77,0,22,-5,-46,1
03/18/2013 17:21:00,77,0,22,-4,-46,1
03/18/2013 17:22:00,77,0,22,-4,-46,1
03/18/2013 17:23:00,77,0,21,-4,-46,1
03/18/2013 17:24:00,77,0,22,-4,-46,1
03/18/2013 17:25:00,77,0,22,-4,-46,1
03/18/2013 17:26:00,77,0,22,-4,-46,1
03/18/2013 17:27:00,77,0,22,-4,-46,1
03/18/2013 17:28:00,77,0,22,-4,-46,1
03/18/2013 17:29:00,77,0,22,-4,-46,1
03/18/2013 17:30:00,77,0,21,-4,-46,1
03/18/2013 17:31:00,77,0,22,-4,-47,1
03/18/2013 17:32:00,77,0,22,-4,-46,1
03/18/2013 17:33:00,77,0,21,-4,-47,1
03/18/2013 17:34:00,77,0,22,-4,-46,1
03/18/2013 17:35:00,77,0,22,-4,-46,1
03/18/2013 17:36:00,77,0,23,-4,-46,1
03/18/2013 17:37:00,77,0,22,-4,-46,1
03/18/2013 17:38:00,77,0,22,-4,-46,1
03/18/2013 17:39:00,77,0,22,-4,-45,1
03/18/2013 17:40:00,77,0,23,-4,-44,1
03/18/2013 17:41:00,77,0,24,-3,-43,1
03/18/2013 17:42:00,77,0,23,-3,-43,1
03/18/2013 17:43:00,77,0,23,-3,-43,1
03/18/2013 17:44:00,77,0,21,-3,-43,1
03/18/2013 17:45:00,77,0,22,-3,-43,1
03/18/2013 17:46:00,77,0,22,-3,-43,1
03/18/2013 17:47:00,77,0,22,-3,-43,1
03/18/2013 17:48:00,77,0,22,-3,-43,1
03/18/2013 17:49:00,77,0,23,-3,-43,1
03/18/2013 17:50:00,77,0,22,-3,-43,1
03/18/2013 17:51:00,77,0,23,-3,-42,1
03/18/2013 17:52:00,77,0,23,-3,-42,1
03/18/2013 17:53:00,77,0,22,-3,-42,1
03/18/2013 17:54:00,77,0,22,-3,-42,1
03/18/2013 17:55:00,77,0,22,-3,-42,1
03/18/2013 17:56:00,77,0,21,-3,-42,1
03/18/2013 17:57:00,77,0,22,-3,-41,1
03/18/2013 17:58:00,77,0,22,-3,-41,1
03/18/2013 17:59:00,77,0,22,-3,-41,1
03/18/2013 18:00:00,77,0,20,-3,-41,1
03/18/2013 18:01:00,77,0,21,-3,-40,1
03/18/2013 18:02:00,77,0,21,-2,-40,1
03/18/2013 18:03:00,77,0,21,-2,-39,1
03/18/2013 18:04:00,77,0,21,-2,-39,1
03/18/2013 18:05:00,77,0,21,-2,-40,1
03/18/2013 18:06:00,77,0,21,-2,-40,1
03/18/2013 18:07:00,77,0,21,-2,-40,1
03/18/2013 18:08:00,77,0,21,-2,-40,1
03/18/2013 18:09:00,77,0,21,-2,-40,1
03/18/2013 18:10:00,77,0,22,-2,-40,1
03/18/2013 18:11:00,77,0,22,-2,-39,1
03/18/2013 18:12:00,77,0,21,-2,-40,1
03/18/2013 18:13:00,77,0,22,-3,-40,1
03/18/2013 18:14:00,77,0,21,-3,-43,1
03/18/2013 18:15:00,77,0,21,-3,-45,1
03/18/2013 18:16:00,77,0,21,-3,-46,1
03/18/2013 18:17:00,77,0,22,-2,-46,1
03/18/2013 18:18:00,77,0,21,-2,-46,1
03/18/2013 18:19:00,77,0,22,-2,-44,1
03/18/2013 18:20:00,77,0,23,-2,-43,1
03/18/2013 18:21:00,77,0,22,-2,-42,1
03/18/2013 18:22:00,77,0,22,-2,-40,1
03/18/2013 18:23:00,77,0,22,-2,-40,1
03/18/2013 18:24:00,77,0,22,-3,-41,1
03/18/2013 18:25:00,77,0,23,-2,-42,1
03/18/2013 18:26:00,77,0,23,-2,-43,1
03/18/2013 18:27:00,77,0,23,-2,-44,1
03/18/2013 18:28:00,77,0,23,-2,-44,1
03/18/2013 18:29:00,77,0,23,-2,-43,1
03/18/2013 18:30:00,77,0,24,-2,-43,1
03/18/2013 18:31:00,77,0,23,-3,-43,1
03/18/2013 18:32:00,77,0,23,-3,-43,1
03/18/2013 18:33:00,77,0,23,-2,-43,1
03/18/2013 18:34:00,77,0,24,-2,-42,1
03/18/2013 18:35:00,77,0,24,-2,-42,1
03/18/2013 18:36:00,77,0,24,-2,-42,1
03/18/2013 18:37:00,77,0,24,-2,-42,1
03/18/2013 18:38:00,77,0,24,-2,-42,1
03/18/2013 18:39:00,77,0,25,-2,-42,1
03/18/2013 18:40:00,77,0,25,-2,-42,1
03/18/2013 18:41:00,77,0,24,-2,-41,1
03/18/2013 18:42:00,77,0,25,-2,-41,1
03/18/2013 18:43:00,77,0,25,-2,-41,1
03/18/2013 18:44:00,77,0,25,-2,-41,1
03/18/2013 18:45:00,77,0,26,-2,-41,1
03/18/2013 18:46:00,77,0,25,-2,-41,1
03/18/2013 18:47:00,77,0,26,-2,-41,1
03/18/2013 18:48:00,77,0,25,-2,-42,1
03/18/2013 18:49:00,77,0,25,-2,-42,1
03/18/2013 18:50:00,77,0,26,-2,-42,1
03/18/2013 18:51:00,77,0,26,-2,-42,1
03/18/2013 18:52:00,77,0,26,-2,-42,1
03/18/2013 18:53:00,77,0,26,-2,-42,1
03/18/2013 18:54:00,77,0,25,-2,-42,1
03/18/2013 18:55:00,77,0,27,-2,-42,1
03/18/2013 18:56:00,77,0,27,-2,-41,1
03/18/2013 18:57:00,77,0,27,-2,-41,1
03/18/2013 18:58:00,77,0,28,-2,-41,1
03/18/2013 18:59:00,77,0,27,-2,-41,1
03/18/2013 19:00:00,77,0,27,-2,-40,1
03/18/2013 19:01:00,77,0,27,-2,-40,1
03/18/2013 19:02:00,77,0,28,-2,-40,1
03/18/2013 19:03:00,77,0,28,-2,-40,1
03/18/2013 19:04:00,77,0,28,-2,-39,1
03/18/2013 19:05:00,77,0,29,-2,-39,1
03/18/2013 19:06:00,77,0,29,-2,-38,1
03/18/2013 19:07:00,77,0,29,-2,-38,1
03/18/2013 19:08:00,77,0,28,-2,-39,1
03/18/2013 19:09:00,77,0,28,-2,-40,1
03/18/2013 19:10:00,77,0,28,-2,-41,1
03/18/2013 19:11:00,77,0,28,-2,-40,1
03/18/2013 19:12:00,77,0,28,-2,-41,1
03/18/2013 19:13:00,77,0,28,-2,-40,1
03/18/2013 19:14:00,77,0,29,-2,-40,1
03/18/2013 19:15:00,77,0,30,-2,-40,1
03/18/2013 19:16:00,77,0,29,-2,-41,1
03/18/2013 19:17:00,77,0,29,-2,-41,1
03/18/2013 19:18:00,77,0,29,-2,-41,1
03/18/2013 19:19:00,77,0,29,-1,-40,1
03/18/2013 19:20:00,77,0,30,-1,-39,1
03/18/2013 19:21:00,77,0,29,-1,-39,1
03/18/2013 19:22:00,77,0,31,-2,-39,1
03/18/2013 19:23:00,77,0,31,-2,-38,1
03/18/2013 19:24:00,77,0,31,-2,-38,1
03/18/2013 19:25:00,77,0,31,-2,-38,1
03/18/2013 19:26:00,77,0,30,-2,-38,1
03/18/2013 19:27:00,77,0,30,-2,-38,1
03/18/2013 19:28:00,77,0,30,-2,-38,1
03/18/2013 19:29:00,77,0,31,-2,-39,1
03/18/2013 19:30:00,77,0,31,-2,-39,1
03/18/2013 19:31:00,77,0,30,-2,-40,1
03/18/2013 19:32:00,77,0,30,-2,-41,1
03/18/2013 19:33:00,77,0,30,-2,-42,1
03/18/2013 19:34:00,77,0,29,-2,-42,1
03/18/2013 19:35:00,77,0,29,-2,-43,1
03/18/2013 19:36:00,77,0,29,-3,-43,1
03/18/2013 19:37:00,77,0,28,-3,-44,1
03/18/2013 19:38:00,77,0,28,-3,-45,1
03/18/2013 19:39:00,77,0,29,-3,-46,1
03/18/2013 19:40:00,77,0,28,-3,-47,1
03/18/2013 19:41:00,77,0,29,-2,-48,1
03/18/2013 19:42:00,77,0,28,-2,-48,1
03/18/2013 19:43:00,77,0,28,-2,-48,1
03/18/2013 19:44:00,77,0,28,-2,-47,1
03/18/2013 19:45:00,77,0,28,-2,-47,1
03/18/2013 19:46:00,77,0,27,-2,-47,1
03/18/2013 19:47:00,77,0,29,-2,-47,1
03/18/2013 19:48:00,77,0,29,-2,-47,1
03/18/2013 19:49:00,77,0,29,-2,-47,1
03/18/2013 19:50:00,77,0,29,-2,-47,1
03/18/2013 19:51:00,77,0,30,-2,-47,1
03/18/2013 19:52:00,77,0,30,-2,-47,1
03/18/2013 19:53:00,77,0,30,-2,-47,1
03/18/2013 19:54:00,77,0,30,-2,-47,1
03/18/2013 19:55:00,77,0,30,-2,-48,1
03/18/2013 19:56:00,77,0,30,-2,-48,1
03/18/2013 19:57:00,77,0,30,-2,-48,1
03/18/2013 19:58:00,77,0,31,-2,-48,1
03/18/2013 19:59:00,77,0,31,-2,-47,1
03/18/2013 20:00:00,77,0,30,-2,-47,1
03/18/2013 20:01:00,77,0,30,-2,-47,1
03/18/2013 20:02:00,77,0,31,-2,-46,1
03/18/2013 20:03:00,77,0,30,-2,-46,1
03/18/2013 20:04:00,77,0,31,-2,-46,1
03/18/2013 20:05:00,77,0,31,-2,-45,1
03/18/2013 20:06:00,77,0,30,-3,-45,1
03/18/2013 20:07:00,77,0,30,-3,-45,1
03/18/2013 20:08:00,77,0,31,-3,-45,1
03/18/2013 20:09:00,77,0,31,-3,-45,1
03/18/2013 20:10:00,77,0,31,-3,-45,1
03/18/2013 20:11:00,77,0,31,-3,-45,1
03/18/2013 20:12:00,77,0,30,-3,-45,1
03/18/2013 20:13:00,77,0,30,-3,-45,1
03/18/2013 20:14:00,77,0,30,-3,-45,1
03/18/2013 20:15:00,77,0,29,-3,-45,1
03/18/2013 20:16:00,77,0,30,-2,-44,1
03/18/2013 20:17:00,77,0,30,-3,-44,1
03/18/2013 20:18:00,77,0,31,-2,-44,1
03/18/2013 20:19:00,77,0,30,-3,-43,1
03/18/2013 20:20:00,77,0,30,-3,-43,1
03/18/2013 20:21:00,77,0,29,-3,-43,1
03/18/2013 20:22:00,77,0,30,-3,-43,1
03/18/2013 20:23:00,77,0,30,-3,-42,1
03/18/2013 20:24:00,77,0,30,-3,-42,1
03/18/2013 20:25:00,77,0,30,-3,-42,1
03/18/2013 20:26:00,77,0,29,-3,-43,1
03/18/2013 20:27:00,77,0,29,-3,-43,1
03/18/2013 20:28:00,77,0,29,-3,-43,1
03/18/2013 20:29:00,77,0,29,-3,-43,1
03/18/2013 20:30:00,77,0,28,-3,-43,1
03/18/2013 20:31:00,77,0,28,-3,-44,1
03/18/2013 20:32:00,77,0,28,-3,-44,1
03/18/2013 20:33:00,77,0,28,-3,-44,1
03/18/2013 20:34:00,77,0,28,-3,-44,1
03/18/2013 20:35:00,77,0,28,-3,-44,1
03/18/2013 20:36:00,77,0,27,-3,-44,1
03/18/2013 20:37:00,77,0,27,-3,-44,1
03/18/2013 20:38:00,77,0,27,-3,-44,1
03/18/2013 20:39:00,77,0,27,-3,-44,1
03/18/2013 20:40:00,77,0,26,-3,-44,1
03/18/2013 20:41:00,77,0,26,-3,-44,1
03/18/2013 20:42:00,77,0,26,-3,-44,1
03/18/2013 20:43:00,77,0,26,-3,-44,1
03/18/2013 20:44:00,77,0,27,-3,-43,1
03/18/2013 20:45:00,77,0,27,-3,-43,1
03/18/2013 20:46:00,77,0,26,-3,-43,1
03/18/2013 20:47:00,77,0,26,-3,-43,1
03/18/2013 20:48:00,77,0,26,-3,-43,1
03/18/2013 20:49:00,77,0,26,-3,-43,1
03/18/2013 20:50:00,77,0,26,-3,-44,1
03/18/2013 20:51:00,77,0,26,-3,-44,1
03/18/2013 20:52:00,77,0,27,-3,-44,1
03/18/2013 20:53:00,77,0,25,-3,-44,1
03/18/2013 20:54:00,77,0,26,-3,-44,1
03/18/2013 20:55:00,77,0,27,-3,-44,1
03/18/2013 20:56:00,77,0,27,-3,-44,1
03/18/2013 20:57:00,77,0,26,-3,-44,1
03/18/2013 20:58:00,77,0,27,-3,-44,1
03/18/2013 20:59:00,77,0,28,-3,-43,1
03/18/2013 21:00:00,77,0,29,-3,-43,1
03/18/2013 21:01:00,77,0,29,-3,-42,1
03/18/2013 21:02:00,77,0,29,-3,-42,1
03/18/2013 21:03:00,77,0,29,-3,-41,1
03/18/2013 21:04:00,77,0,29,-3,-41,1
03/18/2013 21:05:00,77,0,28,-3,-41,1
03/18/2013 21:06:00,77,0,29,-2,-41,1
03/18/2013 21:07:00,77,0,28,-3,-41,1
03/18/2013 21:08:00,77,0,27,-3,-42,1
03/18/2013 21:09:00,77,0,27,-3,-42,1
03/18/2013 21:10:00,77,0,27,-2,-42,1
03/18/2013 21:11:00,77,0,28,-3,-42,1
03/18/2013 21:12:00,77,0,29,-3,-42,1
03/18/2013 21:13:00,77,0,28,-3,-42,1
03/18/2013 21:14:00,77,0,29,-3,-42,1
03/18/2013 21:15:00,77,0,29,-3,-42,1
03/18/2013 21:16:00,77,0,29,-3,-42,1
03/18/2013 21:17:00,77,0,29,-3,-41,1
03/18/2013 21:18:00,77,0,30,-3,-42,1
03/18/2013 21:19:00,77,0,28,-3,-42,1
03/18/2013 21:20:00,77,0,27,-3,-42,1
03/18/2013 21:21:00,77,0,26,-3,-42,1
03/18/2013 21:22:00,77,0,27,-3,-42,1
03/18/2013 21:23:00,77,0,27,-3,-43,1
03/18/2013 21:24:00,77,0,27,-3,-43,1
03/18/2013 21:25:00,77,0,27,-3,-44,1
03/18/2013 21:26:00,77,0,27,-3,-44,1
03/18/2013 21:27:00,77,0,27,-3,-44,1
03/18/2013 21:28:00,77,0,27,-3,-45,1
03/18/2013 21:29:00,77,0,26,-3,-45,1
03/18/2013 21:30:00,77,0,27,-3,-46,1
03/18/2013 21:31:00,77,0,26,-3,-46,1
03/18/2013 21:32:00,77,0,26,-3,-46,1
03/18/2013 21:33:00,77,0,26,-3,-47,1
03/18/2013 21:34:00,77,0,25,-3,-47,1
03/18/2013 21:35:00,77,0,27,-3,-46,1
03/18/2013 21:36:00,77,0,26,-2,-46,1
03/18/2013 21:37:00,77,0,26,-2,-46,1
03/18/2013 21:38:00,77,0,26,-2,-47,1
03/18/2013 21:39:00,77,0,26,-2,-48,1
03/18/2013 21:40:00,77,0,25,-3,-48,1
03/18/2013 21:41:00,77,0,25,-2,-49,1
03/18/2013 21:42:00,77,0,25,-2,-49,1
03/18/2013 21:43:00,77,0,24,-2,-49,1
03/18/2013 21:44:00,77,0,24,-2,-49,1
03/18/2013 21:45:00,77,0,24,-2,-49,1
03/18/2013 21:46:00,77,0,24,-2,-49,1
03/18/2013 21:47:00,77,0,24,-2,-49,1
03/18/2013 21:48:00,77,0,24,-2,-49,1
03/18/2013 21:49:00,77,0,24,-2,-49,1
03/18/2013 21:50:00,77,0,24,-2,-49,1
03/18/2013 21:51:00,77,0,24,-2,-49,1
03/18/2013 21:52:00,77,0,24,-2,-49,1
03/18/2013 21:53:00,77,0,25,-2,-49,1
03/18/2013 21:54:00,77,0,25,-2,-49,1
03/18/2013 21:55:00,77,0,25,-2,-49,1
03/18/2013 21:56:00,77,0,24,-2,-49,1
03/18/2013 21:57:00,77,0,24,-2,-49,1
03/18/2013 21:58:00,77,0,24,-2,-49,1
03/18/2013 21:59:00,77,0,24,-2,-49,1
03/18/2013 22:00:00,77,0,24,-2,-49,1
03/18/2013 22:01:00,77,0,24,-2,-49,1
03/18/2013 22:02:00,77,0,24,-2,-49,1
03/18/2013 22:03:00,77,0,24,-2,-49,1
03/18/2013 22:04:00,77,0,24,-2,-50,1
03/18/2013 22:05:00,77,0,24,-2,-50,1
03/18/2013 22:06:00,77,0,24,-2,-50,1
03/18/2013 22:07:00,77,0,23,-2,-50,1
03/18/2013 22:08:00,77,0,23,-2,-51,1
03/18/2013 22:09:00,77,0,22,-2,-51,1
03/18/2013 22:10:00,77,0,22,-2,-50,1
03/18/2013 22:11:00,77,0,23,-2,-50,1
03/18/2013 22:12:00,77,0,23,-2,-50,1
03/18/2013 22:13:00,77,0,23,-2,-50,1
03/18/2013 22:14:00,77,0,24,-2,-50,1
03/18/2013 22:15:00,77,0,23,-2,-50,1
03/18/2013 22:16:00,77,0,23,-2,-50,1
03/18/2013 22:17:00,77,0,23,-2,-50,1
03/18/2013 22:18:00,77,0,23,-2,-50,1
03/18/2013 22:19:00,77,0,23,-2,-50,1
03/18/2013 22:20:00,77,0,23,-2,-50,1
03/18/2013 22:21:00,77,0,23,-2,-50,1
03/18/2013 22:22:00,77,0,23,-2,-50,1
03/18/2013 22:23:00,77,0,22,-2,-50,1
03/18/2013 22:24:00,77,0,23,-2,-50,1
03/18/2013 22:25:00,77,0,23,-2,-50,1
03/18/2013 22:26:00,77,0,23,-2,-50,1
03/18/2013 22:27:00,77,0,23,-2,-50,1
03/18/2013 22:28:00,77,0,23,-2,-50,1
03/18/2013 22:29:00,77,0,23,-2,-50,1
03/18/2013 22:30:00,77,0,23,-2,-50,1
03/18/2013 22:31:00,77,0,23,-2,-51,1
03/18/2013 22:32:00,77,0,23,-2,-51,1
03/18/2013 22:33:00,77,0,22,-2,-50,1
03/18/2013 22:34:00,77,0,22,-2,-50,1
03/18/2013 22:35:00,77,0,23,-2,-50,1
03/18/2013 22:36:00,77,0,23,-2,-50,1
03/18/2013 22:37:00,77,0,22,-2,-49,1
03/18/2013 22:38:00,77,0,22,-2,-50,1
03/18/2013 22:39:00,77,0,22,-2,-49,1
03/18/2013 22:40:00,77,0,22,-3,-49,1
03/18/2013 22:41:00,77,0,23,-3,-49,1
03/18/2013 22:42:00,77,0,23,-3,-49,1
03/18/2013 22:43:00,77,0,23,-3,-49,1
03/18/2013 22:44:00,77,0,24,-2,-48,1
03/18/2013 22:45:00,77,0,23,-2,-48,1
03/18/2013 22:46:00,77,0,24,-2,-48,1
03/18/2013 22:47:00,77,0,24,-2,-47,1
03/18/2013 22:48:00,77,0,24,-2,-47,1
03/18/2013 22:49:00,77,0,24,-3,-48,1
03/18/2013 22:50:00,77,0,24,-3,-48,1
03/18/2013 22:51:00,77,0,24,-2,-48,1
03/18/2013 22:52:00,77,0,24,-2,-48,1
03/18/2013 22:53:00,77,0,25,-2,-48,1
03/18/2013 22:54:00,77,0,25,-3,-48,1
03/18/2013 22:55:00,77,0,24,-3,-48,1
03/18/2013 22:56:00,77,0,23,-3,-49,1
03/18/2013 22:57:00,77,0,22,-3,-49,1
03/18/2013 22:58:00,77,0,22,-3,-49,1
03/18/2013 22:59:00,77,0,22,-3,-50,1
03/18/2013 23:00:00,77,0,22,-3,-50,1
03/18/2013 23:01:00,77,0,23,-3,-50,1
03/18/2013 23:02:00,77,0,23,-3,-50,1
03/18/2013 23:03:00,77,0,23,-3,-50,1
03/18/2013 23:04:00,77,0,23,-3,-50,1
03/18/2013 23:05:00,77,0,23,-3,-50,1
03/18/2013 23:06:00,77,0,23,-3,-50,1
03/18/2013 23:07:00,77,0,23,-3,-50,1
03/18/2013 23:08:00,77,0,23,-3,-50,1
03/18/2013 23:09:00,77,0,23,-3,-50,1
03/18/2013 23:10:00,77,0,23,-3,-50,1
03/18/2013 23:11:00,77,0,23,-3,-50,1
03/18/2013 23:12:00,77,0,23,-3,-50,1
03/18/2013 23:13:00,77,0,23,-3,-50,1
03/18/2013 23:14:00,77,0,23,-3,-50,1
03/18/2013 23:15:00,77,0,23,-3,-50,1
03/18/2013 23:16:00,77,0,23,-3,-50,1
03/18/2013 23:17:00,77,0,23,-3,-50,1
03/18/2013 23:18:00,77,0,23,-4,-50,1
03/18/2013 23:19:00,77,0,23,-3,-50,1
03/18/2013 23:20:00,77,0,23,-3,-50,1
03/18/2013 23:21:00,77,0,23,-3,-50,1
03/18/2013 23:22:00,77,0,22,-3,-50,1
03/18/2013 23:23:00,77,0,22,-3,-50,1
03/18/2013 23:24:00,77,0,23,-3,-50,1
03/18/2013 23:25:00,77,0,23,-3,-50,1
03/18/2013 23:26:00,77,0,25,-3,-50,1
03/18/2013 23:27:00,77,0,24,-3,-50,1
03/18/2013 23:28:00,77,0,24,-3,-50,1
03/18/2013 23:29:00,77,0,24,-3,-50,1
03/18/2013 23:30:00,77,0,25,-3,-49,1
03/18/2013 23:31:00,77,0,24,-3,-49,1
03/18/2013 23:32:00,77,0,25,-3,-49,1
03/18/2013 23:33:00,77,0,25,-3,-49,1
03/18/2013 23:34:00,77,0,25,-3,-49,1
03/18/2013 23:35:00,77,0,25,-3,-49,1
03/18/2013 23:36:00,77,0,25,-3,-49,1
03/18/2013 23:37:00,77,0,25,-3,-49,1
03/18/2013 23:38:00,77,0,25,-3,-49,1
03/18/2013 23:39:00,77,0,25,-3,-49,1
03/18/2013 23:40:00,77,0,25,-3,-48,1
03/18/2013 23:41:00,77,0,25,-3,-48,1
03/18/2013 23:42:00,77,0,25,-3,-48,1
03/18/2013 23:43:00,77,0,26,-3,-48,1
03/18/2013 23:44:00,77,0,26,-3,-48,1
03/18/2013 23:45:00,77,0,25,-3,-48,1
03/18/2013 23:46:00,77,0,25,-3,-48,1
03/18/2013 23:47:00,77,0,26,-3,-48,1
03/18/2013 23:48:00,77,0,26,-3,-48,1
03/18/2013 23:49:00,77,0,25,-3,-48,1
03/18/2013 23:50:00,77,0,26,-3,-49,1
03/18/2013 23:51:00,77,0,26,-3,-49,1
03/18/2013 23:52:00,77,0,26,-3,-49,1
03/18/2013 23:53:00,77,0,27,-3,-49,1
03/18/2013 23:54:00,77,0,27,-3,-49,1
03/18/2013 23:55:00,77,0,27,-3,-49,1
03/18/2013 23:56:00,77,0,27,-3,-49,1
03/18/2013 23:57:00,77,0,27,-3,-49,1
03/18/2013 23:58:00,77,0,26,-3,-49,1
03/18/2013 23:59:00,77,0,26,-3,-49,1
