DateTime,DOY,D_TEC,ASY_H,SYM_D,SYM_H,Location
10/28/2001 00:00:00,301,0,15,2,-5,1
10/28/2001 00:01:00,301,0,15,2,-5,1
10/28/2001 00:02:00,301,0,15,2,-5,1
10/28/2001 00:03:00,301,0,15,2,-5,1
10/28/2001 00:04:00,301,0,15,2,-5,1
10/28/2001 00:05:00,301,0,14,2,-5,1
10/28/2001 00:06:00,301,0,14,2,-5,1
10/28/2001 00:07:00,301,0,14,2,-5,1
10/28/2001 00:08:00,301,0,15,2,-5,1
10/28/2001 00:09:00,301,0,14,2,-5,1
10/28/2001 00:10:00,301,0,15,2,-5,1
10/28/2001 00:11:00,301,0,15,2,-5,1
10/28/2001 00:12:00,301,0,15,2,-5,1
10/28/2001 00:13:00,301,0,15,2,-5,1
10/28/2001 00:14:00,301,0,15,2,-5,1
10/28/2001 00:15:00,301,0,15,2,-4,1
10/28/2001 00:16:00,301,0,14,2,-4,1
10/28/2001 00:17:00,301,0,15,3,-4,1
10/28/2001 00:18:00,301,0,15,3,-4,1
10/28/2001 00:19:00,301,0,15,3,-4,1
10/28/2001 00:20:00,301,0,15,2,-4,1
10/28/2001 00:21:00,301,0,16,2,-4,1
10/28/2001 00:22:00,301,0,16,2,-4,1
10/28/2001 00:23:00,301,0,16,2,-4,1
10/28/2001 00:24:00,301,0,16,2,-4,1
10/28/2001 00:25:00,301,0,15,2,-4,1
10/28/2001 00:26:00,301,0,15,2,-4,1
10/28/2001 00:27:00,301,0,15,2,-4,1
10/28/2001 00:28:00,301,0,15,2,-5,1
10/28/2001 00:29:00,301,0,15,2,-5,1
10/28/2001 00:30:00,301,0,15,2,-5,1
10/28/2001 00:31:00,301,0,15,2,-5,1
10/28/2001 00:32:00,301,0,16,2,-5,1
10/28/2001 00:33:00,301,0,16,2,-5,1
10/28/2001 00:34:00,301,0,15,2,-5,1
10/28/2001 00:35:00,301,0,15,2,-5,1
10/28/2001 00:36:00,301,0,15,2,-5,1
10/28/2001 00:37:00,301,0,15,2,-5,1
10/28/2001 00:38:00,301,0,15,2,-5,1
10/28/2001 00:39:00,301,0,16,2,-5,1
10/28/2001 00:40:00,301,0,16,2,-5,1
10/28/2001 00:41:00,301,0,15,2,-5,1
10/28/2001 00:42:00,301,0,16,2,-6,1
10/28/2001 00:43:00,301,0,16,2,-5,1
10/28/2001 00:44:00,301,0,15,2,-5,1
10/28/2001 00:45:00,301,0,15,2,-5,1
10/28/2001 00:46:00,301,0,15,2,-5,1
10/28/2001 00:47:00,301,0,16,3,-5,1
10/28/2001 00:48:00,301,0,16,3,-5,1
10/28/2001 00:49:00,301,0,15,2,-5,1
10/28/2001 00:50:00,301,0,15,2,-4,1
10/28/2001 00:51:00,301,0,16,2,-5,1
10/28/2001 00:52:00,301,0,16,2,-5,1
10/28/2001 00:53:00,301,0,15,2,-5,1
10/28/2001 00:54:00,301,0,16,2,-5,1
10/28/2001 00:55:00,301,0,16,2,-5,1
10/28/2001 00:56:00,301,0,17,2,-5,1
10/28/2001 00:57:00,301,0,17,2,-5,1
10/28/2001 00:58:00,301,0,15,2,-5,1
10/28/2001 00:59:00,301,0,15,3,-6,1
10/28/2001 01:00:00,301,0,17,2,-5,1
10/28/2001 01:01:00,301,0,17,2,-6,1
10/28/2001 01:02:00,301,0,19,2,-6,1
10/28/2001 01:03:00,301,0,19,2,-6,1
10/28/2001 01:04:00,301,0,20,2,-6,1
10/28/2001 01:05:00,301,0,21,2,-6,1
10/28/2001 01:06:00,301,0,21,2,-6,1
10/28/2001 01:07:00,301,0,23,1,-6,1
10/28/2001 01:08:00,301,0,24,1,-6,1
10/28/2001 01:09:00,301,0,25,1,-6,1
10/28/2001 01:10:00,301,0,25,1,-6,1
10/28/2001 01:11:00,301,0,26,1,-7,1
10/28/2001 01:12:00,301,0,26,1,-7,1
10/28/2001 01:13:00,301,0,25,0,-7,1
10/28/2001 01:14:00,301,0,25,1,-7,1
10/28/2001 01:15:00,301,0,27,1,-8,1
10/28/2001 01:16:00,301,0,26,0,-8,1
10/28/2001 01:17:00,301,0,27,1,-8,1
10/28/2001 01:18:00,301,0,26,1,-8,1
10/28/2001 01:19:00,301,0,27,1,-8,1
10/28/2001 01:20:00,301,0,25,1,-8,1
10/28/2001 01:21:00,301,0,25,1,-8,1
10/28/2001 01:22:00,301,0,26,1,-8,1
10/28/2001 01:23:00,301,0,26,1,-8,1
10/28/2001 01:24:00,301,0,25,1,-8,1
10/28/2001 01:25:00,301,0,25,1,-8,1
10/28/2001 01:26:00,301,0,25,1,-8,1
10/28/2001 01:27:00,301,0,24,1,-8,1
10/28/2001 01:28:00,301,0,24,1,-8,1
10/28/2001 01:29:00,301,0,23,2,-8,1
10/28/2001 01:30:00,301,0,23,2,-7,1
10/28/2001 01:31:00,301,0,22,1,-7,1
10/28/2001 01:32:00,301,0,22,1,-7,1
10/28/2001 01:33:00,301,0,21,1,-7,1
10/28/2001 01:34:00,301,0,21,1,-7,1
10/28/2001 01:35:00,301,0,21,1,-6,1
10/28/2001 01:36:00,301,0,21,1,-6,1
10/28/2001 01:37:00,301,0,21,1,-6,1
10/28/2001 01:38:00,301,0,21,1,-6,1
10/28/2001 01:39:00,301,0,21,1,-6,1
10/28/2001 01:40:00,301,0,20,1,-6,1
10/28/2001 01:41:00,301,0,20,1,-6,1
10/28/2001 01:42:00,301,0,19,1,-6,1
10/28/2001 01:43:00,301,0,19,1,-6,1
10/28/2001 01:44:00,301,0,19,1,-6,1
10/28/2001 01:45:00,301,0,19,1,-6,1
10/28/2001 01:46:00,301,0,19,1,-6,1
10/28/2001 01:47:00,301,0,18,1,-6,1
10/28/2001 01:48:00,301,0,19,1,-6,1
10/28/2001 01:49:00,301,0,18,1,-6,1
10/28/2001 01:50:00,301,0,19,1,-6,1
10/28/2001 01:51:00,301,0,19,1,-6,1
10/28/2001 01:52:00,301,0,17,1,-6,1
10/28/2001 01:53:00,301,0,18,1,-6,1
10/28/2001 01:54:00,301,0,18,1,-6,1
10/28/2001 01:55:00,301,0,18,1,-6,1
10/28/2001 01:56:00,301,0,16,1,-6,1
10/28/2001 01:57:00,301,0,16,1,-6,1
10/28/2001 01:58:00,301,0,16,1,-6,1
10/28/2001 01:59:00,301,0,16,1,-6,1
10/28/2001 02:00:00,301,0,15,0,-6,1
10/28/2001 02:01:00,301,0,15,0,-6,1
10/28/2001 02:02:00,301,0,14,1,-6,1
10/28/2001 02:03:00,301,0,14,1,-6,1
10/28/2001 02:04:00,301,0,14,0,-6,1
10/28/2001 02:05:00,301,0,14,0,-6,1
10/28/2001 02:06:00,301,0,14,0,-6,1
10/28/2001 02:07:00,301,0,14,0,-6,1
10/28/2001 02:08:00,301,0,14,0,-6,1
10/28/2001 02:09:00,301,0,13,0,-6,1
10/28/2001 02:10:00,301,0,14,0,-7,1
10/28/2001 02:11:00,301,0,14,0,-7,1
10/28/2001 02:12:00,301,0,13,0,-7,1
10/28/2001 02:13:00,301,0,13,0,-7,1
10/28/2001 02:14:00,301,0,13,0,-7,1
10/28/2001 02:15:00,301,0,13,-1,-7,1
10/28/2001 02:16:00,301,0,12,-1,-7,1
10/28/2001 02:17:00,301,0,12,-1,-7,1
10/28/2001 02:18:00,301,0,12,-1,-7,1
10/28/2001 02:19:00,301,0,12,-1,-7,1
10/28/2001 02:20:00,301,0,13,-1,-7,1
10/28/2001 02:21:00,301,0,13,-1,-7,1
10/28/2001 02:22:00,301,0,13,-1,-7,1
10/28/2001 02:23:00,301,0,13,-1,-8,1
10/28/2001 02:24:00,301,0,13,-1,-8,1
10/28/2001 02:25:00,301,0,13,-1,-8,1
10/28/2001 02:26:00,301,0,12,-1,-8,1
10/28/2001 02:27:00,301,0,11,-1,-8,1
10/28/2001 02:28:00,301,0,10,-1,-9,1
10/28/2001 02:29:00,301,0,10,-1,-9,1
10/28/2001 02:30:00,301,0,10,-1,-9,1
10/28/2001 02:31:00,301,0,10,-1,-9,1
10/28/2001 02:32:00,301,0,10,-1,-9,1
10/28/2001 02:33:00,301,0,10,-1,-9,1
10/28/2001 02:34:00,301,0,10,-2,-9,1
10/28/2001 02:35:00,301,0,10,-2,-9,1
10/28/2001 02:36:00,301,0,10,-2,-9,1
10/28/2001 02:37:00,301,0,11,-2,-10,1
10/28/2001 02:38:00,301,0,10,-2,-10,1
10/28/2001 02:39:00,301,0,10,-1,-10,1
10/28/2001 02:40:00,301,0,10,-2,-10,1
10/28/2001 02:41:00,301,0,10,-2,-10,1
10/28/2001 02:42:00,301,0,10,-2,-10,1
10/28/2001 02:43:00,301,0,11,-2,-10,1
10/28/2001 02:44:00,301,0,11,-2,-11,1
10/28/2001 02:45:00,301,0,11,-2,-11,1
10/28/2001 02:46:00,301,0,11,-2,-11,1
10/28/2001 02:47:00,301,0,11,-2,-11,1
10/28/2001 02:48:00,301,0,11,-2,-11,1
10/28/2001 02:49:00,301,0,11,-2,-11,1
10/28/2001 02:50:00,301,0,11,-2,-11,1
10/28/2001 02:51:00,301,0,11,-2,-11,1
10/28/2001 02:52:00,301,0,11,-2,-11,1
10/28/2001 02:53:00,301,0,9,-2,-11,1
10/28/2001 02:54:00,301,0,10,-2,-11,1
10/28/2001 02:55:00,301,0,10,-2,-11,1
10/28/2001 02:56:00,301,0,10,-3,-11,1
10/28/2001 02:57:00,301,0,11,-3,-12,1
10/28/2001 02:58:00,301,0,11,-3,-12,1
10/28/2001 02:59:00,301,0,11,-3,-12,1
10/28/2001 03:00:00,301,0,10,-3,-12,1
10/28/2001 03:01:00,301,0,11,-3,-13,1
10/28/2001 03:02:00,301,0,11,-3,-12,1
10/28/2001 03:03:00,301,0,11,-3,-13,1
10/28/2001 03:04:00,301,0,11,-2,-13,1
10/28/2001 03:05:00,301,0,12,-3,-14,1
10/28/2001 03:06:00,301,0,12,-3,-14,1
10/28/2001 03:07:00,301,0,12,-3,-14,1
10/28/2001 03:08:00,301,0,12,-3,-14,1
10/28/2001 03:09:00,301,0,12,-3,-14,1
10/28/2001 03:10:00,301,0,13,-3,-14,1
10/28/2001 03:11:00,301,0,13,-3,-15,1
10/28/2001 03:12:00,301,0,13,-3,-15,1
10/28/2001 03:13:00,301,0,14,-3,-15,1
10/28/2001 03:14:00,301,0,15,-3,-15,1
10/28/2001 03:15:00,301,0,15,-4,-15,1
10/28/2001 03:16:00,301,0,15,-3,-15,1
10/28/2001 03:17:00,301,0,16,-4,-16,1
10/28/2001 03:18:00,301,0,16,-4,-16,1
10/28/2001 03:19:00,301,0,21,-2,-12,1
10/28/2001 03:20:00,301,0,24,0,2,1
10/28/2001 03:21:00,301,0,25,-2,16,1
10/28/2001 03:22:00,301,0,28,-1,19,1
10/28/2001 03:23:00,301,0,30,-1,17,1
10/28/2001 03:24:00,301,0,33,-1,15,1
10/28/2001 03:25:00,301,0,35,-2,13,1
10/28/2001 03:26:00,301,0,36,-2,11,1
10/28/2001 03:27:00,301,0,36,-2,8,1
10/28/2001 03:28:00,301,0,34,-2,7,1
10/28/2001 03:29:00,301,0,35,-2,5,1
10/28/2001 03:30:00,301,0,36,-2,3,1
10/28/2001 03:31:00,301,0,36,-2,1,1
10/28/2001 03:32:00,301,0,36,-1,0,1
10/28/2001 03:33:00,301,0,36,-1,0,1
10/28/2001 03:34:00,301,0,38,-1,0,1
10/28/2001 03:35:00,301,0,38,-1,-1,1
10/28/2001 03:36:00,301,0,37,-1,-2,1
10/28/2001 03:37:00,301,-1.074461091,37,-1,-4,1
10/28/2001 03:38:00,301,-1.051964331,36,-1,-5,1
10/28/2001 03:39:00,301,-1.02946757,38,-1,-6,1
10/28/2001 03:40:00,301,-1.00697081,38,-1,-6,1
10/28/2001 03:41:00,301,-0.984474049,39,-1,-7,1
10/28/2001 03:42:00,301,-0.961977289,41,-1,-8,1
10/28/2001 03:43:00,301,-0.985892435,41,-1,-9,1
10/28/2001 03:44:00,301,-1.009807581,42,-1,-11,1
10/28/2001 03:45:00,301,-1.033722727,43,0,-13,1
10/28/2001 03:46:00,301,-1.057637873,45,0,-14,1
10/28/2001 03:47:00,301,-1.081553019,45,0,-15,1
10/28/2001 03:48:00,301,-1.074076198,46,0,-15,1
10/28/2001 03:49:00,301,-1.066599377,48,-1,-16,1
10/28/2001 03:50:00,301,-1.059122556,48,-1,-17,1
10/28/2001 03:51:00,301,-1.051645735,48,-1,-19,1
10/28/2001 03:52:00,301,-1.044168913,48,-1,-20,1
10/28/2001 03:53:00,301,-1.018261993,47,-2,-20,1
10/28/2001 03:54:00,301,-0.992355073,48,-2,-20,1
10/28/2001 03:55:00,301,-0.966448153,50,-2,-21,1
10/28/2001 03:56:00,301,-0.940541232,51,-2,-22,1
10/28/2001 03:57:00,301,-0.914634312,53,-3,-22,1
10/28/2001 03:58:00,301,-0.913498946,53,-3,-23,1
10/28/2001 03:59:00,301,-0.91236358,54,-2,-25,1
10/28/2001 04:00:00,301,-0.911228213,56,-2,-27,1
10/28/2001 04:01:00,301,-0.910092847,59,-2,-29,1
10/28/2001 04:02:00,301,-0.908957481,64,-1,-31,1
10/28/2001 04:03:00,301,-0.937388552,68,-1,-31,1
10/28/2001 04:04:00,301,-0.965819624,71,-1,-32,1
10/28/2001 04:05:00,301,-0.994250695,73,-2,-33,1
10/28/2001 04:06:00,301,-1.022681767,74,-2,-35,1
10/28/2001 04:07:00,301,-1.051112838,73,-3,-36,1
10/28/2001 04:08:00,301,-1.021582325,77,-3,-37,1
10/28/2001 04:09:00,301,-0.992051812,76,-3,-38,1
10/28/2001 04:10:00,301,-0.9625213,75,-4,-39,1
10/28/2001 04:11:00,301,-0.932990787,77,-3,-41,1
10/28/2001 04:12:00,301,-0.903460274,80,-4,-42,1
10/28/2001 04:13:00,301,-0.91299211,83,-4,-43,1
10/28/2001 04:14:00,301,-0.922523947,83,-4,-45,1
10/28/2001 04:15:00,301,-0.932055783,86,-4,-47,1
10/28/2001 04:16:00,301,-0.941587619,87,-4,-48,1
10/28/2001 04:17:00,301,-0.951119456,88,-4,-49,1
10/28/2001 04:18:00,301,-0.941633294,89,-4,-49,1
10/28/2001 04:19:00,301,-0.932147132,88,-4,-50,1
10/28/2001 04:20:00,301,-0.922660971,87,-4,-52,1
10/28/2001 04:21:00,301,-0.913174809,87,-3,-53,1
10/28/2001 04:22:00,301,-0.903688647,87,-3,-55,1
10/28/2001 04:23:00,301,-0.888383091,86,-3,-56,1
10/28/2001 04:24:00,301,-0.873077535,86,-3,-57,1
10/28/2001 04:25:00,301,-0.857771979,85,-2,-58,1
10/28/2001 04:26:00,301,-0.842466424,85,-2,-59,1
10/28/2001 04:27:00,301,-0.827160868,84,-2,-60,1
10/28/2001 04:28:00,301,-0.78626181,82,-2,-60,1
10/28/2001 04:29:00,301,-0.745362753,79,-1,-62,1
10/28/2001 04:30:00,301,-0.704463696,78,-1,-63,1
10/28/2001 04:31:00,301,-0.663564639,77,-1,-64,1
10/28/2001 04:32:00,301,-0.622665582,76,-1,-64,1
10/28/2001 04:33:00,301,-0.646731405,76,-1,-64,1
10/28/2001 04:34:00,301,-0.670797229,74,0,-64,1
10/28/2001 04:35:00,301,-0.694863053,74,0,-64,1
10/28/2001 04:36:00,301,-0.718928877,73,0,-64,1
10/28/2001 04:37:00,301,-0.742994701,72,0,-65,1
10/28/2001 04:38:00,301,-0.726155532,69,0,-66,1
10/28/2001 04:39:00,301,-0.709316363,68,1,-68,1
10/28/2001 04:40:00,301,-0.692477194,67,1,-69,1
10/28/2001 04:41:00,301,-0.675638025,65,1,-69,1
10/28/2001 04:42:00,301,-0.658798856,63,1,-70,1
10/28/2001 04:43:00,301,-0.717979748,61,1,-70,1
10/28/2001 04:44:00,301,-0.777160639,59,2,-70,1
10/28/2001 04:45:00,301,-0.83634153,56,2,-71,1
10/28/2001 04:46:00,301,-0.895522422,56,2,-71,1
10/28/2001 04:47:00,301,-0.954703313,53,2,-70,1
10/28/2001 04:48:00,301,-0.874881088,58,2,-70,1
10/28/2001 04:49:00,301,-0.795058862,61,2,-70,1
10/28/2001 04:50:00,301,-0.715236637,65,2,-69,1
10/28/2001 04:51:00,301,-0.635414412,68,2,-68,1
10/28/2001 04:52:00,301,-0.555592186,70,2,-68,1
10/28/2001 04:53:00,301,-0.459897662,69,2,-69,1
10/28/2001 04:54:00,301,-0.364203137,67,2,-70,1
10/28/2001 04:55:00,301,-0.268508612,66,2,-72,1
10/28/2001 04:56:00,301,-0.172814087,65,2,-73,1
10/28/2001 04:57:00,301,-0.077119563,62,1,-74,1
10/28/2001 04:58:00,301,-0.038910483,62,1,-75,1
10/28/2001 04:59:00,301,-0.000701404,66,1,-76,1
10/28/2001 05:00:00,301,0.037507675,66,1,-77,1
10/28/2001 05:01:00,301,0.075716754,72,1,-77,1
10/28/2001 05:02:00,301,0.113925833,74,0,-77,1
10/28/2001 05:03:00,301,0.180034745,76,1,-78,1
10/28/2001 05:04:00,301,0.246143656,79,0,-77,1
10/28/2001 05:05:00,301,0.312252568,78,0,-78,1
10/28/2001 05:06:00,301,0.37836148,78,-1,-78,1
10/28/2001 05:07:00,301,0.444470391,79,-2,-79,1
10/28/2001 05:08:00,301,0.535209998,82,-2,-80,1
10/28/2001 05:09:00,301,0.625949605,83,-3,-80,1
10/28/2001 05:10:00,301,0.716689212,84,-3,-81,1
10/28/2001 05:11:00,301,0.807428819,85,-3,-81,1
10/28/2001 05:12:00,301,0.898168426,85,-4,-81,1
10/28/2001 05:13:00,301,0.947268976,85,-3,-82,1
10/28/2001 05:14:00,301,0.996369526,86,-3,-83,1
10/28/2001 05:15:00,301,1.045470077,88,-3,-85,1
10/28/2001 05:16:00,301,1.094570627,92,-3,-86,1
10/28/2001 05:17:00,301,1.143671177,94,-3,-85,1
10/28/2001 05:18:00,301,1.1635363,96,-3,-84,1
10/28/2001 05:19:00,301,1.183401423,96,-4,-82,1
10/28/2001 05:20:00,301,1.203266545,96,-4,-82,1
10/28/2001 05:21:00,301,1.223131668,97,-4,-82,1
10/28/2001 05:22:00,301,1.242996791,99,-4,-81,1
10/28/2001 05:23:00,301,1.354987532,98,-5,-80,1
10/28/2001 05:24:00,301,1.466978273,99,-4,-81,1
10/28/2001 05:25:00,301,1.578969015,97,-4,-82,1
10/28/2001 05:26:00,301,1.690959756,98,-4,-84,1
10/28/2001 05:27:00,301,1.802950497,99,-4,-85,1
10/28/2001 05:28:00,301,1.88205161,100,-3,-86,1
10/28/2001 05:29:00,301,1.961152723,100,-3,-88,1
10/28/2001 05:30:00,301,2.040253836,99,-2,-89,1
10/28/2001 05:31:00,301,2.119354949,98,-1,-91,1
10/28/2001 05:32:00,301,2.198456062,98,-1,-93,1
10/28/2001 05:33:00,301,2.292112562,98,-1,-94,1
10/28/2001 05:34:00,301,2.385769062,98,-1,-95,1
10/28/2001 05:35:00,301,2.479425562,97,-1,-97,1
10/28/2001 05:36:00,301,2.573082062,99,0,-99,1
10/28/2001 05:37:00,301,2.666738562,98,0,-100,1
10/28/2001 05:38:00,301,2.768393893,98,0,-101,1
10/28/2001 05:39:00,301,2.870049225,98,0,-101,1
10/28/2001 05:40:00,301,2.971704556,96,1,-102,1
10/28/2001 05:41:00,301,3.073359887,96,1,-104,1
10/28/2001 05:42:00,301,3.175015218,98,1,-104,1
10/28/2001 05:43:00,301,3.285697216,98,1,-103,1
10/28/2001 05:44:00,301,3.396379214,97,1,-103,1
10/28/2001 05:45:00,301,3.507061211,96,1,-103,1
10/28/2001 05:46:00,301,3.617743209,94,1,-103,1
10/28/2001 05:47:00,301,3.728425206,92,1,-104,1
10/28/2001 05:48:00,301,3.84083819,90,1,-104,1
10/28/2001 05:49:00,301,3.953251173,88,1,-102,1
10/28/2001 05:50:00,301,4.065664156,86,0,-101,1
10/28/2001 05:51:00,301,4.17807714,87,0,-100,1
10/28/2001 05:52:00,301,4.290490123,88,0,-100,1
10/28/2001 05:53:00,301,4.396644617,90,-1,-99,1
10/28/2001 05:54:00,301,4.502799111,91,-1,-100,1
10/28/2001 05:55:00,301,4.608953605,90,-2,-101,1
10/28/2001 05:56:00,301,4.7151081,89,-2,-102,1
10/28/2001 05:57:00,301,4.821262594,87,-3,-103,1
10/28/2001 05:58:00,301,4.817355416,84,-4,-104,1
10/28/2001 05:59:00,301,4.813448237,82,-4,-104,1
10/28/2001 06:00:00,301,4.809541059,81,-4,-106,1
10/28/2001 06:01:00,301,4.805633881,77,-3,-108,1
10/28/2001 06:02:00,301,4.801726703,73,-2,-109,1
10/28/2001 06:03:00,301,4.991851185,70,-2,-110,1
10/28/2001 06:04:00,301,5.181975668,66,-1,-111,1
10/28/2001 06:05:00,301,5.37210015,63,-1,-111,1
10/28/2001 06:06:00,301,5.562224632,61,0,-112,1
10/28/2001 06:07:00,301,5.752349114,59,0,-112,1
10/28/2001 06:08:00,301,5.927222744,59,1,-112,1
10/28/2001 06:09:00,301,6.102096374,61,2,-112,1
10/28/2001 06:10:00,301,6.276970003,63,3,-111,1
10/28/2001 06:11:00,301,6.451843633,64,3,-111,1
10/28/2001 06:12:00,301,6.626717262,65,3,-110,1
10/28/2001 06:13:00,301,6.733036804,67,3,-110,1
10/28/2001 06:14:00,301,6.839356345,71,3,-109,1
10/28/2001 06:15:00,301,6.945675887,72,2,-109,1
10/28/2001 06:16:00,301,7.051995428,72,2,-109,1
10/28/2001 06:17:00,301,7.158314969,73,1,-108,1
10/28/2001 06:18:00,301,7.268923742,74,1,-109,1
10/28/2001 06:19:00,301,7.379532514,75,0,-108,1
10/28/2001 06:20:00,301,7.490141286,78,0,-106,1
10/28/2001 06:21:00,301,7.600750058,79,-1,-105,1
10/28/2001 06:22:00,301,7.71135883,83,-2,-103,1
10/28/2001 06:23:00,301,7.749641396,87,-2,-102,1
10/28/2001 06:24:00,301,7.787923962,91,-3,-101,1
10/28/2001 06:25:00,301,7.826206527,96,-4,-100,1
10/28/2001 06:26:00,301,7.864489093,101,-4,-99,1
10/28/2001 06:27:00,301,7.902771659,101,-5,-99,1
10/28/2001 06:28:00,301,7.931287022,102,-6,-98,1
10/28/2001 06:29:00,301,7.959802386,105,-7,-98,1
10/28/2001 06:30:00,301,7.988317749,105,-7,-97,1
10/28/2001 06:31:00,301,8.016833112,104,-7,-97,1
10/28/2001 06:32:00,301,8.045348475,107,-8,-98,1
10/28/2001 06:33:00,301,8.079693857,108,-8,-98,1
10/28/2001 06:34:00,301,8.114039238,108,-8,-99,1
10/28/2001 06:35:00,301,8.14838462,106,-8,-100,1
10/28/2001 06:36:00,301,8.182730001,105,-7,-101,1
10/28/2001 06:37:00,301,8.217075382,104,-6,-102,1
10/28/2001 06:38:00,301,8.243330332,102,-6,-102,1
10/28/2001 06:39:00,301,8.269585282,100,-6,-102,1
10/28/2001 06:40:00,301,8.295840232,96,-6,-104,1
10/28/2001 06:41:00,301,8.322095182,95,-6,-105,1
10/28/2001 06:42:00,301,8.348350132,92,-6,-105,1
10/28/2001 06:43:00,301,8.540303456,90,-6,-107,1
10/28/2001 06:44:00,301,8.73225678,86,-6,-108,1
10/28/2001 06:45:00,301,8.924210104,85,-6,-110,1
10/28/2001 06:46:00,301,9.116163428,83,-6,-111,1
10/28/2001 06:47:00,301,9.308116751,82,-6,-112,1
10/28/2001 06:48:00,301,9.189551772,82,-5,-113,1
10/28/2001 06:49:00,301,9.070986792,85,-5,-112,1
10/28/2001 06:50:00,301,8.952421813,86,-4,-112,1
10/28/2001 06:51:00,301,8.833856833,85,-3,-111,1
10/28/2001 06:52:00,301,8.715291853,84,-3,-111,1
10/28/2001 06:53:00,301,8.722289282,84,-3,-111,1
10/28/2001 06:54:00,301,8.72928671,83,-4,-110,1
10/28/2001 06:55:00,301,8.736284138,80,-3,-110,1
10/28/2001 06:56:00,301,8.743281566,79,-3,-110,1
10/28/2001 06:57:00,301,8.750278994,78,-3,-109,1
10/28/2001 06:58:00,301,8.697838039,78,-2,-108,1
10/28/2001 06:59:00,301,8.645397084,79,-2,-107,1
10/28/2001 07:00:00,301,8.592956128,79,-2,-107,1
10/28/2001 07:01:00,301,8.540515173,80,-1,-108,1
10/28/2001 07:02:00,301,8.488074218,81,-1,-108,1
10/28/2001 07:03:00,301,8.469499412,83,-1,-107,1
10/28/2001 07:04:00,301,8.450924606,86,-1,-107,1
10/28/2001 07:05:00,301,8.4323498,85,-1,-106,1
10/28/2001 07:06:00,301,8.413774994,86,-1,-106,1
10/28/2001 07:07:00,301,8.395200188,86,-1,-105,1
10/28/2001 07:08:00,301,8.341653926,85,-1,-105,1
10/28/2001 07:09:00,301,8.288107663,82,-1,-105,1
10/28/2001 07:10:00,301,8.234561401,81,-1,-105,1
10/28/2001 07:11:00,301,8.181015138,78,0,-106,1
10/28/2001 07:12:00,301,8.127468876,75,0,-108,1
10/28/2001 07:13:00,301,8.056916706,76,1,-108,1
10/28/2001 07:14:00,301,7.986364536,75,2,-108,1
10/28/2001 07:15:00,301,7.915812367,74,2,-108,1
10/28/2001 07:16:00,301,7.845260197,74,2,-108,1
10/28/2001 07:17:00,301,7.774708027,73,3,-108,1
10/28/2001 07:18:00,301,7.757886134,71,3,-109,1
10/28/2001 07:19:00,301,7.741064241,70,3,-109,1
10/28/2001 07:20:00,301,7.724242348,68,3,-110,1
10/28/2001 07:21:00,301,7.707420455,69,3,-111,1
10/28/2001 07:22:00,301,7.690598562,68,3,-112,1
10/28/2001 07:23:00,301,7.51164557,68,3,-113,1
10/28/2001 07:24:00,301,7.332692578,69,3,-112,1
10/28/2001 07:25:00,301,7.153739585,69,3,-112,1
10/28/2001 07:26:00,301,6.974786593,69,3,-114,1
10/28/2001 07:27:00,301,6.795833601,68,3,-114,1
10/28/2001 07:28:00,301,6.864565039,68,2,-115,1
10/28/2001 07:29:00,301,6.933296477,68,2,-115,1
10/28/2001 07:30:00,301,7.002027915,68,2,-116,1
10/28/2001 07:31:00,301,7.070759354,69,2,-116,1
10/28/2001 07:32:00,301,7.139490792,69,2,-116,1
10/28/2001 07:33:00,301,7.122759416,69,2,-116,1
10/28/2001 07:34:00,301,7.106028041,69,2,-116,1
10/28/2001 07:35:00,301,7.089296666,68,2,-117,1
10/28/2001 07:36:00,301,7.07256529,68,2,-118,1
10/28/2001 07:37:00,301,7.055833915,66,2,-118,1
10/28/2001 07:38:00,301,7.092886637,65,2,-119,1
10/28/2001 07:39:00,301,7.129939359,65,2,-120,1
10/28/2001 07:40:00,301,7.166992082,67,2,-121,1
10/28/2001 07:41:00,301,7.204044804,69,2,-121,1
10/28/2001 07:42:00,301,7.241097526,70,2,-121,1
10/28/2001 07:43:00,301,7.226409708,69,2,-121,1
10/28/2001 07:44:00,301,7.21172189,69,3,-123,1
10/28/2001 07:45:00,301,7.197034073,68,2,-124,1
10/28/2001 07:46:00,301,7.182346255,67,2,-124,1
10/28/2001 07:47:00,301,7.167658437,67,2,-124,1
10/28/2001 07:48:00,301,7.157798879,67,2,-124,1
10/28/2001 07:49:00,301,7.14793932,66,2,-123,1
10/28/2001 07:50:00,301,7.138079762,64,2,-123,1
10/28/2001 07:51:00,301,7.128220204,64,2,-122,1
10/28/2001 07:52:00,301,7.118360645,63,2,-122,1
10/28/2001 07:53:00,301,7.149964283,62,2,-121,1
10/28/2001 07:54:00,301,7.181567922,63,2,-122,1
10/28/2001 07:55:00,301,7.21317156,63,1,-122,1
10/28/2001 07:56:00,301,7.244775198,65,1,-124,1
10/28/2001 07:57:00,301,7.276378836,66,2,-125,1
10/28/2001 07:58:00,301,7.298073702,67,2,-125,1
10/28/2001 07:59:00,301,7.319768568,68,2,-125,1
10/28/2001 08:00:00,301,7.341463434,69,3,-125,1
10/28/2001 08:01:00,301,7.363158299,71,3,-126,1
10/28/2001 08:02:00,301,7.384853165,72,4,-125,1
10/28/2001 08:03:00,301,7.486839337,73,4,-125,1
10/28/2001 08:04:00,301,7.58882551,75,4,-124,1
10/28/2001 08:05:00,301,7.690811682,76,4,-124,1
10/28/2001 08:06:00,301,7.792797854,77,5,-125,1
10/28/2001 08:07:00,301,7.894784026,79,5,-126,1
10/28/2001 08:08:00,301,7.864844386,79,5,-126,1
10/28/2001 08:09:00,301,7.834904747,77,5,-127,1
10/28/2001 08:10:00,301,7.804965108,76,5,-128,1
10/28/2001 08:11:00,301,7.775025468,75,4,-129,1
10/28/2001 08:12:00,301,7.745085829,73,4,-129,1
10/28/2001 08:13:00,301,7.815925831,72,4,-129,1
10/28/2001 08:14:00,301,7.886765834,72,4,-129,1
10/28/2001 08:15:00,301,7.957605836,70,5,-129,1
10/28/2001 08:16:00,301,8.028445839,69,5,-129,1
10/28/2001 08:17:00,301,8.099285841,71,5,-130,1
10/28/2001 08:18:00,301,8.026642615,72,5,-130,1
10/28/2001 08:19:00,301,7.953999388,72,5,-130,1
10/28/2001 08:20:00,301,7.881356162,73,6,-130,1
10/28/2001 08:21:00,301,7.808712936,75,7,-131,1
10/28/2001 08:22:00,301,7.736069709,76,7,-131,1
10/28/2001 08:23:00,301,7.753424506,74,8,-131,1
10/28/2001 08:24:00,301,7.770779303,73,8,-131,1
10/28/2001 08:25:00,301,7.788134099,71,8,-132,1
10/28/2001 08:26:00,301,7.805488896,67,8,-132,1
10/28/2001 08:27:00,301,7.822843693,66,7,-132,1
10/28/2001 08:28:00,301,7.872428991,66,7,-131,1
10/28/2001 08:29:00,301,7.922014289,67,7,-131,1
10/28/2001 08:30:00,301,7.971599587,67,6,-131,1
10/28/2001 08:31:00,301,8.021184886,67,6,-132,1
10/28/2001 08:32:00,301,8.070770184,69,5,-131,1
10/28/2001 08:33:00,301,8.015056093,71,5,-131,1
10/28/2001 08:34:00,301,7.959342002,70,5,-131,1
10/28/2001 08:35:00,301,7.903627911,71,5,-131,1
10/28/2001 08:36:00,301,7.847913819,71,5,-131,1
10/28/2001 08:37:00,301,7.792199728,71,5,-133,1
10/28/2001 08:38:00,301,7.849824368,75,5,-134,1
10/28/2001 08:39:00,301,7.907449008,78,4,-135,1
10/28/2001 08:40:00,301,7.965073648,81,4,-136,1
10/28/2001 08:41:00,301,8.022698288,84,4,-135,1
10/28/2001 08:42:00,301,8.080322928,88,5,-135,1
10/28/2001 08:43:00,301,8.108809985,90,5,-135,1
10/28/2001 08:44:00,301,8.137297042,89,5,-135,1
10/28/2001 08:45:00,301,8.1657841,89,5,-135,1
10/28/2001 08:46:00,301,8.194271157,91,5,-135,1
10/28/2001 08:47:00,301,8.222758214,91,5,-135,1
10/28/2001 08:48:00,301,8.307082418,91,5,-136,1
10/28/2001 08:49:00,301,8.391406622,90,5,-136,1
10/28/2001 08:50:00,301,8.475730826,89,5,-136,1
10/28/2001 08:51:00,301,8.56005503,88,5,-136,1
10/28/2001 08:52:00,301,8.644379233,88,5,-135,1
10/28/2001 08:53:00,301,8.760138656,91,5,-134,1
10/28/2001 08:54:00,301,8.875898078,90,5,-134,1
10/28/2001 08:55:00,301,8.991657501,89,5,-134,1
10/28/2001 08:56:00,301,9.107416923,90,5,-134,1
10/28/2001 08:57:00,301,9.223176345,88,4,-134,1
10/28/2001 08:58:00,301,9.319215679,88,4,-133,1
10/28/2001 08:59:00,301,9.415255014,87,5,-133,1
10/28/2001 09:00:00,301,9.511294348,88,5,-134,1
10/28/2001 09:01:00,301,9.607333682,87,5,-134,1
10/28/2001 09:02:00,301,9.703373016,89,5,-133,1
10/28/2001 09:03:00,301,9.627031185,88,5,-133,1
10/28/2001 09:04:00,301,9.550689354,88,5,-133,1
10/28/2001 09:05:00,301,9.474347523,90,5,-133,1
10/28/2001 09:06:00,301,9.398005691,90,5,-133,1
10/28/2001 09:07:00,301,9.32166386,92,5,-132,1
10/28/2001 09:08:00,301,9.393963725,94,5,-132,1
10/28/2001 09:09:00,301,9.46626359,94,5,-132,1
10/28/2001 09:10:00,301,9.538563456,93,4,-132,1
10/28/2001 09:11:00,301,9.610863321,91,3,-132,1
10/28/2001 09:12:00,301,9.683163186,94,2,-132,1
10/28/2001 09:13:00,301,9.667433235,93,2,-131,1
10/28/2001 09:14:00,301,9.651703285,95,2,-130,1
10/28/2001 09:15:00,301,9.635973334,100,1,-129,1
10/28/2001 09:16:00,301,9.620243384,101,2,-130,1
10/28/2001 09:17:00,301,9.604513433,101,2,-130,1
10/28/2001 09:18:00,301,9.660854922,104,2,-130,1
10/28/2001 09:19:00,301,9.71719641,105,3,-130,1
10/28/2001 09:20:00,301,9.773537899,104,2,-130,1
10/28/2001 09:21:00,301,9.829879387,102,2,-130,1
10/28/2001 09:22:00,301,9.886220876,99,1,-131,1
10/28/2001 09:23:00,301,9.817362554,97,1,-133,1
10/28/2001 09:24:00,301,9.748504232,97,1,-133,1
10/28/2001 09:25:00,301,9.67964591,98,1,-133,1
10/28/2001 09:26:00,301,9.610787588,97,0,-134,1
10/28/2001 09:27:00,301,9.541929265,98,0,-134,1
10/28/2001 09:28:00,301,9.524867382,100,-1,-134,1
10/28/2001 09:29:00,301,9.507805498,101,0,-135,1
10/28/2001 09:30:00,301,9.490743614,105,-1,-135,1
10/28/2001 09:31:00,301,9.47368173,108,0,-134,1
10/28/2001 09:32:00,301,9.456619847,112,0,-133,1
10/28/2001 09:33:00,301,9.457763852,114,1,-133,1
10/28/2001 09:34:00,301,9.458907857,117,1,-133,1
10/28/2001 09:35:00,301,9.460051862,118,1,-133,1
10/28/2001 09:36:00,301,9.461195867,119,1,-133,1
10/28/2001 09:37:00,301,9.462339872,122,2,-134,1
10/28/2001 09:38:00,301,9.498588813,124,2,-134,1
10/28/2001 09:39:00,301,9.534837753,124,2,-135,1
10/28/2001 09:40:00,301,9.571086694,122,2,-135,1
10/28/2001 09:41:00,301,9.607335634,121,2,-135,1
10/28/2001 09:42:00,301,9.643584575,118,3,-134,1
10/28/2001 09:43:00,301,9.763612733,118,3,-133,1
10/28/2001 09:44:00,301,9.88364089,115,3,-132,1
10/28/2001 09:45:00,301,10.00366905,112,3,-131,1
10/28/2001 09:46:00,301,10.12369721,114,4,-131,1
10/28/2001 09:47:00,301,10.24372536,112,3,-131,1
10/28/2001 09:48:00,301,10.19658172,110,3,-132,1
10/28/2001 09:49:00,301,10.14943808,106,2,-133,1
10/28/2001 09:50:00,301,10.10229444,105,2,-133,1
10/28/2001 09:51:00,301,10.0551508,102,2,-133,1
10/28/2001 09:52:00,301,10.00800715,102,2,-134,1
10/28/2001 09:53:00,301,10.05007059,100,1,-135,1
10/28/2001 09:54:00,301,10.09213402,100,1,-136,1
10/28/2001 09:55:00,301,10.13419746,101,2,-135,1
10/28/2001 09:56:00,301,10.17626089,101,2,-133,1
10/28/2001 09:57:00,301,10.21832433,102,2,-133,1
10/28/2001 09:58:00,301,10.07929383,103,2,-133,1
10/28/2001 09:59:00,301,9.940263338,106,3,-133,1
10/28/2001 10:00:00,301,9.801232844,108,3,-133,1
10/28/2001 10:01:00,301,9.66220235,110,3,-134,1
10/28/2001 10:02:00,301,9.523171857,112,3,-134,1
10/28/2001 10:03:00,301,9.534092558,115,3,-134,1
10/28/2001 10:04:00,301,9.545013259,117,4,-134,1
10/28/2001 10:05:00,301,9.55593396,118,4,-134,1
10/28/2001 10:06:00,301,9.566854661,120,4,-135,1
10/28/2001 10:07:00,301,9.577775362,123,4,-134,1
10/28/2001 10:08:00,301,9.572884852,122,4,-135,1
10/28/2001 10:09:00,301,9.567994342,122,4,-135,1
10/28/2001 10:10:00,301,9.563103832,124,5,-135,1
10/28/2001 10:11:00,301,9.558213322,125,5,-135,1
10/28/2001 10:12:00,301,9.553322813,127,5,-135,1
10/28/2001 10:13:00,301,9.521388626,127,4,-135,1
10/28/2001 10:14:00,301,9.489454439,126,4,-136,1
10/28/2001 10:15:00,301,9.457520252,127,4,-136,1
10/28/2001 10:16:00,301,9.425586065,128,3,-135,1
10/28/2001 10:17:00,301,9.393651878,131,3,-134,1
10/28/2001 10:18:00,301,9.298542548,133,3,-134,1
10/28/2001 10:19:00,301,9.203433218,133,2,-134,1
10/28/2001 10:20:00,301,9.108323889,135,2,-134,1
10/28/2001 10:21:00,301,9.013214559,135,2,-133,1
10/28/2001 10:22:00,301,8.918105229,136,2,-133,1
10/28/2001 10:23:00,301,8.849170643,140,1,-132,1
10/28/2001 10:24:00,301,8.780236058,143,1,-132,1
10/28/2001 10:25:00,301,8.711301472,146,0,-132,1
10/28/2001 10:26:00,301,8.642366886,150,0,-132,1
10/28/2001 10:27:00,301,8.5734323,153,0,-131,1
10/28/2001 10:28:00,301,8.558384309,160,0,-131,1
10/28/2001 10:29:00,301,8.543336317,164,1,-131,1
10/28/2001 10:30:00,301,8.528288326,167,1,-131,1
10/28/2001 10:31:00,301,8.513240334,171,2,-131,1
10/28/2001 10:32:00,301,8.498192343,174,2,-130,1
10/28/2001 10:33:00,301,8.497151276,174,2,-131,1
10/28/2001 10:34:00,301,8.49611021,176,2,-131,1
10/28/2001 10:35:00,301,8.495069143,177,2,-130,1
10/28/2001 10:36:00,301,8.494028077,178,2,-130,1
10/28/2001 10:37:00,301,8.492987011,182,3,-130,1
10/28/2001 10:38:00,301,8.439903376,185,3,-129,1
10/28/2001 10:39:00,301,8.386819742,184,4,-130,1
10/28/2001 10:40:00,301,8.333736107,187,5,-130,1
10/28/2001 10:41:00,301,8.280652472,189,5,-131,1
10/28/2001 10:42:00,301,8.227568838,189,5,-131,1
10/28/2001 10:43:00,301,8.244864128,190,6,-131,1
10/28/2001 10:44:00,301,8.262159417,190,6,-132,1
10/28/2001 10:45:00,301,8.279454707,189,6,-131,1
10/28/2001 10:46:00,301,8.296749997,186,7,-132,1
10/28/2001 10:47:00,301,8.314045286,184,7,-132,1
10/28/2001 10:48:00,301,8.343535476,179,7,-133,1
10/28/2001 10:49:00,301,8.373025667,179,8,-133,1
10/28/2001 10:50:00,301,8.402515857,176,8,-134,1
10/28/2001 10:51:00,301,8.432006047,173,8,-134,1
10/28/2001 10:52:00,301,8.461496237,168,8,-135,1
10/28/2001 10:53:00,301,8.413328089,163,8,-135,1
10/28/2001 10:54:00,301,8.365159942,160,7,-136,1
10/28/2001 10:55:00,301,8.316991794,158,7,-137,1
10/28/2001 10:56:00,301,8.268823647,154,7,-138,1
10/28/2001 10:57:00,301,8.2206555,152,7,-139,1
10/28/2001 10:58:00,301,8.129752855,151,6,-140,1
10/28/2001 10:59:00,301,8.038850211,150,6,-141,1
10/28/2001 11:00:00,301,7.947947566,148,6,-142,1
10/28/2001 11:01:00,301,7.857044921,145,6,-142,1
10/28/2001 11:02:00,301,7.766142277,145,5,-143,1
10/28/2001 11:03:00,301,7.734679711,143,5,-144,1
10/28/2001 11:04:00,301,7.703217145,142,5,-143,1
10/28/2001 11:05:00,301,7.67175458,140,5,-143,1
10/28/2001 11:06:00,301,7.640292014,137,4,-144,1
10/28/2001 11:07:00,301,7.608829448,136,4,-145,1
10/28/2001 11:08:00,301,7.618675473,134,4,-145,1
10/28/2001 11:09:00,301,7.628521499,130,4,-145,1
10/28/2001 11:10:00,301,7.638367524,127,4,-146,1
10/28/2001 11:11:00,301,7.64821355,124,3,-146,1
10/28/2001 11:12:00,301,7.658059575,119,3,-146,1
10/28/2001 11:13:00,301,7.613763285,116,3,-147,1
10/28/2001 11:14:00,301,7.569466995,114,3,-147,1
10/28/2001 11:15:00,301,7.525170705,111,2,-148,1
10/28/2001 11:16:00,301,7.480874415,106,2,-149,1
10/28/2001 11:17:00,301,7.436578125,105,2,-149,1
10/28/2001 11:18:00,301,7.440081409,106,2,-149,1
10/28/2001 11:19:00,301,7.443584692,106,2,-150,1
10/28/2001 11:20:00,301,7.447087975,105,2,-150,1
10/28/2001 11:21:00,301,7.450591258,104,2,-150,1
10/28/2001 11:22:00,301,7.454094541,103,2,-150,1
10/28/2001 11:23:00,301,7.439699499,101,1,-149,1
10/28/2001 11:24:00,301,7.425304457,100,1,-150,1
10/28/2001 11:25:00,301,7.410909415,100,1,-149,1
10/28/2001 11:26:00,301,7.396514373,100,0,-149,1
10/28/2001 11:27:00,301,7.382119331,99,0,-149,1
10/28/2001 11:28:00,301,7.354750099,99,-1,-148,1
10/28/2001 11:29:00,301,7.327380866,100,-1,-148,1
10/28/2001 11:30:00,301,7.300011634,103,-2,-148,1
10/28/2001 11:31:00,301,7.272642402,103,-3,-147,1
10/28/2001 11:32:00,301,7.24527317,105,-3,-147,1
10/28/2001 11:33:00,301,7.100085377,106,-4,-147,1
10/28/2001 11:34:00,301,6.954897585,108,-4,-146,1
10/28/2001 11:35:00,301,6.809709792,108,-4,-145,1
10/28/2001 11:36:00,301,6.664521999,110,-5,-144,1
10/28/2001 11:37:00,301,6.519334206,111,-5,-144,1
10/28/2001 11:38:00,301,6.542793294,113,-6,-143,1
10/28/2001 11:39:00,301,6.566252382,115,-6,-143,1
10/28/2001 11:40:00,301,6.589711471,114,-6,-144,1
10/28/2001 11:41:00,301,6.613170559,110,-7,-144,1
10/28/2001 11:42:00,301,6.636629647,106,-7,-145,1
10/28/2001 11:43:00,301,6.639340019,105,-7,-145,1
10/28/2001 11:44:00,301,6.642050391,105,-7,-146,1
10/28/2001 11:45:00,301,6.644760762,105,-7,-146,1
10/28/2001 11:46:00,301,6.647471134,106,-7,-147,1
10/28/2001 11:47:00,301,6.650181506,106,-7,-147,1
10/28/2001 11:48:00,301,6.670540967,107,-7,-147,1
10/28/2001 11:49:00,301,6.690900428,106,-7,-148,1
10/28/2001 11:50:00,301,6.71125989,106,-7,-147,1
10/28/2001 11:51:00,301,6.731619351,105,-7,-148,1
10/28/2001 11:52:00,301,6.751978812,105,-7,-148,1
10/28/2001 11:53:00,301,6.800972314,106,-7,-147,1
10/28/2001 11:54:00,301,6.849965816,107,-8,-147,1
10/28/2001 11:55:00,301,6.898959319,107,-7,-147,1
10/28/2001 11:56:00,301,6.947952821,109,-7,-147,1
10/28/2001 11:57:00,301,6.996946323,109,-7,-147,1
10/28/2001 11:58:00,301,6.977405974,111,-6,-147,1
10/28/2001 11:59:00,301,6.957865625,112,-5,-147,1
10/28/2001 12:00:00,301,6.938325275,113,-4,-147,1
10/28/2001 12:01:00,301,6.918784926,117,-3,-147,1
10/28/2001 12:02:00,301,6.899244577,119,-3,-146,1
10/28/2001 12:03:00,301,6.910179114,121,-2,-146,1
10/28/2001 12:04:00,301,6.921113651,124,-1,-146,1
10/28/2001 12:05:00,301,6.932048188,125,-1,-145,1
10/28/2001 12:06:00,301,6.942982725,124,0,-146,1
10/28/2001 12:07:00,301,6.953917262,122,0,-146,1
10/28/2001 12:08:00,301,6.95849558,122,0,-146,1
10/28/2001 12:09:00,301,6.963073897,121,0,-146,1
10/28/2001 12:10:00,301,6.967652214,123,1,-145,1
10/28/2001 12:11:00,301,6.972230531,126,1,-145,1
10/28/2001 12:12:00,301,6.976808848,127,1,-145,1
10/28/2001 12:13:00,301,6.922766996,129,1,-145,1
10/28/2001 12:14:00,301,6.868725144,134,1,-144,1
10/28/2001 12:15:00,301,6.814683292,135,1,-144,1
10/28/2001 12:16:00,301,6.76064144,136,1,-144,1
10/28/2001 12:17:00,301,6.706599589,139,1,-143,1
10/28/2001 12:18:00,301,6.676692308,141,1,-143,1
10/28/2001 12:19:00,301,6.646785028,142,1,-142,1
10/28/2001 12:20:00,301,6.616877747,142,1,-142,1
10/28/2001 12:21:00,301,6.586970467,146,2,-141,1
10/28/2001 12:22:00,301,6.557063187,147,2,-141,1
10/28/2001 12:23:00,301,6.531089639,150,2,-140,1
10/28/2001 12:24:00,301,6.50511609,151,2,-140,1
10/28/2001 12:25:00,301,6.479142542,151,2,-140,1
10/28/2001 12:26:00,301,6.453168994,150,1,-140,1
10/28/2001 12:27:00,301,6.427195446,152,1,-140,1
10/28/2001 12:28:00,301,6.367791872,153,1,-141,1
10/28/2001 12:29:00,301,6.308388298,153,1,-141,1
10/28/2001 12:30:00,301,6.248984724,153,1,-140,1
10/28/2001 12:31:00,301,6.18958115,151,1,-140,1
10/28/2001 12:32:00,301,6.130177576,149,1,-139,1
10/28/2001 12:33:00,301,6.083596848,146,1,-137,1
10/28/2001 12:34:00,301,6.037016121,144,1,-136,1
10/28/2001 12:35:00,301,5.990435393,141,2,-133,1
10/28/2001 12:36:00,301,5.943854666,136,2,-129,1
10/28/2001 12:37:00,301,5.897273939,130,1,-128,1
10/28/2001 12:38:00,301,5.91794759,128,1,-126,1
10/28/2001 12:39:00,301,5.938621242,125,1,-125,1
10/28/2001 12:40:00,301,5.959294893,125,1,-123,1
10/28/2001 12:41:00,301,5.979968545,124,1,-122,1
10/28/2001 12:42:00,301,6.000642196,126,1,-120,1
10/28/2001 12:43:00,301,5.93573735,124,0,-119,1
10/28/2001 12:44:00,301,5.870832503,123,-1,-118,1
10/28/2001 12:45:00,301,5.805927656,120,-1,-117,1
10/28/2001 12:46:00,301,5.74102281,120,-2,-116,1
10/28/2001 12:47:00,301,5.676117963,118,-2,-117,1
10/28/2001 12:48:00,301,5.651607288,117,-2,-117,1
10/28/2001 12:49:00,301,5.627096614,119,-2,-117,1
10/28/2001 12:50:00,301,5.602585939,119,-2,-117,1
10/28/2001 12:51:00,301,5.578075265,118,-2,-117,1
10/28/2001 12:52:00,301,5.55356459,119,-1,-118,1
10/28/2001 12:53:00,301,5.474688954,119,-1,-118,1
10/28/2001 12:54:00,301,5.395813318,117,-1,-118,1
10/28/2001 12:55:00,301,5.316937682,119,-1,-119,1
10/28/2001 12:56:00,301,5.238062046,118,-1,-119,1
10/28/2001 12:57:00,301,5.15918641,118,-1,-118,1
10/28/2001 12:58:00,301,5.100114962,119,-1,-118,1
10/28/2001 12:59:00,301,5.041043514,118,0,-118,1
10/28/2001 13:00:00,301,4.981972066,118,0,-117,1
10/28/2001 13:01:00,301,4.922900618,117,-1,-116,1
10/28/2001 13:02:00,301,4.86382917,117,-1,-116,1
10/28/2001 13:03:00,301,4.772930944,116,-1,-116,1
10/28/2001 13:04:00,301,4.682032717,116,-2,-115,1
10/28/2001 13:05:00,301,4.59113449,117,-2,-115,1
10/28/2001 13:06:00,301,4.500236263,115,-2,-115,1
10/28/2001 13:07:00,301,4.409338037,116,-3,-115,1
10/28/2001 13:08:00,301,4.288575616,116,-3,-116,1
10/28/2001 13:09:00,301,4.167813195,116,-3,-115,1
10/28/2001 13:10:00,301,4.047050774,114,-3,-116,1
10/28/2001 13:11:00,301,3.926288353,115,-4,-116,1
10/28/2001 13:12:00,301,3.805525932,117,-4,-116,1
10/28/2001 13:13:00,301,3.758185413,116,-4,-116,1
10/28/2001 13:14:00,301,3.710844894,116,-4,-116,1
10/28/2001 13:15:00,301,3.663504374,115,-5,-116,1
10/28/2001 13:16:00,301,3.616163855,119,-5,-115,1
10/28/2001 13:17:00,301,3.568823336,116,-5,-115,1
10/28/2001 13:18:00,301,3.453166193,116,-5,-115,1
10/28/2001 13:19:00,301,3.337509049,117,-5,-115,1
10/28/2001 13:20:00,301,3.221851906,117,-5,-115,1
10/28/2001 13:21:00,301,3.106194763,116,-5,-115,1
10/28/2001 13:22:00,301,2.99053762,115,-5,-115,1
10/28/2001 13:23:00,301,2.880085656,116,-5,-115,1
10/28/2001 13:24:00,301,2.769633693,118,-5,-114,1
10/28/2001 13:25:00,301,2.659181729,116,-5,-114,1
10/28/2001 13:26:00,301,2.548729766,118,-4,-115,1
10/28/2001 13:27:00,301,2.438277803,119,-4,-115,1
10/28/2001 13:28:00,301,2.265889783,118,-4,-115,1
10/28/2001 13:29:00,301,2.093501763,118,-4,-115,1
10/28/2001 13:30:00,301,1.921113743,120,-3,-115,1
10/28/2001 13:31:00,301,1.748725723,120,-4,-114,1
10/28/2001 13:32:00,301,1.576337703,121,-4,-114,1
10/28/2001 13:33:00,301,1.47911115,119,-3,-115,1
10/28/2001 13:34:00,301,1.381884597,121,-3,-115,1
10/28/2001 13:35:00,301,1.284658044,121,-3,-115,1
10/28/2001 13:36:00,301,1.187431491,122,-3,-114,1
10/28/2001 13:37:00,301,1.090204938,123,-3,-114,1
10/28/2001 13:38:00,301,0.935206492,122,-3,-114,1
10/28/2001 13:39:00,301,0.780208045,124,-2,-114,1
10/28/2001 13:40:00,301,0.625209599,124,-2,-114,1
10/28/2001 13:41:00,301,0.470211153,127,-2,-114,1
10/28/2001 13:42:00,301,0.315212707,127,-2,-114,1
10/28/2001 13:43:00,301,0.158401651,128,-3,-114,1
10/28/2001 13:44:00,301,0.001590595,128,-3,-114,1
10/28/2001 13:45:00,301,-0.15522046,131,-3,-114,1
10/28/2001 13:46:00,301,-0.312031516,132,-3,-114,1
10/28/2001 13:47:00,301,-0.468842572,133,-3,-113,1
10/28/2001 13:48:00,301,-0.611344912,132,-3,-113,1
10/28/2001 13:49:00,301,-0.753847253,132,-3,-113,1
10/28/2001 13:50:00,301,-0.896349594,134,-3,-113,1
10/28/2001 13:51:00,301,-1.038851935,135,-4,-113,1
10/28/2001 13:52:00,301,-1.181354276,135,-4,-113,1
10/28/2001 13:53:00,301,-1.320457251,137,-4,-113,1
10/28/2001 13:54:00,301,-1.459560226,137,-4,-113,1
10/28/2001 13:55:00,301,-1.598663201,136,-4,-113,1
10/28/2001 13:56:00,301,-1.737766177,137,-4,-113,1
10/28/2001 13:57:00,301,-1.876869152,139,-5,-112,1
10/28/2001 13:58:00,301,-2.006085462,138,-4,-112,1
10/28/2001 13:59:00,301,-2.135301772,138,-4,-112,1
10/28/2001 14:00:00,301,-2.264518082,138,-4,-112,1
10/28/2001 14:01:00,301,-2.393734392,138,-4,-111,1
10/28/2001 14:02:00,301,-2.522950702,138,-4,-111,1
10/28/2001 14:03:00,301,-2.607132952,138,-4,-111,1
10/28/2001 14:04:00,301,-2.691315202,138,-4,-111,1
10/28/2001 14:05:00,301,-2.775497452,141,-4,-111,1
10/28/2001 14:06:00,301,-2.859679702,141,-4,-111,1
10/28/2001 14:07:00,301,-2.943861952,142,-4,-110,1
10/28/2001 14:08:00,301,-3.042407132,142,-4,-110,1
10/28/2001 14:09:00,301,-3.140952312,142,-4,-110,1
10/28/2001 14:10:00,301,-3.239497491,143,-4,-110,1
10/28/2001 14:11:00,301,-3.338042671,142,-4,-110,1
10/28/2001 14:12:00,301,-3.436587851,141,-5,-110,1
10/28/2001 14:13:00,301,-3.533063049,140,-4,-111,1
10/28/2001 14:14:00,301,-3.629538247,139,-4,-110,1
10/28/2001 14:15:00,301,-3.726013446,139,-4,-111,1
10/28/2001 14:16:00,301,-3.822488644,141,-5,-110,1
10/28/2001 14:17:00,301,-3.918963843,137,-5,-110,1
10/28/2001 14:18:00,301,-4.038402158,137,-4,-111,1
10/28/2001 14:19:00,301,-4.157840473,137,-5,-111,1
10/28/2001 14:20:00,301,-4.277278789,137,-5,-111,1
10/28/2001 14:21:00,301,-4.396717104,138,-5,-111,1
10/28/2001 14:22:00,301,-4.516155419,140,-5,-110,1
10/28/2001 14:23:00,301,-4.574782864,143,-5,-109,1
10/28/2001 14:24:00,301,-4.633410308,141,-5,-110,1
10/28/2001 14:25:00,301,-4.692037753,142,-5,-109,1
10/28/2001 14:26:00,301,-4.750665197,141,-5,-108,1
10/28/2001 14:27:00,301,-4.809292642,141,-5,-108,1
10/28/2001 14:28:00,301,-4.851606154,140,-5,-108,1
10/28/2001 14:29:00,301,-4.893919667,140,-5,-108,1
10/28/2001 14:30:00,301,-4.93623318,142,-5,-108,1
10/28/2001 14:31:00,301,-4.978546693,141,-5,-108,1
10/28/2001 14:32:00,301,-5.020860206,140,-5,-110,1
10/28/2001 14:33:00,301,-5.171093114,146,-6,-110,1
10/28/2001 14:34:00,301,-5.321326023,147,-6,-109,1
10/28/2001 14:35:00,301,-5.471558932,147,-6,-109,1
10/28/2001 14:36:00,301,-5.621791841,147,-7,-108,1
10/28/2001 14:37:00,301,-5.772024749,145,-7,-108,1
10/28/2001 14:38:00,301,-5.775584512,145,-7,-108,1
10/28/2001 14:39:00,301,-5.779144275,144,-7,-107,1
10/28/2001 14:40:00,301,-5.782704039,144,-7,-107,1
10/28/2001 14:41:00,301,-5.786263802,142,-7,-106,1
10/28/2001 14:42:00,301,-5.789823565,142,-6,-107,1
10/28/2001 14:43:00,301,-5.927566311,142,-6,-107,1
10/28/2001 14:44:00,301,-6.065309058,139,-6,-107,1
10/28/2001 14:45:00,301,-6.203051805,136,-7,-106,1
10/28/2001 14:46:00,301,-6.340794552,135,-6,-107,1
10/28/2001 14:47:00,301,-6.478537299,134,-7,-107,1
10/28/2001 14:48:00,301,-6.556224595,134,-7,-107,1
10/28/2001 14:49:00,301,-6.633911892,135,-7,-107,1
10/28/2001 14:50:00,301,-6.711599188,136,-7,-106,1
10/28/2001 14:51:00,301,-6.789286485,134,-6,-105,1
10/28/2001 14:52:00,301,-6.866973781,132,-6,-104,1
10/28/2001 14:53:00,301,-7.046063015,131,-5,-103,1
10/28/2001 14:54:00,301,-7.225152249,128,-5,-102,1
10/28/2001 14:55:00,301,-7.404241483,125,-5,-102,1
10/28/2001 14:56:00,301,-7.583330717,123,-5,-102,1
10/28/2001 14:57:00,301,-7.762419951,121,-5,-102,1
10/28/2001 14:58:00,301,-7.888661196,120,-5,-102,1
10/28/2001 14:59:00,301,-8.014902441,118,-5,-102,1
10/28/2001 15:00:00,301,-8.141143686,118,-4,-101,1
10/28/2001 15:01:00,301,-8.267384931,116,-4,-100,1
10/28/2001 15:02:00,301,-8.393626176,116,-4,-100,1
10/28/2001 15:03:00,301,-8.47168042,115,-3,-99,1
10/28/2001 15:04:00,301,-8.549734663,114,-3,-99,1
10/28/2001 15:05:00,301,-8.627788907,111,-3,-98,1
10/28/2001 15:06:00,301,-8.70584315,110,-3,-97,1
10/28/2001 15:07:00,301,-8.783897394,108,-3,-97,1
10/28/2001 15:08:00,301,-8.933781325,107,-3,-97,1
10/28/2001 15:09:00,301,-9.083665255,106,-3,-96,1
10/28/2001 15:10:00,301,-9.233549186,106,-3,-96,1
10/28/2001 15:11:00,301,-9.383433117,106,-4,-96,1
10/28/2001 15:12:00,301,-9.533317048,104,-4,-95,1
10/28/2001 15:13:00,301,-9.699735179,105,-4,-95,1
10/28/2001 15:14:00,301,-9.86615331,104,-4,-96,1
10/28/2001 15:15:00,301,-10.03257144,104,-5,-96,1
10/28/2001 15:16:00,301,-10.19898957,103,-5,-95,1
10/28/2001 15:17:00,301,-10.3654077,105,-5,-95,1
10/28/2001 15:18:00,301,-10.40712916,103,-5,-95,1
10/28/2001 15:19:00,301,-10.44885062,101,-5,-94,1
10/28/2001 15:20:00,301,-10.49057209,102,-6,-94,1
10/28/2001 15:21:00,301,-10.53229355,102,-6,-94,1
10/28/2001 15:22:00,301,-10.57401501,100,-6,-94,1
10/28/2001 15:23:00,301,-10.69543945,96,-6,-95,1
10/28/2001 15:24:00,301,-10.8168639,102,-6,-93,1
10/28/2001 15:25:00,301,-10.93828835,98,-6,-94,1
10/28/2001 15:26:00,301,-11.05971279,97,-5,-93,1
10/28/2001 15:27:00,301,-11.18113724,96,-5,-94,1
10/28/2001 15:28:00,301,-11.29116245,94,-4,-94,1
10/28/2001 15:29:00,301,-11.40118766,93,-4,-94,1
10/28/2001 15:30:00,301,-11.51121288,94,-4,-93,1
10/28/2001 15:31:00,301,-11.62123809,93,-3,-93,1
10/28/2001 15:32:00,301,-11.73126331,91,-3,-93,1
10/28/2001 15:33:00,301,-11.76050822,93,-3,-93,1
10/28/2001 15:34:00,301,-11.78975313,90,-3,-92,1
10/28/2001 15:35:00,301,-11.81899804,91,-3,-92,1
10/28/2001 15:36:00,301,-11.84824295,91,-4,-92,1
10/28/2001 15:37:00,301,-11.87748786,90,-4,-91,1
10/28/2001 15:38:00,301,-11.95906962,89,-4,-91,1
10/28/2001 15:39:00,301,-12.04065138,91,-3,-91,1
10/28/2001 15:40:00,301,-12.12223314,91,-3,-91,1
10/28/2001 15:41:00,301,-12.20381489,91,-4,-91,1
10/28/2001 15:42:00,301,-12.28539665,91,-3,-91,1
10/28/2001 15:43:00,301,-12.35123768,91,-3,-91,1
10/28/2001 15:44:00,301,-12.4170787,92,-3,-91,1
10/28/2001 15:45:00,301,-12.48291973,91,-2,-91,1
10/28/2001 15:46:00,301,-12.54876076,89,-2,-91,1
10/28/2001 15:47:00,301,-12.61460178,89,-2,-91,1
10/28/2001 15:48:00,301,-12.66165645,86,-2,-92,1
10/28/2001 15:49:00,301,-12.70871112,86,-2,-92,1
10/28/2001 15:50:00,301,-12.75576578,87,-2,-91,1
10/28/2001 15:51:00,301,-12.80282045,87,-2,-91,1
10/28/2001 15:52:00,301,-12.84987512,86,-2,-91,1
10/28/2001 15:53:00,301,-12.8570993,85,-2,-91,1
10/28/2001 15:54:00,301,-12.86432348,84,-2,-90,1
10/28/2001 15:55:00,301,-12.87154765,84,-3,-90,1
10/28/2001 15:56:00,301,-12.87877183,84,-3,-90,1
10/28/2001 15:57:00,301,-12.88599601,84,-3,-90,1
10/28/2001 15:58:00,301,-12.98553733,85,-3,-91,1
10/28/2001 15:59:00,301,-13.08507865,84,-3,-91,1
10/28/2001 16:00:00,301,-13.18461997,84,-3,-91,1
10/28/2001 16:01:00,301,-13.28416129,85,-3,-91,1
10/28/2001 16:02:00,301,-13.38370261,84,-3,-91,1
10/28/2001 16:03:00,301,-13.46379044,84,-4,-91,1
10/28/2001 16:04:00,301,-13.54387826,83,-4,-91,1
10/28/2001 16:05:00,301,-13.62396609,85,-4,-91,1
10/28/2001 16:06:00,301,-13.70405391,84,-4,-91,1
10/28/2001 16:07:00,301,-13.78414174,85,-4,-90,1
10/28/2001 16:08:00,301,-13.86139854,84,-4,-91,1
10/28/2001 16:09:00,301,-13.93865534,83,-5,-90,1
10/28/2001 16:10:00,301,-14.01591215,83,-4,-90,1
10/28/2001 16:11:00,301,-14.09316895,84,-5,-90,1
10/28/2001 16:12:00,301,-14.17042576,83,-5,-89,1
10/28/2001 16:13:00,301,-14.23416581,83,-5,-88,1
10/28/2001 16:14:00,301,-14.29790585,83,-5,-89,1
10/28/2001 16:15:00,301,-14.3616459,80,-5,-89,1
10/28/2001 16:16:00,301,-14.42538595,79,-6,-89,1
10/28/2001 16:17:00,301,-14.489126,81,-6,-88,1
10/28/2001 16:18:00,301,-14.58360801,80,-5,-88,1
10/28/2001 16:19:00,301,-14.67809001,77,-6,-89,1
10/28/2001 16:20:00,301,-14.77257202,77,-6,-88,1
10/28/2001 16:21:00,301,-14.86705403,77,-6,-88,1
10/28/2001 16:22:00,301,-14.96153603,79,-6,-88,1
10/28/2001 16:23:00,301,-15.11368336,79,-6,-88,1
10/28/2001 16:24:00,301,-15.26583069,76,-6,-88,1
10/28/2001 16:25:00,301,-15.41797802,76,-6,-88,1
10/28/2001 16:26:00,301,-15.57012535,75,-6,-88,1
10/28/2001 16:27:00,301,-15.72227268,76,-6,-88,1
10/28/2001 16:28:00,301,-15.73551738,76,-6,-88,1
10/28/2001 16:29:00,301,-15.74876207,73,-5,-88,1
10/28/2001 16:30:00,301,-15.76200676,73,-5,-88,1
10/28/2001 16:31:00,301,-15.77525146,72,-5,-89,1
10/28/2001 16:32:00,301,-15.78849615,73,-5,-88,1
10/28/2001 16:33:00,301,-15.8929146,74,-5,-88,1
10/28/2001 16:34:00,301,-15.99733305,74,-5,-88,1
10/28/2001 16:35:00,301,-16.1017515,73,-5,-88,1
10/28/2001 16:36:00,301,-16.20616996,70,-5,-89,1
10/28/2001 16:37:00,301,-16.31058841,73,-5,-89,1
10/28/2001 16:38:00,301,-16.37967305,69,-5,-90,1
10/28/2001 16:39:00,301,-16.4487577,70,-5,-89,1
10/28/2001 16:40:00,301,-16.51784234,69,-5,-89,1
10/28/2001 16:41:00,301,-16.58692698,66,-5,-90,1
10/28/2001 16:42:00,301,-16.65601163,67,-5,-90,1
10/28/2001 16:43:00,301,-16.71170435,67,-5,-90,1
10/28/2001 16:44:00,301,-16.76739707,68,-5,-90,1
10/28/2001 16:45:00,301,-16.82308979,68,-4,-90,1
10/28/2001 16:46:00,301,-16.87878252,68,-4,-90,1
10/28/2001 16:47:00,301,-16.93447524,66,-4,-90,1
10/28/2001 16:48:00,301,-16.97510028,67,-4,-90,1
10/28/2001 16:49:00,301,-17.01572532,68,-4,-90,1
10/28/2001 16:50:00,301,-17.05635036,66,-4,-91,1
10/28/2001 16:51:00,301,-17.0969754,62,-4,-92,1
10/28/2001 16:52:00,301,-17.13760044,61,-4,-92,1
10/28/2001 16:53:00,301,-17.16548245,62,-4,-91,1
10/28/2001 16:54:00,301,-17.19336445,63,-5,-90,1
10/28/2001 16:55:00,301,-17.22124646,64,-5,-90,1
10/28/2001 16:56:00,301,-17.24912847,64,-5,-90,1
10/28/2001 16:57:00,301,-17.27701048,63,-5,-90,1
10/28/2001 16:58:00,301,-17.3227237,64,-6,-90,1
10/28/2001 16:59:00,301,-17.36843692,64,-6,-90,1
10/28/2001 17:00:00,301,-17.41415014,64,-6,-90,1
10/28/2001 17:01:00,301,-17.45986336,64,-6,-90,1
10/28/2001 17:02:00,301,-17.50557658,64,-6,-90,1
10/28/2001 17:03:00,301,-17.61436377,65,-6,-90,1
10/28/2001 17:04:00,301,-17.72315096,64,-6,-90,1
10/28/2001 17:05:00,301,-17.83193815,63,-6,-90,1
10/28/2001 17:06:00,301,-17.94072534,63,-6,-90,1
10/28/2001 17:07:00,301,-18.04951254,62,-6,-89,1
10/28/2001 17:08:00,301,-18.0536841,59,-6,-90,1
10/28/2001 17:09:00,301,-18.05785567,59,-6,-90,1
10/28/2001 17:10:00,301,-18.06202724,56,-6,-90,1
10/28/2001 17:11:00,301,-18.0661988,54,-6,-90,1
10/28/2001 17:12:00,301,-18.07037037,53,-6,-90,1
10/28/2001 17:13:00,301,-18.09695749,53,-7,-90,1
10/28/2001 17:14:00,301,-18.1235446,52,-7,-90,1
10/28/2001 17:15:00,301,-18.15013172,52,-7,-89,1
10/28/2001 17:16:00,301,-18.17671884,51,-7,-90,1
10/28/2001 17:17:00,301,-18.20330595,53,-7,-90,1
10/28/2001 17:18:00,301,-18.25918634,54,-7,-90,1
10/28/2001 17:19:00,301,-18.31506672,54,-7,-90,1
10/28/2001 17:20:00,301,-18.3709471,56,-7,-90,1
10/28/2001 17:21:00,301,-18.42682748,57,-7,-90,1
10/28/2001 17:22:00,301,-18.48270787,58,-8,-90,1
10/28/2001 17:23:00,301,-18.53179911,60,-7,-91,1
10/28/2001 17:24:00,301,-18.58089036,60,-8,-91,1
10/28/2001 17:25:00,301,-18.62998161,60,-8,-91,1
10/28/2001 17:26:00,301,-18.67907286,61,-8,-91,1
10/28/2001 17:27:00,301,-18.72816411,63,-8,-91,1
10/28/2001 17:28:00,301,-18.76863665,64,-8,-91,1
10/28/2001 17:29:00,301,-18.8091092,64,-8,-91,1
10/28/2001 17:30:00,301,-18.84958174,64,-8,-91,1
10/28/2001 17:31:00,301,-18.89005428,65,-8,-91,1
10/28/2001 17:32:00,301,-18.93052683,64,-8,-91,1
10/28/2001 17:33:00,301,-18.95011495,63,-9,-91,1
10/28/2001 17:34:00,301,-18.96970307,62,-9,-92,1
10/28/2001 17:35:00,301,-18.98929119,61,-9,-92,1
10/28/2001 17:36:00,301,-19.00887931,60,-8,-92,1
10/28/2001 17:37:00,301,-19.02846744,60,-8,-92,1
10/28/2001 17:38:00,301,-19.0681674,61,-8,-91,1
10/28/2001 17:39:00,301,-19.10786736,61,-8,-91,1
10/28/2001 17:40:00,301,-19.14756733,60,-8,-92,1
10/28/2001 17:41:00,301,-19.18726729,59,-8,-92,1
10/28/2001 17:42:00,301,-19.22696725,59,-8,-92,1
10/28/2001 17:43:00,301,-19.25280459,59,-8,-93,1
10/28/2001 17:44:00,301,-19.27864193,60,-8,-93,1
10/28/2001 17:45:00,301,-19.30447926,61,-8,-93,1
10/28/2001 17:46:00,301,-19.3303166,60,-8,-93,1
10/28/2001 17:47:00,301,-19.35615394,61,-8,-93,1
10/28/2001 17:48:00,301,-19.4001575,61,-9,-94,1
10/28/2001 17:49:00,301,-19.44416107,61,-9,-93,1
10/28/2001 17:50:00,301,-19.48816463,61,-8,-93,1
10/28/2001 17:51:00,301,-19.5321682,62,-8,-94,1
10/28/2001 17:52:00,301,-19.57617177,61,-8,-94,1
10/28/2001 17:53:00,301,-19.6183484,62,-8,-94,1
10/28/2001 17:54:00,301,-19.66052503,62,-8,-94,1
10/28/2001 17:55:00,301,-19.70270166,62,-9,-94,1
10/28/2001 17:56:00,301,-19.74487829,62,-9,-94,1
10/28/2001 17:57:00,301,-19.78705492,62,-9,-95,1
10/28/2001 17:58:00,301,-19.79092119,62,-9,-94,1
10/28/2001 17:59:00,301,-19.79478747,63,-9,-94,1
10/28/2001 18:00:00,301,-19.79865374,63,-10,-93,1
10/28/2001 18:01:00,301,-19.80252002,62,-9,-93,1
10/28/2001 18:02:00,301,-19.80638629,63,-9,-93,1
10/28/2001 18:03:00,301,-19.84798247,63,-10,-93,1
10/28/2001 18:04:00,301,-19.88957865,62,-10,-93,1
10/28/2001 18:05:00,301,-19.93117483,63,-10,-93,1
10/28/2001 18:06:00,301,-19.97277101,62,-10,-93,1
10/28/2001 18:07:00,301,-20.01436719,61,-10,-93,1
10/28/2001 18:08:00,301,-20.02083621,61,-10,-92,1
10/28/2001 18:09:00,301,-20.02730523,61,-10,-92,1
10/28/2001 18:10:00,301,-20.03377426,59,-11,-93,1
10/28/2001 18:11:00,301,-20.04024328,60,-11,-92,1
10/28/2001 18:12:00,301,-20.0467123,60,-11,-93,1
10/28/2001 18:13:00,301,-20.08356712,58,-11,-93,1
10/28/2001 18:14:00,301,-20.12042194,58,-11,-93,1
10/28/2001 18:15:00,301,-20.15727676,58,-11,-94,1
10/28/2001 18:16:00,301,-20.19413157,59,-11,-93,1
10/28/2001 18:17:00,301,-20.23098639,58,-11,-93,1
10/28/2001 18:18:00,301,-20.36999493,58,-11,-92,1
10/28/2001 18:19:00,301,-20.50900347,57,-11,-93,1
10/28/2001 18:20:00,301,-20.64801201,57,-11,-92,1
10/28/2001 18:21:00,301,-20.78702056,58,-11,-91,1
10/28/2001 18:22:00,301,-20.9260291,58,-11,-92,1
10/28/2001 18:23:00,301,-20.95935417,58,-11,-92,1
10/28/2001 18:24:00,301,-20.99267925,59,-11,-92,1
10/28/2001 18:25:00,301,-21.02600432,59,-11,-92,1
10/28/2001 18:26:00,301,-21.0593294,60,-11,-93,1
10/28/2001 18:27:00,301,-21.09265447,60,-11,-93,1
10/28/2001 18:28:00,301,-21.12327382,59,-11,-92,1
10/28/2001 18:29:00,301,-21.15389316,59,-11,-92,1
10/28/2001 18:30:00,301,-21.18451251,58,-11,-93,1
10/28/2001 18:31:00,301,-21.21513185,58,-11,-93,1
10/28/2001 18:32:00,301,-21.2457512,56,-11,-93,1
10/28/2001 18:33:00,301,-21.29347604,57,-12,-93,1
10/28/2001 18:34:00,301,-21.34120088,56,-12,-93,1
10/28/2001 18:35:00,301,-21.38892572,56,-12,-93,1
10/28/2001 18:36:00,301,-21.43665056,56,-12,-92,1
10/28/2001 18:37:00,301,-21.4843754,55,-11,-92,1
10/28/2001 18:38:00,301,-21.49316076,56,-11,-92,1
10/28/2001 18:39:00,301,-21.50194612,55,-11,-92,1
10/28/2001 18:40:00,301,-21.51073147,55,-11,-92,1
10/28/2001 18:41:00,301,-21.51951683,55,-11,-92,1
10/28/2001 18:42:00,301,-21.52830219,54,-11,-93,1
10/28/2001 18:43:00,301,-21.5766182,55,-11,-93,1
10/28/2001 18:44:00,301,-21.62493421,54,-11,-93,1
10/28/2001 18:45:00,301,-21.67325022,54,-11,-94,1
10/28/2001 18:46:00,301,-21.72156623,55,-11,-95,1
10/28/2001 18:47:00,301,-21.76988224,55,-11,-95,1
10/28/2001 18:48:00,301,-21.73235661,55,-11,-95,1
10/28/2001 18:49:00,301,-21.69483098,54,-11,-95,1
10/28/2001 18:50:00,301,-21.65730535,52,-11,-95,1
10/28/2001 18:51:00,301,-21.61977972,51,-11,-94,1
10/28/2001 18:52:00,301,-21.58225409,48,-11,-94,1
10/28/2001 18:53:00,301,-21.57808811,47,-10,-93,1
10/28/2001 18:54:00,301,-21.57392212,47,-10,-93,1
10/28/2001 18:55:00,301,-21.56975613,48,-10,-92,1
10/28/2001 18:56:00,301,-21.56559014,47,-10,-92,1
10/28/2001 18:57:00,301,-21.56142415,47,-9,-92,1
10/28/2001 18:58:00,301,-21.49145678,49,-9,-92,1
10/28/2001 18:59:00,301,-21.42148941,49,-9,-91,1
10/28/2001 19:00:00,301,-21.35152204,50,-9,-91,1
10/28/2001 19:01:00,301,-21.28155467,50,-8,-92,1
10/28/2001 19:02:00,301,-21.2115873,51,-8,-92,1
10/28/2001 19:03:00,301,-21.17261446,51,-9,-92,1
10/28/2001 19:04:00,301,-21.13364161,50,-8,-92,1
10/28/2001 19:05:00,301,-21.09466877,50,-8,-93,1
10/28/2001 19:06:00,301,-21.05569592,49,-8,-93,1
10/28/2001 19:07:00,301,-21.01672308,49,-8,-93,1
10/28/2001 19:08:00,301,-21.02580118,50,-8,-93,1
10/28/2001 19:09:00,301,-21.03487928,50,-8,-93,1
10/28/2001 19:10:00,301,-21.04395739,50,-8,-93,1
10/28/2001 19:11:00,301,-21.05303549,50,-8,-93,1
10/28/2001 19:12:00,301,-21.06211359,49,-8,-93,1
10/28/2001 19:13:00,301,-21.05701313,50,-8,-93,1
10/28/2001 19:14:00,301,-21.05191267,49,-8,-94,1
10/28/2001 19:15:00,301,-21.04681221,49,-8,-94,1
10/28/2001 19:16:00,301,-21.04171174,51,-8,-94,1
10/28/2001 19:17:00,301,-21.03661128,52,-8,-94,1
10/28/2001 19:18:00,301,-21.06240195,50,-8,-94,1
10/28/2001 19:19:00,301,-21.08819261,51,-8,-94,1
10/28/2001 19:20:00,301,-21.11398327,52,-8,-94,1
10/28/2001 19:21:00,301,-21.13977394,51,-7,-94,1
10/28/2001 19:22:00,301,-21.1655646,52,-8,-94,1
10/28/2001 19:23:00,301,-21.07211972,51,-8,-94,1
10/28/2001 19:24:00,301,-20.97867484,52,-8,-93,1
10/28/2001 19:25:00,301,-20.88522997,51,-8,-93,1
10/28/2001 19:26:00,301,-20.79178509,52,-8,-93,1
10/28/2001 19:27:00,301,-20.69834021,52,-8,-92,1
10/28/2001 19:28:00,301,-20.77083832,51,-8,-92,1
10/28/2001 19:29:00,301,-20.84333642,50,-8,-91,1
10/28/2001 19:30:00,301,-20.91583453,50,-8,-92,1
10/28/2001 19:31:00,301,-20.98833263,50,-8,-91,1
10/28/2001 19:32:00,301,-21.06083074,49,-8,-90,1
10/28/2001 19:33:00,301,-21.04522975,48,-8,-90,1
10/28/2001 19:34:00,301,-21.02962876,47,-8,-90,1
10/28/2001 19:35:00,301,-21.01402777,47,-8,-90,1
10/28/2001 19:36:00,301,-20.99842678,46,-8,-90,1
10/28/2001 19:37:00,301,-20.98282579,46,-7,-90,1
10/28/2001 19:38:00,301,-20.93610336,46,-7,-90,1
10/28/2001 19:39:00,301,-20.88938093,44,-7,-90,1
10/28/2001 19:40:00,301,-20.84265851,43,-7,-90,1
10/28/2001 19:41:00,301,-20.79593608,43,-7,-90,1
10/28/2001 19:42:00,301,-20.74921365,43,-7,-90,1
10/28/2001 19:43:00,301,-20.80721205,42,-7,-91,1
10/28/2001 19:44:00,301,-20.86521045,43,-7,-91,1
10/28/2001 19:45:00,301,-20.92320884,41,-7,-90,1
10/28/2001 19:46:00,301,-20.98120724,42,-6,-90,1
10/28/2001 19:47:00,301,-21.03920564,39,-7,-89,1
10/28/2001 19:48:00,301,-21.07589917,40,-7,-90,1
10/28/2001 19:49:00,301,-21.1125927,38,-6,-89,1
10/28/2001 19:50:00,301,-21.14928623,38,-7,-89,1
10/28/2001 19:51:00,301,-21.18597976,38,-6,-90,1
10/28/2001 19:52:00,301,-21.22267329,37,-6,-89,1
10/28/2001 19:53:00,301,-21.14393796,36,-6,-89,1
10/28/2001 19:54:00,301,-21.06520263,36,-6,-89,1
10/28/2001 19:55:00,301,-20.9864673,35,-6,-89,1
10/28/2001 19:56:00,301,-20.90773196,36,-6,-89,1
10/28/2001 19:57:00,301,-20.82899663,34,-6,-89,1
10/28/2001 19:58:00,301,-20.81606033,33,-6,-88,1
10/28/2001 19:59:00,301,-20.80312402,33,-6,-88,1
10/28/2001 20:00:00,301,-20.79018771,32,-6,-88,1
10/28/2001 20:01:00,301,-20.7772514,32,-6,-89,1
10/28/2001 20:02:00,301,-20.76431509,31,-6,-89,1
10/28/2001 20:03:00,301,-20.72004596,30,-6,-88,1
10/28/2001 20:04:00,301,-20.67577682,30,-6,-88,1
10/28/2001 20:05:00,301,-20.63150768,28,-6,-88,1
10/28/2001 20:06:00,301,-20.58723854,27,-6,-88,1
10/28/2001 20:07:00,301,-20.5429694,27,-6,-88,1
10/28/2001 20:08:00,301,-20.53443557,26,-6,-88,1
10/28/2001 20:09:00,301,-20.52590174,26,-6,-88,1
10/28/2001 20:10:00,301,-20.51736791,24,-6,-89,1
10/28/2001 20:11:00,301,-20.50883408,23,-6,-89,1
10/28/2001 20:12:00,301,-20.50030025,23,-5,-90,1
10/28/2001 20:13:00,301,-20.49262944,23,-5,-91,1
10/28/2001 20:14:00,301,-20.48495862,23,-5,-92,1
10/28/2001 20:15:00,301,-20.47728781,22,-6,-91,1
10/28/2001 20:16:00,301,-20.46961699,21,-5,-90,1
10/28/2001 20:17:00,301,-20.46194617,20,-5,-90,1
10/28/2001 20:18:00,301,-20.55171064,19,-5,-89,1
10/28/2001 20:19:00,301,-20.64147511,18,-5,-89,1
10/28/2001 20:20:00,301,-20.73123957,17,-5,-88,1
10/28/2001 20:21:00,301,-20.82100404,18,-5,-88,1
10/28/2001 20:22:00,301,-20.91076851,17,-5,-86,1
10/28/2001 20:23:00,301,-20.88551751,17,-5,-86,1
10/28/2001 20:24:00,301,-20.86026652,18,-5,-86,1
10/28/2001 20:25:00,301,-20.83501552,20,-6,-85,1
10/28/2001 20:26:00,301,-20.80976453,20,-5,-84,1
10/28/2001 20:27:00,301,-20.78451354,20,-5,-83,1
10/28/2001 20:28:00,301,-20.78190481,21,-6,-82,1
10/28/2001 20:29:00,301,-20.77929609,20,-6,-82,1
10/28/2001 20:30:00,301,-20.77668736,20,-5,-82,1
10/28/2001 20:31:00,301,-20.77407864,20,-5,-82,1
10/28/2001 20:32:00,301,-20.77146992,20,-5,-81,1
10/28/2001 20:33:00,301,-20.72766109,22,-5,-81,1
10/28/2001 20:34:00,301,-20.68385227,23,-5,-80,1
10/28/2001 20:35:00,301,-20.64004345,22,-6,-81,1
10/28/2001 20:36:00,301,-20.59623462,20,-5,-83,1
10/28/2001 20:37:00,301,-20.5524258,22,-5,-84,1
10/28/2001 20:38:00,301,-20.46734416,23,-5,-85,1
10/28/2001 20:39:00,301,-20.38226251,23,-5,-86,1
10/28/2001 20:40:00,301,-20.29718087,24,-5,-86,1
10/28/2001 20:41:00,301,-20.21209922,22,-5,-85,1
10/28/2001 20:42:00,301,-20.12701758,22,-5,-85,1
10/28/2001 20:43:00,301,-20.18585143,23,-5,-85,1
10/28/2001 20:44:00,301,-20.24468529,24,-4,-85,1
10/28/2001 20:45:00,301,-20.30351915,25,-4,-85,1
10/28/2001 20:46:00,301,-20.36235301,25,-5,-86,1
10/28/2001 20:47:00,301,-20.42118687,25,-5,-87,1
10/28/2001 20:48:00,301,-20.3977221,27,-5,-88,1
10/28/2001 20:49:00,301,-20.37425734,27,-4,-89,1
10/28/2001 20:50:00,301,-20.35079258,27,-4,-89,1
10/28/2001 20:51:00,301,-20.32732781,26,-4,-89,1
10/28/2001 20:52:00,301,-20.30386305,26,-4,-89,1
10/28/2001 20:53:00,301,-20.3375015,26,-4,-90,1
10/28/2001 20:54:00,301,-20.37113996,25,-4,-90,1
10/28/2001 20:55:00,301,-20.40477841,24,-4,-89,1
10/28/2001 20:56:00,301,-20.43841687,25,-4,-90,1
10/28/2001 20:57:00,301,-20.47205532,24,-4,-90,1
10/28/2001 20:58:00,301,-20.50733565,23,-4,-90,1
10/28/2001 20:59:00,301,-20.54261598,22,-4,-90,1
10/28/2001 21:00:00,301,-20.5778963,22,-4,-89,1
10/28/2001 21:01:00,301,-20.61317663,20,-4,-89,1
10/28/2001 21:02:00,301,-20.64845696,20,-5,-89,1
10/28/2001 21:03:00,301,-20.57483686,21,-5,-90,1
10/28/2001 21:04:00,301,-20.50121676,22,-5,-91,1
10/28/2001 21:05:00,301,-20.42759666,22,-5,-92,1
10/28/2001 21:06:00,301,-20.35397656,22,-5,-92,1
10/28/2001 21:07:00,301,-20.28035646,22,-5,-92,1
10/28/2001 21:08:00,301,-20.268883,20,-5,-92,1
10/28/2001 21:09:00,301,-20.25740954,22,-6,-92,1
10/28/2001 21:10:00,301,-20.24593608,23,-6,-92,1
10/28/2001 21:11:00,301,-20.23446261,20,-6,-92,1
10/28/2001 21:12:00,301,-20.22298915,23,-6,-92,1
10/28/2001 21:13:00,301,-20.21539549,27,-6,-93,1
10/28/2001 21:14:00,301,-20.20780182,27,-6,-93,1
10/28/2001 21:15:00,301,-20.20020816,23,-6,-91,1
10/28/2001 21:16:00,301,-20.1926145,25,-6,-91,1
10/28/2001 21:17:00,301,-20.18502083,25,-7,-91,1
10/28/2001 21:18:00,301,-20.20521597,27,-7,-92,1
10/28/2001 21:19:00,301,-20.22541111,28,-7,-91,1
10/28/2001 21:20:00,301,-20.24560625,28,-7,-92,1
10/28/2001 21:21:00,301,-20.26580139,27,-7,-92,1
10/28/2001 21:22:00,301,-20.28599653,30,-7,-93,1
10/28/2001 21:23:00,301,-20.28942869,30,-7,-93,1
10/28/2001 21:24:00,301,-20.29286086,31,-8,-93,1
10/28/2001 21:25:00,301,-20.29629303,32,-8,-93,1
10/28/2001 21:26:00,301,-20.2997252,35,-8,-93,1
10/28/2001 21:27:00,301,-20.30315736,35,-9,-93,1
10/28/2001 21:28:00,301,-20.24082233,34,-9,-93,1
10/28/2001 21:29:00,301,-20.1784873,33,-9,-93,1
10/28/2001 21:30:00,301,-20.11615227,32,-9,-92,1
10/28/2001 21:31:00,301,-20.05381723,33,-9,-92,1
10/28/2001 21:32:00,301,-19.9914822,32,-9,-91,1
10/28/2001 21:33:00,301,-20.01749549,34,-9,-91,1
10/28/2001 21:34:00,301,-20.04350877,34,-10,-92,1
10/28/2001 21:35:00,301,-20.06952206,35,-10,-92,1
10/28/2001 21:36:00,301,-20.09553535,38,-10,-93,1
10/28/2001 21:37:00,301,-20.12154863,39,-10,-93,1
10/28/2001 21:38:00,301,-20.11490395,38,-10,-93,1
10/28/2001 21:39:00,301,-20.10825927,38,-10,-93,1
10/28/2001 21:40:00,301,-20.10161459,39,-10,-93,1
10/28/2001 21:41:00,301,-20.09496992,41,-10,-94,1
10/28/2001 21:42:00,301,-20.08832524,41,-11,-94,1
10/28/2001 21:43:00,301,-20.07561425,41,-10,-95,1
10/28/2001 21:44:00,301,-20.06290326,41,-11,-96,1
10/28/2001 21:45:00,301,-20.05019227,43,-10,-97,1
10/28/2001 21:46:00,301,-20.03748128,43,-10,-98,1
10/28/2001 21:47:00,301,-20.02477029,42,-10,-98,1
10/28/2001 21:48:00,301,-20.16818597,42,-10,-99,1
10/28/2001 21:49:00,301,-20.31160165,40,-10,-99,1
10/28/2001 21:50:00,301,-20.45501732,38,-9,-99,1
10/28/2001 21:51:00,301,-20.598433,37,-9,-99,1
10/28/2001 21:52:00,301,-20.74184868,37,-9,-99,1
10/28/2001 21:53:00,301,-20.74208936,34,-9,-99,1
10/28/2001 21:54:00,301,-20.74233005,33,-9,-99,1
10/28/2001 21:55:00,301,-20.74257074,33,-9,-98,1
10/28/2001 21:56:00,301,-20.74281143,31,-9,-98,1
10/28/2001 21:57:00,301,-20.74305212,32,-9,-98,1
10/28/2001 21:58:00,301,-20.76859346,32,-8,-98,1
10/28/2001 21:59:00,301,-20.7941348,32,-8,-98,1
10/28/2001 22:00:00,301,-20.81967614,31,-8,-98,1
10/28/2001 22:01:00,301,-20.84521747,31,-8,-98,1
10/28/2001 22:02:00,301,-20.87075881,31,-8,-97,1
10/28/2001 22:03:00,301,-20.90811506,28,-7,-97,1
10/28/2001 22:04:00,301,-20.94547131,28,-7,-96,1
10/28/2001 22:05:00,301,-20.98282756,29,-7,-96,1
10/28/2001 22:06:00,301,-21.0201838,29,-7,-96,1
10/28/2001 22:07:00,301,-21.05754005,29,-7,-95,1
10/28/2001 22:08:00,301,-21.05052878,29,-7,-95,1
10/28/2001 22:09:00,301,-21.04351751,29,-7,-95,1
10/28/2001 22:10:00,301,-21.03650624,28,-7,-95,1
10/28/2001 22:11:00,301,-21.02949497,29,-6,-95,1
10/28/2001 22:12:00,301,-21.0224837,28,-6,-95,1
10/28/2001 22:13:00,301,-21.06086235,29,-6,-95,1
10/28/2001 22:14:00,301,-21.099241,29,-6,-95,1
10/28/2001 22:15:00,301,-21.13761965,28,-6,-94,1
10/28/2001 22:16:00,301,-21.1759983,29,-6,-94,1
10/28/2001 22:17:00,301,-21.21437694,29,-6,-94,1
10/28/2001 22:18:00,301,-21.19285681,29,-6,-93,1
10/28/2001 22:19:00,301,-21.17133668,30,-6,-93,1
10/28/2001 22:20:00,301,-21.14981655,31,-6,-93,1
10/28/2001 22:21:00,301,-21.12829642,33,-6,-93,1
10/28/2001 22:22:00,301,-21.10677629,33,-6,-93,1
10/28/2001 22:23:00,301,-21.08798529,33,-6,-93,1
10/28/2001 22:24:00,301,-21.06919429,33,-6,-93,1
10/28/2001 22:25:00,301,-21.05040329,33,-6,-93,1
10/28/2001 22:26:00,301,-21.03161228,33,-6,-93,1
10/28/2001 22:27:00,301,-21.01282128,32,-6,-92,1
10/28/2001 22:28:00,301,-20.97265784,32,-6,-91,1
10/28/2001 22:29:00,301,-20.9324944,30,-5,-90,1
10/28/2001 22:30:00,301,-20.89233095,31,-5,-90,1
10/28/2001 22:31:00,301,-20.85216751,30,-5,-90,1
10/28/2001 22:32:00,301,-20.81200407,30,-4,-90,1
10/28/2001 22:33:00,301,-20.77527652,31,-4,-90,1
10/28/2001 22:34:00,301,-20.73854898,32,-4,-89,1
10/28/2001 22:35:00,301,-20.70182144,31,-5,-90,1
10/28/2001 22:36:00,301,-20.6650939,32,-5,-90,1
10/28/2001 22:37:00,301,-20.62836636,32,-4,-90,1
10/28/2001 22:38:00,301,-20.64227772,33,-5,-89,1
10/28/2001 22:39:00,301,-20.65618909,33,-5,-89,1
10/28/2001 22:40:00,301,-20.67010046,33,-4,-89,1
10/28/2001 22:41:00,301,-20.68401183,34,-5,-89,1
10/28/2001 22:42:00,301,-20.6979232,33,-5,-88,1
10/28/2001 22:43:00,301,-20.5907006,33,-4,-88,1
10/28/2001 22:44:00,301,-20.483478,33,-4,-87,1
10/28/2001 22:45:00,301,-20.3762554,34,-5,-86,1
10/28/2001 22:46:00,301,-20.26903281,34,-5,-86,1
10/28/2001 22:47:00,301,-20.16181021,35,-5,-87,1
10/28/2001 22:48:00,301,-20.1533555,35,-5,-87,1
10/28/2001 22:49:00,301,-20.1449008,35,-5,-87,1
10/28/2001 22:50:00,301,-20.13644609,34,-4,-88,1
10/28/2001 22:51:00,301,-20.12799139,35,-4,-88,1
10/28/2001 22:52:00,301,-20.11953668,35,-4,-88,1
10/28/2001 22:53:00,301,-20.09953587,35,-4,-88,1
10/28/2001 22:54:00,301,-20.07953506,37,-5,-88,1
10/28/2001 22:55:00,301,-20.05953425,37,-4,-88,1
10/28/2001 22:56:00,301,-20.03953343,35,-4,-87,1
10/28/2001 22:57:00,301,-20.01953262,36,-4,-87,1
10/28/2001 22:58:00,301,-19.95084556,36,-4,-87,1
10/28/2001 22:59:00,301,-19.8821585,36,-4,-87,1
10/28/2001 23:00:00,301,-19.81347143,36,-4,-87,1
10/28/2001 23:01:00,301,-19.74478437,38,-4,-87,1
10/28/2001 23:02:00,301,-19.67609731,39,-4,-86,1
10/28/2001 23:03:00,301,-19.63780724,39,-4,-87,1
10/28/2001 23:04:00,301,-19.59951716,39,-4,-87,1
10/28/2001 23:05:00,301,-19.56122709,39,-4,-87,1
10/28/2001 23:06:00,301,-19.52293702,39,-4,-86,1
10/28/2001 23:07:00,301,-19.48464695,39,-4,-86,1
10/28/2001 23:08:00,301,-19.51587263,38,-4,-86,1
10/28/2001 23:09:00,301,-19.54709832,38,-4,-86,1
10/28/2001 23:10:00,301,-19.578324,39,-4,-86,1
10/28/2001 23:11:00,301,-19.60954969,40,-4,-86,1
10/28/2001 23:12:00,301,-19.64077538,40,-4,-86,1
10/28/2001 23:13:00,301,-19.61219385,39,-4,-86,1
10/28/2001 23:14:00,301,-19.58361232,38,-3,-86,1
10/28/2001 23:15:00,301,-19.55503079,38,-3,-86,1
10/28/2001 23:16:00,301,-19.52644926,37,-3,-86,1
10/28/2001 23:17:00,301,-19.49786773,37,-3,-85,1
10/28/2001 23:18:00,301,-19.50795133,37,-3,-85,1
10/28/2001 23:19:00,301,-19.51803493,36,-3,-85,1
10/28/2001 23:20:00,301,-19.52811853,36,-3,-85,1
10/28/2001 23:21:00,301,-19.53820213,36,-3,-85,1
10/28/2001 23:22:00,301,-19.54828573,37,-3,-84,1
10/28/2001 23:23:00,301,-19.56951636,36,-3,-84,1
10/28/2001 23:24:00,301,-19.59074699,35,-3,-84,1
10/28/2001 23:25:00,301,-19.61197763,35,-3,-84,1
10/28/2001 23:26:00,301,-19.63320826,35,-3,-84,1
10/28/2001 23:27:00,301,-19.6544389,34,-3,-84,1
10/28/2001 23:28:00,301,-19.70466103,34,-3,-84,1
10/28/2001 23:29:00,301,-19.75488317,34,-3,-84,1
10/28/2001 23:30:00,301,-19.80510531,34,-3,-83,1
10/28/2001 23:31:00,301,-19.85532745,35,-3,-83,1
10/28/2001 23:32:00,301,-19.90554958,35,-3,-83,1
10/28/2001 23:33:00,301,-19.80194348,35,-3,-83,1
10/28/2001 23:34:00,301,-19.69833737,34,-3,-83,1
10/28/2001 23:35:00,301,-19.59473127,34,-3,-83,1
10/28/2001 23:36:00,301,-19.49112516,34,-3,-83,1
10/28/2001 23:37:00,301,-19.38751905,34,-2,-83,1
10/28/2001 23:38:00,301,-19.41621975,33,-3,-83,1
10/28/2001 23:39:00,301,-19.44492045,34,-3,-83,1
10/28/2001 23:40:00,301,-19.47362115,33,-2,-83,1
10/28/2001 23:41:00,301,-19.50232184,33,-2,-83,1
10/28/2001 23:42:00,301,-19.53102254,33,-3,-83,1
10/28/2001 23:43:00,301,-19.53202998,33,-3,-82,1
10/28/2001 23:44:00,301,-19.53303741,33,-2,-82,1
10/28/2001 23:45:00,301,-19.53404485,34,-2,-81,1
10/28/2001 23:46:00,301,-19.53505228,35,-2,-80,1
10/28/2001 23:47:00,301,-19.53605972,34,-2,-79,1
10/28/2001 23:48:00,301,-19.5437319,35,-2,-79,1
10/28/2001 23:49:00,301,-19.55140409,34,-2,-79,1
10/28/2001 23:50:00,301,-19.55907627,35,-1,-79,1
10/28/2001 23:51:00,301,-19.56674846,34,-1,-78,1
10/28/2001 23:52:00,301,-19.57442064,34,-1,-78,1
10/28/2001 23:53:00,301,-19.56896472,35,-2,-78,1
10/28/2001 23:54:00,301,-19.56350881,35,-2,-77,1
10/28/2001 23:55:00,301,-19.55805289,35,-2,-76,1
10/28/2001 23:56:00,301,-19.55259698,35,-2,-76,1
10/28/2001 23:57:00,301,-19.54714106,35,-2,-75,1
10/28/2001 23:58:00,301,-19.0105671,34,-2,-75,1
10/28/2001 23:59:00,301,-18.47399315,33,-2,-75,1
10/29/2001 00:00:00,302,-17.93741919,32,-2,-75,1
10/29/2001 00:01:00,302,-17.40084523,33,-3,-76,1
10/29/2001 00:02:00,302,-16.86427127,35,-3,-75,1
10/29/2001 00:03:00,302,-16.77938627,34,-3,-75,1
10/29/2001 00:04:00,302,-16.69450128,34,-3,-74,1
10/29/2001 00:05:00,302,-16.60961628,34,-3,-73,1
10/29/2001 00:06:00,302,-16.52473128,33,-2,-73,1
10/29/2001 00:07:00,302,-16.43984628,33,-2,-72,1
10/29/2001 00:08:00,302,-16.31885066,33,-2,-72,1
10/29/2001 00:09:00,302,-16.19785504,34,-2,-72,1
10/29/2001 00:10:00,302,-16.07685942,33,-3,-72,1
10/29/2001 00:11:00,302,-15.95586379,33,-3,-73,1
10/29/2001 00:12:00,302,-15.83486817,33,-3,-73,1
10/29/2001 00:13:00,302,-15.72547416,34,-3,-73,1
10/29/2001 00:14:00,302,-15.61608015,34,-3,-73,1
10/29/2001 00:15:00,302,-15.50668613,34,-3,-73,1
10/29/2001 00:16:00,302,-15.39729212,33,-3,-73,1
10/29/2001 00:17:00,302,-15.28789811,34,-3,-73,1
10/29/2001 00:18:00,302,-15.22506434,34,-3,-72,1
10/29/2001 00:19:00,302,-15.16223057,33,-3,-73,1
10/29/2001 00:20:00,302,-15.0993968,34,-3,-72,1
10/29/2001 00:21:00,302,-15.03656303,33,-2,-72,1
10/29/2001 00:22:00,302,-14.97372926,33,-3,-72,1
10/29/2001 00:23:00,302,-14.91389123,33,-2,-72,1
10/29/2001 00:24:00,302,-14.8540532,33,-3,-72,1
10/29/2001 00:25:00,302,-14.79421517,32,-3,-72,1
10/29/2001 00:26:00,302,-14.73437715,32,-3,-72,1
10/29/2001 00:27:00,302,-14.67453912,33,-3,-72,1
10/29/2001 00:28:00,302,-14.5990131,33,-3,-72,1
10/29/2001 00:29:00,302,-14.52348708,33,-2,-72,1
10/29/2001 00:30:00,302,-14.44796107,32,-3,-72,1
10/29/2001 00:31:00,302,-14.37243505,32,-3,-72,1
10/29/2001 00:32:00,302,-14.29690903,32,-2,-71,1
10/29/2001 00:33:00,302,-14.19614032,32,-3,-71,1
10/29/2001 00:34:00,302,-14.09537161,32,-2,-71,1
10/29/2001 00:35:00,302,-13.9946029,32,-2,-71,1
10/29/2001 00:36:00,302,-13.89383418,32,-2,-70,1
10/29/2001 00:37:00,302,-13.79306547,32,-2,-70,1
10/29/2001 00:38:00,302,-13.79748137,33,-2,-70,1
10/29/2001 00:39:00,302,-13.80189727,32,-2,-70,1
10/29/2001 00:40:00,302,-13.80631317,32,-2,-70,1
10/29/2001 00:41:00,302,-13.81072907,32,-2,-69,1
10/29/2001 00:42:00,302,-13.81514497,31,-2,-69,1
10/29/2001 00:43:00,302,-13.74372081,32,-2,-69,1
10/29/2001 00:44:00,302,-13.67229665,32,-2,-69,1
10/29/2001 00:45:00,302,-13.60087249,32,-2,-68,1
10/29/2001 00:46:00,302,-13.52944833,33,-2,-68,1
10/29/2001 00:47:00,302,-13.45802417,34,-2,-68,1
10/29/2001 00:48:00,302,-13.45199658,33,-2,-67,1
10/29/2001 00:49:00,302,-13.44596899,33,-2,-67,1
10/29/2001 00:50:00,302,-13.4399414,32,-2,-67,1
10/29/2001 00:51:00,302,-13.43391381,33,-2,-67,1
10/29/2001 00:52:00,302,-13.42788622,33,-2,-67,1
10/29/2001 00:53:00,302,-13.41868503,33,-2,-68,1
10/29/2001 00:54:00,302,-13.40948385,34,-2,-67,1
10/29/2001 00:55:00,302,-13.40028267,34,-3,-67,1
10/29/2001 00:56:00,302,-13.39108148,35,-3,-67,1
10/29/2001 00:57:00,302,-13.3818803,35,-3,-68,1
10/29/2001 00:58:00,302,-13.32425707,35,-3,-68,1
10/29/2001 00:59:00,302,-13.26663384,35,-3,-68,1
10/29/2001 01:00:00,302,-13.20901061,35,-3,-68,1
10/29/2001 01:01:00,302,-13.15138737,34,-3,-68,1
10/29/2001 01:02:00,302,-13.09376414,35,-3,-68,1
10/29/2001 01:03:00,302,-13.05606049,34,-3,-68,1
10/29/2001 01:04:00,302,-13.01835684,34,-3,-68,1
10/29/2001 01:05:00,302,-12.9806532,34,-3,-68,1
10/29/2001 01:06:00,302,-12.94294955,33,-3,-69,1
10/29/2001 01:07:00,302,-12.9052459,33,-3,-69,1
10/29/2001 01:08:00,302,-12.85609185,34,-3,-69,1
10/29/2001 01:09:00,302,-12.80693781,34,-3,-69,1
10/29/2001 01:10:00,302,-12.75778376,34,-3,-69,1
10/29/2001 01:11:00,302,-12.70862971,34,-3,-69,1
10/29/2001 01:12:00,302,-12.65947567,35,-2,-69,1
10/29/2001 01:13:00,302,-12.6111222,35,-2,-69,1
10/29/2001 01:14:00,302,-12.56276873,35,-2,-68,1
10/29/2001 01:15:00,302,-12.51441526,35,-3,-68,1
10/29/2001 01:16:00,302,-12.46606179,34,-2,-68,1
10/29/2001 01:17:00,302,-12.41770832,34,-2,-69,1
10/29/2001 01:18:00,302,-12.35404445,34,-3,-69,1
10/29/2001 01:19:00,302,-12.29038058,34,-2,-68,1
10/29/2001 01:20:00,302,-12.22671671,34,-2,-68,1
10/29/2001 01:21:00,302,-12.16305284,35,-2,-68,1
10/29/2001 01:22:00,302,-12.09938897,35,-2,-68,1
10/29/2001 01:23:00,302,-12.0272719,35,-2,-68,1
10/29/2001 01:24:00,302,-11.95515483,35,-1,-67,1
10/29/2001 01:25:00,302,-11.88303776,36,-2,-67,1
10/29/2001 01:26:00,302,-11.8109207,36,-2,-67,1
10/29/2001 01:27:00,302,-11.73880363,35,-2,-68,1
10/29/2001 01:28:00,302,-11.71256248,36,-2,-68,1
10/29/2001 01:29:00,302,-11.68632133,36,-2,-67,1
10/29/2001 01:30:00,302,-11.66008018,36,-2,-67,1
10/29/2001 01:31:00,302,-11.63383903,36,-2,-67,1
10/29/2001 01:32:00,302,-11.60759789,36,-1,-67,1
10/29/2001 01:33:00,302,-11.62769168,36,-2,-67,1
10/29/2001 01:34:00,302,-11.64778547,36,-2,-66,1
10/29/2001 01:35:00,302,-11.66787926,37,-1,-67,1
10/29/2001 01:36:00,302,-11.68797305,37,-1,-67,1
10/29/2001 01:37:00,302,-11.70806684,37,-2,-67,1
10/29/2001 01:38:00,302,-11.71787235,38,-2,-66,1
10/29/2001 01:39:00,302,-11.72767786,39,-2,-66,1
10/29/2001 01:40:00,302,-11.73748338,39,-2,-66,1
10/29/2001 01:41:00,302,-11.74728889,39,-3,-65,1
10/29/2001 01:42:00,302,-11.7570944,40,-3,-65,1
10/29/2001 01:43:00,302,-11.72526274,40,-3,-65,1
10/29/2001 01:44:00,302,-11.69343108,38,-3,-65,1
10/29/2001 01:45:00,302,-11.66159941,37,-3,-66,1
10/29/2001 01:46:00,302,-11.62976775,37,-3,-66,1
10/29/2001 01:47:00,302,-11.59793609,37,-2,-67,1
10/29/2001 01:48:00,302,-11.59694104,36,-2,-67,1
10/29/2001 01:49:00,302,-11.59594599,37,-2,-68,1
10/29/2001 01:50:00,302,-11.59495094,38,-2,-68,1
10/29/2001 01:51:00,302,-11.5939559,38,-2,-68,1
10/29/2001 01:52:00,302,-11.59296085,40,-2,-69,1
10/29/2001 01:53:00,302,-11.56845535,40,-1,-69,1
10/29/2001 01:54:00,302,-11.54394985,40,-1,-68,1
10/29/2001 01:55:00,302,-11.51944435,40,-1,-68,1
10/29/2001 01:56:00,302,-11.49493885,40,-1,-68,1
10/29/2001 01:57:00,302,-11.47043335,40,-1,-69,1
10/29/2001 01:58:00,302,-11.5091783,41,-1,-69,1
10/29/2001 01:59:00,302,-11.54792325,42,-1,-69,1
10/29/2001 02:00:00,302,-11.58666821,42,-2,-69,1
10/29/2001 02:01:00,302,-11.62541316,42,-2,-69,1
10/29/2001 02:02:00,302,-11.66415811,42,-1,-69,1
10/29/2001 02:03:00,302,-11.61773642,43,-1,-68,1
10/29/2001 02:04:00,302,-11.57131473,42,-1,-68,1
10/29/2001 02:05:00,302,-11.52489303,42,-1,-67,1
10/29/2001 02:06:00,302,-11.47847134,42,-1,-66,1
10/29/2001 02:07:00,302,-11.43204965,42,-1,-66,1
10/29/2001 02:08:00,302,-11.33134696,42,-1,-65,1
10/29/2001 02:09:00,302,-11.23064428,42,-1,-64,1
10/29/2001 02:10:00,302,-11.12994159,41,-1,-64,1
10/29/2001 02:11:00,302,-11.0292389,41,-1,-64,1
10/29/2001 02:12:00,302,-10.92853622,41,-1,-64,1
10/29/2001 02:13:00,302,-10.83623067,42,-1,-63,1
10/29/2001 02:14:00,302,-10.74392512,41,-1,-64,1
10/29/2001 02:15:00,302,-10.65161957,41,-1,-64,1
10/29/2001 02:16:00,302,-10.55931402,39,-1,-63,1
10/29/2001 02:17:00,302,-10.46700847,39,-1,-63,1
10/29/2001 02:18:00,302,-10.34365788,39,-1,-63,1
10/29/2001 02:19:00,302,-10.22030729,39,-1,-63,1
10/29/2001 02:20:00,302,-10.0969567,40,-1,-62,1
10/29/2001 02:21:00,302,-9.973606108,40,-1,-62,1
10/29/2001 02:22:00,302,-9.850255517,40,-1,-62,1
10/29/2001 02:23:00,302,-9.739648014,40,-1,-62,1
10/29/2001 02:24:00,302,-9.629040511,42,-1,-61,1
10/29/2001 02:25:00,302,-9.518433008,42,-1,-61,1
10/29/2001 02:26:00,302,-9.407825505,41,-1,-60,1
10/29/2001 02:27:00,302,-9.297218002,41,-1,-60,1
10/29/2001 02:28:00,302,-9.25105727,41,-1,-59,1
10/29/2001 02:29:00,302,-9.204896539,40,-1,-58,1
10/29/2001 02:30:00,302,-9.158735807,40,-1,-58,1
10/29/2001 02:31:00,302,-9.112575076,41,-1,-58,1
10/29/2001 02:32:00,302,-9.066414344,41,-1,-58,1
10/29/2001 02:33:00,302,-8.947219912,41,-1,-58,1
10/29/2001 02:34:00,302,-8.82802548,40,-1,-58,1
10/29/2001 02:35:00,302,-8.708831047,40,-1,-58,1
10/29/2001 02:36:00,302,-8.589636615,42,-1,-58,1
10/29/2001 02:37:00,302,-8.470442183,42,-1,-58,1
10/29/2001 02:38:00,302,-8.434177544,43,-1,-57,1
10/29/2001 02:39:00,302,-8.397912905,43,-1,-57,1
10/29/2001 02:40:00,302,-8.361648266,44,-1,-57,1
10/29/2001 02:41:00,302,-8.325383627,43,-1,-56,1
10/29/2001 02:42:00,302,-8.289118988,43,-2,-56,1
10/29/2001 02:43:00,302,-8.23792654,42,-2,-56,1
10/29/2001 02:44:00,302,-8.186734092,44,-1,-56,1
10/29/2001 02:45:00,302,-8.135541644,44,-1,-57,1
10/29/2001 02:46:00,302,-8.084349196,43,-1,-56,1
10/29/2001 02:47:00,302,-8.033156749,44,-1,-56,1
10/29/2001 02:48:00,302,-7.953647332,45,-1,-56,1
10/29/2001 02:49:00,302,-7.874137915,44,-1,-56,1
10/29/2001 02:50:00,302,-7.794628499,43,-2,-56,1
10/29/2001 02:51:00,302,-7.715119082,43,-2,-57,1
10/29/2001 02:52:00,302,-7.635609666,43,-1,-57,1
10/29/2001 02:53:00,302,-7.558622762,44,-2,-57,1
10/29/2001 02:54:00,302,-7.481635858,42,-2,-56,1
10/29/2001 02:55:00,302,-7.404648954,42,-1,-56,1
10/29/2001 02:56:00,302,-7.32766205,43,-1,-56,1
10/29/2001 02:57:00,302,-7.250675147,44,-1,-56,1
10/29/2001 02:58:00,302,-7.190553803,45,-2,-56,1
10/29/2001 02:59:00,302,-7.13043246,46,-2,-55,1
10/29/2001 03:00:00,302,-7.070311116,46,-2,-55,1
10/29/2001 03:01:00,302,-7.010189773,47,-2,-54,1
10/29/2001 03:02:00,302,-6.950068429,47,-2,-53,1
10/29/2001 03:03:00,302,-6.874928993,48,-2,-53,1
10/29/2001 03:04:00,302,-6.799789557,48,-2,-53,1
10/29/2001 03:05:00,302,-6.724650121,48,-3,-52,1
10/29/2001 03:06:00,302,-6.649510686,48,-3,-52,1
10/29/2001 03:07:00,302,-6.57437125,47,-3,-52,1
10/29/2001 03:08:00,302,-6.499047367,45,-4,-53,1
10/29/2001 03:09:00,302,-6.423723484,44,-4,-53,1
10/29/2001 03:10:00,302,-6.348399601,44,-4,-53,1
10/29/2001 03:11:00,302,-6.273075718,43,-4,-54,1
10/29/2001 03:12:00,302,-6.197751836,42,-4,-54,1
10/29/2001 03:13:00,302,-6.211509093,41,-4,-54,1
10/29/2001 03:14:00,302,-6.225266351,40,-4,-54,1
10/29/2001 03:15:00,302,-6.239023608,39,-4,-53,1
10/29/2001 03:16:00,302,-6.252780866,39,-5,-53,1
10/29/2001 03:17:00,302,-6.266538123,39,-5,-53,1
10/29/2001 03:18:00,302,-6.216482868,38,-5,-53,1
10/29/2001 03:19:00,302,-6.166427613,38,-5,-53,1
10/29/2001 03:20:00,302,-6.116372357,38,-5,-53,1
10/29/2001 03:21:00,302,-6.066317102,37,-5,-53,1
10/29/2001 03:22:00,302,-6.016261847,38,-5,-53,1
10/29/2001 03:23:00,302,-5.964926824,37,-5,-52,1
10/29/2001 03:24:00,302,-5.913591801,37,-5,-52,1
10/29/2001 03:25:00,302,-5.862256779,36,-5,-52,1
10/29/2001 03:26:00,302,-5.810921756,36,-4,-52,1
10/29/2001 03:27:00,302,-5.759586733,36,-4,-53,1
10/29/2001 03:28:00,302,-5.679736786,36,-4,-52,1
10/29/2001 03:29:00,302,-5.599886839,36,-4,-53,1
10/29/2001 03:30:00,302,-5.520036892,36,-4,-52,1
10/29/2001 03:31:00,302,-5.440186945,36,-4,-52,1
10/29/2001 03:32:00,302,-5.360336998,37,-4,-52,1
10/29/2001 03:33:00,302,0,37,-4,-51,1
10/29/2001 03:34:00,302,0,36,-4,-51,1
10/29/2001 03:35:00,302,0,37,-4,-51,1
10/29/2001 03:36:00,302,0,36,-4,-51,1
10/29/2001 03:37:00,302,0,36,-4,-50,1
10/29/2001 03:38:00,302,0,36,-4,-50,1
10/29/2001 03:39:00,302,0,35,-4,-50,1
10/29/2001 03:40:00,302,0,35,-4,-50,1
10/29/2001 03:41:00,302,0,35,-4,-50,1
10/29/2001 03:42:00,302,0,35,-4,-50,1
10/29/2001 03:43:00,302,0,35,-4,-50,1
10/29/2001 03:44:00,302,0,35,-4,-50,1
10/29/2001 03:45:00,302,0,35,-4,-50,1
10/29/2001 03:46:00,302,0,34,-4,-50,1
10/29/2001 03:47:00,302,0,35,-4,-50,1
10/29/2001 03:48:00,302,0,34,-4,-50,1
10/29/2001 03:49:00,302,0,34,-5,-50,1
10/29/2001 03:50:00,302,0,34,-4,-50,1
10/29/2001 03:51:00,302,0,33,-4,-51,1
10/29/2001 03:52:00,302,0,33,-4,-51,1
10/29/2001 03:53:00,302,0,33,-4,-51,1
10/29/2001 03:54:00,302,0,33,-4,-51,1
10/29/2001 03:55:00,302,0,33,-4,-51,1
10/29/2001 03:56:00,302,0,32,-4,-52,1
10/29/2001 03:57:00,302,0,31,-4,-52,1
10/29/2001 03:58:00,302,0,31,-4,-52,1
10/29/2001 03:59:00,302,0,32,-4,-52,1
10/29/2001 04:00:00,302,0,31,-4,-52,1
10/29/2001 04:01:00,302,0,32,-4,-52,1
10/29/2001 04:02:00,302,0,31,-4,-52,1
10/29/2001 04:03:00,302,0,31,-4,-52,1
10/29/2001 04:04:00,302,0,32,-4,-51,1
10/29/2001 04:05:00,302,0,31,-4,-52,1
10/29/2001 04:06:00,302,0,32,-4,-51,1
10/29/2001 04:07:00,302,0,31,-4,-51,1
10/29/2001 04:08:00,302,0,32,-4,-51,1
10/29/2001 04:09:00,302,0,31,-4,-51,1
10/29/2001 04:10:00,302,0,32,-4,-51,1
10/29/2001 04:11:00,302,0,31,-4,-52,1
10/29/2001 04:12:00,302,0,31,-4,-52,1
10/29/2001 04:13:00,302,0,31,-4,-52,1
10/29/2001 04:14:00,302,0,31,-4,-52,1
10/29/2001 04:15:00,302,0,30,-4,-53,1
10/29/2001 04:16:00,302,0,30,-4,-53,1
10/29/2001 04:17:00,302,0,30,-4,-53,1
10/29/2001 04:18:00,302,0,30,-4,-53,1
10/29/2001 04:19:00,302,0,30,-4,-53,1
10/29/2001 04:20:00,302,0,30,-4,-53,1
10/29/2001 04:21:00,302,0,30,-4,-53,1
10/29/2001 04:22:00,302,0,28,-4,-54,1
10/29/2001 04:23:00,302,0,28,-3,-54,1
10/29/2001 04:24:00,302,0,28,-3,-54,1
10/29/2001 04:25:00,302,0,29,-4,-54,1
10/29/2001 04:26:00,302,0,29,-4,-53,1
10/29/2001 04:27:00,302,0,29,-4,-53,1
10/29/2001 04:28:00,302,0,29,-4,-54,1
10/29/2001 04:29:00,302,0,28,-4,-54,1
10/29/2001 04:30:00,302,0,28,-3,-54,1
10/29/2001 04:31:00,302,0,29,-4,-55,1
10/29/2001 04:32:00,302,0,29,-4,-55,1
10/29/2001 04:33:00,302,0,28,-4,-55,1
10/29/2001 04:34:00,302,0,28,-4,-55,1
10/29/2001 04:35:00,302,0,27,-4,-55,1
10/29/2001 04:36:00,302,0,28,-3,-55,1
10/29/2001 04:37:00,302,0,28,-3,-55,1
10/29/2001 04:38:00,302,0,28,-3,-55,1
10/29/2001 04:39:00,302,0,28,-3,-55,1
10/29/2001 04:40:00,302,0,28,-3,-55,1
10/29/2001 04:41:00,302,0,28,-3,-55,1
10/29/2001 04:42:00,302,0,27,-3,-55,1
10/29/2001 04:43:00,302,0,27,-3,-55,1
10/29/2001 04:44:00,302,0,27,-3,-55,1
10/29/2001 04:45:00,302,0,27,-3,-55,1
10/29/2001 04:46:00,302,0,26,-3,-55,1
10/29/2001 04:47:00,302,0,27,-3,-55,1
10/29/2001 04:48:00,302,0,27,-3,-54,1
10/29/2001 04:49:00,302,0,27,-3,-54,1
10/29/2001 04:50:00,302,0,28,-3,-54,1
10/29/2001 04:51:00,302,0,28,-3,-54,1
10/29/2001 04:52:00,302,0,28,-3,-54,1
10/29/2001 04:53:00,302,0,29,-3,-53,1
10/29/2001 04:54:00,302,0,29,-3,-54,1
10/29/2001 04:55:00,302,0,29,-3,-53,1
10/29/2001 04:56:00,302,0,29,-3,-54,1
10/29/2001 04:57:00,302,0,29,-3,-54,1
10/29/2001 04:58:00,302,0,29,-3,-55,1
10/29/2001 04:59:00,302,0,30,-3,-54,1
10/29/2001 05:00:00,302,0,29,-3,-54,1
10/29/2001 05:01:00,302,0,30,-3,-53,1
10/29/2001 05:02:00,302,0,31,-3,-52,1
10/29/2001 05:03:00,302,0,31,-3,-52,1
10/29/2001 05:04:00,302,0,33,-3,-52,1
10/29/2001 05:05:00,302,0,33,-3,-52,1
10/29/2001 05:06:00,302,0,34,-3,-52,1
10/29/2001 05:07:00,302,0,34,-3,-52,1
10/29/2001 05:08:00,302,0,33,-3,-53,1
10/29/2001 05:09:00,302,0,34,-3,-54,1
10/29/2001 05:10:00,302,0,33,-3,-55,1
10/29/2001 05:11:00,302,0,34,-2,-55,1
10/29/2001 05:12:00,302,0,34,-2,-56,1
10/29/2001 05:13:00,302,0,33,-2,-56,1
10/29/2001 05:14:00,302,0,34,-2,-56,1
10/29/2001 05:15:00,302,0,34,-2,-57,1
10/29/2001 05:16:00,302,0,33,-2,-57,1
10/29/2001 05:17:00,302,0,32,-1,-57,1
10/29/2001 05:18:00,302,0,32,-1,-58,1
10/29/2001 05:19:00,302,0,33,-2,-59,1
10/29/2001 05:20:00,302,0,32,-1,-59,1
10/29/2001 05:21:00,302,0,31,-1,-59,1
10/29/2001 05:22:00,302,0,32,-1,-60,1
10/29/2001 05:23:00,302,0,33,-1,-60,1
10/29/2001 05:24:00,302,0,33,-1,-60,1
10/29/2001 05:25:00,302,0,33,-1,-60,1
10/29/2001 05:26:00,302,0,32,-1,-61,1
10/29/2001 05:27:00,302,0,31,-1,-63,1
10/29/2001 05:28:00,302,0,30,-1,-65,1
10/29/2001 05:29:00,302,0,29,-1,-67,1
10/29/2001 05:30:00,302,0,29,-1,-68,1
10/29/2001 05:31:00,302,0,30,0,-68,1
10/29/2001 05:32:00,302,0,30,0,-68,1
10/29/2001 05:33:00,302,0,30,0,-68,1
10/29/2001 05:34:00,302,0,30,0,-66,1
10/29/2001 05:35:00,302,0,33,0,-65,1
10/29/2001 05:36:00,302,0,33,-1,-63,1
10/29/2001 05:37:00,302,0,33,-1,-62,1
10/29/2001 05:38:00,302,0,34,0,-62,1
10/29/2001 05:39:00,302,0,35,-1,-61,1
10/29/2001 05:40:00,302,0,35,-1,-61,1
10/29/2001 05:41:00,302,0,35,-1,-62,1
10/29/2001 05:42:00,302,0,35,-1,-62,1
10/29/2001 05:43:00,302,0,35,-1,-62,1
10/29/2001 05:44:00,302,0,35,-1,-62,1
10/29/2001 05:45:00,302,0,34,-1,-63,1
10/29/2001 05:46:00,302,0,33,-1,-63,1
10/29/2001 05:47:00,302,0,33,-1,-64,1
10/29/2001 05:48:00,302,0,33,-1,-64,1
10/29/2001 05:49:00,302,0,34,-1,-64,1
10/29/2001 05:50:00,302,0,34,-1,-65,1
10/29/2001 05:51:00,302,0,35,0,-65,1
10/29/2001 05:52:00,302,0,38,0,-65,1
10/29/2001 05:53:00,302,0,39,0,-65,1
10/29/2001 05:54:00,302,0,40,1,-65,1
10/29/2001 05:55:00,302,0,38,0,-66,1
10/29/2001 05:56:00,302,0,37,1,-66,1
10/29/2001 05:57:00,302,0,37,1,-67,1
10/29/2001 05:58:00,302,0,38,1,-66,1
10/29/2001 05:59:00,302,0,40,1,-67,1
10/29/2001 06:00:00,302,0,39,1,-66,1
10/29/2001 06:01:00,302,0,38,1,-67,1
10/29/2001 06:02:00,302,0,38,1,-68,1
10/29/2001 06:03:00,302,0,37,0,-68,1
10/29/2001 06:04:00,302,0,38,0,-68,1
10/29/2001 06:05:00,302,0,38,0,-68,1
10/29/2001 06:06:00,302,0,39,1,-68,1
10/29/2001 06:07:00,302,0,39,0,-68,1
10/29/2001 06:08:00,302,0,39,0,-68,1
10/29/2001 06:09:00,302,0,39,0,-68,1
10/29/2001 06:10:00,302,0,38,0,-68,1
10/29/2001 06:11:00,302,0,38,0,-67,1
10/29/2001 06:12:00,302,0,38,0,-67,1
10/29/2001 06:13:00,302,0,39,0,-68,1
10/29/2001 06:14:00,302,0,38,0,-68,1
10/29/2001 06:15:00,302,0,38,0,-69,1
10/29/2001 06:16:00,302,0,38,0,-68,1
10/29/2001 06:17:00,302,0,38,0,-68,1
10/29/2001 06:18:00,302,0,38,0,-68,1
10/29/2001 06:19:00,302,0,38,-1,-68,1
10/29/2001 06:20:00,302,0,39,-1,-67,1
10/29/2001 06:21:00,302,0,38,-1,-67,1
10/29/2001 06:22:00,302,0,39,-1,-67,1
10/29/2001 06:23:00,302,0,38,-1,-67,1
10/29/2001 06:24:00,302,0,36,-1,-66,1
10/29/2001 06:25:00,302,0,36,-1,-66,1
10/29/2001 06:26:00,302,0,35,-1,-66,1
10/29/2001 06:27:00,302,0,34,-1,-67,1
10/29/2001 06:28:00,302,0,34,-1,-67,1
10/29/2001 06:29:00,302,0,34,-1,-67,1
10/29/2001 06:30:00,302,0,33,-1,-68,1
10/29/2001 06:31:00,302,0,33,-2,-68,1
10/29/2001 06:32:00,302,0,33,-2,-68,1
10/29/2001 06:33:00,302,0,33,-2,-68,1
10/29/2001 06:34:00,302,0,32,-2,-67,1
10/29/2001 06:35:00,302,0,31,-1,-67,1
10/29/2001 06:36:00,302,0,31,-1,-67,1
10/29/2001 06:37:00,302,0,31,-1,-66,1
10/29/2001 06:38:00,302,0,30,-1,-67,1
10/29/2001 06:39:00,302,0,28,-1,-67,1
10/29/2001 06:40:00,302,0,28,-1,-67,1
10/29/2001 06:41:00,302,0,26,-1,-67,1
10/29/2001 06:42:00,302,0,26,-1,-67,1
10/29/2001 06:43:00,302,0,25,-1,-67,1
10/29/2001 06:44:00,302,0,24,-1,-67,1
10/29/2001 06:45:00,302,0,24,-1,-67,1
10/29/2001 06:46:00,302,0,24,-1,-67,1
10/29/2001 06:47:00,302,0,23,-1,-67,1
10/29/2001 06:48:00,302,0,23,-1,-67,1
10/29/2001 06:49:00,302,0,23,0,-67,1
10/29/2001 06:50:00,302,0,23,0,-67,1
10/29/2001 06:51:00,302,0,24,0,-67,1
10/29/2001 06:52:00,302,0,25,0,-67,1
10/29/2001 06:53:00,302,0,26,0,-67,1
10/29/2001 06:54:00,302,0,26,0,-67,1
10/29/2001 06:55:00,302,0,27,1,-66,1
10/29/2001 06:56:00,302,0,26,1,-66,1
10/29/2001 06:57:00,302,0,26,1,-66,1
10/29/2001 06:58:00,302,0,26,1,-66,1
10/29/2001 06:59:00,302,0,26,1,-66,1
10/29/2001 07:00:00,302,0,27,1,-66,1
10/29/2001 07:01:00,302,0,27,1,-65,1
10/29/2001 07:02:00,302,0,28,1,-65,1
10/29/2001 07:03:00,302,0,28,1,-65,1
10/29/2001 07:04:00,302,0,29,2,-64,1
10/29/2001 07:05:00,302,0,30,2,-64,1
10/29/2001 07:06:00,302,0,29,2,-64,1
10/29/2001 07:07:00,302,0,29,2,-64,1
10/29/2001 07:08:00,302,0,29,2,-63,1
10/29/2001 07:09:00,302,0,29,2,-64,1
10/29/2001 07:10:00,302,0,29,2,-64,1
10/29/2001 07:11:00,302,0,29,2,-64,1
10/29/2001 07:12:00,302,0,30,2,-64,1
10/29/2001 07:13:00,302,0,30,2,-64,1
10/29/2001 07:14:00,302,0,30,2,-64,1
10/29/2001 07:15:00,302,0,30,2,-65,1
10/29/2001 07:16:00,302,0,29,2,-64,1
10/29/2001 07:17:00,302,0,29,2,-64,1
10/29/2001 07:18:00,302,0,30,1,-62,1
10/29/2001 07:19:00,302,0,31,2,-62,1
10/29/2001 07:20:00,302,0,30,2,-61,1
10/29/2001 07:21:00,302,0,31,1,-60,1
10/29/2001 07:22:00,302,0,30,1,-59,1
10/29/2001 07:23:00,302,0,31,2,-58,1
10/29/2001 07:24:00,302,0,32,1,-58,1
10/29/2001 07:25:00,302,0,30,1,-57,1
10/29/2001 07:26:00,302,0,30,1,-57,1
10/29/2001 07:27:00,302,0,30,1,-57,1
10/29/2001 07:28:00,302,0,31,1,-57,1
10/29/2001 07:29:00,302,0,30,1,-58,1
10/29/2001 07:30:00,302,0,31,0,-59,1
10/29/2001 07:31:00,302,0,31,1,-60,1
10/29/2001 07:32:00,302,0,32,1,-61,1
10/29/2001 07:33:00,302,0,33,0,-60,1
10/29/2001 07:34:00,302,0,33,0,-60,1
10/29/2001 07:35:00,302,0,34,1,-60,1
10/29/2001 07:36:00,302,0,34,0,-60,1
10/29/2001 07:37:00,302,0,33,0,-60,1
10/29/2001 07:38:00,302,0,34,0,-60,1
10/29/2001 07:39:00,302,0,33,1,-59,1
10/29/2001 07:40:00,302,0,34,0,-58,1
10/29/2001 07:41:00,302,0,32,1,-57,1
10/29/2001 07:42:00,302,0,33,1,-56,1
10/29/2001 07:43:00,302,0,32,0,-57,1
10/29/2001 07:44:00,302,0,31,0,-58,1
10/29/2001 07:45:00,302,0,30,0,-60,1
10/29/2001 07:46:00,302,0,31,0,-61,1
10/29/2001 07:47:00,302,0,32,0,-63,1
10/29/2001 07:48:00,302,0,32,0,-63,1
10/29/2001 07:49:00,302,0,33,1,-64,1
10/29/2001 07:50:00,302,0,33,1,-64,1
10/29/2001 07:51:00,302,0,34,0,-64,1
10/29/2001 07:52:00,302,0,34,0,-64,1
10/29/2001 07:53:00,302,0,34,0,-65,1
10/29/2001 07:54:00,302,0,33,0,-64,1
10/29/2001 07:55:00,302,0,34,0,-64,1
10/29/2001 07:56:00,302,0,33,0,-65,1
10/29/2001 07:57:00,302,0,33,0,-65,1
10/29/2001 07:58:00,302,0,33,0,-64,1
10/29/2001 07:59:00,302,0,33,0,-64,1
10/29/2001 08:00:00,302,0,34,0,-64,1
10/29/2001 08:01:00,302,0,31,0,-64,1
10/29/2001 08:02:00,302,0,31,0,-64,1
10/29/2001 08:03:00,302,0,31,0,-64,1
10/29/2001 08:04:00,302,0,31,0,-64,1
10/29/2001 08:05:00,302,0,30,0,-64,1
10/29/2001 08:06:00,302,0,30,-1,-63,1
10/29/2001 08:07:00,302,0,30,-1,-63,1
10/29/2001 08:08:00,302,0,30,-1,-63,1
10/29/2001 08:09:00,302,0,30,0,-63,1
10/29/2001 08:10:00,302,0,30,-1,-62,1
10/29/2001 08:11:00,302,0,30,-1,-62,1
10/29/2001 08:12:00,302,0,30,0,-62,1
10/29/2001 08:13:00,302,0,31,-1,-62,1
10/29/2001 08:14:00,302,0,31,-1,-62,1
10/29/2001 08:15:00,302,0,31,-1,-61,1
10/29/2001 08:16:00,302,0,31,0,-62,1
10/29/2001 08:17:00,302,0,32,-1,-61,1
10/29/2001 08:18:00,302,0,32,-1,-61,1
10/29/2001 08:19:00,302,0,32,-1,-61,1
10/29/2001 08:20:00,302,0,32,-1,-61,1
10/29/2001 08:21:00,302,0,33,-1,-61,1
10/29/2001 08:22:00,302,0,32,-1,-60,1
10/29/2001 08:23:00,302,0,32,-1,-60,1
10/29/2001 08:24:00,302,0,32,-1,-60,1
10/29/2001 08:25:00,302,0,32,-1,-60,1
10/29/2001 08:26:00,302,0,32,-1,-60,1
10/29/2001 08:27:00,302,0,33,-1,-60,1
10/29/2001 08:28:00,302,0,33,-1,-60,1
10/29/2001 08:29:00,302,0,33,-1,-59,1
10/29/2001 08:30:00,302,0,31,-1,-59,1
10/29/2001 08:31:00,302,0,31,-1,-59,1
10/29/2001 08:32:00,302,0,31,-1,-59,1
10/29/2001 08:33:00,302,0,31,-2,-59,1
10/29/2001 08:34:00,302,0,31,-2,-59,1
10/29/2001 08:35:00,302,0,31,-2,-59,1
10/29/2001 08:36:00,302,0,32,-2,-58,1
10/29/2001 08:37:00,302,0,32,-2,-58,1
10/29/2001 08:38:00,302,0,32,-2,-59,1
10/29/2001 08:39:00,302,0,32,-2,-58,1
10/29/2001 08:40:00,302,0,32,-2,-58,1
10/29/2001 08:41:00,302,0,32,-2,-58,1
10/29/2001 08:42:00,302,0,33,-2,-57,1
10/29/2001 08:43:00,302,0,33,-2,-57,1
10/29/2001 08:44:00,302,0,33,-2,-57,1
10/29/2001 08:45:00,302,0,34,-2,-57,1
10/29/2001 08:46:00,302,0,34,-2,-57,1
10/29/2001 08:47:00,302,0,35,-2,-56,1
10/29/2001 08:48:00,302,0,35,-2,-56,1
10/29/2001 08:49:00,302,0,37,-3,-56,1
10/29/2001 08:50:00,302,0,37,-3,-56,1
10/29/2001 08:51:00,302,0,37,-3,-56,1
10/29/2001 08:52:00,302,0,37,-3,-56,1
10/29/2001 08:53:00,302,0,37,-3,-56,1
10/29/2001 08:54:00,302,0,37,-3,-56,1
10/29/2001 08:55:00,302,0,37,-3,-56,1
10/29/2001 08:56:00,302,0,37,-3,-56,1
10/29/2001 08:57:00,302,0,38,-3,-56,1
10/29/2001 08:58:00,302,0,38,-3,-56,1
10/29/2001 08:59:00,302,0,38,-3,-56,1
10/29/2001 09:00:00,302,0,38,-3,-56,1
10/29/2001 09:01:00,302,0,39,-3,-56,1
10/29/2001 09:02:00,302,0,39,-3,-56,1
10/29/2001 09:03:00,302,0,38,-3,-56,1
10/29/2001 09:04:00,302,0,38,-3,-55,1
10/29/2001 09:05:00,302,0,38,-3,-55,1
10/29/2001 09:06:00,302,0,38,-3,-55,1
10/29/2001 09:07:00,302,0,39,-3,-55,1
10/29/2001 09:08:00,302,0,38,-3,-54,1
10/29/2001 09:09:00,302,0,38,-3,-54,1
10/29/2001 09:10:00,302,0,38,-3,-54,1
10/29/2001 09:11:00,302,0,37,-3,-54,1
10/29/2001 09:12:00,302,0,37,-3,-54,1
10/29/2001 09:13:00,302,0,37,-3,-54,1
10/29/2001 09:14:00,302,0,38,-3,-55,1
10/29/2001 09:15:00,302,0,38,-3,-55,1
10/29/2001 09:16:00,302,0,37,-3,-55,1
10/29/2001 09:17:00,302,0,37,-3,-55,1
10/29/2001 09:18:00,302,0,37,-3,-55,1
10/29/2001 09:19:00,302,0,36,-3,-54,1
10/29/2001 09:20:00,302,0,37,-3,-54,1
10/29/2001 09:21:00,302,0,37,-3,-54,1
10/29/2001 09:22:00,302,0,37,-3,-54,1
10/29/2001 09:23:00,302,0,37,-4,-54,1
10/29/2001 09:24:00,302,0,37,-4,-55,1
10/29/2001 09:25:00,302,0,37,-3,-54,1
10/29/2001 09:26:00,302,0,38,-3,-54,1
10/29/2001 09:27:00,302,0,38,-3,-54,1
10/29/2001 09:28:00,302,0,38,-4,-54,1
10/29/2001 09:29:00,302,0,38,-4,-54,1
10/29/2001 09:30:00,302,0,39,-4,-54,1
10/29/2001 09:31:00,302,0,38,-3,-53,1
10/29/2001 09:32:00,302,0,37,-4,-53,1
10/29/2001 09:33:00,302,0,37,-4,-53,1
10/29/2001 09:34:00,302,0,37,-4,-53,1
10/29/2001 09:35:00,302,0,37,-4,-53,1
10/29/2001 09:36:00,302,0,38,-4,-53,1
10/29/2001 09:37:00,302,0,37,-4,-54,1
10/29/2001 09:38:00,302,0,37,-4,-54,1
10/29/2001 09:39:00,302,0,37,-3,-54,1
10/29/2001 09:40:00,302,0,37,-3,-54,1
10/29/2001 09:41:00,302,0,37,-4,-54,1
10/29/2001 09:42:00,302,0,36,-4,-54,1
10/29/2001 09:43:00,302,0,37,-4,-54,1
10/29/2001 09:44:00,302,0,37,-4,-54,1
10/29/2001 09:45:00,302,0,37,-4,-54,1
10/29/2001 09:46:00,302,0,38,-4,-53,1
10/29/2001 09:47:00,302,0,38,-4,-53,1
10/29/2001 09:48:00,302,0,37,-4,-53,1
10/29/2001 09:49:00,302,0,38,-4,-53,1
10/29/2001 09:50:00,302,0,38,-4,-53,1
10/29/2001 09:51:00,302,0,39,-4,-53,1
10/29/2001 09:52:00,302,0,39,-4,-53,1
10/29/2001 09:53:00,302,0,40,-4,-52,1
10/29/2001 09:54:00,302,0,41,-4,-51,1
10/29/2001 09:55:00,302,0,40,-4,-50,1
10/29/2001 09:56:00,302,0,39,-4,-50,1
10/29/2001 09:57:00,302,0,40,-4,-50,1
10/29/2001 09:58:00,302,0,40,-3,-51,1
10/29/2001 09:59:00,302,0,40,-4,-51,1
10/29/2001 10:00:00,302,0,41,-4,-50,1
10/29/2001 10:01:00,302,0,41,-4,-50,1
10/29/2001 10:02:00,302,0,41,-4,-50,1
10/29/2001 10:03:00,302,0,41,-3,-49,1
10/29/2001 10:04:00,302,0,41,-4,-48,1
10/29/2001 10:05:00,302,0,40,-3,-48,1
10/29/2001 10:06:00,302,0,40,-3,-49,1
10/29/2001 10:07:00,302,0,41,-3,-50,1
10/29/2001 10:08:00,302,0,41,-4,-51,1
10/29/2001 10:09:00,302,0,42,-4,-51,1
10/29/2001 10:10:00,302,0,42,-4,-50,1
10/29/2001 10:11:00,302,0,42,-4,-50,1
10/29/2001 10:12:00,302,0,41,-4,-50,1
10/29/2001 10:13:00,302,0,40,-4,-49,1
10/29/2001 10:14:00,302,0,39,-4,-48,1
10/29/2001 10:15:00,302,0,38,-4,-47,1
10/29/2001 10:16:00,302,0,38,-4,-47,1
10/29/2001 10:17:00,302,0,37,-4,-47,1
10/29/2001 10:18:00,302,0,36,-4,-47,1
10/29/2001 10:19:00,302,0,36,-4,-47,1
10/29/2001 10:20:00,302,0,35,-4,-48,1
10/29/2001 10:21:00,302,0,35,-4,-47,1
10/29/2001 10:22:00,302,0,34,-4,-48,1
10/29/2001 10:23:00,302,0,33,-4,-49,1
10/29/2001 10:24:00,302,0,33,-4,-49,1
10/29/2001 10:25:00,302,0,34,-4,-49,1
10/29/2001 10:26:00,302,0,33,-4,-48,1
10/29/2001 10:27:00,302,0,32,-4,-48,1
10/29/2001 10:28:00,302,0,33,-4,-48,1
10/29/2001 10:29:00,302,0,33,-4,-48,1
10/29/2001 10:30:00,302,0,32,-4,-48,1
10/29/2001 10:31:00,302,0,32,-4,-48,1
10/29/2001 10:32:00,302,0,32,-4,-49,1
10/29/2001 10:33:00,302,0,32,-5,-49,1
10/29/2001 10:34:00,302,0,34,-4,-48,1
10/29/2001 10:35:00,302,0,33,-4,-46,1
10/29/2001 10:36:00,302,0,31,-5,-44,1
10/29/2001 10:37:00,302,0,30,-5,-42,1
10/29/2001 10:38:00,302,0,29,-4,-42,1
10/29/2001 10:39:00,302,0,29,-4,-41,1
10/29/2001 10:40:00,302,0,30,-4,-41,1
10/29/2001 10:41:00,302,0,29,-4,-41,1
10/29/2001 10:42:00,302,0,30,-4,-41,1
10/29/2001 10:43:00,302,0,30,-4,-41,1
10/29/2001 10:44:00,302,0,31,-4,-41,1
10/29/2001 10:45:00,302,0,32,-4,-42,1
10/29/2001 10:46:00,302,0,32,-4,-42,1
10/29/2001 10:47:00,302,0,34,-4,-42,1
10/29/2001 10:48:00,302,0,34,-3,-42,1
10/29/2001 10:49:00,302,0,36,-3,-41,1
10/29/2001 10:50:00,302,0,36,-3,-42,1
10/29/2001 10:51:00,302,0,37,-3,-42,1
10/29/2001 10:52:00,302,0,38,-3,-42,1
10/29/2001 10:53:00,302,0,38,-3,-41,1
10/29/2001 10:54:00,302,0,38,-3,-42,1
10/29/2001 10:55:00,302,0,40,-3,-42,1
10/29/2001 10:56:00,302,0,42,-2,-42,1
10/29/2001 10:57:00,302,0,43,-2,-41,1
10/29/2001 10:58:00,302,0,43,-2,-41,1
10/29/2001 10:59:00,302,0,44,-2,-41,1
10/29/2001 11:00:00,302,0,44,-2,-41,1
10/29/2001 11:01:00,302,0,45,-2,-41,1
10/29/2001 11:02:00,302,0,45,-2,-41,1
10/29/2001 11:03:00,302,0,46,-2,-42,1
10/29/2001 11:04:00,302,0,47,-2,-42,1
10/29/2001 11:05:00,302,0,48,-2,-42,1
10/29/2001 11:06:00,302,0,49,-2,-43,1
10/29/2001 11:07:00,302,0,49,-2,-43,1
10/29/2001 11:08:00,302,0,50,-2,-44,1
10/29/2001 11:09:00,302,0,50,-2,-44,1
10/29/2001 11:10:00,302,0,50,-2,-45,1
10/29/2001 11:11:00,302,0,50,-2,-44,1
10/29/2001 11:12:00,302,0,52,-2,-45,1
10/29/2001 11:13:00,302,0,53,-3,-45,1
10/29/2001 11:14:00,302,0,54,-3,-45,1
10/29/2001 11:15:00,302,0,54,-3,-45,1
10/29/2001 11:16:00,302,0,54,-3,-45,1
10/29/2001 11:17:00,302,0,54,-2,-44,1
10/29/2001 11:18:00,302,0,53,-3,-43,1
10/29/2001 11:19:00,302,0,52,-2,-44,1
10/29/2001 11:20:00,302,0,52,-3,-44,1
10/29/2001 11:21:00,302,0,52,-3,-44,1
10/29/2001 11:22:00,302,0,52,-3,-44,1
10/29/2001 11:23:00,302,0,52,-3,-45,1
10/29/2001 11:24:00,302,0,53,-3,-45,1
10/29/2001 11:25:00,302,0,53,-3,-46,1
10/29/2001 11:26:00,302,0,54,-3,-46,1
10/29/2001 11:27:00,302,0,54,-4,-47,1
10/29/2001 11:28:00,302,0,54,-3,-47,1
10/29/2001 11:29:00,302,0,56,-4,-47,1
10/29/2001 11:30:00,302,0,56,-4,-48,1
10/29/2001 11:31:00,302,0,57,-4,-47,1
10/29/2001 11:32:00,302,0,56,-4,-48,1
10/29/2001 11:33:00,302,0,55,-4,-48,1
10/29/2001 11:34:00,302,0,56,-4,-48,1
10/29/2001 11:35:00,302,0,57,-4,-48,1
10/29/2001 11:36:00,302,0,57,-4,-48,1
10/29/2001 11:37:00,302,0,56,-4,-48,1
10/29/2001 11:38:00,302,0,56,-4,-49,1
10/29/2001 11:39:00,302,0,57,-4,-49,1
10/29/2001 11:40:00,302,0,58,-4,-49,1
10/29/2001 11:41:00,302,0,58,-4,-49,1
10/29/2001 11:42:00,302,0,59,-4,-49,1
10/29/2001 11:43:00,302,0,58,-4,-50,1
10/29/2001 11:44:00,302,0,56,-4,-50,1
10/29/2001 11:45:00,302,0,56,-4,-50,1
10/29/2001 11:46:00,302,0,57,-4,-50,1
10/29/2001 11:47:00,302,0,56,-3,-51,1
10/29/2001 11:48:00,302,0,58,-4,-51,1
10/29/2001 11:49:00,302,0,58,-3,-52,1
10/29/2001 11:50:00,302,0,58,-3,-52,1
10/29/2001 11:51:00,302,0,59,-3,-52,1
10/29/2001 11:52:00,302,0,57,-3,-52,1
10/29/2001 11:53:00,302,0,57,-3,-52,1
10/29/2001 11:54:00,302,0,59,-3,-51,1
10/29/2001 11:55:00,302,0,58,-2,-49,1
10/29/2001 11:56:00,302,0,53,-2,-48,1
10/29/2001 11:57:00,302,0,53,-2,-48,1
10/29/2001 11:58:00,302,0,53,-2,-48,1
10/29/2001 11:59:00,302,0,55,-2,-47,1
10/29/2001 12:00:00,302,0,54,-2,-47,1
10/29/2001 12:01:00,302,0,54,-3,-48,1
10/29/2001 12:02:00,302,0,56,-2,-48,1
10/29/2001 12:03:00,302,0,56,-3,-48,1
10/29/2001 12:04:00,302,0,56,-3,-48,1
10/29/2001 12:05:00,302,0,55,-3,-48,1
10/29/2001 12:06:00,302,0,56,-3,-48,1
10/29/2001 12:07:00,302,0,56,-3,-48,1
10/29/2001 12:08:00,302,0,56,-3,-48,1
10/29/2001 12:09:00,302,0,55,-3,-48,1
10/29/2001 12:10:00,302,0,55,-3,-48,1
10/29/2001 12:11:00,302,0,56,-3,-48,1
10/29/2001 12:12:00,302,0,58,-3,-48,1
10/29/2001 12:13:00,302,0,57,-3,-48,1
10/29/2001 12:14:00,302,0,56,-3,-47,1
10/29/2001 12:15:00,302,0,56,-3,-47,1
10/29/2001 12:16:00,302,0,57,-3,-47,1
10/29/2001 12:17:00,302,0,58,-2,-47,1
10/29/2001 12:18:00,302,0,59,-2,-47,1
10/29/2001 12:19:00,302,0,59,-2,-46,1
10/29/2001 12:20:00,302,0,58,-2,-47,1
10/29/2001 12:21:00,302,0,59,-2,-47,1
10/29/2001 12:22:00,302,0,59,-2,-47,1
10/29/2001 12:23:00,302,0,59,-2,-47,1
10/29/2001 12:24:00,302,0,59,-2,-48,1
10/29/2001 12:25:00,302,0,61,-2,-48,1
10/29/2001 12:26:00,302,0,61,-2,-48,1
10/29/2001 12:27:00,302,0,62,-2,-48,1
10/29/2001 12:28:00,302,0,63,-2,-48,1
10/29/2001 12:29:00,302,0,62,-2,-48,1
10/29/2001 12:30:00,302,0,62,-2,-48,1
10/29/2001 12:31:00,302,0,64,-2,-48,1
10/29/2001 12:32:00,302,0,64,-2,-48,1
10/29/2001 12:33:00,302,0,65,-2,-48,1
10/29/2001 12:34:00,302,0,65,-2,-48,1
10/29/2001 12:35:00,302,0,65,-2,-47,1
10/29/2001 12:36:00,302,0,65,-2,-47,1
10/29/2001 12:37:00,302,0,65,-2,-47,1
10/29/2001 12:38:00,302,0,65,-2,-47,1
10/29/2001 12:39:00,302,0,64,-2,-47,1
10/29/2001 12:40:00,302,0,65,-2,-47,1
10/29/2001 12:41:00,302,0,64,-2,-47,1
10/29/2001 12:42:00,302,0,64,-2,-46,1
10/29/2001 12:43:00,302,0,64,-1,-46,1
10/29/2001 12:44:00,302,0,65,-1,-47,1
10/29/2001 12:45:00,302,0,66,-1,-46,1
10/29/2001 12:46:00,302,0,65,-1,-47,1
10/29/2001 12:47:00,302,0,65,-1,-46,1
10/29/2001 12:48:00,302,0,66,-1,-46,1
10/29/2001 12:49:00,302,0,66,-1,-46,1
10/29/2001 12:50:00,302,0,66,-1,-46,1
10/29/2001 12:51:00,302,0,67,0,-46,1
10/29/2001 12:52:00,302,0,68,-1,-47,1
10/29/2001 12:53:00,302,0,68,-1,-47,1
10/29/2001 12:54:00,302,0,67,0,-47,1
10/29/2001 12:55:00,302,0,68,0,-47,1
10/29/2001 12:56:00,302,0,69,-1,-47,1
10/29/2001 12:57:00,302,0,68,-1,-47,1
10/29/2001 12:58:00,302,0,68,-1,-47,1
10/29/2001 12:59:00,302,0,70,-1,-48,1
10/29/2001 13:00:00,302,0,70,-1,-48,1
10/29/2001 13:01:00,302,0,69,-1,-48,1
10/29/2001 13:02:00,302,0,70,-1,-48,1
10/29/2001 13:03:00,302,0,69,-1,-48,1
10/29/2001 13:04:00,302,0,70,-1,-49,1
10/29/2001 13:05:00,302,0,72,-1,-48,1
10/29/2001 13:06:00,302,0,70,-1,-48,1
10/29/2001 13:07:00,302,0,69,-1,-47,1
10/29/2001 13:08:00,302,0,69,-1,-47,1
10/29/2001 13:09:00,302,0,70,-2,-47,1
10/29/2001 13:10:00,302,0,70,-2,-47,1
10/29/2001 13:11:00,302,0,70,-2,-47,1
10/29/2001 13:12:00,302,0,69,-2,-47,1
10/29/2001 13:13:00,302,0,70,-2,-47,1
10/29/2001 13:14:00,302,0,71,-2,-47,1
10/29/2001 13:15:00,302,0,72,-2,-47,1
10/29/2001 13:16:00,302,0,71,-2,-47,1
10/29/2001 13:17:00,302,0,70,-2,-47,1
10/29/2001 13:18:00,302,0,71,-2,-46,1
10/29/2001 13:19:00,302,0,70,-1,-46,1
10/29/2001 13:20:00,302,0,70,-1,-46,1
10/29/2001 13:21:00,302,0,68,-1,-46,1
10/29/2001 13:22:00,302,0,66,-2,-46,1
10/29/2001 13:23:00,302,0,67,-2,-47,1
10/29/2001 13:24:00,302,0,70,-2,-47,1
10/29/2001 13:25:00,302,0,69,-2,-47,1
10/29/2001 13:26:00,302,0,68,-2,-47,1
10/29/2001 13:27:00,302,0,66,-2,-47,1
10/29/2001 13:28:00,302,0,64,-2,-47,1
10/29/2001 13:29:00,302,0,65,-2,-47,1
10/29/2001 13:30:00,302,0,65,-2,-46,1
10/29/2001 13:31:00,302,0,65,-2,-46,1
10/29/2001 13:32:00,302,0,64,-2,-46,1
10/29/2001 13:33:00,302,0,63,-2,-46,1
10/29/2001 13:34:00,302,0,61,-2,-46,1
10/29/2001 13:35:00,302,0,59,-1,-46,1
10/29/2001 13:36:00,302,0,58,-1,-46,1
10/29/2001 13:37:00,302,0,58,-1,-46,1
10/29/2001 13:38:00,302,0,58,-2,-46,1
10/29/2001 13:39:00,302,0,57,-2,-47,1
10/29/2001 13:40:00,302,0,57,-2,-47,1
10/29/2001 13:41:00,302,0,57,-2,-48,1
10/29/2001 13:42:00,302,0,58,-3,-48,1
10/29/2001 13:43:00,302,0,58,-3,-48,1
10/29/2001 13:44:00,302,0,59,-3,-49,1
10/29/2001 13:45:00,302,0,59,-3,-49,1
10/29/2001 13:46:00,302,0,60,-4,-49,1
10/29/2001 13:47:00,302,0,60,-4,-50,1
10/29/2001 13:48:00,302,0,60,-4,-50,1
10/29/2001 13:49:00,302,0,59,-4,-50,1
10/29/2001 13:50:00,302,0,58,-4,-50,1
10/29/2001 13:51:00,302,0,58,-4,-50,1
10/29/2001 13:52:00,302,0,58,-3,-50,1
10/29/2001 13:53:00,302,0,59,-4,-50,1
10/29/2001 13:54:00,302,0,60,-4,-50,1
10/29/2001 13:55:00,302,0,60,-4,-50,1
10/29/2001 13:56:00,302,0,60,-4,-50,1
10/29/2001 13:57:00,302,0,62,-4,-50,1
10/29/2001 13:58:00,302,0,62,-4,-50,1
10/29/2001 13:59:00,302,0,61,-5,-50,1
10/29/2001 14:00:00,302,0,62,-5,-50,1
10/29/2001 14:01:00,302,0,63,-5,-50,1
10/29/2001 14:02:00,302,0,63,-5,-50,1
10/29/2001 14:03:00,302,0,62,-5,-50,1
10/29/2001 14:04:00,302,0,62,-5,-50,1
10/29/2001 14:05:00,302,0,62,-5,-50,1
10/29/2001 14:06:00,302,0,61,-5,-50,1
10/29/2001 14:07:00,302,0,63,-5,-51,1
10/29/2001 14:08:00,302,0,65,-5,-51,1
10/29/2001 14:09:00,302,0,65,-5,-51,1
10/29/2001 14:10:00,302,0,66,-5,-51,1
10/29/2001 14:11:00,302,0,66,-5,-51,1
10/29/2001 14:12:00,302,0,68,-5,-51,1
10/29/2001 14:13:00,302,0,68,-5,-51,1
10/29/2001 14:14:00,302,0,68,-5,-51,1
10/29/2001 14:15:00,302,0,68,-5,-51,1
10/29/2001 14:16:00,302,0,68,-5,-52,1
10/29/2001 14:17:00,302,0,71,-6,-52,1
10/29/2001 14:18:00,302,0,73,-6,-52,1
10/29/2001 14:19:00,302,0,74,-6,-53,1
10/29/2001 14:20:00,302,0,74,-7,-53,1
10/29/2001 14:21:00,302,0,76,-6,-54,1
10/29/2001 14:22:00,302,0,76,-7,-54,1
10/29/2001 14:23:00,302,0,76,-7,-54,1
10/29/2001 14:24:00,302,0,74,-7,-54,1
10/29/2001 14:25:00,302,0,75,-8,-55,1
10/29/2001 14:26:00,302,0,77,-8,-55,1
10/29/2001 14:27:00,302,0,79,-8,-56,1
10/29/2001 14:28:00,302,0,81,-8,-55,1
10/29/2001 14:29:00,302,0,82,-8,-55,1
10/29/2001 14:30:00,302,0,82,-8,-55,1
10/29/2001 14:31:00,302,0,83,-8,-56,1
10/29/2001 14:32:00,302,0,82,-9,-56,1
10/29/2001 14:33:00,302,0,82,-9,-56,1
10/29/2001 14:34:00,302,0,84,-9,-56,1
10/29/2001 14:35:00,302,0,84,-9,-56,1
10/29/2001 14:36:00,302,0,85,-9,-56,1
10/29/2001 14:37:00,302,0,85,-9,-55,1
10/29/2001 14:38:00,302,0,83,-9,-55,1
10/29/2001 14:39:00,302,0,85,-9,-55,1
10/29/2001 14:40:00,302,0,86,-9,-55,1
10/29/2001 14:41:00,302,0,87,-9,-54,1
10/29/2001 14:42:00,302,0,87,-9,-55,1
10/29/2001 14:43:00,302,0,90,-9,-55,1
10/29/2001 14:44:00,302,0,91,-9,-55,1
10/29/2001 14:45:00,302,0,92,-9,-54,1
10/29/2001 14:46:00,302,0,93,-9,-54,1
10/29/2001 14:47:00,302,0,94,-10,-53,1
10/29/2001 14:48:00,302,0,95,-9,-53,1
10/29/2001 14:49:00,302,0,95,-9,-53,1
10/29/2001 14:50:00,302,0,97,-9,-52,1
10/29/2001 14:51:00,302,0,96,-9,-52,1
10/29/2001 14:52:00,302,0,97,-9,-51,1
10/29/2001 14:53:00,302,0,96,-9,-50,1
10/29/2001 14:54:00,302,0,95,-8,-50,1
10/29/2001 14:55:00,302,0,94,-8,-50,1
10/29/2001 14:56:00,302,0,95,-9,-50,1
10/29/2001 14:57:00,302,0,95,-9,-50,1
10/29/2001 14:58:00,302,0,97,-9,-50,1
10/29/2001 14:59:00,302,0,98,-9,-51,1
10/29/2001 15:00:00,302,0,100,-9,-50,1
10/29/2001 15:01:00,302,0,98,-9,-50,1
10/29/2001 15:02:00,302,0,97,-9,-49,1
10/29/2001 15:03:00,302,0,98,-9,-49,1
10/29/2001 15:04:00,302,0,99,-8,-49,1
10/29/2001 15:05:00,302,0,98,-8,-48,1
10/29/2001 15:06:00,302,0,98,-8,-48,1
10/29/2001 15:07:00,302,0,97,-7,-48,1
10/29/2001 15:08:00,302,0,97,-7,-47,1
10/29/2001 15:09:00,302,0,96,-7,-48,1
10/29/2001 15:10:00,302,0,96,-7,-47,1
10/29/2001 15:11:00,302,0,96,-6,-47,1
10/29/2001 15:12:00,302,0,96,-6,-47,1
10/29/2001 15:13:00,302,0,96,-6,-47,1
10/29/2001 15:14:00,302,0,95,-6,-47,1
10/29/2001 15:15:00,302,0,94,-6,-47,1
10/29/2001 15:16:00,302,0,94,-6,-47,1
10/29/2001 15:17:00,302,0,94,-5,-48,1
10/29/2001 15:18:00,302,0,95,-5,-48,1
10/29/2001 15:19:00,302,0,95,-5,-48,1
10/29/2001 15:20:00,302,0,94,-5,-48,1
10/29/2001 15:21:00,302,0,94,-5,-48,1
10/29/2001 15:22:00,302,0,93,-5,-48,1
10/29/2001 15:23:00,302,0,94,-5,-48,1
10/29/2001 15:24:00,302,0,95,-4,-48,1
10/29/2001 15:25:00,302,0,95,-4,-48,1
10/29/2001 15:26:00,302,0,96,-4,-48,1
10/29/2001 15:27:00,302,0,96,-4,-48,1
10/29/2001 15:28:00,302,0,96,-4,-47,1
10/29/2001 15:29:00,302,0,96,-4,-48,1
10/29/2001 15:30:00,302,0,95,-4,-48,1
10/29/2001 15:31:00,302,0,96,-5,-48,1
10/29/2001 15:32:00,302,0,97,-5,-47,1
10/29/2001 15:33:00,302,0,97,-5,-47,1
10/29/2001 15:34:00,302,0,97,-5,-47,1
10/29/2001 15:35:00,302,0,98,-5,-47,1
10/29/2001 15:36:00,302,0,97,-5,-46,1
10/29/2001 15:37:00,302,0,96,-5,-47,1
10/29/2001 15:38:00,302,0,96,-6,-48,1
10/29/2001 15:39:00,302,0,94,-7,-49,1
10/29/2001 15:40:00,302,0,98,-7,-50,1
10/29/2001 15:41:00,302,0,101,-8,-50,1
10/29/2001 15:42:00,302,0,100,-8,-50,1
10/29/2001 15:43:00,302,0,101,-8,-50,1
10/29/2001 15:44:00,302,0,98,-8,-49,1
10/29/2001 15:45:00,302,0,96,-8,-49,1
10/29/2001 15:46:00,302,0,96,-9,-50,1
10/29/2001 15:47:00,302,0,97,-9,-49,1
10/29/2001 15:48:00,302,0,96,-9,-49,1
10/29/2001 15:49:00,302,0,95,-10,-49,1
10/29/2001 15:50:00,302,0,95,-10,-48,1
10/29/2001 15:51:00,302,0,94,-10,-48,1
10/29/2001 15:52:00,302,0,92,-10,-47,1
10/29/2001 15:53:00,302,0,89,-10,-47,1
10/29/2001 15:54:00,302,0,88,-10,-47,1
10/29/2001 15:55:00,302,0,87,-10,-47,1
10/29/2001 15:56:00,302,0,87,-10,-46,1
10/29/2001 15:57:00,302,0,86,-10,-46,1
10/29/2001 15:58:00,302,0,85,-10,-45,1
10/29/2001 15:59:00,302,0,83,-10,-45,1
10/29/2001 16:00:00,302,0,81,-10,-45,1
10/29/2001 16:01:00,302,0,80,-10,-46,1
10/29/2001 16:02:00,302,0,79,-10,-46,1
10/29/2001 16:03:00,302,0,78,-10,-46,1
10/29/2001 16:04:00,302,0,79,-10,-46,1
10/29/2001 16:05:00,302,0,78,-10,-46,1
10/29/2001 16:06:00,302,0,77,-10,-46,1
10/29/2001 16:07:00,302,0,75,-10,-45,1
10/29/2001 16:08:00,302,0,74,-10,-45,1
10/29/2001 16:09:00,302,0,73,-10,-45,1
10/29/2001 16:10:00,302,0,72,-10,-45,1
10/29/2001 16:11:00,302,0,70,-10,-44,1
10/29/2001 16:12:00,302,0,70,-10,-44,1
10/29/2001 16:13:00,302,0,69,-10,-44,1
10/29/2001 16:14:00,302,0,68,-10,-44,1
10/29/2001 16:15:00,302,0,67,-10,-44,1
10/29/2001 16:16:00,302,0,66,-10,-43,1
10/29/2001 16:17:00,302,0,66,-10,-43,1
10/29/2001 16:18:00,302,0,66,-9,-42,1
10/29/2001 16:19:00,302,0,64,-9,-42,1
10/29/2001 16:20:00,302,0,64,-9,-41,1
10/29/2001 16:21:00,302,0,63,-9,-41,1
10/29/2001 16:22:00,302,0,63,-9,-41,1
10/29/2001 16:23:00,302,0,63,-8,-41,1
10/29/2001 16:24:00,302,0,61,-8,-41,1
10/29/2001 16:25:00,302,0,60,-8,-41,1
10/29/2001 16:26:00,302,0,60,-8,-42,1
10/29/2001 16:27:00,302,0,59,-8,-42,1
10/29/2001 16:28:00,302,0,60,-8,-43,1
10/29/2001 16:29:00,302,0,60,-8,-43,1
10/29/2001 16:30:00,302,0,59,-8,-43,1
10/29/2001 16:31:00,302,0,56,-7,-43,1
10/29/2001 16:32:00,302,0,55,-8,-43,1
10/29/2001 16:33:00,302,0,54,-8,-43,1
10/29/2001 16:34:00,302,0,54,-8,-44,1
10/29/2001 16:35:00,302,0,53,-8,-43,1
10/29/2001 16:36:00,302,0,54,-8,-43,1
10/29/2001 16:37:00,302,0,55,-8,-43,1
10/29/2001 16:38:00,302,0,54,-8,-42,1
10/29/2001 16:39:00,302,0,53,-8,-42,1
10/29/2001 16:40:00,302,0,53,-8,-42,1
10/29/2001 16:41:00,302,0,53,-8,-41,1
10/29/2001 16:42:00,302,0,52,-8,-42,1
10/29/2001 16:43:00,302,0,51,-8,-41,1
10/29/2001 16:44:00,302,0,49,-8,-41,1
10/29/2001 16:45:00,302,0,49,-8,-41,1
10/29/2001 16:46:00,302,0,49,-8,-42,1
10/29/2001 16:47:00,302,0,46,-8,-43,1
10/29/2001 16:48:00,302,0,44,-8,-44,1
10/29/2001 16:49:00,302,0,43,-8,-44,1
10/29/2001 16:50:00,302,0,44,-8,-44,1
10/29/2001 16:51:00,302,0,43,-8,-44,1
10/29/2001 16:52:00,302,0,43,-8,-44,1
10/29/2001 16:53:00,302,0,44,-8,-44,1
10/29/2001 16:54:00,302,0,45,-8,-44,1
10/29/2001 16:55:00,302,0,43,-8,-45,1
10/29/2001 16:56:00,302,0,41,-8,-45,1
10/29/2001 16:57:00,302,0,42,-8,-46,1
10/29/2001 16:58:00,302,0,42,-8,-46,1
10/29/2001 16:59:00,302,0,42,-8,-46,1
10/29/2001 17:00:00,302,0,41,-8,-45,1
10/29/2001 17:01:00,302,0,41,-8,-45,1
10/29/2001 17:02:00,302,0,42,-8,-45,1
10/29/2001 17:03:00,302,0,42,-8,-45,1
10/29/2001 17:04:00,302,0,40,-8,-46,1
10/29/2001 17:05:00,302,0,41,-8,-45,1
10/29/2001 17:06:00,302,0,43,-7,-45,1
10/29/2001 17:07:00,302,0,40,-7,-45,1
10/29/2001 17:08:00,302,0,39,-7,-46,1
10/29/2001 17:09:00,302,0,39,-7,-46,1
10/29/2001 17:10:00,302,0,39,-7,-46,1
10/29/2001 17:11:00,302,0,39,-7,-46,1
10/29/2001 17:12:00,302,0,38,-7,-46,1
10/29/2001 17:13:00,302,0,38,-7,-46,1
10/29/2001 17:14:00,302,0,39,-6,-47,1
10/29/2001 17:15:00,302,0,37,-7,-48,1
10/29/2001 17:16:00,302,0,37,-7,-49,1
10/29/2001 17:17:00,302,0,36,-7,-50,1
10/29/2001 17:18:00,302,0,35,-6,-51,1
10/29/2001 17:19:00,302,0,37,-6,-51,1
10/29/2001 17:20:00,302,0,38,-7,-51,1
10/29/2001 17:21:00,302,0,38,-7,-51,1
10/29/2001 17:22:00,302,0,39,-7,-51,1
10/29/2001 17:23:00,302,0,39,-6,-51,1
10/29/2001 17:24:00,302,0,39,-6,-51,1
10/29/2001 17:25:00,302,0,39,-6,-51,1
10/29/2001 17:26:00,302,0,40,-6,-51,1
10/29/2001 17:27:00,302,0,40,-6,-51,1
10/29/2001 17:28:00,302,0,39,-6,-51,1
10/29/2001 17:29:00,302,0,40,-6,-52,1
10/29/2001 17:30:00,302,0,40,-6,-51,1
10/29/2001 17:31:00,302,0,41,-6,-51,1
10/29/2001 17:32:00,302,0,40,-5,-51,1
10/29/2001 17:33:00,302,0,39,-5,-51,1
10/29/2001 17:34:00,302,0,40,-5,-51,1
10/29/2001 17:35:00,302,0,40,-5,-52,1
10/29/2001 17:36:00,302,0,39,-5,-52,1
10/29/2001 17:37:00,302,0,40,-5,-51,1
10/29/2001 17:38:00,302,0,41,-5,-51,1
10/29/2001 17:39:00,302,0,41,-5,-51,1
10/29/2001 17:40:00,302,0,40,-5,-51,1
10/29/2001 17:41:00,302,0,40,-5,-51,1
10/29/2001 17:42:00,302,0,40,-5,-51,1
10/29/2001 17:43:00,302,0,40,-5,-51,1
10/29/2001 17:44:00,302,0,41,-5,-51,1
10/29/2001 17:45:00,302,0,41,-5,-51,1
10/29/2001 17:46:00,302,0,41,-5,-51,1
10/29/2001 17:47:00,302,0,41,-5,-51,1
10/29/2001 17:48:00,302,0,40,-5,-51,1
10/29/2001 17:49:00,302,0,40,-5,-51,1
10/29/2001 17:50:00,302,0,40,-5,-51,1
10/29/2001 17:51:00,302,0,42,-5,-51,1
10/29/2001 17:52:00,302,0,41,-5,-51,1
10/29/2001 17:53:00,302,0,42,-5,-51,1
10/29/2001 17:54:00,302,0,42,-5,-51,1
10/29/2001 17:55:00,302,0,42,-5,-51,1
10/29/2001 17:56:00,302,0,42,-5,-52,1
10/29/2001 17:57:00,302,0,43,-5,-51,1
10/29/2001 17:58:00,302,0,43,-5,-51,1
10/29/2001 17:59:00,302,0,42,-5,-52,1
10/29/2001 18:00:00,302,0,41,-5,-52,1
10/29/2001 18:01:00,302,0,42,-5,-52,1
10/29/2001 18:02:00,302,0,40,-5,-52,1
10/29/2001 18:03:00,302,0,41,-5,-52,1
10/29/2001 18:04:00,302,0,42,-5,-52,1
10/29/2001 18:05:00,302,0,43,-5,-52,1
10/29/2001 18:06:00,302,0,42,-5,-52,1
10/29/2001 18:07:00,302,0,42,-5,-52,1
10/29/2001 18:08:00,302,0,43,-6,-52,1
10/29/2001 18:09:00,302,0,43,-5,-52,1
10/29/2001 18:10:00,302,0,43,-5,-52,1
10/29/2001 18:11:00,302,0,43,-6,-52,1
10/29/2001 18:12:00,302,0,42,-5,-52,1
10/29/2001 18:13:00,302,0,42,-5,-52,1
10/29/2001 18:14:00,302,0,41,-5,-52,1
10/29/2001 18:15:00,302,0,39,-5,-52,1
10/29/2001 18:16:00,302,0,37,-5,-52,1
10/29/2001 18:17:00,302,0,38,-5,-52,1
10/29/2001 18:18:00,302,0,38,-5,-52,1
10/29/2001 18:19:00,302,0,38,-5,-52,1
10/29/2001 18:20:00,302,0,37,-5,-52,1
10/29/2001 18:21:00,302,0,37,-5,-53,1
10/29/2001 18:22:00,302,0,38,-5,-53,1
10/29/2001 18:23:00,302,0,38,-5,-53,1
10/29/2001 18:24:00,302,0,38,-5,-53,1
10/29/2001 18:25:00,302,0,36,-5,-53,1
10/29/2001 18:26:00,302,0,37,-5,-53,1
10/29/2001 18:27:00,302,0,36,-5,-53,1
10/29/2001 18:28:00,302,0,36,-5,-53,1
10/29/2001 18:29:00,302,0,35,-6,-53,1
10/29/2001 18:30:00,302,0,35,-6,-54,1
10/29/2001 18:31:00,302,0,33,-6,-54,1
10/29/2001 18:32:00,302,0,32,-6,-55,1
10/29/2001 18:33:00,302,0,32,-6,-55,1
10/29/2001 18:34:00,302,0,32,-6,-55,1
10/29/2001 18:35:00,302,0,32,-6,-55,1
10/29/2001 18:36:00,302,0,31,-6,-55,1
10/29/2001 18:37:00,302,0,31,-6,-55,1
10/29/2001 18:38:00,302,0,31,-6,-54,1
10/29/2001 18:39:00,302,0,31,-6,-54,1
10/29/2001 18:40:00,302,0,33,-6,-53,1
10/29/2001 18:41:00,302,0,35,-6,-53,1
10/29/2001 18:42:00,302,0,35,-6,-52,1
10/29/2001 18:43:00,302,0,35,-6,-52,1
10/29/2001 18:44:00,302,0,36,-6,-52,1
10/29/2001 18:45:00,302,0,35,-6,-51,1
10/29/2001 18:46:00,302,0,35,-6,-51,1
10/29/2001 18:47:00,302,0,36,-6,-50,1
10/29/2001 18:48:00,302,0,34,-6,-50,1
10/29/2001 18:49:00,302,0,35,-6,-50,1
10/29/2001 18:50:00,302,0,34,-6,-50,1
10/29/2001 18:51:00,302,0,32,-6,-50,1
10/29/2001 18:52:00,302,0,31,-6,-51,1
10/29/2001 18:53:00,302,0,29,-6,-51,1
10/29/2001 18:54:00,302,0,27,-6,-51,1
10/29/2001 18:55:00,302,0,28,-6,-51,1
10/29/2001 18:56:00,302,0,28,-6,-50,1
10/29/2001 18:57:00,302,0,28,-6,-51,1
10/29/2001 18:58:00,302,0,28,-6,-50,1
10/29/2001 18:59:00,302,0,28,-6,-50,1
10/29/2001 19:00:00,302,0,27,-6,-51,1
10/29/2001 19:01:00,302,0,26,-6,-50,1
10/29/2001 19:02:00,302,0,25,-6,-50,1
10/29/2001 19:03:00,302,0,25,-6,-50,1
10/29/2001 19:04:00,302,0,25,-6,-50,1
10/29/2001 19:05:00,302,0,24,-6,-50,1
10/29/2001 19:06:00,302,0,24,-6,-50,1
10/29/2001 19:07:00,302,0,24,-6,-50,1
10/29/2001 19:08:00,302,0,24,-6,-50,1
10/29/2001 19:09:00,302,0,23,-6,-50,1
10/29/2001 19:10:00,302,0,23,-6,-50,1
10/29/2001 19:11:00,302,0,23,-6,-49,1
10/29/2001 19:12:00,302,0,25,-6,-48,1
10/29/2001 19:13:00,302,0,24,-6,-48,1
10/29/2001 19:14:00,302,0,25,-6,-48,1
10/29/2001 19:15:00,302,0,25,-6,-47,1
10/29/2001 19:16:00,302,0,26,-6,-47,1
10/29/2001 19:17:00,302,0,26,-6,-47,1
10/29/2001 19:18:00,302,0,27,-7,-47,1
10/29/2001 19:19:00,302,0,26,-7,-47,1
10/29/2001 19:20:00,302,0,24,-7,-47,1
10/29/2001 19:21:00,302,0,24,-7,-47,1
10/29/2001 19:22:00,302,0,25,-7,-47,1
10/29/2001 19:23:00,302,0,25,-7,-47,1
10/29/2001 19:24:00,302,0,25,-7,-47,1
10/29/2001 19:25:00,302,0,26,-7,-48,1
10/29/2001 19:26:00,302,0,25,-7,-48,1
10/29/2001 19:27:00,302,0,26,-7,-49,1
10/29/2001 19:28:00,302,0,26,-7,-50,1
10/29/2001 19:29:00,302,0,24,-7,-51,1
10/29/2001 19:30:00,302,0,24,-7,-52,1
10/29/2001 19:31:00,302,0,24,-7,-52,1
10/29/2001 19:32:00,302,0,23,-7,-53,1
10/29/2001 19:33:00,302,0,23,-7,-53,1
10/29/2001 19:34:00,302,0,24,-7,-54,1
10/29/2001 19:35:00,302,0,25,-7,-54,1
10/29/2001 19:36:00,302,0,25,-6,-55,1
10/29/2001 19:37:00,302,0,26,-6,-55,1
10/29/2001 19:38:00,302,0,25,-6,-55,1
10/29/2001 19:39:00,302,0,24,-6,-55,1
10/29/2001 19:40:00,302,0,24,-6,-55,1
10/29/2001 19:41:00,302,0,23,-7,-54,1
10/29/2001 19:42:00,302,0,23,-6,-54,1
10/29/2001 19:43:00,302,0,22,-6,-55,1
10/29/2001 19:44:00,302,0,22,-6,-55,1
10/29/2001 19:45:00,302,0,23,-6,-56,1
10/29/2001 19:46:00,302,0,23,-6,-57,1
10/29/2001 19:47:00,302,0,23,-6,-57,1
10/29/2001 19:48:00,302,0,23,-6,-57,1
10/29/2001 19:49:00,302,0,22,-6,-57,1
10/29/2001 19:50:00,302,0,21,-6,-56,1
10/29/2001 19:51:00,302,0,20,-6,-56,1
10/29/2001 19:52:00,302,0,20,-6,-57,1
10/29/2001 19:53:00,302,0,22,-5,-57,1
10/29/2001 19:54:00,302,0,23,-5,-58,1
10/29/2001 19:55:00,302,0,22,-5,-59,1
10/29/2001 19:56:00,302,0,21,-5,-59,1
10/29/2001 19:57:00,302,0,22,-5,-61,1
10/29/2001 19:58:00,302,0,22,-5,-61,1
10/29/2001 19:59:00,302,0,21,-5,-62,1
10/29/2001 20:00:00,302,0,22,-5,-62,1
10/29/2001 20:01:00,302,0,22,-5,-62,1
10/29/2001 20:02:00,302,0,21,-4,-62,1
10/29/2001 20:03:00,302,0,21,-4,-61,1
10/29/2001 20:04:00,302,0,20,-4,-60,1
10/29/2001 20:05:00,302,0,21,-4,-59,1
10/29/2001 20:06:00,302,0,22,-4,-58,1
10/29/2001 20:07:00,302,0,21,-4,-57,1
10/29/2001 20:08:00,302,0,21,-5,-56,1
10/29/2001 20:09:00,302,0,21,-5,-55,1
10/29/2001 20:10:00,302,0,21,-5,-55,1
10/29/2001 20:11:00,302,0,20,-5,-54,1
10/29/2001 20:12:00,302,0,20,-5,-53,1
10/29/2001 20:13:00,302,0,19,-5,-53,1
10/29/2001 20:14:00,302,0,20,-6,-52,1
10/29/2001 20:15:00,302,0,21,-5,-52,1
10/29/2001 20:16:00,302,0,21,-6,-52,1
10/29/2001 20:17:00,302,0,21,-5,-51,1
10/29/2001 20:18:00,302,0,21,-5,-52,1
10/29/2001 20:19:00,302,0,21,-5,-51,1
10/29/2001 20:20:00,302,0,21,-6,-52,1
10/29/2001 20:21:00,302,0,22,-5,-51,1
10/29/2001 20:22:00,302,0,22,-5,-51,1
10/29/2001 20:23:00,302,0,22,-5,-51,1
10/29/2001 20:24:00,302,0,22,-5,-51,1
10/29/2001 20:25:00,302,0,22,-5,-50,1
10/29/2001 20:26:00,302,0,22,-5,-50,1
10/29/2001 20:27:00,302,0,22,-5,-50,1
10/29/2001 20:28:00,302,0,23,-5,-51,1
10/29/2001 20:29:00,302,0,23,-5,-51,1
10/29/2001 20:30:00,302,0,23,-5,-51,1
10/29/2001 20:31:00,302,0,23,-5,-51,1
10/29/2001 20:32:00,302,0,24,-5,-51,1
10/29/2001 20:33:00,302,0,23,-5,-51,1
10/29/2001 20:34:00,302,0,23,-5,-51,1
10/29/2001 20:35:00,302,0,24,-5,-51,1
10/29/2001 20:36:00,302,0,24,-5,-51,1
10/29/2001 20:37:00,302,0,24,-5,-51,1
10/29/2001 20:38:00,302,0,23,-5,-51,1
10/29/2001 20:39:00,302,0,23,-5,-51,1
10/29/2001 20:40:00,302,0,23,-5,-51,1
10/29/2001 20:41:00,302,0,25,-5,-51,1
10/29/2001 20:42:00,302,0,24,-5,-50,1
10/29/2001 20:43:00,302,0,24,-5,-50,1
10/29/2001 20:44:00,302,0,24,-5,-50,1
10/29/2001 20:45:00,302,0,24,-5,-50,1
10/29/2001 20:46:00,302,0,24,-5,-50,1
10/29/2001 20:47:00,302,0,24,-5,-50,1
10/29/2001 20:48:00,302,0,24,-5,-50,1
10/29/2001 20:49:00,302,0,23,-5,-50,1
10/29/2001 20:50:00,302,0,23,-5,-50,1
10/29/2001 20:51:00,302,0,23,-5,-50,1
10/29/2001 20:52:00,302,0,23,-5,-50,1
10/29/2001 20:53:00,302,0,23,-4,-50,1
10/29/2001 20:54:00,302,0,23,-4,-50,1
10/29/2001 20:55:00,302,0,22,-4,-49,1
10/29/2001 20:56:00,302,0,22,-4,-49,1
10/29/2001 20:57:00,302,0,22,-4,-49,1
10/29/2001 20:58:00,302,0,22,-4,-49,1
10/29/2001 20:59:00,302,0,22,-4,-49,1
10/29/2001 21:00:00,302,0,21,-4,-49,1
10/29/2001 21:01:00,302,0,21,-4,-49,1
10/29/2001 21:02:00,302,0,21,-4,-50,1
10/29/2001 21:03:00,302,0,21,-4,-50,1
10/29/2001 21:04:00,302,0,21,-4,-50,1
10/29/2001 21:05:00,302,0,20,-4,-50,1
10/29/2001 21:06:00,302,0,20,-4,-50,1
10/29/2001 21:07:00,302,0,20,-4,-50,1
10/29/2001 21:08:00,302,0,19,-4,-50,1
10/29/2001 21:09:00,302,0,20,-4,-50,1
10/29/2001 21:10:00,302,0,20,-4,-50,1
10/29/2001 21:11:00,302,0,20,-4,-50,1
10/29/2001 21:12:00,302,0,19,-4,-49,1
10/29/2001 21:13:00,302,0,19,-4,-49,1
10/29/2001 21:14:00,302,0,18,-4,-49,1
10/29/2001 21:15:00,302,0,18,-4,-50,1
10/29/2001 21:16:00,302,0,18,-4,-50,1
10/29/2001 21:17:00,302,0,18,-4,-50,1
10/29/2001 21:18:00,302,0,17,-3,-49,1
10/29/2001 21:19:00,302,0,17,-3,-49,1
10/29/2001 21:20:00,302,0,17,-3,-50,1
10/29/2001 21:21:00,302,0,17,-3,-50,1
10/29/2001 21:22:00,302,0,17,-3,-50,1
10/29/2001 21:23:00,302,0,17,-3,-49,1
10/29/2001 21:24:00,302,0,17,-3,-49,1
10/29/2001 21:25:00,302,0,16,-3,-49,1
10/29/2001 21:26:00,302,0,15,-3,-49,1
10/29/2001 21:27:00,302,0,16,-3,-49,1
10/29/2001 21:28:00,302,0,16,-3,-49,1
10/29/2001 21:29:00,302,0,15,-3,-49,1
10/29/2001 21:30:00,302,0,15,-3,-49,1
10/29/2001 21:31:00,302,0,15,-3,-49,1
10/29/2001 21:32:00,302,0,15,-3,-49,1
10/29/2001 21:33:00,302,0,15,-3,-49,1
10/29/2001 21:34:00,302,0,14,-3,-49,1
10/29/2001 21:35:00,302,0,14,-3,-49,1
10/29/2001 21:36:00,302,0,15,-3,-49,1
10/29/2001 21:37:00,302,0,13,-3,-49,1
10/29/2001 21:38:00,302,0,14,-3,-49,1
10/29/2001 21:39:00,302,0,14,-3,-48,1
10/29/2001 21:40:00,302,0,14,-3,-49,1
10/29/2001 21:41:00,302,0,14,-3,-49,1
10/29/2001 21:42:00,302,0,14,-3,-49,1
10/29/2001 21:43:00,302,0,13,-3,-48,1
10/29/2001 21:44:00,302,0,13,-3,-49,1
10/29/2001 21:45:00,302,0,13,-3,-48,1
10/29/2001 21:46:00,302,0,13,-3,-48,1
10/29/2001 21:47:00,302,0,14,-3,-49,1
10/29/2001 21:48:00,302,0,13,-3,-49,1
10/29/2001 21:49:00,302,0,13,-3,-49,1
10/29/2001 21:50:00,302,0,13,-3,-49,1
10/29/2001 21:51:00,302,0,13,-3,-49,1
10/29/2001 21:52:00,302,0,13,-3,-49,1
10/29/2001 21:53:00,302,0,14,-3,-49,1
10/29/2001 21:54:00,302,0,13,-3,-49,1
10/29/2001 21:55:00,302,0,13,-3,-50,1
10/29/2001 21:56:00,302,0,13,-3,-50,1
10/29/2001 21:57:00,302,0,13,-3,-50,1
10/29/2001 21:58:00,302,0,13,-3,-50,1
10/29/2001 21:59:00,302,0,13,-3,-50,1
10/29/2001 22:00:00,302,0,13,-3,-50,1
10/29/2001 22:01:00,302,0,13,-3,-50,1
10/29/2001 22:02:00,302,0,13,-3,-50,1
10/29/2001 22:03:00,302,0,14,-3,-50,1
10/29/2001 22:04:00,302,0,13,-3,-49,1
10/29/2001 22:05:00,302,0,13,-3,-48,1
10/29/2001 22:06:00,302,0,16,-2,-46,1
10/29/2001 22:07:00,302,0,19,-2,-44,1
10/29/2001 22:08:00,302,0,22,-1,-43,1
10/29/2001 22:09:00,302,0,23,-2,-42,1
10/29/2001 22:10:00,302,0,24,-2,-40,1
10/29/2001 22:11:00,302,0,24,-1,-38,1
10/29/2001 22:12:00,302,0,26,-1,-35,1
10/29/2001 22:13:00,302,0,29,-1,-32,1
10/29/2001 22:14:00,302,0,31,0,-30,1
10/29/2001 22:15:00,302,0,32,1,-28,1
10/29/2001 22:16:00,302,0,30,0,-28,1
10/29/2001 22:17:00,302,0,27,-1,-30,1
10/29/2001 22:18:00,302,0,20,-2,-33,1
10/29/2001 22:19:00,302,0,20,-2,-35,1
10/29/2001 22:20:00,302,0,19,-2,-37,1
10/29/2001 22:21:00,302,0,18,-2,-37,1
10/29/2001 22:22:00,302,0,18,-3,-37,1
10/29/2001 22:23:00,302,0,17,-3,-37,1
10/29/2001 22:24:00,302,0,17,-3,-38,1
10/29/2001 22:25:00,302,0,18,-3,-39,1
10/29/2001 22:26:00,302,0,17,-3,-40,1
10/29/2001 22:27:00,302,0,16,-3,-40,1
10/29/2001 22:28:00,302,0,15,-3,-41,1
10/29/2001 22:29:00,302,0,16,-3,-39,1
10/29/2001 22:30:00,302,0,17,-2,-39,1
10/29/2001 22:31:00,302,0,16,-2,-38,1
10/29/2001 22:32:00,302,0,16,-2,-36,1
10/29/2001 22:33:00,302,0,18,-2,-35,1
10/29/2001 22:34:00,302,0,18,-1,-34,1
10/29/2001 22:35:00,302,0,19,-1,-33,1
10/29/2001 22:36:00,302,0,18,-1,-34,1
10/29/2001 22:37:00,302,0,18,-2,-34,1
10/29/2001 22:38:00,302,0,17,-2,-35,1
10/29/2001 22:39:00,302,0,17,-2,-36,1
10/29/2001 22:40:00,302,0,17,-2,-36,1
10/29/2001 22:41:00,302,0,17,-2,-37,1
10/29/2001 22:42:00,302,0,17,-2,-37,1
10/29/2001 22:43:00,302,0,17,-1,-37,1
10/29/2001 22:44:00,302,0,16,-2,-37,1
10/29/2001 22:45:00,302,0,18,-2,-38,1
10/29/2001 22:46:00,302,0,19,-2,-39,1
10/29/2001 22:47:00,302,0,21,-3,-40,1
10/29/2001 22:48:00,302,0,22,-3,-41,1
10/29/2001 22:49:00,302,0,23,-3,-43,1
10/29/2001 22:50:00,302,0,24,-3,-44,1
10/29/2001 22:51:00,302,0,23,-3,-43,1
10/29/2001 22:52:00,302,0,23,-3,-43,1
10/29/2001 22:53:00,302,0,22,-3,-43,1
10/29/2001 22:54:00,302,0,21,-3,-42,1
10/29/2001 22:55:00,302,0,21,-3,-42,1
10/29/2001 22:56:00,302,0,22,-2,-42,1
10/29/2001 22:57:00,302,0,22,-2,-42,1
10/29/2001 22:58:00,302,0,23,-2,-42,1
10/29/2001 22:59:00,302,0,22,-2,-41,1
10/29/2001 23:00:00,302,0,23,-2,-41,1
10/29/2001 23:01:00,302,0,22,-2,-41,1
10/29/2001 23:02:00,302,0,21,-2,-40,1
10/29/2001 23:03:00,302,0,21,-2,-40,1
10/29/2001 23:04:00,302,0,22,-2,-39,1
10/29/2001 23:05:00,302,0,21,-2,-39,1
10/29/2001 23:06:00,302,0,19,-1,-38,1
10/29/2001 23:07:00,302,0,20,-1,-37,1
10/29/2001 23:08:00,302,0,20,-1,-37,1
10/29/2001 23:09:00,302,0,21,-2,-37,1
10/29/2001 23:10:00,302,0,22,-1,-36,1
10/29/2001 23:11:00,302,0,22,-1,-34,1
10/29/2001 23:12:00,302,0,23,0,-33,1
10/29/2001 23:13:00,302,0,23,0,-32,1
10/29/2001 23:14:00,302,0,23,0,-30,1
10/29/2001 23:15:00,302,0,24,0,-30,1
10/29/2001 23:16:00,302,0,24,0,-29,1
10/29/2001 23:17:00,302,0,24,0,-29,1
10/29/2001 23:18:00,302,0,24,0,-29,1
10/29/2001 23:19:00,302,0,25,-1,-30,1
10/29/2001 23:20:00,302,0,26,-1,-31,1
10/29/2001 23:21:00,302,0,27,-2,-33,1
10/29/2001 23:22:00,302,0,27,-2,-34,1
10/29/2001 23:23:00,302,0,25,-2,-35,1
10/29/2001 23:24:00,302,0,24,-2,-34,1
10/29/2001 23:25:00,302,0,22,-2,-34,1
10/29/2001 23:26:00,302,0,21,-2,-35,1
10/29/2001 23:27:00,302,0,21,-2,-36,1
10/29/2001 23:28:00,302,0,20,-2,-37,1
10/29/2001 23:29:00,302,0,20,-3,-38,1
10/29/2001 23:30:00,302,0,20,-3,-37,1
10/29/2001 23:31:00,302,0,19,-2,-37,1
10/29/2001 23:32:00,302,0,19,-2,-37,1
10/29/2001 23:33:00,302,0,21,-2,-37,1
10/29/2001 23:34:00,302,0,20,-2,-37,1
10/29/2001 23:35:00,302,0,20,-2,-37,1
10/29/2001 23:36:00,302,0,19,-2,-38,1
10/29/2001 23:37:00,302,0,18,-2,-38,1
10/29/2001 23:38:00,302,0,17,-3,-37,1
10/29/2001 23:39:00,302,0,17,-3,-37,1
10/29/2001 23:40:00,302,0,16,-3,-37,1
10/29/2001 23:41:00,302,0,17,-3,-36,1
10/29/2001 23:42:00,302,0,16,-2,-36,1
10/29/2001 23:43:00,302,0,16,-2,-36,1
10/29/2001 23:44:00,302,0,16,-3,-36,1
10/29/2001 23:45:00,302,0,17,-2,-36,1
10/29/2001 23:46:00,302,0,16,-2,-35,1
10/29/2001 23:47:00,302,0,16,-2,-35,1
10/29/2001 23:48:00,302,0,17,-2,-35,1
10/29/2001 23:49:00,302,0,18,-2,-34,1
10/29/2001 23:50:00,302,0,17,-2,-34,1
10/29/2001 23:51:00,302,0,17,-2,-34,1
10/29/2001 23:52:00,302,0,16,-2,-34,1
10/29/2001 23:53:00,302,0,16,-3,-34,1
10/29/2001 23:54:00,302,0,17,-3,-34,1
10/29/2001 23:55:00,302,0,19,-3,-33,1
10/29/2001 23:56:00,302,0,19,-3,-33,1
10/29/2001 23:57:00,302,0,19,-3,-33,1
10/29/2001 23:58:00,302,0,20,-3,-33,1
10/29/2001 23:59:00,302,0,21,-3,-34,1
