DateTime,DOY,D_TEC,ASY_H,SYM_D,SYM_H,Location
3/9/2012 0:00,69,0,40,-3,-24,1
3/9/2012 0:01,69,0,41,-3,-23,1
3/9/2012 0:02,69,0,41,-3,-21,1
3/9/2012 0:03,69,0,42,-3,-20,1
3/9/2012 0:04,69,0,44,-2,-19,1
3/9/2012 0:05,69,0,44,-2,-19,1
3/9/2012 0:06,69,0,43,-2,-19,1
3/9/2012 0:07,69,0,43,-2,-19,1
3/9/2012 0:08,69,0,41,-3,-21,1
3/9/2012 0:09,69,0,41,-3,-22,1
3/9/2012 0:10,69,0,41,-3,-23,1
3/9/2012 0:11,69,0,40,-3,-24,1
3/9/2012 0:12,69,0,40,-3,-24,1
3/9/2012 0:13,69,0,40,-3,-25,1
3/9/2012 0:14,69,0,40,-3,-27,1
3/9/2012 0:15,69,0,40,-4,-27,1
3/9/2012 0:16,69,0,38,-4,-28,1
3/9/2012 0:17,69,0,37,-4,-28,1
3/9/2012 0:18,69,0,37,-4,-29,1
3/9/2012 0:19,69,0,36,-5,-29,1
3/9/2012 0:20,69,0,35,-5,-30,1
3/9/2012 0:21,69,0,37,-4,-30,1
3/9/2012 0:22,69,0,38,-4,-30,1
3/9/2012 0:23,69,0,38,-4,-30,1
3/9/2012 0:24,69,0,37,-4,-30,1
3/9/2012 0:25,69,0,36,-4,-30,1
3/9/2012 0:26,69,0,37,-4,-29,1
3/9/2012 0:27,69,0,37,-4,-29,1
3/9/2012 0:28,69,0,37,-5,-29,1
3/9/2012 0:29,69,0,38,-4,-29,1
3/9/2012 0:30,69,0,39,-4,-29,1
3/9/2012 0:31,69,0,37,-5,-28,1
3/9/2012 0:32,69,0,38,-5,-28,1
3/9/2012 0:33,69,0,38,-5,-28,1
3/9/2012 0:34,69,0,39,-5,-28,1
3/9/2012 0:35,69,0,39,-5,-28,1
3/9/2012 0:36,69,0,38,-5,-27,1
3/9/2012 0:37,69,0,38,-4,-27,1
3/9/2012 0:38,69,0,38,-4,-27,1
3/9/2012 0:39,69,0,39,-4,-27,1
3/9/2012 0:40,69,0,40,-4,-27,1
3/9/2012 0:41,69,0,41,-4,-26,1
3/9/2012 0:42,69,0,41,-4,-26,1
3/9/2012 0:43,69,0,42,-4,-26,1
3/9/2012 0:44,69,0,42,-4,-26,1
3/9/2012 0:45,69,0,41,-4,-25,1
3/9/2012 0:46,69,0,40,-4,-25,1
3/9/2012 0:47,69,0,41,-4,-25,1
3/9/2012 0:48,69,0,40,-4,-25,1
3/9/2012 0:49,69,0,39,-4,-25,1
3/9/2012 0:50,69,0,40,-4,-25,1
3/9/2012 0:51,69,0,40,-4,-25,1
3/9/2012 0:52,69,0,40,-4,-24,1
3/9/2012 0:53,69,0,40,-4,-24,1
3/9/2012 0:54,69,0,39,-4,-24,1
3/9/2012 0:55,69,0,42,-4,-24,1
3/9/2012 0:56,69,0,43,-4,-24,1
3/9/2012 0:57,69,0,41,-4,-24,1
3/9/2012 0:58,69,0,42,-4,-23,1
3/9/2012 0:59,69,0,42,-4,-24,1
3/9/2012 1:00,69,0,41,-4,-24,1
3/9/2012 1:01,69,0,40,-4,-23,1
3/9/2012 1:02,69,0,40,-4,-23,1
3/9/2012 1:03,69,0,38,-4,-22,1
3/9/2012 1:04,69,0,39,-5,-20,1
3/9/2012 1:05,69,0,39,-4,-18,1
3/9/2012 1:06,69,0,38,-5,-14,1
3/9/2012 1:07,69,0,41,-5,-7,1
3/9/2012 1:08,69,0,51,-4,-1,1
3/9/2012 1:09,69,0,61,-3,4,1
3/9/2012 1:10,69,0,62,-2,4,1
3/9/2012 1:11,69,0,49,-1,1,1
3/9/2012 1:12,69,0,45,-2,1,1
3/9/2012 1:13,69,0,39,-3,3,1
3/9/2012 1:14,69,0,33,-3,1,1
3/9/2012 1:15,69,0,31,-2,0,1
3/9/2012 1:16,69,0,30,-2,-1,1
3/9/2012 1:17,69,0.833618065,26,-2,-2,1
3/9/2012 1:18,69,0.818121055,25,-1,-2,1
3/9/2012 1:19,69,0.802624046,24,-1,-2,1
3/9/2012 1:20,69,0.787127036,22,-1,-2,1
3/9/2012 1:21,69,0.771630026,19,-1,-3,1
3/9/2012 1:22,69,0.756133016,18,-2,-4,1
3/9/2012 1:23,69,0.741321696,18,-2,-4,1
3/9/2012 1:24,69,0.726510377,17,-2,-3,1
3/9/2012 1:25,69,0.711699057,18,-2,-2,1
3/9/2012 1:26,69,0.696887737,20,-2,-3,1
3/9/2012 1:27,69,0.682076417,18,-2,-5,1
3/9/2012 1:28,69,0.643767414,18,-2,-6,1
3/9/2012 1:29,69,0.605458411,19,-3,-6,1
3/9/2012 1:30,69,0.567149408,18,-3,-8,1
3/9/2012 1:31,69,0.528840405,19,-3,-8,1
3/9/2012 1:32,69,0.490531401,20,-2,-8,1
3/9/2012 1:33,69,0.459297371,20,-3,-7,1
3/9/2012 1:34,69,0.428063341,20,-3,-7,1
3/9/2012 1:35,69,0.396829311,21,-2,-6,1
3/9/2012 1:36,69,0.36559528,20,-3,-6,1
3/9/2012 1:37,69,0.33436125,19,-3,-8,1
3/9/2012 1:38,69,0.321347294,19,-3,-8,1
3/9/2012 1:39,69,0.308333338,19,-3,-8,1
3/9/2012 1:40,69,0.295319382,19,-3,-8,1
3/9/2012 1:41,69,0.282305426,19,-4,-8,1
3/9/2012 1:42,69,0.26929147,19,-4,-8,1
3/9/2012 1:43,69,0.248985882,18,-4,-7,1
3/9/2012 1:44,69,0.228680294,19,-4,-6,1
3/9/2012 1:45,69,0.208374705,20,-3,-6,1
3/9/2012 1:46,69,0.188069117,19,-3,-8,1
3/9/2012 1:47,69,0.167763529,16,-4,-7,1
3/9/2012 1:48,69,0.149737092,19,-4,-8,1
3/9/2012 1:49,69,0.131710655,18,-3,-7,1
3/9/2012 1:50,69,0.113684218,18,-4,-6,1
3/9/2012 1:51,69,0.09565778,21,-3,-5,1
3/9/2012 1:52,69,0.077631343,23,-3,-6,1
3/9/2012 1:53,69,0.054046984,22,-3,-6,1
3/9/2012 1:54,69,0.030462625,21,-4,-5,1
3/9/2012 1:55,69,0.006878266,20,-4,-6,1
3/9/2012 1:56,69,-0.016706093,20,-4,-7,1
3/9/2012 1:57,69,-0.040290452,18,-4,-7,1
3/9/2012 1:58,69,-0.057804288,18,-5,-6,1
3/9/2012 1:59,69,-0.075318124,19,-5,-7,1
3/9/2012 2:00,69,-0.09283196,19,-5,-8,1
3/9/2012 2:01,69,-0.110345796,20,-5,-9,1
3/9/2012 2:02,69,-0.127859632,19,-6,-10,1
3/9/2012 2:03,69,-0.143637949,19,-6,-10,1
3/9/2012 2:04,69,-0.159416267,19,-7,-11,1
3/9/2012 2:05,69,-0.175194584,19,-7,-12,1
3/9/2012 2:06,69,-0.190972901,19,-7,-13,1
3/9/2012 2:07,69,-0.206751218,19,-7,-14,1
3/9/2012 2:08,69,-0.226900097,19,-7,-14,1
3/9/2012 2:09,69,-0.247048975,20,-7,-14,1
3/9/2012 2:10,69,-0.267197854,22,-6,-15,1
3/9/2012 2:11,69,-0.287346732,22,-6,-15,1
3/9/2012 2:12,69,-0.30749561,22,-6,-16,1
3/9/2012 2:13,69,-0.307087126,21,-5,-15,1
3/9/2012 2:14,69,-0.306678641,22,-5,-14,1
3/9/2012 2:15,69,-0.306270156,24,-5,-15,1
3/9/2012 2:16,69,-0.305861672,23,-5,-15,1
3/9/2012 2:17,69,-0.305453187,22,-5,-16,1
3/9/2012 2:18,69,-0.370947873,22,-5,-15,1
3/9/2012 2:19,69,-0.436442558,23,-6,-15,1
3/9/2012 2:20,69,-0.501937243,24,-6,-15,1
3/9/2012 2:21,69,-0.567431929,24,-6,-16,1
3/9/2012 2:22,69,-0.632926614,23,-6,-17,1
3/9/2012 2:23,69,-0.684676928,23,-7,-18,1
3/9/2012 2:24,69,-0.736427241,24,-7,-19,1
3/9/2012 2:25,69,-0.788177555,26,-7,-20,1
3/9/2012 2:26,69,-0.839927868,26,-6,-21,1
3/9/2012 2:27,69,-0.891678182,27,-6,-21,1
3/9/2012 2:28,69,-0.923468937,27,-6,-21,1
3/9/2012 2:29,69,-0.955259692,27,-5,-21,1
3/9/2012 2:30,69,-0.987050447,27,-5,-21,1
3/9/2012 2:31,69,-1.018841202,27,-5,-22,1
3/9/2012 2:32,69,-1.050631957,28,-5,-24,1
3/9/2012 2:33,69,-1.109874309,27,-5,-24,1
3/9/2012 2:34,69,-1.169116661,28,-5,-24,1
3/9/2012 2:35,69,-1.228359012,29,-5,-24,1
3/9/2012 2:36,69,-1.287601364,32,-4,-23,1
3/9/2012 2:37,69,-1.346843715,35,-3,-24,1
3/9/2012 2:38,69,-1.411982364,35,-4,-25,1
3/9/2012 2:39,69,-1.477121012,35,-3,-25,1
3/9/2012 2:40,69,-1.54225966,35,-3,-26,1
3/9/2012 2:41,69,-1.607398309,38,-1,-26,1
3/9/2012 2:42,69,-1.672536957,44,0,-25,1
3/9/2012 2:43,69,-1.714510296,47,1,-25,1
3/9/2012 2:44,69,-1.756483635,49,2,-26,1
3/9/2012 2:45,69,-1.798456973,50,4,-26,1
3/9/2012 2:46,69,-1.840430312,51,4,-27,1
3/9/2012 2:47,69,-1.882403651,51,5,-28,1
3/9/2012 2:48,69,-1.919944211,49,5,-28,1
3/9/2012 2:49,69,-1.957484771,48,6,-27,1
3/9/2012 2:50,69,-1.995025331,55,6,-27,1
3/9/2012 2:51,69,-2.032565892,56,7,-28,1
3/9/2012 2:52,69,-2.070106452,59,6,-30,1
3/9/2012 2:53,69,-2.092106675,58,6,-30,1
3/9/2012 2:54,69,-2.114106897,60,6,-32,1
3/9/2012 2:55,69,-2.13610712,63,7,-33,1
3/9/2012 2:56,69,-2.158107343,66,7,-34,1
3/9/2012 2:57,69,-2.180107566,67,7,-36,1
3/9/2012 2:58,69,-2.190959321,67,7,-36,1
3/9/2012 2:59,69,-2.201811076,69,7,-36,1
3/9/2012 3:00,69,-2.21266283,72,7,-37,1
3/9/2012 3:01,69,-2.223514585,74,7,-37,1
3/9/2012 3:02,69,-2.23436634,75,7,-38,1
3/9/2012 3:03,69,-2.236561621,79,6,-39,1
3/9/2012 3:04,69,-2.238756901,79,5,-40,1
3/9/2012 3:05,69,-2.240952182,78,4,-40,1
3/9/2012 3:06,69,-2.243147462,81,4,-41,1
3/9/2012 3:07,69,-2.245342743,79,3,-39,1
3/9/2012 3:08,69,-2.245181479,81,3,-38,1
3/9/2012 3:09,69,-2.245020215,83,2,-39,1
3/9/2012 3:10,69,-2.244858951,83,1,-39,1
3/9/2012 3:11,69,-2.244697687,86,1,-42,1
3/9/2012 3:12,69,-2.244536423,82,0,-44,1
3/9/2012 3:13,69,-2.253280285,82,-1,-44,1
3/9/2012 3:14,69,-2.262024147,82,-1,-45,1
3/9/2012 3:15,69,-2.270768009,85,-1,-44,1
3/9/2012 3:16,69,-2.279511871,87,-1,-43,1
3/9/2012 3:17,69,-2.288255733,89,-1,-44,1
3/9/2012 3:18,69,-2.25813453,90,-1,-44,1
3/9/2012 3:19,69,-2.228013326,91,0,-43,1
3/9/2012 3:20,69,-2.197892123,95,1,-44,1
3/9/2012 3:21,69,-2.167770919,105,3,-44,1
3/9/2012 3:22,69,-2.137649716,112,4,-44,1
3/9/2012 3:23,69,-2.082214058,119,4,-43,1
3/9/2012 3:24,69,-2.026778401,130,5,-42,1
3/9/2012 3:25,69,-1.971342743,138,4,-43,1
3/9/2012 3:26,69,-1.915907086,142,4,-41,1
3/9/2012 3:27,69,-1.860471428,145,4,-41,1
3/9/2012 3:28,69,-1.797966298,144,4,-40,1
3/9/2012 3:29,69,-1.735461167,142,3,-40,1
3/9/2012 3:30,69,-1.672956037,136,2,-42,1
3/9/2012 3:31,69,-1.610450906,127,1,-45,1
3/9/2012 3:32,69,-1.547945776,122,-1,-47,1
3/9/2012 3:33,69,-1.516662913,120,-2,-50,1
3/9/2012 3:34,69,-1.485380049,114,-3,-52,1
3/9/2012 3:35,69,-1.454097186,118,-3,-55,1
3/9/2012 3:36,69,-1.422814323,111,-4,-57,1
3/9/2012 3:37,69,-1.39153146,107,-5,-60,1
3/9/2012 3:38,69,-1.389103515,107,-6,-62,1
3/9/2012 3:39,69,-1.38667557,104,-6,-64,1
3/9/2012 3:40,69,-1.384247625,102,-6,-66,1
3/9/2012 3:41,69,-1.38181968,102,-6,-67,1
3/9/2012 3:42,69,-1.379391735,99,-5,-67,1
3/9/2012 3:43,69,-1.367257419,102,-4,-68,1
3/9/2012 3:44,69,-1.355123104,104,-3,-69,1
3/9/2012 3:45,69,-1.342988788,104,-3,-70,1
3/9/2012 3:46,69,-1.330854472,102,-2,-69,1
3/9/2012 3:47,69,-1.318720157,103,-1,-70,1
3/9/2012 3:48,69,-1.319834298,104,-1,-71,1
3/9/2012 3:49,69,-1.32094844,103,0,-71,1
3/9/2012 3:50,69,-1.322062581,105,0,-72,1
3/9/2012 3:51,69,-1.323176723,105,1,-72,1
3/9/2012 3:52,69,-1.324290864,107,1,-71,1
3/9/2012 3:53,69,-1.280819314,110,2,-71,1
3/9/2012 3:54,69,-1.237347764,110,2,-70,1
3/9/2012 3:55,69,-1.193876214,110,2,-70,1
3/9/2012 3:56,69,-1.150404664,109,2,-70,1
3/9/2012 3:57,69,-1.106933114,107,2,-70,1
3/9/2012 3:58,69,-1.110382909,108,2,-70,1
3/9/2012 3:59,69,-1.113832704,110,1,-71,1
3/9/2012 4:00,69,-1.117282499,109,1,-72,1
3/9/2012 4:01,69,-1.120732294,109,0,-73,1
3/9/2012 4:02,69,-1.12418209,110,-1,-74,1
3/9/2012 4:03,69,-1.108045649,108,-2,-76,1
3/9/2012 4:04,69,-1.091909208,109,-3,-77,1
3/9/2012 4:05,69,-1.075772766,108,-3,-78,1
3/9/2012 4:06,69,-1.059636325,108,-3,-79,1
3/9/2012 4:07,69,-1.043499884,106,-3,-79,1
3/9/2012 4:08,69,-1.067534487,107,-2,-81,1
3/9/2012 4:09,69,-1.091569089,110,-2,-81,1
3/9/2012 4:10,69,-1.115603691,111,-1,-82,1
3/9/2012 4:11,69,-1.139638293,109,-1,-82,1
3/9/2012 4:12,69,-1.163672895,112,0,-81,1
3/9/2012 4:13,69,-1.158700161,121,1,-82,1
3/9/2012 4:14,69,-1.153727427,127,3,-86,1
3/9/2012 4:15,69,-1.148754693,126,4,-85,1
3/9/2012 4:16,69,-1.143781959,131,5,-85,1
3/9/2012 4:17,69,-1.138809224,140,6,-84,1
3/9/2012 4:18,69,-1.194941442,141,6,-83,1
3/9/2012 4:19,69,-1.25107366,146,7,-83,1
3/9/2012 4:20,69,-1.307205877,146,8,-82,1
3/9/2012 4:21,69,-1.363338095,142,8,-83,1
3/9/2012 4:22,69,-1.419470312,139,8,-83,1
3/9/2012 4:23,69,-1.446212718,137,8,-85,1
3/9/2012 4:24,69,-1.472955124,129,7,-85,1
3/9/2012 4:25,69,-1.499697529,125,5,-86,1
3/9/2012 4:26,69,-1.526439935,122,4,-87,1
3/9/2012 4:27,69,-1.55318234,121,2,-88,1
3/9/2012 4:28,69,-1.577302384,126,1,-90,1
3/9/2012 4:29,69,-1.601422427,130,0,-91,1
3/9/2012 4:30,69,-1.625542471,129,-2,-93,1
3/9/2012 4:31,69,-1.649662515,128,-3,-93,1
3/9/2012 4:32,69,-1.673782558,129,-4,-96,1
3/9/2012 4:33,69,-1.701478628,129,-4,-99,1
3/9/2012 4:34,69,-1.729174698,134,-4,-98,1
3/9/2012 4:35,69,-1.756870768,137,-3,-100,1
3/9/2012 4:36,69,-1.784566838,139,-3,-100,1
3/9/2012 4:37,69,-1.812262908,136,-3,-101,1
3/9/2012 4:38,69,-1.803160644,134,-2,-102,1
3/9/2012 4:39,69,-1.794058379,134,-2,-104,1
3/9/2012 4:40,69,-1.784956115,134,-3,-104,1
3/9/2012 4:41,69,-1.775853851,131,-3,-102,1
3/9/2012 4:42,69,-1.766751587,136,-2,-102,1
3/9/2012 4:43,69,-1.747751819,133,-2,-101,1
3/9/2012 4:44,69,-1.728752051,131,-1,-103,1
3/9/2012 4:45,69,-1.709752283,132,-1,-102,1
3/9/2012 4:46,69,-1.690752515,128,-1,-101,1
3/9/2012 4:47,69,-1.671752747,125,-1,-102,1
3/9/2012 4:48,69,-1.632937239,122,0,-102,1
3/9/2012 4:49,69,-1.594121731,118,0,-102,1
3/9/2012 4:50,69,-1.555306222,118,1,-101,1
3/9/2012 4:51,69,-1.516490714,117,1,-101,1
3/9/2012 4:52,69,-1.477675206,113,2,-100,1
3/9/2012 4:53,69,-1.460392606,110,2,-100,1
3/9/2012 4:54,69,-1.443110007,109,3,-100,1
3/9/2012 4:55,69,-1.425827408,107,3,-99,1
3/9/2012 4:56,69,-1.408544809,104,3,-98,1
3/9/2012 4:57,69,-1.39126221,101,3,-98,1
3/9/2012 4:58,69,-1.364433311,98,3,-97,1
3/9/2012 4:59,69,-1.337604412,96,3,-96,1
3/9/2012 5:00,69,-1.310775513,94,3,-95,1
3/9/2012 5:01,69,-1.283946614,92,3,-95,1
3/9/2012 5:02,69,-1.257117715,91,2,-94,1
3/9/2012 5:03,69,-1.235590888,90,2,-92,1
3/9/2012 5:04,69,-1.214064062,87,2,-90,1
3/9/2012 5:05,69,-1.192537235,85,2,-89,1
3/9/2012 5:06,69,-1.171010408,84,3,-88,1
3/9/2012 5:07,69,-1.149483581,82,3,-86,1
3/9/2012 5:08,69,-1.133779308,80,3,-85,1
3/9/2012 5:09,69,-1.118075035,78,2,-83,1
3/9/2012 5:10,69,-1.102370762,75,3,-82,1
3/9/2012 5:11,69,-1.086666489,74,3,-81,1
3/9/2012 5:12,69,-1.070962217,72,2,-79,1
3/9/2012 5:13,69,-1.062489129,68,2,-77,1
3/9/2012 5:14,69,-1.054016041,65,2,-76,1
3/9/2012 5:15,69,-1.045542954,65,2,-75,1
3/9/2012 5:16,69,-1.037069866,61,2,-73,1
3/9/2012 5:17,69,-1.028596778,60,2,-73,1
3/9/2012 5:18,69,-1.005300587,60,2,-73,1
3/9/2012 5:19,69,-0.982004396,57,3,-71,1
3/9/2012 5:20,69,-0.958708205,55,3,-69,1
3/9/2012 5:21,69,-0.935412013,52,3,-67,1
3/9/2012 5:22,69,-0.912115822,51,2,-66,1
3/9/2012 5:23,69,-0.901798501,51,3,-66,1
3/9/2012 5:24,69,-0.891481179,51,3,-66,1
3/9/2012 5:25,69,-0.881163858,50,2,-64,1
3/9/2012 5:26,69,-0.870846536,51,2,-63,1
3/9/2012 5:27,69,-0.860529215,51,2,-63,1
3/9/2012 5:28,69,-0.806084393,50,2,-63,1
3/9/2012 5:29,69,-0.751639571,49,1,-62,1
3/9/2012 5:30,69,-0.697194748,48,0,-60,1
3/9/2012 5:31,69,-0.642749926,48,1,-59,1
3/9/2012 5:32,69,-0.588305104,48,1,-59,1
3/9/2012 5:33,69,-0.55850524,50,1,-60,1
3/9/2012 5:34,69,-0.528705376,49,1,-60,1
3/9/2012 5:35,69,-0.498905513,48,1,-59,1
3/9/2012 5:36,69,-0.469105649,49,1,-60,1
3/9/2012 5:37,69,-0.439305785,50,1,-60,1
3/9/2012 5:38,69,-0.405104163,49,1,-60,1
3/9/2012 5:39,69,-0.370902541,50,2,-60,1
3/9/2012 5:40,69,-0.336700919,48,1,-60,1
3/9/2012 5:41,69,-0.302499297,48,1,-59,1
3/9/2012 5:42,69,-0.268297675,48,2,-59,1
3/9/2012 5:43,69,-0.249740706,48,2,-62,1
3/9/2012 5:44,69,-0.231183736,46,1,-66,1
3/9/2012 5:45,69,-0.212626767,48,-1,-66,1
3/9/2012 5:46,69,-0.194069798,56,-2,-66,1
3/9/2012 5:47,69,-0.175512828,59,-3,-66,1
3/9/2012 5:48,69,-0.14576958,50,-1,-68,1
3/9/2012 5:49,69,-0.116026332,48,0,-70,1
3/9/2012 5:50,69,-0.086283085,46,2,-71,1
3/9/2012 5:51,69,-0.056539837,44,2,-69,1
3/9/2012 5:52,69,-0.026796589,44,2,-67,1
3/9/2012 5:53,69,-0.015834164,43,1,-64,1
3/9/2012 5:54,69,-0.004871739,43,0,-63,1
3/9/2012 5:55,69,0.006090686,43,-1,-62,1
3/9/2012 5:56,69,0.017053111,44,-2,-60,1
3/9/2012 5:57,69,0.028015536,44,-3,-57,1
3/9/2012 5:58,69,0.033662861,44,-3,-57,1
3/9/2012 5:59,69,0.039310187,46,-4,-56,1
3/9/2012 6:00,69,0.044957512,47,-5,-57,1
3/9/2012 6:01,69,0.050604838,49,-5,-58,1
3/9/2012 6:02,69,0.056252163,49,-6,-58,1
3/9/2012 6:03,69,0.066423484,50,-6,-57,1
3/9/2012 6:04,69,0.076594804,51,-6,-58,1
3/9/2012 6:05,69,0.086766125,52,-7,-59,1
3/9/2012 6:06,69,0.096937446,51,-7,-59,1
3/9/2012 6:07,69,0.107108766,50,-7,-60,1
3/9/2012 6:08,69,0.107719425,51,-7,-61,1
3/9/2012 6:09,69,0.108330083,50,-7,-61,1
3/9/2012 6:10,69,0.108940741,50,-8,-62,1
3/9/2012 6:11,69,0.109551399,48,-8,-63,1
3/9/2012 6:12,69,0.110162058,50,-9,-64,1
3/9/2012 6:13,69,0.12397631,54,-10,-67,1
3/9/2012 6:14,69,0.137790562,58,-10,-68,1
3/9/2012 6:15,69,0.151604814,63,-11,-69,1
3/9/2012 6:16,69,0.165419066,67,-12,-70,1
3/9/2012 6:17,69,0.179233318,76,-12,-72,1
3/9/2012 6:18,69,0.190128559,82,-13,-72,1
3/9/2012 6:19,69,0.2010238,89,-14,-71,1
3/9/2012 6:20,69,0.211919042,95,-15,-72,1
3/9/2012 6:21,69,0.222814283,100,-16,-73,1
3/9/2012 6:22,69,0.233709524,106,-17,-74,1
3/9/2012 6:23,69,0.202023233,112,-17,-76,1
3/9/2012 6:24,69,0.170336941,115,-17,-78,1
3/9/2012 6:25,69,0.13865065,118,-17,-80,1
3/9/2012 6:26,69,0.106964358,117,-17,-82,1
3/9/2012 6:27,69,0.075278067,119,-17,-83,1
3/9/2012 6:28,69,0.043950007,117,-17,-85,1
3/9/2012 6:29,69,0.012621947,114,-17,-85,1
3/9/2012 6:30,69,-0.018706112,111,-17,-87,1
3/9/2012 6:31,69,-0.050034172,111,-17,-87,1
3/9/2012 6:32,69,-0.081362232,112,-16,-88,1
3/9/2012 6:33,69,-0.122426759,113,-16,-88,1
3/9/2012 6:34,69,-0.163491286,118,-15,-89,1
3/9/2012 6:35,69,-0.204555814,124,-14,-90,1
3/9/2012 6:36,69,-0.245620341,129,-14,-91,1
3/9/2012 6:37,69,-0.286684868,132,-14,-92,1
3/9/2012 6:38,69,-0.315213466,135,-14,-93,1
3/9/2012 6:39,69,-0.343742064,138,-13,-94,1
3/9/2012 6:40,69,-0.372270662,141,-14,-94,1
3/9/2012 6:41,69,-0.40079926,142,-15,-94,1
3/9/2012 6:42,69,-0.429327858,141,-15,-93,1
3/9/2012 6:43,69,-0.429826636,140,-15,-92,1
3/9/2012 6:44,69,-0.430325414,141,-15,-91,1
3/9/2012 6:45,69,-0.430824192,144,-15,-89,1
3/9/2012 6:46,69,-0.431322969,151,-14,-90,1
3/9/2012 6:47,69,-0.431821747,152,-12,-92,1
3/9/2012 6:48,69,-0.434365647,156,-11,-93,1
3/9/2012 6:49,69,-0.436909547,162,-10,-94,1
3/9/2012 6:50,69,-0.439453447,167,-8,-95,1
3/9/2012 6:51,69,-0.441997347,163,-8,-98,1
3/9/2012 6:52,69,-0.444541247,152,-7,-101,1
3/9/2012 6:53,69,-0.439228413,147,-7,-103,1
3/9/2012 6:54,69,-0.433915579,148,-5,-106,1
3/9/2012 6:55,69,-0.428602746,143,-4,-108,1
3/9/2012 6:56,69,-0.423289912,135,-4,-110,1
3/9/2012 6:57,69,-0.417977079,124,-4,-111,1
3/9/2012 6:58,69,-0.413088013,117,-4,-112,1
3/9/2012 6:59,69,-0.408198947,119,-2,-113,1
3/9/2012 7:00,69,-0.403309882,128,-1,-114,1
3/9/2012 7:01,69,-0.398420816,131,-1,-116,1
3/9/2012 7:02,69,-0.39353175,128,-2,-119,1
3/9/2012 7:03,69,-0.368832268,125,-1,-120,1
3/9/2012 7:04,69,-0.344132785,125,-1,-122,1
3/9/2012 7:05,69,-0.319433303,121,0,-125,1
3/9/2012 7:06,69,-0.294733821,116,0,-126,1
3/9/2012 7:07,69,-0.270034338,108,1,-128,1
3/9/2012 7:08,69,-0.279733466,99,2,-128,1
3/9/2012 7:09,69,-0.289432594,89,4,-129,1
3/9/2012 7:10,69,-0.299131722,76,5,-129,1
3/9/2012 7:11,69,-0.308830849,67,7,-129,1
3/9/2012 7:12,69,-0.318529977,77,10,-130,1
3/9/2012 7:13,69,-0.326479404,88,13,-131,1
3/9/2012 7:14,69,-0.334428832,92,15,-131,1
3/9/2012 7:15,69,-0.342378259,92,16,-130,1
3/9/2012 7:16,69,-0.350327686,88,16,-131,1
3/9/2012 7:17,69,-0.358277113,81,17,-130,1
3/9/2012 7:18,69,-0.344123308,81,18,-131,1
3/9/2012 7:19,69,-0.329969503,83,19,-132,1
3/9/2012 7:20,69,-0.315815698,85,20,-133,1
3/9/2012 7:21,69,-0.301661893,94,22,-133,1
3/9/2012 7:22,69,-0.287508088,104,23,-133,1
3/9/2012 7:23,69,-0.280463307,104,24,-135,1
3/9/2012 7:24,69,-0.273418525,107,25,-135,1
3/9/2012 7:25,69,-0.266373744,114,25,-136,1
3/9/2012 7:26,69,-0.259328962,118,26,-137,1
3/9/2012 7:27,69,-0.25228418,117,27,-137,1
3/9/2012 7:28,69,-0.236702392,115,26,-137,1
3/9/2012 7:29,69,-0.221120604,115,26,-138,1
3/9/2012 7:30,69,-0.205538816,110,25,-139,1
3/9/2012 7:31,69,-0.189957028,108,25,-141,1
3/9/2012 7:32,69,-0.17437524,107,24,-142,1
3/9/2012 7:33,69,-0.151320233,110,24,-143,1
3/9/2012 7:34,69,-0.128265226,112,24,-143,1
3/9/2012 7:35,69,-0.105210219,113,23,-144,1
3/9/2012 7:36,69,-0.082155212,117,23,-144,1
3/9/2012 7:37,69,-0.059100205,120,24,-145,1
3/9/2012 7:38,69,-0.043798848,125,24,-144,1
3/9/2012 7:39,69,-0.028497491,131,25,-144,1
3/9/2012 7:40,69,-0.013196133,134,25,-145,1
3/9/2012 7:41,69,0.002105224,137,25,-146,1
3/9/2012 7:42,69,0.017406581,142,25,-146,1
3/9/2012 7:43,69,0.040142593,145,25,-147,1
3/9/2012 7:44,69,0.062878606,145,25,-148,1
3/9/2012 7:45,69,0.085614618,144,25,-148,1
3/9/2012 7:46,69,0.10835063,139,25,-148,1
3/9/2012 7:47,69,0.131086642,136,25,-147,1
3/9/2012 7:48,69,0.146014232,133,24,-147,1
3/9/2012 7:49,69,0.160941822,131,23,-147,1
3/9/2012 7:50,69,0.175869411,132,22,-147,1
3/9/2012 7:51,69,0.190797001,133,22,-148,1
3/9/2012 7:52,69,0.205724591,135,22,-148,1
3/9/2012 7:53,69,0.19605122,139,22,-148,1
3/9/2012 7:54,69,0.18637785,144,22,-149,1
3/9/2012 7:55,69,0.17670448,150,22,-149,1
3/9/2012 7:56,69,0.16703111,153,21,-149,1
3/9/2012 7:57,69,0.157357739,156,21,-149,1
3/9/2012 7:58,69,0.180537893,158,21,-148,1
3/9/2012 7:59,69,0.203718048,155,21,-148,1
3/9/2012 8:00,69,0.226898202,155,21,-147,1
3/9/2012 8:01,69,0.250078356,154,21,-148,1
3/9/2012 8:02,69,0.27325851,151,20,-147,1
3/9/2012 8:03,69,0.296162949,148,20,-148,1
3/9/2012 8:04,69,0.319067388,147,19,-148,1
3/9/2012 8:05,69,0.341971827,153,19,-147,1
3/9/2012 8:06,69,0.364876267,155,19,-146,1
3/9/2012 8:07,69,0.387780706,159,19,-146,1
3/9/2012 8:08,69,0.428322473,163,19,-145,1
3/9/2012 8:09,69,0.468864239,166,18,-146,1
3/9/2012 8:10,69,0.509406006,166,19,-148,1
3/9/2012 8:11,69,0.549947773,169,20,-148,1
3/9/2012 8:12,69,0.59048954,171,21,-149,1
3/9/2012 8:13,69,0.633244977,167,22,-150,1
3/9/2012 8:14,69,0.676000415,168,21,-150,1
3/9/2012 8:15,69,0.718755852,165,21,-150,1
3/9/2012 8:16,69,0.76151129,160,21,-147,1
3/9/2012 8:17,69,0.804266728,157,20,-145,1
3/9/2012 8:18,69,0.852894311,164,20,-143,1
3/9/2012 8:19,69,0.901521894,172,20,-141,1
3/9/2012 8:20,69,0.950149477,171,19,-138,1
3/9/2012 8:21,69,0.99877706,171,18,-135,1
3/9/2012 8:22,69,1.047404643,167,16,-133,1
3/9/2012 8:23,69,1.083339588,164,15,-130,1
3/9/2012 8:24,69,1.119274532,159,14,-129,1
3/9/2012 8:25,69,1.155209477,153,12,-128,1
3/9/2012 8:26,69,1.191144421,150,11,-128,1
3/9/2012 8:27,69,1.227079366,147,10,-127,1
3/9/2012 8:28,69,1.235547528,147,9,-128,1
3/9/2012 8:29,69,1.244015691,146,8,-129,1
3/9/2012 8:30,69,1.252483853,143,7,-129,1
3/9/2012 8:31,69,1.260952015,142,6,-129,1
3/9/2012 8:32,69,1.269420178,140,5,-130,1
3/9/2012 8:33,69,1.276748375,138,4,-130,1
3/9/2012 8:34,69,1.284076572,138,3,-131,1
3/9/2012 8:35,69,1.291404769,134,2,-134,1
3/9/2012 8:36,69,1.298732966,129,2,-137,1
3/9/2012 8:37,69,1.306061163,126,1,-140,1
3/9/2012 8:38,69,1.322975001,126,1,-142,1
3/9/2012 8:39,69,1.339888839,126,1,-144,1
3/9/2012 8:40,69,1.356802676,125,1,-146,1
3/9/2012 8:41,69,1.373716514,123,1,-147,1
3/9/2012 8:42,69,1.390630352,119,2,-148,1
3/9/2012 8:43,69,1.419007404,119,1,-148,1
3/9/2012 8:44,69,1.447384457,118,1,-148,1
3/9/2012 8:45,69,1.47576151,120,1,-147,1
3/9/2012 8:46,69,1.504138563,118,0,-146,1
3/9/2012 8:47,69,1.532515616,116,-1,-143,1
3/9/2012 8:48,69,1.57479056,108,-3,-139,1
3/9/2012 8:49,69,1.617065503,104,-6,-136,1
3/9/2012 8:50,69,1.659340447,97,-10,-133,1
3/9/2012 8:51,69,1.701615391,99,-14,-131,1
3/9/2012 8:52,69,1.743890335,106,-17,-129,1
3/9/2012 8:53,69,1.761366367,110,-18,-129,1
3/9/2012 8:54,69,1.7788424,114,-18,-130,1
3/9/2012 8:55,69,1.796318433,115,-19,-129,1
3/9/2012 8:56,69,1.813794466,118,-19,-130,1
3/9/2012 8:57,69,1.831270498,122,-17,-131,1
3/9/2012 8:58,69,1.803278145,119,-16,-131,1
3/9/2012 8:59,69,1.775285792,118,-15,-131,1
3/9/2012 9:00,69,1.747293438,121,-14,-129,1
3/9/2012 9:01,69,1.719301085,116,-13,-127,1
3/9/2012 9:02,69,1.691308732,118,-12,-123,1
3/9/2012 9:03,69,1.650726991,121,-12,-122,1
3/9/2012 9:04,69,1.610145249,122,-10,-124,1
3/9/2012 9:05,69,1.569563508,120,-8,-126,1
3/9/2012 9:06,69,1.528981767,113,-7,-125,1
3/9/2012 9:07,69,1.488400025,108,-6,-124,1
3/9/2012 9:08,69,1.466930081,106,-5,-124,1
3/9/2012 9:09,69,1.445460138,107,-3,-124,1
3/9/2012 9:10,69,1.423990194,107,-1,-125,1
3/9/2012 9:11,69,1.40252025,102,-1,-125,1
3/9/2012 9:12,69,1.381050306,97,0,-125,1
3/9/2012 9:13,69,1.345369144,93,0,-126,1
3/9/2012 9:14,69,1.309687983,94,1,-127,1
3/9/2012 9:15,69,1.274006821,102,2,-127,1
3/9/2012 9:16,69,1.238325659,108,3,-128,1
3/9/2012 9:17,69,1.202644498,114,4,-127,1
3/9/2012 9:18,69,1.189772457,122,5,-126,1
3/9/2012 9:19,69,1.176900416,126,6,-125,1
3/9/2012 9:20,69,1.164028375,132,7,-124,1
3/9/2012 9:21,69,1.151156334,138,8,-124,1
3/9/2012 9:22,69,1.138284294,138,8,-126,1
3/9/2012 9:23,69,1.098218651,139,9,-126,1
3/9/2012 9:24,69,1.058153008,140,9,-125,1
3/9/2012 9:25,69,1.018087365,138,9,-124,1
3/9/2012 9:26,69,0.978021722,143,9,-123,1
3/9/2012 9:27,69,0.93795608,146,9,-122,1
3/9/2012 9:28,69,0.923695229,147,10,-121,1
3/9/2012 9:29,69,0.909434378,151,11,-121,1
3/9/2012 9:30,69,0.895173528,154,12,-121,1
3/9/2012 9:31,69,0.880912677,159,13,-120,1
3/9/2012 9:32,69,0.866651826,163,14,-120,1
3/9/2012 9:33,69,0.856345974,167,15,-119,1
3/9/2012 9:34,69,0.846040121,172,16,-119,1
3/9/2012 9:35,69,0.835734269,177,16,-118,1
3/9/2012 9:36,69,0.825428417,181,17,-118,1
3/9/2012 9:37,69,0.815122564,188,17,-119,1
3/9/2012 9:38,69,0.805314543,196,17,-119,1
3/9/2012 9:39,69,0.795506521,200,18,-119,1
3/9/2012 9:40,69,0.7856985,205,18,-119,1
3/9/2012 9:41,69,0.775890478,208,18,-118,1
3/9/2012 9:42,69,0.766082456,213,18,-118,1
3/9/2012 9:43,69,0.777181534,214,18,-117,1
3/9/2012 9:44,69,0.788280611,220,19,-118,1
3/9/2012 9:45,69,0.799379688,225,19,-117,1
3/9/2012 9:46,69,0.810478766,227,19,-116,1
3/9/2012 9:47,69,0.821577843,227,20,-116,1
3/9/2012 9:48,69,0.82046938,222,19,-115,1
3/9/2012 9:49,69,0.819360917,218,19,-115,1
3/9/2012 9:50,69,0.818252454,216,19,-115,1
3/9/2012 9:51,69,0.817143991,213,19,-116,1
3/9/2012 9:52,69,0.816035528,220,20,-116,1
3/9/2012 9:53,69,0.806501484,231,20,-115,1
3/9/2012 9:54,69,0.79696744,236,20,-113,1
3/9/2012 9:55,69,0.787433396,236,20,-111,1
3/9/2012 9:56,69,0.777899352,234,19,-110,1
3/9/2012 9:57,69,0.768365307,228,18,-111,1
3/9/2012 9:58,69,0.786474632,225,17,-113,1
3/9/2012 9:59,69,0.804583956,222,16,-114,1
3/9/2012 10:00,69,0.82269328,221,16,-115,1
3/9/2012 10:01,69,0.840802604,219,16,-115,1
3/9/2012 10:02,69,0.858911928,216,15,-114,1
3/9/2012 10:03,69,0.933351115,213,15,-113,1
3/9/2012 10:04,69,1.007790303,211,14,-112,1
3/9/2012 10:05,69,1.08222949,206,13,-112,1
3/9/2012 10:06,69,1.156668678,205,12,-113,1
3/9/2012 10:07,69,1.231107865,204,11,-113,1
3/9/2012 10:08,69,1.232717331,205,11,-112,1
3/9/2012 10:09,69,1.234326797,204,10,-112,1
3/9/2012 10:10,69,1.235936263,198,10,-112,1
3/9/2012 10:11,69,1.237545728,193,9,-112,1
3/9/2012 10:12,69,1.239155194,186,8,-112,1
3/9/2012 10:13,69,1.272829578,179,7,-113,1
3/9/2012 10:14,69,1.306503962,172,6,-114,1
3/9/2012 10:15,69,1.340178346,168,5,-114,1
3/9/2012 10:16,69,1.37385273,163,4,-114,1
3/9/2012 10:17,69,1.407527114,158,4,-115,1
3/9/2012 10:18,69,1.432304228,152,4,-117,1
3/9/2012 10:19,69,1.457081342,152,3,-117,1
3/9/2012 10:20,69,1.481858456,151,3,-117,1
3/9/2012 10:21,69,1.506635569,152,3,-116,1
3/9/2012 10:22,69,1.531412683,155,3,-116,1
3/9/2012 10:23,69,1.603290329,155,3,-116,1
3/9/2012 10:24,69,1.675167976,152,2,-116,1
3/9/2012 10:25,69,1.747045622,150,2,-116,1
3/9/2012 10:26,69,1.818923268,148,1,-116,1
3/9/2012 10:27,69,1.890800914,145,2,-117,1
3/9/2012 10:28,69,1.924890884,143,2,-118,1
3/9/2012 10:29,69,1.958980854,143,2,-119,1
3/9/2012 10:30,69,1.993070824,141,2,-118,1
3/9/2012 10:31,69,2.027160794,139,2,-118,1
3/9/2012 10:32,69,2.061250764,134,2,-119,1
3/9/2012 10:33,69,2.109566537,129,2,-120,1
3/9/2012 10:34,69,2.157882309,126,3,-120,1
3/9/2012 10:35,69,2.206198082,123,3,-120,1
3/9/2012 10:36,69,2.254513855,122,4,-118,1
3/9/2012 10:37,69,2.302829627,120,3,-117,1
3/9/2012 10:38,69,2.322907114,115,3,-116,1
3/9/2012 10:39,69,2.3429846,109,2,-116,1
3/9/2012 10:40,69,2.363062087,104,2,-116,1
3/9/2012 10:41,69,2.383139573,101,2,-117,1
3/9/2012 10:42,69,2.40321706,100,3,-118,1
3/9/2012 10:43,69,2.405030382,99,2,-118,1
3/9/2012 10:44,69,2.406843704,100,3,-118,1
3/9/2012 10:45,69,2.408657026,97,2,-116,1
3/9/2012 10:46,69,2.410470348,102,2,-110,1
3/9/2012 10:47,69,2.41228367,106,2,-107,1
3/9/2012 10:48,69,2.463734235,102,2,-108,1
3/9/2012 10:49,69,2.5151848,95,1,-111,1
3/9/2012 10:50,69,2.566635365,93,1,-112,1
3/9/2012 10:51,69,2.61808593,100,2,-112,1
3/9/2012 10:52,69,2.669536495,106,2,-113,1
3/9/2012 10:53,69,2.662185526,105,1,-115,1
3/9/2012 10:54,69,2.654834557,101,1,-118,1
3/9/2012 10:55,69,2.647483588,105,1,-118,1
3/9/2012 10:56,69,2.640132619,109,1,-118,1
3/9/2012 10:57,69,2.63278165,110,1,-118,1
3/9/2012 10:58,69,2.609176797,107,0,-118,1
3/9/2012 10:59,69,2.585571943,107,0,-119,1
3/9/2012 11:00,69,2.56196709,107,0,-118,1
3/9/2012 11:01,69,2.538362237,109,0,-117,1
3/9/2012 11:02,69,2.514757384,109,-1,-116,1
3/9/2012 11:03,69,2.508074677,107,-1,-117,1
3/9/2012 11:04,69,2.501391971,105,-1,-118,1
3/9/2012 11:05,69,2.494709265,102,-1,-121,1
3/9/2012 11:06,69,2.488026558,100,0,-123,1
3/9/2012 11:07,69,2.481343852,101,0,-123,1
3/9/2012 11:08,69,2.504607661,104,0,-123,1
3/9/2012 11:09,69,2.52787147,102,0,-123,1
3/9/2012 11:10,69,2.551135278,103,0,-123,1
3/9/2012 11:11,69,2.574399087,105,0,-123,1
3/9/2012 11:12,69,2.597662896,100,-1,-122,1
3/9/2012 11:13,69,2.568730358,94,-3,-123,1
3/9/2012 11:14,69,2.53979782,91,-3,-125,1
3/9/2012 11:15,69,2.510865282,90,-4,-125,1
3/9/2012 11:16,69,2.481932743,91,-4,-125,1
3/9/2012 11:17,69,2.453000205,91,-4,-126,1
3/9/2012 11:18,69,2.446042422,89,-4,-126,1
3/9/2012 11:19,69,2.439084639,86,-5,-126,1
3/9/2012 11:20,69,2.432126856,82,-6,-124,1
3/9/2012 11:21,69,2.425169073,84,-7,-121,1
3/9/2012 11:22,69,2.41821129,82,-8,-119,1
3/9/2012 11:23,69,2.419948816,82,-9,-120,1
3/9/2012 11:24,69,2.421686341,82,-9,-122,1
3/9/2012 11:25,69,2.423423866,80,-10,-124,1
3/9/2012 11:26,69,2.425161392,78,-10,-124,1
3/9/2012 11:27,69,2.426898917,79,-10,-124,1
3/9/2012 11:28,69,2.388597651,81,-9,-124,1
3/9/2012 11:29,69,2.350296385,84,-10,-124,1
3/9/2012 11:30,69,2.311995119,87,-11,-123,1
3/9/2012 11:31,69,2.273693853,88,-13,-121,1
3/9/2012 11:32,69,2.235392587,93,-14,-119,1
3/9/2012 11:33,69,2.246269979,94,-15,-118,1
3/9/2012 11:34,69,2.257147371,97,-15,-116,1
3/9/2012 11:35,69,2.268024763,100,-16,-116,1
3/9/2012 11:36,69,2.278902155,100,-16,-114,1
3/9/2012 11:37,69,2.289779547,104,-15,-113,1
3/9/2012 11:38,69,2.234195144,101,-14,-112,1
3/9/2012 11:39,69,2.178610742,98,-13,-109,1
3/9/2012 11:40,69,2.123026339,95,-11,-108,1
3/9/2012 11:41,69,2.067441937,93,-11,-105,1
3/9/2012 11:42,69,2.011857534,93,-9,-103,1
3/9/2012 11:43,69,1.986708638,92,-9,-103,1
3/9/2012 11:44,69,1.961559741,91,-8,-103,1
3/9/2012 11:45,69,1.936410845,99,-8,-100,1
3/9/2012 11:46,69,1.911261948,108,-8,-96,1
3/9/2012 11:47,69,1.886113051,116,-8,-94,1
3/9/2012 11:48,69,1.837034848,123,-7,-94,1
3/9/2012 11:49,69,1.787956645,127,-8,-94,1
3/9/2012 11:50,69,1.738878442,128,-8,-95,1
3/9/2012 11:51,69,1.689800239,139,-7,-96,1
3/9/2012 11:52,69,1.640722036,143,-7,-99,1
3/9/2012 11:53,69,1.624115488,158,-7,-101,1
3/9/2012 11:54,69,1.607508939,166,-8,-103,1
3/9/2012 11:55,69,1.590902391,175,-7,-105,1
3/9/2012 11:56,69,1.574295842,180,-7,-107,1
3/9/2012 11:57,69,1.557689294,180,-8,-108,1
3/9/2012 11:58,69,1.540942868,178,-9,-107,1
3/9/2012 11:59,69,1.524196442,178,-9,-107,1
3/9/2012 12:00,69,1.507450016,180,-9,-106,1
3/9/2012 12:01,69,1.49070359,182,-9,-106,1
3/9/2012 12:02,69,1.473957165,186,-9,-105,1
3/9/2012 12:03,69,1.451140251,188,-9,-106,1
3/9/2012 12:04,69,1.428323338,191,-9,-107,1
3/9/2012 12:05,69,1.405506425,191,-10,-107,1
3/9/2012 12:06,69,1.382689511,189,-10,-107,1
3/9/2012 12:07,69,1.359872598,189,-10,-108,1
3/9/2012 12:08,69,1.322870265,192,-10,-109,1
3/9/2012 12:09,69,1.285867932,196,-10,-109,1
3/9/2012 12:10,69,1.248865599,200,-10,-109,1
3/9/2012 12:11,69,1.211863266,207,-10,-106,1
3/9/2012 12:12,69,1.174860932,204,-11,-105,1
3/9/2012 12:13,69,1.170413727,204,-10,-105,1
3/9/2012 12:14,69,1.165966522,209,-11,-104,1
3/9/2012 12:15,69,1.161519317,204,-10,-103,1
3/9/2012 12:16,69,1.157072111,201,-10,-103,1
3/9/2012 12:17,69,1.152624906,197,-9,-105,1
3/9/2012 12:18,69,1.105377165,196,-9,-107,1
3/9/2012 12:19,69,1.058129425,198,-9,-107,1
3/9/2012 12:20,69,1.010881684,193,-9,-107,1
3/9/2012 12:21,69,0.963633944,191,-9,-107,1
3/9/2012 12:22,69,0.916386203,186,-9,-109,1
3/9/2012 12:23,69,0.841570444,180,-9,-112,1
3/9/2012 12:24,69,0.766754685,173,-10,-113,1
3/9/2012 12:25,69,0.691938926,168,-10,-114,1
3/9/2012 12:26,69,0.617123167,165,-9,-115,1
3/9/2012 12:27,69,0.542307408,161,-10,-116,1
3/9/2012 12:28,69,0.486446103,159,-9,-117,1
3/9/2012 12:29,69,0.430584798,158,-10,-117,1
3/9/2012 12:30,69,0.374723493,156,-10,-117,1
3/9/2012 12:31,69,0.318862188,157,-10,-116,1
3/9/2012 12:32,69,0.263000884,155,-10,-114,1
3/9/2012 12:33,69,0.198934905,150,-9,-116,1
3/9/2012 12:34,69,0.134868926,150,-9,-116,1
3/9/2012 12:35,69,0.070802947,142,-9,-119,1
3/9/2012 12:36,69,0.006736968,137,-9,-121,1
3/9/2012 12:37,69,-0.057329011,132,-10,-121,1
3/9/2012 12:38,69,-0.102346787,128,-10,-121,1
3/9/2012 12:39,69,-0.147364563,127,-10,-120,1
3/9/2012 12:40,69,-0.192382339,127,-9,-119,1
3/9/2012 12:41,69,-0.237400115,119,-9,-119,1
3/9/2012 12:42,69,-0.282417891,115,-8,-119,1
3/9/2012 12:43,69,-0.326357031,110,-7,-121,1
3/9/2012 12:44,69,-0.37029617,111,-7,-122,1
3/9/2012 12:45,69,-0.41423531,108,-7,-122,1
3/9/2012 12:46,69,-0.45817445,109,-6,-123,1
3/9/2012 12:47,69,-0.50211359,107,-7,-124,1
3/9/2012 12:48,69,-0.555456963,104,-7,-125,1
3/9/2012 12:49,69,-0.608800335,107,-8,-125,1
3/9/2012 12:50,69,-0.662143708,108,-7,-126,1
3/9/2012 12:51,69,-0.71548708,112,-7,-127,1
3/9/2012 12:52,69,-0.768830453,110,-8,-127,1
3/9/2012 12:53,69,-0.818654405,112,-8,-127,1
3/9/2012 12:54,69,-0.868478358,114,-8,-127,1
3/9/2012 12:55,69,-0.918302311,119,-8,-125,1
3/9/2012 12:56,69,-0.968126263,118,-9,-124,1
3/9/2012 12:57,69,-1.017950216,119,-9,-125,1
3/9/2012 12:58,69,-1.063505363,118,-10,-125,1
3/9/2012 12:59,69,-1.10906051,121,-9,-124,1
3/9/2012 13:00,69,-1.154615657,119,-9,-124,1
3/9/2012 13:01,69,-1.200170803,116,-9,-125,1
3/9/2012 13:02,69,-1.24572595,112,-9,-126,1
3/9/2012 13:03,69,-1.31712513,111,-9,-127,1
3/9/2012 13:04,69,-1.38852431,115,-9,-127,1
3/9/2012 13:05,69,-1.459923489,114,-9,-128,1
3/9/2012 13:06,69,-1.531322669,112,-9,-127,1
3/9/2012 13:07,69,-1.602721849,110,-9,-127,1
3/9/2012 13:08,69,-1.644165116,108,-10,-126,1
3/9/2012 13:09,69,-1.685608382,107,-10,-124,1
3/9/2012 13:10,69,-1.727051649,102,-10,-124,1
3/9/2012 13:11,69,-1.768494916,99,-10,-126,1
3/9/2012 13:12,69,-1.809938183,103,-9,-127,1
3/9/2012 13:13,69,-1.831620426,105,-9,-127,1
3/9/2012 13:14,69,-1.853302669,107,-9,-126,1
3/9/2012 13:15,69,-1.874984912,107,-9,-125,1
3/9/2012 13:16,69,-1.896667155,110,-8,-125,1
3/9/2012 13:17,69,-1.918349398,110,-8,-123,1
3/9/2012 13:18,69,-1.968980037,109,-8,-122,1
3/9/2012 13:19,69,-2.019610675,105,-7,-124,1
3/9/2012 13:20,69,-2.070241313,102,-7,-125,1
3/9/2012 13:21,69,-2.120871952,108,-8,-124,1
3/9/2012 13:22,69,-2.17150259,118,-9,-121,1
3/9/2012 13:23,69,-2.232267484,103,-9,-121,1
3/9/2012 13:24,69,-2.293032378,93,-9,-121,1
3/9/2012 13:25,69,-2.353797271,76,-9,-124,1
3/9/2012 13:26,69,-2.414562165,72,-9,-125,1
3/9/2012 13:27,69,-2.475327059,72,-8,-125,1
3/9/2012 13:28,69,-2.510710018,69,-8,-126,1
3/9/2012 13:29,69,-2.546092977,75,-9,-125,1
3/9/2012 13:30,69,-2.581475936,73,-9,-124,1
3/9/2012 13:31,69,-2.616858894,63,-10,-125,1
3/9/2012 13:32,69,-2.652241853,62,-9,-126,1
3/9/2012 13:33,69,-2.706175036,62,-9,-127,1
3/9/2012 13:34,69,-2.760108218,60,-9,-127,1
3/9/2012 13:35,69,-2.814041401,60,-9,-128,1
3/9/2012 13:36,69,-2.867974583,57,-8,-129,1
3/9/2012 13:37,69,-2.921907766,55,-8,-129,1
3/9/2012 13:38,69,-2.974970662,61,-8,-129,1
3/9/2012 13:39,69,-3.028033559,65,-8,-129,1
3/9/2012 13:40,69,-3.081096455,67,-8,-129,1
3/9/2012 13:41,69,-3.134159352,69,-7,-129,1
3/9/2012 13:42,69,-3.187222248,69,-7,-129,1
3/9/2012 13:43,69,-3.224672792,67,-6,-129,1
3/9/2012 13:44,69,-3.262123336,67,-6,-129,1
3/9/2012 13:45,69,-3.299573881,62,-5,-128,1
3/9/2012 13:46,69,-3.337024425,56,-5,-127,1
3/9/2012 13:47,69,-3.374474969,50,-4,-126,1
3/9/2012 13:48,69,-3.439628383,39,-4,-124,1
3/9/2012 13:49,69,-3.504781796,32,-3,-123,1
3/9/2012 13:50,69,-3.569935209,31,-3,-121,1
3/9/2012 13:51,69,-3.635088623,26,-3,-120,1
3/9/2012 13:52,69,-3.700242036,26,-3,-119,1
3/9/2012 13:53,69,-3.759700121,24,-4,-117,1
3/9/2012 13:54,69,-3.819158205,24,-3,-116,1
3/9/2012 13:55,69,-3.87861629,27,-4,-115,1
3/9/2012 13:56,69,-3.938074374,34,-4,-115,1
3/9/2012 13:57,69,-3.997532458,37,-4,-116,1
3/9/2012 13:58,69,-4.0470646,42,-4,-116,1
3/9/2012 13:59,69,-4.096596742,44,-3,-116,1
3/9/2012 14:00,69,-4.146128884,47,-3,-116,1
3/9/2012 14:01,69,-4.195661026,53,-4,-115,1
3/9/2012 14:02,69,-4.245193168,58,-6,-114,1
3/9/2012 14:03,69,-4.297400116,57,-6,-113,1
3/9/2012 14:04,69,-4.349607064,47,-5,-113,1
3/9/2012 14:05,69,-4.401814011,37,-4,-112,1
3/9/2012 14:06,69,-4.454020959,31,-4,-112,1
3/9/2012 14:07,69,-4.506227907,18,-4,-111,1
3/9/2012 14:08,69,-4.545298341,14,-4,-112,1
3/9/2012 14:09,69,-4.584368775,15,-3,-112,1
3/9/2012 14:10,69,-4.62343921,17,-2,-112,1
3/9/2012 14:11,69,-4.662509644,19,-2,-113,1
3/9/2012 14:12,69,-4.701580078,20,-2,-114,1
3/9/2012 14:13,69,-4.756583648,27,-2,-114,1
3/9/2012 14:14,69,-4.811587217,30,-3,-114,1
3/9/2012 14:15,69,-4.866590787,26,-3,-115,1
3/9/2012 14:16,69,-4.921594356,27,-4,-116,1
3/9/2012 14:17,69,-4.976597925,30,-4,-116,1
3/9/2012 14:18,69,-4.984902919,31,-4,-117,1
3/9/2012 14:19,69,-4.993207913,30,-3,-118,1
3/9/2012 14:20,69,-5.001512907,30,-2,-119,1
3/9/2012 14:21,69,-5.009817901,29,-2,-118,1
3/9/2012 14:22,69,-5.018122895,30,-2,-117,1
3/9/2012 14:23,69,-5.052337447,31,-2,-117,1
3/9/2012 14:24,69,-5.086551998,30,-2,-117,1
3/9/2012 14:25,69,-5.12076655,30,-2,-117,1
3/9/2012 14:26,69,-5.154981102,31,-1,-119,1
3/9/2012 14:27,69,-5.189195654,31,1,-120,1
3/9/2012 14:28,69,-5.228824166,33,0,-120,1
3/9/2012 14:29,69,-5.268452678,36,1,-122,1
3/9/2012 14:30,69,-5.308081191,39,1,-121,1
3/9/2012 14:31,69,-5.347709703,40,0,-121,1
3/9/2012 14:32,69,-5.387338215,41,1,-122,1
3/9/2012 14:33,69,-5.39270581,43,1,-122,1
3/9/2012 14:34,69,-5.398073405,45,2,-122,1
3/9/2012 14:35,69,-5.403440999,50,1,-120,1
3/9/2012 14:36,69,-5.408808594,53,-1,-118,1
3/9/2012 14:37,69,-5.414176188,52,0,-118,1
3/9/2012 14:38,69,-5.465431869,53,0,-119,1
3/9/2012 14:39,69,-5.516687549,51,0,-119,1
3/9/2012 14:40,69,-5.56794323,51,0,-119,1
3/9/2012 14:41,69,-5.619198911,51,-1,-119,1
3/9/2012 14:42,69,-5.670454591,51,-2,-119,1
3/9/2012 14:43,69,-5.679812076,50,-3,-120,1
3/9/2012 14:44,69,-5.68916956,52,-3,-120,1
3/9/2012 14:45,69,-5.698527045,54,-3,-121,1
3/9/2012 14:46,69,-5.707884529,58,-4,-122,1
3/9/2012 14:47,69,-5.717242014,60,-4,-121,1
3/9/2012 14:48,69,-5.739201088,63,-4,-121,1
3/9/2012 14:49,69,-5.761160163,65,-4,-122,1
3/9/2012 14:50,69,-5.783119237,69,-3,-122,1
3/9/2012 14:51,69,-5.805078312,72,-3,-122,1
3/9/2012 14:52,69,-5.827037386,73,-3,-122,1
3/9/2012 14:53,69,-5.832026401,75,-3,-121,1
3/9/2012 14:54,69,-5.837015416,79,-4,-120,1
3/9/2012 14:55,69,-5.84200443,80,-4,-120,1
3/9/2012 14:56,69,-5.846993445,76,-4,-121,1
3/9/2012 14:57,69,-5.85198246,73,-4,-121,1
3/9/2012 14:58,69,-5.869584879,73,-4,-121,1
3/9/2012 14:59,69,-5.887187298,74,-4,-122,1
3/9/2012 15:00,69,-5.904789717,68,-5,-123,1
3/9/2012 15:01,69,-5.922392136,66,-4,-125,1
3/9/2012 15:02,69,-5.939994555,65,-2,-125,1
3/9/2012 15:03,69,-5.955553318,66,-2,-127,1
3/9/2012 15:04,69,-5.97111208,62,-3,-127,1
3/9/2012 15:05,69,-5.986670843,61,-3,-126,1
3/9/2012 15:06,69,-6.002229605,58,-3,-126,1
3/9/2012 15:07,69,-6.017788368,56,-2,-125,1
3/9/2012 15:08,69,-6.035493073,58,-1,-125,1
3/9/2012 15:09,69,-6.053197778,59,-1,-124,1
3/9/2012 15:10,69,-6.070902484,60,-1,-124,1
3/9/2012 15:11,69,-6.088607189,61,-1,-124,1
3/9/2012 15:12,69,-6.106311894,63,0,-124,1
3/9/2012 15:13,69,-6.138024191,69,-1,-123,1
3/9/2012 15:14,69,-6.169736488,73,-2,-121,1
3/9/2012 15:15,69,-6.201448784,72,-3,-121,1
3/9/2012 15:16,69,-6.233161081,71,-3,-120,1
3/9/2012 15:17,69,-6.264873378,71,-4,-121,1
3/9/2012 15:18,69,-6.299157683,72,-4,-120,1
3/9/2012 15:19,69,-6.333441989,76,-5,-120,1
3/9/2012 15:20,69,-6.367726295,75,-7,-119,1
3/9/2012 15:21,69,-6.402010601,73,-8,-119,1
3/9/2012 15:22,69,-6.436294907,72,-8,-119,1
3/9/2012 15:23,69,-6.457536006,69,-7,-119,1
3/9/2012 15:24,69,-6.478777106,69,-6,-119,1
3/9/2012 15:25,69,-6.500018206,65,-4,-119,1
3/9/2012 15:26,69,-6.521259306,62,-3,-117,1
3/9/2012 15:27,69,-6.542500406,57,-3,-116,1
3/9/2012 15:28,69,-6.574122116,52,-3,-114,1
3/9/2012 15:29,69,-6.605743826,49,-4,-113,1
3/9/2012 15:30,69,-6.637365536,49,-4,-111,1
3/9/2012 15:31,69,-6.668987246,50,-5,-111,1
3/9/2012 15:32,69,-6.700608956,49,-5,-111,1
3/9/2012 15:33,69,-6.730153092,48,-6,-111,1
3/9/2012 15:34,69,-6.759697227,45,-7,-111,1
3/9/2012 15:35,69,-6.789241363,43,-7,-110,1
3/9/2012 15:36,69,-6.818785498,42,-7,-109,1
3/9/2012 15:37,69,-6.848329634,43,-8,-109,1
3/9/2012 15:38,69,-6.873451916,40,-7,-109,1
3/9/2012 15:39,69,-6.898574198,38,-6,-109,1
3/9/2012 15:40,69,-6.92369648,39,-6,-109,1
3/9/2012 15:41,69,-6.948818762,37,-5,-109,1
3/9/2012 15:42,69,-6.973941044,34,-4,-109,1
3/9/2012 15:43,69,-6.997340665,34,-4,-108,1
3/9/2012 15:44,69,-7.020740286,33,-5,-108,1
3/9/2012 15:45,69,-7.044139907,30,-6,-107,1
3/9/2012 15:46,69,-7.067539528,32,-6,-106,1
3/9/2012 15:47,69,-7.090939149,28,-6,-106,1
3/9/2012 15:48,69,-7.11672281,27,-5,-106,1
3/9/2012 15:49,69,-7.142506471,28,-5,-105,1
3/9/2012 15:50,69,-7.168290131,29,-4,-105,1
3/9/2012 15:51,69,-7.194073792,29,-4,-104,1
3/9/2012 15:52,69,-7.219857453,28,-5,-104,1
3/9/2012 15:53,69,-7.24725301,26,-4,-103,1
3/9/2012 15:54,69,-7.274648566,25,-4,-102,1
3/9/2012 15:55,69,-7.302044123,24,-4,-102,1
3/9/2012 15:56,69,-7.329439679,24,-3,-101,1
3/9/2012 15:57,69,-7.356835236,25,-4,-100,1
3/9/2012 15:58,69,-7.386028582,27,-4,-100,1
3/9/2012 15:59,69,-7.415221927,29,-4,-98,1
3/9/2012 16:00,69,-7.444415273,31,-5,-97,1
3/9/2012 16:01,69,-7.473608619,28,-5,-97,1
3/9/2012 16:02,69,-7.502801964,29,-5,-97,1
3/9/2012 16:03,69,-7.52981413,32,-5,-96,1
3/9/2012 16:04,69,-7.556826296,34,-6,-97,1
3/9/2012 16:05,69,-7.583838462,34,-6,-97,1
3/9/2012 16:06,69,-7.610850627,39,-5,-97,1
3/9/2012 16:07,69,-7.637862793,45,-5,-96,1
3/9/2012 16:08,69,-7.676915529,49,-5,-96,1
3/9/2012 16:09,69,-7.715968266,50,-5,-97,1
3/9/2012 16:10,69,-7.755021002,53,-5,-97,1
3/9/2012 16:11,69,-7.794073738,53,-5,-97,1
3/9/2012 16:12,69,-7.833126474,54,-4,-97,1
3/9/2012 16:13,69,-7.86821435,52,-4,-97,1
3/9/2012 16:14,69,-7.903302227,54,-4,-96,1
3/9/2012 16:15,69,-7.938390103,52,-3,-96,1
3/9/2012 16:16,69,-7.97347798,52,-3,-95,1
3/9/2012 16:17,69,-8.008565856,49,-3,-94,1
3/9/2012 16:18,69,-8.050907326,47,-3,-94,1
3/9/2012 16:19,69,-8.093248796,50,-3,-94,1
3/9/2012 16:20,69,-8.135590266,50,-3,-93,1
3/9/2012 16:21,69,-8.177931736,51,-3,-93,1
3/9/2012 16:22,69,-8.220273206,51,-4,-92,1
3/9/2012 16:23,69,-8.261466648,50,-4,-93,1
3/9/2012 16:24,69,-8.302660091,51,-4,-93,1
3/9/2012 16:25,69,-8.343853534,51,-4,-93,1
3/9/2012 16:26,69,-8.385046977,51,-4,-93,1
3/9/2012 16:27,69,-8.426240419,52,-4,-93,1
3/9/2012 16:28,69,-8.463470156,52,-4,-93,1
3/9/2012 16:29,69,-8.500699892,52,-4,-94,1
3/9/2012 16:30,69,-8.537929628,53,-4,-94,1
3/9/2012 16:31,69,-8.575159364,52,-4,-93,1
3/9/2012 16:32,69,-8.612389101,52,-4,-93,1
3/9/2012 16:33,69,-8.649650861,51,-4,-93,1
3/9/2012 16:34,69,-8.686912621,49,-4,-93,1
3/9/2012 16:35,69,-8.724174382,49,-4,-94,1
3/9/2012 16:36,69,-8.761436142,48,-4,-93,1
3/9/2012 16:37,69,-8.798697903,47,-4,-93,1
3/9/2012 16:38,69,-8.833776222,45,-4,-93,1
3/9/2012 16:39,69,-8.868854542,43,-4,-92,1
3/9/2012 16:40,69,-8.903932862,43,-4,-92,1
3/9/2012 16:41,69,-8.939011181,42,-4,-92,1
3/9/2012 16:42,69,-8.974089501,41,-4,-92,1
3/9/2012 16:43,69,-8.998594119,41,-4,-92,1
3/9/2012 16:44,69,-9.023098737,41,-4,-92,1
3/9/2012 16:45,69,-9.047603355,40,-4,-92,1
3/9/2012 16:46,69,-9.072107974,41,-4,-91,1
3/9/2012 16:47,69,-9.096612592,40,-4,-91,1
3/9/2012 16:48,69,-9.124021025,40,-4,-91,1
3/9/2012 16:49,69,-9.151429458,39,-4,-90,1
3/9/2012 16:50,69,-9.178837891,38,-4,-90,1
3/9/2012 16:51,69,-9.206246325,38,-4,-91,1
3/9/2012 16:52,69,-9.233654758,37,-4,-90,1
3/9/2012 16:53,69,-9.272915724,39,-4,-90,1
3/9/2012 16:54,69,-9.31217669,37,-4,-90,1
3/9/2012 16:55,69,-9.351437657,35,-4,-90,1
3/9/2012 16:56,69,-9.390698623,35,-4,-90,1
3/9/2012 16:57,69,-9.429959589,34,-4,-90,1
3/9/2012 16:58,69,-9.445187068,35,-4,-90,1
3/9/2012 16:59,69,-9.460414547,34,-4,-90,1
3/9/2012 17:00,69,-9.475642026,34,-4,-90,1
3/9/2012 17:01,69,-9.490869506,35,-5,-90,1
3/9/2012 17:02,69,-9.506096985,34,-5,-89,1
3/9/2012 17:03,69,-9.54829343,33,-4,-90,1
3/9/2012 17:04,69,-9.590489875,34,-5,-90,1
3/9/2012 17:05,69,-9.632686321,34,-5,-89,1
3/9/2012 17:06,69,-9.674882766,34,-5,-89,1
3/9/2012 17:07,69,-9.717079211,33,-5,-89,1
3/9/2012 17:08,69,-9.739745856,30,-5,-90,1
3/9/2012 17:09,69,-9.7624125,29,-5,-89,1
3/9/2012 17:10,69,-9.785079145,30,-5,-89,1
3/9/2012 17:11,69,-9.807745789,30,-5,-89,1
3/9/2012 17:12,69,-9.830412434,30,-5,-89,1
3/9/2012 17:13,69,-9.859680195,31,-5,-89,1
3/9/2012 17:14,69,-9.888947956,30,-5,-89,1
3/9/2012 17:15,69,-9.918215718,32,-5,-89,1
3/9/2012 17:16,69,-9.947483479,32,-5,-88,1
3/9/2012 17:17,69,-9.97675124,29,-5,-88,1
3/9/2012 17:18,69,-9.991428104,29,-5,-88,1
3/9/2012 17:19,69,-10.00610497,28,-5,-88,1
3/9/2012 17:20,69,-10.02078183,28,-5,-88,1
3/9/2012 17:21,69,-10.0354587,29,-5,-88,1
3/9/2012 17:22,69,-10.05013556,29,-5,-88,1
3/9/2012 17:23,69,-10.07327661,28,-5,-88,1
3/9/2012 17:24,69,-10.09641766,28,-5,-88,1
3/9/2012 17:25,69,-10.11955871,27,-5,-88,1
3/9/2012 17:26,69,-10.14269975,27,-5,-88,1
3/9/2012 17:27,69,-10.1658408,26,-5,-88,1
3/9/2012 17:28,69,-10.18397736,25,-5,-88,1
3/9/2012 17:29,69,-10.20211391,26,-5,-88,1
3/9/2012 17:30,69,-10.22025046,27,-5,-88,1
3/9/2012 17:31,69,-10.23838702,27,-5,-88,1
3/9/2012 17:32,69,-10.25652357,25,-5,-88,1
3/9/2012 17:33,69,-10.26896879,24,-5,-88,1
3/9/2012 17:34,69,-10.281414,23,-4,-88,1
3/9/2012 17:35,69,-10.29385922,22,-4,-87,1
3/9/2012 17:36,69,-10.30630444,21,-4,-87,1
3/9/2012 17:37,69,-10.31874965,21,-4,-87,1
3/9/2012 17:38,69,-10.36261382,20,-4,-86,1
3/9/2012 17:39,69,-10.40647798,19,-4,-86,1
3/9/2012 17:40,69,-10.45034215,19,-5,-87,1
3/9/2012 17:41,69,-10.49420632,18,-4,-87,1
3/9/2012 17:42,69,-10.53807048,18,-4,-87,1
3/9/2012 17:43,69,-10.5721291,18,-4,-86,1
3/9/2012 17:44,69,-10.60618773,17,-4,-87,1
3/9/2012 17:45,69,-10.64024635,17,-4,-87,1
3/9/2012 17:46,69,-10.67430497,17,-5,-87,1
3/9/2012 17:47,69,-10.70836359,15,-5,-87,1
3/9/2012 17:48,69,-10.72064373,15,-4,-87,1
3/9/2012 17:49,69,-10.73292387,15,-5,-86,1
3/9/2012 17:50,69,-10.74520402,15,-4,-86,1
3/9/2012 17:51,69,-10.75748416,15,-4,-87,1
3/9/2012 17:52,69,-10.7697643,15,-5,-86,1
3/9/2012 17:53,69,-10.79403989,15,-5,-87,1
3/9/2012 17:54,69,-10.81831548,16,-5,-87,1
3/9/2012 17:55,69,-10.84259107,16,-4,-87,1
3/9/2012 17:56,69,-10.86686666,16,-5,-87,1
3/9/2012 17:57,69,-10.89114226,15,-4,-86,1
3/9/2012 17:58,69,-10.92104543,15,-4,-86,1
3/9/2012 17:59,69,-10.95094861,15,-4,-86,1
3/9/2012 18:00,69,-10.98085179,15,-4,-87,1
3/9/2012 18:01,69,-11.01075497,15,-5,-87,1
3/9/2012 18:02,69,-11.04065815,15,-5,-87,1
3/9/2012 18:03,69,-11.07336528,15,-5,-87,1
3/9/2012 18:04,69,-11.1060724,15,-5,-86,1
3/9/2012 18:05,69,-11.13877953,16,-5,-87,1
3/9/2012 18:06,69,-11.17148666,16,-5,-87,1
3/9/2012 18:07,69,-11.20419378,16,-5,-87,1
3/9/2012 18:08,69,-11.25026384,16,-5,-87,1
3/9/2012 18:09,69,-11.2963339,15,-4,-87,1
3/9/2012 18:10,69,-11.34240397,15,-4,-87,1
3/9/2012 18:11,69,-11.38847403,15,-4,-86,1
3/9/2012 18:12,69,-11.43454409,15,-4,-86,1
3/9/2012 18:13,69,-11.4792813,15,-5,-87,1
3/9/2012 18:14,69,-11.52401851,16,-5,-86,1
3/9/2012 18:15,69,-11.56875572,15,-5,-86,1
3/9/2012 18:16,69,-11.61349293,15,-4,-86,1
3/9/2012 18:17,69,-11.65823014,15,-4,-86,1
3/9/2012 18:18,69,-11.69464535,14,-4,-86,1
3/9/2012 18:19,69,-11.73106056,14,-4,-86,1
3/9/2012 18:20,69,-11.76747577,14,-4,-86,1
3/9/2012 18:21,69,-11.80389097,14,-4,-86,1
3/9/2012 18:22,69,-11.84030618,12,-4,-86,1
3/9/2012 18:23,69,-11.86838241,12,-4,-86,1
3/9/2012 18:24,69,-11.89645863,14,-4,-86,1
3/9/2012 18:25,69,-11.92453485,14,-4,-86,1
3/9/2012 18:26,69,-11.95261107,13,-4,-86,1
3/9/2012 18:27,69,-11.9806873,13,-4,-86,1
3/9/2012 18:28,69,-12.02711248,14,-4,-86,1
3/9/2012 18:29,69,-12.07353767,14,-4,-87,1
3/9/2012 18:30,69,-12.11996286,13,-4,-87,1
3/9/2012 18:31,69,-12.16638805,14,-4,-86,1
3/9/2012 18:32,69,-12.21281324,14,-4,-86,1
3/9/2012 18:33,69,-12.21943003,14,-4,-86,1
3/9/2012 18:34,69,-12.22604682,14,-4,-85,1
3/9/2012 18:35,69,-12.23266361,14,-4,-86,1
3/9/2012 18:36,69,-12.2392804,14,-5,-86,1
3/9/2012 18:37,69,-12.24589719,15,-4,-86,1
3/9/2012 18:38,69,-12.26708859,16,-4,-86,1
3/9/2012 18:39,69,-12.28828,16,-4,-86,1
3/9/2012 18:40,69,-12.3094714,16,-4,-85,1
3/9/2012 18:41,69,-12.33066281,15,-4,-85,1
3/9/2012 18:42,69,-12.35185422,14,-5,-85,1
3/9/2012 18:43,69,-12.36722855,15,-4,-86,1
3/9/2012 18:44,69,-12.38260288,15,-5,-86,1
3/9/2012 18:45,69,-12.39797722,15,-5,-86,1
3/9/2012 18:46,69,-12.41335155,14,-5,-86,1
3/9/2012 18:47,69,-12.42872589,14,-5,-86,1
3/9/2012 18:48,69,-12.43747595,14,-5,-86,1
3/9/2012 18:49,69,-12.44622602,15,-5,-86,1
3/9/2012 18:50,69,-12.45497608,14,-5,-85,1
3/9/2012 18:51,69,-12.46372615,15,-5,-84,1
3/9/2012 18:52,69,-12.47247621,16,-5,-84,1
3/9/2012 18:53,69,-12.49220598,16,-4,-85,1
3/9/2012 18:54,69,-12.51193575,16,-4,-84,1
3/9/2012 18:55,69,-12.53166552,15,-4,-84,1
3/9/2012 18:56,69,-12.55139529,14,-4,-84,1
3/9/2012 18:57,69,-12.57112506,14,-5,-83,1
3/9/2012 18:58,69,-12.57008137,15,-5,-84,1
3/9/2012 18:59,69,-12.56903768,14,-5,-85,1
3/9/2012 19:00,69,-12.56799399,14,-5,-85,1
3/9/2012 19:01,69,-12.5669503,14,-5,-85,1
3/9/2012 19:02,69,-12.5659066,15,-5,-85,1
3/9/2012 19:03,69,-12.56894492,14,-5,-84,1
3/9/2012 19:04,69,-12.57198323,15,-5,-84,1
3/9/2012 19:05,69,-12.57502154,14,-5,-84,1
3/9/2012 19:06,69,-12.57805985,14,-5,-84,1
3/9/2012 19:07,69,-12.58109816,15,-5,-84,1
3/9/2012 19:08,69,-12.60158122,16,-5,-85,1
3/9/2012 19:09,69,-12.62206427,15,-5,-85,1
3/9/2012 19:10,69,-12.64254732,15,-5,-85,1
3/9/2012 19:11,69,-12.66303037,14,-5,-84,1
3/9/2012 19:12,69,-12.68351342,14,-5,-85,1
3/9/2012 19:13,69,-12.7321399,15,-5,-86,1
3/9/2012 19:14,69,-12.78076637,15,-5,-86,1
3/9/2012 19:15,69,-12.82939285,15,-5,-85,1
3/9/2012 19:16,69,-12.87801933,15,-5,-85,1
3/9/2012 19:17,69,-12.92664581,14,-5,-85,1
3/9/2012 19:18,69,-12.93687528,14,-5,-85,1
3/9/2012 19:19,69,-12.94710476,14,-6,-85,1
3/9/2012 19:20,69,-12.95733424,15,-5,-85,1
3/9/2012 19:21,69,-12.96756372,16,-5,-85,1
3/9/2012 19:22,69,-12.97779319,16,-5,-85,1
3/9/2012 19:23,69,-12.98068331,15,-5,-85,1
3/9/2012 19:24,69,-12.98357342,15,-5,-85,1
3/9/2012 19:25,69,-12.98646353,14,-5,-84,1
3/9/2012 19:26,69,-12.98935365,14,-5,-84,1
3/9/2012 19:27,69,-12.99224376,14,-5,-84,1
3/9/2012 19:28,69,-13.00605362,14,-5,-85,1
3/9/2012 19:29,69,-13.01986347,15,-5,-85,1
3/9/2012 19:30,69,-13.03367333,15,-5,-85,1
3/9/2012 19:31,69,-13.04748319,14,-5,-85,1
3/9/2012 19:32,69,-13.06129305,15,-5,-85,1
3/9/2012 19:33,69,-13.07336452,15,-5,-85,1
3/9/2012 19:34,69,-13.08543599,15,-5,-86,1
3/9/2012 19:35,69,-13.09750747,15,-5,-86,1
3/9/2012 19:36,69,-13.10957894,14,-5,-87,1
3/9/2012 19:37,69,-13.12165042,15,-5,-87,1
3/9/2012 19:38,69,-13.13289924,16,-5,-88,1
3/9/2012 19:39,69,-13.14414806,17,-5,-88,1
3/9/2012 19:40,69,-13.15539688,17,-5,-87,1
3/9/2012 19:41,69,-13.1666457,17,-5,-87,1
3/9/2012 19:42,69,-13.17789452,16,-5,-87,1
3/9/2012 19:43,69,-13.18121206,17,-5,-86,1
3/9/2012 19:44,69,-13.18452961,17,-5,-87,1
3/9/2012 19:45,69,-13.18784716,17,-5,-88,1
3/9/2012 19:46,69,-13.1911647,16,-5,-88,1
3/9/2012 19:47,69,-13.19448225,17,-5,-89,1
3/9/2012 19:48,69,-13.20448812,17,-4,-89,1
3/9/2012 19:49,69,-13.21449399,18,-5,-89,1
3/9/2012 19:50,69,-13.22449986,18,-5,-90,1
3/9/2012 19:51,69,-13.23450573,18,-5,-90,1
3/9/2012 19:52,69,-13.2445116,19,-5,-90,1
3/9/2012 19:53,69,-13.27646544,20,-4,-91,1
3/9/2012 19:54,69,-13.30841928,21,-4,-91,1
3/9/2012 19:55,69,-13.34037313,22,-4,-91,1
3/9/2012 19:56,69,-13.37232697,23,-4,-91,1
3/9/2012 19:57,69,-13.40428081,23,-4,-90,1
3/9/2012 19:58,69,-13.42475893,23,-4,-90,1
3/9/2012 19:59,69,-13.44523706,24,-4,-90,1
3/9/2012 20:00,69,-13.46571518,23,-4,-89,1
3/9/2012 20:01,69,-13.4861933,23,-5,-90,1
3/9/2012 20:02,69,-13.50667143,24,-5,-90,1
3/9/2012 20:03,69,-13.51424722,26,-5,-90,1
3/9/2012 20:04,69,-13.52182301,26,-5,-90,1
3/9/2012 20:05,69,-13.52939881,29,-5,-90,1
3/9/2012 20:06,69,-13.5369746,31,-5,-90,1
3/9/2012 20:07,69,-13.5445504,32,-6,-90,1
3/9/2012 20:08,69,-13.56660628,35,-6,-90,1
3/9/2012 20:09,69,-13.58866215,35,-6,-90,1
3/9/2012 20:10,69,-13.61071803,35,-6,-90,1
3/9/2012 20:11,69,-13.63277391,37,-6,-90,1
3/9/2012 20:12,69,-13.65482979,37,-6,-91,1
3/9/2012 20:13,69,-13.66256575,38,-6,-91,1
3/9/2012 20:14,69,-13.67030171,38,-6,-91,1
3/9/2012 20:15,69,-13.67803767,39,-6,-90,1
3/9/2012 20:16,69,-13.68577363,39,-6,-91,1
3/9/2012 20:17,69,-13.69350959,39,-6,-91,1
3/9/2012 20:18,69,-13.6814558,40,-6,-91,1
3/9/2012 20:19,69,-13.669402,40,-6,-91,1
3/9/2012 20:20,69,-13.65734821,39,-6,-91,1
3/9/2012 20:21,69,-13.64529441,39,-5,-91,1
3/9/2012 20:22,69,-13.63324061,39,-5,-91,1
3/9/2012 20:23,69,-13.63534009,40,-5,-90,1
3/9/2012 20:24,69,-13.63743956,39,-5,-90,1
3/9/2012 20:25,69,-13.63953903,42,-4,-90,1
3/9/2012 20:26,69,-13.6416385,42,-4,-89,1
3/9/2012 20:27,69,-13.64373797,43,-4,-88,1
3/9/2012 20:28,69,-13.66143858,42,-4,-87,1
3/9/2012 20:29,69,-13.67913918,39,-5,-86,1
3/9/2012 20:30,69,-13.69683979,39,-4,-85,1
3/9/2012 20:31,69,-13.7145404,40,-4,-85,1
3/9/2012 20:32,69,-13.732241,41,-4,-86,1
3/9/2012 20:33,69,-13.73433699,39,-4,-88,1
3/9/2012 20:34,69,-13.73643297,36,-3,-89,1
3/9/2012 20:35,69,-13.73852896,36,-3,-90,1
3/9/2012 20:36,69,-13.74062494,37,-2,-90,1
3/9/2012 20:37,69,-13.74272093,38,-2,-89,1
3/9/2012 20:38,69,-13.75187594,38,-2,-88,1
3/9/2012 20:39,69,-13.76103095,38,-2,-88,1
3/9/2012 20:40,69,-13.77018596,37,-2,-88,1
3/9/2012 20:41,69,-13.77934097,36,-1,-88,1
3/9/2012 20:42,69,-13.78849598,38,-1,-89,1
3/9/2012 20:43,69,-13.77108683,40,-1,-89,1
3/9/2012 20:44,69,-13.75367768,39,-1,-89,1
3/9/2012 20:45,69,-13.73626853,40,-1,-89,1
3/9/2012 20:46,69,-13.71885939,38,-1,-88,1
3/9/2012 20:47,69,-13.70145024,39,-1,-87,1
3/9/2012 20:48,69,-13.69821615,39,-1,-86,1
3/9/2012 20:49,69,-13.69498206,39,-1,-86,1
3/9/2012 20:50,69,-13.69174796,37,-1,-86,1
3/9/2012 20:51,69,-13.68851387,36,0,-86,1
3/9/2012 20:52,69,-13.68527978,35,0,-86,1
3/9/2012 20:53,69,-13.67484193,34,0,-86,1
3/9/2012 20:54,69,-13.66440408,33,0,-86,1
3/9/2012 20:55,69,-13.65396622,33,0,-87,1
3/9/2012 20:56,69,-13.64352837,32,0,-86,1
3/9/2012 20:57,69,-13.63309052,33,0,-86,1
3/9/2012 20:58,69,-13.63725172,33,0,-86,1
3/9/2012 20:59,69,-13.64141292,34,0,-86,1
3/9/2012 21:00,69,-13.64557412,34,1,-86,1
3/9/2012 21:01,69,-13.64973532,33,1,-86,1
3/9/2012 21:02,69,-13.65389652,31,1,-86,1
3/9/2012 21:03,69,-13.66703813,31,1,-87,1
3/9/2012 21:04,69,-13.68017975,30,1,-87,1
3/9/2012 21:05,69,-13.69332136,31,1,-88,1
3/9/2012 21:06,69,-13.70646298,32,1,-88,1
3/9/2012 21:07,69,-13.71960459,30,2,-88,1
3/9/2012 21:08,69,-13.72612255,30,1,-88,1
3/9/2012 21:09,69,-13.7326405,29,2,-87,1
3/9/2012 21:10,69,-13.73915846,29,1,-88,1
3/9/2012 21:11,69,-13.74567641,29,2,-88,1
3/9/2012 21:12,69,-13.75219437,29,2,-88,1
3/9/2012 21:13,69,-13.73879548,29,2,-88,1
3/9/2012 21:14,69,-13.72539659,29,2,-88,1
3/9/2012 21:15,69,-13.7119977,30,2,-88,1
3/9/2012 21:16,69,-13.69859881,30,2,-88,1
3/9/2012 21:17,69,-13.68519993,31,2,-88,1
3/9/2012 21:18,69,-13.67862372,31,2,-88,1
3/9/2012 21:19,69,-13.67204751,30,2,-87,1
3/9/2012 21:20,69,-13.6654713,31,2,-87,1
3/9/2012 21:21,69,-13.65889509,31,2,-87,1
3/9/2012 21:22,69,-13.65231889,31,2,-87,1
3/9/2012 21:23,69,-13.65840138,31,3,-87,1
3/9/2012 21:24,69,-13.66448388,31,3,-86,1
3/9/2012 21:25,69,-13.67056637,32,3,-86,1
3/9/2012 21:26,69,-13.67664887,32,3,-86,1
3/9/2012 21:27,69,-13.68273136,32,3,-86,1
3/9/2012 21:28,69,-13.67144951,33,3,-86,1
3/9/2012 21:29,69,-13.66016765,32,3,-87,1
3/9/2012 21:30,69,-13.64888579,32,3,-87,1
3/9/2012 21:31,69,-13.63760394,32,3,-87,1
3/9/2012 21:32,69,-13.62632208,32,3,-87,1
3/9/2012 21:33,69,-13.6050179,33,3,-86,1
3/9/2012 21:34,69,-13.58371371,33,3,-87,1
3/9/2012 21:35,69,-13.56240953,35,3,-86,1
3/9/2012 21:36,69,-13.54110534,35,3,-85,1
3/9/2012 21:37,69,-13.51980115,36,4,-85,1
3/9/2012 21:38,69,-13.4748122,35,4,-84,1
3/9/2012 21:39,69,-13.42982325,35,3,-84,1
3/9/2012 21:40,69,-13.3848343,36,3,-82,1
3/9/2012 21:41,69,-13.33984534,37,3,-81,1
3/9/2012 21:42,69,-13.29485639,38,3,-80,1
3/9/2012 21:43,69,-13.27306172,38,3,-81,1
3/9/2012 21:44,69,-13.25126704,37,4,-81,1
3/9/2012 21:45,69,-13.22947237,38,4,-82,1
3/9/2012 21:46,69,-13.2076777,38,4,-83,1
3/9/2012 21:47,69,-13.18588302,37,4,-84,1
3/9/2012 21:48,69,-13.17622969,36,4,-84,1
3/9/2012 21:49,69,-13.16657636,37,4,-85,1
3/9/2012 21:50,69,-13.15692303,36,3,-84,1
3/9/2012 21:51,69,-13.1472697,36,3,-84,1
3/9/2012 21:52,69,-13.13761637,38,3,-84,1
3/9/2012 21:53,69,-13.099375,37,3,-84,1
3/9/2012 21:54,69,-13.06113363,38,3,-84,1
3/9/2012 21:55,69,-13.02289226,38,3,-84,1
3/9/2012 21:56,69,-12.98465088,38,3,-84,1
3/9/2012 21:57,69,-12.94640951,39,3,-84,1
3/9/2012 21:58,69,-12.91368866,40,4,-83,1
3/9/2012 21:59,69,-12.88096781,42,4,-83,1
3/9/2012 22:00,69,-12.84824695,42,4,-83,1
3/9/2012 22:01,69,-12.8155261,41,4,-83,1
3/9/2012 22:02,69,-12.78280525,41,4,-83,1
3/9/2012 22:03,69,-12.74301113,41,4,-83,1
3/9/2012 22:04,69,-12.70321701,41,4,-83,1
3/9/2012 22:05,69,-12.66342289,42,4,-83,1
3/9/2012 22:06,69,-12.62362877,43,4,-83,1
3/9/2012 22:07,69,-12.58383465,44,4,-83,1
3/9/2012 22:08,69,-12.56866142,43,4,-83,1
3/9/2012 22:09,69,-12.5534882,44,4,-82,1
3/9/2012 22:10,69,-12.53831497,44,4,-83,1
3/9/2012 22:11,69,-12.52314174,44,4,-82,1
3/9/2012 22:12,69,-12.50796852,45,4,-82,1
3/9/2012 22:13,69,-12.48525366,45,4,-82,1
3/9/2012 22:14,69,-12.46253881,46,4,-82,1
3/9/2012 22:15,69,-12.43982396,46,4,-81,1
3/9/2012 22:16,69,-12.41710911,46,4,-81,1
3/9/2012 22:17,69,-12.39439425,46,4,-81,1
3/9/2012 22:18,69,-12.35203973,47,4,-80,1
3/9/2012 22:19,69,-12.3096852,47,4,-80,1
3/9/2012 22:20,69,-12.26733067,47,4,-79,1
3/9/2012 22:21,69,-12.22497615,48,4,-79,1
3/9/2012 22:22,69,-12.18262162,48,4,-78,1
3/9/2012 22:23,69,-12.12881422,49,4,-78,1
3/9/2012 22:24,69,-12.07500682,49,4,-78,1
3/9/2012 22:25,69,-12.02119941,50,4,-78,1
3/9/2012 22:26,69,-11.96739201,50,4,-77,1
3/9/2012 22:27,69,-11.91358461,51,4,-77,1
3/9/2012 22:28,69,-11.87881657,51,4,-77,1
3/9/2012 22:29,69,-11.84404854,50,4,-76,1
3/9/2012 22:30,69,-11.8092805,50,4,-76,1
3/9/2012 22:31,69,-11.77451247,50,4,-76,1
3/9/2012 22:32,69,-11.73974444,50,4,-75,1
3/9/2012 22:33,69,-11.72686522,51,4,-75,1
3/9/2012 22:34,69,-11.71398601,51,4,-74,1
3/9/2012 22:35,69,-11.7011068,51,4,-74,1
3/9/2012 22:36,69,-11.68822759,51,4,-74,1
3/9/2012 22:37,69,-11.67534838,51,4,-74,1
3/9/2012 22:38,69,-11.62635255,51,4,-74,1
3/9/2012 22:39,69,-11.57735672,50,4,-74,1
3/9/2012 22:40,69,-11.52836089,50,4,-74,1
3/9/2012 22:41,69,-11.47936506,51,4,-74,1
3/9/2012 22:42,69,-11.43036924,51,4,-74,1
3/9/2012 22:43,69,-11.43115485,50,3,-74,1
3/9/2012 22:44,69,-11.43194046,51,3,-74,1
3/9/2012 22:45,69,-11.43272608,51,4,-74,1
3/9/2012 22:46,69,-11.43351169,51,4,-74,1
3/9/2012 22:47,69,-11.43429731,53,4,-74,1
3/9/2012 22:48,69,-11.40017922,53,4,-74,1
3/9/2012 22:49,69,-11.36606114,52,4,-75,1
3/9/2012 22:50,69,-11.33194306,53,4,-75,1
3/9/2012 22:51,69,-11.29782497,52,4,-75,1
3/9/2012 22:52,69,-11.26370689,52,3,-75,1
3/9/2012 22:53,69,-11.28574026,52,3,-75,1
3/9/2012 22:54,69,-11.30777363,54,3,-75,1
3/9/2012 22:55,69,-11.329807,54,3,-75,1
3/9/2012 22:56,69,-11.35184037,54,3,-74,1
3/9/2012 22:57,69,-11.37387374,54,3,-74,1
3/9/2012 22:58,69,-11.380846,54,3,-74,1
3/9/2012 22:59,69,-11.38781826,54,3,-74,1
3/9/2012 23:00,69,-11.39479052,54,3,-74,1
3/9/2012 23:01,69,-11.40176279,54,3,-74,1
3/9/2012 23:02,69,-11.40873505,54,3,-73,1
3/9/2012 23:03,69,-11.36315965,54,3,-73,1
3/9/2012 23:04,69,-11.31758424,55,3,-72,1
3/9/2012 23:05,69,-11.27200884,55,3,-72,1
3/9/2012 23:06,69,-11.22643344,54,3,-71,1
3/9/2012 23:07,69,-11.18085804,55,3,-70,1
3/9/2012 23:08,69,-11.18725029,55,3,-70,1
3/9/2012 23:09,69,-11.19364255,55,3,-70,1
3/9/2012 23:10,69,-11.20003481,55,3,-69,1
3/9/2012 23:11,69,-11.20642707,55,3,-69,1
3/9/2012 23:12,69,-11.21281933,55,3,-69,1
3/9/2012 23:13,69,-11.1804233,55,3,-69,1
3/9/2012 23:14,69,-11.14802728,54,3,-69,1
3/9/2012 23:15,69,-11.11563126,54,3,-69,1
3/9/2012 23:16,69,-11.08323523,53,2,-69,1
3/9/2012 23:17,69,-11.05083921,53,2,-69,1
3/9/2012 23:18,69,-11.0213186,53,2,-69,1
3/9/2012 23:19,69,-10.99179799,55,2,-69,1
3/9/2012 23:20,69,-10.96227738,55,2,-69,1
3/9/2012 23:21,69,-10.93275677,54,2,-69,1
3/9/2012 23:22,69,-10.90323615,54,2,-69,1
3/9/2012 23:23,69,-10.87877544,54,2,-69,1
3/9/2012 23:24,69,-10.85431472,54,2,-69,1
3/9/2012 23:25,69,-10.829854,54,2,-69,1
3/9/2012 23:26,69,-10.80539328,54,2,-68,1
3/9/2012 23:27,69,-10.78093256,55,2,-68,1
3/9/2012 23:28,69,-10.75453249,55,2,-68,1
3/9/2012 23:29,69,-10.72813241,55,2,-68,1
3/9/2012 23:30,69,-10.70173233,56,2,-69,1
3/9/2012 23:31,69,-10.67533225,56,2,-68,1
3/9/2012 23:32,69,-10.64893217,56,1,-69,1
3/9/2012 23:33,69,-10.64069066,55,1,-69,1
3/9/2012 23:34,69,-10.63244915,55,1,-69,1
3/9/2012 23:35,69,-10.62420764,54,1,-69,1
3/9/2012 23:36,69,-10.61596613,55,1,-68,1
3/9/2012 23:37,69,-10.60772462,54,1,-68,1
3/9/2012 23:38,69,-10.57275248,55,1,-68,1
3/9/2012 23:39,69,-10.53778034,55,2,-67,1
3/9/2012 23:40,69,-10.5028082,55,2,-67,1
3/9/2012 23:41,69,-10.46783606,55,2,-67,1
3/9/2012 23:42,69,-10.43286392,56,2,-67,1
3/9/2012 23:43,69,-10.41240328,56,2,-66,1
3/9/2012 23:44,69,-10.39194264,56,2,-66,1
3/9/2012 23:45,69,-10.37148199,55,2,-65,1
3/9/2012 23:46,69,-10.35102135,55,2,-64,1
3/9/2012 23:47,69,-10.33056071,56,2,-64,1
3/9/2012 23:48,69,-10.28800422,55,2,-65,1
3/9/2012 23:49,69,-10.24544774,54,2,-65,1
3/9/2012 23:50,69,-10.20289126,54,2,-65,1
3/9/2012 23:51,69,-10.16033478,54,2,-65,1
3/9/2012 23:52,69,-10.1177783,54,2,-64,1
3/9/2012 23:53,69,-10.08605174,54,2,-64,1
3/9/2012 23:54,69,-10.05432518,56,2,-63,1
3/9/2012 23:55,69,-10.02259862,56,2,-63,1
3/9/2012 23:56,69,-9.99087206,56,2,-63,1
3/9/2012 23:57,69,-9.9591455,55,2,-62,1
3/9/2012 23:58,69,-9.559510332,57,2,-62,1
3/9/2012 23:59,69,-9.159875164,55,2,-62,1
3/10/2012 0:00,70,-8.760239997,55,2,-63,1
3/10/2012 0:01,70,-8.360604829,55,1,-63,1
3/10/2012 0:02,70,-7.960969661,55,1,-64,1
3/10/2012 0:03,70,-7.91286098,54,1,-65,1
3/10/2012 0:04,70,-7.8647523,52,0,-65,1
3/10/2012 0:05,70,-7.816643619,51,0,-66,1
3/10/2012 0:06,70,-7.768534939,49,0,-66,1
3/10/2012 0:07,70,-7.720426258,50,0,-66,1
3/10/2012 0:08,70,-7.658673406,52,0,-66,1
3/10/2012 0:09,70,-7.596920553,50,0,-66,1
3/10/2012 0:10,70,-7.5351677,51,1,-66,1
3/10/2012 0:11,70,-7.473414848,52,1,-65,1
3/10/2012 0:12,70,-7.411661995,52,1,-66,1
3/10/2012 0:13,70,-7.376204684,51,0,-67,1
3/10/2012 0:14,70,-7.340747372,50,0,-67,1
3/10/2012 0:15,70,-7.305290061,49,0,-68,1
3/10/2012 0:16,70,-7.26983275,49,0,-69,1
3/10/2012 0:17,70,-7.234375438,48,0,-68,1
3/10/2012 0:18,70,-7.205933127,49,0,-68,1
3/10/2012 0:19,70,-7.177490815,49,-1,-67,1
3/10/2012 0:20,70,-7.149048503,49,0,-67,1
3/10/2012 0:21,70,-7.120606191,48,0,-67,1
3/10/2012 0:22,70,-7.09216388,48,0,-67,1
3/10/2012 0:23,70,-7.05710739,48,0,-68,1
3/10/2012 0:24,70,-7.022050901,47,0,-68,1
3/10/2012 0:25,70,-6.986994412,47,0,-67,1
3/10/2012 0:26,70,-6.951937923,46,0,-65,1
3/10/2012 0:27,70,-6.916881433,47,0,-65,1
3/10/2012 0:28,70,-6.883802209,49,1,-64,1
3/10/2012 0:29,70,-6.850722985,47,1,-63,1
3/10/2012 0:30,70,-6.817643761,47,1,-62,1
3/10/2012 0:31,70,-6.784564537,48,1,-64,1
3/10/2012 0:32,70,-6.751485312,48,1,-66,1
3/10/2012 0:33,70,-6.742845901,48,1,-65,1
3/10/2012 0:34,70,-6.734206489,49,2,-66,1
3/10/2012 0:35,70,-6.725567078,51,2,-67,1
3/10/2012 0:36,70,-6.716927666,51,2,-67,1
3/10/2012 0:37,70,-6.708288255,54,2,-67,1
3/10/2012 0:38,70,-6.701685541,55,2,-67,1
3/10/2012 0:39,70,-6.695082828,55,2,-67,1
3/10/2012 0:40,70,-6.688480114,55,3,-67,1
3/10/2012 0:41,70,-6.681877401,57,3,-66,1
3/10/2012 0:42,70,-6.675274687,58,3,-66,1
3/10/2012 0:43,70,-6.68482825,59,3,-66,1
3/10/2012 0:44,70,-6.694381813,59,3,-66,1
3/10/2012 0:45,70,-6.703935375,59,2,-67,1
3/10/2012 0:46,70,-6.713488938,59,2,-68,1
3/10/2012 0:47,70,-6.7230425,59,3,-69,1
3/10/2012 0:48,70,-6.718823483,59,3,-69,1
3/10/2012 0:49,70,-6.714604465,60,3,-69,1
3/10/2012 0:50,70,-6.710385447,60,3,-70,1
3/10/2012 0:51,70,-6.70616643,62,4,-70,1
3/10/2012 0:52,70,-6.701947412,64,4,-71,1
3/10/2012 0:53,70,-6.701936502,65,4,-70,1
3/10/2012 0:54,70,-6.701925591,66,4,-71,1
3/10/2012 0:55,70,-6.701914681,67,4,-72,1
3/10/2012 0:56,70,-6.701903771,69,4,-72,1
3/10/2012 0:57,70,-6.701892861,71,5,-72,1
3/10/2012 0:58,70,-6.669215239,73,5,-73,1
3/10/2012 0:59,70,-6.636537618,73,5,-73,1
3/10/2012 1:00,70,-6.603859997,75,4,-74,1
3/10/2012 1:01,70,-6.571182376,76,5,-74,1
3/10/2012 1:02,70,-6.538504754,77,5,-75,1
3/10/2012 1:03,70,-6.511598934,78,5,-76,1
3/10/2012 1:04,70,-6.484693114,78,5,-76,1
3/10/2012 1:05,70,-6.457787294,79,4,-76,1
3/10/2012 1:06,70,-6.430881474,79,5,-76,1
3/10/2012 1:07,70,-6.403975654,80,5,-77,1
3/10/2012 1:08,70,-6.394439513,81,5,-77,1
3/10/2012 1:09,70,-6.384903372,80,6,-76,1
3/10/2012 1:10,70,-6.375367232,83,7,-77,1
3/10/2012 1:11,70,-6.365831091,85,7,-78,1
3/10/2012 1:12,70,-6.35629495,84,7,-79,1
3/10/2012 1:13,70,0,85,7,-78,1
3/10/2012 1:14,70,0,85,7,-78,1
3/10/2012 1:15,70,0,85,7,-78,1
3/10/2012 1:16,70,0,86,7,-78,1
3/10/2012 1:17,70,0,85,7,-77,1
3/10/2012 1:18,70,0,85,7,-76,1
3/10/2012 1:19,70,0,84,7,-76,1
3/10/2012 1:20,70,0,83,7,-75,1
3/10/2012 1:21,70,0,83,7,-73,1
3/10/2012 1:22,70,0,82,6,-72,1
3/10/2012 1:23,70,0,83,6,-71,1
3/10/2012 1:24,70,0,83,6,-71,1
3/10/2012 1:25,70,0,82,5,-70,1
3/10/2012 1:26,70,0,81,5,-70,1
3/10/2012 1:27,70,0,80,4,-69,1
3/10/2012 1:28,70,0,79,4,-69,1
3/10/2012 1:29,70,0,79,3,-70,1
3/10/2012 1:30,70,0,78,3,-70,1
3/10/2012 1:31,70,0,78,2,-69,1
3/10/2012 1:32,70,0,77,2,-70,1
3/10/2012 1:33,70,0,76,2,-71,1
3/10/2012 1:34,70,0,75,1,-72,1
3/10/2012 1:35,70,0,75,1,-72,1
3/10/2012 1:36,70,0,72,0,-72,1
3/10/2012 1:37,70,0,72,0,-72,1
3/10/2012 1:38,70,0,72,-1,-72,1
3/10/2012 1:39,70,0,72,-1,-72,1
3/10/2012 1:40,70,0,72,-1,-72,1
3/10/2012 1:41,70,0,71,-2,-71,1
3/10/2012 1:42,70,0,71,-2,-71,1
3/10/2012 1:43,70,0,71,-1,-71,1
3/10/2012 1:44,70,0,69,-1,-72,1
3/10/2012 1:45,70,0,69,-2,-72,1
3/10/2012 1:46,70,0,68,-2,-72,1
3/10/2012 1:47,70,0,67,-2,-72,1
3/10/2012 1:48,70,0,67,-2,-72,1
3/10/2012 1:49,70,0,65,-2,-72,1
3/10/2012 1:50,70,0,65,-2,-72,1
3/10/2012 1:51,70,0,64,-2,-72,1
3/10/2012 1:52,70,0,63,-2,-72,1
3/10/2012 1:53,70,0,62,-2,-72,1
3/10/2012 1:54,70,0,62,-2,-72,1
3/10/2012 1:55,70,0,62,-2,-71,1
3/10/2012 1:56,70,0,61,-2,-71,1
3/10/2012 1:57,70,0,61,-2,-71,1
3/10/2012 1:58,70,0,61,-2,-71,1
3/10/2012 1:59,70,0,59,-2,-72,1
3/10/2012 2:00,70,0,59,-2,-72,1
3/10/2012 2:01,70,0,58,-2,-72,1
3/10/2012 2:02,70,0,58,-2,-72,1
3/10/2012 2:03,70,0,58,-2,-72,1
3/10/2012 2:04,70,0,58,-2,-72,1
3/10/2012 2:05,70,0,58,-3,-72,1
3/10/2012 2:06,70,0,58,-3,-71,1
3/10/2012 2:07,70,0,57,-3,-71,1
3/10/2012 2:08,70,0,57,-3,-71,1
3/10/2012 2:09,70,0,57,-3,-71,1
3/10/2012 2:10,70,0,56,-3,-71,1
3/10/2012 2:11,70,0,56,-3,-71,1
3/10/2012 2:12,70,0,56,-3,-71,1
3/10/2012 2:13,70,0,56,-4,-72,1
3/10/2012 2:14,70,0,55,-4,-72,1
3/10/2012 2:15,70,0,56,-4,-72,1
3/10/2012 2:16,70,0,56,-4,-72,1
3/10/2012 2:17,70,0,55,-4,-71,1
3/10/2012 2:18,70,0,55,-4,-72,1
3/10/2012 2:19,70,0,56,-4,-72,1
3/10/2012 2:20,70,0,56,-4,-72,1
3/10/2012 2:21,70,0,55,-4,-72,1
3/10/2012 2:22,70,0,55,-4,-72,1
3/10/2012 2:23,70,0,55,-4,-72,1
3/10/2012 2:24,70,0,55,-5,-72,1
3/10/2012 2:25,70,0,56,-5,-72,1
3/10/2012 2:26,70,0,56,-5,-72,1
3/10/2012 2:27,70,0,56,-5,-73,1
3/10/2012 2:28,70,0,55,-5,-73,1
3/10/2012 2:29,70,0,56,-5,-73,1
3/10/2012 2:30,70,0,56,-5,-73,1
3/10/2012 2:31,70,0,56,-5,-73,1
3/10/2012 2:32,70,0,57,-5,-72,1
3/10/2012 2:33,70,0,57,-5,-72,1
3/10/2012 2:34,70,0,58,-5,-72,1
3/10/2012 2:35,70,0,58,-5,-72,1
3/10/2012 2:36,70,0,58,-5,-72,1
3/10/2012 2:37,70,0,58,-5,-72,1
3/10/2012 2:38,70,0,58,-5,-72,1
3/10/2012 2:39,70,0,58,-5,-71,1
3/10/2012 2:40,70,0,58,-5,-72,1
3/10/2012 2:41,70,0,58,-5,-72,1
3/10/2012 2:42,70,0,58,-5,-72,1
3/10/2012 2:43,70,0,57,-5,-72,1
3/10/2012 2:44,70,0,57,-5,-72,1
3/10/2012 2:45,70,0,58,-5,-71,1
3/10/2012 2:46,70,0,58,-5,-71,1
3/10/2012 2:47,70,0,57,-5,-71,1
3/10/2012 2:48,70,0,57,-5,-71,1
3/10/2012 2:49,70,0,57,-5,-72,1
3/10/2012 2:50,70,0,57,-5,-72,1
3/10/2012 2:51,70,0,56,-5,-73,1
3/10/2012 2:52,70,0,55,-5,-73,1
3/10/2012 2:53,70,0,55,-5,-73,1
3/10/2012 2:54,70,0,54,-5,-73,1
3/10/2012 2:55,70,0,53,-5,-73,1
3/10/2012 2:56,70,0,53,-5,-73,1
3/10/2012 2:57,70,0,53,-5,-74,1
3/10/2012 2:58,70,0,52,-5,-74,1
3/10/2012 2:59,70,0,52,-5,-74,1
3/10/2012 3:00,70,0,52,-5,-74,1
3/10/2012 3:01,70,0,51,-5,-74,1
3/10/2012 3:02,70,0,51,-5,-73,1
3/10/2012 3:03,70,0,51,-4,-73,1
3/10/2012 3:04,70,0,51,-4,-73,1
3/10/2012 3:05,70,0,51,-4,-73,1
3/10/2012 3:06,70,0,50,-4,-73,1
3/10/2012 3:07,70,0,50,-4,-73,1
3/10/2012 3:08,70,0,50,-3,-73,1
3/10/2012 3:09,70,0,50,-3,-72,1
3/10/2012 3:10,70,0,51,-3,-72,1
3/10/2012 3:11,70,0,50,-3,-71,1
3/10/2012 3:12,70,0,51,-2,-71,1
3/10/2012 3:13,70,0,50,-2,-71,1
3/10/2012 3:14,70,0,50,-2,-71,1
3/10/2012 3:15,70,0,49,-2,-71,1
3/10/2012 3:16,70,0,50,-2,-71,1
3/10/2012 3:17,70,0,50,-2,-71,1
3/10/2012 3:18,70,0,50,-2,-71,1
3/10/2012 3:19,70,0,50,-1,-71,1
3/10/2012 3:20,70,0,50,-1,-71,1
3/10/2012 3:21,70,0,49,-1,-71,1
3/10/2012 3:22,70,0,49,-1,-71,1
3/10/2012 3:23,70,0,48,-1,-72,1
3/10/2012 3:24,70,0,49,-1,-72,1
3/10/2012 3:25,70,0,50,-1,-72,1
3/10/2012 3:26,70,0,50,-1,-72,1
3/10/2012 3:27,70,0,50,-1,-72,1
3/10/2012 3:28,70,0,49,-1,-72,1
3/10/2012 3:29,70,0,49,-1,-72,1
3/10/2012 3:30,70,0,49,0,-72,1
3/10/2012 3:31,70,0,48,0,-71,1
3/10/2012 3:32,70,0,48,0,-71,1
3/10/2012 3:33,70,0,47,1,-71,1
3/10/2012 3:34,70,0,47,1,-70,1
3/10/2012 3:35,70,0,46,1,-69,1
3/10/2012 3:36,70,0,46,2,-69,1
3/10/2012 3:37,70,0,45,2,-68,1
3/10/2012 3:38,70,0,45,2,-68,1
3/10/2012 3:39,70,0,45,2,-68,1
3/10/2012 3:40,70,0,45,2,-67,1
3/10/2012 3:41,70,0,44,2,-67,1
3/10/2012 3:42,70,0,44,2,-67,1
3/10/2012 3:43,70,0,43,2,-67,1
3/10/2012 3:44,70,0,43,2,-67,1
3/10/2012 3:45,70,0,44,2,-66,1
3/10/2012 3:46,70,0,45,3,-65,1
3/10/2012 3:47,70,0,46,3,-63,1
3/10/2012 3:48,70,0,46,4,-63,1
3/10/2012 3:49,70,0,46,4,-62,1
3/10/2012 3:50,70,0,46,5,-63,1
3/10/2012 3:51,70,0,46,5,-64,1
3/10/2012 3:52,70,0,47,5,-65,1
3/10/2012 3:53,70,0,47,5,-65,1
3/10/2012 3:54,70,0,49,5,-66,1
3/10/2012 3:55,70,0,50,5,-66,1
3/10/2012 3:56,70,0,49,5,-66,1
3/10/2012 3:57,70,0,49,6,-66,1
3/10/2012 3:58,70,0,49,6,-65,1
3/10/2012 3:59,70,0,49,6,-65,1
3/10/2012 4:00,70,0,49,6,-65,1
3/10/2012 4:01,70,0,49,7,-66,1
3/10/2012 4:02,70,0,50,7,-66,1
3/10/2012 4:03,70,0,50,8,-66,1
3/10/2012 4:04,70,0,49,8,-65,1
3/10/2012 4:05,70,0,49,8,-64,1
3/10/2012 4:06,70,0,49,9,-65,1
3/10/2012 4:07,70,0,49,9,-64,1
3/10/2012 4:08,70,0,49,9,-64,1
3/10/2012 4:09,70,0,50,9,-62,1
3/10/2012 4:10,70,0,50,8,-62,1
3/10/2012 4:11,70,0,51,7,-63,1
3/10/2012 4:12,70,0,52,7,-63,1
3/10/2012 4:13,70,0,54,6,-63,1
3/10/2012 4:14,70,0,52,5,-63,1
3/10/2012 4:15,70,0,52,4,-63,1
3/10/2012 4:16,70,0,52,3,-62,1
3/10/2012 4:17,70,0,53,3,-61,1
3/10/2012 4:18,70,0,53,2,-60,1
3/10/2012 4:19,70,0,55,2,-59,1
3/10/2012 4:20,70,0,53,2,-58,1
3/10/2012 4:21,70,0,51,1,-58,1
3/10/2012 4:22,70,0,51,0,-58,1
3/10/2012 4:23,70,0,51,-1,-59,1
3/10/2012 4:24,70,0,51,-1,-59,1
3/10/2012 4:25,70,0,52,-2,-59,1
3/10/2012 4:26,70,0,51,-2,-60,1
3/10/2012 4:27,70,0,50,-3,-60,1
3/10/2012 4:28,70,0,49,-3,-61,1
3/10/2012 4:29,70,0,49,-4,-60,1
3/10/2012 4:30,70,0,49,-4,-61,1
3/10/2012 4:31,70,0,48,-4,-61,1
3/10/2012 4:32,70,0,48,-5,-61,1
3/10/2012 4:33,70,0,49,-5,-62,1
3/10/2012 4:34,70,0,49,-5,-62,1
3/10/2012 4:35,70,0,48,-5,-63,1
3/10/2012 4:36,70,0,48,-5,-63,1
3/10/2012 4:37,70,0,47,-5,-64,1
3/10/2012 4:38,70,0,47,-5,-65,1
3/10/2012 4:39,70,0,47,-5,-65,1
3/10/2012 4:40,70,0,47,-5,-66,1
3/10/2012 4:41,70,0,49,-4,-66,1
3/10/2012 4:42,70,0,49,-4,-67,1
3/10/2012 4:43,70,0,49,-3,-68,1
3/10/2012 4:44,70,0,50,-2,-68,1
3/10/2012 4:45,70,0,50,-1,-68,1
3/10/2012 4:46,70,0,50,0,-68,1
3/10/2012 4:47,70,0,50,0,-69,1
3/10/2012 4:48,70,0,51,1,-70,1
3/10/2012 4:49,70,0,52,2,-70,1
3/10/2012 4:50,70,0,52,3,-71,1
3/10/2012 4:51,70,0,53,3,-71,1
3/10/2012 4:52,70,0,54,4,-71,1
3/10/2012 4:53,70,0,54,4,-72,1
3/10/2012 4:54,70,0,55,5,-71,1
3/10/2012 4:55,70,0,56,5,-71,1
3/10/2012 4:56,70,0,56,5,-71,1
3/10/2012 4:57,70,0,56,5,-70,1
3/10/2012 4:58,70,0,57,5,-70,1
3/10/2012 4:59,70,0,58,5,-70,1
3/10/2012 5:00,70,0,57,5,-70,1
3/10/2012 5:01,70,0,58,5,-71,1
3/10/2012 5:02,70,0,58,4,-71,1
3/10/2012 5:03,70,0,58,4,-72,1
3/10/2012 5:04,70,0,58,4,-72,1
3/10/2012 5:05,70,0,58,4,-72,1
3/10/2012 5:06,70,0,57,3,-72,1
3/10/2012 5:07,70,0,58,3,-73,1
3/10/2012 5:08,70,0,58,3,-73,1
3/10/2012 5:09,70,0,58,3,-74,1
3/10/2012 5:10,70,0,57,3,-75,1
3/10/2012 5:11,70,0,57,4,-75,1
3/10/2012 5:12,70,0,56,3,-75,1
3/10/2012 5:13,70,0,56,4,-75,1
3/10/2012 5:14,70,0,56,4,-75,1
3/10/2012 5:15,70,0,57,4,-75,1
3/10/2012 5:16,70,0,56,4,-76,1
3/10/2012 5:17,70,0,56,4,-76,1
3/10/2012 5:18,70,0,56,4,-76,1
3/10/2012 5:19,70,0,55,4,-76,1
3/10/2012 5:20,70,0,55,4,-77,1
3/10/2012 5:21,70,0,54,5,-77,1
3/10/2012 5:22,70,0,55,5,-78,1
3/10/2012 5:23,70,0,55,5,-78,1
3/10/2012 5:24,70,0,54,5,-78,1
3/10/2012 5:25,70,0,55,6,-79,1
3/10/2012 5:26,70,0,55,6,-79,1
3/10/2012 5:27,70,0,55,6,-79,1
3/10/2012 5:28,70,0,56,6,-79,1
3/10/2012 5:29,70,0,56,7,-79,1
3/10/2012 5:30,70,0,56,7,-79,1
3/10/2012 5:31,70,0,56,7,-79,1
3/10/2012 5:32,70,0,55,7,-80,1
3/10/2012 5:33,70,0,55,7,-79,1
3/10/2012 5:34,70,0,54,7,-79,1
3/10/2012 5:35,70,0,54,7,-79,1
3/10/2012 5:36,70,0,55,8,-78,1
3/10/2012 5:37,70,0,55,8,-78,1
3/10/2012 5:38,70,0,55,8,-78,1
3/10/2012 5:39,70,0,55,8,-78,1
3/10/2012 5:40,70,0,54,8,-78,1
3/10/2012 5:41,70,0,53,8,-78,1
3/10/2012 5:42,70,0,51,8,-79,1
3/10/2012 5:43,70,0,52,8,-79,1
3/10/2012 5:44,70,0,51,8,-79,1
3/10/2012 5:45,70,0,50,7,-80,1
3/10/2012 5:46,70,0,49,8,-80,1
3/10/2012 5:47,70,0,49,8,-80,1
3/10/2012 5:48,70,0,48,8,-80,1
3/10/2012 5:49,70,0,47,8,-80,1
3/10/2012 5:50,70,0,47,7,-79,1
3/10/2012 5:51,70,0,45,7,-79,1
3/10/2012 5:52,70,0,45,7,-78,1
3/10/2012 5:53,70,0,44,7,-78,1
3/10/2012 5:54,70,0,44,7,-77,1
3/10/2012 5:55,70,0,43,6,-77,1
3/10/2012 5:56,70,0,44,6,-76,1
3/10/2012 5:57,70,0,44,6,-76,1
3/10/2012 5:58,70,0,43,6,-75,1
3/10/2012 5:59,70,0,44,6,-75,1
3/10/2012 6:00,70,0,45,6,-74,1
3/10/2012 6:01,70,0,45,5,-74,1
3/10/2012 6:02,70,0,44,6,-74,1
3/10/2012 6:03,70,0,44,5,-73,1
3/10/2012 6:04,70,0,44,5,-73,1
3/10/2012 6:05,70,0,45,5,-72,1
3/10/2012 6:06,70,0,44,5,-72,1
3/10/2012 6:07,70,0,45,5,-71,1
3/10/2012 6:08,70,0,45,5,-71,1
3/10/2012 6:09,70,0,44,5,-71,1
3/10/2012 6:10,70,0,43,4,-71,1
3/10/2012 6:11,70,0,43,4,-72,1
3/10/2012 6:12,70,0,41,4,-73,1
3/10/2012 6:13,70,0,42,4,-74,1
3/10/2012 6:14,70,0,42,4,-74,1
3/10/2012 6:15,70,0,42,4,-74,1
3/10/2012 6:16,70,0,43,4,-74,1
3/10/2012 6:17,70,0,43,5,-74,1
3/10/2012 6:18,70,0,42,5,-74,1
3/10/2012 6:19,70,0,42,5,-74,1
3/10/2012 6:20,70,0,41,5,-75,1
3/10/2012 6:21,70,0,41,5,-75,1
3/10/2012 6:22,70,0,41,5,-75,1
3/10/2012 6:23,70,0,40,4,-76,1
3/10/2012 6:24,70,0,40,4,-76,1
3/10/2012 6:25,70,0,39,4,-75,1
3/10/2012 6:26,70,0,39,4,-75,1
3/10/2012 6:27,70,0,40,5,-75,1
3/10/2012 6:28,70,0,41,5,-75,1
3/10/2012 6:29,70,0,41,5,-74,1
3/10/2012 6:30,70,0,42,5,-74,1
3/10/2012 6:31,70,0,42,5,-74,1
3/10/2012 6:32,70,0,44,5,-73,1
3/10/2012 6:33,70,0,43,5,-73,1
3/10/2012 6:34,70,0,43,5,-73,1
3/10/2012 6:35,70,0,43,5,-73,1
3/10/2012 6:36,70,0,42,4,-73,1
3/10/2012 6:37,70,0,42,4,-73,1
3/10/2012 6:38,70,0,41,4,-73,1
3/10/2012 6:39,70,0,41,4,-73,1
3/10/2012 6:40,70,0,42,5,-73,1
3/10/2012 6:41,70,0,43,5,-73,1
3/10/2012 6:42,70,0,44,5,-73,1
3/10/2012 6:43,70,0,45,5,-73,1
3/10/2012 6:44,70,0,45,5,-72,1
3/10/2012 6:45,70,0,45,4,-72,1
3/10/2012 6:46,70,0,46,5,-72,1
3/10/2012 6:47,70,0,45,4,-73,1
3/10/2012 6:48,70,0,44,5,-73,1
3/10/2012 6:49,70,0,44,5,-73,1
3/10/2012 6:50,70,0,45,5,-73,1
3/10/2012 6:51,70,0,46,5,-72,1
3/10/2012 6:52,70,0,48,5,-73,1
3/10/2012 6:53,70,0,48,6,-72,1
3/10/2012 6:54,70,0,48,5,-72,1
3/10/2012 6:55,70,0,47,5,-72,1
3/10/2012 6:56,70,0,47,5,-72,1
3/10/2012 6:57,70,0,47,5,-72,1
3/10/2012 6:58,70,0,47,5,-72,1
3/10/2012 6:59,70,0,47,5,-72,1
3/10/2012 7:00,70,0,46,4,-72,1
3/10/2012 7:01,70,0,47,5,-72,1
3/10/2012 7:02,70,0,47,5,-72,1
3/10/2012 7:03,70,0,48,5,-71,1
3/10/2012 7:04,70,0,47,5,-71,1
3/10/2012 7:05,70,0,46,5,-70,1
3/10/2012 7:06,70,0,46,5,-70,1
3/10/2012 7:07,70,0,45,5,-70,1
3/10/2012 7:08,70,0,44,4,-71,1
3/10/2012 7:09,70,0,42,4,-70,1
3/10/2012 7:10,70,0,39,3,-70,1
3/10/2012 7:11,70,0,36,3,-70,1
3/10/2012 7:12,70,0,34,3,-71,1
3/10/2012 7:13,70,0,32,3,-71,1
3/10/2012 7:14,70,0,30,3,-71,1
3/10/2012 7:15,70,0,29,3,-71,1
3/10/2012 7:16,70,0,27,3,-71,1
3/10/2012 7:17,70,0,27,3,-71,1
3/10/2012 7:18,70,0,25,3,-70,1
3/10/2012 7:19,70,0,25,2,-69,1
3/10/2012 7:20,70,0,25,2,-69,1
3/10/2012 7:21,70,0,24,2,-68,1
3/10/2012 7:22,70,0,22,2,-68,1
3/10/2012 7:23,70,0,22,2,-67,1
3/10/2012 7:24,70,0,22,2,-66,1
3/10/2012 7:25,70,0,22,1,-65,1
3/10/2012 7:26,70,0,23,1,-64,1
3/10/2012 7:27,70,0,23,1,-64,1
3/10/2012 7:28,70,0,24,1,-63,1
3/10/2012 7:29,70,0,24,1,-63,1
3/10/2012 7:30,70,0,24,1,-63,1
3/10/2012 7:31,70,0,24,1,-63,1
3/10/2012 7:32,70,0,24,1,-63,1
3/10/2012 7:33,70,0,23,0,-62,1
3/10/2012 7:34,70,0,23,0,-62,1
3/10/2012 7:35,70,0,23,0,-62,1
3/10/2012 7:36,70,0,23,0,-62,1
3/10/2012 7:37,70,0,23,0,-61,1
3/10/2012 7:38,70,0,23,0,-61,1
3/10/2012 7:39,70,0,23,0,-60,1
3/10/2012 7:40,70,0,24,0,-60,1
3/10/2012 7:41,70,0,25,0,-60,1
3/10/2012 7:42,70,0,25,0,-60,1
3/10/2012 7:43,70,0,24,-1,-60,1
3/10/2012 7:44,70,0,24,-1,-60,1
3/10/2012 7:45,70,0,23,-1,-60,1
3/10/2012 7:46,70,0,23,-1,-59,1
3/10/2012 7:47,70,0,22,-1,-60,1
3/10/2012 7:48,70,0,22,-1,-60,1
3/10/2012 7:49,70,0,22,-1,-61,1
3/10/2012 7:50,70,0,21,-1,-60,1
3/10/2012 7:51,70,0,22,-1,-60,1
3/10/2012 7:52,70,0,22,-1,-60,1
3/10/2012 7:53,70,0,22,-1,-60,1
3/10/2012 7:54,70,0,22,-1,-60,1
3/10/2012 7:55,70,0,22,-1,-59,1
3/10/2012 7:56,70,0,21,-1,-59,1
3/10/2012 7:57,70,0,20,-2,-60,1
3/10/2012 7:58,70,0,20,-2,-60,1
3/10/2012 7:59,70,0,19,-2,-60,1
3/10/2012 8:00,70,0,19,-1,-60,1
3/10/2012 8:01,70,0,20,-1,-60,1
3/10/2012 8:02,70,0,22,-1,-60,1
3/10/2012 8:03,70,0,23,-1,-60,1
3/10/2012 8:04,70,0,22,-1,-59,1
3/10/2012 8:05,70,0,22,-1,-59,1
3/10/2012 8:06,70,0,23,-1,-59,1
3/10/2012 8:07,70,0,23,-1,-58,1
3/10/2012 8:08,70,0,23,-1,-58,1
3/10/2012 8:09,70,0,24,-1,-57,1
3/10/2012 8:10,70,0,23,-1,-57,1
3/10/2012 8:11,70,0,25,-1,-56,1
3/10/2012 8:12,70,0,25,-1,-55,1
3/10/2012 8:13,70,0,25,-1,-54,1
3/10/2012 8:14,70,0,24,-2,-53,1
3/10/2012 8:15,70,0,24,-2,-53,1
3/10/2012 8:16,70,0,24,-2,-54,1
3/10/2012 8:17,70,0,22,-2,-55,1
3/10/2012 8:18,70,0,25,-2,-56,1
3/10/2012 8:19,70,0,26,-1,-56,1
3/10/2012 8:20,70,0,25,-2,-55,1
3/10/2012 8:21,70,0,24,-2,-55,1
3/10/2012 8:22,70,0,24,-2,-56,1
3/10/2012 8:23,70,0,25,-2,-56,1
3/10/2012 8:24,70,0,25,-2,-57,1
3/10/2012 8:25,70,0,25,-2,-57,1
3/10/2012 8:26,70,0,25,-1,-56,1
3/10/2012 8:27,70,0,24,-2,-56,1
3/10/2012 8:28,70,0,26,-2,-57,1
3/10/2012 8:29,70,0,26,-2,-57,1
3/10/2012 8:30,70,0,26,-2,-57,1
3/10/2012 8:31,70,0,26,-1,-57,1
3/10/2012 8:32,70,0,26,-2,-58,1
3/10/2012 8:33,70,0,25,-2,-58,1
3/10/2012 8:34,70,0,24,-2,-58,1
3/10/2012 8:35,70,0,24,-2,-58,1
3/10/2012 8:36,70,0,22,-2,-58,1
3/10/2012 8:37,70,0,21,-1,-58,1
3/10/2012 8:38,70,0,22,-1,-59,1
3/10/2012 8:39,70,0,23,-1,-59,1
3/10/2012 8:40,70,0,23,-1,-59,1
3/10/2012 8:41,70,0,22,-1,-59,1
3/10/2012 8:42,70,0,24,-1,-60,1
3/10/2012 8:43,70,0,25,-1,-60,1
3/10/2012 8:44,70,0,25,-1,-60,1
3/10/2012 8:45,70,0,24,-1,-61,1
3/10/2012 8:46,70,0,24,-2,-61,1
3/10/2012 8:47,70,0,24,-2,-61,1
3/10/2012 8:48,70,0,26,-2,-61,1
3/10/2012 8:49,70,0,24,-2,-61,1
3/10/2012 8:50,70,0,25,-2,-61,1
3/10/2012 8:51,70,0,27,-2,-62,1
3/10/2012 8:52,70,0,27,-2,-62,1
3/10/2012 8:53,70,0,28,-2,-62,1
3/10/2012 8:54,70,0,29,-2,-63,1
3/10/2012 8:55,70,0,30,-2,-63,1
3/10/2012 8:56,70,0,30,-2,-63,1
3/10/2012 8:57,70,0,31,-2,-63,1
3/10/2012 8:58,70,0,32,-2,-63,1
3/10/2012 8:59,70,0,32,-2,-63,1
3/10/2012 9:00,70,0,33,-2,-63,1
3/10/2012 9:01,70,0,33,-2,-63,1
3/10/2012 9:02,70,0,33,-2,-63,1
3/10/2012 9:03,70,0,35,-2,-64,1
3/10/2012 9:04,70,0,34,-2,-64,1
3/10/2012 9:05,70,0,35,-2,-64,1
3/10/2012 9:06,70,0,36,-2,-63,1
3/10/2012 9:07,70,0,37,-2,-64,1
3/10/2012 9:08,70,0,39,-2,-63,1
3/10/2012 9:09,70,0,40,-2,-63,1
3/10/2012 9:10,70,0,39,-2,-63,1
3/10/2012 9:11,70,0,40,-2,-63,1
3/10/2012 9:12,70,0,40,-2,-62,1
3/10/2012 9:13,70,0,40,-2,-62,1
3/10/2012 9:14,70,0,42,-2,-63,1
3/10/2012 9:15,70,0,43,-2,-63,1
3/10/2012 9:16,70,0,43,-1,-63,1
3/10/2012 9:17,70,0,44,-1,-63,1
3/10/2012 9:18,70,0,44,-1,-63,1
3/10/2012 9:19,70,0,44,-1,-63,1
3/10/2012 9:20,70,0,45,-1,-63,1
3/10/2012 9:21,70,0,45,-1,-63,1
3/10/2012 9:22,70,0,46,-1,-64,1
3/10/2012 9:23,70,0,46,-1,-64,1
3/10/2012 9:24,70,0,46,-1,-64,1
3/10/2012 9:25,70,0,46,-1,-64,1
3/10/2012 9:26,70,0,45,0,-65,1
3/10/2012 9:27,70,0,45,-1,-65,1
3/10/2012 9:28,70,0,44,0,-65,1
3/10/2012 9:29,70,0,44,0,-65,1
3/10/2012 9:30,70,0,44,0,-65,1
3/10/2012 9:31,70,0,44,0,-65,1
3/10/2012 9:32,70,0,44,0,-65,1
3/10/2012 9:33,70,0,44,0,-65,1
3/10/2012 9:34,70,0,44,0,-65,1
3/10/2012 9:35,70,0,44,0,-65,1
3/10/2012 9:36,70,0,43,0,-65,1
3/10/2012 9:37,70,0,42,-1,-64,1
3/10/2012 9:38,70,0,41,0,-65,1
3/10/2012 9:39,70,0,41,0,-65,1
3/10/2012 9:40,70,0,41,0,-65,1
3/10/2012 9:41,70,0,39,-1,-64,1
3/10/2012 9:42,70,0,39,-1,-64,1
3/10/2012 9:43,70,0,40,0,-64,1
3/10/2012 9:44,70,0,40,0,-64,1
3/10/2012 9:45,70,0,40,0,-64,1
3/10/2012 9:46,70,0,39,0,-64,1
3/10/2012 9:47,70,0,41,0,-64,1
3/10/2012 9:48,70,0,41,0,-64,1
3/10/2012 9:49,70,0,41,0,-64,1
3/10/2012 9:50,70,0,41,0,-64,1
3/10/2012 9:51,70,0,42,0,-65,1
3/10/2012 9:52,70,0,42,0,-65,1
3/10/2012 9:53,70,0,42,0,-65,1
3/10/2012 9:54,70,0,42,0,-65,1
3/10/2012 9:55,70,0,43,0,-65,1
3/10/2012 9:56,70,0,43,0,-65,1
3/10/2012 9:57,70,0,43,0,-66,1
3/10/2012 9:58,70,0,43,0,-66,1
3/10/2012 9:59,70,0,44,0,-65,1
3/10/2012 10:00,70,0,43,0,-65,1
3/10/2012 10:01,70,0,43,-1,-64,1
3/10/2012 10:02,70,0,42,-1,-64,1
3/10/2012 10:03,70,0,41,-1,-64,1
3/10/2012 10:04,70,0,41,-1,-65,1
3/10/2012 10:05,70,0,42,-1,-64,1
3/10/2012 10:06,70,0,42,-1,-65,1
3/10/2012 10:07,70,0,42,-1,-65,1
3/10/2012 10:08,70,0,42,-1,-65,1
3/10/2012 10:09,70,0,42,0,-65,1
3/10/2012 10:10,70,0,41,0,-65,1
3/10/2012 10:11,70,0,41,0,-65,1
3/10/2012 10:12,70,0,41,0,-65,1
3/10/2012 10:13,70,0,42,0,-65,1
3/10/2012 10:14,70,0,43,0,-65,1
3/10/2012 10:15,70,0,42,0,-65,1
3/10/2012 10:16,70,0,42,0,-65,1
3/10/2012 10:17,70,0,43,0,-65,1
3/10/2012 10:18,70,0,43,0,-65,1
3/10/2012 10:19,70,0,43,0,-65,1
3/10/2012 10:20,70,0,43,0,-65,1
3/10/2012 10:21,70,0,44,0,-66,1
3/10/2012 10:22,70,0,44,0,-66,1
3/10/2012 10:23,70,0,45,0,-66,1
3/10/2012 10:24,70,0,45,0,-66,1
3/10/2012 10:25,70,0,45,1,-65,1
3/10/2012 10:26,70,0,45,0,-65,1
3/10/2012 10:27,70,0,46,0,-65,1
3/10/2012 10:28,70,0,45,0,-66,1
3/10/2012 10:29,70,0,45,0,-66,1
3/10/2012 10:30,70,0,45,0,-66,1
3/10/2012 10:31,70,0,45,0,-66,1
3/10/2012 10:32,70,0,46,0,-66,1
3/10/2012 10:33,70,0,45,0,-66,1
3/10/2012 10:34,70,0,44,0,-66,1
3/10/2012 10:35,70,0,45,0,-66,1
3/10/2012 10:36,70,0,45,0,-66,1
3/10/2012 10:37,70,0,44,0,-66,1
3/10/2012 10:38,70,0,44,0,-66,1
3/10/2012 10:39,70,0,44,0,-66,1
3/10/2012 10:40,70,0,44,0,-66,1
3/10/2012 10:41,70,0,44,0,-66,1
3/10/2012 10:42,70,0,43,0,-66,1
3/10/2012 10:43,70,0,43,0,-66,1
3/10/2012 10:44,70,0,41,0,-66,1
3/10/2012 10:45,70,0,41,0,-66,1
3/10/2012 10:46,70,0,41,0,-65,1
3/10/2012 10:47,70,0,40,0,-65,1
3/10/2012 10:48,70,0,40,0,-65,1
3/10/2012 10:49,70,0,40,0,-65,1
3/10/2012 10:50,70,0,39,0,-65,1
3/10/2012 10:51,70,0,40,0,-65,1
3/10/2012 10:52,70,0,39,0,-65,1
3/10/2012 10:53,70,0,39,0,-65,1
3/10/2012 10:54,70,0,39,0,-64,1
3/10/2012 10:55,70,0,39,0,-64,1
3/10/2012 10:56,70,0,38,0,-64,1
3/10/2012 10:57,70,0,38,0,-64,1
3/10/2012 10:58,70,0,38,-1,-63,1
3/10/2012 10:59,70,0,38,0,-63,1
3/10/2012 11:00,70,0,38,-1,-63,1
3/10/2012 11:01,70,0,38,-1,-62,1
3/10/2012 11:02,70,0,37,-1,-62,1
3/10/2012 11:03,70,0,36,-1,-62,1
3/10/2012 11:04,70,0,37,-1,-62,1
3/10/2012 11:05,70,0,37,-1,-62,1
3/10/2012 11:06,70,0,37,-1,-62,1
3/10/2012 11:07,70,0,38,-1,-61,1
3/10/2012 11:08,70,0,39,-1,-61,1
3/10/2012 11:09,70,0,40,-1,-60,1
3/10/2012 11:10,70,0,42,-2,-60,1
3/10/2012 11:11,70,0,42,-2,-59,1
3/10/2012 11:12,70,0,42,-2,-59,1
3/10/2012 11:13,70,0,43,-2,-59,1
3/10/2012 11:14,70,0,42,-2,-59,1
3/10/2012 11:15,70,0,41,-2,-59,1
3/10/2012 11:16,70,0,40,-2,-59,1
3/10/2012 11:17,70,0,38,-3,-59,1
3/10/2012 11:18,70,0,36,-2,-58,1
3/10/2012 11:19,70,0,34,-2,-58,1
3/10/2012 11:20,70,0,32,-3,-58,1
3/10/2012 11:21,70,0,31,-3,-58,1
3/10/2012 11:22,70,0,30,-3,-58,1
3/10/2012 11:23,70,0,29,-3,-58,1
3/10/2012 11:24,70,0,29,-3,-58,1
3/10/2012 11:25,70,0,25,-3,-57,1
3/10/2012 11:26,70,0,23,-3,-57,1
3/10/2012 11:27,70,0,22,-3,-57,1
3/10/2012 11:28,70,0,22,-3,-57,1
3/10/2012 11:29,70,0,21,-2,-57,1
3/10/2012 11:30,70,0,21,-2,-57,1
3/10/2012 11:31,70,0,22,-3,-57,1
3/10/2012 11:32,70,0,22,-3,-57,1
3/10/2012 11:33,70,0,22,-2,-57,1
3/10/2012 11:34,70,0,22,-3,-57,1
3/10/2012 11:35,70,0,23,-3,-56,1
3/10/2012 11:36,70,0,23,-3,-56,1
3/10/2012 11:37,70,0,23,-2,-56,1
3/10/2012 11:38,70,0,23,-2,-56,1
3/10/2012 11:39,70,0,24,-2,-56,1
3/10/2012 11:40,70,0,26,-2,-56,1
3/10/2012 11:41,70,0,26,-2,-56,1
3/10/2012 11:42,70,0,26,-3,-56,1
3/10/2012 11:43,70,0,26,-3,-56,1
3/10/2012 11:44,70,0,29,-3,-56,1
3/10/2012 11:45,70,0,29,-3,-56,1
3/10/2012 11:46,70,0,30,-3,-56,1
3/10/2012 11:47,70,0,30,-3,-56,1
3/10/2012 11:48,70,0,30,-2,-56,1
3/10/2012 11:49,70,0,31,-2,-56,1
3/10/2012 11:50,70,0,32,-2,-56,1
3/10/2012 11:51,70,0,32,-2,-56,1
3/10/2012 11:52,70,0,32,-2,-56,1
3/10/2012 11:53,70,0,33,-2,-56,1
3/10/2012 11:54,70,0,33,-2,-56,1
3/10/2012 11:55,70,0,33,-2,-56,1
3/10/2012 11:56,70,0,33,-2,-56,1
3/10/2012 11:57,70,0,33,-2,-56,1
3/10/2012 11:58,70,0,34,-2,-56,1
3/10/2012 11:59,70,0,35,-1,-56,1
3/10/2012 12:00,70,0,36,-1,-56,1
3/10/2012 12:01,70,0,35,-2,-56,1
3/10/2012 12:02,70,0,35,-2,-56,1
3/10/2012 12:03,70,0,35,-2,-56,1
3/10/2012 12:04,70,0,33,-2,-56,1
3/10/2012 12:05,70,0,36,-2,-56,1
3/10/2012 12:06,70,0,36,-2,-56,1
3/10/2012 12:07,70,0,36,-2,-56,1
3/10/2012 12:08,70,0,36,-2,-56,1
3/10/2012 12:09,70,0,36,-2,-56,1
3/10/2012 12:10,70,0,36,-2,-56,1
3/10/2012 12:11,70,0,36,-2,-56,1
3/10/2012 12:12,70,0,37,-1,-56,1
3/10/2012 12:13,70,0,37,-2,-56,1
3/10/2012 12:14,70,0,37,-1,-56,1
3/10/2012 12:15,70,0,37,-1,-56,1
3/10/2012 12:16,70,0,38,-1,-57,1
3/10/2012 12:17,70,0,38,-1,-57,1
3/10/2012 12:18,70,0,39,-1,-57,1
3/10/2012 12:19,70,0,39,-1,-56,1
3/10/2012 12:20,70,0,39,-1,-56,1
3/10/2012 12:21,70,0,39,-2,-56,1
3/10/2012 12:22,70,0,38,-1,-56,1
3/10/2012 12:23,70,0,37,-1,-56,1
3/10/2012 12:24,70,0,37,-1,-56,1
3/10/2012 12:25,70,0,37,-1,-56,1
3/10/2012 12:26,70,0,36,-1,-57,1
3/10/2012 12:27,70,0,37,-1,-57,1
3/10/2012 12:28,70,0,35,-1,-57,1
3/10/2012 12:29,70,0,35,-2,-57,1
3/10/2012 12:30,70,0,37,-2,-57,1
3/10/2012 12:31,70,0,36,-1,-57,1
3/10/2012 12:32,70,0,37,-1,-58,1
3/10/2012 12:33,70,0,36,-2,-58,1
3/10/2012 12:34,70,0,35,-2,-58,1
3/10/2012 12:35,70,0,34,-2,-58,1
3/10/2012 12:36,70,0,34,-2,-58,1
3/10/2012 12:37,70,0,34,-2,-58,1
3/10/2012 12:38,70,0,33,-1,-58,1
3/10/2012 12:39,70,0,35,-1,-57,1
3/10/2012 12:40,70,0,34,-1,-58,1
3/10/2012 12:41,70,0,33,-2,-57,1
3/10/2012 12:42,70,0,32,-2,-57,1
3/10/2012 12:43,70,0,32,-2,-57,1
3/10/2012 12:44,70,0,31,-2,-58,1
3/10/2012 12:45,70,0,33,-2,-58,1
3/10/2012 12:46,70,0,32,-2,-58,1
3/10/2012 12:47,70,0,32,-2,-57,1
3/10/2012 12:48,70,0,31,-2,-57,1
3/10/2012 12:49,70,0,31,-2,-57,1
3/10/2012 12:50,70,0,31,-2,-57,1
3/10/2012 12:51,70,0,30,-2,-57,1
3/10/2012 12:52,70,0,29,-2,-57,1
3/10/2012 12:53,70,0,29,-2,-56,1
3/10/2012 12:54,70,0,28,-2,-57,1
3/10/2012 12:55,70,0,28,-2,-57,1
3/10/2012 12:56,70,0,28,-2,-56,1
3/10/2012 12:57,70,0,28,-2,-56,1
3/10/2012 12:58,70,0,29,-2,-57,1
3/10/2012 12:59,70,0,29,-2,-57,1
3/10/2012 13:00,70,0,29,-1,-56,1
3/10/2012 13:01,70,0,29,-1,-56,1
3/10/2012 13:02,70,0,28,-2,-56,1
3/10/2012 13:03,70,0,29,-2,-56,1
3/10/2012 13:04,70,0,28,-2,-56,1
3/10/2012 13:05,70,0,28,-1,-56,1
3/10/2012 13:06,70,0,28,-2,-56,1
3/10/2012 13:07,70,0,26,-1,-56,1
3/10/2012 13:08,70,0,26,-1,-56,1
3/10/2012 13:09,70,0,26,-1,-56,1
3/10/2012 13:10,70,0,26,-1,-57,1
3/10/2012 13:11,70,0,25,-1,-56,1
3/10/2012 13:12,70,0,25,-1,-56,1
3/10/2012 13:13,70,0,26,-1,-57,1
3/10/2012 13:14,70,0,27,-1,-56,1
3/10/2012 13:15,70,0,27,-1,-56,1
3/10/2012 13:16,70,0,27,-1,-56,1
3/10/2012 13:17,70,0,28,-1,-56,1
3/10/2012 13:18,70,0,26,-2,-56,1
3/10/2012 13:19,70,0,26,-2,-56,1
3/10/2012 13:20,70,0,23,-2,-55,1
3/10/2012 13:21,70,0,22,-2,-55,1
3/10/2012 13:22,70,0,19,-2,-55,1
3/10/2012 13:23,70,0,19,-2,-54,1
3/10/2012 13:24,70,0,17,-2,-54,1
3/10/2012 13:25,70,0,15,-2,-54,1
3/10/2012 13:26,70,0,15,-2,-55,1
3/10/2012 13:27,70,0,15,-2,-54,1
3/10/2012 13:28,70,0,15,-2,-54,1
3/10/2012 13:29,70,0,15,-2,-53,1
3/10/2012 13:30,70,0,15,-2,-53,1
3/10/2012 13:31,70,0,15,-3,-53,1
3/10/2012 13:32,70,0,15,-2,-54,1
3/10/2012 13:33,70,0,14,-2,-54,1
3/10/2012 13:34,70,0,15,-3,-53,1
3/10/2012 13:35,70,0,18,-3,-53,1
3/10/2012 13:36,70,0,19,-3,-53,1
3/10/2012 13:37,70,0,18,-3,-53,1
3/10/2012 13:38,70,0,18,-3,-53,1
3/10/2012 13:39,70,0,19,-3,-53,1
3/10/2012 13:40,70,0,20,-3,-53,1
3/10/2012 13:41,70,0,21,-3,-53,1
3/10/2012 13:42,70,0,23,-3,-53,1
3/10/2012 13:43,70,0,24,-3,-53,1
3/10/2012 13:44,70,0,24,-2,-53,1
3/10/2012 13:45,70,0,26,-3,-53,1
3/10/2012 13:46,70,0,27,-2,-53,1
3/10/2012 13:47,70,0,27,-2,-54,1
3/10/2012 13:48,70,0,28,-2,-54,1
3/10/2012 13:49,70,0,28,-2,-54,1
3/10/2012 13:50,70,0,30,-2,-54,1
3/10/2012 13:51,70,0,30,-2,-54,1
3/10/2012 13:52,70,0,30,-2,-54,1
3/10/2012 13:53,70,0,31,-2,-54,1
3/10/2012 13:54,70,0,30,-2,-54,1
3/10/2012 13:55,70,0,30,-2,-54,1
3/10/2012 13:56,70,0,30,-1,-54,1
3/10/2012 13:57,70,0,30,-1,-54,1
3/10/2012 13:58,70,0,31,-1,-55,1
3/10/2012 13:59,70,0,32,-1,-54,1
3/10/2012 14:00,70,0,32,-1,-54,1
3/10/2012 14:01,70,0,33,-1,-54,1
3/10/2012 14:02,70,0,33,-1,-55,1
3/10/2012 14:03,70,0,33,-1,-54,1
3/10/2012 14:04,70,0,32,-1,-54,1
3/10/2012 14:05,70,0,32,-1,-54,1
3/10/2012 14:06,70,0,32,-1,-54,1
3/10/2012 14:07,70,0,33,-1,-54,1
3/10/2012 14:08,70,0,33,-1,-54,1
3/10/2012 14:09,70,0,33,-1,-54,1
3/10/2012 14:10,70,0,33,-1,-54,1
3/10/2012 14:11,70,0,32,-1,-54,1
3/10/2012 14:12,70,0,33,-1,-54,1
3/10/2012 14:13,70,0,33,-1,-54,1
3/10/2012 14:14,70,0,32,-1,-54,1
3/10/2012 14:15,70,0,32,-1,-54,1
3/10/2012 14:16,70,0,32,-1,-54,1
3/10/2012 14:17,70,0,33,-1,-54,1
3/10/2012 14:18,70,0,33,-1,-54,1
3/10/2012 14:19,70,0,34,0,-54,1
3/10/2012 14:20,70,0,35,0,-54,1
3/10/2012 14:21,70,0,35,-1,-54,1
3/10/2012 14:22,70,0,36,-1,-55,1
3/10/2012 14:23,70,0,37,-1,-55,1
3/10/2012 14:24,70,0,36,-1,-55,1
3/10/2012 14:25,70,0,35,-1,-55,1
3/10/2012 14:26,70,0,35,-1,-55,1
3/10/2012 14:27,70,0,34,-1,-55,1
3/10/2012 14:28,70,0,34,-1,-55,1
3/10/2012 14:29,70,0,34,-1,-55,1
3/10/2012 14:30,70,0,35,-1,-55,1
3/10/2012 14:31,70,0,35,-1,-55,1
3/10/2012 14:32,70,0,35,-1,-55,1
3/10/2012 14:33,70,0,34,-1,-55,1
3/10/2012 14:34,70,0,34,-1,-55,1
3/10/2012 14:35,70,0,35,-1,-55,1
3/10/2012 14:36,70,0,35,-1,-55,1
3/10/2012 14:37,70,0,35,-1,-55,1
3/10/2012 14:38,70,0,35,-1,-55,1
3/10/2012 14:39,70,0,33,-1,-55,1
3/10/2012 14:40,70,0,33,-1,-55,1
3/10/2012 14:41,70,0,34,-1,-55,1
3/10/2012 14:42,70,0,32,-1,-55,1
3/10/2012 14:43,70,0,31,-1,-55,1
3/10/2012 14:44,70,0,30,-1,-54,1
3/10/2012 14:45,70,0,30,-1,-54,1
3/10/2012 14:46,70,0,29,-1,-55,1
3/10/2012 14:47,70,0,28,-1,-54,1
3/10/2012 14:48,70,0,27,-1,-54,1
3/10/2012 14:49,70,0,25,-1,-54,1
3/10/2012 14:50,70,0,24,-1,-54,1
3/10/2012 14:51,70,0,23,-1,-54,1
3/10/2012 14:52,70,0,23,-1,-54,1
3/10/2012 14:53,70,0,22,-1,-54,1
3/10/2012 14:54,70,0,22,-1,-53,1
3/10/2012 14:55,70,0,21,-1,-53,1
3/10/2012 14:56,70,0,21,-1,-53,1
3/10/2012 14:57,70,0,19,-1,-53,1
3/10/2012 14:58,70,0,19,-1,-53,1
3/10/2012 14:59,70,0,19,-1,-53,1
3/10/2012 15:00,70,0,18,-1,-54,1
3/10/2012 15:01,70,0,19,-1,-54,1
3/10/2012 15:02,70,0,17,-1,-54,1
3/10/2012 15:03,70,0,17,-1,-54,1
3/10/2012 15:04,70,0,19,-1,-54,1
3/10/2012 15:05,70,0,19,-1,-54,1
3/10/2012 15:06,70,0,19,-1,-53,1
3/10/2012 15:07,70,0,18,-2,-53,1
3/10/2012 15:08,70,0,18,-2,-53,1
3/10/2012 15:09,70,0,18,-2,-53,1
3/10/2012 15:10,70,0,17,-2,-53,1
3/10/2012 15:11,70,0,18,-2,-53,1
3/10/2012 15:12,70,0,16,-2,-53,1
3/10/2012 15:13,70,0,15,-2,-53,1
3/10/2012 15:14,70,0,16,-2,-53,1
3/10/2012 15:15,70,0,17,-3,-53,1
3/10/2012 15:16,70,0,18,-3,-52,1
3/10/2012 15:17,70,0,19,-3,-52,1
3/10/2012 15:18,70,0,19,-2,-52,1
3/10/2012 15:19,70,0,18,-2,-52,1
3/10/2012 15:20,70,0,20,-2,-52,1
3/10/2012 15:21,70,0,20,-2,-52,1
3/10/2012 15:22,70,0,21,-2,-52,1
3/10/2012 15:23,70,0,22,-1,-52,1
3/10/2012 15:24,70,0,21,-1,-52,1
3/10/2012 15:25,70,0,21,-2,-52,1
3/10/2012 15:26,70,0,22,-2,-52,1
3/10/2012 15:27,70,0,23,-1,-52,1
3/10/2012 15:28,70,0,24,-1,-52,1
3/10/2012 15:29,70,0,24,0,-52,1
3/10/2012 15:30,70,0,23,0,-53,1
3/10/2012 15:31,70,0,23,0,-52,1
3/10/2012 15:32,70,0,23,0,-53,1
3/10/2012 15:33,70,0,24,0,-53,1
3/10/2012 15:34,70,0,24,-1,-52,1
3/10/2012 15:35,70,0,24,0,-52,1
3/10/2012 15:36,70,0,24,0,-52,1
3/10/2012 15:37,70,0,24,0,-52,1
3/10/2012 15:38,70,0,24,0,-52,1
3/10/2012 15:39,70,0,23,0,-52,1
3/10/2012 15:40,70,0,23,0,-52,1
3/10/2012 15:41,70,0,24,0,-52,1
3/10/2012 15:42,70,0,25,0,-52,1
3/10/2012 15:43,70,0,24,0,-52,1
3/10/2012 15:44,70,0,25,-1,-52,1
3/10/2012 15:45,70,0,25,-1,-53,1
3/10/2012 15:46,70,0,25,-1,-53,1
3/10/2012 15:47,70,0,24,-1,-52,1
3/10/2012 15:48,70,0,25,-1,-52,1
3/10/2012 15:49,70,0,24,-1,-52,1
3/10/2012 15:50,70,0,24,-1,-52,1
3/10/2012 15:51,70,0,25,0,-52,1
3/10/2012 15:52,70,0,25,0,-51,1
3/10/2012 15:53,70,0,25,0,-51,1
3/10/2012 15:54,70,0,25,0,-51,1
3/10/2012 15:55,70,0,25,0,-51,1
3/10/2012 15:56,70,0,25,0,-51,1
3/10/2012 15:57,70,0,25,0,-51,1
3/10/2012 15:58,70,0,24,0,-51,1
3/10/2012 15:59,70,0,24,0,-51,1
3/10/2012 16:00,70,0,24,0,-51,1
3/10/2012 16:01,70,0,24,0,-51,1
3/10/2012 16:02,70,0,24,0,-51,1
3/10/2012 16:03,70,0,24,1,-52,1
3/10/2012 16:04,70,0,24,0,-52,1
3/10/2012 16:05,70,0,24,0,-51,1
3/10/2012 16:06,70,0,24,0,-51,1
3/10/2012 16:07,70,0,24,0,-52,1
3/10/2012 16:08,70,0,23,1,-51,1
3/10/2012 16:09,70,0,23,1,-51,1
3/10/2012 16:10,70,0,23,1,-51,1
3/10/2012 16:11,70,0,23,1,-52,1
3/10/2012 16:12,70,0,23,1,-52,1
3/10/2012 16:13,70,0,23,1,-51,1
3/10/2012 16:14,70,0,23,1,-51,1
3/10/2012 16:15,70,0,23,1,-51,1
3/10/2012 16:16,70,0,23,1,-51,1
3/10/2012 16:17,70,0,23,0,-51,1
3/10/2012 16:18,70,0,23,0,-51,1
3/10/2012 16:19,70,0,24,0,-51,1
3/10/2012 16:20,70,0,23,0,-51,1
3/10/2012 16:21,70,0,23,0,-51,1
3/10/2012 16:22,70,0,23,0,-51,1
3/10/2012 16:23,70,0,23,0,-51,1
3/10/2012 16:24,70,0,23,0,-51,1
3/10/2012 16:25,70,0,23,0,-51,1
3/10/2012 16:26,70,0,23,0,-51,1
3/10/2012 16:27,70,0,23,0,-51,1
3/10/2012 16:28,70,0,24,0,-51,1
3/10/2012 16:29,70,0,23,0,-50,1
3/10/2012 16:30,70,0,24,0,-50,1
3/10/2012 16:31,70,0,24,0,-49,1
3/10/2012 16:32,70,0,26,0,-49,1
3/10/2012 16:33,70,0,28,0,-50,1
3/10/2012 16:34,70,0,30,0,-50,1
3/10/2012 16:35,70,0,30,0,-50,1
3/10/2012 16:36,70,0,29,0,-50,1
3/10/2012 16:37,70,0,27,0,-50,1
3/10/2012 16:38,70,0,26,0,-50,1
3/10/2012 16:39,70,0,25,0,-50,1
3/10/2012 16:40,70,0,25,0,-51,1
3/10/2012 16:41,70,0,24,0,-50,1
3/10/2012 16:42,70,0,24,0,-50,1
3/10/2012 16:43,70,0,25,0,-51,1
3/10/2012 16:44,70,0,25,0,-51,1
3/10/2012 16:45,70,0,25,0,-51,1
3/10/2012 16:46,70,0,25,0,-51,1
3/10/2012 16:47,70,0,25,-1,-51,1
3/10/2012 16:48,70,0,25,-1,-51,1
3/10/2012 16:49,70,0,26,-1,-51,1
3/10/2012 16:50,70,0,26,-1,-51,1
3/10/2012 16:51,70,0,25,-1,-51,1
3/10/2012 16:52,70,0,26,-1,-52,1
3/10/2012 16:53,70,0,26,-1,-52,1
3/10/2012 16:54,70,0,26,-1,-53,1
3/10/2012 16:55,70,0,26,-1,-53,1
3/10/2012 16:56,70,0,27,-1,-53,1
3/10/2012 16:57,70,0,27,-1,-53,1
3/10/2012 16:58,70,0,27,-1,-53,1
3/10/2012 16:59,70,0,27,-1,-53,1
3/10/2012 17:00,70,0,27,-1,-53,1
3/10/2012 17:01,70,0,26,-1,-53,1
3/10/2012 17:02,70,0,26,-1,-53,1
3/10/2012 17:03,70,0,26,-1,-53,1
3/10/2012 17:04,70,0,26,-1,-53,1
3/10/2012 17:05,70,0,26,-1,-53,1
3/10/2012 17:06,70,0,26,-1,-54,1
3/10/2012 17:07,70,0,26,-1,-54,1
3/10/2012 17:08,70,0,26,-1,-54,1
3/10/2012 17:09,70,0,28,-1,-54,1
3/10/2012 17:10,70,0,28,-1,-54,1
3/10/2012 17:11,70,0,28,-1,-54,1
3/10/2012 17:12,70,0,28,-1,-54,1
3/10/2012 17:13,70,0,29,-1,-54,1
3/10/2012 17:14,70,0,30,-1,-54,1
3/10/2012 17:15,70,0,30,-1,-54,1
3/10/2012 17:16,70,0,30,-1,-54,1
3/10/2012 17:17,70,0,30,-1,-54,1
3/10/2012 17:18,70,0,30,-1,-54,1
3/10/2012 17:19,70,0,31,-1,-54,1
3/10/2012 17:20,70,0,33,-1,-54,1
3/10/2012 17:21,70,0,34,-1,-54,1
3/10/2012 17:22,70,0,37,-1,-54,1
3/10/2012 17:23,70,0,43,0,-55,1
3/10/2012 17:24,70,0,49,0,-56,1
3/10/2012 17:25,70,0,51,0,-56,1
3/10/2012 17:26,70,0,50,0,-55,1
3/10/2012 17:27,70,0,51,0,-56,1
3/10/2012 17:28,70,0,53,0,-56,1
3/10/2012 17:29,70,0,55,0,-56,1
3/10/2012 17:30,70,0,57,0,-56,1
3/10/2012 17:31,70,0,57,0,-57,1
3/10/2012 17:32,70,0,57,0,-57,1
3/10/2012 17:33,70,0,57,0,-56,1
3/10/2012 17:34,70,0,58,0,-56,1
3/10/2012 17:35,70,0,58,0,-56,1
3/10/2012 17:36,70,0,58,0,-56,1
3/10/2012 17:37,70,0,61,0,-57,1
3/10/2012 17:38,70,0,62,0,-57,1
3/10/2012 17:39,70,0,62,0,-57,1
3/10/2012 17:40,70,0,62,1,-57,1
3/10/2012 17:41,70,0,62,0,-57,1
3/10/2012 17:42,70,0,64,0,-57,1
3/10/2012 17:43,70,0,65,0,-58,1
3/10/2012 17:44,70,0,65,0,-57,1
3/10/2012 17:45,70,0,66,0,-58,1
3/10/2012 17:46,70,0,67,0,-58,1
3/10/2012 17:47,70,0,68,0,-57,1
3/10/2012 17:48,70,0,69,0,-58,1
3/10/2012 17:49,70,0,69,-1,-58,1
3/10/2012 17:50,70,0,70,-1,-58,1
3/10/2012 17:51,70,0,70,-1,-58,1
3/10/2012 17:52,70,0,70,-1,-58,1
3/10/2012 17:53,70,0,69,-2,-58,1
3/10/2012 17:54,70,0,70,-2,-58,1
3/10/2012 17:55,70,0,70,-2,-58,1
3/10/2012 17:56,70,0,69,-2,-58,1
3/10/2012 17:57,70,0,69,-2,-58,1
3/10/2012 17:58,70,0,69,-2,-58,1
3/10/2012 17:59,70,0,68,-2,-57,1
3/10/2012 18:00,70,0,68,-2,-57,1
3/10/2012 18:01,70,0,68,-2,-57,1
3/10/2012 18:02,70,0,67,-2,-56,1
3/10/2012 18:03,70,0,67,-2,-55,1
3/10/2012 18:04,70,0,65,-2,-55,1
3/10/2012 18:05,70,0,64,-2,-55,1
3/10/2012 18:06,70,0,65,-2,-55,1
3/10/2012 18:07,70,0,66,-2,-55,1
3/10/2012 18:08,70,0,67,-2,-56,1
3/10/2012 18:09,70,0,68,-2,-56,1
3/10/2012 18:10,70,0,67,-2,-56,1
3/10/2012 18:11,70,0,66,-1,-56,1
3/10/2012 18:12,70,0,65,-1,-56,1
3/10/2012 18:13,70,0,67,-1,-57,1
3/10/2012 18:14,70,0,66,-1,-57,1
3/10/2012 18:15,70,0,65,-1,-57,1
3/10/2012 18:16,70,0,65,-1,-57,1
3/10/2012 18:17,70,0,64,-1,-57,1
3/10/2012 18:18,70,0,64,-1,-57,1
3/10/2012 18:19,70,0,64,-1,-58,1
3/10/2012 18:20,70,0,64,-1,-58,1
3/10/2012 18:21,70,0,64,-1,-58,1
3/10/2012 18:22,70,0,62,-1,-58,1
3/10/2012 18:23,70,0,61,-1,-57,1
3/10/2012 18:24,70,0,62,-1,-58,1
3/10/2012 18:25,70,0,61,0,-57,1
3/10/2012 18:26,70,0,61,0,-57,1
3/10/2012 18:27,70,0,60,0,-57,1
3/10/2012 18:28,70,0,60,0,-56,1
3/10/2012 18:29,70,0,59,0,-56,1
3/10/2012 18:30,70,0,60,0,-56,1
3/10/2012 18:31,70,0,59,0,-55,1
3/10/2012 18:32,70,0,58,0,-56,1
3/10/2012 18:33,70,0,57,0,-56,1
3/10/2012 18:34,70,0,57,0,-55,1
3/10/2012 18:35,70,0,56,0,-55,1
3/10/2012 18:36,70,0,57,0,-55,1
3/10/2012 18:37,70,0,57,0,-55,1
3/10/2012 18:38,70,0,56,-1,-55,1
3/10/2012 18:39,70,0,56,-1,-55,1
3/10/2012 18:40,70,0,55,-1,-55,1
3/10/2012 18:41,70,0,55,-1,-55,1
3/10/2012 18:42,70,0,55,-1,-55,1
3/10/2012 18:43,70,0,55,-2,-54,1
3/10/2012 18:44,70,0,54,-2,-54,1
3/10/2012 18:45,70,0,54,-2,-54,1
3/10/2012 18:46,70,0,53,-2,-54,1
3/10/2012 18:47,70,0,51,-2,-53,1
3/10/2012 18:48,70,0,51,-2,-54,1
3/10/2012 18:49,70,0,50,-2,-54,1
3/10/2012 18:50,70,0,50,-2,-53,1
3/10/2012 18:51,70,0,49,-2,-54,1
3/10/2012 18:52,70,0,51,-2,-54,1
3/10/2012 18:53,70,0,51,-3,-54,1
3/10/2012 18:54,70,0,49,-3,-54,1
3/10/2012 18:55,70,0,49,-3,-54,1
3/10/2012 18:56,70,0,50,-4,-54,1
3/10/2012 18:57,70,0,49,-4,-54,1
3/10/2012 18:58,70,0,49,-4,-54,1
3/10/2012 18:59,70,0,48,-5,-53,1
3/10/2012 19:00,70,0,47,-5,-53,1
3/10/2012 19:01,70,0,47,-5,-53,1
3/10/2012 19:02,70,0,46,-5,-52,1
3/10/2012 19:03,70,0,45,-5,-52,1
3/10/2012 19:04,70,0,45,-5,-52,1
3/10/2012 19:05,70,0,45,-5,-52,1
3/10/2012 19:06,70,0,45,-5,-51,1
3/10/2012 19:07,70,0,43,-5,-51,1
3/10/2012 19:08,70,0,45,-5,-51,1
3/10/2012 19:09,70,0,44,-5,-51,1
3/10/2012 19:10,70,0,45,-4,-51,1
3/10/2012 19:11,70,0,45,-4,-51,1
3/10/2012 19:12,70,0,44,-4,-51,1
3/10/2012 19:13,70,0,44,-4,-50,1
3/10/2012 19:14,70,0,42,-4,-51,1
3/10/2012 19:15,70,0,39,-4,-50,1
3/10/2012 19:16,70,0,37,-4,-49,1
3/10/2012 19:17,70,0,35,-4,-49,1
3/10/2012 19:18,70,0,34,-3,-50,1
3/10/2012 19:19,70,0,37,-4,-50,1
3/10/2012 19:20,70,0,37,-3,-51,1
3/10/2012 19:21,70,0,35,-3,-50,1
3/10/2012 19:22,70,0,34,-3,-50,1
3/10/2012 19:23,70,0,32,-3,-49,1
3/10/2012 19:24,70,0,30,-3,-49,1
3/10/2012 19:25,70,0,27,-3,-48,1
3/10/2012 19:26,70,0,26,-3,-49,1
3/10/2012 19:27,70,0,26,-3,-49,1
3/10/2012 19:28,70,0,27,-3,-50,1
3/10/2012 19:29,70,0,26,-3,-50,1
3/10/2012 19:30,70,0,27,-3,-50,1
3/10/2012 19:31,70,0,26,-3,-51,1
3/10/2012 19:32,70,0,26,-3,-51,1
3/10/2012 19:33,70,0,25,-3,-51,1
3/10/2012 19:34,70,0,25,-3,-50,1
3/10/2012 19:35,70,0,25,-3,-50,1
3/10/2012 19:36,70,0,25,-3,-50,1
3/10/2012 19:37,70,0,26,-3,-50,1
3/10/2012 19:38,70,0,24,-3,-50,1
3/10/2012 19:39,70,0,24,-3,-50,1
3/10/2012 19:40,70,0,23,-3,-49,1
3/10/2012 19:41,70,0,22,-3,-49,1
3/10/2012 19:42,70,0,22,-3,-50,1
3/10/2012 19:43,70,0,22,-3,-50,1
3/10/2012 19:44,70,0,23,-3,-50,1
3/10/2012 19:45,70,0,23,-3,-50,1
3/10/2012 19:46,70,0,21,-3,-50,1
3/10/2012 19:47,70,0,20,-3,-50,1
3/10/2012 19:48,70,0,20,-3,-50,1
3/10/2012 19:49,70,0,19,-2,-50,1
3/10/2012 19:50,70,0,18,-2,-50,1
3/10/2012 19:51,70,0,18,-3,-50,1
3/10/2012 19:52,70,0,17,-2,-50,1
3/10/2012 19:53,70,0,18,-2,-50,1
3/10/2012 19:54,70,0,17,-2,-50,1
3/10/2012 19:55,70,0,16,-2,-50,1
3/10/2012 19:56,70,0,15,-2,-50,1
3/10/2012 19:57,70,0,16,-2,-50,1
3/10/2012 19:58,70,0,15,-2,-50,1
3/10/2012 19:59,70,0,15,-2,-50,1
3/10/2012 20:00,70,0,15,-2,-50,1
3/10/2012 20:01,70,0,16,-2,-50,1
3/10/2012 20:02,70,0,16,-2,-50,1
3/10/2012 20:03,70,0,16,-2,-50,1
3/10/2012 20:04,70,0,17,-2,-49,1
3/10/2012 20:05,70,0,16,-2,-49,1
3/10/2012 20:06,70,0,17,-2,-49,1
3/10/2012 20:07,70,0,16,-2,-49,1
3/10/2012 20:08,70,0,16,-2,-49,1
3/10/2012 20:09,70,0,17,-2,-49,1
3/10/2012 20:10,70,0,17,-2,-50,1
3/10/2012 20:11,70,0,17,-2,-50,1
3/10/2012 20:12,70,0,17,-2,-51,1
3/10/2012 20:13,70,0,17,-1,-51,1
3/10/2012 20:14,70,0,18,-1,-51,1
3/10/2012 20:15,70,0,18,-1,-51,1
3/10/2012 20:16,70,0,19,-1,-51,1
3/10/2012 20:17,70,0,19,-1,-51,1
3/10/2012 20:18,70,0,19,-1,-51,1
3/10/2012 20:19,70,0,19,-1,-51,1
3/10/2012 20:20,70,0,19,-1,-51,1
3/10/2012 20:21,70,0,19,-1,-51,1
3/10/2012 20:22,70,0,19,-1,-51,1
3/10/2012 20:23,70,0,20,-1,-51,1
3/10/2012 20:24,70,0,20,-1,-51,1
3/10/2012 20:25,70,0,21,-1,-50,1
3/10/2012 20:26,70,0,20,-1,-50,1
3/10/2012 20:27,70,0,19,-1,-49,1
3/10/2012 20:28,70,0,18,-1,-50,1
3/10/2012 20:29,70,0,18,-1,-50,1
3/10/2012 20:30,70,0,16,-1,-50,1
3/10/2012 20:31,70,0,18,-1,-50,1
3/10/2012 20:32,70,0,18,-1,-51,1
3/10/2012 20:33,70,0,18,-1,-51,1
3/10/2012 20:34,70,0,18,-1,-51,1
3/10/2012 20:35,70,0,18,-1,-51,1
3/10/2012 20:36,70,0,18,-1,-51,1
3/10/2012 20:37,70,0,18,-1,-51,1
3/10/2012 20:38,70,0,18,-1,-51,1
3/10/2012 20:39,70,0,18,-1,-51,1
3/10/2012 20:40,70,0,17,-1,-52,1
3/10/2012 20:41,70,0,17,0,-52,1
3/10/2012 20:42,70,0,18,0,-52,1
3/10/2012 20:43,70,0,18,0,-51,1
3/10/2012 20:44,70,0,19,0,-51,1
3/10/2012 20:45,70,0,19,0,-51,1
3/10/2012 20:46,70,0,19,0,-51,1
3/10/2012 20:47,70,0,19,0,-51,1
3/10/2012 20:48,70,0,20,0,-51,1
3/10/2012 20:49,70,0,20,0,-51,1
3/10/2012 20:50,70,0,19,0,-51,1
3/10/2012 20:51,70,0,19,0,-51,1
3/10/2012 20:52,70,0,19,0,-51,1
3/10/2012 20:53,70,0,20,0,-51,1
3/10/2012 20:54,70,0,18,0,-52,1
3/10/2012 20:55,70,0,20,0,-52,1
3/10/2012 20:56,70,0,20,0,-52,1
3/10/2012 20:57,70,0,20,0,-52,1
3/10/2012 20:58,70,0,21,0,-52,1
3/10/2012 20:59,70,0,21,0,-52,1
3/10/2012 21:00,70,0,21,0,-52,1
3/10/2012 21:01,70,0,21,0,-52,1
3/10/2012 21:02,70,0,21,0,-52,1
3/10/2012 21:03,70,0,20,0,-52,1
3/10/2012 21:04,70,0,21,0,-52,1
3/10/2012 21:05,70,0,21,0,-52,1
3/10/2012 21:06,70,0,22,0,-51,1
3/10/2012 21:07,70,0,22,0,-51,1
3/10/2012 21:08,70,0,22,0,-51,1
3/10/2012 21:09,70,0,22,0,-51,1
3/10/2012 21:10,70,0,22,0,-51,1
3/10/2012 21:11,70,0,22,0,-51,1
3/10/2012 21:12,70,0,22,0,-51,1
3/10/2012 21:13,70,0,22,1,-51,1
3/10/2012 21:14,70,0,23,0,-51,1
3/10/2012 21:15,70,0,23,1,-50,1
3/10/2012 21:16,70,0,23,1,-50,1
3/10/2012 21:17,70,0,23,1,-50,1
3/10/2012 21:18,70,0,23,1,-50,1
3/10/2012 21:19,70,0,22,1,-50,1
3/10/2012 21:20,70,0,23,1,-50,1
3/10/2012 21:21,70,0,24,1,-50,1
3/10/2012 21:22,70,0,24,0,-50,1
3/10/2012 21:23,70,0,23,0,-49,1
3/10/2012 21:24,70,0,22,0,-49,1
3/10/2012 21:25,70,0,22,1,-49,1
3/10/2012 21:26,70,0,23,1,-49,1
3/10/2012 21:27,70,0,24,1,-49,1
3/10/2012 21:28,70,0,24,0,-49,1
3/10/2012 21:29,70,0,24,1,-49,1
3/10/2012 21:30,70,0,23,1,-50,1
3/10/2012 21:31,70,0,23,1,-50,1
3/10/2012 21:32,70,0,24,1,-50,1
3/10/2012 21:33,70,0,24,1,-50,1
3/10/2012 21:34,70,0,24,1,-50,1
3/10/2012 21:35,70,0,23,1,-50,1
3/10/2012 21:36,70,0,23,1,-50,1
3/10/2012 21:37,70,0,24,1,-50,1
3/10/2012 21:38,70,0,24,1,-49,1
3/10/2012 21:39,70,0,23,1,-49,1
3/10/2012 21:40,70,0,25,1,-49,1
3/10/2012 21:41,70,0,26,1,-49,1
3/10/2012 21:42,70,0,26,1,-49,1
3/10/2012 21:43,70,0,26,1,-49,1
3/10/2012 21:44,70,0,26,1,-49,1
3/10/2012 21:45,70,0,25,1,-49,1
3/10/2012 21:46,70,0,26,1,-49,1
3/10/2012 21:47,70,0,26,1,-48,1
3/10/2012 21:48,70,0,25,1,-49,1
3/10/2012 21:49,70,0,26,1,-50,1
3/10/2012 21:50,70,0,26,1,-50,1
3/10/2012 21:51,70,0,26,1,-51,1
3/10/2012 21:52,70,0,26,1,-51,1
3/10/2012 21:53,70,0,26,1,-51,1
3/10/2012 21:54,70,0,27,2,-51,1
3/10/2012 21:55,70,0,27,2,-51,1
3/10/2012 21:56,70,0,27,2,-51,1
3/10/2012 21:57,70,0,28,2,-51,1
3/10/2012 21:58,70,0,27,2,-51,1
3/10/2012 21:59,70,0,27,2,-51,1
3/10/2012 22:00,70,0,29,1,-51,1
3/10/2012 22:01,70,0,29,1,-51,1
3/10/2012 22:02,70,0,30,1,-51,1
3/10/2012 22:03,70,0,30,1,-52,1
3/10/2012 22:04,70,0,30,1,-51,1
3/10/2012 22:05,70,0,30,1,-51,1
3/10/2012 22:06,70,0,30,1,-51,1
3/10/2012 22:07,70,0,30,1,-51,1
3/10/2012 22:08,70,0,31,1,-51,1
3/10/2012 22:09,70,0,30,1,-51,1
3/10/2012 22:10,70,0,30,1,-51,1
3/10/2012 22:11,70,0,30,1,-51,1
3/10/2012 22:12,70,0,30,1,-51,1
3/10/2012 22:13,70,0,30,1,-51,1
3/10/2012 22:14,70,0,30,1,-51,1
3/10/2012 22:15,70,0,30,1,-50,1
3/10/2012 22:16,70,0,30,1,-50,1
3/10/2012 22:17,70,0,31,1,-50,1
3/10/2012 22:18,70,0,32,1,-50,1
3/10/2012 22:19,70,0,32,1,-50,1
3/10/2012 22:20,70,0,32,1,-49,1
3/10/2012 22:21,70,0,31,1,-49,1
3/10/2012 22:22,70,0,31,1,-49,1
3/10/2012 22:23,70,0,31,1,-49,1
3/10/2012 22:24,70,0,31,0,-49,1
3/10/2012 22:25,70,0,30,0,-50,1
3/10/2012 22:26,70,0,30,0,-49,1
3/10/2012 22:27,70,0,32,0,-49,1
3/10/2012 22:28,70,0,32,0,-50,1
3/10/2012 22:29,70,0,32,0,-50,1
3/10/2012 22:30,70,0,32,0,-50,1
3/10/2012 22:31,70,0,32,0,-49,1
3/10/2012 22:32,70,0,32,0,-50,1
3/10/2012 22:33,70,0,33,0,-50,1
3/10/2012 22:34,70,0,33,0,-50,1
3/10/2012 22:35,70,0,33,0,-50,1
3/10/2012 22:36,70,0,33,0,-50,1
3/10/2012 22:37,70,0,33,0,-50,1
3/10/2012 22:38,70,0,33,0,-50,1
3/10/2012 22:39,70,0,33,0,-50,1
3/10/2012 22:40,70,0,32,0,-49,1
3/10/2012 22:41,70,0,32,0,-49,1
3/10/2012 22:42,70,0,32,0,-49,1
3/10/2012 22:43,70,0,32,0,-48,1
3/10/2012 22:44,70,0,33,0,-48,1
3/10/2012 22:45,70,0,33,0,-48,1
3/10/2012 22:46,70,0,33,0,-48,1
3/10/2012 22:47,70,0,32,0,-48,1
3/10/2012 22:48,70,0,33,0,-48,1
3/10/2012 22:49,70,0,34,0,-48,1
3/10/2012 22:50,70,0,34,0,-48,1
3/10/2012 22:51,70,0,34,0,-48,1
3/10/2012 22:52,70,0,34,0,-48,1
3/10/2012 22:53,70,0,34,0,-48,1
3/10/2012 22:54,70,0,33,0,-48,1
3/10/2012 22:55,70,0,34,0,-49,1
3/10/2012 22:56,70,0,34,0,-49,1
3/10/2012 22:57,70,0,33,0,-49,1
3/10/2012 22:58,70,0,34,0,-50,1
3/10/2012 22:59,70,0,34,0,-50,1
3/10/2012 23:00,70,0,35,0,-51,1
3/10/2012 23:01,70,0,35,0,-51,1
3/10/2012 23:02,70,0,35,0,-51,1
3/10/2012 23:03,70,0,35,0,-51,1
3/10/2012 23:04,70,0,36,0,-51,1
3/10/2012 23:05,70,0,35,0,-50,1
3/10/2012 23:06,70,0,35,0,-50,1
3/10/2012 23:07,70,0,35,0,-50,1
3/10/2012 23:08,70,0,36,0,-50,1
3/10/2012 23:09,70,0,36,0,-49,1
3/10/2012 23:10,70,0,35,0,-49,1
3/10/2012 23:11,70,0,36,0,-48,1
3/10/2012 23:12,70,0,36,0,-48,1
3/10/2012 23:13,70,0,36,0,-48,1
3/10/2012 23:14,70,0,37,0,-48,1
3/10/2012 23:15,70,0,37,0,-48,1
3/10/2012 23:16,70,0,37,0,-48,1
3/10/2012 23:17,70,0,37,0,-48,1
3/10/2012 23:18,70,0,37,0,-48,1
3/10/2012 23:19,70,0,37,0,-48,1
3/10/2012 23:20,70,0,36,0,-48,1
3/10/2012 23:21,70,0,36,0,-48,1
3/10/2012 23:22,70,0,36,0,-48,1
3/10/2012 23:23,70,0,36,0,-48,1
3/10/2012 23:24,70,0,36,0,-48,1
3/10/2012 23:25,70,0,37,0,-48,1
3/10/2012 23:26,70,0,37,0,-48,1
3/10/2012 23:27,70,0,37,0,-48,1
3/10/2012 23:28,70,0,36,0,-48,1
3/10/2012 23:29,70,0,38,0,-48,1
3/10/2012 23:30,70,0,38,0,-48,1
3/10/2012 23:31,70,0,38,0,-49,1
3/10/2012 23:32,70,0,39,0,-49,1
3/10/2012 23:33,70,0,38,0,-50,1
3/10/2012 23:34,70,0,38,0,-50,1
3/10/2012 23:35,70,0,39,0,-50,1
3/10/2012 23:36,70,0,39,0,-50,1
3/10/2012 23:37,70,0,39,0,-50,1
3/10/2012 23:38,70,0,39,0,-50,1
3/10/2012 23:39,70,0,39,0,-50,1
3/10/2012 23:40,70,0,39,0,-50,1
3/10/2012 23:41,70,0,39,0,-51,1
3/10/2012 23:42,70,0,39,0,-51,1
3/10/2012 23:43,70,0,40,0,-51,1
3/10/2012 23:44,70,0,38,0,-52,1
3/10/2012 23:45,70,0,38,0,-52,1
3/10/2012 23:46,70,0,39,0,-52,1
3/10/2012 23:47,70,0,39,0,-51,1
3/10/2012 23:48,70,0,39,0,-51,1
3/10/2012 23:49,70,0,39,0,-51,1
3/10/2012 23:50,70,0,39,0,-51,1
3/10/2012 23:51,70,0,39,1,-51,1
3/10/2012 23:52,70,0,39,0,-51,1
3/10/2012 23:53,70,0,39,0,-51,1
3/10/2012 23:54,70,0,39,0,-52,1
3/10/2012 23:55,70,0,38,0,-52,1
3/10/2012 23:56,70,0,38,0,-53,1
3/10/2012 23:57,70,0,38,0,-53,1
3/10/2012 23:58,70,0,38,0,-53,1
3/10/2012 23:59,70,0,38,0,-53,1
