DateTime,DOY,D_TEC,ASY_H,SYM_D,SYM_H,Location
09/04/2002 00:00:00,247,0,37,-2,16,1
09/04/2002 00:01:00,247,0,37,-2,16,1
09/04/2002 00:02:00,247,0,38,-2,16,1
09/04/2002 00:03:00,247,0,38,-2,16,1
09/04/2002 00:04:00,247,0,39,-2,16,1
09/04/2002 00:05:00,247,0,38,-3,17,1
09/04/2002 00:06:00,247,0,38,-2,17,1
09/04/2002 00:07:00,247,0,39,-2,17,1
09/04/2002 00:08:00,247,0,38,-2,17,1
09/04/2002 00:09:00,247,0,40,-2,17,1
09/04/2002 00:10:00,247,0,40,-2,17,1
09/04/2002 00:11:00,247,0,42,-2,16,1
09/04/2002 00:12:00,247,0,41,-2,17,1
09/04/2002 00:13:00,247,0,40,-2,17,1
09/04/2002 00:14:00,247,0,40,-2,18,1
09/04/2002 00:15:00,247,0,41,-2,17,1
09/04/2002 00:16:00,247,0,42,-2,17,1
09/04/2002 00:17:00,247,0,42,-2,17,1
09/04/2002 00:18:00,247,0,42,-1,17,1
09/04/2002 00:19:00,247,0,42,-1,17,1
09/04/2002 00:20:00,247,0,42,-1,16,1
09/04/2002 00:21:00,247,0,44,-1,16,1
09/04/2002 00:22:00,247,0,43,-1,15,1
09/04/2002 00:23:00,247,0,43,-1,15,1
09/04/2002 00:24:00,247,0,43,-1,16,1
09/04/2002 00:25:00,247,0,44,-1,15,1
09/04/2002 00:26:00,247,0,43,-1,15,1
09/04/2002 00:27:00,247,0,43,-1,16,1
09/04/2002 00:28:00,247,0,42,-1,15,1
09/04/2002 00:29:00,247,0,42,-1,15,1
09/04/2002 00:30:00,247,0,42,0,15,1
09/04/2002 00:31:00,247,0,43,-1,15,1
09/04/2002 00:32:00,247,0,43,-1,15,1
09/04/2002 00:33:00,247,0,44,-1,15,1
09/04/2002 00:34:00,247,0,43,-1,15,1
09/04/2002 00:35:00,247,0,44,-1,15,1
09/04/2002 00:36:00,247,0,44,-1,15,1
09/04/2002 00:37:00,247,0,44,-1,14,1
09/04/2002 00:38:00,247,0,45,-1,15,1
09/04/2002 00:39:00,247,0,46,-1,14,1
09/04/2002 00:40:00,247,0,45,-1,15,1
09/04/2002 00:41:00,247,0,45,0,14,1
09/04/2002 00:42:00,247,0,45,-1,14,1
09/04/2002 00:43:00,247,0,44,0,15,1
09/04/2002 00:44:00,247,0,44,0,15,1
09/04/2002 00:45:00,247,0,43,0,14,1
09/04/2002 00:46:00,247,0,43,0,14,1
09/04/2002 00:47:00,247,0,43,0,14,1
09/04/2002 00:48:00,247,0,43,0,14,1
09/04/2002 00:49:00,247,0,42,0,14,1
09/04/2002 00:50:00,247,0,42,0,14,1
09/04/2002 00:51:00,247,0,41,0,14,1
09/04/2002 00:52:00,247,0,41,0,14,1
09/04/2002 00:53:00,247,0,39,1,14,1
09/04/2002 00:54:00,247,0,40,1,14,1
09/04/2002 00:55:00,247,0,38,1,15,1
09/04/2002 00:56:00,247,0,39,1,15,1
09/04/2002 00:57:00,247,0,37,1,15,1
09/04/2002 00:58:00,247,0,37,1,15,1
09/04/2002 00:59:00,247,0,38,1,15,1
09/04/2002 01:00:00,247,0,38,1,16,1
09/04/2002 01:01:00,247,0,38,0,16,1
09/04/2002 01:02:00,247,0,37,1,16,1
09/04/2002 01:03:00,247,0,35,1,16,1
09/04/2002 01:04:00,247,0,35,1,16,1
09/04/2002 01:05:00,247,0,35,0,16,1
09/04/2002 01:06:00,247,0,34,0,15,1
09/04/2002 01:07:00,247,0,36,-1,15,1
09/04/2002 01:08:00,247,0,36,-1,15,1
09/04/2002 01:09:00,247,0,35,-1,15,1
09/04/2002 01:10:00,247,0,36,-1,15,1
09/04/2002 01:11:00,247,0,35,-2,15,1
09/04/2002 01:12:00,247,0,36,-2,16,1
09/04/2002 01:13:00,247,0,36,-2,16,1
09/04/2002 01:14:00,247,0,37,-2,16,1
09/04/2002 01:15:00,247,0,39,-2,16,1
09/04/2002 01:16:00,247,0,39,-2,16,1
09/04/2002 01:17:00,247,0,40,-2,16,1
09/04/2002 01:18:00,247,0,40,-2,16,1
09/04/2002 01:19:00,247,0,40,-2,16,1
09/04/2002 01:20:00,247,0,41,-2,16,1
09/04/2002 01:21:00,247,0,41,-2,16,1
09/04/2002 01:22:00,247,0,41,-2,16,1
09/04/2002 01:23:00,247,0,42,-3,16,1
09/04/2002 01:24:00,247,0,43,-2,16,1
09/04/2002 01:25:00,247,0,42,-2,17,1
09/04/2002 01:26:00,247,0,43,-2,16,1
09/04/2002 01:27:00,247,0,42,-2,17,1
09/04/2002 01:28:00,247,0,41,-3,17,1
09/04/2002 01:29:00,247,0,41,-3,17,1
09/04/2002 01:30:00,247,0,42,-3,17,1
09/04/2002 01:31:00,247,0,43,-3,17,1
09/04/2002 01:32:00,247,0,42,-3,17,1
09/04/2002 01:33:00,247,0,42,-3,17,1
09/04/2002 01:34:00,247,0,43,-3,17,1
09/04/2002 01:35:00,247,0,43,-4,17,1
09/04/2002 01:36:00,247,0,43,-4,17,1
09/04/2002 01:37:00,247,0,42,-3,18,1
09/04/2002 01:38:00,247,0,42,-4,18,1
09/04/2002 01:39:00,247,0,42,-4,18,1
09/04/2002 01:40:00,247,0,43,-4,18,1
09/04/2002 01:41:00,247,0,43,-4,18,1
09/04/2002 01:42:00,247,0,43,-4,18,1
09/04/2002 01:43:00,247,0,42,-4,19,1
09/04/2002 01:44:00,247,0,42,-4,19,1
09/04/2002 01:45:00,247,0,42,-4,19,1
09/04/2002 01:46:00,247,0,41,-4,19,1
09/04/2002 01:47:00,247,0,44,-4,20,1
09/04/2002 01:48:00,247,0,45,-5,21,1
09/04/2002 01:49:00,247,0,34,-3,23,1
09/04/2002 01:50:00,247,0,28,-2,23,1
09/04/2002 01:51:00,247,0,26,-2,19,1
09/04/2002 01:52:00,247,0,36,-3,15,1
09/04/2002 01:53:00,247,0,47,-5,13,1
09/04/2002 01:54:00,247,0,50,-6,13,1
09/04/2002 01:55:00,247,0,44,-5,14,1
09/04/2002 01:56:00,247,0,36,-4,16,1
09/04/2002 01:57:00,247,0,32,-3,16,1
09/04/2002 01:58:00,247,0,31,-2,16,1
09/04/2002 01:59:00,247,0,28,-1,18,1
09/04/2002 02:00:00,247,0,22,0,20,1
09/04/2002 02:01:00,247,0,18,1,21,1
09/04/2002 02:02:00,247,0,20,1,24,1
09/04/2002 02:03:00,247,0,18,1,26,1
09/04/2002 02:04:00,247,0,18,2,29,1
09/04/2002 02:05:00,247,0,18,2,30,1
09/04/2002 02:06:00,247,0,18,3,32,1
09/04/2002 02:07:00,247,0,19,3,33,1
09/04/2002 02:08:00,247,0,19,3,34,1
09/04/2002 02:09:00,247,0,19,3,33,1
09/04/2002 02:10:00,247,0,17,3,32,1
09/04/2002 02:11:00,247,0,16,3,30,1
09/04/2002 02:12:00,247,0,14,2,28,1
09/04/2002 02:13:00,247,0,15,2,26,1
09/04/2002 02:14:00,247,0,16,2,25,1
09/04/2002 02:15:00,247,0,17,1,24,1
09/04/2002 02:16:00,247,0,18,1,23,1
09/04/2002 02:17:00,247,0,19,2,22,1
09/04/2002 02:18:00,247,0,20,1,21,1
09/04/2002 02:19:00,247,0,20,1,20,1
09/04/2002 02:20:00,247,0,22,1,19,1
09/04/2002 02:21:00,247,0,24,1,18,1
09/04/2002 02:22:00,247,0,25,1,17,1
09/04/2002 02:23:00,247,0,26,1,16,1
09/04/2002 02:24:00,247,0,27,1,15,1
09/04/2002 02:25:00,247,0,29,0,13,1
09/04/2002 02:26:00,247,0,30,0,12,1
09/04/2002 02:27:00,247,0,30,0,11,1
09/04/2002 02:28:00,247,0,30,0,9,1
09/04/2002 02:29:00,247,0,31,0,7,1
09/04/2002 02:30:00,247,0,31,0,4,1
09/04/2002 02:31:00,247,0,33,-1,1,1
09/04/2002 02:32:00,247,5.765580533,33,-1,0,1
09/04/2002 02:33:00,247,5.734466345,34,-1,-2,1
09/04/2002 02:34:00,247,5.703352157,32,-1,-3,1
09/04/2002 02:35:00,247,5.67223797,31,-1,-4,1
09/04/2002 02:36:00,247,5.641123782,31,-1,-6,1
09/04/2002 02:37:00,247,5.610009594,30,-1,-7,1
09/04/2002 02:38:00,247,5.580809226,31,-1,-7,1
09/04/2002 02:39:00,247,5.551608857,30,0,-7,1
09/04/2002 02:40:00,247,5.522408488,30,0,-7,1
09/04/2002 02:41:00,247,5.49320812,29,1,-7,1
09/04/2002 02:42:00,247,5.464007751,30,0,-7,1
09/04/2002 02:43:00,247,5.426656083,30,1,-7,1
09/04/2002 02:44:00,247,5.389304415,31,1,-6,1
09/04/2002 02:45:00,247,5.351952747,35,2,-6,1
09/04/2002 02:46:00,247,5.314601079,37,2,-6,1
09/04/2002 02:47:00,247,5.277249411,40,2,-7,1
09/04/2002 02:48:00,247,5.127975087,41,3,-7,1
09/04/2002 02:49:00,247,4.978700763,42,2,-8,1
09/04/2002 02:50:00,247,4.829426439,44,3,-9,1
09/04/2002 02:51:00,247,4.680152115,46,3,-10,1
09/04/2002 02:52:00,247,4.530877791,47,3,-12,1
09/04/2002 02:53:00,247,4.474201602,47,2,-14,1
09/04/2002 02:54:00,247,4.417525413,47,2,-16,1
09/04/2002 02:55:00,247,4.360849224,47,2,-18,1
09/04/2002 02:56:00,247,4.304173035,44,1,-20,1
09/04/2002 02:57:00,247,4.247496846,44,1,-22,1
09/04/2002 02:58:00,247,4.269162642,41,1,-24,1
09/04/2002 02:59:00,247,4.290828438,42,1,-25,1
09/04/2002 03:00:00,247,4.312494234,41,0,-26,1
09/04/2002 03:01:00,247,4.33416003,42,1,-27,1
09/04/2002 03:02:00,247,4.355825826,42,0,-28,1
09/04/2002 03:03:00,247,4.433549302,42,0,-29,1
09/04/2002 03:04:00,247,4.511272778,41,0,-30,1
09/04/2002 03:05:00,247,4.588996255,42,0,-32,1
09/04/2002 03:06:00,247,4.666719731,41,0,-34,1
09/04/2002 03:07:00,247,4.744443207,41,0,-36,1
09/04/2002 03:08:00,247,4.82503606,40,-1,-37,1
09/04/2002 03:09:00,247,4.905628914,41,-1,-37,1
09/04/2002 03:10:00,247,4.986221767,40,0,-38,1
09/04/2002 03:11:00,247,5.06681462,40,0,-39,1
09/04/2002 03:12:00,247,5.147407474,41,0,-40,1
09/04/2002 03:13:00,247,5.206505578,42,1,-41,1
09/04/2002 03:14:00,247,5.265603683,43,0,-42,1
09/04/2002 03:15:00,247,5.324701787,44,1,-43,1
09/04/2002 03:16:00,247,5.383799892,46,1,-44,1
09/04/2002 03:17:00,247,5.442897996,47,2,-44,1
09/04/2002 03:18:00,247,5.510801944,49,2,-46,1
09/04/2002 03:19:00,247,5.578705892,52,2,-47,1
09/04/2002 03:20:00,247,5.64660984,54,2,-47,1
09/04/2002 03:21:00,247,5.714513788,55,2,-48,1
09/04/2002 03:22:00,247,5.782417736,56,3,-49,1
09/04/2002 03:23:00,247,5.911486192,58,3,-49,1
09/04/2002 03:24:00,247,6.040554648,60,3,-50,1
09/04/2002 03:25:00,247,6.169623103,62,3,-51,1
09/04/2002 03:26:00,247,6.298691559,63,3,-53,1
09/04/2002 03:27:00,247,6.427760015,64,2,-54,1
09/04/2002 03:28:00,247,6.430581981,66,2,-56,1
09/04/2002 03:29:00,247,6.433403948,67,2,-57,1
09/04/2002 03:30:00,247,6.436225915,68,2,-57,1
09/04/2002 03:31:00,247,6.439047882,69,2,-57,1
09/04/2002 03:32:00,247,6.441869849,70,3,-58,1
09/04/2002 03:33:00,247,6.505333926,71,3,-58,1
09/04/2002 03:34:00,247,6.568798002,71,3,-59,1
09/04/2002 03:35:00,247,6.632262079,71,3,-59,1
09/04/2002 03:36:00,247,6.695726156,72,2,-60,1
09/04/2002 03:37:00,247,6.759190232,72,3,-60,1
09/04/2002 03:38:00,247,6.733360632,73,3,-61,1
09/04/2002 03:39:00,247,6.707531032,72,3,-61,1
09/04/2002 03:40:00,247,6.681701432,74,3,-61,1
09/04/2002 03:41:00,247,6.655871831,75,4,-61,1
09/04/2002 03:42:00,247,6.630042231,74,4,-62,1
09/04/2002 03:43:00,247,6.620237016,74,5,-63,1
09/04/2002 03:44:00,247,6.610431801,71,5,-63,1
09/04/2002 03:45:00,247,6.600626586,70,5,-63,1
09/04/2002 03:46:00,247,6.590821371,68,5,-63,1
09/04/2002 03:47:00,247,6.581016156,66,5,-63,1
09/04/2002 03:48:00,247,6.540446009,65,6,-63,1
09/04/2002 03:49:00,247,6.499875862,64,6,-63,1
09/04/2002 03:50:00,247,6.459305714,64,6,-63,1
09/04/2002 03:51:00,247,6.418735567,65,7,-63,1
09/04/2002 03:52:00,247,6.37816542,66,6,-64,1
09/04/2002 03:53:00,247,6.365399729,66,6,-65,1
09/04/2002 03:54:00,247,6.352634038,68,6,-65,1
09/04/2002 03:55:00,247,6.339868347,71,7,-66,1
09/04/2002 03:56:00,247,6.327102656,71,7,-67,1
09/04/2002 03:57:00,247,6.314336965,73,7,-67,1
09/04/2002 03:58:00,247,6.253631398,76,7,-68,1
09/04/2002 03:59:00,247,6.192925831,78,7,-68,1
09/04/2002 04:00:00,247,6.132220265,79,8,-68,1
09/04/2002 04:01:00,247,6.071514698,81,8,-68,1
09/04/2002 04:02:00,247,6.010809131,81,8,-69,1
09/04/2002 04:03:00,247,5.974254345,82,8,-69,1
09/04/2002 04:04:00,247,5.937699558,83,9,-69,1
09/04/2002 04:05:00,247,5.901144771,84,8,-70,1
09/04/2002 04:06:00,247,5.864589985,85,8,-71,1
09/04/2002 04:07:00,247,5.828035198,85,8,-73,1
09/04/2002 04:08:00,247,5.68178034,86,8,-73,1
09/04/2002 04:09:00,247,5.535525481,88,7,-75,1
09/04/2002 04:10:00,247,5.389270623,91,7,-77,1
09/04/2002 04:11:00,247,5.243015764,93,6,-80,1
09/04/2002 04:12:00,247,5.096760906,95,6,-83,1
09/04/2002 04:13:00,247,5.00349197,98,6,-85,1
09/04/2002 04:14:00,247,4.910223034,101,6,-87,1
09/04/2002 04:15:00,247,4.816954098,103,6,-88,1
09/04/2002 04:16:00,247,4.723685163,104,6,-90,1
09/04/2002 04:17:00,247,4.630416227,103,6,-92,1
09/04/2002 04:18:00,247,4.515395847,104,6,-94,1
09/04/2002 04:19:00,247,4.400375468,104,6,-96,1
09/04/2002 04:20:00,247,4.285355088,103,6,-98,1
09/04/2002 04:21:00,247,4.170334709,102,7,-99,1
09/04/2002 04:22:00,247,4.055314329,101,7,-99,1
09/04/2002 04:23:00,247,4.005713984,100,7,-99,1
09/04/2002 04:24:00,247,3.956113639,99,7,-100,1
09/04/2002 04:25:00,247,3.906513294,100,7,-101,1
09/04/2002 04:26:00,247,3.856912949,102,8,-101,1
09/04/2002 04:27:00,247,3.807312603,101,8,-101,1
09/04/2002 04:28:00,247,3.741896624,100,8,-100,1
09/04/2002 04:29:00,247,3.676480645,100,8,-99,1
09/04/2002 04:30:00,247,3.611064665,99,8,-100,1
09/04/2002 04:31:00,247,3.545648686,99,8,-100,1
09/04/2002 04:32:00,247,3.480232707,99,7,-100,1
09/04/2002 04:33:00,247,3.395472521,97,7,-99,1
09/04/2002 04:34:00,247,3.310712334,96,6,-99,1
09/04/2002 04:35:00,247,3.225952148,94,6,-99,1
09/04/2002 04:36:00,247,3.141191961,92,6,-98,1
09/04/2002 04:37:00,247,3.056431775,92,5,-98,1
09/04/2002 04:38:00,247,3.018549411,91,4,-98,1
09/04/2002 04:39:00,247,2.980667046,90,4,-99,1
09/04/2002 04:40:00,247,2.942784682,88,3,-99,1
09/04/2002 04:41:00,247,2.904902317,86,3,-99,1
09/04/2002 04:42:00,247,2.867019952,84,3,-99,1
09/04/2002 04:43:00,247,2.807675243,82,3,-99,1
09/04/2002 04:44:00,247,2.748330534,81,3,-100,1
09/04/2002 04:45:00,247,2.688985824,80,3,-99,1
09/04/2002 04:46:00,247,2.629641115,79,3,-99,1
09/04/2002 04:47:00,247,2.570296406,79,3,-98,1
09/04/2002 04:48:00,247,2.576168299,77,3,-98,1
09/04/2002 04:49:00,247,2.582040193,76,3,-99,1
09/04/2002 04:50:00,247,2.587912087,76,3,-99,1
09/04/2002 04:51:00,247,2.59378398,73,2,-99,1
09/04/2002 04:52:00,247,2.599655874,72,2,-99,1
09/04/2002 04:53:00,247,2.633633837,71,3,-99,1
09/04/2002 04:54:00,247,2.6676118,71,3,-99,1
09/04/2002 04:55:00,247,2.701589764,71,3,-100,1
09/04/2002 04:56:00,247,2.735567727,71,3,-99,1
09/04/2002 04:57:00,247,2.76954569,72,3,-99,1
09/04/2002 04:58:00,247,2.812223017,72,3,-99,1
09/04/2002 04:59:00,247,2.854900343,73,3,-100,1
09/04/2002 05:00:00,247,2.897577669,75,4,-99,1
09/04/2002 05:01:00,247,2.940254996,77,4,-96,1
09/04/2002 05:02:00,247,2.982932322,79,4,-93,1
09/04/2002 05:03:00,247,3.079628998,80,4,-93,1
09/04/2002 05:04:00,247,3.176325673,80,4,-93,1
09/04/2002 05:05:00,247,3.273022349,81,4,-93,1
09/04/2002 05:06:00,247,3.369719024,81,4,-92,1
09/04/2002 05:07:00,247,3.466415699,82,4,-92,1
09/04/2002 05:08:00,247,3.435895258,82,4,-93,1
09/04/2002 05:09:00,247,3.405374816,81,3,-94,1
09/04/2002 05:10:00,247,3.374854374,79,3,-96,1
09/04/2002 05:11:00,247,3.344333933,78,3,-97,1
09/04/2002 05:12:00,247,3.313813491,77,3,-99,1
09/04/2002 05:13:00,247,3.337026875,76,4,-101,1
09/04/2002 05:14:00,247,3.360240259,74,4,-102,1
09/04/2002 05:15:00,247,3.383453643,73,4,-104,1
09/04/2002 05:16:00,247,3.406667027,74,5,-105,1
09/04/2002 05:17:00,247,3.429880411,73,5,-106,1
09/04/2002 05:18:00,247,3.446183415,73,5,-106,1
09/04/2002 05:19:00,247,3.462486419,73,5,-107,1
09/04/2002 05:20:00,247,3.478789423,73,6,-108,1
09/04/2002 05:21:00,247,3.495092426,72,6,-108,1
09/04/2002 05:22:00,247,3.51139543,73,7,-109,1
09/04/2002 05:23:00,247,3.500768786,73,7,-108,1
09/04/2002 05:24:00,247,3.490142143,77,9,-107,1
09/04/2002 05:25:00,247,3.479515499,88,10,-106,1
09/04/2002 05:26:00,247,3.468888855,94,12,-105,1
09/04/2002 05:27:00,247,3.458262211,99,13,-105,1
09/04/2002 05:28:00,247,3.482236597,106,14,-104,1
09/04/2002 05:29:00,247,3.506210982,112,15,-103,1
09/04/2002 05:30:00,247,3.530185367,118,15,-102,1
09/04/2002 05:31:00,247,3.554159752,118,14,-100,1
09/04/2002 05:32:00,247,3.578134137,115,13,-98,1
09/04/2002 05:33:00,247,3.63074972,110,11,-97,1
09/04/2002 05:34:00,247,3.683365302,106,10,-95,1
09/04/2002 05:35:00,247,3.735980885,104,8,-93,1
09/04/2002 05:36:00,247,3.788596468,102,7,-91,1
09/04/2002 05:37:00,247,3.84121205,102,6,-89,1
09/04/2002 05:38:00,247,3.787024736,102,6,-88,1
09/04/2002 05:39:00,247,3.732837422,101,5,-87,1
09/04/2002 05:40:00,247,3.678650108,101,4,-86,1
09/04/2002 05:41:00,247,3.624462794,102,4,-84,1
09/04/2002 05:42:00,247,3.57027548,106,4,-83,1
09/04/2002 05:43:00,247,3.510747818,108,4,-82,1
09/04/2002 05:44:00,247,3.451220156,111,5,-82,1
09/04/2002 05:45:00,247,3.391692494,112,5,-82,1
09/04/2002 05:46:00,247,3.332164832,112,5,-82,1
09/04/2002 05:47:00,247,3.27263717,110,6,-82,1
09/04/2002 05:48:00,247,3.206736587,105,6,-83,1
09/04/2002 05:49:00,247,3.140836005,99,6,-84,1
09/04/2002 05:50:00,247,3.074935422,92,6,-86,1
09/04/2002 05:51:00,247,3.00903484,85,6,-87,1
09/04/2002 05:52:00,247,2.943134257,82,6,-88,1
09/04/2002 05:53:00,247,2.887322653,80,6,-89,1
09/04/2002 05:54:00,247,2.831511049,75,6,-91,1
09/04/2002 05:55:00,247,2.775699445,71,6,-91,1
09/04/2002 05:56:00,247,2.719887841,69,6,-92,1
09/04/2002 05:57:00,247,2.664076237,68,6,-93,1
09/04/2002 05:58:00,247,2.7068505,66,6,-94,1
09/04/2002 05:59:00,247,2.749624763,65,7,-95,1
09/04/2002 06:00:00,247,2.792399026,65,7,-96,1
09/04/2002 06:01:00,247,2.835173289,63,7,-97,1
09/04/2002 06:02:00,247,2.877947552,64,8,-98,1
09/04/2002 06:03:00,247,2.884211292,63,8,-99,1
09/04/2002 06:04:00,247,2.890475033,63,9,-98,1
09/04/2002 06:05:00,247,2.896738773,63,9,-99,1
09/04/2002 06:06:00,247,2.903002514,62,9,-99,1
09/04/2002 06:07:00,247,2.909266254,62,10,-99,1
09/04/2002 06:08:00,247,2.98613294,62,10,-100,1
09/04/2002 06:09:00,247,3.062999625,62,10,-101,1
09/04/2002 06:10:00,247,3.13986631,63,10,-101,1
09/04/2002 06:11:00,247,3.216732995,63,11,-102,1
09/04/2002 06:12:00,247,3.293599681,63,11,-102,1
09/04/2002 06:13:00,247,3.272397672,63,11,-103,1
09/04/2002 06:14:00,247,3.251195664,62,11,-103,1
09/04/2002 06:15:00,247,3.229993655,62,11,-103,1
09/04/2002 06:16:00,247,3.208791647,61,11,-103,1
09/04/2002 06:17:00,247,3.187589638,61,11,-103,1
09/04/2002 06:18:00,247,3.184349557,63,11,-102,1
09/04/2002 06:19:00,247,3.181109476,63,11,-101,1
09/04/2002 06:20:00,247,3.177869394,64,11,-101,1
09/04/2002 06:21:00,247,3.174629313,66,11,-100,1
09/04/2002 06:22:00,247,3.171389232,67,11,-99,1
09/04/2002 06:23:00,247,3.189456382,69,11,-99,1
09/04/2002 06:24:00,247,3.207523532,70,11,-98,1
09/04/2002 06:25:00,247,3.225590683,69,11,-98,1
09/04/2002 06:26:00,247,3.243657833,71,11,-96,1
09/04/2002 06:27:00,247,3.261724984,72,11,-95,1
09/04/2002 06:28:00,247,3.255775911,73,10,-94,1
09/04/2002 06:29:00,247,3.249826839,73,10,-93,1
09/04/2002 06:30:00,247,3.243877766,76,10,-91,1
09/04/2002 06:31:00,247,3.237928693,78,9,-89,1
09/04/2002 06:32:00,247,3.231979621,79,9,-89,1
09/04/2002 06:33:00,247,3.26649193,79,8,-88,1
09/04/2002 06:34:00,247,3.301004239,79,7,-87,1
09/04/2002 06:35:00,247,3.335516547,79,7,-87,1
09/04/2002 06:36:00,247,3.370028856,79,7,-87,1
09/04/2002 06:37:00,247,3.404541165,79,7,-87,1
09/04/2002 06:38:00,247,3.432872023,78,7,-88,1
09/04/2002 06:39:00,247,3.46120288,77,7,-88,1
09/04/2002 06:40:00,247,3.489533737,77,8,-88,1
09/04/2002 06:41:00,247,3.517864595,76,8,-89,1
09/04/2002 06:42:00,247,3.546195452,76,8,-89,1
09/04/2002 06:43:00,247,3.54364315,76,8,-89,1
09/04/2002 06:44:00,247,3.541090848,78,8,-89,1
09/04/2002 06:45:00,247,3.538538545,79,9,-90,1
09/04/2002 06:46:00,247,3.535986243,80,9,-90,1
09/04/2002 06:47:00,247,3.533433941,80,9,-90,1
09/04/2002 06:48:00,247,3.5923224,80,9,-89,1
09/04/2002 06:49:00,247,3.651210858,79,8,-89,1
09/04/2002 06:50:00,247,3.710099317,78,8,-90,1
09/04/2002 06:51:00,247,3.768987776,78,9,-90,1
09/04/2002 06:52:00,247,3.827876235,79,9,-89,1
09/04/2002 06:53:00,247,3.80757302,81,9,-88,1
09/04/2002 06:54:00,247,3.787269805,82,8,-88,1
09/04/2002 06:55:00,247,3.76696659,81,9,-88,1
09/04/2002 06:56:00,247,3.746663375,80,8,-88,1
09/04/2002 06:57:00,247,3.72636016,79,8,-89,1
09/04/2002 06:58:00,247,3.716421192,79,8,-89,1
09/04/2002 06:59:00,247,3.706482224,79,8,-89,1
09/04/2002 07:00:00,247,3.696543256,81,8,-90,1
09/04/2002 07:01:00,247,3.686604287,81,8,-89,1
09/04/2002 07:02:00,247,3.676665319,84,8,-89,1
09/04/2002 07:03:00,247,3.605529953,89,9,-88,1
09/04/2002 07:04:00,247,3.534394588,96,10,-87,1
09/04/2002 07:05:00,247,3.463259222,105,10,-86,1
09/04/2002 07:06:00,247,3.392123856,109,11,-86,1
09/04/2002 07:07:00,247,3.32098849,111,11,-86,1
09/04/2002 07:08:00,247,3.318868489,112,11,-85,1
09/04/2002 07:09:00,247,3.316748488,113,12,-85,1
09/04/2002 07:10:00,247,3.314628486,114,12,-86,1
09/04/2002 07:11:00,247,3.312508485,116,13,-85,1
09/04/2002 07:12:00,247,3.310388484,116,13,-85,1
09/04/2002 07:13:00,247,3.346900151,116,14,-86,1
09/04/2002 07:14:00,247,3.383411818,116,14,-85,1
09/04/2002 07:15:00,247,3.419923486,117,14,-85,1
09/04/2002 07:16:00,247,3.456435153,119,15,-85,1
09/04/2002 07:17:00,247,3.49294682,120,15,-86,1
09/04/2002 07:18:00,247,3.404178118,120,15,-87,1
09/04/2002 07:19:00,247,3.315409415,119,16,-88,1
09/04/2002 07:20:00,247,3.226640712,119,16,-88,1
09/04/2002 07:21:00,247,3.137872009,115,16,-88,1
09/04/2002 07:22:00,247,3.049103306,113,16,-88,1
09/04/2002 07:23:00,247,3.033140661,110,16,-88,1
09/04/2002 07:24:00,247,3.017178017,108,16,-88,1
09/04/2002 07:25:00,247,3.001215372,106,16,-89,1
09/04/2002 07:26:00,247,2.985252728,105,17,-90,1
09/04/2002 07:27:00,247,2.969290083,102,17,-90,1
09/04/2002 07:28:00,247,2.905939423,101,17,-90,1
09/04/2002 07:29:00,247,2.842588762,102,17,-89,1
09/04/2002 07:30:00,247,2.779238101,103,16,-88,1
09/04/2002 07:31:00,247,2.71588744,102,16,-87,1
09/04/2002 07:32:00,247,2.652536779,101,15,-87,1
09/04/2002 07:33:00,247,2.621478138,101,15,-86,1
09/04/2002 07:34:00,247,2.590419497,99,15,-86,1
09/04/2002 07:35:00,247,2.559360855,99,14,-85,1
09/04/2002 07:36:00,247,2.528302214,98,14,-85,1
09/04/2002 07:37:00,247,2.497243573,97,14,-85,1
09/04/2002 07:38:00,247,2.435286976,96,14,-85,1
09/04/2002 07:39:00,247,2.373330379,94,14,-85,1
09/04/2002 07:40:00,247,2.311373782,93,13,-85,1
09/04/2002 07:41:00,247,2.249417185,92,13,-85,1
09/04/2002 07:42:00,247,2.187460589,87,13,-85,1
09/04/2002 07:43:00,247,2.134556697,85,13,-85,1
09/04/2002 07:44:00,247,2.081652805,83,13,-85,1
09/04/2002 07:45:00,247,2.028748913,81,13,-84,1
09/04/2002 07:46:00,247,1.975845022,78,12,-84,1
09/04/2002 07:47:00,247,1.92294113,74,12,-84,1
09/04/2002 07:48:00,247,1.902828013,72,11,-83,1
09/04/2002 07:49:00,247,1.882714896,71,11,-82,1
09/04/2002 07:50:00,247,1.862601779,72,10,-81,1
09/04/2002 07:51:00,247,1.842488662,74,10,-80,1
09/04/2002 07:52:00,247,1.822375545,76,10,-79,1
09/04/2002 07:53:00,247,1.830052398,77,10,-77,1
09/04/2002 07:54:00,247,1.837729252,78,9,-77,1
09/04/2002 07:55:00,247,1.845406105,79,9,-76,1
09/04/2002 07:56:00,247,1.853082958,79,9,-76,1
09/04/2002 07:57:00,247,1.860759812,79,9,-77,1
09/04/2002 07:58:00,247,1.79427283,79,10,-77,1
09/04/2002 07:59:00,247,1.727785849,78,10,-77,1
09/04/2002 08:00:00,247,1.661298867,77,10,-77,1
09/04/2002 08:01:00,247,1.594811886,77,10,-78,1
09/04/2002 08:02:00,247,1.528324905,76,10,-79,1
09/04/2002 08:03:00,247,1.515937671,76,11,-80,1
09/04/2002 08:04:00,247,1.503550438,76,11,-80,1
09/04/2002 08:05:00,247,1.491163204,76,11,-81,1
09/04/2002 08:06:00,247,1.478775971,76,12,-82,1
09/04/2002 08:07:00,247,1.466388738,75,12,-83,1
09/04/2002 08:08:00,247,1.448270739,76,12,-84,1
09/04/2002 08:09:00,247,1.43015274,76,12,-84,1
09/04/2002 08:10:00,247,1.412034741,76,12,-84,1
09/04/2002 08:11:00,247,1.393916742,75,13,-84,1
09/04/2002 08:12:00,247,1.375798744,75,13,-85,1
09/04/2002 08:13:00,247,1.363979754,74,13,-85,1
09/04/2002 08:14:00,247,1.352160764,73,13,-86,1
09/04/2002 08:15:00,247,1.340341775,73,13,-86,1
09/04/2002 08:16:00,247,1.328522785,74,13,-85,1
09/04/2002 08:17:00,247,1.316703795,72,13,-86,1
09/04/2002 08:18:00,247,1.328998614,72,13,-85,1
09/04/2002 08:19:00,247,1.341293433,71,13,-86,1
09/04/2002 08:20:00,247,1.353588252,68,13,-86,1
09/04/2002 08:21:00,247,1.365883071,65,13,-87,1
09/04/2002 08:22:00,247,1.37817789,64,13,-88,1
09/04/2002 08:23:00,247,1.362274021,63,13,-89,1
09/04/2002 08:24:00,247,1.346370153,62,13,-89,1
09/04/2002 08:25:00,247,1.330466284,61,13,-88,1
09/04/2002 08:26:00,247,1.314562415,61,13,-88,1
09/04/2002 08:27:00,247,1.298658547,58,13,-88,1
09/04/2002 08:28:00,247,1.288872815,56,12,-89,1
09/04/2002 08:29:00,247,1.279087082,55,12,-89,1
09/04/2002 08:30:00,247,1.26930135,54,12,-88,1
09/04/2002 08:31:00,247,1.259515618,53,11,-87,1
09/04/2002 08:32:00,247,1.249729886,52,10,-85,1
09/04/2002 08:33:00,247,1.199918219,51,9,-84,1
09/04/2002 08:34:00,247,1.150106553,51,9,-82,1
09/04/2002 08:35:00,247,1.100294886,51,8,-81,1
09/04/2002 08:36:00,247,1.05048322,50,7,-80,1
09/04/2002 08:37:00,247,1.000671553,50,7,-79,1
09/04/2002 08:38:00,247,0.996587755,53,7,-79,1
09/04/2002 08:39:00,247,0.992503956,54,7,-79,1
09/04/2002 08:40:00,247,0.988420157,55,7,-79,1
09/04/2002 08:41:00,247,0.984336359,56,7,-78,1
09/04/2002 08:42:00,247,0.98025256,57,7,-77,1
09/04/2002 08:43:00,247,0.973583321,57,7,-77,1
09/04/2002 08:44:00,247,0.966914082,58,7,-77,1
09/04/2002 08:45:00,247,0.960244844,58,7,-77,1
09/04/2002 08:46:00,247,0.953575605,59,7,-77,1
09/04/2002 08:47:00,247,0.946906366,58,7,-77,1
09/04/2002 08:48:00,247,0.903292034,60,7,-78,1
09/04/2002 08:49:00,247,0.859677702,61,7,-78,1
09/04/2002 08:50:00,247,0.81606337,62,7,-78,1
09/04/2002 08:51:00,247,0.772449039,64,7,-78,1
09/04/2002 08:52:00,247,0.728834707,65,8,-79,1
09/04/2002 08:53:00,247,0.709781415,63,8,-79,1
09/04/2002 08:54:00,247,0.690728124,64,8,-79,1
09/04/2002 08:55:00,247,0.671674833,65,9,-80,1
09/04/2002 08:56:00,247,0.652621541,65,9,-81,1
09/04/2002 08:57:00,247,0.63356825,66,9,-81,1
09/04/2002 08:58:00,247,0.629116387,67,9,-81,1
09/04/2002 08:59:00,247,0.624664524,67,9,-81,1
09/04/2002 09:00:00,247,0.620212661,66,9,-81,1
09/04/2002 09:01:00,247,0.615760798,65,9,-82,1
09/04/2002 09:02:00,247,0.611308935,65,9,-82,1
09/04/2002 09:03:00,247,0.59460853,64,9,-82,1
09/04/2002 09:04:00,247,0.577908125,63,9,-82,1
09/04/2002 09:05:00,247,0.561207721,61,9,-82,1
09/04/2002 09:06:00,247,0.544507316,61,9,-82,1
09/04/2002 09:07:00,247,0.527806911,60,9,-82,1
09/04/2002 09:08:00,247,0.500162958,58,9,-81,1
09/04/2002 09:09:00,247,0.472519005,59,8,-81,1
09/04/2002 09:10:00,247,0.444875052,58,8,-81,1
09/04/2002 09:11:00,247,0.417231099,57,8,-81,1
09/04/2002 09:12:00,247,0.389587146,54,7,-81,1
09/04/2002 09:13:00,247,0.399637807,54,8,-81,1
09/04/2002 09:14:00,247,0.409688467,53,7,-80,1
09/04/2002 09:15:00,247,0.419739128,52,7,-81,1
09/04/2002 09:16:00,247,0.429789789,51,7,-81,1
09/04/2002 09:17:00,247,0.43984045,50,7,-81,1
09/04/2002 09:18:00,247,0.517187499,50,7,-82,1
09/04/2002 09:19:00,247,0.594534547,49,7,-82,1
09/04/2002 09:20:00,247,0.671881596,47,7,-83,1
09/04/2002 09:21:00,247,0.749228645,47,7,-82,1
09/04/2002 09:22:00,247,0.826575694,45,7,-83,1
09/04/2002 09:23:00,247,0.808317453,44,7,-82,1
09/04/2002 09:24:00,247,0.790059212,44,7,-83,1
09/04/2002 09:25:00,247,0.771800972,44,7,-83,1
09/04/2002 09:26:00,247,0.753542731,47,7,-83,1
09/04/2002 09:27:00,247,0.73528449,51,7,-84,1
09/04/2002 09:28:00,247,0.758930025,53,7,-85,1
09/04/2002 09:29:00,247,0.782575559,55,7,-85,1
09/04/2002 09:30:00,247,0.806221093,58,7,-86,1
09/04/2002 09:31:00,247,0.829866628,60,8,-87,1
09/04/2002 09:32:00,247,0.853512162,63,8,-87,1
09/04/2002 09:33:00,247,0.893641042,65,9,-87,1
09/04/2002 09:34:00,247,0.933769921,66,9,-87,1
09/04/2002 09:35:00,247,0.973898801,67,9,-87,1
09/04/2002 09:36:00,247,1.01402768,71,9,-86,1
09/04/2002 09:37:00,247,1.05415656,76,10,-86,1
09/04/2002 09:38:00,247,1.070719546,76,10,-84,1
09/04/2002 09:39:00,247,1.087282532,80,10,-83,1
09/04/2002 09:40:00,247,1.103845518,82,10,-82,1
09/04/2002 09:41:00,247,1.120408504,81,10,-81,1
09/04/2002 09:42:00,247,1.13697149,82,10,-81,1
09/04/2002 09:43:00,247,1.11764976,82,10,-80,1
09/04/2002 09:44:00,247,1.098328029,82,11,-79,1
09/04/2002 09:45:00,247,1.079006299,80,11,-79,1
09/04/2002 09:46:00,247,1.059684568,81,11,-78,1
09/04/2002 09:47:00,247,1.040362838,82,11,-77,1
09/04/2002 09:48:00,247,1.005858461,83,11,-77,1
09/04/2002 09:49:00,247,0.971354084,80,11,-76,1
09/04/2002 09:50:00,247,0.936849707,79,11,-77,1
09/04/2002 09:51:00,247,0.90234533,79,11,-78,1
09/04/2002 09:52:00,247,0.867840954,82,11,-78,1
09/04/2002 09:53:00,247,0.867450124,87,12,-80,1
09/04/2002 09:54:00,247,0.867059294,91,12,-81,1
09/04/2002 09:55:00,247,0.866668464,94,12,-82,1
09/04/2002 09:56:00,247,0.866277634,98,13,-83,1
09/04/2002 09:57:00,247,0.865886804,100,13,-83,1
09/04/2002 09:58:00,247,0.857531199,103,13,-83,1
09/04/2002 09:59:00,247,0.849175594,106,14,-84,1
09/04/2002 10:00:00,247,0.840819989,109,14,-84,1
09/04/2002 10:01:00,247,0.832464383,110,14,-85,1
09/04/2002 10:02:00,247,0.824108778,111,14,-85,1
09/04/2002 10:03:00,247,0.776656487,112,14,-85,1
09/04/2002 10:04:00,247,0.729204195,111,14,-85,1
09/04/2002 10:05:00,247,0.681751903,110,14,-85,1
09/04/2002 10:06:00,247,0.634299612,108,14,-85,1
09/04/2002 10:07:00,247,0.58684732,105,14,-85,1
09/04/2002 10:08:00,247,0.581944615,102,14,-85,1
09/04/2002 10:09:00,247,0.577041909,100,13,-85,1
09/04/2002 10:10:00,247,0.572139203,99,13,-85,1
09/04/2002 10:11:00,247,0.567236498,100,13,-86,1
09/04/2002 10:12:00,247,0.562333792,101,13,-86,1
09/04/2002 10:13:00,247,0.553732805,103,13,-86,1
09/04/2002 10:14:00,247,0.545131818,102,13,-85,1
09/04/2002 10:15:00,247,0.536530831,102,12,-85,1
09/04/2002 10:16:00,247,0.527929843,101,12,-86,1
09/04/2002 10:17:00,247,0.519328856,100,12,-86,1
09/04/2002 10:18:00,247,0.511262124,102,12,-86,1
09/04/2002 10:19:00,247,0.503195391,99,12,-86,1
09/04/2002 10:20:00,247,0.495128659,99,12,-86,1
09/04/2002 10:21:00,247,0.487061927,97,12,-87,1
09/04/2002 10:22:00,247,0.478995194,100,12,-87,1
09/04/2002 10:23:00,247,0.450894401,99,12,-87,1
09/04/2002 10:24:00,247,0.422793608,98,11,-87,1
09/04/2002 10:25:00,247,0.394692814,99,12,-88,1
09/04/2002 10:26:00,247,0.366592021,99,12,-87,1
09/04/2002 10:27:00,247,0.338491228,99,12,-88,1
09/04/2002 10:28:00,247,0.296114593,100,12,-88,1
09/04/2002 10:29:00,247,0.253737958,98,12,-88,1
09/04/2002 10:30:00,247,0.211361323,97,12,-88,1
09/04/2002 10:31:00,247,0.168984688,95,12,-88,1
09/04/2002 10:32:00,247,0.126608053,95,12,-88,1
09/04/2002 10:33:00,247,0.099395775,94,12,-88,1
09/04/2002 10:34:00,247,0.072183498,94,11,-87,1
09/04/2002 10:35:00,247,0.044971221,93,11,-87,1
09/04/2002 10:36:00,247,0.017758944,92,11,-86,1
09/04/2002 10:37:00,247,-0.009453333,91,11,-86,1
09/04/2002 10:38:00,247,-0.04805481,89,10,-86,1
09/04/2002 10:39:00,247,-0.086656287,87,10,-85,1
09/04/2002 10:40:00,247,-0.125257765,87,10,-85,1
09/04/2002 10:41:00,247,-0.163859242,87,10,-85,1
09/04/2002 10:42:00,247,-0.202460719,86,10,-85,1
09/04/2002 10:43:00,247,-0.201209311,85,10,-84,1
09/04/2002 10:44:00,247,-0.199957904,87,10,-84,1
09/04/2002 10:45:00,247,-0.198706496,88,11,-84,1
09/04/2002 10:46:00,247,-0.197455089,87,10,-85,1
09/04/2002 10:47:00,247,-0.196203681,87,10,-85,1
09/04/2002 10:48:00,247,-0.210639774,86,10,-84,1
09/04/2002 10:49:00,247,-0.225075867,86,10,-84,1
09/04/2002 10:50:00,247,-0.23951196,87,10,-84,1
09/04/2002 10:51:00,247,-0.253948053,87,10,-84,1
09/04/2002 10:52:00,247,-0.268384146,88,10,-84,1
09/04/2002 10:53:00,247,-0.279463465,87,10,-84,1
09/04/2002 10:54:00,247,-0.290542783,87,10,-84,1
09/04/2002 10:55:00,247,-0.301622102,86,10,-84,1
09/04/2002 10:56:00,247,-0.312701421,87,10,-84,1
09/04/2002 10:57:00,247,-0.323780739,87,10,-84,1
09/04/2002 10:58:00,247,-0.358479734,88,10,-84,1
09/04/2002 10:59:00,247,-0.393178729,90,9,-84,1
09/04/2002 11:00:00,247,-0.427877723,90,10,-84,1
09/04/2002 11:01:00,247,-0.462576718,90,10,-84,1
09/04/2002 11:02:00,247,-0.497275712,89,9,-84,1
09/04/2002 11:03:00,247,-0.499803785,90,9,-84,1
09/04/2002 11:04:00,247,-0.502331858,89,9,-84,1
09/04/2002 11:05:00,247,-0.504859931,88,9,-84,1
09/04/2002 11:06:00,247,-0.507388004,87,9,-84,1
09/04/2002 11:07:00,247,-0.509916077,88,9,-84,1
09/04/2002 11:08:00,247,-0.528137785,87,9,-83,1
09/04/2002 11:09:00,247,-0.546359494,87,8,-84,1
09/04/2002 11:10:00,247,-0.564581202,86,8,-84,1
09/04/2002 11:11:00,247,-0.58280291,84,8,-84,1
09/04/2002 11:12:00,247,-0.601024618,85,7,-84,1
09/04/2002 11:13:00,247,-0.602999222,81,7,-83,1
09/04/2002 11:14:00,247,-0.604973826,80,7,-83,1
09/04/2002 11:15:00,247,-0.606948429,78,7,-82,1
09/04/2002 11:16:00,247,-0.608923033,75,6,-81,1
09/04/2002 11:17:00,247,-0.610897637,73,6,-81,1
09/04/2002 11:18:00,247,-0.610748498,73,6,-80,1
09/04/2002 11:19:00,247,-0.610599359,71,6,-80,1
09/04/2002 11:20:00,247,-0.61045022,71,6,-80,1
09/04/2002 11:21:00,247,-0.610301081,72,6,-80,1
09/04/2002 11:22:00,247,-0.610151942,73,5,-80,1
09/04/2002 11:23:00,247,-0.608639446,74,5,-80,1
09/04/2002 11:24:00,247,-0.60712695,74,5,-80,1
09/04/2002 11:25:00,247,-0.605614455,75,5,-79,1
09/04/2002 11:26:00,247,-0.604101959,77,5,-79,1
09/04/2002 11:27:00,247,-0.602589463,78,5,-79,1
09/04/2002 11:28:00,247,-0.588918581,79,5,-78,1
09/04/2002 11:29:00,247,-0.575247699,78,5,-78,1
09/04/2002 11:30:00,247,-0.561576816,78,5,-77,1
09/04/2002 11:31:00,247,-0.547905934,79,5,-77,1
09/04/2002 11:32:00,247,-0.534235052,79,5,-76,1
09/04/2002 11:33:00,247,-0.526856022,79,5,-76,1
09/04/2002 11:34:00,247,-0.519476992,82,5,-75,1
09/04/2002 11:35:00,247,-0.512097962,82,5,-75,1
09/04/2002 11:36:00,247,-0.504718932,83,5,-75,1
09/04/2002 11:37:00,247,-0.497339903,83,5,-75,1
09/04/2002 11:38:00,247,-0.467940456,84,5,-74,1
09/04/2002 11:39:00,247,-0.43854101,85,5,-74,1
09/04/2002 11:40:00,247,-0.409141564,86,5,-75,1
09/04/2002 11:41:00,247,-0.379742118,86,5,-75,1
09/04/2002 11:42:00,247,-0.350342672,86,5,-76,1
09/04/2002 11:43:00,247,-0.290666592,85,5,-77,1
09/04/2002 11:44:00,247,-0.230990512,87,5,-77,1
09/04/2002 11:45:00,247,-0.171314433,88,5,-77,1
09/04/2002 11:46:00,247,-0.111638353,87,5,-77,1
09/04/2002 11:47:00,247,-0.051962273,86,6,-77,1
09/04/2002 11:48:00,247,-0.061268116,85,6,-76,1
09/04/2002 11:49:00,247,-0.070573959,84,6,-76,1
09/04/2002 11:50:00,247,-0.079879802,82,6,-74,1
09/04/2002 11:51:00,247,-0.089185645,82,6,-73,1
09/04/2002 11:52:00,247,-0.098491488,80,6,-73,1
09/04/2002 11:53:00,247,-0.083264438,78,6,-73,1
09/04/2002 11:54:00,247,-0.068037388,79,6,-73,1
09/04/2002 11:55:00,247,-0.052810338,78,7,-73,1
09/04/2002 11:56:00,247,-0.037583288,78,7,-73,1
09/04/2002 11:57:00,247,-0.022356239,79,7,-73,1
09/04/2002 11:58:00,247,-0.00818133,78,7,-73,1
09/04/2002 11:59:00,247,0.005993579,76,7,-73,1
09/04/2002 12:00:00,247,0.020168488,73,7,-73,1
09/04/2002 12:01:00,247,0.034343397,73,7,-72,1
09/04/2002 12:02:00,247,0.048518306,73,7,-71,1
09/04/2002 12:03:00,247,0.02421153,68,7,-69,1
09/04/2002 12:04:00,247,-9.52E-05,64,7,-68,1
09/04/2002 12:05:00,247,-0.024402021,60,7,-67,1
09/04/2002 12:06:00,247,-0.048708797,56,7,-66,1
09/04/2002 12:07:00,247,-0.073015573,56,7,-66,1
09/04/2002 12:08:00,247,-0.084188903,54,8,-66,1
09/04/2002 12:09:00,247,-0.095362233,52,8,-66,1
09/04/2002 12:10:00,247,-0.106535563,51,9,-66,1
09/04/2002 12:11:00,247,-0.117708893,53,9,-67,1
09/04/2002 12:12:00,247,-0.128882223,55,9,-68,1
09/04/2002 12:13:00,247,-0.146974884,54,10,-70,1
09/04/2002 12:14:00,247,-0.165067545,54,9,-72,1
09/04/2002 12:15:00,247,-0.183160206,55,9,-73,1
09/04/2002 12:16:00,247,-0.201252867,58,9,-73,1
09/04/2002 12:17:00,247,-0.219345529,59,8,-73,1
09/04/2002 12:18:00,247,-0.225894182,61,8,-72,1
09/04/2002 12:19:00,247,-0.232442836,63,9,-71,1
09/04/2002 12:20:00,247,-0.238991489,62,8,-71,1
09/04/2002 12:21:00,247,-0.245540143,65,9,-70,1
09/04/2002 12:22:00,247,-0.252088797,66,9,-70,1
09/04/2002 12:23:00,247,-0.230069055,68,9,-69,1
09/04/2002 12:24:00,247,-0.208049312,70,9,-70,1
09/04/2002 12:25:00,247,-0.18602957,72,8,-69,1
09/04/2002 12:26:00,247,-0.164009828,73,8,-68,1
09/04/2002 12:27:00,247,-0.141990086,73,7,-66,1
09/04/2002 12:28:00,247,-0.159084907,74,7,-64,1
09/04/2002 12:29:00,247,-0.176179728,75,7,-62,1
09/04/2002 12:30:00,247,-0.193274549,76,6,-61,1
09/04/2002 12:31:00,247,-0.210369369,77,6,-61,1
09/04/2002 12:32:00,247,-0.22746419,76,6,-61,1
09/04/2002 12:33:00,247,-0.259419814,76,5,-61,1
09/04/2002 12:34:00,247,-0.291375438,74,5,-61,1
09/04/2002 12:35:00,247,-0.323331062,74,4,-61,1
09/04/2002 12:36:00,247,-0.355286686,72,4,-61,1
09/04/2002 12:37:00,247,-0.38724231,70,3,-60,1
09/04/2002 12:38:00,247,-0.43966669,66,3,-60,1
09/04/2002 12:39:00,247,-0.492091069,66,3,-59,1
09/04/2002 12:40:00,247,-0.544515448,62,3,-58,1
09/04/2002 12:41:00,247,-0.596939827,62,3,-57,1
09/04/2002 12:42:00,247,-0.649364207,59,3,-56,1
09/04/2002 12:43:00,247,-0.695894988,58,3,-55,1
09/04/2002 12:44:00,247,-0.74242577,56,2,-55,1
09/04/2002 12:45:00,247,-0.788956551,54,3,-54,1
09/04/2002 12:46:00,247,-0.835487333,52,3,-55,1
09/04/2002 12:47:00,247,-0.882018114,54,3,-56,1
09/04/2002 12:48:00,247,-0.918771436,56,2,-57,1
09/04/2002 12:49:00,247,-0.955524758,57,2,-57,1
09/04/2002 12:50:00,247,-0.99227808,58,1,-57,1
09/04/2002 12:51:00,247,-1.029031402,58,1,-58,1
09/04/2002 12:52:00,247,-1.065784724,59,1,-57,1
09/04/2002 12:53:00,247,-1.133871614,59,1,-57,1
09/04/2002 12:54:00,247,-1.201958504,59,1,-57,1
09/04/2002 12:55:00,247,-1.270045394,58,1,-57,1
09/04/2002 12:56:00,247,-1.338132284,57,1,-56,1
09/04/2002 12:57:00,247,-1.406219174,58,1,-56,1
09/04/2002 12:58:00,247,-1.495253126,56,0,-56,1
09/04/2002 12:59:00,247,-1.584287077,56,0,-56,1
09/04/2002 13:00:00,247,-1.673321029,56,0,-55,1
09/04/2002 13:01:00,247,-1.76235498,56,0,-56,1
09/04/2002 13:02:00,247,-1.851388932,56,0,-56,1
09/04/2002 13:03:00,247,-1.953391632,58,0,-55,1
09/04/2002 13:04:00,247,-2.055394332,57,0,-55,1
09/04/2002 13:05:00,247,-2.157397032,56,0,-54,1
09/04/2002 13:06:00,247,-2.259399732,55,-1,-54,1
09/04/2002 13:07:00,247,-2.361402432,53,-1,-55,1
09/04/2002 13:08:00,247,-2.482170624,51,0,-55,1
09/04/2002 13:09:00,247,-2.602938817,50,0,-55,1
09/04/2002 13:10:00,247,-2.723707009,49,0,-55,1
09/04/2002 13:11:00,247,-2.844475201,48,0,-55,1
09/04/2002 13:12:00,247,-2.965243393,47,0,-55,1
09/04/2002 13:13:00,247,-3.035544998,47,0,-55,1
09/04/2002 13:14:00,247,-3.105846604,46,0,-55,1
09/04/2002 13:15:00,247,-3.176148209,46,0,-55,1
09/04/2002 13:16:00,247,-3.246449814,45,0,-55,1
09/04/2002 13:17:00,247,-3.316751419,43,0,-55,1
09/04/2002 13:18:00,247,-3.408150723,41,0,-55,1
09/04/2002 13:19:00,247,-3.499550027,39,0,-55,1
09/04/2002 13:20:00,247,-3.590949331,38,1,-54,1
09/04/2002 13:21:00,247,-3.682348635,36,1,-54,1
09/04/2002 13:22:00,247,-3.773747939,37,1,-54,1
09/04/2002 13:23:00,247,-3.88242734,36,1,-54,1
09/04/2002 13:24:00,247,-3.991106741,35,1,-53,1
09/04/2002 13:25:00,247,-4.099786142,34,1,-53,1
09/04/2002 13:26:00,247,-4.208465543,35,1,-53,1
09/04/2002 13:27:00,247,-4.317144944,36,1,-53,1
09/04/2002 13:28:00,247,-4.423345295,37,1,-52,1
09/04/2002 13:29:00,247,-4.529545647,38,1,-52,1
09/04/2002 13:30:00,247,-4.635745998,39,1,-52,1
09/04/2002 13:31:00,247,-4.74194635,40,1,-51,1
09/04/2002 13:32:00,247,-4.848146701,43,1,-51,1
09/04/2002 13:33:00,247,-4.93847504,42,1,-50,1
09/04/2002 13:34:00,247,-5.028803379,45,1,-50,1
09/04/2002 13:35:00,247,-5.119131719,45,1,-50,1
09/04/2002 13:36:00,247,-5.209460058,48,1,-50,1
09/04/2002 13:37:00,247,-5.299788397,48,1,-50,1
09/04/2002 13:38:00,247,-5.385396733,49,1,-50,1
09/04/2002 13:39:00,247,-5.471005068,49,1,-50,1
09/04/2002 13:40:00,247,-5.556613404,50,1,-50,1
09/04/2002 13:41:00,247,-5.64222174,50,1,-50,1
09/04/2002 13:42:00,247,-5.727830075,50,1,-50,1
09/04/2002 13:43:00,247,-5.828588991,50,1,-50,1
09/04/2002 13:44:00,247,-5.929347908,50,1,-50,1
09/04/2002 13:45:00,247,-6.030106824,51,1,-50,1
09/04/2002 13:46:00,247,-6.13086574,51,1,-50,1
09/04/2002 13:47:00,247,-6.231624656,49,1,-50,1
09/04/2002 13:48:00,247,-6.315534692,47,1,-50,1
09/04/2002 13:49:00,247,-6.399444728,48,1,-50,1
09/04/2002 13:50:00,247,-6.483354764,48,1,-49,1
09/04/2002 13:51:00,247,-6.5672648,46,1,-49,1
09/04/2002 13:52:00,247,-6.651174836,45,1,-48,1
09/04/2002 13:53:00,247,-6.768587322,45,2,-48,1
09/04/2002 13:54:00,247,-6.885999808,46,2,-48,1
09/04/2002 13:55:00,247,-7.003412294,46,2,-48,1
09/04/2002 13:56:00,247,-7.12082478,46,2,-48,1
09/04/2002 13:57:00,247,-7.238237266,45,2,-48,1
09/04/2002 13:58:00,247,-7.323098504,45,2,-48,1
09/04/2002 13:59:00,247,-7.407959742,49,1,-48,1
09/04/2002 14:00:00,247,-7.49282098,50,1,-48,1
09/04/2002 14:01:00,247,-7.577682218,50,1,-48,1
09/04/2002 14:02:00,247,-7.662543456,48,1,-48,1
09/04/2002 14:03:00,247,-7.752340946,48,1,-48,1
09/04/2002 14:04:00,247,-7.842138436,49,1,-47,1
09/04/2002 14:05:00,247,-7.931935926,48,1,-47,1
09/04/2002 14:06:00,247,-8.021733417,46,1,-47,1
09/04/2002 14:07:00,247,-8.111530907,43,1,-47,1
09/04/2002 14:08:00,247,-8.197633129,44,1,-47,1
09/04/2002 14:09:00,247,-8.283735351,43,1,-47,1
09/04/2002 14:10:00,247,-8.369837574,42,1,-47,1
09/04/2002 14:11:00,247,-8.455939796,42,1,-47,1
09/04/2002 14:12:00,247,-8.542042018,41,1,-47,1
09/04/2002 14:13:00,247,-8.601842298,41,1,-47,1
09/04/2002 14:14:00,247,-8.661642577,41,1,-47,1
09/04/2002 14:15:00,247,-8.721442857,40,1,-47,1
09/04/2002 14:16:00,247,-8.781243136,39,1,-47,1
09/04/2002 14:17:00,247,-8.841043415,40,1,-47,1
09/04/2002 14:18:00,247,-8.907239191,38,1,-47,1
09/04/2002 14:19:00,247,-8.973434967,37,1,-46,1
09/04/2002 14:20:00,247,-9.039630742,37,2,-46,1
09/04/2002 14:21:00,247,-9.105826518,37,2,-46,1
09/04/2002 14:22:00,247,-9.172022294,39,1,-46,1
09/04/2002 14:23:00,247,-9.240966174,38,1,-47,1
09/04/2002 14:24:00,247,-9.309910054,37,1,-47,1
09/04/2002 14:25:00,247,-9.378853935,38,1,-48,1
09/04/2002 14:26:00,247,-9.447797815,39,2,-48,1
09/04/2002 14:27:00,247,-9.516741695,44,2,-48,1
09/04/2002 14:28:00,247,-9.541200342,45,2,-48,1
09/04/2002 14:29:00,247,-9.565658989,44,1,-49,1
09/04/2002 14:30:00,247,-9.590117636,44,1,-49,1
09/04/2002 14:31:00,247,-9.614576283,44,1,-49,1
09/04/2002 14:32:00,247,-9.639034929,43,1,-49,1
09/04/2002 14:33:00,247,-9.696725033,41,1,-50,1
09/04/2002 14:34:00,247,-9.754415137,40,1,-50,1
09/04/2002 14:35:00,247,-9.81210524,40,1,-50,1
09/04/2002 14:36:00,247,-9.869795344,38,1,-51,1
09/04/2002 14:37:00,247,-9.927485448,37,2,-51,1
09/04/2002 14:38:00,247,-9.947721257,38,2,-52,1
09/04/2002 14:39:00,247,-9.967957066,37,2,-52,1
09/04/2002 14:40:00,247,-9.988192875,35,3,-52,1
09/04/2002 14:41:00,247,-10.00842868,34,3,-52,1
09/04/2002 14:42:00,247,-10.02866449,31,3,-52,1
09/04/2002 14:43:00,247,-10.06599997,29,4,-52,1
09/04/2002 14:44:00,247,-10.10333545,30,4,-52,1
09/04/2002 14:45:00,247,-10.14067093,30,4,-53,1
09/04/2002 14:46:00,247,-10.17800641,30,5,-53,1
09/04/2002 14:47:00,247,-10.21534189,32,4,-53,1
09/04/2002 14:48:00,247,-10.29164036,30,5,-53,1
09/04/2002 14:49:00,247,-10.36793884,28,5,-54,1
09/04/2002 14:50:00,247,-10.44423731,28,5,-54,1
09/04/2002 14:51:00,247,-10.52053578,26,5,-54,1
09/04/2002 14:52:00,247,-10.59683425,25,5,-54,1
09/04/2002 14:53:00,247,-10.65772499,24,5,-54,1
09/04/2002 14:54:00,247,-10.71861572,27,6,-55,1
09/04/2002 14:55:00,247,-10.77950646,26,6,-55,1
09/04/2002 14:56:00,247,-10.84039719,25,6,-56,1
09/04/2002 14:57:00,247,-10.90128793,26,6,-56,1
09/04/2002 14:58:00,247,-10.96833378,23,6,-57,1
09/04/2002 14:59:00,247,-11.03537963,23,6,-56,1
09/04/2002 15:00:00,247,-11.10242548,23,6,-57,1
09/04/2002 15:01:00,247,-11.16947133,22,6,-56,1
09/04/2002 15:02:00,247,-11.23651719,18,7,-57,1
09/04/2002 15:03:00,247,-11.29100304,18,7,-57,1
09/04/2002 15:04:00,247,-11.34548889,19,7,-57,1
09/04/2002 15:05:00,247,-11.39997474,18,6,-58,1
09/04/2002 15:06:00,247,-11.45446059,18,6,-58,1
09/04/2002 15:07:00,247,-11.50894645,19,6,-59,1
09/04/2002 15:08:00,247,-11.56805168,17,6,-60,1
09/04/2002 15:09:00,247,-11.62715692,17,6,-61,1
09/04/2002 15:10:00,247,-11.68626216,16,6,-61,1
09/04/2002 15:11:00,247,-11.74536739,17,6,-61,1
09/04/2002 15:12:00,247,-11.80447263,17,6,-61,1
09/04/2002 15:13:00,247,-11.8782136,17,6,-60,1
09/04/2002 15:14:00,247,-11.95195457,21,6,-60,1
09/04/2002 15:15:00,247,-12.02569554,26,6,-60,1
09/04/2002 15:16:00,247,-12.09943651,29,6,-60,1
09/04/2002 15:17:00,247,-12.17317748,33,6,-60,1
09/04/2002 15:18:00,247,-12.252281,35,6,-59,1
09/04/2002 15:19:00,247,-12.33138452,37,6,-59,1
09/04/2002 15:20:00,247,-12.41048804,38,7,-59,1
09/04/2002 15:21:00,247,-12.48959156,41,6,-59,1
09/04/2002 15:22:00,247,-12.56869508,42,6,-59,1
09/04/2002 15:23:00,247,-12.66728916,42,6,-59,1
09/04/2002 15:24:00,247,-12.76588324,42,6,-59,1
09/04/2002 15:25:00,247,-12.86447733,44,6,-59,1
09/04/2002 15:26:00,247,-12.96307141,44,6,-60,1
09/04/2002 15:27:00,247,-13.06166549,46,6,-59,1
09/04/2002 15:28:00,247,-13.16480936,48,6,-60,1
09/04/2002 15:29:00,247,-13.26795323,49,7,-61,1
09/04/2002 15:30:00,247,-13.3710971,50,7,-61,1
09/04/2002 15:31:00,247,-13.47424097,51,7,-61,1
09/04/2002 15:32:00,247,-13.57738484,53,7,-61,1
09/04/2002 15:33:00,247,-13.64447122,53,6,-61,1
09/04/2002 15:34:00,247,-13.7115576,55,6,-61,1
09/04/2002 15:35:00,247,-13.77864398,57,6,-61,1
09/04/2002 15:36:00,247,-13.84573036,58,6,-62,1
09/04/2002 15:37:00,247,-13.91281674,58,6,-62,1
09/04/2002 15:38:00,247,-14.003879,61,6,-62,1
09/04/2002 15:39:00,247,-14.09494127,61,6,-62,1
09/04/2002 15:40:00,247,-14.18600353,61,5,-61,1
09/04/2002 15:41:00,247,-14.2770658,62,5,-61,1
09/04/2002 15:42:00,247,-14.36812806,64,5,-61,1
09/04/2002 15:43:00,247,-14.51365019,63,5,-60,1
09/04/2002 15:44:00,247,-14.65917232,64,4,-60,1
09/04/2002 15:45:00,247,-14.80469446,63,4,-59,1
09/04/2002 15:46:00,247,-14.95021659,62,4,-59,1
09/04/2002 15:47:00,247,-15.09573872,62,3,-59,1
09/04/2002 15:48:00,247,-15.21568771,61,3,-59,1
09/04/2002 15:49:00,247,-15.33563669,60,3,-59,1
09/04/2002 15:50:00,247,-15.45558568,61,2,-59,1
09/04/2002 15:51:00,247,-15.57553467,60,2,-57,1
09/04/2002 15:52:00,247,-15.69548366,58,2,-57,1
09/04/2002 15:53:00,247,-15.76997477,58,2,-57,1
09/04/2002 15:54:00,247,-15.84446589,57,1,-57,1
09/04/2002 15:55:00,247,-15.918957,56,1,-56,1
09/04/2002 15:56:00,247,-15.99344811,54,1,-56,1
09/04/2002 15:57:00,247,-16.06793923,53,0,-56,1
09/04/2002 15:58:00,247,-16.18511934,52,0,-55,1
09/04/2002 15:59:00,247,-16.30229946,51,0,-56,1
09/04/2002 16:00:00,247,-16.41947957,49,-1,-57,1
09/04/2002 16:01:00,247,-16.53665968,47,-1,-56,1
09/04/2002 16:02:00,247,-16.65383979,46,-1,-56,1
09/04/2002 16:03:00,247,-16.73532571,48,-1,-55,1
09/04/2002 16:04:00,247,-16.81681163,48,-1,-55,1
09/04/2002 16:05:00,247,-16.89829755,48,-1,-55,1
09/04/2002 16:06:00,247,-16.97978347,47,-2,-55,1
09/04/2002 16:07:00,247,-17.06126939,47,-2,-55,1
09/04/2002 16:08:00,247,-17.14058225,46,-1,-54,1
09/04/2002 16:09:00,247,-17.21989511,46,-2,-54,1
09/04/2002 16:10:00,247,-17.29920798,44,-2,-53,1
09/04/2002 16:11:00,247,-17.37852084,43,-2,-53,1
09/04/2002 16:12:00,247,-17.4578337,42,-1,-53,1
09/04/2002 16:13:00,247,-17.56624499,43,-1,-53,1
09/04/2002 16:14:00,247,-17.67465628,44,-2,-53,1
09/04/2002 16:15:00,247,-17.78306757,44,-1,-53,1
09/04/2002 16:16:00,247,-17.89147887,44,-1,-53,1
09/04/2002 16:17:00,247,-17.99989016,43,-1,-53,1
09/04/2002 16:18:00,247,-18.0748733,43,-1,-53,1
09/04/2002 16:19:00,247,-18.14985645,42,-2,-53,1
09/04/2002 16:20:00,247,-18.2248396,43,-2,-52,1
09/04/2002 16:21:00,247,-18.29982274,44,-2,-52,1
09/04/2002 16:22:00,247,-18.37480589,44,-2,-52,1
09/04/2002 16:23:00,247,-18.44848084,44,-2,-52,1
09/04/2002 16:24:00,247,-18.52215579,43,-2,-52,1
09/04/2002 16:25:00,247,-18.59583075,41,-2,-52,1
09/04/2002 16:26:00,247,-18.6695057,41,-2,-52,1
09/04/2002 16:27:00,247,-18.74318065,41,-2,-51,1
09/04/2002 16:28:00,247,-18.78350411,40,-1,-52,1
09/04/2002 16:29:00,247,-18.82382756,39,-2,-51,1
09/04/2002 16:30:00,247,-18.86415102,38,-1,-51,1
09/04/2002 16:31:00,247,-18.90447447,36,-1,-51,1
09/04/2002 16:32:00,247,-18.94479793,36,-1,-51,1
09/04/2002 16:33:00,247,-18.99363981,36,-1,-51,1
09/04/2002 16:34:00,247,-19.0424817,37,-1,-51,1
09/04/2002 16:35:00,247,-19.09132358,36,-1,-52,1
09/04/2002 16:36:00,247,-19.14016546,34,-1,-52,1
09/04/2002 16:37:00,247,-19.18900734,37,-1,-53,1
09/04/2002 16:38:00,247,-19.24370753,42,-1,-53,1
09/04/2002 16:39:00,247,-19.29840772,42,-1,-52,1
09/04/2002 16:40:00,247,-19.35310791,39,-1,-53,1
09/04/2002 16:41:00,247,-19.40780809,39,-1,-53,1
09/04/2002 16:42:00,247,-19.46250828,38,-1,-54,1
09/04/2002 16:43:00,247,-19.48425443,36,-2,-53,1
09/04/2002 16:44:00,247,-19.50600059,37,-1,-53,1
09/04/2002 16:45:00,247,-19.52774674,34,-1,-54,1
09/04/2002 16:46:00,247,-19.54949289,34,-1,-54,1
09/04/2002 16:47:00,247,-19.57123905,35,-1,-53,1
09/04/2002 16:48:00,247,-19.60013288,34,-1,-53,1
09/04/2002 16:49:00,247,-19.6290267,31,-1,-53,1
09/04/2002 16:50:00,247,-19.65792053,30,-1,-52,1
09/04/2002 16:51:00,247,-19.68681436,31,0,-52,1
09/04/2002 16:52:00,247,-19.71570819,32,-1,-51,1
09/04/2002 16:53:00,247,-19.70931402,31,0,-52,1
09/04/2002 16:54:00,247,-19.70291986,32,-1,-52,1
09/04/2002 16:55:00,247,-19.6965257,34,0,-52,1
09/04/2002 16:56:00,247,-19.69013154,34,0,-52,1
09/04/2002 16:57:00,247,-19.68373738,32,0,-52,1
09/04/2002 16:58:00,247,-19.73713129,32,0,-53,1
09/04/2002 16:59:00,247,-19.7905252,33,0,-53,1
09/04/2002 17:00:00,247,-19.84391912,32,0,-53,1
09/04/2002 17:01:00,247,-19.89731303,30,0,-53,1
09/04/2002 17:02:00,247,-19.95070694,30,0,-53,1
09/04/2002 17:03:00,247,-19.9519023,29,0,-53,1
09/04/2002 17:04:00,247,-19.95309766,28,0,-53,1
09/04/2002 17:05:00,247,-19.95429302,28,0,-54,1
09/04/2002 17:06:00,247,-19.95548838,28,0,-54,1
09/04/2002 17:07:00,247,-19.95668374,27,0,-54,1
09/04/2002 17:08:00,247,-19.9529068,28,0,-53,1
09/04/2002 17:09:00,247,-19.94912986,29,1,-53,1
09/04/2002 17:10:00,247,-19.94535292,28,0,-54,1
09/04/2002 17:11:00,247,-19.94157598,27,0,-54,1
09/04/2002 17:12:00,247,-19.93779904,28,1,-53,1
09/04/2002 17:13:00,247,-20.0102719,26,1,-53,1
09/04/2002 17:14:00,247,-20.08274477,26,1,-54,1
09/04/2002 17:15:00,247,-20.15521763,26,1,-54,1
09/04/2002 17:16:00,247,-20.2276905,26,1,-54,1
09/04/2002 17:17:00,247,-20.30016336,26,0,-54,1
09/04/2002 17:18:00,247,-20.32429502,25,0,-54,1
09/04/2002 17:19:00,247,-20.34842667,24,1,-55,1
09/04/2002 17:20:00,247,-20.37255832,24,0,-55,1
09/04/2002 17:21:00,247,-20.39668998,25,1,-55,1
09/04/2002 17:22:00,247,-20.42082163,26,1,-55,1
09/04/2002 17:23:00,247,-20.40483119,25,1,-56,1
09/04/2002 17:24:00,247,-20.38884075,26,1,-56,1
09/04/2002 17:25:00,247,-20.3728503,24,0,-56,1
09/04/2002 17:26:00,247,-20.35685986,25,0,-57,1
09/04/2002 17:27:00,247,-20.34086942,25,0,-57,1
09/04/2002 17:28:00,247,-20.36726654,26,0,-57,1
09/04/2002 17:29:00,247,-20.39366365,26,0,-57,1
09/04/2002 17:30:00,247,-20.42006077,26,0,-57,1
09/04/2002 17:31:00,247,-20.44645788,25,0,-57,1
09/04/2002 17:32:00,247,-20.472855,26,0,-57,1
09/04/2002 17:33:00,247,-20.58285979,26,0,-58,1
09/04/2002 17:34:00,247,-20.69286458,26,0,-57,1
09/04/2002 17:35:00,247,-20.80286937,25,0,-58,1
09/04/2002 17:36:00,247,-20.91287415,24,0,-57,1
09/04/2002 17:37:00,247,-21.02287894,24,-1,-57,1
09/04/2002 17:38:00,247,-21.03822586,24,-2,-57,1
09/04/2002 17:39:00,247,-21.05357277,24,-2,-56,1
09/04/2002 17:40:00,247,-21.06891969,25,-3,-56,1
09/04/2002 17:41:00,247,-21.0842666,29,-3,-55,1
09/04/2002 17:42:00,247,-21.09961351,32,-4,-56,1
09/04/2002 17:43:00,247,-21.14923077,34,-4,-56,1
09/04/2002 17:44:00,247,-21.19884802,38,-5,-57,1
09/04/2002 17:45:00,247,-21.24846527,41,-5,-57,1
09/04/2002 17:46:00,247,-21.29808252,43,-5,-57,1
09/04/2002 17:47:00,247,-21.34769977,45,-5,-57,1
09/04/2002 17:48:00,247,-21.4107024,47,-6,-56,1
09/04/2002 17:49:00,247,-21.47370503,48,-6,-56,1
09/04/2002 17:50:00,247,-21.53670766,50,-6,-56,1
09/04/2002 17:51:00,247,-21.59971029,52,-7,-55,1
09/04/2002 17:52:00,247,-21.66271292,54,-7,-54,1
09/04/2002 17:53:00,247,-21.70715687,56,-7,-53,1
09/04/2002 17:54:00,247,-21.75160081,57,-7,-52,1
09/04/2002 17:55:00,247,-21.79604476,58,-7,-52,1
09/04/2002 17:56:00,247,-21.8404887,59,-7,-52,1
09/04/2002 17:57:00,247,-21.88493264,60,-7,-52,1
09/04/2002 17:58:00,247,-21.99745484,59,-7,-52,1
09/04/2002 17:59:00,247,-22.10997704,59,-7,-52,1
09/04/2002 18:00:00,247,-22.22249924,58,-7,-51,1
09/04/2002 18:01:00,247,-22.33502144,58,-7,-51,1
09/04/2002 18:02:00,247,-22.44754364,59,-7,-51,1
09/04/2002 18:03:00,247,-22.50284323,57,-6,-51,1
09/04/2002 18:04:00,247,-22.55814282,56,-6,-50,1
09/04/2002 18:05:00,247,-22.61344241,56,-6,-50,1
09/04/2002 18:06:00,247,-22.668742,57,-6,-50,1
09/04/2002 18:07:00,247,-22.72404159,56,-6,-51,1
09/04/2002 18:08:00,247,-22.74922208,56,-6,-51,1
09/04/2002 18:09:00,247,-22.77440257,54,-7,-50,1
09/04/2002 18:10:00,247,-22.79958307,53,-7,-50,1
09/04/2002 18:11:00,247,-22.82476356,51,-7,-51,1
09/04/2002 18:12:00,247,-22.84994406,48,-7,-50,1
09/04/2002 18:13:00,247,-22.90311515,46,-7,-50,1
09/04/2002 18:14:00,247,-22.95628625,44,-7,-49,1
09/04/2002 18:15:00,247,-23.00945735,44,-6,-50,1
09/04/2002 18:16:00,247,-23.06262845,39,-6,-49,1
09/04/2002 18:17:00,247,-23.11579955,36,-6,-49,1
09/04/2002 18:18:00,247,-23.14951442,35,-6,-49,1
09/04/2002 18:19:00,247,-23.18322929,33,-5,-49,1
09/04/2002 18:20:00,247,-23.21694416,33,-5,-49,1
09/04/2002 18:21:00,247,-23.25065904,32,-5,-48,1
09/04/2002 18:22:00,247,-23.28437391,30,-5,-48,1
09/04/2002 18:23:00,247,-23.34655804,31,-5,-48,1
09/04/2002 18:24:00,247,-23.40874217,28,-4,-48,1
09/04/2002 18:25:00,247,-23.4709263,29,-4,-48,1
09/04/2002 18:26:00,247,-23.53311043,29,-4,-48,1
09/04/2002 18:27:00,247,-23.59529456,29,-4,-47,1
09/04/2002 18:28:00,247,-23.62249272,31,-3,-46,1
09/04/2002 18:29:00,247,-23.64969087,29,-3,-46,1
09/04/2002 18:30:00,247,-23.67688902,30,-3,-46,1
09/04/2002 18:31:00,247,-23.70408718,31,-3,-45,1
09/04/2002 18:32:00,247,-23.73128533,32,-3,-44,1
09/04/2002 18:33:00,247,-23.72599204,31,-3,-43,1
09/04/2002 18:34:00,247,-23.72069876,32,-3,-43,1
09/04/2002 18:35:00,247,-23.71540547,33,-3,-43,1
09/04/2002 18:36:00,247,-23.71011219,32,-3,-44,1
09/04/2002 18:37:00,247,-23.7048189,33,-3,-44,1
09/04/2002 18:38:00,247,-23.69524002,34,-3,-45,1
09/04/2002 18:39:00,247,-23.68566113,35,-3,-45,1
09/04/2002 18:40:00,247,-23.67608225,36,-2,-45,1
09/04/2002 18:41:00,247,-23.66650337,37,-2,-45,1
09/04/2002 18:42:00,247,-23.65692448,37,-2,-45,1
09/04/2002 18:43:00,247,-23.72113879,36,-2,-45,1
09/04/2002 18:44:00,247,-23.78535309,39,-2,-45,1
09/04/2002 18:45:00,247,-23.8495674,37,-2,-46,1
09/04/2002 18:46:00,247,-23.9137817,37,-2,-46,1
09/04/2002 18:47:00,247,-23.977996,37,-2,-46,1
09/04/2002 18:48:00,247,-24.02582369,36,-2,-46,1
09/04/2002 18:49:00,247,-24.07365137,36,-2,-46,1
09/04/2002 18:50:00,247,-24.12147906,36,-1,-46,1
09/04/2002 18:51:00,247,-24.16930675,34,-1,-47,1
09/04/2002 18:52:00,247,-24.21713443,35,-1,-47,1
09/04/2002 18:53:00,247,-24.23359243,36,-1,-47,1
09/04/2002 18:54:00,247,-24.25005042,33,-1,-47,1
09/04/2002 18:55:00,247,-24.26650842,34,-1,-47,1
09/04/2002 18:56:00,247,-24.28296642,34,0,-48,1
09/04/2002 18:57:00,247,-24.29942442,33,0,-48,1
09/04/2002 18:58:00,247,-24.32763375,33,0,-48,1
09/04/2002 18:59:00,247,-24.35584309,34,0,-47,1
09/04/2002 19:00:00,247,-24.38405242,35,0,-47,1
09/04/2002 19:01:00,247,-24.41226176,36,0,-47,1
09/04/2002 19:02:00,247,-24.4404711,36,0,-47,1
09/04/2002 19:03:00,247,-24.51178993,38,0,-47,1
09/04/2002 19:04:00,247,-24.58310877,38,0,-49,1
09/04/2002 19:05:00,247,-24.6544276,36,0,-50,1
09/04/2002 19:06:00,247,-24.72574643,37,0,-51,1
09/04/2002 19:07:00,247,-24.79706527,36,0,-52,1
09/04/2002 19:08:00,247,-24.8202144,37,0,-53,1
09/04/2002 19:09:00,247,-24.84336354,37,0,-52,1
09/04/2002 19:10:00,247,-24.86651268,38,0,-52,1
09/04/2002 19:11:00,247,-24.88966181,39,-1,-52,1
09/04/2002 19:12:00,247,-24.91281095,39,-1,-51,1
09/04/2002 19:13:00,247,-24.89437816,40,-1,-51,1
09/04/2002 19:14:00,247,-24.87594538,40,-1,-51,1
09/04/2002 19:15:00,247,-24.8575126,40,-2,-50,1
09/04/2002 19:16:00,247,-24.83907981,40,-2,-50,1
09/04/2002 19:17:00,247,-24.82064703,40,-2,-50,1
09/04/2002 19:18:00,247,-24.79106243,42,-2,-50,1
09/04/2002 19:19:00,247,-24.76147783,43,-2,-49,1
09/04/2002 19:20:00,247,-24.73189323,42,-2,-49,1
09/04/2002 19:21:00,247,-24.70230864,43,-2,-49,1
09/04/2002 19:22:00,247,-24.67272404,43,-2,-49,1
09/04/2002 19:23:00,247,-24.71650462,43,-2,-48,1
09/04/2002 19:24:00,247,-24.76028521,43,-2,-48,1
09/04/2002 19:25:00,247,-24.80406579,44,-2,-48,1
09/04/2002 19:26:00,247,-24.84784638,44,-2,-47,1
09/04/2002 19:27:00,247,-24.89162696,44,-2,-47,1
09/04/2002 19:28:00,247,-24.87383055,45,-2,-47,1
09/04/2002 19:29:00,247,-24.85603413,46,-2,-47,1
09/04/2002 19:30:00,247,-24.83823772,47,-2,-46,1
09/04/2002 19:31:00,247,-24.82044131,45,-2,-47,1
09/04/2002 19:32:00,247,-24.80264489,45,-2,-46,1
09/04/2002 19:33:00,247,-24.81602723,46,-2,-47,1
09/04/2002 19:34:00,247,-24.82940956,46,-1,-47,1
09/04/2002 19:35:00,247,-24.84279189,47,-1,-46,1
09/04/2002 19:36:00,247,-24.85617422,47,-1,-46,1
09/04/2002 19:37:00,247,-24.86955656,48,-1,-46,1
09/04/2002 19:38:00,247,-24.85637705,48,-1,-46,1
09/04/2002 19:39:00,247,-24.84319755,48,-1,-46,1
09/04/2002 19:40:00,247,-24.83001805,48,-1,-45,1
09/04/2002 19:41:00,247,-24.81683855,49,-1,-44,1
09/04/2002 19:42:00,247,-24.80365905,49,-1,-44,1
09/04/2002 19:43:00,247,-24.78513846,49,-1,-45,1
09/04/2002 19:44:00,247,-24.76661786,47,-1,-44,1
09/04/2002 19:45:00,247,-24.74809727,46,-1,-44,1
09/04/2002 19:46:00,247,-24.72957668,47,-1,-45,1
09/04/2002 19:47:00,247,-24.71105608,47,0,-45,1
09/04/2002 19:48:00,247,-24.71283942,47,-1,-44,1
09/04/2002 19:49:00,247,-24.71462276,47,-1,-43,1
09/04/2002 19:50:00,247,-24.71640609,47,-1,-43,1
09/04/2002 19:51:00,247,-24.71818943,48,-2,-42,1
09/04/2002 19:52:00,247,-24.71997276,48,-2,-42,1
09/04/2002 19:53:00,247,-24.7006178,47,-1,-43,1
09/04/2002 19:54:00,247,-24.68126284,46,-1,-43,1
09/04/2002 19:55:00,247,-24.66190788,45,-1,-44,1
09/04/2002 19:56:00,247,-24.64255292,46,-1,-44,1
09/04/2002 19:57:00,247,-24.62319796,46,-1,-43,1
09/04/2002 19:58:00,247,-24.62712923,47,-1,-43,1
09/04/2002 19:59:00,247,-24.63106051,46,-1,-43,1
09/04/2002 20:00:00,247,-24.63499178,45,-1,-42,1
09/04/2002 20:01:00,247,-24.63892306,44,-1,-42,1
09/04/2002 20:02:00,247,-24.64285433,45,-1,-42,1
09/04/2002 20:03:00,247,-24.63759921,44,-1,-42,1
09/04/2002 20:04:00,247,-24.63234408,44,-1,-42,1
09/04/2002 20:05:00,247,-24.62708895,45,-1,-42,1
09/04/2002 20:06:00,247,-24.62183382,45,-1,-41,1
09/04/2002 20:07:00,247,-24.6165787,46,-1,-41,1
09/04/2002 20:08:00,247,-24.55829155,47,-1,-40,1
09/04/2002 20:09:00,247,-24.50000441,49,0,-39,1
09/04/2002 20:10:00,247,-24.44171726,50,0,-39,1
09/04/2002 20:11:00,247,-24.38343011,51,0,-39,1
09/04/2002 20:12:00,247,-24.32514297,52,0,-39,1
09/04/2002 20:13:00,247,-24.33338073,50,0,-39,1
09/04/2002 20:14:00,247,-24.3416185,47,0,-40,1
09/04/2002 20:15:00,247,-24.34985626,43,0,-41,1
09/04/2002 20:16:00,247,-24.35809403,42,0,-41,1
09/04/2002 20:17:00,247,-24.3663318,43,0,-41,1
09/04/2002 20:18:00,247,-24.41361525,44,0,-40,1
09/04/2002 20:19:00,247,-24.46089871,46,-1,-40,1
09/04/2002 20:20:00,247,-24.50818216,44,0,-40,1
09/04/2002 20:21:00,247,-24.55546562,43,0,-41,1
09/04/2002 20:22:00,247,-24.60274908,43,0,-41,1
09/04/2002 20:23:00,247,-24.63191366,43,-1,-42,1
09/04/2002 20:24:00,247,-24.66107825,44,0,-41,1
09/04/2002 20:25:00,247,-24.69024283,44,0,-41,1
09/04/2002 20:26:00,247,-24.71940742,44,0,-41,1
09/04/2002 20:27:00,247,-24.748572,46,0,-41,1
09/04/2002 20:28:00,247,-24.77384243,45,0,-40,1
09/04/2002 20:29:00,247,-24.79911286,46,0,-39,1
09/04/2002 20:30:00,247,-24.82438328,45,-1,-39,1
09/04/2002 20:31:00,247,-24.84965371,45,-1,-38,1
09/04/2002 20:32:00,247,-24.87492414,44,-1,-38,1
09/04/2002 20:33:00,247,-24.85907821,43,-1,-38,1
09/04/2002 20:34:00,247,-24.84323228,42,-1,-39,1
09/04/2002 20:35:00,247,-24.82738636,41,-1,-39,1
09/04/2002 20:36:00,247,-24.81154043,40,0,-39,1
09/04/2002 20:37:00,247,-24.7956945,40,-1,-39,1
09/04/2002 20:38:00,247,-24.85801456,41,-1,-39,1
09/04/2002 20:39:00,247,-24.92033462,41,0,-39,1
09/04/2002 20:40:00,247,-24.98265468,39,0,-40,1
09/04/2002 20:41:00,247,-25.04497473,38,-1,-40,1
09/04/2002 20:42:00,247,-25.10729479,38,-1,-40,1
09/04/2002 20:43:00,247,-25.13440307,38,0,-40,1
09/04/2002 20:44:00,247,-25.16151135,37,0,-40,1
09/04/2002 20:45:00,247,-25.18861962,38,0,-40,1
09/04/2002 20:46:00,247,-25.2157279,38,0,-40,1
09/04/2002 20:47:00,247,-25.24283618,37,0,-40,1
09/04/2002 20:48:00,247,-25.23652131,37,-1,-40,1
09/04/2002 20:49:00,247,-25.23020645,38,0,-39,1
09/04/2002 20:50:00,247,-25.22389158,38,0,-39,1
09/04/2002 20:51:00,247,-25.21757672,37,0,-40,1
09/04/2002 20:52:00,247,-25.21126185,37,-1,-40,1
09/04/2002 20:53:00,247,-25.22420838,37,-1,-40,1
09/04/2002 20:54:00,247,-25.23715491,38,-1,-39,1
09/04/2002 20:55:00,247,-25.25010144,38,-1,-40,1
09/04/2002 20:56:00,247,-25.26304796,37,-1,-39,1
09/04/2002 20:57:00,247,-25.27599449,37,-1,-39,1
09/04/2002 20:58:00,247,-25.26207441,37,-1,-40,1
09/04/2002 20:59:00,247,-25.24815433,37,-1,-40,1
09/04/2002 21:00:00,247,-25.23423426,37,0,-40,1
09/04/2002 21:01:00,247,-25.22031418,37,-1,-40,1
09/04/2002 21:02:00,247,-25.2063941,38,-1,-39,1
09/04/2002 21:03:00,247,-25.19787937,39,-1,-38,1
09/04/2002 21:04:00,247,-25.18936465,39,-1,-37,1
09/04/2002 21:05:00,247,-25.18084992,39,-1,-37,1
09/04/2002 21:06:00,247,-25.17233519,39,-1,-37,1
09/04/2002 21:07:00,247,-25.16382046,39,-1,-36,1
09/04/2002 21:08:00,247,-25.11959909,37,0,-37,1
09/04/2002 21:09:00,247,-25.07537772,37,0,-37,1
09/04/2002 21:10:00,247,-25.03115635,38,0,-37,1
09/04/2002 21:11:00,247,-24.98693498,38,0,-38,1
09/04/2002 21:12:00,247,-24.94271361,39,-1,-37,1
09/04/2002 21:13:00,247,-24.9076668,39,-1,-37,1
09/04/2002 21:14:00,247,-24.87262,38,0,-38,1
09/04/2002 21:15:00,247,-24.83757319,37,0,-38,1
09/04/2002 21:16:00,247,-24.80252639,36,0,-38,1
09/04/2002 21:17:00,247,-24.76747958,37,0,-39,1
09/04/2002 21:18:00,247,-24.75201126,36,0,-39,1
09/04/2002 21:19:00,247,-24.73654294,37,0,-39,1
09/04/2002 21:20:00,247,-24.72107462,36,-1,-39,1
09/04/2002 21:21:00,247,-24.7056063,36,-1,-38,1
09/04/2002 21:22:00,247,-24.69013797,37,-1,-38,1
09/04/2002 21:23:00,247,-24.67180378,37,-1,-38,1
09/04/2002 21:24:00,247,-24.65346959,37,-1,-37,1
09/04/2002 21:25:00,247,-24.6351354,39,-1,-37,1
09/04/2002 21:26:00,247,-24.6168012,39,-1,-36,1
09/04/2002 21:27:00,247,-24.59846701,38,-1,-36,1
09/04/2002 21:28:00,247,-24.48133849,39,0,-36,1
09/04/2002 21:29:00,247,-24.36420996,40,0,-36,1
09/04/2002 21:30:00,247,-24.24708144,39,0,-36,1
09/04/2002 21:31:00,247,-24.12995292,39,0,-36,1
09/04/2002 21:32:00,247,-24.01282439,38,0,-36,1
09/04/2002 21:33:00,247,-24.00889434,38,0,-37,1
09/04/2002 21:34:00,247,-24.00496428,38,0,-37,1
09/04/2002 21:35:00,247,-24.00103422,37,0,-37,1
09/04/2002 21:36:00,247,-23.99710416,37,-1,-37,1
09/04/2002 21:37:00,247,-23.9931741,37,0,-37,1
09/04/2002 21:38:00,247,-23.94531889,36,-1,-37,1
09/04/2002 21:39:00,247,-23.89746367,37,-1,-38,1
09/04/2002 21:40:00,247,-23.84960845,36,-1,-38,1
09/04/2002 21:41:00,247,-23.80175323,36,-1,-38,1
09/04/2002 21:42:00,247,-23.75389801,36,-1,-38,1
09/04/2002 21:43:00,247,-23.67636517,36,-1,-38,1
09/04/2002 21:44:00,247,-23.59883232,36,-1,-38,1
09/04/2002 21:45:00,247,-23.52129948,36,-1,-38,1
09/04/2002 21:46:00,247,-23.44376663,37,-1,-38,1
09/04/2002 21:47:00,247,-23.36623379,36,-1,-38,1
09/04/2002 21:48:00,247,-23.32836577,36,-1,-38,1
09/04/2002 21:49:00,247,-23.29049776,35,-1,-38,1
09/04/2002 21:50:00,247,-23.25262974,35,-1,-38,1
09/04/2002 21:51:00,247,-23.21476172,35,-1,-38,1
09/04/2002 21:52:00,247,-23.17689371,34,-1,-38,1
09/04/2002 21:53:00,247,-23.14002453,34,-1,-39,1
09/04/2002 21:54:00,247,-23.10315536,34,-1,-39,1
09/04/2002 21:55:00,247,-23.06628619,33,-1,-39,1
09/04/2002 21:56:00,247,-23.02941702,33,-1,-39,1
09/04/2002 21:57:00,247,-22.99254784,33,-1,-39,1
09/04/2002 21:58:00,247,-22.97411975,34,-1,-39,1
09/04/2002 21:59:00,247,-22.95569166,33,-1,-38,1
09/04/2002 22:00:00,247,-22.93726357,34,-1,-38,1
09/04/2002 22:01:00,247,-22.91883548,35,-1,-38,1
09/04/2002 22:02:00,247,-22.90040739,35,-1,-38,1
09/04/2002 22:03:00,247,-22.89384958,33,-1,-38,1
09/04/2002 22:04:00,247,-22.88729176,34,0,-39,1
09/04/2002 22:05:00,247,-22.88073395,34,0,-39,1
09/04/2002 22:06:00,247,-22.87417613,33,0,-39,1
09/04/2002 22:07:00,247,-22.86761831,34,0,-38,1
09/04/2002 22:08:00,247,-22.81593365,33,0,-39,1
09/04/2002 22:09:00,247,-22.76424898,33,0,-39,1
09/04/2002 22:10:00,247,-22.71256431,32,0,-39,1
09/04/2002 22:11:00,247,-22.66087964,33,0,-38,1
09/04/2002 22:12:00,247,-22.60919497,33,0,-39,1
09/04/2002 22:13:00,247,-22.62518635,33,0,-39,1
09/04/2002 22:14:00,247,-22.64117773,32,0,-39,1
09/04/2002 22:15:00,247,-22.65716912,32,0,-39,1
09/04/2002 22:16:00,247,-22.6731605,32,0,-39,1
09/04/2002 22:17:00,247,-22.68915188,31,0,-40,1
09/04/2002 22:18:00,247,-22.65299602,31,-1,-40,1
09/04/2002 22:19:00,247,-22.61684015,30,-1,-40,1
09/04/2002 22:20:00,247,-22.58068428,30,-1,-40,1
09/04/2002 22:21:00,247,-22.54452842,30,-1,-40,1
09/04/2002 22:22:00,247,-22.50837255,30,-1,-40,1
09/04/2002 22:23:00,247,-22.49203975,30,-1,-40,1
09/04/2002 22:24:00,247,-22.47570696,30,-1,-40,1
09/04/2002 22:25:00,247,-22.45937416,29,-1,-40,1
09/04/2002 22:26:00,247,-22.44304137,29,-1,-40,1
09/04/2002 22:27:00,247,-22.42670857,30,-1,-40,1
09/04/2002 22:28:00,247,-22.41530195,30,-1,-40,1
09/04/2002 22:29:00,247,-22.40389533,30,-1,-41,1
09/04/2002 22:30:00,247,-22.39248871,29,-1,-41,1
09/04/2002 22:31:00,247,-22.38108209,30,-1,-42,1
09/04/2002 22:32:00,247,-22.36967547,29,-1,-42,1
09/04/2002 22:33:00,247,-22.36276189,28,-1,-43,1
09/04/2002 22:34:00,247,-22.35584832,29,-1,-43,1
09/04/2002 22:35:00,247,-22.34893475,29,-1,-43,1
09/04/2002 22:36:00,247,-22.34202117,27,-1,-43,1
09/04/2002 22:37:00,247,-22.3351076,27,-1,-44,1
09/04/2002 22:38:00,247,-22.26091129,28,-1,-43,1
09/04/2002 22:39:00,247,-22.18671498,29,-2,-43,1
09/04/2002 22:40:00,247,-22.11251867,30,-1,-43,1
09/04/2002 22:41:00,247,-22.03832236,31,-1,-44,1
09/04/2002 22:42:00,247,-21.96412606,31,-2,-44,1
09/04/2002 22:43:00,247,-21.92734225,31,-1,-44,1
09/04/2002 22:44:00,247,-21.89055845,30,-2,-45,1
09/04/2002 22:45:00,247,-21.85377464,31,-1,-45,1
09/04/2002 22:46:00,247,-21.81699084,31,-2,-45,1
09/04/2002 22:47:00,247,-21.78020703,32,-2,-45,1
09/04/2002 22:48:00,247,-21.72264982,31,-2,-44,1
09/04/2002 22:49:00,247,-21.66509261,32,-2,-45,1
09/04/2002 22:50:00,247,-21.60753539,31,-3,-45,1
09/04/2002 22:51:00,247,-21.54997818,31,-3,-44,1
09/04/2002 22:52:00,247,-21.49242097,31,-3,-45,1
09/04/2002 22:53:00,247,-21.44620146,31,-3,-44,1
09/04/2002 22:54:00,247,-21.39998195,30,-3,-44,1
09/04/2002 22:55:00,247,-21.35376243,30,-3,-44,1
09/04/2002 22:56:00,247,-21.30754292,30,-3,-45,1
09/04/2002 22:57:00,247,-21.26132341,30,-3,-45,1
09/04/2002 22:58:00,247,-21.22099032,29,-3,-46,1
09/04/2002 22:59:00,247,-21.18065723,29,-4,-46,1
09/04/2002 23:00:00,247,-21.14032413,29,-4,-46,1
09/04/2002 23:01:00,247,-21.09999104,28,-4,-46,1
09/04/2002 23:02:00,247,-21.05965795,28,-4,-47,1
09/04/2002 23:03:00,247,-21.01972416,29,-4,-47,1
09/04/2002 23:04:00,247,-20.97979036,30,-4,-48,1
09/04/2002 23:05:00,247,-20.93985657,31,-4,-47,1
09/04/2002 23:06:00,247,-20.89992277,31,-4,-47,1
09/04/2002 23:07:00,247,-20.85998898,32,-4,-47,1
09/04/2002 23:08:00,247,-20.83602424,32,-4,-47,1
09/04/2002 23:09:00,247,-20.8120595,33,-4,-47,1
09/04/2002 23:10:00,247,-20.78809476,32,-4,-46,1
09/04/2002 23:11:00,247,-20.76413002,32,-3,-46,1
09/04/2002 23:12:00,247,-20.74016529,33,-3,-46,1
09/04/2002 23:13:00,247,-20.6559265,33,-3,-46,1
09/04/2002 23:14:00,247,-20.57168772,33,-3,-46,1
09/04/2002 23:15:00,247,-20.48744894,34,-3,-45,1
09/04/2002 23:16:00,247,-20.40321016,35,-3,-45,1
09/04/2002 23:17:00,247,-20.31897138,35,-3,-45,1
09/04/2002 23:18:00,247,-20.29498001,35,-3,-45,1
09/04/2002 23:19:00,247,-20.27098864,35,-3,-46,1
09/04/2002 23:20:00,247,-20.24699728,35,-3,-45,1
09/04/2002 23:21:00,247,-20.22300591,34,-3,-45,1
09/04/2002 23:22:00,247,-20.19901455,34,-3,-45,1
09/04/2002 23:23:00,247,-20.12286538,34,-3,-44,1
09/04/2002 23:24:00,247,-20.04671622,34,-3,-44,1
09/04/2002 23:25:00,247,-19.97056706,34,-3,-44,1
09/04/2002 23:26:00,247,-19.89441789,34,-3,-44,1
09/04/2002 23:27:00,247,-19.81826873,33,-3,-44,1
09/04/2002 23:28:00,247,-19.75370684,34,-3,-44,1
09/04/2002 23:29:00,247,-19.68914495,34,-3,-43,1
09/04/2002 23:30:00,247,-19.62458306,33,-3,-42,1
09/04/2002 23:31:00,247,-19.56002118,34,-3,-42,1
09/04/2002 23:32:00,247,-19.49545929,35,-3,-41,1
09/04/2002 23:33:00,247,-19.44308166,34,-3,-41,1
09/04/2002 23:34:00,247,-19.39070402,36,-3,-40,1
09/04/2002 23:35:00,247,-19.33832639,37,-3,-40,1
09/04/2002 23:36:00,247,-19.28594876,37,-3,-40,1
09/04/2002 23:37:00,247,-19.23357113,37,-3,-40,1
09/04/2002 23:38:00,247,-19.13965531,38,-2,-39,1
09/04/2002 23:39:00,247,-19.04573949,37,-2,-40,1
09/04/2002 23:40:00,247,-18.95182367,36,-3,-41,1
09/04/2002 23:41:00,247,-18.85790785,36,-3,-41,1
09/04/2002 23:42:00,247,-18.76399203,36,-3,-41,1
09/04/2002 23:43:00,247,-18.71602135,36,-3,-40,1
09/04/2002 23:44:00,247,-18.66805066,37,-3,-40,1
09/04/2002 23:45:00,247,-18.62007998,38,-3,-39,1
09/04/2002 23:46:00,247,-18.57210929,40,-3,-38,1
09/04/2002 23:47:00,247,-18.5241386,40,-2,-38,1
09/04/2002 23:48:00,247,-18.46690611,41,-3,-38,1
09/04/2002 23:49:00,247,-18.40967361,42,-2,-37,1
09/04/2002 23:50:00,247,-18.35244112,42,-2,-38,1
09/04/2002 23:51:00,247,-18.29520862,41,-2,-37,1
09/04/2002 23:52:00,247,-18.23797613,40,-2,-38,1
09/04/2002 23:53:00,247,-18.1949632,40,-2,-38,1
09/04/2002 23:54:00,247,-18.15195026,40,-3,-38,1
09/04/2002 23:55:00,247,-18.10893733,40,-3,-38,1
09/04/2002 23:56:00,247,-18.06592439,42,-3,-37,1
09/04/2002 23:57:00,247,-18.02291146,42,-2,-37,1
09/04/2002 23:58:00,247,-17.17395268,41,-2,-37,1
09/04/2002 23:59:00,247,-16.3249939,40,-2,-37,1
09/05/2002 00:00:00,248,-15.47603513,40,-2,-37,1
09/05/2002 00:01:00,248,-14.62707635,40,-2,-37,1
09/05/2002 00:02:00,248,-13.77811757,40,-2,-37,1
09/05/2002 00:03:00,248,-13.69674641,40,-2,-36,1
09/05/2002 00:04:00,248,-13.61537524,41,-2,-35,1
09/05/2002 00:05:00,248,-13.53400408,41,-2,-36,1
09/05/2002 00:06:00,248,-13.45263291,41,-2,-36,1
09/05/2002 00:07:00,248,-13.37126175,44,-2,-37,1
09/05/2002 00:08:00,248,-13.31158379,44,-3,-38,1
09/05/2002 00:09:00,248,-13.25190584,44,-2,-37,1
09/05/2002 00:10:00,248,-13.19222788,44,-2,-37,1
09/05/2002 00:11:00,248,-13.13254993,44,-2,-35,1
09/05/2002 00:12:00,248,-13.07287197,44,-2,-35,1
09/05/2002 00:13:00,248,-13.01024625,44,-2,-35,1
09/05/2002 00:14:00,248,-12.94762053,45,-2,-35,1
09/05/2002 00:15:00,248,-12.8849948,44,-1,-35,1
09/05/2002 00:16:00,248,-12.82236908,45,-1,-34,1
09/05/2002 00:17:00,248,-12.75974336,46,-2,-34,1
09/05/2002 00:18:00,248,-12.65460771,45,-2,-34,1
09/05/2002 00:19:00,248,-12.54947207,45,-2,-34,1
09/05/2002 00:20:00,248,-12.44433642,46,-2,-34,1
09/05/2002 00:21:00,248,-12.33920078,45,-1,-34,1
09/05/2002 00:22:00,248,-12.23406513,45,-2,-34,1
09/05/2002 00:23:00,248,-12.09366693,44,-1,-33,1
09/05/2002 00:24:00,248,-11.95326873,45,-1,-33,1
09/05/2002 00:25:00,248,-11.81287053,45,-1,-32,1
09/05/2002 00:26:00,248,-11.67247233,44,-1,-32,1
09/05/2002 00:27:00,248,-11.53207413,44,-1,-32,1
09/05/2002 00:28:00,248,-11.50326569,45,-1,-33,1
09/05/2002 00:29:00,248,-11.47445724,46,-1,-33,1
09/05/2002 00:30:00,248,-11.44564879,47,-2,-33,1
09/05/2002 00:31:00,248,-11.41684034,47,-2,-33,1
09/05/2002 00:32:00,248,-11.38803189,47,-2,-33,1
09/05/2002 00:33:00,248,-11.31852312,47,-2,-33,1
09/05/2002 00:34:00,248,-11.24901435,48,-2,-32,1
09/05/2002 00:35:00,248,-11.17950559,48,-2,-32,1
09/05/2002 00:36:00,248,-11.10999682,47,-2,-32,1
09/05/2002 00:37:00,248,-11.04048805,47,-2,-32,1
09/05/2002 00:38:00,248,-10.93871142,48,-2,-32,1
09/05/2002 00:39:00,248,-10.8369348,49,-2,-32,1
09/05/2002 00:40:00,248,-10.73515817,49,-2,-33,1
09/05/2002 00:41:00,248,-10.63338155,48,-2,-33,1
09/05/2002 00:42:00,248,-10.53160492,49,-3,-33,1
09/05/2002 00:43:00,248,-10.40688246,49,-3,-33,1
09/05/2002 00:44:00,248,-10.28216001,48,-2,-33,1
09/05/2002 00:45:00,248,-10.15743755,48,-2,-33,1
09/05/2002 00:46:00,248,-10.03271509,47,-2,-32,1
09/05/2002 00:47:00,248,-9.907992633,47,-2,-32,1
09/05/2002 00:48:00,248,-9.875144818,47,-1,-32,1
09/05/2002 00:49:00,248,-9.842297003,48,-2,-32,1
09/05/2002 00:50:00,248,-9.809449188,48,-2,-32,1
09/05/2002 00:51:00,248,-9.776601373,49,-2,-32,1
09/05/2002 00:52:00,248,-9.743753558,47,-1,-31,1
09/05/2002 00:53:00,248,-9.70833988,46,-1,-30,1
09/05/2002 00:54:00,248,-9.672926201,47,-1,-29,1
09/05/2002 00:55:00,248,-9.637512523,46,-1,-30,1
09/05/2002 00:56:00,248,-9.602098845,48,-1,-31,1
09/05/2002 00:57:00,248,-9.566685166,49,-2,-31,1
09/05/2002 00:58:00,248,-9.465142147,49,-2,-31,1
09/05/2002 00:59:00,248,-9.363599128,49,-2,-30,1
09/05/2002 01:00:00,248,-9.262056108,47,-2,-30,1
09/05/2002 01:01:00,248,-9.160513089,47,-2,-30,1
09/05/2002 01:02:00,248,-9.05897007,49,-2,-31,1
09/05/2002 01:03:00,248,-9.021666625,48,-2,-31,1
09/05/2002 01:04:00,248,-8.98436318,48,-2,-31,1
09/05/2002 01:05:00,248,-8.947059735,49,-3,-31,1
09/05/2002 01:06:00,248,-8.90975629,49,-3,-32,1
09/05/2002 01:07:00,248,-8.872452846,48,-2,-32,1
09/05/2002 01:08:00,248,-8.817878756,49,-3,-32,1
09/05/2002 01:09:00,248,-8.763304666,48,-3,-32,1
09/05/2002 01:10:00,248,-8.708730576,49,-3,-32,1
09/05/2002 01:11:00,248,-8.654156486,49,-3,-33,1
09/05/2002 01:12:00,248,-8.599582397,50,-3,-33,1
09/05/2002 01:13:00,248,-8.509918961,48,-3,-33,1
09/05/2002 01:14:00,248,-8.420255524,48,-3,-33,1
09/05/2002 01:15:00,248,-8.330592088,49,-2,-33,1
09/05/2002 01:16:00,248,-8.240928652,49,-2,-33,1
09/05/2002 01:17:00,248,-8.151265216,48,-2,-33,1
09/05/2002 01:18:00,248,-8.113821366,48,-2,-33,1
09/05/2002 01:19:00,248,-8.076377516,48,-2,-33,1
09/05/2002 01:20:00,248,-8.038933666,49,-2,-33,1
09/05/2002 01:21:00,248,-8.001489815,48,-2,-33,1
09/05/2002 01:22:00,248,-7.964045965,47,-1,-32,1
09/05/2002 01:23:00,248,-7.901913067,48,-1,-31,1
09/05/2002 01:24:00,248,-7.839780169,48,-1,-30,1
09/05/2002 01:25:00,248,-7.77764727,48,-1,-30,1
09/05/2002 01:26:00,248,-7.715514372,47,-1,-31,1
09/05/2002 01:27:00,248,-7.653381474,47,-2,-31,1
09/05/2002 01:28:00,248,-7.582522939,47,-2,-31,1
09/05/2002 01:29:00,248,-7.511664405,47,-2,-31,1
09/05/2002 01:30:00,248,-7.440805871,47,-2,-31,1
09/05/2002 01:31:00,248,-7.369947336,46,-2,-31,1
09/05/2002 01:32:00,248,-7.299088802,47,-2,-32,1
09/05/2002 01:33:00,248,-7.202262623,47,-2,-32,1
09/05/2002 01:34:00,248,-7.105436444,47,-2,-32,1
09/05/2002 01:35:00,248,-7.008610265,45,-2,-32,1
09/05/2002 01:36:00,248,-6.911784086,46,-2,-32,1
09/05/2002 01:37:00,248,-6.814957907,46,-3,-32,1
09/05/2002 01:38:00,248,-6.78479549,47,-3,-32,1
09/05/2002 01:39:00,248,-6.754633072,47,-3,-32,1
09/05/2002 01:40:00,248,-6.724470655,47,-3,-32,1
09/05/2002 01:41:00,248,-6.694308237,47,-2,-32,1
09/05/2002 01:42:00,248,-6.66414582,47,-2,-32,1
09/05/2002 01:43:00,248,-6.60532435,48,-2,-32,1
09/05/2002 01:44:00,248,-6.54650288,46,-2,-31,1
09/05/2002 01:45:00,248,-6.48768141,46,-2,-31,1
09/05/2002 01:46:00,248,-6.42885994,46,-2,-31,1
09/05/2002 01:47:00,248,-6.37003847,46,-2,-32,1
09/05/2002 01:48:00,248,-6.323512313,45,-2,-32,1
09/05/2002 01:49:00,248,-6.276986156,45,-2,-32,1
09/05/2002 01:50:00,248,-6.230459999,45,-3,-32,1
09/05/2002 01:51:00,248,-6.183933842,45,-3,-33,1
09/05/2002 01:52:00,248,-6.137407685,45,-3,-32,1
09/05/2002 01:53:00,248,-6.120013754,45,-2,-32,1
09/05/2002 01:54:00,248,-6.102619823,44,-2,-33,1
09/05/2002 01:55:00,248,-6.085225892,45,-2,-33,1
09/05/2002 01:56:00,248,-6.067831961,46,-2,-32,1
09/05/2002 01:57:00,248,-6.05043803,45,-2,-32,1
09/05/2002 01:58:00,248,-6.062429858,45,-2,-32,1
09/05/2002 01:59:00,248,-6.074421687,45,-2,-32,1
09/05/2002 02:00:00,248,-6.086413515,46,-2,-32,1
09/05/2002 02:01:00,248,-6.098405344,45,-2,-32,1
09/05/2002 02:02:00,248,-6.110397172,46,-2,-32,1
09/05/2002 02:03:00,248,-6.059933882,46,-2,-31,1
09/05/2002 02:04:00,248,-6.009470591,46,-2,-31,1
09/05/2002 02:05:00,248,-5.959007301,46,-2,-31,1
09/05/2002 02:06:00,248,-5.90854401,46,-2,-30,1
09/05/2002 02:07:00,248,-5.85808072,45,-2,-30,1
09/05/2002 02:08:00,248,-5.897965183,45,-2,-30,1
09/05/2002 02:09:00,248,-5.937849647,45,-2,-30,1
09/05/2002 02:10:00,248,-5.97773411,44,-2,-30,1
09/05/2002 02:11:00,248,-6.017618574,45,-2,-29,1
09/05/2002 02:12:00,248,-6.057503037,46,-2,-29,1
09/05/2002 02:13:00,248,-6.011149224,46,-2,-29,1
09/05/2002 02:14:00,248,-5.96479541,46,-2,-29,1
09/05/2002 02:15:00,248,-5.918441596,45,-2,-29,1
09/05/2002 02:16:00,248,-5.872087783,46,-2,-30,1
09/05/2002 02:17:00,248,-5.825733969,46,-2,-30,1
09/05/2002 02:18:00,248,-5.806364504,46,-2,-30,1
09/05/2002 02:19:00,248,-5.786995038,46,-2,-30,1
09/05/2002 02:20:00,248,-5.767625572,45,-2,-30,1
09/05/2002 02:21:00,248,-5.748256106,45,-2,-30,1
09/05/2002 02:22:00,248,-5.72888664,45,-2,-30,1
09/05/2002 02:23:00,248,-5.73200422,44,-2,-30,1
09/05/2002 02:24:00,248,-5.7351218,44,-2,-31,1
09/05/2002 02:25:00,248,-5.738239379,43,-2,-30,1
09/05/2002 02:26:00,248,-5.741356959,44,-2,-30,1
09/05/2002 02:27:00,248,-5.744474539,43,-2,-31,1
09/05/2002 02:28:00,248,0,43,-2,-31,1
09/05/2002 02:29:00,248,0,43,-2,-31,1
09/05/2002 02:30:00,248,0,43,-2,-31,1
09/05/2002 02:31:00,248,0,43,-2,-31,1
09/05/2002 02:32:00,248,0,42,-2,-31,1
09/05/2002 02:33:00,248,0,43,-2,-30,1
09/05/2002 02:34:00,248,0,43,-2,-30,1
09/05/2002 02:35:00,248,0,43,-1,-29,1
09/05/2002 02:36:00,248,0,43,-1,-29,1
09/05/2002 02:37:00,248,0,43,-1,-29,1
09/05/2002 02:38:00,248,0,43,-1,-29,1
09/05/2002 02:39:00,248,0,44,-1,-29,1
09/05/2002 02:40:00,248,0,43,-1,-28,1
09/05/2002 02:41:00,248,0,43,-1,-28,1
09/05/2002 02:42:00,248,0,43,-1,-28,1
09/05/2002 02:43:00,248,0,42,-1,-28,1
09/05/2002 02:44:00,248,0,41,0,-28,1
09/05/2002 02:45:00,248,0,42,0,-27,1
09/05/2002 02:46:00,248,0,42,0,-27,1
09/05/2002 02:47:00,248,0,44,1,-27,1
09/05/2002 02:48:00,248,0,46,1,-27,1
09/05/2002 02:49:00,248,0,48,1,-27,1
09/05/2002 02:50:00,248,0,49,1,-27,1
09/05/2002 02:51:00,248,0,50,2,-27,1
09/05/2002 02:52:00,248,0,51,2,-27,1
09/05/2002 02:53:00,248,0,52,2,-28,1
09/05/2002 02:54:00,248,0,53,2,-28,1
09/05/2002 02:55:00,248,0,52,2,-28,1
09/05/2002 02:56:00,248,0,52,2,-28,1
09/05/2002 02:57:00,248,0,51,1,-29,1
09/05/2002 02:58:00,248,0,50,1,-29,1
09/05/2002 02:59:00,248,0,50,1,-29,1
09/05/2002 03:00:00,248,0,49,1,-30,1
09/05/2002 03:01:00,248,0,48,1,-30,1
09/05/2002 03:02:00,248,0,48,1,-29,1
09/05/2002 03:03:00,248,0,47,1,-30,1
09/05/2002 03:04:00,248,0,45,1,-30,1
09/05/2002 03:05:00,248,0,47,1,-30,1
09/05/2002 03:06:00,248,0,47,1,-30,1
09/05/2002 03:07:00,248,0,49,1,-30,1
09/05/2002 03:08:00,248,0,48,1,-30,1
09/05/2002 03:09:00,248,0,46,1,-31,1
09/05/2002 03:10:00,248,0,45,1,-30,1
09/05/2002 03:11:00,248,0,45,1,-31,1
09/05/2002 03:12:00,248,0,45,1,-31,1
09/05/2002 03:13:00,248,0,44,1,-32,1
09/05/2002 03:14:00,248,0,42,1,-32,1
09/05/2002 03:15:00,248,0,45,1,-31,1
09/05/2002 03:16:00,248,0,46,2,-31,1
09/05/2002 03:17:00,248,0,50,3,-31,1
09/05/2002 03:18:00,248,0,50,3,-30,1
09/05/2002 03:19:00,248,0,54,4,-30,1
09/05/2002 03:20:00,248,0,57,5,-30,1
09/05/2002 03:21:00,248,0,61,6,-30,1
09/05/2002 03:22:00,248,0,65,7,-30,1
09/05/2002 03:23:00,248,0,69,7,-31,1
09/05/2002 03:24:00,248,0,70,7,-30,1
09/05/2002 03:25:00,248,0,72,7,-30,1
09/05/2002 03:26:00,248,0,74,8,-30,1
09/05/2002 03:27:00,248,0,74,8,-29,1
09/05/2002 03:28:00,248,0,73,8,-29,1
09/05/2002 03:29:00,248,0,73,7,-29,1
09/05/2002 03:30:00,248,0,73,7,-28,1
09/05/2002 03:31:00,248,0,71,7,-28,1
09/05/2002 03:32:00,248,0,73,8,-28,1
09/05/2002 03:33:00,248,0,72,7,-28,1
09/05/2002 03:34:00,248,0,72,7,-28,1
09/05/2002 03:35:00,248,0,70,7,-27,1
09/05/2002 03:36:00,248,0,68,7,-27,1
09/05/2002 03:37:00,248,0,67,7,-27,1
09/05/2002 03:38:00,248,0,66,7,-27,1
09/05/2002 03:39:00,248,0,65,7,-26,1
09/05/2002 03:40:00,248,0,62,6,-26,1
09/05/2002 03:41:00,248,0,60,6,-26,1
09/05/2002 03:42:00,248,0,58,6,-27,1
09/05/2002 03:43:00,248,0,57,6,-27,1
09/05/2002 03:44:00,248,0,54,5,-27,1
09/05/2002 03:45:00,248,0,53,5,-27,1
09/05/2002 03:46:00,248,0,51,5,-27,1
09/05/2002 03:47:00,248,0,49,5,-26,1
09/05/2002 03:48:00,248,0,46,5,-27,1
09/05/2002 03:49:00,248,0,44,4,-26,1
09/05/2002 03:50:00,248,0,43,4,-26,1
09/05/2002 03:51:00,248,0,42,4,-26,1
09/05/2002 03:52:00,248,0,39,4,-27,1
09/05/2002 03:53:00,248,0,38,4,-28,1
09/05/2002 03:54:00,248,0,37,3,-27,1
09/05/2002 03:55:00,248,0,36,3,-27,1
09/05/2002 03:56:00,248,0,34,3,-27,1
09/05/2002 03:57:00,248,0,33,3,-26,1
09/05/2002 03:58:00,248,0,33,3,-26,1
09/05/2002 03:59:00,248,0,32,3,-26,1
09/05/2002 04:00:00,248,0,32,3,-26,1
09/05/2002 04:01:00,248,0,32,3,-27,1
09/05/2002 04:02:00,248,0,32,3,-27,1
09/05/2002 04:03:00,248,0,31,3,-27,1
09/05/2002 04:04:00,248,0,30,3,-27,1
09/05/2002 04:05:00,248,0,31,3,-27,1
09/05/2002 04:06:00,248,0,30,2,-26,1
09/05/2002 04:07:00,248,0,29,2,-26,1
09/05/2002 04:08:00,248,0,29,2,-26,1
09/05/2002 04:09:00,248,0,28,2,-26,1
09/05/2002 04:10:00,248,0,28,2,-26,1
09/05/2002 04:11:00,248,0,29,1,-26,1
09/05/2002 04:12:00,248,0,29,2,-26,1
09/05/2002 04:13:00,248,0,27,1,-26,1
09/05/2002 04:14:00,248,0,27,1,-26,1
09/05/2002 04:15:00,248,0,27,1,-26,1
09/05/2002 04:16:00,248,0,28,1,-26,1
09/05/2002 04:17:00,248,0,28,1,-26,1
09/05/2002 04:18:00,248,0,28,1,-26,1
09/05/2002 04:19:00,248,0,29,0,-25,1
09/05/2002 04:20:00,248,0,29,0,-25,1
09/05/2002 04:21:00,248,0,28,0,-26,1
09/05/2002 04:22:00,248,0,29,0,-25,1
09/05/2002 04:23:00,248,0,28,0,-25,1
09/05/2002 04:24:00,248,0,28,0,-24,1
09/05/2002 04:25:00,248,0,28,0,-24,1
09/05/2002 04:26:00,248,0,29,0,-23,1
09/05/2002 04:27:00,248,0,29,0,-23,1
09/05/2002 04:28:00,248,0,29,0,-23,1
09/05/2002 04:29:00,248,0,30,0,-23,1
09/05/2002 04:30:00,248,0,31,0,-24,1
09/05/2002 04:31:00,248,0,32,1,-25,1
09/05/2002 04:32:00,248,0,32,1,-25,1
09/05/2002 04:33:00,248,0,32,1,-25,1
09/05/2002 04:34:00,248,0,33,1,-24,1
09/05/2002 04:35:00,248,0,32,1,-23,1
09/05/2002 04:36:00,248,0,31,0,-23,1
09/05/2002 04:37:00,248,0,31,0,-23,1
09/05/2002 04:38:00,248,0,31,1,-23,1
09/05/2002 04:39:00,248,0,31,1,-23,1
09/05/2002 04:40:00,248,0,31,1,-23,1
09/05/2002 04:41:00,248,0,32,1,-23,1
09/05/2002 04:42:00,248,0,32,1,-23,1
09/05/2002 04:43:00,248,0,33,1,-22,1
09/05/2002 04:44:00,248,0,34,1,-21,1
09/05/2002 04:45:00,248,0,34,1,-21,1
09/05/2002 04:46:00,248,0,34,1,-21,1
09/05/2002 04:47:00,248,0,34,1,-21,1
09/05/2002 04:48:00,248,0,34,1,-22,1
09/05/2002 04:49:00,248,0,35,1,-22,1
09/05/2002 04:50:00,248,0,35,1,-22,1
09/05/2002 04:51:00,248,0,34,1,-22,1
09/05/2002 04:52:00,248,0,34,1,-23,1
09/05/2002 04:53:00,248,0,33,1,-23,1
09/05/2002 04:54:00,248,0,32,1,-23,1
09/05/2002 04:55:00,248,0,32,1,-24,1
09/05/2002 04:56:00,248,0,32,1,-24,1
09/05/2002 04:57:00,248,0,31,1,-25,1
09/05/2002 04:58:00,248,0,30,1,-25,1
09/05/2002 04:59:00,248,0,29,1,-25,1
09/05/2002 05:00:00,248,0,28,1,-25,1
09/05/2002 05:01:00,248,0,27,1,-26,1
09/05/2002 05:02:00,248,0,27,1,-26,1
09/05/2002 05:03:00,248,0,26,1,-26,1
09/05/2002 05:04:00,248,0,24,1,-26,1
09/05/2002 05:05:00,248,0,24,1,-26,1
09/05/2002 05:06:00,248,0,23,1,-26,1
09/05/2002 05:07:00,248,0,23,1,-26,1
09/05/2002 05:08:00,248,0,23,1,-26,1
09/05/2002 05:09:00,248,0,20,1,-26,1
09/05/2002 05:10:00,248,0,21,1,-27,1
09/05/2002 05:11:00,248,0,20,1,-27,1
09/05/2002 05:12:00,248,0,20,1,-28,1
09/05/2002 05:13:00,248,0,21,2,-28,1
09/05/2002 05:14:00,248,0,21,2,-28,1
09/05/2002 05:15:00,248,0,20,2,-28,1
09/05/2002 05:16:00,248,0,19,2,-28,1
09/05/2002 05:17:00,248,0,20,2,-29,1
09/05/2002 05:18:00,248,0,18,2,-29,1
09/05/2002 05:19:00,248,0,18,2,-29,1
09/05/2002 05:20:00,248,0,18,2,-29,1
09/05/2002 05:21:00,248,0,18,2,-29,1
09/05/2002 05:22:00,248,0,17,2,-30,1
09/05/2002 05:23:00,248,0,17,2,-30,1
09/05/2002 05:24:00,248,0,18,3,-29,1
09/05/2002 05:25:00,248,0,18,3,-30,1
09/05/2002 05:26:00,248,0,18,3,-31,1
09/05/2002 05:27:00,248,0,18,3,-31,1
09/05/2002 05:28:00,248,0,19,3,-30,1
09/05/2002 05:29:00,248,0,20,3,-30,1
09/05/2002 05:30:00,248,0,23,3,-29,1
09/05/2002 05:31:00,248,0,22,3,-28,1
09/05/2002 05:32:00,248,0,23,3,-28,1
09/05/2002 05:33:00,248,0,24,3,-28,1
09/05/2002 05:34:00,248,0,25,3,-28,1
09/05/2002 05:35:00,248,0,26,3,-27,1
09/05/2002 05:36:00,248,0,26,3,-27,1
09/05/2002 05:37:00,248,0,27,3,-27,1
09/05/2002 05:38:00,248,0,27,3,-27,1
09/05/2002 05:39:00,248,0,28,3,-27,1
09/05/2002 05:40:00,248,0,27,3,-27,1
09/05/2002 05:41:00,248,0,28,3,-27,1
09/05/2002 05:42:00,248,0,28,4,-27,1
09/05/2002 05:43:00,248,0,28,4,-27,1
09/05/2002 05:44:00,248,0,26,4,-27,1
09/05/2002 05:45:00,248,0,26,4,-26,1
09/05/2002 05:46:00,248,0,26,3,-25,1
09/05/2002 05:47:00,248,0,27,3,-25,1
09/05/2002 05:48:00,248,0,26,3,-25,1
09/05/2002 05:49:00,248,0,25,4,-26,1
09/05/2002 05:50:00,248,0,24,4,-27,1
09/05/2002 05:51:00,248,0,22,5,-28,1
09/05/2002 05:52:00,248,0,21,4,-27,1
09/05/2002 05:53:00,248,0,21,4,-27,1
09/05/2002 05:54:00,248,0,22,3,-26,1
09/05/2002 05:55:00,248,0,22,3,-26,1
09/05/2002 05:56:00,248,0,22,2,-26,1
09/05/2002 05:57:00,248,0,21,2,-27,1
09/05/2002 05:58:00,248,0,21,3,-27,1
09/05/2002 05:59:00,248,0,21,3,-27,1
09/05/2002 06:00:00,248,0,20,3,-27,1
09/05/2002 06:01:00,248,0,19,3,-27,1
09/05/2002 06:02:00,248,0,20,3,-26,1
09/05/2002 06:03:00,248,0,19,2,-26,1
09/05/2002 06:04:00,248,0,18,2,-27,1
09/05/2002 06:05:00,248,0,17,2,-27,1
09/05/2002 06:06:00,248,0,17,2,-28,1
09/05/2002 06:07:00,248,0,16,3,-28,1
09/05/2002 06:08:00,248,0,16,3,-28,1
09/05/2002 06:09:00,248,0,16,2,-28,1
09/05/2002 06:10:00,248,0,17,2,-28,1
09/05/2002 06:11:00,248,0,16,2,-28,1
09/05/2002 06:12:00,248,0,16,2,-29,1
09/05/2002 06:13:00,248,0,15,2,-29,1
09/05/2002 06:14:00,248,0,15,2,-29,1
09/05/2002 06:15:00,248,0,15,2,-28,1
09/05/2002 06:16:00,248,0,15,2,-29,1
09/05/2002 06:17:00,248,0,15,2,-29,1
09/05/2002 06:18:00,248,0,15,2,-29,1
09/05/2002 06:19:00,248,0,15,2,-29,1
09/05/2002 06:20:00,248,0,15,2,-29,1
09/05/2002 06:21:00,248,0,14,2,-29,1
09/05/2002 06:22:00,248,0,14,2,-29,1
09/05/2002 06:23:00,248,0,14,2,-29,1
09/05/2002 06:24:00,248,0,14,2,-29,1
09/05/2002 06:25:00,248,0,14,2,-29,1
09/05/2002 06:26:00,248,0,14,2,-29,1
09/05/2002 06:27:00,248,0,14,2,-29,1
09/05/2002 06:28:00,248,0,14,2,-29,1
09/05/2002 06:29:00,248,0,14,2,-29,1
09/05/2002 06:30:00,248,0,13,2,-28,1
09/05/2002 06:31:00,248,0,13,2,-29,1
09/05/2002 06:32:00,248,0,13,2,-28,1
09/05/2002 06:33:00,248,0,13,2,-28,1
09/05/2002 06:34:00,248,0,13,2,-28,1
09/05/2002 06:35:00,248,0,12,2,-28,1
09/05/2002 06:36:00,248,0,12,2,-27,1
09/05/2002 06:37:00,248,0,12,1,-27,1
09/05/2002 06:38:00,248,0,12,1,-27,1
09/05/2002 06:39:00,248,0,13,1,-27,1
09/05/2002 06:40:00,248,0,13,1,-27,1
09/05/2002 06:41:00,248,0,12,1,-27,1
09/05/2002 06:42:00,248,0,13,1,-27,1
09/05/2002 06:43:00,248,0,14,1,-26,1
09/05/2002 06:44:00,248,0,14,1,-27,1
09/05/2002 06:45:00,248,0,14,1,-27,1
09/05/2002 06:46:00,248,0,14,1,-26,1
09/05/2002 06:47:00,248,0,13,1,-27,1
09/05/2002 06:48:00,248,0,13,1,-27,1
09/05/2002 06:49:00,248,0,12,1,-27,1
09/05/2002 06:50:00,248,0,12,1,-27,1
09/05/2002 06:51:00,248,0,12,1,-27,1
09/05/2002 06:52:00,248,0,11,1,-27,1
09/05/2002 06:53:00,248,0,11,1,-27,1
09/05/2002 06:54:00,248,0,11,1,-27,1
09/05/2002 06:55:00,248,0,11,1,-28,1
09/05/2002 06:56:00,248,0,10,1,-29,1
09/05/2002 06:57:00,248,0,10,1,-29,1
09/05/2002 06:58:00,248,0,10,1,-28,1
09/05/2002 06:59:00,248,0,10,1,-28,1
09/05/2002 07:00:00,248,0,11,1,-28,1
09/05/2002 07:01:00,248,0,11,1,-28,1
09/05/2002 07:02:00,248,0,11,1,-28,1
09/05/2002 07:03:00,248,0,11,1,-29,1
09/05/2002 07:04:00,248,0,11,1,-29,1
09/05/2002 07:05:00,248,0,10,1,-29,1
09/05/2002 07:06:00,248,0,10,1,-28,1
09/05/2002 07:07:00,248,0,10,1,-29,1
09/05/2002 07:08:00,248,0,10,1,-29,1
09/05/2002 07:09:00,248,0,11,1,-29,1
09/05/2002 07:10:00,248,0,11,1,-29,1
09/05/2002 07:11:00,248,0,11,0,-28,1
09/05/2002 07:12:00,248,0,10,0,-28,1
09/05/2002 07:13:00,248,0,12,0,-28,1
09/05/2002 07:14:00,248,0,12,0,-28,1
09/05/2002 07:15:00,248,0,12,0,-28,1
09/05/2002 07:16:00,248,0,13,1,-28,1
09/05/2002 07:17:00,248,0,13,1,-29,1
09/05/2002 07:18:00,248,0,13,1,-29,1
09/05/2002 07:19:00,248,0,14,1,-29,1
09/05/2002 07:20:00,248,0,14,1,-29,1
09/05/2002 07:21:00,248,0,15,1,-29,1
09/05/2002 07:22:00,248,0,15,1,-29,1
09/05/2002 07:23:00,248,0,15,1,-29,1
09/05/2002 07:24:00,248,0,16,1,-29,1
09/05/2002 07:25:00,248,0,16,1,-29,1
09/05/2002 07:26:00,248,0,16,1,-30,1
09/05/2002 07:27:00,248,0,16,2,-29,1
09/05/2002 07:28:00,248,0,16,2,-29,1
09/05/2002 07:29:00,248,0,16,2,-30,1
09/05/2002 07:30:00,248,0,16,2,-30,1
09/05/2002 07:31:00,248,0,16,1,-29,1
09/05/2002 07:32:00,248,0,16,1,-29,1
09/05/2002 07:33:00,248,0,16,1,-29,1
09/05/2002 07:34:00,248,0,16,1,-29,1
09/05/2002 07:35:00,248,0,16,1,-29,1
09/05/2002 07:36:00,248,0,15,1,-29,1
09/05/2002 07:37:00,248,0,16,1,-30,1
09/05/2002 07:38:00,248,0,16,1,-30,1
09/05/2002 07:39:00,248,0,16,1,-29,1
09/05/2002 07:40:00,248,0,16,1,-29,1
09/05/2002 07:41:00,248,0,15,1,-29,1
09/05/2002 07:42:00,248,0,14,1,-29,1
09/05/2002 07:43:00,248,0,15,1,-29,1
09/05/2002 07:44:00,248,0,15,1,-29,1
09/05/2002 07:45:00,248,0,14,1,-29,1
09/05/2002 07:46:00,248,0,14,1,-30,1
09/05/2002 07:47:00,248,0,14,1,-30,1
09/05/2002 07:48:00,248,0,14,1,-30,1
09/05/2002 07:49:00,248,0,12,1,-31,1
09/05/2002 07:50:00,248,0,11,1,-30,1
09/05/2002 07:51:00,248,0,11,1,-31,1
09/05/2002 07:52:00,248,0,11,1,-31,1
09/05/2002 07:53:00,248,0,11,1,-31,1
09/05/2002 07:54:00,248,0,11,1,-31,1
09/05/2002 07:55:00,248,0,10,1,-31,1
09/05/2002 07:56:00,248,0,10,1,-31,1
09/05/2002 07:57:00,248,0,11,1,-31,1
09/05/2002 07:58:00,248,0,10,1,-30,1
09/05/2002 07:59:00,248,0,10,1,-30,1
09/05/2002 08:00:00,248,0,11,1,-30,1
09/05/2002 08:01:00,248,0,11,1,-30,1
09/05/2002 08:02:00,248,0,11,1,-30,1
09/05/2002 08:03:00,248,0,10,1,-30,1
09/05/2002 08:04:00,248,0,10,0,-30,1
09/05/2002 08:05:00,248,0,10,0,-30,1
09/05/2002 08:06:00,248,0,10,0,-30,1
09/05/2002 08:07:00,248,0,11,0,-30,1
09/05/2002 08:08:00,248,0,10,0,-29,1
09/05/2002 08:09:00,248,0,10,0,-29,1
09/05/2002 08:10:00,248,0,10,0,-29,1
09/05/2002 08:11:00,248,0,10,0,-29,1
09/05/2002 08:12:00,248,0,9,0,-28,1
09/05/2002 08:13:00,248,0,9,0,-28,1
09/05/2002 08:14:00,248,0,9,-1,-28,1
09/05/2002 08:15:00,248,0,10,0,-28,1
09/05/2002 08:16:00,248,0,10,0,-28,1
09/05/2002 08:17:00,248,0,10,0,-28,1
09/05/2002 08:18:00,248,0,9,-1,-27,1
09/05/2002 08:19:00,248,0,9,-1,-27,1
09/05/2002 08:20:00,248,0,9,-1,-27,1
09/05/2002 08:21:00,248,0,10,-1,-27,1
09/05/2002 08:22:00,248,0,9,-1,-27,1
09/05/2002 08:23:00,248,0,9,-1,-27,1
09/05/2002 08:24:00,248,0,9,-1,-27,1
09/05/2002 08:25:00,248,0,9,-1,-27,1
09/05/2002 08:26:00,248,0,9,0,-27,1
09/05/2002 08:27:00,248,0,8,0,-27,1
09/05/2002 08:28:00,248,0,9,0,-28,1
09/05/2002 08:29:00,248,0,9,-1,-27,1
09/05/2002 08:30:00,248,0,9,-1,-27,1
09/05/2002 08:31:00,248,0,9,-1,-27,1
09/05/2002 08:32:00,248,0,10,-1,-26,1
09/05/2002 08:33:00,248,0,9,-1,-26,1
09/05/2002 08:34:00,248,0,10,-1,-26,1
09/05/2002 08:35:00,248,0,11,-1,-26,1
09/05/2002 08:36:00,248,0,10,-1,-25,1
09/05/2002 08:37:00,248,0,10,-1,-25,1
09/05/2002 08:38:00,248,0,10,-1,-26,1
09/05/2002 08:39:00,248,0,11,-1,-25,1
09/05/2002 08:40:00,248,0,11,-1,-25,1
09/05/2002 08:41:00,248,0,11,-1,-25,1
09/05/2002 08:42:00,248,0,11,0,-25,1
09/05/2002 08:43:00,248,0,11,0,-26,1
09/05/2002 08:44:00,248,0,11,0,-25,1
09/05/2002 08:45:00,248,0,13,0,-25,1
09/05/2002 08:46:00,248,0,13,0,-26,1
09/05/2002 08:47:00,248,0,13,0,-25,1
09/05/2002 08:48:00,248,0,13,0,-26,1
09/05/2002 08:49:00,248,0,13,0,-26,1
09/05/2002 08:50:00,248,0,14,0,-26,1
09/05/2002 08:51:00,248,0,14,0,-26,1
09/05/2002 08:52:00,248,0,14,0,-26,1
09/05/2002 08:53:00,248,0,15,0,-27,1
09/05/2002 08:54:00,248,0,15,0,-27,1
09/05/2002 08:55:00,248,0,16,0,-27,1
09/05/2002 08:56:00,248,0,16,-1,-27,1
09/05/2002 08:57:00,248,0,16,-1,-27,1
09/05/2002 08:58:00,248,0,16,0,-27,1
09/05/2002 08:59:00,248,0,16,-1,-27,1
09/05/2002 09:00:00,248,0,16,0,-27,1
09/05/2002 09:01:00,248,0,16,0,-27,1
09/05/2002 09:02:00,248,0,16,-1,-27,1
09/05/2002 09:03:00,248,0,16,-1,-26,1
09/05/2002 09:04:00,248,0,16,-1,-27,1
09/05/2002 09:05:00,248,0,16,-1,-26,1
09/05/2002 09:06:00,248,0,18,-1,-26,1
09/05/2002 09:07:00,248,0,18,-1,-27,1
09/05/2002 09:08:00,248,0,18,-1,-26,1
09/05/2002 09:09:00,248,0,18,-1,-27,1
09/05/2002 09:10:00,248,0,18,-1,-27,1
09/05/2002 09:11:00,248,0,18,-1,-27,1
09/05/2002 09:12:00,248,0,18,-1,-27,1
09/05/2002 09:13:00,248,0,18,-1,-27,1
09/05/2002 09:14:00,248,0,18,-1,-27,1
09/05/2002 09:15:00,248,0,18,-1,-27,1
09/05/2002 09:16:00,248,0,17,-1,-27,1
09/05/2002 09:17:00,248,0,17,-1,-27,1
09/05/2002 09:18:00,248,0,16,-1,-27,1
09/05/2002 09:19:00,248,0,16,-1,-27,1
09/05/2002 09:20:00,248,0,15,-1,-28,1
09/05/2002 09:21:00,248,0,14,-1,-28,1
09/05/2002 09:22:00,248,0,15,-1,-29,1
09/05/2002 09:23:00,248,0,14,-1,-28,1
09/05/2002 09:24:00,248,0,15,-1,-29,1
09/05/2002 09:25:00,248,0,16,-1,-28,1
09/05/2002 09:26:00,248,0,15,-1,-28,1
09/05/2002 09:27:00,248,0,16,-1,-27,1
09/05/2002 09:28:00,248,0,15,-1,-27,1
09/05/2002 09:29:00,248,0,15,-1,-27,1
09/05/2002 09:30:00,248,0,14,-1,-27,1
09/05/2002 09:31:00,248,0,15,-1,-26,1
09/05/2002 09:32:00,248,0,16,-1,-26,1
09/05/2002 09:33:00,248,0,16,-1,-25,1
09/05/2002 09:34:00,248,0,14,-1,-25,1
09/05/2002 09:35:00,248,0,14,-1,-25,1
09/05/2002 09:36:00,248,0,12,-1,-25,1
09/05/2002 09:37:00,248,0,11,-1,-25,1
09/05/2002 09:38:00,248,0,11,-1,-25,1
09/05/2002 09:39:00,248,0,12,-1,-25,1
09/05/2002 09:40:00,248,0,13,-1,-25,1
09/05/2002 09:41:00,248,0,13,-1,-25,1
09/05/2002 09:42:00,248,0,12,-1,-26,1
09/05/2002 09:43:00,248,0,11,-1,-25,1
09/05/2002 09:44:00,248,0,12,-1,-25,1
09/05/2002 09:45:00,248,0,11,-1,-25,1
09/05/2002 09:46:00,248,0,10,-1,-25,1
09/05/2002 09:47:00,248,0,10,-1,-25,1
09/05/2002 09:48:00,248,0,10,-1,-25,1
09/05/2002 09:49:00,248,0,11,-1,-24,1
09/05/2002 09:50:00,248,0,11,-1,-24,1
09/05/2002 09:51:00,248,0,11,-1,-24,1
09/05/2002 09:52:00,248,0,11,-1,-24,1
09/05/2002 09:53:00,248,0,11,-1,-24,1
09/05/2002 09:54:00,248,0,12,-1,-24,1
09/05/2002 09:55:00,248,0,12,-1,-24,1
09/05/2002 09:56:00,248,0,11,-1,-24,1
09/05/2002 09:57:00,248,0,12,-1,-23,1
09/05/2002 09:58:00,248,0,12,-1,-23,1
09/05/2002 09:59:00,248,0,12,-1,-24,1
09/05/2002 10:00:00,248,0,13,-1,-24,1
09/05/2002 10:01:00,248,0,13,-1,-23,1
09/05/2002 10:02:00,248,0,12,-1,-23,1
09/05/2002 10:03:00,248,0,12,-2,-23,1
09/05/2002 10:04:00,248,0,12,-1,-23,1
09/05/2002 10:05:00,248,0,12,-1,-23,1
09/05/2002 10:06:00,248,0,11,-2,-23,1
09/05/2002 10:07:00,248,0,11,-2,-23,1
09/05/2002 10:08:00,248,0,12,-1,-23,1
09/05/2002 10:09:00,248,0,13,-1,-23,1
09/05/2002 10:10:00,248,0,13,-1,-23,1
09/05/2002 10:11:00,248,0,13,-1,-22,1
09/05/2002 10:12:00,248,0,13,-1,-22,1
09/05/2002 10:13:00,248,0,13,-1,-22,1
09/05/2002 10:14:00,248,0,11,-1,-23,1
09/05/2002 10:15:00,248,0,11,-1,-23,1
09/05/2002 10:16:00,248,0,12,-1,-23,1
09/05/2002 10:17:00,248,0,13,-1,-23,1
09/05/2002 10:18:00,248,0,13,-1,-23,1
09/05/2002 10:19:00,248,0,13,-1,-22,1
09/05/2002 10:20:00,248,0,14,-1,-22,1
09/05/2002 10:21:00,248,0,14,-1,-22,1
09/05/2002 10:22:00,248,0,14,-1,-22,1
09/05/2002 10:23:00,248,0,14,-1,-22,1
09/05/2002 10:24:00,248,0,14,-1,-22,1
09/05/2002 10:25:00,248,0,15,-1,-21,1
09/05/2002 10:26:00,248,0,15,-1,-21,1
09/05/2002 10:27:00,248,0,14,-1,-21,1
09/05/2002 10:28:00,248,0,13,-1,-21,1
09/05/2002 10:29:00,248,0,13,-1,-21,1
09/05/2002 10:30:00,248,0,13,-1,-21,1
09/05/2002 10:31:00,248,0,13,-1,-21,1
09/05/2002 10:32:00,248,0,15,-1,-21,1
09/05/2002 10:33:00,248,0,16,-1,-21,1
09/05/2002 10:34:00,248,0,16,-1,-21,1
09/05/2002 10:35:00,248,0,16,-1,-21,1
09/05/2002 10:36:00,248,0,17,-1,-21,1
09/05/2002 10:37:00,248,0,17,-1,-21,1
09/05/2002 10:38:00,248,0,16,-1,-21,1
09/05/2002 10:39:00,248,0,16,-1,-21,1
09/05/2002 10:40:00,248,0,16,-1,-21,1
09/05/2002 10:41:00,248,0,16,0,-21,1
09/05/2002 10:42:00,248,0,15,-1,-21,1
09/05/2002 10:43:00,248,0,14,-1,-21,1
09/05/2002 10:44:00,248,0,13,0,-22,1
09/05/2002 10:45:00,248,0,14,-1,-21,1
09/05/2002 10:46:00,248,0,12,-1,-21,1
09/05/2002 10:47:00,248,0,14,-1,-21,1
09/05/2002 10:48:00,248,0,13,-1,-20,1
09/05/2002 10:49:00,248,0,13,0,-21,1
09/05/2002 10:50:00,248,0,12,-1,-21,1
09/05/2002 10:51:00,248,0,12,-1,-21,1
09/05/2002 10:52:00,248,0,12,-1,-21,1
09/05/2002 10:53:00,248,0,11,-1,-20,1
09/05/2002 10:54:00,248,0,12,-1,-21,1
09/05/2002 10:55:00,248,0,13,0,-21,1
09/05/2002 10:56:00,248,0,13,0,-21,1
09/05/2002 10:57:00,248,0,14,0,-20,1
09/05/2002 10:58:00,248,0,14,0,-20,1
09/05/2002 10:59:00,248,0,14,0,-20,1
09/05/2002 11:00:00,248,0,14,0,-20,1
09/05/2002 11:01:00,248,0,15,0,-20,1
09/05/2002 11:02:00,248,0,15,0,-20,1
09/05/2002 11:03:00,248,0,15,0,-20,1
09/05/2002 11:04:00,248,0,17,0,-20,1
09/05/2002 11:05:00,248,0,17,0,-20,1
09/05/2002 11:06:00,248,0,18,0,-20,1
09/05/2002 11:07:00,248,0,19,0,-20,1
09/05/2002 11:08:00,248,0,18,-1,-20,1
09/05/2002 11:09:00,248,0,18,0,-20,1
09/05/2002 11:10:00,248,0,17,0,-20,1
09/05/2002 11:11:00,248,0,17,0,-20,1
09/05/2002 11:12:00,248,0,17,0,-20,1
09/05/2002 11:13:00,248,0,17,0,-20,1
09/05/2002 11:14:00,248,0,18,0,-20,1
09/05/2002 11:15:00,248,0,18,0,-19,1
09/05/2002 11:16:00,248,0,17,0,-19,1
09/05/2002 11:17:00,248,0,17,0,-19,1
09/05/2002 11:18:00,248,0,17,0,-19,1
09/05/2002 11:19:00,248,0,17,0,-18,1
09/05/2002 11:20:00,248,0,17,0,-18,1
09/05/2002 11:21:00,248,0,17,0,-18,1
09/05/2002 11:22:00,248,0,16,0,-18,1
09/05/2002 11:23:00,248,0,18,0,-19,1
09/05/2002 11:24:00,248,0,17,0,-19,1
09/05/2002 11:25:00,248,0,17,1,-19,1
09/05/2002 11:26:00,248,0,16,1,-19,1
09/05/2002 11:27:00,248,0,16,1,-20,1
09/05/2002 11:28:00,248,0,17,1,-20,1
09/05/2002 11:29:00,248,0,18,1,-20,1
09/05/2002 11:30:00,248,0,17,1,-20,1
09/05/2002 11:31:00,248,0,17,1,-21,1
09/05/2002 11:32:00,248,0,18,1,-21,1
09/05/2002 11:33:00,248,0,18,1,-21,1
09/05/2002 11:34:00,248,0,18,1,-21,1
09/05/2002 11:35:00,248,0,18,1,-21,1
09/05/2002 11:36:00,248,0,18,0,-21,1
09/05/2002 11:37:00,248,0,17,1,-21,1
09/05/2002 11:38:00,248,0,17,0,-21,1
09/05/2002 11:39:00,248,0,17,1,-21,1
09/05/2002 11:40:00,248,0,18,1,-21,1
09/05/2002 11:41:00,248,0,18,1,-21,1
09/05/2002 11:42:00,248,0,19,0,-21,1
09/05/2002 11:43:00,248,0,20,0,-22,1
09/05/2002 11:44:00,248,0,20,1,-22,1
09/05/2002 11:45:00,248,0,19,1,-22,1
09/05/2002 11:46:00,248,0,19,1,-22,1
09/05/2002 11:47:00,248,0,21,1,-22,1
09/05/2002 11:48:00,248,0,21,1,-22,1
09/05/2002 11:49:00,248,0,21,1,-21,1
09/05/2002 11:50:00,248,0,22,0,-21,1
09/05/2002 11:51:00,248,0,21,1,-20,1
09/05/2002 11:52:00,248,0,22,1,-20,1
09/05/2002 11:53:00,248,0,21,1,-20,1
09/05/2002 11:54:00,248,0,21,1,-20,1
09/05/2002 11:55:00,248,0,21,1,-20,1
09/05/2002 11:56:00,248,0,22,1,-20,1
09/05/2002 11:57:00,248,0,22,1,-20,1
09/05/2002 11:58:00,248,0,23,1,-19,1
09/05/2002 11:59:00,248,0,24,1,-20,1
09/05/2002 12:00:00,248,0,24,1,-19,1
09/05/2002 12:01:00,248,0,23,1,-19,1
09/05/2002 12:02:00,248,0,22,1,-19,1
09/05/2002 12:03:00,248,0,22,1,-19,1
09/05/2002 12:04:00,248,0,22,1,-19,1
09/05/2002 12:05:00,248,0,21,0,-18,1
09/05/2002 12:06:00,248,0,21,0,-18,1
09/05/2002 12:07:00,248,0,21,0,-18,1
09/05/2002 12:08:00,248,0,19,0,-18,1
09/05/2002 12:09:00,248,0,18,0,-18,1
09/05/2002 12:10:00,248,0,18,0,-18,1
09/05/2002 12:11:00,248,0,19,0,-19,1
09/05/2002 12:12:00,248,0,17,0,-19,1
09/05/2002 12:13:00,248,0,17,0,-19,1
09/05/2002 12:14:00,248,0,17,0,-19,1
09/05/2002 12:15:00,248,0,17,0,-19,1
09/05/2002 12:16:00,248,0,17,0,-19,1
09/05/2002 12:17:00,248,0,17,0,-19,1
09/05/2002 12:18:00,248,0,17,0,-19,1
09/05/2002 12:19:00,248,0,17,0,-20,1
09/05/2002 12:20:00,248,0,17,-1,-20,1
09/05/2002 12:21:00,248,0,18,0,-20,1
09/05/2002 12:22:00,248,0,18,-1,-20,1
09/05/2002 12:23:00,248,0,18,-1,-20,1
09/05/2002 12:24:00,248,0,18,-1,-20,1
09/05/2002 12:25:00,248,0,17,-1,-20,1
09/05/2002 12:26:00,248,0,17,-1,-21,1
09/05/2002 12:27:00,248,0,18,-1,-21,1
09/05/2002 12:28:00,248,0,17,-1,-21,1
09/05/2002 12:29:00,248,0,16,-1,-21,1
09/05/2002 12:30:00,248,0,16,-1,-21,1
09/05/2002 12:31:00,248,0,16,-1,-21,1
09/05/2002 12:32:00,248,0,15,-1,-21,1
09/05/2002 12:33:00,248,0,16,-1,-21,1
09/05/2002 12:34:00,248,0,16,-1,-20,1
09/05/2002 12:35:00,248,0,16,-1,-20,1
09/05/2002 12:36:00,248,0,16,-1,-20,1
09/05/2002 12:37:00,248,0,16,-1,-20,1
09/05/2002 12:38:00,248,0,16,-1,-20,1
09/05/2002 12:39:00,248,0,16,-1,-20,1
09/05/2002 12:40:00,248,0,16,-1,-20,1
09/05/2002 12:41:00,248,0,15,-1,-20,1
09/05/2002 12:42:00,248,0,15,-1,-20,1
09/05/2002 12:43:00,248,0,15,-1,-19,1
09/05/2002 12:44:00,248,0,15,-1,-19,1
09/05/2002 12:45:00,248,0,15,-1,-19,1
09/05/2002 12:46:00,248,0,15,-1,-19,1
09/05/2002 12:47:00,248,0,15,-1,-19,1
09/05/2002 12:48:00,248,0,15,-1,-19,1
09/05/2002 12:49:00,248,0,15,-1,-19,1
09/05/2002 12:50:00,248,0,14,-1,-19,1
09/05/2002 12:51:00,248,0,14,-1,-19,1
09/05/2002 12:52:00,248,0,14,-1,-18,1
09/05/2002 12:53:00,248,0,14,-1,-19,1
09/05/2002 12:54:00,248,0,14,-1,-19,1
09/05/2002 12:55:00,248,0,15,0,-18,1
09/05/2002 12:56:00,248,0,15,0,-18,1
09/05/2002 12:57:00,248,0,15,0,-18,1
09/05/2002 12:58:00,248,0,15,0,-18,1
09/05/2002 12:59:00,248,0,15,0,-18,1
09/05/2002 13:00:00,248,0,15,0,-18,1
09/05/2002 13:01:00,248,0,15,0,-18,1
09/05/2002 13:02:00,248,0,14,0,-18,1
09/05/2002 13:03:00,248,0,14,1,-18,1
09/05/2002 13:04:00,248,0,15,1,-18,1
09/05/2002 13:05:00,248,0,15,1,-18,1
09/05/2002 13:06:00,248,0,15,1,-18,1
09/05/2002 13:07:00,248,0,15,1,-18,1
09/05/2002 13:08:00,248,0,15,1,-17,1
09/05/2002 13:09:00,248,0,16,1,-17,1
09/05/2002 13:10:00,248,0,17,1,-17,1
09/05/2002 13:11:00,248,0,18,1,-17,1
09/05/2002 13:12:00,248,0,18,1,-17,1
09/05/2002 13:13:00,248,0,18,1,-17,1
09/05/2002 13:14:00,248,0,19,1,-17,1
09/05/2002 13:15:00,248,0,19,1,-17,1
09/05/2002 13:16:00,248,0,19,1,-17,1
09/05/2002 13:17:00,248,0,19,1,-17,1
09/05/2002 13:18:00,248,0,19,1,-17,1
09/05/2002 13:19:00,248,0,20,1,-17,1
09/05/2002 13:20:00,248,0,19,1,-17,1
09/05/2002 13:21:00,248,0,19,1,-17,1
09/05/2002 13:22:00,248,0,19,1,-17,1
09/05/2002 13:23:00,248,0,20,1,-17,1
09/05/2002 13:24:00,248,0,20,1,-17,1
09/05/2002 13:25:00,248,0,20,2,-17,1
09/05/2002 13:26:00,248,0,20,1,-18,1
09/05/2002 13:27:00,248,0,20,1,-18,1
09/05/2002 13:28:00,248,0,21,1,-18,1
09/05/2002 13:29:00,248,0,20,1,-18,1
09/05/2002 13:30:00,248,0,20,1,-18,1
09/05/2002 13:31:00,248,0,20,1,-18,1
09/05/2002 13:32:00,248,0,21,1,-18,1
09/05/2002 13:33:00,248,0,21,1,-18,1
09/05/2002 13:34:00,248,0,21,1,-18,1
09/05/2002 13:35:00,248,0,21,1,-18,1
09/05/2002 13:36:00,248,0,21,2,-18,1
09/05/2002 13:37:00,248,0,21,1,-18,1
09/05/2002 13:38:00,248,0,21,2,-18,1
09/05/2002 13:39:00,248,0,20,2,-18,1
09/05/2002 13:40:00,248,0,20,2,-18,1
09/05/2002 13:41:00,248,0,20,2,-18,1
09/05/2002 13:42:00,248,0,21,2,-18,1
09/05/2002 13:43:00,248,0,21,2,-18,1
09/05/2002 13:44:00,248,0,20,2,-18,1
09/05/2002 13:45:00,248,0,20,2,-19,1
09/05/2002 13:46:00,248,0,21,2,-19,1
09/05/2002 13:47:00,248,0,20,2,-19,1
09/05/2002 13:48:00,248,0,21,2,-19,1
09/05/2002 13:49:00,248,0,21,2,-20,1
09/05/2002 13:50:00,248,0,21,2,-20,1
09/05/2002 13:51:00,248,0,21,2,-20,1
09/05/2002 13:52:00,248,0,20,2,-20,1
09/05/2002 13:53:00,248,0,21,2,-21,1
09/05/2002 13:54:00,248,0,21,2,-21,1
09/05/2002 13:55:00,248,0,21,2,-21,1
09/05/2002 13:56:00,248,0,21,2,-21,1
09/05/2002 13:57:00,248,0,21,2,-20,1
09/05/2002 13:58:00,248,0,20,2,-20,1
09/05/2002 13:59:00,248,0,20,2,-20,1
09/05/2002 14:00:00,248,0,20,2,-19,1
09/05/2002 14:01:00,248,0,20,2,-19,1
09/05/2002 14:02:00,248,0,20,3,-19,1
09/05/2002 14:03:00,248,0,21,3,-19,1
09/05/2002 14:04:00,248,0,20,3,-19,1
09/05/2002 14:05:00,248,0,21,3,-19,1
09/05/2002 14:06:00,248,0,21,3,-19,1
09/05/2002 14:07:00,248,0,22,3,-19,1
09/05/2002 14:08:00,248,0,22,3,-19,1
09/05/2002 14:09:00,248,0,22,3,-19,1
09/05/2002 14:10:00,248,0,22,3,-19,1
09/05/2002 14:11:00,248,0,22,4,-20,1
09/05/2002 14:12:00,248,0,21,4,-20,1
09/05/2002 14:13:00,248,0,21,4,-20,1
09/05/2002 14:14:00,248,0,21,4,-20,1
09/05/2002 14:15:00,248,0,20,4,-21,1
09/05/2002 14:16:00,248,0,20,4,-20,1
09/05/2002 14:17:00,248,0,19,4,-21,1
09/05/2002 14:18:00,248,0,20,4,-21,1
09/05/2002 14:19:00,248,0,20,4,-22,1
09/05/2002 14:20:00,248,0,19,4,-22,1
09/05/2002 14:21:00,248,0,19,5,-22,1
09/05/2002 14:22:00,248,0,19,5,-22,1
09/05/2002 14:23:00,248,0,19,5,-23,1
09/05/2002 14:24:00,248,0,19,5,-23,1
09/05/2002 14:25:00,248,0,19,5,-23,1
09/05/2002 14:26:00,248,0,19,5,-23,1
09/05/2002 14:27:00,248,0,19,5,-23,1
09/05/2002 14:28:00,248,0,19,5,-23,1
09/05/2002 14:29:00,248,0,19,5,-23,1
09/05/2002 14:30:00,248,0,21,5,-23,1
09/05/2002 14:31:00,248,0,20,5,-24,1
09/05/2002 14:32:00,248,0,20,5,-24,1
09/05/2002 14:33:00,248,0,19,5,-24,1
09/05/2002 14:34:00,248,0,19,5,-24,1
09/05/2002 14:35:00,248,0,19,5,-24,1
09/05/2002 14:36:00,248,0,20,5,-24,1
09/05/2002 14:37:00,248,0,19,5,-24,1
09/05/2002 14:38:00,248,0,19,5,-24,1
09/05/2002 14:39:00,248,0,20,5,-24,1
09/05/2002 14:40:00,248,0,20,5,-25,1
09/05/2002 14:41:00,248,0,19,5,-25,1
09/05/2002 14:42:00,248,0,18,5,-25,1
09/05/2002 14:43:00,248,0,18,5,-25,1
09/05/2002 14:44:00,248,0,18,5,-25,1
09/05/2002 14:45:00,248,0,17,5,-26,1
09/05/2002 14:46:00,248,0,18,5,-26,1
09/05/2002 14:47:00,248,0,18,5,-26,1
09/05/2002 14:48:00,248,0,18,5,-27,1
09/05/2002 14:49:00,248,0,17,5,-27,1
09/05/2002 14:50:00,248,0,18,6,-26,1
09/05/2002 14:51:00,248,0,18,6,-27,1
09/05/2002 14:52:00,248,0,18,6,-27,1
09/05/2002 14:53:00,248,0,18,6,-27,1
09/05/2002 14:54:00,248,0,18,6,-27,1
09/05/2002 14:55:00,248,0,18,6,-27,1
09/05/2002 14:56:00,248,0,18,6,-27,1
09/05/2002 14:57:00,248,0,17,6,-28,1
09/05/2002 14:58:00,248,0,17,6,-27,1
09/05/2002 14:59:00,248,0,17,6,-27,1
09/05/2002 15:00:00,248,0,17,6,-27,1
09/05/2002 15:01:00,248,0,17,6,-27,1
09/05/2002 15:02:00,248,0,17,6,-27,1
09/05/2002 15:03:00,248,0,18,6,-27,1
09/05/2002 15:04:00,248,0,17,6,-27,1
09/05/2002 15:05:00,248,0,17,6,-27,1
09/05/2002 15:06:00,248,0,16,6,-27,1
09/05/2002 15:07:00,248,0,17,6,-27,1
09/05/2002 15:08:00,248,0,17,6,-27,1
09/05/2002 15:09:00,248,0,16,6,-27,1
09/05/2002 15:10:00,248,0,16,6,-28,1
09/05/2002 15:11:00,248,0,15,6,-28,1
09/05/2002 15:12:00,248,0,15,6,-28,1
09/05/2002 15:13:00,248,0,15,6,-28,1
09/05/2002 15:14:00,248,0,15,6,-28,1
09/05/2002 15:15:00,248,0,15,6,-28,1
09/05/2002 15:16:00,248,0,15,6,-29,1
09/05/2002 15:17:00,248,0,14,6,-28,1
09/05/2002 15:18:00,248,0,14,6,-28,1
09/05/2002 15:19:00,248,0,14,6,-28,1
09/05/2002 15:20:00,248,0,14,6,-28,1
09/05/2002 15:21:00,248,0,15,6,-28,1
09/05/2002 15:22:00,248,0,15,6,-28,1
09/05/2002 15:23:00,248,0,15,6,-28,1
09/05/2002 15:24:00,248,0,14,5,-28,1
09/05/2002 15:25:00,248,0,14,5,-29,1
09/05/2002 15:26:00,248,0,14,5,-29,1
09/05/2002 15:27:00,248,0,14,5,-29,1
09/05/2002 15:28:00,248,0,14,5,-29,1
09/05/2002 15:29:00,248,0,14,5,-29,1
09/05/2002 15:30:00,248,0,14,5,-29,1
09/05/2002 15:31:00,248,0,13,5,-29,1
09/05/2002 15:32:00,248,0,13,5,-29,1
09/05/2002 15:33:00,248,0,14,5,-28,1
09/05/2002 15:34:00,248,0,14,5,-29,1
09/05/2002 15:35:00,248,0,14,5,-28,1
09/05/2002 15:36:00,248,0,14,4,-28,1
09/05/2002 15:37:00,248,0,13,4,-28,1
09/05/2002 15:38:00,248,0,14,4,-28,1
09/05/2002 15:39:00,248,0,12,4,-28,1
09/05/2002 15:40:00,248,0,12,4,-28,1
09/05/2002 15:41:00,248,0,12,4,-28,1
09/05/2002 15:42:00,248,0,12,4,-29,1
09/05/2002 15:43:00,248,0,12,4,-29,1
09/05/2002 15:44:00,248,0,11,4,-28,1
09/05/2002 15:45:00,248,0,11,4,-28,1
09/05/2002 15:46:00,248,0,11,4,-28,1
09/05/2002 15:47:00,248,0,11,4,-28,1
09/05/2002 15:48:00,248,0,12,4,-28,1
09/05/2002 15:49:00,248,0,12,4,-28,1
09/05/2002 15:50:00,248,0,11,4,-28,1
09/05/2002 15:51:00,248,0,11,4,-28,1
09/05/2002 15:52:00,248,0,11,4,-28,1
09/05/2002 15:53:00,248,0,10,4,-28,1
09/05/2002 15:54:00,248,0,10,4,-28,1
09/05/2002 15:55:00,248,0,10,3,-28,1
09/05/2002 15:56:00,248,0,10,3,-28,1
09/05/2002 15:57:00,248,0,10,3,-28,1
09/05/2002 15:58:00,248,0,10,3,-28,1
09/05/2002 15:59:00,248,0,10,3,-27,1
09/05/2002 16:00:00,248,0,10,3,-27,1
09/05/2002 16:01:00,248,0,10,3,-28,1
09/05/2002 16:02:00,248,0,9,3,-27,1
09/05/2002 16:03:00,248,0,9,3,-27,1
09/05/2002 16:04:00,248,0,9,3,-27,1
09/05/2002 16:05:00,248,0,8,3,-28,1
09/05/2002 16:06:00,248,0,7,3,-28,1
09/05/2002 16:07:00,248,0,7,3,-28,1
09/05/2002 16:08:00,248,0,7,3,-28,1
09/05/2002 16:09:00,248,0,7,3,-28,1
09/05/2002 16:10:00,248,0,7,3,-28,1
09/05/2002 16:11:00,248,0,7,3,-27,1
09/05/2002 16:12:00,248,0,7,2,-27,1
09/05/2002 16:13:00,248,0,6,3,-28,1
09/05/2002 16:14:00,248,0,6,3,-27,1
09/05/2002 16:15:00,248,0,7,3,-26,1
09/05/2002 16:16:00,248,0,9,2,-26,1
09/05/2002 16:17:00,248,0,10,2,-25,1
09/05/2002 16:18:00,248,0,13,2,-25,1
09/05/2002 16:19:00,248,0,14,2,-25,1
09/05/2002 16:20:00,248,0,15,2,-24,1
09/05/2002 16:21:00,248,0,17,2,-24,1
09/05/2002 16:22:00,248,0,17,2,-24,1
09/05/2002 16:23:00,248,0,16,2,-24,1
09/05/2002 16:24:00,248,0,16,2,-24,1
09/05/2002 16:25:00,248,0,16,2,-24,1
09/05/2002 16:26:00,248,0,17,2,-24,1
09/05/2002 16:27:00,248,0,17,2,-24,1
09/05/2002 16:28:00,248,0,17,2,-25,1
09/05/2002 16:29:00,248,0,18,2,-24,1
09/05/2002 16:30:00,248,0,18,2,-24,1
09/05/2002 16:31:00,248,0,18,2,-24,1
09/05/2002 16:32:00,248,0,18,2,-24,1
09/05/2002 16:33:00,248,0,18,2,-24,1
09/05/2002 16:34:00,248,0,18,2,-23,1
09/05/2002 16:35:00,248,0,18,2,-23,1
09/05/2002 16:36:00,248,0,18,2,-23,1
09/05/2002 16:37:00,248,0,19,2,-23,1
09/05/2002 16:38:00,248,0,20,2,-23,1
09/05/2002 16:39:00,248,0,21,3,-23,1
09/05/2002 16:40:00,248,0,22,3,-23,1
09/05/2002 16:41:00,248,0,22,2,-23,1
09/05/2002 16:42:00,248,0,22,2,-23,1
09/05/2002 16:43:00,248,0,22,2,-23,1
09/05/2002 16:44:00,248,0,22,2,-23,1
09/05/2002 16:45:00,248,0,22,2,-23,1
09/05/2002 16:46:00,248,0,22,2,-23,1
09/05/2002 16:47:00,248,0,21,3,-23,1
09/05/2002 16:48:00,248,0,20,3,-23,1
09/05/2002 16:49:00,248,0,19,2,-23,1
09/05/2002 16:50:00,248,0,19,3,-23,1
09/05/2002 16:51:00,248,0,18,2,-23,1
09/05/2002 16:52:00,248,0,18,2,-23,1
09/05/2002 16:53:00,248,0,18,3,-23,1
09/05/2002 16:54:00,248,0,16,2,-23,1
09/05/2002 16:55:00,248,0,16,3,-23,1
09/05/2002 16:56:00,248,0,16,3,-23,1
09/05/2002 16:57:00,248,0,16,3,-23,1
09/05/2002 16:58:00,248,0,16,3,-24,1
09/05/2002 16:59:00,248,0,15,3,-24,1
09/05/2002 17:00:00,248,0,14,2,-24,1
09/05/2002 17:01:00,248,0,14,2,-24,1
09/05/2002 17:02:00,248,0,14,2,-24,1
09/05/2002 17:03:00,248,0,14,2,-24,1
09/05/2002 17:04:00,248,0,14,2,-23,1
09/05/2002 17:05:00,248,0,14,2,-23,1
09/05/2002 17:06:00,248,0,14,2,-23,1
09/05/2002 17:07:00,248,0,14,2,-23,1
09/05/2002 17:08:00,248,0,14,2,-24,1
09/05/2002 17:09:00,248,0,14,2,-24,1
09/05/2002 17:10:00,248,0,13,2,-24,1
09/05/2002 17:11:00,248,0,13,2,-23,1
09/05/2002 17:12:00,248,0,13,2,-23,1
09/05/2002 17:13:00,248,0,14,2,-23,1
09/05/2002 17:14:00,248,0,14,2,-23,1
09/05/2002 17:15:00,248,0,13,2,-23,1
09/05/2002 17:16:00,248,0,12,2,-22,1
09/05/2002 17:17:00,248,0,13,2,-22,1
09/05/2002 17:18:00,248,0,12,2,-21,1
09/05/2002 17:19:00,248,0,12,2,-21,1
09/05/2002 17:20:00,248,0,12,2,-21,1
09/05/2002 17:21:00,248,0,13,2,-21,1
09/05/2002 17:22:00,248,0,12,2,-21,1
09/05/2002 17:23:00,248,0,13,2,-21,1
09/05/2002 17:24:00,248,0,12,2,-21,1
09/05/2002 17:25:00,248,0,12,2,-21,1
09/05/2002 17:26:00,248,0,12,2,-21,1
09/05/2002 17:27:00,248,0,13,2,-21,1
09/05/2002 17:28:00,248,0,13,2,-20,1
09/05/2002 17:29:00,248,0,13,2,-20,1
09/05/2002 17:30:00,248,0,13,2,-20,1
09/05/2002 17:31:00,248,0,13,2,-20,1
09/05/2002 17:32:00,248,0,14,2,-20,1
09/05/2002 17:33:00,248,0,14,2,-19,1
09/05/2002 17:34:00,248,0,14,2,-19,1
09/05/2002 17:35:00,248,0,15,2,-19,1
09/05/2002 17:36:00,248,0,16,2,-19,1
09/05/2002 17:37:00,248,0,16,2,-18,1
09/05/2002 17:38:00,248,0,16,2,-18,1
09/05/2002 17:39:00,248,0,16,2,-18,1
09/05/2002 17:40:00,248,0,16,2,-18,1
09/05/2002 17:41:00,248,0,15,2,-18,1
09/05/2002 17:42:00,248,0,16,2,-17,1
09/05/2002 17:43:00,248,0,16,3,-17,1
09/05/2002 17:44:00,248,0,16,3,-17,1
09/05/2002 17:45:00,248,0,16,3,-17,1
09/05/2002 17:46:00,248,0,16,3,-17,1
09/05/2002 17:47:00,248,0,16,3,-18,1
09/05/2002 17:48:00,248,0,15,3,-18,1
09/05/2002 17:49:00,248,0,14,3,-19,1
09/05/2002 17:50:00,248,0,14,3,-18,1
09/05/2002 17:51:00,248,0,16,3,-19,1
09/05/2002 17:52:00,248,0,15,3,-19,1
09/05/2002 17:53:00,248,0,15,3,-19,1
09/05/2002 17:54:00,248,0,15,3,-19,1
09/05/2002 17:55:00,248,0,14,3,-19,1
09/05/2002 17:56:00,248,0,15,3,-19,1
09/05/2002 17:57:00,248,0,15,2,-19,1
09/05/2002 17:58:00,248,0,15,2,-19,1
09/05/2002 17:59:00,248,0,15,2,-19,1
09/05/2002 18:00:00,248,0,15,2,-19,1
09/05/2002 18:01:00,248,0,14,2,-19,1
09/05/2002 18:02:00,248,0,14,2,-19,1
09/05/2002 18:03:00,248,0,13,2,-19,1
09/05/2002 18:04:00,248,0,12,2,-19,1
09/05/2002 18:05:00,248,0,12,2,-19,1
09/05/2002 18:06:00,248,0,12,2,-19,1
09/05/2002 18:07:00,248,0,11,2,-19,1
09/05/2002 18:08:00,248,0,11,2,-18,1
09/05/2002 18:09:00,248,0,11,2,-18,1
09/05/2002 18:10:00,248,0,11,2,-18,1
09/05/2002 18:11:00,248,0,10,2,-19,1
09/05/2002 18:12:00,248,0,8,2,-19,1
09/05/2002 18:13:00,248,0,8,2,-19,1
09/05/2002 18:14:00,248,0,8,2,-19,1
09/05/2002 18:15:00,248,0,8,2,-19,1
09/05/2002 18:16:00,248,0,6,2,-19,1
09/05/2002 18:17:00,248,0,7,2,-19,1
09/05/2002 18:18:00,248,0,7,2,-19,1
09/05/2002 18:19:00,248,0,7,2,-19,1
09/05/2002 18:20:00,248,0,6,1,-19,1
09/05/2002 18:21:00,248,0,5,2,-19,1
09/05/2002 18:22:00,248,0,5,2,-19,1
09/05/2002 18:23:00,248,0,5,1,-20,1
09/05/2002 18:24:00,248,0,5,1,-20,1
09/05/2002 18:25:00,248,0,5,1,-20,1
09/05/2002 18:26:00,248,0,6,2,-19,1
09/05/2002 18:27:00,248,0,6,2,-20,1
09/05/2002 18:28:00,248,0,6,2,-20,1
09/05/2002 18:29:00,248,0,6,2,-20,1
09/05/2002 18:30:00,248,0,7,2,-19,1
09/05/2002 18:31:00,248,0,7,2,-19,1
09/05/2002 18:32:00,248,0,6,2,-19,1
09/05/2002 18:33:00,248,0,7,2,-20,1
09/05/2002 18:34:00,248,0,7,2,-20,1
09/05/2002 18:35:00,248,0,7,2,-20,1
09/05/2002 18:36:00,248,0,7,2,-20,1
09/05/2002 18:37:00,248,0,8,2,-20,1
09/05/2002 18:38:00,248,0,8,2,-20,1
09/05/2002 18:39:00,248,0,8,2,-20,1
09/05/2002 18:40:00,248,0,8,2,-21,1
09/05/2002 18:41:00,248,0,8,2,-21,1
09/05/2002 18:42:00,248,0,8,2,-21,1
09/05/2002 18:43:00,248,0,8,2,-21,1
09/05/2002 18:44:00,248,0,9,2,-22,1
09/05/2002 18:45:00,248,0,8,2,-22,1
09/05/2002 18:46:00,248,0,9,2,-22,1
09/05/2002 18:47:00,248,0,9,2,-22,1
09/05/2002 18:48:00,248,0,22,1,-19,1
09/05/2002 18:49:00,248,0,22,1,-19,1
09/05/2002 18:50:00,248,0,23,1,-19,1
09/05/2002 18:51:00,248,0,22,1,-20,1
09/05/2002 18:52:00,248,0,22,1,-19,1
09/05/2002 18:53:00,248,0,22,1,-20,1
09/05/2002 18:54:00,248,0,22,1,-19,1
09/05/2002 18:55:00,248,0,22,1,-19,1
09/05/2002 18:56:00,248,0,22,1,-19,1
09/05/2002 18:57:00,248,0,21,1,-19,1
09/05/2002 18:58:00,248,0,21,1,-19,1
09/05/2002 18:59:00,248,0,21,1,-19,1
09/05/2002 19:00:00,248,0,21,1,-19,1
09/05/2002 19:01:00,248,0,21,1,-19,1
09/05/2002 19:02:00,248,0,21,1,-19,1
09/05/2002 19:03:00,248,0,21,1,-19,1
09/05/2002 19:04:00,248,0,21,1,-19,1
09/05/2002 19:05:00,248,0,20,1,-19,1
09/05/2002 19:06:00,248,0,20,1,-19,1
09/05/2002 19:07:00,248,0,20,1,-19,1
09/05/2002 19:08:00,248,0,21,1,-18,1
09/05/2002 19:09:00,248,0,21,1,-18,1
09/05/2002 19:10:00,248,0,22,1,-18,1
09/05/2002 19:11:00,248,0,22,1,-18,1
09/05/2002 19:12:00,248,0,22,1,-18,1
09/05/2002 19:13:00,248,0,22,1,-18,1
09/05/2002 19:14:00,248,0,22,1,-18,1
09/05/2002 19:15:00,248,0,22,1,-18,1
09/05/2002 19:16:00,248,0,21,1,-18,1
09/05/2002 19:17:00,248,0,21,1,-18,1
09/05/2002 19:18:00,248,0,22,1,-18,1
09/05/2002 19:19:00,248,0,22,1,-18,1
09/05/2002 19:20:00,248,0,22,1,-18,1
09/05/2002 19:21:00,248,0,22,1,-18,1
09/05/2002 19:22:00,248,0,21,1,-18,1
09/05/2002 19:23:00,248,0,21,1,-18,1
09/05/2002 19:24:00,248,0,21,1,-18,1
09/05/2002 19:25:00,248,0,22,1,-17,1
09/05/2002 19:26:00,248,0,22,1,-18,1
09/05/2002 19:27:00,248,0,22,1,-17,1
09/05/2002 19:28:00,248,0,22,1,-17,1
09/05/2002 19:29:00,248,0,23,2,-18,1
09/05/2002 19:30:00,248,0,22,2,-18,1
09/05/2002 19:31:00,248,0,22,2,-18,1
09/05/2002 19:32:00,248,0,22,2,-18,1
09/05/2002 19:33:00,248,0,21,2,-18,1
09/05/2002 19:34:00,248,0,21,1,-18,1
09/05/2002 19:35:00,248,0,21,1,-18,1
09/05/2002 19:36:00,248,0,21,2,-18,1
09/05/2002 19:37:00,248,0,21,1,-19,1
09/05/2002 19:38:00,248,0,21,2,-19,1
09/05/2002 19:39:00,248,0,21,2,-19,1
09/05/2002 19:40:00,248,0,21,2,-19,1
09/05/2002 19:41:00,248,0,22,2,-18,1
09/05/2002 19:42:00,248,0,22,2,-18,1
09/05/2002 19:43:00,248,0,23,2,-18,1
09/05/2002 19:44:00,248,0,23,2,-18,1
09/05/2002 19:45:00,248,0,23,2,-18,1
09/05/2002 19:46:00,248,0,24,2,-17,1
09/05/2002 19:47:00,248,0,24,2,-17,1
09/05/2002 19:48:00,248,0,23,2,-18,1
09/05/2002 19:49:00,248,0,23,2,-17,1
09/05/2002 19:50:00,248,0,23,2,-17,1
09/05/2002 19:51:00,248,0,23,2,-17,1
09/05/2002 19:52:00,248,0,23,2,-16,1
09/05/2002 19:53:00,248,0,23,2,-16,1
09/05/2002 19:54:00,248,0,24,2,-16,1
09/05/2002 19:55:00,248,0,25,2,-16,1
09/05/2002 19:56:00,248,0,25,2,-16,1
09/05/2002 19:57:00,248,0,24,2,-16,1
09/05/2002 19:58:00,248,0,23,2,-16,1
09/05/2002 19:59:00,248,0,22,2,-17,1
09/05/2002 20:00:00,248,0,22,2,-17,1
09/05/2002 20:01:00,248,0,20,2,-18,1
09/05/2002 20:02:00,248,0,20,2,-18,1
09/05/2002 20:03:00,248,0,21,2,-17,1
09/05/2002 20:04:00,248,0,22,2,-17,1
09/05/2002 20:05:00,248,0,23,2,-16,1
09/05/2002 20:06:00,248,0,22,2,-16,1
09/05/2002 20:07:00,248,0,21,2,-16,1
09/05/2002 20:08:00,248,0,21,2,-17,1
09/05/2002 20:09:00,248,0,22,2,-17,1
09/05/2002 20:10:00,248,0,22,2,-17,1
09/05/2002 20:11:00,248,0,22,2,-17,1
09/05/2002 20:12:00,248,0,22,2,-16,1
09/05/2002 20:13:00,248,0,22,2,-16,1
09/05/2002 20:14:00,248,0,22,2,-16,1
09/05/2002 20:15:00,248,0,22,2,-16,1
09/05/2002 20:16:00,248,0,21,2,-16,1
09/05/2002 20:17:00,248,0,21,2,-16,1
09/05/2002 20:18:00,248,0,21,2,-16,1
09/05/2002 20:19:00,248,0,21,2,-16,1
09/05/2002 20:20:00,248,0,21,2,-16,1
09/05/2002 20:21:00,248,0,22,2,-16,1
09/05/2002 20:22:00,248,0,23,2,-15,1
09/05/2002 20:23:00,248,0,23,2,-15,1
09/05/2002 20:24:00,248,0,23,2,-15,1
09/05/2002 20:25:00,248,0,22,2,-15,1
09/05/2002 20:26:00,248,0,22,2,-15,1
09/05/2002 20:27:00,248,0,22,2,-15,1
09/05/2002 20:28:00,248,0,21,2,-15,1
09/05/2002 20:29:00,248,0,20,2,-16,1
09/05/2002 20:30:00,248,0,20,2,-16,1
09/05/2002 20:31:00,248,0,20,2,-16,1
09/05/2002 20:32:00,248,0,21,2,-16,1
09/05/2002 20:33:00,248,0,21,2,-16,1
09/05/2002 20:34:00,248,0,21,2,-16,1
09/05/2002 20:35:00,248,0,21,2,-15,1
09/05/2002 20:36:00,248,0,21,2,-16,1
09/05/2002 20:37:00,248,0,21,2,-16,1
09/05/2002 20:38:00,248,0,21,2,-15,1
09/05/2002 20:39:00,248,0,21,2,-15,1
09/05/2002 20:40:00,248,0,20,2,-15,1
09/05/2002 20:41:00,248,0,20,2,-15,1
09/05/2002 20:42:00,248,0,19,2,-15,1
09/05/2002 20:43:00,248,0,21,2,-15,1
09/05/2002 20:44:00,248,0,21,2,-15,1
09/05/2002 20:45:00,248,0,21,2,-15,1
09/05/2002 20:46:00,248,0,21,2,-15,1
09/05/2002 20:47:00,248,0,21,2,-15,1
09/05/2002 20:48:00,248,0,21,2,-15,1
09/05/2002 20:49:00,248,0,21,2,-15,1
09/05/2002 20:50:00,248,0,21,2,-15,1
09/05/2002 20:51:00,248,0,22,2,-15,1
09/05/2002 20:52:00,248,0,21,2,-14,1
09/05/2002 20:53:00,248,0,21,2,-14,1
09/05/2002 20:54:00,248,0,21,2,-14,1
09/05/2002 20:55:00,248,0,21,2,-14,1
09/05/2002 20:56:00,248,0,21,2,-14,1
09/05/2002 20:57:00,248,0,21,2,-15,1
09/05/2002 20:58:00,248,0,20,2,-15,1
09/05/2002 20:59:00,248,0,20,2,-15,1
09/05/2002 21:00:00,248,0,20,2,-15,1
09/05/2002 21:01:00,248,0,20,2,-15,1
09/05/2002 21:02:00,248,0,20,2,-15,1
09/05/2002 21:03:00,248,0,20,2,-15,1
09/05/2002 21:04:00,248,0,20,2,-16,1
09/05/2002 21:05:00,248,0,20,2,-16,1
09/05/2002 21:06:00,248,0,20,2,-16,1
09/05/2002 21:07:00,248,0,20,2,-16,1
09/05/2002 21:08:00,248,0,20,2,-16,1
09/05/2002 21:09:00,248,0,19,2,-16,1
09/05/2002 21:10:00,248,0,19,2,-16,1
09/05/2002 21:11:00,248,0,18,2,-16,1
09/05/2002 21:12:00,248,0,18,2,-16,1
09/05/2002 21:13:00,248,0,18,2,-15,1
09/05/2002 21:14:00,248,0,19,2,-16,1
09/05/2002 21:15:00,248,0,18,2,-16,1
09/05/2002 21:16:00,248,0,17,2,-16,1
09/05/2002 21:17:00,248,0,16,2,-17,1
09/05/2002 21:18:00,248,0,15,2,-17,1
09/05/2002 21:19:00,248,0,15,2,-17,1
09/05/2002 21:20:00,248,0,15,2,-16,1
09/05/2002 21:21:00,248,0,15,2,-16,1
09/05/2002 21:22:00,248,0,16,2,-15,1
09/05/2002 21:23:00,248,0,18,2,-15,1
09/05/2002 21:24:00,248,0,17,2,-15,1
09/05/2002 21:25:00,248,0,16,2,-15,1
09/05/2002 21:26:00,248,0,16,2,-15,1
09/05/2002 21:27:00,248,0,16,2,-15,1
09/05/2002 21:28:00,248,0,17,2,-14,1
09/05/2002 21:29:00,248,0,18,2,-14,1
09/05/2002 21:30:00,248,0,19,2,-13,1
09/05/2002 21:31:00,248,0,19,2,-12,1
09/05/2002 21:32:00,248,0,19,2,-13,1
09/05/2002 21:33:00,248,0,19,2,-13,1
09/05/2002 21:34:00,248,0,18,2,-13,1
09/05/2002 21:35:00,248,0,17,2,-13,1
09/05/2002 21:36:00,248,0,16,2,-14,1
09/05/2002 21:37:00,248,0,15,2,-14,1
09/05/2002 21:38:00,248,0,16,2,-15,1
09/05/2002 21:39:00,248,0,16,2,-15,1
09/05/2002 21:40:00,248,0,16,2,-15,1
09/05/2002 21:41:00,248,0,16,2,-16,1
09/05/2002 21:42:00,248,0,18,2,-16,1
09/05/2002 21:43:00,248,0,18,2,-16,1
09/05/2002 21:44:00,248,0,18,2,-16,1
09/05/2002 21:45:00,248,0,19,2,-16,1
09/05/2002 21:46:00,248,0,19,2,-16,1
09/05/2002 21:47:00,248,0,19,2,-16,1
09/05/2002 21:48:00,248,0,19,2,-16,1
09/05/2002 21:49:00,248,0,19,1,-16,1
09/05/2002 21:50:00,248,0,18,1,-16,1
09/05/2002 21:51:00,248,0,18,1,-16,1
09/05/2002 21:52:00,248,0,17,1,-16,1
09/05/2002 21:53:00,248,0,18,1,-16,1
09/05/2002 21:54:00,248,0,17,2,-15,1
09/05/2002 21:55:00,248,0,17,2,-15,1
09/05/2002 21:56:00,248,0,18,2,-14,1
09/05/2002 21:57:00,248,0,17,1,-13,1
09/05/2002 21:58:00,248,0,16,2,-13,1
09/05/2002 21:59:00,248,0,16,2,-12,1
09/05/2002 22:00:00,248,0,17,1,-12,1
09/05/2002 22:01:00,248,0,17,1,-12,1
09/05/2002 22:02:00,248,0,18,2,-12,1
09/05/2002 22:03:00,248,0,18,2,-11,1
09/05/2002 22:04:00,248,0,16,2,-12,1
09/05/2002 22:05:00,248,0,16,2,-12,1
09/05/2002 22:06:00,248,0,15,2,-12,1
09/05/2002 22:07:00,248,0,15,2,-12,1
09/05/2002 22:08:00,248,0,16,2,-12,1
09/05/2002 22:09:00,248,0,16,2,-12,1
09/05/2002 22:10:00,248,0,16,2,-12,1
09/05/2002 22:11:00,248,0,16,2,-13,1
09/05/2002 22:12:00,248,0,17,1,-13,1
09/05/2002 22:13:00,248,0,17,1,-13,1
09/05/2002 22:14:00,248,0,16,1,-13,1
09/05/2002 22:15:00,248,0,16,1,-13,1
09/05/2002 22:16:00,248,0,15,1,-13,1
09/05/2002 22:17:00,248,0,15,1,-13,1
09/05/2002 22:18:00,248,0,15,1,-13,1
09/05/2002 22:19:00,248,0,15,1,-13,1
09/05/2002 22:20:00,248,0,15,1,-13,1
09/05/2002 22:21:00,248,0,15,1,-13,1
09/05/2002 22:22:00,248,0,15,1,-14,1
09/05/2002 22:23:00,248,0,15,1,-14,1
09/05/2002 22:24:00,248,0,14,1,-13,1
09/05/2002 22:25:00,248,0,15,1,-13,1
09/05/2002 22:26:00,248,0,15,1,-12,1
09/05/2002 22:27:00,248,0,15,1,-12,1
09/05/2002 22:28:00,248,0,16,1,-11,1
09/05/2002 22:29:00,248,0,16,1,-11,1
09/05/2002 22:30:00,248,0,16,1,-11,1
09/05/2002 22:31:00,248,0,16,1,-11,1
09/05/2002 22:32:00,248,0,15,1,-11,1
09/05/2002 22:33:00,248,0,15,1,-11,1
09/05/2002 22:34:00,248,0,14,1,-11,1
09/05/2002 22:35:00,248,0,14,0,-11,1
09/05/2002 22:36:00,248,0,13,0,-11,1
09/05/2002 22:37:00,248,0,14,0,-11,1
09/05/2002 22:38:00,248,0,14,0,-12,1
09/05/2002 22:39:00,248,0,14,0,-12,1
09/05/2002 22:40:00,248,0,14,0,-12,1
09/05/2002 22:41:00,248,0,14,0,-12,1
09/05/2002 22:42:00,248,0,14,0,-12,1
09/05/2002 22:43:00,248,0,15,0,-12,1
09/05/2002 22:44:00,248,0,15,0,-13,1
09/05/2002 22:45:00,248,0,14,0,-13,1
09/05/2002 22:46:00,248,0,14,0,-13,1
09/05/2002 22:47:00,248,0,14,0,-13,1
09/05/2002 22:48:00,248,0,15,0,-13,1
09/05/2002 22:49:00,248,0,14,0,-12,1
09/05/2002 22:50:00,248,0,14,0,-13,1
09/05/2002 22:51:00,248,0,14,-1,-12,1
09/05/2002 22:52:00,248,0,13,-1,-12,1
09/05/2002 22:53:00,248,0,13,-1,-12,1
09/05/2002 22:54:00,248,0,13,-1,-12,1
09/05/2002 22:55:00,248,0,12,-1,-12,1
09/05/2002 22:56:00,248,0,12,-1,-12,1
09/05/2002 22:57:00,248,0,13,-1,-12,1
09/05/2002 22:58:00,248,0,13,-1,-12,1
09/05/2002 22:59:00,248,0,13,-1,-12,1
09/05/2002 23:00:00,248,0,13,-1,-12,1
09/05/2002 23:01:00,248,0,14,-1,-12,1
09/05/2002 23:02:00,248,0,14,-1,-13,1
09/05/2002 23:03:00,248,0,13,-1,-12,1
09/05/2002 23:04:00,248,0,13,-1,-12,1
09/05/2002 23:05:00,248,0,13,-1,-12,1
09/05/2002 23:06:00,248,0,13,-1,-12,1
09/05/2002 23:07:00,248,0,12,-1,-12,1
09/05/2002 23:08:00,248,0,13,-1,-12,1
09/05/2002 23:09:00,248,0,13,-1,-11,1
09/05/2002 23:10:00,248,0,13,-1,-11,1
09/05/2002 23:11:00,248,0,12,-1,-11,1
09/05/2002 23:12:00,248,0,12,-1,-11,1
09/05/2002 23:13:00,248,0,11,-1,-11,1
09/05/2002 23:14:00,248,0,11,-1,-11,1
09/05/2002 23:15:00,248,0,12,-1,-10,1
09/05/2002 23:16:00,248,0,11,-1,-10,1
09/05/2002 23:17:00,248,0,11,-1,-10,1
09/05/2002 23:18:00,248,0,11,-1,-10,1
09/05/2002 23:19:00,248,0,11,-2,-10,1
09/05/2002 23:20:00,248,0,11,-1,-11,1
09/05/2002 23:21:00,248,0,11,-1,-11,1
09/05/2002 23:22:00,248,0,11,-1,-11,1
09/05/2002 23:23:00,248,0,11,-1,-11,1
09/05/2002 23:24:00,248,0,12,-2,-11,1
09/05/2002 23:25:00,248,0,13,-2,-11,1
09/05/2002 23:26:00,248,0,13,-2,-11,1
09/05/2002 23:27:00,248,0,12,-2,-10,1
09/05/2002 23:28:00,248,0,12,-2,-10,1
09/05/2002 23:29:00,248,0,11,-2,-10,1
09/05/2002 23:30:00,248,0,10,-2,-10,1
09/05/2002 23:31:00,248,0,10,-2,-10,1
09/05/2002 23:32:00,248,0,9,-2,-9,1
09/05/2002 23:33:00,248,0,10,-1,-9,1
09/05/2002 23:34:00,248,0,10,-1,-9,1
09/05/2002 23:35:00,248,0,9,-1,-9,1
09/05/2002 23:36:00,248,0,9,-1,-9,1
09/05/2002 23:37:00,248,0,10,-1,-9,1
09/05/2002 23:38:00,248,0,10,-1,-9,1
09/05/2002 23:39:00,248,0,10,-1,-8,1
09/05/2002 23:40:00,248,0,9,-1,-7,1
09/05/2002 23:41:00,248,0,9,-1,-7,1
09/05/2002 23:42:00,248,0,9,-1,-7,1
09/05/2002 23:43:00,248,0,9,-1,-7,1
09/05/2002 23:44:00,248,0,9,-1,-7,1
09/05/2002 23:45:00,248,0,10,-1,-7,1
09/05/2002 23:46:00,248,0,10,-1,-7,1
09/05/2002 23:47:00,248,0,10,-1,-6,1
09/05/2002 23:48:00,248,0,11,-1,-6,1
09/05/2002 23:49:00,248,0,10,-1,-6,1
09/05/2002 23:50:00,248,0,11,-1,-6,1
09/05/2002 23:51:00,248,0,11,-1,-6,1
09/05/2002 23:52:00,248,0,12,-1,-6,1
09/05/2002 23:53:00,248,0,12,-2,-6,1
09/05/2002 23:54:00,248,0,13,-1,-7,1
09/05/2002 23:55:00,248,0,14,-2,-6,1
09/05/2002 23:56:00,248,0,14,-2,-7,1
09/05/2002 23:57:00,248,0,14,-2,-6,1
09/05/2002 23:58:00,248,0,15,-2,-7,1
09/05/2002 23:59:00,248,0,15,-2,-7,1
