DateTime,DOY,D_TEC,ASY_H,SYM_D,SYM_H,Location
04/14/2006 00:00:00,104,0,15,-2,0,1
04/14/2006 00:01:00,104,0,14,-2,0,1
04/14/2006 00:02:00,104,0,14,-2,0,1
04/14/2006 00:03:00,104,0,15,-2,1,1
04/14/2006 00:04:00,104,0,15,-3,1,1
04/14/2006 00:05:00,104,0,15,-2,1,1
04/14/2006 00:06:00,104,0,15,-2,1,1
04/14/2006 00:07:00,104,0,15,-2,1,1
04/14/2006 00:08:00,104,0,14,-2,1,1
04/14/2006 00:09:00,104,0,14,-2,1,1
04/14/2006 00:10:00,104,0,15,-2,1,1
04/14/2006 00:11:00,104,0,16,-3,1,1
04/14/2006 00:12:00,104,0,16,-3,1,1
04/14/2006 00:13:00,104,0,17,-3,1,1
04/14/2006 00:14:00,104,0,17,-3,1,1
04/14/2006 00:15:00,104,0,16,-3,1,1
04/14/2006 00:16:00,104,0,16,-2,2,1
04/14/2006 00:17:00,104,0,16,-3,1,1
04/14/2006 00:18:00,104,0,16,-3,0,1
04/14/2006 00:19:00,104,0,15,-3,0,1
04/14/2006 00:20:00,104,0,16,-3,0,1
04/14/2006 00:21:00,104,0,16,-3,0,1
04/14/2006 00:22:00,104,0,16,-2,0,1
04/14/2006 00:23:00,104,0,18,-2,0,1
04/14/2006 00:24:00,104,0,18,-2,0,1
04/14/2006 00:25:00,104,0,18,-2,0,1
04/14/2006 00:26:00,104,0,19,-2,0,1
04/14/2006 00:27:00,104,0,19,-2,0,1
04/14/2006 00:28:00,104,0,18,-3,0,1
04/14/2006 00:29:00,104,0,18,-3,-1,1
04/14/2006 00:30:00,104,0,17,-3,-1,1
04/14/2006 00:31:00,104,0,16,-3,-1,1
04/14/2006 00:32:00,104,0.905545494,16,-3,-1,1
04/14/2006 00:33:00,104,0.893205203,16,-3,-1,1
04/14/2006 00:34:00,104,0.880864912,15,-3,-1,1
04/14/2006 00:35:00,104,0.868524621,15,-3,-1,1
04/14/2006 00:36:00,104,0.85618433,16,-3,-2,1
04/14/2006 00:37:00,104,0.843844039,17,-3,-3,1
04/14/2006 00:38:00,104,0.826691915,17,-3,-3,1
04/14/2006 00:39:00,104,0.809539792,18,-3,-2,1
04/14/2006 00:40:00,104,0.792387668,18,-3,-3,1
04/14/2006 00:41:00,104,0.775235545,20,-3,-3,1
04/14/2006 00:42:00,104,0.758083422,21,-2,-2,1
04/14/2006 00:43:00,104,0.759751508,20,-2,-2,1
04/14/2006 00:44:00,104,0.761419594,21,-2,-3,1
04/14/2006 00:45:00,104,0.76308768,21,-2,-3,1
04/14/2006 00:46:00,104,0.764755766,21,-2,-3,1
04/14/2006 00:47:00,104,0.766423852,22,-3,-3,1
04/14/2006 00:48:00,104,0.765714463,21,-3,-3,1
04/14/2006 00:49:00,104,0.765005074,23,-3,-4,1
04/14/2006 00:50:00,104,0.764295686,22,-2,-4,1
04/14/2006 00:51:00,104,0.763586297,23,-2,-4,1
04/14/2006 00:52:00,104,0.762876909,25,-2,-4,1
04/14/2006 00:53:00,104,0.761651506,26,-2,-4,1
04/14/2006 00:54:00,104,0.760426104,26,-2,-4,1
04/14/2006 00:55:00,104,0.759200702,25,-2,-5,1
04/14/2006 00:56:00,104,0.757975299,25,-2,-6,1
04/14/2006 00:57:00,104,0.756749897,26,-2,-7,1
04/14/2006 00:58:00,104,0.743943166,24,-2,-7,1
04/14/2006 00:59:00,104,0.731136436,25,-2,-7,1
04/14/2006 01:00:00,104,0.718329705,25,-2,-7,1
04/14/2006 01:01:00,104,0.705522975,25,-3,-7,1
04/14/2006 01:02:00,104,0.692716245,24,-2,-8,1
04/14/2006 01:03:00,104,0.686437142,25,-2,-8,1
04/14/2006 01:04:00,104,0.68015804,25,-3,-8,1
04/14/2006 01:05:00,104,0.673878937,25,-2,-9,1
04/14/2006 01:06:00,104,0.667599835,25,-2,-9,1
04/14/2006 01:07:00,104,0.661320732,26,-2,-9,1
04/14/2006 01:08:00,104,0.652800045,26,-2,-9,1
04/14/2006 01:09:00,104,0.644279357,26,-2,-9,1
04/14/2006 01:10:00,104,0.635758669,26,-2,-9,1
04/14/2006 01:11:00,104,0.627237981,26,-2,-9,1
04/14/2006 01:12:00,104,0.618717293,27,-2,-9,1
04/14/2006 01:13:00,104,0.622572031,26,-2,-9,1
04/14/2006 01:14:00,104,0.62642677,26,-2,-9,1
04/14/2006 01:15:00,104,0.630281508,25,-3,-9,1
04/14/2006 01:16:00,104,0.634136247,24,-3,-9,1
04/14/2006 01:17:00,104,0.637990986,25,-3,-10,1
04/14/2006 01:18:00,104,0.640133867,25,-3,-10,1
04/14/2006 01:19:00,104,0.642276748,25,-3,-11,1
04/14/2006 01:20:00,104,0.644419629,24,-3,-11,1
04/14/2006 01:21:00,104,0.64656251,24,-3,-12,1
04/14/2006 01:22:00,104,0.648705391,25,-3,-12,1
04/14/2006 01:23:00,104,0.646263125,26,-3,-13,1
04/14/2006 01:24:00,104,0.643820859,26,-3,-13,1
04/14/2006 01:25:00,104,0.641378593,25,-3,-13,1
04/14/2006 01:26:00,104,0.638936328,27,-3,-14,1
04/14/2006 01:27:00,104,0.636494062,25,-3,-14,1
04/14/2006 01:28:00,104,0.626184399,26,-3,-15,1
04/14/2006 01:29:00,104,0.615874735,27,-2,-15,1
04/14/2006 01:30:00,104,0.605565072,27,-3,-15,1
04/14/2006 01:31:00,104,0.595255409,27,-3,-14,1
04/14/2006 01:32:00,104,0.584945746,28,-3,-13,1
04/14/2006 01:33:00,104,0.573958177,27,-3,-14,1
04/14/2006 01:34:00,104,0.562970608,28,-3,-14,1
04/14/2006 01:35:00,104,0.551983039,28,-3,-14,1
04/14/2006 01:36:00,104,0.540995471,29,-3,-14,1
04/14/2006 01:37:00,104,0.530007902,29,-3,-13,1
04/14/2006 01:38:00,104,0.539214677,30,-3,-13,1
04/14/2006 01:39:00,104,0.548421453,31,-4,-14,1
04/14/2006 01:40:00,104,0.557628229,31,-4,-14,1
04/14/2006 01:41:00,104,0.566835005,31,-4,-14,1
04/14/2006 01:42:00,104,0.576041781,32,-4,-14,1
04/14/2006 01:43:00,104,0.594377679,33,-4,-14,1
04/14/2006 01:44:00,104,0.612713578,33,-4,-13,1
04/14/2006 01:45:00,104,0.631049477,33,-4,-13,1
04/14/2006 01:46:00,104,0.649385375,35,-4,-13,1
04/14/2006 01:47:00,104,0.667721274,35,-4,-13,1
04/14/2006 01:48:00,104,0.688084949,37,-3,-13,1
04/14/2006 01:49:00,104,0.708448625,37,-3,-12,1
04/14/2006 01:50:00,104,0.7288123,38,-3,-12,1
04/14/2006 01:51:00,104,0.749175975,39,-2,-13,1
04/14/2006 01:52:00,104,0.769539651,40,-1,-13,1
04/14/2006 01:53:00,104,0.792880895,41,-1,-13,1
04/14/2006 01:54:00,104,0.816222139,43,1,-13,1
04/14/2006 01:55:00,104,0.839563383,47,2,-12,1
04/14/2006 01:56:00,104,0.862904627,52,2,-12,1
04/14/2006 01:57:00,104,0.886245872,59,3,-12,1
04/14/2006 01:58:00,104,0.91482925,64,4,-12,1
04/14/2006 01:59:00,104,0.943412628,67,4,-12,1
04/14/2006 02:00:00,104,0.971996006,70,4,-12,1
04/14/2006 02:01:00,104,1.000579384,73,5,-12,1
04/14/2006 02:02:00,104,1.029162762,73,5,-12,1
04/14/2006 02:03:00,104,1.054093978,73,5,-13,1
04/14/2006 02:04:00,104,1.079025194,73,5,-13,1
04/14/2006 02:05:00,104,1.10395641,73,4,-13,1
04/14/2006 02:06:00,104,1.128887627,73,4,-13,1
04/14/2006 02:07:00,104,1.153818843,72,4,-13,1
04/14/2006 02:08:00,104,1.167342334,70,4,-13,1
04/14/2006 02:09:00,104,1.180865825,69,4,-12,1
04/14/2006 02:10:00,104,1.194389315,68,3,-13,1
04/14/2006 02:11:00,104,1.207912806,68,3,-13,1
04/14/2006 02:12:00,104,1.221436297,67,3,-14,1
04/14/2006 02:13:00,104,1.214915566,65,2,-13,1
04/14/2006 02:14:00,104,1.208394834,63,2,-14,1
04/14/2006 02:15:00,104,1.201874103,60,2,-14,1
04/14/2006 02:16:00,104,1.195353371,59,2,-14,1
04/14/2006 02:17:00,104,1.18883264,57,1,-15,1
04/14/2006 02:18:00,104,1.174215375,53,1,-15,1
04/14/2006 02:19:00,104,1.15959811,50,0,-15,1
04/14/2006 02:20:00,104,1.144980845,49,0,-15,1
04/14/2006 02:21:00,104,1.13036358,45,0,-16,1
04/14/2006 02:22:00,104,1.115746315,43,-1,-16,1
04/14/2006 02:23:00,104,1.124947255,39,-1,-17,1
04/14/2006 02:24:00,104,1.134148195,38,-2,-18,1
04/14/2006 02:25:00,104,1.143349135,37,-2,-18,1
04/14/2006 02:26:00,104,1.152550075,38,-2,-19,1
04/14/2006 02:27:00,104,1.161751015,38,-2,-19,1
04/14/2006 02:28:00,104,1.144358456,38,-2,-19,1
04/14/2006 02:29:00,104,1.126965896,39,-2,-19,1
04/14/2006 02:30:00,104,1.109573337,40,-2,-19,1
04/14/2006 02:31:00,104,1.092180778,41,-2,-19,1
04/14/2006 02:32:00,104,1.074788219,42,-2,-19,1
04/14/2006 02:33:00,104,1.106393632,43,-2,-19,1
04/14/2006 02:34:00,104,1.137999046,43,-1,-19,1
04/14/2006 02:35:00,104,1.169604459,43,-1,-19,1
04/14/2006 02:36:00,104,1.201209873,44,-1,-19,1
04/14/2006 02:37:00,104,1.232815286,44,-1,-19,1
04/14/2006 02:38:00,104,1.203723037,44,-1,-18,1
04/14/2006 02:39:00,104,1.174630788,45,-1,-18,1
04/14/2006 02:40:00,104,1.145538539,45,-1,-18,1
04/14/2006 02:41:00,104,1.11644629,46,-1,-17,1
04/14/2006 02:42:00,104,1.087354041,47,-1,-18,1
04/14/2006 02:43:00,104,1.055122802,47,-1,-17,1
04/14/2006 02:44:00,104,1.022891563,49,-1,-17,1
04/14/2006 02:45:00,104,0.990660324,50,-1,-17,1
04/14/2006 02:46:00,104,0.958429085,51,-1,-17,1
04/14/2006 02:47:00,104,0.926197846,52,-2,-16,1
04/14/2006 02:48:00,104,0.911984937,53,-2,-16,1
04/14/2006 02:49:00,104,0.897772029,53,-2,-16,1
04/14/2006 02:50:00,104,0.883559121,53,-2,-16,1
04/14/2006 02:51:00,104,0.869346212,54,-2,-15,1
04/14/2006 02:52:00,104,0.855133304,54,-2,-15,1
04/14/2006 02:53:00,104,0.81688232,54,-1,-15,1
04/14/2006 02:54:00,104,0.778631337,55,-1,-14,1
04/14/2006 02:55:00,104,0.740380353,54,-1,-14,1
04/14/2006 02:56:00,104,0.702129369,54,0,-14,1
04/14/2006 02:57:00,104,0.663878386,54,0,-14,1
04/14/2006 02:58:00,104,0.647214973,54,0,-14,1
04/14/2006 02:59:00,104,0.63055156,53,0,-14,1
04/14/2006 03:00:00,104,0.613888147,53,1,-14,1
04/14/2006 03:01:00,104,0.597224734,53,0,-14,1
04/14/2006 03:02:00,104,0.580561322,54,1,-12,1
04/14/2006 03:03:00,104,0.576104816,56,1,-11,1
04/14/2006 03:04:00,104,0.571648311,56,2,-11,1
04/14/2006 03:05:00,104,0.567191805,57,2,-10,1
04/14/2006 03:06:00,104,0.5627353,58,2,-10,1
04/14/2006 03:07:00,104,0.558278794,58,2,-10,1
04/14/2006 03:08:00,104,0.532447752,57,2,-11,1
04/14/2006 03:09:00,104,0.50661671,58,2,-11,1
04/14/2006 03:10:00,104,0.480785668,58,2,-10,1
04/14/2006 03:11:00,104,0.454954626,58,2,-10,1
04/14/2006 03:12:00,104,0.429123584,57,1,-11,1
04/14/2006 03:13:00,104,0.419155657,57,1,-11,1
04/14/2006 03:14:00,104,0.40918773,56,0,-11,1
04/14/2006 03:15:00,104,0.399219802,55,0,-12,1
04/14/2006 03:16:00,104,0.389251875,56,-1,-13,1
04/14/2006 03:17:00,104,0.379283948,55,-1,-14,1
04/14/2006 03:18:00,104,0.410291715,55,-1,-15,1
04/14/2006 03:19:00,104,0.441299483,55,-1,-15,1
04/14/2006 03:20:00,104,0.47230725,56,-1,-16,1
04/14/2006 03:21:00,104,0.503315018,56,-2,-17,1
04/14/2006 03:22:00,104,0.534322785,57,-2,-18,1
04/14/2006 03:23:00,104,0.527012583,56,-2,-18,1
04/14/2006 03:24:00,104,0.519702381,55,-2,-19,1
04/14/2006 03:25:00,104,0.512392179,54,-3,-19,1
04/14/2006 03:26:00,104,0.505081977,55,-3,-20,1
04/14/2006 03:27:00,104,0.497771775,54,-3,-21,1
04/14/2006 03:28:00,104,0.492946477,54,-3,-21,1
04/14/2006 03:29:00,104,0.488121179,55,-3,-22,1
04/14/2006 03:30:00,104,0.483295881,55,-3,-22,1
04/14/2006 03:31:00,104,0.478470583,55,-3,-23,1
04/14/2006 03:32:00,104,0.473645285,55,-4,-24,1
04/14/2006 03:33:00,104,0.458206938,56,-4,-25,1
04/14/2006 03:34:00,104,0.44276859,56,-3,-25,1
04/14/2006 03:35:00,104,0.427330243,57,-3,-26,1
04/14/2006 03:36:00,104,0.411891895,58,-3,-27,1
04/14/2006 03:37:00,104,0.396453548,58,-3,-29,1
04/14/2006 03:38:00,104,0.42135126,58,-3,-30,1
04/14/2006 03:39:00,104,0.446248973,59,-2,-30,1
04/14/2006 03:40:00,104,0.471146686,58,-2,-30,1
04/14/2006 03:41:00,104,0.496044398,59,-2,-30,1
04/14/2006 03:42:00,104,0.520942111,61,-2,-30,1
04/14/2006 03:43:00,104,0.503644981,60,-2,-30,1
04/14/2006 03:44:00,104,0.486347852,60,-1,-31,1
04/14/2006 03:45:00,104,0.469050723,61,-1,-32,1
04/14/2006 03:46:00,104,0.451753593,62,0,-32,1
04/14/2006 03:47:00,104,0.434456464,61,0,-33,1
04/14/2006 03:48:00,104,0.470541585,62,1,-33,1
04/14/2006 03:49:00,104,0.506626707,62,1,-33,1
04/14/2006 03:50:00,104,0.542711829,62,1,-33,1
04/14/2006 03:51:00,104,0.57879695,63,1,-33,1
04/14/2006 03:52:00,104,0.614882072,64,1,-33,1
04/14/2006 03:53:00,104,0.629007434,65,1,-33,1
04/14/2006 03:54:00,104,0.643132795,65,2,-33,1
04/14/2006 03:55:00,104,0.657258156,64,2,-34,1
04/14/2006 03:56:00,104,0.671383518,63,2,-34,1
04/14/2006 03:57:00,104,0.685508879,63,2,-34,1
04/14/2006 03:58:00,104,0.662873661,64,2,-34,1
04/14/2006 03:59:00,104,0.640238443,64,2,-33,1
04/14/2006 04:00:00,104,0.617603225,65,2,-34,1
04/14/2006 04:01:00,104,0.594968006,65,2,-35,1
04/14/2006 04:02:00,104,0.572332788,65,3,-36,1
04/14/2006 04:03:00,104,0.541693859,66,2,-37,1
04/14/2006 04:04:00,104,0.51105493,67,2,-37,1
04/14/2006 04:05:00,104,0.480416,68,2,-36,1
04/14/2006 04:06:00,104,0.449777071,68,2,-36,1
04/14/2006 04:07:00,104,0.419138142,68,2,-36,1
04/14/2006 04:08:00,104,0.401177066,68,2,-37,1
04/14/2006 04:09:00,104,0.383215991,69,2,-37,1
04/14/2006 04:10:00,104,0.365254915,70,2,-38,1
04/14/2006 04:11:00,104,0.34729384,71,2,-39,1
04/14/2006 04:12:00,104,0.329332764,72,1,-40,1
04/14/2006 04:13:00,104,0.33340815,73,1,-41,1
04/14/2006 04:14:00,104,0.337483535,74,1,-41,1
04/14/2006 04:15:00,104,0.34155892,74,1,-41,1
04/14/2006 04:16:00,104,0.345634306,75,0,-42,1
04/14/2006 04:17:00,104,0.349709691,77,0,-42,1
04/14/2006 04:18:00,104,0.312684701,77,0,-43,1
04/14/2006 04:19:00,104,0.27565971,77,0,-44,1
04/14/2006 04:20:00,104,0.23863472,78,-1,-44,1
04/14/2006 04:21:00,104,0.20160973,78,-1,-45,1
04/14/2006 04:22:00,104,0.164584739,78,-1,-45,1
04/14/2006 04:23:00,104,0.145835207,78,-1,-46,1
04/14/2006 04:24:00,104,0.127085674,78,-2,-47,1
04/14/2006 04:25:00,104,0.108336142,79,-2,-48,1
04/14/2006 04:26:00,104,0.089586609,80,-2,-49,1
04/14/2006 04:27:00,104,0.070837076,81,-2,-50,1
04/14/2006 04:28:00,104,0.02944949,83,-2,-51,1
04/14/2006 04:29:00,104,-0.011938096,83,-2,-51,1
04/14/2006 04:30:00,104,-0.053325682,84,-2,-50,1
04/14/2006 04:31:00,104,-0.094713268,84,-2,-50,1
04/14/2006 04:32:00,104,-0.136100854,85,-2,-51,1
04/14/2006 04:33:00,104,-0.207579375,85,-2,-52,1
04/14/2006 04:34:00,104,-0.279057896,85,-3,-53,1
04/14/2006 04:35:00,104,-0.350536417,86,-3,-54,1
04/14/2006 04:36:00,104,-0.422014937,86,-3,-54,1
04/14/2006 04:37:00,104,-0.493493458,86,-2,-55,1
04/14/2006 04:38:00,104,-0.510987531,87,-2,-55,1
04/14/2006 04:39:00,104,-0.528481603,88,-2,-55,1
04/14/2006 04:40:00,104,-0.545975676,88,-1,-55,1
04/14/2006 04:41:00,104,-0.563469749,89,0,-56,1
04/14/2006 04:42:00,104,-0.580963821,91,1,-56,1
04/14/2006 04:43:00,104,-0.607739739,91,3,-56,1
04/14/2006 04:44:00,104,-0.634515658,93,5,-56,1
04/14/2006 04:45:00,104,-0.661291576,94,6,-58,1
04/14/2006 04:46:00,104,-0.688067494,95,7,-59,1
04/14/2006 04:47:00,104,-0.714843412,95,8,-61,1
04/14/2006 04:48:00,104,-0.768308913,97,9,-63,1
04/14/2006 04:49:00,104,-0.821774414,99,10,-65,1
04/14/2006 04:50:00,104,-0.875239915,100,10,-66,1
04/14/2006 04:51:00,104,-0.928705416,99,10,-65,1
04/14/2006 04:52:00,104,-0.982170918,99,10,-65,1
04/14/2006 04:53:00,104,-1.019387947,100,10,-67,1
04/14/2006 04:54:00,104,-1.056604977,102,10,-67,1
04/14/2006 04:55:00,104,-1.093822007,102,10,-67,1
04/14/2006 04:56:00,104,-1.131039037,102,9,-67,1
04/14/2006 04:57:00,104,-1.168256067,102,9,-67,1
04/14/2006 04:58:00,104,-1.162338257,102,8,-66,1
04/14/2006 04:59:00,104,-1.156420448,103,8,-66,1
04/14/2006 05:00:00,104,-1.150502639,103,7,-67,1
04/14/2006 05:01:00,104,-1.14458483,105,7,-67,1
04/14/2006 05:02:00,104,-1.13866702,105,6,-67,1
04/14/2006 05:03:00,104,-1.159021341,105,5,-68,1
04/14/2006 05:04:00,104,-1.179375662,106,5,-69,1
04/14/2006 05:05:00,104,-1.199729982,106,5,-70,1
04/14/2006 05:06:00,104,-1.220084303,106,4,-70,1
04/14/2006 05:07:00,104,-1.240438624,108,3,-71,1
04/14/2006 05:08:00,104,-1.224823497,109,3,-72,1
04/14/2006 05:09:00,104,-1.20920837,110,3,-73,1
04/14/2006 05:10:00,104,-1.193593243,109,2,-73,1
04/14/2006 05:11:00,104,-1.177978116,111,2,-74,1
04/14/2006 05:12:00,104,-1.16236299,111,2,-75,1
04/14/2006 05:13:00,104,-1.204972616,112,1,-75,1
04/14/2006 05:14:00,104,-1.247582243,112,1,-76,1
04/14/2006 05:15:00,104,-1.290191869,112,1,-76,1
04/14/2006 05:16:00,104,-1.332801495,110,1,-76,1
04/14/2006 05:17:00,104,-1.375411122,110,0,-75,1
04/14/2006 05:18:00,104,-1.35447982,110,0,-75,1
04/14/2006 05:19:00,104,-1.333548518,108,0,-75,1
04/14/2006 05:20:00,104,-1.312617216,108,-1,-75,1
04/14/2006 05:21:00,104,-1.291685915,108,-1,-75,1
04/14/2006 05:22:00,104,-1.270754613,108,-1,-75,1
04/14/2006 05:23:00,104,-1.254065181,108,-2,-75,1
04/14/2006 05:24:00,104,-1.23737575,108,-1,-75,1
04/14/2006 05:25:00,104,-1.220686318,108,-2,-75,1
04/14/2006 05:26:00,104,-1.203996887,108,-2,-75,1
04/14/2006 05:27:00,104,-1.187307455,107,-1,-74,1
04/14/2006 05:28:00,104,-1.185642966,107,-1,-75,1
04/14/2006 05:29:00,104,-1.183978477,106,0,-75,1
04/14/2006 05:30:00,104,-1.182313988,106,0,-74,1
04/14/2006 05:31:00,104,-1.180649499,104,0,-74,1
04/14/2006 05:32:00,104,-1.17898501,104,-1,-75,1
04/14/2006 05:33:00,104,-1.143812745,103,-1,-75,1
04/14/2006 05:34:00,104,-1.108640479,102,-1,-75,1
04/14/2006 05:35:00,104,-1.073468214,104,-2,-76,1
04/14/2006 05:36:00,104,-1.038295949,103,-2,-76,1
04/14/2006 05:37:00,104,-1.003123683,103,-2,-77,1
04/14/2006 05:38:00,104,-0.979460986,100,-2,-79,1
04/14/2006 05:39:00,104,-0.955798289,100,-1,-80,1
04/14/2006 05:40:00,104,-0.932135592,99,0,-82,1
04/14/2006 05:41:00,104,-0.908472894,99,1,-83,1
04/14/2006 05:42:00,104,-0.884810197,97,2,-83,1
04/14/2006 05:43:00,104,-0.894847882,96,1,-83,1
04/14/2006 05:44:00,104,-0.904885567,93,3,-83,1
04/14/2006 05:45:00,104,-0.914923251,91,3,-81,1
04/14/2006 05:46:00,104,-0.924960936,92,4,-80,1
04/14/2006 05:47:00,104,-0.934998621,95,5,-77,1
04/14/2006 05:48:00,104,-0.917115753,100,4,-76,1
04/14/2006 05:49:00,104,-0.899232885,104,5,-75,1
04/14/2006 05:50:00,104,-0.881350017,107,5,-75,1
04/14/2006 05:51:00,104,-0.863467149,108,5,-74,1
04/14/2006 05:52:00,104,-0.845584282,112,6,-74,1
04/14/2006 05:53:00,104,-0.823674685,112,8,-76,1
04/14/2006 05:54:00,104,-0.801765089,116,9,-77,1
04/14/2006 05:55:00,104,-0.779855493,119,10,-76,1
04/14/2006 05:56:00,104,-0.757945897,124,11,-76,1
04/14/2006 05:57:00,104,-0.736036301,131,11,-76,1
04/14/2006 05:58:00,104,-0.718439792,138,11,-76,1
04/14/2006 05:59:00,104,-0.700843283,139,10,-75,1
04/14/2006 06:00:00,104,-0.683246774,137,10,-74,1
04/14/2006 06:01:00,104,-0.665650265,135,10,-75,1
04/14/2006 06:02:00,104,-0.648053757,131,9,-75,1
04/14/2006 06:03:00,104,-0.660874296,124,9,-76,1
04/14/2006 06:04:00,104,-0.673694836,117,9,-78,1
04/14/2006 06:05:00,104,-0.686515376,108,9,-78,1
04/14/2006 06:06:00,104,-0.699335916,101,8,-78,1
04/14/2006 06:07:00,104,-0.712156456,97,8,-77,1
04/14/2006 06:08:00,104,-0.706984959,96,7,-74,1
04/14/2006 06:09:00,104,-0.701813463,95,7,-74,1
04/14/2006 06:10:00,104,-0.696641967,96,7,-73,1
04/14/2006 06:11:00,104,-0.691470471,94,7,-74,1
04/14/2006 06:12:00,104,-0.686298975,92,7,-74,1
04/14/2006 06:13:00,104,-0.683182876,87,6,-74,1
04/14/2006 06:14:00,104,-0.680066777,81,6,-74,1
04/14/2006 06:15:00,104,-0.676950678,76,5,-74,1
04/14/2006 06:16:00,104,-0.673834579,74,5,-75,1
04/14/2006 06:17:00,104,-0.67071848,72,5,-75,1
04/14/2006 06:18:00,104,-0.662932979,71,4,-75,1
04/14/2006 06:19:00,104,-0.655147477,69,4,-76,1
04/14/2006 06:20:00,104,-0.647361975,69,4,-76,1
04/14/2006 06:21:00,104,-0.639576473,68,4,-76,1
04/14/2006 06:22:00,104,-0.631790972,70,4,-76,1
04/14/2006 06:23:00,104,-0.630067395,71,4,-76,1
04/14/2006 06:24:00,104,-0.628343819,72,5,-77,1
04/14/2006 06:25:00,104,-0.626620243,75,5,-77,1
04/14/2006 06:26:00,104,-0.624896667,77,5,-76,1
04/14/2006 06:27:00,104,-0.62317309,77,5,-77,1
04/14/2006 06:28:00,104,-0.623860671,78,6,-78,1
04/14/2006 06:29:00,104,-0.624548251,79,6,-78,1
04/14/2006 06:30:00,104,-0.625235832,80,6,-78,1
04/14/2006 06:31:00,104,-0.625923412,79,5,-78,1
04/14/2006 06:32:00,104,-0.626610993,79,6,-79,1
04/14/2006 06:33:00,104,-0.62282835,78,6,-79,1
04/14/2006 06:34:00,104,-0.619045707,78,7,-80,1
04/14/2006 06:35:00,104,-0.615263064,79,7,-82,1
04/14/2006 06:36:00,104,-0.611480421,81,8,-82,1
04/14/2006 06:37:00,104,-0.607697778,80,8,-83,1
04/14/2006 06:38:00,104,-0.619085685,81,9,-84,1
04/14/2006 06:39:00,104,-0.630473592,82,8,-84,1
04/14/2006 06:40:00,104,-0.641861499,82,9,-85,1
04/14/2006 06:41:00,104,-0.653249406,81,9,-85,1
04/14/2006 06:42:00,104,-0.664637313,82,8,-86,1
04/14/2006 06:43:00,104,-0.656306924,82,8,-87,1
04/14/2006 06:44:00,104,-0.647976535,82,8,-88,1
04/14/2006 06:45:00,104,-0.639646145,83,9,-89,1
04/14/2006 06:46:00,104,-0.631315756,84,10,-91,1
04/14/2006 06:47:00,104,-0.622985367,85,10,-92,1
04/14/2006 06:48:00,104,-0.613735435,85,10,-93,1
04/14/2006 06:49:00,104,-0.604485504,86,11,-95,1
04/14/2006 06:50:00,104,-0.595235573,86,11,-96,1
04/14/2006 06:51:00,104,-0.585985641,87,12,-97,1
04/14/2006 06:52:00,104,-0.57673571,87,12,-96,1
04/14/2006 06:53:00,104,-0.561442529,86,12,-96,1
04/14/2006 06:54:00,104,-0.546149349,87,12,-96,1
04/14/2006 06:55:00,104,-0.530856169,87,13,-95,1
04/14/2006 06:56:00,104,-0.515562988,86,12,-94,1
04/14/2006 06:57:00,104,-0.500269808,86,12,-93,1
04/14/2006 06:58:00,104,-0.479133123,86,12,-93,1
04/14/2006 06:59:00,104,-0.457996437,86,12,-93,1
04/14/2006 07:00:00,104,-0.436859752,85,13,-95,1
04/14/2006 07:01:00,104,-0.415723067,86,13,-98,1
04/14/2006 07:02:00,104,-0.394586381,87,13,-100,1
04/14/2006 07:03:00,104,-0.391510733,87,13,-100,1
04/14/2006 07:04:00,104,-0.388435086,86,13,-101,1
04/14/2006 07:05:00,104,-0.385359438,87,14,-101,1
04/14/2006 07:06:00,104,-0.38228379,86,13,-100,1
04/14/2006 07:07:00,104,-0.379208142,84,13,-98,1
04/14/2006 07:08:00,104,-0.403678464,83,12,-97,1
04/14/2006 07:09:00,104,-0.428148785,81,10,-96,1
04/14/2006 07:10:00,104,-0.452619106,80,10,-95,1
04/14/2006 07:11:00,104,-0.477089427,80,9,-94,1
04/14/2006 07:12:00,104,-0.501559748,78,8,-93,1
04/14/2006 07:13:00,104,-0.516772105,75,7,-92,1
04/14/2006 07:14:00,104,-0.531984461,74,7,-91,1
04/14/2006 07:15:00,104,-0.547196818,73,6,-92,1
04/14/2006 07:16:00,104,-0.562409174,73,6,-92,1
04/14/2006 07:17:00,104,-0.577621531,73,6,-92,1
04/14/2006 07:18:00,104,-0.568313173,73,6,-92,1
04/14/2006 07:19:00,104,-0.559004814,74,7,-92,1
04/14/2006 07:20:00,104,-0.549696456,74,7,-93,1
04/14/2006 07:21:00,104,-0.540388098,74,7,-93,1
04/14/2006 07:22:00,104,-0.531079739,73,8,-94,1
04/14/2006 07:23:00,104,-0.512763062,73,9,-95,1
04/14/2006 07:24:00,104,-0.494446386,72,9,-96,1
04/14/2006 07:25:00,104,-0.476129709,71,10,-97,1
04/14/2006 07:26:00,104,-0.457813032,70,11,-98,1
04/14/2006 07:27:00,104,-0.439496355,68,12,-98,1
04/14/2006 07:28:00,104,-0.429817556,66,13,-98,1
04/14/2006 07:29:00,104,-0.420138757,66,13,-98,1
04/14/2006 07:30:00,104,-0.410459958,66,13,-98,1
04/14/2006 07:31:00,104,-0.400781159,66,13,-98,1
04/14/2006 07:32:00,104,-0.39110236,66,14,-98,1
04/14/2006 07:33:00,104,-0.402344266,63,14,-98,1
04/14/2006 07:34:00,104,-0.413586171,61,13,-97,1
04/14/2006 07:35:00,104,-0.424828077,58,12,-96,1
04/14/2006 07:36:00,104,-0.436069982,55,11,-94,1
04/14/2006 07:37:00,104,-0.447311888,52,10,-94,1
04/14/2006 07:38:00,104,-0.461822192,48,10,-92,1
04/14/2006 07:39:00,104,-0.476332496,45,10,-92,1
04/14/2006 07:40:00,104,-0.4908428,44,10,-91,1
04/14/2006 07:41:00,104,-0.505353104,42,9,-91,1
04/14/2006 07:42:00,104,-0.519863408,40,9,-90,1
04/14/2006 07:43:00,104,-0.523976093,39,9,-89,1
04/14/2006 07:44:00,104,-0.528088778,38,9,-89,1
04/14/2006 07:45:00,104,-0.532201462,36,9,-88,1
04/14/2006 07:46:00,104,-0.536314147,36,10,-88,1
04/14/2006 07:47:00,104,-0.540426831,35,10,-87,1
04/14/2006 07:48:00,104,-0.558269711,35,9,-85,1
04/14/2006 07:49:00,104,-0.576112592,34,9,-83,1
04/14/2006 07:50:00,104,-0.593955472,34,8,-82,1
04/14/2006 07:51:00,104,-0.611798352,35,7,-81,1
04/14/2006 07:52:00,104,-0.629641232,37,7,-81,1
04/14/2006 07:53:00,104,-0.597509925,39,7,-81,1
04/14/2006 07:54:00,104,-0.565378618,40,7,-80,1
04/14/2006 07:55:00,104,-0.53324731,42,7,-80,1
04/14/2006 07:56:00,104,-0.501116003,45,6,-79,1
04/14/2006 07:57:00,104,-0.468984696,49,6,-79,1
04/14/2006 07:58:00,104,-0.480440077,52,6,-79,1
04/14/2006 07:59:00,104,-0.491895459,56,7,-79,1
04/14/2006 08:00:00,104,-0.50335084,61,8,-80,1
04/14/2006 08:01:00,104,-0.514806222,66,8,-80,1
04/14/2006 08:02:00,104,-0.526261603,69,9,-81,1
04/14/2006 08:03:00,104,-0.525533191,75,9,-81,1
04/14/2006 08:04:00,104,-0.524804778,80,10,-81,1
04/14/2006 08:05:00,104,-0.524076365,85,10,-81,1
04/14/2006 08:06:00,104,-0.523347952,88,11,-81,1
04/14/2006 08:07:00,104,-0.522619539,88,11,-81,1
04/14/2006 08:08:00,104,-0.544434009,92,12,-81,1
04/14/2006 08:09:00,104,-0.566248478,95,13,-82,1
04/14/2006 08:10:00,104,-0.588062947,99,13,-83,1
04/14/2006 08:11:00,104,-0.609877416,97,14,-84,1
04/14/2006 08:12:00,104,-0.631691885,95,13,-84,1
04/14/2006 08:13:00,104,-0.635255528,93,14,-85,1
04/14/2006 08:14:00,104,-0.638819171,93,15,-87,1
04/14/2006 08:15:00,104,-0.642382814,89,16,-88,1
04/14/2006 08:16:00,104,-0.645946457,87,16,-89,1
04/14/2006 08:17:00,104,-0.6495101,86,17,-90,1
04/14/2006 08:18:00,104,-0.658988671,85,18,-91,1
04/14/2006 08:19:00,104,-0.668467243,83,18,-92,1
04/14/2006 08:20:00,104,-0.677945814,82,19,-93,1
04/14/2006 08:21:00,104,-0.687424386,82,20,-94,1
04/14/2006 08:22:00,104,-0.696902957,83,20,-94,1
04/14/2006 08:23:00,104,-0.682698777,83,21,-95,1
04/14/2006 08:24:00,104,-0.668494597,83,21,-94,1
04/14/2006 08:25:00,104,-0.654290417,82,22,-94,1
04/14/2006 08:26:00,104,-0.640086237,83,22,-93,1
04/14/2006 08:27:00,104,-0.625882057,84,22,-93,1
04/14/2006 08:28:00,104,-0.634160568,87,22,-93,1
04/14/2006 08:29:00,104,-0.642439079,88,22,-93,1
04/14/2006 08:30:00,104,-0.65071759,90,22,-93,1
04/14/2006 08:31:00,104,-0.658996101,89,23,-92,1
04/14/2006 08:32:00,104,-0.667274612,89,23,-93,1
04/14/2006 08:33:00,104,-0.679742966,89,22,-92,1
04/14/2006 08:34:00,104,-0.692211319,87,22,-92,1
04/14/2006 08:35:00,104,-0.704679673,85,22,-93,1
04/14/2006 08:36:00,104,-0.717148026,84,22,-94,1
04/14/2006 08:37:00,104,-0.72961638,80,22,-94,1
04/14/2006 08:38:00,104,-0.727166984,78,22,-95,1
04/14/2006 08:39:00,104,-0.724717589,75,22,-95,1
04/14/2006 08:40:00,104,-0.722268193,76,23,-96,1
04/14/2006 08:41:00,104,-0.719818798,78,23,-97,1
04/14/2006 08:42:00,104,-0.717369402,78,23,-98,1
04/14/2006 08:43:00,104,-0.705237145,79,23,-99,1
04/14/2006 08:44:00,104,-0.693104887,82,23,-100,1
04/14/2006 08:45:00,104,-0.68097263,84,24,-100,1
04/14/2006 08:46:00,104,-0.668840372,86,24,-101,1
04/14/2006 08:47:00,104,-0.656708114,89,24,-102,1
04/14/2006 08:48:00,104,-0.653325007,92,25,-103,1
04/14/2006 08:49:00,104,-0.649941899,96,26,-104,1
04/14/2006 08:50:00,104,-0.646558792,98,26,-104,1
04/14/2006 08:51:00,104,-0.643175684,100,27,-105,1
04/14/2006 08:52:00,104,-0.639792576,104,27,-105,1
04/14/2006 08:53:00,104,-0.614022396,107,28,-106,1
04/14/2006 08:54:00,104,-0.588252216,110,29,-106,1
04/14/2006 08:55:00,104,-0.562482035,114,29,-106,1
04/14/2006 08:56:00,104,-0.536711855,116,29,-106,1
04/14/2006 08:57:00,104,-0.510941675,118,29,-105,1
04/14/2006 08:58:00,104,-0.53636112,123,29,-105,1
04/14/2006 08:59:00,104,-0.561780565,124,30,-104,1
04/14/2006 09:00:00,104,-0.58720001,125,29,-103,1
04/14/2006 09:01:00,104,-0.612619456,124,29,-102,1
04/14/2006 09:02:00,104,-0.638038901,124,28,-102,1
04/14/2006 09:03:00,104,-0.636396071,125,28,-102,1
04/14/2006 09:04:00,104,-0.634753242,125,27,-102,1
04/14/2006 09:05:00,104,-0.633110412,127,26,-101,1
04/14/2006 09:06:00,104,-0.631467583,126,25,-102,1
04/14/2006 09:07:00,104,-0.629824753,127,25,-103,1
04/14/2006 09:08:00,104,-0.628696134,127,24,-104,1
04/14/2006 09:09:00,104,-0.627567515,127,23,-105,1
04/14/2006 09:10:00,104,-0.626438896,129,23,-105,1
04/14/2006 09:11:00,104,-0.625310277,131,23,-105,1
04/14/2006 09:12:00,104,-0.624181658,133,23,-106,1
04/14/2006 09:13:00,104,-0.642918383,135,22,-106,1
04/14/2006 09:14:00,104,-0.661655108,137,23,-107,1
04/14/2006 09:15:00,104,-0.680391832,136,22,-107,1
04/14/2006 09:16:00,104,-0.699128557,136,22,-108,1
04/14/2006 09:17:00,104,-0.717865282,133,22,-108,1
04/14/2006 09:18:00,104,-0.717478843,131,22,-108,1
04/14/2006 09:19:00,104,-0.717092404,132,22,-108,1
04/14/2006 09:20:00,104,-0.716705965,129,22,-110,1
04/14/2006 09:21:00,104,-0.716319526,128,22,-111,1
04/14/2006 09:22:00,104,-0.715933087,127,21,-111,1
04/14/2006 09:23:00,104,-0.716284561,128,21,-110,1
04/14/2006 09:24:00,104,-0.716636036,128,20,-110,1
04/14/2006 09:25:00,104,-0.716987511,129,20,-109,1
04/14/2006 09:26:00,104,-0.717338985,129,20,-109,1
04/14/2006 09:27:00,104,-0.71769046,125,18,-109,1
04/14/2006 09:28:00,104,-0.73154915,122,17,-108,1
04/14/2006 09:29:00,104,-0.74540784,122,17,-109,1
04/14/2006 09:30:00,104,-0.75926653,123,16,-108,1
04/14/2006 09:31:00,104,-0.773125219,124,16,-108,1
04/14/2006 09:32:00,104,-0.786983909,125,15,-107,1
04/14/2006 09:33:00,104,-0.810436246,127,15,-107,1
04/14/2006 09:34:00,104,-0.833888583,129,15,-107,1
04/14/2006 09:35:00,104,-0.85734092,129,15,-107,1
04/14/2006 09:36:00,104,-0.880793257,130,16,-107,1
04/14/2006 09:37:00,104,-0.904245594,129,16,-107,1
04/14/2006 09:38:00,104,-0.905870396,129,16,-107,1
04/14/2006 09:39:00,104,-0.907495197,129,16,-107,1
04/14/2006 09:40:00,104,-0.909119999,130,17,-108,1
04/14/2006 09:41:00,104,-0.9107448,132,17,-108,1
04/14/2006 09:42:00,104,-0.912369602,134,17,-108,1
04/14/2006 09:43:00,104,-0.899441684,140,18,-108,1
04/14/2006 09:44:00,104,-0.886513765,143,18,-107,1
04/14/2006 09:45:00,104,-0.873585847,146,18,-107,1
04/14/2006 09:46:00,104,-0.860657928,149,18,-106,1
04/14/2006 09:47:00,104,-0.84773001,152,17,-106,1
04/14/2006 09:48:00,104,-0.878288415,153,17,-105,1
04/14/2006 09:49:00,104,-0.908846821,156,16,-106,1
04/14/2006 09:50:00,104,-0.939405226,157,16,-106,1
04/14/2006 09:51:00,104,-0.969963632,161,16,-106,1
04/14/2006 09:52:00,104,-1.000522037,161,17,-106,1
04/14/2006 09:53:00,104,-1.02010215,162,17,-106,1
04/14/2006 09:54:00,104,-1.039682262,161,16,-105,1
04/14/2006 09:55:00,104,-1.059262375,162,16,-105,1
04/14/2006 09:56:00,104,-1.078842488,162,16,-104,1
04/14/2006 09:57:00,104,-1.0984226,162,16,-104,1
04/14/2006 09:58:00,104,-1.13316008,162,16,-104,1
04/14/2006 09:59:00,104,-1.16789756,161,16,-104,1
04/14/2006 10:00:00,104,-1.20263504,161,15,-103,1
04/14/2006 10:01:00,104,-1.23737252,157,15,-104,1
04/14/2006 10:02:00,104,-1.272109999,157,15,-105,1
04/14/2006 10:03:00,104,-1.285369054,157,15,-105,1
04/14/2006 10:04:00,104,-1.298628108,157,15,-106,1
04/14/2006 10:05:00,104,-1.311887163,156,15,-106,1
04/14/2006 10:06:00,104,-1.325146218,154,14,-107,1
04/14/2006 10:07:00,104,-1.338405272,151,14,-107,1
04/14/2006 10:08:00,104,-1.38044866,146,14,-107,1
04/14/2006 10:09:00,104,-1.422492047,140,13,-107,1
04/14/2006 10:10:00,104,-1.464535434,138,13,-108,1
04/14/2006 10:11:00,104,-1.506578822,135,14,-109,1
04/14/2006 10:12:00,104,-1.548622209,134,14,-109,1
04/14/2006 10:13:00,104,-1.540876011,133,14,-110,1
04/14/2006 10:14:00,104,-1.533129814,130,15,-110,1
04/14/2006 10:15:00,104,-1.525383616,127,15,-110,1
04/14/2006 10:16:00,104,-1.517637418,125,15,-110,1
04/14/2006 10:17:00,104,-1.50989122,122,14,-108,1
04/14/2006 10:18:00,104,-1.489047678,121,14,-108,1
04/14/2006 10:19:00,104,-1.468204136,118,14,-108,1
04/14/2006 10:20:00,104,-1.447360595,114,14,-108,1
04/14/2006 10:21:00,104,-1.426517053,107,14,-106,1
04/14/2006 10:22:00,104,-1.405673511,103,14,-105,1
04/14/2006 10:23:00,104,-1.422625478,99,16,-103,1
04/14/2006 10:24:00,104,-1.439577445,88,16,-102,1
04/14/2006 10:25:00,104,-1.456529412,77,15,-99,1
04/14/2006 10:26:00,104,-1.473481379,69,15,-97,1
04/14/2006 10:27:00,104,-1.490433345,69,13,-95,1
04/14/2006 10:28:00,104,-1.495646287,68,12,-92,1
04/14/2006 10:29:00,104,-1.500859228,68,11,-89,1
04/14/2006 10:30:00,104,-1.506072169,65,9,-85,1
04/14/2006 10:31:00,104,-1.51128511,67,9,-84,1
04/14/2006 10:32:00,104,-1.516498051,72,9,-81,1
04/14/2006 10:33:00,104,-1.50726943,78,10,-80,1
04/14/2006 10:34:00,104,-1.49804081,82,10,-79,1
04/14/2006 10:35:00,104,-1.48881219,92,11,-77,1
04/14/2006 10:36:00,104,-1.479583569,102,10,-75,1
04/14/2006 10:37:00,104,-1.470354949,112,10,-74,1
04/14/2006 10:38:00,104,-1.468300846,120,10,-72,1
04/14/2006 10:39:00,104,-1.466246742,126,10,-70,1
04/14/2006 10:40:00,104,-1.464192639,132,10,-68,1
04/14/2006 10:41:00,104,-1.462138536,138,10,-68,1
04/14/2006 10:42:00,104,-1.460084432,141,10,-68,1
04/14/2006 10:43:00,104,-1.432159088,140,10,-67,1
04/14/2006 10:44:00,104,-1.404233744,139,9,-66,1
04/14/2006 10:45:00,104,-1.376308401,137,9,-65,1
04/14/2006 10:46:00,104,-1.348383057,131,10,-63,1
04/14/2006 10:47:00,104,-1.320457713,123,10,-62,1
04/14/2006 10:48:00,104,-1.2932915,118,9,-63,1
04/14/2006 10:49:00,104,-1.266125288,107,10,-63,1
04/14/2006 10:50:00,104,-1.238959076,97,10,-64,1
04/14/2006 10:51:00,104,-1.211792863,91,10,-64,1
04/14/2006 10:52:00,104,-1.184626651,87,12,-65,1
04/14/2006 10:53:00,104,-1.170432396,84,13,-66,1
04/14/2006 10:54:00,104,-1.156238141,83,14,-66,1
04/14/2006 10:55:00,104,-1.142043885,83,15,-66,1
04/14/2006 10:56:00,104,-1.12784963,84,16,-66,1
04/14/2006 10:57:00,104,-1.113655375,87,17,-66,1
04/14/2006 10:58:00,104,-1.087491351,90,18,-66,1
04/14/2006 10:59:00,104,-1.061327326,94,17,-66,1
04/14/2006 11:00:00,104,-1.035163302,96,17,-66,1
04/14/2006 11:01:00,104,-1.008999278,98,16,-67,1
04/14/2006 11:02:00,104,-0.982835253,101,15,-67,1
04/14/2006 11:03:00,104,-0.97355854,104,14,-68,1
04/14/2006 11:04:00,104,-0.964281826,106,13,-69,1
04/14/2006 11:05:00,104,-0.955005112,108,13,-70,1
04/14/2006 11:06:00,104,-0.945728399,110,13,-70,1
04/14/2006 11:07:00,104,-0.936451685,110,13,-71,1
04/14/2006 11:08:00,104,-0.973192963,109,12,-72,1
04/14/2006 11:09:00,104,-1.009934241,109,13,-72,1
04/14/2006 11:10:00,104,-1.046675518,109,12,-75,1
04/14/2006 11:11:00,104,-1.083416796,110,12,-75,1
04/14/2006 11:12:00,104,-1.120158074,112,11,-76,1
04/14/2006 11:13:00,104,-1.095437386,112,11,-77,1
04/14/2006 11:14:00,104,-1.070716698,115,12,-78,1
04/14/2006 11:15:00,104,-1.04599601,115,12,-78,1
04/14/2006 11:16:00,104,-1.021275322,117,11,-79,1
04/14/2006 11:17:00,104,-0.996554635,118,12,-80,1
04/14/2006 11:18:00,104,-0.996172315,119,12,-81,1
04/14/2006 11:19:00,104,-0.995789996,118,12,-81,1
04/14/2006 11:20:00,104,-0.995407676,122,12,-82,1
04/14/2006 11:21:00,104,-0.995025357,127,13,-83,1
04/14/2006 11:22:00,104,-0.994643038,130,13,-84,1
04/14/2006 11:23:00,104,-1.032722304,130,12,-86,1
04/14/2006 11:24:00,104,-1.07080157,133,12,-86,1
04/14/2006 11:25:00,104,-1.108880836,131,12,-86,1
04/14/2006 11:26:00,104,-1.146960102,129,12,-86,1
04/14/2006 11:27:00,104,-1.185039368,128,12,-86,1
04/14/2006 11:28:00,104,-1.208496048,124,12,-86,1
04/14/2006 11:29:00,104,-1.231952727,120,12,-87,1
04/14/2006 11:30:00,104,-1.255409406,116,11,-86,1
04/14/2006 11:31:00,104,-1.278866086,111,11,-86,1
04/14/2006 11:32:00,104,-1.302322765,104,10,-86,1
04/14/2006 11:33:00,104,-1.293475331,100,9,-86,1
04/14/2006 11:34:00,104,-1.284627897,94,9,-85,1
04/14/2006 11:35:00,104,-1.275780463,92,9,-86,1
04/14/2006 11:36:00,104,-1.266933029,90,8,-86,1
04/14/2006 11:37:00,104,-1.258085595,88,9,-86,1
04/14/2006 11:38:00,104,-1.275413012,86,8,-86,1
04/14/2006 11:39:00,104,-1.29274043,84,7,-86,1
04/14/2006 11:40:00,104,-1.310067848,82,7,-86,1
04/14/2006 11:41:00,104,-1.327395265,80,7,-86,1
04/14/2006 11:42:00,104,-1.344722683,78,7,-86,1
04/14/2006 11:43:00,104,-1.38157916,76,7,-85,1
04/14/2006 11:44:00,104,-1.418435637,78,7,-86,1
04/14/2006 11:45:00,104,-1.455292114,81,6,-87,1
04/14/2006 11:46:00,104,-1.492148591,84,6,-87,1
04/14/2006 11:47:00,104,-1.529005068,86,6,-87,1
04/14/2006 11:48:00,104,-1.560553758,90,6,-86,1
04/14/2006 11:49:00,104,-1.592102448,93,6,-86,1
04/14/2006 11:50:00,104,-1.623651139,97,6,-86,1
04/14/2006 11:51:00,104,-1.655199829,101,6,-86,1
04/14/2006 11:52:00,104,-1.686748519,104,6,-86,1
04/14/2006 11:53:00,104,-1.693097747,106,6,-87,1
04/14/2006 11:54:00,104,-1.699446974,110,6,-87,1
04/14/2006 11:55:00,104,-1.705796201,113,6,-86,1
04/14/2006 11:56:00,104,-1.712145428,116,5,-86,1
04/14/2006 11:57:00,104,-1.718494655,119,6,-85,1
04/14/2006 11:58:00,104,-1.733471462,120,5,-85,1
04/14/2006 11:59:00,104,-1.748448268,122,5,-85,1
04/14/2006 12:00:00,104,-1.763425074,125,5,-85,1
04/14/2006 12:01:00,104,-1.77840188,126,4,-84,1
04/14/2006 12:02:00,104,-1.793378687,126,4,-84,1
04/14/2006 12:03:00,104,-1.800636771,127,4,-84,1
04/14/2006 12:04:00,104,-1.807894855,125,3,-83,1
04/14/2006 12:05:00,104,-1.815152939,125,3,-83,1
04/14/2006 12:06:00,104,-1.822411023,125,3,-83,1
04/14/2006 12:07:00,104,-1.829669107,125,3,-83,1
04/14/2006 12:08:00,104,-1.818781966,123,3,-82,1
04/14/2006 12:09:00,104,-1.807894824,124,3,-82,1
04/14/2006 12:10:00,104,-1.797007682,123,3,-83,1
04/14/2006 12:11:00,104,-1.78612054,124,3,-82,1
04/14/2006 12:12:00,104,-1.775233398,124,3,-82,1
04/14/2006 12:13:00,104,-1.769231468,122,3,-82,1
04/14/2006 12:14:00,104,-1.763229539,121,2,-83,1
04/14/2006 12:15:00,104,-1.757227609,120,2,-83,1
04/14/2006 12:16:00,104,-1.751225679,120,2,-83,1
04/14/2006 12:17:00,104,-1.745223749,116,2,-83,1
04/14/2006 12:18:00,104,-1.745002772,113,1,-84,1
04/14/2006 12:19:00,104,-1.744781794,112,1,-83,1
04/14/2006 12:20:00,104,-1.744560817,110,1,-83,1
04/14/2006 12:21:00,104,-1.744339839,108,1,-82,1
04/14/2006 12:22:00,104,-1.744118861,105,2,-83,1
04/14/2006 12:23:00,104,-1.749356954,101,1,-83,1
04/14/2006 12:24:00,104,-1.754595047,97,2,-82,1
04/14/2006 12:25:00,104,-1.759833139,93,1,-81,1
04/14/2006 12:26:00,104,-1.765071232,87,1,-81,1
04/14/2006 12:27:00,104,-1.770309324,83,1,-81,1
04/14/2006 12:28:00,104,-1.774429641,82,1,-81,1
04/14/2006 12:29:00,104,-1.778549958,82,2,-81,1
04/14/2006 12:30:00,104,-1.782670275,82,2,-81,1
04/14/2006 12:31:00,104,-1.786790591,83,2,-81,1
04/14/2006 12:32:00,104,-1.790910908,81,2,-81,1
04/14/2006 12:33:00,104,-1.820324598,78,2,-81,1
04/14/2006 12:34:00,104,-1.849738288,78,2,-80,1
04/14/2006 12:35:00,104,-1.879151978,77,2,-80,1
04/14/2006 12:36:00,104,-1.908565668,77,2,-80,1
04/14/2006 12:37:00,104,-1.937979357,78,2,-80,1
04/14/2006 12:38:00,104,-1.957655759,80,2,-81,1
04/14/2006 12:39:00,104,-1.97733216,81,2,-81,1
04/14/2006 12:40:00,104,-1.997008561,82,2,-81,1
04/14/2006 12:41:00,104,-2.016684962,82,2,-81,1
04/14/2006 12:42:00,104,-2.036361363,82,2,-82,1
04/14/2006 12:43:00,104,-2.061402671,83,1,-82,1
04/14/2006 12:44:00,104,-2.086443979,85,1,-81,1
04/14/2006 12:45:00,104,-2.111485287,83,1,-82,1
04/14/2006 12:46:00,104,-2.136526595,83,1,-81,1
04/14/2006 12:47:00,104,-2.161567903,81,1,-81,1
04/14/2006 12:48:00,104,-2.183841992,79,0,-81,1
04/14/2006 12:49:00,104,-2.206116082,76,0,-81,1
04/14/2006 12:50:00,104,-2.228390171,74,0,-81,1
04/14/2006 12:51:00,104,-2.250664261,71,0,-81,1
04/14/2006 12:52:00,104,-2.272938351,71,0,-80,1
04/14/2006 12:53:00,104,-2.309406819,70,0,-79,1
04/14/2006 12:54:00,104,-2.345875288,66,0,-79,1
04/14/2006 12:55:00,104,-2.382343757,62,0,-78,1
04/14/2006 12:56:00,104,-2.418812226,60,-1,-77,1
04/14/2006 12:57:00,104,-2.455280695,57,-1,-76,1
04/14/2006 12:58:00,104,-2.486508344,52,0,-77,1
04/14/2006 12:59:00,104,-2.517735993,51,-1,-77,1
04/14/2006 13:00:00,104,-2.548963643,49,0,-76,1
04/14/2006 13:01:00,104,-2.580191292,47,-1,-77,1
04/14/2006 13:02:00,104,-2.611418941,46,-1,-78,1
04/14/2006 13:03:00,104,-2.622817101,48,-1,-78,1
04/14/2006 13:04:00,104,-2.634215261,47,-1,-78,1
04/14/2006 13:05:00,104,-2.645613421,47,-1,-78,1
04/14/2006 13:06:00,104,-2.657011581,47,-1,-78,1
04/14/2006 13:07:00,104,-2.668409741,49,-1,-78,1
04/14/2006 13:08:00,104,-2.652256254,49,-1,-78,1
04/14/2006 13:09:00,104,-2.636102767,47,-1,-78,1
04/14/2006 13:10:00,104,-2.619949279,45,-1,-78,1
04/14/2006 13:11:00,104,-2.603795792,43,-1,-78,1
04/14/2006 13:12:00,104,-2.587642305,42,-1,-78,1
04/14/2006 13:13:00,104,-2.588495462,41,-1,-77,1
04/14/2006 13:14:00,104,-2.589348619,40,-1,-77,1
04/14/2006 13:15:00,104,-2.590201776,39,-1,-77,1
04/14/2006 13:16:00,104,-2.591054933,39,-1,-77,1
04/14/2006 13:17:00,104,-2.59190809,38,-1,-77,1
04/14/2006 13:18:00,104,-2.613290796,41,-1,-77,1
04/14/2006 13:19:00,104,-2.634673503,39,-1,-77,1
04/14/2006 13:20:00,104,-2.65605621,38,-2,-77,1
04/14/2006 13:21:00,104,-2.677438917,37,-2,-77,1
04/14/2006 13:22:00,104,-2.698821624,36,-2,-76,1
04/14/2006 13:23:00,104,-2.712322299,35,-2,-76,1
04/14/2006 13:24:00,104,-2.725822973,33,-2,-77,1
04/14/2006 13:25:00,104,-2.739323648,32,-2,-77,1
04/14/2006 13:26:00,104,-2.752824323,31,-2,-77,1
04/14/2006 13:27:00,104,-2.766324998,32,-2,-76,1
04/14/2006 13:28:00,104,-2.752214542,30,-2,-76,1
04/14/2006 13:29:00,104,-2.738104086,27,-3,-76,1
04/14/2006 13:30:00,104,-2.72399363,27,-3,-76,1
04/14/2006 13:31:00,104,-2.709883174,28,-3,-76,1
04/14/2006 13:32:00,104,-2.695772718,29,-2,-76,1
04/14/2006 13:33:00,104,-2.727605084,31,-2,-76,1
04/14/2006 13:34:00,104,-2.75943745,29,-3,-76,1
04/14/2006 13:35:00,104,-2.791269816,28,-3,-77,1
04/14/2006 13:36:00,104,-2.823102182,28,-3,-77,1
04/14/2006 13:37:00,104,-2.854934548,30,-2,-77,1
04/14/2006 13:38:00,104,-2.843979268,28,-2,-77,1
04/14/2006 13:39:00,104,-2.833023989,26,-2,-78,1
04/14/2006 13:40:00,104,-2.822068709,27,-3,-77,1
04/14/2006 13:41:00,104,-2.81111343,26,-3,-77,1
04/14/2006 13:42:00,104,-2.80015815,28,-3,-78,1
04/14/2006 13:43:00,104,-2.793136378,29,-3,-77,1
04/14/2006 13:44:00,104,-2.786114605,27,-3,-77,1
04/14/2006 13:45:00,104,-2.779092832,24,-3,-77,1
04/14/2006 13:46:00,104,-2.772071059,24,-3,-76,1
04/14/2006 13:47:00,104,-2.765049286,23,-3,-75,1
04/14/2006 13:48:00,104,-2.75859201,21,-3,-74,1
04/14/2006 13:49:00,104,-2.752134733,18,-4,-74,1
04/14/2006 13:50:00,104,-2.745677457,16,-4,-73,1
04/14/2006 13:51:00,104,-2.739220181,14,-3,-73,1
04/14/2006 13:52:00,104,-2.732762904,19,-2,-73,1
04/14/2006 13:53:00,104,-2.73775203,23,-2,-73,1
04/14/2006 13:54:00,104,-2.742741156,19,-2,-73,1
04/14/2006 13:55:00,104,-2.747730282,16,-3,-73,1
04/14/2006 13:56:00,104,-2.752719409,15,-3,-72,1
04/14/2006 13:57:00,104,-2.757708535,15,-3,-72,1
04/14/2006 13:58:00,104,-2.776329605,16,-3,-72,1
04/14/2006 13:59:00,104,-2.794950675,18,-3,-72,1
04/14/2006 14:00:00,104,-2.813571745,15,-3,-72,1
04/14/2006 14:01:00,104,-2.832192816,13,-3,-73,1
04/14/2006 14:02:00,104,-2.850813886,13,-2,-73,1
04/14/2006 14:03:00,104,-2.855537153,13,-2,-73,1
04/14/2006 14:04:00,104,-2.86026042,21,-2,-73,1
04/14/2006 14:05:00,104,-2.864983687,19,-2,-74,1
04/14/2006 14:06:00,104,-2.869706954,14,-3,-74,1
04/14/2006 14:07:00,104,-2.87443022,13,-3,-74,1
04/14/2006 14:08:00,104,-2.880800619,13,-3,-73,1
04/14/2006 14:09:00,104,-2.887171017,14,-2,-72,1
04/14/2006 14:10:00,104,-2.893541415,17,-2,-72,1
04/14/2006 14:11:00,104,-2.899911813,17,-2,-72,1
04/14/2006 14:12:00,104,-2.906282211,13,-3,-72,1
04/14/2006 14:13:00,104,-2.895218526,12,-3,-72,1
04/14/2006 14:14:00,104,-2.88415484,15,-3,-72,1
04/14/2006 14:15:00,104,-2.873091155,15,-2,-72,1
04/14/2006 14:16:00,104,-2.862027469,15,-3,-72,1
04/14/2006 14:17:00,104,-2.850963784,16,-3,-72,1
04/14/2006 14:18:00,104,-2.845238599,15,-3,-72,1
04/14/2006 14:19:00,104,-2.839513415,17,-3,-72,1
04/14/2006 14:20:00,104,-2.833788231,16,-3,-72,1
04/14/2006 14:21:00,104,-2.828063046,15,-3,-72,1
04/14/2006 14:22:00,104,-2.822337862,16,-3,-72,1
04/14/2006 14:23:00,104,-2.818411971,16,-3,-72,1
04/14/2006 14:24:00,104,-2.81448608,16,-3,-72,1
04/14/2006 14:25:00,104,-2.81056019,15,-3,-71,1
04/14/2006 14:26:00,104,-2.806634299,15,-3,-71,1
04/14/2006 14:27:00,104,-2.802708408,15,-3,-72,1
04/14/2006 14:28:00,104,-2.793820483,16,-3,-72,1
04/14/2006 14:29:00,104,-2.784932559,16,-3,-72,1
04/14/2006 14:30:00,104,-2.776044634,14,-3,-72,1
04/14/2006 14:31:00,104,-2.76715671,12,-2,-71,1
04/14/2006 14:32:00,104,-2.758268785,13,-2,-72,1
04/14/2006 14:33:00,104,-2.774892946,13,-1,-72,1
04/14/2006 14:34:00,104,-2.791517106,13,-1,-72,1
04/14/2006 14:35:00,104,-2.808141267,14,0,-73,1
04/14/2006 14:36:00,104,-2.824765427,13,0,-72,1
04/14/2006 14:37:00,104,-2.841389587,13,0,-73,1
04/14/2006 14:38:00,104,-2.840733075,12,0,-73,1
04/14/2006 14:39:00,104,-2.840076563,12,1,-73,1
04/14/2006 14:40:00,104,-2.839420051,12,1,-74,1
04/14/2006 14:41:00,104,-2.838763539,12,1,-74,1
04/14/2006 14:42:00,104,-2.838107027,12,1,-74,1
04/14/2006 14:43:00,104,-2.836213907,11,1,-75,1
04/14/2006 14:44:00,104,-2.834320786,11,1,-75,1
04/14/2006 14:45:00,104,-2.832427666,10,1,-76,1
04/14/2006 14:46:00,104,-2.830534545,10,1,-76,1
04/14/2006 14:47:00,104,-2.828641425,10,1,-76,1
04/14/2006 14:48:00,104,-2.821459897,12,1,-76,1
04/14/2006 14:49:00,104,-2.814278368,12,1,-76,1
04/14/2006 14:50:00,104,-2.80709684,12,1,-77,1
04/14/2006 14:51:00,104,-2.799915312,12,1,-77,1
04/14/2006 14:52:00,104,-2.792733784,11,1,-77,1
04/14/2006 14:53:00,104,-2.820266651,12,1,-77,1
04/14/2006 14:54:00,104,-2.847799519,11,1,-78,1
04/14/2006 14:55:00,104,-2.875332386,11,1,-78,1
04/14/2006 14:56:00,104,-2.902865254,12,2,-78,1
04/14/2006 14:57:00,104,-2.930398122,13,2,-78,1
04/14/2006 14:58:00,104,-2.921308795,14,2,-79,1
04/14/2006 14:59:00,104,-2.912219468,13,2,-79,1
04/14/2006 15:00:00,104,-2.903130141,14,2,-79,1
04/14/2006 15:01:00,104,-2.894040814,15,2,-79,1
04/14/2006 15:02:00,104,-2.884951488,17,2,-79,1
04/14/2006 15:03:00,104,-2.919632846,19,1,-79,1
04/14/2006 15:04:00,104,-2.954314204,19,1,-79,1
04/14/2006 15:05:00,104,-2.988995563,20,1,-80,1
04/14/2006 15:06:00,104,-3.023676921,20,1,-80,1
04/14/2006 15:07:00,104,-3.058358279,21,1,-80,1
04/14/2006 15:08:00,104,-3.069081618,20,1,-80,1
04/14/2006 15:09:00,104,-3.079804957,21,1,-81,1
04/14/2006 15:10:00,104,-3.090528295,21,1,-81,1
04/14/2006 15:11:00,104,-3.101251634,22,1,-81,1
04/14/2006 15:12:00,104,-3.111974973,22,1,-81,1
04/14/2006 15:13:00,104,-3.122035495,22,1,-81,1
04/14/2006 15:14:00,104,-3.132096016,23,1,-81,1
04/14/2006 15:15:00,104,-3.142156538,23,1,-81,1
04/14/2006 15:16:00,104,-3.15221706,23,1,-81,1
04/14/2006 15:17:00,104,-3.162277582,23,2,-81,1
04/14/2006 15:18:00,104,-3.16361355,24,1,-82,1
04/14/2006 15:19:00,104,-3.164949519,25,1,-81,1
04/14/2006 15:20:00,104,-3.166285487,25,1,-81,1
04/14/2006 15:21:00,104,-3.167621456,25,1,-81,1
04/14/2006 15:22:00,104,-3.168957424,27,1,-82,1
04/14/2006 15:23:00,104,-3.188470842,27,1,-82,1
04/14/2006 15:24:00,104,-3.20798426,27,1,-81,1
04/14/2006 15:25:00,104,-3.227497678,26,1,-81,1
04/14/2006 15:26:00,104,-3.247011096,27,1,-81,1
04/14/2006 15:27:00,104,-3.266524514,28,1,-80,1
04/14/2006 15:28:00,104,-3.263879118,27,2,-80,1
04/14/2006 15:29:00,104,-3.261233722,27,2,-80,1
04/14/2006 15:30:00,104,-3.258588326,27,2,-80,1
04/14/2006 15:31:00,104,-3.25594293,27,2,-80,1
04/14/2006 15:32:00,104,-3.253297534,27,2,-80,1
04/14/2006 15:33:00,104,-3.239930803,28,2,-79,1
04/14/2006 15:34:00,104,-3.226564072,28,1,-79,1
04/14/2006 15:35:00,104,-3.213197341,29,1,-79,1
04/14/2006 15:36:00,104,-3.19983061,29,1,-79,1
04/14/2006 15:37:00,104,-3.186463879,31,1,-79,1
04/14/2006 15:38:00,104,-3.196912586,32,0,-78,1
04/14/2006 15:39:00,104,-3.207361293,32,0,-78,1
04/14/2006 15:40:00,104,-3.21781,33,0,-77,1
04/14/2006 15:41:00,104,-3.228258707,37,-1,-77,1
04/14/2006 15:42:00,104,-3.238707414,41,-1,-77,1
04/14/2006 15:43:00,104,-3.214403649,44,-1,-77,1
04/14/2006 15:44:00,104,-3.190099884,46,-2,-76,1
04/14/2006 15:45:00,104,-3.165796118,46,-2,-76,1
04/14/2006 15:46:00,104,-3.141492353,47,-2,-76,1
04/14/2006 15:47:00,104,-3.117188588,48,-3,-77,1
04/14/2006 15:48:00,104,-3.117205751,47,-3,-77,1
04/14/2006 15:49:00,104,-3.117222914,49,-3,-77,1
04/14/2006 15:50:00,104,-3.117240077,49,-4,-77,1
04/14/2006 15:51:00,104,-3.11725724,51,-4,-77,1
04/14/2006 15:52:00,104,-3.117274403,50,-5,-77,1
04/14/2006 15:53:00,104,-3.110189242,50,-5,-77,1
04/14/2006 15:54:00,104,-3.103104081,50,-5,-77,1
04/14/2006 15:55:00,104,-3.09601892,49,-5,-77,1
04/14/2006 15:56:00,104,-3.088933758,49,-5,-77,1
04/14/2006 15:57:00,104,-3.081848597,48,-5,-77,1
04/14/2006 15:58:00,104,-3.079701938,47,-5,-77,1
04/14/2006 15:59:00,104,-3.077555278,47,-5,-77,1
04/14/2006 16:00:00,104,-3.075408619,47,-5,-78,1
04/14/2006 16:01:00,104,-3.073261959,47,-5,-77,1
04/14/2006 16:02:00,104,-3.0711153,46,-5,-78,1
04/14/2006 16:03:00,104,-3.070371175,46,-5,-77,1
04/14/2006 16:04:00,104,-3.069627051,47,-5,-77,1
04/14/2006 16:05:00,104,-3.068882926,47,-5,-77,1
04/14/2006 16:06:00,104,-3.068138802,47,-4,-78,1
04/14/2006 16:07:00,104,-3.067394677,47,-4,-78,1
04/14/2006 16:08:00,104,-3.093025441,47,-4,-77,1
04/14/2006 16:09:00,104,-3.118656205,47,-4,-77,1
04/14/2006 16:10:00,104,-3.144286969,47,-4,-77,1
04/14/2006 16:11:00,104,-3.169917733,46,-4,-77,1
04/14/2006 16:12:00,104,-3.195548497,47,-4,-78,1
04/14/2006 16:13:00,104,-3.202873276,47,-4,-78,1
04/14/2006 16:14:00,104,-3.210198054,46,-4,-78,1
04/14/2006 16:15:00,104,-3.217522832,46,-4,-78,1
04/14/2006 16:16:00,104,-3.224847611,45,-4,-78,1
04/14/2006 16:17:00,104,-3.232172389,44,-4,-78,1
04/14/2006 16:18:00,104,-3.259017731,43,-3,-78,1
04/14/2006 16:19:00,104,-3.285863072,44,-3,-78,1
04/14/2006 16:20:00,104,-3.312708414,42,-3,-78,1
04/14/2006 16:21:00,104,-3.339553755,41,-3,-78,1
04/14/2006 16:22:00,104,-3.366399097,40,-2,-78,1
04/14/2006 16:23:00,104,-3.354966208,39,-2,-78,1
04/14/2006 16:24:00,104,-3.343533319,39,-2,-78,1
04/14/2006 16:25:00,104,-3.33210043,39,-2,-79,1
04/14/2006 16:26:00,104,-3.320667541,39,-2,-79,1
04/14/2006 16:27:00,104,-3.309234652,39,-2,-80,1
04/14/2006 16:28:00,104,-3.305612752,40,-1,-80,1
04/14/2006 16:29:00,104,-3.301990852,40,-1,-80,1
04/14/2006 16:30:00,104,-3.298368953,42,-1,-80,1
04/14/2006 16:31:00,104,-3.294747053,43,-1,-81,1
04/14/2006 16:32:00,104,-3.291125154,43,-1,-81,1
04/14/2006 16:33:00,104,-3.307179728,45,-1,-82,1
04/14/2006 16:34:00,104,-3.323234302,46,-1,-82,1
04/14/2006 16:35:00,104,-3.339288876,48,-1,-82,1
04/14/2006 16:36:00,104,-3.35534345,48,-1,-82,1
04/14/2006 16:37:00,104,-3.371398025,49,0,-82,1
04/14/2006 16:38:00,104,-3.357956397,49,0,-82,1
04/14/2006 16:39:00,104,-3.344514769,50,-1,-82,1
04/14/2006 16:40:00,104,-3.331073141,51,0,-83,1
04/14/2006 16:41:00,104,-3.317631513,50,0,-83,1
04/14/2006 16:42:00,104,-3.304189885,51,0,-84,1
04/14/2006 16:43:00,104,-3.326756258,52,0,-84,1
04/14/2006 16:44:00,104,-3.349322631,51,0,-84,1
04/14/2006 16:45:00,104,-3.371889004,51,0,-84,1
04/14/2006 16:46:00,104,-3.394455376,52,0,-84,1
04/14/2006 16:47:00,104,-3.417021749,52,0,-84,1
04/14/2006 16:48:00,104,-3.434256108,53,0,-84,1
04/14/2006 16:49:00,104,-3.451490467,52,1,-84,1
04/14/2006 16:50:00,104,-3.468724826,51,0,-84,1
04/14/2006 16:51:00,104,-3.485959185,50,0,-84,1
04/14/2006 16:52:00,104,-3.503193543,50,0,-84,1
04/14/2006 16:53:00,104,-3.521484656,50,0,-84,1
04/14/2006 16:54:00,104,-3.539775769,49,1,-83,1
04/14/2006 16:55:00,104,-3.558066882,49,0,-83,1
04/14/2006 16:56:00,104,-3.576357995,48,0,-84,1
04/14/2006 16:57:00,104,-3.594649108,49,1,-83,1
04/14/2006 16:58:00,104,-3.598095456,48,1,-83,1
04/14/2006 16:59:00,104,-3.601541805,49,1,-83,1
04/14/2006 17:00:00,104,-3.604988154,50,1,-84,1
04/14/2006 17:01:00,104,-3.608434503,50,1,-84,1
04/14/2006 17:02:00,104,-3.611880851,51,1,-84,1
04/14/2006 17:03:00,104,-3.610295691,52,1,-84,1
04/14/2006 17:04:00,104,-3.608710531,54,1,-84,1
04/14/2006 17:05:00,104,-3.607125372,58,1,-84,1
04/14/2006 17:06:00,104,-3.605540212,60,1,-84,1
04/14/2006 17:07:00,104,-3.603955052,64,1,-84,1
04/14/2006 17:08:00,104,-3.592361799,67,1,-84,1
04/14/2006 17:09:00,104,-3.580768547,69,0,-83,1
04/14/2006 17:10:00,104,-3.569175295,72,-1,-82,1
04/14/2006 17:11:00,104,-3.557582043,76,-1,-82,1
04/14/2006 17:12:00,104,-3.545988791,79,-2,-82,1
04/14/2006 17:13:00,104,-3.530838506,83,-3,-81,1
04/14/2006 17:14:00,104,-3.51568822,87,-4,-81,1
04/14/2006 17:15:00,104,-3.500537935,92,-5,-80,1
04/14/2006 17:16:00,104,-3.48538765,97,-6,-79,1
04/14/2006 17:17:00,104,-3.470237365,103,-7,-79,1
04/14/2006 17:18:00,104,-3.456815947,108,-8,-79,1
04/14/2006 17:19:00,104,-3.443394529,112,-8,-79,1
04/14/2006 17:20:00,104,-3.429973111,116,-9,-79,1
04/14/2006 17:21:00,104,-3.416551693,118,-10,-79,1
04/14/2006 17:22:00,104,-3.403130274,121,-10,-78,1
04/14/2006 17:23:00,104,-3.39699697,122,-11,-78,1
04/14/2006 17:24:00,104,-3.390863666,123,-10,-77,1
04/14/2006 17:25:00,104,-3.384730362,124,-11,-76,1
04/14/2006 17:26:00,104,-3.378597058,124,-11,-76,1
04/14/2006 17:27:00,104,-3.372463754,123,-12,-75,1
04/14/2006 17:28:00,104,-3.368342633,122,-13,-75,1
04/14/2006 17:29:00,104,-3.364221511,122,-13,-74,1
04/14/2006 17:30:00,104,-3.360100389,123,-13,-74,1
04/14/2006 17:31:00,104,-3.355979268,123,-14,-74,1
04/14/2006 17:32:00,104,-3.351858146,123,-15,-74,1
04/14/2006 17:33:00,104,-3.322672051,122,-15,-74,1
04/14/2006 17:34:00,104,-3.293485956,122,-15,-73,1
04/14/2006 17:35:00,104,-3.264299861,119,-16,-73,1
04/14/2006 17:36:00,104,-3.235113766,117,-16,-74,1
04/14/2006 17:37:00,104,-3.205927671,119,-17,-74,1
04/14/2006 17:38:00,104,-3.204488158,119,-17,-74,1
04/14/2006 17:39:00,104,-3.203048645,120,-17,-73,1
04/14/2006 17:40:00,104,-3.201609132,119,-17,-72,1
04/14/2006 17:41:00,104,-3.200169619,117,-17,-71,1
04/14/2006 17:42:00,104,-3.198730106,115,-17,-71,1
04/14/2006 17:43:00,104,-3.158872203,112,-17,-71,1
04/14/2006 17:44:00,104,-3.119014301,112,-16,-71,1
04/14/2006 17:45:00,104,-3.079156398,109,-16,-72,1
04/14/2006 17:46:00,104,-3.039298495,106,-16,-71,1
04/14/2006 17:47:00,104,-2.999440592,101,-16,-70,1
04/14/2006 17:48:00,104,-2.975528705,97,-16,-70,1
04/14/2006 17:49:00,104,-2.951616818,93,-16,-70,1
04/14/2006 17:50:00,104,-2.927704931,87,-16,-69,1
04/14/2006 17:51:00,104,-2.903793044,84,-15,-69,1
04/14/2006 17:52:00,104,-2.879881156,80,-15,-69,1
04/14/2006 17:53:00,104,-2.860311999,75,-15,-69,1
04/14/2006 17:54:00,104,-2.840742841,71,-14,-69,1
04/14/2006 17:55:00,104,-2.821173683,66,-14,-69,1
04/14/2006 17:56:00,104,-2.801604526,61,-13,-69,1
04/14/2006 17:57:00,104,-2.782035368,57,-13,-69,1
04/14/2006 17:58:00,104,-2.769189052,52,-12,-68,1
04/14/2006 17:59:00,104,-2.756342736,48,-11,-69,1
04/14/2006 18:00:00,104,-2.743496421,45,-10,-70,1
04/14/2006 18:01:00,104,-2.730650105,44,-10,-70,1
04/14/2006 18:02:00,104,-2.717803789,42,-9,-70,1
04/14/2006 18:03:00,104,-2.673877155,42,-8,-70,1
04/14/2006 18:04:00,104,-2.629950521,41,-8,-69,1
04/14/2006 18:05:00,104,-2.586023886,39,-7,-69,1
04/14/2006 18:06:00,104,-2.542097252,38,-7,-68,1
04/14/2006 18:07:00,104,-2.498170618,37,-7,-68,1
04/14/2006 18:08:00,104,-2.494625426,36,-6,-67,1
04/14/2006 18:09:00,104,-2.491080233,35,-6,-66,1
04/14/2006 18:10:00,104,-2.487535041,34,-6,-66,1
04/14/2006 18:11:00,104,-2.483989849,34,-6,-67,1
04/14/2006 18:12:00,104,-2.480444656,35,-5,-67,1
04/14/2006 18:13:00,104,-2.474123293,37,-5,-66,1
04/14/2006 18:14:00,104,-2.467801929,38,-5,-66,1
04/14/2006 18:15:00,104,-2.461480565,41,-5,-66,1
04/14/2006 18:16:00,104,-2.455159202,43,-5,-66,1
04/14/2006 18:17:00,104,-2.448837838,46,-4,-66,1
04/14/2006 18:18:00,104,-2.439262872,47,-5,-66,1
04/14/2006 18:19:00,104,-2.429687906,49,-4,-66,1
04/14/2006 18:20:00,104,-2.42011294,52,-4,-66,1
04/14/2006 18:21:00,104,-2.410537974,52,-4,-66,1
04/14/2006 18:22:00,104,-2.400963009,53,-4,-66,1
04/14/2006 18:23:00,104,-2.405887214,53,-4,-66,1
04/14/2006 18:24:00,104,-2.41081142,54,-4,-66,1
04/14/2006 18:25:00,104,-2.415735626,55,-4,-66,1
04/14/2006 18:26:00,104,-2.420659831,55,-4,-66,1
04/14/2006 18:27:00,104,-2.425584037,55,-4,-65,1
04/14/2006 18:28:00,104,-2.388014318,56,-4,-65,1
04/14/2006 18:29:00,104,-2.350444598,57,-4,-64,1
04/14/2006 18:30:00,104,-2.312874879,59,-3,-64,1
04/14/2006 18:31:00,104,-2.275305159,60,-3,-63,1
04/14/2006 18:32:00,104,-2.23773544,61,-3,-63,1
04/14/2006 18:33:00,104,-2.218795877,60,-3,-63,1
04/14/2006 18:34:00,104,-2.199856315,61,-3,-63,1
04/14/2006 18:35:00,104,-2.180916752,60,-4,-63,1
04/14/2006 18:36:00,104,-2.161977189,59,-4,-64,1
04/14/2006 18:37:00,104,-2.143037627,59,-4,-64,1
04/14/2006 18:38:00,104,-2.103059655,59,-5,-64,1
04/14/2006 18:39:00,104,-2.063081683,60,-5,-64,1
04/14/2006 18:40:00,104,-2.023103711,61,-5,-64,1
04/14/2006 18:41:00,104,-1.983125739,62,-5,-63,1
04/14/2006 18:42:00,104,-1.943147767,61,-6,-62,1
04/14/2006 18:43:00,104,-1.900696621,61,-6,-63,1
04/14/2006 18:44:00,104,-1.858245475,61,-6,-63,1
04/14/2006 18:45:00,104,-1.81579433,61,-6,-63,1
04/14/2006 18:46:00,104,-1.773343184,59,-7,-63,1
04/14/2006 18:47:00,104,-1.730892039,58,-7,-63,1
04/14/2006 18:48:00,104,-1.709412197,56,-7,-64,1
04/14/2006 18:49:00,104,-1.687932355,56,-7,-64,1
04/14/2006 18:50:00,104,-1.666452512,56,-7,-64,1
04/14/2006 18:51:00,104,-1.64497267,56,-7,-63,1
04/14/2006 18:52:00,104,-1.623492828,55,-7,-64,1
04/14/2006 18:53:00,104,-1.622617516,55,-7,-63,1
04/14/2006 18:54:00,104,-1.621742204,54,-7,-63,1
04/14/2006 18:55:00,104,-1.620866892,54,-7,-63,1
04/14/2006 18:56:00,104,-1.61999158,56,-7,-63,1
04/14/2006 18:57:00,104,-1.619116268,56,-7,-63,1
04/14/2006 18:58:00,104,-1.605154589,56,-7,-63,1
04/14/2006 18:59:00,104,-1.59119291,57,-7,-63,1
04/14/2006 19:00:00,104,-1.577231231,57,-7,-63,1
04/14/2006 19:01:00,104,-1.563269553,57,-7,-63,1
04/14/2006 19:02:00,104,-1.549307874,57,-6,-63,1
04/14/2006 19:03:00,104,-1.52734817,58,-6,-62,1
04/14/2006 19:04:00,104,-1.505388466,59,-6,-62,1
04/14/2006 19:05:00,104,-1.483428762,61,-6,-62,1
04/14/2006 19:06:00,104,-1.461469058,62,-6,-62,1
04/14/2006 19:07:00,104,-1.439509355,63,-6,-62,1
04/14/2006 19:08:00,104,-1.451087069,64,-6,-61,1
04/14/2006 19:09:00,104,-1.462664784,65,-6,-62,1
04/14/2006 19:10:00,104,-1.474242499,63,-6,-62,1
04/14/2006 19:11:00,104,-1.485820214,63,-6,-62,1
04/14/2006 19:12:00,104,-1.497397928,65,-6,-62,1
04/14/2006 19:13:00,104,-1.504059824,65,-6,-62,1
04/14/2006 19:14:00,104,-1.510721719,66,-6,-62,1
04/14/2006 19:15:00,104,-1.517383614,66,-6,-62,1
04/14/2006 19:16:00,104,-1.524045509,69,-6,-61,1
04/14/2006 19:17:00,104,-1.530707404,69,-6,-61,1
04/14/2006 19:18:00,104,-1.502179164,69,-7,-61,1
04/14/2006 19:19:00,104,-1.473650924,68,-7,-61,1
04/14/2006 19:20:00,104,-1.445122684,68,-7,-61,1
04/14/2006 19:21:00,104,-1.416594444,68,-7,-60,1
04/14/2006 19:22:00,104,-1.388066204,69,-7,-60,1
04/14/2006 19:23:00,104,-1.377482284,69,-7,-60,1
04/14/2006 19:24:00,104,-1.366898365,70,-7,-60,1
04/14/2006 19:25:00,104,-1.356314445,70,-8,-59,1
04/14/2006 19:26:00,104,-1.345730526,70,-7,-60,1
04/14/2006 19:27:00,104,-1.335146606,69,-7,-59,1
04/14/2006 19:28:00,104,-1.330608726,68,-8,-60,1
04/14/2006 19:29:00,104,-1.326070846,67,-8,-60,1
04/14/2006 19:30:00,104,-1.321532966,67,-8,-60,1
04/14/2006 19:31:00,104,-1.316995086,68,-8,-60,1
04/14/2006 19:32:00,104,-1.312457206,68,-8,-60,1
04/14/2006 19:33:00,104,-1.302389626,66,-8,-60,1
04/14/2006 19:34:00,104,-1.292322047,68,-8,-60,1
04/14/2006 19:35:00,104,-1.282254468,70,-8,-60,1
04/14/2006 19:36:00,104,-1.272186888,70,-9,-59,1
04/14/2006 19:37:00,104,-1.262119309,70,-8,-59,1
04/14/2006 19:38:00,104,-1.233593781,72,-8,-59,1
04/14/2006 19:39:00,104,-1.205068254,73,-8,-58,1
04/14/2006 19:40:00,104,-1.176542727,72,-8,-58,1
04/14/2006 19:41:00,104,-1.1480172,73,-8,-58,1
04/14/2006 19:42:00,104,-1.119491672,73,-8,-58,1
04/14/2006 19:43:00,104,-1.098994121,72,-9,-58,1
04/14/2006 19:44:00,104,-1.078496571,72,-8,-58,1
04/14/2006 19:45:00,104,-1.05799902,71,-9,-58,1
04/14/2006 19:46:00,104,-1.037501469,71,-8,-59,1
04/14/2006 19:47:00,104,-1.017003918,72,-8,-59,1
04/14/2006 19:48:00,104,-0.993738415,72,-8,-58,1
04/14/2006 19:49:00,104,-0.970472911,73,-8,-59,1
04/14/2006 19:50:00,104,-0.947207407,73,-7,-59,1
04/14/2006 19:51:00,104,-0.923941903,74,-7,-58,1
04/14/2006 19:52:00,104,-0.900676399,75,-7,-58,1
04/14/2006 19:53:00,104,-0.896986436,74,-7,-58,1
04/14/2006 19:54:00,104,-0.893296473,77,-7,-58,1
04/14/2006 19:55:00,104,-0.88960651,76,-7,-59,1
04/14/2006 19:56:00,104,-0.885916547,76,-6,-59,1
04/14/2006 19:57:00,104,-0.882226584,77,-6,-59,1
04/14/2006 19:58:00,104,-0.850056141,76,-7,-58,1
04/14/2006 19:59:00,104,-0.817885699,78,-6,-58,1
04/14/2006 20:00:00,104,-0.785715256,79,-6,-58,1
04/14/2006 20:01:00,104,-0.753544813,77,-7,-59,1
04/14/2006 20:02:00,104,-0.72137437,76,-6,-60,1
04/14/2006 20:03:00,104,-0.700879189,75,-6,-60,1
04/14/2006 20:04:00,104,-0.680384007,77,-6,-60,1
04/14/2006 20:05:00,104,-0.659888826,75,-6,-60,1
04/14/2006 20:06:00,104,-0.639393644,74,-6,-60,1
04/14/2006 20:07:00,104,-0.618898463,74,-6,-60,1
04/14/2006 20:08:00,104,-0.613772314,74,-6,-61,1
04/14/2006 20:09:00,104,-0.608646166,75,-6,-61,1
04/14/2006 20:10:00,104,-0.603520017,77,-6,-61,1
04/14/2006 20:11:00,104,-0.598393868,76,-6,-61,1
04/14/2006 20:12:00,104,-0.59326772,77,-6,-61,1
04/14/2006 20:13:00,104,-0.584681543,76,-6,-62,1
04/14/2006 20:14:00,104,-0.576095366,74,-6,-63,1
04/14/2006 20:15:00,104,-0.567509189,73,-6,-63,1
04/14/2006 20:16:00,104,-0.558923013,72,-6,-62,1
04/14/2006 20:17:00,104,-0.550336836,72,-7,-62,1
04/14/2006 20:18:00,104,-0.514090702,72,-7,-62,1
04/14/2006 20:19:00,104,-0.477844569,71,-8,-63,1
04/14/2006 20:20:00,104,-0.441598435,73,-7,-63,1
04/14/2006 20:21:00,104,-0.405352302,73,-8,-63,1
04/14/2006 20:22:00,104,-0.369106168,71,-7,-63,1
04/14/2006 20:23:00,104,-0.361753346,71,-7,-63,1
04/14/2006 20:24:00,104,-0.354400523,72,-7,-63,1
04/14/2006 20:25:00,104,-0.347047701,70,-7,-63,1
04/14/2006 20:26:00,104,-0.339694878,70,-7,-62,1
04/14/2006 20:27:00,104,-0.332342056,71,-7,-62,1
04/14/2006 20:28:00,104,-0.31925123,72,-7,-62,1
04/14/2006 20:29:00,104,-0.306160404,69,-7,-62,1
04/14/2006 20:30:00,104,-0.293069578,68,-7,-62,1
04/14/2006 20:31:00,104,-0.279978752,67,-7,-62,1
04/14/2006 20:32:00,104,-0.266887926,67,-8,-62,1
04/14/2006 20:33:00,104,-0.294162814,65,-8,-63,1
04/14/2006 20:34:00,104,-0.321437703,62,-8,-64,1
04/14/2006 20:35:00,104,-0.348712591,59,-8,-65,1
04/14/2006 20:36:00,104,-0.37598748,57,-8,-66,1
04/14/2006 20:37:00,104,-0.403262368,55,-9,-67,1
04/14/2006 20:38:00,104,-0.416910713,52,-9,-68,1
04/14/2006 20:39:00,104,-0.430559059,52,-9,-68,1
04/14/2006 20:40:00,104,-0.444207404,49,-9,-69,1
04/14/2006 20:41:00,104,-0.45785575,47,-9,-69,1
04/14/2006 20:42:00,104,-0.471504095,46,-9,-69,1
04/14/2006 20:43:00,104,-0.467761857,45,-10,-69,1
04/14/2006 20:44:00,104,-0.464019619,42,-10,-70,1
04/14/2006 20:45:00,104,-0.460277381,40,-10,-71,1
04/14/2006 20:46:00,104,-0.456535143,38,-10,-70,1
04/14/2006 20:47:00,104,-0.452792905,38,-10,-70,1
04/14/2006 20:48:00,104,-0.488765609,38,-10,-70,1
04/14/2006 20:49:00,104,-0.524738313,35,-10,-70,1
04/14/2006 20:50:00,104,-0.560711016,33,-10,-70,1
04/14/2006 20:51:00,104,-0.59668372,30,-10,-71,1
04/14/2006 20:52:00,104,-0.632656424,30,-10,-71,1
04/14/2006 20:53:00,104,-0.668432457,32,-10,-71,1
04/14/2006 20:54:00,104,-0.70420849,31,-10,-72,1
04/14/2006 20:55:00,104,-0.739984523,30,-10,-72,1
04/14/2006 20:56:00,104,-0.775760557,29,-10,-73,1
04/14/2006 20:57:00,104,-0.81153659,29,-10,-73,1
04/14/2006 20:58:00,104,-0.839805232,30,-10,-73,1
04/14/2006 20:59:00,104,-0.868073874,30,-10,-73,1
04/14/2006 21:00:00,104,-0.896342517,30,-11,-72,1
04/14/2006 21:01:00,104,-0.924611159,33,-11,-72,1
04/14/2006 21:02:00,104,-0.952879801,35,-11,-72,1
04/14/2006 21:03:00,104,-0.96108333,36,-11,-71,1
04/14/2006 21:04:00,104,-0.969286859,36,-11,-71,1
04/14/2006 21:05:00,104,-0.977490387,38,-11,-70,1
04/14/2006 21:06:00,104,-0.985693916,40,-12,-71,1
04/14/2006 21:07:00,104,-0.993897445,41,-12,-70,1
04/14/2006 21:08:00,104,-1.038097072,42,-12,-70,1
04/14/2006 21:09:00,104,-1.082296699,43,-12,-70,1
04/14/2006 21:10:00,104,-1.126496326,44,-12,-70,1
04/14/2006 21:11:00,104,-1.170695953,44,-12,-70,1
04/14/2006 21:12:00,104,-1.21489558,45,-11,-69,1
04/14/2006 21:13:00,104,-1.266291592,45,-11,-69,1
04/14/2006 21:14:00,104,-1.317687603,46,-11,-69,1
04/14/2006 21:15:00,104,-1.369083615,47,-11,-68,1
04/14/2006 21:16:00,104,-1.420479627,47,-11,-67,1
04/14/2006 21:17:00,104,-1.471875638,49,-11,-67,1
04/14/2006 21:18:00,104,-1.506973685,49,-11,-66,1
04/14/2006 21:19:00,104,-1.542071731,49,-11,-65,1
04/14/2006 21:20:00,104,-1.577169777,48,-10,-65,1
04/14/2006 21:21:00,104,-1.612267824,48,-10,-65,1
04/14/2006 21:22:00,104,-1.64736587,49,-10,-64,1
04/14/2006 21:23:00,104,-1.693015752,49,-10,-64,1
04/14/2006 21:24:00,104,-1.738665634,49,-10,-65,1
04/14/2006 21:25:00,104,-1.784315515,48,-10,-66,1
04/14/2006 21:26:00,104,-1.829965397,48,-10,-66,1
04/14/2006 21:27:00,104,-1.875615279,49,-10,-66,1
04/14/2006 21:28:00,104,-1.907154457,48,-9,-65,1
04/14/2006 21:29:00,104,-1.938693634,47,-9,-64,1
04/14/2006 21:30:00,104,-1.970232812,46,-9,-65,1
04/14/2006 21:31:00,104,-2.00177199,46,-8,-66,1
04/14/2006 21:32:00,104,-2.033311168,43,-8,-66,1
04/14/2006 21:33:00,104,-2.058610926,42,-8,-67,1
04/14/2006 21:34:00,104,-2.083910684,42,-7,-68,1
04/14/2006 21:35:00,104,-2.109210442,40,-7,-69,1
04/14/2006 21:36:00,104,-2.1345102,38,-7,-69,1
04/14/2006 21:37:00,104,-2.159809958,38,-6,-69,1
04/14/2006 21:38:00,104,-2.181032087,39,-6,-69,1
04/14/2006 21:39:00,104,-2.202254216,40,-6,-69,1
04/14/2006 21:40:00,104,-2.223476346,41,-6,-69,1
04/14/2006 21:41:00,104,-2.244698475,41,-6,-69,1
04/14/2006 21:42:00,104,-2.265920604,41,-6,-69,1
04/14/2006 21:43:00,104,-2.269202274,41,-5,-69,1
04/14/2006 21:44:00,104,-2.272483944,41,-5,-69,1
04/14/2006 21:45:00,104,-2.275765613,41,-5,-69,1
04/14/2006 21:46:00,104,-2.279047283,41,-4,-69,1
04/14/2006 21:47:00,104,-2.282328953,41,-4,-70,1
04/14/2006 21:48:00,104,-2.309907244,39,-5,-69,1
04/14/2006 21:49:00,104,-2.337485535,39,-5,-69,1
04/14/2006 21:50:00,104,-2.365063826,39,-5,-69,1
04/14/2006 21:51:00,104,-2.392642117,38,-5,-68,1
04/14/2006 21:52:00,104,-2.420220409,37,-5,-68,1
04/14/2006 21:53:00,104,-2.449064767,35,-5,-68,1
04/14/2006 21:54:00,104,-2.477909126,35,-5,-68,1
04/14/2006 21:55:00,104,-2.506753485,35,-5,-68,1
04/14/2006 21:56:00,104,-2.535597844,33,-5,-67,1
04/14/2006 21:57:00,104,-2.564442203,31,-5,-66,1
04/14/2006 21:58:00,104,-2.60247202,32,-5,-65,1
04/14/2006 21:59:00,104,-2.640501838,30,-5,-65,1
04/14/2006 22:00:00,104,-2.678531656,28,-5,-64,1
04/14/2006 22:01:00,104,-2.716561474,29,-5,-63,1
04/14/2006 22:02:00,104,-2.754591291,29,-5,-63,1
04/14/2006 22:03:00,104,-2.798986067,29,-5,-64,1
04/14/2006 22:04:00,104,-2.843380842,30,-5,-63,1
04/14/2006 22:05:00,104,-2.887775617,30,-5,-64,1
04/14/2006 22:06:00,104,-2.932170393,31,-5,-63,1
04/14/2006 22:07:00,104,-2.976565168,31,-5,-64,1
04/14/2006 22:08:00,104,-3.018838258,30,-5,-63,1
04/14/2006 22:09:00,104,-3.061111348,31,-5,-63,1
04/14/2006 22:10:00,104,-3.103384439,31,-5,-62,1
04/14/2006 22:11:00,104,-3.145657529,32,-5,-62,1
04/14/2006 22:12:00,104,-3.187930619,32,-6,-62,1
04/14/2006 22:13:00,104,-3.21224589,33,-6,-62,1
04/14/2006 22:14:00,104,-3.23656116,33,-6,-62,1
04/14/2006 22:15:00,104,-3.260876431,32,-6,-62,1
04/14/2006 22:16:00,104,-3.285191701,31,-6,-63,1
04/14/2006 22:17:00,104,-3.309506972,31,-6,-63,1
04/14/2006 22:18:00,104,-3.357064018,32,-7,-63,1
04/14/2006 22:19:00,104,-3.404621064,32,-6,-64,1
04/14/2006 22:20:00,104,-3.452178111,32,-7,-64,1
04/14/2006 22:21:00,104,-3.499735157,30,-7,-65,1
04/14/2006 22:22:00,104,-3.547292203,30,-7,-65,1
04/14/2006 22:23:00,104,-3.574203589,31,-7,-65,1
04/14/2006 22:24:00,104,-3.601114975,30,-7,-65,1
04/14/2006 22:25:00,104,-3.628026361,31,-7,-64,1
04/14/2006 22:26:00,104,-3.654937746,31,-7,-64,1
04/14/2006 22:27:00,104,-3.681849132,32,-7,-63,1
04/14/2006 22:28:00,104,-3.719712186,31,-7,-64,1
04/14/2006 22:29:00,104,-3.757575239,30,-7,-65,1
04/14/2006 22:30:00,104,-3.795438293,29,-7,-66,1
04/14/2006 22:31:00,104,-3.833301346,29,-7,-65,1
04/14/2006 22:32:00,104,-3.8711644,29,-6,-65,1
04/14/2006 22:33:00,104,-3.873974782,28,-6,-65,1
04/14/2006 22:34:00,104,-3.876785164,29,-6,-64,1
04/14/2006 22:35:00,104,-3.879595546,29,-6,-64,1
04/14/2006 22:36:00,104,-3.882405929,29,-6,-64,1
04/14/2006 22:37:00,104,-3.885216311,29,-6,-63,1
04/14/2006 22:38:00,104,-3.906974217,29,-6,-64,1
04/14/2006 22:39:00,104,-3.928732124,28,-6,-64,1
04/14/2006 22:40:00,104,-3.950490031,29,-6,-64,1
04/14/2006 22:41:00,104,-3.972247937,29,-6,-63,1
04/14/2006 22:42:00,104,-3.994005844,29,-6,-63,1
04/14/2006 22:43:00,104,-4.024922339,29,-5,-62,1
04/14/2006 22:44:00,104,-4.055838833,30,-5,-62,1
04/14/2006 22:45:00,104,-4.086755328,31,-5,-62,1
04/14/2006 22:46:00,104,-4.117671823,30,-5,-61,1
04/14/2006 22:47:00,104,-4.148588318,32,-5,-61,1
04/14/2006 22:48:00,104,-4.147622963,31,-5,-60,1
04/14/2006 22:49:00,104,-4.146657608,31,-5,-59,1
04/14/2006 22:50:00,104,-4.145692253,30,-5,-60,1
04/14/2006 22:51:00,104,-4.144726899,30,-5,-60,1
04/14/2006 22:52:00,104,-4.143761544,30,-5,-60,1
04/14/2006 22:53:00,104,-4.157386741,30,-5,-59,1
04/14/2006 22:54:00,104,-4.171011938,29,-5,-59,1
04/14/2006 22:55:00,104,-4.184637134,29,-4,-59,1
04/14/2006 22:56:00,104,-4.198262331,30,-5,-59,1
04/14/2006 22:57:00,104,-4.211887528,28,-4,-59,1
04/14/2006 22:58:00,104,-4.181339943,28,-4,-59,1
04/14/2006 22:59:00,104,-4.150792358,28,-4,-59,1
04/14/2006 23:00:00,104,-4.120244773,28,-4,-59,1
04/14/2006 23:01:00,104,-4.089697188,29,-4,-59,1
04/14/2006 23:02:00,104,-4.059149603,29,-4,-59,1
04/14/2006 23:03:00,104,-4.066131063,29,-4,-58,1
04/14/2006 23:04:00,104,-4.073112523,28,-4,-58,1
04/14/2006 23:05:00,104,-4.080093983,28,-4,-58,1
04/14/2006 23:06:00,104,-4.087075443,28,-4,-58,1
04/14/2006 23:07:00,104,-4.094056904,27,-4,-58,1
04/14/2006 23:08:00,104,-4.100101276,27,-4,-57,1
04/14/2006 23:09:00,104,-4.106145649,28,-4,-57,1
04/14/2006 23:10:00,104,-4.112190022,28,-4,-57,1
04/14/2006 23:11:00,104,-4.118234394,28,-4,-57,1
04/14/2006 23:12:00,104,-4.124278767,26,-4,-57,1
04/14/2006 23:13:00,104,-4.141055411,27,-4,-57,1
04/14/2006 23:14:00,104,-4.157832054,27,-4,-57,1
04/14/2006 23:15:00,104,-4.174608697,26,-4,-56,1
04/14/2006 23:16:00,104,-4.191385341,26,-4,-55,1
04/14/2006 23:17:00,104,-4.208161984,27,-4,-56,1
04/14/2006 23:18:00,104,-4.249338426,27,-4,-55,1
04/14/2006 23:19:00,104,-4.290514868,26,-3,-55,1
04/14/2006 23:20:00,104,-4.33169131,25,-3,-55,1
04/14/2006 23:21:00,104,-4.372867751,24,-3,-55,1
04/14/2006 23:22:00,104,-4.414044193,25,-3,-55,1
04/14/2006 23:23:00,104,-4.383026451,23,-3,-55,1
04/14/2006 23:24:00,104,-4.352008709,22,-3,-55,1
04/14/2006 23:25:00,104,-4.320990968,22,-3,-55,1
04/14/2006 23:26:00,104,-4.289973226,22,-3,-55,1
04/14/2006 23:27:00,104,-4.258955484,21,-3,-55,1
04/14/2006 23:28:00,104,-4.267914788,21,-2,-55,1
04/14/2006 23:29:00,104,-4.276874093,19,-2,-56,1
04/14/2006 23:30:00,104,-4.285833397,18,-2,-56,1
04/14/2006 23:31:00,104,-4.294792702,18,-2,-57,1
04/14/2006 23:32:00,104,-4.303752006,17,-2,-57,1
04/14/2006 23:33:00,104,-4.329466143,15,-2,-57,1
04/14/2006 23:34:00,104,-4.355180281,14,-1,-57,1
04/14/2006 23:35:00,104,-4.380894418,15,-1,-58,1
04/14/2006 23:36:00,104,-4.406608555,16,-1,-58,1
04/14/2006 23:37:00,104,-4.432322692,16,-1,-58,1
04/14/2006 23:38:00,104,-4.432922285,17,0,-59,1
04/14/2006 23:39:00,104,-4.433521878,18,0,-59,1
04/14/2006 23:40:00,104,-4.434121471,18,0,-59,1
04/14/2006 23:41:00,104,-4.434721064,19,1,-59,1
04/14/2006 23:42:00,104,-4.435320657,19,1,-59,1
04/14/2006 23:43:00,104,-4.423728757,19,2,-59,1
04/14/2006 23:44:00,104,-4.412136857,20,1,-58,1
04/14/2006 23:45:00,104,-4.400544957,21,2,-58,1
04/14/2006 23:46:00,104,-4.388953058,24,2,-58,1
04/14/2006 23:47:00,104,-4.377361158,27,2,-57,1
04/14/2006 23:48:00,104,-4.367304482,29,2,-57,1
04/14/2006 23:49:00,104,-4.357247805,30,2,-57,1
04/14/2006 23:50:00,104,-4.347191129,31,2,-57,1
04/14/2006 23:51:00,104,-4.337134453,32,1,-56,1
04/14/2006 23:52:00,104,-4.327077777,32,1,-56,1
04/14/2006 23:53:00,104,-4.353463057,33,1,-56,1
04/14/2006 23:54:00,104,-4.379848338,33,1,-56,1
04/14/2006 23:55:00,104,-4.406233618,31,1,-56,1
04/14/2006 23:56:00,104,-4.432618899,30,0,-57,1
04/14/2006 23:57:00,104,-4.459004179,29,0,-57,1
04/14/2006 23:58:00,104,-4.29547943,28,0,-57,1
04/14/2006 23:59:00,104,-4.131954682,30,0,-57,1
04/15/2006 00:00:00,105,-3.968429933,31,0,-58,1
04/15/2006 00:01:00,105,-3.804905184,33,0,-59,1
04/15/2006 00:02:00,105,-3.641380436,34,0,-60,1
04/15/2006 00:03:00,105,-3.615793143,35,0,-60,1
04/15/2006 00:04:00,105,-3.590205851,36,0,-60,1
04/15/2006 00:05:00,105,-3.564618558,37,0,-60,1
04/15/2006 00:06:00,105,-3.539031266,38,0,-59,1
04/15/2006 00:07:00,105,-3.513443973,38,0,-60,1
04/15/2006 00:08:00,105,-3.492600121,40,-1,-60,1
04/15/2006 00:09:00,105,-3.471756268,41,-1,-60,1
04/15/2006 00:10:00,105,-3.450912416,42,-1,-60,1
04/15/2006 00:11:00,105,-3.430068563,43,0,-60,1
04/15/2006 00:12:00,105,-3.409224711,44,0,-60,1
04/15/2006 00:13:00,105,-3.445799503,46,0,-60,1
04/15/2006 00:14:00,105,-3.482374296,46,0,-60,1
04/15/2006 00:15:00,105,-3.518949089,46,0,-59,1
04/15/2006 00:16:00,105,-3.555523882,47,0,-59,1
04/15/2006 00:17:00,105,-3.592098674,48,0,-59,1
04/15/2006 00:18:00,105,-3.563183151,49,0,-59,1
04/15/2006 00:19:00,105,-3.534267628,49,0,-59,1
04/15/2006 00:20:00,105,-3.505352105,49,0,-59,1
04/15/2006 00:21:00,105,-3.476436582,50,0,-58,1
04/15/2006 00:22:00,105,-3.447521058,50,0,-58,1
04/15/2006 00:23:00,105,-3.420610429,50,0,-58,1
04/15/2006 00:24:00,105,-3.393699799,50,0,-58,1
04/15/2006 00:25:00,105,-3.366789169,50,0,-58,1
04/15/2006 00:26:00,105,-3.339878539,50,0,-58,1
04/15/2006 00:27:00,105,-3.31296791,50,0,-58,1
04/15/2006 00:28:00,105,0,50,0,-58,1
04/15/2006 00:29:00,105,0,51,1,-58,1
04/15/2006 00:30:00,105,0,51,0,-57,1
04/15/2006 00:31:00,105,0,51,0,-57,1
04/15/2006 00:32:00,105,0,50,0,-57,1
04/15/2006 00:33:00,105,0,50,0,-57,1
04/15/2006 00:34:00,105,0,50,0,-57,1
04/15/2006 00:35:00,105,0,51,0,-57,1
04/15/2006 00:36:00,105,0,51,0,-58,1
04/15/2006 00:37:00,105,0,51,0,-58,1
04/15/2006 00:38:00,105,0,52,0,-58,1
04/15/2006 00:39:00,105,0,52,0,-58,1
04/15/2006 00:40:00,105,0,51,0,-57,1
04/15/2006 00:41:00,105,0,52,0,-57,1
04/15/2006 00:42:00,105,0,52,0,-57,1
04/15/2006 00:43:00,105,0,52,0,-57,1
04/15/2006 00:44:00,105,0,52,0,-57,1
04/15/2006 00:45:00,105,0,51,0,-57,1
04/15/2006 00:46:00,105,0,50,0,-56,1
04/15/2006 00:47:00,105,0,49,0,-56,1
04/15/2006 00:48:00,105,0,49,0,-56,1
04/15/2006 00:49:00,105,0,49,0,-56,1
04/15/2006 00:50:00,105,0,48,-1,-56,1
04/15/2006 00:51:00,105,0,47,-1,-56,1
04/15/2006 00:52:00,105,0,46,-1,-56,1
04/15/2006 00:53:00,105,0,46,-2,-56,1
04/15/2006 00:54:00,105,0,45,-2,-56,1
04/15/2006 00:55:00,105,0,44,-2,-56,1
04/15/2006 00:56:00,105,0,44,-2,-56,1
04/15/2006 00:57:00,105,0,44,-3,-56,1
04/15/2006 00:58:00,105,0,43,-3,-56,1
04/15/2006 00:59:00,105,0,43,-3,-56,1
04/15/2006 01:00:00,105,0,43,-3,-56,1
04/15/2006 01:01:00,105,0,43,-3,-56,1
04/15/2006 01:02:00,105,0,43,-4,-56,1
04/15/2006 01:03:00,105,0,44,-4,-57,1
04/15/2006 01:04:00,105,0,44,-4,-57,1
04/15/2006 01:05:00,105,0,43,-3,-57,1
04/15/2006 01:06:00,105,0,43,-3,-56,1
04/15/2006 01:07:00,105,0,43,-3,-56,1
04/15/2006 01:08:00,105,0,42,-3,-56,1
04/15/2006 01:09:00,105,0,41,-3,-57,1
04/15/2006 01:10:00,105,0,39,-3,-56,1
04/15/2006 01:11:00,105,0,39,-3,-56,1
04/15/2006 01:12:00,105,0,39,-3,-56,1
04/15/2006 01:13:00,105,0,37,-3,-56,1
04/15/2006 01:14:00,105,0,37,-3,-55,1
04/15/2006 01:15:00,105,0,36,-3,-56,1
04/15/2006 01:16:00,105,0,36,-3,-56,1
04/15/2006 01:17:00,105,0,36,-3,-56,1
04/15/2006 01:18:00,105,0,35,-3,-56,1
04/15/2006 01:19:00,105,0,35,-3,-55,1
04/15/2006 01:20:00,105,0,35,-3,-55,1
04/15/2006 01:21:00,105,0,33,-3,-55,1
04/15/2006 01:22:00,105,0,32,-3,-55,1
04/15/2006 01:23:00,105,0,32,-3,-55,1
04/15/2006 01:24:00,105,0,32,-4,-55,1
04/15/2006 01:25:00,105,0,32,-4,-55,1
04/15/2006 01:26:00,105,0,31,-4,-55,1
04/15/2006 01:27:00,105,0,31,-4,-55,1
04/15/2006 01:28:00,105,0,31,-4,-55,1
04/15/2006 01:29:00,105,0,31,-4,-55,1
04/15/2006 01:30:00,105,0,30,-4,-56,1
04/15/2006 01:31:00,105,0,31,-4,-56,1
04/15/2006 01:32:00,105,0,30,-4,-57,1
04/15/2006 01:33:00,105,0,30,-5,-57,1
04/15/2006 01:34:00,105,0,29,-5,-57,1
04/15/2006 01:35:00,105,0,29,-5,-57,1
04/15/2006 01:36:00,105,0,29,-5,-57,1
04/15/2006 01:37:00,105,0,30,-5,-57,1
04/15/2006 01:38:00,105,0,30,-5,-57,1
04/15/2006 01:39:00,105,0,28,-5,-57,1
04/15/2006 01:40:00,105,0,28,-5,-57,1
04/15/2006 01:41:00,105,0,30,-5,-57,1
04/15/2006 01:42:00,105,0,30,-6,-57,1
04/15/2006 01:43:00,105,0,31,-5,-57,1
04/15/2006 01:44:00,105,0,31,-5,-58,1
04/15/2006 01:45:00,105,0,31,-6,-57,1
04/15/2006 01:46:00,105,0,33,-6,-58,1
04/15/2006 01:47:00,105,0,33,-6,-57,1
04/15/2006 01:48:00,105,0,33,-6,-57,1
04/15/2006 01:49:00,105,0,33,-6,-57,1
04/15/2006 01:50:00,105,0,34,-6,-57,1
04/15/2006 01:51:00,105,0,33,-6,-57,1
04/15/2006 01:52:00,105,0,33,-6,-57,1
04/15/2006 01:53:00,105,0,33,-6,-57,1
04/15/2006 01:54:00,105,0,33,-5,-57,1
04/15/2006 01:55:00,105,0,33,-6,-57,1
04/15/2006 01:56:00,105,0,33,-6,-57,1
04/15/2006 01:57:00,105,0,33,-6,-57,1
04/15/2006 01:58:00,105,0,33,-6,-57,1
04/15/2006 01:59:00,105,0,33,-6,-57,1
04/15/2006 02:00:00,105,0,33,-6,-57,1
04/15/2006 02:01:00,105,0,33,-6,-56,1
04/15/2006 02:02:00,105,0,33,-6,-56,1
04/15/2006 02:03:00,105,0,33,-6,-56,1
04/15/2006 02:04:00,105,0,33,-6,-56,1
04/15/2006 02:05:00,105,0,33,-6,-56,1
04/15/2006 02:06:00,105,0,35,-6,-56,1
04/15/2006 02:07:00,105,0,33,-6,-56,1
04/15/2006 02:08:00,105,0,33,-6,-57,1
04/15/2006 02:09:00,105,0,33,-6,-57,1
04/15/2006 02:10:00,105,0,33,-6,-57,1
04/15/2006 02:11:00,105,0,33,-6,-57,1
04/15/2006 02:12:00,105,0,33,-6,-57,1
04/15/2006 02:13:00,105,0,33,-6,-57,1
04/15/2006 02:14:00,105,0,33,-6,-58,1
04/15/2006 02:15:00,105,0,32,-6,-58,1
04/15/2006 02:16:00,105,0,34,-6,-58,1
04/15/2006 02:17:00,105,0,35,-6,-58,1
04/15/2006 02:18:00,105,0,35,-6,-58,1
04/15/2006 02:19:00,105,0,36,-6,-58,1
04/15/2006 02:20:00,105,0,35,-6,-59,1
04/15/2006 02:21:00,105,0,36,-6,-60,1
04/15/2006 02:22:00,105,0,35,-6,-60,1
04/15/2006 02:23:00,105,0,36,-6,-61,1
04/15/2006 02:24:00,105,0,37,-5,-61,1
04/15/2006 02:25:00,105,0,38,-5,-62,1
04/15/2006 02:26:00,105,0,37,-5,-63,1
04/15/2006 02:27:00,105,0,37,-5,-62,1
04/15/2006 02:28:00,105,0,36,-5,-63,1
04/15/2006 02:29:00,105,0,37,-5,-63,1
04/15/2006 02:30:00,105,0,37,-4,-63,1
04/15/2006 02:31:00,105,0,37,-5,-64,1
04/15/2006 02:32:00,105,0,36,-4,-64,1
04/15/2006 02:33:00,105,0,36,-4,-64,1
04/15/2006 02:34:00,105,0,36,-4,-64,1
04/15/2006 02:35:00,105,0,36,-4,-64,1
04/15/2006 02:36:00,105,0,36,-3,-64,1
04/15/2006 02:37:00,105,0,37,-3,-64,1
04/15/2006 02:38:00,105,0,37,-3,-64,1
04/15/2006 02:39:00,105,0,37,-3,-64,1
04/15/2006 02:40:00,105,0,38,-3,-64,1
04/15/2006 02:41:00,105,0,38,-3,-64,1
04/15/2006 02:42:00,105,0,37,-2,-63,1
04/15/2006 02:43:00,105,0,38,-3,-63,1
04/15/2006 02:44:00,105,0,38,-3,-63,1
04/15/2006 02:45:00,105,0,38,-3,-64,1
04/15/2006 02:46:00,105,0,38,-3,-63,1
04/15/2006 02:47:00,105,0,37,-3,-63,1
04/15/2006 02:48:00,105,0,36,-2,-63,1
04/15/2006 02:49:00,105,0,37,-3,-63,1
04/15/2006 02:50:00,105,0,36,-2,-63,1
04/15/2006 02:51:00,105,0,36,-2,-63,1
04/15/2006 02:52:00,105,0,38,-2,-62,1
04/15/2006 02:53:00,105,0,37,-2,-63,1
04/15/2006 02:54:00,105,0,37,-2,-62,1
04/15/2006 02:55:00,105,0,36,-2,-62,1
04/15/2006 02:56:00,105,0,35,-2,-62,1
04/15/2006 02:57:00,105,0,36,-2,-61,1
04/15/2006 02:58:00,105,0,36,-2,-60,1
04/15/2006 02:59:00,105,0,37,-2,-60,1
04/15/2006 03:00:00,105,0,38,-2,-60,1
04/15/2006 03:01:00,105,0,39,-2,-60,1
04/15/2006 03:02:00,105,0,39,-2,-59,1
04/15/2006 03:03:00,105,0,38,-2,-59,1
04/15/2006 03:04:00,105,0,38,-2,-58,1
04/15/2006 03:05:00,105,0,38,-3,-58,1
04/15/2006 03:06:00,105,0,38,-3,-58,1
04/15/2006 03:07:00,105,0,39,-2,-58,1
04/15/2006 03:08:00,105,0,40,-2,-57,1
04/15/2006 03:09:00,105,0,39,-3,-57,1
04/15/2006 03:10:00,105,0,38,-3,-57,1
04/15/2006 03:11:00,105,0,39,-3,-57,1
04/15/2006 03:12:00,105,0,38,-3,-57,1
04/15/2006 03:13:00,105,0,39,-3,-57,1
04/15/2006 03:14:00,105,0,39,-4,-57,1
04/15/2006 03:15:00,105,0,40,-4,-57,1
04/15/2006 03:16:00,105,0,39,-4,-56,1
04/15/2006 03:17:00,105,0,40,-3,-56,1
04/15/2006 03:18:00,105,0,40,-3,-55,1
04/15/2006 03:19:00,105,0,39,-3,-55,1
04/15/2006 03:20:00,105,0,38,-4,-55,1
04/15/2006 03:21:00,105,0,36,-4,-55,1
04/15/2006 03:22:00,105,0,36,-4,-55,1
04/15/2006 03:23:00,105,0,37,-5,-56,1
04/15/2006 03:24:00,105,0,37,-5,-56,1
04/15/2006 03:25:00,105,0,38,-5,-56,1
04/15/2006 03:26:00,105,0,38,-5,-56,1
04/15/2006 03:27:00,105,0,37,-5,-56,1
04/15/2006 03:28:00,105,0,37,-5,-56,1
04/15/2006 03:29:00,105,0,37,-5,-56,1
04/15/2006 03:30:00,105,0,38,-5,-56,1
04/15/2006 03:31:00,105,0,39,-5,-56,1
04/15/2006 03:32:00,105,0,40,-6,-57,1
04/15/2006 03:33:00,105,0,40,-6,-57,1
04/15/2006 03:34:00,105,0,39,-6,-57,1
04/15/2006 03:35:00,105,0,38,-6,-56,1
04/15/2006 03:36:00,105,0,38,-6,-56,1
04/15/2006 03:37:00,105,0,38,-6,-56,1
04/15/2006 03:38:00,105,0,38,-6,-56,1
04/15/2006 03:39:00,105,0,39,-6,-56,1
04/15/2006 03:40:00,105,0,40,-6,-56,1
04/15/2006 03:41:00,105,0,42,-6,-56,1
04/15/2006 03:42:00,105,0,42,-6,-56,1
04/15/2006 03:43:00,105,0,42,-7,-56,1
04/15/2006 03:44:00,105,0,42,-7,-56,1
04/15/2006 03:45:00,105,0,42,-7,-56,1
04/15/2006 03:46:00,105,0,42,-7,-56,1
04/15/2006 03:47:00,105,0,43,-7,-57,1
04/15/2006 03:48:00,105,0,43,-7,-57,1
04/15/2006 03:49:00,105,0,42,-7,-57,1
04/15/2006 03:50:00,105,0,40,-7,-57,1
04/15/2006 03:51:00,105,0,40,-7,-57,1
04/15/2006 03:52:00,105,0,39,-7,-57,1
04/15/2006 03:53:00,105,0,37,-7,-57,1
04/15/2006 03:54:00,105,0,36,-6,-57,1
04/15/2006 03:55:00,105,0,36,-6,-58,1
04/15/2006 03:56:00,105,0,35,-6,-57,1
04/15/2006 03:57:00,105,0,35,-5,-57,1
04/15/2006 03:58:00,105,0,34,-5,-56,1
04/15/2006 03:59:00,105,0,34,-4,-56,1
04/15/2006 04:00:00,105,0,35,-4,-56,1
04/15/2006 04:01:00,105,0,36,-3,-56,1
04/15/2006 04:02:00,105,0,39,-3,-56,1
04/15/2006 04:03:00,105,0,41,-3,-56,1
04/15/2006 04:04:00,105,0,43,-2,-56,1
04/15/2006 04:05:00,105,0,45,-2,-55,1
04/15/2006 04:06:00,105,0,47,-2,-55,1
04/15/2006 04:07:00,105,0,48,-2,-55,1
04/15/2006 04:08:00,105,0,50,-2,-54,1
04/15/2006 04:09:00,105,0,52,-1,-54,1
04/15/2006 04:10:00,105,0,55,-1,-54,1
04/15/2006 04:11:00,105,0,55,-1,-53,1
04/15/2006 04:12:00,105,0,56,0,-53,1
04/15/2006 04:13:00,105,0,57,0,-52,1
04/15/2006 04:14:00,105,0,58,0,-52,1
04/15/2006 04:15:00,105,0,59,0,-52,1
04/15/2006 04:16:00,105,0,62,0,-52,1
04/15/2006 04:17:00,105,0,62,0,-52,1
04/15/2006 04:18:00,105,0,64,0,-51,1
04/15/2006 04:19:00,105,0,66,0,-51,1
04/15/2006 04:20:00,105,0,69,-1,-50,1
04/15/2006 04:21:00,105,0,71,-1,-50,1
04/15/2006 04:22:00,105,0,73,0,-49,1
04/15/2006 04:23:00,105,0,75,0,-49,1
04/15/2006 04:24:00,105,0,77,0,-49,1
04/15/2006 04:25:00,105,0,82,0,-48,1
04/15/2006 04:26:00,105,0,83,0,-49,1
04/15/2006 04:27:00,105,0,85,-1,-49,1
04/15/2006 04:28:00,105,0,85,-1,-49,1
04/15/2006 04:29:00,105,0,86,-1,-49,1
04/15/2006 04:30:00,105,0,86,-1,-49,1
04/15/2006 04:31:00,105,0,86,-2,-49,1
04/15/2006 04:32:00,105,0,85,-2,-49,1
04/15/2006 04:33:00,105,0,85,-2,-49,1
04/15/2006 04:34:00,105,0,83,-3,-50,1
04/15/2006 04:35:00,105,0,82,-3,-50,1
04/15/2006 04:36:00,105,0,81,-3,-51,1
04/15/2006 04:37:00,105,0,79,-2,-51,1
04/15/2006 04:38:00,105,0,78,-2,-51,1
04/15/2006 04:39:00,105,0,78,-1,-52,1
04/15/2006 04:40:00,105,0,79,-1,-53,1
04/15/2006 04:41:00,105,0,78,0,-53,1
04/15/2006 04:42:00,105,0,77,0,-52,1
04/15/2006 04:43:00,105,0,77,1,-52,1
04/15/2006 04:44:00,105,0,75,1,-52,1
04/15/2006 04:45:00,105,0,73,1,-52,1
04/15/2006 04:46:00,105,0,73,1,-51,1
04/15/2006 04:47:00,105,0,70,1,-51,1
04/15/2006 04:48:00,105,0,68,2,-50,1
04/15/2006 04:49:00,105,0,71,2,-50,1
04/15/2006 04:50:00,105,0,72,2,-49,1
04/15/2006 04:51:00,105,0,73,2,-49,1
04/15/2006 04:52:00,105,0,73,3,-49,1
04/15/2006 04:53:00,105,0,74,2,-49,1
04/15/2006 04:54:00,105,0,74,2,-48,1
04/15/2006 04:55:00,105,0,75,2,-48,1
04/15/2006 04:56:00,105,0,76,2,-48,1
04/15/2006 04:57:00,105,0,74,2,-47,1
04/15/2006 04:58:00,105,0,74,2,-47,1
04/15/2006 04:59:00,105,0,72,1,-47,1
04/15/2006 05:00:00,105,0,71,1,-47,1
04/15/2006 05:01:00,105,0,70,1,-47,1
04/15/2006 05:02:00,105,0,69,1,-47,1
04/15/2006 05:03:00,105,0,68,0,-47,1
04/15/2006 05:04:00,105,0,67,0,-47,1
04/15/2006 05:05:00,105,0,68,0,-47,1
04/15/2006 05:06:00,105,0,67,0,-46,1
04/15/2006 05:07:00,105,0,67,0,-46,1
04/15/2006 05:08:00,105,0,67,0,-47,1
04/15/2006 05:09:00,105,0,67,0,-47,1
04/15/2006 05:10:00,105,0,66,0,-46,1
04/15/2006 05:11:00,105,0,65,0,-46,1
04/15/2006 05:12:00,105,0,65,0,-45,1
04/15/2006 05:13:00,105,0,63,-1,-45,1
04/15/2006 05:14:00,105,0,63,-1,-45,1
04/15/2006 05:15:00,105,0,63,-1,-45,1
04/15/2006 05:16:00,105,0,62,-1,-45,1
04/15/2006 05:17:00,105,0,62,-1,-46,1
04/15/2006 05:18:00,105,0,60,-1,-45,1
04/15/2006 05:19:00,105,0,59,-2,-46,1
04/15/2006 05:20:00,105,0,58,-2,-46,1
04/15/2006 05:21:00,105,0,57,-2,-46,1
04/15/2006 05:22:00,105,0,55,-2,-46,1
04/15/2006 05:23:00,105,0,53,-2,-46,1
04/15/2006 05:24:00,105,0,51,-2,-46,1
04/15/2006 05:25:00,105,0,51,-1,-47,1
04/15/2006 05:26:00,105,0,49,-2,-47,1
04/15/2006 05:27:00,105,0,48,-1,-47,1
04/15/2006 05:28:00,105,0,48,-1,-46,1
04/15/2006 05:29:00,105,0,48,-1,-47,1
04/15/2006 05:30:00,105,0,47,-1,-47,1
04/15/2006 05:31:00,105,0,48,-1,-47,1
04/15/2006 05:32:00,105,0,47,0,-48,1
04/15/2006 05:33:00,105,0,48,0,-48,1
04/15/2006 05:34:00,105,0,49,0,-48,1
04/15/2006 05:35:00,105,0,49,0,-47,1
04/15/2006 05:36:00,105,0,50,1,-47,1
04/15/2006 05:37:00,105,0,51,1,-47,1
04/15/2006 05:38:00,105,0,51,1,-47,1
04/15/2006 05:39:00,105,0,52,1,-47,1
04/15/2006 05:40:00,105,0,53,1,-47,1
04/15/2006 05:41:00,105,0,53,2,-47,1
04/15/2006 05:42:00,105,0,54,2,-47,1
04/15/2006 05:43:00,105,0,54,2,-47,1
04/15/2006 05:44:00,105,0,54,2,-47,1
04/15/2006 05:45:00,105,0,53,2,-47,1
04/15/2006 05:46:00,105,0,51,2,-48,1
04/15/2006 05:47:00,105,0,51,2,-48,1
04/15/2006 05:48:00,105,0,50,2,-49,1
04/15/2006 05:49:00,105,0,50,2,-49,1
04/15/2006 05:50:00,105,0,49,2,-48,1
04/15/2006 05:51:00,105,0,48,3,-48,1
04/15/2006 05:52:00,105,0,47,3,-49,1
04/15/2006 05:53:00,105,0,47,3,-49,1
04/15/2006 05:54:00,105,0,47,3,-49,1
04/15/2006 05:55:00,105,0,48,3,-49,1
04/15/2006 05:56:00,105,0,48,3,-50,1
04/15/2006 05:57:00,105,0,47,3,-50,1
04/15/2006 05:58:00,105,0,46,3,-51,1
04/15/2006 05:59:00,105,0,47,3,-51,1
04/15/2006 06:00:00,105,0,47,3,-52,1
04/15/2006 06:01:00,105,0,47,3,-51,1
04/15/2006 06:02:00,105,0,47,4,-51,1
04/15/2006 06:03:00,105,0,46,3,-51,1
04/15/2006 06:04:00,105,0,45,3,-50,1
04/15/2006 06:05:00,105,0,44,3,-49,1
04/15/2006 06:06:00,105,0,44,3,-49,1
04/15/2006 06:07:00,105,0,43,3,-49,1
04/15/2006 06:08:00,105,0,43,3,-48,1
04/15/2006 06:09:00,105,0,43,3,-48,1
04/15/2006 06:10:00,105,0,43,3,-48,1
04/15/2006 06:11:00,105,0,42,2,-48,1
04/15/2006 06:12:00,105,0,43,2,-47,1
04/15/2006 06:13:00,105,0,42,2,-47,1
04/15/2006 06:14:00,105,0,42,2,-46,1
04/15/2006 06:15:00,105,0,41,2,-45,1
04/15/2006 06:16:00,105,0,40,2,-45,1
04/15/2006 06:17:00,105,0,39,2,-45,1
04/15/2006 06:18:00,105,0,40,2,-44,1
04/15/2006 06:19:00,105,0,40,2,-45,1
04/15/2006 06:20:00,105,0,39,2,-44,1
04/15/2006 06:21:00,105,0,40,2,-44,1
04/15/2006 06:22:00,105,0,39,2,-43,1
04/15/2006 06:23:00,105,0,39,1,-43,1
04/15/2006 06:24:00,105,0,38,1,-43,1
04/15/2006 06:25:00,105,0,38,1,-42,1
04/15/2006 06:26:00,105,0,38,1,-42,1
04/15/2006 06:27:00,105,0,38,1,-43,1
04/15/2006 06:28:00,105,0,38,1,-43,1
04/15/2006 06:29:00,105,0,38,1,-43,1
04/15/2006 06:30:00,105,0,38,1,-43,1
04/15/2006 06:31:00,105,0,37,1,-42,1
04/15/2006 06:32:00,105,0,37,1,-43,1
04/15/2006 06:33:00,105,0,37,1,-42,1
04/15/2006 06:34:00,105,0,36,1,-42,1
04/15/2006 06:35:00,105,0,36,1,-41,1
04/15/2006 06:36:00,105,0,36,1,-41,1
04/15/2006 06:37:00,105,0,35,1,-40,1
04/15/2006 06:38:00,105,0,34,0,-40,1
04/15/2006 06:39:00,105,0,33,0,-40,1
04/15/2006 06:40:00,105,0,33,0,-40,1
04/15/2006 06:41:00,105,0,33,0,-40,1
04/15/2006 06:42:00,105,0,33,0,-40,1
04/15/2006 06:43:00,105,0,33,0,-40,1
04/15/2006 06:44:00,105,0,33,0,-40,1
04/15/2006 06:45:00,105,0,33,0,-40,1
04/15/2006 06:46:00,105,0,32,0,-39,1
04/15/2006 06:47:00,105,0,31,0,-38,1
04/15/2006 06:48:00,105,0,30,0,-38,1
04/15/2006 06:49:00,105,0,31,-1,-37,1
04/15/2006 06:50:00,105,0,30,-1,-37,1
04/15/2006 06:51:00,105,0,29,-1,-37,1
04/15/2006 06:52:00,105,0,29,-1,-37,1
04/15/2006 06:53:00,105,0,28,-1,-38,1
04/15/2006 06:54:00,105,0,29,-1,-39,1
04/15/2006 06:55:00,105,0,30,-1,-41,1
04/15/2006 06:56:00,105,0,30,-1,-42,1
04/15/2006 06:57:00,105,0,29,0,-42,1
04/15/2006 06:58:00,105,0,29,0,-42,1
04/15/2006 06:59:00,105,0,28,0,-41,1
04/15/2006 07:00:00,105,0,29,0,-41,1
04/15/2006 07:01:00,105,0,29,0,-40,1
04/15/2006 07:02:00,105,0,28,0,-39,1
04/15/2006 07:03:00,105,0,29,-1,-39,1
04/15/2006 07:04:00,105,0,28,-1,-38,1
04/15/2006 07:05:00,105,0,28,-1,-38,1
04/15/2006 07:06:00,105,0,28,-1,-37,1
04/15/2006 07:07:00,105,0,29,-2,-37,1
04/15/2006 07:08:00,105,0,29,-2,-38,1
04/15/2006 07:09:00,105,0,27,-1,-37,1
04/15/2006 07:10:00,105,0,28,-2,-37,1
04/15/2006 07:11:00,105,0,28,-2,-37,1
04/15/2006 07:12:00,105,0,29,-2,-36,1
04/15/2006 07:13:00,105,0,29,-2,-36,1
04/15/2006 07:14:00,105,0,29,-3,-36,1
04/15/2006 07:15:00,105,0,30,-3,-36,1
04/15/2006 07:16:00,105,0,30,-3,-36,1
04/15/2006 07:17:00,105,0,30,-3,-37,1
04/15/2006 07:18:00,105,0,31,-3,-37,1
04/15/2006 07:19:00,105,0,29,-3,-37,1
04/15/2006 07:20:00,105,0,30,-3,-36,1
04/15/2006 07:21:00,105,0,31,-3,-35,1
04/15/2006 07:22:00,105,0,32,-4,-35,1
04/15/2006 07:23:00,105,0,32,-4,-34,1
04/15/2006 07:24:00,105,0,32,-4,-34,1
04/15/2006 07:25:00,105,0,33,-4,-34,1
04/15/2006 07:26:00,105,0,34,-4,-34,1
04/15/2006 07:27:00,105,0,34,-4,-35,1
04/15/2006 07:28:00,105,0,35,-4,-36,1
04/15/2006 07:29:00,105,0,35,-4,-36,1
04/15/2006 07:30:00,105,0,38,-3,-37,1
04/15/2006 07:31:00,105,0,39,-3,-38,1
04/15/2006 07:32:00,105,0,40,-3,-38,1
04/15/2006 07:33:00,105,0,40,-2,-39,1
04/15/2006 07:34:00,105,0,41,-2,-40,1
04/15/2006 07:35:00,105,0,42,-2,-40,1
04/15/2006 07:36:00,105,0,43,-2,-41,1
04/15/2006 07:37:00,105,0,40,-2,-42,1
04/15/2006 07:38:00,105,0,40,-1,-43,1
04/15/2006 07:39:00,105,0,41,-1,-44,1
04/15/2006 07:40:00,105,0,42,-1,-44,1
04/15/2006 07:41:00,105,0,42,-1,-44,1
04/15/2006 07:42:00,105,0,42,-1,-44,1
04/15/2006 07:43:00,105,0,43,-1,-46,1
04/15/2006 07:44:00,105,0,43,-1,-47,1
04/15/2006 07:45:00,105,0,44,0,-48,1
04/15/2006 07:46:00,105,0,43,0,-49,1
04/15/2006 07:47:00,105,0,42,0,-50,1
04/15/2006 07:48:00,105,0,42,0,-51,1
04/15/2006 07:49:00,105,0,42,1,-51,1
04/15/2006 07:50:00,105,0,40,1,-51,1
04/15/2006 07:51:00,105,0,39,1,-51,1
04/15/2006 07:52:00,105,0,38,1,-51,1
04/15/2006 07:53:00,105,0,38,1,-51,1
04/15/2006 07:54:00,105,0,38,1,-51,1
04/15/2006 07:55:00,105,0,38,2,-52,1
04/15/2006 07:56:00,105,0,36,2,-53,1
04/15/2006 07:57:00,105,0,36,2,-54,1
04/15/2006 07:58:00,105,0,35,3,-54,1
04/15/2006 07:59:00,105,0,35,3,-53,1
04/15/2006 08:00:00,105,0,33,3,-53,1
04/15/2006 08:01:00,105,0,33,3,-52,1
04/15/2006 08:02:00,105,0,32,3,-51,1
04/15/2006 08:03:00,105,0,31,3,-50,1
04/15/2006 08:04:00,105,0,30,3,-49,1
04/15/2006 08:05:00,105,0,30,4,-48,1
04/15/2006 08:06:00,105,0,27,3,-47,1
04/15/2006 08:07:00,105,0,26,4,-47,1
04/15/2006 08:08:00,105,0,26,4,-46,1
04/15/2006 08:09:00,105,0,25,4,-44,1
04/15/2006 08:10:00,105,0,26,3,-44,1
04/15/2006 08:11:00,105,0,26,4,-43,1
04/15/2006 08:12:00,105,0,27,4,-43,1
04/15/2006 08:13:00,105,0,27,4,-42,1
04/15/2006 08:14:00,105,0,27,4,-42,1
04/15/2006 08:15:00,105,0,28,4,-42,1
04/15/2006 08:16:00,105,0,28,4,-43,1
04/15/2006 08:17:00,105,0,28,5,-44,1
04/15/2006 08:18:00,105,0,28,5,-44,1
04/15/2006 08:19:00,105,0,27,5,-44,1
04/15/2006 08:20:00,105,0,27,5,-42,1
04/15/2006 08:21:00,105,0,27,5,-42,1
04/15/2006 08:22:00,105,0,27,5,-41,1
04/15/2006 08:23:00,105,0,26,4,-42,1
04/15/2006 08:24:00,105,0,28,5,-43,1
04/15/2006 08:25:00,105,0,28,5,-44,1
04/15/2006 08:26:00,105,0,28,5,-44,1
04/15/2006 08:27:00,105,0,29,5,-44,1
04/15/2006 08:28:00,105,0,28,5,-45,1
04/15/2006 08:29:00,105,0,27,5,-46,1
04/15/2006 08:30:00,105,0,28,5,-45,1
04/15/2006 08:31:00,105,0,29,5,-44,1
04/15/2006 08:32:00,105,0,29,4,-44,1
04/15/2006 08:33:00,105,0,30,4,-44,1
04/15/2006 08:34:00,105,0,31,4,-45,1
04/15/2006 08:35:00,105,0,31,4,-44,1
04/15/2006 08:36:00,105,0,32,4,-44,1
04/15/2006 08:37:00,105,0,34,4,-45,1
04/15/2006 08:38:00,105,0,35,3,-44,1
04/15/2006 08:39:00,105,0,37,3,-45,1
04/15/2006 08:40:00,105,0,37,3,-45,1
04/15/2006 08:41:00,105,0,39,3,-45,1
04/15/2006 08:42:00,105,0,38,3,-45,1
04/15/2006 08:43:00,105,0,39,3,-46,1
04/15/2006 08:44:00,105,0,40,3,-47,1
04/15/2006 08:45:00,105,0,43,3,-48,1
04/15/2006 08:46:00,105,0,44,3,-48,1
04/15/2006 08:47:00,105,0,46,3,-49,1
04/15/2006 08:48:00,105,0,46,3,-49,1
04/15/2006 08:49:00,105,0,47,3,-50,1
04/15/2006 08:50:00,105,0,49,3,-50,1
04/15/2006 08:51:00,105,0,51,3,-51,1
04/15/2006 08:52:00,105,0,52,3,-51,1
04/15/2006 08:53:00,105,0,53,3,-51,1
04/15/2006 08:54:00,105,0,55,3,-51,1
04/15/2006 08:55:00,105,0,56,3,-51,1
04/15/2006 08:56:00,105,0,57,3,-52,1
04/15/2006 08:57:00,105,0,59,3,-52,1
04/15/2006 08:58:00,105,0,60,3,-52,1
04/15/2006 08:59:00,105,0,61,3,-52,1
04/15/2006 09:00:00,105,0,63,3,-53,1
04/15/2006 09:01:00,105,0,65,3,-53,1
04/15/2006 09:02:00,105,0,65,3,-53,1
04/15/2006 09:03:00,105,0,66,3,-54,1
04/15/2006 09:04:00,105,0,68,3,-54,1
04/15/2006 09:05:00,105,0,70,3,-54,1
04/15/2006 09:06:00,105,0,72,3,-55,1
04/15/2006 09:07:00,105,0,75,4,-54,1
04/15/2006 09:08:00,105,0,76,4,-54,1
04/15/2006 09:09:00,105,0,78,4,-55,1
04/15/2006 09:10:00,105,0,79,4,-56,1
04/15/2006 09:11:00,105,0,79,4,-57,1
04/15/2006 09:12:00,105,0,81,5,-58,1
04/15/2006 09:13:00,105,0,82,5,-58,1
04/15/2006 09:14:00,105,0,80,5,-58,1
04/15/2006 09:15:00,105,0,82,6,-59,1
04/15/2006 09:16:00,105,0,82,6,-59,1
04/15/2006 09:17:00,105,0,82,6,-59,1
04/15/2006 09:18:00,105,0,82,6,-59,1
04/15/2006 09:19:00,105,0,83,7,-59,1
04/15/2006 09:20:00,105,0,82,7,-59,1
04/15/2006 09:21:00,105,0,82,7,-59,1
04/15/2006 09:22:00,105,0,80,7,-59,1
04/15/2006 09:23:00,105,0,78,7,-59,1
04/15/2006 09:24:00,105,0,77,8,-58,1
04/15/2006 09:25:00,105,0,75,8,-58,1
04/15/2006 09:26:00,105,0,71,8,-57,1
04/15/2006 09:27:00,105,0,67,8,-56,1
04/15/2006 09:28:00,105,0,66,8,-56,1
04/15/2006 09:29:00,105,0,67,8,-55,1
04/15/2006 09:30:00,105,0,68,9,-55,1
04/15/2006 09:31:00,105,0,68,9,-56,1
04/15/2006 09:32:00,105,0,69,10,-57,1
04/15/2006 09:33:00,105,0,71,11,-57,1
04/15/2006 09:34:00,105,0,72,11,-58,1
04/15/2006 09:35:00,105,0,73,12,-59,1
04/15/2006 09:36:00,105,0,74,12,-58,1
04/15/2006 09:37:00,105,0,75,12,-58,1
04/15/2006 09:38:00,105,0,78,12,-59,1
04/15/2006 09:39:00,105,0,78,13,-59,1
04/15/2006 09:40:00,105,0,75,13,-59,1
04/15/2006 09:41:00,105,0,71,12,-59,1
04/15/2006 09:42:00,105,0,66,12,-58,1
04/15/2006 09:43:00,105,0,65,11,-58,1
04/15/2006 09:44:00,105,0,59,11,-58,1
04/15/2006 09:45:00,105,0,53,10,-56,1
04/15/2006 09:46:00,105,0,47,10,-56,1
04/15/2006 09:47:00,105,0,42,9,-56,1
04/15/2006 09:48:00,105,0,39,9,-57,1
04/15/2006 09:49:00,105,0,38,9,-57,1
04/15/2006 09:50:00,105,0,35,10,-56,1
04/15/2006 09:51:00,105,0,32,10,-56,1
04/15/2006 09:52:00,105,0,33,10,-56,1
04/15/2006 09:53:00,105,0,34,10,-55,1
04/15/2006 09:54:00,105,0,35,10,-54,1
04/15/2006 09:55:00,105,0,35,10,-54,1
04/15/2006 09:56:00,105,0,36,10,-54,1
04/15/2006 09:57:00,105,0,35,10,-54,1
04/15/2006 09:58:00,105,0,35,10,-53,1
04/15/2006 09:59:00,105,0,36,10,-53,1
04/15/2006 10:00:00,105,0,35,10,-52,1
04/15/2006 10:01:00,105,0,34,10,-52,1
04/15/2006 10:02:00,105,0,34,9,-50,1
04/15/2006 10:03:00,105,0,35,9,-48,1
04/15/2006 10:04:00,105,0,36,9,-46,1
04/15/2006 10:05:00,105,0,38,9,-46,1
04/15/2006 10:06:00,105,0,37,9,-46,1
04/15/2006 10:07:00,105,0,35,8,-45,1
04/15/2006 10:08:00,105,0,34,8,-45,1
04/15/2006 10:09:00,105,0,33,7,-44,1
04/15/2006 10:10:00,105,0,32,7,-44,1
04/15/2006 10:11:00,105,0,29,7,-44,1
04/15/2006 10:12:00,105,0,26,6,-44,1
04/15/2006 10:13:00,105,0,25,6,-44,1
04/15/2006 10:14:00,105,0,22,6,-45,1
04/15/2006 10:15:00,105,0,20,5,-45,1
04/15/2006 10:16:00,105,0,18,5,-44,1
04/15/2006 10:17:00,105,0,17,5,-44,1
04/15/2006 10:18:00,105,0,16,5,-43,1
04/15/2006 10:19:00,105,0,15,4,-43,1
04/15/2006 10:20:00,105,0,15,4,-44,1
04/15/2006 10:21:00,105,0,13,3,-44,1
04/15/2006 10:22:00,105,0,12,3,-44,1
04/15/2006 10:23:00,105,0,12,3,-44,1
04/15/2006 10:24:00,105,0,11,3,-43,1
04/15/2006 10:25:00,105,0,10,2,-42,1
04/15/2006 10:26:00,105,0,9,2,-41,1
04/15/2006 10:27:00,105,0,9,2,-41,1
04/15/2006 10:28:00,105,0,9,2,-41,1
04/15/2006 10:29:00,105,0,9,2,-41,1
04/15/2006 10:30:00,105,0,9,2,-40,1
04/15/2006 10:31:00,105,0,9,2,-40,1
04/15/2006 10:32:00,105,0,7,2,-40,1
04/15/2006 10:33:00,105,0,8,2,-41,1
04/15/2006 10:34:00,105,0,7,2,-41,1
04/15/2006 10:35:00,105,0,8,2,-42,1
04/15/2006 10:36:00,105,0,8,2,-42,1
04/15/2006 10:37:00,105,0,11,2,-42,1
04/15/2006 10:38:00,105,0,11,2,-41,1
04/15/2006 10:39:00,105,0,9,2,-40,1
04/15/2006 10:40:00,105,0,7,2,-41,1
04/15/2006 10:41:00,105,0,10,2,-42,1
04/15/2006 10:42:00,105,0,11,2,-42,1
04/15/2006 10:43:00,105,0,12,2,-43,1
04/15/2006 10:44:00,105,0,14,2,-43,1
04/15/2006 10:45:00,105,0,13,2,-44,1
04/15/2006 10:46:00,105,0,15,2,-44,1
04/15/2006 10:47:00,105,0,15,2,-44,1
04/15/2006 10:48:00,105,0,15,2,-44,1
04/15/2006 10:49:00,105,0,16,2,-43,1
04/15/2006 10:50:00,105,0,18,2,-43,1
04/15/2006 10:51:00,105,0,19,2,-44,1
04/15/2006 10:52:00,105,0,20,2,-45,1
04/15/2006 10:53:00,105,0,23,1,-45,1
04/15/2006 10:54:00,105,0,26,2,-46,1
04/15/2006 10:55:00,105,0,27,1,-46,1
04/15/2006 10:56:00,105,0,29,1,-48,1
04/15/2006 10:57:00,105,0,30,1,-48,1
04/15/2006 10:58:00,105,0,33,1,-48,1
04/15/2006 10:59:00,105,0,33,1,-48,1
04/15/2006 11:00:00,105,0,32,0,-48,1
04/15/2006 11:01:00,105,0,32,1,-48,1
04/15/2006 11:02:00,105,0,31,0,-49,1
04/15/2006 11:03:00,105,0,30,0,-48,1
04/15/2006 11:04:00,105,0,30,0,-48,1
04/15/2006 11:05:00,105,0,30,0,-48,1
04/15/2006 11:06:00,105,0,30,0,-47,1
04/15/2006 11:07:00,105,0,28,0,-47,1
04/15/2006 11:08:00,105,0,28,0,-47,1
04/15/2006 11:09:00,105,0,29,1,-47,1
04/15/2006 11:10:00,105,0,29,1,-47,1
04/15/2006 11:11:00,105,0,29,1,-47,1
04/15/2006 11:12:00,105,0,30,1,-47,1
04/15/2006 11:13:00,105,0,31,0,-47,1
04/15/2006 11:14:00,105,0,31,1,-47,1
04/15/2006 11:15:00,105,0,30,0,-47,1
04/15/2006 11:16:00,105,0,29,1,-47,1
04/15/2006 11:17:00,105,0,28,1,-47,1
04/15/2006 11:18:00,105,0,25,1,-46,1
04/15/2006 11:19:00,105,0,25,1,-46,1
04/15/2006 11:20:00,105,0,24,1,-46,1
04/15/2006 11:21:00,105,0,25,1,-45,1
04/15/2006 11:22:00,105,0,26,2,-45,1
04/15/2006 11:23:00,105,0,27,2,-45,1
04/15/2006 11:24:00,105,0,29,2,-46,1
04/15/2006 11:25:00,105,0,31,2,-46,1
04/15/2006 11:26:00,105,0,32,1,-47,1
04/15/2006 11:27:00,105,0,33,1,-47,1
04/15/2006 11:28:00,105,0,34,1,-47,1
04/15/2006 11:29:00,105,0,35,1,-47,1
04/15/2006 11:30:00,105,0,36,0,-48,1
04/15/2006 11:31:00,105,0,36,0,-49,1
04/15/2006 11:32:00,105,0,36,0,-50,1
04/15/2006 11:33:00,105,0,37,0,-50,1
04/15/2006 11:34:00,105,0,35,0,-51,1
04/15/2006 11:35:00,105,0,36,-1,-52,1
04/15/2006 11:36:00,105,0,37,0,-51,1
04/15/2006 11:37:00,105,0,37,0,-51,1
04/15/2006 11:38:00,105,0,37,0,-51,1
04/15/2006 11:39:00,105,0,38,0,-51,1
04/15/2006 11:40:00,105,0,37,0,-52,1
04/15/2006 11:41:00,105,0,36,0,-52,1
04/15/2006 11:42:00,105,0,37,0,-53,1
04/15/2006 11:43:00,105,0,37,0,-53,1
04/15/2006 11:44:00,105,0,38,0,-53,1
04/15/2006 11:45:00,105,0,40,0,-53,1
04/15/2006 11:46:00,105,0,39,0,-53,1
04/15/2006 11:47:00,105,0,36,0,-54,1
04/15/2006 11:48:00,105,0,36,0,-54,1
04/15/2006 11:49:00,105,0,36,0,-54,1
04/15/2006 11:50:00,105,0,34,1,-54,1
04/15/2006 11:51:00,105,0,33,1,-54,1
04/15/2006 11:52:00,105,0,34,1,-54,1
04/15/2006 11:53:00,105,0,35,1,-53,1
04/15/2006 11:54:00,105,0,35,2,-53,1
04/15/2006 11:55:00,105,0,35,2,-53,1
04/15/2006 11:56:00,105,0,36,2,-53,1
04/15/2006 11:57:00,105,0,36,2,-54,1
04/15/2006 11:58:00,105,0,36,2,-54,1
04/15/2006 11:59:00,105,0,36,2,-54,1
04/15/2006 12:00:00,105,0,36,2,-54,1
04/15/2006 12:01:00,105,0,36,2,-54,1
04/15/2006 12:02:00,105,0,36,2,-54,1
04/15/2006 12:03:00,105,0,35,1,-55,1
04/15/2006 12:04:00,105,0,37,1,-55,1
04/15/2006 12:05:00,105,0,37,1,-55,1
04/15/2006 12:06:00,105,0,37,0,-56,1
04/15/2006 12:07:00,105,0,38,0,-57,1
04/15/2006 12:08:00,105,0,38,-1,-57,1
04/15/2006 12:09:00,105,0,37,-1,-57,1
04/15/2006 12:10:00,105,0,36,-1,-57,1
04/15/2006 12:11:00,105,0,36,-1,-57,1
04/15/2006 12:12:00,105,0,37,-1,-57,1
04/15/2006 12:13:00,105,0,36,-2,-57,1
04/15/2006 12:14:00,105,0,36,-2,-57,1
04/15/2006 12:15:00,105,0,36,-2,-57,1
04/15/2006 12:16:00,105,0,35,-2,-57,1
04/15/2006 12:17:00,105,0,33,-2,-57,1
04/15/2006 12:18:00,105,0,33,-2,-57,1
04/15/2006 12:19:00,105,0,32,-1,-57,1
04/15/2006 12:20:00,105,0,31,-1,-56,1
04/15/2006 12:21:00,105,0,30,-2,-56,1
04/15/2006 12:22:00,105,0,29,-1,-56,1
04/15/2006 12:23:00,105,0,29,-2,-55,1
04/15/2006 12:24:00,105,0,28,-2,-55,1
04/15/2006 12:25:00,105,0,27,-2,-55,1
04/15/2006 12:26:00,105,0,25,-2,-54,1
04/15/2006 12:27:00,105,0,25,-2,-54,1
04/15/2006 12:28:00,105,0,24,-2,-53,1
04/15/2006 12:29:00,105,0,23,-2,-53,1
04/15/2006 12:30:00,105,0,22,-3,-52,1
04/15/2006 12:31:00,105,0,21,-3,-51,1
04/15/2006 12:32:00,105,0,20,-3,-51,1
04/15/2006 12:33:00,105,0,19,-3,-50,1
04/15/2006 12:34:00,105,0,19,-3,-49,1
04/15/2006 12:35:00,105,0,19,-3,-49,1
04/15/2006 12:36:00,105,0,19,-3,-49,1
04/15/2006 12:37:00,105,0,19,-3,-49,1
04/15/2006 12:38:00,105,0,19,-3,-49,1
04/15/2006 12:39:00,105,0,18,-3,-49,1
04/15/2006 12:40:00,105,0,17,-3,-49,1
04/15/2006 12:41:00,105,0,17,-3,-49,1
04/15/2006 12:42:00,105,0,20,-3,-49,1
04/15/2006 12:43:00,105,0,22,-3,-48,1
04/15/2006 12:44:00,105,0,25,-3,-48,1
04/15/2006 12:45:00,105,0,26,-3,-48,1
04/15/2006 12:46:00,105,0,27,-3,-47,1
04/15/2006 12:47:00,105,0,29,-2,-47,1
04/15/2006 12:48:00,105,0,30,-2,-47,1
04/15/2006 12:49:00,105,0,31,-2,-46,1
04/15/2006 12:50:00,105,0,31,-2,-46,1
04/15/2006 12:51:00,105,0,32,-2,-45,1
04/15/2006 12:52:00,105,0,32,-2,-45,1
04/15/2006 12:53:00,105,0,31,-2,-44,1
04/15/2006 12:54:00,105,0,30,-1,-44,1
04/15/2006 12:55:00,105,0,31,-1,-44,1
04/15/2006 12:56:00,105,0,29,-1,-43,1
04/15/2006 12:57:00,105,0,29,-1,-43,1
04/15/2006 12:58:00,105,0,29,-1,-43,1
04/15/2006 12:59:00,105,0,29,-2,-42,1
04/15/2006 13:00:00,105,0,29,-1,-42,1
04/15/2006 13:01:00,105,0,29,-1,-42,1
04/15/2006 13:02:00,105,0,29,-1,-41,1
04/15/2006 13:03:00,105,0,28,-1,-41,1
04/15/2006 13:04:00,105,0,28,-1,-41,1
04/15/2006 13:05:00,105,0,28,-2,-41,1
04/15/2006 13:06:00,105,0,26,-2,-41,1
04/15/2006 13:07:00,105,0,25,-2,-41,1
04/15/2006 13:08:00,105,0,26,-2,-41,1
04/15/2006 13:09:00,105,0,25,-2,-41,1
04/15/2006 13:10:00,105,0,25,-3,-41,1
04/15/2006 13:11:00,105,0,25,-3,-41,1
04/15/2006 13:12:00,105,0,25,-3,-41,1
04/15/2006 13:13:00,105,0,23,-3,-41,1
04/15/2006 13:14:00,105,0,26,-3,-40,1
04/15/2006 13:15:00,105,0,29,-2,-40,1
04/15/2006 13:16:00,105,0,30,-2,-40,1
04/15/2006 13:17:00,105,0,29,-2,-40,1
04/15/2006 13:18:00,105,0,27,-1,-41,1
04/15/2006 13:19:00,105,0,26,-2,-41,1
04/15/2006 13:20:00,105,0,23,-1,-41,1
04/15/2006 13:21:00,105,0,21,-2,-42,1
04/15/2006 13:22:00,105,0,20,-2,-42,1
04/15/2006 13:23:00,105,0,17,-2,-42,1
04/15/2006 13:24:00,105,0,16,-2,-42,1
04/15/2006 13:25:00,105,0,16,-2,-42,1
04/15/2006 13:26:00,105,0,16,-2,-42,1
04/15/2006 13:27:00,105,0,16,-2,-42,1
04/15/2006 13:28:00,105,0,19,-2,-42,1
04/15/2006 13:29:00,105,0,20,-2,-42,1
04/15/2006 13:30:00,105,0,18,-2,-42,1
04/15/2006 13:31:00,105,0,18,-2,-42,1
04/15/2006 13:32:00,105,0,18,-2,-42,1
04/15/2006 13:33:00,105,0,18,-1,-42,1
04/15/2006 13:34:00,105,0,18,-2,-42,1
04/15/2006 13:35:00,105,0,17,-2,-42,1
04/15/2006 13:36:00,105,0,17,-2,-42,1
04/15/2006 13:37:00,105,0,18,-1,-42,1
04/15/2006 13:38:00,105,0,16,-1,-42,1
04/15/2006 13:39:00,105,0,15,-1,-42,1
04/15/2006 13:40:00,105,0,15,-1,-43,1
04/15/2006 13:41:00,105,0,13,-1,-43,1
04/15/2006 13:42:00,105,0,13,-1,-44,1
04/15/2006 13:43:00,105,0,12,-1,-44,1
04/15/2006 13:44:00,105,0,11,-1,-44,1
04/15/2006 13:45:00,105,0,11,-2,-45,1
04/15/2006 13:46:00,105,0,10,-2,-45,1
04/15/2006 13:47:00,105,0,9,-2,-45,1
04/15/2006 13:48:00,105,0,9,-2,-44,1
04/15/2006 13:49:00,105,0,11,-2,-44,1
04/15/2006 13:50:00,105,0,11,-2,-44,1
04/15/2006 13:51:00,105,0,11,-2,-43,1
04/15/2006 13:52:00,105,0,11,-2,-44,1
04/15/2006 13:53:00,105,0,11,-2,-44,1
04/15/2006 13:54:00,105,0,10,-1,-45,1
04/15/2006 13:55:00,105,0,10,-1,-45,1
04/15/2006 13:56:00,105,0,9,-1,-45,1
04/15/2006 13:57:00,105,0,7,-1,-46,1
04/15/2006 13:58:00,105,0,6,0,-46,1
04/15/2006 13:59:00,105,0,6,0,-47,1
04/15/2006 14:00:00,105,0,6,0,-47,1
04/15/2006 14:01:00,105,0,6,0,-47,1
04/15/2006 14:02:00,105,0,7,0,-48,1
04/15/2006 14:03:00,105,0,8,0,-48,1
04/15/2006 14:04:00,105,0,7,0,-48,1
04/15/2006 14:05:00,105,0,7,0,-48,1
04/15/2006 14:06:00,105,0,10,0,-48,1
04/15/2006 14:07:00,105,0,10,0,-49,1
04/15/2006 14:08:00,105,0,5,0,-49,1
04/15/2006 14:09:00,105,0,5,0,-49,1
04/15/2006 14:10:00,105,0,6,0,-49,1
04/15/2006 14:11:00,105,0,4,-1,-49,1
04/15/2006 14:12:00,105,0,7,-1,-49,1
04/15/2006 14:13:00,105,0,5,0,-48,1
04/15/2006 14:14:00,105,0,4,0,-48,1
04/15/2006 14:15:00,105,0,3,-1,-49,1
04/15/2006 14:16:00,105,0,4,-1,-49,1
04/15/2006 14:17:00,105,0,4,-1,-49,1
04/15/2006 14:18:00,105,0,5,-1,-50,1
04/15/2006 14:19:00,105,0,5,-1,-50,1
04/15/2006 14:20:00,105,0,5,-1,-50,1
04/15/2006 14:21:00,105,0,5,-1,-51,1
04/15/2006 14:22:00,105,0,6,-1,-50,1
04/15/2006 14:23:00,105,0,5,-1,-50,1
04/15/2006 14:24:00,105,0,5,-1,-50,1
04/15/2006 14:25:00,105,0,4,-1,-50,1
04/15/2006 14:26:00,105,0,5,-1,-50,1
04/15/2006 14:27:00,105,0,5,-2,-50,1
04/15/2006 14:28:00,105,0,4,-2,-50,1
04/15/2006 14:29:00,105,0,3,-2,-50,1
04/15/2006 14:30:00,105,0,3,-1,-51,1
04/15/2006 14:31:00,105,0,1,-1,-51,1
04/15/2006 14:32:00,105,0,2,-1,-51,1
04/15/2006 14:33:00,105,0,2,-1,-51,1
04/15/2006 14:34:00,105,0,3,-1,-50,1
04/15/2006 14:35:00,105,0,3,-1,-50,1
04/15/2006 14:36:00,105,0,3,-1,-50,1
04/15/2006 14:37:00,105,0,5,-1,-51,1
04/15/2006 14:38:00,105,0,5,-1,-51,1
04/15/2006 14:39:00,105,0,5,-1,-51,1
04/15/2006 14:40:00,105,0,4,-1,-51,1
04/15/2006 14:41:00,105,0,4,-1,-51,1
04/15/2006 14:42:00,105,0,3,-1,-51,1
04/15/2006 14:43:00,105,0,2,-1,-51,1
04/15/2006 14:44:00,105,0,2,-1,-51,1
04/15/2006 14:45:00,105,0,3,-1,-51,1
04/15/2006 14:46:00,105,0,4,0,-51,1
04/15/2006 14:47:00,105,0,5,0,-51,1
04/15/2006 14:48:00,105,0,8,0,-51,1
04/15/2006 14:49:00,105,0,9,0,-51,1
04/15/2006 14:50:00,105,0,10,0,-50,1
04/15/2006 14:51:00,105,0,12,0,-50,1
04/15/2006 14:52:00,105,0,13,0,-50,1
04/15/2006 14:53:00,105,0,14,1,-49,1
04/15/2006 14:54:00,105,0,16,1,-49,1
04/15/2006 14:55:00,105,0,18,1,-48,1
04/15/2006 14:56:00,105,0,20,1,-49,1
04/15/2006 14:57:00,105,0,20,1,-48,1
04/15/2006 14:58:00,105,0,22,2,-48,1
04/15/2006 14:59:00,105,0,26,2,-48,1
04/15/2006 15:00:00,105,0,30,2,-48,1
04/15/2006 15:01:00,105,0,33,2,-49,1
04/15/2006 15:02:00,105,0,35,3,-48,1
04/15/2006 15:03:00,105,0,38,3,-48,1
04/15/2006 15:04:00,105,0,39,3,-49,1
04/15/2006 15:05:00,105,0,42,3,-49,1
04/15/2006 15:06:00,105,0,45,4,-49,1
04/15/2006 15:07:00,105,0,49,4,-49,1
04/15/2006 15:08:00,105,0,52,4,-48,1
04/15/2006 15:09:00,105,0,55,3,-48,1
04/15/2006 15:10:00,105,0,58,3,-47,1
04/15/2006 15:11:00,105,0,60,3,-48,1
04/15/2006 15:12:00,105,0,62,3,-48,1
04/15/2006 15:13:00,105,0,63,3,-48,1
04/15/2006 15:14:00,105,0,61,2,-48,1
04/15/2006 15:15:00,105,0,60,2,-48,1
04/15/2006 15:16:00,105,0,60,2,-48,1
04/15/2006 15:17:00,105,0,61,2,-49,1
04/15/2006 15:18:00,105,0,63,1,-49,1
04/15/2006 15:19:00,105,0,67,0,-49,1
04/15/2006 15:20:00,105,0,73,-1,-49,1
04/15/2006 15:21:00,105,0,77,-2,-49,1
04/15/2006 15:22:00,105,0,80,-3,-49,1
04/15/2006 15:23:00,105,0,82,-4,-48,1
04/15/2006 15:24:00,105,0,85,-4,-47,1
04/15/2006 15:25:00,105,0,87,-5,-48,1
04/15/2006 15:26:00,105,0,90,-5,-47,1
04/15/2006 15:27:00,105,0,91,-5,-47,1
04/15/2006 15:28:00,105,0,94,-5,-47,1
04/15/2006 15:29:00,105,0,95,-5,-47,1
04/15/2006 15:30:00,105,0,93,-5,-48,1
04/15/2006 15:31:00,105,0,89,-6,-48,1
04/15/2006 15:32:00,105,0,90,-6,-50,1
04/15/2006 15:33:00,105,0,89,-7,-51,1
04/15/2006 15:34:00,105,0,86,-7,-51,1
04/15/2006 15:35:00,105,0,84,-8,-52,1
04/15/2006 15:36:00,105,0,80,-7,-52,1
04/15/2006 15:37:00,105,0,78,-7,-52,1
04/15/2006 15:38:00,105,0,77,-8,-52,1
04/15/2006 15:39:00,105,0,70,-7,-52,1
04/15/2006 15:40:00,105,0,67,-7,-52,1
04/15/2006 15:41:00,105,0,68,-7,-52,1
04/15/2006 15:42:00,105,0,64,-7,-51,1
04/15/2006 15:43:00,105,0,62,-7,-51,1
04/15/2006 15:44:00,105,0,60,-6,-51,1
04/15/2006 15:45:00,105,0,59,-6,-51,1
04/15/2006 15:46:00,105,0,54,-6,-51,1
04/15/2006 15:47:00,105,0,54,-6,-51,1
04/15/2006 15:48:00,105,0,53,-6,-52,1
04/15/2006 15:49:00,105,0,52,-5,-52,1
04/15/2006 15:50:00,105,0,52,-5,-52,1
04/15/2006 15:51:00,105,0,51,-5,-52,1
04/15/2006 15:52:00,105,0,50,-4,-52,1
04/15/2006 15:53:00,105,0,49,-4,-51,1
04/15/2006 15:54:00,105,0,49,-4,-51,1
04/15/2006 15:55:00,105,0,50,-3,-51,1
04/15/2006 15:56:00,105,0,47,-3,-50,1
04/15/2006 15:57:00,105,0,46,-3,-50,1
04/15/2006 15:58:00,105,0,45,-3,-50,1
04/15/2006 15:59:00,105,0,45,-2,-50,1
04/15/2006 16:00:00,105,0,44,-2,-50,1
04/15/2006 16:01:00,105,0,44,-2,-50,1
04/15/2006 16:02:00,105,0,43,-1,-50,1
04/15/2006 16:03:00,105,0,44,-1,-49,1
04/15/2006 16:04:00,105,0,44,-1,-49,1
04/15/2006 16:05:00,105,0,42,0,-48,1
04/15/2006 16:06:00,105,0,41,0,-48,1
04/15/2006 16:07:00,105,0,41,0,-48,1
04/15/2006 16:08:00,105,0,40,0,-48,1
04/15/2006 16:09:00,105,0,40,1,-48,1
04/15/2006 16:10:00,105,0,40,1,-48,1
04/15/2006 16:11:00,105,0,41,1,-48,1
04/15/2006 16:12:00,105,0,42,1,-48,1
04/15/2006 16:13:00,105,0,42,2,-48,1
04/15/2006 16:14:00,105,0,42,2,-48,1
04/15/2006 16:15:00,105,0,44,2,-48,1
04/15/2006 16:16:00,105,0,43,3,-48,1
04/15/2006 16:17:00,105,0,42,3,-49,1
04/15/2006 16:18:00,105,0,43,3,-49,1
04/15/2006 16:19:00,105,0,43,3,-50,1
04/15/2006 16:20:00,105,0,43,3,-50,1
04/15/2006 16:21:00,105,0,43,3,-50,1
04/15/2006 16:22:00,105,0,42,4,-50,1
04/15/2006 16:23:00,105,0,41,4,-50,1
04/15/2006 16:24:00,105,0,41,4,-50,1
04/15/2006 16:25:00,105,0,41,4,-49,1
04/15/2006 16:26:00,105,0,40,4,-49,1
04/15/2006 16:27:00,105,0,40,4,-49,1
04/15/2006 16:28:00,105,0,40,5,-49,1
04/15/2006 16:29:00,105,0,39,5,-49,1
04/15/2006 16:30:00,105,0,39,5,-49,1
04/15/2006 16:31:00,105,0,38,5,-49,1
04/15/2006 16:32:00,105,0,37,5,-48,1
04/15/2006 16:33:00,105,0,37,5,-48,1
04/15/2006 16:34:00,105,0,36,5,-49,1
04/15/2006 16:35:00,105,0,36,5,-48,1
04/15/2006 16:36:00,105,0,35,5,-49,1
04/15/2006 16:37:00,105,0,35,5,-49,1
04/15/2006 16:38:00,105,0,35,5,-49,1
04/15/2006 16:39:00,105,0,35,5,-49,1
04/15/2006 16:40:00,105,0,34,5,-49,1
04/15/2006 16:41:00,105,0,35,5,-49,1
04/15/2006 16:42:00,105,0,34,5,-50,1
04/15/2006 16:43:00,105,0,35,5,-50,1
04/15/2006 16:44:00,105,0,34,5,-51,1
04/15/2006 16:45:00,105,0,35,5,-51,1
04/15/2006 16:46:00,105,0,35,5,-52,1
04/15/2006 16:47:00,105,0,35,5,-52,1
04/15/2006 16:48:00,105,0,35,5,-53,1
04/15/2006 16:49:00,105,0,36,5,-52,1
04/15/2006 16:50:00,105,0,37,5,-52,1
04/15/2006 16:51:00,105,0,38,5,-51,1
04/15/2006 16:52:00,105,0,39,5,-51,1
04/15/2006 16:53:00,105,0,38,5,-51,1
04/15/2006 16:54:00,105,0,37,5,-51,1
04/15/2006 16:55:00,105,0,37,5,-51,1
04/15/2006 16:56:00,105,0,37,5,-51,1
04/15/2006 16:57:00,105,0,37,5,-51,1
04/15/2006 16:58:00,105,0,37,5,-51,1
04/15/2006 16:59:00,105,0,36,5,-52,1
04/15/2006 17:00:00,105,0,36,5,-52,1
04/15/2006 17:01:00,105,0,37,5,-52,1
04/15/2006 17:02:00,105,0,37,5,-53,1
04/15/2006 17:03:00,105,0,37,5,-53,1
04/15/2006 17:04:00,105,0,37,4,-54,1
04/15/2006 17:05:00,105,0,37,4,-55,1
04/15/2006 17:06:00,105,0,36,4,-55,1
04/15/2006 17:07:00,105,0,35,4,-54,1
04/15/2006 17:08:00,105,0,34,4,-54,1
04/15/2006 17:09:00,105,0,33,4,-54,1
04/15/2006 17:10:00,105,0,36,4,-53,1
04/15/2006 17:11:00,105,0,36,4,-53,1
04/15/2006 17:12:00,105,0,34,4,-54,1
04/15/2006 17:13:00,105,0,34,4,-54,1
04/15/2006 17:14:00,105,0,34,4,-54,1
04/15/2006 17:15:00,105,0,33,4,-54,1
04/15/2006 17:16:00,105,0,33,4,-54,1
04/15/2006 17:17:00,105,0,33,4,-54,1
04/15/2006 17:18:00,105,0,33,4,-54,1
04/15/2006 17:19:00,105,0,34,4,-54,1
04/15/2006 17:20:00,105,0,34,4,-54,1
04/15/2006 17:21:00,105,0,36,4,-54,1
04/15/2006 17:22:00,105,0,36,4,-53,1
04/15/2006 17:23:00,105,0,37,3,-53,1
04/15/2006 17:24:00,105,0,38,3,-53,1
04/15/2006 17:25:00,105,0,37,3,-53,1
04/15/2006 17:26:00,105,0,37,2,-52,1
04/15/2006 17:27:00,105,0,36,2,-51,1
04/15/2006 17:28:00,105,0,37,1,-50,1
04/15/2006 17:29:00,105,0,37,0,-50,1
04/15/2006 17:30:00,105,0,37,-1,-50,1
04/15/2006 17:31:00,105,0,40,-2,-50,1
04/15/2006 17:32:00,105,0,43,-3,-50,1
04/15/2006 17:33:00,105,0,46,-4,-50,1
04/15/2006 17:34:00,105,0,46,-4,-51,1
04/15/2006 17:35:00,105,0,47,-5,-51,1
04/15/2006 17:36:00,105,0,47,-6,-51,1
04/15/2006 17:37:00,105,0,47,-6,-51,1
04/15/2006 17:38:00,105,0,44,-6,-51,1
04/15/2006 17:39:00,105,0,43,-7,-51,1
04/15/2006 17:40:00,105,0,39,-8,-51,1
04/15/2006 17:41:00,105,0,37,-9,-51,1
04/15/2006 17:42:00,105,0,34,-9,-51,1
04/15/2006 17:43:00,105,0,30,-9,-51,1
04/15/2006 17:44:00,105,0,27,-9,-50,1
04/15/2006 17:45:00,105,0,25,-9,-51,1
04/15/2006 17:46:00,105,0,23,-9,-50,1
04/15/2006 17:47:00,105,0,19,-9,-50,1
04/15/2006 17:48:00,105,0,17,-8,-49,1
04/15/2006 17:49:00,105,0,17,-7,-48,1
04/15/2006 17:50:00,105,0,16,-7,-48,1
04/15/2006 17:51:00,105,0,15,-6,-48,1
04/15/2006 17:52:00,105,0,14,-5,-48,1
04/15/2006 17:53:00,105,0,13,-5,-48,1
04/15/2006 17:54:00,105,0,11,-4,-48,1
04/15/2006 17:55:00,105,0,11,-3,-48,1
04/15/2006 17:56:00,105,0,13,-2,-48,1
04/15/2006 17:57:00,105,0,15,-2,-48,1
04/15/2006 17:58:00,105,0,16,-2,-48,1
04/15/2006 17:59:00,105,0,17,-1,-48,1
04/15/2006 18:00:00,105,0,18,-1,-48,1
04/15/2006 18:01:00,105,0,19,-1,-48,1
04/15/2006 18:02:00,105,0,19,-1,-49,1
04/15/2006 18:03:00,105,0,19,-1,-49,1
04/15/2006 18:04:00,105,0,19,-1,-49,1
04/15/2006 18:05:00,105,0,19,0,-49,1
04/15/2006 18:06:00,105,0,20,-1,-49,1
04/15/2006 18:07:00,105,0,22,-1,-48,1
04/15/2006 18:08:00,105,0,25,-1,-47,1
04/15/2006 18:09:00,105,0,25,0,-47,1
04/15/2006 18:10:00,105,0,26,0,-46,1
04/15/2006 18:11:00,105,0,26,0,-46,1
04/15/2006 18:12:00,105,0,25,-1,-45,1
04/15/2006 18:13:00,105,0,27,-1,-45,1
04/15/2006 18:14:00,105,0,28,-1,-45,1
04/15/2006 18:15:00,105,0,29,-1,-44,1
04/15/2006 18:16:00,105,0,27,-1,-44,1
04/15/2006 18:17:00,105,0,27,0,-44,1
04/15/2006 18:18:00,105,0,27,0,-44,1
04/15/2006 18:19:00,105,0,27,0,-44,1
04/15/2006 18:20:00,105,0,26,0,-44,1
04/15/2006 18:21:00,105,0,25,-1,-44,1
04/15/2006 18:22:00,105,0,25,-1,-45,1
04/15/2006 18:23:00,105,0,26,-1,-44,1
04/15/2006 18:24:00,105,0,26,0,-45,1
04/15/2006 18:25:00,105,0,27,-1,-45,1
04/15/2006 18:26:00,105,0,31,0,-45,1
04/15/2006 18:27:00,105,0,31,0,-45,1
04/15/2006 18:28:00,105,0,31,0,-45,1
04/15/2006 18:29:00,105,0,32,0,-45,1
04/15/2006 18:30:00,105,0,33,1,-46,1
04/15/2006 18:31:00,105,0,32,1,-47,1
04/15/2006 18:32:00,105,0,34,1,-47,1
04/15/2006 18:33:00,105,0,36,1,-48,1
04/15/2006 18:34:00,105,0,36,1,-47,1
04/15/2006 18:35:00,105,0,36,1,-48,1
04/15/2006 18:36:00,105,0,37,2,-48,1
04/15/2006 18:37:00,105,0,37,2,-48,1
04/15/2006 18:38:00,105,0,37,2,-47,1
04/15/2006 18:39:00,105,0,39,2,-47,1
04/15/2006 18:40:00,105,0,38,1,-47,1
04/15/2006 18:41:00,105,0,37,1,-48,1
04/15/2006 18:42:00,105,0,36,1,-49,1
04/15/2006 18:43:00,105,0,35,1,-50,1
04/15/2006 18:44:00,105,0,35,1,-50,1
04/15/2006 18:45:00,105,0,34,1,-51,1
04/15/2006 18:46:00,105,0,34,1,-51,1
04/15/2006 18:47:00,105,0,36,2,-51,1
04/15/2006 18:48:00,105,0,37,2,-51,1
04/15/2006 18:49:00,105,0,38,2,-52,1
04/15/2006 18:50:00,105,0,39,2,-51,1
04/15/2006 18:51:00,105,0,41,2,-51,1
04/15/2006 18:52:00,105,0,42,2,-51,1
04/15/2006 18:53:00,105,0,43,2,-51,1
04/15/2006 18:54:00,105,0,43,2,-51,1
04/15/2006 18:55:00,105,0,44,2,-52,1
04/15/2006 18:56:00,105,0,44,2,-52,1
04/15/2006 18:57:00,105,0,45,2,-52,1
04/15/2006 18:58:00,105,0,45,2,-52,1
04/15/2006 18:59:00,105,0,45,2,-52,1
04/15/2006 19:00:00,105,0,47,2,-51,1
04/15/2006 19:01:00,105,0,48,2,-51,1
04/15/2006 19:02:00,105,0,46,1,-50,1
04/15/2006 19:03:00,105,0,43,0,-50,1
04/15/2006 19:04:00,105,0,40,-1,-49,1
04/15/2006 19:05:00,105,0,40,-3,-49,1
04/15/2006 19:06:00,105,0,40,-4,-48,1
04/15/2006 19:07:00,105,0,42,-5,-48,1
04/15/2006 19:08:00,105,0,44,-6,-48,1
04/15/2006 19:09:00,105,0,43,-6,-47,1
04/15/2006 19:10:00,105,0,43,-7,-46,1
04/15/2006 19:11:00,105,0,41,-8,-46,1
04/15/2006 19:12:00,105,0,40,-9,-45,1
04/15/2006 19:13:00,105,0,36,-9,-45,1
04/15/2006 19:14:00,105,0,36,-9,-43,1
04/15/2006 19:15:00,105,0,35,-10,-42,1
04/15/2006 19:16:00,105,0,34,-9,-42,1
04/15/2006 19:17:00,105,0,33,-9,-42,1
04/15/2006 19:18:00,105,0,33,-9,-43,1
04/15/2006 19:19:00,105,0,34,-8,-43,1
04/15/2006 19:20:00,105,0,35,-8,-43,1
04/15/2006 19:21:00,105,0,36,-7,-43,1
04/15/2006 19:22:00,105,0,36,-8,-44,1
04/15/2006 19:23:00,105,0,38,-8,-45,1
04/15/2006 19:24:00,105,0,37,-8,-45,1
04/15/2006 19:25:00,105,0,36,-8,-45,1
04/15/2006 19:26:00,105,0,36,-9,-45,1
04/15/2006 19:27:00,105,0,35,-9,-46,1
04/15/2006 19:28:00,105,0,34,-10,-45,1
04/15/2006 19:29:00,105,0,34,-11,-45,1
04/15/2006 19:30:00,105,0,33,-11,-46,1
04/15/2006 19:31:00,105,0,32,-11,-47,1
04/15/2006 19:32:00,105,0,32,-10,-47,1
04/15/2006 19:33:00,105,0,31,-10,-47,1
04/15/2006 19:34:00,105,0,30,-9,-46,1
04/15/2006 19:35:00,105,0,30,-9,-46,1
04/15/2006 19:36:00,105,0,29,-8,-45,1
04/15/2006 19:37:00,105,0,28,-8,-44,1
04/15/2006 19:38:00,105,0,26,-7,-43,1
04/15/2006 19:39:00,105,0,24,-7,-43,1
04/15/2006 19:40:00,105,0,23,-7,-44,1
04/15/2006 19:41:00,105,0,24,-6,-44,1
04/15/2006 19:42:00,105,0,25,-5,-44,1
04/15/2006 19:43:00,105,0,25,-4,-45,1
04/15/2006 19:44:00,105,0,25,-3,-44,1
04/15/2006 19:45:00,105,0,26,-3,-43,1
04/15/2006 19:46:00,105,0,30,-2,-42,1
04/15/2006 19:47:00,105,0,31,-2,-41,1
04/15/2006 19:48:00,105,0,31,-2,-42,1
04/15/2006 19:49:00,105,0,33,-2,-42,1
04/15/2006 19:50:00,105,0,34,-2,-42,1
04/15/2006 19:51:00,105,0,35,-2,-42,1
04/15/2006 19:52:00,105,0,37,-2,-42,1
04/15/2006 19:53:00,105,0,36,-1,-42,1
04/15/2006 19:54:00,105,0,34,-1,-43,1
04/15/2006 19:55:00,105,0,34,-1,-44,1
04/15/2006 19:56:00,105,0,33,-1,-44,1
04/15/2006 19:57:00,105,0,33,-1,-44,1
04/15/2006 19:58:00,105,0,31,-1,-44,1
04/15/2006 19:59:00,105,0,30,-1,-45,1
04/15/2006 20:00:00,105,0,31,-1,-44,1
04/15/2006 20:01:00,105,0,31,-1,-45,1
04/15/2006 20:02:00,105,0,33,-1,-45,1
04/15/2006 20:03:00,105,0,32,-1,-45,1
04/15/2006 20:04:00,105,0,31,-1,-46,1
04/15/2006 20:05:00,105,0,29,-2,-47,1
04/15/2006 20:06:00,105,0,29,-2,-47,1
04/15/2006 20:07:00,105,0,28,-2,-48,1
04/15/2006 20:08:00,105,0,30,-2,-49,1
04/15/2006 20:09:00,105,0,31,-2,-49,1
04/15/2006 20:10:00,105,0,31,-2,-49,1
04/15/2006 20:11:00,105,0,30,-2,-50,1
04/15/2006 20:12:00,105,0,31,-2,-50,1
04/15/2006 20:13:00,105,0,31,-2,-50,1
04/15/2006 20:14:00,105,0,31,-3,-50,1
04/15/2006 20:15:00,105,0,33,-3,-50,1
04/15/2006 20:16:00,105,0,33,-3,-50,1
04/15/2006 20:17:00,105,0,32,-3,-50,1
04/15/2006 20:18:00,105,0,30,-3,-50,1
04/15/2006 20:19:00,105,0,30,-3,-50,1
04/15/2006 20:20:00,105,0,29,-3,-51,1
04/15/2006 20:21:00,105,0,29,-3,-51,1
04/15/2006 20:22:00,105,0,28,-2,-50,1
04/15/2006 20:23:00,105,0,29,-2,-50,1
04/15/2006 20:24:00,105,0,28,-2,-51,1
04/15/2006 20:25:00,105,0,29,-2,-51,1
04/15/2006 20:26:00,105,0,29,-2,-51,1
04/15/2006 20:27:00,105,0,28,-2,-52,1
04/15/2006 20:28:00,105,0,28,-2,-52,1
04/15/2006 20:29:00,105,0,28,-2,-53,1
04/15/2006 20:30:00,105,0,29,-2,-53,1
04/15/2006 20:31:00,105,0,28,-2,-53,1
04/15/2006 20:32:00,105,0,30,-2,-54,1
04/15/2006 20:33:00,105,0,30,-2,-54,1
04/15/2006 20:34:00,105,0,31,-2,-54,1
04/15/2006 20:35:00,105,0,31,-2,-54,1
04/15/2006 20:36:00,105,0,31,-2,-54,1
04/15/2006 20:37:00,105,0,33,-2,-54,1
04/15/2006 20:38:00,105,0,33,-2,-54,1
04/15/2006 20:39:00,105,0,33,-2,-54,1
04/15/2006 20:40:00,105,0,34,-2,-55,1
04/15/2006 20:41:00,105,0,34,-2,-54,1
04/15/2006 20:42:00,105,0,36,-2,-54,1
04/15/2006 20:43:00,105,0,35,-2,-54,1
04/15/2006 20:44:00,105,0,35,-3,-53,1
04/15/2006 20:45:00,105,0,35,-3,-54,1
04/15/2006 20:46:00,105,0,35,-3,-54,1
04/15/2006 20:47:00,105,0,35,-3,-54,1
04/15/2006 20:48:00,105,0,36,-4,-54,1
04/15/2006 20:49:00,105,0,34,-4,-54,1
04/15/2006 20:50:00,105,0,34,-4,-54,1
04/15/2006 20:51:00,105,0,34,-4,-54,1
04/15/2006 20:52:00,105,0,34,-4,-55,1
04/15/2006 20:53:00,105,0,35,-4,-55,1
04/15/2006 20:54:00,105,0,34,-4,-56,1
04/15/2006 20:55:00,105,0,34,-4,-56,1
04/15/2006 20:56:00,105,0,34,-4,-56,1
04/15/2006 20:57:00,105,0,34,-5,-57,1
04/15/2006 20:58:00,105,0,33,-4,-57,1
04/15/2006 20:59:00,105,0,35,-4,-57,1
04/15/2006 21:00:00,105,0,35,-4,-57,1
04/15/2006 21:01:00,105,0,35,-4,-58,1
04/15/2006 21:02:00,105,0,35,-4,-58,1
04/15/2006 21:03:00,105,0,35,-4,-58,1
04/15/2006 21:04:00,105,0,37,-4,-58,1
04/15/2006 21:05:00,105,0,37,-4,-59,1
04/15/2006 21:06:00,105,0,38,-4,-58,1
04/15/2006 21:07:00,105,0,38,-4,-58,1
04/15/2006 21:08:00,105,0,37,-3,-58,1
04/15/2006 21:09:00,105,0,37,-3,-58,1
04/15/2006 21:10:00,105,0,36,-3,-57,1
04/15/2006 21:11:00,105,0,35,-4,-57,1
04/15/2006 21:12:00,105,0,37,-4,-58,1
04/15/2006 21:13:00,105,0,37,-5,-57,1
04/15/2006 21:14:00,105,0,37,-5,-57,1
04/15/2006 21:15:00,105,0,36,-5,-57,1
04/15/2006 21:16:00,105,0,36,-5,-57,1
04/15/2006 21:17:00,105,0,35,-6,-56,1
04/15/2006 21:18:00,105,0,35,-6,-56,1
04/15/2006 21:19:00,105,0,37,-7,-56,1
04/15/2006 21:20:00,105,0,37,-7,-56,1
04/15/2006 21:21:00,105,0,37,-8,-55,1
04/15/2006 21:22:00,105,0,36,-8,-56,1
04/15/2006 21:23:00,105,0,34,-8,-56,1
04/15/2006 21:24:00,105,0,35,-8,-56,1
04/15/2006 21:25:00,105,0,36,-8,-56,1
04/15/2006 21:26:00,105,0,38,-8,-56,1
04/15/2006 21:27:00,105,0,39,-8,-57,1
04/15/2006 21:28:00,105,0,40,-8,-57,1
04/15/2006 21:29:00,105,0,40,-8,-57,1
04/15/2006 21:30:00,105,0,42,-8,-57,1
04/15/2006 21:31:00,105,0,43,-8,-57,1
04/15/2006 21:32:00,105,0,43,-8,-57,1
04/15/2006 21:33:00,105,0,43,-8,-57,1
04/15/2006 21:34:00,105,0,44,-7,-58,1
04/15/2006 21:35:00,105,0,45,-7,-57,1
04/15/2006 21:36:00,105,0,47,-8,-57,1
04/15/2006 21:37:00,105,0,46,-7,-57,1
04/15/2006 21:38:00,105,0,47,-8,-56,1
04/15/2006 21:39:00,105,0,46,-8,-55,1
04/15/2006 21:40:00,105,0,48,-8,-55,1
04/15/2006 21:41:00,105,0,48,-8,-56,1
04/15/2006 21:42:00,105,0,49,-8,-56,1
04/15/2006 21:43:00,105,0,49,-8,-56,1
04/15/2006 21:44:00,105,0,50,-9,-57,1
04/15/2006 21:45:00,105,0,50,-9,-57,1
04/15/2006 21:46:00,105,0,51,-9,-57,1
04/15/2006 21:47:00,105,0,52,-10,-58,1
04/15/2006 21:48:00,105,0,52,-10,-59,1
04/15/2006 21:49:00,105,0,53,-10,-60,1
04/15/2006 21:50:00,105,0,53,-10,-60,1
04/15/2006 21:51:00,105,0,53,-10,-60,1
04/15/2006 21:52:00,105,0,53,-10,-60,1
04/15/2006 21:53:00,105,0,54,-10,-60,1
04/15/2006 21:54:00,105,0,55,-10,-60,1
04/15/2006 21:55:00,105,0,55,-10,-59,1
04/15/2006 21:56:00,105,0,56,-10,-59,1
04/15/2006 21:57:00,105,0,56,-10,-59,1
04/15/2006 21:58:00,105,0,56,-10,-59,1
04/15/2006 21:59:00,105,0,57,-9,-59,1
04/15/2006 22:00:00,105,0,57,-9,-59,1
04/15/2006 22:01:00,105,0,56,-9,-59,1
04/15/2006 22:02:00,105,0,57,-9,-59,1
04/15/2006 22:03:00,105,0,57,-9,-59,1
04/15/2006 22:04:00,105,0,57,-9,-59,1
04/15/2006 22:05:00,105,0,57,-9,-59,1
04/15/2006 22:06:00,105,0,57,-9,-60,1
04/15/2006 22:07:00,105,0,57,-9,-60,1
04/15/2006 22:08:00,105,0,58,-9,-60,1
04/15/2006 22:09:00,105,0,58,-9,-60,1
04/15/2006 22:10:00,105,0,57,-9,-59,1
04/15/2006 22:11:00,105,0,58,-9,-59,1
04/15/2006 22:12:00,105,0,57,-8,-59,1
04/15/2006 22:13:00,105,0,57,-9,-59,1
04/15/2006 22:14:00,105,0,57,-9,-59,1
04/15/2006 22:15:00,105,0,58,-9,-58,1
04/15/2006 22:16:00,105,0,56,-8,-59,1
04/15/2006 22:17:00,105,0,56,-8,-59,1
04/15/2006 22:18:00,105,0,56,-9,-59,1
04/15/2006 22:19:00,105,0,54,-8,-59,1
04/15/2006 22:20:00,105,0,53,-8,-59,1
04/15/2006 22:21:00,105,0,51,-8,-59,1
04/15/2006 22:22:00,105,0,49,-8,-60,1
04/15/2006 22:23:00,105,0,48,-8,-59,1
04/15/2006 22:24:00,105,0,47,-8,-60,1
04/15/2006 22:25:00,105,0,46,-8,-60,1
04/15/2006 22:26:00,105,0,44,-8,-60,1
04/15/2006 22:27:00,105,0,44,-8,-60,1
04/15/2006 22:28:00,105,0,44,-8,-60,1
04/15/2006 22:29:00,105,0,45,-8,-59,1
04/15/2006 22:30:00,105,0,43,-8,-59,1
04/15/2006 22:31:00,105,0,43,-8,-59,1
04/15/2006 22:32:00,105,0,43,-8,-59,1
04/15/2006 22:33:00,105,0,43,-8,-59,1
04/15/2006 22:34:00,105,0,42,-8,-59,1
04/15/2006 22:35:00,105,0,41,-8,-59,1
04/15/2006 22:36:00,105,0,40,-8,-60,1
04/15/2006 22:37:00,105,0,40,-8,-60,1
04/15/2006 22:38:00,105,0,39,-8,-59,1
04/15/2006 22:39:00,105,0,39,-8,-59,1
04/15/2006 22:40:00,105,0,39,-8,-59,1
04/15/2006 22:41:00,105,0,39,-7,-59,1
04/15/2006 22:42:00,105,0,38,-7,-59,1
04/15/2006 22:43:00,105,0,38,-7,-59,1
04/15/2006 22:44:00,105,0,39,-7,-59,1
04/15/2006 22:45:00,105,0,40,-6,-58,1
04/15/2006 22:46:00,105,0,40,-6,-58,1
04/15/2006 22:47:00,105,0,39,-6,-58,1
04/15/2006 22:48:00,105,0,39,-6,-58,1
04/15/2006 22:49:00,105,0,38,-6,-58,1
04/15/2006 22:50:00,105,0,38,-6,-58,1
04/15/2006 22:51:00,105,0,37,-6,-59,1
04/15/2006 22:52:00,105,0,36,-7,-59,1
04/15/2006 22:53:00,105,0,36,-7,-59,1
04/15/2006 22:54:00,105,0,34,-6,-60,1
04/15/2006 22:55:00,105,0,33,-7,-60,1
04/15/2006 22:56:00,105,0,33,-7,-60,1
04/15/2006 22:57:00,105,0,34,-7,-61,1
04/15/2006 22:58:00,105,0,34,-7,-61,1
04/15/2006 22:59:00,105,0,33,-7,-61,1
04/15/2006 23:00:00,105,0,33,-7,-61,1
04/15/2006 23:01:00,105,0,32,-7,-61,1
04/15/2006 23:02:00,105,0,32,-7,-61,1
04/15/2006 23:03:00,105,0,32,-7,-61,1
04/15/2006 23:04:00,105,0,33,-7,-62,1
04/15/2006 23:05:00,105,0,33,-7,-62,1
04/15/2006 23:06:00,105,0,34,-7,-62,1
04/15/2006 23:07:00,105,0,34,-7,-61,1
04/15/2006 23:08:00,105,0,33,-7,-61,1
04/15/2006 23:09:00,105,0,33,-7,-62,1
04/15/2006 23:10:00,105,0,33,-7,-62,1
04/15/2006 23:11:00,105,0,33,-7,-62,1
04/15/2006 23:12:00,105,0,33,-7,-62,1
04/15/2006 23:13:00,105,0,33,-7,-62,1
04/15/2006 23:14:00,105,0,34,-7,-62,1
04/15/2006 23:15:00,105,0,33,-7,-62,1
04/15/2006 23:16:00,105,0,33,-7,-62,1
04/15/2006 23:17:00,105,0,34,-7,-62,1
04/15/2006 23:18:00,105,0,34,-7,-62,1
04/15/2006 23:19:00,105,0,34,-7,-62,1
04/15/2006 23:20:00,105,0,34,-7,-61,1
04/15/2006 23:21:00,105,0,35,-7,-62,1
04/15/2006 23:22:00,105,0,35,-7,-61,1
04/15/2006 23:23:00,105,0,35,-7,-62,1
04/15/2006 23:24:00,105,0,35,-6,-61,1
04/15/2006 23:25:00,105,0,36,-6,-62,1
04/15/2006 23:26:00,105,0,37,-6,-62,1
04/15/2006 23:27:00,105,0,36,-6,-61,1
04/15/2006 23:28:00,105,0,38,-6,-62,1
04/15/2006 23:29:00,105,0,38,-5,-61,1
04/15/2006 23:30:00,105,0,38,-5,-61,1
04/15/2006 23:31:00,105,0,38,-4,-61,1
04/15/2006 23:32:00,105,0,38,-4,-61,1
04/15/2006 23:33:00,105,0,39,-3,-60,1
04/15/2006 23:34:00,105,0,43,-2,-59,1
04/15/2006 23:35:00,105,0,47,-2,-58,1
04/15/2006 23:36:00,105,0,51,-2,-58,1
04/15/2006 23:37:00,105,0,53,-2,-57,1
04/15/2006 23:38:00,105,0,54,-3,-57,1
04/15/2006 23:39:00,105,0,54,-3,-56,1
04/15/2006 23:40:00,105,0,51,-3,-57,1
04/15/2006 23:41:00,105,0,50,-4,-57,1
04/15/2006 23:42:00,105,0,49,-5,-57,1
04/15/2006 23:43:00,105,0,47,-5,-57,1
04/15/2006 23:44:00,105,0,46,-5,-57,1
04/15/2006 23:45:00,105,0,45,-5,-57,1
04/15/2006 23:46:00,105,0,43,-5,-58,1
04/15/2006 23:47:00,105,0,42,-6,-58,1
04/15/2006 23:48:00,105,0,40,-6,-58,1
04/15/2006 23:49:00,105,0,39,-6,-58,1
04/15/2006 23:50:00,105,0,38,-6,-59,1
04/15/2006 23:51:00,105,0,38,-6,-59,1
04/15/2006 23:52:00,105,0,38,-6,-59,1
04/15/2006 23:53:00,105,0,38,-6,-59,1
04/15/2006 23:54:00,105,0,38,-6,-59,1
04/15/2006 23:55:00,105,0,39,-5,-59,1
04/15/2006 23:56:00,105,0,39,-5,-59,1
04/15/2006 23:57:00,105,0,39,-5,-60,1
04/15/2006 23:58:00,105,0,40,-5,-59,1
04/15/2006 23:59:00,105,0,40,-4,-59,1
