DateTime,DOY,D_TEC,ASY_H,SYM_D,SYM_H,Location
09/11/2005 00:00:00,254,0,57,0,-53,1
09/11/2005 00:01:00,254,0,58,0,-54,1
09/11/2005 00:02:00,254,0,60,0,-54,1
09/11/2005 00:03:00,254,0,57,0,-55,1
09/11/2005 00:04:00,254,0,57,0,-55,1
09/11/2005 00:05:00,254,0,58,-1,-55,1
09/11/2005 00:06:00,254,0,58,0,-56,1
09/11/2005 00:07:00,254,0,58,-1,-55,1
09/11/2005 00:08:00,254,0,57,-1,-54,1
09/11/2005 00:09:00,254,0,58,1,-53,1
09/11/2005 00:10:00,254,0,59,1,-52,1
09/11/2005 00:11:00,254,0,57,1,-52,1
09/11/2005 00:12:00,254,0,56,0,-53,1
09/11/2005 00:13:00,254,0,55,0,-51,1
09/11/2005 00:14:00,254,0,54,0,-50,1
09/11/2005 00:15:00,254,0,52,0,-49,1
09/11/2005 00:16:00,254,0,57,0,-48,1
09/11/2005 00:17:00,254,0,60,0,-48,1
09/11/2005 00:18:00,254,0,61,1,-48,1
09/11/2005 00:19:00,254,0,64,1,-49,1
09/11/2005 00:20:00,254,0,61,1,-50,1
09/11/2005 00:21:00,254,0,58,0,-50,1
09/11/2005 00:22:00,254,0,58,0,-50,1
09/11/2005 00:23:00,254,0,59,0,-50,1
09/11/2005 00:24:00,254,0,61,0,-50,1
09/11/2005 00:25:00,254,0,60,-1,-51,1
09/11/2005 00:26:00,254,0,61,-2,-52,1
09/11/2005 00:27:00,254,0,62,-1,-51,1
09/11/2005 00:28:00,254,0,62,-1,-49,1
09/11/2005 00:29:00,254,0,64,-1,-48,1
09/11/2005 00:30:00,254,0,64,0,-48,1
09/11/2005 00:31:00,254,0,65,0,-48,1
09/11/2005 00:32:00,254,0,66,0,-48,1
09/11/2005 00:33:00,254,0,68,0,-49,1
09/11/2005 00:34:00,254,0,66,-1,-50,1
09/11/2005 00:35:00,254,0,66,-1,-50,1
09/11/2005 00:36:00,254,0,66,-1,-50,1
09/11/2005 00:37:00,254,0,68,-2,-50,1
09/11/2005 00:38:00,254,0,69,-1,-50,1
09/11/2005 00:39:00,254,0,69,-1,-51,1
09/11/2005 00:40:00,254,0,68,-1,-51,1
09/11/2005 00:41:00,254,0,65,-2,-50,1
09/11/2005 00:42:00,254,0,65,-3,-50,1
09/11/2005 00:43:00,254,0,68,-2,-50,1
09/11/2005 00:44:00,254,0,70,-1,-50,1
09/11/2005 00:45:00,254,0,69,-1,-50,1
09/11/2005 00:46:00,254,0,71,-1,-50,1
09/11/2005 00:47:00,254,0,71,-1,-50,1
09/11/2005 00:48:00,254,0,69,-1,-51,1
09/11/2005 00:49:00,254,0,67,-1,-51,1
09/11/2005 00:50:00,254,0,67,-1,-52,1
09/11/2005 00:51:00,254,0,65,-1,-52,1
09/11/2005 00:52:00,254,0,65,-1,-52,1
09/11/2005 00:53:00,254,0,64,-1,-52,1
09/11/2005 00:54:00,254,0,64,-2,-53,1
09/11/2005 00:55:00,254,0,63,-2,-53,1
09/11/2005 00:56:00,254,0,62,-2,-53,1
09/11/2005 00:57:00,254,0,62,-2,-53,1
09/11/2005 00:58:00,254,0,63,-3,-53,1
09/11/2005 00:59:00,254,0,63,-3,-53,1
09/11/2005 01:00:00,254,0,63,-3,-53,1
09/11/2005 01:01:00,254,0,63,-3,-54,1
09/11/2005 01:02:00,254,0,63,-3,-54,1
09/11/2005 01:03:00,254,0,64,-3,-54,1
09/11/2005 01:04:00,254,0,63,-3,-54,1
09/11/2005 01:05:00,254,0,63,-3,-54,1
09/11/2005 01:06:00,254,0,61,-3,-53,1
09/11/2005 01:07:00,254,0,61,-3,-53,1
09/11/2005 01:08:00,254,0,60,-3,-52,1
09/11/2005 01:09:00,254,0,58,-4,-51,1
09/11/2005 01:10:00,254,0,59,-3,-51,1
09/11/2005 01:11:00,254,0,60,-3,-49,1
09/11/2005 01:12:00,254,0,65,-3,-48,1
09/11/2005 01:13:00,254,0,66,-2,-48,1
09/11/2005 01:14:00,254,0,58,-5,-30,1
09/11/2005 01:15:00,254,0,165,4,-10,1
09/11/2005 01:16:00,254,0,144,8,-10,1
09/11/2005 01:17:00,254,0,138,5,-9,1
09/11/2005 01:18:00,254,0,144,6,-8,1
09/11/2005 01:19:00,254,0,137,8,-7,1
09/11/2005 01:20:00,254,0,119,5,-8,1
09/11/2005 01:21:00,254,0,123,4,-11,1
09/11/2005 01:22:00,254,0,115,4,-12,1
09/11/2005 01:23:00,254,0,111,3,-11,1
09/11/2005 01:24:00,254,0,107,4,-11,1
09/11/2005 01:25:00,254,0,104,3,-11,1
09/11/2005 01:26:00,254,0,100,3,-14,1
09/11/2005 01:27:00,254,0,91,2,-13,1
09/11/2005 01:28:00,254,0,88,2,-14,1
09/11/2005 01:29:00,254,0,84,1,-13,1
09/11/2005 01:30:00,254,0,83,2,-11,1
09/11/2005 01:31:00,254,0,86,2,-11,1
09/11/2005 01:32:00,254,0,78,2,-12,1
09/11/2005 01:33:00,254,0,75,1,-13,1
09/11/2005 01:34:00,254,0,74,2,-12,1
09/11/2005 01:35:00,254,0,70,1,-12,1
09/11/2005 01:36:00,254,0,70,1,-12,1
09/11/2005 01:37:00,254,0,66,1,-11,1
09/11/2005 01:38:00,254,0,64,1,-9,1
09/11/2005 01:39:00,254,0,63,1,-6,1
09/11/2005 01:40:00,254,0,65,1,-2,1
09/11/2005 01:41:00,254,0,71,2,0,1
09/11/2005 01:42:00,254,0,81,3,-1,1
09/11/2005 01:43:00,254,0,91,3,-1,1
09/11/2005 01:44:00,254,0,100,3,0,1
09/11/2005 01:45:00,254,0,108,4,2,1
09/11/2005 01:46:00,254,0,114,4,2,1
09/11/2005 01:47:00,254,0,111,5,1,1
09/11/2005 01:48:00,254,0,110,5,1,1
09/11/2005 01:49:00,254,0,107,4,1,1
09/11/2005 01:50:00,254,0,103,4,-1,1
09/11/2005 01:51:00,254,0,93,4,-1,1
09/11/2005 01:52:00,254,0,91,4,-1,1
09/11/2005 01:53:00,254,0,88,3,-1,1
09/11/2005 01:54:00,254,0,84,3,-2,1
09/11/2005 01:55:00,254,0,82,2,-2,1
09/11/2005 01:56:00,254,0,80,1,-4,1
09/11/2005 01:57:00,254,0,75,1,-3,1
09/11/2005 01:58:00,254,0,73,1,-4,1
09/11/2005 01:59:00,254,0,68,0,-3,1
09/11/2005 02:00:00,254,0,64,0,-3,1
09/11/2005 02:01:00,254,0,61,-1,-2,1
09/11/2005 02:02:00,254,0,59,-1,-1,1
09/11/2005 02:03:00,254,0,57,-2,-2,1
09/11/2005 02:04:00,254,0,55,-2,-1,1
09/11/2005 02:05:00,254,0,52,-2,-1,1
09/11/2005 02:06:00,254,0,51,-3,-1,1
09/11/2005 02:07:00,254,0,51,-4,0,1
09/11/2005 02:08:00,254,0,51,-4,0,1
09/11/2005 02:09:00,254,0,49,-3,2,1
09/11/2005 02:10:00,254,0,47,-4,1,1
09/11/2005 02:11:00,254,0,46,-4,2,1
09/11/2005 02:12:00,254,0,44,-5,2,1
09/11/2005 02:13:00,254,0,43,-5,2,1
09/11/2005 02:14:00,254,0,45,-5,0,1
09/11/2005 02:15:00,254,0,38,-5,3,1
09/11/2005 02:16:00,254,0,42,-5,2,1
09/11/2005 02:17:00,254,0,45,-4,2,1
09/11/2005 02:18:00,254,0,44,-5,2,1
09/11/2005 02:19:00,254,0,44,-5,2,1
09/11/2005 02:20:00,254,0,44,-6,2,1
09/11/2005 02:21:00,254,0,44,-6,2,1
09/11/2005 02:22:00,254,0,44,-6,1,1
09/11/2005 02:23:00,254,0,42,-7,1,1
09/11/2005 02:24:00,254,0,45,-6,1,1
09/11/2005 02:25:00,254,0,43,-7,1,1
09/11/2005 02:26:00,254,0,47,-6,2,1
09/11/2005 02:27:00,254,0,48,-6,2,1
09/11/2005 02:28:00,254,0,48,-6,1,1
09/11/2005 02:29:00,254,0,47,-5,1,1
09/11/2005 02:30:00,254,0,46,-5,-1,1
09/11/2005 02:31:00,254,0,46,-6,-2,1
09/11/2005 02:32:00,254,0,48,-6,-1,1
09/11/2005 02:33:00,254,0,52,-6,-2,1
09/11/2005 02:34:00,254,0,53,-6,-1,1
09/11/2005 02:35:00,254,0,52,-6,-1,1
09/11/2005 02:36:00,254,0,52,-5,-2,1
09/11/2005 02:37:00,254,0,50,-6,-1,1
09/11/2005 02:38:00,254,0,51,-6,-2,1
09/11/2005 02:39:00,254,0,52,-5,-1,1
09/11/2005 02:40:00,254,0,54,-6,-1,1
09/11/2005 02:41:00,254,0,57,-4,-1,1
09/11/2005 02:42:00,254,0,57,-5,-2,1
09/11/2005 02:43:00,254,0,57,-4,-3,1
09/11/2005 02:44:00,254,0,57,-4,-4,1
09/11/2005 02:45:00,254,0,58,-4,-4,1
09/11/2005 02:46:00,254,0,57,-5,-5,1
09/11/2005 02:47:00,254,0,57,-5,-5,1
09/11/2005 02:48:00,254,0,59,-4,-6,1
09/11/2005 02:49:00,254,0,65,-3,-7,1
09/11/2005 02:50:00,254,0,61,-2,-8,1
09/11/2005 02:51:00,254,0,63,-2,-7,1
09/11/2005 02:52:00,254,0,67,-2,-7,1
09/11/2005 02:53:00,254,0,72,-1,-7,1
09/11/2005 02:54:00,254,0,73,0,-7,1
09/11/2005 02:55:00,254,0,71,0,-8,1
09/11/2005 02:56:00,254,0,72,0,-8,1
09/11/2005 02:57:00,254,0,74,0,-8,1
09/11/2005 02:58:00,254,0,76,0,-9,1
09/11/2005 02:59:00,254,0,76,-1,-10,1
09/11/2005 03:00:00,254,0,83,0,-12,1
09/11/2005 03:01:00,254,0,83,0,-13,1
09/11/2005 03:02:00,254,0,84,-1,-13,1
09/11/2005 03:03:00,254,0,84,-2,-13,1
09/11/2005 03:04:00,254,0,84,-1,-15,1
09/11/2005 03:05:00,254,0,86,0,-17,1
09/11/2005 03:06:00,254,0,95,0,-17,1
09/11/2005 03:07:00,254,0,97,0,-18,1
09/11/2005 03:08:00,254,0,96,0,-19,1
09/11/2005 03:09:00,254,0,97,0,-20,1
09/11/2005 03:10:00,254,0,93,-1,-21,1
09/11/2005 03:11:00,254,0,95,0,-22,1
09/11/2005 03:12:00,254,0,98,-1,-23,1
09/11/2005 03:13:00,254,0,104,1,-24,1
09/11/2005 03:14:00,254,0,100,0,-23,1
09/11/2005 03:15:00,254,0,100,-1,-23,1
09/11/2005 03:16:00,254,0,96,-1,-25,1
09/11/2005 03:17:00,254,0,93,-1,-26,1
09/11/2005 03:18:00,254,0,91,-1,-27,1
09/11/2005 03:19:00,254,0,91,0,-28,1
09/11/2005 03:20:00,254,0,91,-1,-29,1
09/11/2005 03:21:00,254,0,91,-2,-28,1
09/11/2005 03:22:00,254,0,93,-3,-28,1
09/11/2005 03:23:00,254,0,95,-1,-30,1
09/11/2005 03:24:00,254,0,95,1,-31,1
09/11/2005 03:25:00,254,0,94,2,-32,1
09/11/2005 03:26:00,254,0,94,3,-32,1
09/11/2005 03:27:00,254,0,93,4,-33,1
09/11/2005 03:28:00,254,0,95,5,-35,1
09/11/2005 03:29:00,254,0,95,6,-34,1
09/11/2005 03:30:00,254,0,98,7,-33,1
09/11/2005 03:31:00,254,0,104,8,-32,1
09/11/2005 03:32:00,254,0,108,9,-29,1
09/11/2005 03:33:00,254,0,109,10,-27,1
09/11/2005 03:34:00,254,0,107,11,-28,1
09/11/2005 03:35:00,254,0,106,11,-27,1
09/11/2005 03:36:00,254,0,105,11,-27,1
09/11/2005 03:37:00,254,0,107,11,-27,1
09/11/2005 03:38:00,254,0,107,11,-28,1
09/11/2005 03:39:00,254,0,107,12,-28,1
09/11/2005 03:40:00,254,0,110,12,-27,1
09/11/2005 03:41:00,254,0,113,11,-26,1
09/11/2005 03:42:00,254,0,114,11,-28,1
09/11/2005 03:43:00,254,0,117,11,-30,1
09/11/2005 03:44:00,254,0,110,10,-28,1
09/11/2005 03:45:00,254,0,101,9,-30,1
09/11/2005 03:46:00,254,0,104,8,-26,1
09/11/2005 03:47:00,254,0,101,8,-25,1
09/11/2005 03:48:00,254,0,105,8,-25,1
09/11/2005 03:49:00,254,0,111,12,-27,1
09/11/2005 03:50:00,254,0,108,11,-24,1
09/11/2005 03:51:00,254,0,102,9,-23,1
09/11/2005 03:52:00,254,0,100,8,-23,1
09/11/2005 03:53:00,254,0,96,7,-24,1
09/11/2005 03:54:00,254,0,94,6,-23,1
09/11/2005 03:55:00,254,0,89,5,-22,1
09/11/2005 03:56:00,254,0,89,4,-21,1
09/11/2005 03:57:00,254,0,89,5,-22,1
09/11/2005 03:58:00,254,0,90,5,-20,1
09/11/2005 03:59:00,254,0,85,3,-19,1
09/11/2005 04:00:00,254,0,82,3,-19,1
09/11/2005 04:01:00,254,0,87,5,-19,1
09/11/2005 04:02:00,254,0,87,6,-17,1
09/11/2005 04:03:00,254,0,84,5,-15,1
09/11/2005 04:04:00,254,0,81,5,-14,1
09/11/2005 04:05:00,254,0,79,4,-15,1
09/11/2005 04:06:00,254,0,77,4,-14,1
09/11/2005 04:07:00,254,0,75,3,-15,1
09/11/2005 04:08:00,254,0,77,2,-15,1
09/11/2005 04:09:00,254,0,77,2,-16,1
09/11/2005 04:10:00,254,0,77,2,-16,1
09/11/2005 04:11:00,254,0,76,1,-17,1
09/11/2005 04:12:00,254,0,77,1,-18,1
09/11/2005 04:13:00,254,0,77,1,-18,1
09/11/2005 04:14:00,254,0,75,0,-18,1
09/11/2005 04:15:00,254,0,75,0,-17,1
09/11/2005 04:16:00,254,0,75,0,-17,1
09/11/2005 04:17:00,254,0,76,0,-17,1
09/11/2005 04:18:00,254,0,76,-1,-18,1
09/11/2005 04:19:00,254,0,76,-1,-17,1
09/11/2005 04:20:00,254,0,77,-1,-18,1
09/11/2005 04:21:00,254,0,76,-2,-20,1
09/11/2005 04:22:00,254,0,76,-3,-20,1
09/11/2005 04:23:00,254,0,78,-4,-22,1
09/11/2005 04:24:00,254,0,80,-4,-23,1
09/11/2005 04:25:00,254,0,80,-3,-24,1
09/11/2005 04:26:00,254,0,81,-3,-24,1
09/11/2005 04:27:00,254,0,83,-3,-25,1
09/11/2005 04:28:00,254,0,82,-3,-26,1
09/11/2005 04:29:00,254,0,82,-3,-25,1
09/11/2005 04:30:00,254,0,86,-3,-27,1
09/11/2005 04:31:00,254,0,87,-3,-29,1
09/11/2005 04:32:00,254,0,77,-4,-30,1
09/11/2005 04:33:00,254,0,74,-5,-30,1
09/11/2005 04:34:00,254,0,81,-4,-32,1
09/11/2005 04:35:00,254,0,79,-5,-35,1
09/11/2005 04:36:00,254,0,82,-5,-35,1
09/11/2005 04:37:00,254,0,89,-4,-34,1
09/11/2005 04:38:00,254,0,88,-4,-36,1
09/11/2005 04:39:00,254,0,81,-5,-37,1
09/11/2005 04:40:00,254,0,83,-4,-37,1
09/11/2005 04:41:00,254,0,80,-4,-39,1
09/11/2005 04:42:00,254,0,73,-5,-41,1
09/11/2005 04:43:00,254,0,70,-7,-43,1
09/11/2005 04:44:00,254,0,72,-6,-43,1
09/11/2005 04:45:00,254,0,73,-6,-44,1
09/11/2005 04:46:00,254,0,72,-6,-44,1
09/11/2005 04:47:00,254,0,72,-5,-46,1
09/11/2005 04:48:00,254,0,73,-4,-47,1
09/11/2005 04:49:00,254,0,74,-3,-48,1
09/11/2005 04:50:00,254,0,76,-3,-50,1
09/11/2005 04:51:00,254,0,76,-4,-51,1
09/11/2005 04:52:00,254,0,76,-3,-51,1
09/11/2005 04:53:00,254,0,75,-3,-50,1
09/11/2005 04:54:00,254,0,76,-2,-49,1
09/11/2005 04:55:00,254,0,76,-2,-48,1
09/11/2005 04:56:00,254,0,76,-2,-48,1
09/11/2005 04:57:00,254,0,76,-2,-47,1
09/11/2005 04:58:00,254,0,76,-2,-46,1
09/11/2005 04:59:00,254,0,76,-2,-45,1
09/11/2005 05:00:00,254,0,76,-1,-44,1
09/11/2005 05:01:00,254,0,77,-1,-44,1
09/11/2005 05:02:00,254,0,76,-1,-43,1
09/11/2005 05:03:00,254,0,77,-1,-44,1
09/11/2005 05:04:00,254,0,78,-1,-45,1
09/11/2005 05:05:00,254,0,80,0,-48,1
09/11/2005 05:06:00,254,0,79,0,-47,1
09/11/2005 05:07:00,254,0,77,1,-45,1
09/11/2005 05:08:00,254,0,77,1,-45,1
09/11/2005 05:09:00,254,0,77,1,-47,1
09/11/2005 05:10:00,254,0,77,0,-48,1
09/11/2005 05:11:00,254,0,80,0,-49,1
09/11/2005 05:12:00,254,0,81,1,-47,1
09/11/2005 05:13:00,254,0,82,2,-45,1
09/11/2005 05:14:00,254,0,82,2,-45,1
09/11/2005 05:15:00,254,0,82,1,-46,1
09/11/2005 05:16:00,254,0,81,1,-52,1
09/11/2005 05:17:00,254,0,80,0,-51,1
09/11/2005 05:18:00,254,0,80,0,-50,1
09/11/2005 05:19:00,254,0,82,1,-49,1
09/11/2005 05:20:00,254,0,82,2,-49,1
09/11/2005 05:21:00,254,0,83,2,-51,1
09/11/2005 05:22:00,254,0,82,2,-50,1
09/11/2005 05:23:00,254,0,81,4,-49,1
09/11/2005 05:24:00,254,0,81,4,-52,1
09/11/2005 05:25:00,254,0,80,4,-54,1
09/11/2005 05:26:00,254,0,78,4,-51,1
09/11/2005 05:27:00,254,0,81,5,-50,1
09/11/2005 05:28:00,254,0,78,4,-54,1
09/11/2005 05:29:00,254,0,76,3,-61,1
09/11/2005 05:30:00,254,0,77,0,-66,1
09/11/2005 05:31:00,254,0,76,0,-62,1
09/11/2005 05:32:00,254,0,77,0,-57,1
09/11/2005 05:33:00,254,0,75,0,-58,1
09/11/2005 05:34:00,254,0,76,-1,-64,1
09/11/2005 05:35:00,254,0,76,0,-69,1
09/11/2005 05:36:00,254,0,89,1,-84,1
09/11/2005 05:37:00,254,0,96,1,-76,1
09/11/2005 05:38:00,254,0,90,1,-34,1
09/11/2005 05:39:00,254,0,128,2,-12,1
09/11/2005 05:40:00,254,0,99,0,-18,1
09/11/2005 05:41:00,254,0,93,-4,2,1
09/11/2005 05:42:00,254,0,118,-3,17,1
09/11/2005 05:43:00,254,0,103,-4,10,1
09/11/2005 05:44:00,254,0,90,-5,6,1
09/11/2005 05:45:00,254,0,93,-6,11,1
09/11/2005 05:46:00,254,0,99,-5,14,1
09/11/2005 05:47:00,254,0,101,-5,13,1
09/11/2005 05:48:00,254,0,97,-5,8,1
09/11/2005 05:49:00,254,0,96,-6,6,1
09/11/2005 05:50:00,254,0,93,-7,6,1
09/11/2005 05:51:00,254,0,103,-6,7,1
09/11/2005 05:52:00,254,1.778755436,99,-7,2,1
09/11/2005 05:53:00,254,1.81294636,90,-8,-2,1
09/11/2005 05:54:00,254,1.847137284,96,-6,-10,1
09/11/2005 05:55:00,254,1.881328209,96,-7,-14,1
09/11/2005 05:56:00,254,1.915519133,84,-9,-17,1
09/11/2005 05:57:00,254,1.949710057,87,-9,-20,1
09/11/2005 05:58:00,254,2.135484287,81,-6,-34,1
09/11/2005 05:59:00,254,2.321258516,91,-8,-34,1
09/11/2005 06:00:00,254,2.507032746,87,-8,-35,1
09/11/2005 06:01:00,254,2.692806975,90,-8,-40,1
09/11/2005 06:02:00,254,2.878581204,94,-8,-35,1
09/11/2005 06:03:00,254,2.970541312,99,-7,-37,1
09/11/2005 06:04:00,254,3.06250142,113,-5,-40,1
09/11/2005 06:05:00,254,3.154461528,134,-4,-40,1
09/11/2005 06:06:00,254,3.246421636,140,-3,-42,1
09/11/2005 06:07:00,254,3.338381744,153,-2,-45,1
09/11/2005 06:08:00,254,3.476955532,162,-1,-46,1
09/11/2005 06:09:00,254,3.615529319,170,0,-46,1
09/11/2005 06:10:00,254,3.754103107,182,0,-46,1
09/11/2005 06:11:00,254,3.892676895,188,-1,-47,1
09/11/2005 06:12:00,254,4.031250683,187,-1,-46,1
09/11/2005 06:13:00,254,4.032247715,179,-2,-46,1
09/11/2005 06:14:00,254,4.033244747,171,-2,-47,1
09/11/2005 06:15:00,254,4.034241779,164,-2,-46,1
09/11/2005 06:16:00,254,4.035238812,160,-2,-45,1
09/11/2005 06:17:00,254,4.036235844,164,-2,-43,1
09/11/2005 06:18:00,254,3.947555226,167,-3,-41,1
09/11/2005 06:19:00,254,3.858874608,175,-4,-40,1
09/11/2005 06:20:00,254,3.770193991,188,-5,-40,1
09/11/2005 06:21:00,254,3.681513373,204,-6,-43,1
09/11/2005 06:22:00,254,3.592832755,214,-7,-42,1
09/11/2005 06:23:00,254,3.465563286,224,-7,-44,1
09/11/2005 06:24:00,254,3.338293816,232,-9,-47,1
09/11/2005 06:25:00,254,3.211024346,235,-8,-51,1
09/11/2005 06:26:00,254,3.083754877,242,-10,-55,1
09/11/2005 06:27:00,254,2.956485407,248,-10,-59,1
09/11/2005 06:28:00,254,2.867635072,250,-8,-66,1
09/11/2005 06:29:00,254,2.778784736,254,-7,-73,1
09/11/2005 06:30:00,254,2.689934401,254,-6,-79,1
09/11/2005 06:31:00,254,2.601084066,261,-2,-83,1
09/11/2005 06:32:00,254,2.51223373,254,-2,-86,1
09/11/2005 06:33:00,254,2.496504565,254,1,-88,1
09/11/2005 06:34:00,254,2.480775401,259,2,-87,1
09/11/2005 06:35:00,254,2.465046236,259,3,-87,1
09/11/2005 06:36:00,254,2.449317071,258,2,-85,1
09/11/2005 06:37:00,254,2.433587907,268,1,-87,1
09/11/2005 06:38:00,254,2.400956235,279,0,-89,1
09/11/2005 06:39:00,254,2.368324564,267,0,-95,1
09/11/2005 06:40:00,254,2.335692892,259,-3,-96,1
09/11/2005 06:41:00,254,2.303061221,252,-4,-99,1
09/11/2005 06:42:00,254,2.270429549,237,-6,-107,1
09/11/2005 06:43:00,254,2.231779564,229,-7,-111,1
09/11/2005 06:44:00,254,2.193129579,219,-8,-115,1
09/11/2005 06:45:00,254,2.154479594,211,-6,-119,1
09/11/2005 06:46:00,254,2.115829609,196,-5,-119,1
09/11/2005 06:47:00,254,2.077179624,185,-4,-121,1
09/11/2005 06:48:00,254,2.03812629,171,-2,-120,1
09/11/2005 06:49:00,254,1.999072956,160,2,-122,1
09/11/2005 06:50:00,254,1.960019622,152,4,-121,1
09/11/2005 06:51:00,254,1.920966288,143,3,-122,1
09/11/2005 06:52:00,254,1.881912954,131,4,-122,1
09/11/2005 06:53:00,254,1.868764175,126,3,-121,1
09/11/2005 06:54:00,254,1.855615397,117,4,-119,1
09/11/2005 06:55:00,254,1.842466618,107,5,-120,1
09/11/2005 06:56:00,254,1.829317839,111,5,-120,1
09/11/2005 06:57:00,254,1.816169061,120,5,-119,1
09/11/2005 06:58:00,254,1.802746788,119,4,-117,1
09/11/2005 06:59:00,254,1.789324516,120,5,-116,1
09/11/2005 07:00:00,254,1.775902243,121,5,-115,1
09/11/2005 07:01:00,254,1.76247997,120,5,-116,1
09/11/2005 07:02:00,254,1.749057698,124,3,-110,1
09/11/2005 07:03:00,254,1.735790748,123,6,-114,1
09/11/2005 07:04:00,254,1.722523797,125,5,-113,1
09/11/2005 07:05:00,254,1.709256847,130,7,-112,1
09/11/2005 07:06:00,254,1.695989897,129,7,-112,1
09/11/2005 07:07:00,254,1.682722946,124,7,-111,1
09/11/2005 07:08:00,254,1.677301327,123,8,-110,1
09/11/2005 07:09:00,254,1.671879709,125,9,-111,1
09/11/2005 07:10:00,254,1.66645809,123,8,-110,1
09/11/2005 07:11:00,254,1.661036471,123,9,-112,1
09/11/2005 07:12:00,254,1.655614852,127,9,-112,1
09/11/2005 07:13:00,254,1.640856259,126,9,-113,1
09/11/2005 07:14:00,254,1.626097667,125,8,-112,1
09/11/2005 07:15:00,254,1.611339074,117,9,-111,1
09/11/2005 07:16:00,254,1.596580481,113,8,-113,1
09/11/2005 07:17:00,254,1.581821888,123,9,-112,1
09/11/2005 07:18:00,254,1.59648923,121,8,-110,1
09/11/2005 07:19:00,254,1.611156572,117,7,-108,1
09/11/2005 07:20:00,254,1.625823914,114,6,-104,1
09/11/2005 07:21:00,254,1.640491257,111,6,-102,1
09/11/2005 07:22:00,254,1.655158599,104,5,-99,1
09/11/2005 07:23:00,254,1.645334076,101,3,-99,1
09/11/2005 07:24:00,254,1.635509553,100,3,-101,1
09/11/2005 07:25:00,254,1.625685031,105,3,-103,1
09/11/2005 07:26:00,254,1.615860508,114,4,-106,1
09/11/2005 07:27:00,254,1.606035985,115,4,-107,1
09/11/2005 07:28:00,254,1.632781924,110,4,-105,1
09/11/2005 07:29:00,254,1.659527864,110,4,-106,1
09/11/2005 07:30:00,254,1.686273803,109,5,-106,1
09/11/2005 07:31:00,254,1.713019742,99,4,-104,1
09/11/2005 07:32:00,254,1.739765681,97,4,-105,1
09/11/2005 07:33:00,254,1.776227004,94,4,-104,1
09/11/2005 07:34:00,254,1.812688327,89,3,-105,1
09/11/2005 07:35:00,254,1.84914965,84,2,-105,1
09/11/2005 07:36:00,254,1.885610973,88,3,-107,1
09/11/2005 07:37:00,254,1.922072296,87,2,-107,1
09/11/2005 07:38:00,254,1.926982995,83,3,-108,1
09/11/2005 07:39:00,254,1.931893694,84,3,-109,1
09/11/2005 07:40:00,254,1.936804393,83,2,-108,1
09/11/2005 07:41:00,254,1.941715092,78,2,-107,1
09/11/2005 07:42:00,254,1.946625791,72,2,-107,1
09/11/2005 07:43:00,254,1.968383745,73,3,-108,1
09/11/2005 07:44:00,254,1.990141698,73,2,-109,1
09/11/2005 07:45:00,254,2.011899652,67,2,-107,1
09/11/2005 07:46:00,254,2.033657605,65,2,-107,1
09/11/2005 07:47:00,254,2.055415559,63,2,-107,1
09/11/2005 07:48:00,254,2.030547852,64,1,-107,1
09/11/2005 07:49:00,254,2.005680145,62,1,-107,1
09/11/2005 07:50:00,254,1.980812438,61,1,-107,1
09/11/2005 07:51:00,254,1.955944731,60,1,-108,1
09/11/2005 07:52:00,254,1.931077024,62,1,-109,1
09/11/2005 07:53:00,254,1.956050465,62,1,-109,1
09/11/2005 07:54:00,254,1.981023905,61,1,-111,1
09/11/2005 07:55:00,254,2.005997346,62,1,-111,1
09/11/2005 07:56:00,254,2.030970787,60,1,-112,1
09/11/2005 07:57:00,254,2.055944227,56,2,-114,1
09/11/2005 07:58:00,254,2.04007113,59,3,-117,1
09/11/2005 07:59:00,254,2.024198033,65,2,-117,1
09/11/2005 08:00:00,254,2.008324936,59,2,-118,1
09/11/2005 08:01:00,254,1.992451839,62,2,-119,1
09/11/2005 08:02:00,254,1.976578742,60,1,-118,1
09/11/2005 08:03:00,254,1.976559523,62,1,-117,1
09/11/2005 08:04:00,254,1.976540303,59,1,-117,1
09/11/2005 08:05:00,254,1.976521084,60,0,-118,1
09/11/2005 08:06:00,254,1.976501864,59,0,-116,1
09/11/2005 08:07:00,254,1.976482645,58,-1,-113,1
09/11/2005 08:08:00,254,1.970991082,60,-2,-113,1
09/11/2005 08:09:00,254,1.965499519,59,-1,-114,1
09/11/2005 08:10:00,254,1.960007957,58,-1,-114,1
09/11/2005 08:11:00,254,1.954516394,58,0,-115,1
09/11/2005 08:12:00,254,1.949024832,58,1,-116,1
09/11/2005 08:13:00,254,1.952292945,55,2,-118,1
09/11/2005 08:14:00,254,1.955561058,54,3,-121,1
09/11/2005 08:15:00,254,1.958829171,55,3,-122,1
09/11/2005 08:16:00,254,1.962097284,53,3,-125,1
09/11/2005 08:17:00,254,1.965365397,50,3,-127,1
09/11/2005 08:18:00,254,1.97866285,44,4,-128,1
09/11/2005 08:19:00,254,1.991960303,39,2,-128,1
09/11/2005 08:20:00,254,2.005257756,39,0,-126,1
09/11/2005 08:21:00,254,2.018555209,41,-1,-125,1
09/11/2005 08:22:00,254,2.031852663,44,-1,-126,1
09/11/2005 08:23:00,254,2.138215548,46,0,-126,1
09/11/2005 08:24:00,254,2.244578433,47,2,-124,1
09/11/2005 08:25:00,254,2.350941318,64,3,-123,1
09/11/2005 08:26:00,254,2.457304203,84,3,-121,1
09/11/2005 08:27:00,254,2.563667088,93,3,-117,1
09/11/2005 08:28:00,254,2.553715613,97,0,-115,1
09/11/2005 08:29:00,254,2.543764137,107,-1,-113,1
09/11/2005 08:30:00,254,2.533812661,112,-1,-111,1
09/11/2005 08:31:00,254,2.523861186,116,-2,-110,1
09/11/2005 08:32:00,254,2.51390971,114,-2,-108,1
09/11/2005 08:33:00,254,2.448164963,114,-2,-106,1
09/11/2005 08:34:00,254,2.382420216,117,-2,-106,1
09/11/2005 08:35:00,254,2.316675469,115,-1,-106,1
09/11/2005 08:36:00,254,2.250930722,116,-1,-103,1
09/11/2005 08:37:00,254,2.185185975,115,-2,-103,1
09/11/2005 08:38:00,254,2.137376489,113,-1,-102,1
09/11/2005 08:39:00,254,2.089567003,112,-2,-100,1
09/11/2005 08:40:00,254,2.041757516,108,-2,-101,1
09/11/2005 08:41:00,254,1.99394803,106,-1,-98,1
09/11/2005 08:42:00,254,1.946138544,112,-1,-99,1
09/11/2005 08:43:00,254,1.876689964,108,0,-99,1
09/11/2005 08:44:00,254,1.807241385,108,-1,-99,1
09/11/2005 08:45:00,254,1.737792806,105,0,-99,1
09/11/2005 08:46:00,254,1.668344227,100,2,-99,1
09/11/2005 08:47:00,254,1.598895648,101,2,-99,1
09/11/2005 08:48:00,254,1.557789413,100,3,-99,1
09/11/2005 08:49:00,254,1.516683179,94,2,-99,1
09/11/2005 08:50:00,254,1.475576945,91,2,-100,1
09/11/2005 08:51:00,254,1.434470711,94,3,-101,1
09/11/2005 08:52:00,254,1.393364476,98,4,-102,1
09/11/2005 08:53:00,254,1.384324407,94,5,-101,1
09/11/2005 08:54:00,254,1.375284338,93,5,-100,1
09/11/2005 08:55:00,254,1.366244269,96,6,-100,1
09/11/2005 08:56:00,254,1.3572042,95,6,-99,1
09/11/2005 08:57:00,254,1.348164131,97,6,-98,1
09/11/2005 08:58:00,254,1.369268134,99,7,-99,1
09/11/2005 08:59:00,254,1.390372136,96,7,-98,1
09/11/2005 09:00:00,254,1.411476139,93,7,-98,1
09/11/2005 09:01:00,254,1.432580142,91,6,-99,1
09/11/2005 09:02:00,254,1.453684144,92,7,-100,1
09/11/2005 09:03:00,254,1.463103804,93,6,-102,1
09/11/2005 09:04:00,254,1.472523464,88,6,-103,1
09/11/2005 09:05:00,254,1.481943124,84,6,-104,1
09/11/2005 09:06:00,254,1.491362784,82,5,-105,1
09/11/2005 09:07:00,254,1.500782445,80,4,-105,1
09/11/2005 09:08:00,254,1.530208874,80,5,-106,1
09/11/2005 09:09:00,254,1.559635303,80,5,-106,1
09/11/2005 09:10:00,254,1.589061733,80,5,-107,1
09/11/2005 09:11:00,254,1.618488162,81,6,-108,1
09/11/2005 09:12:00,254,1.647914592,80,6,-110,1
09/11/2005 09:13:00,254,1.62684392,79,6,-111,1
09/11/2005 09:14:00,254,1.605773248,81,6,-112,1
09/11/2005 09:15:00,254,1.584702576,82,7,-112,1
09/11/2005 09:16:00,254,1.563631904,80,6,-111,1
09/11/2005 09:17:00,254,1.542561232,80,7,-112,1
09/11/2005 09:18:00,254,1.576064504,81,6,-112,1
09/11/2005 09:19:00,254,1.609567775,79,5,-112,1
09/11/2005 09:20:00,254,1.643071047,80,5,-113,1
09/11/2005 09:21:00,254,1.676574318,81,5,-114,1
09/11/2005 09:22:00,254,1.71007759,81,6,-115,1
09/11/2005 09:23:00,254,1.712238059,79,6,-114,1
09/11/2005 09:24:00,254,1.714398528,79,6,-116,1
09/11/2005 09:25:00,254,1.716558997,78,7,-117,1
09/11/2005 09:26:00,254,1.718719467,73,7,-116,1
09/11/2005 09:27:00,254,1.720879936,73,7,-117,1
09/11/2005 09:28:00,254,1.722830093,75,9,-117,1
09/11/2005 09:29:00,254,1.72478025,75,10,-118,1
09/11/2005 09:30:00,254,1.726730407,75,10,-118,1
09/11/2005 09:31:00,254,1.728680564,76,10,-118,1
09/11/2005 09:32:00,254,1.730630722,78,11,-119,1
09/11/2005 09:33:00,254,1.713828816,83,11,-120,1
09/11/2005 09:34:00,254,1.697026911,85,11,-121,1
09/11/2005 09:35:00,254,1.680225006,86,11,-123,1
09/11/2005 09:36:00,254,1.663423101,89,11,-123,1
09/11/2005 09:37:00,254,1.646621196,92,11,-123,1
09/11/2005 09:38:00,254,1.608769048,94,11,-124,1
09/11/2005 09:39:00,254,1.570916901,95,12,-124,1
09/11/2005 09:40:00,254,1.533064754,95,12,-124,1
09/11/2005 09:41:00,254,1.495212607,93,12,-124,1
09/11/2005 09:42:00,254,1.45736046,95,12,-124,1
09/11/2005 09:43:00,254,1.436048401,93,12,-125,1
09/11/2005 09:44:00,254,1.414736343,93,12,-124,1
09/11/2005 09:45:00,254,1.393424285,94,11,-126,1
09/11/2005 09:46:00,254,1.372112226,92,11,-125,1
09/11/2005 09:47:00,254,1.350800168,90,10,-126,1
09/11/2005 09:48:00,254,1.363440629,88,10,-127,1
09/11/2005 09:49:00,254,1.376081091,87,9,-127,1
09/11/2005 09:50:00,254,1.388721552,82,8,-127,1
09/11/2005 09:51:00,254,1.401362013,81,8,-126,1
09/11/2005 09:52:00,254,1.414002475,82,7,-127,1
09/11/2005 09:53:00,254,1.423672712,80,7,-126,1
09/11/2005 09:54:00,254,1.433342949,77,6,-125,1
09/11/2005 09:55:00,254,1.443013187,75,5,-125,1
09/11/2005 09:56:00,254,1.452683424,77,5,-125,1
09/11/2005 09:57:00,254,1.462353662,76,4,-126,1
09/11/2005 09:58:00,254,1.461484858,75,4,-127,1
09/11/2005 09:59:00,254,1.460616054,74,4,-129,1
09/11/2005 10:00:00,254,1.45974725,73,3,-131,1
09/11/2005 10:01:00,254,1.458878446,72,4,-134,1
09/11/2005 10:02:00,254,1.458009642,77,4,-135,1
09/11/2005 10:03:00,254,1.431907695,78,5,-136,1
09/11/2005 10:04:00,254,1.405805747,79,6,-137,1
09/11/2005 10:05:00,254,1.379703799,79,6,-137,1
09/11/2005 10:06:00,254,1.353601852,77,6,-136,1
09/11/2005 10:07:00,254,1.327499904,77,7,-134,1
09/11/2005 10:08:00,254,1.28622574,79,7,-134,1
09/11/2005 10:09:00,254,1.244951575,78,7,-133,1
09/11/2005 10:10:00,254,1.203677411,73,7,-131,1
09/11/2005 10:11:00,254,1.162403246,75,7,-131,1
09/11/2005 10:12:00,254,1.121129082,76,7,-130,1
09/11/2005 10:13:00,254,1.117075256,75,7,-131,1
09/11/2005 10:14:00,254,1.11302143,73,7,-129,1
09/11/2005 10:15:00,254,1.108967604,75,7,-130,1
09/11/2005 10:16:00,254,1.104913778,77,8,-131,1
09/11/2005 10:17:00,254,1.100859952,80,8,-131,1
09/11/2005 10:18:00,254,1.074212152,80,8,-131,1
09/11/2005 10:19:00,254,1.047564351,80,8,-129,1
09/11/2005 10:20:00,254,1.020916551,80,8,-128,1
09/11/2005 10:21:00,254,0.99426875,81,7,-127,1
09/11/2005 10:22:00,254,0.967620949,80,7,-127,1
09/11/2005 10:23:00,254,0.938296916,82,7,-126,1
09/11/2005 10:24:00,254,0.908972882,86,6,-126,1
09/11/2005 10:25:00,254,0.879648849,87,6,-125,1
09/11/2005 10:26:00,254,0.850324815,90,5,-124,1
09/11/2005 10:27:00,254,0.821000781,89,5,-124,1
09/11/2005 10:28:00,254,0.776745292,90,5,-125,1
09/11/2005 10:29:00,254,0.732489802,92,4,-124,1
09/11/2005 10:30:00,254,0.688234312,92,3,-123,1
09/11/2005 10:31:00,254,0.643978822,92,2,-123,1
09/11/2005 10:32:00,254,0.599723332,92,2,-123,1
09/11/2005 10:33:00,254,0.603376057,90,1,-122,1
09/11/2005 10:34:00,254,0.607028781,88,1,-121,1
09/11/2005 10:35:00,254,0.610681506,88,0,-122,1
09/11/2005 10:36:00,254,0.61433423,86,1,-123,1
09/11/2005 10:37:00,254,0.617986955,85,0,-123,1
09/11/2005 10:38:00,254,0.614871351,83,0,-124,1
09/11/2005 10:39:00,254,0.611755748,82,0,-123,1
09/11/2005 10:40:00,254,0.608640145,81,0,-124,1
09/11/2005 10:41:00,254,0.605524542,78,1,-125,1
09/11/2005 10:42:00,254,0.602408938,77,1,-125,1
09/11/2005 10:43:00,254,0.629116265,75,2,-125,1
09/11/2005 10:44:00,254,0.655823593,75,2,-124,1
09/11/2005 10:45:00,254,0.68253092,74,2,-124,1
09/11/2005 10:46:00,254,0.709238247,72,3,-124,1
09/11/2005 10:47:00,254,0.735945574,73,4,-124,1
09/11/2005 10:48:00,254,0.74454487,74,4,-123,1
09/11/2005 10:49:00,254,0.753144166,71,4,-122,1
09/11/2005 10:50:00,254,0.761743462,73,4,-122,1
09/11/2005 10:51:00,254,0.770342758,79,5,-122,1
09/11/2005 10:52:00,254,0.778942054,82,6,-122,1
09/11/2005 10:53:00,254,0.763150372,83,6,-121,1
09/11/2005 10:54:00,254,0.747358691,84,6,-121,1
09/11/2005 10:55:00,254,0.731567009,85,6,-121,1
09/11/2005 10:56:00,254,0.715775327,88,7,-121,1
09/11/2005 10:57:00,254,0.699983646,90,7,-121,1
09/11/2005 10:58:00,254,0.704795199,91,7,-121,1
09/11/2005 10:59:00,254,0.709606753,92,7,-121,1
09/11/2005 11:00:00,254,0.714418306,94,8,-122,1
09/11/2005 11:01:00,254,0.719229859,97,8,-123,1
09/11/2005 11:02:00,254,0.724041413,99,8,-122,1
09/11/2005 11:03:00,254,0.756458336,98,8,-124,1
09/11/2005 11:04:00,254,0.788875259,98,9,-124,1
09/11/2005 11:05:00,254,0.821292182,97,9,-125,1
09/11/2005 11:06:00,254,0.853709105,94,9,-125,1
09/11/2005 11:07:00,254,0.886126028,91,8,-125,1
09/11/2005 11:08:00,254,0.910816774,90,8,-124,1
09/11/2005 11:09:00,254,0.93550752,86,8,-125,1
09/11/2005 11:10:00,254,0.960198267,83,8,-124,1
09/11/2005 11:11:00,254,0.984889013,79,7,-124,1
09/11/2005 11:12:00,254,1.009579759,78,7,-124,1
09/11/2005 11:13:00,254,1.01257963,78,6,-125,1
09/11/2005 11:14:00,254,1.015579501,77,7,-126,1
09/11/2005 11:15:00,254,1.018579372,75,7,-125,1
09/11/2005 11:16:00,254,1.021579243,73,7,-125,1
09/11/2005 11:17:00,254,1.024579114,71,7,-125,1
09/11/2005 11:18:00,254,1.049560491,71,7,-126,1
09/11/2005 11:19:00,254,1.074541868,70,8,-125,1
09/11/2005 11:20:00,254,1.099523244,69,8,-124,1
09/11/2005 11:21:00,254,1.124504621,69,8,-125,1
09/11/2005 11:22:00,254,1.149485997,73,8,-124,1
09/11/2005 11:23:00,254,1.158280714,81,10,-123,1
09/11/2005 11:24:00,254,1.16707543,84,10,-122,1
09/11/2005 11:25:00,254,1.175870147,91,11,-121,1
09/11/2005 11:26:00,254,1.184664863,96,12,-120,1
09/11/2005 11:27:00,254,1.19345958,98,13,-118,1
09/11/2005 11:28:00,254,1.191662951,101,14,-117,1
09/11/2005 11:29:00,254,1.189866323,103,14,-114,1
09/11/2005 11:30:00,254,1.188069694,102,14,-111,1
09/11/2005 11:31:00,254,1.186273065,106,14,-108,1
09/11/2005 11:32:00,254,1.184476436,108,14,-106,1
09/11/2005 11:33:00,254,1.174246011,112,13,-104,1
09/11/2005 11:34:00,254,1.164015585,118,12,-102,1
09/11/2005 11:35:00,254,1.15378516,121,11,-101,1
09/11/2005 11:36:00,254,1.143554735,121,10,-100,1
09/11/2005 11:37:00,254,1.133324309,119,9,-100,1
09/11/2005 11:38:00,254,1.090683527,112,9,-99,1
09/11/2005 11:39:00,254,1.048042744,105,9,-98,1
09/11/2005 11:40:00,254,1.005401962,98,8,-98,1
09/11/2005 11:41:00,254,0.962761179,91,9,-98,1
09/11/2005 11:42:00,254,0.920120397,86,9,-97,1
09/11/2005 11:43:00,254,0.92482226,83,8,-97,1
09/11/2005 11:44:00,254,0.929524124,83,8,-96,1
09/11/2005 11:45:00,254,0.934225987,83,8,-97,1
09/11/2005 11:46:00,254,0.93892785,83,7,-97,1
09/11/2005 11:47:00,254,0.943629714,82,6,-97,1
09/11/2005 11:48:00,254,0.956039082,80,6,-97,1
09/11/2005 11:49:00,254,0.968448451,79,6,-97,1
09/11/2005 11:50:00,254,0.980857819,78,6,-97,1
09/11/2005 11:51:00,254,0.993267188,78,6,-97,1
09/11/2005 11:52:00,254,1.005676556,79,6,-98,1
09/11/2005 11:53:00,254,0.976469906,80,6,-99,1
09/11/2005 11:54:00,254,0.947263256,82,6,-99,1
09/11/2005 11:55:00,254,0.918056606,85,7,-99,1
09/11/2005 11:56:00,254,0.888849956,87,7,-98,1
09/11/2005 11:57:00,254,0.859643306,88,8,-98,1
09/11/2005 11:58:00,254,0.869520193,85,8,-97,1
09/11/2005 11:59:00,254,0.879397081,84,9,-96,1
09/11/2005 12:00:00,254,0.889273969,84,9,-97,1
09/11/2005 12:01:00,254,0.899150856,85,9,-97,1
09/11/2005 12:02:00,254,0.909027744,87,9,-97,1
09/11/2005 12:03:00,254,0.89969025,85,9,-97,1
09/11/2005 12:04:00,254,0.890352756,85,9,-97,1
09/11/2005 12:05:00,254,0.881015263,84,9,-96,1
09/11/2005 12:06:00,254,0.871677769,83,9,-96,1
09/11/2005 12:07:00,254,0.862340275,82,9,-96,1
09/11/2005 12:08:00,254,0.850010639,82,9,-96,1
09/11/2005 12:09:00,254,0.837681004,82,9,-96,1
09/11/2005 12:10:00,254,0.825351368,83,8,-96,1
09/11/2005 12:11:00,254,0.813021732,81,7,-96,1
09/11/2005 12:12:00,254,0.800692097,78,7,-96,1
09/11/2005 12:13:00,254,0.810358764,74,7,-96,1
09/11/2005 12:14:00,254,0.820025432,70,6,-96,1
09/11/2005 12:15:00,254,0.8296921,67,6,-97,1
09/11/2005 12:16:00,254,0.839358768,65,6,-97,1
09/11/2005 12:17:00,254,0.849025435,67,5,-98,1
09/11/2005 12:18:00,254,0.848759413,67,4,-99,1
09/11/2005 12:19:00,254,0.84849339,67,4,-99,1
09/11/2005 12:20:00,254,0.848227367,68,4,-99,1
09/11/2005 12:21:00,254,0.847961344,68,4,-99,1
09/11/2005 12:22:00,254,0.847695321,68,4,-99,1
09/11/2005 12:23:00,254,0.830219098,69,3,-99,1
09/11/2005 12:24:00,254,0.812742875,70,3,-99,1
09/11/2005 12:25:00,254,0.795266652,71,3,-100,1
09/11/2005 12:26:00,254,0.777790428,71,2,-100,1
09/11/2005 12:27:00,254,0.760314205,71,2,-100,1
09/11/2005 12:28:00,254,0.744946404,70,2,-100,1
09/11/2005 12:29:00,254,0.729578604,68,3,-100,1
09/11/2005 12:30:00,254,0.714210803,69,3,-100,1
09/11/2005 12:31:00,254,0.698843002,70,3,-100,1
09/11/2005 12:32:00,254,0.683475202,73,3,-100,1
09/11/2005 12:33:00,254,0.657674981,74,4,-100,1
09/11/2005 12:34:00,254,0.63187476,74,4,-100,1
09/11/2005 12:35:00,254,0.606074539,72,4,-100,1
09/11/2005 12:36:00,254,0.580274318,71,4,-100,1
09/11/2005 12:37:00,254,0.554474097,71,4,-100,1
09/11/2005 12:38:00,254,0.506682419,71,4,-101,1
09/11/2005 12:39:00,254,0.458890741,71,4,-101,1
09/11/2005 12:40:00,254,0.411099062,70,4,-101,1
09/11/2005 12:41:00,254,0.363307384,68,4,-100,1
09/11/2005 12:42:00,254,0.315515706,68,4,-100,1
09/11/2005 12:43:00,254,0.251975981,68,5,-100,1
09/11/2005 12:44:00,254,0.188436256,67,5,-98,1
09/11/2005 12:45:00,254,0.124896532,68,5,-95,1
09/11/2005 12:46:00,254,0.061356807,70,6,-91,1
09/11/2005 12:47:00,254,-0.002182918,71,6,-85,1
09/11/2005 12:48:00,254,-0.053469058,76,6,-76,1
09/11/2005 12:49:00,254,-0.104755198,85,4,-66,1
09/11/2005 12:50:00,254,-0.156041338,86,-1,-67,1
09/11/2005 12:51:00,254,-0.207327478,72,3,-76,1
09/11/2005 12:52:00,254,-0.258613618,57,6,-80,1
09/11/2005 12:53:00,254,-0.256370835,84,8,-91,1
09/11/2005 12:54:00,254,-0.254128052,79,8,-92,1
09/11/2005 12:55:00,254,-0.251885269,74,8,-93,1
09/11/2005 12:56:00,254,-0.249642486,77,7,-97,1
09/11/2005 12:57:00,254,-0.247399703,75,6,-100,1
09/11/2005 12:58:00,254,-0.270726058,78,6,-102,1
09/11/2005 12:59:00,254,-0.294052413,79,7,-105,1
09/11/2005 13:00:00,254,-0.317378769,79,6,-106,1
09/11/2005 13:01:00,254,-0.340705124,78,6,-107,1
09/11/2005 13:02:00,254,-0.364031479,80,6,-107,1
09/11/2005 13:03:00,254,-0.41100853,81,5,-107,1
09/11/2005 13:04:00,254,-0.457985582,79,5,-107,1
09/11/2005 13:05:00,254,-0.504962634,79,5,-107,1
09/11/2005 13:06:00,254,-0.551939685,80,4,-107,1
09/11/2005 13:07:00,254,-0.598916737,81,4,-107,1
09/11/2005 13:08:00,254,-0.616876743,81,4,-106,1
09/11/2005 13:09:00,254,-0.634836749,81,4,-106,1
09/11/2005 13:10:00,254,-0.652796756,81,4,-107,1
09/11/2005 13:11:00,254,-0.670756762,79,4,-107,1
09/11/2005 13:12:00,254,-0.688716768,76,4,-107,1
09/11/2005 13:13:00,254,-0.703425331,73,4,-107,1
09/11/2005 13:14:00,254,-0.718133894,71,4,-107,1
09/11/2005 13:15:00,254,-0.732842457,69,4,-108,1
09/11/2005 13:16:00,254,-0.74755102,68,4,-108,1
09/11/2005 13:17:00,254,-0.762259584,65,4,-108,1
09/11/2005 13:18:00,254,-0.77367748,63,4,-109,1
09/11/2005 13:19:00,254,-0.785095376,67,4,-109,1
09/11/2005 13:20:00,254,-0.796513272,72,5,-109,1
09/11/2005 13:21:00,254,-0.807931169,79,5,-110,1
09/11/2005 13:22:00,254,-0.819349065,87,6,-109,1
09/11/2005 13:23:00,254,-0.822103843,95,6,-109,1
09/11/2005 13:24:00,254,-0.824858622,102,6,-109,1
09/11/2005 13:25:00,254,-0.8276134,109,7,-108,1
09/11/2005 13:26:00,254,-0.830368179,119,8,-107,1
09/11/2005 13:27:00,254,-0.833122958,124,8,-107,1
09/11/2005 13:28:00,254,-0.845365908,130,10,-106,1
09/11/2005 13:29:00,254,-0.857608858,132,11,-104,1
09/11/2005 13:30:00,254,-0.869851808,138,14,-102,1
09/11/2005 13:31:00,254,-0.882094759,139,15,-100,1
09/11/2005 13:32:00,254,-0.894337709,139,15,-97,1
09/11/2005 13:33:00,254,-0.877753598,139,13,-96,1
09/11/2005 13:34:00,254,-0.861169487,141,12,-95,1
09/11/2005 13:35:00,254,-0.844585375,144,9,-94,1
09/11/2005 13:36:00,254,-0.828001264,149,6,-94,1
09/11/2005 13:37:00,254,-0.811417153,151,5,-94,1
09/11/2005 13:38:00,254,-0.807673545,146,4,-96,1
09/11/2005 13:39:00,254,-0.803929937,142,4,-97,1
09/11/2005 13:40:00,254,-0.800186328,134,4,-97,1
09/11/2005 13:41:00,254,-0.79644272,130,4,-97,1
09/11/2005 13:42:00,254,-0.792699112,120,4,-97,1
09/11/2005 13:43:00,254,-0.83805927,111,5,-97,1
09/11/2005 13:44:00,254,-0.883419429,106,4,-97,1
09/11/2005 13:45:00,254,-0.928779588,105,3,-98,1
09/11/2005 13:46:00,254,-0.974139746,102,3,-98,1
09/11/2005 13:47:00,254,-1.019499905,98,3,-99,1
09/11/2005 13:48:00,254,-1.041280535,98,3,-99,1
09/11/2005 13:49:00,254,-1.063061165,98,3,-100,1
09/11/2005 13:50:00,254,-1.084841795,94,2,-100,1
09/11/2005 13:51:00,254,-1.106622426,89,2,-101,1
09/11/2005 13:52:00,254,-1.128403056,89,2,-101,1
09/11/2005 13:53:00,254,-1.141081522,87,2,-101,1
09/11/2005 13:54:00,254,-1.153759989,83,2,-101,1
09/11/2005 13:55:00,254,-1.166438455,80,2,-100,1
09/11/2005 13:56:00,254,-1.179116922,78,2,-100,1
09/11/2005 13:57:00,254,-1.191795388,78,2,-100,1
09/11/2005 13:58:00,254,-1.194466877,81,2,-100,1
09/11/2005 13:59:00,254,-1.197138366,79,2,-99,1
09/11/2005 14:00:00,254,-1.199809854,78,3,-98,1
09/11/2005 14:01:00,254,-1.202481343,79,2,-97,1
09/11/2005 14:02:00,254,-1.205152832,81,2,-96,1
09/11/2005 14:03:00,254,-1.253474631,83,2,-96,1
09/11/2005 14:04:00,254,-1.301796431,83,2,-95,1
09/11/2005 14:05:00,254,-1.35011823,78,1,-95,1
09/11/2005 14:06:00,254,-1.39844003,71,1,-94,1
09/11/2005 14:07:00,254,-1.44676183,68,0,-94,1
09/11/2005 14:08:00,254,-1.463030436,68,0,-95,1
09/11/2005 14:09:00,254,-1.479299042,65,0,-95,1
09/11/2005 14:10:00,254,-1.495567648,64,1,-97,1
09/11/2005 14:11:00,254,-1.511836254,56,1,-97,1
09/11/2005 14:12:00,254,-1.52810486,55,0,-98,1
09/11/2005 14:13:00,254,-1.559498151,53,0,-98,1
09/11/2005 14:14:00,254,-1.590891442,52,0,-98,1
09/11/2005 14:15:00,254,-1.622284734,51,1,-98,1
09/11/2005 14:16:00,254,-1.653678025,48,1,-97,1
09/11/2005 14:17:00,254,-1.685071316,45,0,-96,1
09/11/2005 14:18:00,254,-1.712498012,44,0,-96,1
09/11/2005 14:19:00,254,-1.739924708,46,0,-96,1
09/11/2005 14:20:00,254,-1.767351404,46,0,-96,1
09/11/2005 14:21:00,254,-1.7947781,46,0,-96,1
09/11/2005 14:22:00,254,-1.822204796,47,0,-96,1
09/11/2005 14:23:00,254,-1.87391703,48,0,-96,1
09/11/2005 14:24:00,254,-1.925629264,48,0,-96,1
09/11/2005 14:25:00,254,-1.977341498,51,0,-96,1
09/11/2005 14:26:00,254,-2.029053732,50,0,-96,1
09/11/2005 14:27:00,254,-2.080765966,52,0,-96,1
09/11/2005 14:28:00,254,-2.112498781,53,0,-97,1
09/11/2005 14:29:00,254,-2.144231596,56,0,-97,1
09/11/2005 14:30:00,254,-2.175964412,56,0,-97,1
09/11/2005 14:31:00,254,-2.207697227,58,0,-97,1
09/11/2005 14:32:00,254,-2.239430043,61,0,-97,1
09/11/2005 14:33:00,254,-2.267991279,64,1,-97,1
09/11/2005 14:34:00,254,-2.296552515,68,1,-98,1
09/11/2005 14:35:00,254,-2.325113751,73,1,-98,1
09/11/2005 14:36:00,254,-2.353674987,68,1,-98,1
09/11/2005 14:37:00,254,-2.382236223,69,1,-99,1
09/11/2005 14:38:00,254,-2.391534929,69,1,-99,1
09/11/2005 14:39:00,254,-2.400833635,73,1,-100,1
09/11/2005 14:40:00,254,-2.41013234,75,2,-101,1
09/11/2005 14:41:00,254,-2.419431046,75,2,-101,1
09/11/2005 14:42:00,254,-2.428729751,76,2,-101,1
09/11/2005 14:43:00,254,-2.430544094,78,2,-102,1
09/11/2005 14:44:00,254,-2.432358438,78,2,-102,1
09/11/2005 14:45:00,254,-2.434172781,76,1,-103,1
09/11/2005 14:46:00,254,-2.435987124,74,1,-103,1
09/11/2005 14:47:00,254,-2.437801467,73,1,-104,1
09/11/2005 14:48:00,254,-2.474415841,70,1,-104,1
09/11/2005 14:49:00,254,-2.511030214,67,1,-103,1
09/11/2005 14:50:00,254,-2.547644588,67,1,-104,1
09/11/2005 14:51:00,254,-2.584258961,65,1,-104,1
09/11/2005 14:52:00,254,-2.620873335,65,1,-104,1
09/11/2005 14:53:00,254,-2.629453941,65,1,-104,1
09/11/2005 14:54:00,254,-2.638034546,66,1,-104,1
09/11/2005 14:55:00,254,-2.646615152,65,1,-104,1
09/11/2005 14:56:00,254,-2.655195758,64,1,-104,1
09/11/2005 14:57:00,254,-2.663776364,63,1,-104,1
09/11/2005 14:58:00,254,-2.693634869,61,0,-104,1
09/11/2005 14:59:00,254,-2.723493374,59,0,-103,1
09/11/2005 15:00:00,254,-2.75335188,55,0,-103,1
09/11/2005 15:01:00,254,-2.783210385,53,0,-103,1
09/11/2005 15:02:00,254,-2.81306889,50,-1,-103,1
09/11/2005 15:03:00,254,-2.811090081,49,-1,-102,1
09/11/2005 15:04:00,254,-2.809111271,48,-1,-102,1
09/11/2005 15:05:00,254,-2.807132462,50,-1,-102,1
09/11/2005 15:06:00,254,-2.805153652,49,0,-101,1
09/11/2005 15:07:00,254,-2.803174843,52,1,-101,1
09/11/2005 15:08:00,254,-2.816703779,54,1,-100,1
09/11/2005 15:09:00,254,-2.830232716,55,0,-100,1
09/11/2005 15:10:00,254,-2.843761653,56,0,-98,1
09/11/2005 15:11:00,254,-2.85729059,57,0,-97,1
09/11/2005 15:12:00,254,-2.870819527,64,1,-97,1
09/11/2005 15:13:00,254,-2.913650312,68,1,-97,1
09/11/2005 15:14:00,254,-2.956481098,72,2,-96,1
09/11/2005 15:15:00,254,-2.999311884,75,2,-95,1
09/11/2005 15:16:00,254,-3.04214267,77,1,-94,1
09/11/2005 15:17:00,254,-3.084973455,78,1,-93,1
09/11/2005 15:18:00,254,-3.110295051,76,1,-93,1
09/11/2005 15:19:00,254,-3.135616647,72,1,-92,1
09/11/2005 15:20:00,254,-3.160938243,69,1,-91,1
09/11/2005 15:21:00,254,-3.186259839,66,0,-90,1
09/11/2005 15:22:00,254,-3.211581435,64,0,-90,1
09/11/2005 15:23:00,254,-3.233076376,62,0,-90,1
09/11/2005 15:24:00,254,-3.254571317,62,-1,-90,1
09/11/2005 15:25:00,254,-3.276066258,59,-1,-90,1
09/11/2005 15:26:00,254,-3.297561199,58,-1,-90,1
09/11/2005 15:27:00,254,-3.31905614,57,-2,-90,1
09/11/2005 15:28:00,254,-3.355185989,55,-2,-89,1
09/11/2005 15:29:00,254,-3.391315839,54,-3,-88,1
09/11/2005 15:30:00,254,-3.427445688,52,-4,-88,1
09/11/2005 15:31:00,254,-3.463575538,50,-5,-88,1
09/11/2005 15:32:00,254,-3.499705387,48,-5,-87,1
09/11/2005 15:33:00,254,-3.530816922,45,-5,-86,1
09/11/2005 15:34:00,254,-3.561928456,44,-5,-85,1
09/11/2005 15:35:00,254,-3.593039991,41,-6,-85,1
09/11/2005 15:36:00,254,-3.624151526,40,-6,-85,1
09/11/2005 15:37:00,254,-3.655263061,38,-6,-86,1
09/11/2005 15:38:00,254,-3.666522831,38,-6,-85,1
09/11/2005 15:39:00,254,-3.677782602,35,-6,-85,1
09/11/2005 15:40:00,254,-3.689042373,34,-6,-84,1
09/11/2005 15:41:00,254,-3.700302144,32,-7,-84,1
09/11/2005 15:42:00,254,-3.711561914,29,-6,-84,1
09/11/2005 15:43:00,254,-3.732236741,29,-6,-83,1
09/11/2005 15:44:00,254,-3.752911568,27,-6,-82,1
09/11/2005 15:45:00,254,-3.773586395,26,-6,-82,1
09/11/2005 15:46:00,254,-3.794261221,27,-6,-82,1
09/11/2005 15:47:00,254,-3.814936048,25,-6,-82,1
09/11/2005 15:48:00,254,-3.839144952,24,-5,-82,1
09/11/2005 15:49:00,254,-3.863353856,25,-5,-81,1
09/11/2005 15:50:00,254,-3.88756276,25,-5,-81,1
09/11/2005 15:51:00,254,-3.911771664,25,-5,-81,1
09/11/2005 15:52:00,254,-3.935980568,25,-6,-80,1
09/11/2005 15:53:00,254,-3.937951982,24,-6,-80,1
09/11/2005 15:54:00,254,-3.939923397,23,-6,-80,1
09/11/2005 15:55:00,254,-3.941894811,21,-6,-79,1
09/11/2005 15:56:00,254,-3.943866226,21,-6,-79,1
09/11/2005 15:57:00,254,-3.945837641,19,-6,-79,1
09/11/2005 15:58:00,254,-3.984418054,18,-6,-79,1
09/11/2005 15:59:00,254,-4.022998466,18,-6,-79,1
09/11/2005 16:00:00,254,-4.061578879,16,-6,-78,1
09/11/2005 16:01:00,254,-4.100159292,15,-5,-78,1
09/11/2005 16:02:00,254,-4.138739705,15,-5,-77,1
09/11/2005 16:03:00,254,-4.141935106,16,-5,-76,1
09/11/2005 16:04:00,254,-4.145130507,17,-5,-76,1
09/11/2005 16:05:00,254,-4.148325908,18,-4,-76,1
09/11/2005 16:06:00,254,-4.151521309,18,-5,-76,1
09/11/2005 16:07:00,254,-4.15471671,18,-5,-76,1
09/11/2005 16:08:00,254,-4.150232522,19,-5,-75,1
09/11/2005 16:09:00,254,-4.145748333,20,-4,-75,1
09/11/2005 16:10:00,254,-4.141264144,21,-4,-75,1
09/11/2005 16:11:00,254,-4.136779955,22,-4,-74,1
09/11/2005 16:12:00,254,-4.132295766,22,-4,-74,1
09/11/2005 16:13:00,254,-4.152000724,21,-4,-75,1
09/11/2005 16:14:00,254,-4.171705682,18,-4,-75,1
09/11/2005 16:15:00,254,-4.19141064,13,-5,-75,1
09/11/2005 16:16:00,254,-4.211115598,12,-5,-76,1
09/11/2005 16:17:00,254,-4.230820556,12,-5,-75,1
09/11/2005 16:18:00,254,-4.261857222,11,-5,-75,1
09/11/2005 16:19:00,254,-4.292893889,12,-4,-75,1
09/11/2005 16:20:00,254,-4.323930556,14,-4,-74,1
09/11/2005 16:21:00,254,-4.354967223,17,-4,-73,1
09/11/2005 16:22:00,254,-4.38600389,19,-4,-72,1
09/11/2005 16:23:00,254,-4.429802276,17,-4,-73,1
09/11/2005 16:24:00,254,-4.473600662,17,-4,-73,1
09/11/2005 16:25:00,254,-4.517399047,15,-4,-72,1
09/11/2005 16:26:00,254,-4.561197433,14,-4,-73,1
09/11/2005 16:27:00,254,-4.604995819,13,-4,-73,1
09/11/2005 16:28:00,254,-4.601554506,13,-4,-73,1
09/11/2005 16:29:00,254,-4.598113194,13,-4,-73,1
09/11/2005 16:30:00,254,-4.594671881,13,-4,-73,1
09/11/2005 16:31:00,254,-4.591230569,13,-4,-73,1
09/11/2005 16:32:00,254,-4.587789256,14,-4,-72,1
09/11/2005 16:33:00,254,-4.569434128,13,-4,-73,1
09/11/2005 16:34:00,254,-4.551079,13,-3,-73,1
09/11/2005 16:35:00,254,-4.532723873,10,-4,-73,1
09/11/2005 16:36:00,254,-4.514368745,10,-4,-74,1
09/11/2005 16:37:00,254,-4.496013617,8,-4,-73,1
09/11/2005 16:38:00,254,-4.50003413,8,-4,-73,1
09/11/2005 16:39:00,254,-4.504054644,8,-4,-74,1
09/11/2005 16:40:00,254,-4.508075157,7,-4,-74,1
09/11/2005 16:41:00,254,-4.51209567,6,-4,-74,1
09/11/2005 16:42:00,254,-4.516116184,6,-4,-74,1
09/11/2005 16:43:00,254,-4.528209884,8,-4,-73,1
09/11/2005 16:44:00,254,-4.540303584,9,-4,-73,1
09/11/2005 16:45:00,254,-4.552397283,9,-4,-73,1
09/11/2005 16:46:00,254,-4.564490983,10,-4,-73,1
09/11/2005 16:47:00,254,-4.576584683,10,-4,-74,1
09/11/2005 16:48:00,254,-4.572526648,10,-5,-74,1
09/11/2005 16:49:00,254,-4.568468614,10,-5,-74,1
09/11/2005 16:50:00,254,-4.564410579,11,-5,-73,1
09/11/2005 16:51:00,254,-4.560352544,14,-5,-73,1
09/11/2005 16:52:00,254,-4.556294509,18,-6,-72,1
09/11/2005 16:53:00,254,-4.554151719,23,-6,-72,1
09/11/2005 16:54:00,254,-4.552008929,27,-7,-72,1
09/11/2005 16:55:00,254,-4.549866139,31,-8,-72,1
09/11/2005 16:56:00,254,-4.547723349,35,-9,-71,1
09/11/2005 16:57:00,254,-4.545580559,37,-9,-72,1
09/11/2005 16:58:00,254,-4.558328514,40,-10,-72,1
09/11/2005 16:59:00,254,-4.571076469,43,-11,-72,1
09/11/2005 17:00:00,254,-4.583824424,44,-12,-72,1
09/11/2005 17:01:00,254,-4.596572379,44,-12,-71,1
09/11/2005 17:02:00,254,-4.609320334,44,-13,-71,1
09/11/2005 17:03:00,254,-4.606466293,45,-13,-70,1
09/11/2005 17:04:00,254,-4.603612253,44,-14,-70,1
09/11/2005 17:05:00,254,-4.600758212,44,-14,-70,1
09/11/2005 17:06:00,254,-4.597904172,43,-14,-69,1
09/11/2005 17:07:00,254,-4.595050131,44,-14,-69,1
09/11/2005 17:08:00,254,-4.609574721,47,-14,-69,1
09/11/2005 17:09:00,254,-4.624099312,46,-14,-69,1
09/11/2005 17:10:00,254,-4.638623902,46,-14,-69,1
09/11/2005 17:11:00,254,-4.653148493,46,-13,-69,1
09/11/2005 17:12:00,254,-4.667673083,47,-13,-69,1
09/11/2005 17:13:00,254,-4.691229805,49,-13,-69,1
09/11/2005 17:14:00,254,-4.714786527,51,-13,-70,1
09/11/2005 17:15:00,254,-4.738343249,51,-13,-70,1
09/11/2005 17:16:00,254,-4.761899971,52,-13,-70,1
09/11/2005 17:17:00,254,-4.785456693,52,-13,-70,1
09/11/2005 17:18:00,254,-4.781675642,53,-12,-69,1
09/11/2005 17:19:00,254,-4.777894592,54,-12,-70,1
09/11/2005 17:20:00,254,-4.774113542,53,-12,-70,1
09/11/2005 17:21:00,254,-4.770332491,54,-12,-70,1
09/11/2005 17:22:00,254,-4.766551441,52,-12,-70,1
09/11/2005 17:23:00,254,-4.767864272,52,-11,-70,1
09/11/2005 17:24:00,254,-4.769177103,50,-11,-69,1
09/11/2005 17:25:00,254,-4.770489933,49,-11,-68,1
09/11/2005 17:26:00,254,-4.771802764,49,-11,-68,1
09/11/2005 17:27:00,254,-4.773115595,49,-10,-69,1
09/11/2005 17:28:00,254,-4.766219658,47,-10,-68,1
09/11/2005 17:29:00,254,-4.759323721,45,-10,-68,1
09/11/2005 17:30:00,254,-4.752427784,44,-10,-68,1
09/11/2005 17:31:00,254,-4.745531847,42,-10,-68,1
09/11/2005 17:32:00,254,-4.738635911,42,-10,-69,1
09/11/2005 17:33:00,254,-4.776739937,41,-10,-70,1
09/11/2005 17:34:00,254,-4.814843964,42,-10,-71,1
09/11/2005 17:35:00,254,-4.852947991,40,-9,-70,1
09/11/2005 17:36:00,254,-4.891052018,40,-9,-70,1
09/11/2005 17:37:00,254,-4.929156045,38,-9,-71,1
09/11/2005 17:38:00,254,-4.942911866,34,-9,-72,1
09/11/2005 17:39:00,254,-4.956667687,35,-9,-72,1
09/11/2005 17:40:00,254,-4.970423508,35,-8,-72,1
09/11/2005 17:41:00,254,-4.984179329,35,-8,-72,1
09/11/2005 17:42:00,254,-4.997935151,34,-8,-72,1
09/11/2005 17:43:00,254,-5.024293708,34,-8,-72,1
09/11/2005 17:44:00,254,-5.050652266,35,-8,-72,1
09/11/2005 17:45:00,254,-5.077010823,37,-7,-73,1
09/11/2005 17:46:00,254,-5.103369381,40,-8,-73,1
09/11/2005 17:47:00,254,-5.129727938,42,-8,-74,1
09/11/2005 17:48:00,254,-5.139479474,42,-8,-74,1
09/11/2005 17:49:00,254,-5.14923101,42,-8,-73,1
09/11/2005 17:50:00,254,-5.158982546,41,-8,-73,1
09/11/2005 17:51:00,254,-5.168734083,43,-8,-73,1
09/11/2005 17:52:00,254,-5.178485619,41,-8,-73,1
09/11/2005 17:53:00,254,-5.214858213,40,-8,-73,1
09/11/2005 17:54:00,254,-5.251230808,40,-7,-72,1
09/11/2005 17:55:00,254,-5.287603402,43,-7,-73,1
09/11/2005 17:56:00,254,-5.323975997,44,-7,-73,1
09/11/2005 17:57:00,254,-5.360348591,44,-7,-73,1
09/11/2005 17:58:00,254,-5.379963732,43,-7,-72,1
09/11/2005 17:59:00,254,-5.399578873,44,-7,-73,1
09/11/2005 18:00:00,254,-5.419194014,47,-6,-74,1
09/11/2005 18:01:00,254,-5.438809154,48,-6,-74,1
09/11/2005 18:02:00,254,-5.458424295,49,-6,-74,1
09/11/2005 18:03:00,254,-5.487329782,49,-6,-74,1
09/11/2005 18:04:00,254,-5.51623527,49,-6,-74,1
09/11/2005 18:05:00,254,-5.545140757,49,-5,-75,1
09/11/2005 18:06:00,254,-5.574046244,51,-6,-75,1
09/11/2005 18:07:00,254,-5.602951732,53,-5,-76,1
09/11/2005 18:08:00,254,-5.619215476,54,-5,-75,1
09/11/2005 18:09:00,254,-5.63547922,54,-5,-75,1
09/11/2005 18:10:00,254,-5.651742963,54,-5,-74,1
09/11/2005 18:11:00,254,-5.668006707,54,-5,-74,1
09/11/2005 18:12:00,254,-5.684270451,55,-4,-75,1
09/11/2005 18:13:00,254,-5.657131216,57,-4,-75,1
09/11/2005 18:14:00,254,-5.62999198,59,-4,-75,1
09/11/2005 18:15:00,254,-5.602852745,60,-3,-75,1
09/11/2005 18:16:00,254,-5.575713509,61,-3,-75,1
09/11/2005 18:17:00,254,-5.548574274,63,-3,-76,1
09/11/2005 18:18:00,254,-5.519310949,65,-3,-77,1
09/11/2005 18:19:00,254,-5.490047625,62,-4,-76,1
09/11/2005 18:20:00,254,-5.460784301,60,-4,-75,1
09/11/2005 18:21:00,254,-5.431520976,58,-5,-74,1
09/11/2005 18:22:00,254,-5.402257652,57,-5,-75,1
09/11/2005 18:23:00,254,-5.371254703,56,-5,-75,1
09/11/2005 18:24:00,254,-5.340251754,54,-6,-74,1
09/11/2005 18:25:00,254,-5.309248805,51,-6,-73,1
09/11/2005 18:26:00,254,-5.278245856,51,-7,-73,1
09/11/2005 18:27:00,254,-5.247242907,50,-7,-73,1
09/11/2005 18:28:00,254,-5.236001905,50,-7,-73,1
09/11/2005 18:29:00,254,-5.224760902,49,-6,-73,1
09/11/2005 18:30:00,254,-5.213519899,49,-6,-73,1
09/11/2005 18:31:00,254,-5.202278897,49,-5,-73,1
09/11/2005 18:32:00,254,-5.191037894,48,-4,-74,1
09/11/2005 18:33:00,254,-5.197460753,49,-4,-74,1
09/11/2005 18:34:00,254,-5.203883611,51,-4,-76,1
09/11/2005 18:35:00,254,-5.210306469,55,-4,-78,1
09/11/2005 18:36:00,254,-5.216729328,56,-4,-77,1
09/11/2005 18:37:00,254,-5.223152186,55,-5,-76,1
09/11/2005 18:38:00,254,-5.203100444,55,-6,-76,1
09/11/2005 18:39:00,254,-5.183048702,54,-7,-76,1
09/11/2005 18:40:00,254,-5.16299696,53,-8,-75,1
09/11/2005 18:41:00,254,-5.142945218,51,-9,-75,1
09/11/2005 18:42:00,254,-5.122893476,49,-9,-74,1
09/11/2005 18:43:00,254,-5.100190772,51,-9,-73,1
09/11/2005 18:44:00,254,-5.077488067,52,-9,-72,1
09/11/2005 18:45:00,254,-5.054785363,53,-8,-72,1
09/11/2005 18:46:00,254,-5.032082659,55,-7,-72,1
09/11/2005 18:47:00,254,-5.009379955,56,-6,-71,1
09/11/2005 18:48:00,254,-4.983063375,55,-6,-70,1
09/11/2005 18:49:00,254,-4.956746795,53,-5,-68,1
09/11/2005 18:50:00,254,-4.930430215,52,-4,-68,1
09/11/2005 18:51:00,254,-4.904113635,50,-4,-68,1
09/11/2005 18:52:00,254,-4.877797055,47,-3,-68,1
09/11/2005 18:53:00,254,-4.87088327,50,-2,-67,1
09/11/2005 18:54:00,254,-4.863969485,54,-1,-66,1
09/11/2005 18:55:00,254,-4.8570557,56,-1,-67,1
09/11/2005 18:56:00,254,-4.850141915,56,0,-67,1
09/11/2005 18:57:00,254,-4.84322813,56,0,-67,1
09/11/2005 18:58:00,254,-4.849699035,55,0,-67,1
09/11/2005 18:59:00,254,-4.856169939,54,-1,-66,1
09/11/2005 19:00:00,254,-4.862640843,53,-1,-67,1
09/11/2005 19:01:00,254,-4.869111748,51,-1,-67,1
09/11/2005 19:02:00,254,-4.875582652,49,-2,-68,1
09/11/2005 19:03:00,254,-4.882613865,47,-2,-68,1
09/11/2005 19:04:00,254,-4.889645078,44,-3,-69,1
09/11/2005 19:05:00,254,-4.89667629,44,-3,-70,1
09/11/2005 19:06:00,254,-4.903707503,42,-3,-71,1
09/11/2005 19:07:00,254,-4.910738716,41,-3,-72,1
09/11/2005 19:08:00,254,-4.88159693,41,-4,-73,1
09/11/2005 19:09:00,254,-4.852455144,40,-5,-72,1
09/11/2005 19:10:00,254,-4.823313358,39,-5,-72,1
09/11/2005 19:11:00,254,-4.794171573,41,-6,-71,1
09/11/2005 19:12:00,254,-4.765029787,42,-7,-71,1
09/11/2005 19:13:00,254,-4.787914642,42,-7,-70,1
09/11/2005 19:14:00,254,-4.810799496,41,-8,-69,1
09/11/2005 19:15:00,254,-4.833684351,42,-8,-69,1
09/11/2005 19:16:00,254,-4.856569205,40,-9,-68,1
09/11/2005 19:17:00,254,-4.87945406,39,-10,-68,1
09/11/2005 19:18:00,254,-4.882255361,39,-10,-69,1
09/11/2005 19:19:00,254,-4.885056662,38,-10,-69,1
09/11/2005 19:20:00,254,-4.887857963,35,-11,-68,1
09/11/2005 19:21:00,254,-4.890659264,34,-11,-69,1
09/11/2005 19:22:00,254,-4.893460565,33,-10,-68,1
09/11/2005 19:23:00,254,-4.885102448,34,-10,-69,1
09/11/2005 19:24:00,254,-4.876744331,36,-9,-70,1
09/11/2005 19:25:00,254,-4.868386213,35,-9,-69,1
09/11/2005 19:26:00,254,-4.860028096,35,-9,-69,1
09/11/2005 19:27:00,254,-4.851669979,34,-8,-69,1
09/11/2005 19:28:00,254,-4.843773864,34,-8,-68,1
09/11/2005 19:29:00,254,-4.83587775,33,-7,-68,1
09/11/2005 19:30:00,254,-4.827981636,33,-7,-68,1
09/11/2005 19:31:00,254,-4.820085521,33,-7,-68,1
09/11/2005 19:32:00,254,-4.812189407,34,-6,-68,1
09/11/2005 19:33:00,254,-4.777153618,34,-6,-68,1
09/11/2005 19:34:00,254,-4.74211783,36,-5,-67,1
09/11/2005 19:35:00,254,-4.707082041,37,-5,-66,1
09/11/2005 19:36:00,254,-4.672046253,38,-5,-65,1
09/11/2005 19:37:00,254,-4.637010464,37,-4,-65,1
09/11/2005 19:38:00,254,-4.614024136,36,-4,-65,1
09/11/2005 19:39:00,254,-4.591037808,34,-4,-66,1
09/11/2005 19:40:00,254,-4.56805148,33,-4,-66,1
09/11/2005 19:41:00,254,-4.545065152,29,-4,-68,1
09/11/2005 19:42:00,254,-4.522078824,32,-4,-69,1
09/11/2005 19:43:00,254,-4.527958645,32,-4,-69,1
09/11/2005 19:44:00,254,-4.533838467,31,-5,-67,1
09/11/2005 19:45:00,254,-4.539718288,29,-5,-66,1
09/11/2005 19:46:00,254,-4.54559811,31,-5,-66,1
09/11/2005 19:47:00,254,-4.551477932,32,-5,-66,1
09/11/2005 19:48:00,254,-4.536991325,34,-6,-65,1
09/11/2005 19:49:00,254,-4.522504719,35,-6,-65,1
09/11/2005 19:50:00,254,-4.508018113,33,-6,-64,1
09/11/2005 19:51:00,254,-4.493531506,34,-6,-64,1
09/11/2005 19:52:00,254,-4.4790449,36,-6,-63,1
09/11/2005 19:53:00,254,-4.475306056,36,-6,-62,1
09/11/2005 19:54:00,254,-4.471567213,36,-6,-62,1
09/11/2005 19:55:00,254,-4.467828369,34,-6,-62,1
09/11/2005 19:56:00,254,-4.464089525,32,-6,-63,1
09/11/2005 19:57:00,254,-4.460350682,28,-7,-64,1
09/11/2005 19:58:00,254,-4.431570398,26,-7,-64,1
09/11/2005 19:59:00,254,-4.402790114,27,-7,-66,1
09/11/2005 20:00:00,254,-4.37400983,29,-6,-67,1
09/11/2005 20:01:00,254,-4.345229547,32,-6,-67,1
09/11/2005 20:02:00,254,-4.316449263,32,-5,-66,1
09/11/2005 20:03:00,254,-4.321821198,34,-5,-66,1
09/11/2005 20:04:00,254,-4.327193133,36,-5,-66,1
09/11/2005 20:05:00,254,-4.332565068,39,-5,-66,1
09/11/2005 20:06:00,254,-4.337937003,40,-5,-66,1
09/11/2005 20:07:00,254,-4.343308938,42,-5,-65,1
09/11/2005 20:08:00,254,-4.323679261,43,-5,-65,1
09/11/2005 20:09:00,254,-4.304049584,43,-5,-65,1
09/11/2005 20:10:00,254,-4.284419907,41,-5,-65,1
09/11/2005 20:11:00,254,-4.26479023,42,-5,-65,1
09/11/2005 20:12:00,254,-4.245160554,41,-6,-64,1
09/11/2005 20:13:00,254,-4.258434529,43,-6,-64,1
09/11/2005 20:14:00,254,-4.271708503,44,-6,-63,1
09/11/2005 20:15:00,254,-4.284982478,44,-6,-63,1
09/11/2005 20:16:00,254,-4.298256453,47,-6,-63,1
09/11/2005 20:17:00,254,-4.311530428,46,-6,-62,1
09/11/2005 20:18:00,254,-4.289453535,45,-6,-61,1
09/11/2005 20:19:00,254,-4.267376642,45,-6,-61,1
09/11/2005 20:20:00,254,-4.245299749,44,-6,-61,1
09/11/2005 20:21:00,254,-4.223222856,44,-6,-60,1
09/11/2005 20:22:00,254,-4.201145963,43,-6,-60,1
09/11/2005 20:23:00,254,-4.200780884,40,-7,-60,1
09/11/2005 20:24:00,254,-4.200415806,40,-6,-60,1
09/11/2005 20:25:00,254,-4.200050727,41,-7,-62,1
09/11/2005 20:26:00,254,-4.199685648,39,-6,-66,1
09/11/2005 20:27:00,254,-4.19932057,40,-6,-66,1
09/11/2005 20:28:00,254,-4.183791638,40,-6,-65,1
09/11/2005 20:29:00,254,-4.168262706,40,-6,-66,1
09/11/2005 20:30:00,254,-4.152733775,44,-5,-65,1
09/11/2005 20:31:00,254,-4.137204843,46,-4,-63,1
09/11/2005 20:32:00,254,-4.121675911,50,-4,-61,1
09/11/2005 20:33:00,254,-4.076563556,52,-4,-59,1
09/11/2005 20:34:00,254,-4.031451202,50,-4,-59,1
09/11/2005 20:35:00,254,-3.986338847,50,-3,-60,1
09/11/2005 20:36:00,254,-3.941226492,57,-3,-58,1
09/11/2005 20:37:00,254,-3.896114137,63,-2,-57,1
09/11/2005 20:38:00,254,-3.852374891,67,-2,-57,1
09/11/2005 20:39:00,254,-3.808635645,73,-1,-56,1
09/11/2005 20:40:00,254,-3.764896398,81,-1,-54,1
09/11/2005 20:41:00,254,-3.721157152,88,-1,-53,1
09/11/2005 20:42:00,254,-3.677417905,89,-1,-53,1
09/11/2005 20:43:00,254,-3.659308882,94,-1,-53,1
09/11/2005 20:44:00,254,-3.64119986,95,-1,-52,1
09/11/2005 20:45:00,254,-3.623090837,95,-2,-52,1
09/11/2005 20:46:00,254,-3.604981814,94,-2,-52,1
09/11/2005 20:47:00,254,-3.586872791,90,-2,-53,1
09/11/2005 20:48:00,254,-3.552771563,84,-3,-53,1
09/11/2005 20:49:00,254,-3.518670336,84,-4,-52,1
09/11/2005 20:50:00,254,-3.484569108,80,-4,-53,1
09/11/2005 20:51:00,254,-3.450467881,77,-4,-53,1
09/11/2005 20:52:00,254,-3.416366653,77,-4,-53,1
09/11/2005 20:53:00,254,-3.37812429,75,-4,-54,1
09/11/2005 20:54:00,254,-3.339881926,71,-4,-55,1
09/11/2005 20:55:00,254,-3.301639563,71,-4,-54,1
09/11/2005 20:56:00,254,-3.2633972,72,-4,-54,1
09/11/2005 20:57:00,254,-3.225154836,71,-3,-54,1
09/11/2005 20:58:00,254,-3.214387751,71,-4,-53,1
09/11/2005 20:59:00,254,-3.203620666,70,-4,-52,1
09/11/2005 21:00:00,254,-3.192853581,65,-4,-53,1
09/11/2005 21:01:00,254,-3.182086495,62,-3,-54,1
09/11/2005 21:02:00,254,-3.17131941,64,-3,-53,1
09/11/2005 21:03:00,254,-3.187653026,65,-3,-52,1
09/11/2005 21:04:00,254,-3.203986641,62,-3,-53,1
09/11/2005 21:05:00,254,-3.220320257,60,-2,-54,1
09/11/2005 21:06:00,254,-3.236653872,59,-2,-54,1
09/11/2005 21:07:00,254,-3.252987487,59,-2,-54,1
09/11/2005 21:08:00,254,-3.21527375,60,-2,-53,1
09/11/2005 21:09:00,254,-3.177560013,58,-2,-53,1
09/11/2005 21:10:00,254,-3.139846276,59,-2,-53,1
09/11/2005 21:11:00,254,-3.102132539,58,-2,-53,1
09/11/2005 21:12:00,254,-3.064418802,54,-2,-53,1
09/11/2005 21:13:00,254,-3.011408492,53,-2,-54,1
09/11/2005 21:14:00,254,-2.958398182,51,-3,-55,1
09/11/2005 21:15:00,254,-2.905387872,49,-3,-55,1
09/11/2005 21:16:00,254,-2.852377562,50,-3,-55,1
09/11/2005 21:17:00,254,-2.799367252,50,-3,-55,1
09/11/2005 21:18:00,254,-2.818468227,51,-3,-55,1
09/11/2005 21:19:00,254,-2.837569202,52,-3,-55,1
09/11/2005 21:20:00,254,-2.856670177,53,-3,-55,1
09/11/2005 21:21:00,254,-2.875771152,52,-3,-55,1
09/11/2005 21:22:00,254,-2.894872127,51,-3,-56,1
09/11/2005 21:23:00,254,-2.875186367,51,-3,-56,1
09/11/2005 21:24:00,254,-2.855500607,50,-3,-56,1
09/11/2005 21:25:00,254,-2.835814847,49,-3,-57,1
09/11/2005 21:26:00,254,-2.816129087,48,-3,-58,1
09/11/2005 21:27:00,254,-2.796443326,46,-3,-57,1
09/11/2005 21:28:00,254,-2.779446408,45,-4,-58,1
09/11/2005 21:29:00,254,-2.76244949,44,-3,-58,1
09/11/2005 21:30:00,254,-2.745452572,45,-3,-58,1
09/11/2005 21:31:00,254,-2.728455654,49,-3,-58,1
09/11/2005 21:32:00,254,-2.711458736,50,-3,-57,1
09/11/2005 21:33:00,254,-2.691960832,51,-3,-57,1
09/11/2005 21:34:00,254,-2.672462928,52,-3,-56,1
09/11/2005 21:35:00,254,-2.652965023,52,-3,-56,1
09/11/2005 21:36:00,254,-2.633467119,51,-3,-56,1
09/11/2005 21:37:00,254,-2.613969215,50,-3,-56,1
09/11/2005 21:38:00,254,-2.588036738,49,-4,-55,1
09/11/2005 21:39:00,254,-2.562104261,48,-5,-56,1
09/11/2005 21:40:00,254,-2.536171785,49,-5,-57,1
09/11/2005 21:41:00,254,-2.510239308,51,-6,-59,1
09/11/2005 21:42:00,254,-2.484306831,51,-7,-60,1
09/11/2005 21:43:00,254,-2.455643038,51,-7,-61,1
09/11/2005 21:44:00,254,-2.426979244,51,-7,-62,1
09/11/2005 21:45:00,254,-2.398315451,52,-7,-62,1
09/11/2005 21:46:00,254,-2.369651657,53,-7,-62,1
09/11/2005 21:47:00,254,-2.340987863,53,-8,-63,1
09/11/2005 21:48:00,254,-2.332277478,53,-8,-64,1
09/11/2005 21:49:00,254,-2.323567092,54,-7,-63,1
09/11/2005 21:50:00,254,-2.314856706,53,-8,-63,1
09/11/2005 21:51:00,254,-2.306146321,52,-8,-63,1
09/11/2005 21:52:00,254,-2.297435935,55,-8,-63,1
09/11/2005 21:53:00,254,-2.291309383,55,-8,-64,1
09/11/2005 21:54:00,254,-2.285182831,55,-8,-64,1
09/11/2005 21:55:00,254,-2.279056279,56,-7,-64,1
09/11/2005 21:56:00,254,-2.272929726,56,-7,-65,1
09/11/2005 21:57:00,254,-2.266803174,57,-7,-65,1
09/11/2005 21:58:00,254,-2.211593296,59,-7,-66,1
09/11/2005 21:59:00,254,-2.156383417,59,-7,-67,1
09/11/2005 22:00:00,254,-2.101173539,58,-7,-66,1
09/11/2005 22:01:00,254,-2.04596366,58,-6,-66,1
09/11/2005 22:02:00,254,-1.990753781,57,-6,-66,1
09/11/2005 22:03:00,254,-1.933866679,55,-6,-65,1
09/11/2005 22:04:00,254,-1.876979576,53,-6,-65,1
09/11/2005 22:05:00,254,-1.820092473,52,-6,-66,1
09/11/2005 22:06:00,254,-1.76320537,51,-6,-67,1
09/11/2005 22:07:00,254,-1.706318268,50,-6,-67,1
09/11/2005 22:08:00,254,-1.686416949,50,-7,-68,1
09/11/2005 22:09:00,254,-1.666515631,50,-7,-68,1
09/11/2005 22:10:00,254,-1.646614313,48,-7,-68,1
09/11/2005 22:11:00,254,-1.626712995,46,-7,-68,1
09/11/2005 22:12:00,254,-1.606811677,45,-7,-68,1
09/11/2005 22:13:00,254,-1.557841738,44,-7,-68,1
09/11/2005 22:14:00,254,-1.5088718,42,-7,-67,1
09/11/2005 22:15:00,254,-1.459901862,38,-7,-67,1
09/11/2005 22:16:00,254,-1.410931924,35,-7,-67,1
09/11/2005 22:17:00,254,-1.361961986,33,-7,-66,1
09/11/2005 22:18:00,254,-1.380819701,31,-6,-66,1
09/11/2005 22:19:00,254,-1.399677417,30,-6,-67,1
09/11/2005 22:20:00,254,-1.418535133,30,-6,-66,1
09/11/2005 22:21:00,254,-1.437392848,29,-6,-65,1
09/11/2005 22:22:00,254,-1.456250564,29,-6,-65,1
09/11/2005 22:23:00,254,-1.443644543,28,-6,-64,1
09/11/2005 22:24:00,254,-1.431038523,27,-6,-64,1
09/11/2005 22:25:00,254,-1.418432502,26,-6,-64,1
09/11/2005 22:26:00,254,-1.405826481,26,-6,-64,1
09/11/2005 22:27:00,254,-1.39322046,25,-6,-65,1
09/11/2005 22:28:00,254,-1.409463845,23,-6,-65,1
09/11/2005 22:29:00,254,-1.42570723,23,-7,-65,1
09/11/2005 22:30:00,254,-1.441950615,23,-6,-65,1
09/11/2005 22:31:00,254,-1.458194,24,-6,-65,1
09/11/2005 22:32:00,254,-1.474437385,22,-7,-65,1
09/11/2005 22:33:00,254,-1.49435453,22,-6,-65,1
09/11/2005 22:34:00,254,-1.514271675,22,-6,-65,1
09/11/2005 22:35:00,254,-1.534188819,22,-6,-65,1
09/11/2005 22:36:00,254,-1.554105964,22,-6,-65,1
09/11/2005 22:37:00,254,-1.574023109,22,-7,-65,1
09/11/2005 22:38:00,254,-1.625573658,22,-7,-65,1
09/11/2005 22:39:00,254,-1.677124207,22,-7,-65,1
09/11/2005 22:40:00,254,-1.728674756,22,-7,-65,1
09/11/2005 22:41:00,254,-1.780225306,22,-7,-65,1
09/11/2005 22:42:00,254,-1.831775855,23,-7,-65,1
09/11/2005 22:43:00,254,-1.863444672,23,-7,-65,1
09/11/2005 22:44:00,254,-1.895113489,24,-7,-65,1
09/11/2005 22:45:00,254,-1.926782307,24,-7,-65,1
09/11/2005 22:46:00,254,-1.958451124,24,-7,-64,1
09/11/2005 22:47:00,254,-1.990119941,24,-7,-64,1
09/11/2005 22:48:00,254,-2.013797661,24,-7,-63,1
09/11/2005 22:49:00,254,-2.037475381,23,-7,-63,1
09/11/2005 22:50:00,254,-2.061153101,24,-7,-64,1
09/11/2005 22:51:00,254,-2.084830821,24,-7,-63,1
09/11/2005 22:52:00,254,-2.10850854,23,-7,-64,1
09/11/2005 22:53:00,254,-2.14069878,23,-8,-65,1
09/11/2005 22:54:00,254,-2.17288902,23,-8,-65,1
09/11/2005 22:55:00,254,-2.20507926,22,-8,-65,1
09/11/2005 22:56:00,254,-2.237269499,22,-8,-65,1
09/11/2005 22:57:00,254,-2.269459739,22,-8,-65,1
09/11/2005 22:58:00,254,-2.324760564,22,-8,-67,1
09/11/2005 22:59:00,254,-2.380061388,24,-8,-66,1
09/11/2005 23:00:00,254,-2.435362212,26,-8,-66,1
09/11/2005 23:01:00,254,-2.490663037,25,-8,-66,1
09/11/2005 23:02:00,254,-2.545963861,24,-7,-67,1
09/11/2005 23:03:00,254,-2.573081469,25,-7,-67,1
09/11/2005 23:04:00,254,-2.600199076,26,-7,-67,1
09/11/2005 23:05:00,254,-2.627316683,26,-7,-67,1
09/11/2005 23:06:00,254,-2.654434291,27,-7,-67,1
09/11/2005 23:07:00,254,-2.681551898,28,-7,-67,1
09/11/2005 23:08:00,254,-2.688744512,28,-7,-67,1
09/11/2005 23:09:00,254,-2.695937126,31,-7,-68,1
09/11/2005 23:10:00,254,-2.70312974,30,-7,-68,1
09/11/2005 23:11:00,254,-2.710322354,31,-7,-68,1
09/11/2005 23:12:00,254,-2.717514968,33,-7,-67,1
09/11/2005 23:13:00,254,-2.744052803,34,-7,-67,1
09/11/2005 23:14:00,254,-2.770590638,36,-6,-67,1
09/11/2005 23:15:00,254,-2.797128473,36,-6,-67,1
09/11/2005 23:16:00,254,-2.823666308,38,-6,-67,1
09/11/2005 23:17:00,254,-2.850204143,39,-6,-67,1
09/11/2005 23:18:00,254,-2.863886728,40,-6,-67,1
09/11/2005 23:19:00,254,-2.877569312,41,-7,-67,1
09/11/2005 23:20:00,254,-2.891251896,39,-7,-67,1
09/11/2005 23:21:00,254,-2.90493448,36,-7,-68,1
09/11/2005 23:22:00,254,-2.918617064,36,-8,-68,1
09/11/2005 23:23:00,254,-2.91782535,39,-8,-69,1
09/11/2005 23:24:00,254,-2.917033635,40,-8,-69,1
09/11/2005 23:25:00,254,-2.916241921,42,-8,-69,1
09/11/2005 23:26:00,254,-2.915450206,44,-9,-69,1
09/11/2005 23:27:00,254,-2.914658492,45,-8,-69,1
09/11/2005 23:28:00,254,-2.891791839,48,-8,-69,1
09/11/2005 23:29:00,254,-2.868925185,49,-7,-68,1
09/11/2005 23:30:00,254,-2.846058532,48,-7,-68,1
09/11/2005 23:31:00,254,-2.823191879,50,-6,-69,1
09/11/2005 23:32:00,254,-2.800325226,50,-5,-68,1
09/11/2005 23:33:00,254,-2.786022657,51,-4,-69,1
09/11/2005 23:34:00,254,-2.771720089,55,-3,-69,1
09/11/2005 23:35:00,254,-2.75741752,59,-2,-68,1
09/11/2005 23:36:00,254,-2.743114952,61,-2,-68,1
09/11/2005 23:37:00,254,-2.728812384,62,-2,-68,1
09/11/2005 23:38:00,254,-2.691576168,64,-2,-67,1
09/11/2005 23:39:00,254,-2.654339952,64,-2,-67,1
09/11/2005 23:40:00,254,-2.617103736,65,-2,-67,1
09/11/2005 23:41:00,254,-2.57986752,67,-2,-66,1
09/11/2005 23:42:00,254,-2.542631304,68,-3,-66,1
09/11/2005 23:43:00,254,-2.563445009,68,-3,-65,1
09/11/2005 23:44:00,254,-2.584258714,70,-4,-65,1
09/11/2005 23:45:00,254,-2.605072418,70,-5,-64,1
09/11/2005 23:46:00,254,-2.625886123,69,-5,-64,1
09/11/2005 23:47:00,254,-2.646699828,68,-6,-64,1
09/11/2005 23:48:00,254,-2.628766049,66,-6,-64,1
09/11/2005 23:49:00,254,-2.61083227,64,-7,-64,1
09/11/2005 23:50:00,254,-2.59289849,61,-8,-65,1
09/11/2005 23:51:00,254,-2.574964711,60,-9,-64,1
09/11/2005 23:52:00,254,-2.557030932,61,-9,-65,1
09/11/2005 23:53:00,254,-2.528981928,60,-9,-65,1
09/11/2005 23:54:00,254,-2.500932924,61,-9,-65,1
09/11/2005 23:55:00,254,-2.47288392,61,-9,-65,1
09/11/2005 23:56:00,254,-2.444834916,61,-9,-66,1
09/11/2005 23:57:00,254,-2.416785912,61,-9,-66,1
09/11/2005 23:58:00,254,-2.439922974,61,-9,-67,1
09/11/2005 23:59:00,254,-2.463060036,62,-9,-67,1
09/12/2005 00:00:00,255,-2.486197098,62,-9,-67,1
09/12/2005 00:01:00,255,-2.50933416,61,-9,-67,1
09/12/2005 00:02:00,255,-2.532471223,60,-9,-67,1
09/12/2005 00:03:00,255,-2.52496139,59,-8,-67,1
09/12/2005 00:04:00,255,-2.517451558,58,-8,-67,1
09/12/2005 00:05:00,255,-2.509941726,58,-7,-67,1
09/12/2005 00:06:00,255,-2.502431894,58,-7,-67,1
09/12/2005 00:07:00,255,-2.494922062,58,-6,-67,1
09/12/2005 00:08:00,255,-2.502383543,58,-6,-67,1
09/12/2005 00:09:00,255,-2.509845023,58,-6,-66,1
09/12/2005 00:10:00,255,-2.517306504,58,-7,-66,1
09/12/2005 00:11:00,255,-2.524767985,58,-6,-65,1
09/12/2005 00:12:00,255,-2.532229465,57,-6,-65,1
09/12/2005 00:13:00,255,-2.496225316,59,-5,-64,1
09/12/2005 00:14:00,255,-2.460221167,59,-5,-65,1
09/12/2005 00:15:00,255,-2.424217017,59,-5,-65,1
09/12/2005 00:16:00,255,-2.388212868,59,-5,-65,1
09/12/2005 00:17:00,255,-2.352208719,59,-5,-65,1
09/12/2005 00:18:00,255,-2.325817616,58,-5,-64,1
09/12/2005 00:19:00,255,-2.299426514,59,-5,-65,1
09/12/2005 00:20:00,255,-2.273035411,60,-6,-64,1
09/12/2005 00:21:00,255,-2.246644309,60,-6,-64,1
09/12/2005 00:22:00,255,-2.220253206,61,-6,-65,1
09/12/2005 00:23:00,255,-2.181920442,61,-6,-65,1
09/12/2005 00:24:00,255,-2.143587678,62,-6,-66,1
09/12/2005 00:25:00,255,-2.105254913,62,-6,-67,1
09/12/2005 00:26:00,255,-2.066922149,63,-6,-67,1
09/12/2005 00:27:00,255,-2.028589385,63,-6,-68,1
09/12/2005 00:28:00,255,-2.031648215,64,-6,-67,1
09/12/2005 00:29:00,255,-2.034707046,65,-7,-67,1
09/12/2005 00:30:00,255,-2.037765876,65,-7,-67,1
09/12/2005 00:31:00,255,-2.040824707,67,-7,-68,1
09/12/2005 00:32:00,255,-2.043883538,67,-7,-68,1
09/12/2005 00:33:00,255,-2.022032327,69,-7,-68,1
09/12/2005 00:34:00,255,-2.000181116,69,-7,-69,1
09/12/2005 00:35:00,255,-1.978329906,71,-7,-69,1
09/12/2005 00:36:00,255,-1.956478695,72,-7,-70,1
09/12/2005 00:37:00,255,-1.934627484,73,-7,-71,1
09/12/2005 00:38:00,255,-1.938983129,74,-7,-70,1
09/12/2005 00:39:00,255,-1.943338775,74,-7,-70,1
09/12/2005 00:40:00,255,-1.94769442,74,-6,-69,1
09/12/2005 00:41:00,255,-1.952050065,74,-6,-69,1
09/12/2005 00:42:00,255,-1.95640571,75,-6,-69,1
09/12/2005 00:43:00,255,-1.965607611,76,-6,-69,1
09/12/2005 00:44:00,255,-1.974809512,76,-6,-69,1
09/12/2005 00:45:00,255,-1.984011412,76,-6,-69,1
09/12/2005 00:46:00,255,-1.993213313,76,-6,-69,1
09/12/2005 00:47:00,255,-2.002415213,76,-6,-69,1
09/12/2005 00:48:00,255,-1.993873191,76,-6,-69,1
09/12/2005 00:49:00,255,-1.985331169,75,-6,-69,1
09/12/2005 00:50:00,255,-1.976789147,76,-5,-68,1
09/12/2005 00:51:00,255,-1.968247125,76,-5,-68,1
09/12/2005 00:52:00,255,-1.959705103,76,-5,-68,1
09/12/2005 00:53:00,255,-1.985622525,78,-5,-68,1
09/12/2005 00:54:00,255,-2.011539947,78,-5,-67,1
09/12/2005 00:55:00,255,-2.037457369,78,-4,-68,1
09/12/2005 00:56:00,255,-2.06337479,79,-4,-68,1
09/12/2005 00:57:00,255,-2.089292212,80,-4,-68,1
09/12/2005 00:58:00,255,-2.092067206,80,-4,-69,1
09/12/2005 00:59:00,255,-2.0948422,80,-4,-68,1
09/12/2005 01:00:00,255,-2.097617194,81,-4,-68,1
09/12/2005 01:01:00,255,-2.100392188,82,-4,-69,1
09/12/2005 01:02:00,255,-2.103167181,81,-4,-68,1
09/12/2005 01:03:00,255,-2.171512415,81,-4,-68,1
09/12/2005 01:04:00,255,-2.239857649,81,-4,-68,1
09/12/2005 01:05:00,255,-2.308202882,83,-4,-69,1
09/12/2005 01:06:00,255,-2.376548116,83,-4,-69,1
09/12/2005 01:07:00,255,-2.444893349,83,-4,-70,1
09/12/2005 01:08:00,255,-2.481583307,84,-4,-71,1
09/12/2005 01:09:00,255,-2.518273265,85,-4,-72,1
09/12/2005 01:10:00,255,-2.554963223,86,-4,-72,1
09/12/2005 01:11:00,255,-2.59165318,86,-4,-73,1
09/12/2005 01:12:00,255,-2.628343138,85,-4,-73,1
09/12/2005 01:13:00,255,-2.656678284,85,-4,-73,1
09/12/2005 01:14:00,255,-2.68501343,84,-4,-73,1
09/12/2005 01:15:00,255,-2.713348575,84,-4,-73,1
09/12/2005 01:16:00,255,-2.741683721,84,-4,-74,1
09/12/2005 01:17:00,255,-2.770018867,84,-4,-74,1
09/12/2005 01:18:00,255,-2.754776059,84,-4,-74,1
09/12/2005 01:19:00,255,-2.739533251,83,-5,-74,1
09/12/2005 01:20:00,255,-2.724290443,83,-5,-74,1
09/12/2005 01:21:00,255,-2.709047635,82,-5,-74,1
09/12/2005 01:22:00,255,-2.693804827,82,-5,-74,1
09/12/2005 01:23:00,255,-2.660109132,80,-5,-73,1
09/12/2005 01:24:00,255,-2.626413438,79,-5,-72,1
09/12/2005 01:25:00,255,-2.592717743,79,-5,-71,1
09/12/2005 01:26:00,255,-2.559022048,78,-5,-70,1
09/12/2005 01:27:00,255,-2.525326353,76,-5,-69,1
09/12/2005 01:28:00,255,-2.527378259,76,-5,-69,1
09/12/2005 01:29:00,255,-2.529430165,74,-5,-69,1
09/12/2005 01:30:00,255,-2.531482071,73,-5,-68,1
09/12/2005 01:31:00,255,-2.533533977,71,-6,-68,1
09/12/2005 01:32:00,255,-2.535585883,69,-6,-68,1
09/12/2005 01:33:00,255,-2.52491588,68,-6,-68,1
09/12/2005 01:34:00,255,-2.514245877,68,-6,-68,1
09/12/2005 01:35:00,255,-2.503575874,67,-6,-68,1
09/12/2005 01:36:00,255,-2.492905872,66,-6,-68,1
09/12/2005 01:37:00,255,-2.482235869,65,-6,-68,1
09/12/2005 01:38:00,255,-2.477247369,66,-6,-68,1
09/12/2005 01:39:00,255,-2.47225887,66,-5,-67,1
09/12/2005 01:40:00,255,-2.46727037,67,-4,-67,1
09/12/2005 01:41:00,255,-2.462281871,68,-3,-66,1
09/12/2005 01:42:00,255,-2.457293371,75,-2,-65,1
09/12/2005 01:43:00,255,-2.485713522,81,-1,-65,1
09/12/2005 01:44:00,255,-2.514133673,85,-1,-65,1
09/12/2005 01:45:00,255,-2.542553825,86,-1,-64,1
09/12/2005 01:46:00,255,-2.570973976,88,-1,-64,1
09/12/2005 01:47:00,255,-2.599394127,92,0,-63,1
09/12/2005 01:48:00,255,-2.593016137,93,1,-62,1
09/12/2005 01:49:00,255,-2.586638147,92,1,-61,1
09/12/2005 01:50:00,255,-2.580260158,92,1,-60,1
09/12/2005 01:51:00,255,-2.573882168,92,1,-60,1
09/12/2005 01:52:00,255,-2.567504178,92,1,-59,1
09/12/2005 01:53:00,255,-2.55711064,90,1,-59,1
09/12/2005 01:54:00,255,-2.546717102,88,0,-59,1
09/12/2005 01:55:00,255,-2.536323564,87,0,-58,1
09/12/2005 01:56:00,255,-2.525930026,86,0,-57,1
09/12/2005 01:57:00,255,-2.515536488,83,1,-56,1
09/12/2005 01:58:00,255,-2.537042906,80,0,-56,1
09/12/2005 01:59:00,255,-2.558549324,81,0,-56,1
09/12/2005 02:00:00,255,-2.580055742,80,1,-56,1
09/12/2005 02:01:00,255,-2.60156216,77,1,-56,1
09/12/2005 02:02:00,255,-2.623068578,74,1,-56,1
09/12/2005 02:03:00,255,-2.6445353,73,0,-57,1
09/12/2005 02:04:00,255,-2.666002021,73,0,-57,1
09/12/2005 02:05:00,255,-2.687468743,74,0,-57,1
09/12/2005 02:06:00,255,-2.708935465,73,0,-57,1
09/12/2005 02:07:00,255,-2.730402187,72,0,-57,1
09/12/2005 02:08:00,255,-2.711816924,68,0,-57,1
09/12/2005 02:09:00,255,-2.693231661,63,0,-58,1
09/12/2005 02:10:00,255,-2.674646398,58,-1,-58,1
09/12/2005 02:11:00,255,-2.656061135,56,-1,-59,1
09/12/2005 02:12:00,255,-2.637475872,55,-1,-60,1
09/12/2005 02:13:00,255,-2.645916658,56,-1,-60,1
09/12/2005 02:14:00,255,-2.654357444,56,-1,-60,1
09/12/2005 02:15:00,255,-2.66279823,55,-1,-60,1
09/12/2005 02:16:00,255,-2.671239016,55,-1,-60,1
09/12/2005 02:17:00,255,-2.679679802,56,-1,-59,1
09/12/2005 02:18:00,255,-2.670361784,55,-1,-58,1
09/12/2005 02:19:00,255,-2.661043765,55,-1,-59,1
09/12/2005 02:20:00,255,-2.651725747,56,-2,-59,1
09/12/2005 02:21:00,255,-2.642407728,56,-2,-60,1
09/12/2005 02:22:00,255,-2.63308971,56,-2,-60,1
09/12/2005 02:23:00,255,-2.644091974,55,-3,-60,1
09/12/2005 02:24:00,255,-2.655094237,54,-3,-61,1
09/12/2005 02:25:00,255,-2.666096501,55,-3,-61,1
09/12/2005 02:26:00,255,-2.677098764,55,-3,-61,1
09/12/2005 02:27:00,255,-2.688101028,55,-2,-61,1
09/12/2005 02:28:00,255,-2.699450427,55,-2,-61,1
09/12/2005 02:29:00,255,-2.710799826,55,-2,-61,1
09/12/2005 02:30:00,255,-2.722149225,55,-1,-61,1
09/12/2005 02:31:00,255,-2.733498624,55,-1,-61,1
09/12/2005 02:32:00,255,-2.744848023,56,0,-61,1
09/12/2005 02:33:00,255,-2.737000053,58,0,-61,1
09/12/2005 02:34:00,255,-2.729152084,62,1,-61,1
09/12/2005 02:35:00,255,-2.721304114,67,1,-61,1
09/12/2005 02:36:00,255,-2.713456145,73,1,-61,1
09/12/2005 02:37:00,255,-2.705608176,80,2,-60,1
09/12/2005 02:38:00,255,-2.676289665,85,3,-59,1
09/12/2005 02:39:00,255,-2.646971154,90,3,-58,1
09/12/2005 02:40:00,255,-2.617652643,94,3,-57,1
09/12/2005 02:41:00,255,-2.588334132,96,3,-56,1
09/12/2005 02:42:00,255,-2.559015621,95,3,-55,1
09/12/2005 02:43:00,255,-2.565103678,94,2,-54,1
09/12/2005 02:44:00,255,-2.571191735,91,1,-53,1
09/12/2005 02:45:00,255,-2.577279791,88,1,-52,1
09/12/2005 02:46:00,255,-2.583367848,86,0,-53,1
09/12/2005 02:47:00,255,-2.589455904,86,-1,-52,1
09/12/2005 02:48:00,255,-2.596734311,82,-1,-52,1
09/12/2005 02:49:00,255,-2.604012718,81,-1,-52,1
09/12/2005 02:50:00,255,-2.611291124,77,-1,-51,1
09/12/2005 02:51:00,255,-2.618569531,74,-1,-51,1
09/12/2005 02:52:00,255,-2.625847937,73,-1,-51,1
09/12/2005 02:53:00,255,-2.602160126,70,-1,-51,1
09/12/2005 02:54:00,255,-2.578472314,68,0,-52,1
09/12/2005 02:55:00,255,-2.554784502,68,0,-52,1
09/12/2005 02:56:00,255,-2.53109669,67,1,-52,1
09/12/2005 02:57:00,255,-2.507408879,67,2,-52,1
09/12/2005 02:58:00,255,-2.491626853,67,2,-51,1
09/12/2005 02:59:00,255,-2.475844827,66,2,-50,1
09/12/2005 03:00:00,255,-2.460062802,65,2,-50,1
09/12/2005 03:01:00,255,-2.444280776,64,2,-51,1
09/12/2005 03:02:00,255,-2.42849875,62,1,-51,1
09/12/2005 03:03:00,255,-2.420508398,63,1,-51,1
09/12/2005 03:04:00,255,-2.412518045,63,1,-51,1
09/12/2005 03:05:00,255,-2.404527692,64,1,-51,1
09/12/2005 03:06:00,255,-2.396537339,63,1,-52,1
09/12/2005 03:07:00,255,-2.388546987,60,1,-52,1
09/12/2005 03:08:00,255,-2.387423442,57,0,-51,1
09/12/2005 03:09:00,255,-2.386299897,55,0,-52,1
09/12/2005 03:10:00,255,-2.385176352,55,0,-52,1
09/12/2005 03:11:00,255,-2.384052807,53,0,-52,1
09/12/2005 03:12:00,255,-2.382929262,54,0,-52,1
09/12/2005 03:13:00,255,-2.364931518,53,0,-52,1
09/12/2005 03:14:00,255,-2.346933773,54,-1,-53,1
09/12/2005 03:15:00,255,-2.328936029,54,0,-52,1
09/12/2005 03:16:00,255,-2.310938284,54,-1,-53,1
09/12/2005 03:17:00,255,-2.29294054,53,-1,-53,1
09/12/2005 03:18:00,255,-2.323531786,51,-1,-54,1
09/12/2005 03:19:00,255,-2.354123033,50,-1,-53,1
09/12/2005 03:20:00,255,-2.384714279,52,0,-54,1
09/12/2005 03:21:00,255,-2.415305526,52,0,-53,1
09/12/2005 03:22:00,255,-2.445896772,54,0,-53,1
09/12/2005 03:23:00,255,-2.436811281,52,0,-52,1
09/12/2005 03:24:00,255,-2.42772579,52,0,-52,1
09/12/2005 03:25:00,255,-2.418640299,51,-1,-52,1
09/12/2005 03:26:00,255,-2.409554808,51,-1,-52,1
09/12/2005 03:27:00,255,-2.400469318,49,-1,-53,1
09/12/2005 03:28:00,255,-2.408238032,51,-1,-53,1
09/12/2005 03:29:00,255,-2.416006746,51,0,-54,1
09/12/2005 03:30:00,255,-2.42377546,51,0,-54,1
09/12/2005 03:31:00,255,-2.431544175,53,0,-54,1
09/12/2005 03:32:00,255,-2.439312889,53,0,-53,1
09/12/2005 03:33:00,255,-2.4142751,57,1,-53,1
09/12/2005 03:34:00,255,-2.389237312,57,0,-53,1
09/12/2005 03:35:00,255,-2.364199523,55,1,-53,1
09/12/2005 03:36:00,255,-2.339161735,51,1,-54,1
09/12/2005 03:37:00,255,-2.314123946,48,1,-55,1
09/12/2005 03:38:00,255,-2.30390579,45,1,-56,1
09/12/2005 03:39:00,255,-2.293687634,44,1,-57,1
09/12/2005 03:40:00,255,-2.283469478,43,1,-57,1
09/12/2005 03:41:00,255,-2.273251321,41,1,-58,1
09/12/2005 03:42:00,255,-2.263033165,45,2,-59,1
09/12/2005 03:43:00,255,-2.24427656,47,2,-59,1
09/12/2005 03:44:00,255,-2.225519954,49,3,-59,1
09/12/2005 03:45:00,255,-2.206763349,51,4,-59,1
09/12/2005 03:46:00,255,-2.188006743,56,4,-59,1
09/12/2005 03:47:00,255,-2.169250137,62,5,-59,1
09/12/2005 03:48:00,255,-2.154456959,64,5,-59,1
09/12/2005 03:49:00,255,-2.139663781,65,5,-58,1
09/12/2005 03:50:00,255,-2.124870602,66,6,-58,1
09/12/2005 03:51:00,255,-2.110077424,68,6,-58,1
09/12/2005 03:52:00,255,-2.095284246,69,6,-57,1
09/12/2005 03:53:00,255,-2.105510229,70,6,-57,1
09/12/2005 03:54:00,255,-2.115736212,70,6,-57,1
09/12/2005 03:55:00,255,-2.125962196,70,6,-57,1
09/12/2005 03:56:00,255,-2.136188179,72,6,-57,1
09/12/2005 03:57:00,255,-2.146414162,73,6,-57,1
09/12/2005 03:58:00,255,-2.123406639,73,6,-57,1
09/12/2005 03:59:00,255,-2.100399115,75,6,-57,1
09/12/2005 04:00:00,255,-2.077391592,77,7,-57,1
09/12/2005 04:01:00,255,-2.054384069,78,7,-57,1
09/12/2005 04:02:00,255,-2.031376545,79,7,-56,1
09/12/2005 04:03:00,255,-1.995646228,80,7,-56,1
09/12/2005 04:04:00,255,-1.95991591,82,7,-57,1
09/12/2005 04:05:00,255,-1.924185593,82,7,-57,1
09/12/2005 04:06:00,255,-1.888455275,81,6,-57,1
09/12/2005 04:07:00,255,-1.852724957,82,6,-57,1
09/12/2005 04:08:00,255,-1.841816344,81,6,-58,1
09/12/2005 04:09:00,255,-1.830907732,82,6,-58,1
09/12/2005 04:10:00,255,-1.819999119,82,7,-58,1
09/12/2005 04:11:00,255,-1.809090506,83,7,-58,1
09/12/2005 04:12:00,255,-1.798181893,82,7,-58,1
09/12/2005 04:13:00,255,-1.810549017,79,7,-58,1
09/12/2005 04:14:00,255,-1.82291614,78,7,-58,1
09/12/2005 04:15:00,255,-1.835283264,76,7,-58,1
09/12/2005 04:16:00,255,-1.847650387,75,7,-59,1
09/12/2005 04:17:00,255,-1.860017511,74,7,-59,1
09/12/2005 04:18:00,255,-1.882185091,73,7,-60,1
09/12/2005 04:19:00,255,-1.904352671,69,6,-60,1
09/12/2005 04:20:00,255,-1.926520251,67,6,-60,1
09/12/2005 04:21:00,255,-1.948687831,66,6,-60,1
09/12/2005 04:22:00,255,-1.970855411,65,6,-60,1
09/12/2005 04:23:00,255,-1.956399285,64,6,-61,1
09/12/2005 04:24:00,255,-1.941943159,64,6,-61,1
09/12/2005 04:25:00,255,-1.927487032,64,6,-61,1
09/12/2005 04:26:00,255,-1.913030906,63,6,-62,1
09/12/2005 04:27:00,255,-1.89857478,61,6,-62,1
09/12/2005 04:28:00,255,-1.872142007,59,6,-61,1
09/12/2005 04:29:00,255,-1.845709234,58,5,-61,1
09/12/2005 04:30:00,255,-1.819276462,56,5,-61,1
09/12/2005 04:31:00,255,-1.792843689,55,5,-61,1
09/12/2005 04:32:00,255,-1.766410916,52,5,-61,1
09/12/2005 04:33:00,255,-1.780428917,50,5,-61,1
09/12/2005 04:34:00,255,-1.794446918,50,5,-62,1
09/12/2005 04:35:00,255,-1.808464918,49,5,-62,1
09/12/2005 04:36:00,255,-1.822482919,49,5,-62,1
09/12/2005 04:37:00,255,-1.83650092,47,4,-62,1
09/12/2005 04:38:00,255,-1.790210674,46,4,-62,1
09/12/2005 04:39:00,255,-1.743920429,45,4,-62,1
09/12/2005 04:40:00,255,-1.697630183,44,3,-62,1
09/12/2005 04:41:00,255,-1.651339937,45,4,-62,1
09/12/2005 04:42:00,255,-1.605049692,46,4,-62,1
09/12/2005 04:43:00,255,-1.594376091,46,4,-62,1
09/12/2005 04:44:00,255,-1.58370249,45,4,-62,1
09/12/2005 04:45:00,255,-1.573028889,44,4,-62,1
09/12/2005 04:46:00,255,-1.562355288,43,4,-62,1
09/12/2005 04:47:00,255,-1.551681687,42,4,-62,1
09/12/2005 04:48:00,255,-1.544437556,41,4,-62,1
09/12/2005 04:49:00,255,-1.537193426,40,4,-62,1
09/12/2005 04:50:00,255,-1.529949295,39,4,-62,1
09/12/2005 04:51:00,255,-1.522705165,39,5,-61,1
09/12/2005 04:52:00,255,-1.515461034,38,5,-61,1
09/12/2005 04:53:00,255,-1.5066969,38,5,-60,1
09/12/2005 04:54:00,255,-1.497932766,40,5,-59,1
09/12/2005 04:55:00,255,-1.489168632,41,5,-57,1
09/12/2005 04:56:00,255,-1.480404499,40,5,-56,1
09/12/2005 04:57:00,255,-1.471640365,40,4,-55,1
09/12/2005 04:58:00,255,-1.464614463,40,4,-55,1
09/12/2005 04:59:00,255,-1.457588562,39,4,-54,1
09/12/2005 05:00:00,255,-1.450562661,39,4,-54,1
09/12/2005 05:01:00,255,-1.44353676,39,3,-54,1
09/12/2005 05:02:00,255,-1.436510859,41,3,-53,1
09/12/2005 05:03:00,255,-1.464325903,40,3,-53,1
09/12/2005 05:04:00,255,-1.492140948,41,2,-53,1
09/12/2005 05:05:00,255,-1.519955992,41,2,-54,1
09/12/2005 05:06:00,255,-1.547771037,43,2,-54,1
09/12/2005 05:07:00,255,-1.575586081,46,2,-55,1
09/12/2005 05:08:00,255,-1.579197574,49,3,-55,1
09/12/2005 05:09:00,255,-1.582809067,49,3,-54,1
09/12/2005 05:10:00,255,-1.586420561,49,3,-55,1
09/12/2005 05:11:00,255,-1.590032054,48,3,-53,1
09/12/2005 05:12:00,255,-1.593643547,47,3,-53,1
09/12/2005 05:13:00,255,-1.601822167,47,3,-53,1
09/12/2005 05:14:00,255,-1.610000788,48,3,-53,1
09/12/2005 05:15:00,255,-1.618179408,47,3,-54,1
09/12/2005 05:16:00,255,-1.626358029,45,3,-54,1
09/12/2005 05:17:00,255,-1.634536649,44,3,-54,1
09/12/2005 05:18:00,255,-1.650681381,43,3,-54,1
09/12/2005 05:19:00,255,-1.666826113,43,3,-54,1
09/12/2005 05:20:00,255,-1.682970845,42,3,-54,1
09/12/2005 05:21:00,255,-1.699115577,41,3,-54,1
09/12/2005 05:22:00,255,-1.71526031,41,2,-54,1
09/12/2005 05:23:00,255,-1.726983457,40,2,-54,1
09/12/2005 05:24:00,255,-1.738706605,40,2,-54,1
09/12/2005 05:25:00,255,-1.750429752,39,2,-54,1
09/12/2005 05:26:00,255,-1.7621529,38,2,-54,1
09/12/2005 05:27:00,255,-1.773876047,39,2,-54,1
09/12/2005 05:28:00,255,-1.775007188,39,2,-53,1
09/12/2005 05:29:00,255,-1.776138329,40,3,-54,1
09/12/2005 05:30:00,255,-1.777269469,40,3,-54,1
09/12/2005 05:31:00,255,-1.77840061,39,3,-54,1
09/12/2005 05:32:00,255,-1.779531751,39,3,-53,1
09/12/2005 05:33:00,255,-1.785825173,37,2,-54,1
09/12/2005 05:34:00,255,-1.792118594,36,2,-54,1
09/12/2005 05:35:00,255,-1.798412016,36,2,-54,1
09/12/2005 05:36:00,255,-1.804705437,37,2,-54,1
09/12/2005 05:37:00,255,-1.810998858,36,2,-54,1
09/12/2005 05:38:00,255,-1.807796815,37,2,-54,1
09/12/2005 05:39:00,255,-1.804594771,37,2,-54,1
09/12/2005 05:40:00,255,-1.801392727,38,2,-54,1
09/12/2005 05:41:00,255,-1.798190684,40,2,-54,1
09/12/2005 05:42:00,255,-1.79498864,40,2,-54,1
09/12/2005 05:43:00,255,-1.769760652,39,2,-54,1
09/12/2005 05:44:00,255,-1.744532663,38,2,-54,1
09/12/2005 05:45:00,255,-1.719304675,37,2,-55,1
09/12/2005 05:46:00,255,-1.694076687,36,2,-55,1
09/12/2005 05:47:00,255,-1.668848698,35,3,-55,1
09/12/2005 05:48:00,255,0,35,3,-55,1
09/12/2005 05:49:00,255,0,35,3,-56,1
09/12/2005 05:50:00,255,0,35,3,-56,1
09/12/2005 05:51:00,255,0,37,4,-56,1
09/12/2005 05:52:00,255,0,38,4,-56,1
09/12/2005 05:53:00,255,0,39,4,-57,1
09/12/2005 05:54:00,255,0,41,5,-56,1
09/12/2005 05:55:00,255,0,43,5,-56,1
09/12/2005 05:56:00,255,0,41,5,-56,1
09/12/2005 05:57:00,255,0,40,5,-55,1
09/12/2005 05:58:00,255,0,34,4,-55,1
09/12/2005 05:59:00,255,0,34,4,-55,1
09/12/2005 06:00:00,255,0,32,4,-56,1
09/12/2005 06:01:00,255,0,31,4,-57,1
09/12/2005 06:02:00,255,0,33,4,-58,1
09/12/2005 06:03:00,255,0,35,4,-59,1
09/12/2005 06:04:00,255,0,34,5,-59,1
09/12/2005 06:05:00,255,0,34,5,-59,1
09/12/2005 06:06:00,255,0,35,5,-59,1
09/12/2005 06:07:00,255,0,36,5,-58,1
09/12/2005 06:08:00,255,0,37,5,-58,1
09/12/2005 06:09:00,255,0,39,5,-58,1
09/12/2005 06:10:00,255,0,41,6,-57,1
09/12/2005 06:11:00,255,0,42,6,-57,1
09/12/2005 06:12:00,255,0,42,5,-57,1
09/12/2005 06:13:00,255,0,42,5,-56,1
09/12/2005 06:14:00,255,0,42,6,-56,1
09/12/2005 06:15:00,255,0,39,5,-55,1
09/12/2005 06:16:00,255,0,35,4,-55,1
09/12/2005 06:17:00,255,0,33,3,-54,1
09/12/2005 06:18:00,255,0,31,3,-55,1
09/12/2005 06:19:00,255,0,31,3,-57,1
09/12/2005 06:20:00,255,0,32,4,-58,1
09/12/2005 06:21:00,255,0,37,4,-58,1
09/12/2005 06:22:00,255,0,42,4,-58,1
09/12/2005 06:23:00,255,0,51,6,-49,1
09/12/2005 06:24:00,255,0,71,5,-32,1
09/12/2005 06:25:00,255,0,65,4,-33,1
09/12/2005 06:26:00,255,0,61,6,-38,1
09/12/2005 06:27:00,255,0,50,6,-40,1
09/12/2005 06:28:00,255,0,46,5,-42,1
09/12/2005 06:29:00,255,0,52,6,-43,1
09/12/2005 06:30:00,255,0,55,7,-41,1
09/12/2005 06:31:00,255,0,56,6,-39,1
09/12/2005 06:32:00,255,0,59,6,-38,1
09/12/2005 06:33:00,255,0,62,6,-38,1
09/12/2005 06:34:00,255,0,59,6,-38,1
09/12/2005 06:35:00,255,0,57,5,-37,1
09/12/2005 06:36:00,255,0,61,5,-37,1
09/12/2005 06:37:00,255,0,64,6,-36,1
09/12/2005 06:38:00,255,0,68,6,-36,1
09/12/2005 06:39:00,255,0,65,6,-37,1
09/12/2005 06:40:00,255,0,64,6,-37,1
09/12/2005 06:41:00,255,0,64,6,-38,1
09/12/2005 06:42:00,255,0,63,6,-38,1
09/12/2005 06:43:00,255,0,63,6,-38,1
09/12/2005 06:44:00,255,0,64,7,-40,1
09/12/2005 06:45:00,255,0,64,8,-41,1
09/12/2005 06:46:00,255,0,68,8,-41,1
09/12/2005 06:47:00,255,0,71,9,-41,1
09/12/2005 06:48:00,255,0,72,9,-40,1
09/12/2005 06:49:00,255,0,74,9,-41,1
09/12/2005 06:50:00,255,0,79,10,-42,1
09/12/2005 06:51:00,255,0,81,10,-42,1
09/12/2005 06:52:00,255,0,87,11,-40,1
09/12/2005 06:53:00,255,0,91,11,-39,1
09/12/2005 06:54:00,255,0,95,11,-40,1
09/12/2005 06:55:00,255,0,94,11,-41,1
09/12/2005 06:56:00,255,0,94,11,-43,1
09/12/2005 06:57:00,255,0,98,10,-43,1
09/12/2005 06:58:00,255,0,102,9,-43,1
09/12/2005 06:59:00,255,0,108,9,-44,1
09/12/2005 07:00:00,255,0,110,9,-44,1
09/12/2005 07:01:00,255,0,110,8,-43,1
09/12/2005 07:02:00,255,0,113,8,-43,1
09/12/2005 07:03:00,255,0,116,9,-44,1
09/12/2005 07:04:00,255,0,123,9,-45,1
09/12/2005 07:05:00,255,0,129,11,-45,1
09/12/2005 07:06:00,255,0,131,13,-46,1
09/12/2005 07:07:00,255,0,129,14,-45,1
09/12/2005 07:08:00,255,0,122,14,-45,1
09/12/2005 07:09:00,255,0,116,13,-45,1
09/12/2005 07:10:00,255,0,111,13,-47,1
09/12/2005 07:11:00,255,0,108,13,-47,1
09/12/2005 07:12:00,255,0,106,13,-45,1
09/12/2005 07:13:00,255,0,110,12,-42,1
09/12/2005 07:14:00,255,0,108,11,-39,1
09/12/2005 07:15:00,255,0,95,9,-42,1
09/12/2005 07:16:00,255,0,80,7,-46,1
09/12/2005 07:17:00,255,0,81,8,-43,1
09/12/2005 07:18:00,255,0,83,8,-42,1
09/12/2005 07:19:00,255,0,84,9,-43,1
09/12/2005 07:20:00,255,0,81,9,-45,1
09/12/2005 07:21:00,255,0,78,9,-45,1
09/12/2005 07:22:00,255,0,75,9,-45,1
09/12/2005 07:23:00,255,0,70,8,-46,1
09/12/2005 07:24:00,255,0,68,9,-46,1
09/12/2005 07:25:00,255,0,64,9,-48,1
09/12/2005 07:26:00,255,0,61,9,-49,1
09/12/2005 07:27:00,255,0,58,9,-49,1
09/12/2005 07:28:00,255,0,57,9,-49,1
09/12/2005 07:29:00,255,0,55,9,-49,1
09/12/2005 07:30:00,255,0,56,9,-50,1
09/12/2005 07:31:00,255,0,54,10,-51,1
09/12/2005 07:32:00,255,0,51,9,-50,1
09/12/2005 07:33:00,255,0,50,9,-50,1
09/12/2005 07:34:00,255,0,49,8,-49,1
09/12/2005 07:35:00,255,0,47,7,-50,1
09/12/2005 07:36:00,255,0,48,7,-49,1
09/12/2005 07:37:00,255,0,49,6,-47,1
09/12/2005 07:38:00,255,0,52,6,-46,1
09/12/2005 07:39:00,255,0,52,6,-45,1
09/12/2005 07:40:00,255,0,48,5,-45,1
09/12/2005 07:41:00,255,0,42,5,-45,1
09/12/2005 07:42:00,255,0,38,4,-47,1
09/12/2005 07:43:00,255,0,32,3,-47,1
09/12/2005 07:44:00,255,0,27,4,-49,1
09/12/2005 07:45:00,255,0,27,4,-49,1
09/12/2005 07:46:00,255,0,29,4,-47,1
09/12/2005 07:47:00,255,0,33,4,-47,1
09/12/2005 07:48:00,255,0,35,4,-46,1
09/12/2005 07:49:00,255,0,34,4,-46,1
09/12/2005 07:50:00,255,0,34,4,-46,1
09/12/2005 07:51:00,255,0,32,5,-49,1
09/12/2005 07:52:00,255,0,32,6,-50,1
09/12/2005 07:53:00,255,0,36,7,-50,1
09/12/2005 07:54:00,255,0,36,7,-52,1
09/12/2005 07:55:00,255,0,38,8,-53,1
09/12/2005 07:56:00,255,0,37,8,-53,1
09/12/2005 07:57:00,255,0,38,9,-54,1
09/12/2005 07:58:00,255,0,39,9,-54,1
09/12/2005 07:59:00,255,0,37,9,-54,1
09/12/2005 08:00:00,255,0,37,8,-54,1
09/12/2005 08:01:00,255,0,36,8,-54,1
09/12/2005 08:02:00,255,0,36,8,-54,1
09/12/2005 08:03:00,255,0,36,8,-55,1
09/12/2005 08:04:00,255,0,37,8,-55,1
09/12/2005 08:05:00,255,0,37,8,-55,1
09/12/2005 08:06:00,255,0,37,8,-53,1
09/12/2005 08:07:00,255,0,35,8,-52,1
09/12/2005 08:08:00,255,0,34,8,-50,1
09/12/2005 08:09:00,255,0,32,8,-49,1
09/12/2005 08:10:00,255,0,32,8,-48,1
09/12/2005 08:11:00,255,0,30,8,-47,1
09/12/2005 08:12:00,255,0,31,8,-46,1
09/12/2005 08:13:00,255,0,32,7,-46,1
09/12/2005 08:14:00,255,0,32,7,-46,1
09/12/2005 08:15:00,255,0,34,7,-48,1
09/12/2005 08:16:00,255,0,35,7,-47,1
09/12/2005 08:17:00,255,0,38,7,-47,1
09/12/2005 08:18:00,255,0,40,7,-47,1
09/12/2005 08:19:00,255,0,41,7,-47,1
09/12/2005 08:20:00,255,0,46,7,-45,1
09/12/2005 08:21:00,255,0,49,7,-46,1
09/12/2005 08:22:00,255,0,49,7,-49,1
09/12/2005 08:23:00,255,0,50,7,-50,1
09/12/2005 08:24:00,255,0,51,7,-52,1
09/12/2005 08:25:00,255,0,52,8,-54,1
09/12/2005 08:26:00,255,0,54,8,-54,1
09/12/2005 08:27:00,255,0,58,9,-54,1
09/12/2005 08:28:00,255,0,60,9,-56,1
09/12/2005 08:29:00,255,0,61,9,-56,1
09/12/2005 08:30:00,255,0,62,10,-57,1
09/12/2005 08:31:00,255,0,64,10,-59,1
09/12/2005 08:32:00,255,0,66,10,-60,1
09/12/2005 08:33:00,255,0,68,10,-61,1
09/12/2005 08:34:00,255,0,68,10,-63,1
09/12/2005 08:35:00,255,0,70,11,-63,1
09/12/2005 08:36:00,255,0,71,10,-65,1
09/12/2005 08:37:00,255,0,72,10,-65,1
09/12/2005 08:38:00,255,0,75,10,-63,1
09/12/2005 08:39:00,255,0,77,10,-64,1
09/12/2005 08:40:00,255,0,79,10,-65,1
09/12/2005 08:41:00,255,0,83,10,-66,1
09/12/2005 08:42:00,255,0,86,10,-68,1
09/12/2005 08:43:00,255,0,90,10,-66,1
09/12/2005 08:44:00,255,0,87,10,-65,1
09/12/2005 08:45:00,255,0,86,10,-65,1
09/12/2005 08:46:00,255,0,85,9,-66,1
09/12/2005 08:47:00,255,0,84,9,-64,1
09/12/2005 08:48:00,255,0,80,9,-61,1
09/12/2005 08:49:00,255,0,79,9,-59,1
09/12/2005 08:50:00,255,0,75,9,-57,1
09/12/2005 08:51:00,255,0,72,8,-55,1
09/12/2005 08:52:00,255,0,74,9,-54,1
09/12/2005 08:53:00,255,0,67,8,-51,1
09/12/2005 08:54:00,255,0,62,8,-48,1
09/12/2005 08:55:00,255,0,59,9,-48,1
09/12/2005 08:56:00,255,0,55,9,-47,1
09/12/2005 08:57:00,255,0,56,8,-47,1
09/12/2005 08:58:00,255,0,61,9,-49,1
09/12/2005 08:59:00,255,0,64,9,-51,1
09/12/2005 09:00:00,255,0,67,9,-52,1
09/12/2005 09:01:00,255,0,71,10,-51,1
09/12/2005 09:02:00,255,0,71,11,-51,1
09/12/2005 09:03:00,255,0,70,11,-49,1
09/12/2005 09:04:00,255,0,69,11,-49,1
09/12/2005 09:05:00,255,0,63,11,-50,1
09/12/2005 09:06:00,255,0,60,11,-50,1
09/12/2005 09:07:00,255,0,61,12,-51,1
09/12/2005 09:08:00,255,0,57,11,-51,1
09/12/2005 09:09:00,255,0,55,11,-51,1
09/12/2005 09:10:00,255,0,53,12,-52,1
09/12/2005 09:11:00,255,0,47,11,-52,1
09/12/2005 09:12:00,255,0,48,10,-53,1
09/12/2005 09:13:00,255,0,47,9,-54,1
09/12/2005 09:14:00,255,0,47,8,-55,1
09/12/2005 09:15:00,255,0,45,7,-56,1
09/12/2005 09:16:00,255,0,38,5,-55,1
09/12/2005 09:17:00,255,0,34,4,-54,1
09/12/2005 09:18:00,255,0,27,3,-55,1
09/12/2005 09:19:00,255,0,26,2,-55,1
09/12/2005 09:20:00,255,0,26,1,-55,1
09/12/2005 09:21:00,255,0,29,1,-55,1
09/12/2005 09:22:00,255,0,31,2,-57,1
09/12/2005 09:23:00,255,0,33,2,-58,1
09/12/2005 09:24:00,255,0,36,3,-60,1
09/12/2005 09:25:00,255,0,39,4,-62,1
09/12/2005 09:26:00,255,0,41,4,-62,1
09/12/2005 09:27:00,255,0,43,5,-63,1
09/12/2005 09:28:00,255,0,44,6,-63,1
09/12/2005 09:29:00,255,0,46,6,-62,1
09/12/2005 09:30:00,255,0,48,6,-62,1
09/12/2005 09:31:00,255,0,50,7,-62,1
09/12/2005 09:32:00,255,0,51,7,-61,1
09/12/2005 09:33:00,255,0,49,7,-61,1
09/12/2005 09:34:00,255,0,47,7,-61,1
09/12/2005 09:35:00,255,0,41,8,-62,1
09/12/2005 09:36:00,255,0,39,8,-61,1
09/12/2005 09:37:00,255,0,40,7,-60,1
09/12/2005 09:38:00,255,0,43,7,-59,1
09/12/2005 09:39:00,255,0,44,7,-59,1
09/12/2005 09:40:00,255,0,41,7,-61,1
09/12/2005 09:41:00,255,0,39,6,-60,1
09/12/2005 09:42:00,255,0,42,6,-60,1
09/12/2005 09:43:00,255,0,41,6,-62,1
09/12/2005 09:44:00,255,0,39,5,-62,1
09/12/2005 09:45:00,255,0,36,5,-62,1
09/12/2005 09:46:00,255,0,34,5,-62,1
09/12/2005 09:47:00,255,0,32,4,-63,1
09/12/2005 09:48:00,255,0,28,4,-63,1
09/12/2005 09:49:00,255,0,27,4,-63,1
09/12/2005 09:50:00,255,0,25,4,-64,1
09/12/2005 09:51:00,255,0,24,3,-63,1
09/12/2005 09:52:00,255,0,25,3,-64,1
09/12/2005 09:53:00,255,0,26,4,-65,1
09/12/2005 09:54:00,255,0,24,3,-66,1
09/12/2005 09:55:00,255,0,22,3,-66,1
09/12/2005 09:56:00,255,0,22,3,-66,1
09/12/2005 09:57:00,255,0,23,3,-67,1
09/12/2005 09:58:00,255,0,23,4,-68,1
09/12/2005 09:59:00,255,0,23,3,-68,1
09/12/2005 10:00:00,255,0,23,3,-69,1
09/12/2005 10:01:00,255,0,23,4,-69,1
09/12/2005 10:02:00,255,0,21,4,-69,1
09/12/2005 10:03:00,255,0,21,3,-69,1
09/12/2005 10:04:00,255,0,20,3,-69,1
09/12/2005 10:05:00,255,0,20,3,-69,1
09/12/2005 10:06:00,255,0,20,3,-70,1
09/12/2005 10:07:00,255,0,21,4,-70,1
09/12/2005 10:08:00,255,0,23,4,-69,1
09/12/2005 10:09:00,255,0,23,4,-69,1
09/12/2005 10:10:00,255,0,24,5,-69,1
09/12/2005 10:11:00,255,0,27,5,-69,1
09/12/2005 10:12:00,255,0,30,5,-69,1
09/12/2005 10:13:00,255,0,32,5,-68,1
09/12/2005 10:14:00,255,0,32,5,-68,1
09/12/2005 10:15:00,255,0,33,4,-67,1
09/12/2005 10:16:00,255,0,32,4,-68,1
09/12/2005 10:17:00,255,0,32,4,-67,1
09/12/2005 10:18:00,255,0,33,4,-67,1
09/12/2005 10:19:00,255,0,33,4,-66,1
09/12/2005 10:20:00,255,0,33,4,-66,1
09/12/2005 10:21:00,255,0,33,4,-66,1
09/12/2005 10:22:00,255,0,35,4,-66,1
09/12/2005 10:23:00,255,0,36,4,-65,1
09/12/2005 10:24:00,255,0,36,4,-66,1
09/12/2005 10:25:00,255,0,37,4,-65,1
09/12/2005 10:26:00,255,0,36,4,-66,1
09/12/2005 10:27:00,255,0,38,4,-65,1
09/12/2005 10:28:00,255,0,38,3,-65,1
09/12/2005 10:29:00,255,0,39,3,-64,1
09/12/2005 10:30:00,255,0,39,3,-64,1
09/12/2005 10:31:00,255,0,39,3,-64,1
09/12/2005 10:32:00,255,0,39,3,-63,1
09/12/2005 10:33:00,255,0,39,3,-63,1
09/12/2005 10:34:00,255,0,40,3,-63,1
09/12/2005 10:35:00,255,0,40,3,-64,1
09/12/2005 10:36:00,255,0,41,2,-63,1
09/12/2005 10:37:00,255,0,41,2,-63,1
09/12/2005 10:38:00,255,0,43,3,-63,1
09/12/2005 10:39:00,255,0,42,2,-61,1
09/12/2005 10:40:00,255,0,41,2,-60,1
09/12/2005 10:41:00,255,0,40,2,-60,1
09/12/2005 10:42:00,255,0,40,2,-60,1
09/12/2005 10:43:00,255,0,41,2,-59,1
09/12/2005 10:44:00,255,0,42,2,-59,1
09/12/2005 10:45:00,255,0,41,2,-60,1
09/12/2005 10:46:00,255,0,41,2,-60,1
09/12/2005 10:47:00,255,0,42,2,-59,1
09/12/2005 10:48:00,255,0,42,1,-58,1
09/12/2005 10:49:00,255,0,41,1,-59,1
09/12/2005 10:50:00,255,0,42,2,-60,1
09/12/2005 10:51:00,255,0,44,1,-59,1
09/12/2005 10:52:00,255,0,43,2,-59,1
09/12/2005 10:53:00,255,0,42,2,-59,1
09/12/2005 10:54:00,255,0,39,2,-60,1
09/12/2005 10:55:00,255,0,39,2,-60,1
09/12/2005 10:56:00,255,0,41,2,-59,1
09/12/2005 10:57:00,255,0,41,2,-58,1
09/12/2005 10:58:00,255,0,39,2,-58,1
09/12/2005 10:59:00,255,0,37,2,-59,1
09/12/2005 11:00:00,255,0,38,2,-59,1
09/12/2005 11:01:00,255,0,40,2,-58,1
09/12/2005 11:02:00,255,0,38,3,-57,1
09/12/2005 11:03:00,255,0,39,3,-57,1
09/12/2005 11:04:00,255,0,37,3,-57,1
09/12/2005 11:05:00,255,0,38,3,-56,1
09/12/2005 11:06:00,255,0,36,3,-54,1
09/12/2005 11:07:00,255,0,35,3,-54,1
09/12/2005 11:08:00,255,0,35,4,-54,1
09/12/2005 11:09:00,255,0,36,4,-53,1
09/12/2005 11:10:00,255,0,36,4,-55,1
09/12/2005 11:11:00,255,0,36,5,-54,1
09/12/2005 11:12:00,255,0,36,4,-54,1
09/12/2005 11:13:00,255,0,37,4,-53,1
09/12/2005 11:14:00,255,0,35,4,-53,1
09/12/2005 11:15:00,255,0,35,4,-55,1
09/12/2005 11:16:00,255,0,38,4,-55,1
09/12/2005 11:17:00,255,0,39,3,-54,1
09/12/2005 11:18:00,255,0,38,4,-53,1
09/12/2005 11:19:00,255,0,36,3,-54,1
09/12/2005 11:20:00,255,0,37,3,-55,1
09/12/2005 11:21:00,255,0,39,3,-54,1
09/12/2005 11:22:00,255,0,38,3,-53,1
09/12/2005 11:23:00,255,0,38,3,-53,1
09/12/2005 11:24:00,255,0,39,2,-53,1
09/12/2005 11:25:00,255,0,40,2,-53,1
09/12/2005 11:26:00,255,0,39,2,-52,1
09/12/2005 11:27:00,255,0,37,1,-52,1
09/12/2005 11:28:00,255,0,38,1,-51,1
09/12/2005 11:29:00,255,0,37,1,-52,1
09/12/2005 11:30:00,255,0,37,1,-52,1
09/12/2005 11:31:00,255,0,39,1,-51,1
09/12/2005 11:32:00,255,0,38,1,-50,1
09/12/2005 11:33:00,255,0,36,1,-49,1
09/12/2005 11:34:00,255,0,36,1,-49,1
09/12/2005 11:35:00,255,0,37,1,-50,1
09/12/2005 11:36:00,255,0,38,1,-50,1
09/12/2005 11:37:00,255,0,38,1,-51,1
09/12/2005 11:38:00,255,0,38,1,-52,1
09/12/2005 11:39:00,255,0,36,1,-50,1
09/12/2005 11:40:00,255,0,36,1,-50,1
09/12/2005 11:41:00,255,0,35,0,-50,1
09/12/2005 11:42:00,255,0,36,0,-50,1
09/12/2005 11:43:00,255,0,38,1,-49,1
09/12/2005 11:44:00,255,0,37,1,-50,1
09/12/2005 11:45:00,255,0,35,1,-50,1
09/12/2005 11:46:00,255,0,36,0,-50,1
09/12/2005 11:47:00,255,0,38,0,-49,1
09/12/2005 11:48:00,255,0,37,0,-50,1
09/12/2005 11:49:00,255,0,37,0,-50,1
09/12/2005 11:50:00,255,0,37,0,-51,1
09/12/2005 11:51:00,255,0,37,0,-51,1
09/12/2005 11:52:00,255,0,36,0,-52,1
09/12/2005 11:53:00,255,0,38,0,-53,1
09/12/2005 11:54:00,255,0,37,1,-53,1
09/12/2005 11:55:00,255,0,36,0,-53,1
09/12/2005 11:56:00,255,0,34,1,-53,1
09/12/2005 11:57:00,255,0,34,0,-52,1
09/12/2005 11:58:00,255,0,34,0,-52,1
09/12/2005 11:59:00,255,0,35,0,-53,1
09/12/2005 12:00:00,255,0,35,0,-53,1
09/12/2005 12:01:00,255,0,35,0,-53,1
09/12/2005 12:02:00,255,0,35,0,-53,1
09/12/2005 12:03:00,255,0,34,0,-53,1
09/12/2005 12:04:00,255,0,33,0,-54,1
09/12/2005 12:05:00,255,0,35,0,-53,1
09/12/2005 12:06:00,255,0,35,0,-53,1
09/12/2005 12:07:00,255,0,33,0,-53,1
09/12/2005 12:08:00,255,0,34,0,-54,1
09/12/2005 12:09:00,255,0,36,0,-55,1
09/12/2005 12:10:00,255,0,35,0,-53,1
09/12/2005 12:11:00,255,0,32,0,-52,1
09/12/2005 12:12:00,255,0,32,0,-52,1
09/12/2005 12:13:00,255,0,33,0,-53,1
09/12/2005 12:14:00,255,0,32,0,-53,1
09/12/2005 12:15:00,255,0,31,0,-53,1
09/12/2005 12:16:00,255,0,33,0,-54,1
09/12/2005 12:17:00,255,0,33,0,-53,1
09/12/2005 12:18:00,255,0,31,0,-53,1
09/12/2005 12:19:00,255,0,30,0,-52,1
09/12/2005 12:20:00,255,0,30,0,-52,1
09/12/2005 12:21:00,255,0,30,0,-52,1
09/12/2005 12:22:00,255,0,30,0,-52,1
09/12/2005 12:23:00,255,0,31,-1,-52,1
09/12/2005 12:24:00,255,0,29,0,-52,1
09/12/2005 12:25:00,255,0,28,0,-53,1
09/12/2005 12:26:00,255,0,28,0,-52,1
09/12/2005 12:27:00,255,0,29,0,-52,1
09/12/2005 12:28:00,255,0,28,0,-52,1
09/12/2005 12:29:00,255,0,27,0,-52,1
09/12/2005 12:30:00,255,0,28,0,-52,1
09/12/2005 12:31:00,255,0,30,0,-53,1
09/12/2005 12:32:00,255,0,29,0,-53,1
09/12/2005 12:33:00,255,0,29,0,-53,1
09/12/2005 12:34:00,255,0,29,0,-53,1
09/12/2005 12:35:00,255,0,29,0,-53,1
09/12/2005 12:36:00,255,0,30,0,-53,1
09/12/2005 12:37:00,255,0,29,-1,-52,1
09/12/2005 12:38:00,255,0,29,0,-52,1
09/12/2005 12:39:00,255,0,29,0,-51,1
09/12/2005 12:40:00,255,0,29,-1,-51,1
09/12/2005 12:41:00,255,0,31,0,-51,1
09/12/2005 12:42:00,255,0,31,0,-51,1
09/12/2005 12:43:00,255,0,29,0,-52,1
09/12/2005 12:44:00,255,0,29,0,-53,1
09/12/2005 12:45:00,255,0,28,0,-54,1
09/12/2005 12:46:00,255,0,28,0,-54,1
09/12/2005 12:47:00,255,0,28,-1,-55,1
09/12/2005 12:48:00,255,0,29,-1,-54,1
09/12/2005 12:49:00,255,0,25,-1,-53,1
09/12/2005 12:50:00,255,0,28,-1,-53,1
09/12/2005 12:51:00,255,0,28,0,-49,1
09/12/2005 12:52:00,255,0,27,-1,-47,1
09/12/2005 12:53:00,255,0,28,-1,-46,1
09/12/2005 12:54:00,255,0,31,0,-47,1
09/12/2005 12:55:00,255,0,31,0,-47,1
09/12/2005 12:56:00,255,0,30,0,-48,1
09/12/2005 12:57:00,255,0,29,0,-49,1
09/12/2005 12:58:00,255,0,28,0,-50,1
09/12/2005 12:59:00,255,0,29,-1,-50,1
09/12/2005 13:00:00,255,0,28,-1,-50,1
09/12/2005 13:01:00,255,0,28,0,-50,1
09/12/2005 13:02:00,255,0,28,-1,-49,1
09/12/2005 13:03:00,255,0,27,-1,-50,1
09/12/2005 13:04:00,255,0,25,0,-52,1
09/12/2005 13:05:00,255,0,27,0,-51,1
09/12/2005 13:06:00,255,0,28,0,-50,1
09/12/2005 13:07:00,255,0,27,0,-50,1
09/12/2005 13:08:00,255,0,26,0,-50,1
09/12/2005 13:09:00,255,0,26,0,-50,1
09/12/2005 13:10:00,255,0,25,0,-51,1
09/12/2005 13:11:00,255,0,23,-1,-53,1
09/12/2005 13:12:00,255,0,23,-1,-53,1
09/12/2005 13:13:00,255,0,25,-1,-52,1
09/12/2005 13:14:00,255,0,25,0,-52,1
09/12/2005 13:15:00,255,0,24,0,-52,1
09/12/2005 13:16:00,255,0,23,-1,-53,1
09/12/2005 13:17:00,255,0,23,-1,-53,1
09/12/2005 13:18:00,255,0,23,-1,-52,1
09/12/2005 13:19:00,255,0,23,-1,-53,1
09/12/2005 13:20:00,255,0,23,-1,-52,1
09/12/2005 13:21:00,255,0,23,-1,-52,1
09/12/2005 13:22:00,255,0,22,-1,-52,1
09/12/2005 13:23:00,255,0,21,-1,-52,1
09/12/2005 13:24:00,255,0,20,-1,-52,1
09/12/2005 13:25:00,255,0,19,-1,-52,1
09/12/2005 13:26:00,255,0,18,-1,-52,1
09/12/2005 13:27:00,255,0,17,-1,-52,1
09/12/2005 13:28:00,255,0,17,-1,-51,1
09/12/2005 13:29:00,255,0,17,0,-51,1
09/12/2005 13:30:00,255,0,15,0,-51,1
09/12/2005 13:31:00,255,0,15,0,-51,1
09/12/2005 13:32:00,255,0,13,0,-51,1
09/12/2005 13:33:00,255,0,13,0,-52,1
09/12/2005 13:34:00,255,0,13,0,-52,1
09/12/2005 13:35:00,255,0,14,0,-51,1
09/12/2005 13:36:00,255,0,15,0,-51,1
09/12/2005 13:37:00,255,0,16,0,-51,1
09/12/2005 13:38:00,255,0,16,0,-50,1
09/12/2005 13:39:00,255,0,15,0,-51,1
09/12/2005 13:40:00,255,0,16,0,-50,1
09/12/2005 13:41:00,255,0,16,0,-50,1
09/12/2005 13:42:00,255,0,16,0,-50,1
09/12/2005 13:43:00,255,0,16,0,-50,1
09/12/2005 13:44:00,255,0,15,0,-48,1
09/12/2005 13:45:00,255,0,16,-1,-48,1
09/12/2005 13:46:00,255,0,16,-1,-48,1
09/12/2005 13:47:00,255,0,16,-1,-48,1
09/12/2005 13:48:00,255,0,16,-1,-47,1
09/12/2005 13:49:00,255,0,17,-1,-47,1
09/12/2005 13:50:00,255,0,17,-1,-46,1
09/12/2005 13:51:00,255,0,17,-1,-46,1
09/12/2005 13:52:00,255,0,17,-1,-45,1
09/12/2005 13:53:00,255,0,17,-1,-46,1
09/12/2005 13:54:00,255,0,15,-2,-50,1
09/12/2005 13:55:00,255,0,17,-2,-46,1
09/12/2005 13:56:00,255,0,17,-2,-46,1
09/12/2005 13:57:00,255,0,17,-2,-46,1
09/12/2005 13:58:00,255,0,18,-1,-46,1
09/12/2005 13:59:00,255,0,20,-1,-45,1
09/12/2005 14:00:00,255,0,19,-1,-46,1
09/12/2005 14:01:00,255,0,17,-1,-46,1
09/12/2005 14:02:00,255,0,18,-1,-46,1
09/12/2005 14:03:00,255,0,18,-1,-46,1
09/12/2005 14:04:00,255,0,17,0,-47,1
09/12/2005 14:05:00,255,0,18,0,-47,1
09/12/2005 14:06:00,255,0,18,0,-46,1
09/12/2005 14:07:00,255,0,20,0,-46,1
09/12/2005 14:08:00,255,0,20,0,-46,1
09/12/2005 14:09:00,255,0,16,-1,-47,1
09/12/2005 14:10:00,255,0,17,0,-47,1
09/12/2005 14:11:00,255,0,16,0,-48,1
09/12/2005 14:12:00,255,0,16,-1,-46,1
09/12/2005 14:13:00,255,0,19,0,-45,1
09/12/2005 14:14:00,255,0,19,0,-45,1
09/12/2005 14:15:00,255,0,22,0,-45,1
09/12/2005 14:16:00,255,0,20,0,-45,1
09/12/2005 14:17:00,255,0,20,1,-47,1
09/12/2005 14:18:00,255,0,18,0,-46,1
09/12/2005 14:19:00,255,0,26,1,-46,1
09/12/2005 14:20:00,255,0,25,1,-47,1
09/12/2005 14:21:00,255,0,23,1,-48,1
09/12/2005 14:22:00,255,0,19,1,-48,1
09/12/2005 14:23:00,255,0,20,1,-49,1
09/12/2005 14:24:00,255,0,21,1,-49,1
09/12/2005 14:25:00,255,0,22,1,-49,1
09/12/2005 14:26:00,255,0,25,2,-50,1
09/12/2005 14:27:00,255,0,27,2,-50,1
09/12/2005 14:28:00,255,0,27,2,-50,1
09/12/2005 14:29:00,255,0,28,2,-50,1
09/12/2005 14:30:00,255,0,27,3,-51,1
09/12/2005 14:31:00,255,0,29,3,-51,1
09/12/2005 14:32:00,255,0,31,2,-53,1
09/12/2005 14:33:00,255,0,30,3,-52,1
09/12/2005 14:34:00,255,0,33,3,-52,1
09/12/2005 14:35:00,255,0,35,3,-53,1
09/12/2005 14:36:00,255,0,40,3,-54,1
09/12/2005 14:37:00,255,0,43,3,-54,1
09/12/2005 14:38:00,255,0,47,4,-54,1
09/12/2005 14:39:00,255,0,54,4,-55,1
09/12/2005 14:40:00,255,0,58,5,-55,1
09/12/2005 14:41:00,255,0,62,5,-55,1
09/12/2005 14:42:00,255,0,62,6,-54,1
09/12/2005 14:43:00,255,0,76,7,-54,1
09/12/2005 14:44:00,255,0,83,8,-54,1
09/12/2005 14:45:00,255,0,88,8,-54,1
09/12/2005 14:46:00,255,0,84,7,-55,1
09/12/2005 14:47:00,255,0,79,8,-53,1
09/12/2005 14:48:00,255,0,86,7,-54,1
09/12/2005 14:49:00,255,0,84,7,-53,1
09/12/2005 14:50:00,255,0,86,8,-52,1
09/12/2005 14:51:00,255,0,95,9,-52,1
09/12/2005 14:52:00,255,0,100,9,-53,1
09/12/2005 14:53:00,255,0,108,9,-53,1
09/12/2005 14:54:00,255,0,112,10,-53,1
09/12/2005 14:55:00,255,0,115,10,-53,1
09/12/2005 14:56:00,255,0,122,10,-54,1
09/12/2005 14:57:00,255,0,126,10,-54,1
09/12/2005 14:58:00,255,0,132,11,-54,1
09/12/2005 14:59:00,255,0,132,11,-53,1
09/12/2005 15:00:00,255,0,140,11,-53,1
09/12/2005 15:01:00,255,0,144,10,-55,1
09/12/2005 15:02:00,255,0,145,10,-54,1
09/12/2005 15:03:00,255,0,152,10,-55,1
09/12/2005 15:04:00,255,0,146,10,-55,1
09/12/2005 15:05:00,255,0,137,9,-55,1
09/12/2005 15:06:00,255,0,138,8,-55,1
09/12/2005 15:07:00,255,0,139,8,-54,1
09/12/2005 15:08:00,255,0,141,8,-54,1
09/12/2005 15:09:00,255,0,142,8,-54,1
09/12/2005 15:10:00,255,0,146,9,-55,1
09/12/2005 15:11:00,255,0,148,9,-55,1
09/12/2005 15:12:00,255,0,148,9,-54,1
09/12/2005 15:13:00,255,0,148,8,-54,1
09/12/2005 15:14:00,255,0,152,7,-54,1
09/12/2005 15:15:00,255,0,151,7,-54,1
09/12/2005 15:16:00,255,0,152,7,-54,1
09/12/2005 15:17:00,255,0,158,6,-55,1
09/12/2005 15:18:00,255,0,157,6,-55,1
09/12/2005 15:19:00,255,0,160,5,-55,1
09/12/2005 15:20:00,255,0,165,4,-55,1
09/12/2005 15:21:00,255,0,170,3,-55,1
09/12/2005 15:22:00,255,0,172,2,-54,1
09/12/2005 15:23:00,255,0,176,1,-53,1
09/12/2005 15:24:00,255,0,182,1,-53,1
09/12/2005 15:25:00,255,0,181,0,-53,1
09/12/2005 15:26:00,255,0,180,-1,-53,1
09/12/2005 15:27:00,255,0,176,-1,-54,1
09/12/2005 15:28:00,255,0,172,-2,-54,1
09/12/2005 15:29:00,255,0,164,-3,-52,1
09/12/2005 15:30:00,255,0,170,-4,-52,1
09/12/2005 15:31:00,255,0,172,-4,-53,1
09/12/2005 15:32:00,255,0,169,-4,-53,1
09/12/2005 15:33:00,255,0,163,-5,-52,1
09/12/2005 15:34:00,255,0,161,-5,-52,1
09/12/2005 15:35:00,255,0,161,-5,-53,1
09/12/2005 15:36:00,255,0,153,-5,-54,1
09/12/2005 15:37:00,255,0,151,-6,-54,1
09/12/2005 15:38:00,255,0,150,-6,-55,1
09/12/2005 15:39:00,255,0,148,-6,-55,1
09/12/2005 15:40:00,255,0,146,-6,-55,1
09/12/2005 15:41:00,255,0,145,-6,-56,1
09/12/2005 15:42:00,255,0,140,-6,-56,1
09/12/2005 15:43:00,255,0,135,-6,-55,1
09/12/2005 15:44:00,255,0,133,-7,-55,1
09/12/2005 15:45:00,255,0,132,-7,-55,1
09/12/2005 15:46:00,255,0,128,-7,-54,1
09/12/2005 15:47:00,255,0,128,-7,-54,1
09/12/2005 15:48:00,255,0,128,-7,-53,1
09/12/2005 15:49:00,255,0,125,-7,-52,1
09/12/2005 15:50:00,255,0,119,-7,-52,1
09/12/2005 15:51:00,255,0,114,-7,-51,1
09/12/2005 15:52:00,255,0,111,-7,-52,1
09/12/2005 15:53:00,255,0,107,-8,-51,1
09/12/2005 15:54:00,255,0,104,-7,-51,1
09/12/2005 15:55:00,255,0,104,-7,-52,1
09/12/2005 15:56:00,255,0,101,-7,-52,1
09/12/2005 15:57:00,255,0,98,-7,-52,1
09/12/2005 15:58:00,255,0,93,-7,-52,1
09/12/2005 15:59:00,255,0,92,-7,-51,1
09/12/2005 16:00:00,255,0,89,-7,-48,1
09/12/2005 16:01:00,255,0,88,-6,-49,1
09/12/2005 16:02:00,255,0,81,-7,-48,1
09/12/2005 16:03:00,255,0,83,-7,-48,1
09/12/2005 16:04:00,255,0,81,-6,-49,1
09/12/2005 16:05:00,255,0,75,-6,-51,1
09/12/2005 16:06:00,255,0,73,-7,-51,1
09/12/2005 16:07:00,255,0,70,-6,-52,1
09/12/2005 16:08:00,255,0,58,-7,-50,1
09/12/2005 16:09:00,255,0,58,-8,-50,1
09/12/2005 16:10:00,255,0,69,-7,-51,1
09/12/2005 16:11:00,255,0,59,-6,-49,1
09/12/2005 16:12:00,255,0,50,-6,-48,1
09/12/2005 16:13:00,255,0,55,-6,-48,1
09/12/2005 16:14:00,255,0,49,-6,-48,1
09/12/2005 16:15:00,255,0,44,-6,-48,1
09/12/2005 16:16:00,255,0,45,-6,-47,1
09/12/2005 16:17:00,255,0,45,-6,-47,1
09/12/2005 16:18:00,255,0,45,-6,-47,1
09/12/2005 16:19:00,255,0,44,-6,-47,1
09/12/2005 16:20:00,255,0,44,-5,-46,1
09/12/2005 16:21:00,255,0,45,-5,-45,1
09/12/2005 16:22:00,255,0,45,-5,-45,1
09/12/2005 16:23:00,255,0,48,-5,-45,1
09/12/2005 16:24:00,255,0,47,-5,-45,1
09/12/2005 16:25:00,255,0,48,-5,-45,1
09/12/2005 16:26:00,255,0,50,-4,-44,1
09/12/2005 16:27:00,255,0,50,-4,-44,1
09/12/2005 16:28:00,255,0,50,-4,-44,1
09/12/2005 16:29:00,255,0,49,-4,-43,1
09/12/2005 16:30:00,255,0,50,-4,-43,1
09/12/2005 16:31:00,255,0,49,-4,-44,1
09/12/2005 16:32:00,255,0,50,-4,-43,1
09/12/2005 16:33:00,255,0,51,-4,-43,1
09/12/2005 16:34:00,255,0,53,-4,-42,1
09/12/2005 16:35:00,255,0,51,-4,-43,1
09/12/2005 16:36:00,255,0,51,-4,-43,1
09/12/2005 16:37:00,255,0,53,-4,-43,1
09/12/2005 16:38:00,255,0,55,-4,-42,1
09/12/2005 16:39:00,255,0,54,-4,-42,1
09/12/2005 16:40:00,255,0,55,-4,-42,1
09/12/2005 16:41:00,255,0,56,-4,-42,1
09/12/2005 16:42:00,255,0,55,-4,-43,1
09/12/2005 16:43:00,255,0,53,-4,-44,1
09/12/2005 16:44:00,255,0,54,-4,-43,1
09/12/2005 16:45:00,255,0,55,-4,-44,1
09/12/2005 16:46:00,255,0,54,-4,-44,1
09/12/2005 16:47:00,255,0,53,-4,-43,1
09/12/2005 16:48:00,255,0,53,-3,-42,1
09/12/2005 16:49:00,255,0,52,-3,-43,1
09/12/2005 16:50:00,255,0,52,-3,-43,1
09/12/2005 16:51:00,255,0,54,-3,-42,1
09/12/2005 16:52:00,255,0,54,-2,-42,1
09/12/2005 16:53:00,255,0,55,-2,-42,1
09/12/2005 16:54:00,255,0,56,-3,-42,1
09/12/2005 16:55:00,255,0,54,-2,-42,1
09/12/2005 16:56:00,255,0,53,-2,-41,1
09/12/2005 16:57:00,255,0,53,-1,-41,1
09/12/2005 16:58:00,255,0,53,-1,-41,1
09/12/2005 16:59:00,255,0,54,-1,-41,1
09/12/2005 17:00:00,255,0,55,-1,-40,1
09/12/2005 17:01:00,255,0,53,-1,-40,1
09/12/2005 17:02:00,255,0,55,-1,-40,1
09/12/2005 17:03:00,255,0,57,-1,-39,1
09/12/2005 17:04:00,255,0,55,-1,-39,1
09/12/2005 17:05:00,255,0,57,-1,-39,1
09/12/2005 17:06:00,255,0,58,-1,-38,1
09/12/2005 17:07:00,255,0,58,-1,-38,1
09/12/2005 17:08:00,255,0,57,-1,-39,1
09/12/2005 17:09:00,255,0,58,-1,-40,1
09/12/2005 17:10:00,255,0,60,-1,-40,1
09/12/2005 17:11:00,255,0,61,-1,-40,1
09/12/2005 17:12:00,255,0,61,-1,-40,1
09/12/2005 17:13:00,255,0,62,-1,-39,1
09/12/2005 17:14:00,255,0,62,-1,-38,1
09/12/2005 17:15:00,255,0,61,0,-38,1
09/12/2005 17:16:00,255,0,60,0,-36,1
09/12/2005 17:17:00,255,0,58,0,-36,1
09/12/2005 17:18:00,255,0,57,0,-35,1
09/12/2005 17:19:00,255,0,56,0,-35,1
09/12/2005 17:20:00,255,0,56,0,-35,1
09/12/2005 17:21:00,255,0,56,0,-35,1
09/12/2005 17:22:00,255,0,57,1,-34,1
09/12/2005 17:23:00,255,0,57,1,-34,1
09/12/2005 17:24:00,255,0,59,1,-33,1
09/12/2005 17:25:00,255,0,57,1,-32,1
09/12/2005 17:26:00,255,0,57,1,-33,1
09/12/2005 17:27:00,255,0,59,0,-34,1
09/12/2005 17:28:00,255,0,62,0,-33,1
09/12/2005 17:29:00,255,0,62,0,-33,1
09/12/2005 17:30:00,255,0,64,0,-32,1
09/12/2005 17:31:00,255,0,65,-1,-32,1
09/12/2005 17:32:00,255,0,66,-1,-32,1
09/12/2005 17:33:00,255,0,66,-2,-33,1
09/12/2005 17:34:00,255,0,66,-2,-33,1
09/12/2005 17:35:00,255,0,68,-3,-33,1
09/12/2005 17:36:00,255,0,67,-3,-32,1
09/12/2005 17:37:00,255,0,66,-4,-32,1
09/12/2005 17:38:00,255,0,64,-4,-32,1
09/12/2005 17:39:00,255,0,64,-4,-32,1
09/12/2005 17:40:00,255,0,63,-5,-33,1
09/12/2005 17:41:00,255,0,61,-5,-33,1
09/12/2005 17:42:00,255,0,62,-5,-35,1
09/12/2005 17:43:00,255,0,62,-5,-35,1
09/12/2005 17:44:00,255,0,61,-5,-34,1
09/12/2005 17:45:00,255,0,59,-5,-34,1
09/12/2005 17:46:00,255,0,59,-5,-34,1
09/12/2005 17:47:00,255,0,58,-5,-34,1
09/12/2005 17:48:00,255,0,59,-5,-33,1
09/12/2005 17:49:00,255,0,58,-5,-32,1
09/12/2005 17:50:00,255,0,57,-5,-32,1
09/12/2005 17:51:00,255,0,58,-5,-32,1
09/12/2005 17:52:00,255,0,58,-4,-28,1
09/12/2005 17:53:00,255,0,51,-4,-29,1
09/12/2005 17:54:00,255,0,51,-4,-29,1
09/12/2005 17:55:00,255,0,52,-4,-27,1
09/12/2005 17:56:00,255,0,49,-3,-26,1
09/12/2005 17:57:00,255,0,46,-4,-26,1
09/12/2005 17:58:00,255,0,45,-4,-26,1
09/12/2005 17:59:00,255,0,44,-4,-27,1
09/12/2005 18:00:00,255,0,44,-4,-29,1
09/12/2005 18:01:00,255,0,44,-4,-30,1
09/12/2005 18:02:00,255,0,44,-5,-31,1
09/12/2005 18:03:00,255,0,45,-5,-31,1
09/12/2005 18:04:00,255,0,44,-6,-32,1
09/12/2005 18:05:00,255,0,43,-6,-32,1
09/12/2005 18:06:00,255,0,44,-6,-33,1
09/12/2005 18:07:00,255,0,45,-7,-33,1
09/12/2005 18:08:00,255,0,46,-7,-31,1
09/12/2005 18:09:00,255,0,47,-8,-31,1
09/12/2005 18:10:00,255,0,45,-9,-31,1
09/12/2005 18:11:00,255,0,44,-9,-34,1
09/12/2005 18:12:00,255,0,44,-9,-33,1
09/12/2005 18:13:00,255,0,43,-9,-33,1
09/12/2005 18:14:00,255,0,41,-10,-34,1
09/12/2005 18:15:00,255,0,38,-10,-35,1
09/12/2005 18:16:00,255,0,38,-10,-35,1
09/12/2005 18:17:00,255,0,38,-10,-34,1
09/12/2005 18:18:00,255,0,37,-11,-32,1
09/12/2005 18:19:00,255,0,37,-11,-32,1
09/12/2005 18:20:00,255,0,36,-11,-32,1
09/12/2005 18:21:00,255,0,36,-11,-33,1
09/12/2005 18:22:00,255,0,40,-12,-34,1
09/12/2005 18:23:00,255,0,41,-11,-35,1
09/12/2005 18:24:00,255,0,44,-11,-35,1
09/12/2005 18:25:00,255,0,50,-11,-37,1
09/12/2005 18:26:00,255,0,50,-11,-36,1
09/12/2005 18:27:00,255,0,51,-11,-36,1
09/12/2005 18:28:00,255,0,54,-11,-37,1
09/12/2005 18:29:00,255,0,56,-11,-38,1
09/12/2005 18:30:00,255,0,64,-10,-37,1
09/12/2005 18:31:00,255,0,60,-10,-31,1
09/12/2005 18:32:00,255,0,64,-10,-30,1
09/12/2005 18:33:00,255,0,70,-11,-32,1
09/12/2005 18:34:00,255,0,73,-10,-33,1
09/12/2005 18:35:00,255,0,76,-10,-33,1
09/12/2005 18:36:00,255,0,76,-10,-33,1
09/12/2005 18:37:00,255,0,80,-10,-35,1
09/12/2005 18:38:00,255,0,84,-10,-38,1
09/12/2005 18:39:00,255,0,85,-9,-39,1
09/12/2005 18:40:00,255,0,79,-8,-38,1
09/12/2005 18:41:00,255,0,73,-8,-37,1
09/12/2005 18:42:00,255,0,72,-7,-36,1
09/12/2005 18:43:00,255,0,71,-7,-36,1
09/12/2005 18:44:00,255,0,72,-7,-35,1
09/12/2005 18:45:00,255,0,71,-7,-34,1
09/12/2005 18:46:00,255,0,67,-7,-36,1
09/12/2005 18:47:00,255,0,67,-7,-37,1
09/12/2005 18:48:00,255,0,66,-6,-35,1
09/12/2005 18:49:00,255,0,67,-6,-35,1
09/12/2005 18:50:00,255,0,64,-6,-33,1
09/12/2005 18:51:00,255,0,63,-5,-33,1
09/12/2005 18:52:00,255,0,63,-5,-34,1
09/12/2005 18:53:00,255,0,61,-5,-34,1
09/12/2005 18:54:00,255,0,60,-5,-35,1
09/12/2005 18:55:00,255,0,61,-4,-36,1
09/12/2005 18:56:00,255,0,63,-4,-38,1
09/12/2005 18:57:00,255,0,66,-4,-38,1
09/12/2005 18:58:00,255,0,68,-5,-40,1
09/12/2005 18:59:00,255,0,67,-5,-39,1
09/12/2005 19:00:00,255,0,67,-5,-40,1
09/12/2005 19:01:00,255,0,68,-5,-42,1
09/12/2005 19:02:00,255,0,69,-5,-43,1
09/12/2005 19:03:00,255,0,70,-5,-45,1
09/12/2005 19:04:00,255,0,74,-5,-45,1
09/12/2005 19:05:00,255,0,76,-6,-46,1
09/12/2005 19:06:00,255,0,75,-6,-44,1
09/12/2005 19:07:00,255,0,76,-6,-44,1
09/12/2005 19:08:00,255,0,73,-6,-44,1
09/12/2005 19:09:00,255,0,79,-6,-45,1
09/12/2005 19:10:00,255,0,83,-6,-45,1
09/12/2005 19:11:00,255,0,84,-6,-46,1
09/12/2005 19:12:00,255,0,86,-6,-46,1
09/12/2005 19:13:00,255,0,85,-5,-45,1
09/12/2005 19:14:00,255,0,88,-5,-45,1
09/12/2005 19:15:00,255,0,89,-4,-43,1
09/12/2005 19:16:00,255,0,92,-4,-42,1
09/12/2005 19:17:00,255,0,93,-4,-41,1
09/12/2005 19:18:00,255,0,96,-3,-41,1
09/12/2005 19:19:00,255,0,99,-3,-41,1
09/12/2005 19:20:00,255,0,100,-3,-40,1
09/12/2005 19:21:00,255,0,101,-2,-40,1
09/12/2005 19:22:00,255,0,101,-2,-39,1
09/12/2005 19:23:00,255,0,105,-2,-39,1
09/12/2005 19:24:00,255,0,105,-2,-39,1
09/12/2005 19:25:00,255,0,107,-2,-39,1
09/12/2005 19:26:00,255,0,110,-2,-41,1
09/12/2005 19:27:00,255,0,108,-2,-41,1
09/12/2005 19:28:00,255,0,107,-3,-41,1
09/12/2005 19:29:00,255,0,103,-3,-41,1
09/12/2005 19:30:00,255,0,103,-4,-41,1
09/12/2005 19:31:00,255,0,100,-4,-42,1
09/12/2005 19:32:00,255,0,99,-5,-42,1
09/12/2005 19:33:00,255,0,97,-5,-42,1
09/12/2005 19:34:00,255,0,97,-6,-42,1
09/12/2005 19:35:00,255,0,95,-6,-42,1
09/12/2005 19:36:00,255,0,91,-7,-44,1
09/12/2005 19:37:00,255,0,90,-7,-45,1
09/12/2005 19:38:00,255,0,91,-7,-45,1
09/12/2005 19:39:00,255,0,87,-7,-44,1
09/12/2005 19:40:00,255,0,88,-7,-46,1
09/12/2005 19:41:00,255,0,87,-7,-48,1
09/12/2005 19:42:00,255,0,86,-7,-48,1
09/12/2005 19:43:00,255,0,86,-7,-48,1
09/12/2005 19:44:00,255,0,84,-7,-48,1
09/12/2005 19:45:00,255,0,81,-7,-47,1
09/12/2005 19:46:00,255,0,80,-7,-47,1
09/12/2005 19:47:00,255,0,79,-7,-46,1
09/12/2005 19:48:00,255,0,77,-7,-46,1
09/12/2005 19:49:00,255,0,77,-6,-46,1
09/12/2005 19:50:00,255,0,76,-6,-47,1
09/12/2005 19:51:00,255,0,77,-6,-48,1
09/12/2005 19:52:00,255,0,76,-6,-47,1
09/12/2005 19:53:00,255,0,76,-6,-47,1
09/12/2005 19:54:00,255,0,77,-6,-48,1
09/12/2005 19:55:00,255,0,77,-6,-47,1
09/12/2005 19:56:00,255,0,77,-5,-47,1
09/12/2005 19:57:00,255,0,78,-5,-46,1
09/12/2005 19:58:00,255,0,80,-5,-47,1
09/12/2005 19:59:00,255,0,81,-5,-49,1
09/12/2005 20:00:00,255,0,83,-5,-49,1
09/12/2005 20:01:00,255,0,84,-5,-50,1
09/12/2005 20:02:00,255,0,86,-5,-52,1
09/12/2005 20:03:00,255,0,88,-5,-52,1
09/12/2005 20:04:00,255,0,89,-5,-52,1
09/12/2005 20:05:00,255,0,90,-5,-55,1
09/12/2005 20:06:00,255,0,91,-5,-58,1
09/12/2005 20:07:00,255,0,93,-4,-62,1
09/12/2005 20:08:00,255,0,95,-4,-63,1
09/12/2005 20:09:00,255,0,96,-5,-62,1
09/12/2005 20:10:00,255,0,95,-5,-62,1
09/12/2005 20:11:00,255,0,94,-5,-63,1
09/12/2005 20:12:00,255,0,94,-5,-65,1
09/12/2005 20:13:00,255,0,92,-6,-67,1
09/12/2005 20:14:00,255,0,92,-6,-70,1
09/12/2005 20:15:00,255,0,92,-6,-70,1
09/12/2005 20:16:00,255,0,88,-6,-71,1
09/12/2005 20:17:00,255,0,85,-6,-69,1
09/12/2005 20:18:00,255,0,81,-6,-67,1
09/12/2005 20:19:00,255,0,77,-6,-67,1
09/12/2005 20:20:00,255,0,74,-7,-67,1
09/12/2005 20:21:00,255,0,72,-7,-68,1
09/12/2005 20:22:00,255,0,71,-6,-69,1
09/12/2005 20:23:00,255,0,71,-7,-70,1
09/12/2005 20:24:00,255,0,73,-7,-71,1
09/12/2005 20:25:00,255,0,71,-7,-71,1
09/12/2005 20:26:00,255,0,68,-7,-68,1
09/12/2005 20:27:00,255,0,67,-7,-68,1
09/12/2005 20:28:00,255,0,65,-7,-69,1
09/12/2005 20:29:00,255,0,62,-7,-70,1
09/12/2005 20:30:00,255,0,62,-6,-72,1
09/12/2005 20:31:00,255,0,62,-5,-73,1
09/12/2005 20:32:00,255,0,61,-5,-74,1
09/12/2005 20:33:00,255,0,63,-5,-77,1
09/12/2005 20:34:00,255,0,66,-5,-81,1
09/12/2005 20:35:00,255,0,69,-5,-86,1
09/12/2005 20:36:00,255,0,70,-4,-88,1
09/12/2005 20:37:00,255,0,67,-4,-88,1
09/12/2005 20:38:00,255,0,65,-4,-88,1
09/12/2005 20:39:00,255,0,65,-4,-89,1
09/12/2005 20:40:00,255,0,59,-4,-88,1
09/12/2005 20:41:00,255,0,54,-4,-86,1
09/12/2005 20:42:00,255,0,50,-4,-85,1
09/12/2005 20:43:00,255,0,46,-4,-84,1
09/12/2005 20:44:00,255,0,43,-4,-83,1
09/12/2005 20:45:00,255,0,39,-4,-83,1
09/12/2005 20:46:00,255,0,36,-4,-82,1
09/12/2005 20:47:00,255,0,36,-4,-82,1
09/12/2005 20:48:00,255,0,38,-3,-85,1
09/12/2005 20:49:00,255,0,39,-3,-87,1
09/12/2005 20:50:00,255,0,35,-2,-87,1
09/12/2005 20:51:00,255,0,34,-2,-85,1
09/12/2005 20:52:00,255,0,35,-2,-84,1
09/12/2005 20:53:00,255,0,34,-2,-84,1
09/12/2005 20:54:00,255,0,33,-2,-83,1
09/12/2005 20:55:00,255,0,36,-1,-87,1
09/12/2005 20:56:00,255,0,38,-1,-88,1
09/12/2005 20:57:00,255,0,38,-1,-87,1
09/12/2005 20:58:00,255,0,38,-1,-87,1
09/12/2005 20:59:00,255,0,38,-1,-87,1
09/12/2005 21:00:00,255,0,38,-1,-88,1
09/12/2005 21:01:00,255,0,38,-1,-90,1
09/12/2005 21:02:00,255,0,38,-1,-91,1
09/12/2005 21:03:00,255,0,37,0,-91,1
09/12/2005 21:04:00,255,0,37,0,-90,1
09/12/2005 21:05:00,255,0,36,0,-89,1
09/12/2005 21:06:00,255,0,35,0,-87,1
09/12/2005 21:07:00,255,0,33,0,-88,1
09/12/2005 21:08:00,255,0,36,1,-88,1
09/12/2005 21:09:00,255,0,34,-1,-82,1
09/12/2005 21:10:00,255,0,42,0,-74,1
09/12/2005 21:11:00,255,0,47,0,-71,1
09/12/2005 21:12:00,255,0,50,-1,-69,1
09/12/2005 21:13:00,255,0,47,-1,-70,1
09/12/2005 21:14:00,255,0,37,-1,-72,1
09/12/2005 21:15:00,255,0,39,-1,-72,1
09/12/2005 21:16:00,255,0,42,-1,-71,1
09/12/2005 21:17:00,255,0,43,-1,-71,1
09/12/2005 21:18:00,255,0,40,-1,-72,1
09/12/2005 21:19:00,255,0,38,-2,-73,1
09/12/2005 21:20:00,255,0,42,-2,-72,1
09/12/2005 21:21:00,255,0,43,-2,-72,1
09/12/2005 21:22:00,255,0,44,-2,-72,1
09/12/2005 21:23:00,255,0,42,-2,-72,1
09/12/2005 21:24:00,255,0,40,-2,-72,1
09/12/2005 21:25:00,255,0,42,-2,-71,1
09/12/2005 21:26:00,255,0,42,-3,-71,1
09/12/2005 21:27:00,255,0,41,-3,-71,1
09/12/2005 21:28:00,255,0,42,-3,-71,1
09/12/2005 21:29:00,255,0,40,-3,-72,1
09/12/2005 21:30:00,255,0,41,-3,-71,1
09/12/2005 21:31:00,255,0,41,-3,-71,1
09/12/2005 21:32:00,255,0,40,-3,-71,1
09/12/2005 21:33:00,255,0,39,-3,-71,1
09/12/2005 21:34:00,255,0,38,-3,-71,1
09/12/2005 21:35:00,255,0,35,-3,-71,1
09/12/2005 21:36:00,255,0,34,-4,-71,1
09/12/2005 21:37:00,255,0,33,-4,-71,1
09/12/2005 21:38:00,255,0,30,-3,-72,1
09/12/2005 21:39:00,255,0,29,-3,-72,1
09/12/2005 21:40:00,255,0,28,-3,-73,1
09/12/2005 21:41:00,255,0,29,-3,-72,1
09/12/2005 21:42:00,255,0,29,-4,-73,1
09/12/2005 21:43:00,255,0,30,-4,-73,1
09/12/2005 21:44:00,255,0,31,-4,-73,1
09/12/2005 21:45:00,255,0,30,-4,-74,1
09/12/2005 21:46:00,255,0,32,-4,-73,1
09/12/2005 21:47:00,255,0,32,-4,-74,1
09/12/2005 21:48:00,255,0,32,-3,-74,1
09/12/2005 21:49:00,255,0,34,-3,-74,1
09/12/2005 21:50:00,255,0,34,-3,-75,1
09/12/2005 21:51:00,255,0,33,-3,-75,1
09/12/2005 21:52:00,255,0,33,-3,-76,1
09/12/2005 21:53:00,255,0,33,-3,-76,1
09/12/2005 21:54:00,255,0,34,-4,-76,1
09/12/2005 21:55:00,255,0,33,-4,-76,1
09/12/2005 21:56:00,255,0,33,-4,-76,1
09/12/2005 21:57:00,255,0,31,-4,-76,1
09/12/2005 21:58:00,255,0,29,-5,-77,1
09/12/2005 21:59:00,255,0,28,-5,-77,1
09/12/2005 22:00:00,255,0,28,-6,-77,1
09/12/2005 22:01:00,255,0,28,-6,-75,1
09/12/2005 22:02:00,255,0,30,-6,-73,1
09/12/2005 22:03:00,255,0,31,-7,-73,1
09/12/2005 22:04:00,255,0,29,-7,-73,1
09/12/2005 22:05:00,255,0,25,-8,-75,1
09/12/2005 22:06:00,255,0,22,-8,-76,1
09/12/2005 22:07:00,255,0,22,-9,-75,1
09/12/2005 22:08:00,255,0,22,-9,-75,1
09/12/2005 22:09:00,255,0,22,-9,-74,1
09/12/2005 22:10:00,255,0,24,-10,-73,1
09/12/2005 22:11:00,255,0,26,-10,-72,1
09/12/2005 22:12:00,255,0,28,-11,-72,1
09/12/2005 22:13:00,255,0,30,-11,-71,1
09/12/2005 22:14:00,255,0,33,-12,-70,1
09/12/2005 22:15:00,255,0,34,-12,-70,1
09/12/2005 22:16:00,255,0,35,-12,-70,1
09/12/2005 22:17:00,255,0,38,-13,-71,1
09/12/2005 22:18:00,255,0,41,-13,-72,1
09/12/2005 22:19:00,255,0,44,-14,-73,1
09/12/2005 22:20:00,255,0,46,-14,-74,1
09/12/2005 22:21:00,255,0,50,-14,-76,1
09/12/2005 22:22:00,255,0,52,-14,-77,1
09/12/2005 22:23:00,255,0,50,-13,-76,1
09/12/2005 22:24:00,255,0,50,-13,-76,1
09/12/2005 22:25:00,255,0,52,-13,-76,1
09/12/2005 22:26:00,255,0,49,-12,-76,1
09/12/2005 22:27:00,255,0,48,-12,-75,1
09/12/2005 22:28:00,255,0,50,-11,-74,1
09/12/2005 22:29:00,255,0,41,-11,-69,1
09/12/2005 22:30:00,255,0,38,-10,-66,1
09/12/2005 22:31:00,255,0,37,-9,-68,1
09/12/2005 22:32:00,255,0,38,-9,-68,1
09/12/2005 22:33:00,255,0,38,-9,-70,1
09/12/2005 22:34:00,255,0,41,-9,-71,1
09/12/2005 22:35:00,255,0,37,-8,-69,1
09/12/2005 22:36:00,255,0,31,-8,-67,1
09/12/2005 22:37:00,255,0,33,-7,-68,1
09/12/2005 22:38:00,255,0,33,-8,-65,1
09/12/2005 22:39:00,255,0,47,-6,-54,1
09/12/2005 22:40:00,255,0,47,-5,-54,1
09/12/2005 22:41:00,255,0,40,-5,-53,1
09/12/2005 22:42:00,255,0,36,-5,-53,1
09/12/2005 22:43:00,255,0,33,-5,-56,1
09/12/2005 22:44:00,255,0,34,-5,-59,1
09/12/2005 22:45:00,255,0,34,-6,-58,1
09/12/2005 22:46:00,255,0,37,-5,-51,1
09/12/2005 22:47:00,255,0,49,-3,-46,1
09/12/2005 22:48:00,255,0,40,-3,-49,1
09/12/2005 22:49:00,255,0,39,-4,-54,1
09/12/2005 22:50:00,255,0,39,-4,-54,1
09/12/2005 22:51:00,255,0,42,-4,-55,1
09/12/2005 22:52:00,255,0,43,-3,-55,1
09/12/2005 22:53:00,255,0,44,-4,-49,1
09/12/2005 22:54:00,255,0,51,-1,-44,1
09/12/2005 22:55:00,255,0,50,-1,-52,1
09/12/2005 22:56:00,255,0,58,-3,-58,1
09/12/2005 22:57:00,255,0,58,-3,-57,1
09/12/2005 22:58:00,255,0,60,-3,-57,1
09/12/2005 22:59:00,255,0,57,-3,-57,1
09/12/2005 23:00:00,255,0,63,-3,-59,1
09/12/2005 23:01:00,255,0,66,-4,-61,1
09/12/2005 23:02:00,255,0,66,-4,-62,1
09/12/2005 23:03:00,255,0,66,-4,-61,1
09/12/2005 23:04:00,255,0,67,-4,-61,1
09/12/2005 23:05:00,255,0,70,-5,-61,1
09/12/2005 23:06:00,255,0,71,-6,-59,1
09/12/2005 23:07:00,255,0,71,-6,-60,1
09/12/2005 23:08:00,255,0,71,-7,-61,1
09/12/2005 23:09:00,255,0,72,-8,-61,1
09/12/2005 23:10:00,255,0,76,-8,-61,1
09/12/2005 23:11:00,255,0,82,-8,-63,1
09/12/2005 23:12:00,255,0,83,-9,-60,1
09/12/2005 23:13:00,255,0,78,-9,-56,1
09/12/2005 23:14:00,255,0,85,-9,-56,1
09/12/2005 23:15:00,255,0,89,-10,-57,1
09/12/2005 23:16:00,255,0,94,-11,-57,1
09/12/2005 23:17:00,255,0,104,-12,-63,1
09/12/2005 23:18:00,255,0,114,-14,-66,1
09/12/2005 23:19:00,255,0,119,-15,-66,1
09/12/2005 23:20:00,255,0,114,-14,-63,1
09/12/2005 23:21:00,255,0,117,-13,-63,1
09/12/2005 23:22:00,255,0,125,-14,-65,1
09/12/2005 23:23:00,255,0,126,-14,-66,1
09/12/2005 23:24:00,255,0,135,-14,-70,1
09/12/2005 23:25:00,255,0,142,-16,-72,1
09/12/2005 23:26:00,255,0,141,-15,-73,1
09/12/2005 23:27:00,255,0,148,-15,-75,1
09/12/2005 23:28:00,255,0,148,-15,-76,1
09/12/2005 23:29:00,255,0,148,-15,-76,1
09/12/2005 23:30:00,255,0,145,-15,-75,1
09/12/2005 23:31:00,255,0,140,-14,-74,1
09/12/2005 23:32:00,255,0,140,-14,-72,1
09/12/2005 23:33:00,255,0,139,-14,-70,1
09/12/2005 23:34:00,255,0,142,-13,-71,1
09/12/2005 23:35:00,255,0,144,-13,-71,1
09/12/2005 23:36:00,255,0,150,-14,-73,1
09/12/2005 23:37:00,255,0,152,-15,-74,1
09/12/2005 23:38:00,255,0,156,-15,-76,1
09/12/2005 23:39:00,255,0,159,-16,-78,1
09/12/2005 23:40:00,255,0,162,-16,-79,1
09/12/2005 23:41:00,255,0,165,-16,-80,1
09/12/2005 23:42:00,255,0,166,-16,-81,1
09/12/2005 23:43:00,255,0,169,-16,-81,1
09/12/2005 23:44:00,255,0,168,-15,-81,1
09/12/2005 23:45:00,255,0,170,-15,-82,1
09/12/2005 23:46:00,255,0,173,-16,-84,1
09/12/2005 23:47:00,255,0,172,-15,-85,1
09/12/2005 23:48:00,255,0,171,-15,-86,1
09/12/2005 23:49:00,255,0,170,-15,-87,1
09/12/2005 23:50:00,255,0,165,-15,-84,1
09/12/2005 23:51:00,255,0,165,-14,-83,1
09/12/2005 23:52:00,255,0,160,-10,-79,1
09/12/2005 23:53:00,255,0,157,-7,-76,1
09/12/2005 23:54:00,255,0,156,-4,-72,1
09/12/2005 23:55:00,255,0,155,-3,-74,1
09/12/2005 23:56:00,255,0,146,-5,-73,1
09/12/2005 23:57:00,255,0,141,-7,-71,1
09/12/2005 23:58:00,255,0,139,-8,-74,1
09/12/2005 23:59:00,255,0,133,-9,-78,1
