DateTime,DOY,D_TEC,ASY_H,SYM_D,SYM_H,Location
04/18/2001 00:00:00,108,0,27,-5,-21,1
04/18/2001 00:01:00,108,0,25,-5,-20,1
04/18/2001 00:02:00,108,0,24,-5,-20,1
04/18/2001 00:03:00,108,0,23,-4,-19,1
04/18/2001 00:04:00,108,0,22,-4,-19,1
04/18/2001 00:05:00,108,0,20,-4,-18,1
04/18/2001 00:06:00,108,0,19,-4,-18,1
04/18/2001 00:07:00,108,0,18,-4,-17,1
04/18/2001 00:08:00,108,0,17,-4,-17,1
04/18/2001 00:09:00,108,0,17,-4,-17,1
04/18/2001 00:10:00,108,0,16,-4,-17,1
04/18/2001 00:11:00,108,0,17,-3,-18,1
04/18/2001 00:12:00,108,0,17,-3,-18,1
04/18/2001 00:13:00,108,0,18,-3,-18,1
04/18/2001 00:14:00,108,0,17,-3,-19,1
04/18/2001 00:15:00,108,0,17,-3,-19,1
04/18/2001 00:16:00,108,0,17,-3,-19,1
04/18/2001 00:17:00,108,0,16,-3,-19,1
04/18/2001 00:18:00,108,0,17,-3,-19,1
04/18/2001 00:19:00,108,0,16,-3,-19,1
04/18/2001 00:20:00,108,0,14,-3,-19,1
04/18/2001 00:21:00,108,0,14,-3,-19,1
04/18/2001 00:22:00,108,0,14,-3,-19,1
04/18/2001 00:23:00,108,0,14,-2,-19,1
04/18/2001 00:24:00,108,0,14,-3,-19,1
04/18/2001 00:25:00,108,0,15,-3,-20,1
04/18/2001 00:26:00,108,0,14,-3,-20,1
04/18/2001 00:27:00,108,0,15,-3,-20,1
04/18/2001 00:28:00,108,0,14,-3,-20,1
04/18/2001 00:29:00,108,0,13,-3,-20,1
04/18/2001 00:30:00,108,0,12,-3,-20,1
04/18/2001 00:31:00,108,0,13,-3,-19,1
04/18/2001 00:32:00,108,0,13,-3,-19,1
04/18/2001 00:33:00,108,0,13,-3,-19,1
04/18/2001 00:34:00,108,0,13,-2,-19,1
04/18/2001 00:35:00,108,0,13,-2,-19,1
04/18/2001 00:36:00,108,0,13,-2,-19,1
04/18/2001 00:37:00,108,0,15,-2,-19,1
04/18/2001 00:38:00,108,0,16,-2,-20,1
04/18/2001 00:39:00,108,0,17,-2,-20,1
04/18/2001 00:40:00,108,0,19,-2,-20,1
04/18/2001 00:41:00,108,0,18,-2,-20,1
04/18/2001 00:42:00,108,0,19,-2,-20,1
04/18/2001 00:43:00,108,0,19,-2,-20,1
04/18/2001 00:44:00,108,0,20,-2,-20,1
04/18/2001 00:45:00,108,0,20,-2,-20,1
04/18/2001 00:46:00,108,0,21,-2,-20,1
04/18/2001 00:47:00,108,0,25,-3,-18,1
04/18/2001 00:48:00,108,0,22,-1,1,1
04/18/2001 00:49:00,108,0,61,5,20,1
04/18/2001 00:50:00,108,0,66,8,22,1
04/18/2001 00:51:00,108,0,57,7,20,1
04/18/2001 00:52:00,108,0,55,6,17,1
04/18/2001 00:53:00,108,0,57,6,15,1
04/18/2001 00:54:00,108,0,56,6,13,1
04/18/2001 00:55:00,108,0,57,6,14,1
04/18/2001 00:56:00,108,0,55,4,14,1
04/18/2001 00:57:00,108,0,54,3,13,1
04/18/2001 00:58:00,108,0,58,4,13,1
04/18/2001 00:59:00,108,0,59,3,13,1
04/18/2001 01:00:00,108,0,61,2,12,1
04/18/2001 01:01:00,108,0,62,2,11,1
04/18/2001 01:02:00,108,0,65,2,10,1
04/18/2001 01:03:00,108,0,67,2,8,1
04/18/2001 01:04:00,108,0,66,3,8,1
04/18/2001 01:05:00,108,0,73,4,9,1
04/18/2001 01:06:00,108,0,80,5,8,1
04/18/2001 01:07:00,108,0,85,7,8,1
04/18/2001 01:08:00,108,0,91,7,8,1
04/18/2001 01:09:00,108,0,96,7,8,1
04/18/2001 01:10:00,108,0,99,8,7,1
04/18/2001 01:11:00,108,0,103,9,7,1
04/18/2001 01:12:00,108,0,106,9,7,1
04/18/2001 01:13:00,108,0,112,10,8,1
04/18/2001 01:14:00,108,0,117,10,8,1
04/18/2001 01:15:00,108,0,123,11,8,1
04/18/2001 01:16:00,108,0,129,12,8,1
04/18/2001 01:17:00,108,0,135,13,6,1
04/18/2001 01:18:00,108,0,136,13,5,1
04/18/2001 01:19:00,108,0,137,13,6,1
04/18/2001 01:20:00,108,0,139,13,5,1
04/18/2001 01:21:00,108,0,135,12,4,1
04/18/2001 01:22:00,108,0,133,12,3,1
04/18/2001 01:23:00,108,0,129,11,2,1
04/18/2001 01:24:00,108,0,128,10,3,1
04/18/2001 01:25:00,108,0,126,10,3,1
04/18/2001 01:26:00,108,0,122,9,3,1
04/18/2001 01:27:00,108,0,120,9,3,1
04/18/2001 01:28:00,108,0,118,9,5,1
04/18/2001 01:29:00,108,0,119,9,7,1
04/18/2001 01:30:00,108,0,118,9,8,1
04/18/2001 01:31:00,108,0,117,9,8,1
04/18/2001 01:32:00,108,0,115,9,5,1
04/18/2001 01:33:00,108,0,113,8,3,1
04/18/2001 01:34:00,108,0,110,7,3,1
04/18/2001 01:35:00,108,0,109,7,3,1
04/18/2001 01:36:00,108,0,108,7,3,1
04/18/2001 01:37:00,108,0,108,7,4,1
04/18/2001 01:38:00,108,0,105,7,5,1
04/18/2001 01:39:00,108,0,103,7,5,1
04/18/2001 01:40:00,108,0,101,7,5,1
04/18/2001 01:41:00,108,0,99,7,6,1
04/18/2001 01:42:00,108,0,97,6,5,1
04/18/2001 01:43:00,108,0,95,6,5,1
04/18/2001 01:44:00,108,0,94,5,4,1
04/18/2001 01:45:00,108,0,89,5,3,1
04/18/2001 01:46:00,108,0,89,4,0,1
04/18/2001 01:47:00,108,0,83,2,-1,1
04/18/2001 01:48:00,108,0,81,2,-1,1
04/18/2001 01:49:00,108,0,77,1,-1,1
04/18/2001 01:50:00,108,0,77,2,1,1
04/18/2001 01:51:00,108,0,77,2,1,1
04/18/2001 01:52:00,108,0,76,1,2,1
04/18/2001 01:53:00,108,0,76,1,2,1
04/18/2001 01:54:00,108,0,75,2,3,1
04/18/2001 01:55:00,108,0,76,2,3,1
04/18/2001 01:56:00,108,0,77,2,2,1
04/18/2001 01:57:00,108,0,77,1,2,1
04/18/2001 01:58:00,108,0,78,2,2,1
04/18/2001 01:59:00,108,0,82,3,2,1
04/18/2001 02:00:00,108,0,84,3,2,1
04/18/2001 02:01:00,108,0,86,3,0,1
04/18/2001 02:02:00,108,0,86,2,0,1
04/18/2001 02:03:00,108,0,85,2,0,1
04/18/2001 02:04:00,108,0,86,2,-1,1
04/18/2001 02:05:00,108,0,86,2,-2,1
04/18/2001 02:06:00,108,0,87,2,-4,1
04/18/2001 02:07:00,108,8.106554318,87,2,-5,1
04/18/2001 02:08:00,108,8.034801488,86,1,-6,1
04/18/2001 02:09:00,108,7.963048659,86,1,-6,1
04/18/2001 02:10:00,108,7.89129583,86,1,-6,1
04/18/2001 02:11:00,108,7.819543,86,0,-7,1
04/18/2001 02:12:00,108,7.747790171,86,1,-8,1
04/18/2001 02:13:00,108,7.740792646,86,0,-8,1
04/18/2001 02:14:00,108,7.733795121,86,0,-8,1
04/18/2001 02:15:00,108,7.726797597,85,0,-8,1
04/18/2001 02:16:00,108,7.719800072,84,0,-8,1
04/18/2001 02:17:00,108,7.712802547,83,1,-8,1
04/18/2001 02:18:00,108,7.716296903,84,0,-8,1
04/18/2001 02:19:00,108,7.71979126,85,1,-8,1
04/18/2001 02:20:00,108,7.723285616,86,1,-8,1
04/18/2001 02:21:00,108,7.726779972,87,1,-9,1
04/18/2001 02:22:00,108,7.730274329,87,2,-9,1
04/18/2001 02:23:00,108,7.641348878,89,2,-9,1
04/18/2001 02:24:00,108,7.552423427,90,1,-10,1
04/18/2001 02:25:00,108,7.463497976,91,1,-10,1
04/18/2001 02:26:00,108,7.374572525,91,1,-10,1
04/18/2001 02:27:00,108,7.285647075,93,1,-11,1
04/18/2001 02:28:00,108,7.327450934,95,2,-12,1
04/18/2001 02:29:00,108,7.369254793,95,1,-12,1
04/18/2001 02:30:00,108,7.411058652,95,2,-12,1
04/18/2001 02:31:00,108,7.452862511,96,2,-13,1
04/18/2001 02:32:00,108,7.494666371,96,2,-13,1
04/18/2001 02:33:00,108,7.592302582,97,1,-14,1
04/18/2001 02:34:00,108,7.689938793,98,1,-15,1
04/18/2001 02:35:00,108,7.787575005,99,1,-15,1
04/18/2001 02:36:00,108,7.885211216,99,0,-14,1
04/18/2001 02:37:00,108,7.982847427,100,0,-14,1
04/18/2001 02:38:00,108,7.878134478,99,0,-15,1
04/18/2001 02:39:00,108,7.77342153,100,0,-15,1
04/18/2001 02:40:00,108,7.668708581,99,-1,-15,1
04/18/2001 02:41:00,108,7.563995632,100,-1,-15,1
04/18/2001 02:42:00,108,7.459282683,99,-1,-15,1
04/18/2001 02:43:00,108,7.466520728,99,-1,-16,1
04/18/2001 02:44:00,108,7.473758773,99,-1,-17,1
04/18/2001 02:45:00,108,7.480996817,99,-1,-18,1
04/18/2001 02:46:00,108,7.488234862,98,-1,-19,1
04/18/2001 02:47:00,108,7.495472907,97,-1,-20,1
04/18/2001 02:48:00,108,7.305961652,96,-1,-20,1
04/18/2001 02:49:00,108,7.116450398,95,-2,-21,1
04/18/2001 02:50:00,108,6.926939144,95,-2,-22,1
04/18/2001 02:51:00,108,6.73742789,93,-2,-23,1
04/18/2001 02:52:00,108,6.547916636,92,-3,-24,1
04/18/2001 02:53:00,108,6.374430469,90,-3,-25,1
04/18/2001 02:54:00,108,6.200944302,88,-3,-25,1
04/18/2001 02:55:00,108,6.027458136,86,-3,-25,1
04/18/2001 02:56:00,108,5.853971969,87,-3,-25,1
04/18/2001 02:57:00,108,5.680485802,87,-3,-26,1
04/18/2001 02:58:00,108,5.603347982,88,-2,-25,1
04/18/2001 02:59:00,108,5.526210162,88,-2,-25,1
04/18/2001 03:00:00,108,5.449072342,89,-2,-25,1
04/18/2001 03:01:00,108,5.371934522,88,-2,-25,1
04/18/2001 03:02:00,108,5.294796702,87,-2,-26,1
04/18/2001 03:03:00,108,5.333628857,87,-2,-28,1
04/18/2001 03:04:00,108,5.372461012,86,-2,-29,1
04/18/2001 03:05:00,108,5.411293167,86,-2,-29,1
04/18/2001 03:06:00,108,5.450125322,85,-2,-29,1
04/18/2001 03:07:00,108,5.488957477,85,-2,-29,1
04/18/2001 03:08:00,108,5.471199367,84,-3,-29,1
04/18/2001 03:09:00,108,5.453441256,86,-2,-29,1
04/18/2001 03:10:00,108,5.435683146,83,-3,-27,1
04/18/2001 03:11:00,108,5.417925036,82,-3,-27,1
04/18/2001 03:12:00,108,5.400166925,80,-2,-27,1
04/18/2001 03:13:00,108,5.391994246,80,-2,-27,1
04/18/2001 03:14:00,108,5.383821566,79,-3,-26,1
04/18/2001 03:15:00,108,5.375648887,79,-4,-26,1
04/18/2001 03:16:00,108,5.367476207,79,-4,-24,1
04/18/2001 03:17:00,108,5.359303527,79,-3,-24,1
04/18/2001 03:18:00,108,5.293545569,79,-4,-25,1
04/18/2001 03:19:00,108,5.22778761,79,-4,-24,1
04/18/2001 03:20:00,108,5.162029651,80,-4,-24,1
04/18/2001 03:21:00,108,5.096271692,81,-5,-24,1
04/18/2001 03:22:00,108,5.030513733,81,-5,-24,1
04/18/2001 03:23:00,108,5.196888397,83,-5,-24,1
04/18/2001 03:24:00,108,5.36326306,86,-5,-25,1
04/18/2001 03:25:00,108,5.529637723,88,-5,-26,1
04/18/2001 03:26:00,108,5.696012386,91,-6,-26,1
04/18/2001 03:27:00,108,5.862387049,91,-7,-27,1
04/18/2001 03:28:00,108,5.906989484,93,-8,-27,1
04/18/2001 03:29:00,108,5.951591919,94,-8,-28,1
04/18/2001 03:30:00,108,5.996194353,93,-8,-28,1
04/18/2001 03:31:00,108,6.040796788,96,-8,-29,1
04/18/2001 03:32:00,108,6.085399223,100,-7,-32,1
04/18/2001 03:33:00,108,6.01784192,99,-7,-33,1
04/18/2001 03:34:00,108,5.950284618,100,-6,-34,1
04/18/2001 03:35:00,108,5.882727315,100,-6,-36,1
04/18/2001 03:36:00,108,5.815170012,99,-6,-36,1
04/18/2001 03:37:00,108,5.74761271,101,-6,-37,1
04/18/2001 03:38:00,108,5.677615868,103,-5,-39,1
04/18/2001 03:39:00,108,5.607619026,106,-4,-39,1
04/18/2001 03:40:00,108,5.537622184,111,-3,-41,1
04/18/2001 03:41:00,108,5.467625342,112,-2,-42,1
04/18/2001 03:42:00,108,5.3976285,113,-1,-44,1
04/18/2001 03:43:00,108,5.499306981,116,0,-44,1
04/18/2001 03:44:00,108,5.600985462,119,1,-46,1
04/18/2001 03:45:00,108,5.702663944,121,2,-49,1
04/18/2001 03:46:00,108,5.804342425,123,3,-51,1
04/18/2001 03:47:00,108,5.906020906,123,3,-53,1
04/18/2001 03:48:00,108,5.932534305,126,4,-54,1
04/18/2001 03:49:00,108,5.959047705,128,5,-54,1
04/18/2001 03:50:00,108,5.985561105,128,6,-56,1
04/18/2001 03:51:00,108,6.012074504,130,7,-57,1
04/18/2001 03:52:00,108,6.038587904,131,8,-58,1
04/18/2001 03:53:00,108,6.05022235,133,9,-59,1
04/18/2001 03:54:00,108,6.061856796,135,10,-60,1
04/18/2001 03:55:00,108,6.073491243,138,11,-60,1
04/18/2001 03:56:00,108,6.085125689,142,11,-60,1
04/18/2001 03:57:00,108,6.096760135,145,12,-60,1
04/18/2001 03:58:00,108,6.078566754,145,12,-60,1
04/18/2001 03:59:00,108,6.060373373,146,12,-59,1
04/18/2001 04:00:00,108,6.042179993,149,12,-59,1
04/18/2001 04:01:00,108,6.023986612,150,12,-59,1
04/18/2001 04:02:00,108,6.005793231,150,11,-59,1
04/18/2001 04:03:00,108,5.99096764,151,11,-60,1
04/18/2001 04:04:00,108,5.976142049,152,10,-61,1
04/18/2001 04:05:00,108,5.961316458,154,10,-61,1
04/18/2001 04:06:00,108,5.946490867,156,9,-63,1
04/18/2001 04:07:00,108,5.931665277,158,8,-63,1
04/18/2001 04:08:00,108,5.79094396,160,8,-65,1
04/18/2001 04:09:00,108,5.650222643,163,7,-66,1
04/18/2001 04:10:00,108,5.509501327,164,6,-67,1
04/18/2001 04:11:00,108,5.36878001,166,5,-67,1
04/18/2001 04:12:00,108,5.228058693,167,5,-71,1
04/18/2001 04:13:00,108,5.21663319,168,4,-71,1
04/18/2001 04:14:00,108,5.205207687,172,4,-74,1
04/18/2001 04:15:00,108,5.193782184,175,4,-78,1
04/18/2001 04:16:00,108,5.182356681,174,4,-82,1
04/18/2001 04:17:00,108,5.170931177,174,3,-84,1
04/18/2001 04:18:00,108,5.139869179,176,3,-87,1
04/18/2001 04:19:00,108,5.10880718,178,4,-91,1
04/18/2001 04:20:00,108,5.077745182,179,4,-94,1
04/18/2001 04:21:00,108,5.046683184,180,4,-97,1
04/18/2001 04:22:00,108,5.015621185,180,4,-99,1
04/18/2001 04:23:00,108,4.767455815,180,4,-101,1
04/18/2001 04:24:00,108,4.519290445,181,4,-103,1
04/18/2001 04:25:00,108,4.271125075,183,4,-105,1
04/18/2001 04:26:00,108,4.022959705,183,3,-107,1
04/18/2001 04:27:00,108,3.774794334,183,3,-110,1
04/18/2001 04:28:00,108,3.641653703,182,3,-112,1
04/18/2001 04:29:00,108,3.508513072,180,3,-113,1
04/18/2001 04:30:00,108,3.375372441,180,3,-113,1
04/18/2001 04:31:00,108,3.24223181,181,3,-113,1
04/18/2001 04:32:00,108,3.109091179,181,2,-113,1
04/18/2001 04:33:00,108,3.084820957,180,2,-114,1
04/18/2001 04:34:00,108,3.060550736,181,2,-114,1
04/18/2001 04:35:00,108,3.036280514,180,1,-114,1
04/18/2001 04:36:00,108,3.012010293,180,1,-114,1
04/18/2001 04:37:00,108,2.987740072,178,0,-114,1
04/18/2001 04:38:00,108,2.983289256,176,-1,-115,1
04/18/2001 04:39:00,108,2.97883844,174,-2,-116,1
04/18/2001 04:40:00,108,2.974387624,170,-3,-116,1
04/18/2001 04:41:00,108,2.969936809,167,-4,-116,1
04/18/2001 04:42:00,108,2.965485993,166,-4,-116,1
04/18/2001 04:43:00,108,2.874672392,165,-4,-116,1
04/18/2001 04:44:00,108,2.78385879,161,-5,-117,1
04/18/2001 04:45:00,108,2.693045189,157,-6,-116,1
04/18/2001 04:46:00,108,2.602231588,155,-6,-115,1
04/18/2001 04:47:00,108,2.511417987,153,-7,-112,1
04/18/2001 04:48:00,108,2.495340836,152,-7,-109,1
04/18/2001 04:49:00,108,2.479263686,150,-8,-107,1
04/18/2001 04:50:00,108,2.463186535,147,-8,-107,1
04/18/2001 04:51:00,108,2.447109385,143,-9,-107,1
04/18/2001 04:52:00,108,2.431032234,140,-9,-109,1
04/18/2001 04:53:00,108,2.452364409,137,-9,-109,1
04/18/2001 04:54:00,108,2.473696584,137,-9,-108,1
04/18/2001 04:55:00,108,2.495028759,136,-9,-106,1
04/18/2001 04:56:00,108,2.516360934,136,-9,-105,1
04/18/2001 04:57:00,108,2.537693109,135,-9,-104,1
04/18/2001 04:58:00,108,2.575746405,134,-9,-102,1
04/18/2001 04:59:00,108,2.6137997,133,-10,-99,1
04/18/2001 05:00:00,108,2.651852996,133,-11,-97,1
04/18/2001 05:01:00,108,2.689906292,134,-11,-96,1
04/18/2001 05:02:00,108,2.727959588,135,-11,-94,1
04/18/2001 05:03:00,108,2.773340055,133,-12,-89,1
04/18/2001 05:04:00,108,2.818720522,135,-11,-87,1
04/18/2001 05:05:00,108,2.86410099,135,-11,-82,1
04/18/2001 05:06:00,108,2.909481457,136,-10,-78,1
04/18/2001 05:07:00,108,2.954861924,137,-10,-75,1
04/18/2001 05:08:00,108,2.998032204,138,-10,-78,1
04/18/2001 05:09:00,108,3.041202484,138,-10,-81,1
04/18/2001 05:10:00,108,3.084372764,140,-11,-81,1
04/18/2001 05:11:00,108,3.127543043,139,-11,-81,1
04/18/2001 05:12:00,108,3.170713323,139,-11,-79,1
04/18/2001 05:13:00,108,3.168719672,137,-11,-77,1
04/18/2001 05:14:00,108,3.166726021,134,-12,-75,1
04/18/2001 05:15:00,108,3.16473237,137,-12,-73,1
04/18/2001 05:16:00,108,3.162738719,135,-11,-74,1
04/18/2001 05:17:00,108,3.160745067,134,-11,-80,1
04/18/2001 05:18:00,108,3.230216903,134,-11,-81,1
04/18/2001 05:19:00,108,3.299688738,135,-10,-83,1
04/18/2001 05:20:00,108,3.369160574,135,-8,-86,1
04/18/2001 05:21:00,108,3.438632409,136,-8,-86,1
04/18/2001 05:22:00,108,3.508104244,135,-8,-87,1
04/18/2001 05:23:00,108,3.600714916,136,-7,-92,1
04/18/2001 05:24:00,108,3.693325588,139,-6,-95,1
04/18/2001 05:25:00,108,3.785936259,138,-7,-94,1
04/18/2001 05:26:00,108,3.878546931,135,-8,-92,1
04/18/2001 05:27:00,108,3.971157603,132,-8,-92,1
04/18/2001 05:28:00,108,3.935197295,133,-7,-95,1
04/18/2001 05:29:00,108,3.899236987,134,-7,-97,1
04/18/2001 05:30:00,108,3.86327668,133,-6,-98,1
04/18/2001 05:31:00,108,3.827316372,133,-5,-100,1
04/18/2001 05:32:00,108,3.791356064,134,-5,-101,1
04/18/2001 05:33:00,108,3.88045785,133,-5,-101,1
04/18/2001 05:34:00,108,3.969559636,132,-5,-104,1
04/18/2001 05:35:00,108,4.058661421,132,-5,-105,1
04/18/2001 05:36:00,108,4.147763207,132,-5,-107,1
04/18/2001 05:37:00,108,4.236864993,133,-4,-108,1
04/18/2001 05:38:00,108,4.208537533,133,-4,-109,1
04/18/2001 05:39:00,108,4.180210073,131,-4,-110,1
04/18/2001 05:40:00,108,4.151882613,132,-4,-110,1
04/18/2001 05:41:00,108,4.123555153,132,-3,-111,1
04/18/2001 05:42:00,108,4.095227693,132,-3,-112,1
04/18/2001 05:43:00,108,4.176222795,132,-3,-114,1
04/18/2001 05:44:00,108,4.257217898,132,-3,-114,1
04/18/2001 05:45:00,108,4.338213001,132,-3,-116,1
04/18/2001 05:46:00,108,4.419208103,130,-3,-115,1
04/18/2001 05:47:00,108,4.500203206,128,-3,-116,1
04/18/2001 05:48:00,108,4.590043665,127,-3,-115,1
04/18/2001 05:49:00,108,4.679884125,127,-4,-116,1
04/18/2001 05:50:00,108,4.769724584,126,-4,-116,1
04/18/2001 05:51:00,108,4.859565044,125,-5,-117,1
04/18/2001 05:52:00,108,4.949405503,126,-5,-117,1
04/18/2001 05:53:00,108,4.937602044,128,-5,-118,1
04/18/2001 05:54:00,108,4.925798585,128,-5,-118,1
04/18/2001 05:55:00,108,4.913995126,127,-5,-118,1
04/18/2001 05:56:00,108,4.902191667,127,-4,-118,1
04/18/2001 05:57:00,108,4.890388207,127,-4,-117,1
04/18/2001 05:58:00,108,5.051907004,126,-4,-116,1
04/18/2001 05:59:00,108,5.2134258,124,-4,-117,1
04/18/2001 06:00:00,108,5.374944597,125,-4,-119,1
04/18/2001 06:01:00,108,5.536463393,124,-5,-120,1
04/18/2001 06:02:00,108,5.69798219,120,-6,-121,1
04/18/2001 06:03:00,108,6.188118079,117,-6,-122,1
04/18/2001 06:04:00,108,6.678253969,114,-7,-121,1
04/18/2001 06:05:00,108,7.168389858,112,-8,-117,1
04/18/2001 06:06:00,108,7.658525747,111,-10,-112,1
04/18/2001 06:07:00,108,8.148661637,110,-12,-111,1
04/18/2001 06:08:00,108,7.881138985,109,-13,-107,1
04/18/2001 06:09:00,108,7.613616334,104,-14,-103,1
04/18/2001 06:10:00,108,7.346093682,104,-15,-100,1
04/18/2001 06:11:00,108,7.078571031,106,-15,-99,1
04/18/2001 06:12:00,108,6.811048379,106,-15,-98,1
04/18/2001 06:13:00,108,6.475657051,104,-16,-94,1
04/18/2001 06:14:00,108,6.140265724,106,-16,-92,1
04/18/2001 06:15:00,108,5.804874396,109,-16,-90,1
04/18/2001 06:16:00,108,5.469483069,110,-17,-92,1
04/18/2001 06:17:00,108,5.134091741,108,-17,-94,1
04/18/2001 06:18:00,108,4.908149409,110,-17,-97,1
04/18/2001 06:19:00,108,4.682207076,110,-17,-100,1
04/18/2001 06:20:00,108,4.456264743,108,-16,-100,1
04/18/2001 06:21:00,108,4.23032241,105,-16,-97,1
04/18/2001 06:22:00,108,4.004380078,104,-16,-94,1
04/18/2001 06:23:00,108,3.880268046,100,-15,-92,1
04/18/2001 06:24:00,108,3.756156014,97,-14,-94,1
04/18/2001 06:25:00,108,3.632043983,94,-13,-98,1
04/18/2001 06:26:00,108,3.507931951,93,-12,-100,1
04/18/2001 06:27:00,108,3.38381992,91,-12,-98,1
04/18/2001 06:28:00,108,3.288269151,96,-11,-96,1
04/18/2001 06:29:00,108,3.192718382,100,-11,-95,1
04/18/2001 06:30:00,108,3.097167614,103,-12,-96,1
04/18/2001 06:31:00,108,3.001616845,106,-14,-95,1
04/18/2001 06:32:00,108,2.906066077,109,-14,-95,1
04/18/2001 06:33:00,108,2.834451748,110,-15,-95,1
04/18/2001 06:34:00,108,2.762837419,110,-15,-95,1
04/18/2001 06:35:00,108,2.69122309,107,-15,-97,1
04/18/2001 06:36:00,108,2.619608761,105,-15,-99,1
04/18/2001 06:37:00,108,2.547994432,99,-13,-100,1
04/18/2001 06:38:00,108,2.560049342,97,-13,-101,1
04/18/2001 06:39:00,108,2.572104252,95,-12,-101,1
04/18/2001 06:40:00,108,2.584159162,90,-11,-102,1
04/18/2001 06:41:00,108,2.596214072,86,-11,-101,1
04/18/2001 06:42:00,108,2.608268982,86,-10,-104,1
04/18/2001 06:43:00,108,2.576449025,83,-9,-104,1
04/18/2001 06:44:00,108,2.544629068,84,-9,-103,1
04/18/2001 06:45:00,108,2.512809112,85,-8,-103,1
04/18/2001 06:46:00,108,2.480989155,84,-8,-103,1
04/18/2001 06:47:00,108,2.449169199,84,-8,-102,1
04/18/2001 06:48:00,108,2.383959279,86,-7,-101,1
04/18/2001 06:49:00,108,2.318749359,87,-7,-101,1
04/18/2001 06:50:00,108,2.253539439,86,-6,-100,1
04/18/2001 06:51:00,108,2.188329519,89,-5,-101,1
04/18/2001 06:52:00,108,2.123119599,92,-3,-106,1
04/18/2001 06:53:00,108,2.200540189,91,-2,-110,1
04/18/2001 06:54:00,108,2.27796078,86,-2,-108,1
04/18/2001 06:55:00,108,2.355381371,82,-2,-105,1
04/18/2001 06:56:00,108,2.432801961,79,-2,-103,1
04/18/2001 06:57:00,108,2.510222552,79,-2,-102,1
04/18/2001 06:58:00,108,2.43495503,77,-2,-101,1
04/18/2001 06:59:00,108,2.359687509,79,-1,-101,1
04/18/2001 07:00:00,108,2.284419987,78,-1,-101,1
04/18/2001 07:01:00,108,2.209152466,77,-1,-101,1
04/18/2001 07:02:00,108,2.133884944,75,-1,-100,1
04/18/2001 07:03:00,108,2.145130079,72,-1,-98,1
04/18/2001 07:04:00,108,2.156375214,76,-1,-97,1
04/18/2001 07:05:00,108,2.16762035,77,-1,-95,1
04/18/2001 07:06:00,108,2.178865485,81,-1,-98,1
04/18/2001 07:07:00,108,2.19011062,78,-1,-102,1
04/18/2001 07:08:00,108,2.2221351,75,-1,-102,1
04/18/2001 07:09:00,108,2.254159579,76,-1,-100,1
04/18/2001 07:10:00,108,2.286184059,77,-2,-98,1
04/18/2001 07:11:00,108,2.318208539,77,-2,-95,1
04/18/2001 07:12:00,108,2.350233018,75,-3,-94,1
04/18/2001 07:13:00,108,2.336004829,73,-4,-94,1
04/18/2001 07:14:00,108,2.321776639,75,-4,-92,1
04/18/2001 07:15:00,108,2.307548449,79,-5,-89,1
04/18/2001 07:16:00,108,2.293320259,80,-5,-87,1
04/18/2001 07:17:00,108,2.279092069,80,-6,-85,1
04/18/2001 07:18:00,108,2.234440339,78,-7,-85,1
04/18/2001 07:19:00,108,2.189788608,76,-7,-84,1
04/18/2001 07:20:00,108,2.145136877,76,-8,-82,1
04/18/2001 07:21:00,108,2.100485147,72,-9,-82,1
04/18/2001 07:22:00,108,2.055833416,70,-8,-84,1
04/18/2001 07:23:00,108,2.013441274,71,-8,-83,1
04/18/2001 07:24:00,108,1.971049131,69,-8,-84,1
04/18/2001 07:25:00,108,1.928656989,69,-8,-86,1
04/18/2001 07:26:00,108,1.886264846,67,-9,-88,1
04/18/2001 07:27:00,108,1.843872703,65,-9,-91,1
04/18/2001 07:28:00,108,1.778102634,68,-8,-90,1
04/18/2001 07:29:00,108,1.712332565,73,-7,-89,1
04/18/2001 07:30:00,108,1.646562496,77,-8,-89,1
04/18/2001 07:31:00,108,1.580792427,76,-8,-90,1
04/18/2001 07:32:00,108,1.515022357,73,-9,-91,1
04/18/2001 07:33:00,108,1.481895537,68,-8,-96,1
04/18/2001 07:34:00,108,1.448768717,66,-8,-98,1
04/18/2001 07:35:00,108,1.415641896,62,-7,-100,1
04/18/2001 07:36:00,108,1.382515076,62,-6,-101,1
04/18/2001 07:37:00,108,1.349388255,60,-5,-102,1
04/18/2001 07:38:00,108,1.182291582,58,-4,-102,1
04/18/2001 07:39:00,108,1.015194908,59,-4,-102,1
04/18/2001 07:40:00,108,0.848098235,59,-2,-100,1
04/18/2001 07:41:00,108,0.681001561,63,-1,-100,1
04/18/2001 07:42:00,108,0.513904888,65,-1,-101,1
04/18/2001 07:43:00,108,0.502096494,65,-1,-103,1
04/18/2001 07:44:00,108,0.4902881,66,-1,-103,1
04/18/2001 07:45:00,108,0.478479706,66,-1,-105,1
04/18/2001 07:46:00,108,0.466671312,66,-1,-107,1
04/18/2001 07:47:00,108,0.454862918,65,0,-108,1
04/18/2001 07:48:00,108,0.421829194,64,0,-108,1
04/18/2001 07:49:00,108,0.388795469,62,-1,-107,1
04/18/2001 07:50:00,108,0.355761744,61,-1,-107,1
04/18/2001 07:51:00,108,0.322728019,59,-1,-107,1
04/18/2001 07:52:00,108,0.289694294,57,-1,-107,1
04/18/2001 07:53:00,108,0.329204965,58,-1,-105,1
04/18/2001 07:54:00,108,0.368715635,58,-1,-103,1
04/18/2001 07:55:00,108,0.408226306,58,-1,-103,1
04/18/2001 07:56:00,108,0.447736976,59,-1,-102,1
04/18/2001 07:57:00,108,0.487247647,60,-2,-101,1
04/18/2001 07:58:00,108,0.485360324,60,-2,-102,1
04/18/2001 07:59:00,108,0.483473001,63,-2,-100,1
04/18/2001 08:00:00,108,0.481585678,65,-3,-99,1
04/18/2001 08:01:00,108,0.479698355,66,-3,-99,1
04/18/2001 08:02:00,108,0.477811032,65,-3,-99,1
04/18/2001 08:03:00,108,0.519833271,63,-3,-98,1
04/18/2001 08:04:00,108,0.56185551,63,-4,-98,1
04/18/2001 08:05:00,108,0.603877749,62,-4,-97,1
04/18/2001 08:06:00,108,0.645899988,60,-5,-98,1
04/18/2001 08:07:00,108,0.687922227,57,-4,-98,1
04/18/2001 08:08:00,108,0.795005571,57,-4,-98,1
04/18/2001 08:09:00,108,0.902088916,59,-4,-97,1
04/18/2001 08:10:00,108,1.00917226,59,-5,-95,1
04/18/2001 08:11:00,108,1.116255604,60,-5,-94,1
04/18/2001 08:12:00,108,1.223338948,59,-5,-94,1
04/18/2001 08:13:00,108,1.27228976,58,-5,-93,1
04/18/2001 08:14:00,108,1.321240571,57,-6,-93,1
04/18/2001 08:15:00,108,1.370191383,58,-6,-92,1
04/18/2001 08:16:00,108,1.419142194,60,-6,-90,1
04/18/2001 08:17:00,108,1.468093006,60,-6,-89,1
04/18/2001 08:18:00,108,1.488879284,60,-6,-87,1
04/18/2001 08:19:00,108,1.509665563,59,-6,-87,1
04/18/2001 08:20:00,108,1.530451842,57,-6,-88,1
04/18/2001 08:21:00,108,1.551238121,56,-6,-88,1
04/18/2001 08:22:00,108,1.5720244,57,-6,-88,1
04/18/2001 08:23:00,108,1.598328781,58,-6,-87,1
04/18/2001 08:24:00,108,1.624633162,57,-6,-87,1
04/18/2001 08:25:00,108,1.650937543,57,-6,-87,1
04/18/2001 08:26:00,108,1.677241924,58,-6,-86,1
04/18/2001 08:27:00,108,1.703546305,60,-6,-85,1
04/18/2001 08:28:00,108,1.721559831,59,-7,-85,1
04/18/2001 08:29:00,108,1.739573356,58,-7,-85,1
04/18/2001 08:30:00,108,1.757586881,58,-7,-85,1
04/18/2001 08:31:00,108,1.775600407,57,-7,-84,1
04/18/2001 08:32:00,108,1.793613932,55,-7,-84,1
04/18/2001 08:33:00,108,1.838748355,53,-7,-83,1
04/18/2001 08:34:00,108,1.883882777,49,-7,-85,1
04/18/2001 08:35:00,108,1.929017199,48,-7,-86,1
04/18/2001 08:36:00,108,1.974151621,48,-7,-86,1
04/18/2001 08:37:00,108,2.019286044,44,-7,-87,1
04/18/2001 08:38:00,108,2.099971698,44,-7,-86,1
04/18/2001 08:39:00,108,2.180657352,44,-6,-85,1
04/18/2001 08:40:00,108,2.261343007,45,-6,-85,1
04/18/2001 08:41:00,108,2.342028661,45,-6,-84,1
04/18/2001 08:42:00,108,2.422714316,43,-6,-85,1
04/18/2001 08:43:00,108,2.38084927,44,-6,-85,1
04/18/2001 08:44:00,108,2.338984225,44,-6,-84,1
04/18/2001 08:45:00,108,2.297119179,44,-6,-84,1
04/18/2001 08:46:00,108,2.255254134,43,-6,-84,1
04/18/2001 08:47:00,108,2.213389088,45,-5,-85,1
04/18/2001 08:48:00,108,2.161216181,46,-5,-84,1
04/18/2001 08:49:00,108,2.109043273,45,-5,-85,1
04/18/2001 08:50:00,108,2.056870365,46,-5,-84,1
04/18/2001 08:51:00,108,2.004697458,46,-5,-82,1
04/18/2001 08:52:00,108,1.95252455,47,-5,-81,1
04/18/2001 08:53:00,108,1.910995179,48,-5,-82,1
04/18/2001 08:54:00,108,1.869465807,46,-5,-83,1
04/18/2001 08:55:00,108,1.827936435,45,-4,-83,1
04/18/2001 08:56:00,108,1.786407064,45,-4,-82,1
04/18/2001 08:57:00,108,1.744877692,47,-4,-82,1
04/18/2001 08:58:00,108,1.756522957,48,-4,-81,1
04/18/2001 08:59:00,108,1.768168222,46,-4,-81,1
04/18/2001 09:00:00,108,1.779813486,46,-3,-81,1
04/18/2001 09:01:00,108,1.791458751,45,-3,-80,1
04/18/2001 09:02:00,108,1.803104016,42,-4,-76,1
04/18/2001 09:03:00,108,1.755664411,43,-4,-75,1
04/18/2001 09:04:00,108,1.708224806,41,-4,-76,1
04/18/2001 09:05:00,108,1.660785201,40,-3,-77,1
04/18/2001 09:06:00,108,1.613345596,39,-3,-77,1
04/18/2001 09:07:00,108,1.565905992,40,-3,-76,1
04/18/2001 09:08:00,108,1.518254296,38,-3,-76,1
04/18/2001 09:09:00,108,1.470602601,38,-3,-75,1
04/18/2001 09:10:00,108,1.422950906,37,-3,-74,1
04/18/2001 09:11:00,108,1.375299211,35,-3,-74,1
04/18/2001 09:12:00,108,1.327647516,34,-3,-73,1
04/18/2001 09:13:00,108,1.330786363,35,-3,-73,1
04/18/2001 09:14:00,108,1.333925209,34,-3,-72,1
04/18/2001 09:15:00,108,1.337064056,34,-3,-72,1
04/18/2001 09:16:00,108,1.340202903,33,-3,-72,1
04/18/2001 09:17:00,108,1.343341749,33,-3,-71,1
04/18/2001 09:18:00,108,1.29961189,34,-3,-70,1
04/18/2001 09:19:00,108,1.25588203,34,-3,-70,1
04/18/2001 09:20:00,108,1.212152171,35,-3,-69,1
04/18/2001 09:21:00,108,1.168422311,35,-3,-69,1
04/18/2001 09:22:00,108,1.124692451,36,-3,-69,1
04/18/2001 09:23:00,108,1.120988152,36,-2,-68,1
04/18/2001 09:24:00,108,1.117283853,36,-2,-68,1
04/18/2001 09:25:00,108,1.113579554,37,-2,-68,1
04/18/2001 09:26:00,108,1.109875255,38,-2,-68,1
04/18/2001 09:27:00,108,1.106170955,38,-2,-68,1
04/18/2001 09:28:00,108,1.068847325,38,-2,-69,1
04/18/2001 09:29:00,108,1.031523694,38,-2,-69,1
04/18/2001 09:30:00,108,0.994200063,39,-2,-69,1
04/18/2001 09:31:00,108,0.956876432,39,-2,-69,1
04/18/2001 09:32:00,108,0.919552801,38,-1,-68,1
04/18/2001 09:33:00,108,0.921064796,38,-1,-68,1
04/18/2001 09:34:00,108,0.922576791,38,-1,-68,1
04/18/2001 09:35:00,108,0.924088786,39,-1,-67,1
04/18/2001 09:36:00,108,0.92560078,39,-1,-67,1
04/18/2001 09:37:00,108,0.927112775,39,-1,-67,1
04/18/2001 09:38:00,108,0.862014183,39,0,-67,1
04/18/2001 09:39:00,108,0.796915591,39,-1,-67,1
04/18/2001 09:40:00,108,0.731816999,39,0,-67,1
04/18/2001 09:41:00,108,0.666718407,39,0,-67,1
04/18/2001 09:42:00,108,0.601619815,40,0,-68,1
04/18/2001 09:43:00,108,0.570832668,40,0,-68,1
04/18/2001 09:44:00,108,0.540045521,40,0,-66,1
04/18/2001 09:45:00,108,0.509258375,41,0,-66,1
04/18/2001 09:46:00,108,0.478471228,41,0,-65,1
04/18/2001 09:47:00,108,0.447684081,41,1,-65,1
04/18/2001 09:48:00,108,0.367195995,42,1,-65,1
04/18/2001 09:49:00,108,0.286707909,42,1,-65,1
04/18/2001 09:50:00,108,0.206219823,43,1,-65,1
04/18/2001 09:51:00,108,0.125731737,43,1,-65,1
04/18/2001 09:52:00,108,0.045243651,43,1,-65,1
04/18/2001 09:53:00,108,0.067055949,43,1,-65,1
04/18/2001 09:54:00,108,0.088868247,43,1,-64,1
04/18/2001 09:55:00,108,0.110680544,44,1,-64,1
04/18/2001 09:56:00,108,0.132492842,43,1,-65,1
04/18/2001 09:57:00,108,0.15430514,43,1,-66,1
04/18/2001 09:58:00,108,0.114753412,43,1,-66,1
04/18/2001 09:59:00,108,0.075201685,45,1,-65,1
04/18/2001 10:00:00,108,0.035649957,45,1,-64,1
04/18/2001 10:01:00,108,-0.003901771,45,1,-63,1
04/18/2001 10:02:00,108,-0.043453499,44,1,-63,1
04/18/2001 10:03:00,108,-0.019814265,44,1,-63,1
04/18/2001 10:04:00,108,0.003824969,45,1,-64,1
04/18/2001 10:05:00,108,0.027464203,46,1,-64,1
04/18/2001 10:06:00,108,0.051103438,46,2,-64,1
04/18/2001 10:07:00,108,0.074742672,45,2,-64,1
04/18/2001 10:08:00,108,0.051507707,44,2,-64,1
04/18/2001 10:09:00,108,0.028272743,44,2,-64,1
04/18/2001 10:10:00,108,0.005037778,44,2,-65,1
04/18/2001 10:11:00,108,-0.018197187,44,2,-65,1
04/18/2001 10:12:00,108,-0.041432151,45,2,-64,1
04/18/2001 10:13:00,108,-0.033901149,44,2,-65,1
04/18/2001 10:14:00,108,-0.026370147,44,2,-64,1
04/18/2001 10:15:00,108,-0.018839145,45,2,-63,1
04/18/2001 10:16:00,108,-0.011308144,44,2,-63,1
04/18/2001 10:17:00,108,-0.003777142,43,2,-63,1
04/18/2001 10:18:00,108,-0.055701596,43,2,-63,1
04/18/2001 10:19:00,108,-0.10762605,43,2,-62,1
04/18/2001 10:20:00,108,-0.159550504,44,3,-65,1
04/18/2001 10:21:00,108,-0.211474958,43,3,-68,1
04/18/2001 10:22:00,108,-0.263399413,42,3,-69,1
04/18/2001 10:23:00,108,-0.22165853,43,3,-67,1
04/18/2001 10:24:00,108,-0.179917648,43,2,-63,1
04/18/2001 10:25:00,108,-0.138176766,43,2,-63,1
04/18/2001 10:26:00,108,-0.096435884,40,3,-65,1
04/18/2001 10:27:00,108,-0.054695002,42,3,-66,1
04/18/2001 10:28:00,108,-0.088718621,42,3,-66,1
04/18/2001 10:29:00,108,-0.12274224,41,3,-64,1
04/18/2001 10:30:00,108,-0.15676586,41,3,-63,1
04/18/2001 10:31:00,108,-0.190789479,40,3,-61,1
04/18/2001 10:32:00,108,-0.224813098,40,2,-60,1
04/18/2001 10:33:00,108,-0.251715367,40,2,-61,1
04/18/2001 10:34:00,108,-0.278617637,40,2,-63,1
04/18/2001 10:35:00,108,-0.305519906,40,3,-64,1
04/18/2001 10:36:00,108,-0.332422175,40,3,-63,1
04/18/2001 10:37:00,108,-0.359324444,40,3,-62,1
04/18/2001 10:38:00,108,-0.31655336,41,3,-62,1
04/18/2001 10:39:00,108,-0.273782277,39,3,-62,1
04/18/2001 10:40:00,108,-0.231011193,39,3,-62,1
04/18/2001 10:41:00,108,-0.188240109,39,3,-62,1
04/18/2001 10:42:00,108,-0.145469025,39,3,-61,1
04/18/2001 10:43:00,108,-0.152900558,39,3,-61,1
04/18/2001 10:44:00,108,-0.16033209,38,3,-60,1
04/18/2001 10:45:00,108,-0.167763623,38,3,-60,1
04/18/2001 10:46:00,108,-0.175195155,39,3,-60,1
04/18/2001 10:47:00,108,-0.182626688,39,3,-59,1
04/18/2001 10:48:00,108,-0.217256767,39,3,-57,1
04/18/2001 10:49:00,108,-0.251886845,38,2,-55,1
04/18/2001 10:50:00,108,-0.286516924,38,2,-54,1
04/18/2001 10:51:00,108,-0.321147002,39,2,-54,1
04/18/2001 10:52:00,108,-0.355777081,38,3,-54,1
04/18/2001 10:53:00,108,-0.398864636,39,2,-54,1
04/18/2001 10:54:00,108,-0.441952192,39,3,-54,1
04/18/2001 10:55:00,108,-0.485039747,40,3,-57,1
04/18/2001 10:56:00,108,-0.528127303,39,3,-58,1
04/18/2001 10:57:00,108,-0.571214858,39,3,-59,1
04/18/2001 10:58:00,108,-0.678646469,40,3,-62,1
04/18/2001 10:59:00,108,-0.78607808,39,3,-63,1
04/18/2001 11:00:00,108,-0.893509691,39,3,-63,1
04/18/2001 11:01:00,108,-1.000941302,39,3,-62,1
04/18/2001 11:02:00,108,-1.108372913,37,3,-62,1
04/18/2001 11:03:00,108,-1.119312023,37,3,-62,1
04/18/2001 11:04:00,108,-1.130251133,37,3,-62,1
04/18/2001 11:05:00,108,-1.141190243,38,3,-63,1
04/18/2001 11:06:00,108,-1.152129353,37,3,-63,1
04/18/2001 11:07:00,108,-1.163068463,37,3,-63,1
04/18/2001 11:08:00,108,-1.221695327,36,3,-63,1
04/18/2001 11:09:00,108,-1.280322191,35,3,-63,1
04/18/2001 11:10:00,108,-1.338949055,35,3,-63,1
04/18/2001 11:11:00,108,-1.397575919,36,3,-63,1
04/18/2001 11:12:00,108,-1.456202784,36,3,-64,1
04/18/2001 11:13:00,108,-1.522958679,36,3,-64,1
04/18/2001 11:14:00,108,-1.589714574,35,3,-64,1
04/18/2001 11:15:00,108,-1.656470469,35,3,-64,1
04/18/2001 11:16:00,108,-1.723226365,35,3,-65,1
04/18/2001 11:17:00,108,-1.78998226,36,3,-65,1
04/18/2001 11:18:00,108,-1.812773468,36,3,-65,1
04/18/2001 11:19:00,108,-1.835564675,36,3,-65,1
04/18/2001 11:20:00,108,-1.858355883,35,3,-65,1
04/18/2001 11:21:00,108,-1.881147091,34,3,-65,1
04/18/2001 11:22:00,108,-1.903938299,33,3,-66,1
04/18/2001 11:23:00,108,-1.986525729,34,3,-67,1
04/18/2001 11:24:00,108,-2.06911316,34,3,-67,1
04/18/2001 11:25:00,108,-2.15170059,33,3,-67,1
04/18/2001 11:26:00,108,-2.234288021,34,3,-65,1
04/18/2001 11:27:00,108,-2.316875452,33,2,-65,1
04/18/2001 11:28:00,108,-2.343785014,32,2,-65,1
04/18/2001 11:29:00,108,-2.370694576,32,2,-65,1
04/18/2001 11:30:00,108,-2.397604139,32,2,-66,1
04/18/2001 11:31:00,108,-2.424513701,33,2,-65,1
04/18/2001 11:32:00,108,-2.451423263,34,2,-64,1
04/18/2001 11:33:00,108,-2.470684321,33,2,-64,1
04/18/2001 11:34:00,108,-2.489945379,32,2,-64,1
04/18/2001 11:35:00,108,-2.509206437,32,2,-64,1
04/18/2001 11:36:00,108,-2.528467495,32,2,-64,1
04/18/2001 11:37:00,108,-2.547728553,32,2,-64,1
04/18/2001 11:38:00,108,-2.57626109,32,2,-64,1
04/18/2001 11:39:00,108,-2.604793627,33,2,-64,1
04/18/2001 11:40:00,108,-2.633326164,33,2,-64,1
04/18/2001 11:41:00,108,-2.6618587,33,2,-64,1
04/18/2001 11:42:00,108,-2.690391237,33,2,-64,1
04/18/2001 11:43:00,108,-2.725063816,33,2,-64,1
04/18/2001 11:44:00,108,-2.759736396,32,2,-64,1
04/18/2001 11:45:00,108,-2.794408975,32,2,-65,1
04/18/2001 11:46:00,108,-2.829081554,33,2,-65,1
04/18/2001 11:47:00,108,-2.863754133,32,2,-65,1
04/18/2001 11:48:00,108,-2.891486167,32,2,-65,1
04/18/2001 11:49:00,108,-2.919218201,32,1,-65,1
04/18/2001 11:50:00,108,-2.946950235,31,1,-65,1
04/18/2001 11:51:00,108,-2.974682269,32,1,-65,1
04/18/2001 11:52:00,108,-3.002414303,31,2,-65,1
04/18/2001 11:53:00,108,-2.978633236,32,2,-65,1
04/18/2001 11:54:00,108,-2.954852169,32,2,-65,1
04/18/2001 11:55:00,108,-2.931071102,31,1,-64,1
04/18/2001 11:56:00,108,-2.907290035,32,1,-63,1
04/18/2001 11:57:00,108,-2.883508969,32,1,-63,1
04/18/2001 11:58:00,108,-2.933574714,31,1,-63,1
04/18/2001 11:59:00,108,-2.98364046,31,1,-63,1
04/18/2001 12:00:00,108,-3.033706205,31,2,-63,1
04/18/2001 12:01:00,108,-3.083771951,32,2,-64,1
04/18/2001 12:02:00,108,-3.133837696,32,2,-64,1
04/18/2001 12:03:00,108,-3.088758477,31,2,-64,1
04/18/2001 12:04:00,108,-3.043679258,30,2,-65,1
04/18/2001 12:05:00,108,-2.998600038,30,2,-64,1
04/18/2001 12:06:00,108,-2.953520819,30,2,-63,1
04/18/2001 12:07:00,108,-2.908441599,30,2,-63,1
04/18/2001 12:08:00,108,-2.902308013,30,2,-63,1
04/18/2001 12:09:00,108,-2.896174427,30,2,-63,1
04/18/2001 12:10:00,108,-2.890040841,29,2,-64,1
04/18/2001 12:11:00,108,-2.883907255,29,2,-64,1
04/18/2001 12:12:00,108,-2.877773669,28,2,-65,1
04/18/2001 12:13:00,108,-2.880031619,28,1,-64,1
04/18/2001 12:14:00,108,-2.882289568,28,1,-64,1
04/18/2001 12:15:00,108,-2.884547518,29,1,-63,1
04/18/2001 12:16:00,108,-2.886805467,30,1,-63,1
04/18/2001 12:17:00,108,-2.889063416,30,1,-62,1
04/18/2001 12:18:00,108,-2.926944252,30,1,-62,1
04/18/2001 12:19:00,108,-2.964825088,30,1,-62,1
04/18/2001 12:20:00,108,-3.002705923,29,1,-63,1
04/18/2001 12:21:00,108,-3.040586759,29,1,-63,1
04/18/2001 12:22:00,108,-3.078467594,29,1,-63,1
04/18/2001 12:23:00,108,-3.162451796,29,1,-63,1
04/18/2001 12:24:00,108,-3.246435997,29,1,-63,1
04/18/2001 12:25:00,108,-3.330420199,29,1,-63,1
04/18/2001 12:26:00,108,-3.4144044,28,1,-63,1
04/18/2001 12:27:00,108,-3.498388602,28,1,-63,1
04/18/2001 12:28:00,108,-3.60049279,28,1,-63,1
04/18/2001 12:29:00,108,-3.702596979,28,1,-63,1
04/18/2001 12:30:00,108,-3.804701168,27,1,-63,1
04/18/2001 12:31:00,108,-3.906805356,27,1,-63,1
04/18/2001 12:32:00,108,-4.008909545,27,1,-63,1
04/18/2001 12:33:00,108,-4.095349679,27,1,-63,1
04/18/2001 12:34:00,108,-4.181789812,27,1,-63,1
04/18/2001 12:35:00,108,-4.268229945,28,1,-62,1
04/18/2001 12:36:00,108,-4.354670079,27,1,-62,1
04/18/2001 12:37:00,108,-4.441110212,27,0,-62,1
04/18/2001 12:38:00,108,-4.520698076,28,0,-62,1
04/18/2001 12:39:00,108,-4.60028594,28,0,-62,1
04/18/2001 12:40:00,108,-4.679873804,28,0,-62,1
04/18/2001 12:41:00,108,-4.759461668,28,0,-62,1
04/18/2001 12:42:00,108,-4.839049532,27,0,-62,1
04/18/2001 12:43:00,108,-4.92039105,27,0,-63,1
04/18/2001 12:44:00,108,-5.001732568,27,0,-62,1
04/18/2001 12:45:00,108,-5.083074087,28,0,-63,1
04/18/2001 12:46:00,108,-5.164415605,28,0,-63,1
04/18/2001 12:47:00,108,-5.245757123,28,0,-63,1
04/18/2001 12:48:00,108,-5.340044301,27,0,-63,1
04/18/2001 12:49:00,108,-5.434331479,27,0,-63,1
04/18/2001 12:50:00,108,-5.528618657,27,-1,-63,1
04/18/2001 12:51:00,108,-5.622905835,27,-1,-63,1
04/18/2001 12:52:00,108,-5.717193013,27,-1,-63,1
04/18/2001 12:53:00,108,-5.764913153,27,-1,-64,1
04/18/2001 12:54:00,108,-5.812633293,27,-1,-64,1
04/18/2001 12:55:00,108,-5.860353433,27,-1,-64,1
04/18/2001 12:56:00,108,-5.908073573,27,-1,-64,1
04/18/2001 12:57:00,108,-5.955793713,28,-1,-63,1
04/18/2001 12:58:00,108,-5.984951195,27,-1,-63,1
04/18/2001 12:59:00,108,-6.014108676,28,-1,-63,1
04/18/2001 13:00:00,108,-6.043266158,27,-1,-62,1
04/18/2001 13:01:00,108,-6.07242364,27,-1,-62,1
04/18/2001 13:02:00,108,-6.101581122,27,-1,-62,1
04/18/2001 13:03:00,108,-6.142926568,26,-1,-63,1
04/18/2001 13:04:00,108,-6.184272014,26,-2,-63,1
04/18/2001 13:05:00,108,-6.225617461,26,-2,-63,1
04/18/2001 13:06:00,108,-6.266962907,27,-2,-63,1
04/18/2001 13:07:00,108,-6.308308353,26,-2,-63,1
04/18/2001 13:08:00,108,-6.353957625,26,-2,-63,1
04/18/2001 13:09:00,108,-6.399606897,27,-2,-63,1
04/18/2001 13:10:00,108,-6.445256169,27,-2,-63,1
04/18/2001 13:11:00,108,-6.490905442,27,-2,-63,1
04/18/2001 13:12:00,108,-6.536554714,27,-2,-63,1
04/18/2001 13:13:00,108,-6.542448985,27,-2,-63,1
04/18/2001 13:14:00,108,-6.548343257,26,-2,-63,1
04/18/2001 13:15:00,108,-6.554237529,26,-2,-62,1
04/18/2001 13:16:00,108,-6.5601318,26,-2,-62,1
04/18/2001 13:17:00,108,-6.566026072,26,-2,-62,1
04/18/2001 13:18:00,108,-6.597460014,26,-2,-62,1
04/18/2001 13:19:00,108,-6.628893956,26,-2,-61,1
04/18/2001 13:20:00,108,-6.660327898,25,-2,-62,1
04/18/2001 13:21:00,108,-6.69176184,25,-2,-62,1
04/18/2001 13:22:00,108,-6.723195782,25,-2,-62,1
04/18/2001 13:23:00,108,-6.686451456,25,-2,-63,1
04/18/2001 13:24:00,108,-6.64970713,26,-2,-63,1
04/18/2001 13:25:00,108,-6.612962803,26,-2,-63,1
04/18/2001 13:26:00,108,-6.576218477,25,-3,-63,1
04/18/2001 13:27:00,108,-6.539474151,25,-3,-62,1
04/18/2001 13:28:00,108,-6.619846321,25,-3,-63,1
04/18/2001 13:29:00,108,-6.700218492,25,-2,-63,1
04/18/2001 13:30:00,108,-6.780590662,25,-2,-64,1
04/18/2001 13:31:00,108,-6.860962832,25,-2,-63,1
04/18/2001 13:32:00,108,-6.941335003,26,-2,-63,1
04/18/2001 13:33:00,108,-7.000262384,26,-2,-63,1
04/18/2001 13:34:00,108,-7.059189765,26,-2,-64,1
04/18/2001 13:35:00,108,-7.118117145,25,-2,-63,1
04/18/2001 13:36:00,108,-7.177044526,25,-2,-63,1
04/18/2001 13:37:00,108,-7.235971907,25,-3,-64,1
04/18/2001 13:38:00,108,-7.237065783,25,-3,-63,1
04/18/2001 13:39:00,108,-7.23815966,24,-3,-63,1
04/18/2001 13:40:00,108,-7.239253536,25,-4,-63,1
04/18/2001 13:41:00,108,-7.240347412,24,-4,-63,1
04/18/2001 13:42:00,108,-7.241441288,24,-4,-63,1
04/18/2001 13:43:00,108,-7.246483304,24,-4,-63,1
04/18/2001 13:44:00,108,-7.25152532,24,-3,-63,1
04/18/2001 13:45:00,108,-7.256567336,24,-3,-63,1
04/18/2001 13:46:00,108,-7.261609352,24,-3,-63,1
04/18/2001 13:47:00,108,-7.266651368,25,-4,-63,1
04/18/2001 13:48:00,108,-7.369806337,24,-4,-63,1
04/18/2001 13:49:00,108,-7.472961307,23,-4,-62,1
04/18/2001 13:50:00,108,-7.576116276,23,-4,-63,1
04/18/2001 13:51:00,108,-7.679271245,23,-4,-62,1
04/18/2001 13:52:00,108,-7.782426215,22,-4,-61,1
04/18/2001 13:53:00,108,-7.774163169,22,-4,-61,1
04/18/2001 13:54:00,108,-7.765900123,22,-4,-61,1
04/18/2001 13:55:00,108,-7.757637077,22,-4,-62,1
04/18/2001 13:56:00,108,-7.749374031,23,-4,-62,1
04/18/2001 13:57:00,108,-7.741110985,24,-4,-62,1
04/18/2001 13:58:00,108,-7.742871167,23,-4,-62,1
04/18/2001 13:59:00,108,-7.744631349,24,-4,-62,1
04/18/2001 14:00:00,108,-7.746391532,24,-4,-62,1
04/18/2001 14:01:00,108,-7.748151714,25,-4,-62,1
04/18/2001 14:02:00,108,-7.749911896,25,-4,-61,1
04/18/2001 14:03:00,108,-7.783810543,26,-4,-62,1
04/18/2001 14:04:00,108,-7.817709191,26,-4,-61,1
04/18/2001 14:05:00,108,-7.851607838,27,-4,-61,1
04/18/2001 14:06:00,108,-7.885506486,27,-4,-62,1
04/18/2001 14:07:00,108,-7.919405133,27,-4,-62,1
04/18/2001 14:08:00,108,-7.937025422,27,-3,-62,1
04/18/2001 14:09:00,108,-7.954645711,28,-3,-62,1
04/18/2001 14:10:00,108,-7.972265999,27,-3,-62,1
04/18/2001 14:11:00,108,-7.989886288,29,-4,-63,1
04/18/2001 14:12:00,108,-8.007506577,29,-4,-63,1
04/18/2001 14:13:00,108,-8.06174698,28,-4,-63,1
04/18/2001 14:14:00,108,-8.115987384,27,-4,-63,1
04/18/2001 14:15:00,108,-8.170227788,26,-4,-63,1
04/18/2001 14:16:00,108,-8.224468192,26,-4,-63,1
04/18/2001 14:17:00,108,-8.278708596,26,-4,-62,1
04/18/2001 14:18:00,108,-8.251241556,26,-4,-62,1
04/18/2001 14:19:00,108,-8.223774517,26,-4,-63,1
04/18/2001 14:20:00,108,-8.196307477,26,-4,-63,1
04/18/2001 14:21:00,108,-8.168840438,27,-4,-63,1
04/18/2001 14:22:00,108,-8.141373398,27,-4,-63,1
04/18/2001 14:23:00,108,-8.266412009,26,-4,-63,1
04/18/2001 14:24:00,108,-8.391450619,26,-4,-63,1
04/18/2001 14:25:00,108,-8.51648923,26,-4,-63,1
04/18/2001 14:26:00,108,-8.64152784,26,-4,-64,1
04/18/2001 14:27:00,108,-8.766566451,25,-4,-63,1
04/18/2001 14:28:00,108,-8.828836155,25,-5,-63,1
04/18/2001 14:29:00,108,-8.891105858,25,-4,-63,1
04/18/2001 14:30:00,108,-8.953375562,25,-4,-63,1
04/18/2001 14:31:00,108,-9.015645266,25,-4,-64,1
04/18/2001 14:32:00,108,-9.07791497,25,-4,-63,1
04/18/2001 14:33:00,108,-9.184131819,26,-4,-64,1
04/18/2001 14:34:00,108,-9.290348668,26,-4,-63,1
04/18/2001 14:35:00,108,-9.396565516,25,-4,-63,1
04/18/2001 14:36:00,108,-9.502782365,24,-4,-63,1
04/18/2001 14:37:00,108,-9.608999214,23,-4,-63,1
04/18/2001 14:38:00,108,-9.66623447,23,-4,-63,1
04/18/2001 14:39:00,108,-9.723469725,23,-4,-62,1
04/18/2001 14:40:00,108,-9.780704981,24,-4,-62,1
04/18/2001 14:41:00,108,-9.837940237,24,-4,-62,1
04/18/2001 14:42:00,108,-9.895175492,25,-4,-62,1
04/18/2001 14:43:00,108,-9.961093277,24,-3,-62,1
04/18/2001 14:44:00,108,-10.02701106,25,-3,-62,1
04/18/2001 14:45:00,108,-10.09292885,25,-3,-62,1
04/18/2001 14:46:00,108,-10.15884663,24,-3,-62,1
04/18/2001 14:47:00,108,-10.22476441,25,-3,-62,1
04/18/2001 14:48:00,108,-10.2826156,25,-3,-62,1
04/18/2001 14:49:00,108,-10.34046678,24,-3,-62,1
04/18/2001 14:50:00,108,-10.39831797,24,-3,-61,1
04/18/2001 14:51:00,108,-10.45616915,23,-3,-61,1
04/18/2001 14:52:00,108,-10.51402034,23,-4,-61,1
04/18/2001 14:53:00,108,-10.6171337,22,-3,-61,1
04/18/2001 14:54:00,108,-10.72024707,22,-3,-60,1
04/18/2001 14:55:00,108,-10.82336044,22,-3,-60,1
04/18/2001 14:56:00,108,-10.9264738,21,-3,-60,1
04/18/2001 14:57:00,108,-11.02958717,21,-3,-60,1
04/18/2001 14:58:00,108,-11.11332843,23,-3,-60,1
04/18/2001 14:59:00,108,-11.1970697,22,-3,-60,1
04/18/2001 15:00:00,108,-11.28081096,23,-3,-60,1
04/18/2001 15:01:00,108,-11.36455223,24,-3,-60,1
04/18/2001 15:02:00,108,-11.44829349,25,-2,-60,1
04/18/2001 15:03:00,108,-11.48741529,26,-2,-61,1
04/18/2001 15:04:00,108,-11.52653709,29,-2,-61,1
04/18/2001 15:05:00,108,-11.56565888,28,-2,-61,1
04/18/2001 15:06:00,108,-11.60478068,28,-3,-61,1
04/18/2001 15:07:00,108,-11.64390247,26,-3,-61,1
04/18/2001 15:08:00,108,-11.65918347,25,-2,-60,1
04/18/2001 15:09:00,108,-11.67446447,26,-2,-61,1
04/18/2001 15:10:00,108,-11.68974546,27,-2,-61,1
04/18/2001 15:11:00,108,-11.70502646,27,-2,-61,1
04/18/2001 15:12:00,108,-11.72030746,28,-2,-61,1
04/18/2001 15:13:00,108,-11.79195461,26,-2,-61,1
04/18/2001 15:14:00,108,-11.86360177,27,-3,-61,1
04/18/2001 15:15:00,108,-11.93524892,25,-2,-61,1
04/18/2001 15:16:00,108,-12.00689608,25,-2,-61,1
04/18/2001 15:17:00,108,-12.07854323,25,-3,-61,1
04/18/2001 15:18:00,108,-12.08813932,27,-2,-61,1
04/18/2001 15:19:00,108,-12.0977354,29,-2,-61,1
04/18/2001 15:20:00,108,-12.10733148,29,-2,-62,1
04/18/2001 15:21:00,108,-12.11692757,29,-2,-62,1
04/18/2001 15:22:00,108,-12.12652365,27,-2,-62,1
04/18/2001 15:23:00,108,-12.12747715,28,-2,-62,1
04/18/2001 15:24:00,108,-12.12843065,26,-3,-62,1
04/18/2001 15:25:00,108,-12.12938415,25,-3,-62,1
04/18/2001 15:26:00,108,-12.13033765,26,-3,-62,1
04/18/2001 15:27:00,108,-12.13129115,26,-3,-62,1
04/18/2001 15:28:00,108,-12.12111524,26,-3,-62,1
04/18/2001 15:29:00,108,-12.11093934,25,-3,-63,1
04/18/2001 15:30:00,108,-12.10076344,27,-3,-63,1
04/18/2001 15:31:00,108,-12.09058753,26,-3,-63,1
04/18/2001 15:32:00,108,-12.08041163,25,-3,-63,1
04/18/2001 15:33:00,108,-12.04967702,25,-3,-63,1
04/18/2001 15:34:00,108,-12.0189424,24,-3,-63,1
04/18/2001 15:35:00,108,-11.98820778,24,-4,-63,1
04/18/2001 15:36:00,108,-11.95747317,22,-4,-63,1
04/18/2001 15:37:00,108,-11.92673855,21,-4,-62,1
04/18/2001 15:38:00,108,-11.95081148,20,-4,-62,1
04/18/2001 15:39:00,108,-11.9748844,20,-4,-62,1
04/18/2001 15:40:00,108,-11.99895732,18,-4,-63,1
04/18/2001 15:41:00,108,-12.02303025,19,-4,-62,1
04/18/2001 15:42:00,108,-12.04710317,20,-4,-63,1
04/18/2001 15:43:00,108,-12.01913849,20,-4,-62,1
04/18/2001 15:44:00,108,-11.99117382,20,-4,-62,1
04/18/2001 15:45:00,108,-11.96320914,18,-4,-62,1
04/18/2001 15:46:00,108,-11.93524447,18,-4,-62,1
04/18/2001 15:47:00,108,-11.90727979,18,-4,-61,1
04/18/2001 15:48:00,108,-11.93676098,17,-4,-61,1
04/18/2001 15:49:00,108,-11.96624218,18,-4,-61,1
04/18/2001 15:50:00,108,-11.99572337,18,-4,-61,1
04/18/2001 15:51:00,108,-12.02520457,18,-5,-61,1
04/18/2001 15:52:00,108,-12.05468576,18,-5,-61,1
04/18/2001 15:53:00,108,-12.00304871,18,-4,-61,1
04/18/2001 15:54:00,108,-11.95141165,18,-4,-61,1
04/18/2001 15:55:00,108,-11.8997746,17,-4,-61,1
04/18/2001 15:56:00,108,-11.84813755,18,-5,-61,1
04/18/2001 15:57:00,108,-11.79650049,17,-4,-61,1
04/18/2001 15:58:00,108,-11.81080469,16,-5,-61,1
04/18/2001 15:59:00,108,-11.82510889,16,-4,-60,1
04/18/2001 16:00:00,108,-11.83941309,16,-4,-60,1
04/18/2001 16:01:00,108,-11.85371729,17,-4,-60,1
04/18/2001 16:02:00,108,-11.86802149,17,-4,-60,1
04/18/2001 16:03:00,108,-11.97669495,16,-4,-59,1
04/18/2001 16:04:00,108,-12.08536841,16,-4,-59,1
04/18/2001 16:05:00,108,-12.19404188,17,-4,-59,1
04/18/2001 16:06:00,108,-12.30271534,16,-4,-59,1
04/18/2001 16:07:00,108,-12.4113888,17,-4,-58,1
04/18/2001 16:08:00,108,-12.38707415,17,-4,-58,1
04/18/2001 16:09:00,108,-12.36275949,17,-4,-58,1
04/18/2001 16:10:00,108,-12.33844483,18,-4,-58,1
04/18/2001 16:11:00,108,-12.31413017,19,-4,-58,1
04/18/2001 16:12:00,108,-12.28981551,20,-4,-58,1
04/18/2001 16:13:00,108,-12.34532289,20,-4,-58,1
04/18/2001 16:14:00,108,-12.40083027,20,-4,-58,1
04/18/2001 16:15:00,108,-12.45633765,21,-4,-58,1
04/18/2001 16:16:00,108,-12.51184503,22,-4,-58,1
04/18/2001 16:17:00,108,-12.56735241,22,-4,-58,1
04/18/2001 16:18:00,108,-12.57101641,23,-4,-59,1
04/18/2001 16:19:00,108,-12.57468042,23,-4,-58,1
04/18/2001 16:20:00,108,-12.57834442,23,-4,-59,1
04/18/2001 16:21:00,108,-12.58200843,22,-4,-59,1
04/18/2001 16:22:00,108,-12.58567243,19,-4,-59,1
04/18/2001 16:23:00,108,-12.64441039,19,-4,-59,1
04/18/2001 16:24:00,108,-12.70314835,20,-4,-59,1
04/18/2001 16:25:00,108,-12.76188631,20,-4,-59,1
04/18/2001 16:26:00,108,-12.82062427,21,-5,-58,1
04/18/2001 16:27:00,108,-12.87936223,21,-5,-59,1
04/18/2001 16:28:00,108,-12.98083121,20,-5,-58,1
04/18/2001 16:29:00,108,-13.08230019,21,-5,-58,1
04/18/2001 16:30:00,108,-13.18376918,21,-5,-58,1
04/18/2001 16:31:00,108,-13.28523816,22,-5,-58,1
04/18/2001 16:32:00,108,-13.38670714,21,-5,-58,1
04/18/2001 16:33:00,108,-13.41979617,23,-5,-58,1
04/18/2001 16:34:00,108,-13.45288519,24,-5,-58,1
04/18/2001 16:35:00,108,-13.48597422,24,-5,-58,1
04/18/2001 16:36:00,108,-13.51906325,25,-5,-58,1
04/18/2001 16:37:00,108,-13.55215228,23,-5,-58,1
04/18/2001 16:38:00,108,-13.53653866,23,-5,-58,1
04/18/2001 16:39:00,108,-13.52092505,23,-5,-59,1
04/18/2001 16:40:00,108,-13.50531143,23,-5,-59,1
04/18/2001 16:41:00,108,-13.48969782,23,-5,-59,1
04/18/2001 16:42:00,108,-13.4740842,22,-6,-59,1
04/18/2001 16:43:00,108,-13.60308838,23,-6,-59,1
04/18/2001 16:44:00,108,-13.73209255,22,-6,-59,1
04/18/2001 16:45:00,108,-13.86109673,22,-6,-59,1
04/18/2001 16:46:00,108,-13.99010091,23,-6,-59,1
04/18/2001 16:47:00,108,-14.11910508,21,-6,-59,1
04/18/2001 16:48:00,108,-14.09265229,21,-6,-59,1
04/18/2001 16:49:00,108,-14.0661995,20,-6,-59,1
04/18/2001 16:50:00,108,-14.03974671,20,-6,-59,1
04/18/2001 16:51:00,108,-14.01329391,20,-6,-59,1
04/18/2001 16:52:00,108,-13.98684112,21,-6,-58,1
04/18/2001 16:53:00,108,-14.04360654,21,-6,-58,1
04/18/2001 16:54:00,108,-14.10037196,20,-6,-58,1
04/18/2001 16:55:00,108,-14.15713738,21,-6,-58,1
04/18/2001 16:56:00,108,-14.2139028,20,-6,-58,1
04/18/2001 16:57:00,108,-14.27066822,20,-6,-57,1
04/18/2001 16:58:00,108,-14.30880542,20,-6,-57,1
04/18/2001 16:59:00,108,-14.34694261,22,-6,-57,1
04/18/2001 17:00:00,108,-14.38507981,22,-5,-57,1
04/18/2001 17:01:00,108,-14.423217,22,-5,-57,1
04/18/2001 17:02:00,108,-14.4613542,22,-5,-57,1
04/18/2001 17:03:00,108,-14.42372367,22,-6,-57,1
04/18/2001 17:04:00,108,-14.38609314,21,-6,-57,1
04/18/2001 17:05:00,108,-14.34846261,22,-6,-57,1
04/18/2001 17:06:00,108,-14.31083208,22,-5,-57,1
04/18/2001 17:07:00,108,-14.27320154,21,-6,-57,1
04/18/2001 17:08:00,108,-14.31047789,21,-6,-57,1
04/18/2001 17:09:00,108,-14.34775424,21,-6,-57,1
04/18/2001 17:10:00,108,-14.38503059,22,-6,-57,1
04/18/2001 17:11:00,108,-14.42230694,21,-6,-57,1
04/18/2001 17:12:00,108,-14.45958328,21,-6,-57,1
04/18/2001 17:13:00,108,-14.46840096,21,-7,-57,1
04/18/2001 17:14:00,108,-14.47721864,21,-6,-57,1
04/18/2001 17:15:00,108,-14.48603632,22,-6,-56,1
04/18/2001 17:16:00,108,-14.494854,23,-6,-56,1
04/18/2001 17:17:00,108,-14.50367168,22,-6,-56,1
04/18/2001 17:18:00,108,-14.53303134,21,-7,-56,1
04/18/2001 17:19:00,108,-14.56239101,21,-6,-56,1
04/18/2001 17:20:00,108,-14.59175068,21,-6,-56,1
04/18/2001 17:21:00,108,-14.62111034,21,-6,-56,1
04/18/2001 17:22:00,108,-14.65047001,22,-6,-55,1
04/18/2001 17:23:00,108,-14.6150458,22,-6,-55,1
04/18/2001 17:24:00,108,-14.5796216,21,-7,-55,1
04/18/2001 17:25:00,108,-14.54419739,21,-6,-54,1
04/18/2001 17:26:00,108,-14.50877319,21,-6,-54,1
04/18/2001 17:27:00,108,-14.47334898,21,-6,-54,1
04/18/2001 17:28:00,108,-14.49694259,21,-6,-54,1
04/18/2001 17:29:00,108,-14.5205362,21,-6,-54,1
04/18/2001 17:30:00,108,-14.54412982,22,-6,-54,1
04/18/2001 17:31:00,108,-14.56772343,23,-6,-54,1
04/18/2001 17:32:00,108,-14.59131704,23,-6,-53,1
04/18/2001 17:33:00,108,-14.68994718,22,-6,-53,1
04/18/2001 17:34:00,108,-14.78857731,22,-6,-53,1
04/18/2001 17:35:00,108,-14.88720745,21,-6,-54,1
04/18/2001 17:36:00,108,-14.98583759,22,-6,-53,1
04/18/2001 17:37:00,108,-15.08446772,23,-6,-53,1
04/18/2001 17:38:00,108,-15.11863212,24,-6,-53,1
04/18/2001 17:39:00,108,-15.15279652,25,-6,-53,1
04/18/2001 17:40:00,108,-15.18696092,26,-6,-53,1
04/18/2001 17:41:00,108,-15.22112532,26,-6,-53,1
04/18/2001 17:42:00,108,-15.25528972,27,-6,-53,1
04/18/2001 17:43:00,108,-15.27793523,28,-6,-53,1
04/18/2001 17:44:00,108,-15.30058074,27,-6,-53,1
04/18/2001 17:45:00,108,-15.32322625,26,-6,-53,1
04/18/2001 17:46:00,108,-15.34587176,25,-5,-53,1
04/18/2001 17:47:00,108,-15.36851727,24,-5,-54,1
04/18/2001 17:48:00,108,-15.3935352,24,-5,-54,1
04/18/2001 17:49:00,108,-15.41855312,23,-5,-54,1
04/18/2001 17:50:00,108,-15.44357105,23,-5,-53,1
04/18/2001 17:51:00,108,-15.46858897,22,-5,-54,1
04/18/2001 17:52:00,108,-15.4936069,23,-5,-54,1
04/18/2001 17:53:00,108,-15.54425149,23,-5,-54,1
04/18/2001 17:54:00,108,-15.59489609,22,-5,-54,1
04/18/2001 17:55:00,108,-15.64554069,23,-5,-53,1
04/18/2001 17:56:00,108,-15.69618529,23,-5,-53,1
04/18/2001 17:57:00,108,-15.74682989,23,-5,-53,1
04/18/2001 17:58:00,108,-15.77908211,22,-5,-53,1
04/18/2001 17:59:00,108,-15.81133433,22,-5,-53,1
04/18/2001 18:00:00,108,-15.84358655,22,-5,-54,1
04/18/2001 18:01:00,108,-15.87583877,22,-5,-53,1
04/18/2001 18:02:00,108,-15.90809099,20,-5,-53,1
04/18/2001 18:03:00,108,-15.89541029,21,-5,-53,1
04/18/2001 18:04:00,108,-15.88272959,21,-5,-53,1
04/18/2001 18:05:00,108,-15.87004889,21,-5,-53,1
04/18/2001 18:06:00,108,-15.8573682,21,-5,-53,1
04/18/2001 18:07:00,108,-15.8446875,21,-5,-52,1
04/18/2001 18:08:00,108,-15.89277552,20,-4,-52,1
04/18/2001 18:09:00,108,-15.94086353,21,-4,-52,1
04/18/2001 18:10:00,108,-15.98895155,21,-4,-52,1
04/18/2001 18:11:00,108,-16.03703957,23,-4,-51,1
04/18/2001 18:12:00,108,-16.08512759,22,-4,-51,1
04/18/2001 18:13:00,108,-16.10122549,22,-4,-51,1
04/18/2001 18:14:00,108,-16.1173234,22,-4,-51,1
04/18/2001 18:15:00,108,-16.13342131,20,-4,-52,1
04/18/2001 18:16:00,108,-16.14951921,18,-4,-52,1
04/18/2001 18:17:00,108,-16.16561712,18,-4,-52,1
04/18/2001 18:18:00,108,-16.09271743,19,-4,-52,1
04/18/2001 18:19:00,108,-16.01981774,21,-4,-52,1
04/18/2001 18:20:00,108,-15.94691805,22,-4,-51,1
04/18/2001 18:21:00,108,-15.87401836,21,-4,-51,1
04/18/2001 18:22:00,108,-15.80111868,21,-4,-51,1
04/18/2001 18:23:00,108,-15.8480323,21,-3,-52,1
04/18/2001 18:24:00,108,-15.89494593,21,-3,-52,1
04/18/2001 18:25:00,108,-15.94185956,21,-3,-51,1
04/18/2001 18:26:00,108,-15.98877319,22,-3,-51,1
04/18/2001 18:27:00,108,-16.03568682,23,-3,-51,1
04/18/2001 18:28:00,108,-15.98116652,23,-3,-51,1
04/18/2001 18:29:00,108,-15.92664622,23,-3,-51,1
04/18/2001 18:30:00,108,-15.87212592,23,-3,-51,1
04/18/2001 18:31:00,108,-15.81760562,24,-3,-51,1
04/18/2001 18:32:00,108,-15.76308533,24,-4,-52,1
04/18/2001 18:33:00,108,-15.82494979,25,-3,-51,1
04/18/2001 18:34:00,108,-15.88681425,26,-4,-52,1
04/18/2001 18:35:00,108,-15.94867871,26,-3,-52,1
04/18/2001 18:36:00,108,-16.01054317,26,-3,-52,1
04/18/2001 18:37:00,108,-16.07240763,27,-3,-52,1
04/18/2001 18:38:00,108,-16.00610311,27,-3,-52,1
04/18/2001 18:39:00,108,-15.93979858,27,-3,-53,1
04/18/2001 18:40:00,108,-15.87349406,25,-3,-53,1
04/18/2001 18:41:00,108,-15.80718953,26,-3,-54,1
04/18/2001 18:42:00,108,-15.74088501,26,-3,-54,1
04/18/2001 18:43:00,108,-15.75821617,26,-3,-54,1
04/18/2001 18:44:00,108,-15.77554734,26,-3,-54,1
04/18/2001 18:45:00,108,-15.7928785,26,-3,-54,1
04/18/2001 18:46:00,108,-15.81020967,25,-3,-54,1
04/18/2001 18:47:00,108,-15.82754083,26,-3,-55,1
04/18/2001 18:48:00,108,-15.78775492,24,-3,-55,1
04/18/2001 18:49:00,108,-15.747969,24,-3,-55,1
04/18/2001 18:50:00,108,-15.70818309,24,-3,-55,1
04/18/2001 18:51:00,108,-15.66839717,24,-3,-55,1
04/18/2001 18:52:00,108,-15.62861126,25,-3,-56,1
04/18/2001 18:53:00,108,-15.68278407,25,-3,-56,1
04/18/2001 18:54:00,108,-15.73695688,25,-3,-56,1
04/18/2001 18:55:00,108,-15.79112969,25,-3,-56,1
04/18/2001 18:56:00,108,-15.8453025,25,-3,-56,1
04/18/2001 18:57:00,108,-15.89947531,24,-3,-57,1
04/18/2001 18:58:00,108,-15.97685062,24,-3,-57,1
04/18/2001 18:59:00,108,-16.05422593,24,-3,-57,1
04/18/2001 19:00:00,108,-16.13160124,24,-3,-57,1
04/18/2001 19:01:00,108,-16.20897655,24,-3,-57,1
04/18/2001 19:02:00,108,-16.28635187,25,-3,-57,1
04/18/2001 19:03:00,108,-16.31424718,24,-4,-57,1
04/18/2001 19:04:00,108,-16.3421425,24,-4,-57,1
04/18/2001 19:05:00,108,-16.37003782,25,-4,-57,1
04/18/2001 19:06:00,108,-16.39793314,25,-4,-57,1
04/18/2001 19:07:00,108,-16.42582845,25,-4,-57,1
04/18/2001 19:08:00,108,-16.50970278,25,-4,-58,1
04/18/2001 19:09:00,108,-16.59357711,25,-4,-58,1
04/18/2001 19:10:00,108,-16.67745144,25,-4,-58,1
04/18/2001 19:11:00,108,-16.76132576,25,-4,-58,1
04/18/2001 19:12:00,108,-16.84520009,25,-4,-58,1
04/18/2001 19:13:00,108,-16.84615694,26,-4,-58,1
04/18/2001 19:14:00,108,-16.84711379,26,-4,-57,1
04/18/2001 19:15:00,108,-16.84807063,27,-4,-57,1
04/18/2001 19:16:00,108,-16.84902748,27,-4,-57,1
04/18/2001 19:17:00,108,-16.84998433,28,-4,-57,1
04/18/2001 19:18:00,108,-16.89445159,29,-4,-56,1
04/18/2001 19:19:00,108,-16.93891886,30,-4,-56,1
04/18/2001 19:20:00,108,-16.98338612,31,-4,-56,1
04/18/2001 19:21:00,108,-17.02785338,30,-3,-56,1
04/18/2001 19:22:00,108,-17.07232065,32,-3,-55,1
04/18/2001 19:23:00,108,-17.08786481,30,-3,-56,1
04/18/2001 19:24:00,108,-17.10340896,31,-4,-56,1
04/18/2001 19:25:00,108,-17.11895312,32,-3,-55,1
04/18/2001 19:26:00,108,-17.13449728,33,-3,-55,1
04/18/2001 19:27:00,108,-17.15004144,33,-3,-55,1
04/18/2001 19:28:00,108,-17.14997513,34,-3,-55,1
04/18/2001 19:29:00,108,-17.14990882,34,-3,-55,1
04/18/2001 19:30:00,108,-17.14984252,34,-3,-54,1
04/18/2001 19:31:00,108,-17.14977621,34,-4,-54,1
04/18/2001 19:32:00,108,-17.1497099,35,-3,-54,1
04/18/2001 19:33:00,108,-17.15747388,36,-4,-54,1
04/18/2001 19:34:00,108,-17.16523786,35,-4,-54,1
04/18/2001 19:35:00,108,-17.17300184,36,-3,-54,1
04/18/2001 19:36:00,108,-17.18076583,35,-3,-54,1
04/18/2001 19:37:00,108,-17.18852981,36,-4,-54,1
04/18/2001 19:38:00,108,-17.18837041,36,-3,-54,1
04/18/2001 19:39:00,108,-17.18821102,36,-3,-54,1
04/18/2001 19:40:00,108,-17.18805163,36,-3,-54,1
04/18/2001 19:41:00,108,-17.18789223,37,-3,-54,1
04/18/2001 19:42:00,108,-17.18773284,37,-3,-54,1
04/18/2001 19:43:00,108,-17.13718864,37,-3,-54,1
04/18/2001 19:44:00,108,-17.08664443,37,-4,-54,1
04/18/2001 19:45:00,108,-17.03610023,37,-4,-54,1
04/18/2001 19:46:00,108,-16.98555603,38,-4,-54,1
04/18/2001 19:47:00,108,-16.93501183,39,-4,-53,1
04/18/2001 19:48:00,108,-16.83359917,37,-4,-54,1
04/18/2001 19:49:00,108,-16.73218652,38,-4,-54,1
04/18/2001 19:50:00,108,-16.63077386,38,-4,-54,1
04/18/2001 19:51:00,108,-16.52936121,37,-4,-54,1
04/18/2001 19:52:00,108,-16.42794856,38,-4,-53,1
04/18/2001 19:53:00,108,-16.39978736,38,-4,-53,1
04/18/2001 19:54:00,108,-16.37162617,39,-4,-53,1
04/18/2001 19:55:00,108,-16.34346497,40,-4,-53,1
04/18/2001 19:56:00,108,-16.31530378,40,-4,-53,1
04/18/2001 19:57:00,108,-16.28714258,40,-4,-53,1
04/18/2001 19:58:00,108,-16.25060264,41,-4,-53,1
04/18/2001 19:59:00,108,-16.2140627,41,-4,-53,1
04/18/2001 20:00:00,108,-16.17752276,41,-4,-53,1
04/18/2001 20:01:00,108,-16.14098282,41,-4,-53,1
04/18/2001 20:02:00,108,-16.10444288,40,-5,-53,1
04/18/2001 20:03:00,108,-16.04191886,40,-5,-53,1
04/18/2001 20:04:00,108,-15.97939483,40,-5,-53,1
04/18/2001 20:05:00,108,-15.91687081,40,-4,-53,1
04/18/2001 20:06:00,108,-15.85434678,41,-4,-53,1
04/18/2001 20:07:00,108,-15.79182276,39,-5,-53,1
04/18/2001 20:08:00,108,-15.74811551,39,-5,-54,1
04/18/2001 20:09:00,108,-15.70440827,40,-5,-54,1
04/18/2001 20:10:00,108,-15.66070102,40,-5,-54,1
04/18/2001 20:11:00,108,-15.61699378,40,-5,-54,1
04/18/2001 20:12:00,108,-15.57328653,40,-5,-54,1
04/18/2001 20:13:00,108,-15.5367337,40,-5,-53,1
04/18/2001 20:14:00,108,-15.50018086,38,-5,-53,1
04/18/2001 20:15:00,108,-15.46362802,39,-5,-54,1
04/18/2001 20:16:00,108,-15.42707518,38,-5,-53,1
04/18/2001 20:17:00,108,-15.39052234,38,-5,-53,1
04/18/2001 20:18:00,108,-15.33493307,38,-6,-53,1
04/18/2001 20:19:00,108,-15.2793438,37,-5,-53,1
04/18/2001 20:20:00,108,-15.22375453,37,-6,-53,1
04/18/2001 20:21:00,108,-15.16816526,37,-6,-54,1
04/18/2001 20:22:00,108,-15.11257599,37,-5,-53,1
04/18/2001 20:23:00,108,-15.05864456,37,-6,-53,1
04/18/2001 20:24:00,108,-15.00471313,37,-6,-54,1
04/18/2001 20:25:00,108,-14.95078169,38,-6,-53,1
04/18/2001 20:26:00,108,-14.89685026,38,-6,-54,1
04/18/2001 20:27:00,108,-14.84291882,38,-6,-54,1
04/18/2001 20:28:00,108,-14.84186242,39,-6,-53,1
04/18/2001 20:29:00,108,-14.84080602,39,-6,-53,1
04/18/2001 20:30:00,108,-14.83974962,38,-6,-54,1
04/18/2001 20:31:00,108,-14.83869322,38,-6,-53,1
04/18/2001 20:32:00,108,-14.83763682,38,-6,-54,1
04/18/2001 20:33:00,108,-14.78751953,38,-6,-54,1
04/18/2001 20:34:00,108,-14.73740225,38,-6,-53,1
04/18/2001 20:35:00,108,-14.68728496,37,-6,-53,1
04/18/2001 20:36:00,108,-14.63716767,37,-6,-53,1
04/18/2001 20:37:00,108,-14.58705039,37,-6,-53,1
04/18/2001 20:38:00,108,-14.53589852,37,-6,-53,1
04/18/2001 20:39:00,108,-14.48474665,38,-6,-54,1
04/18/2001 20:40:00,108,-14.43359478,37,-6,-53,1
04/18/2001 20:41:00,108,-14.3824429,36,-6,-53,1
04/18/2001 20:42:00,108,-14.33129103,36,-6,-53,1
04/18/2001 20:43:00,108,-14.41663819,36,-6,-53,1
04/18/2001 20:44:00,108,-14.50198534,36,-6,-54,1
04/18/2001 20:45:00,108,-14.58733249,37,-6,-54,1
04/18/2001 20:46:00,108,-14.67267965,36,-6,-54,1
04/18/2001 20:47:00,108,-14.7580268,38,-6,-53,1
04/18/2001 20:48:00,108,-14.73080088,38,-6,-53,1
04/18/2001 20:49:00,108,-14.70357496,38,-6,-53,1
04/18/2001 20:50:00,108,-14.67634904,38,-6,-53,1
04/18/2001 20:51:00,108,-14.64912312,38,-6,-53,1
04/18/2001 20:52:00,108,-14.6218972,38,-6,-53,1
04/18/2001 20:53:00,108,-14.63330417,38,-6,-53,1
04/18/2001 20:54:00,108,-14.64471113,38,-6,-53,1
04/18/2001 20:55:00,108,-14.6561181,38,-6,-53,1
04/18/2001 20:56:00,108,-14.66752507,39,-6,-53,1
04/18/2001 20:57:00,108,-14.67893203,39,-5,-53,1
04/18/2001 20:58:00,108,-14.62552084,39,-6,-53,1
04/18/2001 20:59:00,108,-14.57210964,39,-6,-53,1
04/18/2001 21:00:00,108,-14.51869845,39,-5,-53,1
04/18/2001 21:01:00,108,-14.46528726,39,-5,-53,1
04/18/2001 21:02:00,108,-14.41187606,40,-5,-52,1
04/18/2001 21:03:00,108,-14.44815174,41,-5,-52,1
04/18/2001 21:04:00,108,-14.48442742,42,-5,-52,1
04/18/2001 21:05:00,108,-14.5207031,42,-5,-52,1
04/18/2001 21:06:00,108,-14.55697878,41,-5,-53,1
04/18/2001 21:07:00,108,-14.59325446,41,-5,-53,1
04/18/2001 21:08:00,108,-14.61206397,41,-5,-53,1
04/18/2001 21:09:00,108,-14.63087348,40,-5,-53,1
04/18/2001 21:10:00,108,-14.64968299,40,-5,-53,1
04/18/2001 21:11:00,108,-14.6684925,40,-5,-53,1
04/18/2001 21:12:00,108,-14.68730201,40,-5,-53,1
04/18/2001 21:13:00,108,-14.62288109,40,-5,-53,1
04/18/2001 21:14:00,108,-14.55846018,41,-5,-53,1
04/18/2001 21:15:00,108,-14.49403926,40,-5,-54,1
04/18/2001 21:16:00,108,-14.42961835,40,-6,-53,1
04/18/2001 21:17:00,108,-14.36519743,39,-6,-54,1
04/18/2001 21:18:00,108,-14.31311978,39,-5,-54,1
04/18/2001 21:19:00,108,-14.26104212,40,-6,-53,1
04/18/2001 21:20:00,108,-14.20896447,40,-5,-53,1
04/18/2001 21:21:00,108,-14.15688682,40,-5,-53,1
04/18/2001 21:22:00,108,-14.10480916,40,-5,-53,1
04/18/2001 21:23:00,108,-14.0746949,41,-5,-53,1
04/18/2001 21:24:00,108,-14.04458064,41,-5,-53,1
04/18/2001 21:25:00,108,-14.01446638,41,-5,-53,1
04/18/2001 21:26:00,108,-13.98435212,40,-5,-53,1
04/18/2001 21:27:00,108,-13.95423786,41,-5,-53,1
04/18/2001 21:28:00,108,-13.94310527,41,-5,-53,1
04/18/2001 21:29:00,108,-13.93197268,41,-5,-53,1
04/18/2001 21:30:00,108,-13.92084009,40,-5,-53,1
04/18/2001 21:31:00,108,-13.90970751,39,-5,-54,1
04/18/2001 21:32:00,108,-13.89857492,39,-5,-54,1
04/18/2001 21:33:00,108,-13.90708156,40,-5,-53,1
04/18/2001 21:34:00,108,-13.91558819,40,-5,-53,1
04/18/2001 21:35:00,108,-13.92409483,39,-5,-53,1
04/18/2001 21:36:00,108,-13.93260147,40,-5,-53,1
04/18/2001 21:37:00,108,-13.94110811,40,-5,-53,1
04/18/2001 21:38:00,108,-13.8561458,40,-5,-53,1
04/18/2001 21:39:00,108,-13.7711835,39,-5,-53,1
04/18/2001 21:40:00,108,-13.6862212,40,-5,-53,1
04/18/2001 21:41:00,108,-13.60125889,40,-5,-53,1
04/18/2001 21:42:00,108,-13.51629659,40,-5,-53,1
04/18/2001 21:43:00,108,-13.59298506,40,-5,-52,1
04/18/2001 21:44:00,108,-13.66967353,40,-5,-53,1
04/18/2001 21:45:00,108,-13.746362,40,-5,-53,1
04/18/2001 21:46:00,108,-13.82305047,41,-5,-52,1
04/18/2001 21:47:00,108,-13.89973894,42,-5,-52,1
04/18/2001 21:48:00,108,-13.91054253,41,-5,-52,1
04/18/2001 21:49:00,108,-13.92134611,41,-5,-52,1
04/18/2001 21:50:00,108,-13.9321497,41,-5,-52,1
04/18/2001 21:51:00,108,-13.94295328,41,-5,-52,1
04/18/2001 21:52:00,108,-13.95375686,41,-5,-51,1
04/18/2001 21:53:00,108,-13.970182,42,-5,-51,1
04/18/2001 21:54:00,108,-13.98660713,43,-5,-51,1
04/18/2001 21:55:00,108,-14.00303226,42,-5,-51,1
04/18/2001 21:56:00,108,-14.01945739,43,-5,-50,1
04/18/2001 21:57:00,108,-14.03588252,42,-5,-50,1
04/18/2001 21:58:00,108,-13.99802494,43,-5,-50,1
04/18/2001 21:59:00,108,-13.96016736,41,-5,-50,1
04/18/2001 22:00:00,108,-13.92230978,42,-5,-50,1
04/18/2001 22:01:00,108,-13.8844522,43,-5,-50,1
04/18/2001 22:02:00,108,-13.84659462,42,-5,-50,1
04/18/2001 22:03:00,108,-13.84730294,43,-4,-50,1
04/18/2001 22:04:00,108,-13.84801127,43,-4,-50,1
04/18/2001 22:05:00,108,-13.84871959,44,-4,-50,1
04/18/2001 22:06:00,108,-13.84942791,43,-4,-49,1
04/18/2001 22:07:00,108,-13.85013623,45,-4,-49,1
04/18/2001 22:08:00,108,-13.89662346,44,-4,-50,1
04/18/2001 22:09:00,108,-13.9431107,44,-4,-50,1
04/18/2001 22:10:00,108,-13.98959793,44,-4,-50,1
04/18/2001 22:11:00,108,-14.03608516,44,-4,-50,1
04/18/2001 22:12:00,108,-14.0825724,44,-4,-50,1
04/18/2001 22:13:00,108,-14.07759287,44,-4,-50,1
04/18/2001 22:14:00,108,-14.07261334,43,-4,-50,1
04/18/2001 22:15:00,108,-14.06763382,44,-4,-50,1
04/18/2001 22:16:00,108,-14.06265429,44,-4,-51,1
04/18/2001 22:17:00,108,-14.05767477,44,-4,-51,1
04/18/2001 22:18:00,108,-14.07933617,44,-4,-51,1
04/18/2001 22:19:00,108,-14.10099756,44,-4,-51,1
04/18/2001 22:20:00,108,-14.12265896,44,-5,-51,1
04/18/2001 22:21:00,108,-14.14432036,44,-5,-51,1
04/18/2001 22:22:00,108,-14.16598176,46,-4,-51,1
04/18/2001 22:23:00,108,-14.13550749,47,-4,-50,1
04/18/2001 22:24:00,108,-14.10503323,46,-4,-50,1
04/18/2001 22:25:00,108,-14.07455896,47,-4,-51,1
04/18/2001 22:26:00,108,-14.0440847,47,-4,-51,1
04/18/2001 22:27:00,108,-14.01361043,47,-4,-51,1
04/18/2001 22:28:00,108,-13.99952365,47,-4,-51,1
04/18/2001 22:29:00,108,-13.98543688,46,-4,-52,1
04/18/2001 22:30:00,108,-13.9713501,46,-5,-52,1
04/18/2001 22:31:00,108,-13.95726332,46,-5,-52,1
04/18/2001 22:32:00,108,-13.94317655,46,-5,-52,1
04/18/2001 22:33:00,108,-13.95749621,46,-5,-53,1
04/18/2001 22:34:00,108,-13.97181587,46,-5,-53,1
04/18/2001 22:35:00,108,-13.98613553,47,-5,-53,1
04/18/2001 22:36:00,108,-14.00045519,46,-5,-53,1
04/18/2001 22:37:00,108,-14.01477486,45,-5,-54,1
04/18/2001 22:38:00,108,-13.96297975,46,-5,-54,1
04/18/2001 22:39:00,108,-13.91118465,46,-5,-54,1
04/18/2001 22:40:00,108,-13.85938955,45,-5,-55,1
04/18/2001 22:41:00,108,-13.80759445,45,-6,-55,1
04/18/2001 22:42:00,108,-13.75579934,45,-5,-55,1
04/18/2001 22:43:00,108,-13.78082139,46,-5,-56,1
04/18/2001 22:44:00,108,-13.80584344,47,-5,-55,1
04/18/2001 22:45:00,108,-13.83086549,47,-6,-56,1
04/18/2001 22:46:00,108,-13.85588754,47,-5,-56,1
04/18/2001 22:47:00,108,-13.88090958,47,-5,-57,1
04/18/2001 22:48:00,108,-13.81982209,47,-5,-57,1
04/18/2001 22:49:00,108,-13.75873459,47,-5,-57,1
04/18/2001 22:50:00,108,-13.69764709,48,-5,-57,1
04/18/2001 22:51:00,108,-13.63655959,49,-5,-58,1
04/18/2001 22:52:00,108,-13.57547209,49,-5,-57,1
04/18/2001 22:53:00,108,-13.54782059,49,-6,-57,1
04/18/2001 22:54:00,108,-13.5201691,47,-5,-58,1
04/18/2001 22:55:00,108,-13.4925176,47,-6,-58,1
04/18/2001 22:56:00,108,-13.46486611,47,-6,-58,1
04/18/2001 22:57:00,108,-13.43721462,48,-6,-57,1
04/18/2001 22:58:00,108,-13.31360592,49,-6,-57,1
04/18/2001 22:59:00,108,-13.18999723,48,-6,-57,1
04/18/2001 23:00:00,108,-13.06638854,46,-6,-58,1
04/18/2001 23:01:00,108,-12.94277985,47,-6,-57,1
04/18/2001 23:02:00,108,-12.81917116,47,-6,-57,1
04/18/2001 23:03:00,108,-12.7511116,47,-6,-57,1
04/18/2001 23:04:00,108,-12.68305204,47,-6,-57,1
04/18/2001 23:05:00,108,-12.61499249,46,-6,-57,1
04/18/2001 23:06:00,108,-12.54693293,48,-6,-56,1
04/18/2001 23:07:00,108,-12.47887338,50,-6,-56,1
04/18/2001 23:08:00,108,-12.44867568,47,-6,-57,1
04/18/2001 23:09:00,108,-12.41847798,46,-6,-57,1
04/18/2001 23:10:00,108,-12.38828029,48,-6,-57,1
04/18/2001 23:11:00,108,-12.35808259,48,-6,-56,1
04/18/2001 23:12:00,108,-12.3278849,46,-6,-57,1
04/18/2001 23:13:00,108,-12.18356678,46,-6,-57,1
04/18/2001 23:14:00,108,-12.03924866,46,-6,-57,1
04/18/2001 23:15:00,108,-11.89493055,45,-6,-58,1
04/18/2001 23:16:00,108,-11.75061243,46,-5,-58,1
04/18/2001 23:17:00,108,-11.60629431,48,-5,-57,1
04/18/2001 23:18:00,108,-11.61130856,49,-5,-58,1
04/18/2001 23:19:00,108,-11.6163228,49,-5,-57,1
04/18/2001 23:20:00,108,-11.62133705,51,-5,-57,1
04/18/2001 23:21:00,108,-11.6263513,52,-5,-57,1
04/18/2001 23:22:00,108,-11.63136554,52,-5,-57,1
04/18/2001 23:23:00,108,-11.5893046,53,-5,-56,1
04/18/2001 23:24:00,108,-11.54724365,53,-5,-56,1
04/18/2001 23:25:00,108,-11.50518271,54,-5,-56,1
04/18/2001 23:26:00,108,-11.46312176,53,-5,-56,1
04/18/2001 23:27:00,108,-11.42106081,53,-5,-56,1
04/18/2001 23:28:00,108,-11.3124596,53,-6,-56,1
04/18/2001 23:29:00,108,-11.20385839,53,-6,-56,1
04/18/2001 23:30:00,108,-11.09525718,53,-6,-56,1
04/18/2001 23:31:00,108,-10.98665596,53,-6,-56,1
04/18/2001 23:32:00,108,-10.87805475,52,-6,-56,1
04/18/2001 23:33:00,108,-10.89998353,50,-6,-56,1
04/18/2001 23:34:00,108,-10.92191232,50,-6,-57,1
04/18/2001 23:35:00,108,-10.9438411,50,-6,-57,1
04/18/2001 23:36:00,108,-10.96576989,49,-6,-58,1
04/18/2001 23:37:00,108,-10.98769867,51,-6,-57,1
04/18/2001 23:38:00,108,-10.94845192,52,-6,-57,1
04/18/2001 23:39:00,108,-10.90920518,51,-6,-57,1
04/18/2001 23:40:00,108,-10.86995843,52,-6,-57,1
04/18/2001 23:41:00,108,-10.83071169,51,-6,-57,1
04/18/2001 23:42:00,108,-10.79146494,51,-6,-58,1
04/18/2001 23:43:00,108,-10.71849683,50,-6,-57,1
04/18/2001 23:44:00,108,-10.64552871,49,-6,-58,1
04/18/2001 23:45:00,108,-10.57256059,48,-6,-58,1
04/18/2001 23:46:00,108,-10.49959247,49,-6,-58,1
04/18/2001 23:47:00,108,-10.42662435,49,-6,-58,1
04/18/2001 23:48:00,108,-10.40742538,49,-6,-58,1
04/18/2001 23:49:00,108,-10.38822641,49,-6,-57,1
04/18/2001 23:50:00,108,-10.36902744,49,-6,-57,1
04/18/2001 23:51:00,108,-10.34982847,50,-6,-57,1
04/18/2001 23:52:00,108,-10.33062949,51,-6,-56,1
04/18/2001 23:53:00,108,-10.29349192,51,-6,-56,1
04/18/2001 23:54:00,108,-10.25635434,51,-6,-56,1
04/18/2001 23:55:00,108,-10.21921676,50,-5,-59,1
04/18/2001 23:56:00,108,-10.18207918,49,-5,-60,1
04/18/2001 23:57:00,108,-10.1449416,49,-7,-57,1
04/18/2001 23:58:00,108,-9.605193728,49,-6,-57,1
04/18/2001 23:59:00,108,-9.065445852,50,-6,-56,1
04/19/2001 00:00:00,109,-8.525697975,50,-6,-56,1
04/19/2001 00:01:00,109,-7.985950099,50,-6,-56,1
04/19/2001 00:02:00,109,-7.446202223,50,-7,-55,1
04/19/2001 00:03:00,109,-7.429352714,49,-7,-55,1
04/19/2001 00:04:00,109,-7.412503204,48,-7,-55,1
04/19/2001 00:05:00,109,-7.395653695,48,-7,-55,1
04/19/2001 00:06:00,109,-7.378804185,48,-7,-55,1
04/19/2001 00:07:00,109,-7.361954676,47,-7,-56,1
04/19/2001 00:08:00,109,-7.340884679,46,-7,-56,1
04/19/2001 00:09:00,109,-7.319814682,45,-7,-56,1
04/19/2001 00:10:00,109,-7.298744685,44,-8,-56,1
04/19/2001 00:11:00,109,-7.277674688,44,-8,-56,1
04/19/2001 00:12:00,109,-7.256604691,45,-8,-56,1
04/19/2001 00:13:00,109,-7.231726806,44,-8,-56,1
04/19/2001 00:14:00,109,-7.206848922,44,-8,-55,1
04/19/2001 00:15:00,109,-7.181971038,44,-8,-56,1
04/19/2001 00:16:00,109,-7.157093153,45,-8,-56,1
04/19/2001 00:17:00,109,-7.132215269,45,-8,-56,1
04/19/2001 00:18:00,109,-7.066517749,44,-8,-56,1
04/19/2001 00:19:00,109,-7.000820229,44,-8,-56,1
04/19/2001 00:20:00,109,-6.935122708,44,-8,-56,1
04/19/2001 00:21:00,109,-6.869425188,43,-8,-56,1
04/19/2001 00:22:00,109,-6.803727668,43,-8,-57,1
04/19/2001 00:23:00,109,-6.83749935,43,-8,-57,1
04/19/2001 00:24:00,109,-6.871271033,43,-8,-57,1
04/19/2001 00:25:00,109,-6.905042715,42,-8,-57,1
04/19/2001 00:26:00,109,-6.938814397,42,-8,-57,1
04/19/2001 00:27:00,109,-6.97258608,42,-8,-58,1
04/19/2001 00:28:00,109,-6.951760576,42,-8,-58,1
04/19/2001 00:29:00,109,-6.930935073,42,-8,-58,1
04/19/2001 00:30:00,109,-6.91010957,42,-8,-58,1
04/19/2001 00:31:00,109,-6.889284066,42,-8,-58,1
04/19/2001 00:32:00,109,-6.868458563,41,-8,-59,1
04/19/2001 00:33:00,109,-6.79398699,42,-8,-58,1
04/19/2001 00:34:00,109,-6.719515417,41,-8,-59,1
04/19/2001 00:35:00,109,-6.645043843,41,-8,-59,1
04/19/2001 00:36:00,109,-6.57057227,41,-8,-60,1
04/19/2001 00:37:00,109,-6.496100697,41,-7,-60,1
04/19/2001 00:38:00,109,-6.547286547,41,-7,-60,1
04/19/2001 00:39:00,109,-6.598472397,41,-7,-60,1
04/19/2001 00:40:00,109,-6.649658247,41,-7,-60,1
04/19/2001 00:41:00,109,-6.700844096,41,-7,-60,1
04/19/2001 00:42:00,109,-6.752029946,41,-7,-59,1
04/19/2001 00:43:00,109,-6.738900807,41,-7,-60,1
04/19/2001 00:44:00,109,-6.725771667,40,-7,-60,1
04/19/2001 00:45:00,109,-6.712642528,40,-7,-60,1
04/19/2001 00:46:00,109,-6.699513389,40,-7,-60,1
04/19/2001 00:47:00,109,-6.68638425,40,-7,-60,1
04/19/2001 00:48:00,109,-6.613927718,41,-7,-60,1
04/19/2001 00:49:00,109,-6.541471187,41,-7,-60,1
04/19/2001 00:50:00,109,-6.469014656,41,-7,-61,1
04/19/2001 00:51:00,109,-6.396558124,41,-7,-61,1
04/19/2001 00:52:00,109,-6.324101593,41,-7,-61,1
04/19/2001 00:53:00,109,-6.32573886,41,-7,-61,1
04/19/2001 00:54:00,109,-6.327376128,40,-7,-61,1
04/19/2001 00:55:00,109,-6.329013395,41,-7,-61,1
04/19/2001 00:56:00,109,-6.330650662,40,-7,-61,1
04/19/2001 00:57:00,109,-6.33228793,40,-7,-61,1
04/19/2001 00:58:00,109,-6.303342523,40,-7,-61,1
04/19/2001 00:59:00,109,-6.274397117,40,-7,-61,1
04/19/2001 01:00:00,109,-6.245451711,41,-6,-62,1
04/19/2001 01:01:00,109,-6.216506305,41,-6,-62,1
04/19/2001 01:02:00,109,-6.187560899,42,-6,-62,1
04/19/2001 01:03:00,109,-6.15642877,41,-6,-62,1
04/19/2001 01:04:00,109,-6.125296642,41,-6,-62,1
04/19/2001 01:05:00,109,-6.094164513,42,-6,-62,1
04/19/2001 01:06:00,109,-6.063032384,42,-6,-63,1
04/19/2001 01:07:00,109,-6.031900255,42,-6,-63,1
04/19/2001 01:08:00,109,-6.042281713,41,-6,-63,1
04/19/2001 01:09:00,109,-6.05266317,42,-6,-63,1
04/19/2001 01:10:00,109,-6.063044628,42,-6,-63,1
04/19/2001 01:11:00,109,-6.073426086,40,-6,-63,1
04/19/2001 01:12:00,109,-6.083807543,40,-5,-64,1
04/19/2001 01:13:00,109,-6.087833643,40,-5,-63,1
04/19/2001 01:14:00,109,-6.091859743,41,-5,-63,1
04/19/2001 01:15:00,109,-6.095885843,41,-5,-63,1
04/19/2001 01:16:00,109,-6.099911944,41,-5,-63,1
04/19/2001 01:17:00,109,-6.103938044,41,-5,-64,1
04/19/2001 01:18:00,109,-6.060321763,41,-5,-63,1
04/19/2001 01:19:00,109,-6.016705483,41,-5,-63,1
04/19/2001 01:20:00,109,-5.973089202,40,-6,-63,1
04/19/2001 01:21:00,109,-5.929472922,40,-6,-64,1
04/19/2001 01:22:00,109,-5.885856641,40,-5,-64,1
04/19/2001 01:23:00,109,-5.86608409,40,-6,-64,1
04/19/2001 01:24:00,109,-5.846311539,40,-6,-64,1
04/19/2001 01:25:00,109,-5.826538988,41,-6,-64,1
04/19/2001 01:26:00,109,-5.806766437,41,-6,-64,1
04/19/2001 01:27:00,109,-5.786993885,40,-6,-64,1
04/19/2001 01:28:00,109,-5.722883709,40,-6,-64,1
04/19/2001 01:29:00,109,-5.658773533,39,-6,-64,1
04/19/2001 01:30:00,109,-5.594663357,39,-6,-64,1
04/19/2001 01:31:00,109,-5.53055318,39,-6,-64,1
04/19/2001 01:32:00,109,-5.466443004,39,-6,-63,1
04/19/2001 01:33:00,109,-5.407771714,40,-5,-63,1
04/19/2001 01:34:00,109,-5.349100424,40,-5,-63,1
04/19/2001 01:35:00,109,-5.290429134,40,-5,-63,1
04/19/2001 01:36:00,109,-5.231757843,40,-5,-64,1
04/19/2001 01:37:00,109,-5.173086553,39,-5,-64,1
04/19/2001 01:38:00,109,-5.164607163,39,-4,-63,1
04/19/2001 01:39:00,109,-5.156127773,38,-4,-63,1
04/19/2001 01:40:00,109,-5.147648383,39,-4,-63,1
04/19/2001 01:41:00,109,-5.139168993,39,-4,-62,1
04/19/2001 01:42:00,109,-5.130689603,39,-4,-62,1
04/19/2001 01:43:00,109,-5.093545492,38,-4,-62,1
04/19/2001 01:44:00,109,-5.05640138,38,-4,-62,1
04/19/2001 01:45:00,109,-5.019257269,39,-4,-61,1
04/19/2001 01:46:00,109,-4.982113158,38,-4,-61,1
04/19/2001 01:47:00,109,-4.944969046,38,-4,-61,1
04/19/2001 01:48:00,109,-4.906270912,38,-4,-61,1
04/19/2001 01:49:00,109,-4.867572778,38,-4,-61,1
04/19/2001 01:50:00,109,-4.828874643,37,-5,-60,1
04/19/2001 01:51:00,109,-4.790176509,37,-5,-60,1
04/19/2001 01:52:00,109,-4.751478375,37,-5,-60,1
04/19/2001 01:53:00,109,-4.77454247,37,-5,-60,1
04/19/2001 01:54:00,109,-4.797606565,37,-5,-60,1
04/19/2001 01:55:00,109,-4.82067066,37,-4,-60,1
04/19/2001 01:56:00,109,-4.843734755,36,-5,-60,1
04/19/2001 01:57:00,109,-4.86679885,36,-5,-60,1
04/19/2001 01:58:00,109,-4.847968284,36,-5,-60,1
04/19/2001 01:59:00,109,-4.829137719,36,-5,-59,1
04/19/2001 02:00:00,109,-4.810307154,36,-4,-59,1
04/19/2001 02:01:00,109,-4.791476588,36,-4,-59,1
04/19/2001 02:02:00,109,-4.772646023,36,-4,-59,1
04/19/2001 02:03:00,109,0,35,-4,-59,1
04/19/2001 02:04:00,109,0,36,-4,-59,1
04/19/2001 02:05:00,109,0,36,-4,-59,1
04/19/2001 02:06:00,109,0,36,-4,-59,1
04/19/2001 02:07:00,109,0,36,-4,-58,1
04/19/2001 02:08:00,109,0,36,-4,-58,1
04/19/2001 02:09:00,109,0,34,-4,-58,1
04/19/2001 02:10:00,109,0,34,-4,-58,1
04/19/2001 02:11:00,109,0,34,-4,-57,1
04/19/2001 02:12:00,109,0,34,-5,-58,1
04/19/2001 02:13:00,109,0,34,-4,-58,1
04/19/2001 02:14:00,109,0,34,-4,-57,1
04/19/2001 02:15:00,109,0,34,-5,-57,1
04/19/2001 02:16:00,109,0,33,-5,-57,1
04/19/2001 02:17:00,109,0,33,-4,-57,1
04/19/2001 02:18:00,109,0,33,-4,-57,1
04/19/2001 02:19:00,109,0,33,-4,-57,1
04/19/2001 02:20:00,109,0,33,-5,-56,1
04/19/2001 02:21:00,109,0,34,-4,-56,1
04/19/2001 02:22:00,109,0,33,-4,-56,1
04/19/2001 02:23:00,109,0,34,-4,-56,1
04/19/2001 02:24:00,109,0,35,-4,-56,1
04/19/2001 02:25:00,109,0,36,-4,-55,1
04/19/2001 02:26:00,109,0,36,-3,-55,1
04/19/2001 02:27:00,109,0,37,-3,-55,1
04/19/2001 02:28:00,109,0,38,-3,-55,1
04/19/2001 02:29:00,109,0,38,-3,-54,1
04/19/2001 02:30:00,109,0,38,-3,-54,1
04/19/2001 02:31:00,109,0,38,-3,-54,1
04/19/2001 02:32:00,109,0,37,-3,-54,1
04/19/2001 02:33:00,109,0,38,-3,-54,1
04/19/2001 02:34:00,109,0,39,-3,-54,1
04/19/2001 02:35:00,109,0,39,-2,-54,1
04/19/2001 02:36:00,109,0,40,-2,-53,1
04/19/2001 02:37:00,109,0,41,-2,-53,1
04/19/2001 02:38:00,109,0,41,-2,-52,1
04/19/2001 02:39:00,109,0,42,-2,-52,1
04/19/2001 02:40:00,109,0,43,-2,-52,1
04/19/2001 02:41:00,109,0,42,-2,-52,1
04/19/2001 02:42:00,109,0,42,-2,-51,1
04/19/2001 02:43:00,109,0,42,-2,-51,1
04/19/2001 02:44:00,109,0,42,-2,-51,1
04/19/2001 02:45:00,109,0,41,-2,-51,1
04/19/2001 02:46:00,109,0,40,-2,-51,1
04/19/2001 02:47:00,109,0,39,-2,-50,1
04/19/2001 02:48:00,109,0,37,-2,-50,1
04/19/2001 02:49:00,109,0,37,-2,-50,1
04/19/2001 02:50:00,109,0,35,-2,-50,1
04/19/2001 02:51:00,109,0,35,-2,-50,1
04/19/2001 02:52:00,109,0,35,-2,-50,1
04/19/2001 02:53:00,109,0,34,-3,-50,1
04/19/2001 02:54:00,109,0,33,-3,-49,1
04/19/2001 02:55:00,109,0,32,-2,-49,1
04/19/2001 02:56:00,109,0,32,-2,-49,1
04/19/2001 02:57:00,109,0,33,-2,-49,1
04/19/2001 02:58:00,109,0,33,-2,-49,1
04/19/2001 02:59:00,109,0,32,-2,-49,1
04/19/2001 03:00:00,109,0,31,-2,-49,1
04/19/2001 03:01:00,109,0,32,-2,-49,1
04/19/2001 03:02:00,109,0,32,-2,-48,1
04/19/2001 03:03:00,109,0,32,-2,-48,1
04/19/2001 03:04:00,109,0,33,-2,-48,1
04/19/2001 03:05:00,109,0,33,-2,-47,1
04/19/2001 03:06:00,109,0,34,-2,-47,1
04/19/2001 03:07:00,109,0,33,-2,-47,1
04/19/2001 03:08:00,109,0,34,-2,-48,1
04/19/2001 03:09:00,109,0,34,-2,-47,1
04/19/2001 03:10:00,109,0,34,-2,-47,1
04/19/2001 03:11:00,109,0,35,-2,-47,1
04/19/2001 03:12:00,109,0,34,-2,-47,1
04/19/2001 03:13:00,109,0,35,-2,-47,1
04/19/2001 03:14:00,109,0,35,-2,-47,1
04/19/2001 03:15:00,109,0,35,-2,-47,1
04/19/2001 03:16:00,109,0,35,-2,-47,1
04/19/2001 03:17:00,109,0,35,-2,-47,1
04/19/2001 03:18:00,109,0,34,-2,-47,1
04/19/2001 03:19:00,109,0,34,-2,-47,1
04/19/2001 03:20:00,109,0,34,-2,-47,1
04/19/2001 03:21:00,109,0,34,-2,-47,1
04/19/2001 03:22:00,109,0,34,-2,-47,1
04/19/2001 03:23:00,109,0,35,-2,-47,1
04/19/2001 03:24:00,109,0,35,-2,-47,1
04/19/2001 03:25:00,109,0,36,-2,-47,1
04/19/2001 03:26:00,109,0,36,-2,-46,1
04/19/2001 03:27:00,109,0,36,-2,-46,1
04/19/2001 03:28:00,109,0,36,-2,-46,1
04/19/2001 03:29:00,109,0,35,-2,-46,1
04/19/2001 03:30:00,109,0,36,-2,-46,1
04/19/2001 03:31:00,109,0,37,-2,-46,1
04/19/2001 03:32:00,109,0,36,-2,-46,1
04/19/2001 03:33:00,109,0,37,-2,-46,1
04/19/2001 03:34:00,109,0,37,-2,-46,1
04/19/2001 03:35:00,109,0,36,-2,-46,1
04/19/2001 03:36:00,109,0,36,-2,-46,1
04/19/2001 03:37:00,109,0,37,-2,-46,1
04/19/2001 03:38:00,109,0,36,-2,-46,1
04/19/2001 03:39:00,109,0,37,-2,-46,1
04/19/2001 03:40:00,109,0,37,-2,-45,1
04/19/2001 03:41:00,109,0,37,-2,-46,1
04/19/2001 03:42:00,109,0,37,-2,-46,1
04/19/2001 03:43:00,109,0,36,-2,-46,1
04/19/2001 03:44:00,109,0,37,-2,-46,1
04/19/2001 03:45:00,109,0,37,-2,-46,1
04/19/2001 03:46:00,109,0,37,-2,-46,1
04/19/2001 03:47:00,109,0,37,-2,-46,1
04/19/2001 03:48:00,109,0,37,-2,-46,1
04/19/2001 03:49:00,109,0,36,-2,-47,1
04/19/2001 03:50:00,109,0,35,-1,-47,1
04/19/2001 03:51:00,109,0,36,-1,-47,1
04/19/2001 03:52:00,109,0,35,-2,-48,1
04/19/2001 03:53:00,109,0,34,-2,-48,1
04/19/2001 03:54:00,109,0,33,-1,-49,1
04/19/2001 03:55:00,109,0,34,-1,-49,1
04/19/2001 03:56:00,109,0,34,-1,-49,1
04/19/2001 03:57:00,109,0,33,-1,-49,1
04/19/2001 03:58:00,109,0,34,-1,-49,1
04/19/2001 03:59:00,109,0,33,-1,-49,1
04/19/2001 04:00:00,109,0,33,-2,-49,1
04/19/2001 04:01:00,109,0,33,-2,-49,1
04/19/2001 04:02:00,109,0,33,-1,-49,1
04/19/2001 04:03:00,109,0,33,-1,-49,1
04/19/2001 04:04:00,109,0,32,-1,-49,1
04/19/2001 04:05:00,109,0,32,-1,-49,1
04/19/2001 04:06:00,109,0,32,-1,-49,1
04/19/2001 04:07:00,109,0,31,-1,-49,1
04/19/2001 04:08:00,109,0,31,-1,-49,1
04/19/2001 04:09:00,109,0,32,-1,-49,1
04/19/2001 04:10:00,109,0,31,-1,-48,1
04/19/2001 04:11:00,109,0,32,-1,-48,1
04/19/2001 04:12:00,109,0,32,-1,-48,1
04/19/2001 04:13:00,109,0,31,-1,-48,1
04/19/2001 04:14:00,109,0,32,-1,-48,1
04/19/2001 04:15:00,109,0,32,-1,-48,1
04/19/2001 04:16:00,109,0,33,-1,-47,1
04/19/2001 04:17:00,109,0,32,-1,-47,1
04/19/2001 04:18:00,109,0,32,-1,-47,1
04/19/2001 04:19:00,109,0,32,-1,-47,1
04/19/2001 04:20:00,109,0,31,-2,-48,1
04/19/2001 04:21:00,109,0,31,-1,-47,1
04/19/2001 04:22:00,109,0,32,-1,-47,1
04/19/2001 04:23:00,109,0,31,-1,-47,1
04/19/2001 04:24:00,109,0,30,-1,-47,1
04/19/2001 04:25:00,109,0,30,-2,-47,1
04/19/2001 04:26:00,109,0,30,-2,-47,1
04/19/2001 04:27:00,109,0,31,-2,-47,1
04/19/2001 04:28:00,109,0,30,-2,-47,1
04/19/2001 04:29:00,109,0,30,-2,-47,1
04/19/2001 04:30:00,109,0,31,-1,-46,1
04/19/2001 04:31:00,109,0,31,-2,-46,1
04/19/2001 04:32:00,109,0,30,-2,-46,1
04/19/2001 04:33:00,109,0,30,-2,-46,1
04/19/2001 04:34:00,109,0,30,-2,-46,1
04/19/2001 04:35:00,109,0,30,-2,-46,1
04/19/2001 04:36:00,109,0,29,-2,-46,1
04/19/2001 04:37:00,109,0,29,-2,-46,1
04/19/2001 04:38:00,109,0,30,-1,-45,1
04/19/2001 04:39:00,109,0,29,-2,-45,1
04/19/2001 04:40:00,109,0,30,-2,-45,1
04/19/2001 04:41:00,109,0,30,-2,-45,1
04/19/2001 04:42:00,109,0,31,-2,-45,1
04/19/2001 04:43:00,109,0,31,-2,-45,1
04/19/2001 04:44:00,109,0,31,-2,-44,1
04/19/2001 04:45:00,109,0,31,-2,-44,1
04/19/2001 04:46:00,109,0,31,-2,-44,1
04/19/2001 04:47:00,109,0,32,-2,-44,1
04/19/2001 04:48:00,109,0,31,-2,-44,1
04/19/2001 04:49:00,109,0,31,-2,-44,1
04/19/2001 04:50:00,109,0,31,-2,-44,1
04/19/2001 04:51:00,109,0,31,-2,-44,1
04/19/2001 04:52:00,109,0,30,-2,-44,1
04/19/2001 04:53:00,109,0,30,-2,-44,1
04/19/2001 04:54:00,109,0,30,-2,-44,1
04/19/2001 04:55:00,109,0,30,-2,-44,1
04/19/2001 04:56:00,109,0,31,-2,-44,1
04/19/2001 04:57:00,109,0,29,-2,-45,1
04/19/2001 04:58:00,109,0,29,-2,-45,1
04/19/2001 04:59:00,109,0,29,-2,-45,1
04/19/2001 05:00:00,109,0,29,-2,-45,1
04/19/2001 05:01:00,109,0,29,-2,-45,1
04/19/2001 05:02:00,109,0,29,-2,-45,1
04/19/2001 05:03:00,109,0,28,-2,-45,1
04/19/2001 05:04:00,109,0,28,-2,-45,1
04/19/2001 05:05:00,109,0,28,-2,-45,1
04/19/2001 05:06:00,109,0,28,-2,-45,1
04/19/2001 05:07:00,109,0,28,-2,-45,1
04/19/2001 05:08:00,109,0,28,-2,-44,1
04/19/2001 05:09:00,109,0,27,-2,-45,1
04/19/2001 05:10:00,109,0,27,-2,-45,1
04/19/2001 05:11:00,109,0,27,-2,-45,1
04/19/2001 05:12:00,109,0,27,-2,-45,1
04/19/2001 05:13:00,109,0,27,-2,-45,1
04/19/2001 05:14:00,109,0,27,-2,-45,1
04/19/2001 05:15:00,109,0,27,-2,-45,1
04/19/2001 05:16:00,109,0,26,-2,-45,1
04/19/2001 05:17:00,109,0,26,-2,-45,1
04/19/2001 05:18:00,109,0,25,-2,-45,1
04/19/2001 05:19:00,109,0,25,-2,-45,1
04/19/2001 05:20:00,109,0,25,-1,-45,1
04/19/2001 05:21:00,109,0,25,-2,-45,1
04/19/2001 05:22:00,109,0,25,-1,-45,1
04/19/2001 05:23:00,109,0,25,-2,-45,1
04/19/2001 05:24:00,109,0,26,-1,-45,1
04/19/2001 05:25:00,109,0,26,-1,-45,1
04/19/2001 05:26:00,109,0,26,-1,-45,1
04/19/2001 05:27:00,109,0,25,-1,-45,1
04/19/2001 05:28:00,109,0,25,-1,-45,1
04/19/2001 05:29:00,109,0,25,-1,-45,1
04/19/2001 05:30:00,109,0,26,-1,-45,1
04/19/2001 05:31:00,109,0,26,-1,-44,1
04/19/2001 05:32:00,109,0,26,-1,-44,1
04/19/2001 05:33:00,109,0,26,-1,-44,1
04/19/2001 05:34:00,109,0,25,-1,-44,1
04/19/2001 05:35:00,109,0,26,-1,-44,1
04/19/2001 05:36:00,109,0,27,-1,-43,1
04/19/2001 05:37:00,109,0,27,-2,-43,1
04/19/2001 05:38:00,109,0,26,-1,-43,1
04/19/2001 05:39:00,109,0,27,-1,-43,1
04/19/2001 05:40:00,109,0,29,-1,-43,1
04/19/2001 05:41:00,109,0,28,-1,-42,1
04/19/2001 05:42:00,109,0,28,-1,-42,1
04/19/2001 05:43:00,109,0,28,-1,-42,1
04/19/2001 05:44:00,109,0,28,-1,-42,1
04/19/2001 05:45:00,109,0,28,-1,-42,1
04/19/2001 05:46:00,109,0,29,-1,-42,1
04/19/2001 05:47:00,109,0,29,-1,-42,1
04/19/2001 05:48:00,109,0,29,-1,-42,1
04/19/2001 05:49:00,109,0,28,-1,-42,1
04/19/2001 05:50:00,109,0,28,-1,-42,1
04/19/2001 05:51:00,109,0,28,-1,-42,1
04/19/2001 05:52:00,109,0,29,-1,-42,1
04/19/2001 05:53:00,109,0,29,-1,-42,1
04/19/2001 05:54:00,109,0,29,-1,-42,1
04/19/2001 05:55:00,109,0,29,-1,-42,1
04/19/2001 05:56:00,109,0,28,-1,-42,1
04/19/2001 05:57:00,109,0,28,-1,-42,1
04/19/2001 05:58:00,109,0,28,-1,-42,1
04/19/2001 05:59:00,109,0,29,-1,-42,1
04/19/2001 06:00:00,109,0,29,-1,-42,1
04/19/2001 06:01:00,109,0,30,-1,-42,1
04/19/2001 06:02:00,109,0,29,-1,-42,1
04/19/2001 06:03:00,109,0,29,-1,-42,1
04/19/2001 06:04:00,109,0,30,-1,-42,1
04/19/2001 06:05:00,109,0,29,-1,-42,1
04/19/2001 06:06:00,109,0,28,0,-42,1
04/19/2001 06:07:00,109,0,28,0,-42,1
04/19/2001 06:08:00,109,0,28,0,-42,1
04/19/2001 06:09:00,109,0,28,0,-42,1
04/19/2001 06:10:00,109,0,28,0,-41,1
04/19/2001 06:11:00,109,0,29,0,-41,1
04/19/2001 06:12:00,109,0,28,0,-41,1
04/19/2001 06:13:00,109,0,28,0,-41,1
04/19/2001 06:14:00,109,0,28,0,-40,1
04/19/2001 06:15:00,109,0,28,0,-41,1
04/19/2001 06:16:00,109,0,29,-1,-40,1
04/19/2001 06:17:00,109,0,28,0,-40,1
04/19/2001 06:18:00,109,0,28,0,-40,1
04/19/2001 06:19:00,109,0,28,0,-40,1
04/19/2001 06:20:00,109,0,28,-1,-40,1
04/19/2001 06:21:00,109,0,28,-1,-40,1
04/19/2001 06:22:00,109,0,29,-1,-39,1
04/19/2001 06:23:00,109,0,29,-1,-40,1
04/19/2001 06:24:00,109,0,29,-1,-39,1
04/19/2001 06:25:00,109,0,29,-1,-39,1
04/19/2001 06:26:00,109,0,30,-1,-39,1
04/19/2001 06:27:00,109,0,30,-1,-39,1
04/19/2001 06:28:00,109,0,30,-1,-39,1
04/19/2001 06:29:00,109,0,29,-1,-39,1
04/19/2001 06:30:00,109,0,29,-1,-39,1
04/19/2001 06:31:00,109,0,29,-1,-38,1
04/19/2001 06:32:00,109,0,29,-1,-38,1
04/19/2001 06:33:00,109,0,28,-1,-39,1
04/19/2001 06:34:00,109,0,28,-1,-39,1
04/19/2001 06:35:00,109,0,28,-1,-39,1
04/19/2001 06:36:00,109,0,28,-1,-39,1
04/19/2001 06:37:00,109,0,28,-1,-39,1
04/19/2001 06:38:00,109,0,29,-1,-39,1
04/19/2001 06:39:00,109,0,29,-1,-39,1
04/19/2001 06:40:00,109,0,30,-1,-39,1
04/19/2001 06:41:00,109,0,30,-1,-39,1
04/19/2001 06:42:00,109,0,30,-1,-39,1
04/19/2001 06:43:00,109,0,32,-1,-39,1
04/19/2001 06:44:00,109,0,33,-1,-40,1
04/19/2001 06:45:00,109,0,33,-1,-40,1
04/19/2001 06:46:00,109,0,34,-1,-40,1
04/19/2001 06:47:00,109,0,34,-1,-40,1
04/19/2001 06:48:00,109,0,33,-1,-40,1
04/19/2001 06:49:00,109,0,33,-1,-40,1
04/19/2001 06:50:00,109,0,34,-1,-40,1
04/19/2001 06:51:00,109,0,33,-1,-40,1
04/19/2001 06:52:00,109,0,34,-1,-40,1
04/19/2001 06:53:00,109,0,33,-1,-40,1
04/19/2001 06:54:00,109,0,32,-1,-40,1
04/19/2001 06:55:00,109,0,32,-1,-40,1
04/19/2001 06:56:00,109,0,32,-1,-40,1
04/19/2001 06:57:00,109,0,32,-1,-40,1
04/19/2001 06:58:00,109,0,32,-1,-39,1
04/19/2001 06:59:00,109,0,31,-1,-39,1
04/19/2001 07:00:00,109,0,31,-1,-39,1
04/19/2001 07:01:00,109,0,31,-1,-39,1
04/19/2001 07:02:00,109,0,31,-1,-39,1
04/19/2001 07:03:00,109,0,31,-1,-39,1
04/19/2001 07:04:00,109,0,30,-1,-39,1
04/19/2001 07:05:00,109,0,29,-1,-39,1
04/19/2001 07:06:00,109,0,29,-1,-39,1
04/19/2001 07:07:00,109,0,29,0,-39,1
04/19/2001 07:08:00,109,0,29,0,-39,1
04/19/2001 07:09:00,109,0,28,0,-38,1
04/19/2001 07:10:00,109,0,28,0,-38,1
04/19/2001 07:11:00,109,0,29,0,-38,1
04/19/2001 07:12:00,109,0,29,0,-38,1
04/19/2001 07:13:00,109,0,30,0,-38,1
04/19/2001 07:14:00,109,0,29,-1,-38,1
04/19/2001 07:15:00,109,0,30,-1,-38,1
04/19/2001 07:16:00,109,0,32,-1,-37,1
04/19/2001 07:17:00,109,0,32,0,-37,1
04/19/2001 07:18:00,109,0,32,-1,-37,1
04/19/2001 07:19:00,109,0,33,-1,-37,1
04/19/2001 07:20:00,109,0,34,-1,-37,1
04/19/2001 07:21:00,109,0,33,-1,-37,1
04/19/2001 07:22:00,109,0,34,-1,-36,1
04/19/2001 07:23:00,109,0,32,-1,-36,1
04/19/2001 07:24:00,109,0,32,-1,-35,1
04/19/2001 07:25:00,109,0,32,-1,-35,1
04/19/2001 07:26:00,109,0,32,-1,-35,1
04/19/2001 07:27:00,109,0,32,-1,-34,1
04/19/2001 07:28:00,109,0,32,-1,-34,1
04/19/2001 07:29:00,109,0,33,-1,-34,1
04/19/2001 07:30:00,109,0,32,-1,-34,1
04/19/2001 07:31:00,109,0,32,-1,-34,1
04/19/2001 07:32:00,109,0,32,-1,-34,1
04/19/2001 07:33:00,109,0,31,-1,-33,1
04/19/2001 07:34:00,109,0,31,-1,-33,1
04/19/2001 07:35:00,109,0,30,-2,-33,1
04/19/2001 07:36:00,109,0,29,-2,-32,1
04/19/2001 07:37:00,109,0,29,-2,-32,1
04/19/2001 07:38:00,109,0,28,-2,-32,1
04/19/2001 07:39:00,109,0,28,-2,-32,1
04/19/2001 07:40:00,109,0,27,-2,-31,1
04/19/2001 07:41:00,109,0,26,-2,-32,1
04/19/2001 07:42:00,109,0,25,-2,-31,1
04/19/2001 07:43:00,109,0,25,-2,-31,1
04/19/2001 07:44:00,109,0,25,-2,-31,1
04/19/2001 07:45:00,109,0,24,-2,-32,1
04/19/2001 07:46:00,109,0,24,-2,-31,1
04/19/2001 07:47:00,109,0,24,-2,-31,1
04/19/2001 07:48:00,109,0,23,-1,-31,1
04/19/2001 07:49:00,109,0,22,-1,-31,1
04/19/2001 07:50:00,109,0,21,-1,-31,1
04/19/2001 07:51:00,109,0,21,-1,-31,1
04/19/2001 07:52:00,109,0,20,-1,-30,1
04/19/2001 07:53:00,109,0,19,-1,-31,1
04/19/2001 07:54:00,109,0,19,-1,-31,1
04/19/2001 07:55:00,109,0,20,-1,-31,1
04/19/2001 07:56:00,109,0,19,-1,-31,1
04/19/2001 07:57:00,109,0,18,-1,-31,1
04/19/2001 07:58:00,109,0,18,-1,-31,1
04/19/2001 07:59:00,109,0,18,-1,-31,1
04/19/2001 08:00:00,109,0,17,-1,-31,1
04/19/2001 08:01:00,109,0,17,-1,-31,1
04/19/2001 08:02:00,109,0,17,-1,-31,1
04/19/2001 08:03:00,109,0,17,-1,-31,1
04/19/2001 08:04:00,109,0,17,-1,-31,1
04/19/2001 08:05:00,109,0,17,-1,-31,1
04/19/2001 08:06:00,109,0,16,-1,-31,1
04/19/2001 08:07:00,109,0,15,-1,-31,1
04/19/2001 08:08:00,109,0,16,-1,-32,1
04/19/2001 08:09:00,109,0,16,0,-31,1
04/19/2001 08:10:00,109,0,16,-1,-32,1
04/19/2001 08:11:00,109,0,15,0,-32,1
04/19/2001 08:12:00,109,0,15,0,-32,1
04/19/2001 08:13:00,109,0,14,0,-32,1
04/19/2001 08:14:00,109,0,14,0,-32,1
04/19/2001 08:15:00,109,0,14,0,-32,1
04/19/2001 08:16:00,109,0,13,0,-32,1
04/19/2001 08:17:00,109,0,13,0,-32,1
04/19/2001 08:18:00,109,0,13,0,-32,1
04/19/2001 08:19:00,109,0,11,0,-32,1
04/19/2001 08:20:00,109,0,11,0,-32,1
04/19/2001 08:21:00,109,0,10,0,-32,1
04/19/2001 08:22:00,109,0,11,0,-32,1
04/19/2001 08:23:00,109,0,10,0,-32,1
04/19/2001 08:24:00,109,0,10,0,-32,1
04/19/2001 08:25:00,109,0,9,0,-32,1
04/19/2001 08:26:00,109,0,9,0,-32,1
04/19/2001 08:27:00,109,0,9,0,-31,1
04/19/2001 08:28:00,109,0,9,0,-31,1
04/19/2001 08:29:00,109,0,10,0,-31,1
04/19/2001 08:30:00,109,0,9,0,-31,1
04/19/2001 08:31:00,109,0,9,0,-31,1
04/19/2001 08:32:00,109,0,9,0,-30,1
04/19/2001 08:33:00,109,0,9,0,-30,1
04/19/2001 08:34:00,109,0,9,0,-30,1
04/19/2001 08:35:00,109,0,9,0,-30,1
04/19/2001 08:36:00,109,0,8,0,-30,1
04/19/2001 08:37:00,109,0,9,0,-29,1
04/19/2001 08:38:00,109,0,9,0,-29,1
04/19/2001 08:39:00,109,0,9,0,-29,1
04/19/2001 08:40:00,109,0,9,0,-29,1
04/19/2001 08:41:00,109,0,10,0,-29,1
04/19/2001 08:42:00,109,0,11,0,-29,1
04/19/2001 08:43:00,109,0,11,-1,-29,1
04/19/2001 08:44:00,109,0,11,0,-30,1
04/19/2001 08:45:00,109,0,11,-1,-30,1
04/19/2001 08:46:00,109,0,10,-1,-30,1
04/19/2001 08:47:00,109,0,11,0,-30,1
04/19/2001 08:48:00,109,0,11,0,-30,1
04/19/2001 08:49:00,109,0,12,0,-30,1
04/19/2001 08:50:00,109,0,11,0,-30,1
04/19/2001 08:51:00,109,0,11,0,-30,1
04/19/2001 08:52:00,109,0,10,0,-30,1
04/19/2001 08:53:00,109,0,10,0,-30,1
04/19/2001 08:54:00,109,0,10,0,-30,1
04/19/2001 08:55:00,109,0,10,0,-30,1
04/19/2001 08:56:00,109,0,10,0,-30,1
04/19/2001 08:57:00,109,0,10,0,-30,1
04/19/2001 08:58:00,109,0,10,0,-29,1
04/19/2001 08:59:00,109,0,10,0,-29,1
04/19/2001 09:00:00,109,0,9,0,-30,1
04/19/2001 09:01:00,109,0,11,0,-29,1
04/19/2001 09:02:00,109,0,11,0,-29,1
04/19/2001 09:03:00,109,0,10,0,-29,1
04/19/2001 09:04:00,109,0,10,0,-29,1
04/19/2001 09:05:00,109,0,10,0,-29,1
04/19/2001 09:06:00,109,0,10,0,-30,1
04/19/2001 09:07:00,109,0,10,0,-30,1
04/19/2001 09:08:00,109,0,10,0,-29,1
04/19/2001 09:09:00,109,0,10,0,-30,1
04/19/2001 09:10:00,109,0,10,0,-30,1
04/19/2001 09:11:00,109,0,10,0,-30,1
04/19/2001 09:12:00,109,0,10,0,-30,1
04/19/2001 09:13:00,109,0,9,0,-30,1
04/19/2001 09:14:00,109,0,9,0,-30,1
04/19/2001 09:15:00,109,0,10,0,-30,1
04/19/2001 09:16:00,109,0,9,0,-30,1
04/19/2001 09:17:00,109,0,9,0,-30,1
04/19/2001 09:18:00,109,0,8,0,-30,1
04/19/2001 09:19:00,109,0,8,0,-30,1
04/19/2001 09:20:00,109,0,9,0,-29,1
04/19/2001 09:21:00,109,0,9,0,-29,1
04/19/2001 09:22:00,109,0,9,0,-29,1
04/19/2001 09:23:00,109,0,9,0,-29,1
04/19/2001 09:24:00,109,0,9,0,-29,1
04/19/2001 09:25:00,109,0,8,0,-29,1
04/19/2001 09:26:00,109,0,8,0,-29,1
04/19/2001 09:27:00,109,0,9,0,-29,1
04/19/2001 09:28:00,109,0,9,0,-29,1
04/19/2001 09:29:00,109,0,8,0,-29,1
04/19/2001 09:30:00,109,0,8,0,-28,1
04/19/2001 09:31:00,109,0,8,0,-28,1
04/19/2001 09:32:00,109,0,9,0,-28,1
04/19/2001 09:33:00,109,0,8,0,-28,1
04/19/2001 09:34:00,109,0,8,0,-28,1
04/19/2001 09:35:00,109,0,8,0,-28,1
04/19/2001 09:36:00,109,0,8,0,-27,1
04/19/2001 09:37:00,109,0,8,0,-27,1
04/19/2001 09:38:00,109,0,8,0,-27,1
04/19/2001 09:39:00,109,0,9,0,-27,1
04/19/2001 09:40:00,109,0,9,0,-27,1
04/19/2001 09:41:00,109,0,9,0,-27,1
04/19/2001 09:42:00,109,0,10,0,-27,1
04/19/2001 09:43:00,109,0,9,0,-27,1
04/19/2001 09:44:00,109,0,10,0,-27,1
04/19/2001 09:45:00,109,0,10,0,-27,1
04/19/2001 09:46:00,109,0,10,0,-26,1
04/19/2001 09:47:00,109,0,10,0,-26,1
04/19/2001 09:48:00,109,0,11,0,-26,1
04/19/2001 09:49:00,109,0,11,0,-26,1
04/19/2001 09:50:00,109,0,11,0,-26,1
04/19/2001 09:51:00,109,0,11,0,-26,1
04/19/2001 09:52:00,109,0,11,0,-26,1
04/19/2001 09:53:00,109,0,11,0,-26,1
04/19/2001 09:54:00,109,0,11,0,-26,1
04/19/2001 09:55:00,109,0,11,0,-26,1
04/19/2001 09:56:00,109,0,10,0,-26,1
04/19/2001 09:57:00,109,0,11,0,-26,1
04/19/2001 09:58:00,109,0,11,0,-26,1
04/19/2001 09:59:00,109,0,11,0,-26,1
04/19/2001 10:00:00,109,0,11,0,-26,1
04/19/2001 10:01:00,109,0,11,0,-26,1
04/19/2001 10:02:00,109,0,13,0,-26,1
04/19/2001 10:03:00,109,0,13,0,-26,1
04/19/2001 10:04:00,109,0,13,0,-26,1
04/19/2001 10:05:00,109,0,13,1,-26,1
04/19/2001 10:06:00,109,0,14,1,-26,1
04/19/2001 10:07:00,109,0,13,1,-26,1
04/19/2001 10:08:00,109,0,12,1,-26,1
04/19/2001 10:09:00,109,0,12,1,-27,1
04/19/2001 10:10:00,109,0,11,1,-27,1
04/19/2001 10:11:00,109,0,11,1,-27,1
04/19/2001 10:12:00,109,0,11,1,-27,1
04/19/2001 10:13:00,109,0,11,1,-27,1
04/19/2001 10:14:00,109,0,11,1,-27,1
04/19/2001 10:15:00,109,0,10,1,-28,1
04/19/2001 10:16:00,109,0,10,2,-28,1
04/19/2001 10:17:00,109,0,10,2,-28,1
04/19/2001 10:18:00,109,0,10,2,-28,1
04/19/2001 10:19:00,109,0,9,2,-28,1
04/19/2001 10:20:00,109,0,10,2,-28,1
04/19/2001 10:21:00,109,0,11,2,-29,1
04/19/2001 10:22:00,109,0,10,2,-29,1
04/19/2001 10:23:00,109,0,10,2,-29,1
04/19/2001 10:24:00,109,0,10,2,-29,1
04/19/2001 10:25:00,109,0,10,2,-29,1
04/19/2001 10:26:00,109,0,10,2,-30,1
04/19/2001 10:27:00,109,0,10,2,-29,1
04/19/2001 10:28:00,109,0,9,2,-30,1
04/19/2001 10:29:00,109,0,10,2,-30,1
04/19/2001 10:30:00,109,0,10,2,-30,1
04/19/2001 10:31:00,109,0,10,2,-30,1
04/19/2001 10:32:00,109,0,10,2,-30,1
04/19/2001 10:33:00,109,0,9,2,-30,1
04/19/2001 10:34:00,109,0,10,2,-30,1
04/19/2001 10:35:00,109,0,10,2,-29,1
04/19/2001 10:36:00,109,0,9,2,-29,1
04/19/2001 10:37:00,109,0,9,2,-29,1
04/19/2001 10:38:00,109,0,8,2,-29,1
04/19/2001 10:39:00,109,0,8,2,-30,1
04/19/2001 10:40:00,109,0,9,2,-30,1
04/19/2001 10:41:00,109,0,9,2,-29,1
04/19/2001 10:42:00,109,0,9,2,-29,1
04/19/2001 10:43:00,109,0,10,2,-29,1
04/19/2001 10:44:00,109,0,10,2,-29,1
04/19/2001 10:45:00,109,0,10,2,-28,1
04/19/2001 10:46:00,109,0,11,2,-28,1
04/19/2001 10:47:00,109,0,10,2,-28,1
04/19/2001 10:48:00,109,0,10,2,-27,1
04/19/2001 10:49:00,109,0,10,2,-27,1
04/19/2001 10:50:00,109,0,9,2,-28,1
04/19/2001 10:51:00,109,0,10,2,-28,1
04/19/2001 10:52:00,109,0,10,2,-28,1
04/19/2001 10:53:00,109,0,10,2,-28,1
04/19/2001 10:54:00,109,0,10,2,-28,1
04/19/2001 10:55:00,109,0,11,2,-28,1
04/19/2001 10:56:00,109,0,10,2,-28,1
04/19/2001 10:57:00,109,0,10,3,-28,1
04/19/2001 10:58:00,109,0,10,3,-28,1
04/19/2001 10:59:00,109,0,12,3,-28,1
04/19/2001 11:00:00,109,0,12,2,-28,1
04/19/2001 11:01:00,109,0,12,2,-28,1
04/19/2001 11:02:00,109,0,12,3,-28,1
04/19/2001 11:03:00,109,0,11,2,-29,1
04/19/2001 11:04:00,109,0,10,2,-28,1
04/19/2001 11:05:00,109,0,9,3,-29,1
04/19/2001 11:06:00,109,0,9,3,-29,1
04/19/2001 11:07:00,109,0,9,3,-29,1
04/19/2001 11:08:00,109,0,9,3,-29,1
04/19/2001 11:09:00,109,0,9,3,-29,1
04/19/2001 11:10:00,109,0,9,3,-29,1
04/19/2001 11:11:00,109,0,9,3,-29,1
04/19/2001 11:12:00,109,0,9,3,-30,1
04/19/2001 11:13:00,109,0,9,3,-29,1
04/19/2001 11:14:00,109,0,9,3,-29,1
04/19/2001 11:15:00,109,0,10,2,-29,1
04/19/2001 11:16:00,109,0,10,2,-29,1
04/19/2001 11:17:00,109,0,9,2,-29,1
04/19/2001 11:18:00,109,0,11,2,-29,1
04/19/2001 11:19:00,109,0,10,2,-29,1
04/19/2001 11:20:00,109,0,11,2,-29,1
04/19/2001 11:21:00,109,0,11,2,-29,1
04/19/2001 11:22:00,109,0,10,2,-29,1
04/19/2001 11:23:00,109,0,11,2,-29,1
04/19/2001 11:24:00,109,0,10,2,-29,1
04/19/2001 11:25:00,109,0,9,2,-29,1
04/19/2001 11:26:00,109,0,9,2,-29,1
04/19/2001 11:27:00,109,0,9,2,-28,1
04/19/2001 11:28:00,109,0,9,2,-28,1
04/19/2001 11:29:00,109,0,8,3,-28,1
04/19/2001 11:30:00,109,0,9,3,-28,1
04/19/2001 11:31:00,109,0,9,3,-28,1
04/19/2001 11:32:00,109,0,10,3,-28,1
04/19/2001 11:33:00,109,0,10,3,-27,1
04/19/2001 11:34:00,109,0,9,3,-28,1
04/19/2001 11:35:00,109,0,8,3,-27,1
04/19/2001 11:36:00,109,0,9,3,-28,1
04/19/2001 11:37:00,109,0,9,3,-27,1
04/19/2001 11:38:00,109,0,9,3,-27,1
04/19/2001 11:39:00,109,0,9,3,-27,1
04/19/2001 11:40:00,109,0,9,2,-27,1
04/19/2001 11:41:00,109,0,10,3,-27,1
04/19/2001 11:42:00,109,0,9,3,-27,1
04/19/2001 11:43:00,109,0,9,3,-27,1
04/19/2001 11:44:00,109,0,9,3,-27,1
04/19/2001 11:45:00,109,0,9,2,-27,1
04/19/2001 11:46:00,109,0,9,2,-27,1
04/19/2001 11:47:00,109,0,9,2,-27,1
04/19/2001 11:48:00,109,0,9,2,-27,1
04/19/2001 11:49:00,109,0,9,2,-27,1
04/19/2001 11:50:00,109,0,9,2,-27,1
04/19/2001 11:51:00,109,0,9,2,-27,1
04/19/2001 11:52:00,109,0,9,2,-27,1
04/19/2001 11:53:00,109,0,9,2,-27,1
04/19/2001 11:54:00,109,0,8,2,-27,1
04/19/2001 11:55:00,109,0,8,2,-27,1
04/19/2001 11:56:00,109,0,9,2,-27,1
04/19/2001 11:57:00,109,0,9,2,-27,1
04/19/2001 11:58:00,109,0,9,2,-27,1
04/19/2001 11:59:00,109,0,8,2,-27,1
04/19/2001 12:00:00,109,0,8,2,-27,1
04/19/2001 12:01:00,109,0,8,2,-27,1
04/19/2001 12:02:00,109,0,9,2,-27,1
04/19/2001 12:03:00,109,0,9,2,-27,1
04/19/2001 12:04:00,109,0,9,2,-27,1
04/19/2001 12:05:00,109,0,9,2,-27,1
04/19/2001 12:06:00,109,0,10,2,-27,1
04/19/2001 12:07:00,109,0,10,2,-27,1
04/19/2001 12:08:00,109,0,10,2,-27,1
04/19/2001 12:09:00,109,0,11,2,-27,1
04/19/2001 12:10:00,109,0,10,2,-27,1
04/19/2001 12:11:00,109,0,10,2,-27,1
04/19/2001 12:12:00,109,0,11,2,-27,1
04/19/2001 12:13:00,109,0,12,2,-27,1
04/19/2001 12:14:00,109,0,12,2,-27,1
04/19/2001 12:15:00,109,0,13,2,-27,1
04/19/2001 12:16:00,109,0,13,2,-27,1
04/19/2001 12:17:00,109,0,13,2,-27,1
04/19/2001 12:18:00,109,0,14,2,-27,1
04/19/2001 12:19:00,109,0,14,2,-27,1
04/19/2001 12:20:00,109,0,13,2,-27,1
04/19/2001 12:21:00,109,0,13,2,-27,1
04/19/2001 12:22:00,109,0,14,2,-27,1
04/19/2001 12:23:00,109,0,15,2,-27,1
04/19/2001 12:24:00,109,0,14,2,-27,1
04/19/2001 12:25:00,109,0,15,2,-27,1
04/19/2001 12:26:00,109,0,16,2,-27,1
04/19/2001 12:27:00,109,0,15,2,-27,1
04/19/2001 12:28:00,109,0,17,3,-27,1
04/19/2001 12:29:00,109,0,16,2,-28,1
04/19/2001 12:30:00,109,0,15,2,-28,1
04/19/2001 12:31:00,109,0,16,2,-28,1
04/19/2001 12:32:00,109,0,15,2,-28,1
04/19/2001 12:33:00,109,0,15,2,-28,1
04/19/2001 12:34:00,109,0,15,2,-28,1
04/19/2001 12:35:00,109,0,14,2,-28,1
04/19/2001 12:36:00,109,0,14,2,-28,1
04/19/2001 12:37:00,109,0,13,2,-28,1
04/19/2001 12:38:00,109,0,14,2,-28,1
04/19/2001 12:39:00,109,0,14,2,-28,1
04/19/2001 12:40:00,109,0,14,2,-28,1
04/19/2001 12:41:00,109,0,14,1,-28,1
04/19/2001 12:42:00,109,0,12,1,-28,1
04/19/2001 12:43:00,109,0,12,1,-28,1
04/19/2001 12:44:00,109,0,12,1,-28,1
04/19/2001 12:45:00,109,0,11,1,-28,1
04/19/2001 12:46:00,109,0,11,1,-28,1
04/19/2001 12:47:00,109,0,9,1,-28,1
04/19/2001 12:48:00,109,0,9,1,-28,1
04/19/2001 12:49:00,109,0,9,0,-28,1
04/19/2001 12:50:00,109,0,9,1,-28,1
04/19/2001 12:51:00,109,0,10,0,-27,1
04/19/2001 12:52:00,109,0,9,0,-27,1
04/19/2001 12:53:00,109,0,9,0,-27,1
04/19/2001 12:54:00,109,0,9,0,-26,1
04/19/2001 12:55:00,109,0,10,0,-26,1
04/19/2001 12:56:00,109,0,10,0,-26,1
04/19/2001 12:57:00,109,0,10,0,-26,1
04/19/2001 12:58:00,109,0,9,0,-26,1
04/19/2001 12:59:00,109,0,10,0,-26,1
04/19/2001 13:00:00,109,0,10,0,-26,1
04/19/2001 13:01:00,109,0,11,0,-26,1
04/19/2001 13:02:00,109,0,12,0,-25,1
04/19/2001 13:03:00,109,0,13,0,-25,1
04/19/2001 13:04:00,109,0,12,0,-26,1
04/19/2001 13:05:00,109,0,13,1,-25,1
04/19/2001 13:06:00,109,0,14,1,-26,1
04/19/2001 13:07:00,109,0,15,1,-26,1
04/19/2001 13:08:00,109,0,15,1,-25,1
04/19/2001 13:09:00,109,0,16,0,-25,1
04/19/2001 13:10:00,109,0,16,1,-25,1
04/19/2001 13:11:00,109,0,17,1,-25,1
04/19/2001 13:12:00,109,0,16,1,-25,1
04/19/2001 13:13:00,109,0,16,1,-24,1
04/19/2001 13:14:00,109,0,17,1,-24,1
04/19/2001 13:15:00,109,0,17,1,-24,1
04/19/2001 13:16:00,109,0,18,1,-24,1
04/19/2001 13:17:00,109,0,19,1,-24,1
04/19/2001 13:18:00,109,0,18,1,-24,1
04/19/2001 13:19:00,109,0,18,1,-24,1
04/19/2001 13:20:00,109,0,17,1,-24,1
04/19/2001 13:21:00,109,0,17,1,-24,1
04/19/2001 13:22:00,109,0,18,1,-24,1
04/19/2001 13:23:00,109,0,15,1,-24,1
04/19/2001 13:24:00,109,0,15,1,-24,1
04/19/2001 13:25:00,109,0,15,1,-24,1
04/19/2001 13:26:00,109,0,15,1,-25,1
04/19/2001 13:27:00,109,0,13,1,-25,1
04/19/2001 13:28:00,109,0,12,1,-25,1
04/19/2001 13:29:00,109,0,12,0,-24,1
04/19/2001 13:30:00,109,0,12,0,-24,1
04/19/2001 13:31:00,109,0,10,0,-24,1
04/19/2001 13:32:00,109,0,10,0,-24,1
04/19/2001 13:33:00,109,0,11,0,-24,1
04/19/2001 13:34:00,109,0,11,0,-24,1
04/19/2001 13:35:00,109,0,10,0,-24,1
04/19/2001 13:36:00,109,0,10,0,-24,1
04/19/2001 13:37:00,109,0,10,-1,-24,1
04/19/2001 13:38:00,109,0,11,-1,-24,1
04/19/2001 13:39:00,109,0,11,-1,-24,1
04/19/2001 13:40:00,109,0,11,-1,-24,1
04/19/2001 13:41:00,109,0,9,-1,-24,1
04/19/2001 13:42:00,109,0,9,-1,-24,1
04/19/2001 13:43:00,109,0,9,0,-25,1
04/19/2001 13:44:00,109,0,9,-1,-24,1
04/19/2001 13:45:00,109,0,9,-1,-24,1
04/19/2001 13:46:00,109,0,7,-1,-25,1
04/19/2001 13:47:00,109,0,8,-1,-25,1
04/19/2001 13:48:00,109,0,8,-1,-25,1
04/19/2001 13:49:00,109,0,8,-1,-25,1
04/19/2001 13:50:00,109,0,9,-1,-25,1
04/19/2001 13:51:00,109,0,8,-1,-25,1
04/19/2001 13:52:00,109,0,8,-1,-25,1
04/19/2001 13:53:00,109,0,8,-1,-25,1
04/19/2001 13:54:00,109,0,8,-1,-25,1
04/19/2001 13:55:00,109,0,8,-1,-25,1
04/19/2001 13:56:00,109,0,8,-1,-24,1
04/19/2001 13:57:00,109,0,7,-1,-24,1
04/19/2001 13:58:00,109,0,7,-1,-24,1
04/19/2001 13:59:00,109,0,7,-1,-24,1
04/19/2001 14:00:00,109,0,8,-1,-25,1
04/19/2001 14:01:00,109,0,8,-1,-24,1
04/19/2001 14:02:00,109,0,7,-1,-24,1
04/19/2001 14:03:00,109,0,8,-1,-24,1
04/19/2001 14:04:00,109,0,9,-1,-24,1
04/19/2001 14:05:00,109,0,9,-1,-24,1
04/19/2001 14:06:00,109,0,9,-1,-24,1
04/19/2001 14:07:00,109,0,9,-1,-24,1
04/19/2001 14:08:00,109,0,9,-1,-24,1
04/19/2001 14:09:00,109,0,9,-1,-24,1
04/19/2001 14:10:00,109,0,9,-1,-24,1
04/19/2001 14:11:00,109,0,10,0,-24,1
04/19/2001 14:12:00,109,0,10,0,-24,1
04/19/2001 14:13:00,109,0,10,0,-24,1
04/19/2001 14:14:00,109,0,9,0,-23,1
04/19/2001 14:15:00,109,0,9,0,-23,1
04/19/2001 14:16:00,109,0,10,0,-23,1
04/19/2001 14:17:00,109,0,10,0,-23,1
04/19/2001 14:18:00,109,0,11,0,-23,1
04/19/2001 14:19:00,109,0,11,0,-23,1
04/19/2001 14:20:00,109,0,11,0,-23,1
04/19/2001 14:21:00,109,0,11,0,-23,1
04/19/2001 14:22:00,109,0,11,0,-23,1
04/19/2001 14:23:00,109,0,11,0,-23,1
04/19/2001 14:24:00,109,0,10,0,-23,1
04/19/2001 14:25:00,109,0,10,0,-23,1
04/19/2001 14:26:00,109,0,11,0,-23,1
04/19/2001 14:27:00,109,0,10,0,-23,1
04/19/2001 14:28:00,109,0,10,0,-23,1
04/19/2001 14:29:00,109,0,11,-1,-23,1
04/19/2001 14:30:00,109,0,11,0,-23,1
04/19/2001 14:31:00,109,0,11,0,-23,1
04/19/2001 14:32:00,109,0,10,-1,-24,1
04/19/2001 14:33:00,109,0,10,-1,-24,1
04/19/2001 14:34:00,109,0,10,-1,-24,1
04/19/2001 14:35:00,109,0,10,-1,-23,1
04/19/2001 14:36:00,109,0,9,-1,-24,1
04/19/2001 14:37:00,109,0,9,-1,-23,1
04/19/2001 14:38:00,109,0,9,-1,-24,1
04/19/2001 14:39:00,109,0,9,0,-24,1
04/19/2001 14:40:00,109,0,9,0,-24,1
04/19/2001 14:41:00,109,0,9,0,-23,1
04/19/2001 14:42:00,109,0,10,0,-23,1
04/19/2001 14:43:00,109,0,9,0,-23,1
04/19/2001 14:44:00,109,0,9,0,-23,1
04/19/2001 14:45:00,109,0,9,-1,-23,1
04/19/2001 14:46:00,109,0,10,0,-22,1
04/19/2001 14:47:00,109,0,9,0,-22,1
04/19/2001 14:48:00,109,0,9,0,-22,1
04/19/2001 14:49:00,109,0,9,0,-22,1
04/19/2001 14:50:00,109,0,10,0,-22,1
04/19/2001 14:51:00,109,0,10,0,-22,1
04/19/2001 14:52:00,109,0,9,0,-22,1
04/19/2001 14:53:00,109,0,10,0,-22,1
04/19/2001 14:54:00,109,0,10,0,-22,1
04/19/2001 14:55:00,109,0,10,0,-22,1
04/19/2001 14:56:00,109,0,10,0,-22,1
04/19/2001 14:57:00,109,0,10,0,-22,1
04/19/2001 14:58:00,109,0,10,0,-22,1
04/19/2001 14:59:00,109,0,10,0,-22,1
04/19/2001 15:00:00,109,0,10,0,-22,1
04/19/2001 15:01:00,109,0,10,0,-22,1
04/19/2001 15:02:00,109,0,10,0,-22,1
04/19/2001 15:03:00,109,0,9,0,-21,1
04/19/2001 15:04:00,109,0,9,0,-21,1
04/19/2001 15:05:00,109,0,10,0,-22,1
04/19/2001 15:06:00,109,0,10,0,-22,1
04/19/2001 15:07:00,109,0,10,0,-21,1
04/19/2001 15:08:00,109,0,9,0,-22,1
04/19/2001 15:09:00,109,0,9,0,-22,1
04/19/2001 15:10:00,109,0,9,0,-22,1
04/19/2001 15:11:00,109,0,9,0,-22,1
04/19/2001 15:12:00,109,0,8,0,-22,1
04/19/2001 15:13:00,109,0,8,-1,-22,1
04/19/2001 15:14:00,109,0,8,0,-22,1
04/19/2001 15:15:00,109,0,8,-1,-22,1
04/19/2001 15:16:00,109,0,8,-1,-22,1
04/19/2001 15:17:00,109,0,10,-1,-22,1
04/19/2001 15:18:00,109,0,10,-1,-22,1
04/19/2001 15:19:00,109,0,10,-1,-22,1
04/19/2001 15:20:00,109,0,9,-1,-21,1
04/19/2001 15:21:00,109,0,9,-1,-21,1
04/19/2001 15:22:00,109,0,9,-1,-21,1
04/19/2001 15:23:00,109,0,9,-1,-21,1
04/19/2001 15:24:00,109,0,9,-1,-21,1
04/19/2001 15:25:00,109,0,9,-1,-21,1
04/19/2001 15:26:00,109,0,10,-1,-21,1
04/19/2001 15:27:00,109,0,10,-1,-21,1
04/19/2001 15:28:00,109,0,10,-1,-21,1
04/19/2001 15:29:00,109,0,10,-1,-20,1
04/19/2001 15:30:00,109,0,10,-1,-20,1
04/19/2001 15:31:00,109,0,9,-1,-20,1
04/19/2001 15:32:00,109,0,9,-1,-20,1
04/19/2001 15:33:00,109,0,9,-1,-20,1
04/19/2001 15:34:00,109,0,10,-1,-20,1
04/19/2001 15:35:00,109,0,10,-1,-20,1
04/19/2001 15:36:00,109,0,10,-1,-20,1
04/19/2001 15:37:00,109,0,10,-1,-20,1
04/19/2001 15:38:00,109,0,10,-1,-20,1
04/19/2001 15:39:00,109,0,11,-1,-19,1
04/19/2001 15:40:00,109,0,11,-1,-19,1
04/19/2001 15:41:00,109,0,11,-1,-19,1
04/19/2001 15:42:00,109,0,11,0,-19,1
04/19/2001 15:43:00,109,0,12,-1,-19,1
04/19/2001 15:44:00,109,0,11,-1,-20,1
04/19/2001 15:45:00,109,0,11,-1,-20,1
04/19/2001 15:46:00,109,0,11,-1,-19,1
04/19/2001 15:47:00,109,0,12,-1,-19,1
04/19/2001 15:48:00,109,0,12,-1,-19,1
04/19/2001 15:49:00,109,0,12,-1,-20,1
04/19/2001 15:50:00,109,0,13,-1,-19,1
04/19/2001 15:51:00,109,0,13,-1,-19,1
04/19/2001 15:52:00,109,0,12,-1,-19,1
04/19/2001 15:53:00,109,0,13,-1,-19,1
04/19/2001 15:54:00,109,0,13,-1,-19,1
04/19/2001 15:55:00,109,0,14,-1,-19,1
04/19/2001 15:56:00,109,0,14,-1,-19,1
04/19/2001 15:57:00,109,0,14,-1,-19,1
04/19/2001 15:58:00,109,0,14,-1,-19,1
04/19/2001 15:59:00,109,0,14,-1,-19,1
04/19/2001 16:00:00,109,0,14,-1,-19,1
04/19/2001 16:01:00,109,0,15,-1,-19,1
04/19/2001 16:02:00,109,0,15,-1,-19,1
04/19/2001 16:03:00,109,0,15,-1,-19,1
04/19/2001 16:04:00,109,0,15,-1,-19,1
04/19/2001 16:05:00,109,0,15,-1,-19,1
04/19/2001 16:06:00,109,0,14,-1,-19,1
04/19/2001 16:07:00,109,0,15,-1,-19,1
04/19/2001 16:08:00,109,0,15,-1,-19,1
04/19/2001 16:09:00,109,0,15,-1,-19,1
04/19/2001 16:10:00,109,0,15,-1,-19,1
04/19/2001 16:11:00,109,0,15,-2,-19,1
04/19/2001 16:12:00,109,0,15,-2,-19,1
04/19/2001 16:13:00,109,0,15,-1,-19,1
04/19/2001 16:14:00,109,0,14,-1,-19,1
04/19/2001 16:15:00,109,0,14,-1,-19,1
04/19/2001 16:16:00,109,0,15,-1,-19,1
04/19/2001 16:17:00,109,0,15,-1,-19,1
04/19/2001 16:18:00,109,0,15,-1,-19,1
04/19/2001 16:19:00,109,0,15,-1,-19,1
04/19/2001 16:20:00,109,0,15,-1,-19,1
04/19/2001 16:21:00,109,0,15,-2,-19,1
04/19/2001 16:22:00,109,0,15,-2,-19,1
04/19/2001 16:23:00,109,0,15,-2,-19,1
04/19/2001 16:24:00,109,0,16,-2,-19,1
04/19/2001 16:25:00,109,0,16,-2,-19,1
04/19/2001 16:26:00,109,0,15,-2,-19,1
04/19/2001 16:27:00,109,0,14,-2,-19,1
04/19/2001 16:28:00,109,0,14,-2,-19,1
04/19/2001 16:29:00,109,0,14,-2,-19,1
04/19/2001 16:30:00,109,0,14,-2,-19,1
04/19/2001 16:31:00,109,0,14,-2,-19,1
04/19/2001 16:32:00,109,0,14,-2,-19,1
04/19/2001 16:33:00,109,0,15,-2,-19,1
04/19/2001 16:34:00,109,0,15,-2,-19,1
04/19/2001 16:35:00,109,0,16,-2,-19,1
04/19/2001 16:36:00,109,0,16,-2,-19,1
04/19/2001 16:37:00,109,0,15,-2,-19,1
04/19/2001 16:38:00,109,0,15,-2,-19,1
04/19/2001 16:39:00,109,0,15,-2,-19,1
04/19/2001 16:40:00,109,0,15,-2,-19,1
04/19/2001 16:41:00,109,0,15,-2,-19,1
04/19/2001 16:42:00,109,0,15,-2,-18,1
04/19/2001 16:43:00,109,0,15,-2,-18,1
04/19/2001 16:44:00,109,0,15,-2,-18,1
04/19/2001 16:45:00,109,0,15,-2,-18,1
04/19/2001 16:46:00,109,0,15,-2,-18,1
04/19/2001 16:47:00,109,0,15,-2,-18,1
04/19/2001 16:48:00,109,0,14,-2,-18,1
04/19/2001 16:49:00,109,0,14,-2,-18,1
04/19/2001 16:50:00,109,0,14,-1,-18,1
04/19/2001 16:51:00,109,0,14,-1,-18,1
04/19/2001 16:52:00,109,0,14,-2,-18,1
04/19/2001 16:53:00,109,0,14,-1,-18,1
04/19/2001 16:54:00,109,0,14,-1,-17,1
04/19/2001 16:55:00,109,0,14,-1,-17,1
04/19/2001 16:56:00,109,0,14,-1,-17,1
04/19/2001 16:57:00,109,0,14,-1,-17,1
04/19/2001 16:58:00,109,0,14,-1,-17,1
04/19/2001 16:59:00,109,0,14,-2,-17,1
04/19/2001 17:00:00,109,0,14,-1,-17,1
04/19/2001 17:01:00,109,0,14,-1,-17,1
04/19/2001 17:02:00,109,0,14,-1,-17,1
04/19/2001 17:03:00,109,0,15,-1,-17,1
04/19/2001 17:04:00,109,0,15,-2,-17,1
04/19/2001 17:05:00,109,0,14,-1,-17,1
04/19/2001 17:06:00,109,0,15,-2,-16,1
04/19/2001 17:07:00,109,0,15,-1,-16,1
04/19/2001 17:08:00,109,0,15,-1,-16,1
04/19/2001 17:09:00,109,0,15,-1,-16,1
04/19/2001 17:10:00,109,0,15,-1,-16,1
04/19/2001 17:11:00,109,0,15,-1,-16,1
04/19/2001 17:12:00,109,0,15,-1,-16,1
04/19/2001 17:13:00,109,0,15,-1,-16,1
04/19/2001 17:14:00,109,0,15,-1,-16,1
04/19/2001 17:15:00,109,0,16,-2,-16,1
04/19/2001 17:16:00,109,0,16,-2,-16,1
04/19/2001 17:17:00,109,0,15,-2,-16,1
04/19/2001 17:18:00,109,0,16,-2,-16,1
04/19/2001 17:19:00,109,0,16,-2,-16,1
04/19/2001 17:20:00,109,0,16,-2,-16,1
04/19/2001 17:21:00,109,0,16,-2,-16,1
04/19/2001 17:22:00,109,0,16,-2,-16,1
04/19/2001 17:23:00,109,0,16,-2,-16,1
04/19/2001 17:24:00,109,0,16,-2,-16,1
04/19/2001 17:25:00,109,0,15,-2,-16,1
04/19/2001 17:26:00,109,0,15,-2,-16,1
04/19/2001 17:27:00,109,0,16,-2,-16,1
04/19/2001 17:28:00,109,0,15,-2,-15,1
04/19/2001 17:29:00,109,0,14,-2,-16,1
04/19/2001 17:30:00,109,0,15,-2,-16,1
04/19/2001 17:31:00,109,0,15,-2,-16,1
04/19/2001 17:32:00,109,0,15,-2,-16,1
04/19/2001 17:33:00,109,0,15,-2,-16,1
04/19/2001 17:34:00,109,0,15,-2,-15,1
04/19/2001 17:35:00,109,0,15,-2,-15,1
04/19/2001 17:36:00,109,0,14,-2,-15,1
04/19/2001 17:37:00,109,0,14,-2,-15,1
04/19/2001 17:38:00,109,0,14,-2,-15,1
04/19/2001 17:39:00,109,0,14,-2,-15,1
04/19/2001 17:40:00,109,0,14,-2,-15,1
04/19/2001 17:41:00,109,0,13,-2,-15,1
04/19/2001 17:42:00,109,0,14,-2,-15,1
04/19/2001 17:43:00,109,0,14,-2,-14,1
04/19/2001 17:44:00,109,0,14,-2,-14,1
04/19/2001 17:45:00,109,0,13,-2,-14,1
04/19/2001 17:46:00,109,0,14,-2,-14,1
04/19/2001 17:47:00,109,0,14,-2,-14,1
04/19/2001 17:48:00,109,0,14,-2,-14,1
04/19/2001 17:49:00,109,0,13,-2,-14,1
04/19/2001 17:50:00,109,0,13,-2,-14,1
04/19/2001 17:51:00,109,0,13,-2,-14,1
04/19/2001 17:52:00,109,0,13,-2,-14,1
04/19/2001 17:53:00,109,0,12,-2,-14,1
04/19/2001 17:54:00,109,0,12,-2,-14,1
04/19/2001 17:55:00,109,0,14,-1,-14,1
04/19/2001 17:56:00,109,0,13,-2,-14,1
04/19/2001 17:57:00,109,0,13,-2,-14,1
04/19/2001 17:58:00,109,0,13,-1,-14,1
04/19/2001 17:59:00,109,0,14,-1,-14,1
04/19/2001 18:00:00,109,0,14,-1,-14,1
04/19/2001 18:01:00,109,0,15,-1,-14,1
04/19/2001 18:02:00,109,0,15,-1,-14,1
04/19/2001 18:03:00,109,0,15,-1,-13,1
04/19/2001 18:04:00,109,0,15,-1,-13,1
04/19/2001 18:05:00,109,0,15,-1,-12,1
04/19/2001 18:06:00,109,0,15,-1,-12,1
04/19/2001 18:07:00,109,0,14,-1,-12,1
04/19/2001 18:08:00,109,0,14,-1,-11,1
04/19/2001 18:09:00,109,0,13,-1,-11,1
04/19/2001 18:10:00,109,0,14,-1,-11,1
04/19/2001 18:11:00,109,0,13,-1,-11,1
04/19/2001 18:12:00,109,0,13,-1,-11,1
04/19/2001 18:13:00,109,0,12,-1,-12,1
04/19/2001 18:14:00,109,0,12,-1,-12,1
04/19/2001 18:15:00,109,0,12,-1,-12,1
04/19/2001 18:16:00,109,0,12,-1,-12,1
04/19/2001 18:17:00,109,0,12,-1,-12,1
04/19/2001 18:18:00,109,0,12,-1,-13,1
04/19/2001 18:19:00,109,0,12,-1,-12,1
04/19/2001 18:20:00,109,0,12,-1,-12,1
04/19/2001 18:21:00,109,0,12,-1,-12,1
04/19/2001 18:22:00,109,0,12,-1,-12,1
04/19/2001 18:23:00,109,0,13,-1,-12,1
04/19/2001 18:24:00,109,0,13,-1,-12,1
04/19/2001 18:25:00,109,0,12,-1,-12,1
04/19/2001 18:26:00,109,0,12,-1,-12,1
04/19/2001 18:27:00,109,0,12,-1,-12,1
04/19/2001 18:28:00,109,0,12,-1,-12,1
04/19/2001 18:29:00,109,0,11,-1,-12,1
04/19/2001 18:30:00,109,0,11,-1,-12,1
04/19/2001 18:31:00,109,0,12,-1,-12,1
04/19/2001 18:32:00,109,0,12,-1,-12,1
04/19/2001 18:33:00,109,0,11,-1,-12,1
04/19/2001 18:34:00,109,0,11,-1,-12,1
04/19/2001 18:35:00,109,0,11,-1,-12,1
04/19/2001 18:36:00,109,0,11,-1,-12,1
04/19/2001 18:37:00,109,0,11,-1,-12,1
04/19/2001 18:38:00,109,0,10,-1,-12,1
04/19/2001 18:39:00,109,0,10,-1,-12,1
04/19/2001 18:40:00,109,0,10,-1,-12,1
04/19/2001 18:41:00,109,0,9,-1,-12,1
04/19/2001 18:42:00,109,0,9,-1,-11,1
04/19/2001 18:43:00,109,0,10,-1,-11,1
04/19/2001 18:44:00,109,0,10,-1,-11,1
04/19/2001 18:45:00,109,0,9,-1,-11,1
04/19/2001 18:46:00,109,0,9,-1,-11,1
04/19/2001 18:47:00,109,0,9,-1,-11,1
04/19/2001 18:48:00,109,0,9,-1,-11,1
04/19/2001 18:49:00,109,0,9,-1,-10,1
04/19/2001 18:50:00,109,0,9,-1,-11,1
04/19/2001 18:51:00,109,0,9,-1,-11,1
04/19/2001 18:52:00,109,0,9,-1,-11,1
04/19/2001 18:53:00,109,0,9,-1,-11,1
04/19/2001 18:54:00,109,0,9,-1,-11,1
04/19/2001 18:55:00,109,0,8,-1,-12,1
04/19/2001 18:56:00,109,0,9,-1,-12,1
04/19/2001 18:57:00,109,0,10,-1,-12,1
04/19/2001 18:58:00,109,0,10,0,-12,1
04/19/2001 18:59:00,109,0,10,-1,-12,1
04/19/2001 19:00:00,109,0,10,0,-13,1
04/19/2001 19:01:00,109,0,10,-1,-13,1
04/19/2001 19:02:00,109,0,11,-1,-13,1
04/19/2001 19:03:00,109,0,11,-1,-13,1
04/19/2001 19:04:00,109,0,11,-1,-13,1
04/19/2001 19:05:00,109,0,11,-1,-13,1
04/19/2001 19:06:00,109,0,11,0,-13,1
04/19/2001 19:07:00,109,0,11,0,-13,1
04/19/2001 19:08:00,109,0,11,0,-13,1
04/19/2001 19:09:00,109,0,11,0,-13,1
04/19/2001 19:10:00,109,0,11,0,-13,1
04/19/2001 19:11:00,109,0,11,0,-13,1
04/19/2001 19:12:00,109,0,11,0,-13,1
04/19/2001 19:13:00,109,0,11,0,-13,1
04/19/2001 19:14:00,109,0,10,0,-13,1
04/19/2001 19:15:00,109,0,11,0,-13,1
04/19/2001 19:16:00,109,0,11,0,-13,1
04/19/2001 19:17:00,109,0,10,0,-13,1
04/19/2001 19:18:00,109,0,11,0,-13,1
04/19/2001 19:19:00,109,0,11,0,-13,1
04/19/2001 19:20:00,109,0,10,0,-13,1
04/19/2001 19:21:00,109,0,10,0,-13,1
04/19/2001 19:22:00,109,0,10,0,-13,1
04/19/2001 19:23:00,109,0,11,0,-13,1
04/19/2001 19:24:00,109,0,11,0,-13,1
04/19/2001 19:25:00,109,0,11,0,-13,1
04/19/2001 19:26:00,109,0,11,0,-13,1
04/19/2001 19:27:00,109,0,11,0,-13,1
04/19/2001 19:28:00,109,0,11,0,-13,1
04/19/2001 19:29:00,109,0,10,0,-13,1
04/19/2001 19:30:00,109,0,10,0,-13,1
04/19/2001 19:31:00,109,0,10,0,-13,1
04/19/2001 19:32:00,109,0,10,0,-13,1
04/19/2001 19:33:00,109,0,10,0,-13,1
04/19/2001 19:34:00,109,0,10,0,-14,1
04/19/2001 19:35:00,109,0,11,0,-13,1
04/19/2001 19:36:00,109,0,11,0,-13,1
04/19/2001 19:37:00,109,0,11,0,-13,1
04/19/2001 19:38:00,109,0,11,0,-13,1
04/19/2001 19:39:00,109,0,11,0,-13,1
04/19/2001 19:40:00,109,0,11,0,-14,1
04/19/2001 19:41:00,109,0,11,0,-14,1
04/19/2001 19:42:00,109,0,11,0,-14,1
04/19/2001 19:43:00,109,0,12,0,-14,1
04/19/2001 19:44:00,109,0,12,0,-14,1
04/19/2001 19:45:00,109,0,12,0,-14,1
04/19/2001 19:46:00,109,0,12,0,-14,1
04/19/2001 19:47:00,109,0,11,0,-14,1
04/19/2001 19:48:00,109,0,11,0,-14,1
04/19/2001 19:49:00,109,0,11,0,-14,1
04/19/2001 19:50:00,109,0,11,0,-14,1
04/19/2001 19:51:00,109,0,11,0,-15,1
04/19/2001 19:52:00,109,0,12,0,-14,1
04/19/2001 19:53:00,109,0,12,0,-14,1
04/19/2001 19:54:00,109,0,12,0,-14,1
04/19/2001 19:55:00,109,0,12,0,-14,1
04/19/2001 19:56:00,109,0,13,0,-15,1
04/19/2001 19:57:00,109,0,13,0,-15,1
04/19/2001 19:58:00,109,0,14,0,-14,1
04/19/2001 19:59:00,109,0,13,0,-14,1
04/19/2001 20:00:00,109,0,13,0,-14,1
04/19/2001 20:01:00,109,0,14,0,-14,1
04/19/2001 20:02:00,109,0,13,0,-14,1
04/19/2001 20:03:00,109,0,13,0,-14,1
04/19/2001 20:04:00,109,0,13,0,-14,1
04/19/2001 20:05:00,109,0,13,0,-14,1
04/19/2001 20:06:00,109,0,15,0,-14,1
04/19/2001 20:07:00,109,0,15,0,-14,1
04/19/2001 20:08:00,109,0,14,0,-14,1
04/19/2001 20:09:00,109,0,15,0,-14,1
04/19/2001 20:10:00,109,0,15,0,-14,1
04/19/2001 20:11:00,109,0,15,0,-14,1
04/19/2001 20:12:00,109,0,15,0,-14,1
04/19/2001 20:13:00,109,0,15,0,-14,1
04/19/2001 20:14:00,109,0,15,0,-14,1
04/19/2001 20:15:00,109,0,15,0,-14,1
04/19/2001 20:16:00,109,0,14,0,-14,1
04/19/2001 20:17:00,109,0,13,0,-15,1
04/19/2001 20:18:00,109,0,14,0,-15,1
04/19/2001 20:19:00,109,0,14,0,-15,1
04/19/2001 20:20:00,109,0,14,0,-15,1
04/19/2001 20:21:00,109,0,13,0,-15,1
04/19/2001 20:22:00,109,0,12,0,-15,1
04/19/2001 20:23:00,109,0,12,0,-16,1
04/19/2001 20:24:00,109,0,12,0,-16,1
04/19/2001 20:25:00,109,0,12,0,-16,1
04/19/2001 20:26:00,109,0,13,0,-15,1
04/19/2001 20:27:00,109,0,12,0,-15,1
04/19/2001 20:28:00,109,0,14,-1,-15,1
04/19/2001 20:29:00,109,0,14,-1,-15,1
04/19/2001 20:30:00,109,0,14,-1,-15,1
04/19/2001 20:31:00,109,0,14,-1,-15,1
04/19/2001 20:32:00,109,0,13,-1,-15,1
04/19/2001 20:33:00,109,0,13,-1,-15,1
04/19/2001 20:34:00,109,0,13,0,-15,1
04/19/2001 20:35:00,109,0,13,0,-15,1
04/19/2001 20:36:00,109,0,12,0,-15,1
04/19/2001 20:37:00,109,0,11,-1,-15,1
04/19/2001 20:38:00,109,0,12,-1,-15,1
04/19/2001 20:39:00,109,0,12,-1,-15,1
04/19/2001 20:40:00,109,0,11,-1,-16,1
04/19/2001 20:41:00,109,0,11,-1,-16,1
04/19/2001 20:42:00,109,0,11,-1,-16,1
04/19/2001 20:43:00,109,0,11,-1,-16,1
04/19/2001 20:44:00,109,0,12,0,-15,1
04/19/2001 20:45:00,109,0,13,0,-16,1
04/19/2001 20:46:00,109,0,13,-1,-15,1
04/19/2001 20:47:00,109,0,13,-1,-16,1
04/19/2001 20:48:00,109,0,13,-1,-16,1
04/19/2001 20:49:00,109,0,13,0,-16,1
04/19/2001 20:50:00,109,0,14,-1,-15,1
04/19/2001 20:51:00,109,0,13,0,-15,1
04/19/2001 20:52:00,109,0,13,0,-15,1
04/19/2001 20:53:00,109,0,13,-1,-15,1
04/19/2001 20:54:00,109,0,12,-1,-16,1
04/19/2001 20:55:00,109,0,13,0,-16,1
04/19/2001 20:56:00,109,0,13,-1,-16,1
04/19/2001 20:57:00,109,0,13,-1,-16,1
04/19/2001 20:58:00,109,0,13,-1,-16,1
04/19/2001 20:59:00,109,0,13,-1,-16,1
04/19/2001 21:00:00,109,0,14,-1,-16,1
04/19/2001 21:01:00,109,0,14,-1,-16,1
04/19/2001 21:02:00,109,0,14,-1,-16,1
04/19/2001 21:03:00,109,0,14,-1,-16,1
04/19/2001 21:04:00,109,0,15,-1,-16,1
04/19/2001 21:05:00,109,0,15,-1,-15,1
04/19/2001 21:06:00,109,0,15,0,-15,1
04/19/2001 21:07:00,109,0,16,0,-16,1
04/19/2001 21:08:00,109,0,16,0,-16,1
04/19/2001 21:09:00,109,0,16,0,-16,1
04/19/2001 21:10:00,109,0,15,0,-16,1
04/19/2001 21:11:00,109,0,15,0,-16,1
04/19/2001 21:12:00,109,0,15,0,-16,1
04/19/2001 21:13:00,109,0,17,0,-16,1
04/19/2001 21:14:00,109,0,15,0,-16,1
04/19/2001 21:15:00,109,0,15,0,-16,1
04/19/2001 21:16:00,109,0,15,0,-16,1
04/19/2001 21:17:00,109,0,15,0,-16,1
04/19/2001 21:18:00,109,0,15,0,-16,1
04/19/2001 21:19:00,109,0,17,0,-16,1
04/19/2001 21:20:00,109,0,17,0,-16,1
04/19/2001 21:21:00,109,0,17,0,-16,1
04/19/2001 21:22:00,109,0,16,0,-16,1
04/19/2001 21:23:00,109,0,17,0,-16,1
04/19/2001 21:24:00,109,0,17,0,-16,1
04/19/2001 21:25:00,109,0,17,0,-16,1
04/19/2001 21:26:00,109,0,17,0,-16,1
04/19/2001 21:27:00,109,0,17,0,-16,1
04/19/2001 21:28:00,109,0,17,0,-16,1
04/19/2001 21:29:00,109,0,17,0,-16,1
04/19/2001 21:30:00,109,0,16,0,-17,1
04/19/2001 21:31:00,109,0,18,0,-16,1
04/19/2001 21:32:00,109,0,17,0,-17,1
04/19/2001 21:33:00,109,0,17,0,-17,1
04/19/2001 21:34:00,109,0,17,0,-17,1
04/19/2001 21:35:00,109,0,17,0,-17,1
04/19/2001 21:36:00,109,0,17,-1,-17,1
04/19/2001 21:37:00,109,0,17,-1,-17,1
04/19/2001 21:38:00,109,0,17,0,-17,1
04/19/2001 21:39:00,109,0,18,0,-17,1
04/19/2001 21:40:00,109,0,18,-1,-17,1
04/19/2001 21:41:00,109,0,18,-1,-17,1
04/19/2001 21:42:00,109,0,17,0,-17,1
04/19/2001 21:43:00,109,0,17,0,-17,1
04/19/2001 21:44:00,109,0,17,-1,-17,1
04/19/2001 21:45:00,109,0,17,-1,-17,1
04/19/2001 21:46:00,109,0,17,0,-18,1
04/19/2001 21:47:00,109,0,16,0,-18,1
04/19/2001 21:48:00,109,0,17,0,-18,1
04/19/2001 21:49:00,109,0,17,0,-18,1
04/19/2001 21:50:00,109,0,17,-1,-18,1
04/19/2001 21:51:00,109,0,17,-1,-18,1
04/19/2001 21:52:00,109,0,17,0,-18,1
04/19/2001 21:53:00,109,0,17,0,-18,1
04/19/2001 21:54:00,109,0,17,0,-18,1
04/19/2001 21:55:00,109,0,16,0,-18,1
04/19/2001 21:56:00,109,0,17,-1,-18,1
04/19/2001 21:57:00,109,0,17,-1,-18,1
04/19/2001 21:58:00,109,0,18,0,-18,1
04/19/2001 21:59:00,109,0,18,0,-18,1
04/19/2001 22:00:00,109,0,18,0,-18,1
04/19/2001 22:01:00,109,0,18,0,-18,1
04/19/2001 22:02:00,109,0,17,0,-18,1
04/19/2001 22:03:00,109,0,17,0,-18,1
04/19/2001 22:04:00,109,0,17,-1,-18,1
04/19/2001 22:05:00,109,0,17,-1,-18,1
04/19/2001 22:06:00,109,0,16,-1,-18,1
04/19/2001 22:07:00,109,0,16,-1,-19,1
04/19/2001 22:08:00,109,0,16,-1,-18,1
04/19/2001 22:09:00,109,0,16,-1,-19,1
04/19/2001 22:10:00,109,0,17,-2,-18,1
04/19/2001 22:11:00,109,0,18,-2,-19,1
04/19/2001 22:12:00,109,0,19,-2,-19,1
04/19/2001 22:13:00,109,0,19,-2,-19,1
04/19/2001 22:14:00,109,0,18,-2,-19,1
04/19/2001 22:15:00,109,0,20,-2,-19,1
04/19/2001 22:16:00,109,0,20,-2,-19,1
04/19/2001 22:17:00,109,0,20,-2,-19,1
04/19/2001 22:18:00,109,0,20,-2,-19,1
04/19/2001 22:19:00,109,0,20,-2,-18,1
04/19/2001 22:20:00,109,0,18,-2,-18,1
04/19/2001 22:21:00,109,0,20,-2,-18,1
04/19/2001 22:22:00,109,0,19,-1,-19,1
04/19/2001 22:23:00,109,0,19,-1,-19,1
04/19/2001 22:24:00,109,0,20,-1,-19,1
04/19/2001 22:25:00,109,0,19,-1,-18,1
04/19/2001 22:26:00,109,0,18,-1,-18,1
04/19/2001 22:27:00,109,0,19,-1,-18,1
04/19/2001 22:28:00,109,0,19,-1,-18,1
04/19/2001 22:29:00,109,0,20,-1,-18,1
04/19/2001 22:30:00,109,0,20,-1,-18,1
04/19/2001 22:31:00,109,0,21,-1,-18,1
04/19/2001 22:32:00,109,0,21,-1,-18,1
04/19/2001 22:33:00,109,0,20,-1,-17,1
04/19/2001 22:34:00,109,0,20,-1,-17,1
04/19/2001 22:35:00,109,0,20,-1,-17,1
04/19/2001 22:36:00,109,0,21,-1,-17,1
04/19/2001 22:37:00,109,0,21,-1,-17,1
04/19/2001 22:38:00,109,0,21,-1,-17,1
04/19/2001 22:39:00,109,0,22,-1,-17,1
04/19/2001 22:40:00,109,0,22,-1,-17,1
04/19/2001 22:41:00,109,0,21,-1,-17,1
04/19/2001 22:42:00,109,0,20,-1,-17,1
04/19/2001 22:43:00,109,0,20,-1,-17,1
04/19/2001 22:44:00,109,0,20,-1,-17,1
04/19/2001 22:45:00,109,0,20,-1,-17,1
04/19/2001 22:46:00,109,0,20,-1,-17,1
04/19/2001 22:47:00,109,0,20,-1,-18,1
04/19/2001 22:48:00,109,0,20,-1,-18,1
04/19/2001 22:49:00,109,0,20,-1,-18,1
04/19/2001 22:50:00,109,0,21,-1,-18,1
04/19/2001 22:51:00,109,0,20,-1,-18,1
04/19/2001 22:52:00,109,0,20,-1,-18,1
04/19/2001 22:53:00,109,0,20,-1,-18,1
04/19/2001 22:54:00,109,0,19,-1,-18,1
04/19/2001 22:55:00,109,0,19,-2,-18,1
04/19/2001 22:56:00,109,0,19,-2,-17,1
04/19/2001 22:57:00,109,0,19,-2,-17,1
04/19/2001 22:58:00,109,0,18,-2,-17,1
04/19/2001 22:59:00,109,0,18,-1,-17,1
04/19/2001 23:00:00,109,0,19,-2,-17,1
04/19/2001 23:01:00,109,0,18,-1,-17,1
04/19/2001 23:02:00,109,0,18,-1,-17,1
04/19/2001 23:03:00,109,0,18,-1,-17,1
04/19/2001 23:04:00,109,0,16,-1,-17,1
04/19/2001 23:05:00,109,0,17,-1,-17,1
04/19/2001 23:06:00,109,0,17,-1,-18,1
04/19/2001 23:07:00,109,0,17,-1,-17,1
04/19/2001 23:08:00,109,0,16,-1,-17,1
04/19/2001 23:09:00,109,0,16,-1,-17,1
04/19/2001 23:10:00,109,0,15,-1,-18,1
04/19/2001 23:11:00,109,0,16,-1,-17,1
04/19/2001 23:12:00,109,0,15,-1,-17,1
04/19/2001 23:13:00,109,0,16,-1,-17,1
04/19/2001 23:14:00,109,0,16,-1,-17,1
04/19/2001 23:15:00,109,0,15,-1,-17,1
04/19/2001 23:16:00,109,0,15,-1,-17,1
04/19/2001 23:17:00,109,0,15,-1,-16,1
04/19/2001 23:18:00,109,0,15,-1,-16,1
04/19/2001 23:19:00,109,0,14,-1,-16,1
04/19/2001 23:20:00,109,0,15,-1,-16,1
04/19/2001 23:21:00,109,0,15,-1,-16,1
04/19/2001 23:22:00,109,0,14,-1,-16,1
04/19/2001 23:23:00,109,0,14,0,-16,1
04/19/2001 23:24:00,109,0,14,-1,-17,1
04/19/2001 23:25:00,109,0,14,-1,-16,1
04/19/2001 23:26:00,109,0,13,0,-16,1
04/19/2001 23:27:00,109,0,13,0,-16,1
04/19/2001 23:28:00,109,0,13,-1,-16,1
04/19/2001 23:29:00,109,0,13,-1,-16,1
04/19/2001 23:30:00,109,0,13,0,-15,1
04/19/2001 23:31:00,109,0,12,0,-16,1
04/19/2001 23:32:00,109,0,13,0,-15,1
04/19/2001 23:33:00,109,0,14,0,-15,1
04/19/2001 23:34:00,109,0,13,0,-15,1
04/19/2001 23:35:00,109,0,13,0,-15,1
04/19/2001 23:36:00,109,0,13,0,-14,1
04/19/2001 23:37:00,109,0,13,0,-14,1
04/19/2001 23:38:00,109,0,13,0,-14,1
04/19/2001 23:39:00,109,0,13,0,-14,1
04/19/2001 23:40:00,109,0,13,0,-14,1
04/19/2001 23:41:00,109,0,12,0,-14,1
04/19/2001 23:42:00,109,0,13,1,-14,1
04/19/2001 23:43:00,109,0,14,1,-14,1
04/19/2001 23:44:00,109,0,14,1,-14,1
04/19/2001 23:45:00,109,0,13,1,-14,1
04/19/2001 23:46:00,109,0,13,1,-14,1
04/19/2001 23:47:00,109,0,13,1,-14,1
04/19/2001 23:48:00,109,0,13,1,-14,1
04/19/2001 23:49:00,109,0,12,1,-14,1
04/19/2001 23:50:00,109,0,12,1,-14,1
04/19/2001 23:51:00,109,0,12,1,-13,1
04/19/2001 23:52:00,109,0,12,1,-14,1
04/19/2001 23:53:00,109,0,12,1,-14,1
04/19/2001 23:54:00,109,0,12,1,-14,1
04/19/2001 23:55:00,109,0,12,1,-13,1
04/19/2001 23:56:00,109,0,12,1,-14,1
04/19/2001 23:57:00,109,0,12,1,-13,1
04/19/2001 23:58:00,109,0,12,1,-13,1
04/19/2001 23:59:00,109,0,13,1,-13,1
