DateTime,DOY,D_TEC,ASY_H,SYM_D,SYM_H,Location
08/30/2004 00:00:00,243,0,9,-1,22,1
08/30/2004 00:01:00,243,0,9,-1,22,1
08/30/2004 00:02:00,243,0,9,-1,22,1
08/30/2004 00:03:00,243,0,8,-1,22,1
08/30/2004 00:04:00,243,0,8,-1,22,1
08/30/2004 00:05:00,243,0,9,-1,22,1
08/30/2004 00:06:00,243,0,8,-1,22,1
08/30/2004 00:07:00,243,0,8,-1,22,1
08/30/2004 00:08:00,243,0,8,-1,22,1
08/30/2004 00:09:00,243,0,8,-1,21,1
08/30/2004 00:10:00,243,0,8,-1,21,1
08/30/2004 00:11:00,243,0,8,-1,22,1
08/30/2004 00:12:00,243,0,8,-1,22,1
08/30/2004 00:13:00,243,0,8,-1,22,1
08/30/2004 00:14:00,243,0,8,-1,22,1
08/30/2004 00:15:00,243,0,8,-1,22,1
08/30/2004 00:16:00,243,0,8,-1,22,1
08/30/2004 00:17:00,243,0,8,-1,21,1
08/30/2004 00:18:00,243,0,8,-1,21,1
08/30/2004 00:19:00,243,0,8,-1,20,1
08/30/2004 00:20:00,243,0,8,-1,20,1
08/30/2004 00:21:00,243,0,7,-1,20,1
08/30/2004 00:22:00,243,0,7,-1,20,1
08/30/2004 00:23:00,243,0,7,-1,20,1
08/30/2004 00:24:00,243,0,7,-1,21,1
08/30/2004 00:25:00,243,0,8,-1,21,1
08/30/2004 00:26:00,243,0,7,-1,22,1
08/30/2004 00:27:00,243,0,8,-1,22,1
08/30/2004 00:28:00,243,0,7,-1,22,1
08/30/2004 00:29:00,243,0,7,-1,22,1
08/30/2004 00:30:00,243,0,8,-1,23,1
08/30/2004 00:31:00,243,0,8,-1,23,1
08/30/2004 00:32:00,243,0,8,0,24,1
08/30/2004 00:33:00,243,0,8,0,24,1
08/30/2004 00:34:00,243,0,8,0,24,1
08/30/2004 00:35:00,243,0,8,0,24,1
08/30/2004 00:36:00,243,0,8,0,24,1
08/30/2004 00:37:00,243,0,8,0,23,1
08/30/2004 00:38:00,243,0,6,-1,24,1
08/30/2004 00:39:00,243,0,7,-1,23,1
08/30/2004 00:40:00,243,0,8,-1,24,1
08/30/2004 00:41:00,243,0,7,-1,24,1
08/30/2004 00:42:00,243,0,6,-1,24,1
08/30/2004 00:43:00,243,0,7,-1,25,1
08/30/2004 00:44:00,243,0,6,-1,26,1
08/30/2004 00:45:00,243,0,7,0,26,1
08/30/2004 00:46:00,243,0,7,0,26,1
08/30/2004 00:47:00,243,0,7,0,26,1
08/30/2004 00:48:00,243,0,7,0,25,1
08/30/2004 00:49:00,243,0,7,0,25,1
08/30/2004 00:50:00,243,0,7,-1,25,1
08/30/2004 00:51:00,243,0,7,-1,25,1
08/30/2004 00:52:00,243,0,7,-1,25,1
08/30/2004 00:53:00,243,0,7,-1,25,1
08/30/2004 00:54:00,243,0,7,-1,25,1
08/30/2004 00:55:00,243,0,7,-1,25,1
08/30/2004 00:56:00,243,0,6,-1,25,1
08/30/2004 00:57:00,243,0,6,-1,25,1
08/30/2004 00:58:00,243,0,6,-1,25,1
08/30/2004 00:59:00,243,0,6,-1,25,1
08/30/2004 01:00:00,243,0,6,-1,26,1
08/30/2004 01:01:00,243,0,6,-1,25,1
08/30/2004 01:02:00,243,0,6,-1,25,1
08/30/2004 01:03:00,243,0,6,-1,25,1
08/30/2004 01:04:00,243,0,5,-1,24,1
08/30/2004 01:05:00,243,0,6,-1,24,1
08/30/2004 01:06:00,243,0,6,-1,24,1
08/30/2004 01:07:00,243,0,6,-2,23,1
08/30/2004 01:08:00,243,0,6,-2,24,1
08/30/2004 01:09:00,243,0,5,-1,23,1
08/30/2004 01:10:00,243,0,5,-1,23,1
08/30/2004 01:11:00,243,0,6,-1,22,1
08/30/2004 01:12:00,243,0,6,-1,22,1
08/30/2004 01:13:00,243,0,7,-1,21,1
08/30/2004 01:14:00,243,0,7,-1,21,1
08/30/2004 01:15:00,243,0,7,-1,20,1
08/30/2004 01:16:00,243,0,8,-2,20,1
08/30/2004 01:17:00,243,0,8,-2,20,1
08/30/2004 01:18:00,243,0,9,-2,19,1
08/30/2004 01:19:00,243,0,8,-2,19,1
08/30/2004 01:20:00,243,0,8,-2,19,1
08/30/2004 01:21:00,243,0,6,-2,19,1
08/30/2004 01:22:00,243,0,6,-2,19,1
08/30/2004 01:23:00,243,0,6,-2,19,1
08/30/2004 01:24:00,243,0,6,-2,20,1
08/30/2004 01:25:00,243,0,6,-2,20,1
08/30/2004 01:26:00,243,0,6,-1,20,1
08/30/2004 01:27:00,243,0,6,-1,20,1
08/30/2004 01:28:00,243,0,6,-1,20,1
08/30/2004 01:29:00,243,0,5,-1,20,1
08/30/2004 01:30:00,243,0,6,-1,20,1
08/30/2004 01:31:00,243,0,5,-2,20,1
08/30/2004 01:32:00,243,0,5,-1,20,1
08/30/2004 01:33:00,243,0,5,-1,21,1
08/30/2004 01:34:00,243,0,5,-1,20,1
08/30/2004 01:35:00,243,0,5,-1,20,1
08/30/2004 01:36:00,243,0,5,-1,21,1
08/30/2004 01:37:00,243,0,6,-2,20,1
08/30/2004 01:38:00,243,0,6,-2,20,1
08/30/2004 01:39:00,243,0,6,-2,20,1
08/30/2004 01:40:00,243,0,6,-2,20,1
08/30/2004 01:41:00,243,0,5,-2,21,1
08/30/2004 01:42:00,243,0,6,-2,20,1
08/30/2004 01:43:00,243,0,7,-2,21,1
08/30/2004 01:44:00,243,0,7,-2,20,1
08/30/2004 01:45:00,243,0,6,-2,20,1
08/30/2004 01:46:00,243,0,7,-2,19,1
08/30/2004 01:47:00,243,0,8,-2,18,1
08/30/2004 01:48:00,243,0,9,-2,18,1
08/30/2004 01:49:00,243,0,10,-2,18,1
08/30/2004 01:50:00,243,0,10,-2,18,1
08/30/2004 01:51:00,243,0,9,-2,17,1
08/30/2004 01:52:00,243,0,9,-2,17,1
08/30/2004 01:53:00,243,0,9,-2,17,1
08/30/2004 01:54:00,243,0,9,-2,17,1
08/30/2004 01:55:00,243,0,7,-2,16,1
08/30/2004 01:56:00,243,0,8,-2,16,1
08/30/2004 01:57:00,243,0,6,-2,16,1
08/30/2004 01:58:00,243,0,6,-2,16,1
08/30/2004 01:59:00,243,0,6,-2,16,1
08/30/2004 02:00:00,243,0,6,-2,16,1
08/30/2004 02:01:00,243,0,6,-1,16,1
08/30/2004 02:02:00,243,0,6,-1,16,1
08/30/2004 02:03:00,243,0,8,-1,16,1
08/30/2004 02:04:00,243,0,8,0,16,1
08/30/2004 02:05:00,243,0,8,0,18,1
08/30/2004 02:06:00,243,0,8,0,18,1
08/30/2004 02:07:00,243,0,8,1,19,1
08/30/2004 02:08:00,243,0,9,1,18,1
08/30/2004 02:09:00,243,0,10,1,18,1
08/30/2004 02:10:00,243,0,10,1,17,1
08/30/2004 02:11:00,243,0,10,1,15,1
08/30/2004 02:12:00,243,0,9,1,14,1
08/30/2004 02:13:00,243,0,8,1,13,1
08/30/2004 02:14:00,243,0,9,1,12,1
08/30/2004 02:15:00,243,0,9,1,12,1
08/30/2004 02:16:00,243,0,9,0,11,1
08/30/2004 02:17:00,243,0,9,0,11,1
08/30/2004 02:18:00,243,0,9,1,11,1
08/30/2004 02:19:00,243,0,8,1,10,1
08/30/2004 02:20:00,243,0,10,0,6,1
08/30/2004 02:21:00,243,0,12,-1,3,1
08/30/2004 02:22:00,243,0,12,-1,2,1
08/30/2004 02:23:00,243,0,12,-1,2,1
08/30/2004 02:24:00,243,0,12,-1,3,1
08/30/2004 02:25:00,243,0,12,-1,2,1
08/30/2004 02:26:00,243,0,12,-1,2,1
08/30/2004 02:27:00,243,0,11,-1,1,1
08/30/2004 02:28:00,243,0,12,-1,0,1
08/30/2004 02:29:00,243,0,13,-2,-2,1
08/30/2004 02:30:00,243,0,13,-2,-2,1
08/30/2004 02:31:00,243,0,13,-2,-3,1
08/30/2004 02:32:00,243,0,14,-2,-2,1
08/30/2004 02:33:00,243,0,13,-2,-2,1
08/30/2004 02:34:00,243,0,13,-2,-2,1
08/30/2004 02:35:00,243,0,13,-2,-2,1
08/30/2004 02:36:00,243,0,13,-1,-1,1
08/30/2004 02:37:00,243,0,13,-1,-2,1
08/30/2004 02:38:00,243,0,13,-1,-1,1
08/30/2004 02:39:00,243,0,13,-1,-1,1
08/30/2004 02:40:00,243,0,14,-1,-1,1
08/30/2004 02:41:00,243,0,15,-1,-1,1
08/30/2004 02:42:00,243,0,13,-1,-1,1
08/30/2004 02:43:00,243,0,14,-1,-1,1
08/30/2004 02:44:00,243,0,13,-1,0,1
08/30/2004 02:45:00,243,0,12,-1,0,1
08/30/2004 02:46:00,243,0,13,-1,1,1
08/30/2004 02:47:00,243,0,13,-1,1,1
08/30/2004 02:48:00,243,0,13,-1,1,1
08/30/2004 02:49:00,243,0,13,-1,1,1
08/30/2004 02:50:00,243,0,13,-1,1,1
08/30/2004 02:51:00,243,0,12,-1,0,1
08/30/2004 02:52:00,243,0,13,-1,0,1
08/30/2004 02:53:00,243,0,14,-1,0,1
08/30/2004 02:54:00,243,0,14,-1,0,1
08/30/2004 02:55:00,243,0,13,-1,1,1
08/30/2004 02:56:00,243,0,13,-1,0,1
08/30/2004 02:57:00,243,0,14,-1,0,1
08/30/2004 02:58:00,243,0,13,-1,0,1
08/30/2004 02:59:00,243,0,12,-1,0,1
08/30/2004 03:00:00,243,0,12,-1,0,1
08/30/2004 03:01:00,243,0,13,-1,0,1
08/30/2004 03:02:00,243,0,13,-1,-1,1
08/30/2004 03:03:00,243,0,14,-1,-1,1
08/30/2004 03:04:00,243,0,14,-1,-1,1
08/30/2004 03:05:00,243,0,15,-1,-1,1
08/30/2004 03:06:00,243,0,16,-1,-1,1
08/30/2004 03:07:00,243,0,16,-1,-2,1
08/30/2004 03:08:00,243,0,15,-1,-2,1
08/30/2004 03:09:00,243,0,16,-1,-2,1
08/30/2004 03:10:00,243,0,15,-2,-2,1
08/30/2004 03:11:00,243,0,15,-1,-2,1
08/30/2004 03:12:00,243,0,16,-2,-1,1
08/30/2004 03:13:00,243,0,16,-2,-1,1
08/30/2004 03:14:00,243,0,16,-2,-1,1
08/30/2004 03:15:00,243,0,16,-2,-1,1
08/30/2004 03:16:00,243,0,16,-1,0,1
08/30/2004 03:17:00,243,0,15,-1,0,1
08/30/2004 03:18:00,243,0,15,-2,0,1
08/30/2004 03:19:00,243,0,15,-1,0,1
08/30/2004 03:20:00,243,0,15,-2,0,1
08/30/2004 03:21:00,243,0,15,-2,0,1
08/30/2004 03:22:00,243,0,16,-1,0,1
08/30/2004 03:23:00,243,0,17,-2,0,1
08/30/2004 03:24:00,243,0,17,-2,-1,1
08/30/2004 03:25:00,243,0,16,-2,-1,1
08/30/2004 03:26:00,243,0,16,-1,-1,1
08/30/2004 03:27:00,243,0,15,-2,-1,1
08/30/2004 03:28:00,243,0,16,-2,-1,1
08/30/2004 03:29:00,243,0,17,-2,-1,1
08/30/2004 03:30:00,243,0,17,-2,-1,1
08/30/2004 03:31:00,243,0,18,-1,-1,1
08/30/2004 03:32:00,243,0,18,-1,-2,1
08/30/2004 03:33:00,243,0,18,-1,-1,1
08/30/2004 03:34:00,243,0,18,-1,-1,1
08/30/2004 03:35:00,243,0,18,-1,-1,1
08/30/2004 03:36:00,243,0,18,-2,-1,1
08/30/2004 03:37:00,243,0,18,-1,-1,1
08/30/2004 03:38:00,243,0,18,-2,-1,1
08/30/2004 03:39:00,243,0,18,-1,-1,1
08/30/2004 03:40:00,243,0,18,-2,-1,1
08/30/2004 03:41:00,243,0,18,-2,0,1
08/30/2004 03:42:00,243,0,19,-2,-1,1
08/30/2004 03:43:00,243,0,19,-2,0,1
08/30/2004 03:44:00,243,0,19,-2,0,1
08/30/2004 03:45:00,243,0,19,-2,0,1
08/30/2004 03:46:00,243,0,19,-2,0,1
08/30/2004 03:47:00,243,0,19,-2,0,1
08/30/2004 03:48:00,243,0,19,-2,-1,1
08/30/2004 03:49:00,243,0,19,-2,-1,1
08/30/2004 03:50:00,243,0,20,-2,0,1
08/30/2004 03:51:00,243,0,21,-2,0,1
08/30/2004 03:52:00,243,0,20,-2,1,1
08/30/2004 03:53:00,243,0,19,-2,1,1
08/30/2004 03:54:00,243,0,19,-2,1,1
08/30/2004 03:55:00,243,0,20,-1,0,1
08/30/2004 03:56:00,243,0,19,-2,0,1
08/30/2004 03:57:00,243,0,20,-1,0,1
08/30/2004 03:58:00,243,0,20,-1,0,1
08/30/2004 03:59:00,243,0,19,-2,0,1
08/30/2004 04:00:00,243,0,19,-1,0,1
08/30/2004 04:01:00,243,0,19,-1,0,1
08/30/2004 04:02:00,243,0,19,-1,0,1
08/30/2004 04:03:00,243,0,19,-1,1,1
08/30/2004 04:04:00,243,0,18,-1,1,1
08/30/2004 04:05:00,243,0,18,-1,1,1
08/30/2004 04:06:00,243,0,18,-1,1,1
08/30/2004 04:07:00,243,0,18,-1,1,1
08/30/2004 04:08:00,243,0,18,-1,1,1
08/30/2004 04:09:00,243,0,18,-1,2,1
08/30/2004 04:10:00,243,0,18,-1,1,1
08/30/2004 04:11:00,243,0,18,-1,1,1
08/30/2004 04:12:00,243,0,18,-1,1,1
08/30/2004 04:13:00,243,0,19,-1,1,1
08/30/2004 04:14:00,243,0,19,-1,1,1
08/30/2004 04:15:00,243,0,20,-1,1,1
08/30/2004 04:16:00,243,0,19,-1,0,1
08/30/2004 04:17:00,243,0,20,-1,1,1
08/30/2004 04:18:00,243,0,19,-1,1,1
08/30/2004 04:19:00,243,0,18,-1,1,1
08/30/2004 04:20:00,243,0,18,-1,1,1
08/30/2004 04:21:00,243,0,19,-1,1,1
08/30/2004 04:22:00,243,0,19,-1,2,1
08/30/2004 04:23:00,243,0,19,-1,2,1
08/30/2004 04:24:00,243,0,19,-1,2,1
08/30/2004 04:25:00,243,0,18,-1,2,1
08/30/2004 04:26:00,243,0,18,-1,1,1
08/30/2004 04:27:00,243,0,18,-1,1,1
08/30/2004 04:28:00,243,0,18,-1,1,1
08/30/2004 04:29:00,243,0,17,-1,1,1
08/30/2004 04:30:00,243,0,17,-1,0,1
08/30/2004 04:31:00,243,0,17,-1,0,1
08/30/2004 04:32:00,243,0,16,-1,0,1
08/30/2004 04:33:00,243,0,17,-1,0,1
08/30/2004 04:34:00,243,0,16,-1,0,1
08/30/2004 04:35:00,243,0,14,-1,0,1
08/30/2004 04:36:00,243,0,14,-1,0,1
08/30/2004 04:37:00,243,0,13,-1,-1,1
08/30/2004 04:38:00,243,0,14,-1,0,1
08/30/2004 04:39:00,243,0,14,-1,0,1
08/30/2004 04:40:00,243,0,14,-1,0,1
08/30/2004 04:41:00,243,0,13,-1,0,1
08/30/2004 04:42:00,243,0,13,-1,0,1
08/30/2004 04:43:00,243,0,14,-1,1,1
08/30/2004 04:44:00,243,0,12,-1,1,1
08/30/2004 04:45:00,243,0,13,-1,1,1
08/30/2004 04:46:00,243,0,13,-1,1,1
08/30/2004 04:47:00,243,0,13,-1,1,1
08/30/2004 04:48:00,243,0,12,-1,1,1
08/30/2004 04:49:00,243,0,12,-1,1,1
08/30/2004 04:50:00,243,0,11,-1,1,1
08/30/2004 04:51:00,243,0,10,-1,1,1
08/30/2004 04:52:00,243,0,10,-1,1,1
08/30/2004 04:53:00,243,0,10,0,2,1
08/30/2004 04:54:00,243,0,11,0,2,1
08/30/2004 04:55:00,243,0,11,0,2,1
08/30/2004 04:56:00,243,0,10,0,3,1
08/30/2004 04:57:00,243,0,10,0,3,1
08/30/2004 04:58:00,243,0,10,0,3,1
08/30/2004 04:59:00,243,0,10,0,3,1
08/30/2004 05:00:00,243,0,10,0,3,1
08/30/2004 05:01:00,243,0,10,0,3,1
08/30/2004 05:02:00,243,0,9,0,3,1
08/30/2004 05:03:00,243,0,9,0,3,1
08/30/2004 05:04:00,243,0,9,0,3,1
08/30/2004 05:05:00,243,0,8,0,3,1
08/30/2004 05:06:00,243,0,8,0,3,1
08/30/2004 05:07:00,243,0,7,0,3,1
08/30/2004 05:08:00,243,0,7,1,3,1
08/30/2004 05:09:00,243,0,7,1,3,1
08/30/2004 05:10:00,243,0,6,1,3,1
08/30/2004 05:11:00,243,0,6,1,3,1
08/30/2004 05:12:00,243,0,7,1,4,1
08/30/2004 05:13:00,243,0,8,1,5,1
08/30/2004 05:14:00,243,0,9,1,6,1
08/30/2004 05:15:00,243,0,8,1,7,1
08/30/2004 05:16:00,243,0,9,1,7,1
08/30/2004 05:17:00,243,0,9,1,8,1
08/30/2004 05:18:00,243,0,9,1,8,1
08/30/2004 05:19:00,243,0,11,1,9,1
08/30/2004 05:20:00,243,0,10,1,9,1
08/30/2004 05:21:00,243,0,11,1,9,1
08/30/2004 05:22:00,243,0,11,1,10,1
08/30/2004 05:23:00,243,0,13,1,10,1
08/30/2004 05:24:00,243,0,12,1,10,1
08/30/2004 05:25:00,243,0,12,1,9,1
08/30/2004 05:26:00,243,0,12,1,9,1
08/30/2004 05:27:00,243,0,12,1,9,1
08/30/2004 05:28:00,243,0,12,1,9,1
08/30/2004 05:29:00,243,0,12,2,8,1
08/30/2004 05:30:00,243,0,11,2,7,1
08/30/2004 05:31:00,243,0,11,2,7,1
08/30/2004 05:32:00,243,0,12,2,7,1
08/30/2004 05:33:00,243,0,12,2,6,1
08/30/2004 05:34:00,243,0,13,2,6,1
08/30/2004 05:35:00,243,0,13,2,5,1
08/30/2004 05:36:00,243,0,13,3,5,1
08/30/2004 05:37:00,243,0,13,3,5,1
08/30/2004 05:38:00,243,0,14,3,5,1
08/30/2004 05:39:00,243,0,15,3,5,1
08/30/2004 05:40:00,243,0,13,3,4,1
08/30/2004 05:41:00,243,0,15,3,4,1
08/30/2004 05:42:00,243,0,16,3,5,1
08/30/2004 05:43:00,243,0,16,3,5,1
08/30/2004 05:44:00,243,0,18,3,5,1
08/30/2004 05:45:00,243,0,18,3,5,1
08/30/2004 05:46:00,243,0,18,3,5,1
08/30/2004 05:47:00,243,0,19,3,5,1
08/30/2004 05:48:00,243,0,19,3,5,1
08/30/2004 05:49:00,243,0,19,3,5,1
08/30/2004 05:50:00,243,0,19,3,5,1
08/30/2004 05:51:00,243,0,19,3,5,1
08/30/2004 05:52:00,243,0,19,3,5,1
08/30/2004 05:53:00,243,0,19,3,5,1
08/30/2004 05:54:00,243,0,20,3,5,1
08/30/2004 05:55:00,243,0,20,3,5,1
08/30/2004 05:56:00,243,0,19,3,4,1
08/30/2004 05:57:00,243,0,19,3,4,1
08/30/2004 05:58:00,243,0,18,3,4,1
08/30/2004 05:59:00,243,0,18,3,3,1
08/30/2004 06:00:00,243,0,18,3,3,1
08/30/2004 06:01:00,243,0,19,3,3,1
08/30/2004 06:02:00,243,0,18,3,3,1
08/30/2004 06:03:00,243,0,17,3,2,1
08/30/2004 06:04:00,243,0,16,3,2,1
08/30/2004 06:05:00,243,0,16,3,1,1
08/30/2004 06:06:00,243,0,16,3,1,1
08/30/2004 06:07:00,243,0,15,3,0,1
08/30/2004 06:08:00,243,0,15,3,0,1
08/30/2004 06:09:00,243,0,14,3,-1,1
08/30/2004 06:10:00,243,0,14,3,-1,1
08/30/2004 06:11:00,243,0,15,3,-1,1
08/30/2004 06:12:00,243,1.241369825,15,3,-1,1
08/30/2004 06:13:00,243,1.27045054,15,3,-1,1
08/30/2004 06:14:00,243,1.299531255,14,2,-1,1
08/30/2004 06:15:00,243,1.32861197,14,2,-1,1
08/30/2004 06:16:00,243,1.357692685,13,2,-2,1
08/30/2004 06:17:00,243,1.3867734,12,2,-2,1
08/30/2004 06:18:00,243,1.40757489,12,1,-2,1
08/30/2004 06:19:00,243,1.42837638,13,1,-2,1
08/30/2004 06:20:00,243,1.44917787,13,1,-3,1
08/30/2004 06:21:00,243,1.469979359,13,1,-4,1
08/30/2004 06:22:00,243,1.490780849,12,2,-4,1
08/30/2004 06:23:00,243,1.468975778,13,2,-5,1
08/30/2004 06:24:00,243,1.447170707,12,2,-5,1
08/30/2004 06:25:00,243,1.425365636,12,2,-6,1
08/30/2004 06:26:00,243,1.403560565,11,2,-7,1
08/30/2004 06:27:00,243,1.381755493,13,2,-7,1
08/30/2004 06:28:00,243,1.398025632,12,2,-8,1
08/30/2004 06:29:00,243,1.414295771,14,2,-8,1
08/30/2004 06:30:00,243,1.430565909,15,2,-9,1
08/30/2004 06:31:00,243,1.446836048,15,2,-9,1
08/30/2004 06:32:00,243,1.463106186,18,2,-9,1
08/30/2004 06:33:00,243,1.455715287,19,3,-9,1
08/30/2004 06:34:00,243,1.448324389,20,3,-9,1
08/30/2004 06:35:00,243,1.44093349,22,3,-10,1
08/30/2004 06:36:00,243,1.433542591,25,3,-10,1
08/30/2004 06:37:00,243,1.426151692,27,3,-10,1
08/30/2004 06:38:00,243,1.438004939,27,3,-10,1
08/30/2004 06:39:00,243,1.449858187,28,3,-10,1
08/30/2004 06:40:00,243,1.461711435,28,3,-10,1
08/30/2004 06:41:00,243,1.473564683,31,3,-11,1
08/30/2004 06:42:00,243,1.48541793,31,3,-11,1
08/30/2004 06:43:00,243,1.467319796,31,4,-11,1
08/30/2004 06:44:00,243,1.449221662,31,4,-12,1
08/30/2004 06:45:00,243,1.431123527,32,4,-11,1
08/30/2004 06:46:00,243,1.413025393,31,4,-11,1
08/30/2004 06:47:00,243,1.394927259,30,4,-12,1
08/30/2004 06:48:00,243,1.39344688,30,4,-12,1
08/30/2004 06:49:00,243,1.391966502,29,3,-13,1
08/30/2004 06:50:00,243,1.390486124,28,3,-12,1
08/30/2004 06:51:00,243,1.389005746,29,3,-12,1
08/30/2004 06:52:00,243,1.387525368,29,3,-12,1
08/30/2004 06:53:00,243,1.371609795,29,3,-12,1
08/30/2004 06:54:00,243,1.355694221,28,3,-13,1
08/30/2004 06:55:00,243,1.339778648,28,3,-13,1
08/30/2004 06:56:00,243,1.323863074,29,3,-14,1
08/30/2004 06:57:00,243,1.307947501,28,3,-14,1
08/30/2004 06:58:00,243,1.259876902,29,3,-14,1
08/30/2004 06:59:00,243,1.211806304,30,3,-13,1
08/30/2004 07:00:00,243,1.163735706,30,2,-13,1
08/30/2004 07:01:00,243,1.115665107,29,2,-13,1
08/30/2004 07:02:00,243,1.067594509,31,2,-14,1
08/30/2004 07:03:00,243,1.06480971,30,2,-14,1
08/30/2004 07:04:00,243,1.062024912,31,2,-15,1
08/30/2004 07:05:00,243,1.059240113,31,2,-15,1
08/30/2004 07:06:00,243,1.056455314,31,2,-15,1
08/30/2004 07:07:00,243,1.053670516,32,2,-16,1
08/30/2004 07:08:00,243,1.032733741,31,2,-16,1
08/30/2004 07:09:00,243,1.011796966,32,3,-17,1
08/30/2004 07:10:00,243,0.990860192,32,3,-17,1
08/30/2004 07:11:00,243,0.969923417,31,3,-18,1
08/30/2004 07:12:00,243,0.948986642,31,3,-18,1
08/30/2004 07:13:00,243,0.942429167,33,3,-18,1
08/30/2004 07:14:00,243,0.935871692,33,3,-18,1
08/30/2004 07:15:00,243,0.929314217,33,3,-18,1
08/30/2004 07:16:00,243,0.922756742,34,3,-19,1
08/30/2004 07:17:00,243,0.916199268,35,3,-18,1
08/30/2004 07:18:00,243,0.883698625,35,3,-18,1
08/30/2004 07:19:00,243,0.851197982,37,2,-18,1
08/30/2004 07:20:00,243,0.81869734,37,2,-18,1
08/30/2004 07:21:00,243,0.786196697,39,3,-19,1
08/30/2004 07:22:00,243,0.753696055,39,3,-19,1
08/30/2004 07:23:00,243,0.761846214,41,3,-19,1
08/30/2004 07:24:00,243,0.769996372,42,3,-19,1
08/30/2004 07:25:00,243,0.778146531,43,3,-19,1
08/30/2004 07:26:00,243,0.78629669,43,3,-19,1
08/30/2004 07:27:00,243,0.794446848,44,3,-18,1
08/30/2004 07:28:00,243,0.805565373,45,3,-19,1
08/30/2004 07:29:00,243,0.816683898,46,3,-20,1
08/30/2004 07:30:00,243,0.827802423,46,3,-19,1
08/30/2004 07:31:00,243,0.838920948,46,3,-20,1
08/30/2004 07:32:00,243,0.850039473,47,3,-20,1
08/30/2004 07:33:00,243,0.901814815,48,3,-21,1
08/30/2004 07:34:00,243,0.953590157,49,4,-22,1
08/30/2004 07:35:00,243,1.0053655,51,4,-23,1
08/30/2004 07:36:00,243,1.057140842,51,5,-24,1
08/30/2004 07:37:00,243,1.108916184,54,5,-25,1
08/30/2004 07:38:00,243,1.123648857,54,6,-26,1
08/30/2004 07:39:00,243,1.138381531,53,6,-27,1
08/30/2004 07:40:00,243,1.153114204,53,6,-28,1
08/30/2004 07:41:00,243,1.167846877,53,6,-29,1
08/30/2004 07:42:00,243,1.18257955,53,7,-30,1
08/30/2004 07:43:00,243,1.2199867,53,7,-31,1
08/30/2004 07:44:00,243,1.257393851,52,7,-31,1
08/30/2004 07:45:00,243,1.294801001,51,6,-31,1
08/30/2004 07:46:00,243,1.332208151,51,6,-32,1
08/30/2004 07:47:00,243,1.369615301,50,6,-32,1
08/30/2004 07:48:00,243,1.416466481,48,6,-33,1
08/30/2004 07:49:00,243,1.463317661,49,6,-33,1
08/30/2004 07:50:00,243,1.510168841,49,6,-33,1
08/30/2004 07:51:00,243,1.557020021,49,5,-34,1
08/30/2004 07:52:00,243,1.603871201,50,5,-34,1
08/30/2004 07:53:00,243,1.605744456,52,5,-34,1
08/30/2004 07:54:00,243,1.607617711,53,5,-34,1
08/30/2004 07:55:00,243,1.609490966,55,5,-34,1
08/30/2004 07:56:00,243,1.611364221,58,5,-34,1
08/30/2004 07:57:00,243,1.613237477,59,5,-34,1
08/30/2004 07:58:00,243,1.59867968,61,4,-33,1
08/30/2004 07:59:00,243,1.584121883,61,4,-33,1
08/30/2004 08:00:00,243,1.569564087,62,4,-32,1
08/30/2004 08:01:00,243,1.55500629,64,4,-32,1
08/30/2004 08:02:00,243,1.540448494,68,3,-32,1
08/30/2004 08:03:00,243,1.542631146,72,4,-32,1
08/30/2004 08:04:00,243,1.544813799,73,4,-32,1
08/30/2004 08:05:00,243,1.546996452,75,4,-32,1
08/30/2004 08:06:00,243,1.549179105,76,4,-33,1
08/30/2004 08:07:00,243,1.551361758,79,5,-33,1
08/30/2004 08:08:00,243,1.544636039,78,5,-33,1
08/30/2004 08:09:00,243,1.537910321,78,5,-33,1
08/30/2004 08:10:00,243,1.531184603,80,5,-33,1
08/30/2004 08:11:00,243,1.524458885,80,5,-33,1
08/30/2004 08:12:00,243,1.517733166,80,5,-33,1
08/30/2004 08:13:00,243,1.516038841,80,6,-33,1
08/30/2004 08:14:00,243,1.514344515,80,6,-33,1
08/30/2004 08:15:00,243,1.51265019,79,6,-33,1
08/30/2004 08:16:00,243,1.510955864,78,6,-34,1
08/30/2004 08:17:00,243,1.509261539,77,6,-34,1
08/30/2004 08:18:00,243,1.508035467,76,6,-35,1
08/30/2004 08:19:00,243,1.506809395,75,6,-35,1
08/30/2004 08:20:00,243,1.505583322,74,6,-36,1
08/30/2004 08:21:00,243,1.50435725,73,6,-36,1
08/30/2004 08:22:00,243,1.503131178,73,6,-36,1
08/30/2004 08:23:00,243,1.471819721,71,6,-38,1
08/30/2004 08:24:00,243,1.440508264,69,6,-39,1
08/30/2004 08:25:00,243,1.409196808,68,6,-39,1
08/30/2004 08:26:00,243,1.377885351,68,6,-40,1
08/30/2004 08:27:00,243,1.346573894,68,7,-41,1
08/30/2004 08:28:00,243,1.329853909,66,7,-41,1
08/30/2004 08:29:00,243,1.313133925,65,7,-41,1
08/30/2004 08:30:00,243,1.296413941,64,6,-42,1
08/30/2004 08:31:00,243,1.279693956,64,6,-42,1
08/30/2004 08:32:00,243,1.262973972,63,6,-42,1
08/30/2004 08:33:00,243,1.262804464,61,6,-42,1
08/30/2004 08:34:00,243,1.262634956,62,5,-41,1
08/30/2004 08:35:00,243,1.262465448,62,5,-40,1
08/30/2004 08:36:00,243,1.262295941,59,5,-40,1
08/30/2004 08:37:00,243,1.262126433,59,4,-40,1
08/30/2004 08:38:00,243,1.282610837,58,4,-39,1
08/30/2004 08:39:00,243,1.303095241,58,3,-38,1
08/30/2004 08:40:00,243,1.323579645,59,3,-38,1
08/30/2004 08:41:00,243,1.344064049,59,2,-37,1
08/30/2004 08:42:00,243,1.364548452,60,2,-37,1
08/30/2004 08:43:00,243,1.350528174,60,2,-37,1
08/30/2004 08:44:00,243,1.336507896,60,1,-37,1
08/30/2004 08:45:00,243,1.322487618,61,1,-37,1
08/30/2004 08:46:00,243,1.308467339,61,1,-37,1
08/30/2004 08:47:00,243,1.294447061,61,1,-37,1
08/30/2004 08:48:00,243,1.296043306,58,0,-36,1
08/30/2004 08:49:00,243,1.297639552,58,-1,-36,1
08/30/2004 08:50:00,243,1.299235797,61,-1,-35,1
08/30/2004 08:51:00,243,1.300832042,62,-1,-34,1
08/30/2004 08:52:00,243,1.302428287,62,-1,-34,1
08/30/2004 08:53:00,243,1.295905213,63,-1,-34,1
08/30/2004 08:54:00,243,1.289382139,64,-1,-34,1
08/30/2004 08:55:00,243,1.282859065,64,-1,-34,1
08/30/2004 08:56:00,243,1.276335991,65,-1,-34,1
08/30/2004 08:57:00,243,1.269812917,66,-1,-35,1
08/30/2004 08:58:00,243,1.291934088,67,-1,-36,1
08/30/2004 08:59:00,243,1.314055259,67,-1,-36,1
08/30/2004 09:00:00,243,1.33617643,67,-1,-36,1
08/30/2004 09:01:00,243,1.358297601,67,-1,-37,1
08/30/2004 09:02:00,243,1.380418771,67,-1,-36,1
08/30/2004 09:03:00,243,1.355900329,68,-2,-36,1
08/30/2004 09:04:00,243,1.331381887,68,-2,-35,1
08/30/2004 09:05:00,243,1.306863444,67,-2,-34,1
08/30/2004 09:06:00,243,1.282345002,67,-2,-34,1
08/30/2004 09:07:00,243,1.25782656,66,-2,-33,1
08/30/2004 09:08:00,243,1.268756413,67,-2,-33,1
08/30/2004 09:09:00,243,1.279686266,68,-2,-33,1
08/30/2004 09:10:00,243,1.290616119,69,-1,-33,1
08/30/2004 09:11:00,243,1.301545972,71,-1,-33,1
08/30/2004 09:12:00,243,1.312475825,72,-1,-33,1
08/30/2004 09:13:00,243,1.308902071,75,0,-33,1
08/30/2004 09:14:00,243,1.305328317,78,0,-33,1
08/30/2004 09:15:00,243,1.301754563,79,0,-33,1
08/30/2004 09:16:00,243,1.29818081,79,1,-34,1
08/30/2004 09:17:00,243,1.294607056,80,1,-34,1
08/30/2004 09:18:00,243,1.2796118,81,2,-34,1
08/30/2004 09:19:00,243,1.264616543,83,2,-35,1
08/30/2004 09:20:00,243,1.249621287,82,2,-35,1
08/30/2004 09:21:00,243,1.234626031,81,2,-36,1
08/30/2004 09:22:00,243,1.219630774,81,2,-36,1
08/30/2004 09:23:00,243,1.214555737,81,3,-36,1
08/30/2004 09:24:00,243,1.209480699,80,3,-37,1
08/30/2004 09:25:00,243,1.204405661,80,3,-38,1
08/30/2004 09:26:00,243,1.199330623,80,3,-38,1
08/30/2004 09:27:00,243,1.194255585,79,4,-39,1
08/30/2004 09:28:00,243,1.144040189,78,4,-39,1
08/30/2004 09:29:00,243,1.093824792,77,4,-40,1
08/30/2004 09:30:00,243,1.043609396,75,4,-39,1
08/30/2004 09:31:00,243,0.993393999,75,4,-39,1
08/30/2004 09:32:00,243,0.943178602,73,4,-39,1
08/30/2004 09:33:00,243,0.925619734,73,4,-39,1
08/30/2004 09:34:00,243,0.908060866,72,4,-38,1
08/30/2004 09:35:00,243,0.890501997,71,4,-38,1
08/30/2004 09:36:00,243,0.872943129,73,4,-38,1
08/30/2004 09:37:00,243,0.85538426,74,4,-38,1
08/30/2004 09:38:00,243,0.851246545,77,4,-37,1
08/30/2004 09:39:00,243,0.84710883,79,5,-36,1
08/30/2004 09:40:00,243,0.842971114,78,4,-35,1
08/30/2004 09:41:00,243,0.838833399,81,4,-34,1
08/30/2004 09:42:00,243,0.834695684,87,5,-32,1
08/30/2004 09:43:00,243,0.806829591,84,5,-31,1
08/30/2004 09:44:00,243,0.778963499,85,5,-29,1
08/30/2004 09:45:00,243,0.751097406,85,5,-28,1
08/30/2004 09:46:00,243,0.723231313,81,5,-26,1
08/30/2004 09:47:00,243,0.695365221,81,5,-24,1
08/30/2004 09:48:00,243,0.684070219,82,5,-24,1
08/30/2004 09:49:00,243,0.672775216,81,6,-23,1
08/30/2004 09:50:00,243,0.661480214,82,6,-23,1
08/30/2004 09:51:00,243,0.650185211,81,6,-22,1
08/30/2004 09:52:00,243,0.638890209,83,6,-22,1
08/30/2004 09:53:00,243,0.635093148,84,7,-22,1
08/30/2004 09:54:00,243,0.631296087,85,7,-23,1
08/30/2004 09:55:00,243,0.627499026,86,7,-24,1
08/30/2004 09:56:00,243,0.623701965,87,8,-25,1
08/30/2004 09:57:00,243,0.619904904,90,8,-26,1
08/30/2004 09:58:00,243,0.620210991,90,9,-27,1
08/30/2004 09:59:00,243,0.620517078,90,9,-26,1
08/30/2004 10:00:00,243,0.620823165,89,9,-27,1
08/30/2004 10:01:00,243,0.621129252,88,9,-27,1
08/30/2004 10:02:00,243,0.621435339,86,9,-27,1
08/30/2004 10:03:00,243,0.609512089,86,10,-27,1
08/30/2004 10:04:00,243,0.597588839,87,10,-27,1
08/30/2004 10:05:00,243,0.585665589,86,10,-27,1
08/30/2004 10:06:00,243,0.573742339,85,10,-27,1
08/30/2004 10:07:00,243,0.561819089,83,10,-27,1
08/30/2004 10:08:00,243,0.537288493,81,10,-26,1
08/30/2004 10:09:00,243,0.512757898,81,10,-26,1
08/30/2004 10:10:00,243,0.488227302,80,10,-26,1
08/30/2004 10:11:00,243,0.463696707,79,10,-26,1
08/30/2004 10:12:00,243,0.439166112,77,10,-26,1
08/30/2004 10:13:00,243,0.438875767,77,9,-27,1
08/30/2004 10:14:00,243,0.438585422,77,10,-28,1
08/30/2004 10:15:00,243,0.438295077,75,10,-29,1
08/30/2004 10:16:00,243,0.438004732,73,10,-30,1
08/30/2004 10:17:00,243,0.437714387,71,10,-30,1
08/30/2004 10:18:00,243,0.428388468,70,10,-31,1
08/30/2004 10:19:00,243,0.419062549,70,10,-32,1
08/30/2004 10:20:00,243,0.40973663,71,10,-32,1
08/30/2004 10:21:00,243,0.400410711,70,10,-33,1
08/30/2004 10:22:00,243,0.391084792,71,10,-34,1
08/30/2004 10:23:00,243,0.368141924,70,9,-34,1
08/30/2004 10:24:00,243,0.345199057,69,9,-34,1
08/30/2004 10:25:00,243,0.322256189,68,9,-34,1
08/30/2004 10:26:00,243,0.299313321,66,8,-35,1
08/30/2004 10:27:00,243,0.276370454,64,8,-35,1
08/30/2004 10:28:00,243,0.286477839,64,8,-35,1
08/30/2004 10:29:00,243,0.296585225,63,8,-35,1
08/30/2004 10:30:00,243,0.306692611,61,8,-35,1
08/30/2004 10:31:00,243,0.316799996,59,7,-34,1
08/30/2004 10:32:00,243,0.326907382,59,7,-34,1
08/30/2004 10:33:00,243,0.329069055,57,7,-34,1
08/30/2004 10:34:00,243,0.331230729,58,7,-33,1
08/30/2004 10:35:00,243,0.333392402,56,7,-32,1
08/30/2004 10:36:00,243,0.335554076,53,7,-31,1
08/30/2004 10:37:00,243,0.337715749,51,6,-30,1
08/30/2004 10:38:00,243,0.308876709,51,6,-30,1
08/30/2004 10:39:00,243,0.280037668,51,6,-30,1
08/30/2004 10:40:00,243,0.251198627,52,7,-29,1
08/30/2004 10:41:00,243,0.222359587,53,6,-29,1
08/30/2004 10:42:00,243,0.193520546,53,6,-28,1
08/30/2004 10:43:00,243,0.217252659,53,6,-28,1
08/30/2004 10:44:00,243,0.240984772,53,6,-27,1
08/30/2004 10:45:00,243,0.264716885,52,6,-27,1
08/30/2004 10:46:00,243,0.288448997,53,6,-28,1
08/30/2004 10:47:00,243,0.31218111,54,6,-27,1
08/30/2004 10:48:00,243,0.336759276,56,6,-27,1
08/30/2004 10:49:00,243,0.361337442,56,6,-27,1
08/30/2004 10:50:00,243,0.385915608,56,6,-27,1
08/30/2004 10:51:00,243,0.410493774,56,6,-27,1
08/30/2004 10:52:00,243,0.435071939,56,6,-27,1
08/30/2004 10:53:00,243,0.446645282,57,6,-28,1
08/30/2004 10:54:00,243,0.458218624,57,6,-28,1
08/30/2004 10:55:00,243,0.469791967,58,6,-29,1
08/30/2004 10:56:00,243,0.48136531,59,6,-29,1
08/30/2004 10:57:00,243,0.492938652,61,6,-29,1
08/30/2004 10:58:00,243,0.486895377,60,6,-29,1
08/30/2004 10:59:00,243,0.480852102,61,6,-29,1
08/30/2004 11:00:00,243,0.474808827,60,6,-29,1
08/30/2004 11:01:00,243,0.468765552,60,6,-29,1
08/30/2004 11:02:00,243,0.462722277,60,6,-29,1
08/30/2004 11:03:00,243,0.477880718,61,5,-29,1
08/30/2004 11:04:00,243,0.493039159,61,5,-28,1
08/30/2004 11:05:00,243,0.5081976,60,5,-27,1
08/30/2004 11:06:00,243,0.523356041,60,5,-26,1
08/30/2004 11:07:00,243,0.538514482,59,5,-25,1
08/30/2004 11:08:00,243,0.512623689,58,5,-25,1
08/30/2004 11:09:00,243,0.486732895,57,5,-24,1
08/30/2004 11:10:00,243,0.460842102,56,5,-24,1
08/30/2004 11:11:00,243,0.434951309,57,5,-23,1
08/30/2004 11:12:00,243,0.409060515,57,5,-23,1
08/30/2004 11:13:00,243,0.407736284,57,5,-24,1
08/30/2004 11:14:00,243,0.406412053,59,5,-25,1
08/30/2004 11:15:00,243,0.405087822,59,5,-25,1
08/30/2004 11:16:00,243,0.40376359,59,5,-26,1
08/30/2004 11:17:00,243,0.402439359,58,5,-26,1
08/30/2004 11:18:00,243,0.386095161,59,5,-26,1
08/30/2004 11:19:00,243,0.369750963,59,5,-26,1
08/30/2004 11:20:00,243,0.353406764,58,5,-26,1
08/30/2004 11:21:00,243,0.337062566,58,5,-27,1
08/30/2004 11:22:00,243,0.320718367,57,5,-27,1
08/30/2004 11:23:00,243,0.311805418,57,5,-27,1
08/30/2004 11:24:00,243,0.302892469,57,5,-27,1
08/30/2004 11:25:00,243,0.293979519,57,5,-27,1
08/30/2004 11:26:00,243,0.28506657,58,5,-27,1
08/30/2004 11:27:00,243,0.27615362,59,5,-27,1
08/30/2004 11:28:00,243,0.245646101,59,5,-27,1
08/30/2004 11:29:00,243,0.215138583,58,5,-27,1
08/30/2004 11:30:00,243,0.184631064,58,5,-27,1
08/30/2004 11:31:00,243,0.154123545,58,5,-27,1
08/30/2004 11:32:00,243,0.123616026,59,5,-27,1
08/30/2004 11:33:00,243,0.126109545,60,5,-28,1
08/30/2004 11:34:00,243,0.128603064,62,5,-28,1
08/30/2004 11:35:00,243,0.131096583,62,5,-29,1
08/30/2004 11:36:00,243,0.133590102,63,5,-29,1
08/30/2004 11:37:00,243,0.136083621,63,5,-29,1
08/30/2004 11:38:00,243,0.146883448,64,5,-29,1
08/30/2004 11:39:00,243,0.157683275,65,5,-30,1
08/30/2004 11:40:00,243,0.168483102,66,5,-31,1
08/30/2004 11:41:00,243,0.179282929,66,5,-30,1
08/30/2004 11:42:00,243,0.190082756,64,5,-31,1
08/30/2004 11:43:00,243,0.184787909,66,5,-31,1
08/30/2004 11:44:00,243,0.179493062,66,5,-32,1
08/30/2004 11:45:00,243,0.174198215,66,4,-32,1
08/30/2004 11:46:00,243,0.168903369,67,4,-32,1
08/30/2004 11:47:00,243,0.163608522,68,4,-32,1
08/30/2004 11:48:00,243,0.164942954,70,4,-32,1
08/30/2004 11:49:00,243,0.166277387,70,4,-32,1
08/30/2004 11:50:00,243,0.16761182,72,4,-32,1
08/30/2004 11:51:00,243,0.168946253,73,4,-32,1
08/30/2004 11:52:00,243,0.170280686,72,4,-32,1
08/30/2004 11:53:00,243,0.167328012,70,4,-32,1
08/30/2004 11:54:00,243,0.164375338,71,4,-32,1
08/30/2004 11:55:00,243,0.161422664,72,4,-32,1
08/30/2004 11:56:00,243,0.15846999,70,4,-33,1
08/30/2004 11:57:00,243,0.155517316,69,4,-33,1
08/30/2004 11:58:00,243,0.125935048,68,4,-33,1
08/30/2004 11:59:00,243,0.096352779,69,4,-34,1
08/30/2004 12:00:00,243,0.066770511,69,4,-34,1
08/30/2004 12:01:00,243,0.037188242,70,4,-34,1
08/30/2004 12:02:00,243,0.007605974,70,4,-34,1
08/30/2004 12:03:00,243,-0.006344481,70,4,-34,1
08/30/2004 12:04:00,243,-0.020294935,71,4,-34,1
08/30/2004 12:05:00,243,-0.034245389,70,4,-34,1
08/30/2004 12:06:00,243,-0.048195844,70,4,-34,1
08/30/2004 12:07:00,243,-0.062146298,69,4,-34,1
08/30/2004 12:08:00,243,-0.089037564,69,4,-35,1
08/30/2004 12:09:00,243,-0.11592883,69,3,-34,1
08/30/2004 12:10:00,243,-0.142820096,68,3,-35,1
08/30/2004 12:11:00,243,-0.169711362,68,3,-35,1
08/30/2004 12:12:00,243,-0.196602628,69,3,-35,1
08/30/2004 12:13:00,243,-0.219556143,70,3,-35,1
08/30/2004 12:14:00,243,-0.242509659,69,3,-35,1
08/30/2004 12:15:00,243,-0.265463174,68,3,-36,1
08/30/2004 12:16:00,243,-0.28841669,67,3,-36,1
08/30/2004 12:17:00,243,-0.311370205,67,3,-36,1
08/30/2004 12:18:00,243,-0.337244092,66,3,-36,1
08/30/2004 12:19:00,243,-0.363117978,65,3,-36,1
08/30/2004 12:20:00,243,-0.388991865,66,2,-36,1
08/30/2004 12:21:00,243,-0.414865751,65,2,-36,1
08/30/2004 12:22:00,243,-0.440739637,64,2,-36,1
08/30/2004 12:23:00,243,-0.435135283,62,2,-35,1
08/30/2004 12:24:00,243,-0.429530928,60,2,-35,1
08/30/2004 12:25:00,243,-0.423926573,59,3,-36,1
08/30/2004 12:26:00,243,-0.418322218,57,2,-36,1
08/30/2004 12:27:00,243,-0.412717863,57,2,-36,1
08/30/2004 12:28:00,243,-0.416004008,57,2,-37,1
08/30/2004 12:29:00,243,-0.419290154,56,2,-38,1
08/30/2004 12:30:00,243,-0.422576299,55,2,-38,1
08/30/2004 12:31:00,243,-0.425862444,56,2,-38,1
08/30/2004 12:32:00,243,-0.429148589,56,2,-39,1
08/30/2004 12:33:00,243,-0.469429743,54,2,-39,1
08/30/2004 12:34:00,243,-0.509710896,54,2,-39,1
08/30/2004 12:35:00,243,-0.54999205,55,2,-39,1
08/30/2004 12:36:00,243,-0.590273204,55,2,-40,1
08/30/2004 12:37:00,243,-0.630554358,54,2,-40,1
08/30/2004 12:38:00,243,-0.661287237,53,2,-40,1
08/30/2004 12:39:00,243,-0.692020117,53,2,-41,1
08/30/2004 12:40:00,243,-0.722752997,52,2,-41,1
08/30/2004 12:41:00,243,-0.753485876,52,2,-40,1
08/30/2004 12:42:00,243,-0.784218756,51,2,-41,1
08/30/2004 12:43:00,243,-0.797878569,50,2,-41,1
08/30/2004 12:44:00,243,-0.811538382,48,1,-42,1
08/30/2004 12:45:00,243,-0.825198195,47,1,-42,1
08/30/2004 12:46:00,243,-0.838858008,46,1,-42,1
08/30/2004 12:47:00,243,-0.852517821,46,1,-42,1
08/30/2004 12:48:00,243,-0.88076131,44,1,-42,1
08/30/2004 12:49:00,243,-0.9090048,43,1,-42,1
08/30/2004 12:50:00,243,-0.937248289,42,1,-42,1
08/30/2004 12:51:00,243,-0.965491778,41,1,-42,1
08/30/2004 12:52:00,243,-0.993735268,42,1,-43,1
08/30/2004 12:53:00,243,-1.01934743,40,1,-43,1
08/30/2004 12:54:00,243,-1.044959593,38,1,-43,1
08/30/2004 12:55:00,243,-1.070571755,36,1,-43,1
08/30/2004 12:56:00,243,-1.096183918,33,1,-43,1
08/30/2004 12:57:00,243,-1.12179608,31,1,-44,1
08/30/2004 12:58:00,243,-1.071193654,31,1,-44,1
08/30/2004 12:59:00,243,-1.020591228,29,1,-44,1
08/30/2004 13:00:00,243,-0.969988802,28,1,-44,1
08/30/2004 13:01:00,243,-0.919386376,27,1,-44,1
08/30/2004 13:02:00,243,-0.86878395,26,1,-44,1
08/30/2004 13:03:00,243,-0.874704836,25,1,-44,1
08/30/2004 13:04:00,243,-0.880625721,25,2,-43,1
08/30/2004 13:05:00,243,-0.886546607,26,2,-43,1
08/30/2004 13:06:00,243,-0.892467493,27,2,-43,1
08/30/2004 13:07:00,243,-0.898388379,28,2,-44,1
08/30/2004 13:08:00,243,-0.931536521,29,2,-43,1
08/30/2004 13:09:00,243,-0.964684663,30,3,-43,1
08/30/2004 13:10:00,243,-0.997832806,33,3,-43,1
08/30/2004 13:11:00,243,-1.030980948,34,3,-44,1
08/30/2004 13:12:00,243,-1.06412909,35,3,-44,1
08/30/2004 13:13:00,243,-1.074903292,38,3,-44,1
08/30/2004 13:14:00,243,-1.085677493,38,3,-45,1
08/30/2004 13:15:00,243,-1.096451694,39,3,-45,1
08/30/2004 13:16:00,243,-1.107225896,40,3,-45,1
08/30/2004 13:17:00,243,-1.118000097,41,3,-46,1
08/30/2004 13:18:00,243,-1.13093574,41,2,-46,1
08/30/2004 13:19:00,243,-1.143871383,42,2,-46,1
08/30/2004 13:20:00,243,-1.156807026,43,2,-46,1
08/30/2004 13:21:00,243,-1.169742669,43,2,-46,1
08/30/2004 13:22:00,243,-1.182678312,44,2,-46,1
08/30/2004 13:23:00,243,-1.213379491,45,2,-46,1
08/30/2004 13:24:00,243,-1.24408067,46,2,-46,1
08/30/2004 13:25:00,243,-1.274781848,48,2,-46,1
08/30/2004 13:26:00,243,-1.305483027,50,2,-47,1
08/30/2004 13:27:00,243,-1.336184206,52,2,-47,1
08/30/2004 13:28:00,243,-1.385569839,54,1,-47,1
08/30/2004 13:29:00,243,-1.434955472,56,1,-47,1
08/30/2004 13:30:00,243,-1.484341105,58,1,-47,1
08/30/2004 13:31:00,243,-1.533726738,59,1,-47,1
08/30/2004 13:32:00,243,-1.583112371,60,1,-48,1
08/30/2004 13:33:00,243,-1.579821383,61,1,-48,1
08/30/2004 13:34:00,243,-1.576530394,63,1,-48,1
08/30/2004 13:35:00,243,-1.573239406,63,1,-48,1
08/30/2004 13:36:00,243,-1.569948418,66,1,-47,1
08/30/2004 13:37:00,243,-1.566657429,67,1,-48,1
08/30/2004 13:38:00,243,-1.608935451,69,1,-48,1
08/30/2004 13:39:00,243,-1.651213472,70,1,-49,1
08/30/2004 13:40:00,243,-1.693491493,71,1,-50,1
08/30/2004 13:41:00,243,-1.735769514,72,1,-50,1
08/30/2004 13:42:00,243,-1.778047536,74,1,-51,1
08/30/2004 13:43:00,243,-1.80564587,77,1,-51,1
08/30/2004 13:44:00,243,-1.833244205,77,2,-51,1
08/30/2004 13:45:00,243,-1.86084254,78,2,-52,1
08/30/2004 13:46:00,243,-1.888440875,78,2,-51,1
08/30/2004 13:47:00,243,-1.91603921,79,2,-52,1
08/30/2004 13:48:00,243,-1.937157386,80,3,-52,1
08/30/2004 13:49:00,243,-1.958275561,82,3,-52,1
08/30/2004 13:50:00,243,-1.979393737,84,3,-52,1
08/30/2004 13:51:00,243,-2.000511912,84,3,-52,1
08/30/2004 13:52:00,243,-2.021630088,85,3,-52,1
08/30/2004 13:53:00,243,-2.059279525,85,4,-52,1
08/30/2004 13:54:00,243,-2.096928963,86,4,-52,1
08/30/2004 13:55:00,243,-2.1345784,87,4,-52,1
08/30/2004 13:56:00,243,-2.172227838,88,4,-52,1
08/30/2004 13:57:00,243,-2.209877275,89,4,-52,1
08/30/2004 13:58:00,243,-2.251961514,90,4,-52,1
08/30/2004 13:59:00,243,-2.294045753,90,4,-52,1
08/30/2004 14:00:00,243,-2.336129992,90,4,-52,1
08/30/2004 14:01:00,243,-2.378214231,90,4,-52,1
08/30/2004 14:02:00,243,-2.42029847,91,5,-52,1
08/30/2004 14:03:00,243,-2.450960552,91,5,-52,1
08/30/2004 14:04:00,243,-2.481622634,91,5,-52,1
08/30/2004 14:05:00,243,-2.512284716,90,5,-53,1
08/30/2004 14:06:00,243,-2.542946798,90,5,-53,1
08/30/2004 14:07:00,243,-2.57360888,89,5,-53,1
08/30/2004 14:08:00,243,-2.61772225,89,5,-53,1
08/30/2004 14:09:00,243,-2.661835619,90,5,-54,1
08/30/2004 14:10:00,243,-2.705948989,90,5,-54,1
08/30/2004 14:11:00,243,-2.750062358,90,6,-54,1
08/30/2004 14:12:00,243,-2.794175728,89,6,-54,1
08/30/2004 14:13:00,243,-2.834536182,87,6,-54,1
08/30/2004 14:14:00,243,-2.874896636,87,6,-54,1
08/30/2004 14:15:00,243,-2.91525709,86,6,-54,1
08/30/2004 14:16:00,243,-2.955617544,86,6,-54,1
08/30/2004 14:17:00,243,-2.995977998,86,6,-54,1
08/30/2004 14:18:00,243,-3.026119771,85,6,-55,1
08/30/2004 14:19:00,243,-3.056261543,87,7,-54,1
08/30/2004 14:20:00,243,-3.086403315,85,7,-55,1
08/30/2004 14:21:00,243,-3.116545087,84,7,-55,1
08/30/2004 14:22:00,243,-3.146686859,83,7,-55,1
08/30/2004 14:23:00,243,-3.214957353,82,7,-56,1
08/30/2004 14:24:00,243,-3.283227846,80,7,-56,1
08/30/2004 14:25:00,243,-3.35149834,79,7,-56,1
08/30/2004 14:26:00,243,-3.419768834,79,7,-56,1
08/30/2004 14:27:00,243,-3.488039328,78,7,-57,1
08/30/2004 14:28:00,243,-3.543871115,76,6,-57,1
08/30/2004 14:29:00,243,-3.599702903,75,6,-57,1
08/30/2004 14:30:00,243,-3.65553469,72,6,-57,1
08/30/2004 14:31:00,243,-3.711366478,72,6,-57,1
08/30/2004 14:32:00,243,-3.767198265,71,6,-58,1
08/30/2004 14:33:00,243,-3.813894239,70,7,-58,1
08/30/2004 14:34:00,243,-3.860590213,70,7,-58,1
08/30/2004 14:35:00,243,-3.907286186,69,7,-58,1
08/30/2004 14:36:00,243,-3.95398216,68,7,-59,1
08/30/2004 14:37:00,243,-4.000678134,67,6,-59,1
08/30/2004 14:38:00,243,-4.038929056,66,7,-59,1
08/30/2004 14:39:00,243,-4.077179978,65,7,-59,1
08/30/2004 14:40:00,243,-4.1154309,63,7,-59,1
08/30/2004 14:41:00,243,-4.153681821,63,7,-59,1
08/30/2004 14:42:00,243,-4.191932743,63,7,-59,1
08/30/2004 14:43:00,243,-4.244913033,62,7,-59,1
08/30/2004 14:44:00,243,-4.297893324,62,7,-59,1
08/30/2004 14:45:00,243,-4.350873614,61,7,-59,1
08/30/2004 14:46:00,243,-4.403853904,61,7,-60,1
08/30/2004 14:47:00,243,-4.456834194,60,7,-60,1
08/30/2004 14:48:00,243,-4.490908634,58,7,-60,1
08/30/2004 14:49:00,243,-4.524983075,57,7,-60,1
08/30/2004 14:50:00,243,-4.559057515,57,7,-60,1
08/30/2004 14:51:00,243,-4.593131956,55,7,-61,1
08/30/2004 14:52:00,243,-4.627206396,54,7,-61,1
08/30/2004 14:53:00,243,-4.682476833,53,7,-61,1
08/30/2004 14:54:00,243,-4.737747271,52,7,-61,1
08/30/2004 14:55:00,243,-4.793017708,50,7,-61,1
08/30/2004 14:56:00,243,-4.848288145,50,7,-61,1
08/30/2004 14:57:00,243,-4.903558582,50,7,-62,1
08/30/2004 14:58:00,243,-4.891270172,48,7,-61,1
08/30/2004 14:59:00,243,-4.878981762,46,7,-62,1
08/30/2004 15:00:00,243,-4.866693351,46,7,-62,1
08/30/2004 15:01:00,243,-4.854404941,46,7,-61,1
08/30/2004 15:02:00,243,-4.842116531,46,7,-61,1
08/30/2004 15:03:00,243,-4.852073468,45,7,-61,1
08/30/2004 15:04:00,243,-4.862030405,43,6,-61,1
08/30/2004 15:05:00,243,-4.871987342,44,7,-61,1
08/30/2004 15:06:00,243,-4.881944279,43,7,-61,1
08/30/2004 15:07:00,243,-4.891901216,42,7,-60,1
08/30/2004 15:08:00,243,-4.901482838,43,8,-60,1
08/30/2004 15:09:00,243,-4.911064459,42,8,-61,1
08/30/2004 15:10:00,243,-4.92064608,41,8,-61,1
08/30/2004 15:11:00,243,-4.930227701,40,7,-61,1
08/30/2004 15:12:00,243,-4.939809322,40,8,-61,1
08/30/2004 15:13:00,243,-4.934639926,41,8,-61,1
08/30/2004 15:14:00,243,-4.929470529,40,8,-61,1
08/30/2004 15:15:00,243,-4.924301133,39,8,-62,1
08/30/2004 15:16:00,243,-4.919131737,40,8,-62,1
08/30/2004 15:17:00,243,-4.91396234,39,8,-62,1
08/30/2004 15:18:00,243,-4.907172849,40,8,-62,1
08/30/2004 15:19:00,243,-4.900383357,41,8,-63,1
08/30/2004 15:20:00,243,-4.893593866,44,8,-63,1
08/30/2004 15:21:00,243,-4.886804375,45,8,-63,1
08/30/2004 15:22:00,243,-4.880014883,47,8,-64,1
08/30/2004 15:23:00,243,-4.893838579,48,8,-64,1
08/30/2004 15:24:00,243,-4.907662275,49,8,-64,1
08/30/2004 15:25:00,243,-4.921485971,50,8,-64,1
08/30/2004 15:26:00,243,-4.935309667,51,8,-64,1
08/30/2004 15:27:00,243,-4.949133363,52,8,-65,1
08/30/2004 15:28:00,243,-4.971640454,53,8,-66,1
08/30/2004 15:29:00,243,-4.994147545,53,8,-65,1
08/30/2004 15:30:00,243,-5.016654636,52,9,-66,1
08/30/2004 15:31:00,243,-5.039161726,51,9,-66,1
08/30/2004 15:32:00,243,-5.061668817,49,9,-65,1
08/30/2004 15:33:00,243,-5.054811463,50,9,-65,1
08/30/2004 15:34:00,243,-5.047954108,50,8,-65,1
08/30/2004 15:35:00,243,-5.041096754,49,8,-65,1
08/30/2004 15:36:00,243,-5.034239399,49,8,-65,1
08/30/2004 15:37:00,243,-5.027382045,50,8,-65,1
08/30/2004 15:38:00,243,-5.021121175,51,8,-65,1
08/30/2004 15:39:00,243,-5.014860305,52,7,-65,1
08/30/2004 15:40:00,243,-5.008599435,53,7,-65,1
08/30/2004 15:41:00,243,-5.002338564,55,7,-65,1
08/30/2004 15:42:00,243,-4.996077694,57,7,-65,1
08/30/2004 15:43:00,243,-5.008044643,59,7,-66,1
08/30/2004 15:44:00,243,-5.020011592,59,7,-65,1
08/30/2004 15:45:00,243,-5.031978541,61,7,-65,1
08/30/2004 15:46:00,243,-5.04394549,61,7,-66,1
08/30/2004 15:47:00,243,-5.055912439,64,7,-67,1
08/30/2004 15:48:00,243,-5.067800106,64,7,-68,1
08/30/2004 15:49:00,243,-5.079687773,65,7,-68,1
08/30/2004 15:50:00,243,-5.091575439,63,7,-68,1
08/30/2004 15:51:00,243,-5.103463106,63,7,-68,1
08/30/2004 15:52:00,243,-5.115350772,63,6,-68,1
08/30/2004 15:53:00,243,-5.1171326,62,6,-68,1
08/30/2004 15:54:00,243,-5.118914427,63,6,-68,1
08/30/2004 15:55:00,243,-5.120696254,61,6,-67,1
08/30/2004 15:56:00,243,-5.122478082,62,6,-67,1
08/30/2004 15:57:00,243,-5.124259909,62,6,-67,1
08/30/2004 15:58:00,243,-5.115989961,61,6,-68,1
08/30/2004 15:59:00,243,-5.107720014,61,6,-67,1
08/30/2004 16:00:00,243,-5.099450067,62,6,-67,1
08/30/2004 16:01:00,243,-5.091180119,61,6,-68,1
08/30/2004 16:02:00,243,-5.082910172,60,6,-67,1
08/30/2004 16:03:00,243,-5.0783041,60,6,-68,1
08/30/2004 16:04:00,243,-5.073698029,59,6,-68,1
08/30/2004 16:05:00,243,-5.069091957,58,6,-68,1
08/30/2004 16:06:00,243,-5.064485885,58,6,-68,1
08/30/2004 16:07:00,243,-5.059879813,57,6,-68,1
08/30/2004 16:08:00,243,-5.073235603,58,7,-68,1
08/30/2004 16:09:00,243,-5.086591392,58,7,-68,1
08/30/2004 16:10:00,243,-5.099947181,58,7,-68,1
08/30/2004 16:11:00,243,-5.11330297,57,7,-68,1
08/30/2004 16:12:00,243,-5.126658759,57,7,-68,1
08/30/2004 16:13:00,243,-5.129371098,56,7,-68,1
08/30/2004 16:14:00,243,-5.132083436,56,7,-68,1
08/30/2004 16:15:00,243,-5.134795775,55,8,-68,1
08/30/2004 16:16:00,243,-5.137508113,54,8,-69,1
08/30/2004 16:17:00,243,-5.140220451,54,8,-69,1
08/30/2004 16:18:00,243,-5.124478106,54,8,-69,1
08/30/2004 16:19:00,243,-5.108735761,54,8,-69,1
08/30/2004 16:20:00,243,-5.092993416,54,7,-70,1
08/30/2004 16:21:00,243,-5.077251071,54,7,-69,1
08/30/2004 16:22:00,243,-5.061508726,54,7,-69,1
08/30/2004 16:23:00,243,-5.074124573,53,7,-70,1
08/30/2004 16:24:00,243,-5.086740421,52,7,-70,1
08/30/2004 16:25:00,243,-5.099356268,52,8,-70,1
08/30/2004 16:26:00,243,-5.111972116,53,8,-70,1
08/30/2004 16:27:00,243,-5.124587963,53,8,-70,1
08/30/2004 16:28:00,243,-5.148882708,52,8,-70,1
08/30/2004 16:29:00,243,-5.173177453,53,8,-70,1
08/30/2004 16:30:00,243,-5.197472199,53,8,-70,1
08/30/2004 16:31:00,243,-5.221766944,54,8,-70,1
08/30/2004 16:32:00,243,-5.246061689,55,8,-71,1
08/30/2004 16:33:00,243,-5.233329955,56,8,-71,1
08/30/2004 16:34:00,243,-5.220598221,55,8,-71,1
08/30/2004 16:35:00,243,-5.207866487,55,8,-72,1
08/30/2004 16:36:00,243,-5.195134753,55,8,-72,1
08/30/2004 16:37:00,243,-5.18240302,54,8,-72,1
08/30/2004 16:38:00,243,-5.157823473,54,9,-72,1
08/30/2004 16:39:00,243,-5.133243926,53,9,-72,1
08/30/2004 16:40:00,243,-5.10866438,54,9,-73,1
08/30/2004 16:41:00,243,-5.084084833,54,9,-72,1
08/30/2004 16:42:00,243,-5.059505286,53,10,-73,1
08/30/2004 16:43:00,243,-5.056955129,51,10,-73,1
08/30/2004 16:44:00,243,-5.054404971,51,9,-72,1
08/30/2004 16:45:00,243,-5.051854813,51,9,-73,1
08/30/2004 16:46:00,243,-5.049304656,52,9,-73,1
08/30/2004 16:47:00,243,-5.046754498,51,9,-73,1
08/30/2004 16:48:00,243,-5.012636673,51,9,-73,1
08/30/2004 16:49:00,243,-4.978518848,52,8,-73,1
08/30/2004 16:50:00,243,-4.944401023,51,8,-74,1
08/30/2004 16:51:00,243,-4.910283197,51,8,-74,1
08/30/2004 16:52:00,243,-4.876165372,51,8,-74,1
08/30/2004 16:53:00,243,-4.914466771,52,8,-74,1
08/30/2004 16:54:00,243,-4.952768169,53,7,-75,1
08/30/2004 16:55:00,243,-4.991069567,57,7,-75,1
08/30/2004 16:56:00,243,-5.029370966,59,7,-75,1
08/30/2004 16:57:00,243,-5.067672364,62,7,-74,1
08/30/2004 16:58:00,243,-5.028577127,66,7,-75,1
08/30/2004 16:59:00,243,-4.989481889,69,6,-75,1
08/30/2004 17:00:00,243,-4.950386652,71,6,-75,1
08/30/2004 17:01:00,243,-4.911291414,76,5,-75,1
08/30/2004 17:02:00,243,-4.872196177,78,5,-75,1
08/30/2004 17:03:00,243,-4.861993816,80,4,-75,1
08/30/2004 17:04:00,243,-4.851791455,82,4,-74,1
08/30/2004 17:05:00,243,-4.841589094,85,4,-74,1
08/30/2004 17:06:00,243,-4.831386733,86,3,-73,1
08/30/2004 17:07:00,243,-4.821184372,86,3,-72,1
08/30/2004 17:08:00,243,-4.817254786,87,3,-72,1
08/30/2004 17:09:00,243,-4.8133252,88,3,-71,1
08/30/2004 17:10:00,243,-4.809395614,87,3,-71,1
08/30/2004 17:11:00,243,-4.805466028,88,3,-71,1
08/30/2004 17:12:00,243,-4.801536442,89,2,-72,1
08/30/2004 17:13:00,243,-4.79067231,88,2,-72,1
08/30/2004 17:14:00,243,-4.779808178,88,2,-72,1
08/30/2004 17:15:00,243,-4.768944046,87,2,-72,1
08/30/2004 17:16:00,243,-4.758079914,87,3,-72,1
08/30/2004 17:17:00,243,-4.747215782,86,3,-72,1
08/30/2004 17:18:00,243,-4.722371233,86,2,-72,1
08/30/2004 17:19:00,243,-4.697526684,86,2,-72,1
08/30/2004 17:20:00,243,-4.672682135,86,2,-73,1
08/30/2004 17:21:00,243,-4.647837586,86,2,-73,1
08/30/2004 17:22:00,243,-4.622993037,86,2,-74,1
08/30/2004 17:23:00,243,-4.612195589,86,2,-74,1
08/30/2004 17:24:00,243,-4.601398142,85,2,-74,1
08/30/2004 17:25:00,243,-4.590600694,83,2,-74,1
08/30/2004 17:26:00,243,-4.579803246,81,2,-74,1
08/30/2004 17:27:00,243,-4.569005798,78,2,-74,1
08/30/2004 17:28:00,243,-4.520253003,78,2,-74,1
08/30/2004 17:29:00,243,-4.471500208,76,1,-75,1
08/30/2004 17:30:00,243,-4.422747413,74,1,-75,1
08/30/2004 17:31:00,243,-4.373994618,74,1,-76,1
08/30/2004 17:32:00,243,-4.325241824,73,0,-76,1
08/30/2004 17:33:00,243,-4.27272451,72,1,-75,1
08/30/2004 17:34:00,243,-4.220207196,71,1,-75,1
08/30/2004 17:35:00,243,-4.167689883,71,1,-74,1
08/30/2004 17:36:00,243,-4.115172569,72,1,-75,1
08/30/2004 17:37:00,243,-4.062655255,73,1,-75,1
08/30/2004 17:38:00,243,-4.023209621,73,1,-75,1
08/30/2004 17:39:00,243,-3.983763987,73,1,-76,1
08/30/2004 17:40:00,243,-3.944318352,72,1,-76,1
08/30/2004 17:41:00,243,-3.904872718,72,0,-77,1
08/30/2004 17:42:00,243,-3.865427084,71,0,-76,1
08/30/2004 17:43:00,243,-3.842519376,70,0,-76,1
08/30/2004 17:44:00,243,-3.819611668,70,0,-77,1
08/30/2004 17:45:00,243,-3.79670396,69,0,-77,1
08/30/2004 17:46:00,243,-3.773796252,68,0,-77,1
08/30/2004 17:47:00,243,-3.750888544,67,0,-76,1
08/30/2004 17:48:00,243,-3.741069614,66,0,-76,1
08/30/2004 17:49:00,243,-3.731250685,65,0,-76,1
08/30/2004 17:50:00,243,-3.721431755,64,1,-75,1
08/30/2004 17:51:00,243,-3.711612826,63,1,-75,1
08/30/2004 17:52:00,243,-3.701793896,64,1,-74,1
08/30/2004 17:53:00,243,-3.671115408,63,1,-74,1
08/30/2004 17:54:00,243,-3.640436919,64,1,-75,1
08/30/2004 17:55:00,243,-3.609758431,63,2,-74,1
08/30/2004 17:56:00,243,-3.579079942,62,2,-74,1
08/30/2004 17:57:00,243,-3.548401453,63,2,-74,1
08/30/2004 17:58:00,243,-3.527580721,63,2,-73,1
08/30/2004 17:59:00,243,-3.506759988,64,2,-74,1
08/30/2004 18:00:00,243,-3.485939256,65,2,-74,1
08/30/2004 18:01:00,243,-3.465118523,65,2,-74,1
08/30/2004 18:02:00,243,-3.444297791,67,2,-75,1
08/30/2004 18:03:00,243,-3.392425291,67,2,-75,1
08/30/2004 18:04:00,243,-3.340552791,68,1,-75,1
08/30/2004 18:05:00,243,-3.288680292,68,1,-75,1
08/30/2004 18:06:00,243,-3.236807792,70,1,-75,1
08/30/2004 18:07:00,243,-3.184935292,70,1,-75,1
08/30/2004 18:08:00,243,-3.103249587,70,1,-75,1
08/30/2004 18:09:00,243,-3.021563882,71,1,-75,1
08/30/2004 18:10:00,243,-2.939878177,71,0,-75,1
08/30/2004 18:11:00,243,-2.858192472,70,0,-76,1
08/30/2004 18:12:00,243,-2.776506767,69,0,-76,1
08/30/2004 18:13:00,243,-2.73852342,69,0,-76,1
08/30/2004 18:14:00,243,-2.700540074,69,0,-76,1
08/30/2004 18:15:00,243,-2.662556727,69,0,-76,1
08/30/2004 18:16:00,243,-2.62457338,67,-1,-76,1
08/30/2004 18:17:00,243,-2.586590033,67,0,-76,1
08/30/2004 18:18:00,243,-2.53323769,65,0,-76,1
08/30/2004 18:19:00,243,-2.479885347,64,0,-77,1
08/30/2004 18:20:00,243,-2.426533004,64,0,-77,1
08/30/2004 18:21:00,243,-2.37318066,63,1,-77,1
08/30/2004 18:22:00,243,-2.319828317,63,1,-77,1
08/30/2004 18:23:00,243,-2.298839474,62,1,-77,1
08/30/2004 18:24:00,243,-2.277850631,63,1,-78,1
08/30/2004 18:25:00,243,-2.256861788,63,1,-78,1
08/30/2004 18:26:00,243,-2.235872945,63,1,-78,1
08/30/2004 18:27:00,243,-2.214884102,63,1,-78,1
08/30/2004 18:28:00,243,-2.169405134,63,2,-79,1
08/30/2004 18:29:00,243,-2.123926165,64,2,-79,1
08/30/2004 18:30:00,243,-2.078447197,66,2,-80,1
08/30/2004 18:31:00,243,-2.032968228,67,2,-80,1
08/30/2004 18:32:00,243,-1.98748926,69,2,-80,1
08/30/2004 18:33:00,243,-1.981136251,70,3,-80,1
08/30/2004 18:34:00,243,-1.974783243,72,3,-80,1
08/30/2004 18:35:00,243,-1.968430234,74,3,-80,1
08/30/2004 18:36:00,243,-1.962077226,75,3,-80,1
08/30/2004 18:37:00,243,-1.955724218,77,3,-80,1
08/30/2004 18:38:00,243,-1.986730921,78,2,-80,1
08/30/2004 18:39:00,243,-2.017737624,78,2,-81,1
08/30/2004 18:40:00,243,-2.048744328,80,2,-81,1
08/30/2004 18:41:00,243,-2.079751031,80,2,-81,1
08/30/2004 18:42:00,243,-2.110757735,81,2,-81,1
08/30/2004 18:43:00,243,-2.125843111,81,2,-80,1
08/30/2004 18:44:00,243,-2.140928487,81,2,-80,1
08/30/2004 18:45:00,243,-2.156013863,82,2,-80,1
08/30/2004 18:46:00,243,-2.171099239,81,1,-80,1
08/30/2004 18:47:00,243,-2.186184615,81,1,-80,1
08/30/2004 18:48:00,243,-2.172134215,81,1,-80,1
08/30/2004 18:49:00,243,-2.158083814,82,1,-80,1
08/30/2004 18:50:00,243,-2.144033414,82,1,-81,1
08/30/2004 18:51:00,243,-2.129983014,83,1,-80,1
08/30/2004 18:52:00,243,-2.115932613,82,1,-80,1
08/30/2004 18:53:00,243,-2.139372681,82,1,-80,1
08/30/2004 18:54:00,243,-2.162812749,81,0,-80,1
08/30/2004 18:55:00,243,-2.186252816,80,0,-80,1
08/30/2004 18:56:00,243,-2.209692884,80,0,-81,1
08/30/2004 18:57:00,243,-2.233132952,80,0,-82,1
08/30/2004 18:58:00,243,-2.213091477,82,0,-82,1
08/30/2004 18:59:00,243,-2.193050002,82,0,-82,1
08/30/2004 19:00:00,243,-2.173008528,83,0,-83,1
08/30/2004 19:01:00,243,-2.152967053,85,0,-82,1
08/30/2004 19:02:00,243,-2.132925578,85,1,-82,1
08/30/2004 19:03:00,243,-2.135611323,86,1,-82,1
08/30/2004 19:04:00,243,-2.138297067,87,1,-81,1
08/30/2004 19:05:00,243,-2.140982812,90,1,-81,1
08/30/2004 19:06:00,243,-2.143668557,90,2,-81,1
08/30/2004 19:07:00,243,-2.146354301,92,2,-81,1
08/30/2004 19:08:00,243,-2.149471681,93,2,-81,1
08/30/2004 19:09:00,243,-2.152589061,94,2,-81,1
08/30/2004 19:10:00,243,-2.155706441,95,2,-81,1
08/30/2004 19:11:00,243,-2.158823821,95,2,-81,1
08/30/2004 19:12:00,243,-2.161941201,94,2,-82,1
08/30/2004 19:13:00,243,-2.168511558,95,2,-82,1
08/30/2004 19:14:00,243,-2.175081915,94,1,-82,1
08/30/2004 19:15:00,243,-2.181652272,94,1,-82,1
08/30/2004 19:16:00,243,-2.188222629,94,1,-82,1
08/30/2004 19:17:00,243,-2.194792986,93,1,-81,1
08/30/2004 19:18:00,243,-2.226228306,93,0,-82,1
08/30/2004 19:19:00,243,-2.257663627,92,0,-82,1
08/30/2004 19:20:00,243,-2.289098948,90,0,-81,1
08/30/2004 19:21:00,243,-2.320534269,89,0,-81,1
08/30/2004 19:22:00,243,-2.35196959,89,0,-82,1
08/30/2004 19:23:00,243,-2.362241941,89,0,-83,1
08/30/2004 19:24:00,243,-2.372514292,89,-1,-82,1
08/30/2004 19:25:00,243,-2.382786642,88,-1,-83,1
08/30/2004 19:26:00,243,-2.393058993,89,-1,-83,1
08/30/2004 19:27:00,243,-2.403331344,89,-1,-83,1
08/30/2004 19:28:00,243,-2.440623293,88,-1,-83,1
08/30/2004 19:29:00,243,-2.477915242,88,-2,-83,1
08/30/2004 19:30:00,243,-2.515207191,87,-2,-84,1
08/30/2004 19:31:00,243,-2.55249914,87,-2,-85,1
08/30/2004 19:32:00,243,-2.589791089,87,-2,-85,1
08/30/2004 19:33:00,243,-2.605435646,86,-2,-86,1
08/30/2004 19:34:00,243,-2.621080204,86,-2,-87,1
08/30/2004 19:35:00,243,-2.636724761,86,-2,-87,1
08/30/2004 19:36:00,243,-2.652369318,86,-2,-87,1
08/30/2004 19:37:00,243,-2.668013875,85,-2,-87,1
08/30/2004 19:38:00,243,-2.665666497,84,-2,-87,1
08/30/2004 19:39:00,243,-2.663319118,84,-2,-87,1
08/30/2004 19:40:00,243,-2.66097174,84,-2,-87,1
08/30/2004 19:41:00,243,-2.658624361,84,-2,-87,1
08/30/2004 19:42:00,243,-2.656276983,84,-2,-87,1
08/30/2004 19:43:00,243,-2.632852079,85,-2,-88,1
08/30/2004 19:44:00,243,-2.609427176,87,-2,-89,1
08/30/2004 19:45:00,243,-2.586002272,87,-2,-90,1
08/30/2004 19:46:00,243,-2.562577368,87,-2,-92,1
08/30/2004 19:47:00,243,-2.539152464,87,-2,-93,1
08/30/2004 19:48:00,243,-2.537624398,88,-2,-95,1
08/30/2004 19:49:00,243,-2.536096333,89,-2,-95,1
08/30/2004 19:50:00,243,-2.534568267,90,-2,-96,1
08/30/2004 19:51:00,243,-2.533040201,89,-2,-96,1
08/30/2004 19:52:00,243,-2.531512135,90,-2,-96,1
08/30/2004 19:53:00,243,-2.50502328,90,-2,-97,1
08/30/2004 19:54:00,243,-2.478534425,89,-2,-97,1
08/30/2004 19:55:00,243,-2.45204557,88,-2,-97,1
08/30/2004 19:56:00,243,-2.425556715,89,-2,-96,1
08/30/2004 19:57:00,243,-2.39906786,90,-1,-96,1
08/30/2004 19:58:00,243,-2.373503697,91,-1,-95,1
08/30/2004 19:59:00,243,-2.347939534,91,-1,-95,1
08/30/2004 20:00:00,243,-2.322375371,93,-1,-95,1
08/30/2004 20:01:00,243,-2.296811207,93,-1,-96,1
08/30/2004 20:02:00,243,-2.271247044,94,-1,-96,1
08/30/2004 20:03:00,243,-2.272645242,96,-1,-96,1
08/30/2004 20:04:00,243,-2.27404344,95,-1,-98,1
08/30/2004 20:05:00,243,-2.275441638,96,-1,-101,1
08/30/2004 20:06:00,243,-2.276839836,96,-1,-103,1
08/30/2004 20:07:00,243,-2.278238034,96,-1,-104,1
08/30/2004 20:08:00,243,-2.278393488,98,-2,-105,1
08/30/2004 20:09:00,243,-2.278548942,98,-2,-105,1
08/30/2004 20:10:00,243,-2.278704395,97,-2,-104,1
08/30/2004 20:11:00,243,-2.278859849,96,-2,-104,1
08/30/2004 20:12:00,243,-2.279015303,93,-3,-103,1
08/30/2004 20:13:00,243,-2.225103606,93,-3,-103,1
08/30/2004 20:14:00,243,-2.171191908,90,-3,-103,1
08/30/2004 20:15:00,243,-2.11728021,89,-3,-104,1
08/30/2004 20:16:00,243,-2.063368512,87,-3,-104,1
08/30/2004 20:17:00,243,-2.009456815,85,-3,-103,1
08/30/2004 20:18:00,243,-1.988198657,84,-3,-102,1
08/30/2004 20:19:00,243,-1.966940499,83,-3,-102,1
08/30/2004 20:20:00,243,-1.945682341,83,-3,-101,1
08/30/2004 20:21:00,243,-1.924424183,81,-3,-99,1
08/30/2004 20:22:00,243,-1.903166025,80,-3,-99,1
08/30/2004 20:23:00,243,-1.929177394,80,-3,-98,1
08/30/2004 20:24:00,243,-1.955188763,81,-4,-97,1
08/30/2004 20:25:00,243,-1.981200133,82,-4,-96,1
08/30/2004 20:26:00,243,-2.007211502,84,-4,-95,1
08/30/2004 20:27:00,243,-2.033222872,85,-4,-95,1
08/30/2004 20:28:00,243,-2.034392416,85,-4,-94,1
08/30/2004 20:29:00,243,-2.035561961,86,-5,-93,1
08/30/2004 20:30:00,243,-2.036731505,87,-5,-93,1
08/30/2004 20:31:00,243,-2.037901049,88,-5,-93,1
08/30/2004 20:32:00,243,-2.039070594,89,-5,-92,1
08/30/2004 20:33:00,243,-2.015102812,85,-5,-94,1
08/30/2004 20:34:00,243,-1.991135031,85,-5,-95,1
08/30/2004 20:35:00,243,-1.967167249,83,-5,-96,1
08/30/2004 20:36:00,243,-1.943199468,82,-5,-96,1
08/30/2004 20:37:00,243,-1.919231686,84,-5,-96,1
08/30/2004 20:38:00,243,-1.877672635,90,-5,-95,1
08/30/2004 20:39:00,243,-1.836113583,95,-6,-93,1
08/30/2004 20:40:00,243,-1.794554532,97,-6,-92,1
08/30/2004 20:41:00,243,-1.75299548,98,-6,-92,1
08/30/2004 20:42:00,243,-1.711436429,102,-7,-91,1
08/30/2004 20:43:00,243,-1.717014343,102,-7,-91,1
08/30/2004 20:44:00,243,-1.722592256,106,-7,-90,1
08/30/2004 20:45:00,243,-1.72817017,110,-8,-89,1
08/30/2004 20:46:00,243,-1.733748083,109,-8,-89,1
08/30/2004 20:47:00,243,-1.739325997,108,-9,-90,1
08/30/2004 20:48:00,243,-1.753400672,111,-9,-88,1
08/30/2004 20:49:00,243,-1.767475348,108,-10,-89,1
08/30/2004 20:50:00,243,-1.781550024,107,-11,-89,1
08/30/2004 20:51:00,243,-1.795624699,104,-11,-89,1
08/30/2004 20:52:00,243,-1.809699375,97,-11,-91,1
08/30/2004 20:53:00,243,-1.766356832,90,-11,-93,1
08/30/2004 20:54:00,243,-1.723014289,87,-11,-95,1
08/30/2004 20:55:00,243,-1.679671746,85,-11,-96,1
08/30/2004 20:56:00,243,-1.636329202,83,-10,-96,1
08/30/2004 20:57:00,243,-1.592986659,83,-10,-97,1
08/30/2004 20:58:00,243,-1.580005468,79,-10,-98,1
08/30/2004 20:59:00,243,-1.567024278,78,-9,-99,1
08/30/2004 21:00:00,243,-1.554043087,80,-8,-101,1
08/30/2004 21:01:00,243,-1.541061896,83,-8,-102,1
08/30/2004 21:02:00,243,-1.528080705,85,-8,-103,1
08/30/2004 21:03:00,243,-1.450075352,87,-7,-104,1
08/30/2004 21:04:00,243,-1.372069999,88,-7,-104,1
08/30/2004 21:05:00,243,-1.294064646,89,-7,-104,1
08/30/2004 21:06:00,243,-1.216059292,89,-7,-103,1
08/30/2004 21:07:00,243,-1.138053939,89,-7,-104,1
08/30/2004 21:08:00,243,-1.140307265,89,-7,-104,1
08/30/2004 21:09:00,243,-1.14256059,88,-6,-103,1
08/30/2004 21:10:00,243,-1.144813916,88,-6,-103,1
08/30/2004 21:11:00,243,-1.147067241,87,-6,-102,1
08/30/2004 21:12:00,243,-1.149320567,87,-6,-102,1
08/30/2004 21:13:00,243,-1.148733525,89,-6,-101,1
08/30/2004 21:14:00,243,-1.148146483,92,-7,-100,1
08/30/2004 21:15:00,243,-1.147559441,99,-6,-97,1
08/30/2004 21:16:00,243,-1.1469724,107,-6,-95,1
08/30/2004 21:17:00,243,-1.146385358,111,-6,-93,1
08/30/2004 21:18:00,243,-1.110280676,113,-7,-91,1
08/30/2004 21:19:00,243,-1.074175995,115,-7,-89,1
08/30/2004 21:20:00,243,-1.038071314,120,-8,-87,1
08/30/2004 21:21:00,243,-1.001966633,121,-8,-86,1
08/30/2004 21:22:00,243,-0.965861951,122,-9,-85,1
08/30/2004 21:23:00,243,-0.892260771,123,-9,-83,1
08/30/2004 21:24:00,243,-0.818659591,122,-10,-83,1
08/30/2004 21:25:00,243,-0.745058411,120,-11,-84,1
08/30/2004 21:26:00,243,-0.67145723,118,-11,-86,1
08/30/2004 21:27:00,243,-0.59785605,112,-11,-88,1
08/30/2004 21:28:00,243,-0.51596847,107,-12,-91,1
08/30/2004 21:29:00,243,-0.43408089,104,-12,-93,1
08/30/2004 21:30:00,243,-0.352193309,102,-12,-94,1
08/30/2004 21:31:00,243,-0.270305729,102,-12,-96,1
08/30/2004 21:32:00,243,-0.188418149,100,-12,-97,1
08/30/2004 21:33:00,243,-0.165848715,98,-13,-99,1
08/30/2004 21:34:00,243,-0.143279281,92,-13,-100,1
08/30/2004 21:35:00,243,-0.120709848,86,-13,-103,1
08/30/2004 21:36:00,243,-0.098140414,82,-13,-104,1
08/30/2004 21:37:00,243,-0.07557098,76,-12,-106,1
08/30/2004 21:38:00,243,-0.08908741,74,-11,-109,1
08/30/2004 21:39:00,243,-0.10260384,72,-11,-113,1
08/30/2004 21:40:00,243,-0.11612027,71,-10,-115,1
08/30/2004 21:41:00,243,-0.1296367,74,-9,-112,1
08/30/2004 21:42:00,243,-0.14315313,87,-9,-108,1
08/30/2004 21:43:00,243,-0.069626048,92,-9,-105,1
08/30/2004 21:44:00,243,0.003901034,90,-9,-106,1
08/30/2004 21:45:00,243,0.077428115,88,-10,-105,1
08/30/2004 21:46:00,243,0.150955197,83,-11,-106,1
08/30/2004 21:47:00,243,0.224482279,80,-11,-109,1
08/30/2004 21:48:00,243,0.196977678,81,-10,-112,1
08/30/2004 21:49:00,243,0.169473077,81,-10,-113,1
08/30/2004 21:50:00,243,0.141968476,81,-10,-114,1
08/30/2004 21:51:00,243,0.114463874,81,-10,-115,1
08/30/2004 21:52:00,243,0.086959273,80,-10,-116,1
08/30/2004 21:53:00,243,0.08457525,80,-10,-116,1
08/30/2004 21:54:00,243,0.082191226,81,-11,-116,1
08/30/2004 21:55:00,243,0.079807203,83,-11,-115,1
08/30/2004 21:56:00,243,0.077423179,85,-12,-115,1
08/30/2004 21:57:00,243,0.075039156,90,-12,-112,1
08/30/2004 21:58:00,243,0.016142598,93,-13,-111,1
08/30/2004 21:59:00,243,-0.042753959,93,-14,-109,1
08/30/2004 22:00:00,243,-0.101650516,93,-14,-107,1
08/30/2004 22:01:00,243,-0.160547074,90,-15,-107,1
08/30/2004 22:02:00,243,-0.219443631,88,-16,-107,1
08/30/2004 22:03:00,243,-0.117911392,88,-17,-107,1
08/30/2004 22:04:00,243,-0.016379153,90,-18,-107,1
08/30/2004 22:05:00,243,0.085153086,90,-18,-106,1
08/30/2004 22:06:00,243,0.186685325,91,-18,-106,1
08/30/2004 22:07:00,243,0.288217564,92,-18,-105,1
08/30/2004 22:08:00,243,0.34107563,92,-18,-105,1
08/30/2004 22:09:00,243,0.393933696,91,-18,-105,1
08/30/2004 22:10:00,243,0.446791762,90,-19,-107,1
08/30/2004 22:11:00,243,0.499649828,92,-19,-108,1
08/30/2004 22:12:00,243,0.552507894,94,-19,-109,1
08/30/2004 22:13:00,243,0.542529994,96,-20,-109,1
08/30/2004 22:14:00,243,0.532552094,97,-20,-110,1
08/30/2004 22:15:00,243,0.522574194,99,-21,-112,1
08/30/2004 22:16:00,243,0.512596294,103,-21,-112,1
08/30/2004 22:17:00,243,0.502618394,105,-21,-110,1
08/30/2004 22:18:00,243,0.55471796,105,-21,-110,1
08/30/2004 22:19:00,243,0.606817527,105,-22,-111,1
08/30/2004 22:20:00,243,0.658917093,104,-21,-111,1
08/30/2004 22:21:00,243,0.71101666,102,-22,-111,1
08/30/2004 22:22:00,243,0.763116226,99,-22,-112,1
08/30/2004 22:23:00,243,0.853642593,97,-22,-113,1
08/30/2004 22:24:00,243,0.944168959,96,-22,-113,1
08/30/2004 22:25:00,243,1.034695325,94,-22,-113,1
08/30/2004 22:26:00,243,1.125221692,95,-21,-115,1
08/30/2004 22:27:00,243,1.215748058,97,-21,-115,1
08/30/2004 22:28:00,243,1.276169281,99,-20,-116,1
08/30/2004 22:29:00,243,1.336590504,101,-20,-116,1
08/30/2004 22:30:00,243,1.397011727,102,-20,-115,1
08/30/2004 22:31:00,243,1.45743295,104,-19,-113,1
08/30/2004 22:32:00,243,1.517854173,102,-20,-112,1
08/30/2004 22:33:00,243,1.616497145,100,-20,-112,1
08/30/2004 22:34:00,243,1.715140118,101,-19,-112,1
08/30/2004 22:35:00,243,1.813783091,101,-19,-110,1
08/30/2004 22:36:00,243,1.912426064,100,-19,-108,1
08/30/2004 22:37:00,243,2.011069037,97,-19,-106,1
08/30/2004 22:38:00,243,2.085305717,95,-19,-105,1
08/30/2004 22:39:00,243,2.159542398,93,-18,-109,1
08/30/2004 22:40:00,243,2.233779079,93,-16,-114,1
08/30/2004 22:41:00,243,2.30801576,94,-15,-117,1
08/30/2004 22:42:00,243,2.382252441,97,-15,-118,1
08/30/2004 22:43:00,243,2.406857588,102,-15,-121,1
08/30/2004 22:44:00,243,2.431462735,109,-14,-124,1
08/30/2004 22:45:00,243,2.456067882,113,-14,-125,1
08/30/2004 22:46:00,243,2.48067303,119,-14,-127,1
08/30/2004 22:47:00,243,2.505278177,122,-16,-128,1
08/30/2004 22:48:00,243,2.562263177,122,-16,-128,1
08/30/2004 22:49:00,243,2.619248177,122,-16,-128,1
08/30/2004 22:50:00,243,2.676233177,120,-16,-128,1
08/30/2004 22:51:00,243,2.733218177,117,-16,-128,1
08/30/2004 22:52:00,243,2.790203177,115,-16,-128,1
08/30/2004 22:53:00,243,2.859690665,114,-16,-128,1
08/30/2004 22:54:00,243,2.929178152,110,-15,-127,1
08/30/2004 22:55:00,243,2.998665639,107,-15,-127,1
08/30/2004 22:56:00,243,3.068153127,105,-15,-126,1
08/30/2004 22:57:00,243,3.137640614,102,-14,-125,1
08/30/2004 22:58:00,243,3.166326186,100,-14,-125,1
08/30/2004 22:59:00,243,3.195011759,98,-14,-124,1
08/30/2004 23:00:00,243,3.223697331,96,-14,-123,1
08/30/2004 23:01:00,243,3.252382904,95,-14,-123,1
08/30/2004 23:02:00,243,3.281068476,96,-14,-123,1
08/30/2004 23:03:00,243,3.307633869,96,-15,-123,1
08/30/2004 23:04:00,243,3.334199262,96,-15,-123,1
08/30/2004 23:05:00,243,3.360764654,95,-15,-123,1
08/30/2004 23:06:00,243,3.387330047,92,-15,-122,1
08/30/2004 23:07:00,243,3.41389544,91,-15,-122,1
08/30/2004 23:08:00,243,3.45738418,89,-15,-121,1
08/30/2004 23:09:00,243,3.500872919,87,-16,-120,1
08/30/2004 23:10:00,243,3.544361659,86,-16,-120,1
08/30/2004 23:11:00,243,3.587850398,83,-16,-119,1
08/30/2004 23:12:00,243,3.631339138,80,-17,-118,1
08/30/2004 23:13:00,243,3.621465935,77,-17,-118,1
08/30/2004 23:14:00,243,3.611592732,74,-17,-118,1
08/30/2004 23:15:00,243,3.601719529,72,-17,-117,1
08/30/2004 23:16:00,243,3.591846326,68,-17,-117,1
08/30/2004 23:17:00,243,3.581973123,67,-17,-118,1
08/30/2004 23:18:00,243,3.533881544,66,-18,-118,1
08/30/2004 23:19:00,243,3.485789965,66,-18,-116,1
08/30/2004 23:20:00,243,3.437698386,66,-17,-115,1
08/30/2004 23:21:00,243,3.389606807,63,-17,-114,1
08/30/2004 23:22:00,243,3.341515228,62,-17,-113,1
08/30/2004 23:23:00,243,3.296091323,60,-16,-113,1
08/30/2004 23:24:00,243,3.250667418,57,-15,-111,1
08/30/2004 23:25:00,243,3.205243512,54,-15,-110,1
08/30/2004 23:26:00,243,3.159819607,52,-14,-110,1
08/30/2004 23:27:00,243,3.114395701,52,-12,-111,1
08/30/2004 23:28:00,243,3.063278106,59,-11,-112,1
08/30/2004 23:29:00,243,3.01216051,65,-11,-113,1
08/30/2004 23:30:00,243,2.961042914,70,-10,-114,1
08/30/2004 23:31:00,243,2.909925318,74,-8,-116,1
08/30/2004 23:32:00,243,2.858807723,75,-7,-117,1
08/30/2004 23:33:00,243,2.792734419,73,-5,-117,1
08/30/2004 23:34:00,243,2.726661115,68,-3,-117,1
08/30/2004 23:35:00,243,2.660587811,61,-2,-117,1
08/30/2004 23:36:00,243,2.594514507,60,0,-116,1
08/30/2004 23:37:00,243,2.528441203,56,1,-114,1
08/30/2004 23:38:00,243,2.541488429,51,1,-111,1
08/30/2004 23:39:00,243,2.554535655,46,1,-110,1
08/30/2004 23:40:00,243,2.567582881,44,0,-109,1
08/30/2004 23:41:00,243,2.580630107,42,0,-109,1
08/30/2004 23:42:00,243,2.593677334,45,-1,-109,1
08/30/2004 23:43:00,243,2.634103666,47,-1,-109,1
08/30/2004 23:44:00,243,2.674529999,48,-2,-109,1
08/30/2004 23:45:00,243,2.714956331,48,-3,-109,1
08/30/2004 23:46:00,243,2.755382664,47,-4,-109,1
08/30/2004 23:47:00,243,2.795808996,44,-5,-109,1
08/30/2004 23:48:00,243,2.812639558,43,-5,-109,1
08/30/2004 23:49:00,243,2.829470119,39,-6,-108,1
08/30/2004 23:50:00,243,2.846300681,35,-6,-107,1
08/30/2004 23:51:00,243,2.863131242,33,-7,-107,1
08/30/2004 23:52:00,243,2.879961804,30,-7,-106,1
08/30/2004 23:53:00,243,2.875077849,27,-6,-105,1
08/30/2004 23:54:00,243,2.870193894,25,-6,-104,1
08/30/2004 23:55:00,243,2.86530994,23,-6,-103,1
08/30/2004 23:56:00,243,2.860425985,21,-6,-103,1
08/30/2004 23:57:00,243,2.85554203,22,-6,-103,1
08/30/2004 23:58:00,243,3.035371928,23,-6,-103,1
08/30/2004 23:59:00,243,3.215201825,23,-5,-103,1
08/31/2004 00:00:00,244,3.395031723,22,-4,-103,1
08/31/2004 00:01:00,244,3.574861621,21,-4,-102,1
08/31/2004 00:02:00,244,3.754691518,20,-3,-102,1
08/31/2004 00:03:00,244,3.711065895,19,-3,-101,1
08/31/2004 00:04:00,244,3.667440271,20,-2,-102,1
08/31/2004 00:05:00,244,3.623814647,21,-2,-103,1
08/31/2004 00:06:00,244,3.580189024,20,-1,-103,1
08/31/2004 00:07:00,244,3.5365634,19,-1,-103,1
08/31/2004 00:08:00,244,3.447148519,18,-1,-103,1
08/31/2004 00:09:00,244,3.357733637,18,-1,-104,1
08/31/2004 00:10:00,244,3.268318756,17,0,-104,1
08/31/2004 00:11:00,244,3.178903874,20,0,-103,1
08/31/2004 00:12:00,244,3.089488993,19,1,-102,1
08/31/2004 00:13:00,244,3.007039193,22,2,-101,1
08/31/2004 00:14:00,244,2.924589394,26,3,-100,1
08/31/2004 00:15:00,244,2.842139594,30,4,-99,1
08/31/2004 00:16:00,244,2.759689794,35,4,-98,1
08/31/2004 00:17:00,244,2.677239995,38,4,-97,1
08/31/2004 00:18:00,244,2.567375672,40,4,-96,1
08/31/2004 00:19:00,244,2.457511349,44,3,-95,1
08/31/2004 00:20:00,244,2.347647026,46,2,-95,1
08/31/2004 00:21:00,244,2.237782703,47,1,-95,1
08/31/2004 00:22:00,244,2.12791838,47,0,-95,1
08/31/2004 00:23:00,244,2.082062935,47,-1,-96,1
08/31/2004 00:24:00,244,2.03620749,45,-2,-96,1
08/31/2004 00:25:00,244,1.990352045,45,-3,-96,1
08/31/2004 00:26:00,244,1.9444966,45,-3,-96,1
08/31/2004 00:27:00,244,1.898641156,46,-3,-95,1
08/31/2004 00:28:00,244,1.837866406,45,-4,-95,1
08/31/2004 00:29:00,244,1.777091657,46,-4,-94,1
08/31/2004 00:30:00,244,1.716316908,45,-4,-93,1
08/31/2004 00:31:00,244,1.655542158,45,-5,-91,1
08/31/2004 00:32:00,244,1.594767409,45,-5,-91,1
08/31/2004 00:33:00,244,1.55759018,46,-5,-90,1
08/31/2004 00:34:00,244,1.520412952,45,-5,-90,1
08/31/2004 00:35:00,244,1.483235723,46,-4,-89,1
08/31/2004 00:36:00,244,1.446058494,46,-5,-89,1
08/31/2004 00:37:00,244,1.408881266,46,-4,-89,1
08/31/2004 00:38:00,244,1.362902933,44,-4,-89,1
08/31/2004 00:39:00,244,1.3169246,41,-3,-89,1
08/31/2004 00:40:00,244,1.270946267,42,-3,-90,1
08/31/2004 00:41:00,244,1.224967934,43,-2,-89,1
08/31/2004 00:42:00,244,1.178989601,46,-2,-89,1
08/31/2004 00:43:00,244,1.079122205,48,-2,-89,1
08/31/2004 00:44:00,244,0.97925481,52,-1,-88,1
08/31/2004 00:45:00,244,0.879387414,56,-1,-88,1
08/31/2004 00:46:00,244,0.779520019,58,0,-87,1
08/31/2004 00:47:00,244,0.679652623,60,0,-86,1
08/31/2004 00:48:00,244,0.579732487,61,1,-85,1
08/31/2004 00:49:00,244,0.479812351,61,1,-85,1
08/31/2004 00:50:00,244,0.379892215,61,1,-84,1
08/31/2004 00:51:00,244,0.279972078,60,1,-84,1
08/31/2004 00:52:00,244,0.180051942,59,1,-84,1
08/31/2004 00:53:00,244,0.158455796,58,1,-84,1
08/31/2004 00:54:00,244,0.13685965,55,1,-84,1
08/31/2004 00:55:00,244,0.115263504,53,0,-84,1
08/31/2004 00:56:00,244,0.093667359,52,0,-84,1
08/31/2004 00:57:00,244,0.072071213,53,0,-84,1
08/31/2004 00:58:00,244,0.017064093,53,0,-83,1
08/31/2004 00:59:00,244,-0.037943028,53,0,-82,1
08/31/2004 01:00:00,244,-0.092950148,54,0,-82,1
08/31/2004 01:01:00,244,-0.147957268,53,-1,-81,1
08/31/2004 01:02:00,244,-0.202964388,51,-1,-81,1
08/31/2004 01:03:00,244,-0.269151134,49,-1,-82,1
08/31/2004 01:04:00,244,-0.335337879,46,-1,-82,1
08/31/2004 01:05:00,244,-0.401524625,41,-1,-82,1
08/31/2004 01:06:00,244,-0.46771137,40,-2,-83,1
08/31/2004 01:07:00,244,-0.533898116,39,-1,-83,1
08/31/2004 01:08:00,244,-0.515463464,40,-1,-83,1
08/31/2004 01:09:00,244,-0.497028813,40,-1,-83,1
08/31/2004 01:10:00,244,-0.478594161,41,-1,-83,1
08/31/2004 01:11:00,244,-0.46015951,41,0,-83,1
08/31/2004 01:12:00,244,-0.441724858,41,-1,-84,1
08/31/2004 01:13:00,244,-0.428343565,41,-1,-84,1
08/31/2004 01:14:00,244,-0.414962271,42,-1,-84,1
08/31/2004 01:15:00,244,-0.401580977,42,-1,-84,1
08/31/2004 01:16:00,244,-0.388199683,42,-1,-84,1
08/31/2004 01:17:00,244,-0.374818389,42,-1,-85,1
08/31/2004 01:18:00,244,-0.365064089,42,-1,-85,1
08/31/2004 01:19:00,244,-0.355309788,43,-1,-86,1
08/31/2004 01:20:00,244,-0.345555488,43,-1,-86,1
08/31/2004 01:21:00,244,-0.335801187,44,-2,-87,1
08/31/2004 01:22:00,244,-0.326046887,44,-2,-87,1
08/31/2004 01:23:00,244,-0.366942816,45,-2,-89,1
08/31/2004 01:24:00,244,-0.407838745,45,-2,-89,1
08/31/2004 01:25:00,244,-0.448734674,44,-3,-89,1
08/31/2004 01:26:00,244,-0.489630603,44,-3,-90,1
08/31/2004 01:27:00,244,-0.530526531,43,-3,-91,1
08/31/2004 01:28:00,244,-0.524832967,43,-3,-91,1
08/31/2004 01:29:00,244,-0.519139403,43,-4,-91,1
08/31/2004 01:30:00,244,-0.513445839,44,-3,-91,1
08/31/2004 01:31:00,244,-0.507752275,45,-4,-91,1
08/31/2004 01:32:00,244,-0.502058711,45,-4,-91,1
08/31/2004 01:33:00,244,-0.521594665,47,-3,-91,1
08/31/2004 01:34:00,244,-0.541130618,46,-3,-90,1
08/31/2004 01:35:00,244,-0.560666572,46,-3,-89,1
08/31/2004 01:36:00,244,-0.580202525,46,-4,-89,1
08/31/2004 01:37:00,244,-0.599738479,45,-4,-90,1
08/31/2004 01:38:00,244,-0.620264238,43,-4,-90,1
08/31/2004 01:39:00,244,-0.640789997,42,-5,-91,1
08/31/2004 01:40:00,244,-0.661315756,43,-5,-91,1
08/31/2004 01:41:00,244,-0.681841516,44,-6,-91,1
08/31/2004 01:42:00,244,-0.702367275,44,-6,-91,1
08/31/2004 01:43:00,244,-0.745010892,45,-6,-90,1
08/31/2004 01:44:00,244,-0.787654509,47,-5,-90,1
08/31/2004 01:45:00,244,-0.830298126,48,-5,-89,1
08/31/2004 01:46:00,244,-0.872941743,50,-5,-89,1
08/31/2004 01:47:00,244,-0.915585359,53,-5,-88,1
08/31/2004 01:48:00,244,-0.917158753,53,-5,-87,1
08/31/2004 01:49:00,244,-0.918732146,52,-5,-87,1
08/31/2004 01:50:00,244,-0.920305539,51,-5,-86,1
08/31/2004 01:51:00,244,-0.921878932,50,-6,-87,1
08/31/2004 01:52:00,244,-0.923452325,50,-6,-88,1
08/31/2004 01:53:00,244,-0.970819359,53,-7,-89,1
08/31/2004 01:54:00,244,-1.018186393,54,-6,-89,1
08/31/2004 01:55:00,244,-1.065553426,55,-7,-90,1
08/31/2004 01:56:00,244,-1.11292046,57,-7,-90,1
08/31/2004 01:57:00,244,-1.160287494,58,-7,-90,1
08/31/2004 01:58:00,244,-1.193334087,59,-7,-91,1
08/31/2004 01:59:00,244,-1.22638068,60,-7,-91,1
08/31/2004 02:00:00,244,-1.259427274,60,-7,-92,1
08/31/2004 02:01:00,244,-1.292473867,60,-7,-92,1
08/31/2004 02:02:00,244,-1.325520461,61,-7,-92,1
08/31/2004 02:03:00,244,-1.34733379,61,-7,-93,1
08/31/2004 02:04:00,244,-1.369147119,62,-7,-93,1
08/31/2004 02:05:00,244,-1.390960449,62,-7,-93,1
08/31/2004 02:06:00,244,-1.412773778,63,-7,-93,1
08/31/2004 02:07:00,244,-1.434587107,63,-7,-93,1
08/31/2004 02:08:00,244,-1.420303042,63,-7,-93,1
08/31/2004 02:09:00,244,-1.406018978,63,-6,-94,1
08/31/2004 02:10:00,244,-1.391734913,63,-6,-94,1
08/31/2004 02:11:00,244,-1.377450848,62,-6,-94,1
08/31/2004 02:12:00,244,-1.363166783,62,-6,-94,1
08/31/2004 02:13:00,244,-1.373669833,61,-6,-94,1
08/31/2004 02:14:00,244,-1.384172884,62,-6,-95,1
08/31/2004 02:15:00,244,-1.394675934,62,-6,-95,1
08/31/2004 02:16:00,244,-1.405178984,62,-6,-95,1
08/31/2004 02:17:00,244,-1.415682035,62,-6,-96,1
08/31/2004 02:18:00,244,-1.430991055,62,-6,-96,1
08/31/2004 02:19:00,244,-1.446300076,61,-5,-95,1
08/31/2004 02:20:00,244,-1.461609097,62,-5,-95,1
08/31/2004 02:21:00,244,-1.476918117,63,-4,-95,1
08/31/2004 02:22:00,244,-1.492227138,63,-4,-94,1
08/31/2004 02:23:00,244,-1.510554769,62,-3,-94,1
08/31/2004 02:24:00,244,-1.5288824,62,-2,-93,1
08/31/2004 02:25:00,244,-1.547210031,62,-2,-93,1
08/31/2004 02:26:00,244,-1.565537662,65,-1,-92,1
08/31/2004 02:27:00,244,-1.583865293,71,0,-92,1
08/31/2004 02:28:00,244,-1.614179858,78,1,-91,1
08/31/2004 02:29:00,244,-1.644494424,85,1,-90,1
08/31/2004 02:30:00,244,-1.674808989,90,2,-90,1
08/31/2004 02:31:00,244,-1.705123555,94,2,-90,1
08/31/2004 02:32:00,244,-1.73543812,95,2,-90,1
08/31/2004 02:33:00,244,-1.777834803,95,2,-90,1
08/31/2004 02:34:00,244,-1.820231486,97,2,-90,1
08/31/2004 02:35:00,244,-1.86262817,100,3,-89,1
08/31/2004 02:36:00,244,-1.905024853,100,3,-89,1
08/31/2004 02:37:00,244,-1.947421536,100,4,-89,1
08/31/2004 02:38:00,244,-2.005611079,98,4,-88,1
08/31/2004 02:39:00,244,-2.063800622,94,4,-88,1
08/31/2004 02:40:00,244,-2.121990165,93,5,-88,1
08/31/2004 02:41:00,244,-2.180179708,93,5,-88,1
08/31/2004 02:42:00,244,-2.238369251,98,5,-87,1
08/31/2004 02:43:00,244,-2.299290175,102,6,-86,1
08/31/2004 02:44:00,244,-2.360211098,101,6,-85,1
08/31/2004 02:45:00,244,-2.421132022,100,7,-85,1
08/31/2004 02:46:00,244,-2.482052945,100,7,-84,1
08/31/2004 02:47:00,244,-2.542973869,103,8,-84,1
08/31/2004 02:48:00,244,-2.56577866,107,8,-83,1
08/31/2004 02:49:00,244,-2.588583451,108,7,-83,1
08/31/2004 02:50:00,244,-2.611388242,107,7,-82,1
08/31/2004 02:51:00,244,-2.634193033,105,7,-82,1
08/31/2004 02:52:00,244,-2.656997824,102,7,-81,1
08/31/2004 02:53:00,244,-2.728966958,101,7,-80,1
08/31/2004 02:54:00,244,-2.800936092,104,7,-79,1
08/31/2004 02:55:00,244,-2.872905226,107,7,-79,1
08/31/2004 02:56:00,244,-2.94487436,109,6,-78,1
08/31/2004 02:57:00,244,-3.016843495,111,5,-78,1
08/31/2004 02:58:00,244,-3.02567642,111,5,-78,1
08/31/2004 02:59:00,244,-3.034509345,109,4,-78,1
08/31/2004 03:00:00,244,-3.043342271,110,3,-77,1
08/31/2004 03:01:00,244,-3.052175196,107,2,-77,1
08/31/2004 03:02:00,244,-3.061008122,104,2,-77,1
08/31/2004 03:03:00,244,-3.071521739,101,1,-77,1
08/31/2004 03:04:00,244,-3.082035356,98,0,-77,1
08/31/2004 03:05:00,244,-3.092548974,98,0,-77,1
08/31/2004 03:06:00,244,-3.103062591,97,-1,-77,1
08/31/2004 03:07:00,244,-3.113576208,97,-1,-77,1
08/31/2004 03:08:00,244,-3.110418691,97,-1,-77,1
08/31/2004 03:09:00,244,-3.107261174,97,-2,-77,1
08/31/2004 03:10:00,244,-3.104103657,97,-2,-77,1
08/31/2004 03:11:00,244,-3.10094614,96,-3,-77,1
08/31/2004 03:12:00,244,-3.097788623,96,-3,-77,1
08/31/2004 03:13:00,244,-3.108673567,94,-3,-76,1
08/31/2004 03:14:00,244,-3.119558511,94,-4,-76,1
08/31/2004 03:15:00,244,-3.130443455,93,-4,-77,1
08/31/2004 03:16:00,244,-3.141328399,94,-4,-77,1
08/31/2004 03:17:00,244,-3.152213343,93,-4,-76,1
08/31/2004 03:18:00,244,-3.118593768,91,-4,-76,1
08/31/2004 03:19:00,244,-3.084974193,91,-4,-76,1
08/31/2004 03:20:00,244,-3.051354618,89,-4,-76,1
08/31/2004 03:21:00,244,-3.017735044,90,-4,-76,1
08/31/2004 03:22:00,244,-2.984115469,90,-4,-76,1
08/31/2004 03:23:00,244,-2.964805044,91,-4,-76,1
08/31/2004 03:24:00,244,-2.94549462,90,-4,-77,1
08/31/2004 03:25:00,244,-2.926184195,91,-4,-76,1
08/31/2004 03:26:00,244,-2.906873771,92,-4,-77,1
08/31/2004 03:27:00,244,-2.887563346,92,-4,-77,1
08/31/2004 03:28:00,244,-2.914682323,91,-4,-78,1
08/31/2004 03:29:00,244,-2.9418013,91,-4,-77,1
08/31/2004 03:30:00,244,-2.968920277,90,-4,-78,1
08/31/2004 03:31:00,244,-2.996039254,88,-4,-78,1
08/31/2004 03:32:00,244,-3.023158231,87,-4,-78,1
08/31/2004 03:33:00,244,-3.007494424,87,-4,-78,1
08/31/2004 03:34:00,244,-2.991830616,85,-4,-78,1
08/31/2004 03:35:00,244,-2.976166809,84,-4,-78,1
08/31/2004 03:36:00,244,-2.960503001,83,-4,-79,1
08/31/2004 03:37:00,244,-2.944839193,83,-4,-79,1
08/31/2004 03:38:00,244,-2.986581229,83,-4,-78,1
08/31/2004 03:39:00,244,-3.028323264,82,-3,-78,1
08/31/2004 03:40:00,244,-3.070065299,82,-3,-78,1
08/31/2004 03:41:00,244,-3.111807335,82,-3,-78,1
08/31/2004 03:42:00,244,-3.15354937,80,-3,-77,1
08/31/2004 03:43:00,244,-3.175778607,79,-3,-77,1
08/31/2004 03:44:00,244,-3.198007844,78,-4,-77,1
08/31/2004 03:45:00,244,-3.220237081,76,-4,-76,1
08/31/2004 03:46:00,244,-3.242466318,76,-4,-77,1
08/31/2004 03:47:00,244,-3.264695555,75,-4,-77,1
08/31/2004 03:48:00,244,-3.287154292,75,-4,-77,1
08/31/2004 03:49:00,244,-3.309613028,74,-4,-78,1
08/31/2004 03:50:00,244,-3.332071765,74,-4,-79,1
08/31/2004 03:51:00,244,-3.354530502,74,-4,-79,1
08/31/2004 03:52:00,244,-3.376989238,73,-4,-79,1
08/31/2004 03:53:00,244,-3.36214047,73,-4,-80,1
08/31/2004 03:54:00,244,-3.347291703,73,-3,-80,1
08/31/2004 03:55:00,244,-3.332442935,73,-3,-80,1
08/31/2004 03:56:00,244,-3.317594167,73,-3,-80,1
08/31/2004 03:57:00,244,-3.302745399,73,-3,-81,1
08/31/2004 03:58:00,244,-3.308316965,74,-2,-81,1
08/31/2004 03:59:00,244,-3.313888532,74,-2,-81,1
08/31/2004 04:00:00,244,-3.319460098,74,-2,-80,1
08/31/2004 04:01:00,244,-3.325031664,73,-2,-80,1
08/31/2004 04:02:00,244,-3.33060323,73,-2,-80,1
08/31/2004 04:03:00,244,-3.356965352,73,-2,-80,1
08/31/2004 04:04:00,244,-3.383327473,73,-2,-80,1
08/31/2004 04:05:00,244,-3.409689594,73,-2,-80,1
08/31/2004 04:06:00,244,-3.436051715,73,-2,-79,1
08/31/2004 04:07:00,244,-3.462413837,72,-2,-79,1
08/31/2004 04:08:00,244,-3.469909911,71,-2,-78,1
08/31/2004 04:09:00,244,-3.477405986,71,-2,-78,1
08/31/2004 04:10:00,244,-3.48490206,71,-2,-78,1
08/31/2004 04:11:00,244,-3.492398134,70,-2,-78,1
08/31/2004 04:12:00,244,-3.499894209,71,-2,-77,1
08/31/2004 04:13:00,244,-3.475766162,72,-2,-76,1
08/31/2004 04:14:00,244,-3.451638115,71,-2,-76,1
08/31/2004 04:15:00,244,-3.427510068,71,-2,-75,1
08/31/2004 04:16:00,244,-3.403382021,71,-2,-74,1
08/31/2004 04:17:00,244,-3.379253975,71,-3,-74,1
08/31/2004 04:18:00,244,-3.365132619,71,-2,-74,1
08/31/2004 04:19:00,244,-3.351011264,72,-2,-74,1
08/31/2004 04:20:00,244,-3.336889908,73,-2,-75,1
08/31/2004 04:21:00,244,-3.322768553,74,-2,-76,1
08/31/2004 04:22:00,244,-3.308647198,74,-2,-77,1
08/31/2004 04:23:00,244,-3.269409304,75,-2,-78,1
08/31/2004 04:24:00,244,-3.230171409,76,-2,-78,1
08/31/2004 04:25:00,244,-3.190933515,76,-2,-78,1
08/31/2004 04:26:00,244,-3.151695621,77,-2,-78,1
08/31/2004 04:27:00,244,-3.112457727,78,-3,-79,1
08/31/2004 04:28:00,244,-3.081709271,78,-2,-79,1
08/31/2004 04:29:00,244,-3.050960814,78,-3,-80,1
08/31/2004 04:30:00,244,-3.020212357,77,-3,-79,1
08/31/2004 04:31:00,244,-2.989463901,78,-3,-80,1
08/31/2004 04:32:00,244,-2.958715444,78,-2,-80,1
08/31/2004 04:33:00,244,-2.934333672,77,-3,-80,1
08/31/2004 04:34:00,244,-2.9099519,76,-3,-79,1
08/31/2004 04:35:00,244,-2.885570127,76,-3,-79,1
08/31/2004 04:36:00,244,-2.861188355,76,-3,-80,1
08/31/2004 04:37:00,244,-2.836806583,76,-3,-80,1
08/31/2004 04:38:00,244,-2.828898524,76,-3,-80,1
08/31/2004 04:39:00,244,-2.820990465,77,-3,-79,1
08/31/2004 04:40:00,244,-2.813082407,77,-3,-80,1
08/31/2004 04:41:00,244,-2.805174348,78,-3,-80,1
08/31/2004 04:42:00,244,-2.79726629,78,-3,-80,1
08/31/2004 04:43:00,244,-2.759213271,78,-3,-80,1
08/31/2004 04:44:00,244,-2.721160252,78,-3,-79,1
08/31/2004 04:45:00,244,-2.683107233,78,-2,-79,1
08/31/2004 04:46:00,244,-2.645054214,78,-2,-79,1
08/31/2004 04:47:00,244,-2.607001195,80,-2,-79,1
08/31/2004 04:48:00,244,-2.563324622,80,-2,-79,1
08/31/2004 04:49:00,244,-2.519648049,80,-2,-79,1
08/31/2004 04:50:00,244,-2.475971476,80,-2,-78,1
08/31/2004 04:51:00,244,-2.432294903,81,-2,-78,1
08/31/2004 04:52:00,244,-2.388618331,81,-2,-78,1
08/31/2004 04:53:00,244,-2.383445869,81,-2,-78,1
08/31/2004 04:54:00,244,-2.378273408,82,-2,-78,1
08/31/2004 04:55:00,244,-2.373100947,81,-2,-78,1
08/31/2004 04:56:00,244,-2.367928486,81,-2,-78,1
08/31/2004 04:57:00,244,-2.362756025,80,-2,-78,1
08/31/2004 04:58:00,244,-2.339176521,80,-2,-79,1
08/31/2004 04:59:00,244,-2.315597016,79,-2,-79,1
08/31/2004 05:00:00,244,-2.292017512,79,-1,-79,1
08/31/2004 05:01:00,244,-2.268438008,79,-1,-79,1
08/31/2004 05:02:00,244,-2.244858504,79,-2,-79,1
08/31/2004 05:03:00,244,-2.23668714,79,-2,-78,1
08/31/2004 05:04:00,244,-2.228515777,79,-2,-78,1
08/31/2004 05:05:00,244,-2.220344414,79,-2,-79,1
08/31/2004 05:06:00,244,-2.212173051,79,-2,-79,1
08/31/2004 05:07:00,244,-2.204001688,78,-2,-79,1
08/31/2004 05:08:00,244,-2.181854737,78,-2,-79,1
08/31/2004 05:09:00,244,-2.159707785,78,-2,-80,1
08/31/2004 05:10:00,244,-2.137560833,77,-2,-80,1
08/31/2004 05:11:00,244,-2.115413882,76,-1,-80,1
08/31/2004 05:12:00,244,-2.09326693,77,-1,-80,1
08/31/2004 05:13:00,244,-2.05171921,77,-2,-79,1
08/31/2004 05:14:00,244,-2.010171491,78,-2,-79,1
08/31/2004 05:15:00,244,-1.968623771,78,-1,-79,1
08/31/2004 05:16:00,244,-1.927076051,78,-1,-78,1
08/31/2004 05:17:00,244,-1.885528331,79,-1,-78,1
08/31/2004 05:18:00,244,-1.900550526,79,-1,-79,1
08/31/2004 05:19:00,244,-1.91557272,80,0,-79,1
08/31/2004 05:20:00,244,-1.930594914,80,0,-78,1
08/31/2004 05:21:00,244,-1.945617109,81,0,-77,1
08/31/2004 05:22:00,244,-1.960639303,81,0,-77,1
08/31/2004 05:23:00,244,-1.934813187,82,0,-76,1
08/31/2004 05:24:00,244,-1.90898707,83,0,-76,1
08/31/2004 05:25:00,244,-1.883160954,82,0,-75,1
08/31/2004 05:26:00,244,-1.857334837,82,0,-75,1
08/31/2004 05:27:00,244,-1.831508721,81,0,-75,1
08/31/2004 05:28:00,244,-1.782233728,80,0,-75,1
08/31/2004 05:29:00,244,-1.732958735,78,0,-75,1
08/31/2004 05:30:00,244,-1.683683743,77,-1,-75,1
08/31/2004 05:31:00,244,-1.63440875,77,-1,-75,1
08/31/2004 05:32:00,244,-1.585133757,77,-1,-75,1
08/31/2004 05:33:00,244,-1.527229165,77,-1,-75,1
08/31/2004 05:34:00,244,-1.469324573,77,-1,-75,1
08/31/2004 05:35:00,244,-1.411419981,76,-1,-75,1
08/31/2004 05:36:00,244,-1.353515389,76,-2,-75,1
08/31/2004 05:37:00,244,-1.295610796,76,-1,-75,1
08/31/2004 05:38:00,244,-1.328508876,75,-2,-76,1
08/31/2004 05:39:00,244,-1.361406955,75,-2,-75,1
08/31/2004 05:40:00,244,-1.394305035,75,-2,-75,1
08/31/2004 05:41:00,244,-1.427203114,74,-2,-76,1
08/31/2004 05:42:00,244,-1.460101194,72,-2,-76,1
08/31/2004 05:43:00,244,-1.456778628,72,-2,-76,1
08/31/2004 05:44:00,244,-1.453456062,72,-2,-75,1
08/31/2004 05:45:00,244,-1.450133495,73,-1,-74,1
08/31/2004 05:46:00,244,-1.446810929,72,-1,-73,1
08/31/2004 05:47:00,244,-1.443488363,72,-1,-72,1
08/31/2004 05:48:00,244,-1.436836931,70,-1,-72,1
08/31/2004 05:49:00,244,-1.4301855,71,-2,-71,1
08/31/2004 05:50:00,244,-1.423534068,70,-2,-69,1
08/31/2004 05:51:00,244,-1.416882636,68,-2,-67,1
08/31/2004 05:52:00,244,-1.410231204,68,-2,-65,1
08/31/2004 05:53:00,244,-1.401635958,68,-2,-62,1
08/31/2004 05:54:00,244,-1.393040711,67,-2,-61,1
08/31/2004 05:55:00,244,-1.384445464,67,-2,-60,1
08/31/2004 05:56:00,244,-1.375850218,66,-3,-59,1
08/31/2004 05:57:00,244,-1.367254971,64,-3,-58,1
08/31/2004 05:58:00,244,-1.361766184,64,-3,-57,1
08/31/2004 05:59:00,244,-1.356277397,62,-3,-56,1
08/31/2004 06:00:00,244,-1.350788609,62,-4,-56,1
08/31/2004 06:01:00,244,-1.345299822,60,-4,-55,1
08/31/2004 06:02:00,244,-1.339811035,60,-4,-55,1
08/31/2004 06:03:00,244,-1.32688837,60,-4,-54,1
08/31/2004 06:04:00,244,-1.313965706,59,-4,-55,1
08/31/2004 06:05:00,244,-1.301043041,57,-4,-55,1
08/31/2004 06:06:00,244,-1.288120376,58,-4,-55,1
08/31/2004 06:07:00,244,-1.275197711,57,-4,-55,1
08/31/2004 06:08:00,244,0,57,-4,-55,1
08/31/2004 06:09:00,244,0,58,-4,-55,1
08/31/2004 06:10:00,244,0,57,-4,-56,1
08/31/2004 06:11:00,244,0,58,-4,-57,1
08/31/2004 06:12:00,244,0,57,-5,-58,1
08/31/2004 06:13:00,244,0,56,-5,-58,1
08/31/2004 06:14:00,244,0,56,-5,-59,1
08/31/2004 06:15:00,244,0,57,-4,-59,1
08/31/2004 06:16:00,244,0,57,-4,-59,1
08/31/2004 06:17:00,244,0,57,-4,-59,1
08/31/2004 06:18:00,244,0,59,-4,-58,1
08/31/2004 06:19:00,244,0,58,-5,-58,1
08/31/2004 06:20:00,244,0,59,-5,-58,1
08/31/2004 06:21:00,244,0,59,-5,-58,1
08/31/2004 06:22:00,244,0,59,-5,-58,1
08/31/2004 06:23:00,244,0,59,-5,-58,1
08/31/2004 06:24:00,244,0,59,-5,-58,1
08/31/2004 06:25:00,244,0,60,-5,-58,1
08/31/2004 06:26:00,244,0,59,-5,-58,1
08/31/2004 06:27:00,244,0,60,-5,-58,1
08/31/2004 06:28:00,244,0,59,-5,-58,1
08/31/2004 06:29:00,244,0,60,-5,-58,1
08/31/2004 06:30:00,244,0,60,-5,-57,1
08/31/2004 06:31:00,244,0,61,-5,-57,1
08/31/2004 06:32:00,244,0,61,-5,-57,1
08/31/2004 06:33:00,244,0,61,-5,-58,1
08/31/2004 06:34:00,244,0,62,-5,-58,1
08/31/2004 06:35:00,244,0,62,-5,-58,1
08/31/2004 06:36:00,244,0,62,-4,-59,1
08/31/2004 06:37:00,244,0,63,-4,-59,1
08/31/2004 06:38:00,244,0,63,-4,-57,1
08/31/2004 06:39:00,244,0,64,-4,-54,1
08/31/2004 06:40:00,244,0,65,-5,-52,1
08/31/2004 06:41:00,244,0,65,-5,-52,1
08/31/2004 06:42:00,244,0,66,-4,-53,1
08/31/2004 06:43:00,244,0,67,-4,-54,1
08/31/2004 06:44:00,244,0,68,-3,-55,1
08/31/2004 06:45:00,244,0,70,-3,-56,1
08/31/2004 06:46:00,244,0,71,-2,-56,1
08/31/2004 06:47:00,244,0,72,-2,-56,1
08/31/2004 06:48:00,244,0,74,-1,-56,1
08/31/2004 06:49:00,244,0,73,-1,-58,1
08/31/2004 06:50:00,244,0,76,-1,-62,1
08/31/2004 06:51:00,244,0,76,0,-68,1
08/31/2004 06:52:00,244,0,76,1,-73,1
08/31/2004 06:53:00,244,0,76,2,-78,1
08/31/2004 06:54:00,244,0,75,3,-80,1
08/31/2004 06:55:00,244,0,76,3,-80,1
08/31/2004 06:56:00,244,0,76,4,-79,1
08/31/2004 06:57:00,244,0,77,4,-78,1
08/31/2004 06:58:00,244,0,78,3,-76,1
08/31/2004 06:59:00,244,0,77,3,-75,1
08/31/2004 07:00:00,244,0,76,3,-74,1
08/31/2004 07:01:00,244,0,76,2,-73,1
08/31/2004 07:02:00,244,0,76,2,-73,1
08/31/2004 07:03:00,244,0,74,2,-73,1
08/31/2004 07:04:00,244,0,74,2,-73,1
08/31/2004 07:05:00,244,0,74,2,-74,1
08/31/2004 07:06:00,244,0,75,2,-75,1
08/31/2004 07:07:00,244,0,74,2,-76,1
08/31/2004 07:08:00,244,0,75,2,-75,1
08/31/2004 07:09:00,244,0,74,2,-74,1
08/31/2004 07:10:00,244,0,78,2,-72,1
08/31/2004 07:11:00,244,0,80,2,-70,1
08/31/2004 07:12:00,244,0,79,1,-70,1
08/31/2004 07:13:00,244,0,78,1,-69,1
08/31/2004 07:14:00,244,0,74,1,-70,1
08/31/2004 07:15:00,244,0,72,1,-72,1
08/31/2004 07:16:00,244,0,71,1,-75,1
08/31/2004 07:17:00,244,0,69,1,-77,1
08/31/2004 07:18:00,244,0,68,1,-79,1
08/31/2004 07:19:00,244,0,67,2,-80,1
08/31/2004 07:20:00,244,0,66,2,-81,1
08/31/2004 07:21:00,244,0,64,2,-81,1
08/31/2004 07:22:00,244,0,65,2,-81,1
08/31/2004 07:23:00,244,0,65,2,-81,1
08/31/2004 07:24:00,244,0,65,2,-80,1
08/31/2004 07:25:00,244,0,66,2,-81,1
08/31/2004 07:26:00,244,0,69,2,-80,1
08/31/2004 07:27:00,244,0,69,2,-79,1
08/31/2004 07:28:00,244,0,72,2,-79,1
08/31/2004 07:29:00,244,0,75,2,-78,1
08/31/2004 07:30:00,244,0,73,2,-79,1
08/31/2004 07:31:00,244,0,75,2,-79,1
08/31/2004 07:32:00,244,0,74,2,-81,1
08/31/2004 07:33:00,244,0,74,3,-83,1
08/31/2004 07:34:00,244,0,74,3,-84,1
08/31/2004 07:35:00,244,0,75,3,-85,1
08/31/2004 07:36:00,244,0,76,3,-84,1
08/31/2004 07:37:00,244,0,77,4,-84,1
08/31/2004 07:38:00,244,0,77,3,-83,1
08/31/2004 07:39:00,244,0,78,3,-82,1
08/31/2004 07:40:00,244,0,78,3,-81,1
08/31/2004 07:41:00,244,0,80,3,-79,1
08/31/2004 07:42:00,244,0,81,3,-78,1
08/31/2004 07:43:00,244,0,81,2,-78,1
08/31/2004 07:44:00,244,0,82,2,-78,1
08/31/2004 07:45:00,244,0,82,3,-79,1
08/31/2004 07:46:00,244,0,83,3,-79,1
08/31/2004 07:47:00,244,0,83,3,-79,1
08/31/2004 07:48:00,244,0,84,2,-78,1
08/31/2004 07:49:00,244,0,84,2,-77,1
08/31/2004 07:50:00,244,0,85,2,-76,1
08/31/2004 07:51:00,244,0,85,2,-77,1
08/31/2004 07:52:00,244,0,86,2,-76,1
08/31/2004 07:53:00,244,0,86,3,-76,1
08/31/2004 07:54:00,244,0,86,2,-75,1
08/31/2004 07:55:00,244,0,88,2,-73,1
08/31/2004 07:56:00,244,0,89,2,-71,1
08/31/2004 07:57:00,244,0,91,2,-70,1
08/31/2004 07:58:00,244,0,91,2,-69,1
08/31/2004 07:59:00,244,0,91,2,-68,1
08/31/2004 08:00:00,244,0,91,2,-69,1
08/31/2004 08:01:00,244,0,89,2,-70,1
08/31/2004 08:02:00,244,0,89,2,-71,1
08/31/2004 08:03:00,244,0,89,2,-72,1
08/31/2004 08:04:00,244,0,88,3,-74,1
08/31/2004 08:05:00,244,0,87,3,-76,1
08/31/2004 08:06:00,244,0,86,3,-78,1
08/31/2004 08:07:00,244,0,84,4,-80,1
08/31/2004 08:08:00,244,0,84,4,-81,1
08/31/2004 08:09:00,244,0,85,5,-81,1
08/31/2004 08:10:00,244,0,85,5,-81,1
08/31/2004 08:11:00,244,0,86,5,-81,1
08/31/2004 08:12:00,244,0,88,5,-81,1
08/31/2004 08:13:00,244,0,86,5,-81,1
08/31/2004 08:14:00,244,0,86,5,-81,1
08/31/2004 08:15:00,244,0,86,5,-81,1
08/31/2004 08:16:00,244,0,85,6,-82,1
08/31/2004 08:17:00,244,0,83,6,-84,1
08/31/2004 08:18:00,244,0,82,6,-84,1
08/31/2004 08:19:00,244,0,80,5,-85,1
08/31/2004 08:20:00,244,0,80,5,-85,1
08/31/2004 08:21:00,244,0,80,5,-84,1
08/31/2004 08:22:00,244,0,79,5,-85,1
08/31/2004 08:23:00,244,0,78,5,-86,1
08/31/2004 08:24:00,244,0,77,6,-86,1
08/31/2004 08:25:00,244,0,76,6,-87,1
08/31/2004 08:26:00,244,0,74,6,-86,1
08/31/2004 08:27:00,244,0,74,6,-86,1
08/31/2004 08:28:00,244,0,72,6,-86,1
08/31/2004 08:29:00,244,0,71,6,-86,1
08/31/2004 08:30:00,244,0,70,6,-86,1
08/31/2004 08:31:00,244,0,66,6,-87,1
08/31/2004 08:32:00,244,0,63,5,-87,1
08/31/2004 08:33:00,244,0,60,5,-87,1
08/31/2004 08:34:00,244,0,58,5,-87,1
08/31/2004 08:35:00,244,0,57,5,-86,1
08/31/2004 08:36:00,244,0,56,5,-86,1
08/31/2004 08:37:00,244,0,54,4,-85,1
08/31/2004 08:38:00,244,0,53,4,-84,1
08/31/2004 08:39:00,244,0,51,4,-84,1
08/31/2004 08:40:00,244,0,49,4,-83,1
08/31/2004 08:41:00,244,0,48,3,-83,1
08/31/2004 08:42:00,244,0,46,3,-82,1
08/31/2004 08:43:00,244,0,44,3,-82,1
08/31/2004 08:44:00,244,0,44,3,-81,1
08/31/2004 08:45:00,244,0,44,3,-80,1
08/31/2004 08:46:00,244,0,44,3,-79,1
08/31/2004 08:47:00,244,0,42,3,-78,1
08/31/2004 08:48:00,244,0,42,3,-77,1
08/31/2004 08:49:00,244,0,40,3,-76,1
08/31/2004 08:50:00,244,0,38,3,-75,1
08/31/2004 08:51:00,244,0,38,3,-75,1
08/31/2004 08:52:00,244,0,37,3,-73,1
08/31/2004 08:53:00,244,0,38,3,-73,1
08/31/2004 08:54:00,244,0,37,3,-72,1
08/31/2004 08:55:00,244,0,36,3,-72,1
08/31/2004 08:56:00,244,0,35,3,-71,1
08/31/2004 08:57:00,244,0,35,3,-71,1
08/31/2004 08:58:00,244,0,35,2,-70,1
08/31/2004 08:59:00,244,0,35,2,-69,1
08/31/2004 09:00:00,244,0,36,2,-68,1
08/31/2004 09:01:00,244,0,36,2,-67,1
08/31/2004 09:02:00,244,0,36,2,-67,1
08/31/2004 09:03:00,244,0,36,1,-66,1
08/31/2004 09:04:00,244,0,36,1,-66,1
08/31/2004 09:05:00,244,0,36,1,-65,1
08/31/2004 09:06:00,244,0,36,1,-65,1
08/31/2004 09:07:00,244,0,36,1,-65,1
08/31/2004 09:08:00,244,0,37,1,-65,1
08/31/2004 09:09:00,244,0,38,1,-65,1
08/31/2004 09:10:00,244,0,38,1,-65,1
08/31/2004 09:11:00,244,0,38,1,-65,1
08/31/2004 09:12:00,244,0,37,1,-65,1
08/31/2004 09:13:00,244,0,37,1,-64,1
08/31/2004 09:14:00,244,0,37,1,-64,1
08/31/2004 09:15:00,244,0,37,1,-64,1
08/31/2004 09:16:00,244,0,37,1,-64,1
08/31/2004 09:17:00,244,0,37,1,-64,1
08/31/2004 09:18:00,244,0,36,1,-63,1
08/31/2004 09:19:00,244,0,35,1,-62,1
08/31/2004 09:20:00,244,0,36,1,-63,1
08/31/2004 09:21:00,244,0,37,1,-63,1
08/31/2004 09:22:00,244,0,37,1,-63,1
08/31/2004 09:23:00,244,0,36,1,-64,1
08/31/2004 09:24:00,244,0,35,1,-64,1
08/31/2004 09:25:00,244,0,36,1,-65,1
08/31/2004 09:26:00,244,0,36,1,-65,1
08/31/2004 09:27:00,244,0,36,1,-64,1
08/31/2004 09:28:00,244,0,36,1,-64,1
08/31/2004 09:29:00,244,0,37,1,-64,1
08/31/2004 09:30:00,244,0,38,1,-63,1
08/31/2004 09:31:00,244,0,38,1,-63,1
08/31/2004 09:32:00,244,0,38,1,-62,1
08/31/2004 09:33:00,244,0,38,1,-62,1
08/31/2004 09:34:00,244,0,39,1,-62,1
08/31/2004 09:35:00,244,0,39,1,-62,1
08/31/2004 09:36:00,244,0,40,1,-61,1
08/31/2004 09:37:00,244,0,39,0,-61,1
08/31/2004 09:38:00,244,0,39,0,-61,1
08/31/2004 09:39:00,244,0,39,0,-60,1
08/31/2004 09:40:00,244,0,39,0,-60,1
08/31/2004 09:41:00,244,0,38,0,-59,1
08/31/2004 09:42:00,244,0,38,0,-59,1
08/31/2004 09:43:00,244,0,38,0,-59,1
08/31/2004 09:44:00,244,0,37,0,-58,1
08/31/2004 09:45:00,244,0,37,0,-58,1
08/31/2004 09:46:00,244,0,36,0,-57,1
08/31/2004 09:47:00,244,0,35,0,-57,1
08/31/2004 09:48:00,244,0,34,0,-57,1
08/31/2004 09:49:00,244,0,34,0,-57,1
08/31/2004 09:50:00,244,0,35,0,-57,1
08/31/2004 09:51:00,244,0,36,0,-57,1
08/31/2004 09:52:00,244,0,36,0,-57,1
08/31/2004 09:53:00,244,0,36,1,-57,1
08/31/2004 09:54:00,244,0,36,1,-57,1
08/31/2004 09:55:00,244,0,36,1,-58,1
08/31/2004 09:56:00,244,0,35,1,-58,1
08/31/2004 09:57:00,244,0,35,1,-58,1
08/31/2004 09:58:00,244,0,35,1,-57,1
08/31/2004 09:59:00,244,0,36,1,-57,1
08/31/2004 10:00:00,244,0,37,1,-57,1
08/31/2004 10:01:00,244,0,36,2,-57,1
08/31/2004 10:02:00,244,0,36,2,-57,1
08/31/2004 10:03:00,244,0,37,2,-57,1
08/31/2004 10:04:00,244,0,38,2,-57,1
08/31/2004 10:05:00,244,0,39,2,-57,1
08/31/2004 10:06:00,244,0,39,2,-57,1
08/31/2004 10:07:00,244,0,39,2,-57,1
08/31/2004 10:08:00,244,0,41,2,-58,1
08/31/2004 10:09:00,244,0,42,3,-57,1
08/31/2004 10:10:00,244,0,45,3,-57,1
08/31/2004 10:11:00,244,0,45,3,-58,1
08/31/2004 10:12:00,244,0,46,3,-58,1
08/31/2004 10:13:00,244,0,46,2,-58,1
08/31/2004 10:14:00,244,0,46,3,-58,1
08/31/2004 10:15:00,244,0,47,3,-58,1
08/31/2004 10:16:00,244,0,48,3,-59,1
08/31/2004 10:17:00,244,0,48,2,-59,1
08/31/2004 10:18:00,244,0,48,2,-59,1
08/31/2004 10:19:00,244,0,49,2,-59,1
08/31/2004 10:20:00,244,0,51,2,-59,1
08/31/2004 10:21:00,244,0,51,2,-60,1
08/31/2004 10:22:00,244,0,52,2,-60,1
08/31/2004 10:23:00,244,0,54,2,-60,1
08/31/2004 10:24:00,244,0,56,2,-60,1
08/31/2004 10:25:00,244,0,58,2,-60,1
08/31/2004 10:26:00,244,0,58,2,-60,1
08/31/2004 10:27:00,244,0,58,2,-60,1
08/31/2004 10:28:00,244,0,59,1,-60,1
08/31/2004 10:29:00,244,0,58,1,-60,1
08/31/2004 10:30:00,244,0,58,1,-59,1
08/31/2004 10:31:00,244,0,57,1,-59,1
08/31/2004 10:32:00,244,0,57,2,-59,1
08/31/2004 10:33:00,244,0,56,2,-59,1
08/31/2004 10:34:00,244,0,56,2,-59,1
08/31/2004 10:35:00,244,0,55,2,-58,1
08/31/2004 10:36:00,244,0,54,2,-58,1
08/31/2004 10:37:00,244,0,54,2,-59,1
08/31/2004 10:38:00,244,0,54,3,-58,1
08/31/2004 10:39:00,244,0,53,3,-58,1
08/31/2004 10:40:00,244,0,54,3,-58,1
08/31/2004 10:41:00,244,0,54,3,-58,1
08/31/2004 10:42:00,244,0,54,3,-58,1
08/31/2004 10:43:00,244,0,55,3,-58,1
08/31/2004 10:44:00,244,0,55,4,-58,1
08/31/2004 10:45:00,244,0,56,4,-58,1
08/31/2004 10:46:00,244,0,55,4,-59,1
08/31/2004 10:47:00,244,0,55,4,-58,1
08/31/2004 10:48:00,244,0,55,4,-58,1
08/31/2004 10:49:00,244,0,54,4,-59,1
08/31/2004 10:50:00,244,0,54,4,-59,1
08/31/2004 10:51:00,244,0,53,4,-59,1
08/31/2004 10:52:00,244,0,52,4,-59,1
08/31/2004 10:53:00,244,0,51,4,-58,1
08/31/2004 10:54:00,244,0,51,4,-58,1
08/31/2004 10:55:00,244,0,51,4,-58,1
08/31/2004 10:56:00,244,0,51,4,-58,1
08/31/2004 10:57:00,244,0,50,4,-58,1
08/31/2004 10:58:00,244,0,50,4,-58,1
08/31/2004 10:59:00,244,0,50,4,-58,1
08/31/2004 11:00:00,244,0,49,4,-57,1
08/31/2004 11:01:00,244,0,49,4,-57,1
08/31/2004 11:02:00,244,0,49,4,-57,1
08/31/2004 11:03:00,244,0,49,4,-57,1
08/31/2004 11:04:00,244,0,49,5,-57,1
08/31/2004 11:05:00,244,0,47,5,-57,1
08/31/2004 11:06:00,244,0,47,5,-58,1
08/31/2004 11:07:00,244,0,47,5,-57,1
08/31/2004 11:08:00,244,0,48,5,-57,1
08/31/2004 11:09:00,244,0,48,5,-57,1
08/31/2004 11:10:00,244,0,47,5,-57,1
08/31/2004 11:11:00,244,0,47,5,-57,1
08/31/2004 11:12:00,244,0,45,5,-57,1
08/31/2004 11:13:00,244,0,46,5,-57,1
08/31/2004 11:14:00,244,0,45,6,-57,1
08/31/2004 11:15:00,244,0,46,5,-56,1
08/31/2004 11:16:00,244,0,47,6,-56,1
08/31/2004 11:17:00,244,0,46,6,-56,1
08/31/2004 11:18:00,244,0,45,6,-56,1
08/31/2004 11:19:00,244,0,43,5,-56,1
08/31/2004 11:20:00,244,0,43,5,-56,1
08/31/2004 11:21:00,244,0,43,5,-57,1
08/31/2004 11:22:00,244,0,44,6,-58,1
08/31/2004 11:23:00,244,0,44,6,-58,1
08/31/2004 11:24:00,244,0,44,6,-57,1
08/31/2004 11:25:00,244,0,44,6,-56,1
08/31/2004 11:26:00,244,0,44,5,-56,1
08/31/2004 11:27:00,244,0,42,6,-56,1
08/31/2004 11:28:00,244,0,41,5,-56,1
08/31/2004 11:29:00,244,0,43,5,-56,1
08/31/2004 11:30:00,244,0,43,5,-56,1
08/31/2004 11:31:00,244,0,43,5,-55,1
08/31/2004 11:32:00,244,0,43,5,-55,1
08/31/2004 11:33:00,244,0,43,5,-55,1
08/31/2004 11:34:00,244,0,41,5,-55,1
08/31/2004 11:35:00,244,0,41,5,-56,1
08/31/2004 11:36:00,244,0,40,5,-57,1
08/31/2004 11:37:00,244,0,40,5,-57,1
08/31/2004 11:38:00,244,0,40,5,-58,1
08/31/2004 11:39:00,244,0,41,5,-58,1
08/31/2004 11:40:00,244,0,40,4,-58,1
08/31/2004 11:41:00,244,0,40,4,-58,1
08/31/2004 11:42:00,244,0,41,4,-58,1
08/31/2004 11:43:00,244,0,42,4,-58,1
08/31/2004 11:44:00,244,0,42,4,-58,1
08/31/2004 11:45:00,244,0,42,4,-58,1
08/31/2004 11:46:00,244,0,42,4,-58,1
08/31/2004 11:47:00,244,0,42,3,-58,1
08/31/2004 11:48:00,244,0,43,3,-58,1
08/31/2004 11:49:00,244,0,41,3,-58,1
08/31/2004 11:50:00,244,0,41,3,-58,1
08/31/2004 11:51:00,244,0,41,3,-58,1
08/31/2004 11:52:00,244,0,41,3,-58,1
08/31/2004 11:53:00,244,0,40,3,-57,1
08/31/2004 11:54:00,244,0,39,3,-57,1
08/31/2004 11:55:00,244,0,38,2,-57,1
08/31/2004 11:56:00,244,0,37,2,-58,1
08/31/2004 11:57:00,244,0,37,2,-57,1
08/31/2004 11:58:00,244,0,37,2,-57,1
08/31/2004 11:59:00,244,0,36,2,-57,1
08/31/2004 12:00:00,244,0,36,2,-57,1
08/31/2004 12:01:00,244,0,36,2,-57,1
08/31/2004 12:02:00,244,0,36,2,-57,1
08/31/2004 12:03:00,244,0,35,1,-56,1
08/31/2004 12:04:00,244,0,35,1,-56,1
08/31/2004 12:05:00,244,0,35,1,-55,1
08/31/2004 12:06:00,244,0,35,1,-55,1
08/31/2004 12:07:00,244,0,35,1,-55,1
08/31/2004 12:08:00,244,0,35,1,-54,1
08/31/2004 12:09:00,244,0,35,1,-54,1
08/31/2004 12:10:00,244,0,35,1,-54,1
08/31/2004 12:11:00,244,0,32,1,-54,1
08/31/2004 12:12:00,244,0,31,1,-54,1
08/31/2004 12:13:00,244,0,32,1,-55,1
08/31/2004 12:14:00,244,0,33,1,-54,1
08/31/2004 12:15:00,244,0,32,0,-54,1
08/31/2004 12:16:00,244,0,31,0,-53,1
08/31/2004 12:17:00,244,0,32,0,-53,1
08/31/2004 12:18:00,244,0,32,0,-53,1
08/31/2004 12:19:00,244,0,32,0,-53,1
08/31/2004 12:20:00,244,0,32,0,-53,1
08/31/2004 12:21:00,244,0,31,0,-53,1
08/31/2004 12:22:00,244,0,30,0,-53,1
08/31/2004 12:23:00,244,0,31,0,-53,1
08/31/2004 12:24:00,244,0,30,0,-52,1
08/31/2004 12:25:00,244,0,30,0,-52,1
08/31/2004 12:26:00,244,0,29,0,-52,1
08/31/2004 12:27:00,244,0,30,0,-52,1
08/31/2004 12:28:00,244,0,30,0,-52,1
08/31/2004 12:29:00,244,0,30,0,-51,1
08/31/2004 12:30:00,244,0,29,0,-51,1
08/31/2004 12:31:00,244,0,28,0,-50,1
08/31/2004 12:32:00,244,0,28,0,-50,1
08/31/2004 12:33:00,244,0,28,0,-50,1
08/31/2004 12:34:00,244,0,28,0,-50,1
08/31/2004 12:35:00,244,0,27,0,-50,1
08/31/2004 12:36:00,244,0,26,0,-50,1
08/31/2004 12:37:00,244,0,27,1,-50,1
08/31/2004 12:38:00,244,0,28,1,-50,1
08/31/2004 12:39:00,244,0,29,1,-50,1
08/31/2004 12:40:00,244,0,30,1,-50,1
08/31/2004 12:41:00,244,0,32,1,-49,1
08/31/2004 12:42:00,244,0,30,1,-49,1
08/31/2004 12:43:00,244,0,29,1,-49,1
08/31/2004 12:44:00,244,0,29,1,-48,1
08/31/2004 12:45:00,244,0,29,1,-49,1
08/31/2004 12:46:00,244,0,30,1,-49,1
08/31/2004 12:47:00,244,0,30,1,-49,1
08/31/2004 12:48:00,244,0,30,1,-49,1
08/31/2004 12:49:00,244,0,30,1,-49,1
08/31/2004 12:50:00,244,0,30,1,-49,1
08/31/2004 12:51:00,244,0,29,2,-50,1
08/31/2004 12:52:00,244,0,27,2,-49,1
08/31/2004 12:53:00,244,0,26,2,-49,1
08/31/2004 12:54:00,244,0,26,2,-48,1
08/31/2004 12:55:00,244,0,26,2,-48,1
08/31/2004 12:56:00,244,0,27,2,-48,1
08/31/2004 12:57:00,244,0,27,2,-47,1
08/31/2004 12:58:00,244,0,26,2,-48,1
08/31/2004 12:59:00,244,0,28,2,-48,1
08/31/2004 13:00:00,244,0,28,2,-48,1
08/31/2004 13:01:00,244,0,29,2,-48,1
08/31/2004 13:02:00,244,0,30,2,-48,1
08/31/2004 13:03:00,244,0,29,2,-47,1
08/31/2004 13:04:00,244,0,29,2,-48,1
08/31/2004 13:05:00,244,0,30,2,-47,1
08/31/2004 13:06:00,244,0,30,1,-47,1
08/31/2004 13:07:00,244,0,30,1,-47,1
08/31/2004 13:08:00,244,0,31,1,-47,1
08/31/2004 13:09:00,244,0,32,1,-47,1
08/31/2004 13:10:00,244,0,33,1,-46,1
08/31/2004 13:11:00,244,0,34,1,-47,1
08/31/2004 13:12:00,244,0,34,1,-46,1
08/31/2004 13:13:00,244,0,36,0,-47,1
08/31/2004 13:14:00,244,0,36,0,-47,1
08/31/2004 13:15:00,244,0,35,0,-47,1
08/31/2004 13:16:00,244,0,37,0,-48,1
08/31/2004 13:17:00,244,0,37,-1,-48,1
08/31/2004 13:18:00,244,0,36,-1,-48,1
08/31/2004 13:19:00,244,0,36,-1,-48,1
08/31/2004 13:20:00,244,0,36,-1,-48,1
08/31/2004 13:21:00,244,0,35,-1,-48,1
08/31/2004 13:22:00,244,0,34,-1,-48,1
08/31/2004 13:23:00,244,0,32,-1,-48,1
08/31/2004 13:24:00,244,0,32,-1,-48,1
08/31/2004 13:25:00,244,0,31,-1,-48,1
08/31/2004 13:26:00,244,0,31,-1,-48,1
08/31/2004 13:27:00,244,0,31,-1,-47,1
08/31/2004 13:28:00,244,0,30,-1,-47,1
08/31/2004 13:29:00,244,0,28,-1,-47,1
08/31/2004 13:30:00,244,0,27,-1,-47,1
08/31/2004 13:31:00,244,0,27,-1,-47,1
08/31/2004 13:32:00,244,0,26,-1,-47,1
08/31/2004 13:33:00,244,0,26,-1,-47,1
08/31/2004 13:34:00,244,0,26,-1,-47,1
08/31/2004 13:35:00,244,0,25,-1,-47,1
08/31/2004 13:36:00,244,0,25,-1,-47,1
08/31/2004 13:37:00,244,0,24,-1,-46,1
08/31/2004 13:38:00,244,0,24,-1,-46,1
08/31/2004 13:39:00,244,0,22,-1,-46,1
08/31/2004 13:40:00,244,0,22,-1,-46,1
08/31/2004 13:41:00,244,0,23,-1,-46,1
08/31/2004 13:42:00,244,0,22,-1,-46,1
08/31/2004 13:43:00,244,0,22,-1,-46,1
08/31/2004 13:44:00,244,0,21,-1,-46,1
08/31/2004 13:45:00,244,0,22,-1,-46,1
08/31/2004 13:46:00,244,0,22,0,-46,1
08/31/2004 13:47:00,244,0,23,0,-46,1
08/31/2004 13:48:00,244,0,22,0,-46,1
08/31/2004 13:49:00,244,0,21,0,-47,1
08/31/2004 13:50:00,244,0,20,0,-46,1
08/31/2004 13:51:00,244,0,19,1,-47,1
08/31/2004 13:52:00,244,0,17,1,-46,1
08/31/2004 13:53:00,244,0,16,1,-46,1
08/31/2004 13:54:00,244,0,15,1,-46,1
08/31/2004 13:55:00,244,0,15,2,-46,1
08/31/2004 13:56:00,244,0,13,2,-46,1
08/31/2004 13:57:00,244,0,12,2,-46,1
08/31/2004 13:58:00,244,0,11,2,-46,1
08/31/2004 13:59:00,244,0,11,3,-46,1
08/31/2004 14:00:00,244,0,11,3,-46,1
08/31/2004 14:01:00,244,0,11,3,-46,1
08/31/2004 14:02:00,244,0,12,3,-45,1
08/31/2004 14:03:00,244,0,12,3,-45,1
08/31/2004 14:04:00,244,0,13,3,-45,1
08/31/2004 14:05:00,244,0,12,3,-45,1
08/31/2004 14:06:00,244,0,13,3,-45,1
08/31/2004 14:07:00,244,0,12,3,-45,1
08/31/2004 14:08:00,244,0,12,3,-45,1
08/31/2004 14:09:00,244,0,12,3,-45,1
08/31/2004 14:10:00,244,0,14,3,-45,1
08/31/2004 14:11:00,244,0,14,3,-46,1
08/31/2004 14:12:00,244,0,15,3,-46,1
08/31/2004 14:13:00,244,0,15,3,-46,1
08/31/2004 14:14:00,244,0,16,3,-46,1
08/31/2004 14:15:00,244,0,16,3,-45,1
08/31/2004 14:16:00,244,0,17,3,-46,1
08/31/2004 14:17:00,244,0,17,2,-46,1
08/31/2004 14:18:00,244,0,19,2,-46,1
08/31/2004 14:19:00,244,0,19,2,-46,1
08/31/2004 14:20:00,244,0,21,1,-46,1
08/31/2004 14:21:00,244,0,21,2,-46,1
08/31/2004 14:22:00,244,0,21,2,-46,1
08/31/2004 14:23:00,244,0,22,2,-46,1
08/31/2004 14:24:00,244,0,22,2,-46,1
08/31/2004 14:25:00,244,0,22,1,-46,1
08/31/2004 14:26:00,244,0,22,2,-46,1
08/31/2004 14:27:00,244,0,22,2,-46,1
08/31/2004 14:28:00,244,0,22,2,-46,1
08/31/2004 14:29:00,244,0,21,2,-46,1
08/31/2004 14:30:00,244,0,21,2,-46,1
08/31/2004 14:31:00,244,0,20,2,-46,1
08/31/2004 14:32:00,244,0,20,1,-46,1
08/31/2004 14:33:00,244,0,19,2,-47,1
08/31/2004 14:34:00,244,0,19,2,-47,1
08/31/2004 14:35:00,244,0,18,2,-47,1
08/31/2004 14:36:00,244,0,17,2,-47,1
08/31/2004 14:37:00,244,0,17,2,-46,1
08/31/2004 14:38:00,244,0,16,2,-46,1
08/31/2004 14:39:00,244,0,15,2,-46,1
08/31/2004 14:40:00,244,0,14,2,-46,1
08/31/2004 14:41:00,244,0,13,3,-46,1
08/31/2004 14:42:00,244,0,10,3,-46,1
08/31/2004 14:43:00,244,0,10,3,-46,1
08/31/2004 14:44:00,244,0,9,3,-46,1
08/31/2004 14:45:00,244,0,9,3,-46,1
08/31/2004 14:46:00,244,0,8,4,-46,1
08/31/2004 14:47:00,244,0,7,4,-47,1
08/31/2004 14:48:00,244,0,7,4,-47,1
08/31/2004 14:49:00,244,0,6,4,-47,1
08/31/2004 14:50:00,244,0,7,4,-47,1
08/31/2004 14:51:00,244,0,8,3,-47,1
08/31/2004 14:52:00,244,0,9,3,-47,1
08/31/2004 14:53:00,244,0,9,3,-46,1
08/31/2004 14:54:00,244,0,9,2,-46,1
08/31/2004 14:55:00,244,0,10,2,-46,1
08/31/2004 14:56:00,244,0,11,2,-46,1
08/31/2004 14:57:00,244,0,12,2,-45,1
08/31/2004 14:58:00,244,0,12,2,-45,1
08/31/2004 14:59:00,244,0,13,2,-45,1
08/31/2004 15:00:00,244,0,14,1,-44,1
08/31/2004 15:01:00,244,0,14,1,-44,1
08/31/2004 15:02:00,244,0,15,1,-43,1
08/31/2004 15:03:00,244,0,16,1,-43,1
08/31/2004 15:04:00,244,0,15,1,-43,1
08/31/2004 15:05:00,244,0,15,1,-43,1
08/31/2004 15:06:00,244,0,16,1,-43,1
08/31/2004 15:07:00,244,0,17,1,-43,1
08/31/2004 15:08:00,244,0,18,1,-44,1
08/31/2004 15:09:00,244,0,19,1,-44,1
08/31/2004 15:10:00,244,0,18,1,-44,1
08/31/2004 15:11:00,244,0,18,1,-44,1
08/31/2004 15:12:00,244,0,18,1,-44,1
08/31/2004 15:13:00,244,0,17,1,-44,1
08/31/2004 15:14:00,244,0,16,1,-44,1
08/31/2004 15:15:00,244,0,16,1,-44,1
08/31/2004 15:16:00,244,0,15,1,-44,1
08/31/2004 15:17:00,244,0,13,1,-43,1
08/31/2004 15:18:00,244,0,14,2,-43,1
08/31/2004 15:19:00,244,0,15,2,-43,1
08/31/2004 15:20:00,244,0,15,2,-43,1
08/31/2004 15:21:00,244,0,14,2,-43,1
08/31/2004 15:22:00,244,0,14,2,-43,1
08/31/2004 15:23:00,244,0,14,2,-43,1
08/31/2004 15:24:00,244,0,15,2,-43,1
08/31/2004 15:25:00,244,0,15,2,-43,1
08/31/2004 15:26:00,244,0,15,3,-42,1
08/31/2004 15:27:00,244,0,15,3,-42,1
08/31/2004 15:28:00,244,0,16,3,-42,1
08/31/2004 15:29:00,244,0,16,3,-42,1
08/31/2004 15:30:00,244,0,16,3,-42,1
08/31/2004 15:31:00,244,0,16,3,-42,1
08/31/2004 15:32:00,244,0,16,3,-42,1
08/31/2004 15:33:00,244,0,18,3,-43,1
08/31/2004 15:34:00,244,0,17,3,-43,1
08/31/2004 15:35:00,244,0,18,3,-44,1
08/31/2004 15:36:00,244,0,17,3,-44,1
08/31/2004 15:37:00,244,0,17,3,-44,1
08/31/2004 15:38:00,244,0,17,3,-44,1
08/31/2004 15:39:00,244,0,16,2,-44,1
08/31/2004 15:40:00,244,0,17,3,-44,1
08/31/2004 15:41:00,244,0,17,3,-44,1
08/31/2004 15:42:00,244,0,18,3,-43,1
08/31/2004 15:43:00,244,0,19,3,-43,1
08/31/2004 15:44:00,244,0,19,3,-43,1
08/31/2004 15:45:00,244,0,20,3,-44,1
08/31/2004 15:46:00,244,0,20,3,-44,1
08/31/2004 15:47:00,244,0,20,3,-44,1
08/31/2004 15:48:00,244,0,20,4,-44,1
08/31/2004 15:49:00,244,0,20,4,-44,1
08/31/2004 15:50:00,244,0,20,4,-44,1
08/31/2004 15:51:00,244,0,20,4,-44,1
08/31/2004 15:52:00,244,0,20,4,-44,1
08/31/2004 15:53:00,244,0,20,4,-44,1
08/31/2004 15:54:00,244,0,21,4,-44,1
08/31/2004 15:55:00,244,0,21,4,-44,1
08/31/2004 15:56:00,244,0,21,4,-44,1
08/31/2004 15:57:00,244,0,24,4,-44,1
08/31/2004 15:58:00,244,0,24,4,-44,1
08/31/2004 15:59:00,244,0,24,4,-44,1
08/31/2004 16:00:00,244,0,25,5,-44,1
08/31/2004 16:01:00,244,0,25,4,-44,1
08/31/2004 16:02:00,244,0,24,4,-45,1
08/31/2004 16:03:00,244,0,24,5,-45,1
08/31/2004 16:04:00,244,0,24,4,-45,1
08/31/2004 16:05:00,244,0,22,4,-45,1
08/31/2004 16:06:00,244,0,22,4,-45,1
08/31/2004 16:07:00,244,0,23,4,-46,1
08/31/2004 16:08:00,244,0,23,4,-46,1
08/31/2004 16:09:00,244,0,23,3,-46,1
08/31/2004 16:10:00,244,0,24,3,-46,1
08/31/2004 16:11:00,244,0,26,3,-47,1
08/31/2004 16:12:00,244,0,25,3,-47,1
08/31/2004 16:13:00,244,0,25,3,-47,1
08/31/2004 16:14:00,244,0,26,2,-47,1
08/31/2004 16:15:00,244,0,28,3,-47,1
08/31/2004 16:16:00,244,0,29,2,-47,1
08/31/2004 16:17:00,244,0,27,3,-47,1
08/31/2004 16:18:00,244,0,27,2,-47,1
08/31/2004 16:19:00,244,0,27,2,-47,1
08/31/2004 16:20:00,244,0,27,2,-47,1
08/31/2004 16:21:00,244,0,28,2,-47,1
08/31/2004 16:22:00,244,0,27,2,-46,1
08/31/2004 16:23:00,244,0,28,2,-46,1
08/31/2004 16:24:00,244,0,29,2,-46,1
08/31/2004 16:25:00,244,0,30,2,-46,1
08/31/2004 16:26:00,244,0,31,2,-46,1
08/31/2004 16:27:00,244,0,30,3,-46,1
08/31/2004 16:28:00,244,0,31,3,-46,1
08/31/2004 16:29:00,244,0,31,3,-45,1
08/31/2004 16:30:00,244,0,29,3,-46,1
08/31/2004 16:31:00,244,0,30,3,-45,1
08/31/2004 16:32:00,244,0,31,3,-45,1
08/31/2004 16:33:00,244,0,32,3,-45,1
08/31/2004 16:34:00,244,0,31,3,-45,1
08/31/2004 16:35:00,244,0,31,3,-45,1
08/31/2004 16:36:00,244,0,32,3,-45,1
08/31/2004 16:37:00,244,0,32,3,-45,1
08/31/2004 16:38:00,244,0,31,3,-45,1
08/31/2004 16:39:00,244,0,30,3,-45,1
08/31/2004 16:40:00,244,0,30,3,-45,1
08/31/2004 16:41:00,244,0,30,3,-45,1
08/31/2004 16:42:00,244,0,29,3,-44,1
08/31/2004 16:43:00,244,0,29,3,-44,1
08/31/2004 16:44:00,244,0,30,3,-44,1
08/31/2004 16:45:00,244,0,30,3,-45,1
08/31/2004 16:46:00,244,0,30,3,-44,1
08/31/2004 16:47:00,244,0,30,3,-44,1
08/31/2004 16:48:00,244,0,28,3,-44,1
08/31/2004 16:49:00,244,0,28,3,-44,1
08/31/2004 16:50:00,244,0,28,3,-44,1
08/31/2004 16:51:00,244,0,28,3,-44,1
08/31/2004 16:52:00,244,0,26,3,-44,1
08/31/2004 16:53:00,244,0,26,3,-45,1
08/31/2004 16:54:00,244,0,26,3,-45,1
08/31/2004 16:55:00,244,0,27,4,-45,1
08/31/2004 16:56:00,244,0,27,4,-45,1
08/31/2004 16:57:00,244,0,26,4,-45,1
08/31/2004 16:58:00,244,0,25,4,-45,1
08/31/2004 16:59:00,244,0,27,4,-44,1
08/31/2004 17:00:00,244,0,27,5,-45,1
08/31/2004 17:01:00,244,0,26,4,-44,1
08/31/2004 17:02:00,244,0,26,5,-44,1
08/31/2004 17:03:00,244,0,26,5,-44,1
08/31/2004 17:04:00,244,0,26,5,-44,1
08/31/2004 17:05:00,244,0,25,5,-44,1
08/31/2004 17:06:00,244,0,26,5,-44,1
08/31/2004 17:07:00,244,0,27,5,-43,1
08/31/2004 17:08:00,244,0,27,5,-43,1
08/31/2004 17:09:00,244,0,25,5,-43,1
08/31/2004 17:10:00,244,0,25,5,-42,1
08/31/2004 17:11:00,244,0,26,5,-42,1
08/31/2004 17:12:00,244,0,27,4,-42,1
08/31/2004 17:13:00,244,0,27,4,-42,1
08/31/2004 17:14:00,244,0,26,4,-42,1
08/31/2004 17:15:00,244,0,27,4,-42,1
08/31/2004 17:16:00,244,0,28,4,-41,1
08/31/2004 17:17:00,244,0,29,4,-41,1
08/31/2004 17:18:00,244,0,28,4,-40,1
08/31/2004 17:19:00,244,0,26,4,-40,1
08/31/2004 17:20:00,244,0,26,4,-40,1
08/31/2004 17:21:00,244,0,29,4,-40,1
08/31/2004 17:22:00,244,0,30,4,-39,1
08/31/2004 17:23:00,244,0,30,3,-40,1
08/31/2004 17:24:00,244,0,29,3,-40,1
08/31/2004 17:25:00,244,0,27,3,-41,1
08/31/2004 17:26:00,244,0,25,3,-42,1
08/31/2004 17:27:00,244,0,25,3,-42,1
08/31/2004 17:28:00,244,0,24,3,-41,1
08/31/2004 17:29:00,244,0,22,3,-41,1
08/31/2004 17:30:00,244,0,21,3,-42,1
08/31/2004 17:31:00,244,0,22,3,-41,1
08/31/2004 17:32:00,244,0,22,3,-41,1
08/31/2004 17:33:00,244,0,21,3,-41,1
08/31/2004 17:34:00,244,0,21,2,-41,1
08/31/2004 17:35:00,244,0,22,2,-41,1
08/31/2004 17:36:00,244,0,23,2,-41,1
08/31/2004 17:37:00,244,0,22,2,-41,1
08/31/2004 17:38:00,244,0,22,2,-41,1
08/31/2004 17:39:00,244,0,21,2,-41,1
08/31/2004 17:40:00,244,0,21,2,-41,1
08/31/2004 17:41:00,244,0,21,2,-41,1
08/31/2004 17:42:00,244,0,20,2,-42,1
08/31/2004 17:43:00,244,0,20,2,-42,1
08/31/2004 17:44:00,244,0,20,2,-42,1
08/31/2004 17:45:00,244,0,20,2,-42,1
08/31/2004 17:46:00,244,0,20,2,-42,1
08/31/2004 17:47:00,244,0,20,2,-42,1
08/31/2004 17:48:00,244,0,19,2,-42,1
08/31/2004 17:49:00,244,0,19,2,-42,1
08/31/2004 17:50:00,244,0,19,2,-42,1
08/31/2004 17:51:00,244,0,20,2,-42,1
08/31/2004 17:52:00,244,0,20,2,-42,1
08/31/2004 17:53:00,244,0,19,2,-42,1
08/31/2004 17:54:00,244,0,20,2,-42,1
08/31/2004 17:55:00,244,0,19,1,-42,1
08/31/2004 17:56:00,244,0,20,1,-42,1
08/31/2004 17:57:00,244,0,20,1,-42,1
08/31/2004 17:58:00,244,0,21,1,-41,1
08/31/2004 17:59:00,244,0,22,1,-41,1
08/31/2004 18:00:00,244,0,23,1,-41,1
08/31/2004 18:01:00,244,0,23,1,-41,1
08/31/2004 18:02:00,244,0,22,1,-41,1
08/31/2004 18:03:00,244,0,23,1,-41,1
08/31/2004 18:04:00,244,0,24,1,-41,1
08/31/2004 18:05:00,244,0,24,1,-41,1
08/31/2004 18:06:00,244,0,24,1,-41,1
08/31/2004 18:07:00,244,0,24,1,-41,1
08/31/2004 18:08:00,244,0,24,1,-41,1
08/31/2004 18:09:00,244,0,24,1,-40,1
08/31/2004 18:10:00,244,0,25,1,-40,1
08/31/2004 18:11:00,244,0,25,1,-40,1
08/31/2004 18:12:00,244,0,25,0,-40,1
08/31/2004 18:13:00,244,0,25,0,-41,1
08/31/2004 18:14:00,244,0,24,0,-41,1
08/31/2004 18:15:00,244,0,25,0,-40,1
08/31/2004 18:16:00,244,0,26,0,-40,1
08/31/2004 18:17:00,244,0,26,0,-40,1
08/31/2004 18:18:00,244,0,26,0,-40,1
08/31/2004 18:19:00,244,0,27,0,-40,1
08/31/2004 18:20:00,244,0,28,0,-40,1
08/31/2004 18:21:00,244,0,27,0,-40,1
08/31/2004 18:22:00,244,0,26,0,-40,1
08/31/2004 18:23:00,244,0,26,0,-40,1
08/31/2004 18:24:00,244,0,26,0,-40,1
08/31/2004 18:25:00,244,0,27,0,-40,1
08/31/2004 18:26:00,244,0,27,0,-40,1
08/31/2004 18:27:00,244,0,27,0,-40,1
08/31/2004 18:28:00,244,0,27,0,-40,1
08/31/2004 18:29:00,244,0,27,0,-41,1
08/31/2004 18:30:00,244,0,27,0,-41,1
08/31/2004 18:31:00,244,0,27,0,-41,1
08/31/2004 18:32:00,244,0,28,0,-41,1
08/31/2004 18:33:00,244,0,28,-1,-40,1
08/31/2004 18:34:00,244,0,28,0,-41,1
08/31/2004 18:35:00,244,0,28,-1,-41,1
08/31/2004 18:36:00,244,0,28,-1,-41,1
08/31/2004 18:37:00,244,0,28,-1,-41,1
08/31/2004 18:38:00,244,0,28,-1,-41,1
08/31/2004 18:39:00,244,0,26,-1,-41,1
08/31/2004 18:40:00,244,0,26,-1,-41,1
08/31/2004 18:41:00,244,0,25,-1,-42,1
08/31/2004 18:42:00,244,0,25,-1,-42,1
08/31/2004 18:43:00,244,0,26,-1,-42,1
08/31/2004 18:44:00,244,0,26,-1,-42,1
08/31/2004 18:45:00,244,0,26,-1,-42,1
08/31/2004 18:46:00,244,0,26,-1,-42,1
08/31/2004 18:47:00,244,0,25,-2,-42,1
08/31/2004 18:48:00,244,0,25,-2,-42,1
08/31/2004 18:49:00,244,0,25,-2,-42,1
08/31/2004 18:50:00,244,0,28,-2,-42,1
08/31/2004 18:51:00,244,0,29,-2,-42,1
08/31/2004 18:52:00,244,0,29,-2,-42,1
08/31/2004 18:53:00,244,0,27,-2,-43,1
08/31/2004 18:54:00,244,0,29,-2,-42,1
08/31/2004 18:55:00,244,0,29,-3,-42,1
08/31/2004 18:56:00,244,0,30,-3,-42,1
08/31/2004 18:57:00,244,0,31,-3,-41,1
08/31/2004 18:58:00,244,0,31,-3,-42,1
08/31/2004 18:59:00,244,0,30,-3,-42,1
08/31/2004 19:00:00,244,0,29,-3,-42,1
08/31/2004 19:01:00,244,0,30,-3,-41,1
08/31/2004 19:02:00,244,0,30,-3,-41,1
08/31/2004 19:03:00,244,0,31,-3,-41,1
08/31/2004 19:04:00,244,0,30,-3,-41,1
08/31/2004 19:05:00,244,0,32,-3,-41,1
08/31/2004 19:06:00,244,0,33,-3,-41,1
08/31/2004 19:07:00,244,0,32,-3,-41,1
08/31/2004 19:08:00,244,0,33,-3,-40,1
08/31/2004 19:09:00,244,0,35,-3,-40,1
08/31/2004 19:10:00,244,0,34,-3,-40,1
08/31/2004 19:11:00,244,0,36,-3,-40,1
08/31/2004 19:12:00,244,0,35,-3,-40,1
08/31/2004 19:13:00,244,0,35,-4,-40,1
08/31/2004 19:14:00,244,0,34,-4,-40,1
08/31/2004 19:15:00,244,0,34,-4,-41,1
08/31/2004 19:16:00,244,0,34,-4,-41,1
08/31/2004 19:17:00,244,0,33,-4,-41,1
08/31/2004 19:18:00,244,0,32,-4,-42,1
08/31/2004 19:19:00,244,0,31,-4,-42,1
08/31/2004 19:20:00,244,0,31,-4,-43,1
08/31/2004 19:21:00,244,0,30,-4,-43,1
08/31/2004 19:22:00,244,0,30,-5,-42,1
08/31/2004 19:23:00,244,0,31,-5,-42,1
08/31/2004 19:24:00,244,0,29,-5,-43,1
08/31/2004 19:25:00,244,0,28,-5,-43,1
08/31/2004 19:26:00,244,0,29,-6,-43,1
08/31/2004 19:27:00,244,0,27,-6,-43,1
08/31/2004 19:28:00,244,0,26,-6,-44,1
08/31/2004 19:29:00,244,0,25,-6,-44,1
08/31/2004 19:30:00,244,0,24,-6,-45,1
08/31/2004 19:31:00,244,0,24,-6,-44,1
08/31/2004 19:32:00,244,0,26,-6,-43,1
08/31/2004 19:33:00,244,0,27,-6,-43,1
08/31/2004 19:34:00,244,0,28,-6,-43,1
08/31/2004 19:35:00,244,0,28,-6,-42,1
08/31/2004 19:36:00,244,0,28,-6,-42,1
08/31/2004 19:37:00,244,0,28,-6,-42,1
08/31/2004 19:38:00,244,0,30,-6,-42,1
08/31/2004 19:39:00,244,0,29,-6,-42,1
08/31/2004 19:40:00,244,0,26,-7,-43,1
08/31/2004 19:41:00,244,0,27,-7,-43,1
08/31/2004 19:42:00,244,0,26,-7,-43,1
08/31/2004 19:43:00,244,0,26,-7,-44,1
08/31/2004 19:44:00,244,0,25,-7,-44,1
08/31/2004 19:45:00,244,0,25,-7,-45,1
08/31/2004 19:46:00,244,0,24,-7,-45,1
08/31/2004 19:47:00,244,0,25,-8,-45,1
08/31/2004 19:48:00,244,0,26,-8,-45,1
08/31/2004 19:49:00,244,0,26,-8,-46,1
08/31/2004 19:50:00,244,0,26,-8,-46,1
08/31/2004 19:51:00,244,0,27,-8,-46,1
08/31/2004 19:52:00,244,0,29,-7,-45,1
08/31/2004 19:53:00,244,0,28,-8,-45,1
08/31/2004 19:54:00,244,0,28,-8,-45,1
08/31/2004 19:55:00,244,0,30,-8,-45,1
08/31/2004 19:56:00,244,0,31,-8,-44,1
08/31/2004 19:57:00,244,0,31,-8,-45,1
08/31/2004 19:58:00,244,0,33,-8,-44,1
08/31/2004 19:59:00,244,0,33,-8,-44,1
08/31/2004 20:00:00,244,0,33,-7,-44,1
08/31/2004 20:01:00,244,0,33,-7,-44,1
08/31/2004 20:02:00,244,0,34,-8,-44,1
08/31/2004 20:03:00,244,0,34,-8,-45,1
08/31/2004 20:04:00,244,0,33,-8,-46,1
08/31/2004 20:05:00,244,0,34,-8,-46,1
08/31/2004 20:06:00,244,0,34,-8,-45,1
08/31/2004 20:07:00,244,0,34,-8,-45,1
08/31/2004 20:08:00,244,0,33,-8,-45,1
08/31/2004 20:09:00,244,0,33,-7,-45,1
08/31/2004 20:10:00,244,0,32,-7,-45,1
08/31/2004 20:11:00,244,0,31,-7,-45,1
08/31/2004 20:12:00,244,0,32,-7,-45,1
08/31/2004 20:13:00,244,0,33,-7,-45,1
08/31/2004 20:14:00,244,0,34,-7,-46,1
08/31/2004 20:15:00,244,0,32,-6,-45,1
08/31/2004 20:16:00,244,0,33,-6,-45,1
08/31/2004 20:17:00,244,0,32,-6,-45,1
08/31/2004 20:18:00,244,0,31,-6,-44,1
08/31/2004 20:19:00,244,0,31,-6,-45,1
08/31/2004 20:20:00,244,0,33,-6,-45,1
08/31/2004 20:21:00,244,0,33,-6,-45,1
08/31/2004 20:22:00,244,0,33,-6,-46,1
08/31/2004 20:23:00,244,0,32,-6,-46,1
08/31/2004 20:24:00,244,0,31,-6,-45,1
08/31/2004 20:25:00,244,0,30,-6,-45,1
08/31/2004 20:26:00,244,0,30,-6,-45,1
08/31/2004 20:27:00,244,0,30,-6,-45,1
08/31/2004 20:28:00,244,0,29,-6,-45,1
08/31/2004 20:29:00,244,0,27,-6,-45,1
08/31/2004 20:30:00,244,0,25,-5,-44,1
08/31/2004 20:31:00,244,0,25,-5,-45,1
08/31/2004 20:32:00,244,0,24,-5,-45,1
08/31/2004 20:33:00,244,0,24,-5,-45,1
08/31/2004 20:34:00,244,0,23,-5,-45,1
08/31/2004 20:35:00,244,0,22,-5,-44,1
08/31/2004 20:36:00,244,0,21,-5,-44,1
08/31/2004 20:37:00,244,0,19,-5,-43,1
08/31/2004 20:38:00,244,0,19,-5,-44,1
08/31/2004 20:39:00,244,0,18,-5,-44,1
08/31/2004 20:40:00,244,0,16,-5,-44,1
08/31/2004 20:41:00,244,0,16,-5,-43,1
08/31/2004 20:42:00,244,0,16,-5,-44,1
08/31/2004 20:43:00,244,0,15,-5,-43,1
08/31/2004 20:44:00,244,0,17,-5,-43,1
08/31/2004 20:45:00,244,0,18,-5,-42,1
08/31/2004 20:46:00,244,0,20,-5,-42,1
08/31/2004 20:47:00,244,0,20,-5,-42,1
08/31/2004 20:48:00,244,0,20,-5,-42,1
08/31/2004 20:49:00,244,0,21,-5,-41,1
08/31/2004 20:50:00,244,0,22,-5,-41,1
08/31/2004 20:51:00,244,0,21,-5,-41,1
08/31/2004 20:52:00,244,0,21,-5,-41,1
08/31/2004 20:53:00,244,0,21,-5,-41,1
08/31/2004 20:54:00,244,0,21,-5,-42,1
08/31/2004 20:55:00,244,0,21,-5,-41,1
08/31/2004 20:56:00,244,0,21,-5,-41,1
08/31/2004 20:57:00,244,0,21,-5,-41,1
08/31/2004 20:58:00,244,0,22,-5,-41,1
08/31/2004 20:59:00,244,0,22,-5,-41,1
08/31/2004 21:00:00,244,0,22,-5,-40,1
08/31/2004 21:01:00,244,0,22,-5,-40,1
08/31/2004 21:02:00,244,0,23,-5,-39,1
08/31/2004 21:03:00,244,0,22,-5,-39,1
08/31/2004 21:04:00,244,0,24,-5,-39,1
08/31/2004 21:05:00,244,0,24,-4,-38,1
08/31/2004 21:06:00,244,0,25,-4,-38,1
08/31/2004 21:07:00,244,0,27,-4,-37,1
08/31/2004 21:08:00,244,0,26,-4,-37,1
08/31/2004 21:09:00,244,0,27,-4,-36,1
08/31/2004 21:10:00,244,0,27,-4,-36,1
08/31/2004 21:11:00,244,0,26,-4,-36,1
08/31/2004 21:12:00,244,0,27,-4,-36,1
08/31/2004 21:13:00,244,0,28,-4,-36,1
08/31/2004 21:14:00,244,0,29,-4,-35,1
08/31/2004 21:15:00,244,0,29,-3,-35,1
08/31/2004 21:16:00,244,0,30,-3,-35,1
08/31/2004 21:17:00,244,0,30,-3,-35,1
08/31/2004 21:18:00,244,0,30,-3,-35,1
08/31/2004 21:19:00,244,0,30,-3,-35,1
08/31/2004 21:20:00,244,0,30,-3,-35,1
08/31/2004 21:21:00,244,0,30,-3,-35,1
08/31/2004 21:22:00,244,0,29,-3,-35,1
08/31/2004 21:23:00,244,0,29,-3,-35,1
08/31/2004 21:24:00,244,0,29,-3,-35,1
08/31/2004 21:25:00,244,0,28,-3,-35,1
08/31/2004 21:26:00,244,0,27,-3,-35,1
08/31/2004 21:27:00,244,0,27,-3,-35,1
08/31/2004 21:28:00,244,0,27,-3,-35,1
08/31/2004 21:29:00,244,0,28,-3,-35,1
08/31/2004 21:30:00,244,0,29,-3,-35,1
08/31/2004 21:31:00,244,0,27,-3,-35,1
08/31/2004 21:32:00,244,0,27,-3,-35,1
08/31/2004 21:33:00,244,0,27,-3,-35,1
08/31/2004 21:34:00,244,0,25,-3,-34,1
08/31/2004 21:35:00,244,0,25,-3,-34,1
08/31/2004 21:36:00,244,0,23,-3,-35,1
08/31/2004 21:37:00,244,0,23,-3,-36,1
08/31/2004 21:38:00,244,0,23,-3,-36,1
08/31/2004 21:39:00,244,0,23,-3,-36,1
08/31/2004 21:40:00,244,0,21,-3,-37,1
08/31/2004 21:41:00,244,0,19,-3,-38,1
08/31/2004 21:42:00,244,0,18,-3,-38,1
08/31/2004 21:43:00,244,0,17,-3,-38,1
08/31/2004 21:44:00,244,0,16,-3,-38,1
08/31/2004 21:45:00,244,0,16,-3,-38,1
08/31/2004 21:46:00,244,0,16,-3,-38,1
08/31/2004 21:47:00,244,0,15,-3,-38,1
08/31/2004 21:48:00,244,0,14,-3,-38,1
08/31/2004 21:49:00,244,0,14,-3,-38,1
08/31/2004 21:50:00,244,0,14,-3,-38,1
08/31/2004 21:51:00,244,0,14,-3,-38,1
08/31/2004 21:52:00,244,0,14,-3,-38,1
08/31/2004 21:53:00,244,0,14,-3,-38,1
08/31/2004 21:54:00,244,0,13,-3,-37,1
08/31/2004 21:55:00,244,0,13,-3,-37,1
08/31/2004 21:56:00,244,0,13,-3,-37,1
08/31/2004 21:57:00,244,0,13,-3,-37,1
08/31/2004 21:58:00,244,0,12,-3,-37,1
08/31/2004 21:59:00,244,0,12,-3,-38,1
08/31/2004 22:00:00,244,0,12,-3,-38,1
08/31/2004 22:01:00,244,0,12,-3,-37,1
08/31/2004 22:02:00,244,0,13,-3,-37,1
08/31/2004 22:03:00,244,0,14,-3,-36,1
08/31/2004 22:04:00,244,0,14,-3,-35,1
08/31/2004 22:05:00,244,0,16,-3,-35,1
08/31/2004 22:06:00,244,0,17,-3,-35,1
08/31/2004 22:07:00,244,0,20,-3,-34,1
08/31/2004 22:08:00,244,0,21,-2,-34,1
08/31/2004 22:09:00,244,0,22,-2,-33,1
08/31/2004 22:10:00,244,0,20,-2,-33,1
08/31/2004 22:11:00,244,0,20,-3,-33,1
08/31/2004 22:12:00,244,0,20,-3,-33,1
08/31/2004 22:13:00,244,0,18,-3,-33,1
08/31/2004 22:14:00,244,0,21,-3,-33,1
08/31/2004 22:15:00,244,0,22,-2,-32,1
08/31/2004 22:16:00,244,0,22,-2,-32,1
08/31/2004 22:17:00,244,0,23,-2,-31,1
08/31/2004 22:18:00,244,0,24,-3,-31,1
08/31/2004 22:19:00,244,0,26,-3,-30,1
08/31/2004 22:20:00,244,0,26,-2,-30,1
08/31/2004 22:21:00,244,0,27,-2,-31,1
08/31/2004 22:22:00,244,0,27,-2,-30,1
08/31/2004 22:23:00,244,0,27,-2,-30,1
08/31/2004 22:24:00,244,0,28,-2,-30,1
08/31/2004 22:25:00,244,0,26,-2,-31,1
08/31/2004 22:26:00,244,0,26,-2,-31,1
08/31/2004 22:27:00,244,0,25,-2,-31,1
08/31/2004 22:28:00,244,0,25,-2,-31,1
08/31/2004 22:29:00,244,0,25,-2,-31,1
08/31/2004 22:30:00,244,0,25,-2,-31,1
08/31/2004 22:31:00,244,0,26,-3,-31,1
08/31/2004 22:32:00,244,0,25,-3,-31,1
08/31/2004 22:33:00,244,0,27,-3,-30,1
08/31/2004 22:34:00,244,0,25,-3,-30,1
08/31/2004 22:35:00,244,0,23,-3,-31,1
08/31/2004 22:36:00,244,0,22,-3,-32,1
08/31/2004 22:37:00,244,0,21,-3,-32,1
08/31/2004 22:38:00,244,0,22,-3,-32,1
08/31/2004 22:39:00,244,0,22,-3,-32,1
08/31/2004 22:40:00,244,0,24,-3,-32,1
08/31/2004 22:41:00,244,0,24,-3,-32,1
08/31/2004 22:42:00,244,0,24,-3,-31,1
08/31/2004 22:43:00,244,0,24,-3,-31,1
08/31/2004 22:44:00,244,0,26,-3,-31,1
08/31/2004 22:45:00,244,0,26,-2,-31,1
08/31/2004 22:46:00,244,0,25,-3,-31,1
08/31/2004 22:47:00,244,0,24,-3,-32,1
08/31/2004 22:48:00,244,0,23,-3,-32,1
08/31/2004 22:49:00,244,0,23,-3,-32,1
08/31/2004 22:50:00,244,0,22,-3,-33,1
08/31/2004 22:51:00,244,0,21,-3,-33,1
08/31/2004 22:52:00,244,0,20,-3,-33,1
08/31/2004 22:53:00,244,0,20,-3,-34,1
08/31/2004 22:54:00,244,0,19,-3,-34,1
08/31/2004 22:55:00,244,0,19,-3,-34,1
08/31/2004 22:56:00,244,0,19,-4,-34,1
08/31/2004 22:57:00,244,0,20,-4,-34,1
08/31/2004 22:58:00,244,0,22,-3,-34,1
08/31/2004 22:59:00,244,0,22,-3,-34,1
08/31/2004 23:00:00,244,0,23,-3,-34,1
08/31/2004 23:01:00,244,0,22,-4,-35,1
08/31/2004 23:02:00,244,0,22,-4,-35,1
08/31/2004 23:03:00,244,0,22,-4,-35,1
08/31/2004 23:04:00,244,0,22,-4,-36,1
08/31/2004 23:05:00,244,0,21,-4,-36,1
08/31/2004 23:06:00,244,0,22,-4,-36,1
08/31/2004 23:07:00,244,0,23,-4,-35,1
08/31/2004 23:08:00,244,0,25,-4,-35,1
08/31/2004 23:09:00,244,0,25,-4,-35,1
08/31/2004 23:10:00,244,0,26,-4,-36,1
08/31/2004 23:11:00,244,0,27,-4,-36,1
08/31/2004 23:12:00,244,0,27,-4,-36,1
08/31/2004 23:13:00,244,0,28,-4,-35,1
08/31/2004 23:14:00,244,0,30,-4,-35,1
08/31/2004 23:15:00,244,0,31,-3,-35,1
08/31/2004 23:16:00,244,0,32,-3,-35,1
08/31/2004 23:17:00,244,0,32,-3,-35,1
08/31/2004 23:18:00,244,0,32,-3,-35,1
08/31/2004 23:19:00,244,0,32,-3,-35,1
08/31/2004 23:20:00,244,0,32,-3,-34,1
08/31/2004 23:21:00,244,0,32,-3,-34,1
08/31/2004 23:22:00,244,0,33,-3,-34,1
08/31/2004 23:23:00,244,0,33,-3,-34,1
08/31/2004 23:24:00,244,0,33,-3,-34,1
08/31/2004 23:25:00,244,0,32,-3,-35,1
08/31/2004 23:26:00,244,0,30,-3,-36,1
08/31/2004 23:27:00,244,0,30,-3,-36,1
08/31/2004 23:28:00,244,0,30,-3,-36,1
08/31/2004 23:29:00,244,0,30,-3,-37,1
08/31/2004 23:30:00,244,0,29,-3,-37,1
08/31/2004 23:31:00,244,0,30,-4,-37,1
08/31/2004 23:32:00,244,0,32,-4,-38,1
08/31/2004 23:33:00,244,0,33,-3,-37,1
08/31/2004 23:34:00,244,0,33,-3,-38,1
08/31/2004 23:35:00,244,0,34,-3,-38,1
08/31/2004 23:36:00,244,0,35,-3,-38,1
08/31/2004 23:37:00,244,0,35,-3,-38,1
08/31/2004 23:38:00,244,0,35,-3,-38,1
08/31/2004 23:39:00,244,0,36,-3,-39,1
08/31/2004 23:40:00,244,0,36,-3,-39,1
08/31/2004 23:41:00,244,0,37,-3,-39,1
08/31/2004 23:42:00,244,0,38,-3,-39,1
08/31/2004 23:43:00,244,0,38,-3,-40,1
08/31/2004 23:44:00,244,0,38,-3,-40,1
08/31/2004 23:45:00,244,0,38,-3,-39,1
08/31/2004 23:46:00,244,0,38,-2,-39,1
08/31/2004 23:47:00,244,0,39,-2,-39,1
08/31/2004 23:48:00,244,0,39,-2,-39,1
08/31/2004 23:49:00,244,0,40,-2,-39,1
08/31/2004 23:50:00,244,0,39,-2,-39,1
08/31/2004 23:51:00,244,0,40,-2,-39,1
08/31/2004 23:52:00,244,0,41,-2,-39,1
08/31/2004 23:53:00,244,0,40,-2,-39,1
08/31/2004 23:54:00,244,0,41,-2,-39,1
08/31/2004 23:55:00,244,0,41,-2,-39,1
08/31/2004 23:56:00,244,0,41,-2,-39,1
08/31/2004 23:57:00,244,0,41,-2,-39,1
08/31/2004 23:58:00,244,0,41,-2,-38,1
08/31/2004 23:59:00,244,0,41,-2,-38,1
