DateTime,DOY,D_TEC,ASY_H,SYM_D,SYM_H,Location
4/17/2002 0:00,107,0,15,-4,-12,1
4/17/2002 0:01,107,0,14,-4,-13,1
4/17/2002 0:02,107,0,14,-4,-13,1
4/17/2002 0:03,107,0,14,-4,-13,1
4/17/2002 0:04,107,0,13,-4,-13,1
4/17/2002 0:05,107,0,12,-5,-14,1
4/17/2002 0:06,107,0,13,-5,-15,1
4/17/2002 0:07,107,0,12,-5,-15,1
4/17/2002 0:08,107,0,12,-5,-16,1
4/17/2002 0:09,107,0,11,-5,-16,1
4/17/2002 0:10,107,0,12,-5,-16,1
4/17/2002 0:11,107,0,12,-5,-17,1
4/17/2002 0:12,107,0,12,-5,-17,1
4/17/2002 0:13,107,0,12,-5,-17,1
4/17/2002 0:14,107,0,11,-5,-17,1
4/17/2002 0:15,107,0,11,-5,-17,1
4/17/2002 0:16,107,0,11,-5,-17,1
4/17/2002 0:17,107,0,11,-5,-17,1
4/17/2002 0:18,107,0,12,-5,-17,1
4/17/2002 0:19,107,0,12,-5,-17,1
4/17/2002 0:20,107,0,13,-5,-16,1
4/17/2002 0:21,107,0,13,-5,-16,1
4/17/2002 0:22,107,0,12,-5,-16,1
4/17/2002 0:23,107,0,12,-5,-15,1
4/17/2002 0:24,107,0,12,-5,-15,1
4/17/2002 0:25,107,0,12,-5,-15,1
4/17/2002 0:26,107,0,13,-5,-15,1
4/17/2002 0:27,107,0,13,-5,-15,1
4/17/2002 0:28,107,0,12,-5,-15,1
4/17/2002 0:29,107,0,13,-5,-15,1
4/17/2002 0:30,107,0,13,-5,-15,1
4/17/2002 0:31,107,0,14,-4,-15,1
4/17/2002 0:32,107,0,14,-5,-15,1
4/17/2002 0:33,107,0,15,-5,-15,1
4/17/2002 0:34,107,0,15,-5,-14,1
4/17/2002 0:35,107,0,15,-5,-14,1
4/17/2002 0:36,107,0,15,-5,-14,1
4/17/2002 0:37,107,0,17,-5,-14,1
4/17/2002 0:38,107,0,17,-5,-14,1
4/17/2002 0:39,107,0,18,-5,-14,1
4/17/2002 0:40,107,0,18,-5,-14,1
4/17/2002 0:41,107,0,20,-5,-14,1
4/17/2002 0:42,107,0,21,-5,-14,1
4/17/2002 0:43,107,0,19,-5,-14,1
4/17/2002 0:44,107,0,19,-5,-14,1
4/17/2002 0:45,107,0,19,-5,-14,1
4/17/2002 0:46,107,0,19,-5,-13,1
4/17/2002 0:47,107,0,19,-4,-13,1
4/17/2002 0:48,107,0,19,-4,-14,1
4/17/2002 0:49,107,0,20,-4,-14,1
4/17/2002 0:50,107,0,20,-5,-14,1
4/17/2002 0:51,107,0,20,-5,-14,1
4/17/2002 0:52,107,0,20,-5,-14,1
4/17/2002 0:53,107,0,21,-5,-14,1
4/17/2002 0:54,107,0,21,-5,-15,1
4/17/2002 0:55,107,0,20,-5,-15,1
4/17/2002 0:56,107,0,21,-5,-16,1
4/17/2002 0:57,107,0,21,-5,-15,1
4/17/2002 0:58,107,0,21,-5,-16,1
4/17/2002 0:59,107,0,22,-5,-16,1
4/17/2002 1:00,107,0,22,-5,-16,1
4/17/2002 1:01,107,0,22,-5,-16,1
4/17/2002 1:02,107,0,23,-5,-17,1
4/17/2002 1:03,107,0,23,-5,-16,1
4/17/2002 1:04,107,0,24,-5,-17,1
4/17/2002 1:05,107,0,24,-5,-17,1
4/17/2002 1:06,107,0,24,-5,-17,1
4/17/2002 1:07,107,0,24,-5,-17,1
4/17/2002 1:08,107,0,25,-5,-17,1
4/17/2002 1:09,107,0,25,-5,-17,1
4/17/2002 1:10,107,0,26,-5,-18,1
4/17/2002 1:11,107,0,26,-5,-18,1
4/17/2002 1:12,107,0,26,-5,-18,1
4/17/2002 1:13,107,0,27,-5,-18,1
4/17/2002 1:14,107,0,27,-6,-18,1
4/17/2002 1:15,107,0,26,-6,-18,1
4/17/2002 1:16,107,0,27,-6,-19,1
4/17/2002 1:17,107,0,26,-5,-19,1
4/17/2002 1:18,107,0,27,-5,-19,1
4/17/2002 1:19,107,0,27,-5,-19,1
4/17/2002 1:20,107,0,27,-5,-19,1
4/17/2002 1:21,107,0,26,-5,-19,1
4/17/2002 1:22,107,0,26,-5,-19,1
4/17/2002 1:23,107,0,25,-5,-20,1
4/17/2002 1:24,107,0,25,-5,-20,1
4/17/2002 1:25,107,0,24,-5,-20,1
4/17/2002 1:26,107,0,24,-5,-20,1
4/17/2002 1:27,107,0,24,-5,-20,1
4/17/2002 1:28,107,0,24,-5,-20,1
4/17/2002 1:29,107,0,23,-5,-20,1
4/17/2002 1:30,107,0,23,-5,-20,1
4/17/2002 1:31,107,0,23,-5,-20,1
4/17/2002 1:32,107,0,23,-4,-20,1
4/17/2002 1:33,107,0,23,-4,-20,1
4/17/2002 1:34,107,0,23,-4,-20,1
4/17/2002 1:35,107,0,23,-4,-20,1
4/17/2002 1:36,107,0,22,-4,-20,1
4/17/2002 1:37,107,0,22,-4,-20,1
4/17/2002 1:38,107,0,22,-4,-20,1
4/17/2002 1:39,107,0,22,-4,-20,1
4/17/2002 1:40,107,0,22,-4,-20,1
4/17/2002 1:41,107,0,21,-4,-20,1
4/17/2002 1:42,107,0,21,-4,-20,1
4/17/2002 1:43,107,0,21,-4,-20,1
4/17/2002 1:44,107,0,20,-4,-20,1
4/17/2002 1:45,107,0,20,-3,-19,1
4/17/2002 1:46,107,0,20,-3,-19,1
4/17/2002 1:47,107,0,20,-3,-19,1
4/17/2002 1:48,107,0,19,-3,-19,1
4/17/2002 1:49,107,0,19,-3,-19,1
4/17/2002 1:50,107,0,18,-3,-18,1
4/17/2002 1:51,107,0,18,-2,-18,1
4/17/2002 1:52,107,0,17,-2,-17,1
4/17/2002 1:53,107,0,17,-2,-17,1
4/17/2002 1:54,107,0,17,-2,-17,1
4/17/2002 1:55,107,0,15,-2,-17,1
4/17/2002 1:56,107,0,16,-2,-17,1
4/17/2002 1:57,107,0,14,-2,-18,1
4/17/2002 1:58,107,0,15,-2,-18,1
4/17/2002 1:59,107,0,16,-2,-18,1
4/17/2002 2:00,107,0,16,-2,-18,1
4/17/2002 2:01,107,0,16,-2,-19,1
4/17/2002 2:02,107,0,17,-2,-19,1
4/17/2002 2:03,107,0,17,-2,-19,1
4/17/2002 2:04,107,0,17,-2,-19,1
4/17/2002 2:05,107,0,16,-2,-19,1
4/17/2002 2:06,107,0,15,-2,-19,1
4/17/2002 2:07,107,0,15,-2,-19,1
4/17/2002 2:08,107,0,15,-2,-18,1
4/17/2002 2:09,107,0,16,-2,-18,1
4/17/2002 2:10,107,0,15,-2,-18,1
4/17/2002 2:11,107,0,16,-1,-18,1
4/17/2002 2:12,107,0,16,-1,-17,1
4/17/2002 2:13,107,0,17,-1,-17,1
4/17/2002 2:14,107,0,17,-1,-17,1
4/17/2002 2:15,107,0,16,-1,-16,1
4/17/2002 2:16,107,0,18,-1,-16,1
4/17/2002 2:17,107,0,18,-1,-16,1
4/17/2002 2:18,107,0,16,-1,-16,1
4/17/2002 2:19,107,0,16,-2,-16,1
4/17/2002 2:20,107,0,17,-2,-16,1
4/17/2002 2:21,107,0,15,-2,-16,1
4/17/2002 2:22,107,0,15,-2,-16,1
4/17/2002 2:23,107,0,14,-2,-16,1
4/17/2002 2:24,107,0,14,-2,-16,1
4/17/2002 2:25,107,0,13,-2,-17,1
4/17/2002 2:26,107,0,13,-2,-17,1
4/17/2002 2:27,107,0,12,-1,-16,1
4/17/2002 2:28,107,0,11,-1,-16,1
4/17/2002 2:29,107,0,11,-2,-16,1
4/17/2002 2:30,107,0,11,-2,-16,1
4/17/2002 2:31,107,0,11,-1,-16,1
4/17/2002 2:32,107,0,10,-1,-16,1
4/17/2002 2:33,107,0,10,-1,-16,1
4/17/2002 2:34,107,0,11,-1,-15,1
4/17/2002 2:35,107,0,10,-1,-15,1
4/17/2002 2:36,107,0,11,-1,-15,1
4/17/2002 2:37,107,0,10,-1,-15,1
4/17/2002 2:38,107,0,10,-1,-15,1
4/17/2002 2:39,107,0,10,-1,-15,1
4/17/2002 2:40,107,0,10,-1,-15,1
4/17/2002 2:41,107,0,11,-1,-14,1
4/17/2002 2:42,107,0,11,-1,-14,1
4/17/2002 2:43,107,0,11,-1,-14,1
4/17/2002 2:44,107,0,11,-1,-14,1
4/17/2002 2:45,107,0,11,-1,-13,1
4/17/2002 2:46,107,0,13,-1,-14,1
4/17/2002 2:47,107,0,13,-1,-13,1
4/17/2002 2:48,107,0,13,-1,-13,1
4/17/2002 2:49,107,0,14,-2,-13,1
4/17/2002 2:50,107,0,15,-2,-13,1
4/17/2002 2:51,107,0,15,-2,-13,1
4/17/2002 2:52,107,0,16,-2,-13,1
4/17/2002 2:53,107,0,16,-2,-13,1
4/17/2002 2:54,107,0,16,-2,-13,1
4/17/2002 2:55,107,0,16,-2,-13,1
4/17/2002 2:56,107,0,17,-2,-12,1
4/17/2002 2:57,107,0,17,-2,-12,1
4/17/2002 2:58,107,0,17,-2,-13,1
4/17/2002 2:59,107,0,17,-2,-12,1
4/17/2002 3:00,107,0,17,-2,-12,1
4/17/2002 3:01,107,0,17,-3,-11,1
4/17/2002 3:02,107,0,17,-2,-11,1
4/17/2002 3:03,107,0,17,-2,-11,1
4/17/2002 3:04,107,0,18,-3,-11,1
4/17/2002 3:05,107,0,17,-3,-10,1
4/17/2002 3:06,107,0,17,-2,-10,1
4/17/2002 3:07,107,0,17,-3,-10,1
4/17/2002 3:08,107,0,16,-3,-10,1
4/17/2002 3:09,107,0,15,-2,-9,1
4/17/2002 3:10,107,0,16,-3,-10,1
4/17/2002 3:11,107,0,16,-3,-10,1
4/17/2002 3:12,107,0,16,-3,-10,1
4/17/2002 3:13,107,0,15,-3,-10,1
4/17/2002 3:14,107,0,15,-3,-10,1
4/17/2002 3:15,107,0,15,-3,-10,1
4/17/2002 3:16,107,0,15,-3,-9,1
4/17/2002 3:17,107,0,16,-3,-9,1
4/17/2002 3:18,107,0,16,-3,-9,1
4/17/2002 3:19,107,0,16,-3,-9,1
4/17/2002 3:20,107,0,16,-3,-9,1
4/17/2002 3:21,107,0,16,-3,-9,1
4/17/2002 3:22,107,0,16,-3,-9,1
4/17/2002 3:23,107,0,16,-3,-9,1
4/17/2002 3:24,107,0,16,-3,-8,1
4/17/2002 3:25,107,0,16,-3,-8,1
4/17/2002 3:26,107,0,16,-3,-8,1
4/17/2002 3:27,107,0,15,-3,-9,1
4/17/2002 3:28,107,0,15,-3,-9,1
4/17/2002 3:29,107,0,16,-3,-9,1
4/17/2002 3:30,107,0,15,-3,-9,1
4/17/2002 3:31,107,0,15,-3,-9,1
4/17/2002 3:32,107,0,16,-3,-9,1
4/17/2002 3:33,107,0,16,-3,-9,1
4/17/2002 3:34,107,0,18,-3,-9,1
4/17/2002 3:35,107,0,17,-3,-9,1
4/17/2002 3:36,107,0,17,-3,-10,1
4/17/2002 3:37,107,0,18,-3,-9,1
4/17/2002 3:38,107,0,18,-3,-9,1
4/17/2002 3:39,107,0,18,-3,-9,1
4/17/2002 3:40,107,0,17,-3,-9,1
4/17/2002 3:41,107,0,17,-3,-9,1
4/17/2002 3:42,107,0,17,-3,-9,1
4/17/2002 3:43,107,0,17,-3,-8,1
4/17/2002 3:44,107,0,17,-2,-8,1
4/17/2002 3:45,107,0,17,-2,-9,1
4/17/2002 3:46,107,0,17,-2,-9,1
4/17/2002 3:47,107,0,17,-2,-8,1
4/17/2002 3:48,107,0,17,-2,-8,1
4/17/2002 3:49,107,0,17,-2,-8,1
4/17/2002 3:50,107,0,18,-2,-8,1
4/17/2002 3:51,107,0,17,-2,-8,1
4/17/2002 3:52,107,0,18,-2,-8,1
4/17/2002 3:53,107,0,18,-2,-8,1
4/17/2002 3:54,107,0,18,-2,-7,1
4/17/2002 3:55,107,0,18,-2,-7,1
4/17/2002 3:56,107,0,19,-2,-8,1
4/17/2002 3:57,107,0,18,-2,-8,1
4/17/2002 3:58,107,0,18,-2,-8,1
4/17/2002 3:59,107,0,19,-2,-7,1
4/17/2002 4:00,107,0,20,-1,-7,1
4/17/2002 4:01,107,0,19,-1,-7,1
4/17/2002 4:02,107,0,20,-1,-7,1
4/17/2002 4:03,107,0,21,-1,-7,1
4/17/2002 4:04,107,0,21,-1,-7,1
4/17/2002 4:05,107,0,21,-1,-7,1
4/17/2002 4:06,107,0,21,-1,-7,1
4/17/2002 4:07,107,0,21,-1,-7,1
4/17/2002 4:08,107,0,22,-1,-6,1
4/17/2002 4:09,107,0,22,-1,-6,1
4/17/2002 4:10,107,0,22,-1,-5,1
4/17/2002 4:11,107,0,22,-1,-5,1
4/17/2002 4:12,107,0,23,-1,-5,1
4/17/2002 4:13,107,0,22,-1,-5,1
4/17/2002 4:14,107,0,22,-1,-5,1
4/17/2002 4:15,107,0,23,-1,-5,1
4/17/2002 4:16,107,0,22,-2,-5,1
4/17/2002 4:17,107,0,24,-2,-5,1
4/17/2002 4:18,107,0,24,-2,-5,1
4/17/2002 4:19,107,0,23,-2,-5,1
4/17/2002 4:20,107,0,23,-2,-5,1
4/17/2002 4:21,107,0,23,-2,-6,1
4/17/2002 4:22,107,0,24,-2,-6,1
4/17/2002 4:23,107,0,24,-2,-6,1
4/17/2002 4:24,107,0,24,-2,-6,1
4/17/2002 4:25,107,0,24,-2,-6,1
4/17/2002 4:26,107,0,24,-2,-6,1
4/17/2002 4:27,107,0,24,-2,-6,1
4/17/2002 4:28,107,0,24,-2,-6,1
4/17/2002 4:29,107,0,24,-2,-6,1
4/17/2002 4:30,107,0,24,-2,-7,1
4/17/2002 4:31,107,0,24,-2,-7,1
4/17/2002 4:32,107,0,23,-2,-6,1
4/17/2002 4:33,107,0,25,-2,-7,1
4/17/2002 4:34,107,0,24,-2,-7,1
4/17/2002 4:35,107,0,24,-2,-7,1
4/17/2002 4:36,107,0,23,-2,-7,1
4/17/2002 4:37,107,0,22,-2,-8,1
4/17/2002 4:38,107,0,22,-2,-8,1
4/17/2002 4:39,107,0,22,-2,-7,1
4/17/2002 4:40,107,0,22,-2,-8,1
4/17/2002 4:41,107,0,22,-2,-8,1
4/17/2002 4:42,107,0,21,-2,-8,1
4/17/2002 4:43,107,0,21,-2,-8,1
4/17/2002 4:44,107,0,22,-2,-9,1
4/17/2002 4:45,107,0,22,-2,-8,1
4/17/2002 4:46,107,0,21,-2,-9,1
4/17/2002 4:47,107,0,21,-2,-9,1
4/17/2002 4:48,107,0,20,-2,-9,1
4/17/2002 4:49,107,0,20,-2,-9,1
4/17/2002 4:50,107,0,20,-2,-9,1
4/17/2002 4:51,107,0,19,-2,-9,1
4/17/2002 4:52,107,0,19,-2,-9,1
4/17/2002 4:53,107,0,20,-2,-9,1
4/17/2002 4:54,107,0,22,-2,-9,1
4/17/2002 4:55,107,0,23,-2,-10,1
4/17/2002 4:56,107,0,22,-2,-9,1
4/17/2002 4:57,107,0,22,-2,-10,1
4/17/2002 4:58,107,0,22,-2,-10,1
4/17/2002 4:59,107,0,22,-3,-10,1
4/17/2002 5:00,107,0,22,-3,-10,1
4/17/2002 5:01,107,0,22,-3,-10,1
4/17/2002 5:02,107,0,21,-3,-11,1
4/17/2002 5:03,107,0,21,-3,-11,1
4/17/2002 5:04,107,0,21,-3,-12,1
4/17/2002 5:05,107,0,21,-3,-12,1
4/17/2002 5:06,107,0,22,-3,-12,1
4/17/2002 5:07,107,0,22,-3,-12,1
4/17/2002 5:08,107,0,23,-3,-13,1
4/17/2002 5:09,107,0,22,-3,-13,1
4/17/2002 5:10,107,0,22,-3,-13,1
4/17/2002 5:11,107,0,22,-3,-13,1
4/17/2002 5:12,107,0,23,-3,-14,1
4/17/2002 5:13,107,0,23,-3,-14,1
4/17/2002 5:14,107,0,24,-3,-14,1
4/17/2002 5:15,107,0,23,-3,-15,1
4/17/2002 5:16,107,0,21,-3,-15,1
4/17/2002 5:17,107,0,21,-3,-15,1
4/17/2002 5:18,107,0,19,-3,-16,1
4/17/2002 5:19,107,0,20,-3,-16,1
4/17/2002 5:20,107,0,20,-3,-16,1
4/17/2002 5:21,107,0,18,-2,-17,1
4/17/2002 5:22,107,0,18,-2,-17,1
4/17/2002 5:23,107,0,18,-2,-17,1
4/17/2002 5:24,107,0,18,-2,-18,1
4/17/2002 5:25,107,0,19,-2,-18,1
4/17/2002 5:26,107,0,18,-1,-18,1
4/17/2002 5:27,107,0,20,-1,-18,1
4/17/2002 5:28,107,0,20,-1,-18,1
4/17/2002 5:29,107,0,21,-1,-18,1
4/17/2002 5:30,107,0,21,0,-18,1
4/17/2002 5:31,107,0,23,0,-18,1
4/17/2002 5:32,107,0,23,0,-19,1
4/17/2002 5:33,107,0,23,0,-19,1
4/17/2002 5:34,107,0,24,1,-19,1
4/17/2002 5:35,107,0,24,1,-19,1
4/17/2002 5:36,107,0,24,1,-18,1
4/17/2002 5:37,107,0,25,1,-18,1
4/17/2002 5:38,107,0,26,1,-18,1
4/17/2002 5:39,107,0,26,1,-18,1
4/17/2002 5:40,107,0,27,2,-18,1
4/17/2002 5:41,107,0,27,2,-18,1
4/17/2002 5:42,107,0,27,2,-18,1
4/17/2002 5:43,107,0,27,2,-18,1
4/17/2002 5:44,107,0,28,2,-19,1
4/17/2002 5:45,107,0,28,2,-19,1
4/17/2002 5:46,107,0,28,2,-19,1
4/17/2002 5:47,107,0,28,2,-20,1
4/17/2002 5:48,107,0,28,2,-20,1
4/17/2002 5:49,107,0,28,2,-20,1
4/17/2002 5:50,107,0,28,3,-20,1
4/17/2002 5:51,107,0,28,2,-20,1
4/17/2002 5:52,107,0,28,3,-20,1
4/17/2002 5:53,107,0,29,3,-21,1
4/17/2002 5:54,107,0,30,3,-21,1
4/17/2002 5:55,107,0,30,3,-21,1
4/17/2002 5:56,107,0,30,3,-21,1
4/17/2002 5:57,107,0,30,3,-21,1
4/17/2002 5:58,107,0,30,3,-21,1
4/17/2002 5:59,107,0,30,3,-21,1
4/17/2002 6:00,107,0,30,3,-21,1
4/17/2002 6:01,107,0,30,2,-21,1
4/17/2002 6:02,107,0,30,3,-21,1
4/17/2002 6:03,107,0,30,3,-21,1
4/17/2002 6:04,107,0,30,3,-21,1
4/17/2002 6:05,107,0,30,3,-22,1
4/17/2002 6:06,107,0,29,3,-22,1
4/17/2002 6:07,107,0,29,3,-22,1
4/17/2002 6:08,107,0,29,3,-22,1
4/17/2002 6:09,107,0,29,3,-22,1
4/17/2002 6:10,107,0,28,3,-22,1
4/17/2002 6:11,107,0,27,3,-21,1
4/17/2002 6:12,107,0,27,3,-21,1
4/17/2002 6:13,107,0,26,3,-21,1
4/17/2002 6:14,107,0,27,3,-21,1
4/17/2002 6:15,107,0,26,3,-21,1
4/17/2002 6:16,107,0,26,3,-21,1
4/17/2002 6:17,107,0,26,3,-21,1
4/17/2002 6:18,107,0,25,3,-21,1
4/17/2002 6:19,107,0,25,3,-20,1
4/17/2002 6:20,107,0,25,3,-20,1
4/17/2002 6:21,107,0,25,2,-20,1
4/17/2002 6:22,107,0,24,2,-19,1
4/17/2002 6:23,107,0,24,2,-19,1
4/17/2002 6:24,107,0,24,2,-19,1
4/17/2002 6:25,107,0,24,2,-19,1
4/17/2002 6:26,107,0,24,2,-19,1
4/17/2002 6:27,107,0,22,2,-19,1
4/17/2002 6:28,107,0,22,2,-19,1
4/17/2002 6:29,107,0,22,2,-19,1
4/17/2002 6:30,107,0,22,2,-19,1
4/17/2002 6:31,107,0,22,2,-18,1
4/17/2002 6:32,107,0,22,2,-18,1
4/17/2002 6:33,107,0,22,2,-18,1
4/17/2002 6:34,107,0,21,2,-17,1
4/17/2002 6:35,107,0,21,2,-17,1
4/17/2002 6:36,107,0,20,2,-16,1
4/17/2002 6:37,107,0,20,2,-16,1
4/17/2002 6:38,107,0,19,2,-15,1
4/17/2002 6:39,107,0,19,1,-14,1
4/17/2002 6:40,107,0,18,1,-14,1
4/17/2002 6:41,107,0,18,1,-13,1
4/17/2002 6:42,107,0,19,1,-13,1
4/17/2002 6:43,107,0,18,1,-12,1
4/17/2002 6:44,107,0,18,0,-13,1
4/17/2002 6:45,107,0,19,0,-13,1
4/17/2002 6:46,107,0,19,0,-12,1
4/17/2002 6:47,107,0,19,0,-13,1
4/17/2002 6:48,107,0,19,0,-13,1
4/17/2002 6:49,107,0,19,0,-13,1
4/17/2002 6:50,107,0,19,0,-13,1
4/17/2002 6:51,107,0,19,0,-13,1
4/17/2002 6:52,107,0,19,0,-12,1
4/17/2002 6:53,107,0,19,0,-12,1
4/17/2002 6:54,107,0,18,0,-12,1
4/17/2002 6:55,107,0,18,0,-12,1
4/17/2002 6:56,107,0,18,0,-12,1
4/17/2002 6:57,107,0,17,0,-11,1
4/17/2002 6:58,107,0,17,-1,-11,1
4/17/2002 6:59,107,0,17,0,-11,1
4/17/2002 7:00,107,0,17,0,-11,1
4/17/2002 7:01,107,0,17,0,-11,1
4/17/2002 7:02,107,0,18,0,-11,1
4/17/2002 7:03,107,0,17,0,-11,1
4/17/2002 7:04,107,0,17,0,-11,1
4/17/2002 7:05,107,0,17,0,-11,1
4/17/2002 7:06,107,0,19,0,-12,1
4/17/2002 7:07,107,0,18,0,-12,1
4/17/2002 7:08,107,0,18,0,-12,1
4/17/2002 7:09,107,0,18,0,-12,1
4/17/2002 7:10,107,0,19,0,-12,1
4/17/2002 7:11,107,0,18,0,-12,1
4/17/2002 7:12,107,0,18,0,-12,1
4/17/2002 7:13,107,0,19,0,-12,1
4/17/2002 7:14,107,0,18,0,-12,1
4/17/2002 7:15,107,0,18,0,-12,1
4/17/2002 7:16,107,0,18,1,-11,1
4/17/2002 7:17,107,0,18,0,-11,1
4/17/2002 7:18,107,0,18,0,-11,1
4/17/2002 7:19,107,0,17,0,-10,1
4/17/2002 7:20,107,0,17,0,-10,1
4/17/2002 7:21,107,0,18,0,-10,1
4/17/2002 7:22,107,0,18,0,-10,1
4/17/2002 7:23,107,0,18,0,-9,1
4/17/2002 7:24,107,0,18,0,-9,1
4/17/2002 7:25,107,0,17,0,-9,1
4/17/2002 7:26,107,0,18,0,-9,1
4/17/2002 7:27,107,0,17,0,-9,1
4/17/2002 7:28,107,0,18,0,-9,1
4/17/2002 7:29,107,0,17,0,-9,1
4/17/2002 7:30,107,0,18,0,-8,1
4/17/2002 7:31,107,0,18,0,-8,1
4/17/2002 7:32,107,0,17,0,-7,1
4/17/2002 7:33,107,0,17,0,-7,1
4/17/2002 7:34,107,0,17,0,-7,1
4/17/2002 7:35,107,0,17,0,-7,1
4/17/2002 7:36,107,0,17,0,-6,1
4/17/2002 7:37,107,0,17,-1,-6,1
4/17/2002 7:38,107,0,17,0,-6,1
4/17/2002 7:39,107,0,16,0,-6,1
4/17/2002 7:40,107,0,16,0,-6,1
4/17/2002 7:41,107,0,16,0,-6,1
4/17/2002 7:42,107,0,17,-1,-5,1
4/17/2002 7:43,107,0,17,-1,-5,1
4/17/2002 7:44,107,0,17,-1,-5,1
4/17/2002 7:45,107,0,17,-1,-5,1
4/17/2002 7:46,107,0,17,-1,-5,1
4/17/2002 7:47,107,0,17,-1,-4,1
4/17/2002 7:48,107,0,17,-1,-4,1
4/17/2002 7:49,107,0,17,-2,-4,1
4/17/2002 7:50,107,0,17,-2,-4,1
4/17/2002 7:51,107,0,18,-2,-4,1
4/17/2002 7:52,107,0,18,-2,-3,1
4/17/2002 7:53,107,0,18,-2,-3,1
4/17/2002 7:54,107,0,18,-2,-3,1
4/17/2002 7:55,107,0,18,-3,-3,1
4/17/2002 7:56,107,0,18,-3,-3,1
4/17/2002 7:57,107,0,19,-3,-3,1
4/17/2002 7:58,107,0,19,-3,-3,1
4/17/2002 7:59,107,0,19,-3,-3,1
4/17/2002 8:00,107,0,19,-3,-3,1
4/17/2002 8:01,107,0,19,-3,-3,1
4/17/2002 8:02,107,0,19,-3,-3,1
4/17/2002 8:03,107,0,19,-3,-3,1
4/17/2002 8:04,107,0,18,-3,-4,1
4/17/2002 8:05,107,0,18,-3,-4,1
4/17/2002 8:06,107,0,20,-3,-4,1
4/17/2002 8:07,107,0,19,-3,-4,1
4/17/2002 8:08,107,0,19,-3,-5,1
4/17/2002 8:09,107,0,19,-3,-5,1
4/17/2002 8:10,107,0,18,-3,-6,1
4/17/2002 8:11,107,0,19,-3,-7,1
4/17/2002 8:12,107,0,18,-2,-8,1
4/17/2002 8:13,107,0,19,-2,-8,1
4/17/2002 8:14,107,0,18,-2,-9,1
4/17/2002 8:15,107,0,17,-2,-10,1
4/17/2002 8:16,107,0,17,-2,-11,1
4/17/2002 8:17,107,0,17,-1,-11,1
4/17/2002 8:18,107,0,16,-1,-12,1
4/17/2002 8:19,107,0,15,-1,-12,1
4/17/2002 8:20,107,0,14,-1,-12,1
4/17/2002 8:21,107,0,14,-2,-12,1
4/17/2002 8:22,107,0,15,-2,-11,1
4/17/2002 8:23,107,0,15,-3,-9,1
4/17/2002 8:24,107,0,16,-3,-9,1
4/17/2002 8:25,107,0,17,-3,-8,1
4/17/2002 8:26,107,0,17,-4,-6,1
4/17/2002 8:27,107,0,18,-4,-5,1
4/17/2002 8:28,107,0,18,-4,-4,1
4/17/2002 8:29,107,0,19,-4,-4,1
4/17/2002 8:30,107,0,20,-4,-3,1
4/17/2002 8:31,107,0,20,-5,-3,1
4/17/2002 8:32,107,0,21,-5,-3,1
4/17/2002 8:33,107,0,22,-5,-2,1
4/17/2002 8:34,107,0,22,-5,-1,1
4/17/2002 8:35,107,0,22,-5,-1,1
4/17/2002 8:36,107,0,22,-5,-1,1
4/17/2002 8:37,107,0,24,-5,-1,1
4/17/2002 8:38,107,0,24,-5,-1,1
4/17/2002 8:39,107,0,23,-5,-1,1
4/17/2002 8:40,107,0,23,-5,-1,1
4/17/2002 8:41,107,0,23,-5,-2,1
4/17/2002 8:42,107,0,22,-5,-2,1
4/17/2002 8:43,107,0,21,-5,-3,1
4/17/2002 8:44,107,0,20,-5,-4,1
4/17/2002 8:45,107,0,19,-4,-5,1
4/17/2002 8:46,107,0,20,-4,-5,1
4/17/2002 8:47,107,0,20,-4,-6,1
4/17/2002 8:48,107,0,21,-4,-6,1
4/17/2002 8:49,107,0,22,-4,-7,1
4/17/2002 8:50,107,0,21,-4,-7,1
4/17/2002 8:51,107,0,21,-4,-8,1
4/17/2002 8:52,107,0,22,-3,-8,1
4/17/2002 8:53,107,0,22,-3,-9,1
4/17/2002 8:54,107,0,23,-3,-9,1
4/17/2002 8:55,107,0,23,-3,-10,1
4/17/2002 8:56,107,0,23,-3,-10,1
4/17/2002 8:57,107,0,22,-3,-10,1
4/17/2002 8:58,107,0,22,-3,-11,1
4/17/2002 8:59,107,0,23,-3,-11,1
4/17/2002 9:00,107,0,23,-3,-11,1
4/17/2002 9:01,107,0,23,-3,-12,1
4/17/2002 9:02,107,0,24,-3,-12,1
4/17/2002 9:03,107,0,24,-3,-12,1
4/17/2002 9:04,107,0,24,-3,-13,1
4/17/2002 9:05,107,0,24,-3,-13,1
4/17/2002 9:06,107,0,25,-3,-13,1
4/17/2002 9:07,107,0,24,-3,-13,1
4/17/2002 9:08,107,0,24,-3,-13,1
4/17/2002 9:09,107,0,24,-3,-13,1
4/17/2002 9:10,107,0,24,-3,-13,1
4/17/2002 9:11,107,0,25,-3,-13,1
4/17/2002 9:12,107,0,24,-3,-12,1
4/17/2002 9:13,107,0,23,-4,-12,1
4/17/2002 9:14,107,0,21,-4,-12,1
4/17/2002 9:15,107,0,21,-4,-13,1
4/17/2002 9:16,107,0,21,-4,-13,1
4/17/2002 9:17,107,0,21,-4,-12,1
4/17/2002 9:18,107,0,22,-4,-12,1
4/17/2002 9:19,107,0,23,-5,-11,1
4/17/2002 9:20,107,0,24,-5,-12,1
4/17/2002 9:21,107,0,24,-5,-12,1
4/17/2002 9:22,107,0,26,-5,-12,1
4/17/2002 9:23,107,0,28,-5,-13,1
4/17/2002 9:24,107,0,28,-5,-13,1
4/17/2002 9:25,107,0,29,-5,-13,1
4/17/2002 9:26,107,0,28,-5,-13,1
4/17/2002 9:27,107,0,29,-5,-13,1
4/17/2002 9:28,107,0,28,-5,-13,1
4/17/2002 9:29,107,0,29,-5,-13,1
4/17/2002 9:30,107,0,29,-5,-13,1
4/17/2002 9:31,107,0,28,-5,-13,1
4/17/2002 9:32,107,0,29,-4,-14,1
4/17/2002 9:33,107,0,29,-4,-14,1
4/17/2002 9:34,107,0,29,-4,-14,1
4/17/2002 9:35,107,0,30,-4,-14,1
4/17/2002 9:36,107,0,30,-4,-14,1
4/17/2002 9:37,107,0,32,-4,-15,1
4/17/2002 9:38,107,0,32,-4,-15,1
4/17/2002 9:39,107,0,33,-3,-17,1
4/17/2002 9:40,107,0,35,-3,-18,1
4/17/2002 9:41,107,0,36,-3,-19,1
4/17/2002 9:42,107,0,36,-2,-19,1
4/17/2002 9:43,107,0,37,-2,-20,1
4/17/2002 9:44,107,0,37,-2,-21,1
4/17/2002 9:45,107,0,37,-2,-21,1
4/17/2002 9:46,107,0,33,-2,-20,1
4/17/2002 9:47,107,0,34,-2,-20,1
4/17/2002 9:48,107,0,30,-2,-21,1
4/17/2002 9:49,107,0,27,-2,-20,1
4/17/2002 9:50,107,0,28,-2,-21,1
4/17/2002 9:51,107,0,25,-1,-20,1
4/17/2002 9:52,107,0,24,-1,-21,1
4/17/2002 9:53,107,0,24,-1,-21,1
4/17/2002 9:54,107,0,24,-1,-21,1
4/17/2002 9:55,107,0,23,-1,-21,1
4/17/2002 9:56,107,0,24,-1,-21,1
4/17/2002 9:57,107,0,23,-1,-21,1
4/17/2002 9:58,107,0,22,-1,-21,1
4/17/2002 9:59,107,0,24,-1,-21,1
4/17/2002 10:00,107,0,24,0,-22,1
4/17/2002 10:01,107,0,24,0,-22,1
4/17/2002 10:02,107,0,26,0,-22,1
4/17/2002 10:03,107,0,26,0,-22,1
4/17/2002 10:04,107,0,27,1,-23,1
4/17/2002 10:05,107,0,31,1,-23,1
4/17/2002 10:06,107,0,31,1,-23,1
4/17/2002 10:07,107,0,30,1,-23,1
4/17/2002 10:08,107,0,31,1,-23,1
4/17/2002 10:09,107,0,32,1,-24,1
4/17/2002 10:10,107,0,36,2,-24,1
4/17/2002 10:11,107,0,37,2,-24,1
4/17/2002 10:12,107,0,39,2,-24,1
4/17/2002 10:13,107,0,41,2,-24,1
4/17/2002 10:14,107,0,42,2,-24,1
4/17/2002 10:15,107,0,43,2,-24,1
4/17/2002 10:16,107,0,45,2,-23,1
4/17/2002 10:17,107,0,47,2,-22,1
4/17/2002 10:18,107,0,46,2,-21,1
4/17/2002 10:19,107,0,46,2,-21,1
4/17/2002 10:20,107,0,46,2,-21,1
4/17/2002 10:21,107,0,47,2,-21,1
4/17/2002 10:22,107,0,48,2,-21,1
4/17/2002 10:23,107,0,47,2,-21,1
4/17/2002 10:24,107,0,47,2,-21,1
4/17/2002 10:25,107,0,49,2,-21,1
4/17/2002 10:26,107,0,50,3,-21,1
4/17/2002 10:27,107,0,51,3,-22,1
4/17/2002 10:28,107,0,51,3,-23,1
4/17/2002 10:29,107,0,50,3,-24,1
4/17/2002 10:30,107,0,50,3,-25,1
4/17/2002 10:31,107,0,49,3,-25,1
4/17/2002 10:32,107,0,50,3,-25,1
4/17/2002 10:33,107,0,51,3,-26,1
4/17/2002 10:34,107,0,52,3,-27,1
4/17/2002 10:35,107,0,52,3,-27,1
4/17/2002 10:36,107,0,54,3,-27,1
4/17/2002 10:37,107,0,54,3,-27,1
4/17/2002 10:38,107,0,56,4,-28,1
4/17/2002 10:39,107,0,55,4,-29,1
4/17/2002 10:40,107,0,55,4,-29,1
4/17/2002 10:41,107,0,56,4,-29,1
4/17/2002 10:42,107,0,57,3,-30,1
4/17/2002 10:43,107,0,58,3,-30,1
4/17/2002 10:44,107,0,60,4,-30,1
4/17/2002 10:45,107,0,64,4,-30,1
4/17/2002 10:46,107,0,66,4,-30,1
4/17/2002 10:47,107,0,68,4,-30,1
4/17/2002 10:48,107,0,69,4,-30,1
4/17/2002 10:49,107,0,67,3,-29,1
4/17/2002 10:50,107,0,69,4,-28,1
4/17/2002 10:51,107,0,70,4,-28,1
4/17/2002 10:52,107,0,71,3,-28,1
4/17/2002 10:53,107,0,73,4,-28,1
4/17/2002 10:54,107,0,74,4,-27,1
4/17/2002 10:55,107,0,74,4,-27,1
4/17/2002 10:56,107,0,73,4,-26,1
4/17/2002 10:57,107,0,72,4,-26,1
4/17/2002 10:58,107,0,70,4,-26,1
4/17/2002 10:59,107,0,69,4,-26,1
4/17/2002 11:00,107,0,72,4,-27,1
4/17/2002 11:01,107,0,72,4,-26,1
4/17/2002 11:02,107,0,71,4,-25,1
4/17/2002 11:03,107,0,71,4,-26,1
4/17/2002 11:04,107,0,71,4,-26,1
4/17/2002 11:05,107,0,71,5,-27,1
4/17/2002 11:06,107,0,72,5,-28,1
4/17/2002 11:07,107,0,83,6,-9,1
4/17/2002 11:08,107,0,63,0,25,1
4/17/2002 11:09,107,0,60,-1,34,1
4/17/2002 11:10,107,0,61,3,36,1
4/17/2002 11:11,107,0,59,4,32,1
4/17/2002 11:12,107,0,53,5,33,1
4/17/2002 11:13,107,0,60,3,34,1
4/17/2002 11:14,107,0,58,3,32,1
4/17/2002 11:15,107,0,54,4,30,1
4/17/2002 11:16,107,0,58,4,28,1
4/17/2002 11:17,107,0,56,4,25,1
4/17/2002 11:18,107,0,49,5,26,1
4/17/2002 11:19,107,0,51,4,28,1
4/17/2002 11:20,107,0,57,5,25,1
4/17/2002 11:21,107,0,47,5,24,1
4/17/2002 11:22,107,0,52,5,26,1
4/17/2002 11:23,107,0,53,5,25,1
4/17/2002 11:24,107,0,52,5,22,1
4/17/2002 11:25,107,0,52,6,19,1
4/17/2002 11:26,107,0,56,6,16,1
4/17/2002 11:27,107,0,64,5,13,1
4/17/2002 11:28,107,0,73,5,10,1
4/17/2002 11:29,107,0,79,4,8,1
4/17/2002 11:30,107,0,85,4,7,1
4/17/2002 11:31,107,0,91,3,7,1
4/17/2002 11:32,107,0,92,3,5,1
4/17/2002 11:33,107,0,95,3,4,1
4/17/2002 11:34,107,0,105,3,4,1
4/17/2002 11:35,107,0,108,3,4,1
4/17/2002 11:36,107,0,104,3,6,1
4/17/2002 11:37,107,0,103,3,7,1
4/17/2002 11:38,107,0,102,3,9,1
4/17/2002 11:39,107,0,102,3,10,1
4/17/2002 11:40,107,0,91,2,4,1
4/17/2002 11:41,107,0,106,4,-4,1
4/17/2002 11:42,107,0,132,5,-5,1
4/17/2002 11:43,107,0,120,3,-7,1
4/17/2002 11:44,107,0,113,4,-9,1
4/17/2002 11:45,107,0,120,5,-5,1
4/17/2002 11:46,107,0,118,4,-3,1
4/17/2002 11:47,107,0,112,4,-1,1
4/17/2002 11:48,107,0,108,4,1,1
4/17/2002 11:49,107,0,104,4,-2,1
4/17/2002 11:50,107,0,107,5,-2,1
4/17/2002 11:51,107,0,100,4,-1,1
4/17/2002 11:52,107,-5.595737708,89,4,-2,1
4/17/2002 11:53,107,-5.661368188,87,4,-4,1
4/17/2002 11:54,107,-5.726998668,94,5,-6,1
4/17/2002 11:55,107,-5.792629148,93,5,-5,1
4/17/2002 11:56,107,-5.858259627,89,5,-6,1
4/17/2002 11:57,107,-5.923890107,85,5,-5,1
4/17/2002 11:58,107,-5.870093706,79,6,-5,1
4/17/2002 11:59,107,-5.816297305,76,6,-6,1
4/17/2002 12:00,107,-5.762500904,80,6,-7,1
4/17/2002 12:01,107,-5.708704503,82,6,-6,1
4/17/2002 12:02,107,-5.654908102,81,6,-9,1
4/17/2002 12:03,107,-5.561516138,88,7,-11,1
4/17/2002 12:04,107,-5.468124174,97,7,-11,1
4/17/2002 12:05,107,-5.37473221,99,6,-11,1
4/17/2002 12:06,107,-5.281340246,99,6,-12,1
4/17/2002 12:07,107,-5.187948282,101,6,-12,1
4/17/2002 12:08,107,-5.140735105,95,5,-13,1
4/17/2002 12:09,107,-5.093521927,87,5,-13,1
4/17/2002 12:10,107,-5.04630875,82,6,-13,1
4/17/2002 12:11,107,-4.999095572,73,6,-13,1
4/17/2002 12:12,107,-4.951882395,72,6,-10,1
4/17/2002 12:13,107,-4.826681551,57,7,-8,1
4/17/2002 12:14,107,-4.701480707,42,6,-8,1
4/17/2002 12:15,107,-4.576279863,40,6,-8,1
4/17/2002 12:16,107,-4.451079018,35,6,-10,1
4/17/2002 12:17,107,-4.325878174,32,6,-12,1
4/17/2002 12:18,107,-4.304082709,33,7,-12,1
4/17/2002 12:19,107,-4.282287244,34,7,-13,1
4/17/2002 12:20,107,-4.260491779,34,6,-13,1
4/17/2002 12:21,107,-4.238696314,36,6,-14,1
4/17/2002 12:22,107,-4.216900849,36,6,-15,1
4/17/2002 12:23,107,-4.147952736,38,6,-16,1
4/17/2002 12:24,107,-4.079004623,38,6,-18,1
4/17/2002 12:25,107,-4.01005651,43,6,-18,1
4/17/2002 12:26,107,-3.941108397,43,6,-19,1
4/17/2002 12:27,107,-3.872160284,42,6,-22,1
4/17/2002 12:28,107,-3.831304739,44,7,-22,1
4/17/2002 12:29,107,-3.790449194,45,6,-23,1
4/17/2002 12:30,107,-3.749593649,47,6,-24,1
4/17/2002 12:31,107,-3.708738105,46,6,-25,1
4/17/2002 12:32,107,-3.66788256,49,6,-24,1
4/17/2002 12:33,107,-3.741465233,53,6,-25,1
4/17/2002 12:34,107,-3.815047906,53,7,-24,1
4/17/2002 12:35,107,-3.88863058,53,7,-25,1
4/17/2002 12:36,107,-3.962213253,52,7,-26,1
4/17/2002 12:37,107,-4.035795926,51,7,-29,1
4/17/2002 12:38,107,-3.906282158,51,7,-31,1
4/17/2002 12:39,107,-3.77676839,52,8,-32,1
4/17/2002 12:40,107,-3.647254622,53,9,-34,1
4/17/2002 12:41,107,-3.517740855,53,8,-35,1
4/17/2002 12:42,107,-3.388227087,54,8,-37,1
4/17/2002 12:43,107,-3.457262865,52,8,-38,1
4/17/2002 12:44,107,-3.526298643,54,7,-38,1
4/17/2002 12:45,107,-3.595334421,55,7,-39,1
4/17/2002 12:46,107,-3.664370199,55,7,-41,1
4/17/2002 12:47,107,-3.733405978,54,7,-43,1
4/17/2002 12:48,107,-3.746754625,53,8,-43,1
4/17/2002 12:49,107,-3.760103272,52,9,-45,1
4/17/2002 12:50,107,-3.773451919,51,9,-46,1
4/17/2002 12:51,107,-3.786800566,51,9,-47,1
4/17/2002 12:52,107,-3.800149213,51,9,-49,1
4/17/2002 12:53,107,-3.801765612,51,9,-51,1
4/17/2002 12:54,107,-3.803382011,51,9,-51,1
4/17/2002 12:55,107,-3.80499841,51,9,-50,1
4/17/2002 12:56,107,-3.806614809,54,10,-49,1
4/17/2002 12:57,107,-3.808231207,56,10,-47,1
4/17/2002 12:58,107,-3.892672979,60,10,-48,1
4/17/2002 12:59,107,-3.977114751,62,10,-52,1
4/17/2002 13:00,107,-4.061556523,61,9,-54,1
4/17/2002 13:01,107,-4.145998295,62,9,-54,1
4/17/2002 13:02,107,-4.230440066,65,9,-55,1
4/17/2002 13:03,107,-4.274270995,66,9,-56,1
4/17/2002 13:04,107,-4.318101924,67,9,-57,1
4/17/2002 13:05,107,-4.361932852,72,8,-58,1
4/17/2002 13:06,107,-4.405763781,78,8,-58,1
4/17/2002 13:07,107,-4.449594709,86,7,-58,1
4/17/2002 13:08,107,-4.508002299,92,7,-59,1
4/17/2002 13:09,107,-4.566409888,97,7,-58,1
4/17/2002 13:10,107,-4.624817477,101,6,-58,1
4/17/2002 13:11,107,-4.683225067,105,6,-58,1
4/17/2002 13:12,107,-4.741632656,111,6,-58,1
4/17/2002 13:13,107,-4.821065776,116,5,-57,1
4/17/2002 13:14,107,-4.900498897,120,5,-57,1
4/17/2002 13:15,107,-4.979932017,125,4,-57,1
4/17/2002 13:16,107,-5.059365138,129,4,-56,1
4/17/2002 13:17,107,-5.138798258,126,3,-55,1
4/17/2002 13:18,107,-5.18128406,126,3,-54,1
4/17/2002 13:19,107,-5.223769862,127,2,-53,1
4/17/2002 13:20,107,-5.266255664,130,2,-52,1
4/17/2002 13:21,107,-5.308741466,130,2,-52,1
4/17/2002 13:22,107,-5.351227268,141,2,-50,1
4/17/2002 13:23,107,-5.366192214,138,2,-47,1
4/17/2002 13:24,107,-5.38115716,130,2,-46,1
4/17/2002 13:25,107,-5.396122106,131,2,-47,1
4/17/2002 13:26,107,-5.411087052,138,3,-47,1
4/17/2002 13:27,107,-5.426051999,143,2,-46,1
4/17/2002 13:28,107,-5.462141234,141,2,-46,1
4/17/2002 13:29,107,-5.498230469,133,3,-46,1
4/17/2002 13:30,107,-5.534319704,132,3,-46,1
4/17/2002 13:31,107,-5.570408939,136,2,-45,1
4/17/2002 13:32,107,-5.606498174,137,1,-45,1
4/17/2002 13:33,107,-5.62047651,135,0,-44,1
4/17/2002 13:34,107,-5.634454846,133,0,-42,1
4/17/2002 13:35,107,-5.648433182,133,0,-40,1
4/17/2002 13:36,107,-5.662411518,131,-1,-37,1
4/17/2002 13:37,107,-5.676389854,124,-1,-36,1
4/17/2002 13:38,107,-5.532163228,116,-1,-35,1
4/17/2002 13:39,107,-5.387936601,114,-1,-33,1
4/17/2002 13:40,107,-5.243709974,114,-1,-32,1
4/17/2002 13:41,107,-5.099483348,113,-1,-31,1
4/17/2002 13:42,107,-4.955256721,112,0,-29,1
4/17/2002 13:43,107,-5.066300404,113,0,-27,1
4/17/2002 13:44,107,-5.177344087,111,1,-27,1
4/17/2002 13:45,107,-5.288387769,106,2,-26,1
4/17/2002 13:46,107,-5.399431452,99,2,-26,1
4/17/2002 13:47,107,-5.510475135,93,2,-26,1
4/17/2002 13:48,107,-5.632264207,85,3,-26,1
4/17/2002 13:49,107,-5.754053279,81,4,-26,1
4/17/2002 13:50,107,-5.875842351,77,4,-26,1
4/17/2002 13:51,107,-5.997631423,73,5,-26,1
4/17/2002 13:52,107,-6.119420495,70,5,-27,1
4/17/2002 13:53,107,-6.162657344,68,6,-27,1
4/17/2002 13:54,107,-6.205894193,61,6,-28,1
4/17/2002 13:55,107,-6.249131043,57,6,-28,1
4/17/2002 13:56,107,-6.292367892,54,6,-29,1
4/17/2002 13:57,107,-6.335604741,53,6,-30,1
4/17/2002 13:58,107,-6.492126673,51,6,-30,1
4/17/2002 13:59,107,-6.648648605,45,6,-30,1
4/17/2002 14:00,107,-6.805170538,43,6,-29,1
4/17/2002 14:01,107,-6.96169247,40,7,-29,1
4/17/2002 14:02,107,-7.118214402,37,8,-29,1
4/17/2002 14:03,107,-7.219734043,37,8,-28,1
4/17/2002 14:04,107,-7.321253683,30,9,-29,1
4/17/2002 14:05,107,-7.422773324,29,9,-30,1
4/17/2002 14:06,107,-7.524292964,26,10,-30,1
4/17/2002 14:07,107,-7.625812605,25,10,-31,1
4/17/2002 14:08,107,-7.649514473,23,10,-32,1
4/17/2002 14:09,107,-7.673216342,20,10,-32,1
4/17/2002 14:10,107,-7.696918211,20,10,-32,1
4/17/2002 14:11,107,-7.72062008,21,9,-32,1
4/17/2002 14:12,107,-7.744321949,25,9,-31,1
4/17/2002 14:13,107,-7.908408733,25,9,-31,1
4/17/2002 14:14,107,-8.072495518,24,9,-31,1
4/17/2002 14:15,107,-8.236582302,25,8,-31,1
4/17/2002 14:16,107,-8.400669087,20,9,-31,1
4/17/2002 14:17,107,-8.564755871,19,9,-31,1
4/17/2002 14:18,107,-8.693253062,17,10,-31,1
4/17/2002 14:19,107,-8.821750253,19,10,-31,1
4/17/2002 14:20,107,-8.950247444,19,10,-30,1
4/17/2002 14:21,107,-9.078744634,20,10,-30,1
4/17/2002 14:22,107,-9.207241825,19,11,-31,1
4/17/2002 14:23,107,-9.285947514,21,11,-30,1
4/17/2002 14:24,107,-9.364653202,19,11,-30,1
4/17/2002 14:25,107,-9.443358891,15,11,-31,1
4/17/2002 14:26,107,-9.522064579,12,12,-32,1
4/17/2002 14:27,107,-9.600770268,13,12,-33,1
4/17/2002 14:28,107,-9.634983467,13,12,-33,1
4/17/2002 14:29,107,-9.669196666,17,12,-32,1
4/17/2002 14:30,107,-9.703409865,21,12,-32,1
4/17/2002 14:31,107,-9.737623064,23,12,-31,1
4/17/2002 14:32,107,-9.771836263,24,13,-31,1
4/17/2002 14:33,107,-9.878062283,25,13,-33,1
4/17/2002 14:34,107,-9.984288302,27,12,-34,1
4/17/2002 14:35,107,-10.09051432,31,12,-35,1
4/17/2002 14:36,107,-10.19674034,30,13,-36,1
4/17/2002 14:37,107,-10.30296636,31,13,-35,1
4/17/2002 14:38,107,-10.32706939,34,13,-34,1
4/17/2002 14:39,107,-10.35117241,38,13,-33,1
4/17/2002 14:40,107,-10.37527544,44,12,-33,1
4/17/2002 14:41,107,-10.39937847,49,11,-33,1
4/17/2002 14:42,107,-10.4234815,51,10,-34,1
4/17/2002 14:43,107,-10.4701854,55,8,-35,1
4/17/2002 14:44,107,-10.5168893,60,7,-36,1
4/17/2002 14:45,107,-10.5635932,66,6,-35,1
4/17/2002 14:46,107,-10.61029711,72,5,-34,1
4/17/2002 14:47,107,-10.65700101,76,5,-33,1
4/17/2002 14:48,107,-10.77882129,74,5,-34,1
4/17/2002 14:49,107,-10.90064157,72,5,-35,1
4/17/2002 14:50,107,-11.02246185,79,5,-33,1
4/17/2002 14:51,107,-11.14428213,82,6,-32,1
4/17/2002 14:52,107,-11.26610241,83,6,-31,1
4/17/2002 14:53,107,-11.22409076,83,6,-30,1
4/17/2002 14:54,107,-11.18207912,83,6,-30,1
4/17/2002 14:55,107,-11.14006748,79,6,-30,1
4/17/2002 14:56,107,-11.09805583,77,6,-30,1
4/17/2002 14:57,107,-11.05604419,80,6,-31,1
4/17/2002 14:58,107,-11.13817312,88,5,-31,1
4/17/2002 14:59,107,-11.22030206,89,5,-31,1
4/17/2002 15:00,107,-11.302431,85,5,-33,1
4/17/2002 15:01,107,-11.38455994,79,6,-35,1
4/17/2002 15:02,107,-11.46668888,77,6,-36,1
4/17/2002 15:03,107,-11.68646616,75,6,-36,1
4/17/2002 15:04,107,-11.90624345,73,7,-36,1
4/17/2002 15:05,107,-12.12602074,70,7,-36,1
4/17/2002 15:06,107,-12.34579802,71,7,-36,1
4/17/2002 15:07,107,-12.56557531,68,7,-37,1
4/17/2002 15:08,107,-12.73861798,68,7,-37,1
4/17/2002 15:09,107,-12.91166065,71,7,-38,1
4/17/2002 15:10,107,-13.08470333,72,7,-38,1
4/17/2002 15:11,107,-13.257746,77,6,-37,1
4/17/2002 15:12,107,-13.43078867,71,6,-38,1
4/17/2002 15:13,107,-13.42655752,69,6,-40,1
4/17/2002 15:14,107,-13.42232637,75,6,-41,1
4/17/2002 15:15,107,-13.41809522,82,5,-42,1
4/17/2002 15:16,107,-13.41386406,83,4,-41,1
4/17/2002 15:17,107,-13.40963291,86,4,-41,1
4/17/2002 15:18,107,-13.57106669,89,4,-41,1
4/17/2002 15:19,107,-13.73250046,86,4,-42,1
4/17/2002 15:20,107,-13.89393423,85,4,-44,1
4/17/2002 15:21,107,-14.055368,84,4,-45,1
4/17/2002 15:22,107,-14.21680178,83,4,-45,1
4/17/2002 15:23,107,-14.27457979,76,5,-48,1
4/17/2002 15:24,107,-14.33235781,78,5,-49,1
4/17/2002 15:25,107,-14.39013582,77,5,-49,1
4/17/2002 15:26,107,-14.44791383,74,5,-50,1
4/17/2002 15:27,107,-14.50569185,70,5,-50,1
4/17/2002 15:28,107,-14.56362281,70,5,-51,1
4/17/2002 15:29,107,-14.62155378,71,6,-51,1
4/17/2002 15:30,107,-14.67948474,70,6,-51,1
4/17/2002 15:31,107,-14.7374157,70,7,-52,1
4/17/2002 15:32,107,-14.79534666,72,7,-51,1
4/17/2002 15:33,107,-14.92455315,65,8,-53,1
4/17/2002 15:34,107,-15.05375964,64,8,-53,1
4/17/2002 15:35,107,-15.18296613,57,9,-51,1
4/17/2002 15:36,107,-15.31217261,33,12,-50,1
4/17/2002 15:37,107,-15.4413791,28,14,-54,1
4/17/2002 15:38,107,-15.56128785,31,14,-58,1
4/17/2002 15:39,107,-15.68119661,31,14,-59,1
4/17/2002 15:40,107,-15.80110536,29,14,-63,1
4/17/2002 15:41,107,-15.92101412,35,14,-65,1
4/17/2002 15:42,107,-16.04092287,37,15,-66,1
4/17/2002 15:43,107,-16.02508416,40,16,-68,1
4/17/2002 15:44,107,-16.00924545,43,15,-69,1
4/17/2002 15:45,107,-15.99340674,53,16,-70,1
4/17/2002 15:46,107,-15.97756803,62,16,-74,1
4/17/2002 15:47,107,-15.96172932,64,16,-78,1
4/17/2002 15:48,107,-16.12503784,59,15,-80,1
4/17/2002 15:49,107,-16.28834637,54,14,-82,1
4/17/2002 15:50,107,-16.4516549,55,14,-84,1
4/17/2002 15:51,107,-16.61496342,47,13,-86,1
4/17/2002 15:52,107,-16.77827195,48,13,-87,1
4/17/2002 15:53,107,-16.95959728,46,13,-87,1
4/17/2002 15:54,107,-17.14092262,44,13,-84,1
4/17/2002 15:55,107,-17.32224795,46,14,-81,1
4/17/2002 15:56,107,-17.50357328,46,14,-80,1
4/17/2002 15:57,107,-17.68489862,45,13,-81,1
4/17/2002 15:58,107,-17.87281078,45,12,-79,1
4/17/2002 15:59,107,-18.06072295,48,13,-79,1
4/17/2002 16:00,107,-18.24863512,50,12,-78,1
4/17/2002 16:01,107,-18.43654729,53,12,-77,1
4/17/2002 16:02,107,-18.62445945,58,11,-76,1
4/17/2002 16:03,107,-18.75580194,61,10,-76,1
4/17/2002 16:04,107,-18.88714443,64,10,-76,1
4/17/2002 16:05,107,-19.01848691,66,10,-77,1
4/17/2002 16:06,107,-19.1498294,68,9,-77,1
4/17/2002 16:07,107,-19.28117189,72,8,-76,1
4/17/2002 16:08,107,-19.28093788,78,7,-77,1
4/17/2002 16:09,107,-19.28070387,82,5,-77,1
4/17/2002 16:10,107,-19.28046987,87,3,-78,1
4/17/2002 16:11,107,-19.28023586,95,3,-78,1
4/17/2002 16:12,107,-19.28000186,98,1,-78,1
4/17/2002 16:13,107,-19.34622744,103,1,-78,1
4/17/2002 16:14,107,-19.41245302,106,0,-78,1
4/17/2002 16:15,107,-19.47867861,113,-1,-75,1
4/17/2002 16:16,107,-19.54490419,113,0,-74,1
4/17/2002 16:17,107,-19.61112977,110,1,-74,1
4/17/2002 16:18,107,-19.71445345,106,0,-76,1
4/17/2002 16:19,107,-19.81777712,108,-1,-75,1
4/17/2002 16:20,107,-19.92110079,111,-1,-74,1
4/17/2002 16:21,107,-20.02442446,111,-1,-73,1
4/17/2002 16:22,107,-20.12774814,111,-1,-73,1
4/17/2002 16:23,107,-20.17908992,110,-1,-73,1
4/17/2002 16:24,107,-20.23043171,111,0,-73,1
4/17/2002 16:25,107,-20.2817735,116,1,-74,1
4/17/2002 16:26,107,-20.33311528,121,2,-76,1
4/17/2002 16:27,107,-20.38445707,127,1,-77,1
4/17/2002 16:28,107,-20.56605905,134,2,-76,1
4/17/2002 16:29,107,-20.74766104,139,3,-76,1
4/17/2002 16:30,107,-20.92926303,138,4,-76,1
4/17/2002 16:31,107,-21.11086501,137,4,-76,1
4/17/2002 16:32,107,-21.292467,136,5,-77,1
4/17/2002 16:33,107,-21.44607132,136,6,-77,1
4/17/2002 16:34,107,-21.59967564,138,7,-77,1
4/17/2002 16:35,107,-21.75327995,137,8,-78,1
4/17/2002 16:36,107,-21.90688427,134,7,-72,1
4/17/2002 16:37,107,-22.06048859,129,11,-61,1
4/17/2002 16:38,107,-22.13989875,104,15,-58,1
4/17/2002 16:39,107,-22.2193089,86,16,-62,1
4/17/2002 16:40,107,-22.29871905,81,15,-66,1
4/17/2002 16:41,107,-22.37812921,84,14,-68,1
4/17/2002 16:42,107,-22.45753936,87,15,-68,1
4/17/2002 16:43,107,-22.78172564,88,16,-67,1
4/17/2002 16:44,107,-23.10591191,87,17,-65,1
4/17/2002 16:45,107,-23.43009819,80,19,-64,1
4/17/2002 16:46,107,-23.75428446,76,20,-65,1
4/17/2002 16:47,107,-24.07847074,74,21,-66,1
4/17/2002 16:48,107,-24.14847763,76,21,-67,1
4/17/2002 16:49,107,-24.21848451,77,21,-69,1
4/17/2002 16:50,107,-24.2884914,78,22,-71,1
4/17/2002 16:51,107,-24.35849829,83,22,-72,1
4/17/2002 16:52,107,-24.42850517,89,22,-72,1
4/17/2002 16:53,107,-24.56396401,90,22,-69,1
4/17/2002 16:54,107,-24.69942285,90,22,-67,1
4/17/2002 16:55,107,-24.83488168,92,23,-65,1
4/17/2002 16:56,107,-24.97034052,94,22,-66,1
4/17/2002 16:57,107,-25.10579936,98,22,-68,1
4/17/2002 16:58,107,-25.15128831,103,22,-69,1
4/17/2002 16:59,107,-25.19677726,107,21,-70,1
4/17/2002 17:00,107,-25.24226621,109,21,-71,1
4/17/2002 17:01,107,-25.28775516,116,21,-71,1
4/17/2002 17:02,107,-25.33324411,121,20,-70,1
4/17/2002 17:03,107,-25.48562749,128,20,-70,1
4/17/2002 17:04,107,-25.63801087,131,20,-68,1
4/17/2002 17:05,107,-25.79039425,135,20,-68,1
4/17/2002 17:06,107,-25.94277763,139,19,-68,1
4/17/2002 17:07,107,-26.09516101,143,19,-67,1
4/17/2002 17:08,107,-26.28560707,146,18,-67,1
4/17/2002 17:09,107,-26.47605313,148,18,-68,1
4/17/2002 17:10,107,-26.66649919,147,18,-69,1
4/17/2002 17:11,107,-26.85694525,149,18,-70,1
4/17/2002 17:12,107,-27.04739131,153,18,-71,1
4/17/2002 17:13,107,-27.1253598,159,17,-70,1
4/17/2002 17:14,107,-27.20332829,161,17,-70,1
4/17/2002 17:15,107,-27.28129678,162,16,-71,1
4/17/2002 17:16,107,-27.35926527,162,16,-71,1
4/17/2002 17:17,107,-27.43723376,162,16,-72,1
4/17/2002 17:18,107,-27.4794795,161,16,-75,1
4/17/2002 17:19,107,-27.52172524,157,15,-79,1
4/17/2002 17:20,107,-27.56397098,159,14,-84,1
4/17/2002 17:21,107,-27.60621672,166,13,-85,1
4/17/2002 17:22,107,-27.64846246,173,11,-84,1
4/17/2002 17:23,107,-27.6217381,178,10,-81,1
4/17/2002 17:24,107,-27.59501374,178,10,-79,1
4/17/2002 17:25,107,-27.56828938,176,9,-78,1
4/17/2002 17:26,107,-27.54156502,175,8,-77,1
4/17/2002 17:27,107,-27.51484067,175,8,-76,1
4/17/2002 17:28,107,-27.61022469,173,8,-74,1
4/17/2002 17:29,107,-27.70560871,170,8,-75,1
4/17/2002 17:30,107,-27.80099273,166,8,-76,1
4/17/2002 17:31,107,-27.89637676,165,8,-76,1
4/17/2002 17:32,107,-27.99176078,163,8,-76,1
4/17/2002 17:33,107,-28.11304192,164,8,-73,1
4/17/2002 17:34,107,-28.23432306,162,8,-70,1
4/17/2002 17:35,107,-28.35560419,155,8,-68,1
4/17/2002 17:36,107,-28.47688533,149,8,-69,1
4/17/2002 17:37,107,-28.59816647,146,9,-71,1
4/17/2002 17:38,107,-28.78060676,147,9,-70,1
4/17/2002 17:39,107,-28.96304706,146,9,-71,1
4/17/2002 17:40,107,-29.14548736,140,10,-73,1
4/17/2002 17:41,107,-29.32792765,140,9,-76,1
4/17/2002 17:42,107,-29.51036795,140,9,-78,1
4/17/2002 17:43,107,-29.48086017,145,8,-77,1
4/17/2002 17:44,107,-29.45135238,149,8,-74,1
4/17/2002 17:45,107,-29.42184459,148,8,-71,1
4/17/2002 17:46,107,-29.39233681,145,8,-71,1
4/17/2002 17:47,107,-29.36282902,142,8,-71,1
4/17/2002 17:48,107,-29.47877229,144,8,-71,1
4/17/2002 17:49,107,-29.59471556,146,8,-71,1
4/17/2002 17:50,107,-29.71065882,144,8,-72,1
4/17/2002 17:51,107,-29.82660209,141,8,-72,1
4/17/2002 17:52,107,-29.94254535,140,8,-74,1
4/17/2002 17:53,107,-30.07838946,140,8,-72,1
4/17/2002 17:54,107,-30.21423356,140,8,-71,1
4/17/2002 17:55,107,-30.35007766,140,8,-69,1
4/17/2002 17:56,107,-30.48592176,136,7,-69,1
4/17/2002 17:57,107,-30.62176586,136,7,-68,1
4/17/2002 17:58,107,-30.66686025,134,7,-69,1
4/17/2002 17:59,107,-30.71195463,129,7,-70,1
4/17/2002 18:00,107,-30.75704902,124,7,-72,1
4/17/2002 18:01,107,-30.80214341,123,7,-74,1
4/17/2002 18:02,107,-30.84723779,124,6,-74,1
4/17/2002 18:03,107,-30.86305068,123,6,-74,1
4/17/2002 18:04,107,-30.87886356,121,7,-72,1
4/17/2002 18:05,107,-30.89467644,118,6,-71,1
4/17/2002 18:06,107,-30.91048933,116,6,-72,1
4/17/2002 18:07,107,-30.92630221,113,7,-72,1
4/17/2002 18:08,107,-31.16161243,111,6,-74,1
4/17/2002 18:09,107,-31.39692265,109,6,-76,1
4/17/2002 18:10,107,-31.63223287,110,6,-76,1
4/17/2002 18:11,107,-31.86754309,107,6,-74,1
4/17/2002 18:12,107,-32.10285331,101,6,-76,1
4/17/2002 18:13,107,-32.22249561,101,5,-77,1
4/17/2002 18:14,107,-32.34213792,110,5,-70,1
4/17/2002 18:15,107,-32.46178023,109,6,-60,1
4/17/2002 18:16,107,-32.58142254,99,6,-59,1
4/17/2002 18:17,107,-32.70106484,94,6,-63,1
4/17/2002 18:18,107,-32.73687337,91,6,-68,1
4/17/2002 18:19,107,-32.77268189,84,7,-73,1
4/17/2002 18:20,107,-32.80849042,81,7,-80,1
4/17/2002 18:21,107,-32.84429894,81,8,-83,1
4/17/2002 18:22,107,-32.88010746,82,8,-82,1
4/17/2002 18:23,107,-32.89869736,81,8,-80,1
4/17/2002 18:24,107,-32.91728725,79,8,-80,1
4/17/2002 18:25,107,-32.93587714,80,7,-80,1
4/17/2002 18:26,107,-32.95446703,84,7,-77,1
4/17/2002 18:27,107,-32.97305692,85,7,-74,1
4/17/2002 18:28,107,-33.18689832,86,7,-72,1
4/17/2002 18:29,107,-33.40073971,89,7,-69,1
4/17/2002 18:30,107,-33.61458111,94,7,-63,1
4/17/2002 18:31,107,-33.8284225,94,7,-59,1
4/17/2002 18:32,107,-34.0422639,83,8,-58,1
4/17/2002 18:33,107,-33.8914584,86,6,-57,1
4/17/2002 18:34,107,-33.7406529,80,7,-60,1
4/17/2002 18:35,107,-33.5898474,70,8,-69,1
4/17/2002 18:36,107,-33.43904191,65,8,-74,1
4/17/2002 18:37,107,-33.28823641,63,10,-78,1
4/17/2002 18:38,107,-33.26511875,64,10,-77,1
4/17/2002 18:39,107,-33.24200109,63,11,-79,1
4/17/2002 18:40,107,-33.21888343,62,11,-80,1
4/17/2002 18:41,107,-33.19576576,75,11,-73,1
4/17/2002 18:42,107,-33.1726481,84,11,-65,1
4/17/2002 18:43,107,-33.181952,99,12,-57,1
4/17/2002 18:44,107,-33.1912559,95,12,-57,1
4/17/2002 18:45,107,-33.2005598,85,12,-60,1
4/17/2002 18:46,107,-33.2098637,74,12,-64,1
4/17/2002 18:47,107,-33.2191676,76,13,-66,1
4/17/2002 18:48,107,-33.19658153,78,13,-67,1
4/17/2002 18:49,107,-33.17399545,75,13,-68,1
4/17/2002 18:50,107,-33.15140938,81,14,-68,1
4/17/2002 18:51,107,-33.1288233,77,14,-75,1
4/17/2002 18:52,107,-33.10623723,72,14,-84,1
4/17/2002 18:53,107,-32.96144723,70,13,-88,1
4/17/2002 18:54,107,-32.81665722,71,14,-88,1
4/17/2002 18:55,107,-32.67186721,75,14,-88,1
4/17/2002 18:56,107,-32.52707721,80,13,-90,1
4/17/2002 18:57,107,-32.3822872,79,12,-91,1
4/17/2002 18:58,107,-32.38713469,80,13,-90,1
4/17/2002 18:59,107,-32.39198217,85,13,-90,1
4/17/2002 19:00,107,-32.39682965,103,13,-83,1
4/17/2002 19:01,107,-32.40167713,97,13,-75,1
4/17/2002 19:02,107,-32.40652462,101,13,-66,1
4/17/2002 19:03,107,-32.48046387,96,11,-68,1
4/17/2002 19:04,107,-32.55440312,72,10,-81,1
4/17/2002 19:05,107,-32.62834237,68,8,-94,1
4/17/2002 19:06,107,-32.70228162,67,8,-100,1
4/17/2002 19:07,107,-32.77622088,72,9,-98,1
4/17/2002 19:08,107,-32.91370265,80,8,-88,1
4/17/2002 19:09,107,-33.05118442,85,6,-83,1
4/17/2002 19:10,107,-33.18866619,78,5,-84,1
4/17/2002 19:11,107,-33.32614796,80,3,-79,1
4/17/2002 19:12,107,-33.46362974,84,3,-75,1
4/17/2002 19:13,107,-33.49705538,85,2,-75,1
4/17/2002 19:14,107,-33.53048102,77,1,-76,1
4/17/2002 19:15,107,-33.56390666,71,0,-79,1
4/17/2002 19:16,107,-33.5973323,69,0,-80,1
4/17/2002 19:17,107,-33.63075794,69,-1,-80,1
4/17/2002 19:18,107,-33.64300354,69,-2,-81,1
4/17/2002 19:19,107,-33.65524915,72,-2,-80,1
4/17/2002 19:20,107,-33.66749475,75,-2,-78,1
4/17/2002 19:21,107,-33.67974036,76,-3,-77,1
4/17/2002 19:22,107,-33.69198596,77,-3,-78,1
4/17/2002 19:23,107,-33.75123342,82,-3,-76,1
4/17/2002 19:24,107,-33.81048087,86,-3,-74,1
4/17/2002 19:25,107,-33.86972832,88,-4,-71,1
4/17/2002 19:26,107,-33.92897577,91,-4,-74,1
4/17/2002 19:27,107,-33.98822323,92,-3,-76,1
4/17/2002 19:28,107,-34.15155735,90,-3,-77,1
4/17/2002 19:29,107,-34.31489147,88,-4,-75,1
4/17/2002 19:30,107,-34.47822559,87,-5,-79,1
4/17/2002 19:31,107,-34.64155971,88,-5,-83,1
4/17/2002 19:32,107,-34.80489383,89,-5,-82,1
4/17/2002 19:33,107,-34.8233409,91,-6,-80,1
4/17/2002 19:34,107,-34.84178798,92,-6,-78,1
4/17/2002 19:35,107,-34.86023505,93,-6,-77,1
4/17/2002 19:36,107,-34.87868213,93,-7,-77,1
4/17/2002 19:37,107,-34.8971292,91,-6,-78,1
4/17/2002 19:38,107,-34.88928083,90,-7,-78,1
4/17/2002 19:39,107,-34.88143247,87,-7,-79,1
4/17/2002 19:40,107,-34.8735841,86,-8,-79,1
4/17/2002 19:41,107,-34.86573573,82,-8,-79,1
4/17/2002 19:42,107,-34.85788737,79,-8,-78,1
4/17/2002 19:43,107,-34.93402685,77,-9,-79,1
4/17/2002 19:44,107,-35.01016634,74,-9,-78,1
4/17/2002 19:45,107,-35.08630583,70,-9,-78,1
4/17/2002 19:46,107,-35.16244531,66,-9,-77,1
4/17/2002 19:47,107,-35.2385848,61,-9,-76,1
4/17/2002 19:48,107,-35.31935974,57,-8,-76,1
4/17/2002 19:49,107,-35.40013467,54,-8,-76,1
4/17/2002 19:50,107,-35.4809096,52,-8,-76,1
4/17/2002 19:51,107,-35.56168454,47,-8,-75,1
4/17/2002 19:52,107,-35.64245947,46,-8,-75,1
4/17/2002 19:53,107,-35.67986242,44,-8,-75,1
4/17/2002 19:54,107,-35.71726538,41,-8,-74,1
4/17/2002 19:55,107,-35.75466833,40,-7,-74,1
4/17/2002 19:56,107,-35.79207128,40,-7,-72,1
4/17/2002 19:57,107,-35.82947423,38,-6,-71,1
4/17/2002 19:58,107,-35.88813029,39,-5,-72,1
4/17/2002 19:59,107,-35.94678635,36,-5,-72,1
4/17/2002 20:00,107,-36.0054424,33,-4,-72,1
4/17/2002 20:01,107,-36.06409846,34,-3,-71,1
4/17/2002 20:02,107,-36.12275452,36,-3,-71,1
4/17/2002 20:03,107,-36.19380323,33,-3,-70,1
4/17/2002 20:04,107,-36.26485193,34,-2,-69,1
4/17/2002 20:05,107,-36.33590063,33,-2,-69,1
4/17/2002 20:06,107,-36.40694934,33,-2,-70,1
4/17/2002 20:07,107,-36.47799804,32,-2,-70,1
4/17/2002 20:08,107,-36.3597017,32,-2,-70,1
4/17/2002 20:09,107,-36.24140536,33,-2,-69,1
4/17/2002 20:10,107,-36.12310901,33,-2,-69,1
4/17/2002 20:11,107,-36.00481267,32,-2,-69,1
4/17/2002 20:12,107,-35.88651633,30,-1,-69,1
4/17/2002 20:13,107,-35.93714273,29,-1,-70,1
4/17/2002 20:14,107,-35.98776913,29,-1,-71,1
4/17/2002 20:15,107,-36.03839554,28,0,-71,1
4/17/2002 20:16,107,-36.08902194,29,0,-71,1
4/17/2002 20:17,107,-36.13964834,29,0,-71,1
4/17/2002 20:18,107,-36.08223545,30,0,-71,1
4/17/2002 20:19,107,-36.02482256,29,1,-70,1
4/17/2002 20:20,107,-35.96740968,29,1,-70,1
4/17/2002 20:21,107,-35.90999679,29,1,-70,1
4/17/2002 20:22,107,-35.8525839,29,2,-72,1
4/17/2002 20:23,107,-36.06838182,30,2,-72,1
4/17/2002 20:24,107,-36.28417974,31,3,-73,1
4/17/2002 20:25,107,-36.49997766,33,2,-73,1
4/17/2002 20:26,107,-36.71577558,32,3,-72,1
4/17/2002 20:27,107,-36.9315735,33,3,-73,1
4/17/2002 20:28,107,-36.75633777,33,3,-73,1
4/17/2002 20:29,107,-36.58110204,34,3,-73,1
4/17/2002 20:30,107,-36.40586632,35,3,-73,1
4/17/2002 20:31,107,-36.23063059,35,3,-73,1
4/17/2002 20:32,107,-36.05539486,37,3,-74,1
4/17/2002 20:33,107,-36.0132254,37,2,-75,1
4/17/2002 20:34,107,-35.97105594,37,2,-75,1
4/17/2002 20:35,107,-35.92888648,38,2,-76,1
4/17/2002 20:36,107,-35.88671701,37,2,-77,1
4/17/2002 20:37,107,-35.84454755,38,2,-77,1
4/17/2002 20:38,107,-35.9662391,35,2,-78,1
4/17/2002 20:39,107,-36.08793065,35,2,-79,1
4/17/2002 20:40,107,-36.20962221,35,2,-78,1
4/17/2002 20:41,107,-36.33131376,35,2,-79,1
4/17/2002 20:42,107,-36.45300531,36,2,-78,1
4/17/2002 20:43,107,-36.48172165,36,2,-79,1
4/17/2002 20:44,107,-36.51043799,34,3,-80,1
4/17/2002 20:45,107,-36.53915433,34,3,-80,1
4/17/2002 20:46,107,-36.56787067,31,3,-81,1
4/17/2002 20:47,107,-36.59658702,31,2,-80,1
4/17/2002 20:48,107,-36.51104366,29,3,-80,1
4/17/2002 20:49,107,-36.42550031,31,3,-78,1
4/17/2002 20:50,107,-36.33995696,31,3,-77,1
4/17/2002 20:51,107,-36.25441361,31,2,-77,1
4/17/2002 20:52,107,-36.16887026,30,2,-77,1
4/17/2002 20:53,107,-36.29430349,29,3,-78,1
4/17/2002 20:54,107,-36.41973672,27,3,-78,1
4/17/2002 20:55,107,-36.54516995,27,3,-79,1
4/17/2002 20:56,107,-36.67060319,29,3,-79,1
4/17/2002 20:57,107,-36.79603642,31,3,-79,1
4/17/2002 20:58,107,-36.64898727,33,4,-80,1
4/17/2002 20:59,107,-36.50193812,32,4,-81,1
4/17/2002 21:00,107,-36.35488898,28,4,-82,1
4/17/2002 21:01,107,-36.20783983,25,4,-84,1
4/17/2002 21:02,107,-36.06079068,26,3,-84,1
4/17/2002 21:03,107,-36.20823128,22,3,-85,1
4/17/2002 21:04,107,-36.35567189,21,3,-86,1
4/17/2002 21:05,107,-36.50311249,26,3,-86,1
4/17/2002 21:06,107,-36.65055309,28,4,-85,1
4/17/2002 21:07,107,-36.79799369,24,4,-87,1
4/17/2002 21:08,107,-36.61986637,24,4,-88,1
4/17/2002 21:09,107,-36.44173905,25,4,-88,1
4/17/2002 21:10,107,-36.26361173,23,3,-88,1
4/17/2002 21:11,107,-36.08548441,24,3,-88,1
4/17/2002 21:12,107,-35.90735709,23,3,-88,1
4/17/2002 21:13,107,-36.02452939,21,3,-88,1
4/17/2002 21:14,107,-36.14170169,22,3,-87,1
4/17/2002 21:15,107,-36.25887399,22,3,-87,1
4/17/2002 21:16,107,-36.37604629,23,2,-87,1
4/17/2002 21:17,107,-36.49321859,23,3,-87,1
4/17/2002 21:18,107,-36.46375353,24,2,-86,1
4/17/2002 21:19,107,-36.43428848,23,2,-87,1
4/17/2002 21:20,107,-36.40482343,22,2,-88,1
4/17/2002 21:21,107,-36.37535837,22,3,-87,1
4/17/2002 21:22,107,-36.34589332,23,3,-86,1
4/17/2002 21:23,107,-36.4021253,26,3,-84,1
4/17/2002 21:24,107,-36.45835728,21,3,-84,1
4/17/2002 21:25,107,-36.51458926,21,2,-85,1
4/17/2002 21:26,107,-36.57082124,23,2,-82,1
4/17/2002 21:27,107,-36.62705322,26,2,-80,1
4/17/2002 21:28,107,-36.55606456,28,2,-78,1
4/17/2002 21:29,107,-36.4850759,29,2,-78,1
4/17/2002 21:30,107,-36.41408724,29,2,-78,1
4/17/2002 21:31,107,-36.34309859,31,3,-79,1
4/17/2002 21:32,107,-36.27210993,30,4,-80,1
4/17/2002 21:33,107,-36.25228798,30,4,-80,1
4/17/2002 21:34,107,-36.23246603,30,4,-80,1
4/17/2002 21:35,107,-36.21264408,30,4,-80,1
4/17/2002 21:36,107,-36.19282213,30,3,-80,1
4/17/2002 21:37,107,-36.17300018,30,3,-80,1
4/17/2002 21:38,107,-36.06572972,31,3,-79,1
4/17/2002 21:39,107,-35.95845925,33,3,-78,1
4/17/2002 21:40,107,-35.85118879,31,3,-78,1
4/17/2002 21:41,107,-35.74391833,31,3,-77,1
4/17/2002 21:42,107,-35.63664787,32,3,-76,1
4/17/2002 21:43,107,-35.58319964,33,3,-76,1
4/17/2002 21:44,107,-35.52975141,33,3,-76,1
4/17/2002 21:45,107,-35.47630318,34,3,-75,1
4/17/2002 21:46,107,-35.42285495,35,3,-75,1
4/17/2002 21:47,107,-35.36940672,35,3,-76,1
4/17/2002 21:48,107,-35.40087662,34,3,-76,1
4/17/2002 21:49,107,-35.43234653,33,3,-76,1
4/17/2002 21:50,107,-35.46381644,34,4,-77,1
4/17/2002 21:51,107,-35.49528635,31,4,-78,1
4/17/2002 21:52,107,-35.52675626,33,4,-78,1
4/17/2002 21:53,107,-35.53594817,33,4,-79,1
4/17/2002 21:54,107,-35.54514008,32,4,-80,1
4/17/2002 21:55,107,-35.554332,33,3,-80,1
4/17/2002 21:56,107,-35.56352391,32,3,-80,1
4/17/2002 21:57,107,-35.57271582,31,3,-80,1
4/17/2002 21:58,107,-35.4539407,30,3,-82,1
4/17/2002 21:59,107,-35.33516557,30,3,-81,1
4/17/2002 22:00,107,-35.21639044,30,3,-82,1
4/17/2002 22:01,107,-35.09761532,28,3,-83,1
4/17/2002 22:02,107,-34.97884019,28,3,-83,1
4/17/2002 22:03,107,-34.90778575,28,2,-83,1
4/17/2002 22:04,107,-34.83673131,30,2,-82,1
4/17/2002 22:05,107,-34.76567687,31,2,-82,1
4/17/2002 22:06,107,-34.69462243,31,2,-83,1
4/17/2002 22:07,107,-34.62356799,32,3,-82,1
4/17/2002 22:08,107,-34.62901992,32,3,-83,1
4/17/2002 22:09,107,-34.63447186,32,3,-83,1
4/17/2002 22:10,107,-34.6399238,31,3,-83,1
4/17/2002 22:11,107,-34.64537574,32,2,-83,1
4/17/2002 22:12,107,-34.65082767,33,2,-83,1
4/17/2002 22:13,107,-34.58440462,36,2,-82,1
4/17/2002 22:14,107,-34.51798156,34,2,-83,1
4/17/2002 22:15,107,-34.4515585,34,2,-83,1
4/17/2002 22:16,107,-34.38513544,34,2,-84,1
4/17/2002 22:17,107,-34.31871239,32,2,-84,1
4/17/2002 22:18,107,-34.37035435,33,2,-83,1
4/17/2002 22:19,107,-34.42199631,34,2,-83,1
4/17/2002 22:20,107,-34.47363827,35,2,-83,1
4/17/2002 22:21,107,-34.52528024,34,2,-84,1
4/17/2002 22:22,107,-34.5769222,34,2,-84,1
4/17/2002 22:23,107,-34.47662461,35,2,-83,1
4/17/2002 22:24,107,-34.37632702,35,2,-83,1
4/17/2002 22:25,107,-34.27602943,34,1,-83,1
4/17/2002 22:26,107,-34.17573184,35,1,-83,1
4/17/2002 22:27,107,-34.07543425,36,2,-83,1
4/17/2002 22:28,107,-34.08385262,36,2,-83,1
4/17/2002 22:29,107,-34.092271,37,2,-84,1
4/17/2002 22:30,107,-34.10068937,37,2,-83,1
4/17/2002 22:31,107,-34.10910775,37,2,-84,1
4/17/2002 22:32,107,-34.11752612,36,1,-84,1
4/17/2002 22:33,107,-34.09663745,36,1,-84,1
4/17/2002 22:34,107,-34.07574878,36,1,-84,1
4/17/2002 22:35,107,-34.0548601,37,2,-84,1
4/17/2002 22:36,107,-34.03397143,36,1,-84,1
4/17/2002 22:37,107,-34.01308276,37,1,-84,1
4/17/2002 22:38,107,-33.95718882,36,2,-84,1
4/17/2002 22:39,107,-33.90129489,37,1,-84,1
4/17/2002 22:40,107,-33.84540095,38,1,-83,1
4/17/2002 22:41,107,-33.78950701,40,1,-83,1
4/17/2002 22:42,107,-33.73361308,40,1,-83,1
4/17/2002 22:43,107,-33.77961198,40,2,-83,1
4/17/2002 22:44,107,-33.82561088,42,1,-83,1
4/17/2002 22:45,107,-33.87160977,42,2,-83,1
4/17/2002 22:46,107,-33.91760867,42,2,-83,1
4/17/2002 22:47,107,-33.96360757,43,1,-83,1
4/17/2002 22:48,107,-33.89025678,41,1,-83,1
4/17/2002 22:49,107,-33.816906,42,1,-83,1
4/17/2002 22:50,107,-33.74355521,44,1,-82,1
4/17/2002 22:51,107,-33.67020442,44,1,-82,1
4/17/2002 22:52,107,-33.59685364,45,1,-82,1
4/17/2002 22:53,107,-33.81194718,45,1,-81,1
4/17/2002 22:54,107,-34.02704073,44,1,-82,1
4/17/2002 22:55,107,-34.24213428,44,1,-82,1
4/17/2002 22:56,107,-34.45722783,44,1,-82,1
4/17/2002 22:57,107,-34.67232137,44,1,-82,1
4/17/2002 22:58,107,-34.4974511,44,1,-82,1
4/17/2002 22:59,107,-34.32258083,45,1,-81,1
4/17/2002 23:00,107,-34.14771056,46,1,-81,1
4/17/2002 23:01,107,-33.97284028,47,1,-81,1
4/17/2002 23:02,107,-33.79797001,47,2,-81,1
4/17/2002 23:03,107,-33.8319557,45,1,-82,1
4/17/2002 23:04,107,-33.86594139,46,1,-81,1
4/17/2002 23:05,107,-33.89992708,45,1,-81,1
4/17/2002 23:06,107,-33.93391277,45,1,-81,1
4/17/2002 23:07,107,-33.96789846,46,1,-81,1
4/17/2002 23:08,107,-33.93974721,45,1,-81,1
4/17/2002 23:09,107,-33.91159595,47,2,-81,1
4/17/2002 23:10,107,-33.8834447,47,1,-81,1
4/17/2002 23:11,107,-33.85529344,49,1,-80,1
4/17/2002 23:12,107,-33.82714219,49,1,-80,1
4/17/2002 23:13,107,-33.68152106,49,1,-80,1
4/17/2002 23:14,107,-33.53589994,50,1,-79,1
4/17/2002 23:15,107,-33.39027881,49,1,-79,1
4/17/2002 23:16,107,-33.24465768,51,1,-78,1
4/17/2002 23:17,107,-33.09903656,51,2,-78,1
4/17/2002 23:18,107,-33.01046831,51,1,-78,1
4/17/2002 23:19,107,-32.92190006,51,2,-78,1
4/17/2002 23:20,107,-32.83333181,51,1,-77,1
4/17/2002 23:21,107,-32.74476356,51,2,-77,1
4/17/2002 23:22,107,-32.65619532,51,2,-76,1
4/17/2002 23:23,107,-32.52904063,51,2,-77,1
4/17/2002 23:24,107,-32.40188595,52,2,-76,1
4/17/2002 23:25,107,-32.27473127,52,2,-76,1
4/17/2002 23:26,107,-32.14757659,52,2,-75,1
4/17/2002 23:27,107,-32.02042191,52,2,-75,1
4/17/2002 23:28,107,-31.94483385,53,2,-75,1
4/17/2002 23:29,107,-31.86924578,52,1,-76,1
4/17/2002 23:30,107,-31.79365772,52,2,-76,1
4/17/2002 23:31,107,-31.71806965,52,2,-76,1
4/17/2002 23:32,107,-31.64248159,53,2,-76,1
4/17/2002 23:33,107,-31.63069156,52,2,-76,1
4/17/2002 23:34,107,-31.61890154,52,2,-77,1
4/17/2002 23:35,107,-31.60711152,51,1,-77,1
4/17/2002 23:36,107,-31.59532149,51,1,-77,1
4/17/2002 23:37,107,-31.58353147,51,1,-77,1
4/17/2002 23:38,107,-31.43342259,52,1,-77,1
4/17/2002 23:39,107,-31.28331372,52,1,-77,1
4/17/2002 23:40,107,-31.13320485,52,1,-77,1
4/17/2002 23:41,107,-30.98309597,53,1,-78,1
4/17/2002 23:42,107,-30.8329871,51,1,-78,1
4/17/2002 23:43,107,-30.98599303,51,1,-78,1
4/17/2002 23:44,107,-31.13899896,53,1,-78,1
4/17/2002 23:45,107,-31.29200489,51,1,-78,1
4/17/2002 23:46,107,-31.44501082,52,1,-78,1
4/17/2002 23:47,107,-31.59801675,52,1,-79,1
4/17/2002 23:48,107,-31.41077814,51,1,-80,1
4/17/2002 23:49,107,-31.22353952,51,1,-80,1
4/17/2002 23:50,107,-31.0363009,51,0,-80,1
4/17/2002 23:51,107,-30.84906228,50,0,-80,1
4/17/2002 23:52,107,-30.66182366,50,0,-81,1
4/17/2002 23:53,107,-30.5270911,49,0,-81,1
4/17/2002 23:54,107,-30.39235855,48,0,-81,1
4/17/2002 23:55,107,-30.257626,47,0,-81,1
4/17/2002 23:56,107,-30.12289344,47,-1,-81,1
4/17/2002 23:57,107,-29.98816089,48,0,-80,1
4/17/2002 23:58,107,-29.00736144,49,0,-81,1
4/17/2002 23:59,107,-28.026562,48,0,-81,1
4/18/2002 0:00,108,-27.04576255,46,-3,-78,1
4/18/2002 0:01,108,-26.0649631,45,1,-81,1
4/18/2002 0:02,108,-25.08416366,45,1,-81,1
4/18/2002 0:03,108,-25.0100095,46,1,-81,1
4/18/2002 0:04,108,-24.93585534,47,1,-80,1
4/18/2002 0:05,108,-24.86170119,49,1,-79,1
4/18/2002 0:06,108,-24.78754703,49,1,-79,1
4/18/2002 0:07,108,-24.71339288,49,2,-78,1
4/18/2002 0:08,108,-24.72306589,50,2,-78,1
4/18/2002 0:09,108,-24.73273891,50,3,-78,1
4/18/2002 0:10,108,-24.74241192,51,3,-78,1
4/18/2002 0:11,108,-24.75208494,51,2,-78,1
4/18/2002 0:12,108,-24.76175795,51,2,-78,1
4/18/2002 0:13,108,-24.55826621,51,2,-78,1
4/18/2002 0:14,108,-24.35477447,53,3,-79,1
4/18/2002 0:15,108,-24.15128273,54,3,-80,1
4/18/2002 0:16,108,-23.94779098,54,3,-81,1
4/18/2002 0:17,108,-23.74429924,55,3,-82,1
4/18/2002 0:18,108,-23.59454996,55,3,-83,1
4/18/2002 0:19,108,-23.44480068,55,3,-82,1
4/18/2002 0:20,108,-23.29505139,56,2,-83,1
4/18/2002 0:21,108,-23.14530211,58,2,-82,1
4/18/2002 0:22,108,-22.99555283,58,2,-82,1
4/18/2002 0:23,108,-22.95657343,58,2,-82,1
4/18/2002 0:24,108,-22.91759403,59,2,-81,1
4/18/2002 0:25,108,-22.87861463,59,2,-81,1
4/18/2002 0:26,108,-22.83963524,60,3,-80,1
4/18/2002 0:27,108,-22.80065584,59,3,-78,1
4/18/2002 0:28,108,-22.69589917,63,4,-78,1
4/18/2002 0:29,108,-22.5911425,63,4,-77,1
4/18/2002 0:30,108,-22.48638583,64,4,-75,1
4/18/2002 0:31,108,-22.38162916,65,4,-72,1
4/18/2002 0:32,108,-22.27687249,65,4,-67,1
4/18/2002 0:33,108,-22.1365835,66,5,-62,1
4/18/2002 0:34,108,-21.99629451,69,6,-57,1
4/18/2002 0:35,108,-21.85600552,72,7,-51,1
4/18/2002 0:36,108,-21.71571653,73,11,-47,1
4/18/2002 0:37,108,-21.57542754,76,15,-47,1
4/18/2002 0:38,108,-21.52347887,77,16,-47,1
4/18/2002 0:39,108,-21.47153021,77,16,-47,1
4/18/2002 0:40,108,-21.41958154,78,16,-46,1
4/18/2002 0:41,108,-21.36763287,76,16,-46,1
4/18/2002 0:42,108,-21.3156842,78,17,-46,1
4/18/2002 0:43,108,-21.36833403,79,18,-47,1
4/18/2002 0:44,108,-21.42098386,79,17,-47,1
4/18/2002 0:45,108,-21.47363369,79,16,-48,1
4/18/2002 0:46,108,-21.52628352,79,16,-48,1
4/18/2002 0:47,108,-21.57893334,79,16,-47,1
4/18/2002 0:48,108,-21.5027635,80,16,-46,1
4/18/2002 0:49,108,-21.42659366,80,17,-46,1
4/18/2002 0:50,108,-21.35042382,81,17,-46,1
4/18/2002 0:51,108,-21.27425397,82,17,-47,1
4/18/2002 0:52,108,-21.19808413,81,17,-47,1
4/18/2002 0:53,108,-21.13274194,80,17,-47,1
4/18/2002 0:54,108,-21.06739974,81,17,-47,1
4/18/2002 0:55,108,-21.00205754,88,18,-48,1
4/18/2002 0:56,108,-20.93671535,91,17,-51,1
4/18/2002 0:57,108,-20.87137315,89,16,-55,1
4/18/2002 0:58,108,-20.8542941,86,15,-55,1
4/18/2002 0:59,108,-20.83721505,85,13,-55,1
4/18/2002 1:00,108,-20.820136,84,11,-56,1
4/18/2002 1:01,108,-20.80305694,80,10,-57,1
4/18/2002 1:02,108,-20.78597789,78,9,-57,1
4/18/2002 1:03,108,-20.83361786,76,8,-58,1
4/18/2002 1:04,108,-20.88125782,73,7,-59,1
4/18/2002 1:05,108,-20.92889778,71,6,-61,1
4/18/2002 1:06,108,-20.97653774,70,6,-62,1
4/18/2002 1:07,108,-21.02417771,69,5,-64,1
4/18/2002 1:08,108,-21.0000873,68,4,-63,1
4/18/2002 1:09,108,-20.97599689,68,2,-62,1
4/18/2002 1:10,108,-20.95190649,66,4,-56,1
4/18/2002 1:11,108,-20.92781608,68,5,-51,1
4/18/2002 1:12,108,-20.90372568,75,6,-51,1
4/18/2002 1:13,108,-20.82706129,75,4,-58,1
4/18/2002 1:14,108,-20.75039691,69,3,-64,1
4/18/2002 1:15,108,-20.67373252,69,1,-68,1
4/18/2002 1:16,108,-20.59706814,70,1,-69,1
4/18/2002 1:17,108,-20.52040375,66,1,-68,1
4/18/2002 1:18,108,-20.50377985,66,1,-68,1
4/18/2002 1:19,108,-20.48715595,69,1,-71,1
4/18/2002 1:20,108,-20.47053204,70,1,-72,1
4/18/2002 1:21,108,-20.45390814,71,2,-73,1
4/18/2002 1:22,108,-20.43728424,71,3,-74,1
4/18/2002 1:23,108,-20.4265672,73,4,-76,1
4/18/2002 1:24,108,-20.41585015,77,4,-76,1
4/18/2002 1:25,108,-20.40513311,77,5,-77,1
4/18/2002 1:26,108,-20.39441606,78,6,-77,1
4/18/2002 1:27,108,-20.38369902,79,7,-77,1
4/18/2002 1:28,108,-20.57095233,79,8,-75,1
4/18/2002 1:29,108,-20.75820565,80,9,-78,1
4/18/2002 1:30,108,-20.94545896,81,9,-82,1
4/18/2002 1:31,108,-21.13271228,81,9,-88,1
4/18/2002 1:32,108,-21.31996559,83,8,-92,1
4/18/2002 1:33,108,-21.27593281,82,8,-94,1
4/18/2002 1:34,108,-21.23190003,80,9,-94,1
4/18/2002 1:35,108,-21.18786725,79,10,-93,1
4/18/2002 1:36,108,-21.14383447,78,10,-90,1
4/18/2002 1:37,108,-21.09980168,78,12,-89,1
4/18/2002 1:38,108,-21.0791704,81,13,-89,1
4/18/2002 1:39,108,-21.05853912,85,13,-89,1
4/18/2002 1:40,108,-21.03790784,87,12,-89,1
4/18/2002 1:41,108,-21.01727656,88,12,-91,1
4/18/2002 1:42,108,-20.99664528,90,12,-91,1
4/18/2002 1:43,108,-20.83057594,92,11,-91,1
4/18/2002 1:44,108,-20.6645066,94,12,-91,1
4/18/2002 1:45,108,-20.49843726,96,12,-92,1
4/18/2002 1:46,108,-20.33236792,97,11,-93,1
4/18/2002 1:47,108,-20.16629858,94,11,-95,1
4/18/2002 1:48,108,-20.1308751,87,9,-96,1
4/18/2002 1:49,108,-20.09545162,84,8,-97,1
4/18/2002 1:50,108,-20.06002815,80,7,-97,1
4/18/2002 1:51,108,-20.02460467,79,6,-97,1
4/18/2002 1:52,108,-19.9891812,78,6,-98,1
4/18/2002 1:53,108,-20.04102866,76,5,-99,1
4/18/2002 1:54,108,-20.09287613,75,5,-98,1
4/18/2002 1:55,108,-20.14472359,75,5,-98,1
4/18/2002 1:56,108,-20.19657106,76,5,-97,1
4/18/2002 1:57,108,-20.24841852,76,5,-96,1
4/18/2002 1:58,108,-20.25889444,77,5,-92,1
4/18/2002 1:59,108,-20.26937036,79,6,-90,1
4/18/2002 2:00,108,-20.27984628,85,7,-89,1
4/18/2002 2:01,108,-20.2903222,84,8,-86,1
4/18/2002 2:02,108,-20.30079813,88,8,-86,1
4/18/2002 2:03,108,-20.16426584,93,9,-86,1
4/18/2002 2:04,108,-20.02773355,95,10,-86,1
4/18/2002 2:05,108,-19.89120127,92,10,-88,1
4/18/2002 2:06,108,-19.75466898,92,9,-90,1
4/18/2002 2:07,108,-19.6181367,94,9,-92,1
4/18/2002 2:08,108,-19.6812981,93,9,-92,1
4/18/2002 2:09,108,-19.7444595,92,9,-93,1
4/18/2002 2:10,108,-19.8076209,92,9,-93,1
4/18/2002 2:11,108,-19.8707823,93,9,-94,1
4/18/2002 2:12,108,-19.9339437,93,9,-94,1
4/18/2002 2:13,108,-19.85602989,94,9,-93,1
4/18/2002 2:14,108,-19.77811607,93,9,-93,1
4/18/2002 2:15,108,-19.70020226,94,9,-93,1
4/18/2002 2:16,108,-19.62228844,93,9,-92,1
4/18/2002 2:17,108,-19.54437462,93,8,-92,1
4/18/2002 2:18,108,-19.36651117,93,7,-92,1
4/18/2002 2:19,108,-19.18864771,92,7,-92,1
4/18/2002 2:20,108,-19.01078425,92,6,-92,1
4/18/2002 2:21,108,-18.83292079,91,5,-93,1
4/18/2002 2:22,108,-18.65505733,91,5,-93,1
4/18/2002 2:23,108,-18.55787156,90,3,-94,1
4/18/2002 2:24,108,-18.46068578,88,2,-95,1
4/18/2002 2:25,108,-18.36350001,87,1,-95,1
4/18/2002 2:26,108,-18.26631423,87,0,-96,1
4/18/2002 2:27,108,-18.16912846,86,-1,-97,1
4/18/2002 2:28,108,-18.0211667,86,-1,-99,1
4/18/2002 2:29,108,-17.87320494,87,-2,-99,1
4/18/2002 2:30,108,-17.72524318,86,-2,-100,1
4/18/2002 2:31,108,-17.57728142,87,-3,-101,1
4/18/2002 2:32,108,-17.42931966,87,-3,-102,1
4/18/2002 2:33,108,-17.23527317,88,-3,-103,1
4/18/2002 2:34,108,-17.04122668,88,-3,-103,1
4/18/2002 2:35,108,-16.84718019,87,-3,-104,1
4/18/2002 2:36,108,-16.6531337,88,-3,-105,1
4/18/2002 2:37,108,-16.45908721,88,-2,-104,1
4/18/2002 2:38,108,-16.32611638,88,-3,-104,1
4/18/2002 2:39,108,-16.19314555,86,-2,-103,1
4/18/2002 2:40,108,-16.06017472,86,-2,-101,1
4/18/2002 2:41,108,-15.9272039,85,-1,-99,1
4/18/2002 2:42,108,-15.79423307,83,-1,-97,1
4/18/2002 2:43,108,-15.76416994,82,0,-95,1
4/18/2002 2:44,108,-15.73410682,80,0,-94,1
4/18/2002 2:45,108,-15.70404369,78,-1,-94,1
4/18/2002 2:46,108,-15.67398057,74,-1,-92,1
4/18/2002 2:47,108,-15.64391745,72,-1,-89,1
4/18/2002 2:48,108,-15.5433613,72,0,-86,1
4/18/2002 2:49,108,-15.44280515,76,1,-84,1
4/18/2002 2:50,108,-15.34224901,77,1,-83,1
4/18/2002 2:51,108,-15.24169286,75,0,-83,1
4/18/2002 2:52,108,-15.14113672,70,-1,-82,1
4/18/2002 2:53,108,-15.02914635,68,-1,-83,1
4/18/2002 2:54,108,-14.91715597,64,-2,-83,1
4/18/2002 2:55,108,-14.8051656,64,-3,-84,1
4/18/2002 2:56,108,-14.69317523,66,-4,-84,1
4/18/2002 2:57,108,-14.58118486,67,-4,-85,1
4/18/2002 2:58,108,-14.58494978,70,-5,-87,1
4/18/2002 2:59,108,-14.5887147,71,-6,-86,1
4/18/2002 3:00,108,-14.59247962,74,-6,-86,1
4/18/2002 3:01,108,-14.59624454,78,-6,-86,1
4/18/2002 3:02,108,-14.60000946,80,-6,-87,1
4/18/2002 3:03,108,-14.50305564,83,-7,-87,1
4/18/2002 3:04,108,-14.40610182,84,-8,-89,1
4/18/2002 3:05,108,-14.30914801,85,-8,-90,1
4/18/2002 3:06,108,-14.21219419,85,-9,-91,1
4/18/2002 3:07,108,-14.11524037,86,-9,-93,1
4/18/2002 3:08,108,-14.16185228,86,-9,-94,1
4/18/2002 3:09,108,-14.2084642,85,-10,-94,1
4/18/2002 3:10,108,-14.25507611,85,-9,-94,1
4/18/2002 3:11,108,-14.30168803,86,-9,-95,1
4/18/2002 3:12,108,-14.34829994,86,-9,-95,1
4/18/2002 3:13,108,-14.25895646,85,-8,-96,1
4/18/2002 3:14,108,-14.16961297,87,-7,-97,1
4/18/2002 3:15,108,-14.08026948,88,-7,-97,1
4/18/2002 3:16,108,-13.99092599,89,-5,-97,1
4/18/2002 3:17,108,-13.90158251,90,-4,-98,1
4/18/2002 3:18,108,-13.88675103,89,-4,-100,1
4/18/2002 3:19,108,-13.87191956,90,-2,-101,1
4/18/2002 3:20,108,-13.85708809,92,0,-100,1
4/18/2002 3:21,108,-13.84225662,91,1,-99,1
4/18/2002 3:22,108,-13.82742514,89,3,-99,1
4/18/2002 3:23,108,-13.87369961,89,4,-100,1
4/18/2002 3:24,108,-13.91997408,90,6,-101,1
4/18/2002 3:25,108,-13.96624854,92,8,-102,1
4/18/2002 3:26,108,-14.01252301,104,10,-101,1
4/18/2002 3:27,108,-14.05879748,117,12,-100,1
4/18/2002 3:28,108,-14.12529271,127,13,-99,1
4/18/2002 3:29,108,-14.19178794,133,13,-100,1
4/18/2002 3:30,108,-14.25828317,138,15,-100,1
4/18/2002 3:31,108,-14.3247784,143,16,-100,1
4/18/2002 3:32,108,-14.39127363,145,17,-100,1
4/18/2002 3:33,108,-14.38993917,147,17,-100,1
4/18/2002 3:34,108,-14.38860471,146,17,-101,1
4/18/2002 3:35,108,-14.38727025,143,17,-101,1
4/18/2002 3:36,108,-14.38593579,142,17,-102,1
4/18/2002 3:37,108,-14.38460133,143,16,-103,1
4/18/2002 3:38,108,-14.40909075,144,15,-103,1
4/18/2002 3:39,108,-14.43358016,143,14,-103,1
4/18/2002 3:40,108,-14.45806957,142,13,-103,1
4/18/2002 3:41,108,-14.48255898,141,13,-103,1
4/18/2002 3:42,108,-14.50704839,141,13,-102,1
4/18/2002 3:43,108,-14.45904081,138,12,-102,1
4/18/2002 3:44,108,-14.41103322,131,12,-104,1
4/18/2002 3:45,108,-14.36302564,125,12,-105,1
4/18/2002 3:46,108,-14.31501805,125,12,-106,1
4/18/2002 3:47,108,-14.26701046,126,12,-107,1
4/18/2002 3:48,108,-14.30369117,129,12,-106,1
4/18/2002 3:49,108,-14.34037187,133,11,-106,1
4/18/2002 3:50,108,-14.37705258,137,11,-105,1
4/18/2002 3:51,108,-14.41373328,140,10,-103,1
4/18/2002 3:52,108,-14.45041399,141,9,-102,1
4/18/2002 3:53,108,-14.43851345,143,9,-101,1
4/18/2002 3:54,108,-14.42661292,145,8,-101,1
4/18/2002 3:55,108,-14.41471238,146,8,-100,1
4/18/2002 3:56,108,-14.40281185,144,7,-100,1
4/18/2002 3:57,108,-14.39091131,143,6,-100,1
4/18/2002 3:58,108,-14.30152739,140,5,-101,1
4/18/2002 3:59,108,-14.21214347,138,5,-103,1
4/18/2002 4:00,108,-14.12275955,134,4,-104,1
4/18/2002 4:01,108,-14.03337563,129,4,-104,1
4/18/2002 4:02,108,-13.94399171,123,3,-105,1
4/18/2002 4:03,108,-13.88437747,119,2,-107,1
4/18/2002 4:04,108,-13.82476323,119,1,-108,1
4/18/2002 4:05,108,-13.76514899,119,1,-109,1
4/18/2002 4:06,108,-13.70553475,118,1,-110,1
4/18/2002 4:07,108,-13.64592051,117,0,-111,1
4/18/2002 4:08,108,-13.47940173,116,-1,-111,1
4/18/2002 4:09,108,-13.31288295,114,0,-111,1
4/18/2002 4:10,108,-13.14636417,112,-1,-112,1
4/18/2002 4:11,108,-12.97984539,111,-1,-112,1
4/18/2002 4:12,108,-12.81332661,111,-1,-112,1
4/18/2002 4:13,108,-12.86805478,109,0,-113,1
4/18/2002 4:14,108,-12.92278295,109,0,-113,1
4/18/2002 4:15,108,-12.97751111,106,1,-113,1
4/18/2002 4:16,108,-13.03223928,106,1,-113,1
4/18/2002 4:17,108,-13.08696745,105,2,-113,1
4/18/2002 4:18,108,-12.96507733,105,2,-112,1
4/18/2002 4:19,108,-12.84318721,105,2,-113,1
4/18/2002 4:20,108,-12.72129709,104,3,-113,1
4/18/2002 4:21,108,-12.59940697,103,2,-112,1
4/18/2002 4:22,108,-12.47751685,104,2,-113,1
4/18/2002 4:23,108,-12.44626921,104,2,-114,1
4/18/2002 4:24,108,-12.41502158,105,2,-114,1
4/18/2002 4:25,108,-12.38377394,105,2,-116,1
4/18/2002 4:26,108,-12.3525263,105,2,-116,1
4/18/2002 4:27,108,-12.32127866,106,2,-116,1
4/18/2002 4:28,108,-12.31644256,107,2,-117,1
4/18/2002 4:29,108,-12.31160645,108,2,-117,1
4/18/2002 4:30,108,-12.30677035,108,2,-118,1
4/18/2002 4:31,108,-12.30193424,108,2,-118,1
4/18/2002 4:32,108,-12.29709814,108,2,-118,1
4/18/2002 4:33,108,-12.27731429,109,2,-119,1
4/18/2002 4:34,108,-12.25753044,108,3,-120,1
4/18/2002 4:35,108,-12.23774659,108,2,-120,1
4/18/2002 4:36,108,-12.21796274,108,3,-120,1
4/18/2002 4:37,108,-12.1981789,107,3,-121,1
4/18/2002 4:38,108,-12.13990906,108,3,-122,1
4/18/2002 4:39,108,-12.08163923,108,2,-122,1
4/18/2002 4:40,108,-12.02336939,108,2,-122,1
4/18/2002 4:41,108,-11.96509956,108,1,-123,1
4/18/2002 4:42,108,-11.90682973,108,1,-123,1
4/18/2002 4:43,108,-11.76747857,107,1,-123,1
4/18/2002 4:44,108,-11.62812742,106,1,-123,1
4/18/2002 4:45,108,-11.48877627,107,1,-123,1
4/18/2002 4:46,108,-11.34942511,107,1,-123,1
4/18/2002 4:47,108,-11.21007396,107,1,-123,1
4/18/2002 4:48,108,-11.18377516,109,1,-124,1
4/18/2002 4:49,108,-11.15747636,110,1,-124,1
4/18/2002 4:50,108,-11.13117756,110,2,-124,1
4/18/2002 4:51,108,-11.10487875,111,2,-124,1
4/18/2002 4:52,108,-11.07857995,110,2,-125,1
4/18/2002 4:53,108,-11.04893647,112,2,-126,1
4/18/2002 4:54,108,-11.01929299,113,2,-126,1
4/18/2002 4:55,108,-10.98964951,112,3,-126,1
4/18/2002 4:56,108,-10.96000603,112,3,-127,1
4/18/2002 4:57,108,-10.93036255,111,4,-128,1
4/18/2002 4:58,108,-10.8643516,111,4,-129,1
4/18/2002 4:59,108,-10.79834064,110,5,-129,1
4/18/2002 5:00,108,-10.73232969,111,5,-130,1
4/18/2002 5:01,108,-10.66631874,110,6,-130,1
4/18/2002 5:02,108,-10.60030778,109,6,-130,1
4/18/2002 5:03,108,-10.57071622,109,6,-130,1
4/18/2002 5:04,108,-10.54112466,108,7,-130,1
4/18/2002 5:05,108,-10.5115331,107,7,-130,1
4/18/2002 5:06,108,-10.48194155,107,7,-131,1
4/18/2002 5:07,108,-10.45234999,106,8,-131,1
4/18/2002 5:08,108,-10.38101722,106,8,-131,1
4/18/2002 5:09,108,-10.30968445,105,8,-131,1
4/18/2002 5:10,108,-10.23835168,105,8,-131,1
4/18/2002 5:11,108,-10.16701891,104,8,-131,1
4/18/2002 5:12,108,-10.09568614,104,8,-131,1
4/18/2002 5:13,108,-10.18612386,104,8,-131,1
4/18/2002 5:14,108,-10.27656159,104,8,-131,1
4/18/2002 5:15,108,-10.36699931,104,8,-131,1
4/18/2002 5:16,108,-10.45743703,104,7,-131,1
4/18/2002 5:17,108,-10.54787475,104,8,-132,1
4/18/2002 5:18,108,-10.53357973,103,8,-132,1
4/18/2002 5:19,108,-10.51928471,104,8,-132,1
4/18/2002 5:20,108,-10.50498969,103,8,-133,1
4/18/2002 5:21,108,-10.49069468,103,8,-134,1
4/18/2002 5:22,108,-10.47639966,104,8,-134,1
4/18/2002 5:23,108,-10.37893663,103,8,-135,1
4/18/2002 5:24,108,-10.28147361,102,8,-135,1
4/18/2002 5:25,108,-10.18401058,102,8,-136,1
4/18/2002 5:26,108,-10.08654755,101,8,-136,1
4/18/2002 5:27,108,-9.989084524,101,8,-136,1
4/18/2002 5:28,108,-9.88850777,101,8,-135,1
4/18/2002 5:29,108,-9.787931016,100,8,-135,1
4/18/2002 5:30,108,-9.687354262,101,7,-134,1
4/18/2002 5:31,108,-9.586777508,99,7,-132,1
4/18/2002 5:32,108,-9.486200754,99,7,-132,1
4/18/2002 5:33,108,-9.451854876,97,6,-131,1
4/18/2002 5:34,108,-9.417508998,97,6,-131,1
4/18/2002 5:35,108,-9.38316312,96,6,-131,1
4/18/2002 5:36,108,-9.348817242,96,5,-131,1
4/18/2002 5:37,108,-9.314471364,93,5,-131,1
4/18/2002 5:38,108,-9.351717546,91,5,-130,1
4/18/2002 5:39,108,-9.388963729,90,5,-129,1
4/18/2002 5:40,108,-9.426209911,88,6,-129,1
4/18/2002 5:41,108,-9.463456093,87,6,-128,1
4/18/2002 5:42,108,-9.500702275,85,7,-126,1
4/18/2002 5:43,108,-9.448845825,85,7,-125,1
4/18/2002 5:44,108,-9.396989374,85,7,-124,1
4/18/2002 5:45,108,-9.345132924,85,8,-123,1
4/18/2002 5:46,108,-9.293276473,87,8,-122,1
4/18/2002 5:47,108,-9.241420023,89,7,-122,1
4/18/2002 5:48,108,-9.15524354,91,7,-121,1
4/18/2002 5:49,108,-9.069067057,91,8,-120,1
4/18/2002 5:50,108,-8.982890575,94,7,-120,1
4/18/2002 5:51,108,-8.896714092,94,7,-119,1
4/18/2002 5:52,108,-8.810537609,94,7,-119,1
4/18/2002 5:53,108,-8.731562547,94,6,-119,1
4/18/2002 5:54,108,-8.652587484,91,6,-121,1
4/18/2002 5:55,108,-8.573612421,90,6,-122,1
4/18/2002 5:56,108,-8.494637359,91,6,-125,1
4/18/2002 5:57,108,-8.415662296,88,7,-127,1
4/18/2002 5:58,108,-8.389235354,85,8,-129,1
4/18/2002 5:59,108,-8.362808411,80,9,-131,1
4/18/2002 6:00,108,-8.336381469,78,9,-132,1
4/18/2002 6:01,108,-8.309954527,75,10,-133,1
4/18/2002 6:02,108,-8.283527585,74,11,-133,1
4/18/2002 6:03,108,-8.393944565,74,11,-132,1
4/18/2002 6:04,108,-8.504361545,74,11,-131,1
4/18/2002 6:05,108,-8.614778525,74,11,-130,1
4/18/2002 6:06,108,-8.725195505,76,11,-129,1
4/18/2002 6:07,108,-8.835612485,74,11,-128,1
4/18/2002 6:08,108,-8.928485018,74,10,-128,1
4/18/2002 6:09,108,-9.021357551,74,10,-128,1
4/18/2002 6:10,108,-9.114230085,73,10,-128,1
4/18/2002 6:11,108,-9.207102618,72,9,-128,1
4/18/2002 6:12,108,-9.299975151,72,10,-128,1
4/18/2002 6:13,108,-9.449361157,73,10,-128,1
4/18/2002 6:14,108,-9.598747163,72,10,-128,1
4/18/2002 6:15,108,-9.748133169,72,9,-128,1
4/18/2002 6:16,108,-9.897519175,73,9,-128,1
4/18/2002 6:17,108,-10.04690518,77,8,-127,1
4/18/2002 6:18,108,-10.00658563,81,8,-126,1
4/18/2002 6:19,108,-9.966266087,83,8,-125,1
4/18/2002 6:20,108,-9.925946539,85,8,-126,1
4/18/2002 6:21,108,-9.885626992,86,8,-126,1
4/18/2002 6:22,108,-9.845307445,87,8,-126,1
4/18/2002 6:23,108,-9.909993014,89,9,-125,1
4/18/2002 6:24,108,-9.974678584,89,10,-125,1
4/18/2002 6:25,108,-10.03936415,89,10,-126,1
4/18/2002 6:26,108,-10.10404972,91,11,-125,1
4/18/2002 6:27,108,-10.16873529,90,11,-125,1
4/18/2002 6:28,108,-10.1869391,90,11,-126,1
4/18/2002 6:29,108,-10.2051429,90,11,-126,1
4/18/2002 6:30,108,-10.22334671,91,11,-126,1
4/18/2002 6:31,108,-10.24155052,90,12,-126,1
4/18/2002 6:32,108,-10.25975432,89,12,-127,1
4/18/2002 6:33,108,-10.28915632,91,12,-128,1
4/18/2002 6:34,108,-10.31855833,90,12,-128,1
4/18/2002 6:35,108,-10.34796033,89,12,-128,1
4/18/2002 6:36,108,-10.37736233,89,12,-128,1
4/18/2002 6:37,108,-10.40676433,90,12,-128,1
4/18/2002 6:38,108,-10.34569684,90,12,-129,1
4/18/2002 6:39,108,-10.28462936,89,13,-129,1
4/18/2002 6:40,108,-10.22356187,90,13,-131,1
4/18/2002 6:41,108,-10.16249438,89,13,-131,1
4/18/2002 6:42,108,-10.10142689,90,14,-132,1
4/18/2002 6:43,108,-10.04594578,89,14,-133,1
4/18/2002 6:44,108,-9.990464661,89,14,-133,1
4/18/2002 6:45,108,-9.934983546,88,14,-134,1
4/18/2002 6:46,108,-9.879502431,88,14,-134,1
4/18/2002 6:47,108,-9.824021316,89,14,-135,1
4/18/2002 6:48,108,-9.773675254,89,14,-135,1
4/18/2002 6:49,108,-9.723329191,89,14,-136,1
4/18/2002 6:50,108,-9.672983129,89,14,-136,1
4/18/2002 6:51,108,-9.622637066,89,13,-136,1
4/18/2002 6:52,108,-9.572291003,89,13,-136,1
4/18/2002 6:53,108,-9.535848281,91,13,-135,1
4/18/2002 6:54,108,-9.499405558,92,13,-136,1
4/18/2002 6:55,108,-9.462962836,91,13,-136,1
4/18/2002 6:56,108,-9.426520113,91,12,-136,1
4/18/2002 6:57,108,-9.39007739,91,12,-136,1
4/18/2002 6:58,108,-9.260352848,92,13,-136,1
4/18/2002 6:59,108,-9.130628306,92,13,-137,1
4/18/2002 7:00,108,-9.000903764,91,13,-137,1
4/18/2002 7:01,108,-8.871179222,90,13,-139,1
4/18/2002 7:02,108,-8.741454679,89,13,-139,1
4/18/2002 7:03,108,-8.692602008,90,13,-139,1
4/18/2002 7:04,108,-8.643749337,89,13,-139,1
4/18/2002 7:05,108,-8.594896666,90,13,-139,1
4/18/2002 7:06,108,-8.546043994,89,13,-140,1
4/18/2002 7:07,108,-8.497191323,89,13,-140,1
4/18/2002 7:08,108,-8.392426484,88,13,-141,1
4/18/2002 7:09,108,-8.287661646,88,13,-142,1
4/18/2002 7:10,108,-8.182896807,87,14,-142,1
4/18/2002 7:11,108,-8.078131969,86,14,-143,1
4/18/2002 7:12,108,-7.97336713,86,13,-143,1
4/18/2002 7:13,108,-8.008086011,85,14,-144,1
4/18/2002 7:14,108,-8.042804891,85,14,-144,1
4/18/2002 7:15,108,-8.077523772,85,14,-144,1
4/18/2002 7:16,108,-8.112242652,86,14,-144,1
4/18/2002 7:17,108,-8.146961533,85,14,-144,1
4/18/2002 7:18,108,-8.090589429,85,14,-145,1
4/18/2002 7:19,108,-8.034217325,84,14,-145,1
4/18/2002 7:20,108,-7.977845221,85,14,-145,1
4/18/2002 7:21,108,-7.921473118,85,14,-145,1
4/18/2002 7:22,108,-7.865101014,85,15,-145,1
4/18/2002 7:23,108,-7.903650814,85,14,-146,1
4/18/2002 7:24,108,-7.942200614,84,14,-146,1
4/18/2002 7:25,108,-7.980750414,83,14,-147,1
4/18/2002 7:26,108,-8.019300214,83,14,-147,1
4/18/2002 7:27,108,-8.057850014,83,15,-147,1
4/18/2002 7:28,108,-8.009526142,83,14,-146,1
4/18/2002 7:29,108,-7.96120227,82,14,-146,1
4/18/2002 7:30,108,-7.912878398,81,14,-147,1
4/18/2002 7:31,108,-7.864554526,80,14,-147,1
4/18/2002 7:32,108,-7.816230653,77,14,-148,1
4/18/2002 7:33,108,-7.88164355,78,14,-148,1
4/18/2002 7:34,108,-7.947056447,78,14,-149,1
4/18/2002 7:35,108,-8.012469343,77,14,-148,1
4/18/2002 7:36,108,-8.07788224,77,14,-148,1
4/18/2002 7:37,108,-8.143295137,77,14,-148,1
4/18/2002 7:38,108,-8.12462698,77,14,-148,1
4/18/2002 7:39,108,-8.105958823,77,14,-148,1
4/18/2002 7:40,108,-8.087290667,77,14,-148,1
4/18/2002 7:41,108,-8.06862251,77,14,-149,1
4/18/2002 7:42,108,-8.049954353,76,15,-149,1
4/18/2002 7:43,108,-7.980308989,76,15,-149,1
4/18/2002 7:44,108,-7.910663624,76,15,-150,1
4/18/2002 7:45,108,-7.84101826,77,15,-150,1
4/18/2002 7:46,108,-7.771372896,77,15,-150,1
4/18/2002 7:47,108,-7.701727531,77,15,-150,1
4/18/2002 7:48,108,-7.735768974,76,15,-151,1
4/18/2002 7:49,108,-7.769810417,75,15,-150,1
4/18/2002 7:50,108,-7.803851859,76,15,-151,1
4/18/2002 7:51,108,-7.837893302,76,15,-150,1
4/18/2002 7:52,108,-7.871934744,75,16,-151,1
4/18/2002 7:53,108,-7.954676678,76,16,-151,1
4/18/2002 7:54,108,-8.037418612,76,16,-151,1
4/18/2002 7:55,108,-8.120160545,76,16,-151,1
4/18/2002 7:56,108,-8.202902479,76,16,-150,1
4/18/2002 7:57,108,-8.285644413,77,16,-150,1
4/18/2002 7:58,108,-8.298919632,77,16,-150,1
4/18/2002 7:59,108,-8.312194852,78,16,-150,1
4/18/2002 8:00,108,-8.325470072,77,16,-149,1
4/18/2002 8:01,108,-8.338745292,77,16,-148,1
4/18/2002 8:02,108,-8.352020512,77,15,-148,1
4/18/2002 8:03,108,-8.393017543,77,15,-147,1
4/18/2002 8:04,108,-8.434014574,78,15,-146,1
4/18/2002 8:05,108,-8.475011606,79,14,-145,1
4/18/2002 8:06,108,-8.516008637,80,14,-144,1
4/18/2002 8:07,108,-8.557005668,81,14,-144,1
4/18/2002 8:08,108,-8.663682156,79,13,-143,1
4/18/2002 8:09,108,-8.770358643,80,13,-142,1
4/18/2002 8:10,108,-8.877035131,80,13,-141,1
4/18/2002 8:11,108,-8.983711618,79,13,-141,1
4/18/2002 8:12,108,-9.090388106,78,13,-141,1
4/18/2002 8:13,108,-9.00854849,74,13,-139,1
4/18/2002 8:14,108,-8.926708875,72,13,-138,1
4/18/2002 8:15,108,-8.844869259,69,12,-137,1
4/18/2002 8:16,108,-8.763029643,67,11,-136,1
4/18/2002 8:17,108,-8.681190028,65,10,-134,1
4/18/2002 8:18,108,-8.52874744,63,10,-132,1
4/18/2002 8:19,108,-8.376304852,59,9,-132,1
4/18/2002 8:20,108,-8.223862264,57,8,-131,1
4/18/2002 8:21,108,-8.071419676,54,7,-130,1
4/18/2002 8:22,108,-7.918977088,54,7,-129,1
4/18/2002 8:23,108,-7.864799041,52,6,-129,1
4/18/2002 8:24,108,-7.810620993,50,6,-128,1
4/18/2002 8:25,108,-7.756442946,48,6,-127,1
4/18/2002 8:26,108,-7.702264898,46,5,-127,1
4/18/2002 8:27,108,-7.648086851,46,6,-126,1
4/18/2002 8:28,108,-7.625336006,45,6,-125,1
4/18/2002 8:29,108,-7.602585161,44,6,-125,1
4/18/2002 8:30,108,-7.579834316,43,6,-125,1
4/18/2002 8:31,108,-7.557083471,42,7,-125,1
4/18/2002 8:32,108,-7.534332626,41,7,-124,1
4/18/2002 8:33,108,-7.546413126,41,6,-123,1
4/18/2002 8:34,108,-7.558493625,42,7,-123,1
4/18/2002 8:35,108,-7.570574125,44,7,-124,1
4/18/2002 8:36,108,-7.582654624,43,7,-123,1
4/18/2002 8:37,108,-7.594735124,41,6,-122,1
4/18/2002 8:38,108,-7.50193677,41,6,-122,1
4/18/2002 8:39,108,-7.409138416,41,6,-121,1
4/18/2002 8:40,108,-7.316340062,39,6,-121,1
4/18/2002 8:41,108,-7.223541708,40,6,-121,1
4/18/2002 8:42,108,-7.130743354,38,6,-121,1
4/18/2002 8:43,108,-7.119278936,38,7,-121,1
4/18/2002 8:44,108,-7.107814518,39,7,-121,1
4/18/2002 8:45,108,-7.096350099,38,8,-122,1
4/18/2002 8:46,108,-7.084885681,35,8,-122,1
4/18/2002 8:47,108,-7.073421262,36,9,-122,1
4/18/2002 8:48,108,-6.922676532,36,10,-122,1
4/18/2002 8:49,108,-6.771931801,38,10,-122,1
4/18/2002 8:50,108,-6.621187071,35,10,-121,1
4/18/2002 8:51,108,-6.47044234,34,10,-121,1
4/18/2002 8:52,108,-6.31969761,32,9,-120,1
4/18/2002 8:53,108,-6.431977566,35,9,-119,1
4/18/2002 8:54,108,-6.544257523,37,9,-119,1
4/18/2002 8:55,108,-6.65653748,38,9,-117,1
4/18/2002 8:56,108,-6.768817436,40,9,-117,1
4/18/2002 8:57,108,-6.881097393,41,8,-115,1
4/18/2002 8:58,108,-6.879279792,44,8,-115,1
4/18/2002 8:59,108,-6.877462191,45,7,-114,1
4/18/2002 9:00,108,-6.87564459,46,7,-113,1
4/18/2002 9:01,108,-6.87382699,45,6,-113,1
4/18/2002 9:02,108,-6.872009389,43,6,-113,1
4/18/2002 9:03,108,-6.754699597,41,5,-113,1
4/18/2002 9:04,108,-6.637389806,40,5,-113,1
4/18/2002 9:05,108,-6.520080014,39,5,-113,1
4/18/2002 9:06,108,-6.402770223,38,5,-113,1
4/18/2002 9:07,108,-6.285460432,38,5,-114,1
4/18/2002 9:08,108,-6.285476696,37,5,-114,1
4/18/2002 9:09,108,-6.285492961,39,5,-114,1
4/18/2002 9:10,108,-6.285509226,38,5,-114,1
4/18/2002 9:11,108,-6.285525491,38,5,-114,1
4/18/2002 9:12,108,-6.285541756,38,5,-115,1
4/18/2002 9:13,108,-6.333856425,39,6,-116,1
4/18/2002 9:14,108,-6.382171094,41,6,-116,1
4/18/2002 9:15,108,-6.430485763,44,7,-117,1
4/18/2002 9:16,108,-6.478800433,47,7,-118,1
4/18/2002 9:17,108,-6.527115102,50,7,-118,1
4/18/2002 9:18,108,-6.444968854,52,7,-119,1
4/18/2002 9:19,108,-6.362822606,55,8,-120,1
4/18/2002 9:20,108,-6.280676357,55,9,-120,1
4/18/2002 9:21,108,-6.198530109,57,9,-119,1
4/18/2002 9:22,108,-6.116383861,58,9,-119,1
4/18/2002 9:23,108,-6.188267645,59,10,-119,1
4/18/2002 9:24,108,-6.260151428,60,10,-120,1
4/18/2002 9:25,108,-6.332035211,64,11,-120,1
4/18/2002 9:26,108,-6.403918995,66,11,-120,1
4/18/2002 9:27,108,-6.475802778,67,12,-120,1
4/18/2002 9:28,108,-6.364402836,70,12,-121,1
4/18/2002 9:29,108,-6.253002894,70,13,-122,1
4/18/2002 9:30,108,-6.141602953,71,13,-123,1
4/18/2002 9:31,108,-6.030203011,69,13,-123,1
4/18/2002 9:32,108,-5.918803069,68,13,-123,1
4/18/2002 9:33,108,-5.856667109,67,14,-123,1
4/18/2002 9:34,108,-5.794531149,63,14,-123,1
4/18/2002 9:35,108,-5.732395189,62,13,-123,1
4/18/2002 9:36,108,-5.670259229,62,14,-122,1
4/18/2002 9:37,108,-5.608123268,62,14,-122,1
4/18/2002 9:38,108,-5.615458477,61,13,-121,1
4/18/2002 9:39,108,-5.622793686,59,13,-121,1
4/18/2002 9:40,108,-5.630128894,58,13,-120,1
4/18/2002 9:41,108,-5.637464103,58,13,-119,1
4/18/2002 9:42,108,-5.644799311,58,13,-119,1
4/18/2002 9:43,108,-5.589421878,58,12,-119,1
4/18/2002 9:44,108,-5.534044446,57,12,-118,1
4/18/2002 9:45,108,-5.478667013,58,12,-117,1
4/18/2002 9:46,108,-5.42328958,58,12,-117,1
4/18/2002 9:47,108,-5.367912147,59,11,-118,1
4/18/2002 9:48,108,-5.361685464,60,11,-117,1
4/18/2002 9:49,108,-5.355458781,60,11,-117,1
4/18/2002 9:50,108,-5.349232098,61,11,-117,1
4/18/2002 9:51,108,-5.343005414,63,11,-117,1
4/18/2002 9:52,108,-5.336778731,64,10,-119,1
4/18/2002 9:53,108,-5.386599229,64,10,-119,1
4/18/2002 9:54,108,-5.436419726,64,10,-119,1
4/18/2002 9:55,108,-5.486240224,63,10,-119,1
4/18/2002 9:56,108,-5.536060721,63,10,-120,1
4/18/2002 9:57,108,-5.585881219,63,10,-119,1
4/18/2002 9:58,108,-5.566694583,63,9,-120,1
4/18/2002 9:59,108,-5.547507947,64,9,-119,1
4/18/2002 10:00,108,-5.528321311,64,9,-120,1
4/18/2002 10:01,108,-5.509134674,67,9,-120,1
4/18/2002 10:02,108,-5.489948038,71,9,-120,1
4/18/2002 10:03,108,-5.423945981,73,9,-120,1
4/18/2002 10:04,108,-5.357943923,75,10,-121,1
4/18/2002 10:05,108,-5.291941866,77,10,-121,1
4/18/2002 10:06,108,-5.225939808,77,10,-121,1
4/18/2002 10:07,108,-5.159937751,80,10,-121,1
4/18/2002 10:08,108,-5.107719994,82,10,-121,1
4/18/2002 10:09,108,-5.055502238,83,10,-121,1
4/18/2002 10:10,108,-5.003284481,84,10,-122,1
4/18/2002 10:11,108,-4.951066724,84,10,-122,1
4/18/2002 10:12,108,-4.898848967,84,10,-121,1
4/18/2002 10:13,108,-4.915904129,83,10,-122,1
4/18/2002 10:14,108,-4.93295929,84,10,-122,1
4/18/2002 10:15,108,-4.950014451,85,10,-122,1
4/18/2002 10:16,108,-4.967069612,87,11,-122,1
4/18/2002 10:17,108,-4.984124773,88,11,-122,1
4/18/2002 10:18,108,-5.052484128,90,11,-123,1
4/18/2002 10:19,108,-5.120843482,90,11,-122,1
4/18/2002 10:20,108,-5.189202837,90,11,-123,1
4/18/2002 10:21,108,-5.257562191,93,11,-123,1
4/18/2002 10:22,108,-5.325921546,94,11,-123,1
4/18/2002 10:23,108,-5.321735795,95,11,-123,1
4/18/2002 10:24,108,-5.317550044,96,12,-123,1
4/18/2002 10:25,108,-5.313364293,96,12,-123,1
4/18/2002 10:26,108,-5.309178542,97,12,-123,1
4/18/2002 10:27,108,-5.304992791,97,12,-123,1
4/18/2002 10:28,108,-5.258033868,95,12,-124,1
4/18/2002 10:29,108,-5.211074944,94,12,-124,1
4/18/2002 10:30,108,-5.164116021,94,12,-124,1
4/18/2002 10:31,108,-5.117157098,93,13,-124,1
4/18/2002 10:32,108,-5.070198174,93,12,-124,1
4/18/2002 10:33,108,-5.02904005,93,12,-124,1
4/18/2002 10:34,108,-4.987881926,92,12,-125,1
4/18/2002 10:35,108,-4.946723802,94,12,-125,1
4/18/2002 10:36,108,-4.905565678,94,12,-126,1
4/18/2002 10:37,108,-4.864407554,93,12,-127,1
4/18/2002 10:38,108,-4.86648742,93,12,-128,1
4/18/2002 10:39,108,-4.868567287,91,12,-128,1
4/18/2002 10:40,108,-4.870647153,92,11,-129,1
4/18/2002 10:41,108,-4.872727019,91,11,-129,1
4/18/2002 10:42,108,-4.874806885,90,11,-129,1
4/18/2002 10:43,108,-4.739695319,90,11,-129,1
4/18/2002 10:44,108,-4.604583752,90,11,-130,1
4/18/2002 10:45,108,-4.469472186,88,10,-130,1
4/18/2002 10:46,108,-4.334360619,87,10,-130,1
4/18/2002 10:47,108,-4.199249052,87,10,-131,1
4/18/2002 10:48,108,-4.155367978,87,10,-130,1
4/18/2002 10:49,108,-4.111486903,86,9,-129,1
4/18/2002 10:50,108,-4.067605828,85,9,-129,1
4/18/2002 10:51,108,-4.023724754,83,9,-129,1
4/18/2002 10:52,108,-3.979843679,81,8,-130,1
4/18/2002 10:53,108,-3.911593619,79,8,-130,1
4/18/2002 10:54,108,-3.843343559,79,8,-129,1
4/18/2002 10:55,108,-3.775093499,79,7,-130,1
4/18/2002 10:56,108,-3.706843439,79,7,-130,1
4/18/2002 10:57,108,-3.638593379,80,8,-130,1
4/18/2002 10:58,108,-3.567206876,82,8,-131,1
4/18/2002 10:59,108,-3.495820373,83,8,-131,1
4/18/2002 11:00,108,-3.424433871,85,8,-132,1
4/18/2002 11:01,108,-3.353047368,88,9,-132,1
4/18/2002 11:02,108,-3.281660865,90,9,-132,1
4/18/2002 11:03,108,-3.256919333,91,9,-133,1
4/18/2002 11:04,108,-3.232177801,90,9,-133,1
4/18/2002 11:05,108,-3.207436268,90,9,-133,1
4/18/2002 11:06,108,-3.182694736,91,9,-133,1
4/18/2002 11:07,108,-3.157953204,91,9,-133,1
4/18/2002 11:08,108,-3.136105436,91,9,-133,1
4/18/2002 11:09,108,-3.114257668,90,9,-134,1
4/18/2002 11:10,108,-3.0924099,90,9,-134,1
4/18/2002 11:11,108,-3.070562132,88,8,-134,1
4/18/2002 11:12,108,-3.048714364,87,8,-135,1
4/18/2002 11:13,108,-2.920568045,85,8,-135,1
4/18/2002 11:14,108,-2.792421727,84,8,-135,1
4/18/2002 11:15,108,-2.664275408,83,8,-135,1
4/18/2002 11:16,108,-2.53612909,83,8,-135,1
4/18/2002 11:17,108,-2.407982771,82,8,-135,1
4/18/2002 11:18,108,-2.547136742,81,8,-135,1
4/18/2002 11:19,108,-2.686290712,80,7,-135,1
4/18/2002 11:20,108,-2.825444683,78,7,-135,1
4/18/2002 11:21,108,-2.964598653,78,7,-135,1
4/18/2002 11:22,108,-3.103752623,75,7,-135,1
4/18/2002 11:23,108,-3.105572727,73,6,-134,1
4/18/2002 11:24,108,-3.107392831,72,6,-134,1
4/18/2002 11:25,108,-3.109212935,72,6,-133,1
4/18/2002 11:26,108,-3.111033039,71,5,-133,1
4/18/2002 11:27,108,-3.112853142,68,5,-133,1
4/18/2002 11:28,108,-3.131947064,67,4,-132,1
4/18/2002 11:29,108,-3.151040985,65,4,-132,1
4/18/2002 11:30,108,-3.170134907,63,4,-132,1
4/18/2002 11:31,108,-3.189228828,61,4,-132,1
4/18/2002 11:32,108,-3.20832275,60,4,-132,1
4/18/2002 11:33,108,-3.352431856,60,4,-132,1
4/18/2002 11:34,108,-3.496540963,60,4,-132,1
4/18/2002 11:35,108,-3.640650069,58,4,-132,1
4/18/2002 11:36,108,-3.784759175,57,4,-131,1
4/18/2002 11:37,108,-3.928868282,56,4,-131,1
4/18/2002 11:38,108,-4.024989486,56,4,-130,1
4/18/2002 11:39,108,-4.12111069,54,4,-130,1
4/18/2002 11:40,108,-4.217231894,50,4,-130,1
4/18/2002 11:41,108,-4.313353099,47,4,-130,1
4/18/2002 11:42,108,-4.409474303,44,5,-130,1
4/18/2002 11:43,108,-4.435586263,42,5,-129,1
4/18/2002 11:44,108,-4.461698224,40,5,-128,1
4/18/2002 11:45,108,-4.487810184,40,5,-127,1
4/18/2002 11:46,108,-4.513922145,39,6,-126,1
4/18/2002 11:47,108,-4.540034105,40,7,-125,1
4/18/2002 11:48,108,0,42,7,-124,1
4/18/2002 11:49,108,0,44,7,-123,1
4/18/2002 11:50,108,0,45,7,-121,1
4/18/2002 11:51,108,0,47,7,-120,1
4/18/2002 11:52,108,0,47,6,-120,1
4/18/2002 11:53,108,0,47,6,-118,1
4/18/2002 11:54,108,0,45,6,-117,1
4/18/2002 11:55,108,0,44,6,-117,1
4/18/2002 11:56,108,0,43,5,-117,1
4/18/2002 11:57,108,0,42,5,-117,1
4/18/2002 11:58,108,0,40,5,-116,1
4/18/2002 11:59,108,0,37,5,-115,1
4/18/2002 12:00,108,0,35,5,-114,1
4/18/2002 12:01,108,0,34,5,-114,1
4/18/2002 12:02,108,0,30,5,-114,1
4/18/2002 12:03,108,0,29,5,-113,1
4/18/2002 12:04,108,0,27,5,-112,1
4/18/2002 12:05,108,0,27,5,-112,1
4/18/2002 12:06,108,0,25,5,-112,1
4/18/2002 12:07,108,0,24,5,-111,1
4/18/2002 12:08,108,0,22,5,-111,1
4/18/2002 12:09,108,0,23,6,-111,1
4/18/2002 12:10,108,0,24,6,-110,1
4/18/2002 12:11,108,0,25,6,-109,1
4/18/2002 12:12,108,0,24,6,-109,1
4/18/2002 12:13,108,0,24,6,-108,1
4/18/2002 12:14,108,0,23,6,-108,1
4/18/2002 12:15,108,0,24,6,-107,1
4/18/2002 12:16,108,0,23,6,-107,1
4/18/2002 12:17,108,0,24,6,-106,1
4/18/2002 12:18,108,0,26,5,-105,1
4/18/2002 12:19,108,0,28,5,-106,1
4/18/2002 12:20,108,0,29,5,-106,1
4/18/2002 12:21,108,0,31,5,-106,1
4/18/2002 12:22,108,0,34,5,-105,1
4/18/2002 12:23,108,0,34,4,-105,1
4/18/2002 12:24,108,0,35,4,-105,1
4/18/2002 12:25,108,0,34,4,-104,1
4/18/2002 12:26,108,0,33,3,-104,1
4/18/2002 12:27,108,0,33,3,-104,1
4/18/2002 12:28,108,0,33,3,-104,1
4/18/2002 12:29,108,0,33,3,-105,1
4/18/2002 12:30,108,0,32,3,-105,1
4/18/2002 12:31,108,0,31,3,-104,1
4/18/2002 12:32,108,0,30,3,-104,1
4/18/2002 12:33,108,0,31,3,-103,1
4/18/2002 12:34,108,0,29,3,-103,1
4/18/2002 12:35,108,0,29,3,-103,1
4/18/2002 12:36,108,0,29,2,-103,1
4/18/2002 12:37,108,0,29,2,-103,1
4/18/2002 12:38,108,0,30,2,-103,1
4/18/2002 12:39,108,0,31,2,-103,1
4/18/2002 12:40,108,0,32,1,-103,1
4/18/2002 12:41,108,0,31,1,-104,1
4/18/2002 12:42,108,0,31,1,-104,1
4/18/2002 12:43,108,0,31,1,-104,1
4/18/2002 12:44,108,0,30,1,-105,1
4/18/2002 12:45,108,0,30,1,-105,1
4/18/2002 12:46,108,0,31,1,-105,1
4/18/2002 12:47,108,0,30,0,-105,1
4/18/2002 12:48,108,0,30,1,-105,1
4/18/2002 12:49,108,0,30,1,-105,1
4/18/2002 12:50,108,0,29,1,-105,1
4/18/2002 12:51,108,0,29,1,-106,1
4/18/2002 12:52,108,0,27,1,-106,1
4/18/2002 12:53,108,0,27,1,-106,1
4/18/2002 12:54,108,0,27,2,-106,1
4/18/2002 12:55,108,0,28,2,-106,1
4/18/2002 12:56,108,0,27,2,-106,1
4/18/2002 12:57,108,0,26,2,-105,1
4/18/2002 12:58,108,0,26,3,-105,1
4/18/2002 12:59,108,0,24,3,-105,1
4/18/2002 13:00,108,0,24,3,-105,1
4/18/2002 13:01,108,0,25,3,-105,1
4/18/2002 13:02,108,0,25,3,-105,1
4/18/2002 13:03,108,0,26,2,-106,1
4/18/2002 13:04,108,0,26,2,-106,1
4/18/2002 13:05,108,0,26,1,-106,1
4/18/2002 13:06,108,0,27,1,-106,1
4/18/2002 13:07,108,0,27,1,-106,1
4/18/2002 13:08,108,0,27,1,-106,1
4/18/2002 13:09,108,0,28,1,-106,1
4/18/2002 13:10,108,0,29,0,-107,1
4/18/2002 13:11,108,0,31,0,-107,1
4/18/2002 13:12,108,0,30,-1,-107,1
4/18/2002 13:13,108,0,31,-1,-107,1
4/18/2002 13:14,108,0,31,-1,-107,1
4/18/2002 13:15,108,0,30,-1,-108,1
4/18/2002 13:16,108,0,29,-1,-107,1
4/18/2002 13:17,108,0,30,-1,-107,1
4/18/2002 13:18,108,0,30,-2,-107,1
4/18/2002 13:19,108,0,30,-2,-107,1
4/18/2002 13:20,108,0,29,-2,-107,1
4/18/2002 13:21,108,0,27,-2,-107,1
4/18/2002 13:22,108,0,28,-2,-107,1
4/18/2002 13:23,108,0,28,-3,-107,1
4/18/2002 13:24,108,0,27,-2,-107,1
4/18/2002 13:25,108,0,26,-3,-107,1
4/18/2002 13:26,108,0,26,-3,-107,1
4/18/2002 13:27,108,0,25,-2,-108,1
4/18/2002 13:28,108,0,25,-2,-108,1
4/18/2002 13:29,108,0,25,-2,-108,1
4/18/2002 13:30,108,0,24,-2,-108,1
4/18/2002 13:31,108,0,24,-2,-108,1
4/18/2002 13:32,108,0,23,-2,-108,1
4/18/2002 13:33,108,0,23,-2,-108,1
4/18/2002 13:34,108,0,22,-2,-108,1
4/18/2002 13:35,108,0,21,-2,-108,1
4/18/2002 13:36,108,0,21,-2,-108,1
4/18/2002 13:37,108,0,21,-2,-108,1
4/18/2002 13:38,108,0,20,-1,-108,1
4/18/2002 13:39,108,0,21,-1,-109,1
4/18/2002 13:40,108,0,20,-1,-109,1
4/18/2002 13:41,108,0,20,-1,-109,1
4/18/2002 13:42,108,0,21,-1,-109,1
4/18/2002 13:43,108,0,20,-1,-108,1
4/18/2002 13:44,108,0,20,-1,-109,1
4/18/2002 13:45,108,0,20,-1,-109,1
4/18/2002 13:46,108,0,21,-1,-109,1
4/18/2002 13:47,108,0,21,-1,-109,1
4/18/2002 13:48,108,0,20,-1,-110,1
4/18/2002 13:49,108,0,22,-1,-109,1
4/18/2002 13:50,108,0,21,-1,-109,1
4/18/2002 13:51,108,0,23,-1,-109,1
4/18/2002 13:52,108,0,21,-1,-109,1
4/18/2002 13:53,108,0,20,-1,-110,1
4/18/2002 13:54,108,0,20,-1,-110,1
4/18/2002 13:55,108,0,20,-1,-110,1
4/18/2002 13:56,108,0,22,-1,-110,1
4/18/2002 13:57,108,0,23,-1,-109,1
4/18/2002 13:58,108,0,24,-1,-109,1
4/18/2002 13:59,108,0,23,-1,-109,1
4/18/2002 14:00,108,0,25,-1,-109,1
4/18/2002 14:01,108,0,26,-1,-109,1
4/18/2002 14:02,108,0,27,-1,-109,1
4/18/2002 14:03,108,0,28,-1,-109,1
4/18/2002 14:04,108,0,27,-1,-110,1
4/18/2002 14:05,108,0,27,-1,-110,1
4/18/2002 14:06,108,0,27,-1,-110,1
4/18/2002 14:07,108,0,28,0,-110,1
4/18/2002 14:08,108,0,27,0,-110,1
4/18/2002 14:09,108,0,27,0,-111,1
4/18/2002 14:10,108,0,26,0,-111,1
4/18/2002 14:11,108,0,25,0,-111,1
4/18/2002 14:12,108,0,25,0,-110,1
4/18/2002 14:13,108,0,25,0,-110,1
4/18/2002 14:14,108,0,23,0,-110,1
4/18/2002 14:15,108,0,24,0,-111,1
4/18/2002 14:16,108,0,26,0,-110,1
4/18/2002 14:17,108,0,25,-1,-110,1
4/18/2002 14:18,108,0,28,-1,-110,1
4/18/2002 14:19,108,0,29,0,-110,1
4/18/2002 14:20,108,0,29,0,-110,1
4/18/2002 14:21,108,0,30,0,-109,1
4/18/2002 14:22,108,0,30,0,-109,1
4/18/2002 14:23,108,0,31,0,-109,1
4/18/2002 14:24,108,0,32,0,-109,1
4/18/2002 14:25,108,0,34,0,-109,1
4/18/2002 14:26,108,0,35,0,-109,1
4/18/2002 14:27,108,0,35,0,-108,1
4/18/2002 14:28,108,0,35,0,-108,1
4/18/2002 14:29,108,0,36,0,-108,1
4/18/2002 14:30,108,0,37,0,-108,1
4/18/2002 14:31,108,0,38,0,-107,1
4/18/2002 14:32,108,0,38,1,-107,1
4/18/2002 14:33,108,0,39,1,-107,1
4/18/2002 14:34,108,0,40,0,-106,1
4/18/2002 14:35,108,0,40,0,-107,1
4/18/2002 14:36,108,0,39,0,-106,1
4/18/2002 14:37,108,0,40,1,-106,1
4/18/2002 14:38,108,0,42,1,-106,1
4/18/2002 14:39,108,0,43,1,-105,1
4/18/2002 14:40,108,0,43,1,-105,1
4/18/2002 14:41,108,0,43,2,-105,1
4/18/2002 14:42,108,0,42,2,-105,1
4/18/2002 14:43,108,0,43,1,-104,1
4/18/2002 14:44,108,0,42,2,-103,1
4/18/2002 14:45,108,0,42,1,-103,1
4/18/2002 14:46,108,0,41,1,-103,1
4/18/2002 14:47,108,0,42,1,-103,1
4/18/2002 14:48,108,0,42,1,-103,1
4/18/2002 14:49,108,0,40,1,-102,1
4/18/2002 14:50,108,0,39,0,-101,1
4/18/2002 14:51,108,0,39,0,-101,1
4/18/2002 14:52,108,0,38,0,-100,1
4/18/2002 14:53,108,0,39,0,-100,1
4/18/2002 14:54,108,0,38,0,-100,1
4/18/2002 14:55,108,0,38,0,-100,1
4/18/2002 14:56,108,0,38,0,-99,1
4/18/2002 14:57,108,0,37,0,-99,1
4/18/2002 14:58,108,0,37,0,-99,1
4/18/2002 14:59,108,0,38,0,-99,1
4/18/2002 15:00,108,0,38,0,-99,1
4/18/2002 15:01,108,0,37,0,-99,1
4/18/2002 15:02,108,0,37,0,-99,1
4/18/2002 15:03,108,0,38,1,-99,1
4/18/2002 15:04,108,0,39,0,-99,1
4/18/2002 15:05,108,0,39,0,-99,1
4/18/2002 15:06,108,0,39,0,-99,1
4/18/2002 15:07,108,0,37,0,-99,1
4/18/2002 15:08,108,0,37,0,-99,1
4/18/2002 15:09,108,0,36,0,-99,1
4/18/2002 15:10,108,0,34,0,-100,1
4/18/2002 15:11,108,0,33,0,-100,1
4/18/2002 15:12,108,0,32,0,-101,1
4/18/2002 15:13,108,0,33,-1,-101,1
4/18/2002 15:14,108,0,33,-1,-101,1
4/18/2002 15:15,108,0,33,-1,-102,1
4/18/2002 15:16,108,0,32,-1,-101,1
4/18/2002 15:17,108,0,32,-2,-102,1
4/18/2002 15:18,108,0,31,-2,-101,1
4/18/2002 15:19,108,0,30,-2,-101,1
4/18/2002 15:20,108,0,28,-2,-101,1
4/18/2002 15:21,108,0,26,-2,-101,1
4/18/2002 15:22,108,0,25,-3,-101,1
4/18/2002 15:23,108,0,25,-3,-101,1
4/18/2002 15:24,108,0,24,-3,-101,1
4/18/2002 15:25,108,0,25,-3,-101,1
4/18/2002 15:26,108,0,25,-3,-101,1
4/18/2002 15:27,108,0,25,-3,-101,1
4/18/2002 15:28,108,0,24,-3,-101,1
4/18/2002 15:29,108,0,25,-4,-101,1
4/18/2002 15:30,108,0,25,-4,-101,1
4/18/2002 15:31,108,0,26,-4,-101,1
4/18/2002 15:32,108,0,25,-3,-101,1
4/18/2002 15:33,108,0,26,-3,-101,1
4/18/2002 15:34,108,0,27,-3,-101,1
4/18/2002 15:35,108,0,28,-3,-101,1
4/18/2002 15:36,108,0,27,-3,-102,1
4/18/2002 15:37,108,0,25,-3,-102,1
4/18/2002 15:38,108,0,27,-3,-103,1
4/18/2002 15:39,108,0,29,-3,-103,1
4/18/2002 15:40,108,0,28,-3,-104,1
4/18/2002 15:41,108,0,28,-3,-104,1
4/18/2002 15:42,108,0,26,-3,-105,1
4/18/2002 15:43,108,0,26,-3,-105,1
4/18/2002 15:44,108,0,25,-3,-105,1
4/18/2002 15:45,108,0,25,-2,-105,1
4/18/2002 15:46,108,0,24,-2,-105,1
4/18/2002 15:47,108,0,24,-2,-105,1
4/18/2002 15:48,108,0,26,-2,-105,1
4/18/2002 15:49,108,0,26,-2,-105,1
4/18/2002 15:50,108,0,24,-1,-107,1
4/18/2002 15:51,108,0,24,-1,-107,1
4/18/2002 15:52,108,0,24,-1,-107,1
4/18/2002 15:53,108,0,25,-1,-107,1
4/18/2002 15:54,108,0,25,-1,-107,1
4/18/2002 15:55,108,0,24,-1,-107,1
4/18/2002 15:56,108,0,24,-1,-107,1
4/18/2002 15:57,108,0,25,0,-107,1
4/18/2002 15:58,108,0,24,-1,-108,1
4/18/2002 15:59,108,0,24,0,-108,1
4/18/2002 16:00,108,0,24,0,-108,1
4/18/2002 16:01,108,0,24,0,-108,1
4/18/2002 16:02,108,0,24,0,-108,1
4/18/2002 16:03,108,0,24,0,-108,1
4/18/2002 16:04,108,0,24,0,-108,1
4/18/2002 16:05,108,0,26,0,-108,1
4/18/2002 16:06,108,0,28,0,-108,1
4/18/2002 16:07,108,0,27,0,-109,1
4/18/2002 16:08,108,0,28,0,-109,1
4/18/2002 16:09,108,0,30,0,-109,1
4/18/2002 16:10,108,0,31,0,-109,1
4/18/2002 16:11,108,0,32,0,-108,1
4/18/2002 16:12,108,0,32,0,-108,1
4/18/2002 16:13,108,0,32,0,-109,1
4/18/2002 16:14,108,0,34,0,-109,1
4/18/2002 16:15,108,0,35,0,-109,1
4/18/2002 16:16,108,0,34,0,-108,1
4/18/2002 16:17,108,0,34,0,-108,1
4/18/2002 16:18,108,0,34,0,-109,1
4/18/2002 16:19,108,0,34,0,-109,1
4/18/2002 16:20,108,0,35,0,-108,1
4/18/2002 16:21,108,0,34,0,-109,1
4/18/2002 16:22,108,0,35,0,-109,1
4/18/2002 16:23,108,0,34,0,-109,1
4/18/2002 16:24,108,0,33,0,-109,1
4/18/2002 16:25,108,0,33,0,-109,1
4/18/2002 16:26,108,0,32,0,-109,1
4/18/2002 16:27,108,0,31,1,-109,1
4/18/2002 16:28,108,0,31,1,-109,1
4/18/2002 16:29,108,0,30,1,-110,1
4/18/2002 16:30,108,0,30,1,-109,1
4/18/2002 16:31,108,0,30,1,-109,1
4/18/2002 16:32,108,0,31,1,-110,1
4/18/2002 16:33,108,0,33,1,-109,1
4/18/2002 16:34,108,0,35,1,-109,1
4/18/2002 16:35,108,0,37,1,-107,1
4/18/2002 16:36,108,0,40,1,-107,1
4/18/2002 16:37,108,0,41,1,-106,1
4/18/2002 16:38,108,0,44,1,-105,1
4/18/2002 16:39,108,0,47,1,-105,1
4/18/2002 16:40,108,0,49,1,-105,1
4/18/2002 16:41,108,0,52,1,-105,1
4/18/2002 16:42,108,0,53,2,-105,1
4/18/2002 16:43,108,0,56,2,-105,1
4/18/2002 16:44,108,0,57,2,-105,1
4/18/2002 16:45,108,0,58,2,-106,1
4/18/2002 16:46,108,0,61,1,-107,1
4/18/2002 16:47,108,0,61,1,-108,1
4/18/2002 16:48,108,0,61,1,-108,1
4/18/2002 16:49,108,0,62,1,-108,1
4/18/2002 16:50,108,0,62,0,-109,1
4/18/2002 16:51,108,0,63,0,-109,1
4/18/2002 16:52,108,0,62,0,-109,1
4/18/2002 16:53,108,0,61,0,-109,1
4/18/2002 16:54,108,0,62,0,-110,1
4/18/2002 16:55,108,0,61,0,-110,1
4/18/2002 16:56,108,0,59,0,-111,1
4/18/2002 16:57,108,0,58,0,-111,1
4/18/2002 16:58,108,0,57,0,-110,1
4/18/2002 16:59,108,0,56,1,-110,1
4/18/2002 17:00,108,0,56,1,-110,1
4/18/2002 17:01,108,0,55,1,-109,1
4/18/2002 17:02,108,0,50,0,-110,1
4/18/2002 17:03,108,0,48,0,-111,1
4/18/2002 17:04,108,0,46,0,-111,1
4/18/2002 17:05,108,0,43,0,-111,1
4/18/2002 17:06,108,0,42,0,-111,1
4/18/2002 17:07,108,0,42,0,-111,1
4/18/2002 17:08,108,0,42,0,-111,1
4/18/2002 17:09,108,0,41,0,-111,1
4/18/2002 17:10,108,0,41,0,-111,1
4/18/2002 17:11,108,0,40,0,-110,1
4/18/2002 17:12,108,0,40,0,-109,1
4/18/2002 17:13,108,0,40,0,-110,1
4/18/2002 17:14,108,0,40,0,-110,1
4/18/2002 17:15,108,0,40,0,-110,1
4/18/2002 17:16,108,0,39,1,-110,1
4/18/2002 17:17,108,0,37,0,-111,1
4/18/2002 17:18,108,0,36,0,-110,1
4/18/2002 17:19,108,0,35,1,-110,1
4/18/2002 17:20,108,0,35,1,-111,1
4/18/2002 17:21,108,0,35,1,-110,1
4/18/2002 17:22,108,0,36,1,-111,1
4/18/2002 17:23,108,0,35,1,-111,1
4/18/2002 17:24,108,0,36,1,-111,1
4/18/2002 17:25,108,0,37,2,-110,1
4/18/2002 17:26,108,0,37,2,-110,1
4/18/2002 17:27,108,0,39,2,-111,1
4/18/2002 17:28,108,0,39,2,-111,1
4/18/2002 17:29,108,0,41,2,-111,1
4/18/2002 17:30,108,0,40,2,-111,1
4/18/2002 17:31,108,0,42,2,-110,1
4/18/2002 17:32,108,0,42,2,-111,1
4/18/2002 17:33,108,0,42,3,-110,1
4/18/2002 17:34,108,0,42,3,-110,1
4/18/2002 17:35,108,0,43,3,-110,1
4/18/2002 17:36,108,0,45,3,-110,1
4/18/2002 17:37,108,0,45,3,-110,1
4/18/2002 17:38,108,0,45,4,-110,1
4/18/2002 17:39,108,0,46,4,-109,1
4/18/2002 17:40,108,0,47,4,-110,1
4/18/2002 17:41,108,0,46,4,-110,1
4/18/2002 17:42,108,0,46,4,-110,1
4/18/2002 17:43,108,0,48,4,-111,1
4/18/2002 17:44,108,0,47,3,-111,1
4/18/2002 17:45,108,0,48,3,-112,1
4/18/2002 17:46,108,0,47,3,-112,1
4/18/2002 17:47,108,0,48,3,-112,1
4/18/2002 17:48,108,0,47,3,-113,1
4/18/2002 17:49,108,0,47,3,-113,1
4/18/2002 17:50,108,0,46,3,-114,1
4/18/2002 17:51,108,0,46,2,-114,1
4/18/2002 17:52,108,0,46,2,-115,1
4/18/2002 17:53,108,0,45,2,-115,1
4/18/2002 17:54,108,0,47,2,-115,1
4/18/2002 17:55,108,0,47,2,-115,1
4/18/2002 17:56,108,0,48,1,-115,1
4/18/2002 17:57,108,0,47,1,-114,1
4/18/2002 17:58,108,0,47,1,-114,1
4/18/2002 17:59,108,0,48,1,-114,1
4/18/2002 18:00,108,0,47,1,-114,1
4/18/2002 18:01,108,0,47,1,-114,1
4/18/2002 18:02,108,0,47,0,-114,1
4/18/2002 18:03,108,0,45,0,-113,1
4/18/2002 18:04,108,0,44,0,-113,1
4/18/2002 18:05,108,0,44,0,-113,1
4/18/2002 18:06,108,0,43,0,-113,1
4/18/2002 18:07,108,0,42,1,-113,1
4/18/2002 18:08,108,0,43,1,-113,1
4/18/2002 18:09,108,0,43,0,-113,1
4/18/2002 18:10,108,0,43,0,-113,1
4/18/2002 18:11,108,0,43,0,-113,1
4/18/2002 18:12,108,0,43,0,-113,1
4/18/2002 18:13,108,0,43,0,-112,1
4/18/2002 18:14,108,0,45,1,-112,1
4/18/2002 18:15,108,0,46,1,-112,1
4/18/2002 18:16,108,0,47,1,-112,1
4/18/2002 18:17,108,0,48,1,-112,1
4/18/2002 18:18,108,0,48,1,-112,1
4/18/2002 18:19,108,0,48,1,-112,1
4/18/2002 18:20,108,0,48,1,-112,1
4/18/2002 18:21,108,0,49,1,-112,1
4/18/2002 18:22,108,0,49,1,-112,1
4/18/2002 18:23,108,0,50,1,-112,1
4/18/2002 18:24,108,0,51,1,-112,1
4/18/2002 18:25,108,0,52,1,-112,1
4/18/2002 18:26,108,0,53,1,-112,1
4/18/2002 18:27,108,0,53,1,-113,1
4/18/2002 18:28,108,0,53,1,-112,1
4/18/2002 18:29,108,0,51,1,-113,1
4/18/2002 18:30,108,0,52,2,-113,1
4/18/2002 18:31,108,0,54,2,-113,1
4/18/2002 18:32,108,0,55,2,-112,1
4/18/2002 18:33,108,0,54,2,-112,1
4/18/2002 18:34,108,0,53,2,-112,1
4/18/2002 18:35,108,0,54,2,-112,1
4/18/2002 18:36,108,0,55,2,-112,1
4/18/2002 18:37,108,0,55,2,-113,1
4/18/2002 18:38,108,0,55,2,-113,1
4/18/2002 18:39,108,0,56,1,-113,1
4/18/2002 18:40,108,0,56,2,-113,1
4/18/2002 18:41,108,0,60,2,-112,1
4/18/2002 18:42,108,0,61,2,-112,1
4/18/2002 18:43,108,0,62,1,-112,1
4/18/2002 18:44,108,0,62,1,-112,1
4/18/2002 18:45,108,0,62,1,-113,1
4/18/2002 18:46,108,0,62,1,-113,1
4/18/2002 18:47,108,0,63,1,-113,1
4/18/2002 18:48,108,0,62,1,-113,1
4/18/2002 18:49,108,0,64,1,-113,1
4/18/2002 18:50,108,0,63,1,-113,1
4/18/2002 18:51,108,0,62,1,-113,1
4/18/2002 18:52,108,0,62,1,-113,1
4/18/2002 18:53,108,0,63,1,-114,1
4/18/2002 18:54,108,0,63,1,-113,1
4/18/2002 18:55,108,0,65,1,-113,1
4/18/2002 18:56,108,0,65,1,-113,1
4/18/2002 18:57,108,0,66,1,-112,1
4/18/2002 18:58,108,0,67,1,-111,1
4/18/2002 18:59,108,0,67,1,-111,1
4/18/2002 19:00,108,0,68,1,-111,1
4/18/2002 19:01,108,0,70,1,-111,1
4/18/2002 19:02,108,0,72,1,-111,1
4/18/2002 19:03,108,0,72,1,-110,1
4/18/2002 19:04,108,0,72,1,-110,1
4/18/2002 19:05,108,0,72,2,-110,1
4/18/2002 19:06,108,0,73,2,-111,1
4/18/2002 19:07,108,0,72,2,-111,1
4/18/2002 19:08,108,0,73,1,-111,1
4/18/2002 19:09,108,0,72,1,-111,1
4/18/2002 19:10,108,0,72,1,-110,1
4/18/2002 19:11,108,0,73,1,-110,1
4/18/2002 19:12,108,0,73,1,-110,1
4/18/2002 19:13,108,0,73,1,-110,1
4/18/2002 19:14,108,0,71,1,-110,1
4/18/2002 19:15,108,0,72,1,-110,1
4/18/2002 19:16,108,0,73,1,-109,1
4/18/2002 19:17,108,0,73,1,-108,1
4/18/2002 19:18,108,0,75,2,-108,1
4/18/2002 19:19,108,0,76,2,-107,1
4/18/2002 19:20,108,0,75,2,-107,1
4/18/2002 19:21,108,0,77,2,-106,1
4/18/2002 19:22,108,0,76,2,-106,1
4/18/2002 19:23,108,0,76,3,-106,1
4/18/2002 19:24,108,0,76,3,-106,1
4/18/2002 19:25,108,0,76,3,-106,1
4/18/2002 19:26,108,0,75,3,-106,1
4/18/2002 19:27,108,0,75,3,-107,1
4/18/2002 19:28,108,0,75,3,-107,1
4/18/2002 19:29,108,0,75,3,-107,1
4/18/2002 19:30,108,0,74,3,-107,1
4/18/2002 19:31,108,0,74,3,-107,1
4/18/2002 19:32,108,0,74,3,-107,1
4/18/2002 19:33,108,0,74,3,-107,1
4/18/2002 19:34,108,0,74,3,-107,1
4/18/2002 19:35,108,0,74,3,-107,1
4/18/2002 19:36,108,0,72,2,-107,1
4/18/2002 19:37,108,0,72,3,-107,1
4/18/2002 19:38,108,0,71,3,-106,1
4/18/2002 19:39,108,0,71,3,-106,1
4/18/2002 19:40,108,0,71,3,-106,1
4/18/2002 19:41,108,0,72,3,-107,1
4/18/2002 19:42,108,0,72,3,-107,1
4/18/2002 19:43,108,0,72,3,-107,1
4/18/2002 19:44,108,0,71,3,-107,1
4/18/2002 19:45,108,0,71,3,-107,1
4/18/2002 19:46,108,0,71,3,-107,1
4/18/2002 19:47,108,0,71,3,-107,1
4/18/2002 19:48,108,0,71,3,-108,1
4/18/2002 19:49,108,0,71,3,-108,1
4/18/2002 19:50,108,0,71,3,-108,1
4/18/2002 19:51,108,0,70,3,-108,1
4/18/2002 19:52,108,0,69,3,-109,1
4/18/2002 19:53,108,0,69,3,-109,1
4/18/2002 19:54,108,0,68,3,-110,1
4/18/2002 19:55,108,0,69,3,-110,1
4/18/2002 19:56,108,0,69,3,-110,1
4/18/2002 19:57,108,0,71,4,-110,1
4/18/2002 19:58,108,0,73,3,-109,1
4/18/2002 19:59,108,0,76,3,-108,1
4/18/2002 20:00,108,0,77,4,-108,1
4/18/2002 20:01,108,0,78,4,-108,1
4/18/2002 20:02,108,0,79,4,-108,1
4/18/2002 20:03,108,0,81,4,-108,1
4/18/2002 20:04,108,0,83,4,-107,1
4/18/2002 20:05,108,0,85,3,-107,1
4/18/2002 20:06,108,0,85,3,-108,1
4/18/2002 20:07,108,0,86,3,-108,1
4/18/2002 20:08,108,0,86,3,-108,1
4/18/2002 20:09,108,0,88,3,-108,1
4/18/2002 20:10,108,0,92,3,-107,1
4/18/2002 20:11,108,0,91,2,-107,1
4/18/2002 20:12,108,0,89,2,-108,1
4/18/2002 20:13,108,0,90,2,-108,1
4/18/2002 20:14,108,0,90,1,-108,1
4/18/2002 20:15,108,0,89,1,-108,1
4/18/2002 20:16,108,0,89,1,-109,1
4/18/2002 20:17,108,0,88,1,-110,1
4/18/2002 20:18,108,0,87,0,-110,1
4/18/2002 20:19,108,0,87,1,-110,1
4/18/2002 20:20,108,0,88,1,-110,1
4/18/2002 20:21,108,0,89,1,-110,1
4/18/2002 20:22,108,0,90,1,-111,1
4/18/2002 20:23,108,0,89,1,-111,1
4/18/2002 20:24,108,0,88,1,-111,1
4/18/2002 20:25,108,0,88,0,-111,1
4/18/2002 20:26,108,0,89,1,-111,1
4/18/2002 20:27,108,0,91,0,-111,1
4/18/2002 20:28,108,0,90,0,-112,1
4/18/2002 20:29,108,0,89,1,-112,1
4/18/2002 20:30,108,0,90,1,-111,1
4/18/2002 20:31,108,0,90,1,-111,1
4/18/2002 20:32,108,0,91,1,-111,1
4/18/2002 20:33,108,0,92,1,-111,1
4/18/2002 20:34,108,0,92,1,-111,1
4/18/2002 20:35,108,0,93,1,-111,1
4/18/2002 20:36,108,0,95,1,-111,1
4/18/2002 20:37,108,0,95,1,-111,1
4/18/2002 20:38,108,0,96,1,-111,1
4/18/2002 20:39,108,0,98,1,-111,1
4/18/2002 20:40,108,0,98,1,-111,1
4/18/2002 20:41,108,0,98,1,-112,1
4/18/2002 20:42,108,0,98,1,-112,1
4/18/2002 20:43,108,0,99,1,-113,1
4/18/2002 20:44,108,0,99,0,-113,1
4/18/2002 20:45,108,0,99,0,-113,1
4/18/2002 20:46,108,0,99,1,-113,1
4/18/2002 20:47,108,0,98,0,-113,1
4/18/2002 20:48,108,0,98,0,-113,1
4/18/2002 20:49,108,0,98,1,-114,1
4/18/2002 20:50,108,0,97,1,-114,1
4/18/2002 20:51,108,0,97,1,-115,1
4/18/2002 20:52,108,0,97,1,-115,1
4/18/2002 20:53,108,0,99,1,-115,1
4/18/2002 20:54,108,0,98,1,-115,1
4/18/2002 20:55,108,0,97,1,-116,1
4/18/2002 20:56,108,0,97,1,-115,1
4/18/2002 20:57,108,0,97,1,-116,1
4/18/2002 20:58,108,0,99,1,-116,1
4/18/2002 20:59,108,0,98,1,-117,1
4/18/2002 21:00,108,0,98,0,-117,1
4/18/2002 21:01,108,0,100,0,-117,1
4/18/2002 21:02,108,0,101,0,-117,1
4/18/2002 21:03,108,0,101,0,-117,1
4/18/2002 21:04,108,0,101,-1,-117,1
4/18/2002 21:05,108,0,102,-1,-116,1
4/18/2002 21:06,108,0,103,-2,-116,1
4/18/2002 21:07,108,0,103,-2,-115,1
4/18/2002 21:08,108,0,104,-3,-115,1
4/18/2002 21:09,108,0,102,-3,-114,1
4/18/2002 21:10,108,0,102,-3,-114,1
4/18/2002 21:11,108,0,101,-3,-113,1
4/18/2002 21:12,108,0,101,-3,-113,1
4/18/2002 21:13,108,0,99,-3,-113,1
4/18/2002 21:14,108,0,99,-3,-112,1
4/18/2002 21:15,108,0,101,-3,-111,1
4/18/2002 21:16,108,0,102,-3,-111,1
4/18/2002 21:17,108,0,102,-3,-110,1
4/18/2002 21:18,108,0,101,-3,-109,1
4/18/2002 21:19,108,0,102,-3,-109,1
4/18/2002 21:20,108,0,104,-3,-108,1
4/18/2002 21:21,108,0,104,-3,-107,1
4/18/2002 21:22,108,0,104,-3,-106,1
4/18/2002 21:23,108,0,105,-3,-106,1
4/18/2002 21:24,108,0,107,-3,-106,1
4/18/2002 21:25,108,0,105,-3,-105,1
4/18/2002 21:26,108,0,108,-4,-104,1
4/18/2002 21:27,108,0,109,-4,-104,1
4/18/2002 21:28,108,0,109,-4,-104,1
4/18/2002 21:29,108,0,109,-4,-105,1
4/18/2002 21:30,108,0,109,-4,-105,1
4/18/2002 21:31,108,0,109,-4,-105,1
4/18/2002 21:32,108,0,110,-4,-105,1
4/18/2002 21:33,108,0,110,-4,-105,1
4/18/2002 21:34,108,0,110,-5,-105,1
4/18/2002 21:35,108,0,110,-5,-105,1
4/18/2002 21:36,108,0,110,-4,-105,1
4/18/2002 21:37,108,0,109,-4,-106,1
4/18/2002 21:38,108,0,109,-4,-105,1
4/18/2002 21:39,108,0,109,-5,-105,1
4/18/2002 21:40,108,0,110,-5,-105,1
4/18/2002 21:41,108,0,113,-5,-104,1
4/18/2002 21:42,108,0,114,-5,-104,1
4/18/2002 21:43,108,0,114,-5,-104,1
4/18/2002 21:44,108,0,114,-5,-104,1
4/18/2002 21:45,108,0,113,-5,-104,1
4/18/2002 21:46,108,0,112,-5,-105,1
4/18/2002 21:47,108,0,113,-5,-105,1
4/18/2002 21:48,108,0,113,-5,-105,1
4/18/2002 21:49,108,0,112,-5,-106,1
4/18/2002 21:50,108,0,111,-5,-106,1
4/18/2002 21:51,108,0,110,-5,-106,1
4/18/2002 21:52,108,0,110,-5,-107,1
4/18/2002 21:53,108,0,109,-5,-107,1
4/18/2002 21:54,108,0,109,-5,-107,1
4/18/2002 21:55,108,0,108,-5,-107,1
4/18/2002 21:56,108,0,109,-4,-107,1
4/18/2002 21:57,108,0,111,-4,-107,1
4/18/2002 21:58,108,0,112,-4,-107,1
4/18/2002 21:59,108,0,112,-4,-106,1
4/18/2002 22:00,108,0,113,-4,-107,1
4/18/2002 22:01,108,0,113,-5,-106,1
4/18/2002 22:02,108,0,113,-5,-106,1
4/18/2002 22:03,108,0,114,-5,-106,1
4/18/2002 22:04,108,0,116,-5,-105,1
4/18/2002 22:05,108,0,116,-5,-105,1
4/18/2002 22:06,108,0,115,-6,-105,1
4/18/2002 22:07,108,0,115,-6,-104,1
4/18/2002 22:08,108,0,115,-6,-104,1
4/18/2002 22:09,108,0,114,-7,-104,1
4/18/2002 22:10,108,0,114,-7,-104,1
4/18/2002 22:11,108,0,114,-7,-104,1
4/18/2002 22:12,108,0,112,-7,-104,1
4/18/2002 22:13,108,0,111,-7,-104,1
4/18/2002 22:14,108,0,111,-7,-103,1
4/18/2002 22:15,108,0,110,-7,-103,1
4/18/2002 22:16,108,0,108,-7,-103,1
4/18/2002 22:17,108,0,108,-7,-103,1
4/18/2002 22:18,108,0,108,-7,-103,1
4/18/2002 22:19,108,0,107,-7,-103,1
4/18/2002 22:20,108,0,106,-7,-103,1
4/18/2002 22:21,108,0,106,-7,-103,1
4/18/2002 22:22,108,0,105,-7,-104,1
4/18/2002 22:23,108,0,106,-6,-104,1
4/18/2002 22:24,108,0,105,-6,-104,1
4/18/2002 22:25,108,0,106,-6,-103,1
4/18/2002 22:26,108,0,105,-6,-103,1
4/18/2002 22:27,108,0,105,-6,-102,1
4/18/2002 22:28,108,0,105,-6,-103,1
4/18/2002 22:29,108,0,105,-6,-102,1
4/18/2002 22:30,108,0,104,-6,-103,1
4/18/2002 22:31,108,0,104,-5,-103,1
4/18/2002 22:32,108,0,104,-6,-103,1
4/18/2002 22:33,108,0,105,-5,-103,1
4/18/2002 22:34,108,0,105,-6,-103,1
4/18/2002 22:35,108,0,104,-6,-103,1
4/18/2002 22:36,108,0,104,-5,-103,1
4/18/2002 22:37,108,0,103,-6,-103,1
4/18/2002 22:38,108,0,104,-5,-102,1
4/18/2002 22:39,108,0,104,-6,-102,1
4/18/2002 22:40,108,0,102,-6,-102,1
4/18/2002 22:41,108,0,102,-6,-103,1
4/18/2002 22:42,108,0,103,-6,-102,1
4/18/2002 22:43,108,0,103,-6,-102,1
4/18/2002 22:44,108,0,103,-6,-102,1
4/18/2002 22:45,108,0,103,-6,-102,1
4/18/2002 22:46,108,0,102,-6,-102,1
4/18/2002 22:47,108,0,103,-6,-101,1
4/18/2002 22:48,108,0,103,-6,-101,1
4/18/2002 22:49,108,0,103,-6,-101,1
4/18/2002 22:50,108,0,105,-6,-100,1
4/18/2002 22:51,108,0,108,-5,-98,1
4/18/2002 22:52,108,0,110,-5,-96,1
4/18/2002 22:53,108,0,110,-5,-95,1
4/18/2002 22:54,108,0,109,-5,-95,1
4/18/2002 22:55,108,0,109,-5,-94,1
4/18/2002 22:56,108,0,109,-5,-93,1
4/18/2002 22:57,108,0,107,-6,-93,1
4/18/2002 22:58,108,0,104,-6,-93,1
4/18/2002 22:59,108,0,100,-7,-95,1
4/18/2002 23:00,108,0,96,-7,-96,1
4/18/2002 23:01,108,0,93,-7,-98,1
4/18/2002 23:02,108,0,93,-7,-98,1
4/18/2002 23:03,108,0,92,-8,-98,1
4/18/2002 23:04,108,0,90,-8,-98,1
4/18/2002 23:05,108,0,90,-9,-98,1
4/18/2002 23:06,108,0,90,-9,-98,1
4/18/2002 23:07,108,0,90,-9,-98,1
4/18/2002 23:08,108,0,91,-9,-98,1
4/18/2002 23:09,108,0,92,-9,-97,1
4/18/2002 23:10,108,0,91,-10,-96,1
4/18/2002 23:11,108,0,89,-10,-95,1
4/18/2002 23:12,108,0,88,-10,-95,1
4/18/2002 23:13,108,0,86,-10,-96,1
4/18/2002 23:14,108,0,85,-10,-96,1
4/18/2002 23:15,108,0,86,-10,-96,1
4/18/2002 23:16,108,0,86,-10,-97,1
4/18/2002 23:17,108,0,89,-10,-96,1
4/18/2002 23:18,108,0,88,-11,-96,1
4/18/2002 23:19,108,0,86,-11,-96,1
4/18/2002 23:20,108,0,85,-12,-96,1
4/18/2002 23:21,108,0,83,-12,-96,1
4/18/2002 23:22,108,0,81,-12,-96,1
4/18/2002 23:23,108,0,80,-12,-95,1
4/18/2002 23:24,108,0,78,-13,-96,1
4/18/2002 23:25,108,0,80,-13,-96,1
4/18/2002 23:26,108,0,81,-13,-96,1
4/18/2002 23:27,108,0,82,-13,-96,1
4/18/2002 23:28,108,0,82,-13,-95,1
4/18/2002 23:29,108,0,83,-13,-95,1
4/18/2002 23:30,108,0,84,-13,-95,1
4/18/2002 23:31,108,0,83,-13,-94,1
4/18/2002 23:32,108,0,82,-13,-94,1
4/18/2002 23:33,108,0,82,-13,-94,1
4/18/2002 23:34,108,0,84,-13,-94,1
4/18/2002 23:35,108,0,84,-13,-93,1
4/18/2002 23:36,108,0,84,-12,-93,1
4/18/2002 23:37,108,0,84,-12,-92,1
4/18/2002 23:38,108,0,84,-12,-92,1
4/18/2002 23:39,108,0,84,-11,-92,1
4/18/2002 23:40,108,0,86,-11,-91,1
4/18/2002 23:41,108,0,86,-10,-91,1
4/18/2002 23:42,108,0,85,-10,-91,1
4/18/2002 23:43,108,0,86,-10,-90,1
4/18/2002 23:44,108,0,85,-9,-90,1
4/18/2002 23:45,108,0,85,-10,-90,1
4/18/2002 23:46,108,0,85,-9,-90,1
4/18/2002 23:47,108,0,85,-9,-90,1
4/18/2002 23:48,108,0,82,-9,-91,1
4/18/2002 23:49,108,0,84,-9,-91,1
4/18/2002 23:50,108,0,84,-9,-90,1
4/18/2002 23:51,108,0,84,-9,-91,1
4/18/2002 23:52,108,0,83,-9,-91,1
4/18/2002 23:53,108,0,81,-9,-92,1
4/18/2002 23:54,108,0,80,-10,-93,1
4/18/2002 23:55,108,0,76,-10,-94,1
4/18/2002 23:56,108,0,76,-10,-94,1
4/18/2002 23:57,108,0,77,-10,-95,1
4/18/2002 23:58,108,0,74,-10,-96,1
4/18/2002 23:59,108,0,77,-10,-96,1
