DateTime,DOY,D_TEC,ASY_H,SYM_D,SYM_H,Location
2/11/2004 0:00,42,0,11,-1,6,1
2/11/2004 0:01,42,0,11,-1,5,1
2/11/2004 0:02,42,0,11,-2,5,1
2/11/2004 0:03,42,0,12,-1,6,1
2/11/2004 0:04,42,0,13,-1,6,1
2/11/2004 0:05,42,0,12,-1,6,1
2/11/2004 0:06,42,0,10,-1,6,1
2/11/2004 0:07,42,0,10,-1,6,1
2/11/2004 0:08,42,0,11,-1,6,1
2/11/2004 0:09,42,0,13,-1,6,1
2/11/2004 0:10,42,0,14,-1,6,1
2/11/2004 0:11,42,0,13,-1,6,1
2/11/2004 0:12,42,0,12,-1,6,1
2/11/2004 0:13,42,0,13,-1,6,1
2/11/2004 0:14,42,0,13,-1,6,1
2/11/2004 0:15,42,0,14,-1,6,1
2/11/2004 0:16,42,0,14,-1,7,1
2/11/2004 0:17,42,0,13,-1,7,1
2/11/2004 0:18,42,0,11,-1,7,1
2/11/2004 0:19,42,0,12,-1,7,1
2/11/2004 0:20,42,0,12,-1,7,1
2/11/2004 0:21,42,0,13,-1,6,1
2/11/2004 0:22,42,0,14,-1,7,1
2/11/2004 0:23,42,0,14,-1,7,1
2/11/2004 0:24,42,0,13,-1,7,1
2/11/2004 0:25,42,0,12,-1,7,1
2/11/2004 0:26,42,0,12,-1,7,1
2/11/2004 0:27,42,0,11,-1,7,1
2/11/2004 0:28,42,0,11,-1,7,1
2/11/2004 0:29,42,0,12,-1,7,1
2/11/2004 0:30,42,0,13,-1,7,1
2/11/2004 0:31,42,0,13,-1,7,1
2/11/2004 0:32,42,0,14,-1,6,1
2/11/2004 0:33,42,0,15,-1,7,1
2/11/2004 0:34,42,0,15,-1,7,1
2/11/2004 0:35,42,0,14,-1,6,1
2/11/2004 0:36,42,0,14,-1,6,1
2/11/2004 0:37,42,0,14,-1,7,1
2/11/2004 0:38,42,0,14,-2,6,1
2/11/2004 0:39,42,0,15,-2,6,1
2/11/2004 0:40,42,0,14,-2,6,1
2/11/2004 0:41,42,0,15,-2,7,1
2/11/2004 0:42,42,0,14,-1,6,1
2/11/2004 0:43,42,0,14,-1,7,1
2/11/2004 0:44,42,0,14,-1,6,1
2/11/2004 0:45,42,0,13,-1,7,1
2/11/2004 0:46,42,0,13,-1,7,1
2/11/2004 0:47,42,0,13,-1,6,1
2/11/2004 0:48,42,0,13,-1,6,1
2/11/2004 0:49,42,0,13,-1,7,1
2/11/2004 0:50,42,0,13,-2,7,1
2/11/2004 0:51,42,0,12,-2,7,1
2/11/2004 0:52,42,0,14,-2,7,1
2/11/2004 0:53,42,0,14,-2,7,1
2/11/2004 0:54,42,0,14,-2,7,1
2/11/2004 0:55,42,0,14,-2,7,1
2/11/2004 0:56,42,0,13,-2,7,1
2/11/2004 0:57,42,0,12,-1,7,1
2/11/2004 0:58,42,0,12,-1,7,1
2/11/2004 0:59,42,0,11,-1,7,1
2/11/2004 1:00,42,0,11,-1,7,1
2/11/2004 1:01,42,0,12,-1,7,1
2/11/2004 1:02,42,0,13,-1,7,1
2/11/2004 1:03,42,0,13,-1,8,1
2/11/2004 1:04,42,0,12,-1,9,1
2/11/2004 1:05,42,0,12,-1,9,1
2/11/2004 1:06,42,0,11,-1,9,1
2/11/2004 1:07,42,0,11,-1,9,1
2/11/2004 1:08,42,0,11,-1,9,1
2/11/2004 1:09,42,0,11,-1,9,1
2/11/2004 1:10,42,0,11,-1,9,1
2/11/2004 1:11,42,0,11,-1,9,1
2/11/2004 1:12,42,0,13,-1,9,1
2/11/2004 1:13,42,0,12,-2,8,1
2/11/2004 1:14,42,0,13,-2,8,1
2/11/2004 1:15,42,0,14,-2,8,1
2/11/2004 1:16,42,0,13,-2,7,1
2/11/2004 1:17,42,0,14,-2,7,1
2/11/2004 1:18,42,0,15,-2,7,1
2/11/2004 1:19,42,0,14,-2,7,1
2/11/2004 1:20,42,0,14,-2,7,1
2/11/2004 1:21,42,0,14,-2,7,1
2/11/2004 1:22,42,0,13,-2,8,1
2/11/2004 1:23,42,0,12,-1,9,1
2/11/2004 1:24,42,0,13,-1,9,1
2/11/2004 1:25,42,0,12,-1,10,1
2/11/2004 1:26,42,0,13,-1,11,1
2/11/2004 1:27,42,0,12,-1,12,1
2/11/2004 1:28,42,0,11,0,13,1
2/11/2004 1:29,42,0,10,0,14,1
2/11/2004 1:30,42,0,12,0,14,1
2/11/2004 1:31,42,0,12,0,13,1
2/11/2004 1:32,42,0,14,0,13,1
2/11/2004 1:33,42,0,14,-1,13,1
2/11/2004 1:34,42,0,14,-1,13,1
2/11/2004 1:35,42,0,14,-1,12,1
2/11/2004 1:36,42,0,15,-1,13,1
2/11/2004 1:37,42,0,14,-1,13,1
2/11/2004 1:38,42,0,14,-1,13,1
2/11/2004 1:39,42,0,14,-1,13,1
2/11/2004 1:40,42,0,14,-1,13,1
2/11/2004 1:41,42,0,16,-1,13,1
2/11/2004 1:42,42,0,16,-1,13,1
2/11/2004 1:43,42,0,16,-1,13,1
2/11/2004 1:44,42,0,15,-1,13,1
2/11/2004 1:45,42,0,15,-1,12,1
2/11/2004 1:46,42,0,15,-1,13,1
2/11/2004 1:47,42,0,15,-1,12,1
2/11/2004 1:48,42,0,15,-1,13,1
2/11/2004 1:49,42,0,15,-1,12,1
2/11/2004 1:50,42,0,16,-1,12,1
2/11/2004 1:51,42,0,16,-1,12,1
2/11/2004 1:52,42,0,16,-1,12,1
2/11/2004 1:53,42,0,17,-1,12,1
2/11/2004 1:54,42,0,17,-1,13,1
2/11/2004 1:55,42,0,16,-1,13,1
2/11/2004 1:56,42,0,16,-1,13,1
2/11/2004 1:57,42,0,16,-1,13,1
2/11/2004 1:58,42,0,16,-1,13,1
2/11/2004 1:59,42,0,16,-1,13,1
2/11/2004 2:00,42,0,16,-1,13,1
2/11/2004 2:01,42,0,16,-1,13,1
2/11/2004 2:02,42,0,16,-1,13,1
2/11/2004 2:03,42,0,16,-1,12,1
2/11/2004 2:04,42,0,15,-1,11,1
2/11/2004 2:05,42,0,16,-1,11,1
2/11/2004 2:06,42,0,17,-2,11,1
2/11/2004 2:07,42,0,17,-2,11,1
2/11/2004 2:08,42,0,17,-2,10,1
2/11/2004 2:09,42,0,17,-2,9,1
2/11/2004 2:10,42,0,17,-2,9,1
2/11/2004 2:11,42,0,17,-2,8,1
2/11/2004 2:12,42,0,17,-2,8,1
2/11/2004 2:13,42,0,17,-2,7,1
2/11/2004 2:14,42,0,18,-2,7,1
2/11/2004 2:15,42,0,17,-2,7,1
2/11/2004 2:16,42,0,16,-2,6,1
2/11/2004 2:17,42,0,17,-2,6,1
2/11/2004 2:18,42,0,17,-2,4,1
2/11/2004 2:19,42,0,17,-2,2,1
2/11/2004 2:20,42,0,17,-3,1,1
2/11/2004 2:21,42,0,17,-3,0,1
2/11/2004 2:22,42,0,17,-2,-1,1
2/11/2004 2:23,42,0,16,-2,-2,1
2/11/2004 2:24,42,0,15,-3,-2,1
2/11/2004 2:25,42,0,14,-2,-3,1
2/11/2004 2:26,42,0,15,-2,-3,1
2/11/2004 2:27,42,0,14,-2,-2,1
2/11/2004 2:28,42,0,14,-2,-2,1
2/11/2004 2:29,42,0,13,-2,-2,1
2/11/2004 2:30,42,0,13,-2,-1,1
2/11/2004 2:31,42,0,12,-2,-1,1
2/11/2004 2:32,42,0,12,-2,-1,1
2/11/2004 2:33,42,0,11,-2,0,1
2/11/2004 2:34,42,0,11,-2,0,1
2/11/2004 2:35,42,0,11,-2,0,1
2/11/2004 2:36,42,0,11,-2,0,1
2/11/2004 2:37,42,0,11,-2,0,1
2/11/2004 2:38,42,0,11,-2,0,1
2/11/2004 2:39,42,0,11,-2,0,1
2/11/2004 2:40,42,0,11,-2,0,1
2/11/2004 2:41,42,0,10,-2,0,1
2/11/2004 2:42,42,0,10,-2,1,1
2/11/2004 2:43,42,0,10,-2,1,1
2/11/2004 2:44,42,0,10,-2,1,1
2/11/2004 2:45,42,0,9,-2,1,1
2/11/2004 2:46,42,0,9,-2,1,1
2/11/2004 2:47,42,0,9,-2,1,1
2/11/2004 2:48,42,0,10,-2,1,1
2/11/2004 2:49,42,0,10,-2,1,1
2/11/2004 2:50,42,0,10,-2,1,1
2/11/2004 2:51,42,0,10,-2,1,1
2/11/2004 2:52,42,0,11,-2,0,1
2/11/2004 2:53,42,0,10,-2,0,1
2/11/2004 2:54,42,0,10,-2,0,1
2/11/2004 2:55,42,0,10,-2,0,1
2/11/2004 2:56,42,0,10,-2,0,1
2/11/2004 2:57,42,0,10,-2,0,1
2/11/2004 2:58,42,0,9,-2,1,1
2/11/2004 2:59,42,0,9,-2,1,1
2/11/2004 3:00,42,0,9,-2,1,1
2/11/2004 3:01,42,0,10,-2,1,1
2/11/2004 3:02,42,0,10,-2,1,1
2/11/2004 3:03,42,0,10,-2,1,1
2/11/2004 3:04,42,0,10,-2,1,1
2/11/2004 3:05,42,0,10,-2,1,1
2/11/2004 3:06,42,0,10,-2,1,1
2/11/2004 3:07,42,0,11,-2,1,1
2/11/2004 3:08,42,0,12,-2,1,1
2/11/2004 3:09,42,0,11,-2,0,1
2/11/2004 3:10,42,0,11,-2,0,1
2/11/2004 3:11,42,0,12,-2,-1,1
2/11/2004 3:12,42,0,12,-2,-2,1
2/11/2004 3:13,42,0,11,-2,-2,1
2/11/2004 3:14,42,0,11,-2,-2,1
2/11/2004 3:15,42,0,11,-2,-3,1
2/11/2004 3:16,42,0,11,-2,-4,1
2/11/2004 3:17,42,0,10,-2,-4,1
2/11/2004 3:18,42,0,10,-2,-4,1
2/11/2004 3:19,42,0,9,-2,-4,1
2/11/2004 3:20,42,0,10,-2,-4,1
2/11/2004 3:21,42,0,11,-2,-5,1
2/11/2004 3:22,42,0,10,-2,-4,1
2/11/2004 3:23,42,0,10,-1,-4,1
2/11/2004 3:24,42,0,10,-1,-4,1
2/11/2004 3:25,42,0,9,-2,-4,1
2/11/2004 3:26,42,0,9,-2,-4,1
2/11/2004 3:27,42,0,10,-2,-4,1
2/11/2004 3:28,42,0,10,-2,-3,1
2/11/2004 3:29,42,0,10,-2,-3,1
2/11/2004 3:30,42,0,9,-2,-3,1
2/11/2004 3:31,42,0,10,-1,-3,1
2/11/2004 3:32,42,0,10,-2,-3,1
2/11/2004 3:33,42,0,10,-2,-3,1
2/11/2004 3:34,42,0,10,-2,-3,1
2/11/2004 3:35,42,0,10,-1,-3,1
2/11/2004 3:36,42,0,11,-2,-3,1
2/11/2004 3:37,42,0,10,-1,-3,1
2/11/2004 3:38,42,0,10,-1,-3,1
2/11/2004 3:39,42,0,9,-1,-3,1
2/11/2004 3:40,42,0,9,-1,-3,1
2/11/2004 3:41,42,0,9,-1,-3,1
2/11/2004 3:42,42,0,8,-1,-3,1
2/11/2004 3:43,42,0,8,-1,-3,1
2/11/2004 3:44,42,0,8,-1,-3,1
2/11/2004 3:45,42,0,8,-1,-3,1
2/11/2004 3:46,42,0,8,-1,-3,1
2/11/2004 3:47,42,0,9,0,-3,1
2/11/2004 3:48,42,0,9,0,-3,1
2/11/2004 3:49,42,0,9,0,-3,1
2/11/2004 3:50,42,0,7,0,-3,1
2/11/2004 3:51,42,0,8,0,-3,1
2/11/2004 3:52,42,0,9,0,-3,1
2/11/2004 3:53,42,0,8,0,-3,1
2/11/2004 3:54,42,0,8,-1,-3,1
2/11/2004 3:55,42,0,8,0,-3,1
2/11/2004 3:56,42,0,8,-1,-3,1
2/11/2004 3:57,42,0,7,0,-3,1
2/11/2004 3:58,42,0,6,0,-3,1
2/11/2004 3:59,42,0,6,0,-3,1
2/11/2004 4:00,42,0,6,0,-3,1
2/11/2004 4:01,42,0,5,0,-2,1
2/11/2004 4:02,42,0,7,0,-2,1
2/11/2004 4:03,42,0,7,0,-2,1
2/11/2004 4:04,42,0,6,0,-2,1
2/11/2004 4:05,42,0,6,0,-2,1
2/11/2004 4:06,42,0,6,0,-2,1
2/11/2004 4:07,42,0,6,0,-2,1
2/11/2004 4:08,42,0,6,0,-2,1
2/11/2004 4:09,42,0,7,0,-2,1
2/11/2004 4:10,42,0,7,0,-2,1
2/11/2004 4:11,42,0,7,0,-2,1
2/11/2004 4:12,42,0,7,0,-2,1
2/11/2004 4:13,42,0,6,0,-2,1
2/11/2004 4:14,42,0,7,0,-2,1
2/11/2004 4:15,42,0,7,0,-2,1
2/11/2004 4:16,42,0,6,0,-2,1
2/11/2004 4:17,42,0,7,0,-3,1
2/11/2004 4:18,42,0,7,0,-2,1
2/11/2004 4:19,42,0,6,0,-2,1
2/11/2004 4:20,42,0,7,0,-3,1
2/11/2004 4:21,42,0,6,0,-2,1
2/11/2004 4:22,42,0,8,0,-3,1
2/11/2004 4:23,42,0,8,0,-3,1
2/11/2004 4:24,42,0,8,0,-3,1
2/11/2004 4:25,42,0,8,0,-3,1
2/11/2004 4:26,42,0,9,0,-3,1
2/11/2004 4:27,42,0,8,0,-3,1
2/11/2004 4:28,42,0,8,0,-3,1
2/11/2004 4:29,42,0,8,0,-3,1
2/11/2004 4:30,42,0,7,0,-3,1
2/11/2004 4:31,42,0,7,0,-3,1
2/11/2004 4:32,42,0,6,1,-3,1
2/11/2004 4:33,42,0,7,1,-3,1
2/11/2004 4:34,42,0,7,1,-3,1
2/11/2004 4:35,42,0,8,1,-3,1
2/11/2004 4:36,42,0,7,1,-3,1
2/11/2004 4:37,42,0,6,1,-3,1
2/11/2004 4:38,42,0,5,1,-3,1
2/11/2004 4:39,42,0,5,1,-3,1
2/11/2004 4:40,42,0,5,1,-2,1
2/11/2004 4:41,42,0,5,1,-3,1
2/11/2004 4:42,42,0,5,1,-3,1
2/11/2004 4:43,42,0,5,1,-3,1
2/11/2004 4:44,42,0,5,1,-3,1
2/11/2004 4:45,42,0,6,1,-3,1
2/11/2004 4:46,42,0,7,1,-3,1
2/11/2004 4:47,42,0,7,1,-3,1
2/11/2004 4:48,42,0,5,1,-3,1
2/11/2004 4:49,42,0,6,1,-3,1
2/11/2004 4:50,42,0,5,1,-3,1
2/11/2004 4:51,42,0,5,1,-3,1
2/11/2004 4:52,42,0,4,1,-3,1
2/11/2004 4:53,42,0,5,1,-3,1
2/11/2004 4:54,42,0,5,1,-3,1
2/11/2004 4:55,42,0,6,1,-3,1
2/11/2004 4:56,42,0,7,1,-4,1
2/11/2004 4:57,42,0,8,1,-4,1
2/11/2004 4:58,42,0,8,1,-4,1
2/11/2004 4:59,42,0,7,1,-3,1
2/11/2004 5:00,42,0,7,1,-4,1
2/11/2004 5:01,42,0,7,2,-4,1
2/11/2004 5:02,42,0,7,2,-3,1
2/11/2004 5:03,42,0,6,1,-3,1
2/11/2004 5:04,42,0,6,2,-3,1
2/11/2004 5:05,42,0,7,2,-3,1
2/11/2004 5:06,42,0,7,2,-3,1
2/11/2004 5:07,42,0,7,1,-3,1
2/11/2004 5:08,42,0,8,2,-3,1
2/11/2004 5:09,42,0,8,1,-3,1
2/11/2004 5:10,42,0,7,1,-3,1
2/11/2004 5:11,42,0,8,1,-3,1
2/11/2004 5:12,42,0,9,2,-3,1
2/11/2004 5:13,42,0,8,2,-2,1
2/11/2004 5:14,42,0,8,2,-2,1
2/11/2004 5:15,42,0,6,1,-2,1
2/11/2004 5:16,42,0,7,1,-2,1
2/11/2004 5:17,42,0,6,2,-2,1
2/11/2004 5:18,42,0,6,2,-2,1
2/11/2004 5:19,42,0,6,2,-1,1
2/11/2004 5:20,42,0,7,2,-2,1
2/11/2004 5:21,42,0,6,2,-1,1
2/11/2004 5:22,42,0,6,2,-2,1
2/11/2004 5:23,42,0,7,2,-2,1
2/11/2004 5:24,42,0,7,2,-2,1
2/11/2004 5:25,42,0,7,2,-1,1
2/11/2004 5:26,42,0,8,2,-2,1
2/11/2004 5:27,42,0,7,2,-1,1
2/11/2004 5:28,42,0,7,2,-1,1
2/11/2004 5:29,42,0,7,2,-1,1
2/11/2004 5:30,42,0,6,1,-1,1
2/11/2004 5:31,42,0,7,1,-2,1
2/11/2004 5:32,42,0,8,1,-1,1
2/11/2004 5:33,42,0,8,1,-1,1
2/11/2004 5:34,42,0,8,1,-1,1
2/11/2004 5:35,42,0,8,1,-1,1
2/11/2004 5:36,42,0,8,1,0,1
2/11/2004 5:37,42,0,10,1,-1,1
2/11/2004 5:38,42,0,9,1,-1,1
2/11/2004 5:39,42,0,9,2,0,1
2/11/2004 5:40,42,0,8,2,0,1
2/11/2004 5:41,42,0,9,2,0,1
2/11/2004 5:42,42,0,7,2,1,1
2/11/2004 5:43,42,0,8,2,1,1
2/11/2004 5:44,42,0,8,1,2,1
2/11/2004 5:45,42,0,7,1,2,1
2/11/2004 5:46,42,0,8,1,2,1
2/11/2004 5:47,42,0,9,2,3,1
2/11/2004 5:48,42,0,8,2,3,1
2/11/2004 5:49,42,0,8,2,3,1
2/11/2004 5:50,42,0,8,1,3,1
2/11/2004 5:51,42,0,9,2,4,1
2/11/2004 5:52,42,0,8,1,4,1
2/11/2004 5:53,42,0,9,1,5,1
2/11/2004 5:54,42,0,9,1,5,1
2/11/2004 5:55,42,0,9,1,5,1
2/11/2004 5:56,42,0,10,1,5,1
2/11/2004 5:57,42,0,11,1,5,1
2/11/2004 5:58,42,0,9,1,5,1
2/11/2004 5:59,42,0,10,1,4,1
2/11/2004 6:00,42,0,10,1,4,1
2/11/2004 6:01,42,0,10,1,4,1
2/11/2004 6:02,42,0,11,1,3,1
2/11/2004 6:03,42,0,12,1,3,1
2/11/2004 6:04,42,0,12,1,3,1
2/11/2004 6:05,42,0,12,1,2,1
2/11/2004 6:06,42,0,12,1,2,1
2/11/2004 6:07,42,0,12,1,2,1
2/11/2004 6:08,42,0,12,1,3,1
2/11/2004 6:09,42,0,12,1,3,1
2/11/2004 6:10,42,0,12,1,2,1
2/11/2004 6:11,42,0,12,1,3,1
2/11/2004 6:12,42,0,12,1,3,1
2/11/2004 6:13,42,0,12,1,2,1
2/11/2004 6:14,42,0,12,1,2,1
2/11/2004 6:15,42,0,12,1,2,1
2/11/2004 6:16,42,0,12,1,3,1
2/11/2004 6:17,42,0,11,1,2,1
2/11/2004 6:18,42,0,11,1,2,1
2/11/2004 6:19,42,0,11,1,2,1
2/11/2004 6:20,42,0,11,1,2,1
2/11/2004 6:21,42,0,10,1,2,1
2/11/2004 6:22,42,0,10,1,2,1
2/11/2004 6:23,42,0,10,1,2,1
2/11/2004 6:24,42,0,10,1,2,1
2/11/2004 6:25,42,0,10,1,2,1
2/11/2004 6:26,42,0,9,1,2,1
2/11/2004 6:27,42,0,9,1,2,1
2/11/2004 6:28,42,0,9,1,2,1
2/11/2004 6:29,42,0,9,1,2,1
2/11/2004 6:30,42,0,9,1,2,1
2/11/2004 6:31,42,0,9,0,2,1
2/11/2004 6:32,42,0,9,0,2,1
2/11/2004 6:33,42,0,9,0,2,1
2/11/2004 6:34,42,0,9,0,2,1
2/11/2004 6:35,42,0,10,1,1,1
2/11/2004 6:36,42,0,10,1,1,1
2/11/2004 6:37,42,0,11,1,1,1
2/11/2004 6:38,42,0,11,1,0,1
2/11/2004 6:39,42,0,12,0,0,1
2/11/2004 6:40,42,0,11,0,0,1
2/11/2004 6:41,42,0,12,0,0,1
2/11/2004 6:42,42,0,11,0,0,1
2/11/2004 6:43,42,0,12,0,0,1
2/11/2004 6:44,42,0,13,0,-1,1
2/11/2004 6:45,42,0,13,0,-1,1
2/11/2004 6:46,42,0,13,0,-1,1
2/11/2004 6:47,42,0,13,0,-1,1
2/11/2004 6:48,42,0,12,0,-1,1
2/11/2004 6:49,42,0,11,0,-1,1
2/11/2004 6:50,42,0,10,0,-1,1
2/11/2004 6:51,42,0,11,0,-1,1
2/11/2004 6:52,42,0,10,0,0,1
2/11/2004 6:53,42,0,11,0,-1,1
2/11/2004 6:54,42,0,10,0,0,1
2/11/2004 6:55,42,0,11,0,0,1
2/11/2004 6:56,42,0,13,0,0,1
2/11/2004 6:57,42,0,12,0,0,1
2/11/2004 6:58,42,0,13,0,0,1
2/11/2004 6:59,42,0,12,0,0,1
2/11/2004 7:00,42,0,12,0,0,1
2/11/2004 7:01,42,0,10,0,1,1
2/11/2004 7:02,42,0,10,0,1,1
2/11/2004 7:03,42,0,12,0,1,1
2/11/2004 7:04,42,0,11,0,1,1
2/11/2004 7:05,42,0,12,0,1,1
2/11/2004 7:06,42,0,10,0,1,1
2/11/2004 7:07,42,0,11,-1,1,1
2/11/2004 7:08,42,0,11,-1,1,1
2/11/2004 7:09,42,0,11,-1,1,1
2/11/2004 7:10,42,0,10,-1,1,1
2/11/2004 7:11,42,0,9,-1,1,1
2/11/2004 7:12,42,0,10,-1,1,1
2/11/2004 7:13,42,0,9,-1,1,1
2/11/2004 7:14,42,0,10,-1,1,1
2/11/2004 7:15,42,0,10,-1,0,1
2/11/2004 7:16,42,0,11,-1,0,1
2/11/2004 7:17,42,0,12,-1,0,1
2/11/2004 7:18,42,0,13,-1,0,1
2/11/2004 7:19,42,0,14,-1,0,1
2/11/2004 7:20,42,0,13,-1,0,1
2/11/2004 7:21,42,0,14,-1,0,1
2/11/2004 7:22,42,0,14,-1,0,1
2/11/2004 7:23,42,0,13,-1,0,1
2/11/2004 7:24,42,0,12,-1,0,1
2/11/2004 7:25,42,0,13,-1,0,1
2/11/2004 7:26,42,0,13,-1,0,1
2/11/2004 7:27,42,0,14,-1,0,1
2/11/2004 7:28,42,0,14,-1,0,1
2/11/2004 7:29,42,0,14,-1,0,1
2/11/2004 7:30,42,0,13,-1,0,1
2/11/2004 7:31,42,0,14,-1,0,1
2/11/2004 7:32,42,0,14,-1,0,1
2/11/2004 7:33,42,0,12,-1,1,1
2/11/2004 7:34,42,0,12,-1,1,1
2/11/2004 7:35,42,0,12,-1,1,1
2/11/2004 7:36,42,0,13,-1,0,1
2/11/2004 7:37,42,0,14,-1,1,1
2/11/2004 7:38,42,0,12,-1,1,1
2/11/2004 7:39,42,0,13,-1,1,1
2/11/2004 7:40,42,0,12,-1,1,1
2/11/2004 7:41,42,0,13,-1,1,1
2/11/2004 7:42,42,0,13,-1,1,1
2/11/2004 7:43,42,0,13,-1,1,1
2/11/2004 7:44,42,0,13,-1,1,1
2/11/2004 7:45,42,0,14,-1,1,1
2/11/2004 7:46,42,0,14,-2,1,1
2/11/2004 7:47,42,0,14,-2,1,1
2/11/2004 7:48,42,0,15,-2,0,1
2/11/2004 7:49,42,0,16,-2,-1,1
2/11/2004 7:50,42,0,16,-2,-1,1
2/11/2004 7:51,42,0,16,-1,-1,1
2/11/2004 7:52,42,0,16,-2,-1,1
2/11/2004 7:53,42,0,16,-1,-1,1
2/11/2004 7:54,42,0,17,-1,-1,1
2/11/2004 7:55,42,0,17,-2,-1,1
2/11/2004 7:56,42,0,17,-2,-1,1
2/11/2004 7:57,42,0,16,-1,-1,1
2/11/2004 7:58,42,0,16,-2,-1,1
2/11/2004 7:59,42,0,15,-2,0,1
2/11/2004 8:00,42,0,15,-1,0,1
2/11/2004 8:01,42,0,15,-1,0,1
2/11/2004 8:02,42,0,15,-1,0,1
2/11/2004 8:03,42,0,16,-1,0,1
2/11/2004 8:04,42,0,17,-1,0,1
2/11/2004 8:05,42,0,17,-2,0,1
2/11/2004 8:06,42,0,18,-2,0,1
2/11/2004 8:07,42,0,17,-1,0,1
2/11/2004 8:08,42,0,17,-2,-1,1
2/11/2004 8:09,42,0,17,-1,-1,1
2/11/2004 8:10,42,0,16,-1,0,1
2/11/2004 8:11,42,0,17,-1,0,1
2/11/2004 8:12,42,0,16,-1,1,1
2/11/2004 8:13,42,0,16,-1,1,1
2/11/2004 8:14,42,0,16,-1,1,1
2/11/2004 8:15,42,0,16,-1,1,1
2/11/2004 8:16,42,0,16,-1,1,1
2/11/2004 8:17,42,0,18,-2,1,1
2/11/2004 8:18,42,0,17,-2,0,1
2/11/2004 8:19,42,0,18,-2,0,1
2/11/2004 8:20,42,0,18,-2,0,1
2/11/2004 8:21,42,0,20,-2,0,1
2/11/2004 8:22,42,0,19,-2,0,1
2/11/2004 8:23,42,0,19,-2,0,1
2/11/2004 8:24,42,0,20,-2,0,1
2/11/2004 8:25,42,0,20,-2,0,1
2/11/2004 8:26,42,0,19,-2,-1,1
2/11/2004 8:27,42,0,19,-2,-1,1
2/11/2004 8:28,42,0,19,-2,-1,1
2/11/2004 8:29,42,0,19,-2,-1,1
2/11/2004 8:30,42,0,20,-2,-1,1
2/11/2004 8:31,42,0,20,-2,-1,1
2/11/2004 8:32,42,0,20,-2,-1,1
2/11/2004 8:33,42,0,20,-2,-1,1
2/11/2004 8:34,42,0,20,-2,-1,1
2/11/2004 8:35,42,0,20,-2,-1,1
2/11/2004 8:36,42,0,21,-2,-1,1
2/11/2004 8:37,42,0,21,-2,-1,1
2/11/2004 8:38,42,0,20,-2,-1,1
2/11/2004 8:39,42,0,20,-2,-1,1
2/11/2004 8:40,42,0,20,-2,-1,1
2/11/2004 8:41,42,0,20,-2,-2,1
2/11/2004 8:42,42,0,22,-2,-1,1
2/11/2004 8:43,42,0,22,-2,-1,1
2/11/2004 8:44,42,0,22,-2,-1,1
2/11/2004 8:45,42,0,21,-2,-1,1
2/11/2004 8:46,42,0,21,-2,-1,1
2/11/2004 8:47,42,0,21,-2,-2,1
2/11/2004 8:48,42,0,21,-2,-2,1
2/11/2004 8:49,42,0,22,-2,-2,1
2/11/2004 8:50,42,0,22,-2,-2,1
2/11/2004 8:51,42,0,22,-2,-2,1
2/11/2004 8:52,42,0,22,-2,-2,1
2/11/2004 8:53,42,0,22,-2,-2,1
2/11/2004 8:54,42,0,22,-2,-2,1
2/11/2004 8:55,42,0,22,-2,-2,1
2/11/2004 8:56,42,0,23,-2,-2,1
2/11/2004 8:57,42,0,23,-2,-2,1
2/11/2004 8:58,42,0,22,-2,-2,1
2/11/2004 8:59,42,0,22,-2,-2,1
2/11/2004 9:00,42,0,22,-2,-2,1
2/11/2004 9:01,42,0,22,-2,-2,1
2/11/2004 9:02,42,0,22,-2,-1,1
2/11/2004 9:03,42,0,22,-2,-1,1
2/11/2004 9:04,42,0,22,-2,-1,1
2/11/2004 9:05,42,0,22,-2,-1,1
2/11/2004 9:06,42,0,22,-2,-1,1
2/11/2004 9:07,42,0,22,-2,-1,1
2/11/2004 9:08,42,0,22,-2,-1,1
2/11/2004 9:09,42,0,22,-2,0,1
2/11/2004 9:10,42,0,23,-2,0,1
2/11/2004 9:11,42,0,22,-2,0,1
2/11/2004 9:12,42,0,23,-2,0,1
2/11/2004 9:13,42,0,22,-2,0,1
2/11/2004 9:14,42,0,21,-2,0,1
2/11/2004 9:15,42,0,21,-2,0,1
2/11/2004 9:16,42,0,21,-2,0,1
2/11/2004 9:17,42,0,21,-2,0,1
2/11/2004 9:18,42,0,22,-2,1,1
2/11/2004 9:19,42,0,22,-2,1,1
2/11/2004 9:20,42,0,22,-2,0,1
2/11/2004 9:21,42,0,22,-3,0,1
2/11/2004 9:22,42,0,21,-2,1,1
2/11/2004 9:23,42,0,21,-2,1,1
2/11/2004 9:24,42,0,21,-2,1,1
2/11/2004 9:25,42,0,20,-2,1,1
2/11/2004 9:26,42,0,22,-2,1,1
2/11/2004 9:27,42,0,22,-2,1,1
2/11/2004 9:28,42,0,21,-2,1,1
2/11/2004 9:29,42,0,22,-2,1,1
2/11/2004 9:30,42,0,23,-2,1,1
2/11/2004 9:31,42,0,23,-2,1,1
2/11/2004 9:32,42,0,24,-2,1,1
2/11/2004 9:33,42,0,24,-2,1,1
2/11/2004 9:34,42,0,24,-2,1,1
2/11/2004 9:35,42,0,24,-2,1,1
2/11/2004 9:36,42,0,24,-2,1,1
2/11/2004 9:37,42,0,23,-2,1,1
2/11/2004 9:38,42,0,23,-2,1,1
2/11/2004 9:39,42,0,23,-2,2,1
2/11/2004 9:40,42,0,23,-2,2,1
2/11/2004 9:41,42,0,23,-2,1,1
2/11/2004 9:42,42,0,23,-2,2,1
2/11/2004 9:43,42,0,23,-2,1,1
2/11/2004 9:44,42,0,23,-2,2,1
2/11/2004 9:45,42,0,25,-2,1,1
2/11/2004 9:46,42,0,25,-2,1,1
2/11/2004 9:47,42,0,25,-1,1,1
2/11/2004 9:48,42,0,25,-1,1,1
2/11/2004 9:49,42,0,25,-2,2,1
2/11/2004 9:50,42,0,26,-2,2,1
2/11/2004 9:51,42,0,25,-1,2,1
2/11/2004 9:52,42,0,25,-1,2,1
2/11/2004 9:53,42,0,25,-1,2,1
2/11/2004 9:54,42,0,26,-1,2,1
2/11/2004 9:55,42,0,27,-1,2,1
2/11/2004 9:56,42,0,26,-1,3,1
2/11/2004 9:57,42,0,26,-1,3,1
2/11/2004 9:58,42,0,26,-1,3,1
2/11/2004 9:59,42,0,26,-2,3,1
2/11/2004 10:00,42,0,26,-2,3,1
2/11/2004 10:01,42,0,27,-2,2,1
2/11/2004 10:02,42,0,27,-1,2,1
2/11/2004 10:03,42,0,26,-1,2,1
2/11/2004 10:04,42,0,26,-1,3,1
2/11/2004 10:05,42,0,26,-1,3,1
2/11/2004 10:06,42,0,27,-1,3,1
2/11/2004 10:07,42,0,26,-1,2,1
2/11/2004 10:08,42,0,27,-1,2,1
2/11/2004 10:09,42,0,28,-1,3,1
2/11/2004 10:10,42,0,29,-1,4,1
2/11/2004 10:11,42,0,30,-1,4,1
2/11/2004 10:12,42,0,31,-1,4,1
2/11/2004 10:13,42,0,30,-1,5,1
2/11/2004 10:14,42,0,31,-1,6,1
2/11/2004 10:15,42,0,32,-1,5,1
2/11/2004 10:16,42,0,32,-1,6,1
2/11/2004 10:17,42,0,34,-1,5,1
2/11/2004 10:18,42,0,33,-2,5,1
2/11/2004 10:19,42,0,31,-2,5,1
2/11/2004 10:20,42,0,31,-2,5,1
2/11/2004 10:21,42,0,32,-2,5,1
2/11/2004 10:22,42,0,31,-2,5,1
2/11/2004 10:23,42,0,31,-2,5,1
2/11/2004 10:24,42,0,31,-2,5,1
2/11/2004 10:25,42,0,30,-3,5,1
2/11/2004 10:26,42,0,29,-3,5,1
2/11/2004 10:27,42,0,29,-3,5,1
2/11/2004 10:28,42,0,29,-3,5,1
2/11/2004 10:29,42,0,28,-3,4,1
2/11/2004 10:30,42,0,28,-3,4,1
2/11/2004 10:31,42,0,28,-3,3,1
2/11/2004 10:32,42,0,28,-4,3,1
2/11/2004 10:33,42,0,28,-4,2,1
2/11/2004 10:34,42,0,29,-4,2,1
2/11/2004 10:35,42,0,28,-4,2,1
2/11/2004 10:36,42,0,29,-4,2,1
2/11/2004 10:37,42,0,30,-5,3,1
2/11/2004 10:38,42,0,31,-4,2,1
2/11/2004 10:39,42,0,31,-4,2,1
2/11/2004 10:40,42,0,32,-5,1,1
2/11/2004 10:41,42,0,31,-4,1,1
2/11/2004 10:42,42,0,32,-4,1,1
2/11/2004 10:43,42,0,33,-4,0,1
2/11/2004 10:44,42,0,33,-4,0,1
2/11/2004 10:45,42,0,34,-4,-1,1
2/11/2004 10:46,42,0,34,-4,0,1
2/11/2004 10:47,42,0,36,-4,0,1
2/11/2004 10:48,42,0,38,-4,-1,1
2/11/2004 10:49,42,0,39,-3,0,1
2/11/2004 10:50,42,0,40,-3,0,1
2/11/2004 10:51,42,0,41,-3,-1,1
2/11/2004 10:52,42,0,43,-3,-1,1
2/11/2004 10:53,42,0,43,-2,-1,1
2/11/2004 10:54,42,0,43,-2,-1,1
2/11/2004 10:55,42,0,43,-2,-1,1
2/11/2004 10:56,42,0,43,-2,-1,1
2/11/2004 10:57,42,0,42,-1,-2,1
2/11/2004 10:58,42,0,41,-1,-2,1
2/11/2004 10:59,42,0,40,-1,-2,1
2/11/2004 11:00,42,0,40,-1,-2,1
2/11/2004 11:01,42,0,40,-1,-2,1
2/11/2004 11:02,42,0,39,-1,-2,1
2/11/2004 11:03,42,0,38,-1,-2,1
2/11/2004 11:04,42,0,37,-1,-2,1
2/11/2004 11:05,42,0,37,-1,-2,1
2/11/2004 11:06,42,0,35,-1,-2,1
2/11/2004 11:07,42,0,35,-1,-2,1
2/11/2004 11:08,42,0,34,-1,-3,1
2/11/2004 11:09,42,0,34,-1,-2,1
2/11/2004 11:10,42,0,34,-1,-3,1
2/11/2004 11:11,42,0,34,-1,-3,1
2/11/2004 11:12,42,0,32,-1,-4,1
2/11/2004 11:13,42,0,32,-1,-4,1
2/11/2004 11:14,42,0,31,0,-4,1
2/11/2004 11:15,42,0,31,0,-4,1
2/11/2004 11:16,42,0,30,0,-4,1
2/11/2004 11:17,42,0,30,0,-3,1
2/11/2004 11:18,42,0,30,0,-3,1
2/11/2004 11:19,42,0,31,0,-1,1
2/11/2004 11:20,42,0,29,0,0,1
2/11/2004 11:21,42,0,29,0,0,1
2/11/2004 11:22,42,0,29,0,1,1
2/11/2004 11:23,42,0,31,0,1,1
2/11/2004 11:24,42,0,32,0,0,1
2/11/2004 11:25,42,0,33,1,-1,1
2/11/2004 11:26,42,0,33,0,-2,1
2/11/2004 11:27,42,0.300386999,34,1,-3,1
2/11/2004 11:28,42,0.271545954,34,1,-4,1
2/11/2004 11:29,42,0.242704909,35,0,-4,1
2/11/2004 11:30,42,0.213863864,34,1,-5,1
2/11/2004 11:31,42,0.18502282,35,0,-5,1
2/11/2004 11:32,42,0.156181775,36,1,-6,1
2/11/2004 11:33,42,0.175131674,36,0,-6,1
2/11/2004 11:34,42,0.194081573,36,0,-6,1
2/11/2004 11:35,42,0.213031472,35,0,-7,1
2/11/2004 11:36,42,0.231981371,35,0,-7,1
2/11/2004 11:37,42,0.25093127,35,0,-7,1
2/11/2004 11:38,42,0.234133615,35,0,-6,1
2/11/2004 11:39,42,0.21733596,35,0,-6,1
2/11/2004 11:40,42,0.200538304,36,-1,-6,1
2/11/2004 11:41,42,0.183740649,35,0,-7,1
2/11/2004 11:42,42,0.166942993,36,0,-8,1
2/11/2004 11:43,42,0.192749124,38,0,-8,1
2/11/2004 11:44,42,0.218555254,39,0,-9,1
2/11/2004 11:45,42,0.244361384,39,0,-10,1
2/11/2004 11:46,42,0.270167515,39,0,-11,1
2/11/2004 11:47,42,0.295973645,40,0,-11,1
2/11/2004 11:48,42,0.297687974,40,0,-12,1
2/11/2004 11:49,42,0.299402303,40,0,-13,1
2/11/2004 11:50,42,0.301116632,40,0,-13,1
2/11/2004 11:51,42,0.302830961,40,0,-14,1
2/11/2004 11:52,42,0.30454529,41,0,-15,1
2/11/2004 11:53,42,0.309425445,40,0,-16,1
2/11/2004 11:54,42,0.3143056,42,0,-15,1
2/11/2004 11:55,42,0.319185756,40,0,-15,1
2/11/2004 11:56,42,0.324065911,39,0,-16,1
2/11/2004 11:57,42,0.328946066,40,0,-17,1
2/11/2004 11:58,42,0.311490953,40,0,-17,1
2/11/2004 11:59,42,0.294035839,40,0,-18,1
2/11/2004 12:00,42,0.276580725,40,0,-18,1
2/11/2004 12:01,42,0.259125611,39,0,-19,1
2/11/2004 12:02,42,0.241670497,39,-1,-20,1
2/11/2004 12:03,42,0.256118768,39,-1,-21,1
2/11/2004 12:04,42,0.270567038,39,-1,-22,1
2/11/2004 12:05,42,0.285015308,38,-1,-22,1
2/11/2004 12:06,42,0.299463578,38,-1,-23,1
2/11/2004 12:07,42,0.313911849,37,-1,-24,1
2/11/2004 12:08,42,0.300437166,39,-1,-24,1
2/11/2004 12:09,42,0.286962483,39,-1,-25,1
2/11/2004 12:10,42,0.273487801,38,-1,-25,1
2/11/2004 12:11,42,0.260013118,39,-1,-25,1
2/11/2004 12:12,42,0.246538436,39,-1,-26,1
2/11/2004 12:13,42,0.226321248,43,-2,-26,1
2/11/2004 12:14,42,0.206104061,44,-2,-26,1
2/11/2004 12:15,42,0.185886873,45,-3,-26,1
2/11/2004 12:16,42,0.165669685,44,-3,-26,1
2/11/2004 12:17,42,0.145452498,47,-4,-26,1
2/11/2004 12:18,42,0.124091229,49,-4,-26,1
2/11/2004 12:19,42,0.102729959,49,-4,-25,1
2/11/2004 12:20,42,0.08136869,51,-5,-25,1
2/11/2004 12:21,42,0.060007421,51,-5,-25,1
2/11/2004 12:22,42,0.038646152,52,-6,-25,1
2/11/2004 12:23,42,0.01818373,52,-6,-25,1
2/11/2004 12:24,42,-0.002278692,52,-6,-25,1
2/11/2004 12:25,42,-0.022741114,51,-6,-24,1
2/11/2004 12:26,42,-0.043203535,51,-7,-25,1
2/11/2004 12:27,42,-0.063665957,50,-7,-25,1
2/11/2004 12:28,42,-0.070587627,51,-7,-24,1
2/11/2004 12:29,42,-0.077509298,50,-7,-24,1
2/11/2004 12:30,42,-0.084430968,49,-7,-24,1
2/11/2004 12:31,42,-0.091352639,51,-7,-23,1
2/11/2004 12:32,42,-0.098274309,52,-6,-23,1
2/11/2004 12:33,42,-0.085949709,52,-6,-21,1
2/11/2004 12:34,42,-0.073625109,54,-6,-20,1
2/11/2004 12:35,42,-0.061300508,55,-6,-19,1
2/11/2004 12:36,42,-0.048975908,56,-6,-19,1
2/11/2004 12:37,42,-0.036651307,59,-5,-18,1
2/11/2004 12:38,42,-0.033185904,60,-4,-17,1
2/11/2004 12:39,42,-0.029720502,63,-4,-17,1
2/11/2004 12:40,42,-0.026255099,64,-4,-17,1
2/11/2004 12:41,42,-0.022789696,65,-4,-17,1
2/11/2004 12:42,42,-0.019324293,67,-3,-18,1
2/11/2004 12:43,42,-0.023933664,67,-3,-18,1
2/11/2004 12:44,42,-0.028543035,69,-3,-19,1
2/11/2004 12:45,42,-0.033152406,71,-2,-20,1
2/11/2004 12:46,42,-0.037761777,74,-2,-20,1
2/11/2004 12:47,42,-0.042371148,77,-1,-21,1
2/11/2004 12:48,42,-0.023542047,77,-1,-21,1
2/11/2004 12:49,42,-0.004712946,78,0,-22,1
2/11/2004 12:50,42,0.014116155,79,0,-22,1
2/11/2004 12:51,42,0.032945256,80,1,-23,1
2/11/2004 12:52,42,0.051774357,83,1,-24,1
2/11/2004 12:53,42,0.071041369,85,1,-24,1
2/11/2004 12:54,42,0.090308382,85,1,-25,1
2/11/2004 12:55,42,0.109575394,86,2,-24,1
2/11/2004 12:56,42,0.128842406,86,2,-25,1
2/11/2004 12:57,42,0.148109418,89,2,-25,1
2/11/2004 12:58,42,0.169643719,91,3,-25,1
2/11/2004 12:59,42,0.19117802,90,3,-26,1
2/11/2004 13:00,42,0.21271232,90,3,-25,1
2/11/2004 13:01,42,0.234246621,90,3,-26,1
2/11/2004 13:02,42,0.255780922,90,3,-26,1
2/11/2004 13:03,42,0.261612698,92,3,-26,1
2/11/2004 13:04,42,0.267444474,93,4,-26,1
2/11/2004 13:05,42,0.27327625,96,4,-27,1
2/11/2004 13:06,42,0.279108026,94,4,-27,1
2/11/2004 13:07,42,0.284939802,93,4,-27,1
2/11/2004 13:08,42,0.297111096,92,4,-27,1
2/11/2004 13:09,42,0.309282391,91,4,-28,1
2/11/2004 13:10,42,0.321453685,94,4,-28,1
2/11/2004 13:11,42,0.33362498,92,4,-28,1
2/11/2004 13:12,42,0.345796274,93,4,-29,1
2/11/2004 13:13,42,0.349557083,93,5,-29,1
2/11/2004 13:14,42,0.353317891,92,5,-30,1
2/11/2004 13:15,42,0.357078699,92,5,-30,1
2/11/2004 13:16,42,0.360839508,91,5,-30,1
2/11/2004 13:17,42,0.364600316,90,5,-30,1
2/11/2004 13:18,42,0.375695825,88,5,-30,1
2/11/2004 13:19,42,0.386791334,86,5,-30,1
2/11/2004 13:20,42,0.397886843,85,5,-30,1
2/11/2004 13:21,42,0.408982351,83,5,-30,1
2/11/2004 13:22,42,0.42007786,81,5,-29,1
2/11/2004 13:23,42,0.386839806,80,5,-30,1
2/11/2004 13:24,42,0.353601751,81,5,-29,1
2/11/2004 13:25,42,0.320363696,80,5,-29,1
2/11/2004 13:26,42,0.287125641,77,5,-28,1
2/11/2004 13:27,42,0.253887587,75,5,-28,1
2/11/2004 13:28,42,0.266831617,75,5,-28,1
2/11/2004 13:29,42,0.279775647,72,4,-28,1
2/11/2004 13:30,42,0.292719677,73,4,-29,1
2/11/2004 13:31,42,0.305663707,74,4,-29,1
2/11/2004 13:32,42,0.318607737,73,4,-29,1
2/11/2004 13:33,42,0.325929075,73,5,-30,1
2/11/2004 13:34,42,0.333250413,73,4,-30,1
2/11/2004 13:35,42,0.34057175,71,4,-29,1
2/11/2004 13:36,42,0.347893088,72,4,-29,1
2/11/2004 13:37,42,0.355214426,72,5,-29,1
2/11/2004 13:38,42,0.360615833,73,5,-29,1
2/11/2004 13:39,42,0.36601724,70,4,-29,1
2/11/2004 13:40,42,0.371418647,70,4,-29,1
2/11/2004 13:41,42,0.376820054,71,4,-29,1
2/11/2004 13:42,42,0.382221461,71,4,-29,1
2/11/2004 13:43,42,0.435083769,72,4,-29,1
2/11/2004 13:44,42,0.487946077,72,4,-29,1
2/11/2004 13:45,42,0.540808385,72,4,-30,1
2/11/2004 13:46,42,0.593670693,72,4,-31,1
2/11/2004 13:47,42,0.646533001,72,4,-31,1
2/11/2004 13:48,42,0.628708208,72,4,-32,1
2/11/2004 13:49,42,0.610883414,72,4,-32,1
2/11/2004 13:50,42,0.593058621,72,4,-32,1
2/11/2004 13:51,42,0.575233828,72,4,-32,1
2/11/2004 13:52,42,0.557409034,73,4,-32,1
2/11/2004 13:53,42,0.561182174,71,4,-32,1
2/11/2004 13:54,42,0.564955314,72,4,-33,1
2/11/2004 13:55,42,0.568728454,71,4,-33,1
2/11/2004 13:56,42,0.572501594,72,4,-33,1
2/11/2004 13:57,42,0.576274734,72,4,-33,1
2/11/2004 13:58,42,0.56999882,74,4,-33,1
2/11/2004 13:59,42,0.563722905,75,4,-34,1
2/11/2004 14:00,42,0.55744699,78,3,-34,1
2/11/2004 14:01,42,0.551171076,77,3,-34,1
2/11/2004 14:02,42,0.544895161,78,3,-35,1
2/11/2004 14:03,42,0.539118793,80,2,-35,1
2/11/2004 14:04,42,0.533342424,78,2,-36,1
2/11/2004 14:05,42,0.527566056,75,2,-36,1
2/11/2004 14:06,42,0.521789688,74,2,-36,1
2/11/2004 14:07,42,0.516013319,76,3,-36,1
2/11/2004 14:08,42,0.508619262,78,2,-37,1
2/11/2004 14:09,42,0.501225205,76,2,-38,1
2/11/2004 14:10,42,0.493831148,79,1,-39,1
2/11/2004 14:11,42,0.486437091,81,1,-39,1
2/11/2004 14:12,42,0.479043034,79,1,-41,1
2/11/2004 14:13,42,0.483541173,80,0,-41,1
2/11/2004 14:14,42,0.488039313,79,0,-41,1
2/11/2004 14:15,42,0.492537452,78,0,-42,1
2/11/2004 14:16,42,0.497035592,80,1,-42,1
2/11/2004 14:17,42,0.501533732,78,1,-42,1
2/11/2004 14:18,42,0.507947869,79,1,-43,1
2/11/2004 14:19,42,0.514362007,79,1,-43,1
2/11/2004 14:20,42,0.520776145,78,2,-44,1
2/11/2004 14:21,42,0.527190283,79,2,-44,1
2/11/2004 14:22,42,0.53360442,80,2,-45,1
2/11/2004 14:23,42,0.516948515,81,2,-46,1
2/11/2004 14:24,42,0.500292609,79,3,-46,1
2/11/2004 14:25,42,0.483636704,81,3,-47,1
2/11/2004 14:26,42,0.466980798,80,3,-47,1
2/11/2004 14:27,42,0.450324893,80,3,-48,1
2/11/2004 14:28,42,0.446627001,80,4,-48,1
2/11/2004 14:29,42,0.44292911,82,4,-48,1
2/11/2004 14:30,42,0.439231219,81,5,-49,1
2/11/2004 14:31,42,0.435533327,81,4,-49,1
2/11/2004 14:32,42,0.431835436,80,5,-49,1
2/11/2004 14:33,42,0.445539147,82,4,-50,1
2/11/2004 14:34,42,0.459242858,81,4,-51,1
2/11/2004 14:35,42,0.472946569,80,4,-52,1
2/11/2004 14:36,42,0.48665028,80,5,-52,1
2/11/2004 14:37,42,0.500353991,80,5,-52,1
2/11/2004 14:38,42,0.477311678,79,6,-52,1
2/11/2004 14:39,42,0.454269365,78,6,-53,1
2/11/2004 14:40,42,0.431227052,77,6,-53,1
2/11/2004 14:41,42,0.40818474,77,7,-53,1
2/11/2004 14:42,42,0.385142427,74,7,-54,1
2/11/2004 14:43,42,0.369498353,75,7,-54,1
2/11/2004 14:44,42,0.353854279,73,7,-54,1
2/11/2004 14:45,42,0.338210205,76,7,-54,1
2/11/2004 14:46,42,0.322566131,74,7,-54,1
2/11/2004 14:47,42,0.306922057,76,7,-54,1
2/11/2004 14:48,42,0.3132488,76,7,-54,1
2/11/2004 14:49,42,0.319575542,74,6,-55,1
2/11/2004 14:50,42,0.325902285,72,6,-55,1
2/11/2004 14:51,42,0.332229027,72,6,-56,1
2/11/2004 14:52,42,0.33855577,72,6,-56,1
2/11/2004 14:53,42,0.33230386,72,5,-56,1
2/11/2004 14:54,42,0.326051949,71,6,-56,1
2/11/2004 14:55,42,0.319800039,71,5,-57,1
2/11/2004 14:56,42,0.313548129,72,5,-57,1
2/11/2004 14:57,42,0.307296218,75,5,-57,1
2/11/2004 14:58,42,0.302112646,73,5,-58,1
2/11/2004 14:59,42,0.296929074,73,4,-58,1
2/11/2004 15:00,42,0.291745502,72,3,-59,1
2/11/2004 15:01,42,0.286561929,72,3,-60,1
2/11/2004 15:02,42,0.281378357,70,3,-60,1
2/11/2004 15:03,42,0.287396246,71,3,-61,1
2/11/2004 15:04,42,0.293414134,72,3,-63,1
2/11/2004 15:05,42,0.299432023,72,2,-64,1
2/11/2004 15:06,42,0.305449911,72,1,-65,1
2/11/2004 15:07,42,0.3114678,73,1,-65,1
2/11/2004 15:08,42,0.328031283,74,0,-66,1
2/11/2004 15:09,42,0.344594766,74,-1,-67,1
2/11/2004 15:10,42,0.361158249,76,-1,-67,1
2/11/2004 15:11,42,0.377721733,76,-1,-68,1
2/11/2004 15:12,42,0.394285216,76,-2,-69,1
2/11/2004 15:13,42,0.409727787,78,-2,-69,1
2/11/2004 15:14,42,0.425170358,79,-3,-70,1
2/11/2004 15:15,42,0.440612929,79,-3,-71,1
2/11/2004 15:16,42,0.4560555,79,-3,-71,1
2/11/2004 15:17,42,0.471498071,80,-3,-71,1
2/11/2004 15:18,42,0.477382278,82,-3,-71,1
2/11/2004 15:19,42,0.483266485,83,-3,-71,1
2/11/2004 15:20,42,0.489150693,85,-4,-72,1
2/11/2004 15:21,42,0.4950349,85,-4,-72,1
2/11/2004 15:22,42,0.500919107,89,-4,-72,1
2/11/2004 15:23,42,0.535683489,89,-4,-73,1
2/11/2004 15:24,42,0.570447871,91,-3,-74,1
2/11/2004 15:25,42,0.605212253,92,-3,-74,1
2/11/2004 15:26,42,0.639976635,93,-3,-75,1
2/11/2004 15:27,42,0.674741017,94,-3,-76,1
2/11/2004 15:28,42,0.687818457,96,-3,-76,1
2/11/2004 15:29,42,0.700895898,96,-3,-77,1
2/11/2004 15:30,42,0.713973338,96,-3,-77,1
2/11/2004 15:31,42,0.727050778,96,-3,-78,1
2/11/2004 15:32,42,0.740128219,100,-2,-79,1
2/11/2004 15:33,42,0.736523513,100,-2,-80,1
2/11/2004 15:34,42,0.732918807,100,-1,-81,1
2/11/2004 15:35,42,0.729314101,101,0,-82,1
2/11/2004 15:36,42,0.725709395,100,1,-82,1
2/11/2004 15:37,42,0.722104689,103,2,-82,1
2/11/2004 15:38,42,0.705071413,104,3,-82,1
2/11/2004 15:39,42,0.688038138,107,4,-82,1
2/11/2004 15:40,42,0.671004862,109,5,-83,1
2/11/2004 15:41,42,0.653971587,110,5,-83,1
2/11/2004 15:42,42,0.636938311,110,5,-83,1
2/11/2004 15:43,42,0.633876018,111,5,-83,1
2/11/2004 15:44,42,0.630813724,114,5,-83,1
2/11/2004 15:45,42,0.627751431,115,4,-84,1
2/11/2004 15:46,42,0.624689138,115,5,-85,1
2/11/2004 15:47,42,0.621626844,115,4,-84,1
2/11/2004 15:48,42,0.629473789,117,5,-86,1
2/11/2004 15:49,42,0.637320734,119,5,-87,1
2/11/2004 15:50,42,0.645167679,119,5,-88,1
2/11/2004 15:51,42,0.653014625,119,5,-88,1
2/11/2004 15:52,42,0.66086157,120,5,-88,1
2/11/2004 15:53,42,0.67871085,119,5,-88,1
2/11/2004 15:54,42,0.696560131,120,4,-89,1
2/11/2004 15:55,42,0.714409412,119,4,-90,1
2/11/2004 15:56,42,0.732258693,120,4,-90,1
2/11/2004 15:57,42,0.750107974,118,3,-89,1
2/11/2004 15:58,42,0.789456579,116,3,-89,1
2/11/2004 15:59,42,0.828805185,114,3,-89,1
2/11/2004 16:00,42,0.86815379,115,3,-90,1
2/11/2004 16:01,42,0.907502396,114,3,-90,1
2/11/2004 16:02,42,0.946851001,113,3,-91,1
2/11/2004 16:03,42,0.960250665,112,3,-91,1
2/11/2004 16:04,42,0.97365033,111,3,-92,1
2/11/2004 16:05,42,0.987049994,110,2,-92,1
2/11/2004 16:06,42,1.000449659,107,3,-92,1
2/11/2004 16:07,42,1.013849323,106,3,-93,1
2/11/2004 16:08,42,1.028656985,105,3,-93,1
2/11/2004 16:09,42,1.043464647,104,3,-92,1
2/11/2004 16:10,42,1.058272309,102,4,-92,1
2/11/2004 16:11,42,1.073079971,105,4,-93,1
2/11/2004 16:12,42,1.087887633,104,4,-93,1
2/11/2004 16:13,42,1.092310978,105,4,-93,1
2/11/2004 16:14,42,1.096734323,103,4,-93,1
2/11/2004 16:15,42,1.101157668,102,4,-93,1
2/11/2004 16:16,42,1.105581013,100,4,-92,1
2/11/2004 16:17,42,1.110004358,98,5,-90,1
2/11/2004 16:18,42,1.147634897,97,6,-90,1
2/11/2004 16:19,42,1.185265436,95,6,-91,1
2/11/2004 16:20,42,1.222895975,94,7,-91,1
2/11/2004 16:21,42,1.260526514,93,7,-92,1
2/11/2004 16:22,42,1.298157053,92,7,-92,1
2/11/2004 16:23,42,1.289391389,93,7,-93,1
2/11/2004 16:24,42,1.280625726,92,6,-94,1
2/11/2004 16:25,42,1.271860062,93,6,-94,1
2/11/2004 16:26,42,1.263094399,94,6,-94,1
2/11/2004 16:27,42,1.254328735,97,6,-95,1
2/11/2004 16:28,42,1.236102148,97,6,-95,1
2/11/2004 16:29,42,1.217875561,97,5,-95,1
2/11/2004 16:30,42,1.199648974,96,5,-95,1
2/11/2004 16:31,42,1.181422387,98,5,-95,1
2/11/2004 16:32,42,1.163195801,99,5,-95,1
2/11/2004 16:33,42,1.152892129,98,5,-95,1
2/11/2004 16:34,42,1.142588457,98,5,-95,1
2/11/2004 16:35,42,1.132284786,99,5,-95,1
2/11/2004 16:36,42,1.121981114,99,5,-95,1
2/11/2004 16:37,42,1.111677443,101,5,-95,1
2/11/2004 16:38,42,1.07675422,101,5,-95,1
2/11/2004 16:39,42,1.041830998,100,5,-95,1
2/11/2004 16:40,42,1.006907775,100,5,-95,1
2/11/2004 16:41,42,0.971984553,99,5,-95,1
2/11/2004 16:42,42,0.93706133,98,5,-95,1
2/11/2004 16:43,42,0.961943273,100,5,-95,1
2/11/2004 16:44,42,0.986825216,98,5,-94,1
2/11/2004 16:45,42,1.011707158,101,5,-94,1
2/11/2004 16:46,42,1.036589101,100,5,-95,1
2/11/2004 16:47,42,1.061471044,100,5,-95,1
2/11/2004 16:48,42,1.141515413,100,5,-95,1
2/11/2004 16:49,42,1.221559783,102,5,-96,1
2/11/2004 16:50,42,1.301604152,102,5,-96,1
2/11/2004 16:51,42,1.381648521,102,5,-97,1
2/11/2004 16:52,42,1.46169289,102,5,-97,1
2/11/2004 16:53,42,1.446427755,102,5,-97,1
2/11/2004 16:54,42,1.43116262,101,5,-97,1
2/11/2004 16:55,42,1.415897485,103,5,-98,1
2/11/2004 16:56,42,1.40063235,103,5,-99,1
2/11/2004 16:57,42,1.385367215,102,5,-100,1
2/11/2004 16:58,42,1.500575871,106,5,-100,1
2/11/2004 16:59,42,1.615784527,103,4,-101,1
2/11/2004 17:00,42,1.730993184,105,4,-102,1
2/11/2004 17:01,42,1.84620184,107,4,-103,1
2/11/2004 17:02,42,1.961410496,106,4,-103,1
2/11/2004 17:03,42,2.017010313,107,4,-104,1
2/11/2004 17:04,42,2.07261013,109,4,-104,1
2/11/2004 17:05,42,2.128209946,111,4,-104,1
2/11/2004 17:06,42,2.183809763,109,5,-105,1
2/11/2004 17:07,42,2.23940958,109,4,-106,1
2/11/2004 17:08,42,2.309493127,109,4,-106,1
2/11/2004 17:09,42,2.379576675,110,4,-106,1
2/11/2004 17:10,42,2.449660222,111,4,-107,1
2/11/2004 17:11,42,2.51974377,112,5,-107,1
2/11/2004 17:12,42,2.589827317,112,5,-107,1
2/11/2004 17:13,42,2.626612694,114,5,-107,1
2/11/2004 17:14,42,2.663398071,114,5,-106,1
2/11/2004 17:15,42,2.700183448,112,6,-106,1
2/11/2004 17:16,42,2.736968826,109,6,-105,1
2/11/2004 17:17,42,2.773754203,108,6,-105,1
2/11/2004 17:18,42,2.763965467,102,6,-103,1
2/11/2004 17:19,42,2.75417673,98,6,-104,1
2/11/2004 17:20,42,2.744387994,97,5,-105,1
2/11/2004 17:21,42,2.734599258,93,4,-104,1
2/11/2004 17:22,42,2.724810522,89,3,-104,1
2/11/2004 17:23,42,2.81012199,84,2,-103,1
2/11/2004 17:24,42,2.895433458,80,0,-103,1
2/11/2004 17:25,42,2.980744926,79,1,-100,1
2/11/2004 17:26,42,3.066056394,72,1,-100,1
2/11/2004 17:27,42,3.151367862,70,0,-99,1
2/11/2004 17:28,42,3.110912894,68,0,-98,1
2/11/2004 17:29,42,3.070457926,73,-1,-98,1
2/11/2004 17:30,42,3.030002958,80,-1,-99,1
2/11/2004 17:31,42,2.98954799,87,-2,-99,1
2/11/2004 17:32,42,2.949093022,95,-3,-99,1
2/11/2004 17:33,42,2.936913922,101,-4,-99,1
2/11/2004 17:34,42,2.924734822,109,-5,-98,1
2/11/2004 17:35,42,2.912555723,115,-7,-98,1
2/11/2004 17:36,42,2.900376623,122,-7,-98,1
2/11/2004 17:37,42,2.888197523,130,-8,-98,1
2/11/2004 17:38,42,2.838935427,137,-9,-97,1
2/11/2004 17:39,42,2.789673332,141,-10,-96,1
2/11/2004 17:40,42,2.740411236,146,-11,-96,1
2/11/2004 17:41,42,2.69114914,151,-12,-96,1
2/11/2004 17:42,42,2.641887045,153,-14,-96,1
2/11/2004 17:43,42,2.544181843,154,-15,-95,1
2/11/2004 17:44,42,2.446476641,156,-16,-95,1
2/11/2004 17:45,42,2.34877144,156,-17,-93,1
2/11/2004 17:46,42,2.251066238,154,-17,-92,1
2/11/2004 17:47,42,2.153361036,152,-18,-91,1
2/11/2004 17:48,42,2.060428737,151,-19,-90,1
2/11/2004 17:49,42,1.967496437,147,-19,-89,1
2/11/2004 17:50,42,1.874564137,145,-20,-88,1
2/11/2004 17:51,42,1.781631837,142,-20,-88,1
2/11/2004 17:52,42,1.688699538,138,-20,-87,1
2/11/2004 17:53,42,1.584757856,133,-20,-86,1
2/11/2004 17:54,42,1.480816174,129,-20,-84,1
2/11/2004 17:55,42,1.376874492,125,-20,-83,1
2/11/2004 17:56,42,1.27293281,120,-20,-83,1
2/11/2004 17:57,42,1.168991128,118,-20,-85,1
2/11/2004 17:58,42,1.092995358,119,-20,-86,1
2/11/2004 17:59,42,1.016999588,117,-19,-85,1
2/11/2004 18:00,42,0.941003817,117,-19,-85,1
2/11/2004 18:01,42,0.865008047,115,-18,-85,1
2/11/2004 18:02,42,0.789012277,112,-18,-85,1
2/11/2004 18:03,42,0.679772227,112,-17,-84,1
2/11/2004 18:04,42,0.570532176,109,-17,-84,1
2/11/2004 18:05,42,0.461292126,106,-16,-84,1
2/11/2004 18:06,42,0.352052076,103,-16,-85,1
2/11/2004 18:07,42,0.242812025,100,-15,-85,1
2/11/2004 18:08,42,0.248373399,98,-15,-85,1
2/11/2004 18:09,42,0.253934772,96,-14,-85,1
2/11/2004 18:10,42,0.259496146,94,-14,-84,1
2/11/2004 18:11,42,0.265057519,92,-14,-84,1
2/11/2004 18:12,42,0.270618893,88,-14,-86,1
2/11/2004 18:13,42,0.169808431,86,-13,-87,1
2/11/2004 18:14,42,0.068997969,85,-13,-87,1
2/11/2004 18:15,42,-0.031812492,84,-12,-88,1
2/11/2004 18:16,42,-0.132622954,82,-11,-88,1
2/11/2004 18:17,42,-0.233433416,83,-11,-86,1
2/11/2004 18:18,42,-0.227398202,81,-11,-86,1
2/11/2004 18:19,42,-0.221362989,79,-10,-86,1
2/11/2004 18:20,42,-0.215327775,81,-10,-87,1
2/11/2004 18:21,42,-0.209292562,81,-9,-87,1
2/11/2004 18:22,42,-0.203257348,79,-8,-87,1
2/11/2004 18:23,42,-0.207535831,78,-8,-85,1
2/11/2004 18:24,42,-0.211814314,77,-8,-84,1
2/11/2004 18:25,42,-0.216092797,77,-7,-83,1
2/11/2004 18:26,42,-0.22037128,75,-7,-81,1
2/11/2004 18:27,42,-0.224649762,75,-7,-80,1
2/11/2004 18:28,42,-0.25129248,74,-7,-79,1
2/11/2004 18:29,42,-0.277935197,75,-6,-80,1
2/11/2004 18:30,42,-0.304577914,74,-6,-80,1
2/11/2004 18:31,42,-0.331220631,75,-5,-81,1
2/11/2004 18:32,42,-0.357863348,76,-5,-82,1
2/11/2004 18:33,42,-0.354894608,78,-4,-82,1
2/11/2004 18:34,42,-0.351925867,79,-4,-81,1
2/11/2004 18:35,42,-0.348957126,80,-4,-81,1
2/11/2004 18:36,42,-0.345988386,80,-3,-82,1
2/11/2004 18:37,42,-0.343019645,81,-3,-82,1
2/11/2004 18:38,42,-0.333288573,81,-3,-82,1
2/11/2004 18:39,42,-0.323557501,82,-2,-81,1
2/11/2004 18:40,42,-0.31382643,82,-2,-81,1
2/11/2004 18:41,42,-0.304095358,83,-2,-80,1
2/11/2004 18:42,42,-0.294364286,81,-2,-80,1
2/11/2004 18:43,42,-0.412934764,81,-2,-80,1
2/11/2004 18:44,42,-0.531505242,82,-2,-81,1
2/11/2004 18:45,42,-0.650075719,83,-2,-82,1
2/11/2004 18:46,42,-0.768646197,83,-1,-83,1
2/11/2004 18:47,42,-0.887216674,84,-1,-83,1
2/11/2004 18:48,42,-0.916447185,84,-1,-82,1
2/11/2004 18:49,42,-0.945677696,82,-2,-81,1
2/11/2004 18:50,42,-0.974908207,80,-1,-80,1
2/11/2004 18:51,42,-1.004138717,83,-2,-80,1
2/11/2004 18:52,42,-1.033369228,83,-2,-79,1
2/11/2004 18:53,42,-1.091809881,83,-2,-78,1
2/11/2004 18:54,42,-1.150250534,82,-2,-78,1
2/11/2004 18:55,42,-1.208691188,81,-2,-78,1
2/11/2004 18:56,42,-1.267131841,82,-2,-78,1
2/11/2004 18:57,42,-1.325572494,82,-2,-78,1
2/11/2004 18:58,42,-1.322427208,78,-2,-77,1
2/11/2004 18:59,42,-1.319281922,76,-2,-78,1
2/11/2004 19:00,42,-1.316136635,76,-2,-77,1
2/11/2004 19:01,42,-1.312991349,74,-2,-76,1
2/11/2004 19:02,42,-1.309846063,75,-2,-76,1
2/11/2004 19:03,42,-1.349747616,73,-2,-75,1
2/11/2004 19:04,42,-1.389649169,73,-3,-75,1
2/11/2004 19:05,42,-1.429550721,72,-3,-74,1
2/11/2004 19:06,42,-1.469452274,70,-3,-74,1
2/11/2004 19:07,42,-1.509353827,69,-3,-73,1
2/11/2004 19:08,42,-1.492954273,70,-3,-73,1
2/11/2004 19:09,42,-1.476554718,70,-3,-73,1
2/11/2004 19:10,42,-1.460155164,69,-3,-72,1
2/11/2004 19:11,42,-1.443755609,67,-3,-72,1
2/11/2004 19:12,42,-1.427356055,67,-3,-71,1
2/11/2004 19:13,42,-1.489958198,67,-3,-71,1
2/11/2004 19:14,42,-1.552560342,66,-3,-71,1
2/11/2004 19:15,42,-1.615162486,65,-2,-70,1
2/11/2004 19:16,42,-1.67776463,64,-3,-69,1
2/11/2004 19:17,42,-1.740366773,62,-2,-69,1
2/11/2004 19:18,42,-1.773367778,61,-2,-69,1
2/11/2004 19:19,42,-1.806368783,59,-2,-68,1
2/11/2004 19:20,42,-1.839369789,61,-2,-68,1
2/11/2004 19:21,42,-1.872370794,60,-2,-68,1
2/11/2004 19:22,42,-1.905371799,59,-2,-68,1
2/11/2004 19:23,42,-1.923137806,59,-2,-68,1
2/11/2004 19:24,42,-1.940903813,60,-2,-69,1
2/11/2004 19:25,42,-1.95866982,59,-2,-69,1
2/11/2004 19:26,42,-1.976435827,59,-2,-69,1
2/11/2004 19:27,42,-1.994201834,60,-2,-69,1
2/11/2004 19:28,42,-2.038711641,60,-2,-68,1
2/11/2004 19:29,42,-2.083221448,61,-2,-67,1
2/11/2004 19:30,42,-2.127731256,58,-2,-66,1
2/11/2004 19:31,42,-2.172241063,57,-1,-66,1
2/11/2004 19:32,42,-2.21675087,56,-2,-67,1
2/11/2004 19:33,42,-2.233936038,55,-2,-67,1
2/11/2004 19:34,42,-2.251121206,54,-2,-66,1
2/11/2004 19:35,42,-2.268306375,58,-1,-66,1
2/11/2004 19:36,42,-2.285491543,58,-1,-65,1
2/11/2004 19:37,42,-2.302676711,55,-1,-65,1
2/11/2004 19:38,42,-2.350261359,59,-2,-66,1
2/11/2004 19:39,42,-2.397846008,59,-2,-67,1
2/11/2004 19:40,42,-2.445430656,58,-2,-68,1
2/11/2004 19:41,42,-2.493015304,62,-2,-70,1
2/11/2004 19:42,42,-2.540599952,64,-2,-71,1
2/11/2004 19:43,42,-2.639717414,63,-2,-73,1
2/11/2004 19:44,42,-2.738834875,63,-2,-75,1
2/11/2004 19:45,42,-2.837952337,61,-2,-76,1
2/11/2004 19:46,42,-2.937069799,59,-2,-77,1
2/11/2004 19:47,42,-3.036187261,58,-2,-77,1
2/11/2004 19:48,42,-3.04763237,55,-2,-78,1
2/11/2004 19:49,42,-3.059077479,53,-3,-77,1
2/11/2004 19:50,42,-3.070522588,51,-3,-77,1
2/11/2004 19:51,42,-3.081967697,50,-4,-77,1
2/11/2004 19:52,42,-3.093412806,48,-4,-77,1
2/11/2004 19:53,42,-3.119856295,48,-4,-77,1
2/11/2004 19:54,42,-3.146299784,45,-4,-76,1
2/11/2004 19:55,42,-3.172743273,45,-4,-76,1
2/11/2004 19:56,42,-3.199186763,44,-5,-75,1
2/11/2004 19:57,42,-3.225630252,45,-4,-75,1
2/11/2004 19:58,42,-3.216229648,44,-5,-75,1
2/11/2004 19:59,42,-3.206829044,45,-5,-74,1
2/11/2004 20:00,42,-3.19742844,45,-5,-74,1
2/11/2004 20:01,42,-3.188027836,44,-5,-74,1
2/11/2004 20:02,42,-3.178627232,45,-5,-73,1
2/11/2004 20:03,42,-3.195676599,46,-5,-73,1
2/11/2004 20:04,42,-3.212725966,45,-5,-73,1
2/11/2004 20:05,42,-3.229775332,45,-5,-72,1
2/11/2004 20:06,42,-3.246824699,44,-5,-72,1
2/11/2004 20:07,42,-3.263874066,46,-5,-72,1
2/11/2004 20:08,42,-3.285698719,46,-5,-71,1
2/11/2004 20:09,42,-3.307523373,46,-5,-71,1
2/11/2004 20:10,42,-3.329348026,46,-5,-71,1
2/11/2004 20:11,42,-3.351172679,47,-5,-71,1
2/11/2004 20:12,42,-3.372997332,46,-5,-70,1
2/11/2004 20:13,42,-3.424638447,45,-5,-70,1
2/11/2004 20:14,42,-3.476279561,46,-5,-70,1
2/11/2004 20:15,42,-3.527920675,46,-5,-70,1
2/11/2004 20:16,42,-3.57956179,46,-5,-70,1
2/11/2004 20:17,42,-3.631202904,44,-5,-70,1
2/11/2004 20:18,42,-3.683683187,45,-5,-70,1
2/11/2004 20:19,42,-3.736163469,45,-5,-70,1
2/11/2004 20:20,42,-3.788643752,45,-5,-69,1
2/11/2004 20:21,42,-3.841124034,46,-5,-69,1
2/11/2004 20:22,42,-3.893604317,46,-5,-69,1
2/11/2004 20:23,42,-3.883458974,47,-6,-68,1
2/11/2004 20:24,42,-3.873313631,45,-6,-68,1
2/11/2004 20:25,42,-3.863168289,45,-6,-68,1
2/11/2004 20:26,42,-3.853022946,46,-6,-68,1
2/11/2004 20:27,42,-3.842877603,47,-6,-67,1
2/11/2004 20:28,42,-3.919547251,46,-6,-67,1
2/11/2004 20:29,42,-3.996216898,47,-6,-67,1
2/11/2004 20:30,42,-4.072886546,46,-6,-66,1
2/11/2004 20:31,42,-4.149556194,47,-6,-66,1
2/11/2004 20:32,42,-4.226225841,48,-6,-66,1
2/11/2004 20:33,42,-4.317774654,48,-6,-66,1
2/11/2004 20:34,42,-4.409323467,47,-6,-67,1
2/11/2004 20:35,42,-4.50087228,48,-6,-67,1
2/11/2004 20:36,42,-4.592421093,47,-6,-67,1
2/11/2004 20:37,42,-4.683969906,44,-6,-67,1
2/11/2004 20:38,42,-4.687644439,44,-6,-68,1
2/11/2004 20:39,42,-4.691318972,43,-6,-68,1
2/11/2004 20:40,42,-4.694993505,42,-6,-67,1
2/11/2004 20:41,42,-4.698668038,41,-6,-67,1
2/11/2004 20:42,42,-4.702342571,41,-6,-66,1
2/11/2004 20:43,42,-4.730714559,41,-6,-66,1
2/11/2004 20:44,42,-4.759086547,41,-6,-67,1
2/11/2004 20:45,42,-4.787458535,41,-6,-67,1
2/11/2004 20:46,42,-4.815830523,39,-6,-67,1
2/11/2004 20:47,42,-4.84420251,39,-6,-67,1
2/11/2004 20:48,42,-4.880974261,41,-6,-67,1
2/11/2004 20:49,42,-4.917746011,41,-6,-67,1
2/11/2004 20:50,42,-4.954517761,42,-6,-67,1
2/11/2004 20:51,42,-4.991289511,43,-6,-67,1
2/11/2004 20:52,42,-5.028061262,42,-7,-66,1
2/11/2004 20:53,42,-5.019037244,43,-7,-66,1
2/11/2004 20:54,42,-5.010013226,45,-7,-67,1
2/11/2004 20:55,42,-5.000989208,42,-7,-66,1
2/11/2004 20:56,42,-4.99196519,43,-7,-66,1
2/11/2004 20:57,42,-4.982941172,44,-7,-67,1
2/11/2004 20:58,42,-5.009653154,43,-7,-67,1
2/11/2004 20:59,42,-5.036365135,41,-7,-67,1
2/11/2004 21:00,42,-5.063077116,42,-7,-68,1
2/11/2004 21:01,42,-5.089789098,42,-6,-68,1
2/11/2004 21:02,42,-5.116501079,42,-6,-68,1
2/11/2004 21:03,42,-5.116223386,42,-6,-68,1
2/11/2004 21:04,42,-5.115945693,40,-6,-69,1
2/11/2004 21:05,42,-5.115668,39,-6,-69,1
2/11/2004 21:06,42,-5.115390306,39,-6,-69,1
2/11/2004 21:07,42,-5.115112613,38,-6,-69,1
2/11/2004 21:08,42,-5.122467657,40,-6,-70,1
2/11/2004 21:09,42,-5.129822701,42,-6,-69,1
2/11/2004 21:10,42,-5.137177745,43,-6,-70,1
2/11/2004 21:11,42,-5.144532789,42,-6,-70,1
2/11/2004 21:12,42,-5.151887832,42,-6,-70,1
2/11/2004 21:13,42,-5.169874841,43,-6,-70,1
2/11/2004 21:14,42,-5.18786185,42,-6,-70,1
2/11/2004 21:15,42,-5.205848858,41,-6,-70,1
2/11/2004 21:16,42,-5.223835867,41,-5,-70,1
2/11/2004 21:17,42,-5.241822875,41,-5,-71,1
2/11/2004 21:18,42,-5.235451594,39,-5,-71,1
2/11/2004 21:19,42,-5.229080312,39,-5,-71,1
2/11/2004 21:20,42,-5.22270903,39,-5,-72,1
2/11/2004 21:21,42,-5.216337748,39,-5,-72,1
2/11/2004 21:22,42,-5.209966466,38,-5,-72,1
2/11/2004 21:23,42,-5.203545563,39,-5,-72,1
2/11/2004 21:24,42,-5.19712466,40,-5,-73,1
2/11/2004 21:25,42,-5.190703757,40,-5,-72,1
2/11/2004 21:26,42,-5.184282854,40,-4,-72,1
2/11/2004 21:27,42,-5.177861951,40,-4,-73,1
2/11/2004 21:28,42,-5.149974882,39,-5,-73,1
2/11/2004 21:29,42,-5.122087812,39,-5,-73,1
2/11/2004 21:30,42,-5.094200743,38,-5,-73,1
2/11/2004 21:31,42,-5.066313673,38,-5,-72,1
2/11/2004 21:32,42,-5.038426604,39,-5,-72,1
2/11/2004 21:33,42,-5.062704421,39,-5,-72,1
2/11/2004 21:34,42,-5.086982239,37,-5,-72,1
2/11/2004 21:35,42,-5.111260057,37,-5,-72,1
2/11/2004 21:36,42,-5.135537874,38,-5,-72,1
2/11/2004 21:37,42,-5.159815692,38,-5,-71,1
2/11/2004 21:38,42,-5.181263811,39,-5,-71,1
2/11/2004 21:39,42,-5.202711929,38,-5,-70,1
2/11/2004 21:40,42,-5.224160048,37,-5,-70,1
2/11/2004 21:41,42,-5.245608167,37,-5,-70,1
2/11/2004 21:42,42,-5.267056286,37,-5,-70,1
2/11/2004 21:43,42,-5.216099037,38,-5,-70,1
2/11/2004 21:44,42,-5.165141788,40,-5,-70,1
2/11/2004 21:45,42,-5.114184539,39,-5,-70,1
2/11/2004 21:46,42,-5.06322729,40,-5,-70,1
2/11/2004 21:47,42,-5.012270041,41,-5,-71,1
2/11/2004 21:48,42,-5.006572573,38,-5,-70,1
2/11/2004 21:49,42,-5.000875104,37,-5,-70,1
2/11/2004 21:50,42,-4.995177635,38,-5,-70,1
2/11/2004 21:51,42,-4.989480167,39,-5,-70,1
2/11/2004 21:52,42,-4.983782698,40,-5,-70,1
2/11/2004 21:53,42,-4.975086816,40,-5,-69,1
2/11/2004 21:54,42,-4.966390933,39,-5,-68,1
2/11/2004 21:55,42,-4.95769505,39,-5,-68,1
2/11/2004 21:56,42,-4.948999168,42,-5,-68,1
2/11/2004 21:57,42,-4.940303285,41,-5,-68,1
2/11/2004 21:58,42,-4.882885505,41,-6,-68,1
2/11/2004 21:59,42,-4.825467724,41,-6,-68,1
2/11/2004 22:00,42,-4.768049944,40,-6,-68,1
2/11/2004 22:01,42,-4.710632163,41,-6,-68,1
2/11/2004 22:02,42,-4.653214383,40,-6,-68,1
2/11/2004 22:03,42,-4.633416555,41,-6,-68,1
2/11/2004 22:04,42,-4.613618728,41,-6,-68,1
2/11/2004 22:05,42,-4.5938209,40,-6,-67,1
2/11/2004 22:06,42,-4.574023073,40,-6,-67,1
2/11/2004 22:07,42,-4.554225245,39,-6,-68,1
2/11/2004 22:08,42,-4.516118199,39,-6,-68,1
2/11/2004 22:09,42,-4.478011154,39,-6,-67,1
2/11/2004 22:10,42,-4.439904108,39,-6,-67,1
2/11/2004 22:11,42,-4.401797062,38,-6,-67,1
2/11/2004 22:12,42,-4.363690017,38,-6,-67,1
2/11/2004 22:13,42,-4.323665526,37,-7,-66,1
2/11/2004 22:14,42,-4.283641036,38,-6,-66,1
2/11/2004 22:15,42,-4.243616546,37,-6,-65,1
2/11/2004 22:16,42,-4.203592056,38,-6,-66,1
2/11/2004 22:17,42,-4.163567565,37,-6,-66,1
2/11/2004 22:18,42,-4.14722209,35,-6,-66,1
2/11/2004 22:19,42,-4.130876615,33,-6,-65,1
2/11/2004 22:20,42,-4.114531139,34,-6,-65,1
2/11/2004 22:21,42,-4.098185664,35,-6,-65,1
2/11/2004 22:22,42,-4.081840188,36,-6,-64,1
2/11/2004 22:23,42,-4.066973578,37,-6,-64,1
2/11/2004 22:24,42,-4.052106967,37,-6,-63,1
2/11/2004 22:25,42,-4.037240357,36,-6,-63,1
2/11/2004 22:26,42,-4.022373746,37,-6,-62,1
2/11/2004 22:27,42,-4.007507136,36,-6,-62,1
2/11/2004 22:28,42,-3.996890191,35,-6,-62,1
2/11/2004 22:29,42,-3.986273246,36,-6,-62,1
2/11/2004 22:30,42,-3.9756563,34,-6,-62,1
2/11/2004 22:31,42,-3.965039355,35,-6,-61,1
2/11/2004 22:32,42,-3.95442241,36,-6,-60,1
2/11/2004 22:33,42,-3.95360188,35,-6,-60,1
2/11/2004 22:34,42,-3.952781351,34,-6,-60,1
2/11/2004 22:35,42,-3.951960821,34,-6,-60,1
2/11/2004 22:36,42,-3.951140291,34,-6,-60,1
2/11/2004 22:37,42,-3.950319761,34,-6,-60,1
2/11/2004 22:38,42,-3.957854372,34,-6,-59,1
2/11/2004 22:39,42,-3.965388982,36,-6,-59,1
2/11/2004 22:40,42,-3.972923592,36,-6,-59,1
2/11/2004 22:41,42,-3.980458202,36,-5,-59,1
2/11/2004 22:42,42,-3.987992813,35,-5,-58,1
2/11/2004 22:43,42,-3.971671452,36,-5,-58,1
2/11/2004 22:44,42,-3.955350092,37,-5,-59,1
2/11/2004 22:45,42,-3.939028732,36,-5,-59,1
2/11/2004 22:46,42,-3.922707372,36,-5,-58,1
2/11/2004 22:47,42,-3.906386011,36,-5,-58,1
2/11/2004 22:48,42,-3.928867063,35,-5,-58,1
2/11/2004 22:49,42,-3.951348115,35,-5,-57,1
2/11/2004 22:50,42,-3.973829167,34,-5,-57,1
2/11/2004 22:51,42,-3.996310219,35,-5,-57,1
2/11/2004 22:52,42,-4.018791271,34,-5,-58,1
2/11/2004 22:53,42,-4.007464134,34,-5,-57,1
2/11/2004 22:54,42,-3.996136997,33,-5,-57,1
2/11/2004 22:55,42,-3.98480986,34,-5,-57,1
2/11/2004 22:56,42,-3.973482723,34,-5,-57,1
2/11/2004 22:57,42,-3.962155586,35,-5,-56,1
2/11/2004 22:58,42,-3.96533178,35,-5,-56,1
2/11/2004 22:59,42,-3.968507973,35,-5,-56,1
2/11/2004 23:00,42,-3.971684167,35,-5,-56,1
2/11/2004 23:01,42,-3.974860361,35,-5,-56,1
2/11/2004 23:02,42,-3.978036554,36,-5,-55,1
2/11/2004 23:03,42,-3.918689385,35,-5,-55,1
2/11/2004 23:04,42,-3.859342217,35,-4,-54,1
2/11/2004 23:05,42,-3.799995048,36,-4,-54,1
2/11/2004 23:06,42,-3.740647879,36,-4,-53,1
2/11/2004 23:07,42,-3.681300711,35,-4,-53,1
2/11/2004 23:08,42,-3.668420175,34,-5,-52,1
2/11/2004 23:09,42,-3.65553964,34,-5,-52,1
2/11/2004 23:10,42,-3.642659105,37,-4,-51,1
2/11/2004 23:11,42,-3.62977857,39,-4,-50,1
2/11/2004 23:12,42,-3.616898034,41,-4,-51,1
2/11/2004 23:13,42,-3.599003296,39,-4,-51,1
2/11/2004 23:14,42,-3.581108557,39,-3,-51,1
2/11/2004 23:15,42,-3.563213819,39,-3,-51,1
2/11/2004 23:16,42,-3.54531908,38,-4,-52,1
2/11/2004 23:17,42,-3.527424342,36,-4,-52,1
2/11/2004 23:18,42,-3.49206573,35,-4,-52,1
2/11/2004 23:19,42,-3.456707118,33,-5,-52,1
2/11/2004 23:20,42,-3.421348506,32,-5,-53,1
2/11/2004 23:21,42,-3.385989893,31,-5,-53,1
2/11/2004 23:22,42,-3.350631281,31,-5,-53,1
2/11/2004 23:23,42,-3.30638786,32,-5,-52,1
2/11/2004 23:24,42,-3.262144438,33,-5,-52,1
2/11/2004 23:25,42,-3.217901017,31,-5,-53,1
2/11/2004 23:26,42,-3.173657595,31,-5,-52,1
2/11/2004 23:27,42,-3.129414173,32,-5,-53,1
2/11/2004 23:28,42,-3.114984899,32,-5,-52,1
2/11/2004 23:29,42,-3.100555625,33,-5,-53,1
2/11/2004 23:30,42,-3.086126352,33,-5,-52,1
2/11/2004 23:31,42,-3.071697078,33,-4,-52,1
2/11/2004 23:32,42,-3.057267804,33,-4,-52,1
2/11/2004 23:33,42,-3.020286197,34,-4,-52,1
2/11/2004 23:34,42,-2.983304591,35,-4,-52,1
2/11/2004 23:35,42,-2.946322984,36,-4,-51,1
2/11/2004 23:36,42,-2.909341378,36,-4,-51,1
2/11/2004 23:37,42,-2.872359772,36,-4,-51,1
2/11/2004 23:38,42,-2.82055616,36,-4,-50,1
2/11/2004 23:39,42,-2.768752549,35,-5,-50,1
2/11/2004 23:40,42,-2.716948938,36,-5,-50,1
2/11/2004 23:41,42,-2.665145327,37,-5,-50,1
2/11/2004 23:42,42,-2.613341716,36,-5,-50,1
2/11/2004 23:43,42,-2.575837907,36,-5,-50,1
2/11/2004 23:44,42,-2.538334097,36,-5,-50,1
2/11/2004 23:45,42,-2.500830288,36,-5,-50,1
2/11/2004 23:46,42,-2.463326479,35,-5,-50,1
2/11/2004 23:47,42,-2.42582267,35,-5,-50,1
2/11/2004 23:48,42,-2.388359005,35,-5,-49,1
2/11/2004 23:49,42,-2.350895341,34,-6,-49,1
2/11/2004 23:50,42,-2.313431676,33,-6,-50,1
2/11/2004 23:51,42,-2.275968012,33,-6,-50,1
2/11/2004 23:52,42,-2.238504348,32,-6,-50,1
2/11/2004 23:53,42,-2.231016467,32,-6,-50,1
2/11/2004 23:54,42,-2.223528587,34,-6,-49,1
2/11/2004 23:55,42,-2.216040707,33,-6,-49,1
2/11/2004 23:56,42,-2.208552827,33,-6,-49,1
2/11/2004 23:57,42,-2.201064946,32,-6,-49,1
2/11/2004 23:58,42,-1.989058768,31,-6,-49,1
2/11/2004 23:59,42,-1.77705259,33,-6,-50,1
2/12/2004 0:00,43,-1.565046412,33,-6,-49,1
2/12/2004 0:01,43,-1.353040234,35,-6,-49,1
2/12/2004 0:02,43,-1.141034056,35,-6,-49,1
2/12/2004 0:03,43,-1.206485877,34,-6,-48,1
2/12/2004 0:04,43,-1.271937698,34,-6,-48,1
2/12/2004 0:05,43,-1.337389519,36,-6,-48,1
2/12/2004 0:06,43,-1.40284134,37,-6,-48,1
2/12/2004 0:07,43,-1.468293161,38,-6,-48,1
2/12/2004 0:08,43,-1.434794221,38,-6,-49,1
2/12/2004 0:09,43,-1.40129528,37,-6,-48,1
2/12/2004 0:10,43,-1.36779634,36,-6,-48,1
2/12/2004 0:11,43,-1.334297399,36,-6,-48,1
2/12/2004 0:12,43,-1.300798459,36,-6,-47,1
2/12/2004 0:13,43,-1.206283733,38,-6,-47,1
2/12/2004 0:14,43,-1.111769007,37,-6,-47,1
2/12/2004 0:15,43,-1.017254281,36,-6,-47,1
2/12/2004 0:16,43,-0.922739555,36,-6,-47,1
2/12/2004 0:17,43,-0.828224829,37,-6,-47,1
2/12/2004 0:18,43,-0.775272956,35,-6,-47,1
2/12/2004 0:19,43,-0.722321082,35,-6,-47,1
2/12/2004 0:20,43,-0.669369208,35,-6,-47,1
2/12/2004 0:21,43,-0.616417335,36,-6,-47,1
2/12/2004 0:22,43,-0.563465461,35,-6,-46,1
2/12/2004 0:23,43,-0.50365474,34,-6,-46,1
2/12/2004 0:24,43,-0.44384402,34,-6,-46,1
2/12/2004 0:25,43,-0.384033299,34,-7,-47,1
2/12/2004 0:26,43,-0.324222578,32,-7,-47,1
2/12/2004 0:27,43,-0.264411858,31,-7,-46,1
2/12/2004 0:28,43,-0.212695991,34,-7,-46,1
2/12/2004 0:29,43,-0.160980124,33,-7,-46,1
2/12/2004 0:30,43,-0.109264257,33,-7,-46,1
2/12/2004 0:31,43,-0.05754839,32,-7,-46,1
2/12/2004 0:32,43,-0.005832523,33,-7,-46,1
2/12/2004 0:33,43,0.068285113,33,-7,-46,1
2/12/2004 0:34,43,0.142402749,34,-7,-47,1
2/12/2004 0:35,43,0.216520385,34,-6,-47,1
2/12/2004 0:36,43,0.290638021,34,-6,-46,1
2/12/2004 0:37,43,0.364755658,34,-7,-46,1
2/12/2004 0:38,43,0.436364248,33,-7,-46,1
2/12/2004 0:39,43,0.507972839,33,-7,-46,1
2/12/2004 0:40,43,0.579581429,34,-7,-46,1
2/12/2004 0:41,43,0.65119002,33,-7,-46,1
2/12/2004 0:42,43,0.722798611,31,-6,-45,1
2/12/2004 0:43,43,0.755913213,33,-6,-46,1
2/12/2004 0:44,43,0.789027815,31,-6,-45,1
2/12/2004 0:45,43,0.822142418,30,-6,-45,1
2/12/2004 0:46,43,0.85525702,30,-6,-45,1
2/12/2004 0:47,43,0.888371622,29,-6,-44,1
2/12/2004 0:48,43,0.911763693,28,-6,-44,1
2/12/2004 0:49,43,0.935155763,28,-6,-44,1
2/12/2004 0:50,43,0.958547834,30,-6,-44,1
2/12/2004 0:51,43,0.981939904,31,-6,-44,1
2/12/2004 0:52,43,1.005331974,31,-6,-44,1
2/12/2004 0:53,43,1.064597775,30,-6,-44,1
2/12/2004 0:54,43,1.123863575,30,-6,-44,1
2/12/2004 0:55,43,1.183129375,31,-6,-44,1
2/12/2004 0:56,43,1.242395175,29,-6,-42,1
2/12/2004 0:57,43,1.301660975,29,-6,-42,1
2/12/2004 0:58,43,1.346470561,30,-6,-42,1
2/12/2004 0:59,43,1.391280147,30,-6,-42,1
2/12/2004 1:00,43,1.436089733,29,-6,-41,1
2/12/2004 1:01,43,1.480899319,29,-6,-41,1
2/12/2004 1:02,43,1.525708905,30,-6,-41,1
2/12/2004 1:03,43,1.546168111,31,-6,-41,1
2/12/2004 1:04,43,1.566627317,30,-6,-40,1
2/12/2004 1:05,43,1.587086523,30,-6,-40,1
2/12/2004 1:06,43,1.60754573,29,-6,-40,1
2/12/2004 1:07,43,1.628004936,31,-6,-40,1
2/12/2004 1:08,43,1.656050129,32,-6,-40,1
2/12/2004 1:09,43,1.684095321,29,-6,-40,1
2/12/2004 1:10,43,1.712140514,28,-6,-40,1
2/12/2004 1:11,43,1.740185707,28,-6,-39,1
2/12/2004 1:12,43,1.7682309,30,-6,-40,1
2/12/2004 1:13,43,1.828724297,32,-7,-39,1
2/12/2004 1:14,43,1.889217693,31,-7,-39,1
2/12/2004 1:15,43,1.94971109,29,-7,-39,1
2/12/2004 1:16,43,2.010204487,29,-7,-39,1
2/12/2004 1:17,43,2.070697884,31,-7,-38,1
2/12/2004 1:18,43,2.064703991,29,-7,-38,1
2/12/2004 1:19,43,2.058710098,28,-7,-38,1
2/12/2004 1:20,43,2.052716205,28,-7,-38,1
2/12/2004 1:21,43,2.046722312,28,-7,-38,1
2/12/2004 1:22,43,2.040728419,27,-7,-37,1
2/12/2004 1:23,43,2.048739789,29,-7,-36,1
2/12/2004 1:24,43,2.056751159,29,-7,-36,1
2/12/2004 1:25,43,2.06476253,30,-7,-36,1
2/12/2004 1:26,43,2.0727739,30,-7,-36,1
2/12/2004 1:27,43,2.08078527,29,-7,-35,1
2/12/2004 1:28,43,2.117351668,30,-7,-35,1
2/12/2004 1:29,43,2.153918066,31,-7,-35,1
2/12/2004 1:30,43,2.190484465,30,-8,-35,1
2/12/2004 1:31,43,2.227050863,30,-8,-35,1
2/12/2004 1:32,43,2.263617261,30,-8,-36,1
2/12/2004 1:33,43,2.265838299,29,-8,-35,1
2/12/2004 1:34,43,2.268059337,31,-8,-35,1
2/12/2004 1:35,43,2.270280375,30,-8,-35,1
2/12/2004 1:36,43,2.272501414,30,-8,-34,1
2/12/2004 1:37,43,2.274722452,30,-7,-34,1
2/12/2004 1:38,43,2.268336678,29,-7,-34,1
2/12/2004 1:39,43,2.261950904,28,-7,-33,1
2/12/2004 1:40,43,2.25556513,28,-7,-33,1
2/12/2004 1:41,43,2.249179356,27,-7,-33,1
2/12/2004 1:42,43,2.242793582,25,-7,-34,1
2/12/2004 1:43,43,2.236716626,26,-7,-33,1
2/12/2004 1:44,43,2.23063967,28,-7,-34,1
2/12/2004 1:45,43,2.224562714,30,-7,-34,1
2/12/2004 1:46,43,2.218485758,29,-7,-34,1
2/12/2004 1:47,43,2.212408803,30,-8,-33,1
2/12/2004 1:48,43,2.21322902,32,-8,-33,1
2/12/2004 1:49,43,2.214049237,31,-8,-34,1
2/12/2004 1:50,43,2.214869455,31,-8,-34,1
2/12/2004 1:51,43,2.215689672,30,-8,-33,1
2/12/2004 1:52,43,2.216509889,28,-8,-33,1
2/12/2004 1:53,43,2.220368867,27,-8,-33,1
2/12/2004 1:54,43,2.224227844,27,-8,-34,1
2/12/2004 1:55,43,2.228086821,26,-8,-34,1
2/12/2004 1:56,43,2.231945799,26,-8,-34,1
2/12/2004 1:57,43,2.235804776,27,-8,-35,1
2/12/2004 1:58,43,2.252914856,28,-8,-35,1
2/12/2004 1:59,43,2.270024936,27,-9,-35,1
2/12/2004 2:00,43,2.287135015,27,-9,-36,1
2/12/2004 2:01,43,2.304245095,26,-8,-36,1
2/12/2004 2:02,43,2.321355175,25,-8,-36,1
2/12/2004 2:03,43,2.348707869,25,-8,-36,1
2/12/2004 2:04,43,2.376060564,25,-8,-35,1
2/12/2004 2:05,43,2.403413258,25,-8,-35,1
2/12/2004 2:06,43,2.430765952,26,-8,-35,1
2/12/2004 2:07,43,2.458118646,25,-8,-35,1
2/12/2004 2:08,43,2.463367849,28,-8,-35,1
2/12/2004 2:09,43,2.468617051,30,-8,-35,1
2/12/2004 2:10,43,2.473866254,29,-8,-35,1
2/12/2004 2:11,43,2.479115456,29,-8,-35,1
2/12/2004 2:12,43,2.484364659,30,-8,-35,1
2/12/2004 2:13,43,2.484731944,29,-8,-35,1
2/12/2004 2:14,43,2.48509923,29,-8,-35,1
2/12/2004 2:15,43,2.485466516,30,-8,-35,1
2/12/2004 2:16,43,2.485833802,31,-8,-35,1
2/12/2004 2:17,43,2.486201088,30,-8,-35,1
2/12/2004 2:18,43,2.469931854,29,-8,-35,1
2/12/2004 2:19,43,2.453662619,32,-8,-34,1
2/12/2004 2:20,43,2.437393384,32,-7,-34,1
2/12/2004 2:21,43,2.421124149,31,-7,-34,1
2/12/2004 2:22,43,2.404854915,31,-7,-33,1
2/12/2004 2:23,43,2.396795332,32,-7,-33,1
2/12/2004 2:24,43,2.38873575,31,-7,-32,1
2/12/2004 2:25,43,2.380676168,32,-6,-30,1
2/12/2004 2:26,43,2.372616585,32,-6,-30,1
2/12/2004 2:27,43,2.364557003,31,-6,-29,1
2/12/2004 2:28,43,2.386843768,30,-6,-28,1
2/12/2004 2:29,43,2.409130534,30,-6,-27,1
2/12/2004 2:30,43,2.4314173,31,-6,-26,1
2/12/2004 2:31,43,2.453704065,29,-6,-27,1
2/12/2004 2:32,43,2.475990831,29,-5,-26,1
2/12/2004 2:33,43,2.458366659,27,-6,-24,1
2/12/2004 2:34,43,2.440742488,26,-5,-25,1
2/12/2004 2:35,43,2.423118316,27,-6,-24,1
2/12/2004 2:36,43,2.405494144,29,-6,-24,1
2/12/2004 2:37,43,2.387869972,29,-6,-24,1
2/12/2004 2:38,43,2.404574777,30,-7,-24,1
2/12/2004 2:39,43,2.421279582,30,-7,-24,1
2/12/2004 2:40,43,2.437984386,28,-7,-25,1
2/12/2004 2:41,43,2.454689191,30,-7,-25,1
2/12/2004 2:42,43,2.471393995,30,-7,-24,1
2/12/2004 2:43,43,2.467777158,30,-7,-25,1
2/12/2004 2:44,43,2.464160321,31,-7,-26,1
2/12/2004 2:45,43,2.460543483,32,-7,-26,1
2/12/2004 2:46,43,2.456926646,34,-7,-27,1
2/12/2004 2:47,43,2.453309809,31,-6,-27,1
2/12/2004 2:48,43,2.460519166,31,-6,-28,1
2/12/2004 2:49,43,2.467728523,34,-5,-28,1
2/12/2004 2:50,43,2.474937881,34,-5,-29,1
2/12/2004 2:51,43,2.482147238,35,-4,-30,1
2/12/2004 2:52,43,2.489356595,33,-4,-30,1
2/12/2004 2:53,43,2.474415022,33,-4,-30,1
2/12/2004 2:54,43,2.459473448,33,-4,-30,1
2/12/2004 2:55,43,2.444531875,34,-3,-31,1
2/12/2004 2:56,43,2.429590301,36,-3,-31,1
2/12/2004 2:57,43,2.414648728,35,-2,-31,1
2/12/2004 2:58,43,2.43819806,35,-2,-31,1
2/12/2004 2:59,43,2.461747392,35,-2,-31,1
2/12/2004 3:00,43,2.485296724,33,-1,-31,1
2/12/2004 3:01,43,2.508846056,32,-1,-31,1
2/12/2004 3:02,43,2.532395388,30,-1,-30,1
2/12/2004 3:03,43,2.525032904,28,-2,-30,1
2/12/2004 3:04,43,2.51767042,28,-2,-30,1
2/12/2004 3:05,43,2.510307936,28,-1,-29,1
2/12/2004 3:06,43,2.502945452,28,-1,-29,1
2/12/2004 3:07,43,2.495582968,28,-1,-28,1
2/12/2004 3:08,43,2.508462522,28,-2,-28,1
2/12/2004 3:09,43,2.521342076,28,-2,-28,1
2/12/2004 3:10,43,2.53422163,28,-2,-27,1
2/12/2004 3:11,43,2.547101184,29,-1,-26,1
2/12/2004 3:12,43,2.559980738,29,-1,-26,1
2/12/2004 3:13,43,2.546131541,29,-1,-25,1
2/12/2004 3:14,43,2.532282344,27,-2,-24,1
2/12/2004 3:15,43,2.518433147,27,-2,-24,1
2/12/2004 3:16,43,2.50458395,26,-2,-23,1
2/12/2004 3:17,43,2.490734753,27,-2,-23,1
2/12/2004 3:18,43,2.494839725,24,-2,-22,1
2/12/2004 3:19,43,2.498944696,25,-2,-22,1
2/12/2004 3:20,43,2.503049667,24,-2,-22,1
2/12/2004 3:21,43,2.507154638,24,-2,-22,1
2/12/2004 3:22,43,2.511259609,26,-2,-21,1
2/12/2004 3:23,43,2.509143768,27,-1,-21,1
2/12/2004 3:24,43,2.507027927,25,-1,-20,1
2/12/2004 3:25,43,2.504912086,26,-1,-21,1
2/12/2004 3:26,43,2.502796245,26,-1,-21,1
2/12/2004 3:27,43,2.500680404,26,-1,-22,1
2/12/2004 3:28,43,2.501716947,26,-1,-22,1
2/12/2004 3:29,43,2.502753489,28,-1,-23,1
2/12/2004 3:30,43,2.503790032,30,-1,-23,1
2/12/2004 3:31,43,2.504826575,32,-1,-22,1
2/12/2004 3:32,43,2.505863118,33,-1,-22,1
2/12/2004 3:33,43,2.517369102,34,-1,-22,1
2/12/2004 3:34,43,2.528875087,34,-1,-21,1
2/12/2004 3:35,43,2.540381071,35,-1,-22,1
2/12/2004 3:36,43,2.551887056,35,-1,-23,1
2/12/2004 3:37,43,2.56339304,36,-1,-24,1
2/12/2004 3:38,43,2.550200647,37,-1,-26,1
2/12/2004 3:39,43,2.537008253,38,-1,-27,1
2/12/2004 3:40,43,2.52381586,38,-1,-28,1
2/12/2004 3:41,43,2.510623466,39,-1,-28,1
2/12/2004 3:42,43,2.497431073,43,0,-29,1
2/12/2004 3:43,43,2.506198455,44,0,-29,1
2/12/2004 3:44,43,2.514965838,48,0,-31,1
2/12/2004 3:45,43,2.52373322,48,0,-32,1
2/12/2004 3:46,43,2.532500603,48,-1,-33,1
2/12/2004 3:47,43,2.541267985,50,-1,-34,1
2/12/2004 3:48,43,2.509296948,51,-1,-35,1
2/12/2004 3:49,43,2.47732591,51,-1,-36,1
2/12/2004 3:50,43,2.445354873,52,-1,-37,1
2/12/2004 3:51,43,2.413383835,52,-2,-38,1
2/12/2004 3:52,43,2.381412798,52,-2,-38,1
2/12/2004 3:53,43,2.388396768,52,-3,-39,1
2/12/2004 3:54,43,2.395380738,50,-3,-39,1
2/12/2004 3:55,43,2.402364709,50,-3,-39,1
2/12/2004 3:56,43,2.409348679,50,-3,-39,1
2/12/2004 3:57,43,2.41633265,49,-3,-38,1
2/12/2004 3:58,43,2.452658994,49,-3,-38,1
2/12/2004 3:59,43,2.488985338,50,-2,-37,1
2/12/2004 4:00,43,2.525311683,52,-2,-36,1
2/12/2004 4:01,43,2.561638027,51,-2,-35,1
2/12/2004 4:02,43,2.597964372,50,-2,-34,1
2/12/2004 4:03,43,2.573984153,48,-2,-33,1
2/12/2004 4:04,43,2.550003935,49,-2,-33,1
2/12/2004 4:05,43,2.526023717,48,-2,-33,1
2/12/2004 4:06,43,2.502043499,47,-2,-32,1
2/12/2004 4:07,43,2.47806328,45,-2,-32,1
2/12/2004 4:08,43,2.46586737,44,-3,-33,1
2/12/2004 4:09,43,2.453671459,43,-2,-33,1
2/12/2004 4:10,43,2.441475548,43,-2,-34,1
2/12/2004 4:11,43,2.429279637,44,-2,-34,1
2/12/2004 4:12,43,2.417083726,44,-2,-33,1
2/12/2004 4:13,43,2.382109764,43,-2,-32,1
2/12/2004 4:14,43,2.347135802,44,-2,-31,1
2/12/2004 4:15,43,2.31216184,44,-1,-30,1
2/12/2004 4:16,43,2.277187878,45,-1,-28,1
2/12/2004 4:17,43,2.242213916,44,-1,-26,1
2/12/2004 4:18,43,2.201514329,43,-1,-24,1
2/12/2004 4:19,43,2.160814743,41,-1,-25,1
2/12/2004 4:20,43,2.120115156,39,-1,-25,1
2/12/2004 4:21,43,2.07941557,38,-1,-26,1
2/12/2004 4:22,43,2.038715983,37,-1,-26,1
2/12/2004 4:23,43,1.981116686,38,0,-25,1
2/12/2004 4:24,43,1.923517389,39,0,-25,1
2/12/2004 4:25,43,1.865918092,37,0,-24,1
2/12/2004 4:26,43,1.808318795,36,0,-23,1
2/12/2004 4:27,43,1.750719497,37,0,-24,1
2/12/2004 4:28,43,1.749655949,36,0,-25,1
2/12/2004 4:29,43,1.748592401,36,0,-26,1
2/12/2004 4:30,43,1.747528853,38,1,-26,1
2/12/2004 4:31,43,1.746465305,39,0,-26,1
2/12/2004 4:32,43,1.745401757,40,0,-27,1
2/12/2004 4:33,43,1.700365255,42,0,-27,1
2/12/2004 4:34,43,1.655328753,43,0,-29,1
2/12/2004 4:35,43,1.610292251,45,0,-30,1
2/12/2004 4:36,43,1.565255748,45,0,-31,1
2/12/2004 4:37,43,1.520219246,46,0,-32,1
2/12/2004 4:38,43,1.50939248,47,0,-33,1
2/12/2004 4:39,43,1.498565713,49,0,-34,1
2/12/2004 4:40,43,1.487738947,52,1,-36,1
2/12/2004 4:41,43,1.47691218,53,2,-37,1
2/12/2004 4:42,43,1.466085414,55,2,-38,1
2/12/2004 4:43,43,1.49636959,56,2,-38,1
2/12/2004 4:44,43,1.526653767,56,2,-39,1
2/12/2004 4:45,43,1.556937943,56,2,-39,1
2/12/2004 4:46,43,1.587222119,56,2,-39,1
2/12/2004 4:47,43,1.617506295,55,2,-39,1
2/12/2004 4:48,43,1.616224667,53,2,-38,1
2/12/2004 4:49,43,1.61494304,52,2,-37,1
2/12/2004 4:50,43,1.613661412,49,2,-37,1
2/12/2004 4:51,43,1.612379784,49,2,-36,1
2/12/2004 4:52,43,1.611098157,49,2,-36,1
2/12/2004 4:53,43,1.638151718,49,3,-35,1
2/12/2004 4:54,43,1.66520528,50,2,-36,1
2/12/2004 4:55,43,1.692258842,49,2,-36,1
2/12/2004 4:56,43,1.719312403,49,2,-36,1
2/12/2004 4:57,43,1.746365965,49,2,-36,1
2/12/2004 4:58,43,1.733653987,50,2,-36,1
2/12/2004 4:59,43,1.720942009,52,2,-37,1
2/12/2004 5:00,43,1.708230031,52,2,-37,1
2/12/2004 5:01,43,1.695518053,52,2,-37,1
2/12/2004 5:02,43,1.682806074,52,3,-37,1
2/12/2004 5:03,43,1.668468681,52,3,-37,1
2/12/2004 5:04,43,1.654131287,51,2,-36,1
2/12/2004 5:05,43,1.639793893,51,3,-35,1
2/12/2004 5:06,43,1.625456499,50,3,-35,1
2/12/2004 5:07,43,1.611119105,48,3,-35,1
2/12/2004 5:08,43,1.61087015,49,3,-34,1
2/12/2004 5:09,43,1.610621195,48,3,-34,1
2/12/2004 5:10,43,1.610372239,50,3,-34,1
2/12/2004 5:11,43,1.610123284,50,3,-33,1
2/12/2004 5:12,43,1.609874329,50,3,-34,1
2/12/2004 5:13,43,1.575445905,49,3,-34,1
2/12/2004 5:14,43,1.54101748,51,3,-34,1
2/12/2004 5:15,43,1.506589056,51,3,-35,1
2/12/2004 5:16,43,1.472160631,51,3,-35,1
2/12/2004 5:17,43,1.437732207,51,3,-35,1
2/12/2004 5:18,43,1.422402957,50,3,-34,1
2/12/2004 5:19,43,1.407073707,50,3,-34,1
2/12/2004 5:20,43,1.391744456,50,2,-34,1
2/12/2004 5:21,43,1.376415206,49,2,-34,1
2/12/2004 5:22,43,1.361085956,50,2,-34,1
2/12/2004 5:23,43,1.347788781,52,2,-34,1
2/12/2004 5:24,43,1.334491605,50,3,-34,1
2/12/2004 5:25,43,1.321194429,52,3,-33,1
2/12/2004 5:26,43,1.307897254,52,3,-33,1
2/12/2004 5:27,43,1.294600078,51,3,-33,1
2/12/2004 5:28,43,1.294729698,50,3,-35,1
2/12/2004 5:29,43,1.294859319,50,3,-35,1
2/12/2004 5:30,43,1.294988939,49,3,-34,1
2/12/2004 5:31,43,1.295118559,48,4,-34,1
2/12/2004 5:32,43,1.29524818,49,4,-33,1
2/12/2004 5:33,43,1.27692634,49,4,-34,1
2/12/2004 5:34,43,1.258604501,49,3,-36,1
2/12/2004 5:35,43,1.240282662,49,3,-39,1
2/12/2004 5:36,43,1.221960822,49,4,-41,1
2/12/2004 5:37,43,1.203638983,49,4,-43,1
2/12/2004 5:38,43,1.182555064,49,5,-44,1
2/12/2004 5:39,43,1.161471146,49,6,-45,1
2/12/2004 5:40,43,1.140387227,49,6,-45,1
2/12/2004 5:41,43,1.119303309,49,6,-46,1
2/12/2004 5:42,43,1.09821939,49,6,-48,1
2/12/2004 5:43,43,1.110959266,50,6,-48,1
2/12/2004 5:44,43,1.123699143,50,6,-50,1
2/12/2004 5:45,43,1.136439019,50,6,-51,1
2/12/2004 5:46,43,1.149178895,51,7,-52,1
2/12/2004 5:47,43,1.161918771,52,7,-53,1
2/12/2004 5:48,43,1.163370488,52,7,-54,1
2/12/2004 5:49,43,1.164822205,53,8,-54,1
2/12/2004 5:50,43,1.166273922,53,8,-55,1
2/12/2004 5:51,43,1.167725639,54,9,-56,1
2/12/2004 5:52,43,1.169177355,56,9,-57,1
2/12/2004 5:53,43,1.162250617,56,9,-57,1
2/12/2004 5:54,43,1.155323878,57,10,-58,1
2/12/2004 5:55,43,1.148397139,58,10,-58,1
2/12/2004 5:56,43,1.1414704,58,10,-59,1
2/12/2004 5:57,43,1.134543661,60,10,-59,1
2/12/2004 5:58,43,1.11603282,61,10,-59,1
2/12/2004 5:59,43,1.097521978,63,10,-60,1
2/12/2004 6:00,43,1.079011137,65,10,-60,1
2/12/2004 6:01,43,1.060500296,65,11,-60,1
2/12/2004 6:02,43,1.041989454,63,10,-60,1
2/12/2004 6:03,43,1.040004043,64,11,-59,1
2/12/2004 6:04,43,1.038018631,65,11,-59,1
2/12/2004 6:05,43,1.03603322,64,11,-59,1
2/12/2004 6:06,43,1.034047808,63,11,-58,1
2/12/2004 6:07,43,1.032062397,63,12,-58,1
2/12/2004 6:08,43,1.025209705,63,12,-57,1
2/12/2004 6:09,43,1.018357013,62,12,-56,1
2/12/2004 6:10,43,1.011504322,61,12,-56,1
2/12/2004 6:11,43,1.00465163,60,12,-55,1
2/12/2004 6:12,43,0.997798938,59,12,-54,1
2/12/2004 6:13,43,0.97419162,60,12,-54,1
2/12/2004 6:14,43,0.950584302,60,12,-53,1
2/12/2004 6:15,43,0.926976983,60,12,-53,1
2/12/2004 6:16,43,0.903369665,60,12,-52,1
2/12/2004 6:17,43,0.879762347,58,12,-51,1
2/12/2004 6:18,43,0.855967269,57,11,-50,1
2/12/2004 6:19,43,0.832172192,57,10,-48,1
2/12/2004 6:20,43,0.808377115,56,10,-47,1
2/12/2004 6:21,43,0.784582038,55,10,-46,1
2/12/2004 6:22,43,0.76078696,57,10,-44,1
2/12/2004 6:23,43,0.779933509,56,9,-43,1
2/12/2004 6:24,43,0.799080057,54,9,-42,1
2/12/2004 6:25,43,0.818226606,55,8,-41,1
2/12/2004 6:26,43,0.837373154,55,8,-39,1
2/12/2004 6:27,43,0.856519702,55,8,-37,1
2/12/2004 6:28,43,0.832417531,54,8,-36,1
2/12/2004 6:29,43,0.80831536,56,9,-35,1
2/12/2004 6:30,43,0.784213189,56,8,-34,1
2/12/2004 6:31,43,0.760111018,55,8,-35,1
2/12/2004 6:32,43,0.736008846,56,8,-35,1
2/12/2004 6:33,43,0.733027029,57,8,-36,1
2/12/2004 6:34,43,0.730045211,58,9,-36,1
2/12/2004 6:35,43,0.727063394,61,9,-35,1
2/12/2004 6:36,43,0.724081576,61,9,-34,1
2/12/2004 6:37,43,0.721099758,61,10,-35,1
2/12/2004 6:38,43,0.740067095,61,10,-35,1
2/12/2004 6:39,43,0.759034431,63,10,-37,1
2/12/2004 6:40,43,0.778001767,62,10,-38,1
2/12/2004 6:41,43,0.796969104,60,10,-39,1
2/12/2004 6:42,43,0.81593644,62,10,-40,1
2/12/2004 6:43,43,0.784592349,62,10,-40,1
2/12/2004 6:44,43,0.753248259,62,11,-40,1
2/12/2004 6:45,43,0.721904168,63,11,-41,1
2/12/2004 6:46,43,0.690560077,61,11,-43,1
2/12/2004 6:47,43,0.659215987,61,11,-44,1
2/12/2004 6:48,43,0.649558177,61,11,-44,1
2/12/2004 6:49,43,0.639900367,61,12,-44,1
2/12/2004 6:50,43,0.630242558,60,12,-45,1
2/12/2004 6:51,43,0.620584748,57,13,-45,1
2/12/2004 6:52,43,0.610926939,58,13,-45,1
2/12/2004 6:53,43,0.594628743,57,13,-44,1
2/12/2004 6:54,43,0.578330547,56,13,-43,1
2/12/2004 6:55,43,0.562032351,55,14,-43,1
2/12/2004 6:56,43,0.545734155,55,13,-42,1
2/12/2004 6:57,43,0.529435959,55,13,-42,1
2/12/2004 6:58,43,0.517826013,55,13,-41,1
2/12/2004 6:59,43,0.506216067,57,13,-41,1
2/12/2004 7:00,43,0.494606121,55,13,-40,1
2/12/2004 7:01,43,0.482996175,56,12,-40,1
2/12/2004 7:02,43,0.471386229,56,12,-40,1
2/12/2004 7:03,43,0.467277919,57,12,-40,1
2/12/2004 7:04,43,0.463169608,58,12,-39,1
2/12/2004 7:05,43,0.459061298,59,12,-39,1
2/12/2004 7:06,43,0.454952988,58,12,-39,1
2/12/2004 7:07,43,0.450844678,59,11,-39,1
2/12/2004 7:08,43,0.433009389,61,11,-39,1
2/12/2004 7:09,43,0.415174101,59,12,-39,1
2/12/2004 7:10,43,0.397338812,61,11,-39,1
2/12/2004 7:11,43,0.379503524,62,11,-40,1
2/12/2004 7:12,43,0.361668236,63,11,-41,1
2/12/2004 7:13,43,0.339142343,64,11,-42,1
2/12/2004 7:14,43,0.316616451,65,11,-43,1
2/12/2004 7:15,43,0.294090559,67,11,-45,1
2/12/2004 7:16,43,0.271564667,66,11,-46,1
2/12/2004 7:17,43,0.249038775,65,12,-47,1
2/12/2004 7:18,43,0.24646047,63,13,-46,1
2/12/2004 7:19,43,0.243882166,64,13,-45,1
2/12/2004 7:20,43,0.241303862,64,13,-44,1
2/12/2004 7:21,43,0.238725557,64,13,-44,1
2/12/2004 7:22,43,0.236147253,64,13,-44,1
2/12/2004 7:23,43,0.269619587,65,13,-45,1
2/12/2004 7:24,43,0.303091921,65,13,-46,1
2/12/2004 7:25,43,0.336564256,65,14,-45,1
2/12/2004 7:26,43,0.37003659,65,13,-45,1
2/12/2004 7:27,43,0.403508924,65,14,-45,1
2/12/2004 7:28,43,0.418898878,68,14,-46,1
2/12/2004 7:29,43,0.434288832,68,13,-48,1
2/12/2004 7:30,43,0.449678786,71,13,-49,1
2/12/2004 7:31,43,0.465068739,70,13,-50,1
2/12/2004 7:32,43,0.480458693,71,13,-52,1
2/12/2004 7:33,43,0.45438348,69,13,-53,1
2/12/2004 7:34,43,0.428308268,70,13,-55,1
2/12/2004 7:35,43,0.402233055,69,13,-54,1
2/12/2004 7:36,43,0.376157842,69,13,-55,1
2/12/2004 7:37,43,0.350082629,67,14,-55,1
2/12/2004 7:38,43,0.333346041,68,14,-56,1
2/12/2004 7:39,43,0.316609452,67,12,-59,1
2/12/2004 7:40,43,0.299872864,67,12,-60,1
2/12/2004 7:41,43,0.283136275,64,12,-61,1
2/12/2004 7:42,43,0.266399687,64,13,-61,1
2/12/2004 7:43,43,0.26894774,67,13,-61,1
2/12/2004 7:44,43,0.271495793,67,13,-61,1
2/12/2004 7:45,43,0.274043846,65,13,-61,1
2/12/2004 7:46,43,0.276591899,66,12,-61,1
2/12/2004 7:47,43,0.279139952,66,12,-62,1
2/12/2004 7:48,43,0.303528085,66,12,-62,1
2/12/2004 7:49,43,0.327916218,64,13,-62,1
2/12/2004 7:50,43,0.352304351,64,13,-62,1
2/12/2004 7:51,43,0.376692484,63,13,-61,1
2/12/2004 7:52,43,0.401080617,64,12,-61,1
2/12/2004 7:53,43,0.441112146,64,13,-61,1
2/12/2004 7:54,43,0.481143676,64,12,-61,1
2/12/2004 7:55,43,0.521175205,63,12,-61,1
2/12/2004 7:56,43,0.561206734,63,11,-61,1
2/12/2004 7:57,43,0.601238264,64,12,-60,1
2/12/2004 7:58,43,0.6557005,64,12,-60,1
2/12/2004 7:59,43,0.710162735,64,12,-59,1
2/12/2004 8:00,43,0.764624971,65,11,-59,1
2/12/2004 8:01,43,0.819087207,65,11,-59,1
2/12/2004 8:02,43,0.873549443,65,11,-59,1
2/12/2004 8:03,43,0.877687677,65,11,-57,1
2/12/2004 8:04,43,0.88182591,66,11,-55,1
2/12/2004 8:05,43,0.885964144,65,11,-55,1
2/12/2004 8:06,43,0.890102377,65,11,-54,1
2/12/2004 8:07,43,0.894240611,65,10,-55,1
2/12/2004 8:08,43,0.948260401,66,10,-57,1
2/12/2004 8:09,43,1.002280192,67,10,-58,1
2/12/2004 8:10,43,1.056299982,68,9,-59,1
2/12/2004 8:11,43,1.110319773,70,10,-58,1
2/12/2004 8:12,43,1.164339564,70,9,-58,1
2/12/2004 8:13,43,1.188309621,69,9,-58,1
2/12/2004 8:14,43,1.212279678,69,9,-59,1
2/12/2004 8:15,43,1.236249735,67,8,-60,1
2/12/2004 8:16,43,1.260219792,66,8,-61,1
2/12/2004 8:17,43,1.284189849,66,8,-60,1
2/12/2004 8:18,43,1.311191105,66,9,-59,1
2/12/2004 8:19,43,1.338192361,67,8,-59,1
2/12/2004 8:20,43,1.365193617,67,8,-58,1
2/12/2004 8:21,43,1.392194873,65,8,-58,1
2/12/2004 8:22,43,1.419196129,64,7,-59,1
2/12/2004 8:23,43,1.409560624,63,7,-59,1
2/12/2004 8:24,43,1.399925119,63,8,-59,1
2/12/2004 8:25,43,1.390289614,63,8,-58,1
2/12/2004 8:26,43,1.380654109,62,8,-58,1
2/12/2004 8:27,43,1.371018604,61,8,-58,1
2/12/2004 8:28,43,1.40105776,61,7,-58,1
2/12/2004 8:29,43,1.431096915,61,7,-57,1
2/12/2004 8:30,43,1.46113607,61,7,-57,1
2/12/2004 8:31,43,1.491175225,61,7,-57,1
2/12/2004 8:32,43,1.521214381,60,7,-57,1
2/12/2004 8:33,43,1.49144534,61,6,-57,1
2/12/2004 8:34,43,1.461676299,61,6,-57,1
2/12/2004 8:35,43,1.431907258,60,6,-57,1
2/12/2004 8:36,43,1.402138217,59,6,-57,1
2/12/2004 8:37,43,1.372369176,60,6,-57,1
2/12/2004 8:38,43,1.399911699,60,6,-57,1
2/12/2004 8:39,43,1.427454223,61,6,-56,1
2/12/2004 8:40,43,1.454996746,62,6,-55,1
2/12/2004 8:41,43,1.482539269,61,6,-55,1
2/12/2004 8:42,43,1.510081792,60,6,-55,1
2/12/2004 8:43,43,1.500644331,60,6,-54,1
2/12/2004 8:44,43,1.491206869,60,6,-54,1
2/12/2004 8:45,43,1.481769408,60,6,-55,1
2/12/2004 8:46,43,1.472331947,59,5,-55,1
2/12/2004 8:47,43,1.462894486,58,5,-55,1
2/12/2004 8:48,43,1.430683636,57,5,-54,1
2/12/2004 8:49,43,1.398472787,55,5,-54,1
2/12/2004 8:50,43,1.366261938,54,4,-54,1
2/12/2004 8:51,43,1.334051089,52,4,-54,1
2/12/2004 8:52,43,1.30184024,52,4,-54,1
2/12/2004 8:53,43,1.259376298,51,4,-53,1
2/12/2004 8:54,43,1.216912356,51,4,-52,1
2/12/2004 8:55,43,1.174448414,53,4,-51,1
2/12/2004 8:56,43,1.131984472,55,4,-51,1
2/12/2004 8:57,43,1.089520531,52,4,-51,1
2/12/2004 8:58,43,1.075394923,49,4,-50,1
2/12/2004 8:59,43,1.061269315,50,4,-51,1
2/12/2004 9:00,43,1.047143707,51,4,-51,1
2/12/2004 9:01,43,1.0330181,51,5,-51,1
2/12/2004 9:02,43,1.018892492,54,5,-51,1
2/12/2004 9:03,43,0.993383545,50,5,-52,1
2/12/2004 9:04,43,0.967874598,52,6,-52,1
2/12/2004 9:05,43,0.942365652,51,6,-52,1
2/12/2004 9:06,43,0.916856705,49,6,-52,1
2/12/2004 9:07,43,0.891347758,47,6,-53,1
2/12/2004 9:08,43,0.847989552,48,7,-53,1
2/12/2004 9:09,43,0.804631346,48,6,-54,1
2/12/2004 9:10,43,0.76127314,49,6,-55,1
2/12/2004 9:11,43,0.717914935,49,6,-56,1
2/12/2004 9:12,43,0.674556729,46,5,-56,1
2/12/2004 9:13,43,0.658568312,45,6,-55,1
2/12/2004 9:14,43,0.642579895,44,6,-54,1
2/12/2004 9:15,43,0.626591479,44,5,-53,1
2/12/2004 9:16,43,0.610603062,43,5,-52,1
2/12/2004 9:17,43,0.594614645,43,5,-53,1
2/12/2004 9:18,43,0.556408391,42,5,-53,1
2/12/2004 9:19,43,0.518202137,42,4,-52,1
2/12/2004 9:20,43,0.479995883,43,4,-52,1
2/12/2004 9:21,43,0.441789629,41,3,-50,1
2/12/2004 9:22,43,0.403583375,40,3,-48,1
2/12/2004 9:23,43,0.4005991,43,2,-47,1
2/12/2004 9:24,43,0.397614824,42,2,-48,1
2/12/2004 9:25,43,0.394630548,41,2,-47,1
2/12/2004 9:26,43,0.391646273,40,2,-46,1
2/12/2004 9:27,43,0.388661997,37,2,-45,1
2/12/2004 9:28,43,0.367670132,37,1,-45,1
2/12/2004 9:29,43,0.346678266,37,1,-45,1
2/12/2004 9:30,43,0.3256864,38,1,-46,1
2/12/2004 9:31,43,0.304694535,38,1,-46,1
2/12/2004 9:32,43,0.283702669,39,2,-45,1
2/12/2004 9:33,43,0.320845685,40,2,-44,1
2/12/2004 9:34,43,0.357988702,42,2,-43,1
2/12/2004 9:35,43,0.395131718,44,2,-44,1
2/12/2004 9:36,43,0.432274734,45,2,-44,1
2/12/2004 9:37,43,0.46941775,45,2,-44,1
2/12/2004 9:38,43,0.482635725,41,2,-44,1
2/12/2004 9:39,43,0.495853699,43,2,-44,1
2/12/2004 9:40,43,0.509071673,44,3,-44,1
2/12/2004 9:41,43,0.522289647,45,3,-44,1
2/12/2004 9:42,43,0.535507621,47,2,-44,1
2/12/2004 9:43,43,0.529100231,48,2,-45,1
2/12/2004 9:44,43,0.522692841,54,3,-46,1
2/12/2004 9:45,43,0.516285451,54,4,-45,1
2/12/2004 9:46,43,0.509878061,53,4,-44,1
2/12/2004 9:47,43,0.503470671,52,3,-44,1
2/12/2004 9:48,43,0.545705272,52,3,-46,1
2/12/2004 9:49,43,0.587939874,50,4,-47,1
2/12/2004 9:50,43,0.630174475,50,4,-47,1
2/12/2004 9:51,43,0.672409077,48,4,-48,1
2/12/2004 9:52,43,0.714643679,48,3,-49,1
2/12/2004 9:53,43,0.68811066,47,3,-48,1
2/12/2004 9:54,43,0.661577641,46,3,-48,1
2/12/2004 9:55,43,0.635044623,46,2,-48,1
2/12/2004 9:56,43,0.608511604,45,2,-48,1
2/12/2004 9:57,43,0.581978585,45,2,-47,1
2/12/2004 9:58,43,0.612207439,45,2,-45,1
2/12/2004 9:59,43,0.642436293,46,2,-44,1
2/12/2004 10:00,43,0.672665147,45,2,-43,1
2/12/2004 10:01,43,0.702894001,43,1,-43,1
2/12/2004 10:02,43,0.733122855,44,2,-43,1
2/12/2004 10:03,43,0.741116331,44,2,-44,1
2/12/2004 10:04,43,0.749109807,44,2,-45,1
2/12/2004 10:05,43,0.757103283,43,2,-45,1
2/12/2004 10:06,43,0.765096759,45,2,-44,1
2/12/2004 10:07,43,0.773090234,45,2,-46,1
2/12/2004 10:08,43,0.769046653,45,2,-46,1
2/12/2004 10:09,43,0.765003072,45,2,-46,1
2/12/2004 10:10,43,0.76095949,46,2,-46,1
2/12/2004 10:11,43,0.756915909,46,2,-47,1
2/12/2004 10:12,43,0.752872327,45,2,-47,1
2/12/2004 10:13,43,0.732394831,43,3,-47,1
2/12/2004 10:14,43,0.711917335,43,2,-48,1
2/12/2004 10:15,43,0.691439839,43,3,-49,1
2/12/2004 10:16,43,0.670962343,44,3,-49,1
2/12/2004 10:17,43,0.650484847,43,3,-50,1
2/12/2004 10:18,43,0.654157083,43,3,-52,1
2/12/2004 10:19,43,0.657829319,41,2,-53,1
2/12/2004 10:20,43,0.661501555,41,2,-53,1
2/12/2004 10:21,43,0.665173791,40,2,-54,1
2/12/2004 10:22,43,0.668846027,40,1,-54,1
2/12/2004 10:23,43,0.628201683,39,1,-55,1
2/12/2004 10:24,43,0.587557339,38,0,-55,1
2/12/2004 10:25,43,0.546912995,35,0,-55,1
2/12/2004 10:26,43,0.506268651,34,-1,-55,1
2/12/2004 10:27,43,0.465624307,32,-1,-55,1
2/12/2004 10:28,43,0.472417251,32,-1,-56,1
2/12/2004 10:29,43,0.479210194,31,-2,-56,1
2/12/2004 10:30,43,0.486003138,31,-3,-56,1
2/12/2004 10:31,43,0.492796082,29,-3,-55,1
2/12/2004 10:32,43,0.499589026,30,-3,-54,1
2/12/2004 10:33,43,0.478092888,26,-3,-54,1
2/12/2004 10:34,43,0.45659675,26,-3,-53,1
2/12/2004 10:35,43,0.435100613,22,-3,-54,1
2/12/2004 10:36,43,0.413604475,22,-4,-55,1
2/12/2004 10:37,43,0.392108338,25,-4,-55,1
2/12/2004 10:38,43,0.373503635,23,-4,-55,1
2/12/2004 10:39,43,0.354898932,21,-3,-57,1
2/12/2004 10:40,43,0.336294229,22,-3,-58,1
2/12/2004 10:41,43,0.317689526,24,-3,-58,1
2/12/2004 10:42,43,0.299084823,23,-2,-59,1
2/12/2004 10:43,43,0.289978272,23,-2,-58,1
2/12/2004 10:44,43,0.280871722,24,-2,-57,1
2/12/2004 10:45,43,0.271765172,23,-2,-55,1
2/12/2004 10:46,43,0.262658621,23,-2,-53,1
2/12/2004 10:47,43,0.253552071,26,-2,-53,1
2/12/2004 10:48,43,0.238046742,28,-2,-53,1
2/12/2004 10:49,43,0.222541413,31,-2,-53,1
2/12/2004 10:50,43,0.207036084,31,-1,-53,1
2/12/2004 10:51,43,0.191530754,30,-1,-51,1
2/12/2004 10:52,43,0.176025425,30,-1,-51,1
2/12/2004 10:53,43,0.197398545,31,-2,-51,1
2/12/2004 10:54,43,0.218771664,31,-2,-52,1
2/12/2004 10:55,43,0.240144784,28,-2,-52,1
2/12/2004 10:56,43,0.261517903,29,-3,-52,1
2/12/2004 10:57,43,0.282891023,27,-2,-52,1
2/12/2004 10:58,43,0.284449153,28,-2,-52,1
2/12/2004 10:59,43,0.286007284,27,-2,-53,1
2/12/2004 11:00,43,0.287565414,28,-3,-52,1
2/12/2004 11:01,43,0.289123544,31,-3,-50,1
2/12/2004 11:02,43,0.290681675,33,-3,-50,1
2/12/2004 11:03,43,0.278547188,34,-3,-51,1
2/12/2004 11:04,43,0.266412701,35,-2,-51,1
2/12/2004 11:05,43,0.254278215,37,-2,-51,1
2/12/2004 11:06,43,0.242143728,37,-2,-51,1
2/12/2004 11:07,43,0.230009241,37,-2,-51,1
2/12/2004 11:08,43,0.23299762,40,-1,-52,1
2/12/2004 11:09,43,0.235985998,43,0,-52,1
2/12/2004 11:10,43,0.238974377,41,-1,-52,1
2/12/2004 11:11,43,0.241962755,40,-1,-50,1
2/12/2004 11:12,43,0.244951134,40,-1,-48,1
2/12/2004 11:13,43,0.246488325,45,-1,-48,1
2/12/2004 11:14,43,0.248025516,43,-1,-51,1
2/12/2004 11:15,43,0.249562707,39,-2,-54,1
2/12/2004 11:16,43,0.251099898,39,-3,-53,1
2/12/2004 11:17,43,0.252637089,39,-3,-52,1
2/12/2004 11:18,43,0.24663429,40,-3,-52,1
2/12/2004 11:19,43,0.240631491,40,-2,-53,1
2/12/2004 11:20,43,0.234628693,38,-1,-54,1
2/12/2004 11:21,43,0.228625894,37,-1,-52,1
2/12/2004 11:22,43,0.222623096,37,-1,-52,1
2/12/2004 11:23,43,0,37,-1,-54,1
2/12/2004 11:24,43,0,37,-1,-55,1
2/12/2004 11:25,43,0,34,-2,-55,1
2/12/2004 11:26,43,0,35,-2,-54,1
2/12/2004 11:27,43,0,35,-1,-54,1
2/12/2004 11:28,43,0,34,-1,-55,1
2/12/2004 11:29,43,0,36,-1,-55,1
2/12/2004 11:30,43,0,35,-1,-55,1
2/12/2004 11:31,43,0,34,-1,-53,1
2/12/2004 11:32,43,0,32,-2,-52,1
2/12/2004 11:33,43,0,33,-2,-51,1
2/12/2004 11:34,43,0,32,-2,-51,1
2/12/2004 11:35,43,0,34,-2,-51,1
2/12/2004 11:36,43,0,35,-2,-51,1
2/12/2004 11:37,43,0,36,-2,-51,1
2/12/2004 11:38,43,0,36,-2,-52,1
2/12/2004 11:39,43,0,36,-2,-53,1
2/12/2004 11:40,43,0,35,-2,-53,1
2/12/2004 11:41,43,0,35,-3,-53,1
2/12/2004 11:42,43,0,34,-2,-53,1
2/12/2004 11:43,43,0,35,-3,-53,1
2/12/2004 11:44,43,0,34,-3,-52,1
2/12/2004 11:45,43,0,33,-3,-51,1
2/12/2004 11:46,43,0,34,-3,-52,1
2/12/2004 11:47,43,0,32,-3,-52,1
2/12/2004 11:48,43,0,35,-3,-52,1
2/12/2004 11:49,43,0,34,-3,-51,1
2/12/2004 11:50,43,0,34,-3,-50,1
2/12/2004 11:51,43,0,35,-4,-49,1
2/12/2004 11:52,43,0,34,-4,-49,1
2/12/2004 11:53,43,0,35,-4,-49,1
2/12/2004 11:54,43,0,40,-4,-48,1
2/12/2004 11:55,43,0,41,-3,-48,1
2/12/2004 11:56,43,0,43,-2,-50,1
2/12/2004 11:57,43,0,42,-1,-49,1
2/12/2004 11:58,43,0,40,-1,-49,1
2/12/2004 11:59,43,0,40,-2,-47,1
2/12/2004 12:00,43,0,40,-2,-47,1
2/12/2004 12:01,43,0,40,-3,-48,1
2/12/2004 12:02,43,0,41,-2,-48,1
2/12/2004 12:03,43,0,41,-2,-47,1
2/12/2004 12:04,43,0,42,-2,-48,1
2/12/2004 12:05,43,0,39,-2,-49,1
2/12/2004 12:06,43,0,39,-2,-51,1
2/12/2004 12:07,43,0,37,-3,-51,1
2/12/2004 12:08,43,0,38,-3,-51,1
2/12/2004 12:09,43,0,38,-3,-52,1
2/12/2004 12:10,43,0,37,-3,-52,1
2/12/2004 12:11,43,0,36,-3,-52,1
2/12/2004 12:12,43,0,36,-3,-52,1
2/12/2004 12:13,43,0,37,-4,-51,1
2/12/2004 12:14,43,0,37,-3,-50,1
2/12/2004 12:15,43,0,36,-3,-50,1
2/12/2004 12:16,43,0,35,-4,-52,1
2/12/2004 12:17,43,0,34,-4,-51,1
2/12/2004 12:18,43,0,36,-4,-50,1
2/12/2004 12:19,43,0,35,-4,-51,1
2/12/2004 12:20,43,0,35,-3,-49,1
2/12/2004 12:21,43,0,36,-3,-48,1
2/12/2004 12:22,43,0,37,-3,-48,1
2/12/2004 12:23,43,0,36,-3,-49,1
2/12/2004 12:24,43,0,36,-3,-48,1
2/12/2004 12:25,43,0,35,-2,-48,1
2/12/2004 12:26,43,0,35,-2,-48,1
2/12/2004 12:27,43,0,32,-2,-48,1
2/12/2004 12:28,43,0,32,-2,-48,1
2/12/2004 12:29,43,0,33,-3,-47,1
2/12/2004 12:30,43,0,34,-3,-47,1
2/12/2004 12:31,43,0,32,-3,-46,1
2/12/2004 12:32,43,0,33,-3,-45,1
2/12/2004 12:33,43,0,32,-3,-45,1
2/12/2004 12:34,43,0,33,-3,-46,1
2/12/2004 12:35,43,0,37,-3,-45,1
2/12/2004 12:36,43,0,38,-3,-44,1
2/12/2004 12:37,43,0,38,-4,-45,1
2/12/2004 12:38,43,0,38,-4,-45,1
2/12/2004 12:39,43,0,38,-4,-44,1
2/12/2004 12:40,43,0,38,-5,-43,1
2/12/2004 12:41,43,0,39,-5,-44,1
2/12/2004 12:42,43,0,39,-5,-43,1
2/12/2004 12:43,43,0,38,-5,-43,1
2/12/2004 12:44,43,0,37,-5,-42,1
2/12/2004 12:45,43,0,35,-5,-41,1
2/12/2004 12:46,43,0,35,-5,-41,1
2/12/2004 12:47,43,0,33,-5,-40,1
2/12/2004 12:48,43,0,33,-5,-41,1
2/12/2004 12:49,43,0,33,-4,-42,1
2/12/2004 12:50,43,0,32,-4,-43,1
2/12/2004 12:51,43,0,32,-4,-42,1
2/12/2004 12:52,43,0,31,-5,-43,1
2/12/2004 12:53,43,0,30,-4,-42,1
2/12/2004 12:54,43,0,28,-5,-41,1
2/12/2004 12:55,43,0,30,-5,-41,1
2/12/2004 12:56,43,0,30,-4,-40,1
2/12/2004 12:57,43,0,28,-3,-40,1
2/12/2004 12:58,43,0,30,-3,-39,1
2/12/2004 12:59,43,0,28,-3,-38,1
2/12/2004 13:00,43,0,28,-4,-37,1
2/12/2004 13:01,43,0,29,-4,-37,1
2/12/2004 13:02,43,0,30,-2,-37,1
2/12/2004 13:03,43,0,29,-2,-37,1
2/12/2004 13:04,43,0,29,-1,-37,1
2/12/2004 13:05,43,0,29,-2,-37,1
2/12/2004 13:06,43,0,28,-2,-38,1
2/12/2004 13:07,43,0,27,-1,-38,1
2/12/2004 13:08,43,0,29,-1,-39,1
2/12/2004 13:09,43,0,30,-1,-39,1
2/12/2004 13:10,43,0,30,0,-39,1
2/12/2004 13:11,43,0,29,-1,-38,1
2/12/2004 13:12,43,0,26,-1,-39,1
2/12/2004 13:13,43,0,29,-1,-38,1
2/12/2004 13:14,43,0,29,-1,-38,1
2/12/2004 13:15,43,0,28,-1,-39,1
2/12/2004 13:16,43,0,30,-2,-40,1
2/12/2004 13:17,43,0,29,-2,-40,1
2/12/2004 13:18,43,0,29,-2,-40,1
2/12/2004 13:19,43,0,27,-3,-40,1
2/12/2004 13:20,43,0,26,-5,-40,1
2/12/2004 13:21,43,0,24,-5,-40,1
2/12/2004 13:22,43,0,22,-6,-39,1
2/12/2004 13:23,43,0,21,-7,-38,1
2/12/2004 13:24,43,0,23,-7,-39,1
2/12/2004 13:25,43,0,24,-6,-39,1
2/12/2004 13:26,43,0,25,-6,-39,1
2/12/2004 13:27,43,0,24,-6,-39,1
2/12/2004 13:28,43,0,25,-6,-38,1
2/12/2004 13:29,43,0,27,-7,-38,1
2/12/2004 13:30,43,0,27,-6,-36,1
2/12/2004 13:31,43,0,30,-6,-38,1
2/12/2004 13:32,43,0,32,-5,-38,1
2/12/2004 13:33,43,0,32,-5,-38,1
2/12/2004 13:34,43,0,32,-6,-39,1
2/12/2004 13:35,43,0,34,-6,-39,1
2/12/2004 13:36,43,0,33,-6,-39,1
2/12/2004 13:37,43,0,32,-6,-38,1
2/12/2004 13:38,43,0,31,-6,-39,1
2/12/2004 13:39,43,0,33,-6,-39,1
2/12/2004 13:40,43,0,31,-7,-38,1
2/12/2004 13:41,43,0,30,-7,-37,1
2/12/2004 13:42,43,0,30,-6,-36,1
2/12/2004 13:43,43,0,33,-5,-37,1
2/12/2004 13:44,43,0,35,-5,-37,1
2/12/2004 13:45,43,0,34,-4,-36,1
2/12/2004 13:46,43,0,34,-4,-35,1
2/12/2004 13:47,43,0,35,-5,-36,1
2/12/2004 13:48,43,0,35,-5,-36,1
2/12/2004 13:49,43,0,34,-5,-36,1
2/12/2004 13:50,43,0,35,-5,-36,1
2/12/2004 13:51,43,0,33,-5,-37,1
2/12/2004 13:52,43,0,31,-5,-37,1
2/12/2004 13:53,43,0,29,-5,-37,1
2/12/2004 13:54,43,0,30,-6,-37,1
2/12/2004 13:55,43,0,28,-7,-36,1
2/12/2004 13:56,43,0,26,-7,-37,1
2/12/2004 13:57,43,0,25,-7,-37,1
2/12/2004 13:58,43,0,24,-7,-37,1
2/12/2004 13:59,43,0,26,-7,-38,1
2/12/2004 14:00,43,0,22,-7,-38,1
2/12/2004 14:01,43,0,21,-7,-38,1
2/12/2004 14:02,43,0,20,-7,-38,1
2/12/2004 14:03,43,0,20,-7,-39,1
2/12/2004 14:04,43,0,20,-6,-39,1
2/12/2004 14:05,43,0,21,-5,-38,1
2/12/2004 14:06,43,0,24,-5,-39,1
2/12/2004 14:07,43,0,23,-5,-40,1
2/12/2004 14:08,43,0,25,-5,-39,1
2/12/2004 14:09,43,0,26,-7,-38,1
2/12/2004 14:10,43,0,22,-7,-39,1
2/12/2004 14:11,43,0,17,-8,-38,1
2/12/2004 14:12,43,0,19,-8,-38,1
2/12/2004 14:13,43,0,20,-8,-37,1
2/12/2004 14:14,43,0,22,-8,-37,1
2/12/2004 14:15,43,0,22,-8,-37,1
2/12/2004 14:16,43,0,21,-8,-38,1
2/12/2004 14:17,43,0,21,-8,-38,1
2/12/2004 14:18,43,0,23,-8,-38,1
2/12/2004 14:19,43,0,24,-9,-37,1
2/12/2004 14:20,43,0,21,-9,-37,1
2/12/2004 14:21,43,0,22,-8,-38,1
2/12/2004 14:22,43,0,22,-8,-37,1
2/12/2004 14:23,43,0,25,-8,-37,1
2/12/2004 14:24,43,0,24,-8,-37,1
2/12/2004 14:25,43,0,25,-7,-38,1
2/12/2004 14:26,43,0,26,-7,-38,1
2/12/2004 14:27,43,0,30,-7,-37,1
2/12/2004 14:28,43,0,31,-8,-36,1
2/12/2004 14:29,43,0,21,-9,-37,1
2/12/2004 14:30,43,0,21,-8,-36,1
2/12/2004 14:31,43,0,21,-7,-36,1
2/12/2004 14:32,43,0,27,-7,-36,1
2/12/2004 14:33,43,0,28,-7,-34,1
2/12/2004 14:34,43,0,25,-6,-35,1
2/12/2004 14:35,43,0,19,-6,-35,1
2/12/2004 14:36,43,0,23,-5,-35,1
2/12/2004 14:37,43,0,29,-5,-35,1
2/12/2004 14:38,43,0,31,-5,-34,1
2/12/2004 14:39,43,0,24,-6,-34,1
2/12/2004 14:40,43,0,19,-6,-34,1
2/12/2004 14:41,43,0,18,-6,-35,1
2/12/2004 14:42,43,0,18,-4,-34,1
2/12/2004 14:43,43,0,25,-3,-33,1
2/12/2004 14:44,43,0,23,-3,-33,1
2/12/2004 14:45,43,0,23,-3,-34,1
2/12/2004 14:46,43,0,21,-3,-35,1
2/12/2004 14:47,43,0,23,-4,-35,1
2/12/2004 14:48,43,0,22,-4,-35,1
2/12/2004 14:49,43,0,19,-4,-35,1
2/12/2004 14:50,43,0,20,-3,-36,1
2/12/2004 14:51,43,0,22,-3,-35,1
2/12/2004 14:52,43,0,24,-3,-36,1
2/12/2004 14:53,43,0,22,-2,-37,1
2/12/2004 14:54,43,0,23,-2,-37,1
2/12/2004 14:55,43,0,25,-3,-37,1
2/12/2004 14:56,43,0,29,-3,-38,1
2/12/2004 14:57,43,0,28,-3,-38,1
2/12/2004 14:58,43,0,25,-3,-39,1
2/12/2004 14:59,43,0,27,-3,-39,1
2/12/2004 15:00,43,0,32,-3,-38,1
2/12/2004 15:01,43,0,33,-2,-38,1
2/12/2004 15:02,43,0,33,-2,-38,1
2/12/2004 15:03,43,0,31,-3,-38,1
2/12/2004 15:04,43,0,33,-2,-38,1
2/12/2004 15:05,43,0,33,-3,-38,1
2/12/2004 15:06,43,0,35,-3,-38,1
2/12/2004 15:07,43,0,34,-3,-38,1
2/12/2004 15:08,43,0,33,-4,-38,1
2/12/2004 15:09,43,0,28,-4,-39,1
2/12/2004 15:10,43,0,30,-3,-38,1
2/12/2004 15:11,43,0,35,-3,-39,1
2/12/2004 15:12,43,0,36,-3,-38,1
2/12/2004 15:13,43,0,33,-3,-39,1
2/12/2004 15:14,43,0,29,-3,-40,1
2/12/2004 15:15,43,0,32,-4,-39,1
2/12/2004 15:16,43,0,34,-3,-39,1
2/12/2004 15:17,43,0,33,-3,-38,1
2/12/2004 15:18,43,0,33,-4,-39,1
2/12/2004 15:19,43,0,30,-4,-40,1
2/12/2004 15:20,43,0,33,-4,-40,1
2/12/2004 15:21,43,0,31,-4,-40,1
2/12/2004 15:22,43,0,34,-4,-40,1
2/12/2004 15:23,43,0,30,-4,-39,1
2/12/2004 15:24,43,0,30,-5,-40,1
2/12/2004 15:25,43,0,28,-5,-39,1
2/12/2004 15:26,43,0,23,-5,-38,1
2/12/2004 15:27,43,0,23,-5,-38,1
2/12/2004 15:28,43,0,22,-5,-37,1
2/12/2004 15:29,43,0,24,-3,-36,1
2/12/2004 15:30,43,0,23,-2,-36,1
2/12/2004 15:31,43,0,24,-1,-36,1
2/12/2004 15:32,43,0,26,-1,-36,1
2/12/2004 15:33,43,0,24,0,-37,1
2/12/2004 15:34,43,0,25,0,-37,1
2/12/2004 15:35,43,0,26,0,-38,1
2/12/2004 15:36,43,0,26,1,-38,1
2/12/2004 15:37,43,0,27,1,-37,1
2/12/2004 15:38,43,0,28,2,-37,1
2/12/2004 15:39,43,0,28,2,-39,1
2/12/2004 15:40,43,0,27,2,-39,1
2/12/2004 15:41,43,0,28,1,-40,1
2/12/2004 15:42,43,0,28,1,-40,1
2/12/2004 15:43,43,0,26,0,-41,1
2/12/2004 15:44,43,0,27,0,-42,1
2/12/2004 15:45,43,0,25,-1,-43,1
2/12/2004 15:46,43,0,25,-2,-44,1
2/12/2004 15:47,43,0,23,-2,-44,1
2/12/2004 15:48,43,0,23,-3,-46,1
2/12/2004 15:49,43,0,23,-3,-46,1
2/12/2004 15:50,43,0,23,-4,-47,1
2/12/2004 15:51,43,0,23,-4,-48,1
2/12/2004 15:52,43,0,22,-4,-48,1
2/12/2004 15:53,43,0,21,-4,-49,1
2/12/2004 15:54,43,0,22,-4,-49,1
2/12/2004 15:55,43,0,23,-5,-50,1
2/12/2004 15:56,43,0,23,-6,-51,1
2/12/2004 15:57,43,0,23,-6,-52,1
2/12/2004 15:58,43,0,23,-6,-52,1
2/12/2004 15:59,43,0,23,-7,-52,1
2/12/2004 16:00,43,0,23,-8,-53,1
2/12/2004 16:01,43,0,23,-8,-53,1
2/12/2004 16:02,43,0,26,-8,-53,1
2/12/2004 16:03,43,0,28,-9,-52,1
2/12/2004 16:04,43,0,29,-9,-53,1
2/12/2004 16:05,43,0,31,-9,-54,1
2/12/2004 16:06,43,0,33,-10,-54,1
2/12/2004 16:07,43,0,35,-9,-55,1
2/12/2004 16:08,43,0,36,-9,-54,1
2/12/2004 16:09,43,0,36,-10,-54,1
2/12/2004 16:10,43,0,38,-10,-55,1
2/12/2004 16:11,43,0,37,-11,-56,1
2/12/2004 16:12,43,0,35,-11,-56,1
2/12/2004 16:13,43,0,37,-11,-55,1
2/12/2004 16:14,43,0,36,-11,-55,1
2/12/2004 16:15,43,0,36,-11,-55,1
2/12/2004 16:16,43,0,36,-10,-55,1
2/12/2004 16:17,43,0,36,-10,-55,1
2/12/2004 16:18,43,0,35,-10,-56,1
2/12/2004 16:19,43,0,34,-10,-55,1
2/12/2004 16:20,43,0,33,-10,-55,1
2/12/2004 16:21,43,0,34,-10,-55,1
2/12/2004 16:22,43,0,34,-10,-55,1
2/12/2004 16:23,43,0,34,-9,-55,1
2/12/2004 16:24,43,0,33,-9,-55,1
2/12/2004 16:25,43,0,34,-9,-55,1
2/12/2004 16:26,43,0,35,-9,-55,1
2/12/2004 16:27,43,0,37,-9,-55,1
2/12/2004 16:28,43,0,39,-9,-55,1
2/12/2004 16:29,43,0,41,-9,-54,1
2/12/2004 16:30,43,0,45,-9,-54,1
2/12/2004 16:31,43,0,49,-9,-54,1
2/12/2004 16:32,43,0,53,-9,-53,1
2/12/2004 16:33,43,0,55,-9,-53,1
2/12/2004 16:34,43,0,58,-9,-54,1
2/12/2004 16:35,43,0,59,-9,-53,1
2/12/2004 16:36,43,0,60,-10,-53,1
2/12/2004 16:37,43,0,63,-10,-53,1
2/12/2004 16:38,43,0,66,-11,-53,1
2/12/2004 16:39,43,0,64,-12,-53,1
2/12/2004 16:40,43,0,63,-12,-52,1
2/12/2004 16:41,43,0,63,-12,-52,1
2/12/2004 16:42,43,0,61,-12,-52,1
2/12/2004 16:43,43,0,62,-11,-53,1
2/12/2004 16:44,43,0,62,-11,-53,1
2/12/2004 16:45,43,0,62,-11,-52,1
2/12/2004 16:46,43,0,62,-11,-53,1
2/12/2004 16:47,43,0,64,-12,-53,1
2/12/2004 16:48,43,0,66,-12,-52,1
2/12/2004 16:49,43,0,68,-12,-52,1
2/12/2004 16:50,43,0,65,-12,-51,1
2/12/2004 16:51,43,0,65,-12,-51,1
2/12/2004 16:52,43,0,64,-12,-50,1
2/12/2004 16:53,43,0,63,-12,-51,1
2/12/2004 16:54,43,0,61,-12,-51,1
2/12/2004 16:55,43,0,59,-12,-51,1
2/12/2004 16:56,43,0,59,-12,-50,1
2/12/2004 16:57,43,0,59,-11,-50,1
2/12/2004 16:58,43,0,58,-11,-50,1
2/12/2004 16:59,43,0,58,-11,-50,1
2/12/2004 17:00,43,0,55,-11,-50,1
2/12/2004 17:01,43,0,54,-11,-51,1
2/12/2004 17:02,43,0,52,-11,-51,1
2/12/2004 17:03,43,0,52,-12,-49,1
2/12/2004 17:04,43,0,50,-12,-49,1
2/12/2004 17:05,43,0,50,-12,-49,1
2/12/2004 17:06,43,0,48,-11,-48,1
2/12/2004 17:07,43,0,48,-11,-48,1
2/12/2004 17:08,43,0,46,-11,-48,1
2/12/2004 17:09,43,0,45,-11,-49,1
2/12/2004 17:10,43,0,45,-12,-48,1
2/12/2004 17:11,43,0,44,-11,-48,1
2/12/2004 17:12,43,0,43,-11,-48,1
2/12/2004 17:13,43,0,43,-11,-48,1
2/12/2004 17:14,43,0,44,-11,-48,1
2/12/2004 17:15,43,0,44,-11,-48,1
2/12/2004 17:16,43,0,43,-11,-47,1
2/12/2004 17:17,43,0,44,-12,-47,1
2/12/2004 17:18,43,0,42,-12,-47,1
2/12/2004 17:19,43,0,42,-12,-48,1
2/12/2004 17:20,43,0,43,-12,-48,1
2/12/2004 17:21,43,0,43,-12,-48,1
2/12/2004 17:22,43,0,43,-12,-47,1
2/12/2004 17:23,43,0,43,-12,-47,1
2/12/2004 17:24,43,0,42,-12,-47,1
2/12/2004 17:25,43,0,42,-12,-46,1
2/12/2004 17:26,43,0,42,-12,-47,1
2/12/2004 17:27,43,0,42,-12,-48,1
2/12/2004 17:28,43,0,42,-12,-48,1
2/12/2004 17:29,43,0,42,-12,-49,1
2/12/2004 17:30,43,0,42,-12,-48,1
2/12/2004 17:31,43,0,42,-11,-46,1
2/12/2004 17:32,43,0,42,-11,-46,1
2/12/2004 17:33,43,0,43,-11,-47,1
2/12/2004 17:34,43,0,43,-11,-47,1
2/12/2004 17:35,43,0,43,-11,-47,1
2/12/2004 17:36,43,0,43,-11,-47,1
2/12/2004 17:37,43,0,43,-11,-47,1
2/12/2004 17:38,43,0,43,-11,-46,1
2/12/2004 17:39,43,0,42,-11,-46,1
2/12/2004 17:40,43,0,41,-11,-46,1
2/12/2004 17:41,43,0,40,-11,-45,1
2/12/2004 17:42,43,0,38,-11,-45,1
2/12/2004 17:43,43,0,38,-11,-45,1
2/12/2004 17:44,43,0,36,-11,-45,1
2/12/2004 17:45,43,0,36,-11,-46,1
2/12/2004 17:46,43,0,34,-11,-45,1
2/12/2004 17:47,43,0,34,-11,-45,1
2/12/2004 17:48,43,0,34,-11,-45,1
2/12/2004 17:49,43,0,34,-11,-45,1
2/12/2004 17:50,43,0,33,-10,-45,1
2/12/2004 17:51,43,0,32,-10,-45,1
2/12/2004 17:52,43,0,34,-10,-44,1
2/12/2004 17:53,43,0,34,-10,-44,1
2/12/2004 17:54,43,0,31,-10,-45,1
2/12/2004 17:55,43,0,31,-10,-43,1
2/12/2004 17:56,43,0,32,-10,-43,1
2/12/2004 17:57,43,0,33,-9,-42,1
2/12/2004 17:58,43,0,32,-9,-42,1
2/12/2004 17:59,43,0,32,-10,-42,1
2/12/2004 18:00,43,0,33,-9,-42,1
2/12/2004 18:01,43,0,33,-9,-42,1
2/12/2004 18:02,43,0,30,-10,-43,1
2/12/2004 18:03,43,0,29,-9,-43,1
2/12/2004 18:04,43,0,29,-10,-43,1
2/12/2004 18:05,43,0,28,-9,-43,1
2/12/2004 18:06,43,0,28,-9,-42,1
2/12/2004 18:07,43,0,29,-9,-41,1
2/12/2004 18:08,43,0,32,-9,-41,1
2/12/2004 18:09,43,0,29,-9,-42,1
2/12/2004 18:10,43,0,30,-9,-41,1
2/12/2004 18:11,43,0,32,-9,-40,1
2/12/2004 18:12,43,0,34,-8,-40,1
2/12/2004 18:13,43,0,32,-8,-41,1
2/12/2004 18:14,43,0,34,-7,-41,1
2/12/2004 18:15,43,0,34,-7,-40,1
2/12/2004 18:16,43,0,36,-7,-40,1
2/12/2004 18:17,43,0,38,-7,-40,1
2/12/2004 18:18,43,0,38,-6,-40,1
2/12/2004 18:19,43,0,39,-7,-39,1
2/12/2004 18:20,43,0,39,-6,-40,1
2/12/2004 18:21,43,0,40,-6,-40,1
2/12/2004 18:22,43,0,39,-6,-39,1
2/12/2004 18:23,43,0,41,-6,-39,1
2/12/2004 18:24,43,0,43,-6,-40,1
2/12/2004 18:25,43,0,46,-6,-39,1
2/12/2004 18:26,43,0,45,-6,-40,1
2/12/2004 18:27,43,0,45,-6,-39,1
2/12/2004 18:28,43,0,47,-6,-39,1
2/12/2004 18:29,43,0,47,-6,-39,1
2/12/2004 18:30,43,0,46,-5,-38,1
2/12/2004 18:31,43,0,44,-5,-38,1
2/12/2004 18:32,43,0,45,-5,-38,1
2/12/2004 18:33,43,0,45,-5,-38,1
2/12/2004 18:34,43,0,47,-5,-38,1
2/12/2004 18:35,43,0,49,-5,-39,1
2/12/2004 18:36,43,0,48,-5,-39,1
2/12/2004 18:37,43,0,48,-5,-40,1
2/12/2004 18:38,43,0,47,-4,-40,1
2/12/2004 18:39,43,0,46,-4,-40,1
2/12/2004 18:40,43,0,46,-4,-40,1
2/12/2004 18:41,43,0,46,-4,-39,1
2/12/2004 18:42,43,0,44,-4,-39,1
2/12/2004 18:43,43,0,43,-5,-38,1
2/12/2004 18:44,43,0,44,-5,-37,1
2/12/2004 18:45,43,0,44,-5,-37,1
2/12/2004 18:46,43,0,46,-5,-37,1
2/12/2004 18:47,43,0,47,-5,-37,1
2/12/2004 18:48,43,0,45,-5,-37,1
2/12/2004 18:49,43,0,47,-5,-37,1
2/12/2004 18:50,43,0,48,-4,-38,1
2/12/2004 18:51,43,0,47,-4,-38,1
2/12/2004 18:52,43,0,46,-5,-38,1
2/12/2004 18:53,43,0,45,-4,-38,1
2/12/2004 18:54,43,0,45,-4,-39,1
2/12/2004 18:55,43,0,43,-4,-39,1
2/12/2004 18:56,43,0,42,-4,-39,1
2/12/2004 18:57,43,0,42,-4,-39,1
2/12/2004 18:58,43,0,41,-4,-39,1
2/12/2004 18:59,43,0,41,-5,-38,1
2/12/2004 19:00,43,0,40,-5,-38,1
2/12/2004 19:01,43,0,40,-4,-38,1
2/12/2004 19:02,43,0,40,-5,-38,1
2/12/2004 19:03,43,0,39,-5,-38,1
2/12/2004 19:04,43,0,38,-5,-38,1
2/12/2004 19:05,43,0,38,-5,-38,1
2/12/2004 19:06,43,0,38,-5,-38,1
2/12/2004 19:07,43,0,38,-5,-38,1
2/12/2004 19:08,43,0,38,-5,-39,1
2/12/2004 19:09,43,0,37,-5,-39,1
2/12/2004 19:10,43,0,37,-5,-39,1
2/12/2004 19:11,43,0,37,-5,-40,1
2/12/2004 19:12,43,0,37,-5,-40,1
2/12/2004 19:13,43,0,36,-5,-40,1
2/12/2004 19:14,43,0,36,-5,-40,1
2/12/2004 19:15,43,0,36,-5,-41,1
2/12/2004 19:16,43,0,36,-5,-41,1
2/12/2004 19:17,43,0,35,-5,-41,1
2/12/2004 19:18,43,0,34,-5,-41,1
2/12/2004 19:19,43,0,34,-4,-41,1
2/12/2004 19:20,43,0,33,-5,-41,1
2/12/2004 19:21,43,0,33,-5,-41,1
2/12/2004 19:22,43,0,37,-5,-40,1
2/12/2004 19:23,43,0,38,-5,-40,1
2/12/2004 19:24,43,0,36,-5,-40,1
2/12/2004 19:25,43,0,37,-5,-40,1
2/12/2004 19:26,43,0,36,-5,-39,1
2/12/2004 19:27,43,0,36,-5,-40,1
2/12/2004 19:28,43,0,35,-5,-40,1
2/12/2004 19:29,43,0,32,-5,-41,1
2/12/2004 19:30,43,0,27,-6,-40,1
2/12/2004 19:31,43,0,22,-6,-40,1
2/12/2004 19:32,43,0,19,-7,-40,1
2/12/2004 19:33,43,0,16,-7,-41,1
2/12/2004 19:34,43,0,16,-7,-41,1
2/12/2004 19:35,43,0,17,-8,-41,1
2/12/2004 19:36,43,0,15,-8,-41,1
2/12/2004 19:37,43,0,15,-8,-41,1
2/12/2004 19:38,43,0,14,-9,-42,1
2/12/2004 19:39,43,0,17,-9,-42,1
2/12/2004 19:40,43,0,19,-10,-43,1
2/12/2004 19:41,43,0,21,-11,-43,1
2/12/2004 19:42,43,0,25,-11,-43,1
2/12/2004 19:43,43,0,28,-11,-43,1
2/12/2004 19:44,43,0,30,-11,-43,1
2/12/2004 19:45,43,0,32,-12,-43,1
2/12/2004 19:46,43,0,34,-12,-42,1
2/12/2004 19:47,43,0,36,-13,-42,1
2/12/2004 19:48,43,0,37,-13,-42,1
2/12/2004 19:49,43,0,38,-12,-42,1
2/12/2004 19:50,43,0,36,-12,-41,1
2/12/2004 19:51,43,0,38,-12,-41,1
2/12/2004 19:52,43,0,39,-12,-42,1
2/12/2004 19:53,43,0,38,-12,-41,1
2/12/2004 19:54,43,0,39,-11,-41,1
2/12/2004 19:55,43,0,39,-10,-41,1
2/12/2004 19:56,43,0,39,-10,-41,1
2/12/2004 19:57,43,0,42,-9,-41,1
2/12/2004 19:58,43,0,42,-9,-41,1
2/12/2004 19:59,43,0,41,-9,-40,1
2/12/2004 20:00,43,0,41,-9,-40,1
2/12/2004 20:01,43,0,41,-9,-39,1
2/12/2004 20:02,43,0,44,-8,-39,1
2/12/2004 20:03,43,0,43,-8,-38,1
2/12/2004 20:04,43,0,44,-8,-38,1
2/12/2004 20:05,43,0,44,-8,-38,1
2/12/2004 20:06,43,0,44,-8,-37,1
2/12/2004 20:07,43,0,44,-7,-38,1
2/12/2004 20:08,43,0,45,-7,-39,1
2/12/2004 20:09,43,0,46,-7,-38,1
2/12/2004 20:10,43,0,46,-6,-38,1
2/12/2004 20:11,43,0,46,-6,-38,1
2/12/2004 20:12,43,0,46,-6,-38,1
2/12/2004 20:13,43,0,44,-6,-38,1
2/12/2004 20:14,43,0,42,-6,-37,1
2/12/2004 20:15,43,0,41,-5,-38,1
2/12/2004 20:16,43,0,42,-5,-38,1
2/12/2004 20:17,43,0,43,-5,-39,1
2/12/2004 20:18,43,0,42,-5,-39,1
2/12/2004 20:19,43,0,40,-4,-39,1
2/12/2004 20:20,43,0,38,-4,-40,1
2/12/2004 20:21,43,0,36,-4,-40,1
2/12/2004 20:22,43,0,33,-4,-39,1
2/12/2004 20:23,43,0,33,-3,-40,1
2/12/2004 20:24,43,0,34,-3,-39,1
2/12/2004 20:25,43,0,32,-4,-38,1
2/12/2004 20:26,43,0,30,-4,-37,1
2/12/2004 20:27,43,0,27,-4,-36,1
2/12/2004 20:28,43,0,25,-3,-36,1
2/12/2004 20:29,43,0,24,-3,-36,1
2/12/2004 20:30,43,0,22,-3,-36,1
2/12/2004 20:31,43,0,21,-3,-36,1
2/12/2004 20:32,43,0,20,-3,-36,1
2/12/2004 20:33,43,0,19,-3,-37,1
2/12/2004 20:34,43,0,20,-3,-37,1
2/12/2004 20:35,43,0,19,-3,-37,1
2/12/2004 20:36,43,0,19,-3,-37,1
2/12/2004 20:37,43,0,18,-4,-37,1
2/12/2004 20:38,43,0,18,-4,-38,1
2/12/2004 20:39,43,0,17,-4,-37,1
2/12/2004 20:40,43,0,17,-4,-38,1
2/12/2004 20:41,43,0,18,-4,-37,1
2/12/2004 20:42,43,0,17,-4,-37,1
2/12/2004 20:43,43,0,18,-5,-38,1
2/12/2004 20:44,43,0,17,-4,-39,1
2/12/2004 20:45,43,0,17,-5,-38,1
2/12/2004 20:46,43,0,17,-4,-37,1
2/12/2004 20:47,43,0,17,-4,-37,1
2/12/2004 20:48,43,0,17,-4,-36,1
2/12/2004 20:49,43,0,16,-4,-37,1
2/12/2004 20:50,43,0,17,-5,-37,1
2/12/2004 20:51,43,0,18,-5,-37,1
2/12/2004 20:52,43,0,20,-5,-37,1
2/12/2004 20:53,43,0,21,-5,-36,1
2/12/2004 20:54,43,0,21,-4,-36,1
2/12/2004 20:55,43,0,19,-5,-36,1
2/12/2004 20:56,43,0,18,-5,-36,1
2/12/2004 20:57,43,0,18,-5,-36,1
2/12/2004 20:58,43,0,19,-5,-36,1
2/12/2004 20:59,43,0,19,-5,-36,1
2/12/2004 21:00,43,0,18,-6,-37,1
2/12/2004 21:01,43,0,20,-6,-37,1
2/12/2004 21:02,43,0,22,-6,-37,1
2/12/2004 21:03,43,0,24,-6,-37,1
2/12/2004 21:04,43,0,25,-6,-37,1
2/12/2004 21:05,43,0,26,-7,-37,1
2/12/2004 21:06,43,0,28,-7,-37,1
2/12/2004 21:07,43,0,31,-7,-37,1
2/12/2004 21:08,43,0,31,-8,-37,1
2/12/2004 21:09,43,0,33,-7,-38,1
2/12/2004 21:10,43,0,34,-8,-38,1
2/12/2004 21:11,43,0,34,-8,-39,1
2/12/2004 21:12,43,0,33,-8,-39,1
2/12/2004 21:13,43,0,33,-8,-39,1
2/12/2004 21:14,43,0,32,-9,-39,1
2/12/2004 21:15,43,0,34,-9,-39,1
2/12/2004 21:16,43,0,35,-9,-39,1
2/12/2004 21:17,43,0,35,-9,-39,1
2/12/2004 21:18,43,0,36,-9,-40,1
2/12/2004 21:19,43,0,35,-10,-40,1
2/12/2004 21:20,43,0,36,-10,-40,1
2/12/2004 21:21,43,0,37,-10,-41,1
2/12/2004 21:22,43,0,37,-10,-42,1
2/12/2004 21:23,43,0,39,-10,-42,1
2/12/2004 21:24,43,0,39,-10,-42,1
2/12/2004 21:25,43,0,41,-10,-43,1
2/12/2004 21:26,43,0,43,-10,-43,1
2/12/2004 21:27,43,0,43,-10,-43,1
2/12/2004 21:28,43,0,44,-10,-43,1
2/12/2004 21:29,43,0,44,-11,-43,1
2/12/2004 21:30,43,0,43,-11,-43,1
2/12/2004 21:31,43,0,45,-10,-43,1
2/12/2004 21:32,43,0,46,-10,-44,1
2/12/2004 21:33,43,0,46,-10,-45,1
2/12/2004 21:34,43,0,45,-10,-46,1
2/12/2004 21:35,43,0,44,-10,-47,1
2/12/2004 21:36,43,0,43,-10,-48,1
2/12/2004 21:37,43,0,43,-10,-49,1
2/12/2004 21:38,43,0,43,-9,-49,1
2/12/2004 21:39,43,0,42,-9,-49,1
2/12/2004 21:40,43,0,41,-9,-50,1
2/12/2004 21:41,43,0,40,-9,-51,1
2/12/2004 21:42,43,0,37,-9,-50,1
2/12/2004 21:43,43,0,35,-9,-50,1
2/12/2004 21:44,43,0,35,-9,-50,1
2/12/2004 21:45,43,0,34,-9,-49,1
2/12/2004 21:46,43,0,33,-9,-49,1
2/12/2004 21:47,43,0,31,-9,-49,1
2/12/2004 21:48,43,0,32,-9,-49,1
2/12/2004 21:49,43,0,30,-9,-48,1
2/12/2004 21:50,43,0,29,-9,-48,1
2/12/2004 21:51,43,0,29,-9,-47,1
2/12/2004 21:52,43,0,30,-9,-48,1
2/12/2004 21:53,43,0,31,-9,-47,1
2/12/2004 21:54,43,0,30,-9,-47,1
2/12/2004 21:55,43,0,30,-10,-47,1
2/12/2004 21:56,43,0,29,-10,-47,1
2/12/2004 21:57,43,0,30,-10,-47,1
2/12/2004 21:58,43,0,29,-10,-47,1
2/12/2004 21:59,43,0,29,-9,-48,1
2/12/2004 22:00,43,0,31,-9,-48,1
2/12/2004 22:01,43,0,31,-9,-48,1
2/12/2004 22:02,43,0,32,-9,-47,1
2/12/2004 22:03,43,0,32,-9,-47,1
2/12/2004 22:04,43,0,30,-9,-47,1
2/12/2004 22:05,43,0,32,-9,-48,1
2/12/2004 22:06,43,0,33,-9,-48,1
2/12/2004 22:07,43,0,33,-9,-48,1
2/12/2004 22:08,43,0,33,-9,-48,1
2/12/2004 22:09,43,0,34,-9,-48,1
2/12/2004 22:10,43,0,34,-9,-49,1
2/12/2004 22:11,43,0,34,-9,-49,1
2/12/2004 22:12,43,0,33,-9,-49,1
2/12/2004 22:13,43,0,34,-9,-50,1
2/12/2004 22:14,43,0,34,-9,-50,1
2/12/2004 22:15,43,0,33,-9,-50,1
2/12/2004 22:16,43,0,33,-9,-50,1
2/12/2004 22:17,43,0,33,-8,-51,1
2/12/2004 22:18,43,0,33,-8,-51,1
2/12/2004 22:19,43,0,32,-8,-51,1
2/12/2004 22:20,43,0,34,-8,-51,1
2/12/2004 22:21,43,0,33,-8,-50,1
2/12/2004 22:22,43,0,31,-8,-51,1
2/12/2004 22:23,43,0,31,-8,-51,1
2/12/2004 22:24,43,0,31,-8,-51,1
2/12/2004 22:25,43,0,31,-8,-52,1
2/12/2004 22:26,43,0,32,-8,-52,1
2/12/2004 22:27,43,0,33,-8,-52,1
2/12/2004 22:28,43,0,32,-8,-52,1
2/12/2004 22:29,43,0,35,-8,-53,1
2/12/2004 22:30,43,0,35,-8,-53,1
2/12/2004 22:31,43,0,34,-8,-52,1
2/12/2004 22:32,43,0,30,-8,-51,1
2/12/2004 22:33,43,0,30,-8,-51,1
2/12/2004 22:34,43,0,30,-7,-51,1
2/12/2004 22:35,43,0,32,-8,-52,1
2/12/2004 22:36,43,0,33,-8,-52,1
2/12/2004 22:37,43,0,33,-8,-52,1
2/12/2004 22:38,43,0,32,-8,-52,1
2/12/2004 22:39,43,0,30,-7,-51,1
2/12/2004 22:40,43,0,30,-7,-52,1
2/12/2004 22:41,43,0,31,-7,-51,1
2/12/2004 22:42,43,0,32,-7,-51,1
2/12/2004 22:43,43,0,32,-6,-51,1
2/12/2004 22:44,43,0,29,-6,-50,1
2/12/2004 22:45,43,0,26,-6,-50,1
2/12/2004 22:46,43,0,25,-6,-49,1
2/12/2004 22:47,43,0,24,-6,-49,1
2/12/2004 22:48,43,0,25,-6,-49,1
2/12/2004 22:49,43,0,24,-6,-48,1
2/12/2004 22:50,43,0,23,-6,-47,1
2/12/2004 22:51,43,0,21,-6,-47,1
2/12/2004 22:52,43,0,19,-7,-46,1
2/12/2004 22:53,43,0,18,-7,-46,1
2/12/2004 22:54,43,0,15,-7,-46,1
2/12/2004 22:55,43,0,15,-6,-47,1
2/12/2004 22:56,43,0,15,-6,-47,1
2/12/2004 22:57,43,0,16,-6,-47,1
2/12/2004 22:58,43,0,14,-6,-47,1
2/12/2004 22:59,43,0,15,-6,-48,1
2/12/2004 23:00,43,0,13,-5,-48,1
2/12/2004 23:01,43,0,12,-6,-48,1
2/12/2004 23:02,43,0,12,-5,-48,1
2/12/2004 23:03,43,0,12,-5,-47,1
2/12/2004 23:04,43,0,11,-5,-47,1
2/12/2004 23:05,43,0,10,-5,-48,1
2/12/2004 23:06,43,0,10,-5,-48,1
2/12/2004 23:07,43,0,11,-5,-49,1
2/12/2004 23:08,43,0,11,-5,-49,1
2/12/2004 23:09,43,0,10,-5,-49,1
2/12/2004 23:10,43,0,10,-5,-48,1
2/12/2004 23:11,43,0,10,-4,-48,1
2/12/2004 23:12,43,0,10,-4,-46,1
2/12/2004 23:13,43,0,10,-5,-45,1
2/12/2004 23:14,43,0,9,-4,-45,1
2/12/2004 23:15,43,0,10,-3,-45,1
2/12/2004 23:16,43,0,11,-3,-45,1
2/12/2004 23:17,43,0,10,-3,-44,1
2/12/2004 23:18,43,0,11,-4,-43,1
2/12/2004 23:19,43,0,10,-3,-42,1
2/12/2004 23:20,43,0,13,-4,-42,1
2/12/2004 23:21,43,0,13,-4,-42,1
2/12/2004 23:22,43,0,14,-4,-42,1
2/12/2004 23:23,43,0,15,-4,-41,1
2/12/2004 23:24,43,0,16,-4,-41,1
2/12/2004 23:25,43,0,14,-4,-41,1
2/12/2004 23:26,43,0,16,-4,-41,1
2/12/2004 23:27,43,0,17,-4,-41,1
2/12/2004 23:28,43,0,16,-5,-40,1
2/12/2004 23:29,43,0,15,-5,-40,1
2/12/2004 23:30,43,0,13,-5,-40,1
2/12/2004 23:31,43,0,13,-5,-41,1
2/12/2004 23:32,43,0,14,-5,-41,1
2/12/2004 23:33,43,0,14,-6,-40,1
2/12/2004 23:34,43,0,13,-6,-41,1
2/12/2004 23:35,43,0,14,-6,-41,1
2/12/2004 23:36,43,0,15,-6,-42,1
2/12/2004 23:37,43,0,17,-6,-42,1
2/12/2004 23:38,43,0,17,-6,-42,1
2/12/2004 23:39,43,0,18,-5,-42,1
2/12/2004 23:40,43,0,18,-5,-42,1
2/12/2004 23:41,43,0,19,-5,-42,1
2/12/2004 23:42,43,0,19,-5,-42,1
2/12/2004 23:43,43,0,19,-5,-42,1
2/12/2004 23:44,43,0,22,-5,-43,1
2/12/2004 23:45,43,0,21,-5,-43,1
2/12/2004 23:46,43,0,21,-4,-43,1
2/12/2004 23:47,43,0,20,-4,-43,1
2/12/2004 23:48,43,0,19,-4,-43,1
2/12/2004 23:49,43,0,18,-4,-42,1
2/12/2004 23:50,43,0,19,-4,-43,1
2/12/2004 23:51,43,0,18,-3,-43,1
2/12/2004 23:52,43,0,17,-3,-43,1
2/12/2004 23:53,43,0,15,-4,-42,1
2/12/2004 23:54,43,0,15,-4,-43,1
2/12/2004 23:55,43,0,14,-4,-42,1
2/12/2004 23:56,43,0,15,-4,-43,1
2/12/2004 23:57,43,0,14,-4,-43,1
2/12/2004 23:58,43,0,13,-4,-43,1
2/12/2004 23:59,43,0,13,-4,-43,1
