Datetime,DOY,ASY_D,ASY_H,SYM_D,SYM_H,Location
01/01/2015 00:00:00,1,34,17,-2,-20,1
01/01/2015 00:01:00,1,33,18,-2,-20,1
01/01/2015 00:02:00,1,33,17,-2,-19,1
01/01/2015 00:03:00,1,33,17,-2,-19,1
01/01/2015 00:04:00,1,32,16,-1,-20,1
01/01/2015 00:05:00,1,31,17,-1,-20,1
01/01/2015 00:06:00,1,31,17,-2,-20,1
01/01/2015 00:07:00,1,31,18,-2,-20,1
01/01/2015 00:08:00,1,31,19,-1,-20,1
01/01/2015 00:09:00,1,30,19,-1,-20,1
01/01/2015 00:10:00,1,30,19,-1,-20,1
01/01/2015 00:11:00,1,31,20,-1,-20,1
01/01/2015 00:12:00,1,30,21,-1,-20,1
01/01/2015 00:13:00,1,30,22,-1,-20,1
01/01/2015 00:14:00,1,30,22,-1,-20,1
01/01/2015 00:15:00,1,31,23,-1,-20,1
01/01/2015 00:16:00,1,31,21,-1,-20,1
01/01/2015 00:17:00,1,32,21,-1,-20,1
01/01/2015 00:18:00,1,32,21,-1,-20,1
01/01/2015 00:19:00,1,32,21,-1,-20,1
01/01/2015 00:20:00,1,32,22,-1,-20,1
01/01/2015 00:21:00,1,32,22,-1,-20,1
01/01/2015 00:22:00,1,31,22,-1,-20,1
01/01/2015 00:23:00,1,31,22,-1,-21,1
01/01/2015 00:24:00,1,30,22,-1,-20,1
01/01/2015 00:25:00,1,30,22,-1,-20,1
01/01/2015 00:26:00,1,30,22,-1,-20,1
01/01/2015 00:27:00,1,28,22,-1,-21,1
01/01/2015 00:28:00,1,28,21,-1,-21,1
01/01/2015 00:29:00,1,28,22,-1,-21,1
01/01/2015 00:30:00,1,28,22,-1,-21,1
01/01/2015 00:31:00,1,28,22,-1,-21,1
01/01/2015 00:32:00,1,28,22,-1,-21,1
01/01/2015 00:33:00,1,28,22,-1,-21,1
01/01/2015 00:34:00,1,28,22,-1,-21,1
01/01/2015 00:35:00,1,26,21,-1,-21,1
01/01/2015 00:36:00,1,26,21,-1,-20,1
01/01/2015 00:37:00,1,26,21,-1,-20,1
01/01/2015 00:38:00,1,26,21,-1,-20,1
01/01/2015 00:39:00,1,25,20,-1,-20,1
01/01/2015 00:40:00,1,25,20,-1,-20,1
01/01/2015 00:41:00,1,23,20,-1,-20,1
01/01/2015 00:42:00,1,23,21,-1,-19,1
01/01/2015 00:43:00,1,23,21,-1,-19,1
01/01/2015 00:44:00,1,23,21,-1,-19,1
01/01/2015 00:45:00,1,23,22,-1,-19,1
01/01/2015 00:46:00,1,23,21,-1,-18,1
01/01/2015 00:47:00,1,23,21,-1,-18,1
01/01/2015 00:48:00,1,22,21,-1,-18,1
01/01/2015 00:49:00,1,23,21,-1,-18,1
01/01/2015 00:50:00,1,23,21,-1,-18,1
01/01/2015 00:51:00,1,23,22,-1,-18,1
01/01/2015 00:52:00,1,23,22,0,-18,1
01/01/2015 00:53:00,1,22,23,0,-18,1
01/01/2015 00:54:00,1,23,25,0,-18,1
01/01/2015 00:55:00,1,22,23,0,-18,1
01/01/2015 00:56:00,1,21,23,0,-18,1
01/01/2015 00:57:00,1,21,23,0,-18,1
01/01/2015 00:58:00,1,21,24,0,-17,1
01/01/2015 00:59:00,1,21,23,0,-17,1
01/01/2015 01:00:00,1,20,23,0,-17,1
01/01/2015 01:01:00,1,21,22,0,-17,1
01/01/2015 01:02:00,1,21,22,0,-17,1
01/01/2015 01:03:00,1,22,22,0,-17,1
01/01/2015 01:04:00,1,21,23,0,-16,1
01/01/2015 01:05:00,1,21,23,0,-16,1
01/01/2015 01:06:00,1,21,23,0,-16,1
01/01/2015 01:07:00,1,21,23,0,-16,1
01/01/2015 01:08:00,1,22,24,0,-17,1
01/01/2015 01:09:00,1,21,23,0,-17,1
01/01/2015 01:10:00,1,22,23,0,-17,1
01/01/2015 01:11:00,1,22,23,0,-17,1
01/01/2015 01:12:00,1,21,22,0,-17,1
01/01/2015 01:13:00,1,21,23,0,-16,1
01/01/2015 01:14:00,1,21,24,0,-16,1
01/01/2015 01:15:00,1,20,24,0,-17,1
01/01/2015 01:16:00,1,20,24,0,-17,1
01/01/2015 01:17:00,1,20,25,0,-17,1
01/01/2015 01:18:00,1,20,24,0,-18,1
01/01/2015 01:19:00,1,19,24,0,-17,1
01/01/2015 01:20:00,1,19,24,0,-18,1
01/01/2015 01:21:00,1,19,24,0,-18,1
01/01/2015 01:22:00,1,19,24,0,-18,1
01/01/2015 01:23:00,1,18,24,0,-18,1
01/01/2015 01:24:00,1,18,24,0,-19,1
01/01/2015 01:25:00,1,17,24,0,-19,1
01/01/2015 01:26:00,1,17,23,0,-19,1
01/01/2015 01:27:00,1,17,23,0,-19,1
01/01/2015 01:28:00,1,17,23,0,-19,1
01/01/2015 01:29:00,1,16,22,0,-19,1
01/01/2015 01:30:00,1,15,23,0,-19,1
01/01/2015 01:31:00,1,15,24,0,-19,1
01/01/2015 01:32:00,1,14,23,0,-19,1
01/01/2015 01:33:00,1,14,23,0,-20,1
01/01/2015 01:34:00,1,13,23,0,-20,1
01/01/2015 01:35:00,1,13,22,0,-20,1
01/01/2015 01:36:00,1,13,22,0,-20,1
01/01/2015 01:37:00,1,13,22,0,-20,1
01/01/2015 01:38:00,1,13,22,0,-20,1
01/01/2015 01:39:00,1,12,21,0,-20,1
01/01/2015 01:40:00,1,13,22,0,-20,1
01/01/2015 01:41:00,1,12,21,0,-21,1
01/01/2015 01:42:00,1,13,22,0,-21,1
01/01/2015 01:43:00,1,13,22,0,-21,1
01/01/2015 01:44:00,1,14,22,0,-21,1
01/01/2015 01:45:00,1,13,22,0,-21,1
01/01/2015 01:46:00,1,13,23,0,-21,1
01/01/2015 01:47:00,1,13,22,0,-21,1
01/01/2015 01:48:00,1,13,22,0,-21,1
01/01/2015 01:49:00,1,14,22,0,-21,1
01/01/2015 01:50:00,1,13,22,0,-21,1
01/01/2015 01:51:00,1,13,22,0,-21,1
01/01/2015 01:52:00,1,13,22,1,-21,1
01/01/2015 01:53:00,1,13,22,0,-21,1
01/01/2015 01:54:00,1,13,22,0,-21,1
01/01/2015 01:55:00,1,13,22,0,-21,1
01/01/2015 01:56:00,1,13,23,1,-21,1
01/01/2015 01:57:00,1,13,23,1,-20,1
01/01/2015 01:58:00,1,13,23,0,-20,1
01/01/2015 01:59:00,1,13,23,1,-20,1
01/01/2015 02:00:00,1,13,23,1,-20,1
01/01/2015 02:01:00,1,13,23,1,-20,1
01/01/2015 02:02:00,1,12,23,1,-20,1
01/01/2015 02:03:00,1,13,23,1,-20,1
01/01/2015 02:04:00,1,14,22,1,-20,1
01/01/2015 02:05:00,1,14,23,1,-20,1
01/01/2015 02:06:00,1,13,24,1,-20,1
01/01/2015 02:07:00,1,13,23,1,-19,1
01/01/2015 02:08:00,1,13,23,1,-19,1
01/01/2015 02:09:00,1,13,24,1,-19,1
01/01/2015 02:10:00,1,13,24,1,-19,1
01/01/2015 02:11:00,1,13,24,1,-19,1
01/01/2015 02:12:00,1,14,24,1,-19,1
01/01/2015 02:13:00,1,13,25,1,-19,1
01/01/2015 02:14:00,1,14,25,1,-19,1
01/01/2015 02:15:00,1,15,26,1,-19,1
01/01/2015 02:16:00,1,15,25,1,-20,1
01/01/2015 02:17:00,1,15,24,1,-20,1
01/01/2015 02:18:00,1,15,23,2,-19,1
01/01/2015 02:19:00,1,14,23,1,-19,1
01/01/2015 02:20:00,1,14,23,1,-20,1
01/01/2015 02:21:00,1,14,23,1,-20,1
01/01/2015 02:22:00,1,15,24,1,-20,1
01/01/2015 02:23:00,1,15,24,1,-20,1
01/01/2015 02:24:00,1,14,23,2,-20,1
01/01/2015 02:25:00,1,15,25,2,-20,1
01/01/2015 02:26:00,1,14,25,2,-20,1
01/01/2015 02:27:00,1,14,24,2,-20,1
01/01/2015 02:28:00,1,14,25,2,-20,1
01/01/2015 02:29:00,1,14,25,2,-20,1
01/01/2015 02:30:00,1,15,24,2,-21,1
01/01/2015 02:31:00,1,15,26,2,-21,1
01/01/2015 02:32:00,1,15,26,3,-21,1
01/01/2015 02:33:00,1,14,25,3,-21,1
01/01/2015 02:34:00,1,14,26,3,-21,1
01/01/2015 02:35:00,1,14,26,3,-21,1
01/01/2015 02:36:00,1,14,27,3,-21,1
01/01/2015 02:37:00,1,15,27,3,-21,1
01/01/2015 02:38:00,1,15,27,3,-21,1
01/01/2015 02:39:00,1,16,26,4,-21,1
01/01/2015 02:40:00,1,14,26,4,-21,1
01/01/2015 02:41:00,1,14,27,4,-21,1
01/01/2015 02:42:00,1,14,28,4,-21,1
01/01/2015 02:43:00,1,13,28,4,-21,1
01/01/2015 02:44:00,1,14,28,5,-22,1
01/01/2015 02:45:00,1,14,28,5,-22,1
01/01/2015 02:46:00,1,15,29,5,-21,1
01/01/2015 02:47:00,1,15,30,5,-21,1
01/01/2015 02:48:00,1,15,30,5,-21,1
01/01/2015 02:49:00,1,16,29,5,-21,1
01/01/2015 02:50:00,1,16,29,5,-21,1
01/01/2015 02:51:00,1,16,29,5,-21,1
01/01/2015 02:52:00,1,16,30,5,-21,1
01/01/2015 02:53:00,1,17,31,5,-21,1
01/01/2015 02:54:00,1,17,31,5,-21,1
01/01/2015 02:55:00,1,18,31,5,-21,1
01/01/2015 02:56:00,1,17,31,5,-21,1
01/01/2015 02:57:00,1,17,30,4,-21,1
01/01/2015 02:58:00,1,18,30,4,-21,1
01/01/2015 02:59:00,1,18,30,4,-20,1
01/01/2015 03:00:00,1,18,30,4,-20,1
01/01/2015 03:01:00,1,19,29,4,-20,1
01/01/2015 03:02:00,1,19,30,4,-20,1
01/01/2015 03:03:00,1,19,30,4,-20,1
01/01/2015 03:04:00,1,19,30,3,-20,1
01/01/2015 03:05:00,1,19,30,3,-20,1
01/01/2015 03:06:00,1,19,30,3,-20,1
01/01/2015 03:07:00,1,19,30,3,-20,1
01/01/2015 03:08:00,1,19,32,3,-20,1
01/01/2015 03:09:00,1,20,32,3,-20,1
01/01/2015 03:10:00,1,20,31,3,-20,1
01/01/2015 03:11:00,1,20,32,3,-20,1
01/01/2015 03:12:00,1,19,32,3,-20,1
01/01/2015 03:13:00,1,19,32,3,-20,1
01/01/2015 03:14:00,1,19,32,3,-20,1
01/01/2015 03:15:00,1,19,33,3,-20,1
01/01/2015 03:16:00,1,20,33,3,-20,1
01/01/2015 03:17:00,1,19,35,3,-20,1
01/01/2015 03:18:00,1,20,34,3,-20,1
01/01/2015 03:19:00,1,20,34,3,-20,1
01/01/2015 03:20:00,1,19,35,3,-20,1
01/01/2015 03:21:00,1,20,35,3,-20,1
01/01/2015 03:22:00,1,20,35,3,-20,1
01/01/2015 03:23:00,1,19,35,3,-20,1
01/01/2015 03:24:00,1,18,36,3,-20,1
01/01/2015 03:25:00,1,19,35,3,-20,1
01/01/2015 03:26:00,1,19,36,3,-19,1
01/01/2015 03:27:00,1,19,36,3,-19,1
01/01/2015 03:28:00,1,19,36,3,-19,1
01/01/2015 03:29:00,1,19,37,3,-20,1
01/01/2015 03:30:00,1,20,37,3,-19,1
01/01/2015 03:31:00,1,21,38,3,-19,1
01/01/2015 03:32:00,1,22,37,3,-19,1
01/01/2015 03:33:00,1,21,37,3,-19,1
01/01/2015 03:34:00,1,20,37,3,-19,1
01/01/2015 03:35:00,1,20,37,3,-19,1
01/01/2015 03:36:00,1,20,37,3,-19,1
01/01/2015 03:37:00,1,20,37,3,-19,1
01/01/2015 03:38:00,1,20,37,3,-19,1
01/01/2015 03:39:00,1,21,38,3,-19,1
01/01/2015 03:40:00,1,21,38,2,-19,1
01/01/2015 03:41:00,1,21,37,2,-19,1
01/01/2015 03:42:00,1,21,37,2,-19,1
01/01/2015 03:43:00,1,21,37,2,-19,1
01/01/2015 03:44:00,1,21,37,2,-19,1
01/01/2015 03:45:00,1,20,37,2,-19,1
01/01/2015 03:46:00,1,20,37,2,-19,1
01/01/2015 03:47:00,1,20,36,2,-19,1
01/01/2015 03:48:00,1,20,36,1,-19,1
01/01/2015 03:49:00,1,20,36,1,-19,1
01/01/2015 03:50:00,1,21,36,2,-19,1
01/01/2015 03:51:00,1,20,37,2,-20,1
01/01/2015 03:52:00,1,20,38,2,-20,1
01/01/2015 03:53:00,1,20,38,2,-20,1
01/01/2015 03:54:00,1,21,38,2,-20,1
01/01/2015 03:55:00,1,22,38,1,-20,1
01/01/2015 03:56:00,1,22,37,2,-20,1
01/01/2015 03:57:00,1,21,38,1,-21,1
01/01/2015 03:58:00,1,20,38,1,-21,1
01/01/2015 03:59:00,1,20,38,1,-21,1
01/01/2015 04:00:00,1,19,38,1,-20,1
01/01/2015 04:01:00,1,19,38,2,-21,1
01/01/2015 04:02:00,1,20,38,2,-21,1
01/01/2015 04:03:00,1,19,38,2,-21,1
01/01/2015 04:04:00,1,19,39,2,-21,1
01/01/2015 04:05:00,1,19,39,2,-21,1
01/01/2015 04:06:00,1,19,39,2,-21,1
01/01/2015 04:07:00,1,19,39,2,-21,1
01/01/2015 04:08:00,1,19,39,2,-21,1
01/01/2015 04:09:00,1,19,40,2,-21,1
01/01/2015 04:10:00,1,18,39,2,-21,1
01/01/2015 04:11:00,1,19,40,2,-21,1
01/01/2015 04:12:00,1,19,41,2,-21,1
01/01/2015 04:13:00,1,18,41,2,-21,1
01/01/2015 04:14:00,1,18,40,2,-21,1
01/01/2015 04:15:00,1,18,40,2,-21,1
01/01/2015 04:16:00,1,18,41,2,-21,1
01/01/2015 04:17:00,1,18,41,2,-21,1
01/01/2015 04:18:00,1,17,41,3,-21,1
01/01/2015 04:19:00,1,18,40,2,-20,1
01/01/2015 04:20:00,1,17,42,2,-20,1
01/01/2015 04:21:00,1,17,42,2,-21,1
01/01/2015 04:22:00,1,19,42,2,-20,1
01/01/2015 04:23:00,1,19,42,2,-20,1
01/01/2015 04:24:00,1,18,43,2,-20,1
01/01/2015 04:25:00,1,17,41,2,-21,1
01/01/2015 04:26:00,1,19,41,2,-21,1
01/01/2015 04:27:00,1,18,40,2,-21,1
01/01/2015 04:28:00,1,18,40,1,-22,1
01/01/2015 04:29:00,1,19,39,1,-22,1
01/01/2015 04:30:00,1,16,39,1,-22,1
01/01/2015 04:31:00,1,16,37,1,-22,1
01/01/2015 04:32:00,1,18,37,1,-22,1
01/01/2015 04:33:00,1,17,39,1,-22,1
01/01/2015 04:34:00,1,17,39,1,-21,1
01/01/2015 04:35:00,1,17,40,1,-21,1
01/01/2015 04:36:00,1,18,39,1,-21,1
01/01/2015 04:37:00,1,17,38,1,-21,1
01/01/2015 04:38:00,1,16,37,1,-21,1
01/01/2015 04:39:00,1,15,37,1,-22,1
01/01/2015 04:40:00,1,17,39,1,-22,1
01/01/2015 04:41:00,1,16,38,1,-22,1
01/01/2015 04:42:00,1,15,37,1,-23,1
01/01/2015 04:43:00,1,16,37,1,-23,1
01/01/2015 04:44:00,1,16,38,1,-22,1
01/01/2015 04:45:00,1,17,38,1,-22,1
01/01/2015 04:46:00,1,17,40,1,-22,1
01/01/2015 04:47:00,1,17,40,1,-22,1
01/01/2015 04:48:00,1,17,40,1,-22,1
01/01/2015 04:49:00,1,17,40,1,-22,1
01/01/2015 04:50:00,1,17,40,1,-22,1
01/01/2015 04:51:00,1,17,40,0,-22,1
01/01/2015 04:52:00,1,17,38,0,-22,1
01/01/2015 04:53:00,1,16,38,0,-22,1
01/01/2015 04:54:00,1,16,39,0,-22,1
01/01/2015 04:55:00,1,17,39,0,-21,1
01/01/2015 04:56:00,1,17,40,0,-22,1
01/01/2015 04:57:00,1,16,38,0,-22,1
01/01/2015 04:58:00,1,17,38,0,-21,1
01/01/2015 04:59:00,1,16,39,0,-22,1
01/01/2015 05:00:00,1,17,39,0,-22,1
01/01/2015 05:01:00,1,17,39,0,-22,1
01/01/2015 05:02:00,1,17,38,1,-22,1
01/01/2015 05:03:00,1,16,37,1,-22,1
01/01/2015 05:04:00,1,16,37,1,-22,1
01/01/2015 05:05:00,1,15,37,1,-22,1
01/01/2015 05:06:00,1,16,37,1,-22,1
01/01/2015 05:07:00,1,16,36,1,-22,1
01/01/2015 05:08:00,1,16,37,1,-22,1
01/01/2015 05:09:00,1,15,37,1,-22,1
01/01/2015 05:10:00,1,15,38,1,-22,1
01/01/2015 05:11:00,1,15,38,1,-22,1
01/01/2015 05:12:00,1,14,38,1,-22,1
01/01/2015 05:13:00,1,15,37,1,-22,1
01/01/2015 05:14:00,1,14,36,1,-22,1
01/01/2015 05:15:00,1,14,36,1,-23,1
01/01/2015 05:16:00,1,14,38,1,-23,1
01/01/2015 05:17:00,1,13,38,1,-22,1
01/01/2015 05:18:00,1,12,39,1,-23,1
01/01/2015 05:19:00,1,11,38,1,-23,1
01/01/2015 05:20:00,1,13,37,1,-22,1
01/01/2015 05:21:00,1,13,36,1,-21,1
01/01/2015 05:22:00,1,14,36,1,-21,1
01/01/2015 05:23:00,1,14,37,2,-22,1
01/01/2015 05:24:00,1,14,39,1,-22,1
01/01/2015 05:25:00,1,14,39,1,-22,1
01/01/2015 05:26:00,1,13,37,1,-22,1
01/01/2015 05:27:00,1,13,36,1,-22,1
01/01/2015 05:28:00,1,14,37,1,-22,1
01/01/2015 05:29:00,1,14,37,1,-22,1
01/01/2015 05:30:00,1,13,37,1,-22,1
01/01/2015 05:31:00,1,13,37,1,-22,1
01/01/2015 05:32:00,1,13,34,1,-22,1
01/01/2015 05:33:00,1,12,35,1,-22,1
01/01/2015 05:34:00,1,12,36,1,-22,1
01/01/2015 05:35:00,1,12,37,1,-22,1
01/01/2015 05:36:00,1,12,36,1,-22,1
01/01/2015 05:37:00,1,12,37,1,-23,1
01/01/2015 05:38:00,1,12,37,1,-23,1
01/01/2015 05:39:00,1,11,36,1,-24,1
01/01/2015 05:40:00,1,12,35,1,-24,1
01/01/2015 05:41:00,1,11,35,1,-24,1
01/01/2015 05:42:00,1,11,35,1,-24,1
01/01/2015 05:43:00,1,11,35,1,-24,1
01/01/2015 05:44:00,1,11,36,1,-24,1
01/01/2015 05:45:00,1,10,35,1,-24,1
01/01/2015 05:46:00,1,10,35,1,-24,1
01/01/2015 05:47:00,1,10,36,1,-24,1
01/01/2015 05:48:00,1,10,36,1,-24,1
01/01/2015 05:49:00,1,10,36,1,-24,1
01/01/2015 05:50:00,1,9,37,1,-24,1
01/01/2015 05:51:00,1,10,37,1,-24,1
01/01/2015 05:52:00,1,10,38,1,-25,1
01/01/2015 05:53:00,1,9,37,1,-25,1
01/01/2015 05:54:00,1,8,38,1,-25,1
01/01/2015 05:55:00,1,8,39,1,-25,1
01/01/2015 05:56:00,1,9,40,2,-25,1
01/01/2015 05:57:00,1,9,41,2,-25,1
01/01/2015 05:58:00,1,9,41,2,-25,1
01/01/2015 05:59:00,1,9,41,2,-24,1
01/01/2015 06:00:00,1,9,41,1,-24,1
01/01/2015 06:01:00,1,8,40,1,-24,1
01/01/2015 06:02:00,1,7,40,1,-24,1
01/01/2015 06:03:00,1,7,40,1,-23,1
01/01/2015 06:04:00,1,8,40,1,-23,1
01/01/2015 06:05:00,1,8,40,1,-23,1
01/01/2015 06:06:00,1,8,40,1,-23,1
01/01/2015 06:07:00,1,7,38,1,-23,1
01/01/2015 06:08:00,1,7,38,1,-23,1
01/01/2015 06:09:00,1,7,38,1,-23,1
01/01/2015 06:10:00,1,7,38,1,-23,1
01/01/2015 06:11:00,1,7,39,1,-23,1
01/01/2015 06:12:00,1,8,39,1,-23,1
01/01/2015 06:13:00,1,6,39,1,-23,1
01/01/2015 06:14:00,1,6,40,1,-24,1
01/01/2015 06:15:00,1,7,40,1,-23,1
01/01/2015 06:16:00,1,6,41,1,-23,1
01/01/2015 06:17:00,1,6,41,1,-23,1
01/01/2015 06:18:00,1,6,41,1,-23,1
01/01/2015 06:19:00,1,6,41,1,-23,1
01/01/2015 06:20:00,1,6,41,1,-23,1
01/01/2015 06:21:00,1,6,41,1,-23,1
01/01/2015 06:22:00,1,7,41,1,-23,1
01/01/2015 06:23:00,1,7,39,1,-23,1
01/01/2015 06:24:00,1,8,39,1,-23,1
01/01/2015 06:25:00,1,7,40,1,-23,1
01/01/2015 06:26:00,1,8,38,1,-23,1
01/01/2015 06:27:00,1,8,38,1,-23,1
01/01/2015 06:28:00,1,7,41,1,-23,1
01/01/2015 06:29:00,1,7,41,1,-23,1
01/01/2015 06:30:00,1,7,41,1,-23,1
01/01/2015 06:31:00,1,7,41,1,-22,1
01/01/2015 06:32:00,1,7,41,1,-23,1
01/01/2015 06:33:00,1,7,41,1,-23,1
01/01/2015 06:34:00,1,7,41,1,-23,1
01/01/2015 06:35:00,1,7,41,1,-23,1
01/01/2015 06:36:00,1,8,40,1,-23,1
01/01/2015 06:37:00,1,7,40,1,-23,1
01/01/2015 06:38:00,1,8,40,1,-23,1
01/01/2015 06:39:00,1,9,39,1,-23,1
01/01/2015 06:40:00,1,9,39,1,-23,1
01/01/2015 06:41:00,1,9,39,1,-23,1
01/01/2015 06:42:00,1,8,39,1,-23,1
01/01/2015 06:43:00,1,8,39,1,-23,1
01/01/2015 06:44:00,1,9,39,1,-23,1
01/01/2015 06:45:00,1,8,38,1,-23,1
01/01/2015 06:46:00,1,8,38,1,-23,1
01/01/2015 06:47:00,1,8,39,1,-23,1
01/01/2015 06:48:00,1,8,38,1,-23,1
01/01/2015 06:49:00,1,8,38,1,-23,1
01/01/2015 06:50:00,1,9,39,1,-23,1
01/01/2015 06:51:00,1,9,39,1,-23,1
01/01/2015 06:52:00,1,9,39,1,-23,1
01/01/2015 06:53:00,1,9,39,1,-23,1
01/01/2015 06:54:00,1,9,38,2,-23,1
01/01/2015 06:55:00,1,9,36,1,-22,1
01/01/2015 06:56:00,1,9,36,1,-22,1
01/01/2015 06:57:00,1,8,36,2,-23,1
01/01/2015 06:58:00,1,9,36,1,-23,1
01/01/2015 06:59:00,1,8,35,2,-22,1
01/01/2015 07:00:00,1,9,35,2,-22,1
01/01/2015 07:01:00,1,9,36,2,-22,1
01/01/2015 07:02:00,1,9,36,2,-22,1
01/01/2015 07:03:00,1,10,37,2,-22,1
01/01/2015 07:04:00,1,10,37,2,-21,1
01/01/2015 07:05:00,1,10,36,2,-21,1
01/01/2015 07:06:00,1,10,36,2,-20,1
01/01/2015 07:07:00,1,10,36,2,-20,1
01/01/2015 07:08:00,1,10,36,2,-20,1
01/01/2015 07:09:00,1,10,35,2,-20,1
01/01/2015 07:10:00,1,9,37,2,-20,1
01/01/2015 07:11:00,1,9,36,2,-20,1
01/01/2015 07:12:00,1,9,36,2,-19,1
01/01/2015 07:13:00,1,9,37,2,-19,1
01/01/2015 07:14:00,1,9,36,2,-19,1
01/01/2015 07:15:00,1,9,37,2,-19,1
01/01/2015 07:16:00,1,10,39,2,-19,1
01/01/2015 07:17:00,1,10,39,2,-19,1
01/01/2015 07:18:00,1,10,39,3,-19,1
01/01/2015 07:19:00,1,10,38,2,-20,1
01/01/2015 07:20:00,1,11,37,2,-19,1
01/01/2015 07:21:00,1,10,37,3,-20,1
01/01/2015 07:22:00,1,11,37,3,-20,1
01/01/2015 07:23:00,1,11,37,3,-20,1
01/01/2015 07:24:00,1,11,38,3,-19,1
01/01/2015 07:25:00,1,11,37,3,-20,1
01/01/2015 07:26:00,1,11,36,3,-20,1
01/01/2015 07:27:00,1,11,36,3,-20,1
01/01/2015 07:28:00,1,11,36,3,-19,1
01/01/2015 07:29:00,1,11,37,3,-19,1
01/01/2015 07:30:00,1,11,36,3,-19,1
01/01/2015 07:31:00,1,11,37,3,-19,1
01/01/2015 07:32:00,1,11,37,3,-19,1
01/01/2015 07:33:00,1,10,38,3,-19,1
01/01/2015 07:34:00,1,11,36,3,-19,1
01/01/2015 07:35:00,1,11,35,3,-19,1
01/01/2015 07:36:00,1,11,35,3,-18,1
01/01/2015 07:37:00,1,11,36,3,-18,1
01/01/2015 07:38:00,1,11,36,3,-18,1
01/01/2015 07:39:00,1,11,37,3,-18,1
01/01/2015 07:40:00,1,10,37,3,-18,1
01/01/2015 07:41:00,1,11,37,3,-18,1
01/01/2015 07:42:00,1,11,36,3,-18,1
01/01/2015 07:43:00,1,11,35,3,-18,1
01/01/2015 07:44:00,1,11,34,3,-18,1
01/01/2015 07:45:00,1,11,34,3,-18,1
01/01/2015 07:46:00,1,11,35,3,-18,1
01/01/2015 07:47:00,1,11,35,3,-18,1
01/01/2015 07:48:00,1,11,35,3,-18,1
01/01/2015 07:49:00,1,12,35,3,-18,1
01/01/2015 07:50:00,1,11,35,3,-17,1
01/01/2015 07:51:00,1,11,35,3,-18,1
01/01/2015 07:52:00,1,12,35,3,-18,1
01/01/2015 07:53:00,1,12,35,3,-18,1
01/01/2015 07:54:00,1,12,33,3,-18,1
01/01/2015 07:55:00,1,13,33,3,-18,1
01/01/2015 07:56:00,1,13,34,3,-17,1
01/01/2015 07:57:00,1,13,34,3,-17,1
01/01/2015 07:58:00,1,14,33,2,-18,1
01/01/2015 07:59:00,1,14,33,2,-18,1
01/01/2015 08:00:00,1,14,35,3,-18,1
01/01/2015 08:01:00,1,15,35,2,-18,1
01/01/2015 08:02:00,1,15,34,3,-18,1
01/01/2015 08:03:00,1,13,34,3,-19,1
01/01/2015 08:04:00,1,14,34,2,-19,1
01/01/2015 08:05:00,1,14,33,2,-19,1
01/01/2015 08:06:00,1,14,33,2,-19,1
01/01/2015 08:07:00,1,14,33,2,-19,1
01/01/2015 08:08:00,1,13,33,3,-19,1
01/01/2015 08:09:00,1,13,34,3,-19,1
01/01/2015 08:10:00,1,13,33,2,-20,1
01/01/2015 08:11:00,1,13,34,3,-20,1
01/01/2015 08:12:00,1,12,34,3,-20,1
01/01/2015 08:13:00,1,13,33,3,-21,1
01/01/2015 08:14:00,1,13,33,3,-21,1
01/01/2015 08:15:00,1,13,33,3,-21,1
01/01/2015 08:16:00,1,13,33,3,-21,1
01/01/2015 08:17:00,1,13,32,3,-20,1
01/01/2015 08:18:00,1,13,31,3,-20,1
01/01/2015 08:19:00,1,12,31,3,-20,1
01/01/2015 08:20:00,1,12,30,3,-20,1
01/01/2015 08:21:00,1,12,30,3,-20,1
01/01/2015 08:22:00,1,13,29,4,-20,1
01/01/2015 08:23:00,1,13,30,3,-19,1
01/01/2015 08:24:00,1,13,29,3,-19,1
01/01/2015 08:25:00,1,13,29,3,-19,1
01/01/2015 08:26:00,1,13,29,3,-19,1
01/01/2015 08:27:00,1,12,31,3,-18,1
01/01/2015 08:28:00,1,12,31,3,-18,1
01/01/2015 08:29:00,1,12,32,3,-18,1
01/01/2015 08:30:00,1,12,32,3,-18,1
01/01/2015 08:31:00,1,13,31,3,-18,1
01/01/2015 08:32:00,1,14,31,3,-19,1
01/01/2015 08:33:00,1,14,30,3,-18,1
01/01/2015 08:34:00,1,14,29,3,-18,1
01/01/2015 08:35:00,1,14,29,3,-18,1
01/01/2015 08:36:00,1,14,29,3,-18,1
01/01/2015 08:37:00,1,14,30,3,-18,1
01/01/2015 08:38:00,1,15,29,3,-18,1
01/01/2015 08:39:00,1,15,29,3,-17,1
01/01/2015 08:40:00,1,15,30,3,-17,1
01/01/2015 08:41:00,1,15,30,3,-17,1
01/01/2015 08:42:00,1,14,30,3,-17,1
01/01/2015 08:43:00,1,15,29,3,-17,1
01/01/2015 08:44:00,1,14,30,3,-17,1
01/01/2015 08:45:00,1,15,30,3,-17,1
01/01/2015 08:46:00,1,15,29,3,-17,1
01/01/2015 08:47:00,1,15,30,3,-17,1
01/01/2015 08:48:00,1,15,30,3,-17,1
01/01/2015 08:49:00,1,15,30,3,-17,1
01/01/2015 08:50:00,1,16,29,3,-17,1
01/01/2015 08:51:00,1,16,29,3,-17,1
01/01/2015 08:52:00,1,16,29,3,-17,1
01/01/2015 08:53:00,1,16,29,3,-17,1
01/01/2015 08:54:00,1,16,29,3,-17,1
01/01/2015 08:55:00,1,17,29,3,-17,1
01/01/2015 08:56:00,1,17,30,3,-17,1
01/01/2015 08:57:00,1,17,30,3,-17,1
01/01/2015 08:58:00,1,17,30,3,-17,1
01/01/2015 08:59:00,1,18,30,3,-17,1
01/01/2015 09:00:00,1,18,30,3,-17,1
01/01/2015 09:01:00,1,18,30,3,-17,1
01/01/2015 09:02:00,1,18,30,3,-17,1
01/01/2015 09:03:00,1,18,30,3,-17,1
01/01/2015 09:04:00,1,19,31,3,-17,1
01/01/2015 09:05:00,1,19,31,3,-17,1
01/01/2015 09:06:00,1,19,31,3,-17,1
01/01/2015 09:07:00,1,19,31,3,-17,1
01/01/2015 09:08:00,1,19,30,3,-17,1
01/01/2015 09:09:00,1,20,30,3,-17,1
01/01/2015 09:10:00,1,20,30,3,-17,1
01/01/2015 09:11:00,1,20,30,3,-17,1
01/01/2015 09:12:00,1,20,30,3,-17,1
01/01/2015 09:13:00,1,20,30,3,-17,1
01/01/2015 09:14:00,1,20,30,3,-17,1
01/01/2015 09:15:00,1,20,30,3,-17,1
01/01/2015 09:16:00,1,20,30,3,-17,1
01/01/2015 09:17:00,1,20,30,3,-16,1
01/01/2015 09:18:00,1,20,30,3,-16,1
01/01/2015 09:19:00,1,20,30,3,-16,1
01/01/2015 09:20:00,1,19,29,3,-16,1
01/01/2015 09:21:00,1,20,29,3,-16,1
01/01/2015 09:22:00,1,19,30,4,-16,1
01/01/2015 09:23:00,1,19,30,4,-16,1
01/01/2015 09:24:00,1,19,29,4,-15,1
01/01/2015 09:25:00,1,20,29,3,-15,1
01/01/2015 09:26:00,1,19,29,4,-15,1
01/01/2015 09:27:00,1,19,29,4,-15,1
01/01/2015 09:28:00,1,20,29,4,-15,1
01/01/2015 09:29:00,1,19,30,4,-16,1
01/01/2015 09:30:00,1,19,30,4,-16,1
01/01/2015 09:31:00,1,20,30,4,-16,1
01/01/2015 09:32:00,1,20,29,4,-16,1
01/01/2015 09:33:00,1,19,30,4,-16,1
01/01/2015 09:34:00,1,20,30,4,-16,1
01/01/2015 09:35:00,1,19,29,4,-16,1
01/01/2015 09:36:00,1,19,28,4,-15,1
01/01/2015 09:37:00,1,20,28,4,-15,1
01/01/2015 09:38:00,1,19,27,4,-15,1
01/01/2015 09:39:00,1,19,27,4,-15,1
01/01/2015 09:40:00,1,19,26,4,-14,1
01/01/2015 09:41:00,1,19,26,4,-14,1
01/01/2015 09:42:00,1,19,27,4,-14,1
01/01/2015 09:43:00,1,19,27,4,-15,1
01/01/2015 09:44:00,1,19,27,4,-15,1
01/01/2015 09:45:00,1,19,26,4,-14,1
01/01/2015 09:46:00,1,19,27,4,-15,1
01/01/2015 09:47:00,1,19,26,4,-14,1
01/01/2015 09:48:00,1,19,26,4,-14,1
01/01/2015 09:49:00,1,19,27,4,-14,1
01/01/2015 09:50:00,1,19,26,4,-15,1
01/01/2015 09:51:00,1,19,26,4,-14,1
01/01/2015 09:52:00,1,19,25,4,-14,1
01/01/2015 09:53:00,1,18,25,4,-14,1
01/01/2015 09:54:00,1,18,24,4,-14,1
01/01/2015 09:55:00,1,18,24,4,-13,1
01/01/2015 09:56:00,1,18,24,4,-13,1
01/01/2015 09:57:00,1,17,25,4,-13,1
01/01/2015 09:58:00,1,18,25,4,-14,1
01/01/2015 09:59:00,1,17,26,4,-13,1
01/01/2015 10:00:00,1,18,25,4,-14,1
01/01/2015 10:01:00,1,18,25,4,-14,1
01/01/2015 10:02:00,1,18,25,4,-14,1
01/01/2015 10:03:00,1,18,24,4,-14,1
01/01/2015 10:04:00,1,18,23,4,-14,1
01/01/2015 10:05:00,1,18,23,4,-14,1
01/01/2015 10:06:00,1,17,23,4,-14,1
01/01/2015 10:07:00,1,17,24,4,-14,1
01/01/2015 10:08:00,1,17,24,4,-14,1
01/01/2015 10:09:00,1,17,24,4,-14,1
01/01/2015 10:10:00,1,17,25,4,-14,1
01/01/2015 10:11:00,1,17,25,4,-14,1
01/01/2015 10:12:00,1,17,25,4,-14,1
01/01/2015 10:13:00,1,17,25,4,-14,1
01/01/2015 10:14:00,1,17,24,4,-14,1
01/01/2015 10:15:00,1,18,23,3,-14,1
01/01/2015 10:16:00,1,17,25,3,-14,1
01/01/2015 10:17:00,1,17,25,3,-14,1
01/01/2015 10:18:00,1,17,25,3,-13,1
01/01/2015 10:19:00,1,17,24,3,-13,1
01/01/2015 10:20:00,1,17,25,3,-13,1
01/01/2015 10:21:00,1,17,26,3,-13,1
01/01/2015 10:22:00,1,17,25,3,-13,1
01/01/2015 10:23:00,1,17,25,3,-13,1
01/01/2015 10:24:00,1,17,25,3,-14,1
01/01/2015 10:25:00,1,17,25,3,-14,1
01/01/2015 10:26:00,1,16,26,3,-13,1
01/01/2015 10:27:00,1,16,27,3,-14,1
01/01/2015 10:28:00,1,16,27,3,-14,1
01/01/2015 10:29:00,1,16,26,4,-14,1
01/01/2015 10:30:00,1,15,26,3,-14,1
01/01/2015 10:31:00,1,15,27,3,-14,1
01/01/2015 10:32:00,1,15,27,3,-14,1
01/01/2015 10:33:00,1,16,27,3,-14,1
01/01/2015 10:34:00,1,15,27,4,-14,1
01/01/2015 10:35:00,1,15,26,4,-14,1
01/01/2015 10:36:00,1,14,26,4,-14,1
01/01/2015 10:37:00,1,14,28,4,-14,1
01/01/2015 10:38:00,1,13,28,4,-14,1
01/01/2015 10:39:00,1,13,28,4,-14,1
01/01/2015 10:40:00,1,13,28,4,-14,1
01/01/2015 10:41:00,1,14,28,4,-14,1
01/01/2015 10:42:00,1,14,28,4,-14,1
01/01/2015 10:43:00,1,14,28,4,-14,1
01/01/2015 10:44:00,1,14,28,3,-14,1
01/01/2015 10:45:00,1,14,29,3,-14,1
01/01/2015 10:46:00,1,14,30,3,-14,1
01/01/2015 10:47:00,1,14,30,3,-14,1
01/01/2015 10:48:00,1,14,30,4,-14,1
01/01/2015 10:49:00,1,14,30,3,-14,1
01/01/2015 10:50:00,1,14,30,3,-13,1
01/01/2015 10:51:00,1,14,29,3,-13,1
01/01/2015 10:52:00,1,13,29,4,-13,1
01/01/2015 10:53:00,1,13,29,4,-13,1
01/01/2015 10:54:00,1,13,29,4,-13,1
01/01/2015 10:55:00,1,13,29,4,-13,1
01/01/2015 10:56:00,1,12,29,4,-13,1
01/01/2015 10:57:00,1,12,29,4,-13,1
01/01/2015 10:58:00,1,11,29,4,-13,1
01/01/2015 10:59:00,1,11,29,4,-13,1
01/01/2015 11:00:00,1,10,29,4,-13,1
01/01/2015 11:01:00,1,11,30,4,-13,1
01/01/2015 11:02:00,1,11,30,4,-13,1
01/01/2015 11:03:00,1,11,30,4,-13,1
01/01/2015 11:04:00,1,11,31,3,-13,1
01/01/2015 11:05:00,1,10,31,3,-13,1
01/01/2015 11:06:00,1,10,30,3,-13,1
01/01/2015 11:07:00,1,10,31,3,-13,1
01/01/2015 11:08:00,1,10,30,3,-14,1
01/01/2015 11:09:00,1,10,30,3,-14,1
01/01/2015 11:10:00,1,10,30,3,-14,1
01/01/2015 11:11:00,1,10,29,3,-13,1
01/01/2015 11:12:00,1,10,30,3,-14,1
01/01/2015 11:13:00,1,9,30,3,-13,1
01/01/2015 11:14:00,1,10,30,3,-13,1
01/01/2015 11:15:00,1,10,30,3,-14,1
01/01/2015 11:16:00,1,9,30,3,-14,1
01/01/2015 11:17:00,1,10,31,3,-13,1
01/01/2015 11:18:00,1,10,31,3,-13,1
01/01/2015 11:19:00,1,10,31,3,-13,1
01/01/2015 11:20:00,1,9,31,3,-13,1
01/01/2015 11:21:00,1,10,31,3,-13,1
01/01/2015 11:22:00,1,10,30,3,-14,1
01/01/2015 11:23:00,1,10,30,3,-13,1
01/01/2015 11:24:00,1,10,30,3,-13,1
01/01/2015 11:25:00,1,9,30,2,-13,1
01/01/2015 11:26:00,1,9,30,3,-13,1
01/01/2015 11:27:00,1,9,30,2,-13,1
01/01/2015 11:28:00,1,10,30,2,-13,1
01/01/2015 11:29:00,1,10,30,2,-13,1
01/01/2015 11:30:00,1,9,30,2,-13,1
01/01/2015 11:31:00,1,10,31,2,-13,1
01/01/2015 11:32:00,1,9,31,2,-13,1
01/01/2015 11:33:00,1,10,31,2,-13,1
01/01/2015 11:34:00,1,10,31,2,-13,1
01/01/2015 11:35:00,1,10,31,2,-13,1
01/01/2015 11:36:00,1,10,31,2,-13,1
01/01/2015 11:37:00,1,10,31,2,-13,1
01/01/2015 11:38:00,1,10,31,2,-13,1
01/01/2015 11:39:00,1,10,31,2,-13,1
01/01/2015 11:40:00,1,10,31,2,-13,1
01/01/2015 11:41:00,1,10,31,2,-12,1
01/01/2015 11:42:00,1,11,31,2,-13,1
01/01/2015 11:43:00,1,9,31,2,-12,1
01/01/2015 11:44:00,1,11,31,2,-13,1
01/01/2015 11:45:00,1,10,31,2,-12,1
01/01/2015 11:46:00,1,10,31,2,-13,1
01/01/2015 11:47:00,1,10,31,2,-12,1
01/01/2015 11:48:00,1,10,31,2,-12,1
01/01/2015 11:49:00,1,11,31,2,-12,1
01/01/2015 11:50:00,1,10,31,2,-12,1
01/01/2015 11:51:00,1,11,32,1,-12,1
01/01/2015 11:52:00,1,10,32,2,-12,1
01/01/2015 11:53:00,1,10,32,1,-12,1
01/01/2015 11:54:00,1,11,32,2,-13,1
01/01/2015 11:55:00,1,11,32,1,-12,1
01/01/2015 11:56:00,1,11,33,1,-12,1
01/01/2015 11:57:00,1,11,33,1,-12,1
01/01/2015 11:58:00,1,11,33,1,-12,1
01/01/2015 11:59:00,1,11,33,1,-12,1
01/01/2015 12:00:00,1,11,33,1,-12,1
01/01/2015 12:01:00,1,12,33,1,-12,1
01/01/2015 12:02:00,1,11,34,1,-12,1
01/01/2015 12:03:00,1,11,34,1,-12,1
01/01/2015 12:04:00,1,11,34,1,-12,1
01/01/2015 12:05:00,1,11,33,1,-12,1
01/01/2015 12:06:00,1,11,34,1,-12,1
01/01/2015 12:07:00,1,12,34,1,-12,1
01/01/2015 12:08:00,1,12,33,1,-11,1
01/01/2015 12:09:00,1,11,34,1,-12,1
01/01/2015 12:10:00,1,12,33,0,-11,1
01/01/2015 12:11:00,1,12,33,1,-11,1
01/01/2015 12:12:00,1,12,33,1,-11,1
01/01/2015 12:13:00,1,12,33,1,-11,1
01/01/2015 12:14:00,1,12,33,1,-11,1
01/01/2015 12:15:00,1,12,34,1,-11,1
01/01/2015 12:16:00,1,13,34,1,-11,1
01/01/2015 12:17:00,1,12,34,1,-11,1
01/01/2015 12:18:00,1,11,34,0,-10,1
01/01/2015 12:19:00,1,13,35,0,-11,1
01/01/2015 12:20:00,1,12,35,0,-11,1
01/01/2015 12:21:00,1,13,35,0,-11,1
01/01/2015 12:22:00,1,12,34,0,-10,1
01/01/2015 12:23:00,1,13,35,0,-10,1
01/01/2015 12:24:00,1,12,35,0,-10,1
01/01/2015 12:25:00,1,11,35,0,-10,1
01/01/2015 12:26:00,1,11,35,0,-10,1
01/01/2015 12:27:00,1,11,35,0,-11,1
01/01/2015 12:28:00,1,11,35,1,-11,1
01/01/2015 12:29:00,1,10,35,1,-10,1
01/01/2015 12:30:00,1,11,35,1,-10,1
01/01/2015 12:31:00,1,11,34,1,-10,1
01/01/2015 12:32:00,1,12,34,0,-10,1
01/01/2015 12:33:00,1,12,34,1,-9,1
01/01/2015 12:34:00,1,11,33,1,-9,1
01/01/2015 12:35:00,1,11,33,1,-9,1
01/01/2015 12:36:00,1,10,33,1,-8,1
01/01/2015 12:37:00,1,11,34,1,-8,1
01/01/2015 12:38:00,1,11,34,1,-8,1
01/01/2015 12:39:00,1,12,33,1,-7,1
01/01/2015 12:40:00,1,11,33,1,-7,1
01/01/2015 12:41:00,1,11,33,1,-7,1
01/01/2015 12:42:00,1,10,33,1,-7,1
01/01/2015 12:43:00,1,11,33,1,-6,1
01/01/2015 12:44:00,1,10,33,1,-6,1
01/01/2015 12:45:00,1,10,33,1,-6,1
01/01/2015 12:46:00,1,10,33,1,-6,1
01/01/2015 12:47:00,1,10,33,1,-5,1
01/01/2015 12:48:00,1,9,32,1,-4,1
01/01/2015 12:49:00,1,8,32,1,-4,1
01/01/2015 12:50:00,1,8,32,1,-3,1
01/01/2015 12:51:00,1,9,33,1,-2,1
01/01/2015 12:52:00,1,9,32,1,-2,1
01/01/2015 12:53:00,1,8,34,1,-1,1
01/01/2015 12:54:00,1,7,34,1,-2,1
01/01/2015 12:55:00,1,8,35,2,-3,1
01/01/2015 12:56:00,1,7,35,2,-3,1
01/01/2015 12:57:00,1,7,34,2,-3,1
01/01/2015 12:58:00,1,5,34,2,-3,1
01/01/2015 12:59:00,1,6,33,1,-3,1
01/01/2015 13:00:00,1,6,33,1,-3,1
01/01/2015 13:01:00,1,6,32,2,-3,1
01/01/2015 13:02:00,1,4,32,2,-3,1
01/01/2015 13:03:00,1,3,32,2,-3,1
01/01/2015 13:04:00,1,3,32,2,-3,1
01/01/2015 13:05:00,1,4,32,2,-3,1
01/01/2015 13:06:00,1,4,31,2,-2,1
01/01/2015 13:07:00,1,5,31,2,-2,1
01/01/2015 13:08:00,1,5,31,2,-2,1
01/01/2015 13:09:00,1,5,31,2,-2,1
01/01/2015 13:10:00,1,5,31,2,-2,1
01/01/2015 13:11:00,1,6,32,2,-2,1
01/01/2015 13:12:00,1,5,32,2,-2,1
01/01/2015 13:13:00,1,6,31,2,-2,1
01/01/2015 13:14:00,1,6,31,2,-2,1
01/01/2015 13:15:00,1,6,31,2,-2,1
01/01/2015 13:16:00,1,7,31,2,-2,1
01/01/2015 13:17:00,1,7,30,1,-2,1
01/01/2015 13:18:00,1,7,30,2,-2,1
01/01/2015 13:19:00,1,7,29,2,-2,1
01/01/2015 13:20:00,1,8,29,1,-2,1
01/01/2015 13:21:00,1,8,29,1,-2,1
01/01/2015 13:22:00,1,7,30,1,-2,1
01/01/2015 13:23:00,1,8,30,1,-2,1
01/01/2015 13:24:00,1,8,30,1,-2,1
01/01/2015 13:25:00,1,8,29,1,-2,1
01/01/2015 13:26:00,1,8,29,1,-2,1
01/01/2015 13:27:00,1,8,30,2,-3,1
01/01/2015 13:28:00,1,8,29,1,-3,1
01/01/2015 13:29:00,1,8,30,2,-3,1
01/01/2015 13:30:00,1,8,29,2,-3,1
01/01/2015 13:31:00,1,7,29,2,-3,1
01/01/2015 13:32:00,1,6,28,1,-3,1
01/01/2015 13:33:00,1,6,29,1,-3,1
01/01/2015 13:34:00,1,6,29,2,-3,1
01/01/2015 13:35:00,1,6,28,1,-3,1
01/01/2015 13:36:00,1,7,29,1,-3,1
01/01/2015 13:37:00,1,7,28,1,-3,1
01/01/2015 13:38:00,1,8,28,1,-3,1
01/01/2015 13:39:00,1,8,28,1,-3,1
01/01/2015 13:40:00,1,8,29,1,-4,1
01/01/2015 13:41:00,1,8,28,2,-4,1
01/01/2015 13:42:00,1,8,28,1,-4,1
01/01/2015 13:43:00,1,8,28,1,-3,1
01/01/2015 13:44:00,1,8,28,1,-3,1
01/01/2015 13:45:00,1,9,27,1,-3,1
01/01/2015 13:46:00,1,9,27,1,-3,1
01/01/2015 13:47:00,1,10,26,1,-3,1
01/01/2015 13:48:00,1,10,27,1,-2,1
01/01/2015 13:49:00,1,12,26,1,-2,1
01/01/2015 13:50:00,1,13,26,1,-1,1
01/01/2015 13:51:00,1,12,26,1,-1,1
01/01/2015 13:52:00,1,13,26,1,-2,1
01/01/2015 13:53:00,1,13,26,2,-2,1
01/01/2015 13:54:00,1,13,26,2,-2,1
01/01/2015 13:55:00,1,13,26,2,-2,1
01/01/2015 13:56:00,1,13,26,2,-2,1
01/01/2015 13:57:00,1,13,26,2,-2,1
01/01/2015 13:58:00,1,13,26,2,-2,1
01/01/2015 13:59:00,1,14,25,2,-2,1
01/01/2015 14:00:00,1,13,25,2,-1,1
01/01/2015 14:01:00,1,13,25,2,-2,1
01/01/2015 14:02:00,1,13,25,2,-2,1
01/01/2015 14:03:00,1,13,25,2,-2,1
01/01/2015 14:04:00,1,13,25,2,-2,1
01/01/2015 14:05:00,1,13,25,2,-2,1
01/01/2015 14:06:00,1,13,25,2,-2,1
01/01/2015 14:07:00,1,13,25,2,-2,1
01/01/2015 14:08:00,1,13,25,2,-1,1
01/01/2015 14:09:00,1,13,25,2,-2,1
01/01/2015 14:10:00,1,12,25,2,-1,1
01/01/2015 14:11:00,1,12,25,2,-1,1
01/01/2015 14:12:00,1,11,24,2,-1,1
01/01/2015 14:13:00,1,11,24,2,-1,1
01/01/2015 14:14:00,1,10,24,2,-1,1
01/01/2015 14:15:00,1,10,24,2,-1,1
01/01/2015 14:16:00,1,9,24,2,-1,1
01/01/2015 14:17:00,1,9,25,2,-1,1
01/01/2015 14:18:00,1,9,24,2,-1,1
01/01/2015 14:19:00,1,8,24,2,-1,1
01/01/2015 14:20:00,1,8,24,2,-2,1
01/01/2015 14:21:00,1,8,24,2,-2,1
01/01/2015 14:22:00,1,7,24,2,-1,1
01/01/2015 14:23:00,1,8,24,2,-2,1
01/01/2015 14:24:00,1,7,25,2,-1,1
01/01/2015 14:25:00,1,8,25,2,-1,1
01/01/2015 14:26:00,1,8,23,2,-1,1
01/01/2015 14:27:00,1,8,24,2,-1,1
01/01/2015 14:28:00,1,9,23,2,-1,1
01/01/2015 14:29:00,1,8,24,3,-1,1
01/01/2015 14:30:00,1,9,23,2,-1,1
01/01/2015 14:31:00,1,10,23,2,-1,1
01/01/2015 14:32:00,1,10,23,3,-1,1
01/01/2015 14:33:00,1,10,23,3,-1,1
01/01/2015 14:34:00,1,10,23,3,-1,1
01/01/2015 14:35:00,1,11,23,3,-1,1
01/01/2015 14:36:00,1,11,23,3,-1,1
01/01/2015 14:37:00,1,11,23,3,-1,1
01/01/2015 14:38:00,1,12,22,3,-1,1
01/01/2015 14:39:00,1,12,21,3,-1,1
01/01/2015 14:40:00,1,13,22,3,-1,1
01/01/2015 14:41:00,1,12,22,3,-1,1
01/01/2015 14:42:00,1,12,22,3,-2,1
01/01/2015 14:43:00,1,12,22,3,-2,1
01/01/2015 14:44:00,1,13,22,3,-2,1
01/01/2015 14:45:00,1,14,22,3,-2,1
01/01/2015 14:46:00,1,15,22,3,-2,1
01/01/2015 14:47:00,1,15,22,3,-2,1
01/01/2015 14:48:00,1,16,21,3,-2,1
01/01/2015 14:49:00,1,17,21,3,-2,1
01/01/2015 14:50:00,1,16,21,3,-2,1
01/01/2015 14:51:00,1,17,20,3,-2,1
01/01/2015 14:52:00,1,18,20,3,-2,1
01/01/2015 14:53:00,1,18,21,4,-2,1
01/01/2015 14:54:00,1,18,21,4,-2,1
01/01/2015 14:55:00,1,18,20,3,-2,1
01/01/2015 14:56:00,1,19,20,3,-2,1
01/01/2015 14:57:00,1,19,20,3,-2,1
01/01/2015 14:58:00,1,20,20,4,-2,1
01/01/2015 14:59:00,1,21,21,4,-2,1
01/01/2015 15:00:00,1,21,20,4,-2,1
01/01/2015 15:01:00,1,20,20,4,-2,1
01/01/2015 15:02:00,1,19,19,4,-2,1
01/01/2015 15:03:00,1,18,19,4,-3,1
01/01/2015 15:04:00,1,17,19,4,-4,1
01/01/2015 15:05:00,1,15,20,4,-4,1
01/01/2015 15:06:00,1,16,20,5,-4,1
01/01/2015 15:07:00,1,16,19,4,-4,1
01/01/2015 15:08:00,1,17,21,4,-4,1
01/01/2015 15:09:00,1,18,21,4,-4,1
01/01/2015 15:10:00,1,18,21,4,-3,1
01/01/2015 15:11:00,1,18,20,4,-4,1
01/01/2015 15:12:00,1,18,19,3,-4,1
01/01/2015 15:13:00,1,16,18,4,-4,1
01/01/2015 15:14:00,1,14,18,3,-5,1
01/01/2015 15:15:00,1,12,18,4,-5,1
01/01/2015 15:16:00,1,13,18,4,-6,1
01/01/2015 15:17:00,1,13,19,4,-7,1
01/01/2015 15:18:00,1,13,19,4,-7,1
01/01/2015 15:19:00,1,13,19,3,-7,1
01/01/2015 15:20:00,1,13,19,3,-7,1
01/01/2015 15:21:00,1,13,20,3,-7,1
01/01/2015 15:22:00,1,13,19,3,-7,1
01/01/2015 15:23:00,1,13,19,3,-7,1
01/01/2015 15:24:00,1,13,19,3,-8,1
01/01/2015 15:25:00,1,12,18,3,-8,1
01/01/2015 15:26:00,1,12,17,3,-8,1
01/01/2015 15:27:00,1,13,17,3,-8,1
01/01/2015 15:28:00,1,14,17,3,-8,1
01/01/2015 15:29:00,1,15,16,3,-8,1
01/01/2015 15:30:00,1,14,16,3,-8,1
01/01/2015 15:31:00,1,14,16,3,-8,1
01/01/2015 15:32:00,1,13,15,3,-8,1
01/01/2015 15:33:00,1,13,15,3,-8,1
01/01/2015 15:34:00,1,13,15,3,-8,1
01/01/2015 15:35:00,1,13,15,3,-9,1
01/01/2015 15:36:00,1,13,15,3,-8,1
01/01/2015 15:37:00,1,13,15,3,-9,1
01/01/2015 15:38:00,1,13,14,3,-9,1
01/01/2015 15:39:00,1,13,15,3,-9,1
01/01/2015 15:40:00,1,12,15,3,-10,1
01/01/2015 15:41:00,1,12,15,3,-10,1
01/01/2015 15:42:00,1,12,16,3,-10,1
01/01/2015 15:43:00,1,11,15,3,-10,1
01/01/2015 15:44:00,1,11,14,3,-10,1
01/01/2015 15:45:00,1,11,14,3,-10,1
01/01/2015 15:46:00,1,10,14,3,-10,1
01/01/2015 15:47:00,1,11,14,3,-10,1
01/01/2015 15:48:00,1,11,14,3,-10,1
01/01/2015 15:49:00,1,11,15,3,-11,1
01/01/2015 15:50:00,1,11,15,3,-10,1
01/01/2015 15:51:00,1,11,15,3,-10,1
01/01/2015 15:52:00,1,11,14,3,-10,1
01/01/2015 15:53:00,1,11,14,3,-10,1
01/01/2015 15:54:00,1,11,14,3,-10,1
01/01/2015 15:55:00,1,11,14,3,-10,1
01/01/2015 15:56:00,1,11,15,3,-11,1
01/01/2015 15:57:00,1,11,15,2,-11,1
01/01/2015 15:58:00,1,11,15,3,-12,1
01/01/2015 15:59:00,1,11,14,3,-12,1
01/01/2015 16:00:00,1,11,15,3,-12,1
01/01/2015 16:01:00,1,11,15,3,-12,1
01/01/2015 16:02:00,1,11,15,3,-12,1
01/01/2015 16:03:00,1,11,14,2,-12,1
01/01/2015 16:04:00,1,12,14,2,-12,1
01/01/2015 16:05:00,1,12,14,2,-13,1
01/01/2015 16:06:00,1,12,14,2,-13,1
01/01/2015 16:07:00,1,11,14,3,-13,1
01/01/2015 16:08:00,1,11,14,3,-13,1
01/01/2015 16:09:00,1,12,14,3,-13,1
01/01/2015 16:10:00,1,12,14,3,-13,1
01/01/2015 16:11:00,1,13,14,2,-13,1
01/01/2015 16:12:00,1,12,14,2,-13,1
01/01/2015 16:13:00,1,12,14,2,-13,1
01/01/2015 16:14:00,1,12,15,2,-14,1
01/01/2015 16:15:00,1,12,15,2,-14,1
01/01/2015 16:16:00,1,12,13,2,-13,1
01/01/2015 16:17:00,1,12,13,2,-13,1
01/01/2015 16:18:00,1,12,13,2,-13,1
01/01/2015 16:19:00,1,12,14,2,-14,1
01/01/2015 16:20:00,1,12,14,2,-13,1
01/01/2015 16:21:00,1,12,14,2,-13,1
01/01/2015 16:22:00,1,12,13,2,-13,1
01/01/2015 16:23:00,1,13,14,2,-13,1
01/01/2015 16:24:00,1,13,14,2,-13,1
01/01/2015 16:25:00,1,13,15,2,-13,1
01/01/2015 16:26:00,1,13,15,2,-13,1
01/01/2015 16:27:00,1,13,15,2,-13,1
01/01/2015 16:28:00,1,13,16,2,-13,1
01/01/2015 16:29:00,1,13,15,2,-13,1
01/01/2015 16:30:00,1,12,15,2,-13,1
01/01/2015 16:31:00,1,12,14,3,-12,1
01/01/2015 16:32:00,1,12,13,3,-12,1
01/01/2015 16:33:00,1,12,14,2,-12,1
01/01/2015 16:34:00,1,13,15,2,-12,1
01/01/2015 16:35:00,1,13,16,2,-12,1
01/01/2015 16:36:00,1,12,16,2,-13,1
01/01/2015 16:37:00,1,12,16,2,-13,1
01/01/2015 16:38:00,1,12,14,2,-13,1
01/01/2015 16:39:00,1,12,14,2,-13,1
01/01/2015 16:40:00,1,12,13,2,-12,1
01/01/2015 16:41:00,1,12,13,2,-12,1
01/01/2015 16:42:00,1,12,14,2,-13,1
01/01/2015 16:43:00,1,12,14,2,-13,1
01/01/2015 16:44:00,1,12,13,2,-13,1
01/01/2015 16:45:00,1,12,13,2,-13,1
01/01/2015 16:46:00,1,12,13,2,-13,1
01/01/2015 16:47:00,1,12,12,2,-13,1
01/01/2015 16:48:00,1,12,12,2,-13,1
01/01/2015 16:49:00,1,13,12,2,-13,1
01/01/2015 16:50:00,1,12,12,2,-13,1
01/01/2015 16:51:00,1,12,12,2,-13,1
01/01/2015 16:52:00,1,12,12,2,-13,1
01/01/2015 16:53:00,1,12,12,2,-13,1
01/01/2015 16:54:00,1,12,12,2,-13,1
01/01/2015 16:55:00,1,13,12,2,-13,1
01/01/2015 16:56:00,1,13,12,2,-13,1
01/01/2015 16:57:00,1,14,12,2,-13,1
01/01/2015 16:58:00,1,14,11,2,-13,1
01/01/2015 16:59:00,1,15,11,2,-13,1
01/01/2015 17:00:00,1,15,12,2,-13,1
01/01/2015 17:01:00,1,14,11,1,-12,1
01/01/2015 17:02:00,1,14,10,2,-12,1
01/01/2015 17:03:00,1,14,11,2,-12,1
01/01/2015 17:04:00,1,14,10,2,-12,1
01/01/2015 17:05:00,1,14,10,2,-12,1
01/01/2015 17:06:00,1,14,11,1,-11,1
01/01/2015 17:07:00,1,16,11,1,-11,1
01/01/2015 17:08:00,1,16,12,1,-11,1
01/01/2015 17:09:00,1,17,13,1,-11,1
01/01/2015 17:10:00,1,17,13,1,-11,1
01/01/2015 17:11:00,1,18,14,1,-11,1
01/01/2015 17:12:00,1,18,15,1,-12,1
01/01/2015 17:13:00,1,18,15,1,-11,1
01/01/2015 17:14:00,1,17,15,1,-12,1
01/01/2015 17:15:00,1,18,13,1,-11,1
01/01/2015 17:16:00,1,17,14,1,-11,1
01/01/2015 17:17:00,1,19,15,1,-11,1
01/01/2015 17:18:00,1,19,15,1,-11,1
01/01/2015 17:19:00,1,19,16,0,-11,1
01/01/2015 17:20:00,1,20,16,0,-11,1
01/01/2015 17:21:00,1,20,16,0,-11,1
01/01/2015 17:22:00,1,21,17,0,-11,1
01/01/2015 17:23:00,1,21,16,0,-10,1
01/01/2015 17:24:00,1,21,15,0,-10,1
01/01/2015 17:25:00,1,21,15,0,-10,1
01/01/2015 17:26:00,1,21,16,0,-11,1
01/01/2015 17:27:00,1,21,16,0,-11,1
01/01/2015 17:28:00,1,21,16,0,-11,1
01/01/2015 17:29:00,1,21,14,0,-11,1
01/01/2015 17:30:00,1,21,15,0,-11,1
01/01/2015 17:31:00,1,21,15,0,-11,1
01/01/2015 17:32:00,1,20,15,0,-11,1
01/01/2015 17:33:00,1,20,14,0,-11,1
01/01/2015 17:34:00,1,20,14,1,-11,1
01/01/2015 17:35:00,1,20,14,0,-11,1
01/01/2015 17:36:00,1,18,13,1,-12,1
01/01/2015 17:37:00,1,18,14,1,-12,1
01/01/2015 17:38:00,1,18,14,0,-12,1
01/01/2015 17:39:00,1,18,13,0,-13,1
01/01/2015 17:40:00,1,18,14,0,-13,1
01/01/2015 17:41:00,1,18,14,0,-13,1
01/01/2015 17:42:00,1,17,13,0,-14,1
01/01/2015 17:43:00,1,18,13,0,-13,1
01/01/2015 17:44:00,1,18,12,0,-13,1
01/01/2015 17:45:00,1,18,14,0,-12,1
01/01/2015 17:46:00,1,20,13,0,-12,1
01/01/2015 17:47:00,1,20,15,0,-12,1
01/01/2015 17:48:00,1,21,14,-1,-12,1
01/01/2015 17:49:00,1,21,14,-1,-12,1
01/01/2015 17:50:00,1,22,15,-1,-12,1
01/01/2015 17:51:00,1,22,14,-1,-12,1
01/01/2015 17:52:00,1,23,14,-1,-11,1
01/01/2015 17:53:00,1,22,15,-1,-11,1
01/01/2015 17:54:00,1,23,16,-1,-11,1
01/01/2015 17:55:00,1,23,14,-1,-11,1
01/01/2015 17:56:00,1,23,14,-1,-11,1
01/01/2015 17:57:00,1,23,14,-1,-11,1
01/01/2015 17:58:00,1,23,14,-1,-11,1
01/01/2015 17:59:00,1,24,14,0,-10,1
01/01/2015 18:00:00,1,23,14,0,-10,1
01/01/2015 18:01:00,1,23,13,0,-9,1
01/01/2015 18:02:00,1,23,13,0,-9,1
01/01/2015 18:03:00,1,22,14,0,-9,1
01/01/2015 18:04:00,1,22,13,0,-9,1
01/01/2015 18:05:00,1,21,14,0,-9,1
01/01/2015 18:06:00,1,21,14,0,-9,1
01/01/2015 18:07:00,1,22,14,0,-9,1
01/01/2015 18:08:00,1,21,14,0,-9,1
01/01/2015 18:09:00,1,21,14,0,-9,1
01/01/2015 18:10:00,1,21,14,0,-9,1
01/01/2015 18:11:00,1,21,13,0,-9,1
01/01/2015 18:12:00,1,21,13,0,-9,1
01/01/2015 18:13:00,1,21,12,0,-9,1
01/01/2015 18:14:00,1,21,12,0,-9,1
01/01/2015 18:15:00,1,20,12,0,-9,1
01/01/2015 18:16:00,1,20,12,0,-9,1
01/01/2015 18:17:00,1,20,12,0,-10,1
01/01/2015 18:18:00,1,20,12,0,-10,1
01/01/2015 18:19:00,1,18,11,0,-11,1
01/01/2015 18:20:00,1,18,11,0,-11,1
01/01/2015 18:21:00,1,17,11,0,-10,1
01/01/2015 18:22:00,1,16,11,0,-10,1
01/01/2015 18:23:00,1,16,10,0,-10,1
01/01/2015 18:24:00,1,15,9,0,-10,1
01/01/2015 18:25:00,1,15,11,1,-10,1
01/01/2015 18:26:00,1,16,10,1,-9,1
01/01/2015 18:27:00,1,15,10,1,-9,1
01/01/2015 18:28:00,1,15,11,1,-9,1
01/01/2015 18:29:00,1,16,11,1,-9,1
01/01/2015 18:30:00,1,16,11,1,-9,1
01/01/2015 18:31:00,1,16,12,1,-9,1
01/01/2015 18:32:00,1,17,12,1,-9,1
01/01/2015 18:33:00,1,17,12,1,-9,1
01/01/2015 18:34:00,1,16,12,1,-9,1
01/01/2015 18:35:00,1,17,13,1,-9,1
01/01/2015 18:36:00,1,18,13,1,-9,1
01/01/2015 18:37:00,1,17,13,1,-9,1
01/01/2015 18:38:00,1,19,13,1,-9,1
01/01/2015 18:39:00,1,19,13,1,-9,1
01/01/2015 18:40:00,1,20,13,1,-9,1
01/01/2015 18:41:00,1,19,14,1,-10,1
01/01/2015 18:42:00,1,20,14,1,-10,1
01/01/2015 18:43:00,1,20,15,1,-10,1
01/01/2015 18:44:00,1,21,15,2,-9,1
01/01/2015 18:45:00,1,20,15,2,-9,1
01/01/2015 18:46:00,1,21,14,2,-9,1
01/01/2015 18:47:00,1,20,14,2,-9,1
01/01/2015 18:48:00,1,21,15,2,-9,1
01/01/2015 18:49:00,1,20,15,2,-8,1
01/01/2015 18:50:00,1,20,14,2,-8,1
01/01/2015 18:51:00,1,21,14,2,-8,1
01/01/2015 18:52:00,1,20,14,2,-8,1
01/01/2015 18:53:00,1,19,14,2,-8,1
01/01/2015 18:54:00,1,20,14,2,-7,1
01/01/2015 18:55:00,1,20,14,2,-7,1
01/01/2015 18:56:00,1,21,14,2,-7,1
01/01/2015 18:57:00,1,21,14,2,-7,1
01/01/2015 18:58:00,1,21,16,2,-8,1
01/01/2015 18:59:00,1,22,16,2,-8,1
01/01/2015 19:00:00,1,22,16,2,-7,1
01/01/2015 19:01:00,1,23,15,2,-8,1
01/01/2015 19:02:00,1,23,15,2,-8,1
01/01/2015 19:03:00,1,22,15,2,-8,1
01/01/2015 19:04:00,1,22,15,2,-8,1
01/01/2015 19:05:00,1,22,15,2,-7,1
01/01/2015 19:06:00,1,24,14,2,-7,1
01/01/2015 19:07:00,1,24,14,2,-7,1
01/01/2015 19:08:00,1,24,14,2,-7,1
01/01/2015 19:09:00,1,24,14,2,-7,1
01/01/2015 19:10:00,1,24,13,2,-6,1
01/01/2015 19:11:00,1,25,14,2,-7,1
01/01/2015 19:12:00,1,24,14,2,-7,1
01/01/2015 19:13:00,1,24,15,2,-8,1
01/01/2015 19:14:00,1,24,15,2,-8,1
01/01/2015 19:15:00,1,24,15,2,-8,1
01/01/2015 19:16:00,1,24,15,2,-8,1
01/01/2015 19:17:00,1,23,14,3,-8,1
01/01/2015 19:18:00,1,23,14,3,-9,1
01/01/2015 19:19:00,1,23,15,3,-9,1
01/01/2015 19:20:00,1,22,15,3,-8,1
01/01/2015 19:21:00,1,22,15,3,-9,1
01/01/2015 19:22:00,1,21,15,3,-9,1
01/01/2015 19:23:00,1,21,15,3,-9,1
01/01/2015 19:24:00,1,21,15,3,-9,1
01/01/2015 19:25:00,1,21,15,3,-9,1
01/01/2015 19:26:00,1,21,15,3,-8,1
01/01/2015 19:27:00,1,21,14,3,-9,1
01/01/2015 19:28:00,1,22,14,3,-9,1
01/01/2015 19:29:00,1,22,15,3,-10,1
01/01/2015 19:30:00,1,22,15,3,-10,1
01/01/2015 19:31:00,1,22,14,3,-11,1
01/01/2015 19:32:00,1,22,14,3,-11,1
01/01/2015 19:33:00,1,23,14,3,-10,1
01/01/2015 19:34:00,1,22,15,3,-10,1
01/01/2015 19:35:00,1,22,15,3,-10,1
01/01/2015 19:36:00,1,23,15,3,-10,1
01/01/2015 19:37:00,1,23,14,3,-9,1
01/01/2015 19:38:00,1,24,15,3,-9,1
01/01/2015 19:39:00,1,24,15,3,-9,1
01/01/2015 19:40:00,1,25,14,3,-9,1
01/01/2015 19:41:00,1,24,15,3,-8,1
01/01/2015 19:42:00,1,24,16,3,-7,1
01/01/2015 19:43:00,1,23,16,3,-7,1
01/01/2015 19:44:00,1,23,16,3,-7,1
01/01/2015 19:45:00,1,25,16,3,-6,1
01/01/2015 19:46:00,1,25,16,3,-6,1
01/01/2015 19:47:00,1,25,16,3,-6,1
01/01/2015 19:48:00,1,26,15,3,-7,1
01/01/2015 19:49:00,1,26,16,3,-7,1
01/01/2015 19:50:00,1,27,16,3,-7,1
01/01/2015 19:51:00,1,27,17,3,-8,1
01/01/2015 19:52:00,1,27,17,3,-8,1
01/01/2015 19:53:00,1,27,17,3,-8,1
01/01/2015 19:54:00,1,27,17,4,-8,1
01/01/2015 19:55:00,1,27,17,3,-8,1
01/01/2015 19:56:00,1,26,17,3,-8,1
01/01/2015 19:57:00,1,26,16,3,-8,1
01/01/2015 19:58:00,1,27,16,3,-8,1
01/01/2015 19:59:00,1,27,16,3,-8,1
01/01/2015 20:00:00,1,27,16,4,-8,1
01/01/2015 20:01:00,1,27,17,3,-8,1
01/01/2015 20:02:00,1,27,17,3,-8,1
01/01/2015 20:03:00,1,27,17,3,-8,1
01/01/2015 20:04:00,1,27,18,3,-8,1
01/01/2015 20:05:00,1,27,18,4,-8,1
01/01/2015 20:06:00,1,27,18,3,-8,1
01/01/2015 20:07:00,1,26,18,3,-7,1
01/01/2015 20:08:00,1,26,18,3,-7,1
01/01/2015 20:09:00,1,26,18,3,-7,1
01/01/2015 20:10:00,1,27,18,3,-7,1
01/01/2015 20:11:00,1,27,18,3,-7,1
01/01/2015 20:12:00,1,27,18,3,-7,1
01/01/2015 20:13:00,1,27,18,3,-7,1
01/01/2015 20:14:00,1,27,18,3,-7,1
01/01/2015 20:15:00,1,27,19,3,-7,1
01/01/2015 20:16:00,1,25,19,3,-7,1
01/01/2015 20:17:00,1,25,19,3,-8,1
01/01/2015 20:18:00,1,25,19,3,-8,1
01/01/2015 20:19:00,1,25,18,3,-7,1
01/01/2015 20:20:00,1,25,17,3,-7,1
01/01/2015 20:21:00,1,25,17,3,-7,1
01/01/2015 20:22:00,1,24,18,3,-8,1
01/01/2015 20:23:00,1,25,19,3,-8,1
01/01/2015 20:24:00,1,24,19,3,-9,1
01/01/2015 20:25:00,1,24,20,3,-10,1
01/01/2015 20:26:00,1,23,21,3,-11,1
01/01/2015 20:27:00,1,24,21,3,-11,1
01/01/2015 20:28:00,1,24,21,3,-11,1
01/01/2015 20:29:00,1,24,21,3,-11,1
01/01/2015 20:30:00,1,25,22,3,-12,1
01/01/2015 20:31:00,1,25,22,4,-12,1
01/01/2015 20:32:00,1,24,22,4,-12,1
01/01/2015 20:33:00,1,23,22,3,-11,1
01/01/2015 20:34:00,1,23,23,3,-11,1
01/01/2015 20:35:00,1,24,23,3,-11,1
01/01/2015 20:36:00,1,23,22,4,-11,1
01/01/2015 20:37:00,1,23,22,4,-11,1
01/01/2015 20:38:00,1,21,22,3,-11,1
01/01/2015 20:39:00,1,21,22,3,-11,1
01/01/2015 20:40:00,1,20,21,3,-11,1
01/01/2015 20:41:00,1,18,21,3,-11,1
01/01/2015 20:42:00,1,18,23,3,-11,1
01/01/2015 20:43:00,1,18,23,3,-11,1
01/01/2015 20:44:00,1,17,24,3,-11,1
01/01/2015 20:45:00,1,17,24,3,-12,1
01/01/2015 20:46:00,1,16,25,3,-12,1
01/01/2015 20:47:00,1,17,26,3,-11,1
01/01/2015 20:48:00,1,17,26,3,-12,1
01/01/2015 20:49:00,1,17,25,3,-12,1
01/01/2015 20:50:00,1,16,24,3,-11,1
01/01/2015 20:51:00,1,16,25,3,-11,1
01/01/2015 20:52:00,1,16,23,3,-11,1
01/01/2015 20:53:00,1,15,24,3,-11,1
01/01/2015 20:54:00,1,16,23,3,-10,1
01/01/2015 20:55:00,1,15,23,3,-10,1
01/01/2015 20:56:00,1,15,23,2,-10,1
01/01/2015 20:57:00,1,14,22,2,-11,1
01/01/2015 20:58:00,1,12,21,2,-11,1
01/01/2015 20:59:00,1,12,21,2,-10,1
01/01/2015 21:00:00,1,11,21,2,-10,1
01/01/2015 21:01:00,1,9,21,2,-10,1
01/01/2015 21:02:00,1,9,21,1,-10,1
01/01/2015 21:03:00,1,8,22,1,-10,1
01/01/2015 21:04:00,1,9,22,1,-10,1
01/01/2015 21:05:00,1,9,23,1,-10,1
01/01/2015 21:06:00,1,9,23,1,-10,1
01/01/2015 21:07:00,1,9,23,1,-10,1
01/01/2015 21:08:00,1,10,23,1,-10,1
01/01/2015 21:09:00,1,10,23,1,-10,1
01/01/2015 21:10:00,1,11,23,1,-10,1
01/01/2015 21:11:00,1,12,23,1,-10,1
01/01/2015 21:12:00,1,13,23,1,-10,1
01/01/2015 21:13:00,1,13,23,1,-9,1
01/01/2015 21:14:00,1,13,22,1,-10,1
01/01/2015 21:15:00,1,14,22,1,-10,1
01/01/2015 21:16:00,1,14,22,1,-10,1
01/01/2015 21:17:00,1,14,23,1,-10,1
01/01/2015 21:18:00,1,14,23,1,-10,1
01/01/2015 21:19:00,1,15,23,1,-10,1
01/01/2015 21:20:00,1,16,23,1,-11,1
01/01/2015 21:21:00,1,16,23,1,-11,1
01/01/2015 21:22:00,1,16,22,1,-11,1
01/01/2015 21:23:00,1,17,23,1,-11,1
01/01/2015 21:24:00,1,19,24,1,-12,1
01/01/2015 21:25:00,1,18,25,1,-11,1
01/01/2015 21:26:00,1,19,24,1,-11,1
01/01/2015 21:27:00,1,19,23,1,-12,1
01/01/2015 21:28:00,1,18,23,1,-12,1
01/01/2015 21:29:00,1,18,24,0,-12,1
01/01/2015 21:30:00,1,17,24,0,-11,1
01/01/2015 21:31:00,1,17,24,1,-11,1
01/01/2015 21:32:00,1,17,23,0,-12,1
01/01/2015 21:33:00,1,17,23,1,-12,1
01/01/2015 21:34:00,1,18,24,1,-12,1
01/01/2015 21:35:00,1,17,23,0,-12,1
01/01/2015 21:36:00,1,17,25,1,-12,1
01/01/2015 21:37:00,1,16,24,1,-12,1
01/01/2015 21:38:00,1,16,23,1,-12,1
01/01/2015 21:39:00,1,16,24,1,-12,1
01/01/2015 21:40:00,1,16,23,1,-11,1
01/01/2015 21:41:00,1,16,26,1,-10,1
01/01/2015 21:42:00,1,16,25,1,-10,1
01/01/2015 21:43:00,1,16,25,1,-10,1
01/01/2015 21:44:00,1,15,25,1,-10,1
01/01/2015 21:45:00,1,16,25,1,-10,1
01/01/2015 21:46:00,1,16,26,1,-9,1
01/01/2015 21:47:00,1,15,26,1,-8,1
01/01/2015 21:48:00,1,15,27,1,-8,1
01/01/2015 21:49:00,1,16,27,0,-8,1
01/01/2015 21:50:00,1,16,26,0,-8,1
01/01/2015 21:51:00,1,16,25,0,-7,1
01/01/2015 21:52:00,1,16,25,0,-7,1
01/01/2015 21:53:00,1,16,26,0,-7,1
01/01/2015 21:54:00,1,17,26,0,-7,1
01/01/2015 21:55:00,1,17,26,0,-7,1
01/01/2015 21:56:00,1,17,26,0,-7,1
01/01/2015 21:57:00,1,17,26,0,-7,1
01/01/2015 21:58:00,1,16,26,0,-7,1
01/01/2015 21:59:00,1,16,27,0,-6,1
01/01/2015 22:00:00,1,17,27,0,-6,1
01/01/2015 22:01:00,1,16,25,0,-6,1
01/01/2015 22:02:00,1,16,25,0,-7,1
01/01/2015 22:03:00,1,15,26,0,-7,1
01/01/2015 22:04:00,1,14,26,0,-7,1
01/01/2015 22:05:00,1,15,26,0,-7,1
01/01/2015 22:06:00,1,15,26,0,-7,1
01/01/2015 22:07:00,1,16,26,0,-7,1
01/01/2015 22:08:00,1,16,25,-1,-8,1
01/01/2015 22:09:00,1,16,26,-1,-8,1
01/01/2015 22:10:00,1,16,26,-1,-8,1
01/01/2015 22:11:00,1,16,25,-1,-8,1
01/01/2015 22:12:00,1,16,25,-1,-9,1
01/01/2015 22:13:00,1,16,25,-1,-9,1
01/01/2015 22:14:00,1,16,25,-1,-9,1
01/01/2015 22:15:00,1,16,26,-1,-9,1
01/01/2015 22:16:00,1,15,25,-1,-9,1
01/01/2015 22:17:00,1,15,25,-2,-9,1
01/01/2015 22:18:00,1,15,26,-2,-9,1
01/01/2015 22:19:00,1,15,24,-2,-9,1
01/01/2015 22:20:00,1,14,25,-2,-9,1
01/01/2015 22:21:00,1,13,26,-2,-9,1
01/01/2015 22:22:00,1,13,26,-2,-9,1
01/01/2015 22:23:00,1,13,26,-2,-10,1
01/01/2015 22:24:00,1,13,26,-2,-10,1
01/01/2015 22:25:00,1,13,26,-2,-10,1
01/01/2015 22:26:00,1,13,26,-2,-10,1
01/01/2015 22:27:00,1,13,27,-3,-10,1
01/01/2015 22:28:00,1,14,27,-2,-10,1
01/01/2015 22:29:00,1,14,27,-3,-10,1
01/01/2015 22:30:00,1,14,27,-3,-10,1
01/01/2015 22:31:00,1,14,28,-3,-10,1
01/01/2015 22:32:00,1,14,27,-3,-10,1
01/01/2015 22:33:00,1,15,28,-3,-10,1
01/01/2015 22:34:00,1,14,29,-2,-10,1
01/01/2015 22:35:00,1,14,29,-2,-10,1
01/01/2015 22:36:00,1,15,29,-2,-10,1
01/01/2015 22:37:00,1,15,28,-2,-10,1
01/01/2015 22:38:00,1,15,28,-2,-10,1
01/01/2015 22:39:00,1,15,29,-2,-10,1
01/01/2015 22:40:00,1,15,30,-2,-11,1
01/01/2015 22:41:00,1,14,30,-2,-12,1
01/01/2015 22:42:00,1,13,30,-2,-12,1
01/01/2015 22:43:00,1,13,29,-2,-12,1
01/01/2015 22:44:00,1,13,30,-2,-13,1
01/01/2015 22:45:00,1,12,31,-2,-13,1
01/01/2015 22:46:00,1,11,31,-2,-13,1
01/01/2015 22:47:00,1,10,31,-2,-14,1
01/01/2015 22:48:00,1,10,30,-2,-14,1
01/01/2015 22:49:00,1,10,31,-2,-14,1
01/01/2015 22:50:00,1,9,31,-2,-14,1
01/01/2015 22:51:00,1,9,32,-2,-15,1
01/01/2015 22:52:00,1,10,31,-2,-15,1
01/01/2015 22:53:00,1,10,33,-3,-15,1
01/01/2015 22:54:00,1,9,33,-3,-15,1
01/01/2015 22:55:00,1,8,33,-3,-15,1
01/01/2015 22:56:00,1,7,33,-3,-15,1
01/01/2015 22:57:00,1,7,33,-3,-15,1
01/01/2015 22:58:00,1,7,34,-3,-15,1
01/01/2015 22:59:00,1,7,34,-3,-16,1
01/01/2015 23:00:00,1,8,35,-3,-15,1
01/01/2015 23:01:00,1,8,34,-3,-15,1
01/01/2015 23:02:00,1,8,34,-3,-15,1
01/01/2015 23:03:00,1,8,34,-2,-15,1
01/01/2015 23:04:00,1,8,34,-3,-15,1
01/01/2015 23:05:00,1,9,35,-2,-16,1
01/01/2015 23:06:00,1,10,34,-2,-15,1
01/01/2015 23:07:00,1,10,34,-2,-16,1
01/01/2015 23:08:00,1,11,34,-2,-16,1
01/01/2015 23:09:00,1,11,35,-2,-16,1
01/01/2015 23:10:00,1,11,34,-2,-16,1
01/01/2015 23:11:00,1,12,33,-2,-17,1
01/01/2015 23:12:00,1,12,34,-2,-17,1
01/01/2015 23:13:00,1,12,34,-2,-17,1
01/01/2015 23:14:00,1,12,33,-2,-17,1
01/01/2015 23:15:00,1,12,33,-2,-17,1
01/01/2015 23:16:00,1,12,34,-2,-18,1
01/01/2015 23:17:00,1,12,32,-2,-18,1
01/01/2015 23:18:00,1,12,33,-2,-18,1
01/01/2015 23:19:00,1,12,33,-2,-18,1
01/01/2015 23:20:00,1,11,32,-2,-19,1
01/01/2015 23:21:00,1,10,32,-2,-19,1
01/01/2015 23:22:00,1,11,33,-2,-19,1
01/01/2015 23:23:00,1,11,32,-2,-19,1
01/01/2015 23:24:00,1,11,31,-2,-19,1
01/01/2015 23:25:00,1,12,31,-2,-19,1
01/01/2015 23:26:00,1,11,31,-2,-19,1
01/01/2015 23:27:00,1,11,30,-2,-19,1
01/01/2015 23:28:00,1,9,30,-2,-19,1
01/01/2015 23:29:00,1,10,30,-2,-19,1
01/01/2015 23:30:00,1,11,30,-2,-20,1
01/01/2015 23:31:00,1,11,30,-2,-20,1
01/01/2015 23:32:00,1,11,29,-2,-20,1
01/01/2015 23:33:00,1,12,29,-2,-21,1
01/01/2015 23:34:00,1,13,29,-2,-21,1
01/01/2015 23:35:00,1,13,29,-2,-21,1
01/01/2015 23:36:00,1,14,28,-3,-21,1
01/01/2015 23:37:00,1,14,29,-3,-20,1
01/01/2015 23:38:00,1,14,29,-3,-20,1
01/01/2015 23:39:00,1,14,29,-3,-21,1
01/01/2015 23:40:00,1,15,30,-2,-20,1
01/01/2015 23:41:00,1,16,30,-2,-21,1
01/01/2015 23:42:00,1,16,30,-2,-21,1
01/01/2015 23:43:00,1,17,30,-2,-21,1
01/01/2015 23:44:00,1,17,30,-2,-21,1
01/01/2015 23:45:00,1,18,29,-2,-21,1
01/01/2015 23:46:00,1,20,29,-2,-21,1
01/01/2015 23:47:00,1,20,29,-2,-21,1
01/01/2015 23:48:00,1,21,29,-2,-21,1
01/01/2015 23:49:00,1,23,29,-2,-20,1
01/01/2015 23:50:00,1,24,29,-2,-20,1
01/01/2015 23:51:00,1,25,27,-2,-21,1
01/01/2015 23:52:00,1,25,28,-2,-21,1
01/01/2015 23:53:00,1,26,27,-2,-21,1
01/01/2015 23:54:00,1,27,28,-2,-22,1
01/01/2015 23:55:00,1,28,27,-2,-22,1
01/01/2015 23:56:00,1,29,26,-2,-23,1
01/01/2015 23:57:00,1,30,27,-2,-23,1
01/01/2015 23:58:00,1,31,27,-2,-23,1
01/01/2015 23:59:00,1,32,27,-2,-23,1
01/02/2015 00:00:00,2,20,27,-5,-22,1
01/02/2015 00:01:00,2,20,27,-5,-22,1
01/02/2015 00:02:00,2,19,27,-5,-22,1
01/02/2015 00:03:00,2,19,28,-5,-22,1
01/02/2015 00:04:00,2,19,27,-5,-22,1
01/02/2015 00:05:00,2,18,28,-5,-23,1
01/02/2015 00:06:00,2,18,27,-5,-23,1
01/02/2015 00:07:00,2,19,27,-5,-24,1
01/02/2015 00:08:00,2,18,28,-5,-24,1
01/02/2015 00:09:00,2,18,27,-5,-24,1
01/02/2015 00:10:00,2,19,28,-5,-25,1
01/02/2015 00:11:00,2,18,28,-5,-25,1
01/02/2015 00:12:00,2,17,29,-5,-26,1
01/02/2015 00:13:00,2,17,29,-5,-26,1
01/02/2015 00:14:00,2,16,29,-5,-26,1
01/02/2015 00:15:00,2,16,29,-5,-26,1
01/02/2015 00:16:00,2,15,29,-5,-26,1
01/02/2015 00:17:00,2,15,29,-5,-26,1
01/02/2015 00:18:00,2,15,29,-5,-26,1
01/02/2015 00:19:00,2,16,29,-5,-26,1
01/02/2015 00:20:00,2,16,28,-5,-26,1
01/02/2015 00:21:00,2,16,28,-5,-26,1
01/02/2015 00:22:00,2,15,28,-6,-26,1
01/02/2015 00:23:00,2,15,28,-5,-27,1
01/02/2015 00:24:00,2,16,28,-6,-27,1
01/02/2015 00:25:00,2,16,29,-6,-27,1
01/02/2015 00:26:00,2,16,28,-6,-27,1
01/02/2015 00:27:00,2,15,29,-6,-27,1
01/02/2015 00:28:00,2,15,28,-6,-28,1
01/02/2015 00:29:00,2,14,28,-6,-28,1
01/02/2015 00:30:00,2,14,28,-6,-28,1
01/02/2015 00:31:00,2,13,29,-6,-28,1
01/02/2015 00:32:00,2,13,30,-6,-28,1
01/02/2015 00:33:00,2,13,29,-6,-28,1
01/02/2015 00:34:00,2,13,30,-5,-28,1
01/02/2015 00:35:00,2,13,30,-5,-28,1
01/02/2015 00:36:00,2,13,31,-5,-28,1
01/02/2015 00:37:00,2,12,31,-5,-28,1
01/02/2015 00:38:00,2,12,31,-5,-28,1
01/02/2015 00:39:00,2,12,31,-5,-28,1
01/02/2015 00:40:00,2,12,31,-5,-29,1
01/02/2015 00:41:00,2,11,31,-5,-29,1
01/02/2015 00:42:00,2,11,31,-5,-29,1
01/02/2015 00:43:00,2,11,31,-5,-29,1
01/02/2015 00:44:00,2,11,32,-5,-29,1
01/02/2015 00:45:00,2,10,32,-5,-29,1
01/02/2015 00:46:00,2,10,32,-5,-29,1
01/02/2015 00:47:00,2,9,33,-5,-29,1
01/02/2015 00:48:00,2,10,32,-5,-29,1
01/02/2015 00:49:00,2,10,32,-5,-28,1
01/02/2015 00:50:00,2,9,33,-5,-28,1
01/02/2015 00:51:00,2,9,34,-5,-27,1
01/02/2015 00:52:00,2,9,34,-4,-27,1
01/02/2015 00:53:00,2,9,33,-4,-26,1
01/02/2015 00:54:00,2,8,33,-4,-25,1
01/02/2015 00:55:00,2,8,33,-4,-25,1
01/02/2015 00:56:00,2,7,33,-4,-25,1
01/02/2015 00:57:00,2,6,34,-3,-25,1
01/02/2015 00:58:00,2,6,34,-3,-25,1
01/02/2015 00:59:00,2,6,34,-3,-25,1
01/02/2015 01:00:00,2,7,35,-3,-26,1
01/02/2015 01:01:00,2,8,36,-3,-26,1
01/02/2015 01:02:00,2,8,36,-3,-26,1
01/02/2015 01:03:00,2,8,37,-3,-26,1
01/02/2015 01:04:00,2,7,37,-3,-26,1
01/02/2015 01:05:00,2,7,36,-4,-26,1
01/02/2015 01:06:00,2,8,36,-4,-26,1
01/02/2015 01:07:00,2,7,36,-4,-26,1
01/02/2015 01:08:00,2,8,34,-4,-26,1
01/02/2015 01:09:00,2,8,33,-5,-26,1
01/02/2015 01:10:00,2,8,33,-5,-26,1
01/02/2015 01:11:00,2,8,32,-5,-25,1
01/02/2015 01:12:00,2,8,32,-5,-25,1
01/02/2015 01:13:00,2,8,32,-5,-25,1
01/02/2015 01:14:00,2,7,32,-4,-25,1
01/02/2015 01:15:00,2,7,33,-4,-25,1
01/02/2015 01:16:00,2,7,32,-4,-24,1
01/02/2015 01:17:00,2,6,32,-4,-24,1
01/02/2015 01:18:00,2,6,32,-4,-24,1
01/02/2015 01:19:00,2,6,32,-4,-24,1
01/02/2015 01:20:00,2,6,32,-3,-24,1
01/02/2015 01:21:00,2,6,33,-3,-24,1
01/02/2015 01:22:00,2,6,33,-3,-23,1
01/02/2015 01:23:00,2,7,33,-3,-23,1
01/02/2015 01:24:00,2,6,33,-3,-23,1
01/02/2015 01:25:00,2,7,33,-3,-23,1
01/02/2015 01:26:00,2,6,33,-3,-23,1
01/02/2015 01:27:00,2,6,33,-3,-23,1
01/02/2015 01:28:00,2,6,33,-3,-23,1
01/02/2015 01:29:00,2,6,33,-3,-23,1
01/02/2015 01:30:00,2,7,33,-3,-23,1
01/02/2015 01:31:00,2,6,33,-3,-23,1
01/02/2015 01:32:00,2,6,33,-3,-24,1
01/02/2015 01:33:00,2,6,33,-3,-24,1
01/02/2015 01:34:00,2,6,33,-2,-24,1
01/02/2015 01:35:00,2,6,32,-2,-23,1
01/02/2015 01:36:00,2,6,32,-2,-23,1
01/02/2015 01:37:00,2,5,32,-2,-23,1
01/02/2015 01:38:00,2,5,32,-2,-23,1
01/02/2015 01:39:00,2,5,32,-2,-23,1
01/02/2015 01:40:00,2,5,32,-2,-23,1
01/02/2015 01:41:00,2,4,33,-2,-23,1
01/02/2015 01:42:00,2,5,33,-2,-23,1
01/02/2015 01:43:00,2,5,33,-2,-23,1
01/02/2015 01:44:00,2,6,33,-2,-22,1
01/02/2015 01:45:00,2,6,33,-2,-22,1
01/02/2015 01:46:00,2,5,32,-2,-22,1
01/02/2015 01:47:00,2,5,32,-2,-22,1
01/02/2015 01:48:00,2,5,32,-2,-22,1
01/02/2015 01:49:00,2,5,32,-2,-22,1
01/02/2015 01:50:00,2,5,32,-2,-22,1
01/02/2015 01:51:00,2,5,33,-1,-22,1
01/02/2015 01:52:00,2,5,33,-1,-22,1
01/02/2015 01:53:00,2,6,33,-1,-21,1
01/02/2015 01:54:00,2,6,33,-1,-21,1
01/02/2015 01:55:00,2,6,33,-1,-21,1
01/02/2015 01:56:00,2,6,34,-1,-20,1
01/02/2015 01:57:00,2,5,33,-1,-21,1
01/02/2015 01:58:00,2,5,33,-1,-21,1
01/02/2015 01:59:00,2,5,33,-1,-21,1
01/02/2015 02:00:00,2,5,33,-1,-21,1
01/02/2015 02:01:00,2,5,32,-1,-21,1
01/02/2015 02:02:00,2,5,32,-1,-21,1
01/02/2015 02:03:00,2,6,33,-1,-21,1
01/02/2015 02:04:00,2,7,32,-1,-21,1
01/02/2015 02:05:00,2,7,32,-1,-21,1
01/02/2015 02:06:00,2,7,33,-1,-21,1
01/02/2015 02:07:00,2,7,33,-1,-21,1
01/02/2015 02:08:00,2,7,33,-1,-21,1
01/02/2015 02:09:00,2,7,32,-1,-21,1
01/02/2015 02:10:00,2,7,33,0,-21,1
01/02/2015 02:11:00,2,7,33,0,-21,1
01/02/2015 02:12:00,2,7,33,0,-21,1
01/02/2015 02:13:00,2,8,34,0,-21,1
01/02/2015 02:14:00,2,9,34,1,-21,1
01/02/2015 02:15:00,2,9,36,1,-21,1
01/02/2015 02:16:00,2,10,37,1,-20,1
01/02/2015 02:17:00,2,13,36,1,-20,1
01/02/2015 02:18:00,2,13,36,1,-20,1
01/02/2015 02:19:00,2,15,39,2,-20,1
01/02/2015 02:20:00,2,16,40,2,-19,1
01/02/2015 02:21:00,2,17,40,3,-20,1
01/02/2015 02:22:00,2,19,42,4,-19,1
01/02/2015 02:23:00,2,18,44,4,-19,1
01/02/2015 02:24:00,2,19,45,4,-18,1
01/02/2015 02:25:00,2,18,46,4,-17,1
01/02/2015 02:26:00,2,17,46,4,-17,1
01/02/2015 02:27:00,2,16,47,4,-17,1
01/02/2015 02:28:00,2,14,48,3,-17,1
01/02/2015 02:29:00,2,14,48,3,-17,1
01/02/2015 02:30:00,2,15,47,2,-17,1
01/02/2015 02:31:00,2,15,47,2,-16,1
01/02/2015 02:32:00,2,13,47,1,-16,1
01/02/2015 02:33:00,2,12,46,1,-16,1
01/02/2015 02:34:00,2,12,46,0,-15,1
01/02/2015 02:35:00,2,12,45,0,-15,1
01/02/2015 02:36:00,2,12,44,0,-14,1
01/02/2015 02:37:00,2,12,44,-1,-14,1
01/02/2015 02:38:00,2,12,43,-1,-13,1
01/02/2015 02:39:00,2,12,41,-1,-13,1
01/02/2015 02:40:00,2,12,40,-1,-13,1
01/02/2015 02:41:00,2,12,39,-1,-13,1
01/02/2015 02:42:00,2,12,39,-1,-13,1
01/02/2015 02:43:00,2,11,39,-1,-13,1
01/02/2015 02:44:00,2,11,38,-1,-13,1
01/02/2015 02:45:00,2,11,38,-1,-13,1
01/02/2015 02:46:00,2,11,35,-2,-13,1
01/02/2015 02:47:00,2,11,35,-2,-13,1
01/02/2015 02:48:00,2,11,34,-2,-13,1
01/02/2015 02:49:00,2,11,34,-2,-14,1
01/02/2015 02:50:00,2,11,34,-2,-14,1
01/02/2015 02:51:00,2,10,33,-2,-14,1
01/02/2015 02:52:00,2,10,32,-2,-13,1
01/02/2015 02:53:00,2,10,32,-3,-13,1
01/02/2015 02:54:00,2,10,31,-3,-12,1
01/02/2015 02:55:00,2,10,29,-3,-12,1
01/02/2015 02:56:00,2,10,28,-3,-12,1
01/02/2015 02:57:00,2,10,28,-3,-12,1
01/02/2015 02:58:00,2,10,28,-3,-12,1
01/02/2015 02:59:00,2,10,28,-3,-12,1
01/02/2015 03:00:00,2,10,28,-3,-12,1
01/02/2015 03:01:00,2,9,27,-3,-12,1
01/02/2015 03:02:00,2,9,28,-3,-11,1
01/02/2015 03:03:00,2,10,27,-3,-11,1
01/02/2015 03:04:00,2,10,28,-2,-11,1
01/02/2015 03:05:00,2,11,28,-2,-11,1
01/02/2015 03:06:00,2,11,28,-2,-11,1
01/02/2015 03:07:00,2,10,28,-2,-11,1
01/02/2015 03:08:00,2,11,28,-2,-11,1
01/02/2015 03:09:00,2,10,28,-2,-11,1
01/02/2015 03:10:00,2,11,26,-2,-11,1
01/02/2015 03:11:00,2,12,26,-2,-11,1
01/02/2015 03:12:00,2,12,26,-2,-11,1
01/02/2015 03:13:00,2,12,26,-2,-11,1
01/02/2015 03:14:00,2,12,26,-2,-11,1
01/02/2015 03:15:00,2,13,26,-3,-11,1
01/02/2015 03:16:00,2,13,26,-2,-11,1
01/02/2015 03:17:00,2,13,26,-2,-11,1
01/02/2015 03:18:00,2,13,26,-2,-11,1
01/02/2015 03:19:00,2,13,25,-2,-11,1
01/02/2015 03:20:00,2,13,23,-3,-11,1
01/02/2015 03:21:00,2,14,24,-2,-10,1
01/02/2015 03:22:00,2,15,23,-2,-10,1
01/02/2015 03:23:00,2,15,24,-2,-11,1
01/02/2015 03:24:00,2,15,23,-2,-11,1
01/02/2015 03:25:00,2,15,23,-2,-11,1
01/02/2015 03:26:00,2,15,24,-2,-11,1
01/02/2015 03:27:00,2,15,23,-2,-11,1
01/02/2015 03:28:00,2,16,22,-2,-11,1
01/02/2015 03:29:00,2,16,22,-2,-11,1
01/02/2015 03:30:00,2,15,23,-2,-11,1
01/02/2015 03:31:00,2,15,23,-2,-11,1
01/02/2015 03:32:00,2,14,22,-2,-11,1
01/02/2015 03:33:00,2,13,22,-2,-11,1
01/02/2015 03:34:00,2,13,21,-2,-11,1
01/02/2015 03:35:00,2,12,20,-2,-10,1
01/02/2015 03:36:00,2,12,20,-2,-10,1
01/02/2015 03:37:00,2,12,20,-2,-10,1
01/02/2015 03:38:00,2,12,20,-2,-10,1
01/02/2015 03:39:00,2,12,20,-2,-11,1
01/02/2015 03:40:00,2,12,20,-2,-11,1
01/02/2015 03:41:00,2,13,20,-2,-11,1
01/02/2015 03:42:00,2,13,20,-2,-11,1
01/02/2015 03:43:00,2,12,20,-2,-11,1
01/02/2015 03:44:00,2,13,18,-2,-11,1
01/02/2015 03:45:00,2,12,18,-2,-11,1
01/02/2015 03:46:00,2,12,18,-2,-11,1
01/02/2015 03:47:00,2,11,18,-2,-11,1
01/02/2015 03:48:00,2,10,18,-2,-11,1
01/02/2015 03:49:00,2,10,18,-2,-11,1
01/02/2015 03:50:00,2,10,18,-2,-11,1
01/02/2015 03:51:00,2,9,18,-2,-11,1
01/02/2015 03:52:00,2,9,18,-2,-11,1
01/02/2015 03:53:00,2,9,18,-2,-11,1
01/02/2015 03:54:00,2,9,18,-2,-10,1
01/02/2015 03:55:00,2,9,18,-2,-11,1
01/02/2015 03:56:00,2,9,18,-2,-11,1
01/02/2015 03:57:00,2,9,18,-2,-11,1
01/02/2015 03:58:00,2,9,18,-2,-11,1
01/02/2015 03:59:00,2,9,17,-2,-10,1
01/02/2015 04:00:00,2,9,16,-2,-10,1
01/02/2015 04:01:00,2,9,16,-2,-10,1
01/02/2015 04:02:00,2,9,16,-2,-10,1
01/02/2015 04:03:00,2,9,16,-2,-10,1
01/02/2015 04:04:00,2,9,16,-2,-10,1
01/02/2015 04:05:00,2,9,16,-2,-10,1
01/02/2015 04:06:00,2,9,16,-2,-10,1
01/02/2015 04:07:00,2,9,16,-2,-10,1
01/02/2015 04:08:00,2,8,16,-2,-10,1
01/02/2015 04:09:00,2,8,16,-2,-10,1
01/02/2015 04:10:00,2,8,16,-2,-10,1
01/02/2015 04:11:00,2,8,16,-2,-10,1
01/02/2015 04:12:00,2,8,16,-2,-10,1
01/02/2015 04:13:00,2,9,16,-2,-10,1
01/02/2015 04:14:00,2,9,14,-2,-10,1
01/02/2015 04:15:00,2,9,14,-1,-10,1
01/02/2015 04:16:00,2,9,14,-1,-10,1
01/02/2015 04:17:00,2,9,15,-1,-9,1
01/02/2015 04:18:00,2,8,15,-1,-9,1
01/02/2015 04:19:00,2,8,15,-1,-10,1
01/02/2015 04:20:00,2,8,15,-1,-10,1
01/02/2015 04:21:00,2,8,15,-2,-10,1
01/02/2015 04:22:00,2,7,15,-1,-10,1
01/02/2015 04:23:00,2,9,15,-1,-10,1
01/02/2015 04:24:00,2,8,14,-1,-10,1
01/02/2015 04:25:00,2,8,16,-1,-10,1
01/02/2015 04:26:00,2,8,16,-1,-10,1
01/02/2015 04:27:00,2,8,15,-1,-10,1
01/02/2015 04:28:00,2,8,15,-1,-10,1
01/02/2015 04:29:00,2,8,13,-1,-10,1
01/02/2015 04:30:00,2,8,14,-1,-10,1
01/02/2015 04:31:00,2,7,14,-1,-10,1
01/02/2015 04:32:00,2,7,13,-1,-10,1
01/02/2015 04:33:00,2,7,13,-1,-10,1
01/02/2015 04:34:00,2,7,13,-1,-10,1
01/02/2015 04:35:00,2,7,14,-1,-10,1
01/02/2015 04:36:00,2,7,14,-1,-10,1
01/02/2015 04:37:00,2,6,14,-1,-10,1
01/02/2015 04:38:00,2,6,14,-1,-10,1
01/02/2015 04:39:00,2,6,15,-1,-10,1
01/02/2015 04:40:00,2,6,13,-1,-10,1
01/02/2015 04:41:00,2,6,13,-1,-11,1
01/02/2015 04:42:00,2,5,14,-1,-11,1
01/02/2015 04:43:00,2,5,13,-1,-11,1
01/02/2015 04:44:00,2,5,13,-1,-11,1
01/02/2015 04:45:00,2,4,13,-1,-10,1
01/02/2015 04:46:00,2,5,13,-1,-10,1
01/02/2015 04:47:00,2,5,13,-1,-10,1
01/02/2015 04:48:00,2,5,13,-1,-10,1
01/02/2015 04:49:00,2,4,13,-1,-10,1
01/02/2015 04:50:00,2,5,12,-1,-10,1
01/02/2015 04:51:00,2,5,13,-1,-9,1
01/02/2015 04:52:00,2,5,13,-1,-10,1
01/02/2015 04:53:00,2,5,13,-1,-9,1
01/02/2015 04:54:00,2,5,13,-1,-9,1
01/02/2015 04:55:00,2,5,13,-1,-9,1
01/02/2015 04:56:00,2,5,13,-1,-9,1
01/02/2015 04:57:00,2,5,13,-1,-9,1
01/02/2015 04:58:00,2,4,14,-1,-9,1
01/02/2015 04:59:00,2,4,14,-1,-9,1
01/02/2015 05:00:00,2,4,14,-1,-9,1
01/02/2015 05:01:00,2,4,14,-1,-9,1
01/02/2015 05:02:00,2,3,14,-1,-9,1
01/02/2015 05:03:00,2,3,14,-1,-9,1
01/02/2015 05:04:00,2,4,14,-1,-9,1
01/02/2015 05:05:00,2,4,14,-1,-9,1
01/02/2015 05:06:00,2,4,14,-1,-10,1
01/02/2015 05:07:00,2,4,13,-1,-10,1
01/02/2015 05:08:00,2,3,14,-1,-10,1
01/02/2015 05:09:00,2,4,14,-1,-10,1
01/02/2015 05:10:00,2,4,14,-1,-10,1
01/02/2015 05:11:00,2,3,14,-1,-11,1
01/02/2015 05:12:00,2,4,13,-1,-10,1
01/02/2015 05:13:00,2,3,13,-1,-10,1
01/02/2015 05:14:00,2,4,13,0,-10,1
01/02/2015 05:15:00,2,4,13,0,-10,1
01/02/2015 05:16:00,2,4,13,-1,-10,1
01/02/2015 05:17:00,2,4,12,0,-11,1
01/02/2015 05:18:00,2,3,13,0,-10,1
01/02/2015 05:19:00,2,3,14,0,-11,1
01/02/2015 05:20:00,2,4,13,0,-11,1
01/02/2015 05:21:00,2,4,13,0,-11,1
01/02/2015 05:22:00,2,4,13,0,-12,1
01/02/2015 05:23:00,2,4,13,0,-12,1
01/02/2015 05:24:00,2,4,12,1,-12,1
01/02/2015 05:25:00,2,3,12,1,-11,1
01/02/2015 05:26:00,2,3,12,1,-11,1
01/02/2015 05:27:00,2,4,13,1,-11,1
01/02/2015 05:28:00,2,4,13,1,-10,1
01/02/2015 05:29:00,2,4,12,1,-10,1
01/02/2015 05:30:00,2,4,12,1,-10,1
01/02/2015 05:31:00,2,4,12,1,-10,1
01/02/2015 05:32:00,2,4,12,1,-9,1
01/02/2015 05:33:00,2,4,13,1,-9,1
01/02/2015 05:34:00,2,5,12,1,-9,1
01/02/2015 05:35:00,2,6,11,1,-8,1
01/02/2015 05:36:00,2,7,12,0,-8,1
01/02/2015 05:37:00,2,7,12,0,-8,1
01/02/2015 05:38:00,2,7,11,0,-8,1
01/02/2015 05:39:00,2,7,11,0,-9,1
01/02/2015 05:40:00,2,6,12,0,-8,1
01/02/2015 05:41:00,2,6,13,0,-8,1
01/02/2015 05:42:00,2,6,12,0,-9,1
01/02/2015 05:43:00,2,6,12,0,-8,1
01/02/2015 05:44:00,2,6,12,0,-8,1
01/02/2015 05:45:00,2,6,12,0,-8,1
01/02/2015 05:46:00,2,6,12,0,-8,1
01/02/2015 05:47:00,2,6,12,0,-8,1
01/02/2015 05:48:00,2,6,12,0,-9,1
01/02/2015 05:49:00,2,6,12,0,-9,1
01/02/2015 05:50:00,2,6,13,0,-9,1
01/02/2015 05:51:00,2,7,12,0,-9,1
01/02/2015 05:52:00,2,7,13,0,-9,1
01/02/2015 05:53:00,2,6,12,0,-9,1
01/02/2015 05:54:00,2,5,12,0,-9,1
01/02/2015 05:55:00,2,5,12,0,-9,1
01/02/2015 05:56:00,2,6,11,0,-10,1
01/02/2015 05:57:00,2,5,11,0,-10,1
01/02/2015 05:58:00,2,5,11,0,-10,1
01/02/2015 05:59:00,2,5,11,0,-10,1
01/02/2015 06:00:00,2,5,11,0,-10,1
01/02/2015 06:01:00,2,4,10,1,-10,1
01/02/2015 06:02:00,2,4,10,1,-10,1
01/02/2015 06:03:00,2,4,10,1,-10,1
01/02/2015 06:04:00,2,4,10,1,-10,1
01/02/2015 06:05:00,2,4,10,1,-10,1
01/02/2015 06:06:00,2,5,10,1,-10,1
01/02/2015 06:07:00,2,5,10,1,-10,1
01/02/2015 06:08:00,2,5,9,1,-10,1
01/02/2015 06:09:00,2,5,10,1,-10,1
01/02/2015 06:10:00,2,5,10,1,-10,1
01/02/2015 06:11:00,2,5,10,1,-10,1
01/02/2015 06:12:00,2,4,10,2,-10,1
01/02/2015 06:13:00,2,5,11,2,-10,1
01/02/2015 06:14:00,2,5,11,2,-11,1
01/02/2015 06:15:00,2,5,10,2,-11,1
01/02/2015 06:16:00,2,5,9,2,-11,1
01/02/2015 06:17:00,2,5,10,2,-11,1
01/02/2015 06:18:00,2,5,10,2,-11,1
01/02/2015 06:19:00,2,5,10,2,-10,1
01/02/2015 06:20:00,2,5,10,2,-10,1
01/02/2015 06:21:00,2,5,10,2,-10,1
01/02/2015 06:22:00,2,5,10,2,-10,1
01/02/2015 06:23:00,2,5,10,2,-10,1
01/02/2015 06:24:00,2,5,10,2,-10,1
01/02/2015 06:25:00,2,5,10,2,-10,1
01/02/2015 06:26:00,2,5,10,2,-10,1
01/02/2015 06:27:00,2,5,10,2,-10,1
01/02/2015 06:28:00,2,5,10,2,-10,1
01/02/2015 06:29:00,2,5,10,2,-10,1
01/02/2015 06:30:00,2,5,10,2,-10,1
01/02/2015 06:31:00,2,5,9,2,-10,1
01/02/2015 06:32:00,2,5,9,2,-10,1
01/02/2015 06:33:00,2,5,9,2,-10,1
01/02/2015 06:34:00,2,5,10,2,-9,1
01/02/2015 06:35:00,2,4,10,2,-9,1
01/02/2015 06:36:00,2,4,9,2,-9,1
01/02/2015 06:37:00,2,4,9,2,-9,1
01/02/2015 06:38:00,2,4,9,2,-9,1
01/02/2015 06:39:00,2,5,9,2,-9,1
01/02/2015 06:40:00,2,4,9,2,-9,1
01/02/2015 06:41:00,2,5,10,2,-10,1
01/02/2015 06:42:00,2,6,10,2,-10,1
01/02/2015 06:43:00,2,6,10,2,-10,1
01/02/2015 06:44:00,2,5,10,3,-10,1
01/02/2015 06:45:00,2,6,10,3,-10,1
01/02/2015 06:46:00,2,6,10,2,-10,1
01/02/2015 06:47:00,2,6,10,3,-10,1
01/02/2015 06:48:00,2,6,10,3,-10,1
01/02/2015 06:49:00,2,6,11,2,-10,1
01/02/2015 06:50:00,2,6,11,3,-10,1
01/02/2015 06:51:00,2,6,11,3,-10,1
01/02/2015 06:52:00,2,7,10,3,-10,1
01/02/2015 06:53:00,2,7,10,3,-10,1
01/02/2015 06:54:00,2,6,10,3,-10,1
01/02/2015 06:55:00,2,6,10,3,-9,1
01/02/2015 06:56:00,2,6,10,3,-10,1
01/02/2015 06:57:00,2,6,10,3,-9,1
01/02/2015 06:58:00,2,6,10,3,-9,1
01/02/2015 06:59:00,2,6,10,3,-9,1
01/02/2015 07:00:00,2,6,10,3,-10,1
01/02/2015 07:01:00,2,6,10,3,-10,1
01/02/2015 07:02:00,2,6,10,3,-10,1
01/02/2015 07:03:00,2,6,10,3,-10,1
01/02/2015 07:04:00,2,6,10,3,-10,1
01/02/2015 07:05:00,2,6,10,3,-10,1
01/02/2015 07:06:00,2,7,10,3,-10,1
01/02/2015 07:07:00,2,7,9,3,-10,1
01/02/2015 07:08:00,2,7,9,3,-10,1
01/02/2015 07:09:00,2,6,9,3,-10,1
01/02/2015 07:10:00,2,6,10,3,-10,1
01/02/2015 07:11:00,2,6,10,3,-10,1
01/02/2015 07:12:00,2,6,10,3,-10,1
01/02/2015 07:13:00,2,6,10,3,-10,1
01/02/2015 07:14:00,2,6,9,3,-10,1
01/02/2015 07:15:00,2,6,10,3,-10,1
01/02/2015 07:16:00,2,6,11,3,-9,1
01/02/2015 07:17:00,2,6,10,3,-8,1
01/02/2015 07:18:00,2,6,10,4,-7,1
01/02/2015 07:19:00,2,7,10,3,-6,1
01/02/2015 07:20:00,2,6,10,3,-5,1
01/02/2015 07:21:00,2,7,10,3,-3,1
01/02/2015 07:22:00,2,7,10,3,-3,1
01/02/2015 07:23:00,2,7,10,3,-2,1
01/02/2015 07:24:00,2,8,11,3,-2,1
01/02/2015 07:25:00,2,8,11,4,-3,1
01/02/2015 07:26:00,2,8,11,4,-3,1
01/02/2015 07:27:00,2,8,11,4,-2,1
01/02/2015 07:28:00,2,7,11,4,-3,1
01/02/2015 07:29:00,2,7,11,4,-3,1
01/02/2015 07:30:00,2,8,11,4,-3,1
01/02/2015 07:31:00,2,8,12,4,-2,1
01/02/2015 07:32:00,2,8,12,4,-2,1
01/02/2015 07:33:00,2,8,12,4,-2,1
01/02/2015 07:34:00,2,9,12,4,-2,1
01/02/2015 07:35:00,2,9,12,4,-3,1
01/02/2015 07:36:00,2,9,11,4,-3,1
01/02/2015 07:37:00,2,10,12,4,-3,1
01/02/2015 07:38:00,2,10,13,4,-3,1
01/02/2015 07:39:00,2,10,13,4,-3,1
01/02/2015 07:40:00,2,10,13,4,-3,1
01/02/2015 07:41:00,2,10,13,4,-3,1
01/02/2015 07:42:00,2,9,13,5,-4,1
01/02/2015 07:43:00,2,9,13,5,-4,1
01/02/2015 07:44:00,2,10,13,5,-4,1
01/02/2015 07:45:00,2,10,13,5,-4,1
01/02/2015 07:46:00,2,10,13,5,-4,1
01/02/2015 07:47:00,2,10,13,5,-4,1
01/02/2015 07:48:00,2,10,13,5,-4,1
01/02/2015 07:49:00,2,10,14,5,-3,1
01/02/2015 07:50:00,2,10,14,5,-4,1
01/02/2015 07:51:00,2,10,14,5,-4,1
01/02/2015 07:52:00,2,10,15,5,-4,1
01/02/2015 07:53:00,2,10,15,5,-4,1
01/02/2015 07:54:00,2,10,15,5,-4,1
01/02/2015 07:55:00,2,10,15,5,-4,1
01/02/2015 07:56:00,2,10,14,5,-5,1
01/02/2015 07:57:00,2,11,15,5,-5,1
01/02/2015 07:58:00,2,10,15,5,-5,1
01/02/2015 07:59:00,2,11,14,5,-6,1
01/02/2015 08:00:00,2,10,14,5,-6,1
01/02/2015 08:01:00,2,10,14,5,-7,1
01/02/2015 08:02:00,2,12,14,5,-7,1
01/02/2015 08:03:00,2,12,13,5,-7,1
01/02/2015 08:04:00,2,12,13,5,-8,1
01/02/2015 08:05:00,2,12,13,5,-8,1
01/02/2015 08:06:00,2,12,13,5,-8,1
01/02/2015 08:07:00,2,13,12,4,-8,1
01/02/2015 08:08:00,2,13,12,5,-8,1
01/02/2015 08:09:00,2,12,12,5,-7,1
01/02/2015 08:10:00,2,13,12,5,-7,1
01/02/2015 08:11:00,2,13,11,5,-8,1
01/02/2015 08:12:00,2,13,11,5,-7,1
01/02/2015 08:13:00,2,13,11,5,-7,1
01/02/2015 08:14:00,2,13,11,5,-7,1
01/02/2015 08:15:00,2,13,11,4,-7,1
01/02/2015 08:16:00,2,12,11,5,-7,1
01/02/2015 08:17:00,2,12,12,5,-8,1
01/02/2015 08:18:00,2,12,12,5,-8,1
01/02/2015 08:19:00,2,12,12,5,-8,1
01/02/2015 08:20:00,2,12,12,5,-9,1
01/02/2015 08:21:00,2,11,13,5,-9,1
01/02/2015 08:22:00,2,11,13,5,-9,1
01/02/2015 08:23:00,2,11,12,5,-9,1
01/02/2015 08:24:00,2,12,12,6,-9,1
01/02/2015 08:25:00,2,11,12,6,-9,1
01/02/2015 08:26:00,2,12,12,6,-9,1
01/02/2015 08:27:00,2,12,13,6,-10,1
01/02/2015 08:28:00,2,11,13,6,-10,1
01/02/2015 08:29:00,2,11,13,6,-9,1
01/02/2015 08:30:00,2,12,14,6,-9,1
01/02/2015 08:31:00,2,12,14,6,-9,1
01/02/2015 08:32:00,2,12,13,6,-9,1
01/02/2015 08:33:00,2,12,13,6,-10,1
01/02/2015 08:34:00,2,12,13,6,-9,1
01/02/2015 08:35:00,2,13,13,6,-9,1
01/02/2015 08:36:00,2,13,13,6,-9,1
01/02/2015 08:37:00,2,13,13,6,-9,1
01/02/2015 08:38:00,2,13,14,6,-9,1
01/02/2015 08:39:00,2,13,14,6,-9,1
01/02/2015 08:40:00,2,13,14,6,-9,1
01/02/2015 08:41:00,2,13,13,6,-9,1
01/02/2015 08:42:00,2,12,13,6,-9,1
01/02/2015 08:43:00,2,13,13,6,-9,1
01/02/2015 08:44:00,2,13,12,6,-8,1
01/02/2015 08:45:00,2,13,13,6,-9,1
01/02/2015 08:46:00,2,13,13,6,-8,1
01/02/2015 08:47:00,2,13,13,6,-8,1
01/02/2015 08:48:00,2,13,13,6,-8,1
01/02/2015 08:49:00,2,12,13,6,-8,1
01/02/2015 08:50:00,2,12,13,6,-7,1
01/02/2015 08:51:00,2,12,13,6,-7,1
01/02/2015 08:52:00,2,12,13,6,-7,1
01/02/2015 08:53:00,2,12,12,6,-7,1
01/02/2015 08:54:00,2,13,11,6,-7,1
01/02/2015 08:55:00,2,12,13,5,-6,1
01/02/2015 08:56:00,2,13,13,5,-6,1
01/02/2015 08:57:00,2,13,13,5,-6,1
01/02/2015 08:58:00,2,14,13,5,-6,1
01/02/2015 08:59:00,2,14,13,5,-6,1
01/02/2015 09:00:00,2,14,12,5,-5,1
01/02/2015 09:01:00,2,14,12,5,-5,1
01/02/2015 09:02:00,2,14,13,5,-5,1
01/02/2015 09:03:00,2,14,13,5,-4,1
01/02/2015 09:04:00,2,14,13,5,-4,1
01/02/2015 09:05:00,2,14,13,5,-4,1
01/02/2015 09:06:00,2,14,13,5,-4,1
01/02/2015 09:07:00,2,14,13,5,-4,1
01/02/2015 09:08:00,2,15,13,5,-4,1
01/02/2015 09:09:00,2,14,14,5,-4,1
01/02/2015 09:10:00,2,14,13,5,-4,1
01/02/2015 09:11:00,2,15,13,5,-4,1
01/02/2015 09:12:00,2,15,13,5,-4,1
01/02/2015 09:13:00,2,14,13,5,-4,1
01/02/2015 09:14:00,2,14,13,5,-4,1
01/02/2015 09:15:00,2,14,13,5,-3,1
01/02/2015 09:16:00,2,15,13,5,-3,1
01/02/2015 09:17:00,2,14,13,5,-3,1
01/02/2015 09:18:00,2,14,13,5,-3,1
01/02/2015 09:19:00,2,14,13,5,-3,1
01/02/2015 09:20:00,2,14,13,5,-3,1
01/02/2015 09:21:00,2,14,13,5,-3,1
01/02/2015 09:22:00,2,14,13,5,-2,1
01/02/2015 09:23:00,2,15,13,5,-2,1
01/02/2015 09:24:00,2,15,13,5,-1,1
01/02/2015 09:25:00,2,15,13,5,-1,1
01/02/2015 09:26:00,2,15,13,5,-1,1
01/02/2015 09:27:00,2,15,13,5,-1,1
01/02/2015 09:28:00,2,14,14,5,-1,1
01/02/2015 09:29:00,2,14,14,5,-1,1
01/02/2015 09:30:00,2,15,15,5,-1,1
01/02/2015 09:31:00,2,15,15,5,-1,1
01/02/2015 09:32:00,2,15,14,5,-1,1
01/02/2015 09:33:00,2,15,14,5,-1,1
01/02/2015 09:34:00,2,15,14,5,-1,1
01/02/2015 09:35:00,2,15,14,5,-1,1
01/02/2015 09:36:00,2,15,15,5,-1,1
01/02/2015 09:37:00,2,15,15,5,-1,1
01/02/2015 09:38:00,2,15,15,5,-1,1
01/02/2015 09:39:00,2,15,15,5,-1,1
01/02/2015 09:40:00,2,15,15,5,-1,1
01/02/2015 09:41:00,2,14,14,5,-1,1
01/02/2015 09:42:00,2,14,14,5,-1,1
01/02/2015 09:43:00,2,14,15,5,-2,1
01/02/2015 09:44:00,2,14,15,5,-2,1
01/02/2015 09:45:00,2,14,15,5,-2,1
01/02/2015 09:46:00,2,14,15,5,-1,1
01/02/2015 09:47:00,2,14,15,4,-1,1
01/02/2015 09:48:00,2,14,15,4,-1,1
01/02/2015 09:49:00,2,14,14,4,-1,1
01/02/2015 09:50:00,2,15,14,4,-1,1
01/02/2015 09:51:00,2,14,14,4,-1,1
01/02/2015 09:52:00,2,14,14,4,-1,1
01/02/2015 09:53:00,2,14,15,4,-1,1
01/02/2015 09:54:00,2,14,15,4,-1,1
01/02/2015 09:55:00,2,14,15,5,-1,1
01/02/2015 09:56:00,2,14,15,5,-1,1
01/02/2015 09:57:00,2,14,16,5,-1,1
01/02/2015 09:58:00,2,14,16,5,-1,1
01/02/2015 09:59:00,2,15,17,5,-1,1
01/02/2015 10:00:00,2,15,18,5,-1,1
01/02/2015 10:01:00,2,15,18,4,0,1
01/02/2015 10:02:00,2,14,18,5,0,1
01/02/2015 10:03:00,2,14,18,4,1,1
01/02/2015 10:04:00,2,14,18,4,1,1
01/02/2015 10:05:00,2,14,18,4,1,1
01/02/2015 10:06:00,2,13,18,4,1,1
01/02/2015 10:07:00,2,13,19,5,1,1
01/02/2015 10:08:00,2,12,19,5,2,1
01/02/2015 10:09:00,2,12,19,5,2,1
01/02/2015 10:10:00,2,12,19,5,2,1
01/02/2015 10:11:00,2,12,19,4,3,1
01/02/2015 10:12:00,2,13,19,4,3,1
01/02/2015 10:13:00,2,13,19,4,3,1
01/02/2015 10:14:00,2,13,18,3,4,1
01/02/2015 10:15:00,2,14,18,3,4,1
01/02/2015 10:16:00,2,14,18,3,5,1
01/02/2015 10:17:00,2,16,17,3,6,1
01/02/2015 10:18:00,2,15,17,2,6,1
01/02/2015 10:19:00,2,15,16,2,7,1
01/02/2015 10:20:00,2,16,17,2,7,1
01/02/2015 10:21:00,2,16,18,2,7,1
01/02/2015 10:22:00,2,15,19,2,7,1
01/02/2015 10:23:00,2,14,19,3,7,1
01/02/2015 10:24:00,2,14,19,3,7,1
01/02/2015 10:25:00,2,13,18,3,7,1
01/02/2015 10:26:00,2,13,19,3,6,1
01/02/2015 10:27:00,2,13,20,3,6,1
01/02/2015 10:28:00,2,14,20,3,5,1
01/02/2015 10:29:00,2,14,20,3,4,1
01/02/2015 10:30:00,2,14,21,3,3,1
01/02/2015 10:31:00,2,13,20,4,2,1
01/02/2015 10:32:00,2,13,20,3,1,1
01/02/2015 10:33:00,2,13,20,4,0,1
01/02/2015 10:34:00,2,12,19,4,-1,1
01/02/2015 10:35:00,2,12,19,4,-1,1
01/02/2015 10:36:00,2,11,18,5,-1,1
01/02/2015 10:37:00,2,11,16,5,0,1
01/02/2015 10:38:00,2,11,16,4,1,1
01/02/2015 10:39:00,2,11,15,4,1,1
01/02/2015 10:40:00,2,11,15,3,0,1
01/02/2015 10:41:00,2,12,15,4,0,1
01/02/2015 10:42:00,2,11,15,3,0,1
01/02/2015 10:43:00,2,11,15,3,0,1
01/02/2015 10:44:00,2,11,15,4,0,1
01/02/2015 10:45:00,2,11,14,3,1,1
01/02/2015 10:46:00,2,10,15,3,1,1
01/02/2015 10:47:00,2,10,14,3,2,1
01/02/2015 10:48:00,2,10,13,3,3,1
01/02/2015 10:49:00,2,10,14,3,3,1
01/02/2015 10:50:00,2,9,14,3,4,1
01/02/2015 10:51:00,2,9,13,3,4,1
01/02/2015 10:52:00,2,9,13,3,4,1
01/02/2015 10:53:00,2,10,14,3,4,1
01/02/2015 10:54:00,2,9,14,4,4,1
01/02/2015 10:55:00,2,10,15,3,5,1
01/02/2015 10:56:00,2,9,15,3,5,1
01/02/2015 10:57:00,2,9,16,4,5,1
01/02/2015 10:58:00,2,9,17,3,5,1
01/02/2015 10:59:00,2,8,17,4,5,1
01/02/2015 11:00:00,2,8,17,4,5,1
01/02/2015 11:01:00,2,8,17,4,5,1
01/02/2015 11:02:00,2,8,17,3,4,1
01/02/2015 11:03:00,2,8,17,3,3,1
01/02/2015 11:04:00,2,8,17,3,3,1
01/02/2015 11:05:00,2,8,17,3,3,1
01/02/2015 11:06:00,2,8,16,3,2,1
01/02/2015 11:07:00,2,8,17,3,2,1
01/02/2015 11:08:00,2,9,16,3,2,1
01/02/2015 11:09:00,2,8,16,3,1,1
01/02/2015 11:10:00,2,8,15,3,1,1
01/02/2015 11:11:00,2,8,15,3,1,1
01/02/2015 11:12:00,2,8,15,3,1,1
01/02/2015 11:13:00,2,9,15,3,1,1
01/02/2015 11:14:00,2,9,14,3,1,1
01/02/2015 11:15:00,2,9,15,3,1,1
01/02/2015 11:16:00,2,9,14,3,0,1
01/02/2015 11:17:00,2,9,14,3,0,1
01/02/2015 11:18:00,2,9,14,3,0,1
01/02/2015 11:19:00,2,9,14,3,0,1
01/02/2015 11:20:00,2,8,14,3,1,1
01/02/2015 11:21:00,2,9,13,2,0,1
01/02/2015 11:22:00,2,9,14,2,1,1
01/02/2015 11:23:00,2,9,14,2,1,1
01/02/2015 11:24:00,2,10,14,2,0,1
01/02/2015 11:25:00,2,10,14,2,1,1
01/02/2015 11:26:00,2,10,14,2,1,1
01/02/2015 11:27:00,2,9,14,2,0,1
01/02/2015 11:28:00,2,9,14,2,0,1
01/02/2015 11:29:00,2,8,14,2,0,1
01/02/2015 11:30:00,2,9,14,2,0,1
01/02/2015 11:31:00,2,9,14,2,0,1
01/02/2015 11:32:00,2,9,14,2,0,1
01/02/2015 11:33:00,2,9,14,1,0,1
01/02/2015 11:34:00,2,9,13,1,0,1
01/02/2015 11:35:00,2,9,14,1,0,1
01/02/2015 11:36:00,2,8,14,1,0,1
01/02/2015 11:37:00,2,8,15,1,0,1
01/02/2015 11:38:00,2,10,15,1,0,1
01/02/2015 11:39:00,2,10,15,1,0,1
01/02/2015 11:40:00,2,10,15,1,0,1
01/02/2015 11:41:00,2,9,15,1,-1,1
01/02/2015 11:42:00,2,8,15,1,-1,1
01/02/2015 11:43:00,2,8,15,1,-1,1
01/02/2015 11:44:00,2,8,15,1,-1,1
01/02/2015 11:45:00,2,8,16,1,0,1
01/02/2015 11:46:00,2,8,16,1,0,1
01/02/2015 11:47:00,2,8,15,1,0,1
01/02/2015 11:48:00,2,8,15,1,0,1
01/02/2015 11:49:00,2,8,15,1,0,1
01/02/2015 11:50:00,2,8,15,1,0,1
01/02/2015 11:51:00,2,9,16,1,1,1
01/02/2015 11:52:00,2,9,15,1,1,1
01/02/2015 11:53:00,2,9,15,1,1,1
01/02/2015 11:54:00,2,9,16,1,1,1
01/02/2015 11:55:00,2,9,16,1,1,1
01/02/2015 11:56:00,2,9,16,1,1,1
01/02/2015 11:57:00,2,9,16,1,1,1
01/02/2015 11:58:00,2,9,16,1,1,1
01/02/2015 11:59:00,2,10,16,1,1,1
01/02/2015 12:00:00,2,10,15,1,1,1
01/02/2015 12:01:00,2,10,15,1,1,1
01/02/2015 12:02:00,2,10,15,1,1,1
01/02/2015 12:03:00,2,10,16,1,1,1
01/02/2015 12:04:00,2,10,16,1,1,1
01/02/2015 12:05:00,2,10,15,1,1,1
01/02/2015 12:06:00,2,8,15,1,1,1
01/02/2015 12:07:00,2,7,14,1,1,1
01/02/2015 12:08:00,2,6,13,1,1,1
01/02/2015 12:09:00,2,6,12,1,1,1
01/02/2015 12:10:00,2,6,12,1,1,1
01/02/2015 12:11:00,2,7,12,1,2,1
01/02/2015 12:12:00,2,7,11,1,2,1
01/02/2015 12:13:00,2,6,12,1,2,1
01/02/2015 12:14:00,2,6,13,1,2,1
01/02/2015 12:15:00,2,7,13,1,3,1
01/02/2015 12:16:00,2,6,12,2,2,1
01/02/2015 12:17:00,2,6,12,2,2,1
01/02/2015 12:18:00,2,6,12,2,3,1
01/02/2015 12:19:00,2,7,14,1,2,1
01/02/2015 12:20:00,2,7,14,2,2,1
01/02/2015 12:21:00,2,7,14,2,2,1
01/02/2015 12:22:00,2,7,13,2,2,1
01/02/2015 12:23:00,2,7,13,2,2,1
01/02/2015 12:24:00,2,7,11,2,2,1
01/02/2015 12:25:00,2,7,11,2,2,1
01/02/2015 12:26:00,2,6,10,2,2,1
01/02/2015 12:27:00,2,7,10,2,2,1
01/02/2015 12:28:00,2,7,9,2,2,1
01/02/2015 12:29:00,2,6,10,2,1,1
01/02/2015 12:30:00,2,7,10,1,2,1
01/02/2015 12:31:00,2,6,10,1,2,1
01/02/2015 12:32:00,2,7,9,2,1,1
01/02/2015 12:33:00,2,7,9,1,2,1
01/02/2015 12:34:00,2,7,9,1,1,1
01/02/2015 12:35:00,2,8,9,1,2,1
01/02/2015 12:36:00,2,8,9,1,2,1
01/02/2015 12:37:00,2,8,9,1,2,1
01/02/2015 12:38:00,2,8,8,1,3,1
01/02/2015 12:39:00,2,8,8,1,4,1
01/02/2015 12:40:00,2,8,10,1,4,1
01/02/2015 12:41:00,2,9,10,1,4,1
01/02/2015 12:42:00,2,10,11,2,4,1
01/02/2015 12:43:00,2,10,11,2,4,1
01/02/2015 12:44:00,2,11,9,2,4,1
01/02/2015 12:45:00,2,12,9,2,4,1
01/02/2015 12:46:00,2,14,8,1,4,1
01/02/2015 12:47:00,2,15,8,1,4,1
01/02/2015 12:48:00,2,16,8,2,4,1
01/02/2015 12:49:00,2,17,9,1,5,1
01/02/2015 12:50:00,2,17,12,1,5,1
01/02/2015 12:51:00,2,17,13,1,6,1
01/02/2015 12:52:00,2,19,14,1,6,1
01/02/2015 12:53:00,2,20,12,1,6,1
01/02/2015 12:54:00,2,20,12,1,6,1
01/02/2015 12:55:00,2,20,9,0,5,1
01/02/2015 12:56:00,2,22,8,0,5,1
01/02/2015 12:57:00,2,21,7,0,4,1
01/02/2015 12:58:00,2,21,5,0,4,1
01/02/2015 12:59:00,2,21,5,-1,4,1
01/02/2015 13:00:00,2,21,5,-1,4,1
01/02/2015 13:01:00,2,21,5,-1,4,1
01/02/2015 13:02:00,2,21,6,-1,4,1
01/02/2015 13:03:00,2,22,6,-1,4,1
01/02/2015 13:04:00,2,23,6,-1,4,1
01/02/2015 13:05:00,2,23,7,-1,4,1
01/02/2015 13:06:00,2,24,7,-1,4,1
01/02/2015 13:07:00,2,24,7,-1,4,1
01/02/2015 13:08:00,2,25,8,0,4,1
01/02/2015 13:09:00,2,24,7,0,4,1
01/02/2015 13:10:00,2,24,7,0,4,1
01/02/2015 13:11:00,2,24,8,0,4,1
01/02/2015 13:12:00,2,25,7,1,3,1
01/02/2015 13:13:00,2,25,7,1,3,1
01/02/2015 13:14:00,2,25,7,1,4,1
01/02/2015 13:15:00,2,25,7,1,3,1
01/02/2015 13:16:00,2,26,8,1,4,1
01/02/2015 13:17:00,2,26,9,1,4,1
01/02/2015 13:18:00,2,26,9,1,4,1
01/02/2015 13:19:00,2,27,10,1,4,1
01/02/2015 13:20:00,2,27,11,1,4,1
01/02/2015 13:21:00,2,28,11,1,4,1
01/02/2015 13:22:00,2,27,11,1,4,1
01/02/2015 13:23:00,2,27,11,2,4,1
01/02/2015 13:24:00,2,28,11,2,4,1
01/02/2015 13:25:00,2,28,11,2,4,1
01/02/2015 13:26:00,2,28,12,2,4,1
01/02/2015 13:27:00,2,29,13,3,4,1
01/02/2015 13:28:00,2,30,13,3,4,1
01/02/2015 13:29:00,2,30,14,3,4,1
01/02/2015 13:30:00,2,31,14,3,3,1
01/02/2015 13:31:00,2,31,13,3,3,1
01/02/2015 13:32:00,2,31,14,3,3,1
01/02/2015 13:33:00,2,31,14,3,3,1
01/02/2015 13:34:00,2,31,15,3,2,1
01/02/2015 13:35:00,2,32,16,3,2,1
01/02/2015 13:36:00,2,31,16,3,2,1
01/02/2015 13:37:00,2,31,16,3,2,1
01/02/2015 13:38:00,2,30,17,3,2,1
01/02/2015 13:39:00,2,30,18,3,2,1
01/02/2015 13:40:00,2,30,19,3,2,1
01/02/2015 13:41:00,2,30,21,3,2,1
01/02/2015 13:42:00,2,29,20,3,1,1
01/02/2015 13:43:00,2,29,21,3,0,1
01/02/2015 13:44:00,2,29,21,3,0,1
01/02/2015 13:45:00,2,29,22,3,0,1
01/02/2015 13:46:00,2,29,22,4,-1,1
01/02/2015 13:47:00,2,28,23,3,-1,1
01/02/2015 13:48:00,2,28,22,3,-2,1
01/02/2015 13:49:00,2,29,23,3,-2,1
01/02/2015 13:50:00,2,27,22,3,-2,1
01/02/2015 13:51:00,2,27,23,3,-2,1
01/02/2015 13:52:00,2,26,24,3,-2,1
01/02/2015 13:53:00,2,28,25,3,-2,1
01/02/2015 13:54:00,2,28,24,3,-2,1
01/02/2015 13:55:00,2,28,24,2,-3,1
01/02/2015 13:56:00,2,29,25,2,-3,1
01/02/2015 13:57:00,2,28,26,2,-3,1
01/02/2015 13:58:00,2,29,26,1,-4,1
01/02/2015 13:59:00,2,28,24,1,-4,1
01/02/2015 14:00:00,2,28,24,1,-4,1
01/02/2015 14:01:00,2,26,24,1,-4,1
01/02/2015 14:02:00,2,24,23,1,-4,1
01/02/2015 14:03:00,2,24,22,1,-4,1
01/02/2015 14:04:00,2,22,24,1,-4,1
01/02/2015 14:05:00,2,21,25,2,-4,1
01/02/2015 14:06:00,2,19,25,2,-4,1
01/02/2015 14:07:00,2,20,25,2,-4,1
01/02/2015 14:08:00,2,20,24,2,-5,1
01/02/2015 14:09:00,2,20,24,2,-5,1
01/02/2015 14:10:00,2,19,23,2,-6,1
01/02/2015 14:11:00,2,18,23,2,-6,1
01/02/2015 14:12:00,2,18,23,2,-7,1
01/02/2015 14:13:00,2,17,23,2,-6,1
01/02/2015 14:14:00,2,17,23,2,-7,1
01/02/2015 14:15:00,2,18,22,2,-7,1
01/02/2015 14:16:00,2,16,22,2,-8,1
01/02/2015 14:17:00,2,17,21,2,-8,1
01/02/2015 14:18:00,2,17,22,2,-9,1
01/02/2015 14:19:00,2,18,22,1,-9,1
01/02/2015 14:20:00,2,18,22,1,-9,1
01/02/2015 14:21:00,2,18,22,1,-9,1
01/02/2015 14:22:00,2,18,21,1,-9,1
01/02/2015 14:23:00,2,20,22,0,-9,1
01/02/2015 14:24:00,2,19,24,0,-9,1
01/02/2015 14:25:00,2,19,23,0,-9,1
01/02/2015 14:26:00,2,20,26,0,-9,1
01/02/2015 14:27:00,2,21,26,0,-9,1
01/02/2015 14:28:00,2,21,24,0,-9,1
01/02/2015 14:29:00,2,22,23,-1,-9,1
01/02/2015 14:30:00,2,21,23,0,-9,1
01/02/2015 14:31:00,2,22,23,0,-9,1
01/02/2015 14:32:00,2,20,23,0,-9,1
01/02/2015 14:33:00,2,21,22,-1,-9,1
01/02/2015 14:34:00,2,22,22,-1,-9,1
01/02/2015 14:35:00,2,21,22,-1,-9,1
01/02/2015 14:36:00,2,20,22,-1,-8,1
01/02/2015 14:37:00,2,20,21,-1,-9,1
01/02/2015 14:38:00,2,20,21,-1,-9,1
01/02/2015 14:39:00,2,19,24,-1,-7,1
01/02/2015 14:40:00,2,20,24,0,-7,1
01/02/2015 14:41:00,2,19,24,-1,-6,1
01/02/2015 14:42:00,2,20,23,-2,-6,1
01/02/2015 14:43:00,2,19,24,-1,-5,1
01/02/2015 14:44:00,2,18,23,-1,-5,1
01/02/2015 14:45:00,2,17,23,-1,-5,1
01/02/2015 14:46:00,2,17,21,-1,-5,1
01/02/2015 14:47:00,2,17,20,-1,-6,1
01/02/2015 14:48:00,2,15,15,0,-7,1
01/02/2015 14:49:00,2,13,13,1,-8,1
01/02/2015 14:50:00,2,10,13,1,-8,1
01/02/2015 14:51:00,2,10,11,2,-8,1
01/02/2015 14:52:00,2,8,12,2,-8,1
01/02/2015 14:53:00,2,7,13,2,-8,1
01/02/2015 14:54:00,2,7,13,2,-8,1
01/02/2015 14:55:00,2,6,16,3,-7,1
01/02/2015 14:56:00,2,6,16,2,-7,1
01/02/2015 14:57:00,2,6,19,2,-7,1
01/02/2015 14:58:00,2,6,18,2,-6,1
01/02/2015 14:59:00,2,7,17,2,-7,1
01/02/2015 15:00:00,2,7,18,1,-7,1
01/02/2015 15:01:00,2,6,19,1,-7,1
01/02/2015 15:02:00,2,6,19,1,-7,1
01/02/2015 15:03:00,2,7,20,1,-6,1
01/02/2015 15:04:00,2,8,20,0,-6,1
01/02/2015 15:05:00,2,8,18,0,-7,1
01/02/2015 15:06:00,2,9,19,0,-6,1
01/02/2015 15:07:00,2,9,19,0,-7,1
01/02/2015 15:08:00,2,9,21,0,-6,1
01/02/2015 15:09:00,2,10,21,0,-6,1
01/02/2015 15:10:00,2,9,21,0,-6,1
01/02/2015 15:11:00,2,9,20,0,-6,1
01/02/2015 15:12:00,2,9,20,0,-6,1
01/02/2015 15:13:00,2,9,19,1,-6,1
01/02/2015 15:14:00,2,8,19,1,-6,1
01/02/2015 15:15:00,2,9,18,1,-5,1
01/02/2015 15:16:00,2,9,19,1,-5,1
01/02/2015 15:17:00,2,9,19,1,-5,1
01/02/2015 15:18:00,2,10,17,1,-5,1
01/02/2015 15:19:00,2,10,17,1,-5,1
01/02/2015 15:20:00,2,9,16,1,-5,1
01/02/2015 15:21:00,2,8,15,1,-5,1
01/02/2015 15:22:00,2,8,15,2,-6,1
01/02/2015 15:23:00,2,7,14,2,-6,1
01/02/2015 15:24:00,2,7,13,2,-5,1
01/02/2015 15:25:00,2,6,12,2,-6,1
01/02/2015 15:26:00,2,5,11,2,-7,1
01/02/2015 15:27:00,2,5,10,2,-6,1
01/02/2015 15:28:00,2,5,9,3,-7,1
01/02/2015 15:29:00,2,6,9,2,-7,1
01/02/2015 15:30:00,2,7,10,2,-7,1
01/02/2015 15:31:00,2,7,10,2,-7,1
01/02/2015 15:32:00,2,7,10,2,-8,1
01/02/2015 15:33:00,2,7,10,2,-8,1
01/02/2015 15:34:00,2,7,10,2,-8,1
01/02/2015 15:35:00,2,8,11,2,-8,1
01/02/2015 15:36:00,2,8,11,2,-8,1
01/02/2015 15:37:00,2,8,11,2,-8,1
01/02/2015 15:38:00,2,7,10,2,-8,1
01/02/2015 15:39:00,2,7,10,2,-8,1
01/02/2015 15:40:00,2,7,10,2,-8,1
01/02/2015 15:41:00,2,8,11,2,-8,1
01/02/2015 15:42:00,2,8,11,2,-8,1
01/02/2015 15:43:00,2,8,11,2,-8,1
01/02/2015 15:44:00,2,8,9,2,-8,1
01/02/2015 15:45:00,2,8,9,2,-8,1
01/02/2015 15:46:00,2,8,9,2,-8,1
01/02/2015 15:47:00,2,9,8,2,-8,1
01/02/2015 15:48:00,2,10,7,2,-8,1
01/02/2015 15:49:00,2,10,8,2,-8,1
01/02/2015 15:50:00,2,11,7,2,-8,1
01/02/2015 15:51:00,2,12,7,2,-8,1
01/02/2015 15:52:00,2,12,7,2,-8,1
01/02/2015 15:53:00,2,12,7,2,-9,1
01/02/2015 15:54:00,2,13,7,2,-9,1
01/02/2015 15:55:00,2,13,8,2,-8,1
01/02/2015 15:56:00,2,13,8,2,-8,1
01/02/2015 15:57:00,2,12,8,2,-9,1
01/02/2015 15:58:00,2,13,8,3,-9,1
01/02/2015 15:59:00,2,13,8,2,-9,1
01/02/2015 16:00:00,2,14,9,2,-9,1
01/02/2015 16:01:00,2,13,9,3,-9,1
01/02/2015 16:02:00,2,13,8,3,-9,1
01/02/2015 16:03:00,2,13,9,2,-9,1
01/02/2015 16:04:00,2,13,8,2,-9,1
01/02/2015 16:05:00,2,14,8,2,-10,1
01/02/2015 16:06:00,2,14,8,2,-10,1
01/02/2015 16:07:00,2,14,8,2,-10,1
01/02/2015 16:08:00,2,14,8,2,-10,1
01/02/2015 16:09:00,2,14,8,2,-10,1
01/02/2015 16:10:00,2,14,7,2,-10,1
01/02/2015 16:11:00,2,13,7,2,-10,1
01/02/2015 16:12:00,2,13,7,2,-10,1
01/02/2015 16:13:00,2,13,7,2,-10,1
01/02/2015 16:14:00,2,13,7,2,-9,1
01/02/2015 16:15:00,2,13,7,2,-9,1
01/02/2015 16:16:00,2,13,7,2,-9,1
01/02/2015 16:17:00,2,14,9,2,-9,1
01/02/2015 16:18:00,2,14,8,2,-9,1
01/02/2015 16:19:00,2,14,8,3,-9,1
01/02/2015 16:20:00,2,16,8,3,-9,1
01/02/2015 16:21:00,2,16,8,3,-9,1
01/02/2015 16:22:00,2,16,8,3,-9,1
01/02/2015 16:23:00,2,17,8,3,-8,1
01/02/2015 16:24:00,2,18,8,3,-8,1
01/02/2015 16:25:00,2,17,9,3,-8,1
01/02/2015 16:26:00,2,17,8,3,-9,1
01/02/2015 16:27:00,2,16,8,3,-9,1
01/02/2015 16:28:00,2,16,7,3,-8,1
01/02/2015 16:29:00,2,17,8,3,-8,1
01/02/2015 16:30:00,2,16,8,3,-8,1
01/02/2015 16:31:00,2,16,7,3,-8,1
01/02/2015 16:32:00,2,16,7,3,-7,1
01/02/2015 16:33:00,2,16,7,3,-7,1
01/02/2015 16:34:00,2,17,7,4,-7,1
01/02/2015 16:35:00,2,17,8,4,-7,1
01/02/2015 16:36:00,2,17,8,4,-7,1
01/02/2015 16:37:00,2,18,8,4,-6,1
01/02/2015 16:38:00,2,18,8,4,-7,1
01/02/2015 16:39:00,2,18,8,4,-6,1
01/02/2015 16:40:00,2,18,8,4,-6,1
01/02/2015 16:41:00,2,19,7,4,-6,1
01/02/2015 16:42:00,2,19,8,4,-7,1
01/02/2015 16:43:00,2,19,7,4,-7,1
01/02/2015 16:44:00,2,19,6,4,-7,1
01/02/2015 16:45:00,2,19,7,4,-7,1
01/02/2015 16:46:00,2,20,7,4,-7,1
01/02/2015 16:47:00,2,21,7,4,-7,1
01/02/2015 16:48:00,2,23,7,4,-7,1
01/02/2015 16:49:00,2,25,7,4,-7,1
01/02/2015 16:50:00,2,27,7,4,-7,1
01/02/2015 16:51:00,2,27,8,4,-7,1
01/02/2015 16:52:00,2,26,7,4,-8,1
01/02/2015 16:53:00,2,26,6,4,-8,1
01/02/2015 16:54:00,2,27,6,4,-9,1
01/02/2015 16:55:00,2,26,6,4,-8,1
01/02/2015 16:56:00,2,27,6,4,-9,1
01/02/2015 16:57:00,2,26,5,4,-8,1
01/02/2015 16:58:00,2,27,5,4,-8,1
01/02/2015 16:59:00,2,27,6,4,-8,1
01/02/2015 17:00:00,2,27,6,4,-8,1
01/02/2015 17:01:00,2,27,5,4,-9,1
01/02/2015 17:02:00,2,27,5,4,-9,1
01/02/2015 17:03:00,2,26,6,4,-9,1
01/02/2015 17:04:00,2,25,5,4,-9,1
01/02/2015 17:05:00,2,26,5,4,-9,1
01/02/2015 17:06:00,2,25,6,4,-9,1
01/02/2015 17:07:00,2,25,6,4,-9,1
01/02/2015 17:08:00,2,25,6,4,-9,1
01/02/2015 17:09:00,2,25,6,4,-10,1
01/02/2015 17:10:00,2,25,6,4,-10,1
01/02/2015 17:11:00,2,25,6,4,-10,1
01/02/2015 17:12:00,2,25,6,3,-10,1
01/02/2015 17:13:00,2,24,6,3,-10,1
01/02/2015 17:14:00,2,25,6,4,-10,1
01/02/2015 17:15:00,2,25,6,4,-10,1
01/02/2015 17:16:00,2,24,7,3,-10,1
01/02/2015 17:17:00,2,24,7,4,-11,1
01/02/2015 17:18:00,2,24,7,3,-10,1
01/02/2015 17:19:00,2,24,7,3,-10,1
01/02/2015 17:20:00,2,24,7,3,-11,1
01/02/2015 17:21:00,2,24,8,3,-10,1
01/02/2015 17:22:00,2,25,8,3,-11,1
01/02/2015 17:23:00,2,25,8,3,-11,1
01/02/2015 17:24:00,2,25,9,3,-11,1
01/02/2015 17:25:00,2,25,8,3,-11,1
01/02/2015 17:26:00,2,25,9,3,-11,1
01/02/2015 17:27:00,2,25,8,3,-11,1
01/02/2015 17:28:00,2,25,9,3,-12,1
01/02/2015 17:29:00,2,25,8,3,-12,1
01/02/2015 17:30:00,2,25,8,3,-13,1
01/02/2015 17:31:00,2,26,9,3,-13,1
01/02/2015 17:32:00,2,25,9,3,-13,1
01/02/2015 17:33:00,2,25,9,3,-13,1
01/02/2015 17:34:00,2,25,10,2,-14,1
01/02/2015 17:35:00,2,26,9,3,-14,1
01/02/2015 17:36:00,2,26,10,3,-14,1
01/02/2015 17:37:00,2,26,10,3,-14,1
01/02/2015 17:38:00,2,27,10,3,-14,1
01/02/2015 17:39:00,2,26,10,3,-15,1
01/02/2015 17:40:00,2,28,11,3,-15,1
01/02/2015 17:41:00,2,28,12,3,-16,1
01/02/2015 17:42:00,2,28,12,3,-16,1
01/02/2015 17:43:00,2,28,12,3,-15,1
01/02/2015 17:44:00,2,27,12,3,-16,1
01/02/2015 17:45:00,2,28,13,3,-17,1
01/02/2015 17:46:00,2,28,13,3,-16,1
01/02/2015 17:47:00,2,28,12,2,-17,1
01/02/2015 17:48:00,2,28,13,2,-17,1
01/02/2015 17:49:00,2,28,14,2,-17,1
01/02/2015 17:50:00,2,28,14,2,-18,1
01/02/2015 17:51:00,2,29,14,3,-18,1
01/02/2015 17:52:00,2,29,15,2,-18,1
01/02/2015 17:53:00,2,28,15,2,-19,1
01/02/2015 17:54:00,2,29,16,2,-19,1
01/02/2015 17:55:00,2,29,16,2,-19,1
01/02/2015 17:56:00,2,28,16,2,-20,1
01/02/2015 17:57:00,2,27,17,2,-20,1
01/02/2015 17:58:00,2,27,16,2,-20,1
01/02/2015 17:59:00,2,27,18,2,-21,1
01/02/2015 18:00:00,2,26,17,1,-21,1
01/02/2015 18:01:00,2,27,18,1,-22,1
01/02/2015 18:02:00,2,26,19,1,-22,1
01/02/2015 18:03:00,2,25,20,1,-23,1
01/02/2015 18:04:00,2,26,21,0,-23,1
01/02/2015 18:05:00,2,25,23,0,-24,1
01/02/2015 18:06:00,2,26,25,0,-24,1
01/02/2015 18:07:00,2,25,26,0,-25,1
01/02/2015 18:08:00,2,26,27,-1,-25,1
01/02/2015 18:09:00,2,25,28,-1,-26,1
01/02/2015 18:10:00,2,24,30,-2,-27,1
01/02/2015 18:11:00,2,24,29,-2,-27,1
01/02/2015 18:12:00,2,23,31,-2,-28,1
01/02/2015 18:13:00,2,23,32,-2,-28,1
01/02/2015 18:14:00,2,22,34,-3,-29,1
01/02/2015 18:15:00,2,23,35,-3,-29,1
01/02/2015 18:16:00,2,23,37,-3,-30,1
01/02/2015 18:17:00,2,22,38,-4,-30,1
01/02/2015 18:18:00,2,22,38,-4,-30,1
01/02/2015 18:19:00,2,23,40,-4,-30,1
01/02/2015 18:20:00,2,22,41,-5,-31,1
01/02/2015 18:21:00,2,22,42,-5,-31,1
01/02/2015 18:22:00,2,23,43,-5,-31,1
01/02/2015 18:23:00,2,23,44,-5,-31,1
01/02/2015 18:24:00,2,23,44,-5,-31,1
01/02/2015 18:25:00,2,23,45,-6,-31,1
01/02/2015 18:26:00,2,22,45,-6,-30,1
01/02/2015 18:27:00,2,23,45,-6,-30,1
01/02/2015 18:28:00,2,24,46,-6,-30,1
01/02/2015 18:29:00,2,24,46,-6,-30,1
01/02/2015 18:30:00,2,24,46,-6,-31,1
01/02/2015 18:31:00,2,24,46,-6,-31,1
01/02/2015 18:32:00,2,24,45,-6,-31,1
01/02/2015 18:33:00,2,24,46,-6,-32,1
01/02/2015 18:34:00,2,25,46,-6,-32,1
01/02/2015 18:35:00,2,25,45,-6,-32,1
01/02/2015 18:36:00,2,26,44,-6,-31,1
01/02/2015 18:37:00,2,25,45,-6,-31,1
01/02/2015 18:38:00,2,25,44,-6,-31,1
01/02/2015 18:39:00,2,25,43,-6,-32,1
01/02/2015 18:40:00,2,25,44,-6,-32,1
01/02/2015 18:41:00,2,27,43,-6,-33,1
01/02/2015 18:42:00,2,27,44,-6,-33,1
01/02/2015 18:43:00,2,28,43,-6,-33,1
01/02/2015 18:44:00,2,28,44,-6,-33,1
01/02/2015 18:45:00,2,29,45,-7,-34,1
01/02/2015 18:46:00,2,30,45,-7,-34,1
01/02/2015 18:47:00,2,32,44,-7,-34,1
01/02/2015 18:48:00,2,32,44,-6,-34,1
01/02/2015 18:49:00,2,33,44,-6,-34,1
01/02/2015 18:50:00,2,36,44,-6,-35,1
01/02/2015 18:51:00,2,36,44,-6,-34,1
01/02/2015 18:52:00,2,38,44,-6,-34,1
01/02/2015 18:53:00,2,39,44,-6,-34,1
01/02/2015 18:54:00,2,41,44,-6,-34,1
01/02/2015 18:55:00,2,42,45,-6,-35,1
01/02/2015 18:56:00,2,42,45,-6,-35,1
01/02/2015 18:57:00,2,43,45,-6,-35,1
01/02/2015 18:58:00,2,44,45,-6,-34,1
01/02/2015 18:59:00,2,45,45,-6,-35,1
01/02/2015 19:00:00,2,46,45,-6,-34,1
01/02/2015 19:01:00,2,47,45,-6,-34,1
01/02/2015 19:02:00,2,49,45,-6,-34,1
01/02/2015 19:03:00,2,49,45,-6,-34,1
01/02/2015 19:04:00,2,51,44,-6,-33,1
01/02/2015 19:05:00,2,51,45,-6,-34,1
01/02/2015 19:06:00,2,51,45,-6,-34,1
01/02/2015 19:07:00,2,51,45,-6,-34,1
01/02/2015 19:08:00,2,52,44,-6,-34,1
01/02/2015 19:09:00,2,52,44,-6,-34,1
01/02/2015 19:10:00,2,51,44,-6,-34,1
01/02/2015 19:11:00,2,52,43,-6,-34,1
01/02/2015 19:12:00,2,53,43,-6,-33,1
01/02/2015 19:13:00,2,53,43,-6,-34,1
01/02/2015 19:14:00,2,53,43,-6,-34,1
01/02/2015 19:15:00,2,54,44,-7,-34,1
01/02/2015 19:16:00,2,54,44,-7,-34,1
01/02/2015 19:17:00,2,54,44,-7,-34,1
01/02/2015 19:18:00,2,55,44,-7,-35,1
01/02/2015 19:19:00,2,55,44,-7,-34,1
01/02/2015 19:20:00,2,56,44,-7,-34,1
01/02/2015 19:21:00,2,56,43,-7,-34,1
01/02/2015 19:22:00,2,57,43,-6,-34,1
01/02/2015 19:23:00,2,57,43,-6,-35,1
01/02/2015 19:24:00,2,58,42,-6,-35,1
01/02/2015 19:25:00,2,58,42,-6,-35,1
01/02/2015 19:26:00,2,58,43,-6,-35,1
01/02/2015 19:27:00,2,58,43,-6,-36,1
01/02/2015 19:28:00,2,58,43,-6,-36,1
01/02/2015 19:29:00,2,58,43,-6,-36,1
01/02/2015 19:30:00,2,57,43,-6,-36,1
01/02/2015 19:31:00,2,57,43,-6,-36,1
01/02/2015 19:32:00,2,57,43,-6,-36,1
01/02/2015 19:33:00,2,56,43,-6,-35,1
01/02/2015 19:34:00,2,56,43,-6,-36,1
01/02/2015 19:35:00,2,57,45,-7,-35,1
01/02/2015 19:36:00,2,57,45,-7,-35,1
01/02/2015 19:37:00,2,58,45,-7,-35,1
01/02/2015 19:38:00,2,57,46,-7,-35,1
01/02/2015 19:39:00,2,57,46,-7,-35,1
01/02/2015 19:40:00,2,58,46,-7,-35,1
01/02/2015 19:41:00,2,57,46,-7,-36,1
01/02/2015 19:42:00,2,57,47,-8,-36,1
01/02/2015 19:43:00,2,58,46,-7,-36,1
01/02/2015 19:44:00,2,58,47,-8,-36,1
01/02/2015 19:45:00,2,58,47,-8,-36,1
01/02/2015 19:46:00,2,60,47,-8,-36,1
01/02/2015 19:47:00,2,61,46,-8,-35,1
01/02/2015 19:48:00,2,60,45,-8,-36,1
01/02/2015 19:49:00,2,60,45,-8,-36,1
01/02/2015 19:50:00,2,61,46,-8,-36,1
01/02/2015 19:51:00,2,61,46,-8,-36,1
01/02/2015 19:52:00,2,60,46,-8,-36,1
01/02/2015 19:53:00,2,60,46,-7,-36,1
01/02/2015 19:54:00,2,60,46,-7,-36,1
01/02/2015 19:55:00,2,60,45,-7,-36,1
01/02/2015 19:56:00,2,60,45,-7,-36,1
01/02/2015 19:57:00,2,60,44,-7,-36,1
01/02/2015 19:58:00,2,60,44,-7,-36,1
01/02/2015 19:59:00,2,62,44,-7,-35,1
01/02/2015 20:00:00,2,62,43,-7,-36,1
01/02/2015 20:01:00,2,61,44,-7,-37,1
01/02/2015 20:02:00,2,62,45,-7,-37,1
01/02/2015 20:03:00,2,62,46,-7,-37,1
01/02/2015 20:04:00,2,62,46,-7,-37,1
01/02/2015 20:05:00,2,62,47,-7,-39,1
01/02/2015 20:06:00,2,62,50,-7,-40,1
01/02/2015 20:07:00,2,61,49,-8,-40,1
01/02/2015 20:08:00,2,59,49,-8,-40,1
01/02/2015 20:09:00,2,57,49,-7,-41,1
01/02/2015 20:10:00,2,57,50,-7,-41,1
01/02/2015 20:11:00,2,56,48,-7,-41,1
01/02/2015 20:12:00,2,56,48,-7,-41,1
01/02/2015 20:13:00,2,56,48,-7,-41,1
01/02/2015 20:14:00,2,56,50,-7,-42,1
01/02/2015 20:15:00,2,56,49,-7,-42,1
01/02/2015 20:16:00,2,56,50,-7,-43,1
01/02/2015 20:17:00,2,57,49,-7,-43,1
01/02/2015 20:18:00,2,56,49,-7,-43,1
01/02/2015 20:19:00,2,57,49,-7,-43,1
01/02/2015 20:20:00,2,57,49,-7,-42,1
01/02/2015 20:21:00,2,58,50,-8,-42,1
01/02/2015 20:22:00,2,58,50,-8,-41,1
01/02/2015 20:23:00,2,57,50,-9,-41,1
01/02/2015 20:24:00,2,58,50,-9,-40,1
01/02/2015 20:25:00,2,57,50,-9,-40,1
01/02/2015 20:26:00,2,57,50,-9,-40,1
01/02/2015 20:27:00,2,57,49,-8,-41,1
01/02/2015 20:28:00,2,58,49,-9,-41,1
01/02/2015 20:29:00,2,58,49,-9,-41,1
01/02/2015 20:30:00,2,58,50,-9,-41,1
01/02/2015 20:31:00,2,58,50,-9,-42,1
01/02/2015 20:32:00,2,57,51,-9,-42,1
01/02/2015 20:33:00,2,57,50,-9,-43,1
01/02/2015 20:34:00,2,56,49,-9,-43,1
01/02/2015 20:35:00,2,57,49,-10,-43,1
01/02/2015 20:36:00,2,57,50,-10,-43,1
01/02/2015 20:37:00,2,56,50,-10,-42,1
01/02/2015 20:38:00,2,55,50,-10,-42,1
01/02/2015 20:39:00,2,55,50,-9,-42,1
01/02/2015 20:40:00,2,55,50,-9,-42,1
01/02/2015 20:41:00,2,55,50,-9,-42,1
01/02/2015 20:42:00,2,54,49,-9,-42,1
01/02/2015 20:43:00,2,54,49,-10,-41,1
01/02/2015 20:44:00,2,53,48,-9,-40,1
01/02/2015 20:45:00,2,53,48,-9,-42,1
01/02/2015 20:46:00,2,55,49,-9,-42,1
01/02/2015 20:47:00,2,53,50,-9,-42,1
01/02/2015 20:48:00,2,53,51,-9,-43,1
01/02/2015 20:49:00,2,52,51,-9,-43,1
01/02/2015 20:50:00,2,52,52,-9,-43,1
01/02/2015 20:51:00,2,51,51,-9,-43,1
01/02/2015 20:52:00,2,51,51,-9,-43,1
01/02/2015 20:53:00,2,50,51,-9,-43,1
01/02/2015 20:54:00,2,49,50,-9,-42,1
01/02/2015 20:55:00,2,50,50,-9,-42,1
01/02/2015 20:56:00,2,49,50,-9,-42,1
01/02/2015 20:57:00,2,48,50,-9,-42,1
01/02/2015 20:58:00,2,49,49,-9,-41,1
01/02/2015 20:59:00,2,49,49,-9,-41,1
01/02/2015 21:00:00,2,50,48,-9,-41,1
01/02/2015 21:01:00,2,50,48,-8,-41,1
01/02/2015 21:02:00,2,49,48,-8,-42,1
01/02/2015 21:03:00,2,49,48,-8,-41,1
01/02/2015 21:04:00,2,48,48,-8,-41,1
01/02/2015 21:05:00,2,48,48,-8,-42,1
01/02/2015 21:06:00,2,49,48,-8,-41,1
01/02/2015 21:07:00,2,48,48,-8,-41,1
01/02/2015 21:08:00,2,48,48,-8,-41,1
01/02/2015 21:09:00,2,48,48,-8,-41,1
01/02/2015 21:10:00,2,49,48,-8,-40,1
01/02/2015 21:11:00,2,48,49,-7,-40,1
01/02/2015 21:12:00,2,48,49,-7,-40,1
01/02/2015 21:13:00,2,48,49,-7,-41,1
01/02/2015 21:14:00,2,49,49,-7,-41,1
01/02/2015 21:15:00,2,49,49,-7,-41,1
01/02/2015 21:16:00,2,48,50,-7,-41,1
01/02/2015 21:17:00,2,49,50,-7,-41,1
01/02/2015 21:18:00,2,48,51,-7,-41,1
01/02/2015 21:19:00,2,47,51,-7,-41,1
01/02/2015 21:20:00,2,46,51,-7,-40,1
01/02/2015 21:21:00,2,45,50,-7,-41,1
01/02/2015 21:22:00,2,44,49,-7,-40,1
01/02/2015 21:23:00,2,44,47,-7,-40,1
01/02/2015 21:24:00,2,43,45,-7,-39,1
01/02/2015 21:25:00,2,43,45,-7,-38,1
01/02/2015 21:26:00,2,43,43,-8,-38,1
01/02/2015 21:27:00,2,43,42,-8,-38,1
01/02/2015 21:28:00,2,42,41,-8,-37,1
01/02/2015 21:29:00,2,43,40,-8,-38,1
01/02/2015 21:30:00,2,43,39,-8,-38,1
01/02/2015 21:31:00,2,42,37,-8,-38,1
01/02/2015 21:32:00,2,42,35,-8,-38,1
01/02/2015 21:33:00,2,42,34,-8,-37,1
01/02/2015 21:34:00,2,44,33,-9,-36,1
01/02/2015 21:35:00,2,44,32,-9,-35,1
01/02/2015 21:36:00,2,44,31,-9,-34,1
01/02/2015 21:37:00,2,44,29,-10,-33,1
01/02/2015 21:38:00,2,44,28,-10,-32,1
01/02/2015 21:39:00,2,43,27,-10,-31,1
01/02/2015 21:40:00,2,45,26,-10,-31,1
01/02/2015 21:41:00,2,44,26,-10,-31,1
01/02/2015 21:42:00,2,44,26,-10,-31,1
01/02/2015 21:43:00,2,45,24,-10,-31,1
01/02/2015 21:44:00,2,45,25,-10,-30,1
01/02/2015 21:45:00,2,44,25,-10,-31,1
01/02/2015 21:46:00,2,44,26,-10,-32,1
01/02/2015 21:47:00,2,44,26,-10,-32,1
01/02/2015 21:48:00,2,44,28,-10,-32,1
01/02/2015 21:49:00,2,44,28,-10,-32,1
01/02/2015 21:50:00,2,43,28,-10,-33,1
01/02/2015 21:51:00,2,43,29,-10,-33,1
01/02/2015 21:52:00,2,42,29,-10,-34,1
01/02/2015 21:53:00,2,41,29,-9,-36,1
01/02/2015 21:54:00,2,39,30,-9,-36,1
01/02/2015 21:55:00,2,37,30,-9,-37,1
01/02/2015 21:56:00,2,36,30,-9,-37,1
01/02/2015 21:57:00,2,33,31,-8,-37,1
01/02/2015 21:58:00,2,30,30,-7,-38,1
01/02/2015 21:59:00,2,28,32,-7,-38,1
01/02/2015 22:00:00,2,25,31,-7,-38,1
01/02/2015 22:01:00,2,23,32,-6,-39,1
01/02/2015 22:02:00,2,21,31,-6,-39,1
01/02/2015 22:03:00,2,19,31,-5,-39,1
01/02/2015 22:04:00,2,18,31,-5,-38,1
01/02/2015 22:05:00,2,17,32,-5,-38,1
01/02/2015 22:06:00,2,16,31,-5,-38,1
01/02/2015 22:07:00,2,16,32,-5,-38,1
01/02/2015 22:08:00,2,16,32,-5,-38,1
01/02/2015 22:09:00,2,16,32,-5,-38,1
01/02/2015 22:10:00,2,16,32,-5,-37,1
01/02/2015 22:11:00,2,16,31,-6,-37,1
01/02/2015 22:12:00,2,16,32,-6,-37,1
01/02/2015 22:13:00,2,16,30,-6,-37,1
01/02/2015 22:14:00,2,17,31,-6,-37,1
01/02/2015 22:15:00,2,18,31,-7,-36,1
01/02/2015 22:16:00,2,17,31,-7,-36,1
01/02/2015 22:17:00,2,18,31,-8,-35,1
01/02/2015 22:18:00,2,18,31,-8,-36,1
01/02/2015 22:19:00,2,18,31,-8,-36,1
01/02/2015 22:20:00,2,18,32,-9,-37,1
01/02/2015 22:21:00,2,20,31,-9,-37,1
01/02/2015 22:22:00,2,21,30,-9,-37,1
01/02/2015 22:23:00,2,22,30,-9,-36,1
01/02/2015 22:24:00,2,22,31,-9,-36,1
01/02/2015 22:25:00,2,23,30,-10,-36,1
01/02/2015 22:26:00,2,23,30,-10,-36,1
01/02/2015 22:27:00,2,23,30,-10,-35,1
01/02/2015 22:28:00,2,23,29,-10,-35,1
01/02/2015 22:29:00,2,24,29,-11,-35,1
01/02/2015 22:30:00,2,25,29,-11,-35,1
01/02/2015 22:31:00,2,25,29,-11,-34,1
01/02/2015 22:32:00,2,25,29,-11,-34,1
01/02/2015 22:33:00,2,26,29,-11,-33,1
01/02/2015 22:34:00,2,24,29,-11,-33,1
01/02/2015 22:35:00,2,25,30,-11,-33,1
01/02/2015 22:36:00,2,24,30,-11,-32,1
01/02/2015 22:37:00,2,25,30,-11,-32,1
01/02/2015 22:38:00,2,24,29,-11,-32,1
01/02/2015 22:39:00,2,24,29,-11,-32,1
01/02/2015 22:40:00,2,23,29,-11,-33,1
01/02/2015 22:41:00,2,23,30,-11,-32,1
01/02/2015 22:42:00,2,23,30,-11,-32,1
01/02/2015 22:43:00,2,23,29,-11,-32,1
01/02/2015 22:44:00,2,24,29,-11,-32,1
01/02/2015 22:45:00,2,24,29,-11,-32,1
01/02/2015 22:46:00,2,24,28,-11,-32,1
01/02/2015 22:47:00,2,23,28,-11,-32,1
01/02/2015 22:48:00,2,22,28,-10,-32,1
01/02/2015 22:49:00,2,22,28,-10,-32,1
01/02/2015 22:50:00,2,22,27,-10,-32,1
01/02/2015 22:51:00,2,21,26,-10,-32,1
01/02/2015 22:52:00,2,22,26,-10,-32,1
01/02/2015 22:53:00,2,22,26,-9,-32,1
01/02/2015 22:54:00,2,21,26,-9,-32,1
01/02/2015 22:55:00,2,20,24,-10,-32,1
01/02/2015 22:56:00,2,19,24,-9,-32,1
01/02/2015 22:57:00,2,19,24,-9,-33,1
01/02/2015 22:58:00,2,19,23,-9,-33,1
01/02/2015 22:59:00,2,19,24,-9,-33,1
01/02/2015 23:00:00,2,20,23,-9,-33,1
01/02/2015 23:01:00,2,20,22,-9,-34,1
01/02/2015 23:02:00,2,21,22,-9,-34,1
01/02/2015 23:03:00,2,21,22,-9,-35,1
01/02/2015 23:04:00,2,20,21,-9,-35,1
01/02/2015 23:05:00,2,20,20,-9,-36,1
01/02/2015 23:06:00,2,20,19,-9,-36,1
01/02/2015 23:07:00,2,20,18,-9,-36,1
01/02/2015 23:08:00,2,21,18,-9,-37,1
01/02/2015 23:09:00,2,21,19,-9,-37,1
01/02/2015 23:10:00,2,21,19,-9,-38,1
01/02/2015 23:11:00,2,23,20,-10,-39,1
01/02/2015 23:12:00,2,23,20,-10,-39,1
01/02/2015 23:13:00,2,24,20,-9,-39,1
01/02/2015 23:14:00,2,24,20,-10,-39,1
01/02/2015 23:15:00,2,26,21,-10,-39,1
01/02/2015 23:16:00,2,26,21,-10,-39,1
01/02/2015 23:17:00,2,26,20,-9,-39,1
01/02/2015 23:18:00,2,26,21,-9,-39,1
01/02/2015 23:19:00,2,27,21,-9,-39,1
01/02/2015 23:20:00,2,27,21,-9,-38,1
01/02/2015 23:21:00,2,27,20,-9,-38,1
01/02/2015 23:22:00,2,27,19,-9,-38,1
01/02/2015 23:23:00,2,26,19,-9,-37,1
01/02/2015 23:24:00,2,26,19,-9,-37,1
01/02/2015 23:25:00,2,25,18,-9,-36,1
01/02/2015 23:26:00,2,25,19,-10,-37,1
01/02/2015 23:27:00,2,25,19,-10,-35,1
01/02/2015 23:28:00,2,24,19,-9,-34,1
01/02/2015 23:29:00,2,24,19,-10,-34,1
01/02/2015 23:30:00,2,24,20,-9,-32,1
01/02/2015 23:31:00,2,23,20,-9,-31,1
01/02/2015 23:32:00,2,22,25,-10,-31,1
01/02/2015 23:33:00,2,24,27,-10,-31,1
01/02/2015 23:34:00,2,23,29,-11,-31,1
01/02/2015 23:35:00,2,22,33,-11,-32,1
01/02/2015 23:36:00,2,24,36,-13,-33,1
01/02/2015 23:37:00,2,24,35,-13,-33,1
01/02/2015 23:38:00,2,24,38,-13,-34,1
01/02/2015 23:39:00,2,26,40,-14,-35,1
01/02/2015 23:40:00,2,26,42,-15,-35,1
01/02/2015 23:41:00,2,27,42,-15,-36,1
01/02/2015 23:42:00,2,27,44,-16,-39,1
01/02/2015 23:43:00,2,28,46,-17,-41,1
01/02/2015 23:44:00,2,28,44,-18,-40,1
01/02/2015 23:45:00,2,26,45,-17,-38,1
01/02/2015 23:46:00,2,25,45,-17,-37,1
01/02/2015 23:47:00,2,23,43,-17,-36,1
01/02/2015 23:48:00,2,23,46,-16,-37,1
01/02/2015 23:49:00,2,24,48,-17,-38,1
01/02/2015 23:50:00,2,26,48,-17,-38,1
01/02/2015 23:51:00,2,28,49,-17,-39,1
01/02/2015 23:52:00,2,28,49,-18,-39,1
01/02/2015 23:53:00,2,27,49,-18,-39,1
01/02/2015 23:54:00,2,27,50,-17,-38,1
01/02/2015 23:55:00,2,27,49,-17,-38,1
01/02/2015 23:56:00,2,28,49,-17,-37,1
01/02/2015 23:57:00,2,26,49,-17,-36,1
01/02/2015 23:58:00,2,25,50,-17,-36,1
01/02/2015 23:59:00,2,23,51,-17,-35,1
